ply
format ascii 1.0
comment TextureFile obj_000008.png
element vertex 8827
property float x
property float y
property float z
property float nx
property float ny
property float nz
property float texture_u
property float texture_v
element face 16238
property list uchar int vertex_indices
end_header
10.2782 49.5115 25.9526 -0.1693 0.9564 -0.2381 0.8641 0.9157
-0.7524 38.5017 -25.9398 -0.0363 -0.0286 -0.9989 0.2156 0.0784
-11.6507 -49.4209 16.5269 -0.9964 -0.0821 0.0195 0.3474 0.6057
11.1113 -38.7647 -24.8572 0.5009 -0.0058 -0.8655 0.2863 0.5416
11.1113 -38.7647 -24.8572 0.9300 0.0086 -0.3674 0.6119 0.5345
-0.0302 -15.3093 -25.9798 -0.0487 0.0158 -0.9987 0.2196 0.4010
-10.6505 33.0630 25.1741 -0.9952 -0.0064 0.0978 0.3004 0.1107
11.2919 -29.4840 -3.6489 0.9996 -0.0208 -0.0215 0.7385 0.4776
11.2020 31.0517 -7.4872 0.9997 0.0049 -0.0237 0.7120 0.1149
10.2633 48.9234 -12.1108 0.3963 0.9181 -0.0068 0.8664 0.6876
-11.6320 -1.4211 8.1119 -0.9997 0.0054 0.0231 0.4006 0.3184
9.6727 37.1797 -25.6805 0.6560 -0.0090 -0.7547 0.2781 0.0863
-6.9945 27.5200 -25.2202 -0.0850 -0.0298 -0.9959 0.1781 0.1441
10.5077 28.6538 -24.7619 0.6943 0.0014 -0.7197 0.2831 0.1374
-11.9103 44.1007 2.7275 -0.9996 0.0249 0.0149 0.4355 0.0459
-9.6206 27.2128 -25.0469 -0.0185 -0.0204 -0.9996 0.1624 0.1459
9.0883 -25.8383 25.9260 0.0203 0.0145 0.9997 0.0197 0.4670
4.8419 -39.3252 26.1672 -0.0133 0.0191 0.9997 0.0453 0.5478
-11.9007 -36.2778 1.8123 -0.9998 0.0221 0.0030 0.4363 0.5278
-11.9118 36.8409 -5.5828 -0.9998 -0.0192 0.0028 0.4849 0.0899
11.0651 -48.6176 8.5245 0.9906 -0.1346 -0.0228 0.8125 0.5916
4.4572 31.5395 -25.8874 -0.0248 -0.0272 -0.9993 0.2467 0.1201
9.9525 48.8939 -24.3368 0.2218 0.9720 -0.0782 0.8690 0.6143
6.0596 -38.8587 -26.1925 0.0203 0.0141 -0.9997 0.2559 0.5422
11.1047 2.4554 -22.9996 0.9997 0.0012 -0.0239 0.6206 0.2872
-11.8480 47.2758 -15.5905 -0.9970 0.0770 0.0033 0.5455 0.0279
9.8287 -49.0094 0.8112 0.2330 -0.9725 -0.0010 0.8402 0.7631
9.5929 40.5070 -25.6371 0.9807 0.0220 -0.1944 0.5316 0.6677
-10.6016 -40.1807 25.5324 -0.1012 -0.0086 0.9948 0.1379 0.5528
-9.0742 16.2464 -24.8632 0.0028 -0.0033 -1.0000 0.1656 0.2117
-10.9823 -29.9823 25.3292 -0.8541 0.0031 0.5201 0.1401 0.4917
-10.9823 -29.9823 25.3292 -0.9848 -0.0058 0.1735 0.2958 0.4887
9.3504 -49.2366 7.3767 0.9679 -0.2484 0.0387 0.7075 0.7969
-7.1003 51.4007 25.7430 0.0202 -0.1680 0.9856 0.1163 0.0038
11.7665 26.2809 10.4160 0.9996 0.0040 -0.0269 0.8195 0.1425
-10.5719 -50.4615 13.2117 -0.2131 -0.9767 -0.0247 0.5694 0.8485
2.9179 18.3121 26.0831 0.0053 -0.0035 1.0000 0.0565 0.2022
0.1381 51.6241 9.9671 0.0299 0.9993 -0.0203 0.9258 0.8203
-11.7108 -25.2954 0.6337 -0.9999 0.0138 -0.0087 0.4441 0.4620
-7.8803 29.9383 -25.2131 -0.0932 -0.0318 -0.9951 0.1728 0.1296
-2.4651 50.3005 -24.9172 -0.0003 0.3737 -0.9276 0.2054 0.0076
8.8999 48.6493 -7.6344 0.9828 0.1848 -0.0016 0.5414 0.6965
8.8999 48.6493 -7.6344 0.1832 0.9827 0.0272 0.8743 0.7145
-11.2586 32.4882 -24.5306 -0.5211 0.0003 -0.8535 0.1526 0.1143
-4.1857 51.3433 -14.4567 -0.0015 1.0000 -0.0054 0.9532 0.6742
11.4464 29.8869 -0.1838 0.9997 0.0104 -0.0230 0.7558 0.1215
-11.4540 -41.3700 19.8367 -0.9985 0.0220 0.0497 0.3280 0.5573
-11.5433 -18.3200 -6.1151 -0.9999 0.0003 -0.0118 0.4849 0.4206
-0.5888 44.1359 -26.0994 -0.0595 -0.0196 -0.9980 0.2166 0.0446
-11.5971 49.4774 -9.8244 -0.9905 0.1374 0.0086 0.5110 0.0143
11.2978 30.4262 -4.6257 0.9990 0.0154 -0.0415 0.7292 0.1185
9.1286 48.7567 -0.7925 0.3399 0.9404 -0.0104 0.8726 0.7555
8.6141 50.6179 5.2697 0.5532 0.8319 -0.0444 0.8753 0.7917
8.6141 50.6179 5.2697 0.8833 0.4683 -0.0219 0.5539 0.7737
-11.3748 24.0433 13.0357 -0.9990 -0.0062 0.0451 0.3726 0.1655
-10.9511 -34.6112 25.3895 -0.6484 0.0089 0.7612 0.1400 0.5195
-10.9511 -34.6112 25.3895 -0.9846 0.0114 0.1744 0.2952 0.5164
-11.8102 -45.6342 -4.1943 -0.9981 -0.0587 -0.0177 0.4718 0.5842
-11.0256 50.8611 11.9758 -0.5957 0.8032 0.0060 0.9926 0.8331
-2.9727 -49.5987 24.4612 0.0832 -0.9799 0.1811 0.7649 0.9057
10.7238 -49.2381 10.5449 0.1310 -0.9899 -0.0544 0.8462 0.8214
11.5787 -9.6150 4.1466 0.9997 -0.0018 -0.0230 0.7840 0.3581
-11.3542 -34.7414 19.5349 -0.9988 0.0079 0.0473 0.3302 0.5175
8.8290 51.0326 26.0818 0.6192 0.7749 0.1267 0.8728 0.9165
8.8290 51.0326 26.0818 0.0354 0.2861 0.9575 0.0208 0.0061
10.2304 -16.0370 -25.3562 0.6376 0.0135 -0.7703 0.2811 0.4053
3.0833 11.1867 26.0386 0.0173 -0.0002 0.9998 0.0555 0.2450
11.2999 -22.8395 -5.9180 0.9997 -0.0034 -0.0236 0.7245 0.4379
-9.2523 41.4909 -25.3356 -0.1164 0.0007 -0.9932 0.1646 0.0604
11.2354 37.9586 -2.3164 0.9990 0.0326 -0.0304 0.7426 0.0732
11.3770 42.8806 9.0841 0.9983 0.0462 -0.0357 0.8106 0.0431
-3.6987 -8.4796 -25.6991 -0.0430 0.0185 -0.9989 0.1976 0.3600
-7.4101 -50.5144 -19.3662 -0.1155 -0.9929 -0.0269 0.5865 0.6530
-10.1463 8.7761 26.0328 -0.1251 -0.0092 0.9921 0.1348 0.2593
-11.8208 8.6647 -13.7081 -0.9990 -0.0048 0.0450 0.5320 0.2592
2.2957 49.8412 -25.9300 -0.0800 0.7671 -0.6366 0.9150 0.6051
2.9740 -30.5321 -26.1568 -0.0004 0.0041 -1.0000 0.2375 0.4922
-10.9948 11.5880 21.3798 -0.9981 0.0088 0.0615 0.3218 0.2397
-11.8421 31.2757 -5.2276 -0.9997 -0.0221 0.0053 0.4824 0.1232
11.1926 -6.0726 -19.1194 0.9999 -0.0018 -0.0157 0.6444 0.3381
11.6104 6.9697 3.4416 0.9996 -0.0018 -0.0264 0.7789 0.2587
11.0820 -43.9057 -2.6172 0.9998 -0.0127 -0.0172 0.7455 0.5640
9.2195 -49.4105 25.8059 0.1351 -0.8546 -0.5014 0.8380 0.9130
-4.2428 -49.8561 24.4708 -0.0257 0.2805 0.9595 0.0999 0.6109
-11.2121 50.7945 -1.1344 -0.7461 0.6658 0.0069 0.9945 0.7545
2.2898 -36.0406 -26.1902 0.0046 0.0093 -0.9999 0.2333 0.5253
11.3941 -14.8788 -2.8352 0.9997 -0.0080 -0.0220 0.7425 0.3900
-11.5355 -10.2712 12.7600 -0.9996 -0.0034 0.0285 0.3722 0.3712
-6.1181 -48.2100 25.7158 -0.0667 -0.0850 0.9941 0.1110 0.6010
-3.2096 11.8408 26.0284 -0.0254 0.0157 0.9996 0.0932 0.2410
11.4842 48.9800 24.0808 0.9897 0.1422 0.0149 0.9002 0.0057
10.0933 6.8797 -25.0279 0.5294 0.0116 -0.8483 0.2804 0.2679
9.6040 39.8250 -25.6593 0.9654 0.0248 -0.2595 0.5315 0.6718
11.3862 42.1258 25.0547 0.7839 0.0057 0.6209 0.0056 0.0596
10.5482 48.6139 -11.8721 0.9962 0.0865 -0.0039 0.6847 0.0099
10.5482 48.6139 -11.8721 0.7442 0.6677 -0.0171 0.8647 0.6890
11.1517 25.8075 -9.8617 0.9996 0.0079 -0.0262 0.6981 0.1465
9.4219 -49.3423 -15.3597 0.9840 -0.1782 0.0099 0.7056 0.6606
-11.6539 15.3614 -24.3416 -0.5230 0.0115 -0.8522 0.1502 0.2169
-11.7891 26.5945 -1.6051 -1.0000 -0.0047 -0.0026 0.4604 0.1511
-11.7921 -32.5647 4.6986 -0.9999 0.0051 0.0133 0.4193 0.5053
-6.7546 -34.3924 -25.9448 -0.0522 0.0107 -0.9986 0.1791 0.5153
10.5874 -28.4612 25.7215 0.4735 0.0083 0.8807 0.0108 0.4827
-3.5378 51.3490 -13.0902 0.0072 1.0000 -0.0032 0.9492 0.6823
-7.7301 10.4680 -25.0058 -0.0387 0.0230 -0.9990 0.1736 0.2463
11.4156 11.5953 -2.8465 0.9992 0.0016 -0.0393 0.7409 0.2313
-10.7027 -46.9998 -25.5683 -0.3414 -0.0220 -0.9396 0.1554 0.5908
-11.4068 -20.0773 17.2915 -0.9995 0.0072 0.0304 0.3445 0.4298
-11.2673 50.6297 1.8816 -0.9750 0.2222 0.0019 0.4410 0.0068
-11.2673 50.6297 1.8816 -0.8548 0.5188 0.0127 0.9947 0.7726
-11.0929 -19.6378 24.7524 -0.9976 0.0045 0.0693 0.2998 0.4267
-11.6780 -16.5903 1.6499 -1.0000 0.0028 0.0008 0.4385 0.4097
-10.3258 27.3712 26.0606 -0.3782 0.0047 0.9257 0.1358 0.1478
-2.1217 30.2813 -25.6479 -0.0365 -0.0345 -0.9987 0.2073 0.1276
6.0240 -45.2551 -26.2791 0.0012 0.0042 -1.0000 0.2557 0.5805
11.0708 -42.2666 -10.5465 0.9998 -0.0060 0.0187 0.6979 0.5546
-11.5453 -47.1356 -19.8504 -0.9959 -0.0898 0.0123 0.5656 0.5941
4.2022 -51.2839 -0.3591 0.0332 -0.9991 -0.0254 0.6572 0.7664
-9.5257 8.8718 25.9805 0.0696 -0.0065 0.9976 0.1311 0.2588
-7.1967 -49.5534 25.1949 0.0430 -0.7643 0.6434 0.7396 0.9103
-10.2579 -50.2543 -5.4145 -0.1636 -0.9865 -0.0010 0.5702 0.7368
5.6649 50.5993 -10.7217 0.1272 0.9916 -0.0214 0.8939 0.6960
-11.1322 -2.5631 22.1427 -0.9986 0.0114 0.0520 0.3165 0.3245
4.0205 -33.6400 -26.1633 0.0082 0.0054 -1.0000 0.2437 0.5109
10.8171 42.9194 -15.7025 0.9991 0.0367 -0.0198 0.6621 0.0443
0.4029 -50.6917 -25.3116 0.0097 0.2784 -0.9604 0.2220 0.6130
0.4029 -50.6917 -25.3116 -0.0278 -0.4996 -0.8658 0.6330 0.6170
-11.8641 -12.9690 -22.9897 -0.9997 -0.0076 -0.0217 0.5864 0.3895
10.8810 -49.1580 -21.1360 0.1370 -0.9906 0.0040 0.8453 0.6315
7.8995 6.8494 25.9429 0.0244 0.0030 0.9997 0.0267 0.2710
-11.6783 -8.6168 0.6758 -0.9998 -0.0065 -0.0182 0.4448 0.3620
-9.2684 27.6836 -25.0693 -0.0426 -0.0221 -0.9988 0.1645 0.1431
10.9713 40.4502 -9.6480 0.9992 0.0367 -0.0173 0.6985 0.0587
-10.8788 -10.8504 25.3227 -0.8407 0.0195 0.5411 0.1394 0.3770
9.3829 48.7284 -16.1690 -0.3514 0.9361 -0.0158 0.8719 0.6633
6.1096 -49.5558 24.9246 0.4358 0.6574 0.6147 0.0378 0.6092
-1.9421 -51.1876 -6.5016 -0.0439 -0.9990 -0.0092 0.6200 0.7299
-11.9377 -0.6200 -23.4115 -0.9976 -0.0067 -0.0692 0.5896 0.3154
9.0286 49.0174 0.4834 0.6352 0.7679 -0.0828 0.8731 0.7631
9.0286 49.0174 0.4834 0.9801 0.1975 -0.0214 0.5441 0.7451
-11.5815 1.8382 -6.0590 -0.9998 0.0160 0.0150 0.4857 0.2997
-5.6199 -51.3377 17.8253 -0.0983 -0.9946 -0.0322 0.5994 0.8759
-8.1775 51.3049 25.7261 -0.0143 -0.2519 0.9676 0.1228 0.0044
8.2686 -51.2523 4.6918 0.1042 -0.9940 -0.0336 0.6819 0.7964
10.9760 44.9022 1.2210 0.9978 0.0589 -0.0320 0.7634 0.0314
-11.6935 9.8668 -8.3799 -0.9999 -0.0035 0.0103 0.5001 0.2517
-11.1815 1.9765 19.9956 -0.9988 0.0125 0.0479 0.3296 0.2974
-11.6150 5.3518 -6.9684 -0.9996 -0.0242 -0.0125 0.4914 0.2787
8.9418 49.8969 7.9895 0.9903 0.1388 -0.0097 0.5498 0.7900
-11.6801 -0.9650 -24.3699 -0.6969 0.0013 -0.7172 0.1499 0.3148
-11.7035 -21.8316 3.6575 -1.0000 0.0021 0.0043 0.4261 0.4411
11.4096 -49.1993 21.9457 0.8407 -0.5412 -0.0182 0.8509 0.8897
11.4096 -49.1993 21.9457 0.9745 -0.2081 -0.0838 0.8930 0.5943
-11.7059 -0.6763 0.4335 -0.9997 0.0005 -0.0234 0.4467 0.3144
-1.2612 -33.6342 -26.1448 -0.0203 0.0097 -0.9997 0.2121 0.5108
8.0762 51.3268 25.9181 0.0950 0.8724 0.4795 0.8773 0.9155
7.8385 50.2129 -13.6145 0.2036 0.9787 -0.0282 0.8810 0.6786
-11.6152 -12.0462 9.2819 -0.9998 -0.0036 0.0215 0.3930 0.3821
-11.5656 -10.6631 11.6321 -0.9997 -0.0033 0.0256 0.3790 0.3736
9.1480 48.9223 9.2163 0.5090 0.8606 0.0161 0.8719 0.8155
-10.9451 40.4423 22.5449 -0.9969 -0.0109 0.0777 0.3165 0.0667
8.9889 49.5780 -26.1765 0.6965 0.7077 0.1186 0.8749 0.6033
-11.6274 -5.7473 8.8464 -0.9998 -0.0009 0.0207 0.3959 0.3443
1.7945 -25.0738 25.9286 -0.0237 0.0162 0.9996 0.0635 0.4623
10.3054 -49.0796 1.8465 -0.0249 -0.9995 -0.0188 0.8432 0.7693
-10.0054 -47.3298 -25.6374 -0.0200 -0.0987 -0.9949 0.1596 0.5928
11.3450 49.3898 23.2678 0.1492 0.9750 -0.1649 0.8579 0.8995
11.3450 49.3898 23.2678 0.9592 0.2820 -0.0221 0.8953 0.0032
-0.1528 31.5709 26.1480 -0.0014 -0.0107 0.9999 0.0748 0.1227
0.0580 -5.1160 25.9215 -0.0137 -0.0151 0.9998 0.0738 0.3427
-5.3078 -12.5737 25.6975 -0.0295 -0.0112 0.9995 0.1060 0.3874
8.1035 5.4293 25.9385 0.0251 -0.0012 0.9997 0.0255 0.2795
-11.9164 -44.0697 7.1182 -0.9998 -0.0151 0.0120 0.4041 0.5742
-11.6299 6.3342 7.1634 -0.9996 0.0063 0.0277 0.4067 0.2720
-9.0943 13.2353 -24.8972 -0.0377 0.0131 -0.9992 0.1655 0.2297
10.4518 10.6075 -24.7970 0.5073 0.0028 -0.8617 0.2826 0.2456
11.0383 -42.9155 -8.1806 1.0000 0.0039 0.0082 0.7121 0.5584
10.3894 -49.1605 12.0082 -0.4258 -0.9039 0.0400 0.8442 0.8302
-1.9712 20.1966 -25.3534 -0.0493 -0.0175 -0.9986 0.2082 0.1881
-6.7461 51.3131 -24.2831 -0.0147 0.9934 -0.1137 0.9691 0.6154
10.0572 -25.5926 25.8979 0.2099 0.0111 0.9777 0.0139 0.4655
11.1419 6.5138 -13.8223 1.0000 0.0078 0.0044 0.6754 0.2624
-11.6185 49.2957 -24.3037 -0.9787 0.1065 -0.1755 0.5978 0.0163
-11.6185 49.2957 -24.3037 -0.6888 0.0062 -0.7249 0.1506 0.0135
-0.6808 51.2226 -10.5570 0.0728 0.9973 -0.0081 0.9319 0.6974
-9.5213 -39.0663 25.6150 -0.0624 -0.0039 0.9980 0.1314 0.5462
-5.8240 -47.6842 -25.6390 -0.0535 -0.1754 -0.9830 0.1847 0.5950
-0.0918 -51.2622 -4.2908 -0.0138 -0.9998 -0.0116 0.6313 0.7430
-11.7076 -22.2490 3.0671 -1.0000 0.0012 0.0056 0.4296 0.4436
9.0176 -7.7326 25.9127 0.0101 -0.0166 0.9998 0.0201 0.3584
11.9380 34.1516 24.2133 0.9813 0.0072 0.1921 0.9018 0.0945
10.0688 49.0089 17.2337 -0.4930 0.8645 -0.0977 0.8659 0.8635
-11.1719 -11.8279 22.7979 -0.9989 0.0094 0.0469 0.3120 0.3800
-9.9792 38.0582 -25.2144 -0.2852 -0.0112 -0.9584 0.1603 0.0809
-11.8565 -38.8547 -11.1153 -0.9997 0.0227 0.0013 0.5137 0.5439
11.3131 -27.5952 -4.7693 0.9997 -0.0149 -0.0188 0.7316 0.4664
-2.9733 51.5598 25.8084 -0.0368 -0.1901 0.9811 0.0916 0.0029
11.6887 -14.8931 24.8348 0.7193 -0.0135 0.6945 0.0041 0.4014
11.6887 -14.8931 24.8348 0.8679 -0.0213 0.4964 0.9083 0.3885
12.0132 22.1153 24.2349 0.9215 0.0171 0.3881 0.9026 0.1667
8.8215 51.0955 24.7067 0.5898 0.8075 0.0110 0.8729 0.9082
9.3263 20.2215 -25.4628 0.2438 -0.0172 -0.9697 0.2759 0.1880
1.8607 -48.3094 -26.0410 -0.0687 -0.1795 -0.9814 0.2307 0.5988
-10.3316 9.4875 25.9823 -0.5401 0.0066 0.8415 0.1359 0.2551
11.6987 -7.9839 8.9409 0.9997 -0.0028 -0.0260 0.8127 0.3480
0.0333 51.2084 -7.8989 0.0575 0.9982 -0.0144 0.9275 0.7133
2.9946 16.9529 26.0788 0.0050 -0.0033 1.0000 0.0560 0.2104
-11.5792 -2.2164 -8.4152 -0.9999 -0.0025 0.0142 0.4996 0.3242
-11.9295 38.0883 1.9360 -0.9998 -0.0169 0.0137 0.4399 0.0819
1.1788 7.8828 26.0577 -0.0025 -0.0019 1.0000 0.0669 0.2648
9.5560 48.8106 -12.6914 -0.3711 0.9286 0.0003 0.8707 0.6841
-11.4789 -13.4154 14.1957 -0.9996 -0.0033 0.0272 0.3634 0.3900
-11.7111 18.8355 3.3738 -0.9998 -0.0040 0.0208 0.4302 0.1973
9.7409 -47.9324 18.5999 -0.8312 -0.5558 0.0135 0.8407 0.8697
-1.1538 -43.5085 -26.2051 -0.0298 -0.0262 -0.9992 0.2126 0.5700
1.1143 51.7817 24.2834 0.0324 0.9995 -0.0063 0.9192 0.9061
9.8971 4.4716 25.9141 0.0003 -0.0159 0.9999 0.0147 0.2853
-9.0308 -5.0439 -25.3820 0.0041 0.0286 -0.9996 0.1657 0.3393
-6.1789 25.7646 -25.2356 -0.0834 -0.0324 -0.9960 0.1830 0.1546
10.6940 49.3772 25.9918 0.6530 0.1884 0.7335 0.0097 0.0161
10.6940 49.3772 25.9918 0.8555 0.1646 0.4910 0.9116 0.0032
10.6940 49.3772 25.9918 0.6804 0.5329 0.5031 0.8616 0.9159
-11.6753 31.7354 7.9746 -0.9994 -0.0087 0.0330 0.4033 0.1197
11.9102 34.7438 19.9217 0.9996 0.0230 -0.0170 0.8760 0.0912
9.4198 -47.7920 23.0328 0.9759 -0.2173 0.0213 0.4665 0.6160
9.4198 -47.7920 23.0328 0.4808 -0.8734 -0.0781 0.8391 0.8963
11.5872 24.5337 3.0446 0.9994 -0.0011 -0.0341 0.7755 0.1534
10.8818 43.0346 -8.7676 0.9991 0.0415 -0.0119 0.7036 0.0432
11.0099 45.5185 3.2762 0.9974 0.0626 -0.0352 0.7757 0.0276
-10.9807 9.9261 21.8878 -0.9979 0.0122 0.0638 0.3187 0.2496
-11.8616 33.7223 -3.2543 -0.9999 -0.0105 -0.0002 0.4707 0.1084
-10.1430 22.6928 26.0458 -0.0555 -0.0071 0.9984 0.1347 0.1759
-10.8121 50.9389 23.7697 -0.8873 0.4599 0.0359 0.3098 0.0037
-10.8121 50.9389 23.7697 -0.4795 0.8774 -0.0140 0.9907 0.9037
11.2216 -10.7367 -10.0204 0.9998 -0.0021 -0.0174 0.6992 0.3656
11.0925 26.5796 -17.5019 0.9997 0.0104 -0.0237 0.6522 0.1423
-9.1570 32.8449 -25.1949 -0.0739 -0.0188 -0.9971 0.1652 0.1122
11.2063 6.7423 -9.0292 0.9994 0.0141 -0.0325 0.7041 0.2607
-11.9330 -38.3265 2.6204 -1.0000 0.0094 0.0030 0.4314 0.5400
-0.1370 8.1977 26.0469 -0.0079 -0.0003 1.0000 0.0748 0.2629
1.1353 -2.5959 25.9669 -0.0104 -0.0129 0.9999 0.0673 0.3276
9.0348 -50.9417 -12.2027 0.8911 -0.4537 -0.0031 0.6961 0.6796
9.0348 -50.9417 -12.2027 0.4546 -0.8907 -0.0034 0.6855 0.6951
11.2175 -4.7188 -16.6934 1.0000 -0.0026 -0.0026 0.6588 0.3299
-8.5945 51.5046 25.5778 -0.1610 0.9455 0.2831 0.9773 0.9144
9.5094 -48.7386 11.1385 0.1394 -0.9314 0.3363 0.8389 0.8250
9.5094 -48.7386 11.1385 -0.8169 -0.4444 0.3676 0.4581 0.6211
-5.7602 -49.8658 -25.2439 0.1408 0.5542 -0.8204 0.1850 0.6080
9.4921 -50.0159 -1.5115 0.9782 -0.2073 0.0096 0.7023 0.7437
0.1819 -48.1413 -25.9503 -0.0611 -0.1755 -0.9826 0.2206 0.5978
9.9534 -27.3336 -25.7629 0.6658 0.0112 -0.7461 0.2793 0.4731
10.9272 34.7489 -19.5468 0.9990 0.0184 -0.0397 0.6395 0.0935
0.3624 13.6202 26.0712 0.0002 0.0044 1.0000 0.0718 0.2304
9.2655 -47.9312 21.4920 0.9508 -0.3092 -0.0175 0.7161 0.8814
5.8684 0.3820 26.0108 0.0139 0.0017 0.9999 0.0389 0.3097
-11.7476 -48.0096 3.3482 -0.9971 -0.0762 -0.0045 0.4265 0.5980
-5.0774 -40.4334 -26.0894 -0.0443 0.0026 -0.9990 0.1891 0.5515
-9.7795 32.3312 -25.1431 -0.1567 -0.0244 -0.9873 0.1614 0.1153
-6.1268 -51.4762 24.3626 -0.0686 -0.9976 0.0027 0.5967 0.9152
-10.7176 -47.9633 25.3776 -0.2415 -0.0508 0.9691 0.1386 0.5995
-3.3695 51.6449 11.6977 -0.0391 0.9991 -0.0136 0.9468 0.8309
-11.6789 -16.5253 2.5469 -1.0000 -0.0028 -0.0054 0.4331 0.4093
-9.6870 34.8944 -25.1865 -0.0655 -0.0171 -0.9977 0.1620 0.0999
-11.7681 0.7110 -13.9215 -0.9990 -0.0095 0.0436 0.5328 0.3069
-10.4188 0.1868 25.8178 -0.3122 -0.0286 0.9496 0.1365 0.3108
11.2179 -32.6467 -5.5469 0.9998 -0.0112 -0.0187 0.7273 0.4967
-7.5514 50.9842 -24.6062 -0.0251 0.1599 -0.9868 0.1749 0.0034
6.5530 -43.2434 26.2722 -0.0102 0.0199 0.9998 0.0350 0.5713
-6.7810 51.4237 12.3599 -0.0849 0.9963 -0.0152 0.9672 0.8351
-11.6996 26.1533 5.5319 -0.9996 -0.0064 0.0287 0.4176 0.1533
11.1262 14.7504 -18.5404 0.9999 -0.0020 -0.0134 0.6467 0.2133
-11.6736 13.2300 -7.2600 -1.0000 -0.0053 0.0065 0.4936 0.2315
5.3419 -50.9559 -25.2585 0.0066 -0.0791 -0.9968 0.2516 0.6146
5.3419 -50.9559 -25.2585 0.0175 -0.9784 -0.2058 0.6626 0.6170
0.2042 -50.3784 -25.2179 0.0105 0.3665 -0.9303 0.2208 0.6111
-7.0444 10.0590 25.9285 -0.0090 -0.0095 0.9999 0.1162 0.2517
9.3290 -48.7461 11.3619 0.5854 -0.7041 0.4018 0.8379 0.8264
9.3290 -48.7461 11.3619 0.9864 -0.1518 0.0624 0.7107 0.8208
-10.2115 -1.8874 -25.2856 -0.2282 0.0179 -0.9735 0.1586 0.3204
-0.3604 51.7412 16.2842 0.0105 0.9999 -0.0118 0.9285 0.8582
10.6370 38.9552 -23.5204 0.9964 0.0275 -0.0799 0.6154 0.0685
-3.2997 -26.7445 -26.0104 -0.0369 0.0139 -0.9992 0.1999 0.4695
-10.6507 49.2711 25.9243 -0.2181 0.0472 0.9748 0.1376 0.0166
-10.6507 49.2711 25.9243 -0.9635 0.0054 0.2677 0.2968 0.0135
10.9918 40.3648 -8.6279 0.9992 0.0354 -0.0165 0.7046 0.0592
-10.3723 42.3247 -25.1085 -0.4736 -0.0016 -0.8808 0.1580 0.0553
12.0577 14.4850 23.5095 0.9998 0.0012 0.0209 0.8987 0.2125
6.1017 -49.3077 24.6976 0.7286 0.0886 0.6792 0.0379 0.6077
11.2076 -32.4975 -8.5383 0.9999 -0.0091 0.0055 0.7093 0.4960
9.3218 -50.1394 3.4936 0.9827 -0.1826 0.0324 0.7019 0.7737
-10.4452 28.0844 25.8893 -0.8582 0.0066 0.5132 0.1365 0.1436
-10.4452 28.0844 25.8893 -0.9199 0.0062 0.3921 0.2958 0.1406
9.5273 48.8728 -23.4028 0.0385 0.9992 0.0085 0.8715 0.6199
-11.6551 -47.9887 -3.3698 -0.9959 -0.0878 -0.0210 0.4668 0.5983
-7.0695 -45.1768 -25.8508 -0.0339 -0.0749 -0.9966 0.1772 0.5799
-5.8678 10.4242 25.9571 -0.0301 0.0024 0.9995 0.1092 0.2495
-11.6529 35.9775 9.5317 -0.9991 -0.0091 0.0405 0.3942 0.0942
-11.1972 42.8587 19.4443 -0.9977 -0.0100 0.0664 0.3352 0.0523
10.3727 -48.9572 22.1193 -0.7109 -0.7023 -0.0388 0.8447 0.8908
11.7899 -39.9263 23.2657 0.9998 -0.0204 -0.0076 0.9004 0.5387
8.7470 49.1440 -18.3910 0.9270 0.3751 -0.0035 0.5437 0.6320
9.8402 -49.0879 -10.4710 0.0296 -0.9993 0.0240 0.8397 0.6955
-6.5973 -49.0879 25.5478 -0.0287 -0.5812 0.8133 0.7432 0.9124
-6.5973 -49.0879 25.5478 -0.0612 -0.1929 0.9793 0.1139 0.6063
-9.9836 -49.0807 -25.4500 0.0169 -0.0625 -0.9979 0.1597 0.6033
-11.3947 -50.0111 23.8151 -0.9946 -0.0973 0.0365 0.3037 0.6088
-1.9258 -18.7175 -25.9474 -0.0347 0.0168 -0.9993 0.2082 0.4214
11.4734 19.1690 -2.0880 0.9994 -0.0002 -0.0343 0.7450 0.1859
11.1766 -15.6502 -12.3031 1.0000 0.0050 -0.0020 0.6858 0.3952
11.5813 -6.9667 3.8673 0.9997 -0.0044 -0.0233 0.7822 0.3422
10.6938 -49.1128 3.2468 0.0769 -0.9961 -0.0427 0.8456 0.7777
10.6938 -49.1128 3.2468 0.8933 -0.4492 0.0133 0.7810 0.5949
-0.4453 -14.2738 -25.9419 -0.0512 0.0144 -0.9986 0.2171 0.3947
9.6475 44.0074 -25.4446 0.7458 0.0549 -0.6639 0.5325 0.6467
9.6475 44.0074 -25.4446 0.7163 0.0267 -0.6973 0.2780 0.0454
11.2243 -20.7421 -16.6541 0.9998 0.0157 0.0139 0.6600 0.4259
-10.3918 -17.5109 25.4900 -0.0591 -0.0280 0.9979 0.1365 0.4169
-11.4476 10.7092 11.7931 -0.9992 0.0062 0.0384 0.3792 0.2455
-6.6524 16.4633 -25.0166 -0.0734 0.0022 -0.9973 0.1801 0.2104
10.9084 49.0545 13.9645 0.4261 0.9043 -0.0279 0.8611 0.8438
3.6999 -51.6805 25.4348 -0.0191 -0.1185 0.9928 0.0522 0.6219
9.0613 48.8846 6.4455 0.4518 0.8856 -0.1071 0.8726 0.7989
9.0613 48.8846 6.4455 0.9911 0.1328 -0.0101 0.5436 0.7808
-10.3586 28.8963 26.0237 -0.7635 0.0055 0.6457 0.1360 0.1387
-10.3586 28.8963 26.0237 -0.8784 0.0146 0.4778 0.2950 0.1357
6.6219 -50.0482 25.2324 0.2296 0.3160 0.9205 0.0347 0.6121
-10.6060 33.7927 -24.8972 -0.4631 -0.0057 -0.8863 0.1565 0.1065
-11.9000 32.3253 -23.7574 -0.9752 0.0124 -0.2210 0.5936 0.1180
11.5379 16.3478 0.2186 0.9996 -0.0020 -0.0295 0.7590 0.2026
6.7916 6.8586 25.9816 0.0307 0.0023 0.9995 0.0333 0.2709
-2.5748 -51.5402 16.0051 -0.0532 -0.9984 -0.0209 0.6175 0.8649
-11.9109 -41.9715 -4.2163 -0.9999 -0.0088 -0.0108 0.4722 0.5622
6.7373 -13.2208 25.8784 0.0189 -0.0161 0.9997 0.0338 0.3913
11.0015 -12.8144 -24.3921 0.9797 0.0053 -0.2003 0.6132 0.3789
1.2009 11.5389 -25.5253 -0.0431 0.0111 -0.9990 0.2271 0.2400
-5.8297 42.9637 26.2595 -0.0344 -0.0093 0.9994 0.1087 0.0544
-9.6318 16.3692 25.9986 0.0266 -0.0042 0.9996 0.1317 0.2138
-10.5384 33.7693 25.7670 -0.9147 -0.0197 0.4036 0.2968 0.1065
10.9073 43.1870 -6.6958 0.9987 0.0473 -0.0163 0.7160 0.0421
7.8889 50.5211 -2.8763 0.1630 0.9860 -0.0340 0.8801 0.7430
-6.0771 -26.8048 -25.8781 -0.0575 0.0119 -0.9983 0.1832 0.4698
11.2096 -33.1877 -9.6186 1.0000 -0.0070 0.0067 0.7029 0.5002
-11.5749 -11.8687 -3.3081 -0.9998 -0.0096 -0.0183 0.4685 0.3817
9.4826 45.4033 -25.9619 0.9912 -0.0051 0.1323 0.5294 0.6384
-11.7467 -22.6755 -23.1766 -0.9999 -0.0097 -0.0048 0.5869 0.4476
0.9824 3.5261 -25.6497 -0.0443 0.0168 -0.9989 0.2258 0.2880
11.7722 5.6170 10.3367 0.9994 0.0001 -0.0335 0.8203 0.2664
-11.7645 -28.9270 3.1837 -1.0000 0.0059 0.0009 0.4286 0.4836
11.6304 -10.7994 6.4086 0.9997 -0.0020 -0.0243 0.7977 0.3650
-8.9908 31.6549 -25.1780 -0.0727 -0.0317 -0.9969 0.1662 0.1193
-11.5078 -48.8161 -24.7925 -0.9477 -0.3011 -0.1062 0.5951 0.6044
-9.8538 -9.6707 -25.5045 -0.1306 0.0071 -0.9914 0.1607 0.3671
11.4443 32.0497 0.2442 0.9993 0.0151 -0.0344 0.7583 0.1085
-2.1083 -30.1896 -26.0947 -0.0271 0.0100 -0.9996 0.2070 0.4902
-9.7546 -34.7244 -25.8291 -0.1998 0.0320 -0.9793 0.1612 0.5173
10.6060 49.4828 24.4663 -0.3963 0.8981 -0.1907 0.8623 0.9068
-11.5919 -4.7613 -24.5150 -0.6420 0.0163 -0.7665 0.1504 0.3376
8.6033 51.1803 23.5764 0.3250 0.9456 -0.0107 0.8743 0.9014
10.8070 5.5152 25.5755 0.6203 0.0099 0.7843 0.0093 0.2790
-11.6109 -25.5158 -4.1780 -0.9992 -0.0032 -0.0399 0.4729 0.4636
7.4664 49.7393 -25.3032 0.1088 0.9499 0.2929 0.8839 0.6086
9.7399 -7.1197 -25.5800 0.4809 0.0224 -0.8765 0.2782 0.3519
8.4541 -49.9795 25.6698 0.0035 -0.5986 0.8011 0.8334 0.9123
8.4541 -49.9795 25.6698 -0.0903 -0.2371 0.9673 0.0237 0.6117
9.9854 -45.5886 -25.7855 0.9907 0.0934 -0.0988 0.5186 0.6550
-11.7010 6.5194 -0.6567 -0.9999 -0.0005 -0.0104 0.4536 0.2713
9.4378 48.4890 16.6071 -0.0846 0.9937 -0.0732 0.8697 0.8598
10.0252 -4.8573 -25.2878 0.6111 0.0060 -0.7915 0.2799 0.3383
-8.8305 13.5523 25.9744 0.0174 -0.0011 0.9998 0.1269 0.2307
10.1992 48.9616 19.6936 -0.2783 0.9605 0.0009 0.8650 0.8782
9.3826 -49.4534 5.4348 0.9652 -0.2593 0.0350 0.7061 0.7853
11.1894 -10.9443 -12.8589 1.0000 0.0033 -0.0022 0.6822 0.3670
12.0389 7.4320 19.0220 0.9996 0.0039 -0.0267 0.8722 0.2550
9.7872 41.1509 -25.3057 0.7564 -0.0105 -0.6540 0.2788 0.0625
10.5548 48.9432 5.8000 0.3896 0.9210 0.0073 0.8636 0.7949
10.5548 48.9432 5.8000 0.8961 0.4400 -0.0579 0.7906 0.0069
-10.8450 -50.0618 -14.7793 -0.3747 -0.9271 -0.0124 0.5662 0.6807
10.5971 37.3567 -24.2499 0.9891 0.0233 -0.1451 0.6112 0.0781
11.7383 10.7099 8.7563 0.9996 0.0039 -0.0285 0.8105 0.2359
11.6738 15.8414 5.8853 0.9998 -0.0039 -0.0194 0.7930 0.2054
-4.3334 -51.5624 24.6114 -0.0365 -0.9911 0.1284 0.6075 0.9165
3.5822 -24.6399 25.9552 -0.0089 0.0155 0.9998 0.0527 0.4597
-12.0187 0.3491 -19.7578 -0.9999 -0.0091 0.0142 0.5677 0.3094
-9.1716 -4.2314 -25.3587 0.0042 0.0289 -0.9996 0.1649 0.3345
9.7548 9.4595 25.9476 -0.0556 0.0085 0.9984 0.0155 0.2554
4.9645 -51.7445 19.6667 0.0159 -0.9997 -0.0168 0.6629 0.8864
-11.6551 -29.4224 -6.8124 -0.9998 0.0198 0.0025 0.4885 0.4872
11.4192 -31.5064 3.6218 0.9997 -0.0136 -0.0186 0.7821 0.4893
-4.8845 51.4821 6.3733 -0.0640 0.9978 -0.0156 0.9562 0.7991
10.4515 -28.4193 -25.3253 0.6727 0.0089 -0.7399 0.2824 0.4796
-10.6911 -2.4931 25.6081 -0.8379 0.0096 0.5457 0.1382 0.3269
-11.5189 45.0926 14.0174 -0.9988 0.0046 0.0485 0.3679 0.0393
-10.7437 -9.7149 25.5021 -0.6374 0.0044 0.7705 0.1386 0.3702
-10.7437 -9.7149 25.5021 -0.8787 -0.0219 0.4769 0.2959 0.3672
3.7154 -51.2449 -10.9637 0.0056 -1.0000 0.0059 0.6537 0.7028
-11.7214 -3.1939 2.1648 -0.9999 -0.0054 -0.0098 0.4361 0.3294
10.5875 49.5496 25.6331 -0.1658 0.9847 -0.0528 0.8623 0.9138
-10.6546 0.8893 25.6572 -0.5462 0.0147 0.8375 0.1380 0.3066
-10.6546 0.8893 25.6572 -0.8958 0.0159 0.4441 0.2956 0.3036
-7.2531 -20.7114 25.6235 -0.0348 0.0087 0.9994 0.1177 0.4361
10.6883 -49.0424 -0.5254 0.1564 -0.9877 0.0009 0.8453 0.7551
-0.8090 51.7918 22.7408 -0.0048 1.0000 -0.0031 0.9308 0.8969
12.0439 16.4880 24.2511 0.9897 -0.0009 0.1434 0.9030 0.2004
11.2749 -19.1308 -7.2188 0.9997 0.0009 -0.0261 0.7165 0.4157
11.5847 7.9952 2.4616 0.9995 -0.0020 -0.0325 0.7729 0.2526
-8.6822 30.1006 -25.1420 -0.0757 -0.0283 -0.9967 0.1680 0.1286
11.1790 -39.9508 -0.5090 0.9994 -0.0245 -0.0231 0.7579 0.5402
-11.5229 49.3945 1.5831 -0.9863 0.1652 0.0040 0.4427 0.0142
-11.5366 -3.1190 12.8519 -0.9994 0.0062 0.0338 0.3721 0.3284
6.7787 25.4350 -25.6985 0.0048 -0.0298 -0.9995 0.2606 0.1567
8.7762 -50.5408 25.2092 0.9876 -0.0737 0.1383 0.7007 0.9039
8.7762 -50.5408 25.2092 0.1303 -0.5804 0.8038 0.8353 0.9095
8.7762 -50.5408 25.2092 0.7493 -0.1064 0.6536 0.0218 0.6151
-11.8321 34.5906 3.6226 -0.9996 -0.0155 0.0254 0.4296 0.1028
-11.1498 -48.0107 25.1789 -0.4272 -0.0534 0.9026 0.1412 0.5998
-11.1498 -48.0107 25.1789 -0.9119 0.0166 0.4100 0.2956 0.5968
-11.9034 -39.0911 6.3545 -0.9998 0.0112 0.0157 0.4090 0.5444
-5.1855 51.1520 -24.6634 -0.0488 0.2093 -0.9766 0.1891 0.0024
4.7768 -49.0851 25.4506 -0.0648 -0.8645 0.4984 0.8114 0.9111
4.7768 -49.0851 25.4506 0.1096 -0.4438 0.8894 0.0458 0.6063
-10.9566 -3.4326 24.9872 -0.9738 0.0042 0.2276 0.2994 0.3295
11.2057 -32.3339 -23.3586 0.9995 0.0110 -0.0312 0.6205 0.4958
-11.9542 39.2709 -0.4223 -0.9999 -0.0128 0.0004 0.4541 0.0750
9.3605 -50.5394 -2.2039 0.9673 -0.2537 0.0042 0.6991 0.7395
9.3605 -50.5394 -2.2039 0.7991 -0.6012 0.0097 0.6880 0.7550
-11.7007 -28.3357 -2.1695 -0.9997 0.0032 -0.0253 0.4607 0.4804
11.3952 22.1795 -3.8180 0.9990 0.0031 -0.0438 0.7345 0.1679
5.1636 10.0624 -25.6198 0.0004 0.0152 -0.9999 0.2509 0.2489
3.3701 -51.0826 25.3148 0.0197 0.2787 0.9602 0.0542 0.6183
4.3584 -9.3622 25.9083 -0.0075 -0.0060 1.0000 0.0480 0.3682
9.6444 42.2935 -25.5060 0.7755 0.0030 -0.6313 0.5323 0.6570
9.6444 42.2935 -25.5060 0.7463 -0.0048 -0.6655 0.2779 0.0557
11.5821 -23.5832 7.9646 0.9996 -0.0079 -0.0257 0.8077 0.4416
11.2271 -21.6035 -16.0493 0.9998 0.0123 0.0167 0.6637 0.4311
-11.8561 28.6102 -9.6537 -0.9994 -0.0221 0.0275 0.5088 0.1394
4.4980 23.1510 -25.6330 -0.0124 -0.0211 -0.9997 0.2470 0.1704
-3.5291 4.3882 25.9951 -0.0044 -0.0130 0.9999 0.0952 0.2857
9.9031 38.1656 -25.3017 0.8136 0.0404 -0.5801 0.2795 0.0804
10.7562 -37.3906 -25.0746 0.5596 -0.0019 -0.8287 0.2841 0.5333
11.7545 21.0940 9.2220 0.9996 -0.0004 -0.0276 0.8127 0.1737
11.1570 28.9520 -9.0987 0.9998 -0.0085 -0.0186 0.7024 0.1276
2.3749 -12.4794 25.8675 -0.0190 -0.0106 0.9998 0.0599 0.3868
10.1323 48.7837 10.4251 -0.2368 0.9715 0.0066 0.5000 0.5000
10.1323 48.7837 10.4251 -0.1224 0.9924 -0.0115 0.8659 0.8227
-9.3384 28.6184 26.0689 0.0080 -0.0034 1.0000 0.1299 0.1404
-11.8459 37.2368 4.5827 -0.9994 -0.0140 0.0326 0.4240 0.0869
6.8032 -50.9024 -25.2773 0.0081 -0.0368 -0.9993 0.2604 0.6143
6.8032 -50.9024 -25.2773 0.0237 -0.9668 -0.2546 0.6714 0.6168
-5.0376 51.3469 -0.6358 -0.0412 0.9990 -0.0146 0.9575 0.7571
1.4223 -51.6690 25.4323 -0.1074 -0.9129 0.3937 0.6420 0.9211
1.4223 -51.6690 25.4323 -0.0841 0.0986 0.9916 0.0659 0.6218
-11.9448 7.1956 -16.3184 -0.9988 -0.0052 0.0494 0.5475 0.2682
10.1037 23.7962 25.8955 0.0289 0.0033 0.9996 0.0134 0.1694
11.5371 -15.9775 3.6537 0.9997 -0.0060 -0.0251 0.7814 0.3962
-11.2944 -39.1572 22.0105 -0.9984 0.0195 0.0526 0.3151 0.5439
-4.5146 51.5585 25.7033 -0.0361 0.3251 0.9450 0.1008 0.0029
0.3170 51.4080 1.4156 0.0344 0.9989 -0.0308 0.9253 0.7691
3.7902 -17.1820 25.8446 -0.0169 0.0023 0.9999 0.0515 0.4150
-10.4621 35.4503 25.9846 -0.1972 0.0047 0.9803 0.1366 0.0994
-10.4621 35.4503 25.9846 -0.9078 -0.0118 0.4192 0.2956 0.0964
9.4660 44.1863 -25.7183 0.9913 0.0673 -0.1135 0.5309 0.6457
-11.6688 -6.6301 6.6590 -0.9999 -0.0009 0.0166 0.4090 0.3498
-2.3930 -50.9584 -20.1702 -0.0675 -0.9973 -0.0291 0.6165 0.6480
10.3043 49.0696 18.0954 -0.0744 0.9957 0.0559 0.8644 0.8686
6.5055 -11.1186 -25.9502 0.0265 0.0136 -0.9996 0.2588 0.3759
-5.6680 -6.4261 25.7809 -0.0319 -0.0182 0.9993 0.1081 0.3505
3.3793 -51.2199 -16.0690 -0.0086 -0.9999 -0.0106 0.6514 0.6722
-8.9066 51.2263 -21.3923 -0.0615 0.9981 -0.0019 0.9819 0.6329
11.3393 -42.8242 8.9115 0.9996 -0.0244 -0.0173 0.8145 0.5569
-6.0090 -51.1075 10.1272 -0.1292 -0.9915 -0.0162 0.5966 0.8298
11.1283 41.7833 0.3918 0.9983 0.0526 -0.0264 0.7586 0.0501
-11.0382 -21.5897 25.1754 -0.7375 0.0257 0.6749 0.1404 0.4414
-11.0382 -21.5897 25.1754 -0.9869 -0.0015 0.1615 0.2972 0.4384
-11.6041 -18.6531 -11.4028 -0.9999 -0.0030 0.0162 0.5166 0.4229
8.9909 -49.5203 25.7567 0.4967 -0.8027 -0.3300 0.8367 0.9127
-1.7259 -27.4215 -26.0728 -0.0274 0.0121 -0.9996 0.2093 0.4736
11.3759 38.6322 3.9965 0.9988 0.0373 -0.0332 0.7804 0.0688
-8.7719 -11.7910 -25.5398 -0.0191 0.0056 -0.9998 0.1672 0.3798
10.9253 25.2114 -23.3239 0.9990 0.0183 -0.0406 0.6174 0.1508
-3.5512 -50.1744 -25.2515 0.0859 0.2944 -0.9518 0.1983 0.6099
-1.1059 51.6364 9.3020 0.0105 0.9998 -0.0145 0.9333 0.8164
-12.0920 13.6065 -21.0894 -0.9998 0.0005 -0.0194 0.5765 0.2300
11.4931 -6.2902 0.0427 0.9997 -0.0036 -0.0243 0.7592 0.3384
8.9020 48.7864 -10.1158 0.5878 0.8071 -0.0553 0.8745 0.6996
8.9020 48.7864 -10.1158 0.9735 0.2287 0.0005 0.5421 0.6816
0.2805 51.1588 -10.1619 0.0715 0.9973 -0.0174 0.9261 0.6997
-11.3237 5.7883 15.7212 -0.9990 0.0105 0.0446 0.3554 0.2748
3.5096 -34.9290 26.0924 -0.0122 0.0108 0.9999 0.0532 0.5214
6.2903 45.8447 26.5518 0.0063 -0.0380 0.9993 0.0361 0.0372
-10.7099 -41.9930 25.4684 -0.5345 -0.0499 0.8437 0.1385 0.5637
-11.6580 -12.3445 0.4025 -0.9997 -0.0100 -0.0223 0.4462 0.3844
6.3736 -33.0866 26.0820 0.0035 0.0123 0.9999 0.0360 0.5104
11.2520 -25.6874 -14.3149 0.9999 0.0146 0.0091 0.6743 0.4555
-1.8025 51.7437 16.9976 -0.0136 0.9999 -0.0097 0.9371 0.8626
-0.2952 19.3693 -25.4205 -0.0470 -0.0129 -0.9988 0.2182 0.1930
-11.4591 -26.7088 16.3567 -0.9993 0.0016 0.0361 0.3497 0.4696
-9.9766 13.7072 -24.8661 -0.1136 -0.0032 -0.9935 0.1602 0.2269
-11.8240 -41.4934 10.8582 -0.9995 0.0145 0.0296 0.3818 0.5585
9.5691 48.6057 18.2949 -0.2960 0.9550 -0.0182 0.8688 0.8699
11.2994 -10.5793 -6.8287 0.9996 -0.0028 -0.0288 0.7183 0.3645
11.4130 29.2929 -2.2537 0.9995 0.0110 -0.0306 0.7434 0.1252
0.3311 2.8033 -25.6304 -0.0467 0.0175 -0.9988 0.2219 0.2924
-11.5598 -12.7875 11.2782 -0.9996 -0.0055 0.0270 0.3810 0.3864
-11.5271 -9.3925 13.1255 -0.9996 -0.0009 0.0291 0.3701 0.3659
9.6600 48.8886 -8.8452 -0.1805 0.9833 0.0220 0.8699 0.7072
8.5971 0.9300 25.9376 0.0309 0.0014 0.9995 0.0225 0.3065
1.3590 51.6096 25.8259 -0.0175 -0.1776 0.9840 0.0656 0.0026
11.4425 -30.3890 4.2075 0.9998 -0.0086 -0.0184 0.7856 0.4826
11.0184 11.9280 -24.0082 0.9980 -0.0011 -0.0625 0.6141 0.2305
10.9773 -48.5945 -24.7968 0.7560 -0.1452 -0.6383 0.2854 0.6005
10.9773 -48.5945 -24.7968 0.9685 -0.1674 -0.1842 0.6128 0.5934
-0.8055 -28.2521 25.9095 -0.0268 0.0150 0.9995 0.0791 0.4814
9.0931 10.2570 -25.4655 0.1775 0.0145 -0.9840 0.2744 0.2477
4.3724 28.5418 -25.7880 -0.0211 -0.0342 -0.9992 0.2462 0.1381
11.8607 -11.3891 24.6267 0.6859 0.0148 0.7276 0.0031 0.3804
5.1561 -25.7021 25.9735 0.0039 0.0166 0.9999 0.0433 0.4661
11.4227 1.3774 -3.7332 0.9995 -0.0006 -0.0303 0.7362 0.2926
-11.2916 -30.2237 20.5094 -0.9989 0.0005 0.0459 0.3246 0.4904
-11.5764 -2.9669 -4.5660 -0.9999 -0.0012 -0.0136 0.4765 0.3284
1.1501 51.7032 25.8385 -0.0318 -0.1764 0.9838 0.0669 0.0021
1.1501 51.7032 25.8385 0.0070 0.8127 0.5826 0.9189 0.9154
10.6676 -49.0451 -4.8286 0.2606 -0.9654 0.0085 0.8449 0.7293
10.7182 38.2294 -22.4924 0.9982 0.0296 -0.0518 0.6216 0.0728
11.4358 -23.6099 0.9747 0.9998 -0.0077 -0.0205 0.7658 0.4421
4.3730 -51.2202 -9.2893 0.0139 -0.9998 0.0113 0.6577 0.7128
-4.2081 -16.9381 -25.8361 -0.0467 0.0149 -0.9988 0.1945 0.4107
0.9805 -50.0075 -25.1090 -0.0288 -0.0714 -0.9970 0.2255 0.6089
11.9026 -4.0863 15.0692 0.9993 -0.0051 -0.0358 0.8492 0.3243
11.1426 11.5709 -17.7553 0.9999 0.0028 -0.0117 0.6515 0.2323
-11.7687 -30.2736 4.7527 -0.9998 0.0162 0.0062 0.4191 0.4916
10.1681 -9.8066 -25.2809 0.6227 0.0120 -0.7823 0.2808 0.3680
-12.1002 24.6463 -21.6732 -0.9998 0.0051 -0.0210 0.5806 0.1639
-11.6784 -15.5338 0.5337 -1.0000 0.0009 -0.0028 0.4452 0.4035
-4.3692 -13.9598 -25.7802 -0.0494 0.0196 -0.9986 0.1936 0.3928
11.1805 -2.7660 -19.8848 0.9998 0.0005 -0.0223 0.6396 0.3184
8.9601 48.6013 -6.1961 -0.2827 0.9585 -0.0370 0.8739 0.7231
8.9601 48.6013 -6.1961 0.9386 0.3422 -0.0447 0.5412 0.7051
-11.3448 -11.9867 18.5854 -0.9993 0.0008 0.0372 0.3372 0.3812
2.9371 -8.2245 25.9072 -0.0096 -0.0108 0.9999 0.0565 0.3613
6.8811 10.5450 25.9776 0.0269 -0.0012 0.9996 0.0328 0.2488
5.6417 6.5671 26.0108 0.0185 0.0016 0.9998 0.0402 0.2727
11.2522 -32.6495 -13.5611 0.9999 -0.0048 0.0109 0.6792 0.4972
-10.6469 12.3086 25.3671 -0.9728 0.0056 0.2315 0.2980 0.2352
11.7120 18.8231 7.4829 0.9997 0.0032 -0.0236 0.8024 0.1874
-4.8530 13.3051 -25.1619 -0.0758 0.0079 -0.9971 0.1909 0.2293
-9.8422 48.3343 26.0742 -0.0895 0.0291 0.9956 0.1328 0.0222
-11.9163 -40.2048 -3.2817 -0.9999 0.0103 -0.0107 0.4667 0.5516
6.0328 -50.0613 25.2922 -0.1931 0.1789 0.9647 0.0382 0.6122
2.5495 -4.7365 25.9507 -0.0108 -0.0141 0.9998 0.0588 0.3404
10.1018 21.9367 -25.0175 0.5926 -0.0069 -0.8055 0.2806 0.1777
9.7095 13.3844 -25.2632 0.4154 -0.0004 -0.9096 0.2782 0.2290
-0.8661 51.5334 4.6514 0.0325 0.9992 -0.0251 0.9322 0.7885
9.8945 -21.9455 -25.7693 0.3696 -0.0022 -0.9292 0.2790 0.4408
-10.4543 11.8126 25.8848 -0.7744 -0.0144 0.6325 0.1367 0.2411
-8.8784 -24.1796 -25.7203 -0.0182 0.0106 -0.9998 0.1665 0.4541
-11.6516 -39.2200 -24.4677 -0.9981 0.0062 -0.0607 0.5937 0.5469
11.2586 -39.1936 2.0188 0.9995 -0.0233 -0.0230 0.7730 0.5355
-11.6721 -4.8197 6.4912 -0.9999 0.0001 0.0173 0.4101 0.3389
-11.0461 16.4797 19.9100 -0.9985 0.0048 0.0541 0.3309 0.2105
11.1660 7.9406 -17.1570 1.0000 0.0058 0.0003 0.6553 0.2540
5.9737 -48.0271 26.3271 -0.0186 -0.0372 0.9991 0.0385 0.5999
0.9190 51.0241 -19.1128 0.1017 0.9947 -0.0182 0.9228 0.6460
9.3139 -50.4581 -9.3746 0.9525 -0.3038 -0.0194 0.6992 0.6966
-8.0478 49.8644 25.9112 -0.0024 0.2938 0.9559 0.1220 0.0130
9.7349 23.4800 -25.3438 0.6284 -0.0255 -0.7774 0.2784 0.1684
8.4254 -33.1037 26.0678 0.0137 0.0175 0.9998 0.0237 0.5105
-0.4046 -51.5258 9.7349 -0.0349 -0.9992 -0.0200 0.6302 0.8271
-4.9104 -49.5398 24.9504 0.0139 -0.9213 0.3886 0.7533 0.9087
-11.4796 11.5009 10.8185 -0.9993 0.0060 0.0370 0.3851 0.2408
11.0347 41.4053 -3.5299 0.9985 0.0460 -0.0280 0.7351 0.0526
11.0380 20.5191 -21.4897 0.9994 0.0123 -0.0311 0.6287 0.1789
11.9428 -12.5497 16.6717 0.9993 -0.0025 -0.0367 0.8593 0.3749
11.8419 22.9119 12.7980 0.9994 0.0056 -0.0333 0.8340 0.1626
11.3908 -32.5446 2.9314 0.9997 -0.0153 -0.0164 0.7781 0.4956
5.9251 48.9824 -26.5687 -0.0356 0.0450 -0.9984 0.2556 0.0156
-10.3048 -31.8493 25.6043 -0.0579 0.0081 0.9983 0.1361 0.5029
-11.6375 43.4455 -24.1458 -0.6886 0.0012 -0.7252 0.1504 0.0486
11.3973 -36.7442 5.9102 0.9996 -0.0160 -0.0226 0.7962 0.5206
10.9850 -48.5144 3.9006 0.9783 -0.2044 -0.0342 0.7848 0.5913
-11.6704 -20.5567 -1.0822 -0.9998 0.0058 -0.0210 0.4546 0.4337
-4.0605 30.1223 -25.5508 -0.0641 -0.0344 -0.9973 0.1957 0.1286
-11.7542 7.9519 -12.0621 -0.9995 -0.0081 0.0295 0.5221 0.2634
3.0110 51.1667 -0.7911 0.0884 0.9954 -0.0360 0.9092 0.7557
-11.0916 17.2519 18.9800 -0.9987 0.0032 0.0507 0.3365 0.2059
12.0888 -6.0590 22.0687 0.9999 -0.0055 -0.0134 0.8912 0.3357
-3.3292 -50.5120 24.8098 0.0234 0.4849 0.8743 0.0944 0.6149
10.9303 48.3888 7.3982 0.9658 0.2542 -0.0511 0.8002 0.0101
10.9303 48.3888 7.3982 0.8374 0.5466 -0.0071 0.8613 0.8045
-11.6793 -32.5283 -9.1487 -0.9999 0.0115 0.0010 0.5023 0.5059
11.1356 8.6808 -11.4919 0.9999 0.0085 -0.0086 0.6893 0.2493
-12.0365 10.4963 -23.3274 -0.9941 0.0076 -0.1081 0.5897 0.2488
4.4563 -50.3207 24.7665 0.3847 -0.1219 0.9149 0.0477 0.6138
4.4823 -27.2778 -26.1370 0.0077 0.0037 -1.0000 0.2465 0.4727
8.7698 49.1250 -16.4793 0.9323 0.3617 -0.0059 0.5437 0.6434
-11.6994 -23.9541 -14.5052 -0.9999 -0.0038 0.0157 0.5349 0.4548
10.1260 49.3218 24.8047 -0.4712 0.8682 -0.1558 0.8651 0.9088
-11.2873 50.7441 -4.2366 -0.9506 0.3104 0.0089 0.4776 0.0064
-11.2873 50.7441 -4.2366 -0.6736 0.7390 0.0043 0.9951 0.7359
11.2485 -30.9529 -5.1389 0.9998 -0.0078 -0.0175 0.7296 0.4865
-10.7205 37.9779 -24.8391 -0.5315 0.0093 -0.8470 0.1559 0.0814
11.0930 4.2859 25.3582 0.6439 0.0107 0.7651 0.0076 0.2864
5.8248 2.3858 26.0092 0.0149 -0.0034 0.9999 0.0391 0.2977
3.8726 -41.6274 -26.2566 0.0055 0.0118 -0.9999 0.2428 0.5588
11.9873 32.8545 23.6599 0.9997 0.0138 0.0197 0.8985 0.1023
10.9342 22.9324 25.5235 0.6582 -0.0006 0.7528 0.0084 0.1746
-11.7242 -2.1678 3.4778 -0.9999 -0.0034 0.0114 0.4283 0.3232
8.6487 -15.2812 -25.9166 0.0706 0.0052 -0.9975 0.2716 0.4008
-11.8334 18.4636 -24.1855 -0.8895 0.0243 -0.4563 0.5953 0.2011
-11.8334 18.4636 -24.1855 -0.5312 0.0121 -0.8472 0.1491 0.1983
10.3233 48.5451 -23.2318 0.9726 0.2278 -0.0459 0.6166 0.0110
-11.7590 22.1144 -1.7878 -1.0000 0.0002 -0.0046 0.4613 0.1779
-9.0418 -41.2851 -25.9522 -0.0384 0.0061 -0.9992 0.1654 0.5566
-3.7808 -37.5168 -26.1142 -0.0355 0.0128 -0.9993 0.1969 0.5341
-11.6317 -15.1886 -12.4224 -0.9998 -0.0035 0.0218 0.5229 0.4022
-11.7735 -33.2765 6.1169 -0.9999 0.0072 0.0135 0.4107 0.5095
8.9803 49.0502 -0.6635 0.9619 0.2732 -0.0136 0.5442 0.7382
11.0195 -10.7250 25.3333 0.6183 -0.0046 0.7860 0.0081 0.3764
-11.5598 -11.5048 -4.4603 -0.9998 -0.0086 -0.0157 0.4754 0.3796
-9.3908 -42.7261 25.6016 -0.0702 -0.0110 0.9975 0.1306 0.5681
5.0227 2.4479 -25.7474 0.0004 0.0174 -0.9998 0.2500 0.2945
9.7241 -38.8790 26.1378 0.2106 0.0173 0.9774 0.0160 0.5451
5.6291 -20.0373 25.9000 0.0146 0.0083 0.9999 0.0404 0.4322
1.4688 18.4718 -25.4906 -0.0354 -0.0053 -0.9994 0.2288 0.1984
11.1433 18.8259 -13.9197 1.0000 0.0012 -0.0020 0.6741 0.1886
-0.1240 -50.6222 -25.2850 -0.0340 0.1242 -0.9917 0.2188 0.6126
-11.5538 -14.5441 11.2981 -0.9997 -0.0007 0.0258 0.3807 0.3969
0.3094 51.6800 13.4047 0.0155 0.9998 -0.0158 0.9246 0.8409
10.1834 -3.6712 -25.1651 0.6026 0.0093 -0.7980 0.2809 0.3312
-11.7879 26.2266 -9.4455 -0.9996 -0.0173 0.0240 0.5074 0.1537
11.9447 14.8827 16.0201 0.9995 -0.0019 -0.0312 0.8538 0.2105
5.6632 -3.7230 -25.8516 0.0088 0.0149 -0.9999 0.2538 0.3315
-11.7144 13.5459 -9.7168 -0.9998 -0.0059 0.0213 0.5083 0.2297
11.5127 0.8843 0.6268 0.9998 -0.0097 -0.0189 0.7623 0.2953
1.5303 -18.7961 25.8197 -0.0166 0.0137 0.9998 0.0650 0.4247
10.9783 41.7330 -6.3671 0.9991 0.0398 -0.0136 0.7181 0.0508
-6.4465 -2.4577 25.8269 -0.0428 -0.0206 0.9989 0.1127 0.3267
-11.5719 37.7750 11.8615 -0.9988 -0.0119 0.0472 0.3804 0.0833
10.8500 23.1278 -24.3992 0.9467 0.0195 -0.3216 0.6111 0.1634
9.9685 30.5793 -25.2446 0.7002 0.0047 -0.7139 0.2798 0.1259
-11.3402 -49.2304 -23.5113 -0.9719 -0.2333 0.0313 0.5874 0.6069
-11.3402 -49.2304 -23.5113 -0.8097 -0.5862 -0.0294 0.5627 0.6283
-4.2927 -2.3131 25.8919 -0.0195 -0.0169 0.9997 0.0998 0.3258
10.3443 11.7116 25.9010 0.4065 -0.0007 0.9136 0.0120 0.2419
-11.8719 34.0332 -1.1371 -1.0000 -0.0089 -0.0014 0.4581 0.1064
11.0439 -44.4260 -10.7757 0.9998 -0.0186 0.0109 0.6966 0.5676
11.1821 -4.2587 -19.7936 0.9998 -0.0012 -0.0223 0.6402 0.3273
11.1483 28.3783 -12.9192 0.9999 -0.0111 -0.0025 0.6796 0.1313
-12.0150 8.4882 -17.6298 -0.9989 -0.0051 0.0473 0.5555 0.2605
9.0940 48.9699 -23.8480 0.4319 0.9016 -0.0217 0.8741 0.6173
-11.5688 -40.5916 17.0356 -0.9987 0.0202 0.0459 0.3449 0.5527
11.1811 -13.2759 -11.5593 0.9999 -0.0117 -0.0021 0.6901 0.3809
-1.7189 -49.6745 24.2063 0.0049 -0.7390 0.6737 0.7724 0.9041
-1.7189 -49.6745 24.2063 -0.0210 -0.0279 0.9994 0.0848 0.6099
11.3424 36.4794 0.7676 0.9992 0.0248 -0.0316 0.7611 0.0819
11.2278 -0.1614 -10.7495 0.9999 0.0061 -0.0124 0.6942 0.3022
-11.7482 -33.9122 -4.9440 -0.9995 0.0286 -0.0148 0.4770 0.5140
11.2288 0.5535 -10.3100 0.9999 0.0089 -0.0142 0.6968 0.2979
7.7177 -51.1807 -11.8875 0.0477 -0.9989 0.0048 0.6776 0.6970
11.4655 -31.7031 6.0263 0.9996 -0.0114 -0.0242 0.7966 0.4904
-11.4825 -36.6311 -24.8331 -0.7612 0.0116 -0.6484 0.1508 0.5286
10.4452 -11.1573 25.7301 0.3486 0.0076 0.9372 0.0115 0.3790
10.6909 0.5739 -24.7433 0.5621 0.0080 -0.8270 0.2840 0.3057
-0.2510 -51.4747 25.2553 0.0134 -0.9540 0.2995 0.6320 0.9202
-0.2510 -51.4747 25.2553 0.0076 0.2149 0.9766 0.0759 0.6206
7.8071 38.0344 -26.0740 0.0378 -0.0350 -0.9987 0.2669 0.0812
11.3480 1.6031 25.1589 0.6539 -0.0059 0.7566 0.0061 0.3025
11.1871 34.8496 -5.8517 0.9996 0.0118 -0.0247 0.7216 0.0921
11.1975 -11.6481 -13.9980 0.9999 0.0008 0.0108 0.6754 0.3713
-11.5751 -11.0779 -3.7801 -0.9998 -0.0095 -0.0179 0.4713 0.3770
10.0163 9.1077 -25.0634 0.5351 0.0035 -0.8448 0.2800 0.2546
-11.5782 -17.0538 -4.3898 -0.9997 0.0054 -0.0233 0.4746 0.4129
6.8644 -49.7956 -25.3809 -0.0245 -0.2122 -0.9769 0.2607 0.6077
-11.2669 -32.4940 21.1478 -0.9988 0.0027 0.0488 0.3207 0.5040
12.1114 2.6072 21.4792 0.9999 -0.0002 -0.0132 0.8872 0.2838
-0.4946 -37.4352 -26.2002 -0.0128 0.0112 -0.9999 0.2166 0.5336
9.7666 18.5788 -25.2408 0.4702 -0.0087 -0.8825 0.2785 0.1978
-11.6959 13.9000 -8.4843 -0.9998 -0.0111 0.0142 0.5010 0.2275
-11.6196 -10.1057 9.2330 -0.9998 -0.0005 0.0202 0.3934 0.3704
0.4339 -16.2785 -26.0182 -0.0404 0.0159 -0.9991 0.2223 0.4068
-1.6661 51.6954 13.7937 -0.0014 0.9999 -0.0137 0.9364 0.8434
-11.9933 16.6403 -23.5003 -0.9959 -0.0094 -0.0904 0.5911 0.2120
-11.8141 30.3373 -3.4185 -0.9998 -0.0187 -0.0009 0.4715 0.1287
11.2147 -6.1793 -15.3236 1.0000 -0.0008 0.0012 0.6671 0.3386
-10.9315 50.9746 -3.3994 -0.1659 0.9861 -0.0028 0.9930 0.7409
8.4760 -50.9532 -23.1181 0.1495 -0.9876 -0.0488 0.6815 0.6297
-11.8052 27.9653 -8.6203 -0.9993 -0.0242 0.0268 0.5026 0.1432
2.4721 50.3984 -24.7602 0.0477 0.5239 -0.8505 0.9138 0.6121
2.4721 50.3984 -24.7602 0.0444 0.4779 -0.8773 0.5086 0.6233
11.2215 5.1000 -9.2465 0.9995 0.0089 -0.0295 0.7029 0.2706
5.4897 40.2346 -26.1869 -0.0165 -0.0476 -0.9987 0.2530 0.0680
9.7086 -48.4221 14.5231 -0.8523 -0.4130 0.3208 0.4988 0.6214
9.7086 -48.4221 14.5231 -0.6751 -0.7116 0.1947 0.8403 0.8453
11.6300 25.2800 4.3471 0.9996 0.0027 -0.0287 0.7832 0.1489
-4.3228 3.6991 25.9819 -0.0089 -0.0144 0.9999 0.1000 0.2898
7.2491 -51.4294 25.6377 -0.1581 0.1018 0.9822 0.0309 0.6204
-0.1851 25.1956 -25.5502 -0.0381 -0.0294 -0.9988 0.2189 0.1581
-8.7207 51.3251 25.7038 -0.1371 0.6321 0.7627 0.9780 0.9152
-8.7207 51.3251 25.7038 -0.0107 -0.1099 0.9939 0.1261 0.0043
11.7824 35.1249 14.1134 0.9994 0.0223 -0.0251 0.8412 0.0893
9.4321 48.8220 -21.6523 -0.0643 0.9962 0.0587 0.8720 0.6304
-10.2518 2.7832 25.8541 -0.0849 -0.0128 0.9963 0.1355 0.2953
-10.7371 -45.3395 -25.5314 -0.4719 0.0178 -0.8815 0.1552 0.5809
2.7869 -39.0020 -26.2221 0.0049 0.0158 -0.9999 0.2363 0.5430
8.8722 50.0881 4.3808 0.8590 0.5091 -0.0541 0.8738 0.7864
8.8722 50.0881 4.3808 0.9576 0.2876 -0.0158 0.5507 0.7684
-11.7305 21.2000 -24.2186 -0.5738 0.0094 -0.8190 0.1497 0.1819
-10.3159 29.2483 26.0589 -0.4023 0.0069 0.9155 0.1357 0.1366
4.4567 16.1611 -25.5593 -0.0090 0.0043 -1.0000 0.2467 0.2123
11.4944 8.1592 0.0281 0.9995 -0.0018 -0.0315 0.7583 0.2517
9.6999 -49.0924 1.2213 0.9081 -0.4160 -0.0487 0.7080 0.7600
9.6999 -49.0924 1.2213 0.3854 -0.9204 -0.0654 0.8395 0.7656
-4.0726 -22.7925 -25.9302 -0.0403 0.0117 -0.9991 0.1953 0.4458
11.1375 9.6415 -10.5096 0.9999 0.0067 -0.0155 0.6951 0.2435
-6.2330 -13.2304 -25.6623 -0.0525 0.0188 -0.9984 0.1824 0.3884
2.3748 50.9162 -15.7362 0.1159 0.9931 -0.0158 0.9139 0.6662
1.6621 -49.4063 24.4089 -0.0030 -0.9225 0.3859 0.7926 0.9051
9.3377 -48.2134 14.2125 0.2115 -0.7086 0.6732 0.8381 0.8434
9.3377 -48.2134 14.2125 0.9727 -0.0318 0.2299 0.7140 0.8378
-1.1867 -9.7104 25.8315 -0.0194 -0.0157 0.9997 0.0812 0.3702
7.6886 25.1352 25.9697 0.0383 0.0004 0.9993 0.0278 0.1614
11.1141 13.2078 -12.9110 1.0000 -0.0007 0.0005 0.6805 0.2222
-11.7329 -27.7653 -0.7224 -0.9999 -0.0002 -0.0161 0.4520 0.4769
11.0870 24.4342 -18.6874 0.9995 0.0122 -0.0295 0.6452 0.1552
11.4632 -34.0108 7.1149 0.9995 -0.0146 -0.0276 0.8032 0.5041
11.0512 12.8873 -22.9338 0.9997 0.0007 -0.0237 0.6204 0.2247
-5.5778 -8.7521 -25.6041 -0.0552 0.0212 -0.9983 0.1864 0.3616
11.2761 -35.3791 -17.8566 1.0000 -0.0064 0.0027 0.6536 0.5138
-4.3016 -49.8559 -25.1414 -0.0319 0.5172 -0.8553 0.1938 0.6080
-0.4196 15.4968 -25.4119 -0.0480 0.0068 -0.9988 0.2174 0.2162
-12.0445 17.9807 -17.5264 -0.9992 -0.0038 0.0408 0.5554 0.2036
-11.7813 -6.5557 -15.7343 -0.9991 -0.0056 0.0412 0.5432 0.3506
-10.7671 38.2055 24.4245 -0.9955 -0.0079 0.0947 0.3051 0.0800
-4.7220 8.3999 26.0245 -0.0289 0.0044 0.9996 0.1023 0.2616
11.1510 32.8777 -9.5041 0.9998 0.0165 -0.0114 0.6998 0.1041
10.8122 45.3035 -5.3107 0.9981 0.0602 -0.0123 0.7242 0.0294
7.1342 -48.5309 26.2930 -0.0118 -0.2245 0.9744 0.0316 0.6030
7.1342 -48.5309 26.2930 0.0631 -0.5334 0.8435 0.8256 0.9160
-11.7334 -24.3408 -20.6628 -0.9999 -0.0117 -0.0015 0.5718 0.4575
11.6517 39.6884 14.1789 0.9991 0.0340 -0.0238 0.8413 0.0619
-4.0725 28.5016 -25.4931 -0.0619 -0.0354 -0.9975 0.1956 0.1383
-5.5704 41.5374 26.2534 -0.0287 -0.0123 0.9995 0.1072 0.0629
8.3685 -51.6805 23.9379 0.3729 -0.9275 0.0274 0.6836 0.9118
11.9995 31.1111 23.8970 0.9841 0.0015 0.1775 0.9001 0.1128
11.4562 -33.6251 25.0688 0.6177 -0.0111 0.7864 0.0056 0.5137
11.4562 -33.6251 25.0688 0.8637 -0.0241 0.5034 0.9108 0.5008
-11.7469 -5.8378 -24.2857 -0.9008 0.0095 -0.4342 0.5945 0.3468
8.5541 50.3211 -2.9444 0.6861 0.7269 -0.0305 0.8761 0.7425
11.4362 -20.8834 1.1020 0.9998 -0.0041 -0.0189 0.7664 0.4258
-4.7228 -13.8052 25.7013 -0.0259 -0.0091 0.9996 0.1025 0.3947
9.9962 -49.0109 -15.8526 -0.2925 -0.9561 -0.0169 0.8403 0.6632
1.9839 -28.3929 -26.1437 -0.0060 0.0045 -1.0000 0.2315 0.4794
10.7738 45.4989 -8.2608 0.9985 0.0543 -0.0076 0.7065 0.0284
-4.0936 -7.8212 25.7990 -0.0253 -0.0172 0.9995 0.0987 0.3589
-9.6500 50.4799 -24.6802 0.0023 0.1579 -0.9875 0.1624 0.0064
-5.7543 47.4588 -25.5763 -0.1149 0.0901 -0.9893 0.1856 0.0246
-8.4499 -51.1662 24.9287 -0.1095 -0.9033 0.4147 0.5828 0.9187
-8.4499 -51.1662 24.9287 -0.0377 0.2342 0.9714 0.1251 0.6187
11.0867 6.7350 -23.1085 0.9998 0.0069 -0.0162 0.6197 0.2616
-2.3807 51.3258 -12.7580 0.0384 0.9993 -0.0012 0.9422 0.6843
-10.5156 46.5417 25.9679 -0.2811 0.0113 0.9596 0.1368 0.0329
-10.5156 46.5417 25.9679 -0.9295 -0.0331 0.3672 0.2964 0.0299
11.9313 17.4044 15.3483 0.9995 -0.0030 -0.0316 0.8496 0.1954
11.4685 47.7809 20.9969 0.9975 0.0652 -0.0289 0.8818 0.0130
10.9509 23.3230 -23.4587 0.9995 0.0136 -0.0280 0.6167 0.1622
-11.5819 -33.0248 13.8160 -0.9993 0.0095 0.0371 0.3646 0.5076
0.6810 23.7492 26.1071 0.0015 -0.0025 1.0000 0.0698 0.1696
10.4688 -49.1197 -19.3412 -0.1417 -0.9899 0.0018 0.8429 0.6423
-11.8356 -13.7303 -17.4963 -0.9993 -0.0000 0.0370 0.5534 0.3937
-11.5919 -12.3406 10.1812 -0.9997 -0.0053 0.0251 0.3876 0.3838
11.9875 13.5661 17.3734 0.9995 -0.0005 -0.0325 0.8620 0.2183
-11.5994 49.2576 -7.2676 -0.9908 0.1349 0.0084 0.4957 0.0155
11.8802 -1.6637 14.0547 0.9994 -0.0045 -0.0335 0.8429 0.3098
-10.9595 -1.2637 24.7054 -0.9951 0.0148 0.0973 0.3012 0.3166
-11.5813 -4.3044 11.2268 -0.9998 -0.0035 0.0219 0.3818 0.3355
-11.9068 -44.6480 6.4527 -0.9995 -0.0298 0.0072 0.4080 0.5777
-0.2671 -22.5420 -26.0644 -0.0365 0.0073 -0.9993 0.2181 0.4443
0.8967 -1.6164 25.9774 -0.0114 -0.0142 0.9998 0.0687 0.3217
11.2489 -4.8471 -9.0321 0.9998 -0.0045 -0.0200 0.7048 0.3302
-11.7654 16.7143 -11.2818 -0.9998 -0.0035 0.0193 0.5179 0.2108
8.5204 45.5240 -26.4287 0.0377 -0.0497 -0.9981 0.2712 0.0364
11.4171 -12.5802 -2.6229 0.9997 -0.0040 -0.0255 0.7436 0.3762
6.0405 -21.9504 -26.1024 0.0165 0.0068 -0.9998 0.2559 0.4408
11.0993 -45.6348 -14.9944 0.9996 -0.0199 0.0190 0.6714 0.5751
-8.7567 -0.5328 -25.2793 -0.0161 0.0210 -0.9996 0.1674 0.3123
9.4601 45.5718 -25.7217 0.9956 -0.0258 -0.0899 0.5308 0.6374
11.6800 42.8718 20.8673 0.9992 0.0345 -0.0192 0.8812 0.0425
-11.2509 -17.4869 -24.8595 -0.6383 0.0079 -0.7698 0.1523 0.4139
10.4040 -49.0551 -7.4734 0.0391 -0.9991 -0.0168 0.8432 0.7134
10.7087 46.4901 25.9210 0.7765 -0.0042 0.6301 0.0096 0.0334
-0.5366 14.0041 26.0607 -0.0149 0.0089 0.9998 0.0772 0.2280
-11.7127 -33.6076 10.0419 -0.9995 0.0179 0.0265 0.3872 0.5113
-11.0913 50.9338 -6.5227 -0.4358 0.9000 0.0066 0.9941 0.7222
0.1855 50.9536 -24.3037 0.1122 0.9812 -0.1569 0.9275 0.6149
8.6115 -51.4133 23.9859 0.9211 -0.3873 0.0398 0.6954 0.8966
8.6115 -51.4133 23.9859 0.8313 -0.5544 0.0406 0.6851 0.9120
9.6995 48.9225 0.5568 -0.1207 0.9927 0.0063 0.8691 0.7635
-0.9497 51.2624 -7.6242 0.0479 0.9988 -0.0057 0.9334 0.7150
11.4245 17.5638 -3.1189 0.9990 -0.0054 -0.0450 0.7389 0.1955
-11.5835 -23.9464 -10.3523 -0.9998 0.0107 0.0183 0.5100 0.4545
5.7272 8.5334 -25.6404 0.0135 0.0116 -0.9998 0.2542 0.2580
-10.8503 8.3376 23.9072 -0.9953 0.0061 0.0965 0.3065 0.2590
-11.6009 -10.2809 10.1382 -0.9998 -0.0007 0.0221 0.3879 0.3714
0.9822 -51.5486 9.0241 -0.0176 -0.9996 -0.0207 0.6385 0.8228
3.1657 9.1184 26.0474 0.0096 0.0041 0.9999 0.0550 0.2574
10.6233 -3.8180 -24.8455 0.5985 0.0114 -0.8010 0.2836 0.3321
9.5102 43.7874 -25.8899 0.9990 0.0272 0.0346 0.5299 0.6481
-11.8974 27.5542 -12.3153 -0.9998 -0.0078 0.0203 0.5247 0.1459
5.4940 8.5095 26.0172 0.0212 -0.0020 0.9998 0.0411 0.2610
9.5540 48.7882 -6.9548 -0.2985 0.9544 -0.0052 0.8704 0.7185
11.3138 -17.3245 -5.7297 0.9997 -0.0008 -0.0262 0.7253 0.4048
-11.4631 3.4179 13.0187 -0.9993 0.0102 0.0350 0.3715 0.2892
-11.6492 47.3741 8.9626 -0.9983 0.0538 0.0224 0.3983 0.0259
10.8728 -48.9634 -14.5483 0.5204 -0.8538 0.0098 0.8456 0.6710
10.8728 -48.9634 -14.5483 0.9454 -0.3242 0.0330 0.6743 0.5950
-10.8807 34.7000 22.5574 -0.9969 -0.0067 0.0784 0.3161 0.1011
8.4583 -51.0276 -1.7240 0.1261 -0.9920 -0.0106 0.6827 0.7579
-4.0956 51.6673 25.6905 -0.0138 0.9946 0.1030 0.9503 0.9148
-4.0956 51.6673 25.6905 -0.0990 0.4076 0.9078 0.0983 0.0023
-7.9286 -50.6211 -4.0222 -0.1501 -0.9887 -0.0036 0.5843 0.7451
-11.8601 -40.5220 9.1056 -0.9996 0.0121 0.0248 0.3924 0.5528
9.6704 48.8234 -16.5341 -0.3198 0.9471 -0.0259 0.8702 0.6611
11.3398 -21.0703 -4.5791 0.9997 -0.0042 -0.0236 0.7324 0.4272
11.0855 40.0290 -3.8253 0.9984 0.0440 -0.0352 0.7334 0.0609
-11.7382 20.3164 1.8866 -0.9999 -0.0020 0.0129 0.4392 0.1885
6.4726 51.0595 7.5396 0.1245 0.9918 -0.0297 0.8880 0.8054
5.8928 -51.3730 25.4710 -0.0337 0.2197 0.9750 0.0391 0.6200
10.7039 -40.4940 -25.0642 0.4570 -0.0099 -0.8894 0.2838 0.5519
-11.3194 -50.1669 24.8240 -0.9616 -0.0935 0.2582 0.2976 0.6097
-7.2318 -49.8261 24.6270 0.1505 -0.8602 0.4872 0.7393 0.9069
11.3707 -16.8417 -3.3710 0.9998 -0.0020 -0.0215 0.7394 0.4018
10.9611 -22.1695 -24.7500 0.7321 0.0014 -0.6812 0.2855 0.4421
10.9611 -22.1695 -24.7500 0.9188 -0.0005 -0.3946 0.6116 0.4350
9.8588 49.2583 25.3239 0.1040 0.9812 -0.1627 0.8667 0.9120
11.5884 8.9735 2.4233 0.9995 -0.0054 -0.0318 0.7726 0.2467
9.9728 48.8981 20.2895 -0.4290 0.9029 -0.0282 0.8663 0.8818
-11.6347 -25.6748 -10.9224 -0.9994 0.0211 0.0263 0.5133 0.4649
4.9845 9.5706 26.0270 0.0148 0.0026 0.9999 0.0441 0.2547
11.4965 27.1280 0.3979 0.9992 0.0097 -0.0389 0.7595 0.1380
-11.5767 -10.1292 -3.7921 -0.9999 0.0056 -0.0142 0.4715 0.3713
-11.5794 -17.4496 10.3974 -0.9998 0.0015 0.0210 0.3860 0.4144
-11.6702 46.5400 -24.0903 -0.7047 -0.0134 -0.7094 0.1503 0.0300
8.5969 8.9750 25.9335 -0.0009 -0.0058 1.0000 0.0225 0.2583
9.7451 -48.9323 8.1303 -0.1372 -0.9875 0.0780 0.8402 0.8070
11.9074 -28.0065 18.5720 0.9995 -0.0130 -0.0272 0.8715 0.4675
-11.5156 -34.6519 15.9055 -0.9990 0.0113 0.0421 0.3520 0.5172
11.1247 12.7636 -10.8573 0.9999 -0.0012 -0.0106 0.6928 0.2248
-11.2061 29.5477 17.4384 -0.9984 -0.0078 0.0559 0.3465 0.1323
1.6997 -51.7295 25.3677 -0.0417 -0.9346 0.3533 0.6437 0.9207
9.1604 -3.5462 -25.6906 0.1785 0.0125 -0.9839 0.2747 0.3305
-10.9478 20.9579 21.3090 -0.9981 0.0017 0.0611 0.3228 0.1835
-1.6974 -51.1511 -11.3102 -0.0482 -0.9988 -0.0121 0.6212 0.7010
-6.6954 12.8318 -25.0294 -0.0696 0.0101 -0.9975 0.1798 0.2322
11.3089 17.2557 -5.5134 0.9991 -0.0042 -0.0426 0.7246 0.1975
6.8402 4.1684 25.9835 0.0319 0.0003 0.9995 0.0330 0.2871
9.4780 -47.8539 15.2439 -0.0814 -0.9864 0.1430 0.8390 0.8496
-10.5242 23.8299 25.8379 -0.7966 0.0016 0.6044 0.1370 0.1691
-10.5242 23.8299 25.8379 -0.9710 0.0100 0.2390 0.2959 0.1661
9.2306 -49.3214 11.5476 0.9885 -0.1450 0.0419 0.7072 0.8219
-11.6242 -33.4615 -24.5057 -0.9994 -0.0056 -0.0347 0.5943 0.5124
11.5202 -24.4829 5.5580 0.9998 -0.0071 -0.0211 0.7933 0.4471
9.0662 28.6078 -25.7313 0.0627 -0.0352 -0.9974 0.2744 0.1377
5.2769 49.9660 -25.7638 0.0092 0.9974 0.0715 0.8971 0.6059
11.3228 49.4155 23.7650 0.9472 0.3173 -0.0467 0.8983 0.0031
11.3228 49.4155 23.7650 0.7500 0.6608 -0.0278 0.8580 0.9025
-11.7502 21.2351 0.8283 -1.0000 -0.0027 0.0094 0.4456 0.1830
-10.9669 7.8275 22.5349 -0.9977 0.0125 0.0661 0.3147 0.2622
10.7127 -49.0701 -15.4041 0.2526 -0.9674 0.0175 0.8446 0.6659
-11.5595 -6.8320 -4.8065 -0.9999 0.0015 -0.0108 0.4777 0.3516
-0.0241 -9.2960 -25.8635 -0.0535 0.0171 -0.9984 0.2196 0.3649
9.6961 39.0437 -25.5255 0.9037 0.0333 -0.4269 0.5323 0.6765
9.6961 39.0437 -25.5255 0.8305 0.0545 -0.5544 0.2782 0.0752
11.5192 11.4268 0.0190 0.9995 0.0037 -0.0325 0.7581 0.2322
-11.6822 1.2557 5.8915 -0.9997 -0.0007 0.0254 0.4141 0.3025
-9.8975 -41.8668 -25.8815 -0.2951 0.0064 -0.9555 0.1603 0.5601
10.8425 49.4252 23.8914 -0.3728 0.9037 -0.2104 0.8609 0.9033
2.1824 51.7062 22.3276 0.0560 0.9984 -0.0112 0.9129 0.8943
10.7247 36.9089 25.7779 0.5660 -0.0020 0.8244 0.0096 0.0908
-6.5062 4.3508 25.9243 -0.0527 -0.0090 0.9986 0.1130 0.2859
-9.7896 0.1108 25.8120 0.0077 -0.0347 0.9994 0.1328 0.3113
-4.7759 -49.5065 -25.0606 -0.0727 -0.3783 -0.9228 0.1910 0.6059
-11.6510 0.8973 -1.3595 -0.9997 0.0028 -0.0255 0.4575 0.3051
10.6289 47.4542 -12.2379 0.9976 0.0683 -0.0058 0.6826 0.0169
10.1221 19.2346 -24.9901 0.5673 -0.0029 -0.8235 0.2807 0.1939
10.0829 -34.2427 -25.5593 0.7289 0.0109 -0.6846 0.2801 0.5145
-6.8219 51.0592 25.6317 0.0377 -0.2821 0.9587 0.1147 0.0059
-7.4194 50.6009 -24.6823 -0.0545 0.2722 -0.9607 0.1757 0.0057
11.2562 4.5357 -8.1900 0.9995 0.0051 -0.0305 0.7093 0.2739
9.5915 0.1383 25.9040 0.0424 0.0014 0.9991 0.0166 0.3112
9.5467 -48.7445 25.3034 -0.3505 -0.2811 -0.8934 0.4754 0.6207
-9.7280 -39.2089 -25.8969 -0.1301 0.0005 -0.9915 0.1613 0.5442
11.4340 3.7696 25.0652 0.6655 0.0127 0.7463 0.0056 0.2895
11.9628 3.2192 16.0671 0.9995 0.0003 -0.0328 0.8547 0.2804
-6.1778 -45.1003 -25.8961 -0.0484 -0.0753 -0.9960 0.1825 0.5795
-10.0528 28.9685 26.0765 -0.0198 -0.0024 0.9998 0.1342 0.1383
4.7451 -0.3129 -25.7958 -0.0031 0.0180 -0.9998 0.2483 0.3111
0.4189 50.6807 -24.7088 0.0287 0.4406 -0.8972 0.2227 0.0053
-11.9527 -43.1602 3.2968 -1.0000 -0.0033 0.0029 0.4270 0.5689
-6.9341 -31.5076 -25.8975 -0.0557 0.0152 -0.9983 0.1781 0.4980
9.0821 -5.7977 -25.7435 0.1141 0.0177 -0.9933 0.2743 0.3440
-10.2714 -0.5350 25.7789 -0.0495 -0.0552 0.9972 0.1357 0.3152
8.9062 48.7350 -18.6313 0.9330 0.3599 0.0050 0.5413 0.6305
8.9062 48.7350 -18.6313 0.2827 0.9591 0.0142 0.8749 0.6486
-11.7149 -5.1680 3.3138 -1.0000 -0.0028 0.0089 0.4291 0.3412
6.2469 -51.1021 -23.2208 0.0339 -0.9986 -0.0402 0.6682 0.6292
-8.7086 21.3349 -24.9273 -0.0167 -0.0259 -0.9995 0.1678 0.1812
11.3580 -22.4431 -3.4347 0.9998 -0.0061 -0.0212 0.7393 0.4354
8.8367 -51.2329 8.3570 0.6654 -0.7465 -0.0037 0.6855 0.8183
-11.7086 8.5626 0.5972 -1.0000 -0.0021 -0.0057 0.4462 0.2590
3.8984 -51.1535 -21.9842 -0.0132 -0.9996 -0.0265 0.6542 0.6367
0.2198 42.6025 26.3947 -0.0170 -0.0243 0.9996 0.0725 0.0566
7.8106 -8.5939 25.9119 0.0091 -0.0071 0.9999 0.0273 0.3636
-11.8381 -46.4997 1.7648 -0.9984 -0.0557 -0.0060 0.4360 0.5890
-11.6294 -39.3824 15.1528 -0.9988 0.0204 0.0453 0.3562 0.5456
11.4241 -8.0166 -2.6485 0.9997 -0.0042 -0.0246 0.7432 0.3489
10.4439 -0.8076 -24.9094 0.5595 -0.0005 -0.8288 0.2825 0.3140
-11.2742 7.8759 16.3828 -0.9989 0.0085 0.0452 0.3516 0.2622
4.7646 17.9619 26.0616 0.0241 -0.0029 0.9997 0.0454 0.2044
12.0700 -12.4659 24.1864 0.9953 -0.0067 0.0962 0.9043 0.3740
10.5948 45.1927 -20.2959 0.9985 0.0346 -0.0415 0.6344 0.0309
11.1460 23.1794 -15.6876 1.0000 0.0000 0.0076 0.6633 0.1626
1.3137 51.4779 5.3288 0.0401 0.9989 -0.0250 0.9191 0.7925
9.4291 30.9784 25.9406 0.0452 -0.0179 0.9988 0.0174 0.1264
10.7809 49.0271 13.1917 -0.0570 0.9976 -0.0400 0.8619 0.8392
11.1337 27.0402 -14.0326 1.0000 -0.0060 0.0039 0.6730 0.1394
11.3028 36.0254 -0.7784 0.9995 0.0180 -0.0270 0.7519 0.0847
-11.8034 24.2029 -24.1607 -0.9691 0.0020 -0.2469 0.5955 0.1667
-11.8034 24.2029 -24.1607 -0.5693 -0.0036 -0.8221 0.1493 0.1639
11.2999 -3.6492 -7.1731 0.9995 -0.0031 -0.0302 0.7158 0.3229
-11.5072 -16.5327 13.2172 -0.9996 0.0031 0.0271 0.3691 0.4087
10.9014 14.0141 -24.4941 0.7220 0.0087 -0.6919 0.2853 0.2252
-7.8337 -15.6868 -25.6252 -0.0342 0.0175 -0.9993 0.1728 0.4031
-8.1489 10.5801 25.9440 0.0197 -0.0110 0.9997 0.1229 0.2485
1.4327 -4.0672 25.9504 -0.0086 -0.0139 0.9999 0.0655 0.3364
11.1179 10.0297 -19.4036 0.9998 0.0061 -0.0192 0.6418 0.2416
11.2135 -1.8387 -13.1636 1.0000 0.0060 -0.0060 0.6798 0.3124
10.9198 -48.5720 -0.5152 0.9891 -0.1468 -0.0146 0.7584 0.5919
-0.9968 51.0298 25.6115 0.0097 -0.1575 0.9875 0.0798 0.0061
10.3756 34.5086 -24.8404 0.7419 0.0156 -0.6703 0.2823 0.1023
-11.2780 11.5318 15.7159 -0.9990 0.0075 0.0452 0.3558 0.2404
-11.8467 31.8808 -4.0384 -0.9999 -0.0152 0.0040 0.4753 0.1195
-5.7663 -50.1636 -25.3854 0.0480 0.1813 -0.9823 0.1850 0.6098
1.3150 50.9586 25.6709 -0.0371 -0.0315 0.9988 0.0659 0.0065
9.5644 47.6949 -25.4642 0.9330 0.0026 -0.3597 0.5322 0.6246
9.5644 47.6949 -25.4642 0.6919 -0.0345 -0.7211 0.2775 0.0233
-7.9804 -51.3233 23.8371 -0.1027 -0.9944 -0.0240 0.5856 0.9121
-11.5283 10.6279 9.6135 -0.9993 0.0062 0.0356 0.3923 0.2461
-11.2585 -50.1107 3.8897 -0.3767 -0.9262 -0.0179 0.5648 0.7926
1.5974 6.6765 26.0494 0.0024 -0.0058 1.0000 0.0644 0.2720
-11.9257 30.3090 -13.3288 -0.9998 -0.0039 0.0197 0.5309 0.1295
-11.7787 40.2443 7.6391 -0.9994 -0.0088 0.0347 0.4058 0.0687
-11.6736 -15.5987 5.3478 -0.9998 0.0005 0.0179 0.4164 0.4036
11.1666 4.9477 -13.0836 0.9998 0.0175 -0.0027 0.6799 0.2717
8.3752 50.2134 -9.0299 0.4061 0.9133 -0.0299 0.8776 0.7061
-11.6505 -20.0608 -13.4454 -0.9992 0.0075 0.0389 0.5288 0.4314
10.4296 -49.1258 4.4359 -0.1701 -0.9839 -0.0555 0.8441 0.7848
-5.3743 37.8405 -25.6712 -0.0813 -0.0217 -0.9965 0.1879 0.0823
8.8263 -51.2556 12.7559 0.7588 -0.6513 -0.0029 0.6857 0.8447
11.4385 29.4586 -1.0078 0.9998 0.0091 -0.0185 0.7509 0.1241
9.8959 49.0867 24.1808 0.0235 0.9881 -0.1518 0.8665 0.9051
11.1395 19.0582 -18.0109 1.0000 -0.0018 -0.0023 0.6496 0.1874
11.1679 34.8393 -6.7619 0.9997 0.0101 -0.0203 0.7161 0.0922
9.4022 42.2908 -25.8955 0.9936 -0.0029 -0.1127 0.5299 0.6570
1.3756 34.8459 26.2093 0.0024 -0.0275 0.9996 0.0656 0.1031
7.1720 30.1539 -25.8600 0.0252 -0.0303 -0.9992 0.2630 0.1285
11.3272 -37.0795 2.9316 0.9996 -0.0196 -0.0214 0.7783 0.5228
6.4283 -51.3858 25.4838 -0.0300 0.4175 0.9082 0.0359 0.6201
-8.1231 14.1765 -24.9200 -0.0524 0.0126 -0.9985 0.1713 0.2241
-11.2235 50.9622 -22.1297 -0.8868 0.4620 0.0131 0.5849 0.0062
-11.2235 50.9622 -22.1297 -0.2613 0.9649 -0.0273 0.9958 0.6286
-10.2857 -36.2528 -25.7184 -0.3780 0.0278 -0.9254 0.1580 0.5264
11.1114 -48.8094 13.3168 0.9953 -0.0953 -0.0165 0.8413 0.5925
11.1178 -47.4528 -18.2651 0.9995 -0.0279 0.0171 0.6519 0.5862
-11.1031 50.7989 -24.2403 -0.5912 0.7494 -0.2980 0.9952 0.6160
7.2947 44.2324 26.4672 0.0154 -0.0452 0.9989 0.0300 0.0469
10.4447 24.2441 25.8843 0.2981 0.0048 0.9545 0.0113 0.1667
-11.9072 -37.4645 4.0063 -0.9997 0.0206 0.0114 0.4231 0.5347
-11.7519 23.0712 -3.3571 -1.0000 -0.0044 -0.0022 0.4707 0.1723
11.2139 -7.3440 -16.6195 1.0000 0.0002 -0.0042 0.6594 0.3456
-9.2439 -22.3910 25.5653 -0.0503 0.0129 0.9987 0.1296 0.4462
10.4158 46.4024 -23.1571 0.9977 0.0300 -0.0602 0.6172 0.0238
-8.2318 -9.4997 25.6590 -0.0189 -0.0156 0.9997 0.1235 0.3689
2.8968 42.3656 26.4190 -0.0034 -0.0338 0.9994 0.0564 0.0580
11.2329 -24.2186 -14.7062 0.9999 0.0123 0.0107 0.6719 0.4467
11.0873 17.3312 -20.9747 0.9996 0.0048 -0.0261 0.6319 0.1980
8.7640 28.7281 25.9380 0.0378 -0.0082 0.9993 0.0214 0.1398
11.6220 42.8712 17.9054 0.9991 0.0364 -0.0210 0.8635 0.0426
-0.2592 -24.6500 -26.0816 -0.0268 0.0089 -0.9996 0.2181 0.4570
11.2362 -37.9406 -16.4594 0.9999 -0.0138 0.0096 0.6622 0.5290
11.4477 -18.5484 0.0351 0.9998 -0.0037 -0.0210 0.7599 0.4118
-11.3233 -16.6216 19.2089 -0.9993 0.0019 0.0367 0.3332 0.4089
7.5723 -30.1152 -26.0840 0.0445 0.0023 -0.9990 0.2650 0.4898
11.7458 -38.0641 19.6571 0.9993 -0.0241 -0.0270 0.8786 0.5277
10.8018 38.0888 -20.7382 0.9988 0.0273 -0.0416 0.6322 0.0735
-11.0314 50.8621 9.8979 -0.5751 0.8180 0.0096 0.9928 0.8206
8.1344 -32.4865 -26.0504 0.0639 0.0033 -0.9979 0.2684 0.5040
11.2814 -33.1738 -16.4222 1.0000 -0.0039 0.0054 0.6621 0.5005
-8.8968 39.7812 26.1430 -0.0325 -0.0078 0.9994 0.1272 0.0735
-11.4709 -13.1061 14.5134 -0.9996 -0.0036 0.0275 0.3616 0.3881
-0.8182 -49.8587 24.2589 -0.0133 0.4020 0.9155 0.0794 0.6110
-8.1265 -24.1356 25.6316 -0.0373 0.0110 0.9992 0.1229 0.4567
10.9548 -48.6786 -14.0578 0.9765 -0.2121 0.0391 0.6772 0.5933
0.9903 13.2071 26.0673 0.0077 -0.0023 1.0000 0.0680 0.2328
-11.5495 -7.1155 -7.0947 -1.0000 -0.0044 0.0023 0.4914 0.3535
-11.5985 4.9432 -7.5389 -0.9998 -0.0180 0.0057 0.4948 0.2812
-10.1893 -31.2189 -25.7047 -0.3405 -0.0091 -0.9402 0.1586 0.4962
11.1634 7.0872 -18.2841 0.9999 0.0066 -0.0140 0.6486 0.2592
9.2505 -13.8513 25.8124 0.0039 -0.0135 0.9999 0.0187 0.3951
8.6717 49.8106 -26.4847 0.4512 0.8797 -0.1502 0.8768 0.6014
8.6717 49.8106 -26.4847 0.1982 0.1670 -0.9658 0.2721 0.0107
-7.4220 14.1918 25.9678 -0.0033 -0.0064 1.0000 0.1185 0.2269
9.7261 -49.1944 -24.5948 0.9185 -0.3812 0.1048 0.7059 0.6052
-9.0492 -5.9206 -25.4065 0.0127 0.0346 -0.9993 0.1656 0.3446
0.1266 51.1810 -9.4593 0.0692 0.9975 -0.0143 0.9270 0.7039
-9.4377 4.4670 25.8701 0.0403 -0.0234 0.9989 0.1306 0.2852
-1.2572 -4.3541 25.9115 -0.0169 -0.0141 0.9998 0.0816 0.3381
-8.1697 51.0304 -24.5927 0.0097 0.1261 -0.9920 0.1712 0.0031
11.9014 -14.8463 15.7934 0.9993 -0.0047 -0.0379 0.8541 0.3887
-8.8747 51.2075 10.8316 -0.1015 0.9948 -0.0100 0.9798 0.8260
11.3819 23.8531 -3.9384 0.9993 0.0087 -0.0376 0.7337 0.1579
11.6862 35.0861 10.4868 0.9994 0.0221 -0.0276 0.8195 0.0897
2.7970 44.6282 26.4958 -0.0125 -0.0345 0.9993 0.0570 0.0445
-11.7478 -40.6340 12.8586 -0.9993 0.0159 0.0348 0.3699 0.5532
-11.7144 -32.4352 -17.5271 -0.9999 0.0140 -0.0014 0.5525 0.5058
9.1492 -42.9468 -26.1373 0.0904 0.0260 -0.9956 0.2744 0.5667
-9.8733 -49.9390 -24.6412 -0.1853 -0.9753 -0.1205 0.5715 0.6215
10.5705 -6.3183 -24.9100 0.5939 0.0178 -0.8043 0.2832 0.3471
-0.2010 -3.4082 25.9417 -0.0140 -0.0125 0.9998 0.0753 0.3324
11.0547 42.4080 -1.2296 0.9982 0.0553 -0.0247 0.7488 0.0465
9.8333 48.8250 20.7321 -0.3863 0.9218 -0.0313 0.8671 0.8845
11.6520 21.6410 4.5573 0.9996 0.0022 -0.0267 0.7847 0.1707
-11.3335 50.2344 13.0534 -0.9594 0.2814 0.0169 0.3740 0.0085
11.2014 -20.7605 -15.4560 0.9998 0.0119 0.0161 0.6672 0.4260
-10.4869 -5.7653 25.6967 0.0075 -0.0064 1.0000 0.1370 0.3465
-11.1522 -18.7609 23.5345 -0.9990 0.0003 0.0444 0.3072 0.4215
-10.4863 -15.1168 25.5331 -0.0733 -0.0081 0.9973 0.1370 0.4026
3.6195 51.2258 25.8492 -0.0544 -0.1307 0.9899 0.0521 0.0049
-10.6269 28.5965 25.2196 -0.9944 -0.0014 0.1059 0.2998 0.1375
3.2066 31.4212 26.1406 0.0093 -0.0118 0.9999 0.0546 0.1237
-9.7357 -1.1829 -25.2917 -0.0214 0.0207 -0.9996 0.1615 0.3162
-11.7666 47.2679 0.4098 -0.9966 0.0820 0.0068 0.4496 0.0270
11.4876 -0.1211 -0.5474 0.9999 -0.0018 -0.0168 0.7554 0.3014
11.3826 13.4055 -3.5871 0.9991 -0.0011 -0.0416 0.7364 0.2205
-11.7395 14.7164 0.8050 -1.0000 -0.0051 0.0067 0.4453 0.2221
11.1954 35.8650 -5.2494 0.9996 0.0123 -0.0266 0.7251 0.0860
11.1157 12.6654 -12.2809 1.0000 -0.0016 -0.0043 0.6843 0.2254
-10.4493 0.6462 -25.1361 -0.4397 0.0159 -0.8980 0.1572 0.3052
8.8258 34.3776 26.0567 0.0466 -0.0274 0.9985 0.0210 0.1060
9.1562 -1.2213 -25.6297 0.0871 0.0228 -0.9959 0.2747 0.3165
10.7129 44.9162 -17.0898 0.9989 0.0408 -0.0236 0.6537 0.0324
-11.8720 11.0737 -14.6725 -0.9989 -0.0017 0.0474 0.5379 0.2448
-6.1473 22.4574 26.0356 -0.0174 -0.0050 0.9998 0.1108 0.1773
-12.1156 20.9370 -20.9776 -1.0000 0.0012 -0.0032 0.5762 0.1861
-6.9739 -19.7207 -25.7349 -0.0572 0.0184 -0.9982 0.1779 0.4273
11.0279 -8.6581 -24.2015 0.9918 -0.0038 -0.1279 0.6141 0.3539
11.2502 -6.1544 -8.8238 0.9997 -0.0017 -0.0241 0.7061 0.3381
-11.5864 -3.5131 11.0841 -0.9998 0.0024 0.0211 0.3827 0.3308
10.2494 48.9226 -7.4941 0.1522 0.9883 -0.0067 0.8662 0.7152
-9.2714 25.9459 -25.0264 -0.0295 -0.0243 -0.9993 0.1645 0.1535
11.7167 -29.5106 13.5246 0.9994 -0.0106 -0.0340 0.8414 0.4768
11.0231 -48.5421 6.3045 0.9900 -0.1395 -0.0196 0.7992 0.5913
9.8657 -49.0859 -25.0331 0.9210 -0.3697 0.1230 0.7065 0.6026
9.8657 -49.0859 -25.0331 0.1328 -0.9862 0.0988 0.8390 0.6082
9.2653 -47.8467 18.7286 0.9819 -0.1895 0.0056 0.7165 0.8649
11.2227 23.0114 -8.1576 0.9996 0.0045 -0.0293 0.7084 0.1632
-1.3267 -51.1816 -9.9192 -0.0356 -0.9993 -0.0100 0.6235 0.7094
1.8892 -50.1851 -25.1641 -0.0264 0.2213 -0.9748 0.2309 0.6100
7.4824 9.4069 25.9531 0.0276 -0.0037 0.9996 0.0292 0.2557
11.1672 -14.9265 -20.5713 0.9997 -0.0004 -0.0231 0.6362 0.3913
8.0264 -51.1155 0.5821 0.1042 -0.9941 -0.0308 0.6802 0.7718
11.2651 -42.5037 4.4132 0.9996 -0.0194 -0.0215 0.7875 0.5552
-5.5404 7.9394 25.9936 -0.0479 0.0020 0.9988 0.1072 0.2644
10.0774 -49.1423 5.3912 -0.0724 -0.9971 -0.0226 0.8420 0.7906
-8.8455 5.0629 -25.1013 0.0046 0.0289 -0.9996 0.1669 0.2787
-11.6994 9.3103 -0.9707 -0.9999 -0.0104 -0.0081 0.4557 0.2546
-11.6278 2.7896 -9.9635 -0.9997 -0.0095 0.0235 0.5092 0.2942
9.6965 26.4088 -25.5019 0.5393 -0.0317 -0.8415 0.2781 0.1509
11.2043 -9.3214 -14.3807 1.0000 -0.0031 0.0089 0.6730 0.3574
0.9154 -28.6082 -26.1346 -0.0120 0.0065 -0.9999 0.2251 0.4807
-8.9103 -9.5371 -25.5050 -0.0033 0.0198 -0.9998 0.1664 0.3663
9.1069 21.6975 -25.5120 0.0681 -0.0216 -0.9974 0.2746 0.1791
-11.5760 -25.1411 -6.9690 -1.0000 0.0041 0.0012 0.4896 0.4615
6.5807 -49.1469 25.2256 -0.0766 -0.9577 0.2775 0.8222 0.9097
10.3259 48.9410 -5.3746 0.3126 0.9498 -0.0095 0.8657 0.7279
-12.0148 20.9508 -23.6992 -0.9716 0.0063 -0.2366 0.5925 0.1861
-11.6167 -14.8053 -3.0520 -0.9996 0.0002 -0.0289 0.4668 0.3993
11.2079 -25.4483 -11.1709 0.9999 0.0105 0.0035 0.6931 0.4538
-7.4001 41.6284 26.1956 -0.0316 -0.0062 0.9995 0.1182 0.0624
9.2513 -17.7205 25.8011 0.0053 0.0082 1.0000 0.0187 0.4183
11.2551 44.9912 8.6340 0.9975 0.0583 -0.0397 0.8078 0.0304
10.9441 41.9504 -7.8257 0.9989 0.0446 -0.0164 0.7093 0.0496
-11.7100 -31.3184 -3.9722 -0.9998 0.0164 -0.0141 0.4713 0.4984
-0.2397 51.3293 25.7329 0.0045 -0.3036 0.9528 0.0752 0.0043
-11.8503 30.2138 -8.2574 -0.9998 -0.0160 0.0156 0.5005 0.1297
9.0592 48.6949 -19.3575 0.2329 0.9718 0.0368 0.8741 0.6442
-8.0318 15.7370 -24.9145 -0.0697 0.0029 -0.9976 0.1718 0.2147
11.5826 25.6657 2.8177 0.9995 -0.0018 -0.0300 0.7740 0.1466
-11.5708 -29.0110 13.3568 -0.9995 0.0078 0.0308 0.3676 0.4835
10.6178 32.7306 -24.6240 0.6873 0.0003 -0.7264 0.2838 0.1130
10.6178 32.7306 -24.6240 0.9713 0.0207 -0.2370 0.6092 0.1058
11.9772 -23.6104 19.2957 0.9996 -0.0090 -0.0262 0.8756 0.4411
11.5709 -5.6075 3.1540 0.9997 -0.0045 -0.0228 0.7779 0.3341
11.1488 6.2680 -12.0041 0.9999 0.0106 -0.0077 0.6863 0.2638
8.1746 49.7712 -26.5936 0.0518 0.8001 -0.5976 0.8798 0.6008
8.1746 49.7712 -26.5936 0.0549 0.0736 -0.9958 0.2691 0.0109
-9.0962 10.6069 -24.9618 -0.0020 0.0308 -0.9995 0.1654 0.2455
9.5365 -48.2836 12.4624 -0.7001 -0.7134 0.0305 0.8392 0.8329
11.5054 -29.9531 7.0429 0.9996 -0.0061 -0.0279 0.8026 0.4798
-11.7126 16.3418 -5.8254 -0.9999 -0.0105 -0.0003 0.4852 0.2128
11.2404 -42.8240 -22.9577 1.0000 -0.0044 0.0053 0.6235 0.5587
-11.7750 -37.1024 10.4263 -0.9994 0.0165 0.0304 0.3847 0.5322
10.0784 -49.4429 25.4701 -0.3183 -0.7413 -0.5909 0.8432 0.9110
-11.6833 -10.1540 5.3451 -0.9999 -0.0017 0.0132 0.4167 0.3710
11.1133 14.3701 -12.3503 1.0000 0.0008 -0.0031 0.6838 0.2152
9.5259 47.3677 -26.2761 0.9995 0.0137 0.0292 0.5274 0.6266
9.5259 47.3677 -26.2761 0.8484 0.0188 -0.5291 0.2772 0.0253
8.0548 50.5856 -0.4205 0.2086 0.9776 -0.0289 0.8790 0.7577
11.6746 44.8646 24.0943 0.9977 0.0327 0.0589 0.9005 0.0303
8.6939 -51.1194 24.8402 0.9558 -0.2901 0.0472 0.6972 0.9017
-11.7983 -32.7888 -0.5467 -0.9996 0.0205 -0.0214 0.4507 0.5070
9.7206 -48.7861 -20.7337 -0.2364 -0.8913 -0.3870 0.8384 0.6340
4.1201 -51.2501 -12.7975 0.0022 -1.0000 -0.0017 0.6560 0.6918
10.0035 11.7760 -25.0638 0.5383 0.0014 -0.8428 0.2799 0.2386
11.9421 19.0571 24.5453 0.7146 -0.0005 0.6995 0.0024 0.1979
11.9421 19.0571 24.5453 0.9455 0.0042 0.3257 0.9046 0.1850
12.0736 -8.1655 24.1402 0.9992 -0.0026 0.0397 0.9038 0.3482
10.7580 46.2294 -4.8072 0.9975 0.0706 -0.0105 0.7272 0.0238
-11.7488 -29.7200 6.7993 -0.9999 0.0062 0.0087 0.4068 0.4882
-2.2619 33.6992 -25.7558 -0.0355 -0.0304 -0.9989 0.2065 0.1071
9.2883 -48.7708 25.3290 0.6564 -0.2343 -0.7171 0.4738 0.6208
-11.1793 -25.8790 23.0265 -0.9988 -0.0026 0.0480 0.3098 0.4642
9.8190 -14.9339 -25.6621 0.5367 0.0266 -0.8434 0.2786 0.3987
-11.4834 -49.2485 -5.5024 -0.9812 -0.1913 -0.0261 0.4795 0.6059
11.8000 38.9763 20.4898 0.9994 0.0311 -0.0178 0.8792 0.0658
-7.6595 4.5442 25.8644 -0.0370 -0.0075 0.9993 0.1200 0.2847
1.5688 -47.5698 -26.0852 -0.0610 -0.0922 -0.9939 0.2289 0.5944
0.9786 -51.2267 -11.4553 -0.0189 -0.9998 -0.0075 0.6373 0.7000
10.0357 -17.8293 -25.5651 0.5448 0.0319 -0.8380 0.2799 0.4161
11.2385 -21.8203 -17.7723 1.0000 0.0050 -0.0076 0.6534 0.4325
-0.0544 51.7246 15.4917 0.0159 0.9997 -0.0159 0.9267 0.8534
-11.4251 17.6329 11.4565 -0.9992 -0.0003 0.0410 0.3817 0.2040
9.5833 49.6670 26.0709 0.9142 0.4041 -0.0316 0.5494 0.8984
9.5833 49.6670 26.0709 0.5268 0.8016 -0.2827 0.8683 0.9164
3.8994 50.6768 -18.9708 0.1298 0.9913 -0.0224 0.9050 0.6467
11.5885 14.1474 2.5802 0.9996 -0.0045 -0.0264 0.7733 0.2157
-11.7905 -14.0132 -16.5018 -0.9989 -0.0010 0.0471 0.5474 0.3953
-10.0204 50.1991 25.9028 -0.0360 0.1957 0.9800 0.1338 0.0110
-4.8976 -50.0054 24.5336 -0.0268 0.4733 0.8805 0.1038 0.6118
9.9632 49.4193 26.4774 0.2165 0.0104 0.9762 0.0140 0.0158
9.9632 49.4193 26.4774 0.3971 0.5884 0.7043 0.8660 0.9189
6.3564 -49.4352 24.6282 0.1125 0.6822 0.7224 0.0363 0.6085
-11.7634 47.9061 -9.4750 -0.9957 0.0922 0.0060 0.5088 0.0237
-10.6223 -8.6187 25.5973 -0.4279 -0.0314 0.9033 0.1378 0.3636
-11.3412 -50.4896 20.0450 -0.4937 -0.8691 -0.0303 0.5652 0.8895
-11.3412 -50.4896 20.0450 -0.9318 -0.3627 0.0118 0.3263 0.6119
-11.3188 24.7529 -24.4897 -0.4703 -0.0004 -0.8825 0.1522 0.1606
-6.0812 51.2887 -5.9345 -0.0428 0.9991 0.0039 0.9640 0.7254
-11.8458 40.4230 5.6924 -0.9994 -0.0074 0.0332 0.4175 0.0677
10.8244 34.7279 -21.7402 0.9986 0.0191 -0.0489 0.6264 0.0937
-6.3545 51.3020 1.5738 -0.0642 0.9979 -0.0130 0.9652 0.7704
-11.3239 -15.1317 19.1495 -0.9993 0.0007 0.0363 0.3337 0.4000
9.3818 -50.3441 -24.3425 0.9574 -0.2835 0.0557 0.6990 0.6068
9.3818 -50.3441 -24.3425 0.7840 -0.6166 -0.0713 0.6869 0.6222
11.1986 -12.4443 -18.6387 0.9999 -0.0015 -0.0117 0.6476 0.3763
7.3712 1.0044 -25.7198 0.0604 0.0172 -0.9980 0.2640 0.3032
11.2505 28.8049 -6.3635 0.9991 0.0117 -0.0416 0.7188 0.1283
12.0327 -15.5366 24.2056 0.8582 -0.0413 0.5116 0.0021 0.4053
12.0327 -15.5366 24.2056 0.9706 -0.0160 0.2401 0.9046 0.3924
-9.1769 18.1884 25.9974 0.0089 -0.0039 1.0000 0.1290 0.2029
11.2216 -2.2654 -16.1644 1.0000 -0.0001 0.0020 0.6619 0.3152
0.9496 -51.2332 -10.2892 -0.0146 -0.9999 -0.0055 0.6371 0.7070
11.6893 12.7827 7.2143 0.9997 -0.0011 -0.0230 0.8011 0.2236
-11.7380 0.1737 2.1579 -1.0000 0.0006 -0.0070 0.4364 0.3092
11.7388 0.6914 9.1415 0.9996 -0.0007 -0.0300 0.8134 0.2960
-0.8836 -51.1671 -12.8319 -0.0361 -0.9993 -0.0116 0.6260 0.6919
-4.9067 -47.1689 25.8465 -0.0656 -0.0324 0.9973 0.1038 0.5947
4.7925 -51.4942 7.3718 0.0245 -0.9994 -0.0252 0.6612 0.8127
10.6125 48.9072 9.4904 -0.2368 0.9715 0.0066 0.5000 0.5000
10.6125 48.9072 9.4904 -0.1638 0.9864 0.0128 0.8631 0.8170
-11.9119 -39.4550 -2.7412 -0.9998 0.0146 -0.0120 0.4635 0.5471
-2.4917 -50.3858 24.6971 0.0173 0.5954 0.8032 0.0894 0.6141
-10.4493 44.2422 -25.0395 -0.4581 0.0143 -0.8888 0.1575 0.0438
11.2069 -34.5843 -6.4918 0.9999 0.0062 -0.0113 0.7217 0.5083
-5.1240 -29.0530 25.7907 -0.0382 0.0099 0.9992 0.1050 0.4861
11.1168 15.3150 -11.7179 0.9999 -0.0027 -0.0097 0.6875 0.2095
-10.9764 50.9734 -1.0833 -0.3627 0.9319 0.0020 0.9931 0.7548
9.4744 -40.8227 -26.0581 0.1503 0.0324 -0.9881 0.2764 0.5540
-1.9711 48.8635 -25.8499 -0.1022 0.0965 -0.9901 0.2083 0.0162
-10.3558 33.0824 26.0347 -0.4835 -0.0058 0.8753 0.1359 0.1136
-11.6323 48.6997 -1.8764 -0.9921 0.1255 0.0052 0.4633 0.0186
-10.9047 -50.6461 18.7877 -0.2710 -0.9614 -0.0482 0.5678 0.8820
9.7946 48.8116 18.0848 -0.6977 0.7160 0.0250 0.8675 0.8686
-12.1037 19.4449 -19.5419 -0.9998 0.0004 0.0176 0.5675 0.1949
-9.1562 -31.3847 25.6470 -0.0387 0.0070 0.9992 0.1292 0.5001
-11.6613 -28.8876 -8.8453 -0.9999 0.0062 0.0089 0.5007 0.4841
10.6245 -34.7990 25.7054 0.5346 -0.0023 0.8451 0.0106 0.5207
10.0041 49.3691 25.6529 -0.1527 0.9559 -0.2510 0.8658 0.9139
-11.3523 9.8117 14.3161 -0.9991 0.0071 0.0426 0.3641 0.2508
1.2946 31.5370 26.1483 0.0015 -0.0107 0.9999 0.0661 0.1229
-9.4852 -51.0576 21.9494 -0.1491 -0.9879 -0.0425 0.5764 0.9009
-1.4174 -51.2673 -1.3039 -0.0427 -0.9990 -0.0145 0.6235 0.7610
9.6502 31.3672 -25.5819 0.6585 0.0004 -0.7526 0.2779 0.1212
11.1847 -13.7083 -10.5957 0.9999 -0.0044 -0.0146 0.6959 0.3834
-11.6486 40.9816 11.1059 -0.9989 -0.0087 0.0453 0.3851 0.0641
7.2318 -34.8107 -26.1125 0.0426 0.0102 -0.9990 0.2630 0.5179
-3.4228 51.6510 25.7851 -0.1128 0.4188 0.9010 0.0943 0.0024
-3.4228 51.6510 25.7851 -0.0351 0.9893 0.1414 0.9463 0.9153
-7.6642 20.7970 -24.9628 -0.0675 -0.0222 -0.9975 0.1741 0.1844
-4.0238 9.6896 26.0334 -0.0265 0.0069 0.9996 0.0981 0.2539
-5.5131 51.6327 25.6918 -0.0197 0.9571 0.2891 0.9588 0.9149
9.8370 47.4977 -25.1932 0.7413 -0.0025 -0.6712 0.2791 0.0245
10.2389 8.2287 25.9435 0.3552 0.0022 0.9348 0.0126 0.2627
11.5943 -17.2187 6.2797 0.9997 -0.0071 -0.0249 0.7973 0.4035
11.8226 -37.2268 22.5129 0.9998 -0.0167 -0.0092 0.8957 0.5225
-11.2443 -22.9464 21.5721 -0.9991 0.0018 0.0421 0.3187 0.4467
-11.9590 38.7887 -7.3804 -0.9998 -0.0187 0.0070 0.4958 0.0783
11.1291 48.7175 13.5090 0.8140 0.5799 -0.0329 0.8598 0.8411
11.1291 48.7175 13.5090 0.9897 0.1389 -0.0354 0.8368 0.0078
9.0943 -50.8709 3.6307 0.8183 -0.5748 -0.0064 0.6868 0.7900
-11.5845 -13.3777 10.2707 -0.9997 -0.0046 0.0255 0.3870 0.3900
2.1625 -16.4119 25.8346 -0.0167 -0.0117 0.9998 0.0612 0.4104
10.2950 -36.9771 -25.3964 0.6109 -0.0066 -0.7917 0.2814 0.5309
11.0482 -48.5835 -16.9383 0.9936 -0.1105 0.0243 0.6599 0.5929
10.5401 -41.7022 -25.1384 0.4244 -0.0079 -0.9055 0.2828 0.5592
5.1171 7.6137 -25.6590 0.0076 0.0165 -0.9998 0.2506 0.2636
2.0760 -40.3456 26.1379 -0.0217 0.0174 0.9996 0.0619 0.5539
-11.5658 -27.2578 13.0887 -0.9995 0.0064 0.0294 0.3693 0.4730
6.3467 -11.6141 25.9139 0.0073 -0.0099 0.9999 0.0361 0.3817
3.0127 -7.8916 -25.9091 -0.0045 0.0160 -0.9999 0.2378 0.3565
9.6510 -49.0809 -12.6626 -0.0243 -0.9989 -0.0407 0.8384 0.6824
-11.7484 23.0810 -4.4544 -1.0000 -0.0037 -0.0021 0.4773 0.1723
11.7356 15.0989 8.9216 0.9995 -0.0012 -0.0315 0.8112 0.2096
11.6694 44.1319 22.5924 0.9992 0.0349 -0.0198 0.8915 0.0348
11.6192 17.4917 3.8092 0.9996 0.0059 -0.0267 0.7805 0.1956
9.5227 -48.4440 11.5242 0.3942 -0.8253 0.4044 0.8390 0.8273
9.5227 -48.4440 11.5242 -0.8390 -0.4472 0.3100 0.4599 0.6188
10.2777 42.7428 26.1807 0.3919 -0.0219 0.9198 0.0122 0.0558
9.0937 49.0671 12.6144 0.9608 0.2773 -0.0006 0.5451 0.8178
-11.9340 -40.3958 3.6930 -1.0000 0.0027 0.0048 0.4248 0.5523
11.7958 -15.8198 13.2328 0.9994 -0.0072 -0.0349 0.8388 0.3947
-10.3437 -6.2842 -25.3072 -0.3106 0.0374 -0.9498 0.1578 0.3467
-5.0584 -49.6557 -24.9906 0.0332 0.1228 -0.9919 0.1893 0.6068
7.6464 30.4883 26.0028 0.0371 -0.0171 0.9992 0.0280 0.1293
11.2614 -30.4273 -4.3866 0.9998 -0.0079 -0.0187 0.7341 0.4833
9.5583 48.8188 7.7068 0.1299 0.9915 0.0039 0.8695 0.8064
2.7172 6.5679 -25.6546 -0.0230 0.0185 -0.9996 0.2362 0.2698
11.5217 -28.8804 7.4091 0.9996 -0.0072 -0.0277 0.8047 0.4734
11.1148 10.8021 -13.8354 1.0000 0.0015 0.0087 0.6751 0.2367
-11.8520 -7.1281 -24.0649 -0.9496 -0.0061 -0.3133 0.5931 0.3545
4.4871 -50.0342 24.9342 0.3719 -0.5379 0.7565 0.0475 0.6120
10.8757 -14.9195 -24.7933 0.6525 0.0051 -0.7578 0.2850 0.3986
10.8757 -14.9195 -24.7933 0.9277 0.0157 -0.3731 0.6109 0.3915
-3.9719 -49.7452 24.4762 0.0710 -0.8666 0.4939 0.7589 0.9058
-3.9719 -49.7452 24.4762 0.0116 0.1112 0.9937 0.0983 0.6103
11.0906 41.3958 -1.9172 0.9982 0.0507 -0.0309 0.7448 0.0526
11.1858 -16.9704 -17.0669 1.0000 -0.0014 0.0032 0.6573 0.4034
9.3437 48.8606 -24.6328 0.1033 0.9946 0.0047 0.8727 0.6125
-11.7513 28.9312 4.6021 -0.9997 -0.0108 0.0233 0.4234 0.1367
-11.8513 27.4769 -10.4628 -0.9993 -0.0231 0.0293 0.5136 0.1463
-4.9203 -51.1334 25.0826 0.0006 0.0441 0.9990 0.1039 0.6186
8.8697 49.7594 0.2388 0.9793 0.2014 -0.0227 0.5485 0.7436
-1.3221 51.1160 -23.8182 0.0646 0.9958 -0.0653 0.9365 0.6179
11.2065 -25.7903 -20.8688 0.9996 0.0090 -0.0286 0.6350 0.4565
-11.4911 6.6829 11.3565 -0.9993 0.0086 0.0356 0.3816 0.2697
7.4639 -51.1064 -21.3634 0.0599 -0.9978 -0.0268 0.6756 0.6402
-11.5746 -23.6467 -9.1012 -1.0000 0.0040 0.0043 0.5025 0.4527
8.7021 -51.3225 22.6509 0.9401 -0.3399 0.0248 0.6959 0.8886
11.4921 -5.2179 -0.1944 0.9997 -0.0057 -0.0251 0.7578 0.3319
-11.8347 45.4022 4.8064 -0.9990 0.0389 0.0206 0.4231 0.0379
6.3832 41.8765 -26.2717 -0.0015 -0.0477 -0.9989 0.2583 0.0582
-12.0260 27.0396 -23.2438 -0.9941 0.0049 -0.1086 0.5902 0.1496
-1.0711 -22.2498 -26.0292 -0.0393 0.0107 -0.9992 0.2133 0.4426
11.3345 -26.7979 -3.8447 0.9998 0.0094 -0.0155 0.7371 0.4615
-11.6663 -34.0068 11.7763 -0.9992 0.0186 0.0347 0.3768 0.5136
12.0648 18.6974 23.8359 0.9999 -0.0072 0.0119 0.9004 0.1872
3.7254 -35.3039 -26.1775 0.0065 0.0086 -0.9999 0.2419 0.5209
-11.7617 -30.4862 0.1013 -0.9997 0.0208 -0.0129 0.4469 0.4931
11.4646 1.3446 -2.1065 0.9997 -0.0045 -0.0229 0.7459 0.2927
11.5472 14.1045 1.1026 0.9995 -0.0098 -0.0298 0.7644 0.2160
-6.6612 -32.7340 -25.9318 -0.0566 0.0125 -0.9983 0.1797 0.5054
5.3783 -51.0381 -24.7556 0.0044 -0.9950 -0.0997 0.6629 0.6200
9.4704 -28.7100 -25.9330 0.1940 -0.0021 -0.9810 0.2764 0.4813
9.8509 -42.0662 -25.8088 0.9379 0.0036 -0.3469 0.5183 0.6339
9.8509 -42.0662 -25.8088 0.7433 0.0655 -0.6657 0.2786 0.5614
-10.2315 -50.2054 -12.0539 -0.1694 -0.9855 -0.0077 0.5700 0.6970
7.7435 49.7239 -24.2535 0.3001 0.9524 -0.0530 0.8822 0.6149
-1.2456 51.6705 11.6583 0.0029 0.9999 -0.0128 0.9340 0.8305
11.3390 -33.4213 0.5442 0.9997 -0.0157 -0.0171 0.7638 0.5010
2.1883 50.9695 -13.4527 0.1119 0.9937 -0.0107 0.9149 0.6799
2.9101 -49.4053 24.5078 -0.2359 -0.2892 0.9277 0.0570 0.6083
2.9101 -49.4053 24.5078 -0.0793 -0.8400 0.5368 0.8001 0.9056
6.7563 15.6265 25.9843 0.0265 -0.0043 0.9996 0.0335 0.2184
11.5345 -19.4353 4.5572 0.9997 -0.0089 -0.0241 0.7871 0.4169
10.2919 48.9583 0.1409 0.0434 0.9990 -0.0118 0.8655 0.7610
-11.7743 22.8553 0.1544 -1.0000 -0.0094 0.0014 0.4497 0.1734
-9.7704 -20.5163 25.5117 -0.0640 0.0117 0.9979 0.1328 0.4350
2.5465 -13.5953 25.8588 -0.0193 -0.0061 0.9998 0.0589 0.3935
-11.8225 -33.4396 2.8809 -0.9998 0.0135 0.0110 0.4301 0.5107
11.5371 41.6059 12.3171 0.9988 0.0387 -0.0288 0.8301 0.0505
11.2378 -35.4443 -3.7776 0.9998 -0.0136 -0.0109 0.7380 0.5133
8.7477 -6.7002 25.9228 -0.0045 -0.0066 1.0000 0.0217 0.3522
1.2476 50.7163 -24.6489 0.0416 0.4931 -0.8690 0.2277 0.0051
1.2476 50.7163 -24.6489 0.0444 0.4779 -0.8773 0.5105 0.6160
1.2476 50.7163 -24.6489 0.1292 0.9402 -0.3152 0.9212 0.6128
-7.4734 -51.1725 25.0072 -0.1267 -0.0934 0.9875 0.1192 0.6188
-11.1885 46.8895 20.1468 -0.9982 -0.0060 0.0598 0.3313 0.0281
-2.2491 -51.6832 22.6362 -0.0397 -0.9992 -0.0014 0.6199 0.9046
11.4816 -4.5299 -0.7972 0.9997 -0.0077 -0.0246 0.7541 0.3279
11.1782 -47.2725 25.2671 0.6993 -0.0085 0.7148 0.0074 0.5955
-11.0193 12.6538 20.8089 -0.9984 0.0073 0.0569 0.3253 0.2333
10.0844 -26.5562 25.9075 0.2316 0.0120 0.9727 0.0138 0.4713
-1.8235 -12.9568 25.7745 -0.0207 -0.0111 0.9997 0.0851 0.3897
3.7747 6.1210 -25.6803 -0.0096 0.0172 -0.9998 0.2425 0.2725
-11.0987 1.2320 -24.7826 -0.4689 0.0161 -0.8831 0.1534 0.3017
11.2087 -12.9238 -15.5327 1.0000 -0.0048 0.0045 0.6663 0.3790
-5.4662 11.2855 -25.1348 -0.0731 0.0124 -0.9972 0.1872 0.2414
11.5932 0.9709 4.4626 0.9997 -0.0072 -0.0240 0.7853 0.2946
-9.7592 -32.9105 -25.8183 -0.1954 -0.0040 -0.9807 0.1611 0.5064
-11.8879 35.6271 -3.6630 -0.9999 -0.0158 0.0002 0.4733 0.0970
-11.6789 -28.8996 9.7436 -0.9995 0.0101 0.0294 0.3892 0.4831
9.0485 48.8393 4.8903 0.9886 0.1500 -0.0130 0.5433 0.7715
-11.9363 -4.1331 -23.7209 -0.9811 0.0003 -0.1935 0.5912 0.3365
11.1439 0.2842 -20.9803 0.9999 0.0047 -0.0138 0.6329 0.3001
-5.3359 -49.7852 -25.1232 0.1152 0.5801 -0.8063 0.1876 0.6075
-9.9032 -49.4963 25.2087 0.0105 -0.2916 0.9565 0.1338 0.6087
-9.9032 -49.4963 25.2087 -0.0127 -0.5224 0.8526 0.7234 0.9105
-7.8444 43.4078 26.1902 -0.0354 -0.0057 0.9994 0.1208 0.0517
0.4530 -46.6385 -26.1087 -0.0439 -0.0737 -0.9963 0.2223 0.5888
11.5313 21.5780 0.9031 0.9996 0.0078 -0.0263 0.7628 0.1712
-10.6571 16.0732 25.2280 -0.9844 -0.0042 0.1757 0.2991 0.2126
-11.5484 -20.8168 -6.4810 -1.0000 0.0064 0.0014 0.4870 0.4356
12.1144 0.5152 22.8741 1.0000 -0.0014 0.0010 0.8957 0.2963
-11.5803 2.8352 -5.0189 -0.9998 -0.0129 -0.0139 0.4796 0.2937
2.8995 26.2054 -25.6836 -0.0227 -0.0295 -0.9993 0.2374 0.1521
4.0077 -38.3080 -26.2051 0.0072 0.0138 -0.9999 0.2436 0.5389
11.2220 -4.5766 -12.2037 0.9999 -0.0129 -0.0049 0.6858 0.3288
8.4727 50.0739 -10.7951 0.6074 0.7938 -0.0309 0.8771 0.6955
8.4727 50.0739 -10.7951 0.8692 0.4930 -0.0380 0.5498 0.6775
1.4758 -51.2181 -13.5932 -0.0194 -0.9998 -0.0087 0.6401 0.6872
10.7168 38.7040 25.7799 0.5872 -0.0080 0.8094 0.0096 0.0801
-11.1874 -12.3484 -24.8548 -0.6151 0.0065 -0.7884 0.1528 0.3831
12.0801 4.6451 19.9747 0.9997 0.0037 -0.0226 0.8781 0.2717
10.3319 47.4665 -23.9392 0.9951 0.0399 -0.0901 0.6125 0.0175
11.4237 -25.6781 1.1326 0.9997 -0.0016 -0.0246 0.7669 0.4545
-11.1431 -47.1212 25.1414 -0.9750 0.0232 0.2208 0.2959 0.5914
-10.8565 51.0583 -19.2329 -0.1574 0.9875 0.0088 0.9934 0.6460
2.8640 -6.6588 25.9263 -0.0102 -0.0140 0.9999 0.0569 0.3519
-11.6145 4.9216 -8.3748 -0.9997 -0.0109 0.0219 0.4998 0.2814
-0.0534 51.7602 19.7773 0.0112 0.9999 -0.0082 0.9264 0.8791
8.9998 -50.9998 1.4215 0.5549 -0.8317 -0.0198 0.6861 0.7767
-8.9716 24.6423 -24.9932 -0.0255 -0.0301 -0.9992 0.1663 0.1613
-11.6252 11.6860 6.3734 -0.9996 0.0032 0.0286 0.4118 0.2400
-5.2721 2.8717 25.9576 -0.0225 -0.0154 0.9996 0.1057 0.2948
-1.6412 -51.4902 10.7394 -0.0515 -0.9985 -0.0177 0.6228 0.8332
0.0541 50.4183 -24.8285 -0.0118 0.7188 -0.6952 0.9283 0.6118
0.0541 50.4183 -24.8285 0.0189 0.3822 -0.9239 0.2205 0.0069
8.7274 49.2388 -20.2112 0.8409 0.5406 -0.0265 0.8761 0.6391
8.7274 49.2388 -20.2112 0.9148 0.4023 0.0355 0.5442 0.6210
10.1521 -33.5462 -25.4778 0.7101 -0.0277 -0.7036 0.2805 0.5103
10.4892 49.0948 17.4572 0.0235 0.9997 -0.0099 0.8634 0.8648
-11.9035 2.5645 -24.1141 -0.9936 -0.0039 -0.1127 0.5940 0.2964
-11.9035 2.5645 -24.1141 -0.7692 0.0012 -0.6390 0.1486 0.2936
4.0931 51.6051 25.0335 0.0680 0.9977 0.0017 0.9013 0.9104
-6.9869 24.2507 -25.1168 -0.0812 -0.0323 -0.9962 0.1781 0.1637
11.1608 -49.2871 17.6715 0.1614 -0.9861 -0.0407 0.8492 0.8641
11.1608 -49.2871 17.6715 0.9531 -0.2986 -0.0498 0.8674 0.5951
-11.8682 29.3954 -9.7234 -0.9999 -0.0038 0.0144 0.5093 0.1347
11.2021 -18.3405 -18.6469 0.9999 0.0095 -0.0059 0.6479 0.4117
7.3700 18.2549 -25.5417 0.0301 -0.0101 -0.9995 0.2641 0.1998
-11.8728 18.4717 -14.2426 -0.9986 -0.0088 0.0523 0.5357 0.2005
1.8135 -9.1452 -25.9201 -0.0130 0.0182 -0.9997 0.2307 0.3640
-10.7384 50.9128 -24.5777 -0.1491 0.2551 -0.9554 0.1558 0.0038
-10.7384 50.9128 -24.5777 -0.3372 0.9178 -0.2098 0.9930 0.6139
11.2471 -30.3320 -5.5063 0.9999 -0.0126 -0.0101 0.7274 0.4828
10.3212 26.9990 25.8736 0.1590 -0.0003 0.9873 0.0120 0.1502
-10.0451 41.8955 -25.2376 -0.2524 -0.0013 -0.9676 0.1599 0.0579
11.1581 7.4304 -15.8284 0.9999 0.0062 0.0105 0.6633 0.2570
-0.2171 -6.4563 -25.7960 -0.0533 0.0259 -0.9982 0.2185 0.3479
-12.0065 40.6315 -22.4599 -0.9996 0.0096 -0.0278 0.5862 0.0681
12.0086 29.1432 20.3453 0.9998 0.0118 -0.0161 0.8789 0.1248
1.5563 51.4124 3.1963 0.0503 0.9983 -0.0302 0.9177 0.7797
-11.4244 9.2862 12.6317 -0.9992 0.0069 0.0391 0.3741 0.2540
-11.7775 23.9141 0.9979 -1.0000 -0.0034 0.0064 0.4447 0.1670
12.0482 -10.3482 24.4021 0.7750 -0.0045 0.6320 0.0020 0.3742
12.0482 -10.3482 24.4021 0.9937 0.0020 0.1121 0.9055 0.3613
10.2711 -47.4742 -25.6805 0.8977 0.0780 -0.4336 0.5193 0.6663
10.2711 -47.4742 -25.6805 0.7998 0.1039 -0.5913 0.2811 0.5938
4.3840 7.8186 26.0306 0.0121 -0.0042 0.9999 0.0477 0.2652
11.7476 38.4570 16.7708 0.9993 0.0316 -0.0199 0.8569 0.0692
11.3022 10.2765 -5.5845 0.9992 0.0030 -0.0407 0.7246 0.2394
-10.1193 19.9693 26.0126 -0.0081 -0.0038 1.0000 0.1346 0.1922
0.9872 -19.4112 -26.0822 -0.0260 0.0115 -0.9996 0.2256 0.4256
-10.4573 -7.6278 25.6744 -0.0586 -0.0246 0.9980 0.1368 0.3577
11.2096 49.5593 24.1473 0.2196 0.9579 -0.1849 0.8587 0.9048
6.0656 -51.2022 -9.4965 0.0163 -0.9998 0.0134 0.6679 0.7115
-3.3074 -49.3928 25.2456 0.0129 -0.8923 0.4513 0.7629 0.9104
-11.7959 -31.2917 1.2397 -0.9997 0.0233 -0.0086 0.4401 0.4979
5.6959 -49.1436 25.3081 0.4218 -0.4559 0.7837 0.0402 0.6067
5.6959 -49.1436 25.3081 0.0171 -0.9433 0.3316 0.8169 0.9102
11.1320 15.7239 -10.7492 0.9998 -0.0062 -0.0170 0.6933 0.2070
9.2337 -49.0322 13.1707 0.9740 -0.2085 -0.0884 0.7090 0.8316
9.2337 -49.0322 13.1707 0.7949 -0.5940 0.1239 0.8374 0.8373
-11.6912 -7.2070 0.5623 -0.9998 -0.0055 -0.0183 0.4455 0.3536
-12.0083 8.6726 -23.6248 -0.9933 0.0017 -0.1154 0.5914 0.2597
7.2078 -20.1762 -26.0632 0.0403 0.0097 -0.9991 0.2629 0.4302
1.8372 4.9766 26.0396 -0.0015 -0.0058 1.0000 0.0630 0.2822
-3.1260 -18.2295 25.7280 -0.0236 0.0031 0.9997 0.0929 0.4213
-7.5583 44.9670 -25.5037 -0.1072 0.0184 -0.9941 0.1748 0.0395
9.8510 11.7674 25.9480 -0.0005 0.0040 1.0000 0.0149 0.2415
9.4314 50.0613 25.7287 0.9237 0.3828 0.0140 0.5518 0.8963
1.9940 50.2384 -24.8855 0.0334 0.4711 -0.8814 0.2321 0.0080
1.9940 50.2384 -24.8855 0.0695 0.6547 -0.7527 0.9167 0.6114
-11.2201 -49.1731 -25.3740 -0.5630 -0.7313 -0.3850 0.5633 0.6172
-11.2201 -49.1731 -25.3740 -0.9008 -0.3780 -0.2137 0.5986 0.6066
-11.2201 -49.1731 -25.3740 -0.1962 -0.0609 -0.9787 0.1523 0.6039
-11.2754 45.2381 18.5359 -0.9983 -0.0048 0.0581 0.3408 0.0381
-11.6074 -16.9751 -2.9798 -0.9996 0.0075 -0.0278 0.4662 0.4123
-11.7243 -38.1562 12.3626 -0.9992 0.0164 0.0365 0.3730 0.5384
9.6881 -48.6419 -22.4158 0.9627 -0.2328 0.1382 0.7093 0.6183
9.6881 -48.6419 -22.4158 0.0043 -0.9466 0.3223 0.8381 0.6239
2.3577 -51.0404 25.2785 -0.0517 0.3967 0.9165 0.0603 0.6180
4.8355 50.0162 -24.9483 0.0503 0.8530 -0.5194 0.8997 0.6108
-6.3611 -46.4659 -25.7619 -0.0455 -0.1064 -0.9933 0.1814 0.5877
9.4485 41.7197 -25.9835 0.9916 0.1240 -0.0374 0.5294 0.6605
9.4485 41.7197 -25.9835 0.5719 -0.0051 -0.8203 0.2767 0.0591
9.5875 48.7913 -19.9988 -0.2488 0.9686 -0.0012 0.8709 0.6403
10.2475 -49.0474 -21.1363 -0.4273 -0.9010 -0.0753 0.8415 0.6315
9.9591 -49.0474 -8.6208 0.0813 -0.9967 0.0053 0.8405 0.7066
12.0658 -11.3705 21.5162 0.9999 -0.0020 -0.0116 0.8882 0.3676
6.4663 49.8208 -25.2306 0.1041 0.9887 0.1078 0.8899 0.6091
9.5114 -49.9640 -3.3178 0.9799 -0.1997 0.0011 0.7025 0.7328
-10.7675 -31.4498 25.5622 -0.4129 -0.0054 0.9108 0.1388 0.5005
11.5225 -14.4694 2.7266 0.9997 -0.0062 -0.0241 0.7758 0.3872
11.2498 -29.4833 -7.8313 0.9999 -0.0115 -0.0058 0.7134 0.4778
-0.9045 -8.2035 -25.7997 -0.0465 0.0185 -0.9987 0.2144 0.3583
-4.4513 -50.4086 -25.3684 0.0494 0.1679 -0.9846 0.1929 0.6113
-4.4513 -50.4086 -25.3684 -0.0587 -0.7903 -0.6099 0.6039 0.6169
-11.6326 -16.6902 7.4857 -0.9998 0.0002 0.0186 0.4035 0.4100
-3.1915 26.7800 -25.4803 -0.0487 -0.0348 -0.9982 0.2009 0.1486
9.9130 -22.3522 25.8651 0.0221 0.0080 0.9997 0.0148 0.4461
-11.6860 -17.7711 1.7225 -1.0000 0.0056 0.0064 0.4380 0.4168
-2.4869 -50.4930 -25.3053 0.0353 0.1771 -0.9836 0.2047 0.6118
11.5864 47.1818 24.2703 0.9942 0.0464 0.0974 0.9014 0.0164
-8.0662 44.9279 26.1916 -0.0375 -0.0034 0.9993 0.1221 0.0426
11.1781 -14.7817 -13.5538 1.0000 -0.0005 0.0075 0.6782 0.3900
7.2807 -49.1745 25.4289 -0.3224 -0.8225 0.4685 0.8264 0.9109
9.5502 -47.6536 18.2912 -0.5019 -0.8645 0.0251 0.8396 0.8679
9.3340 -48.9446 10.8120 0.9768 -0.2119 0.0293 0.7094 0.8175
9.3340 -48.9446 10.8120 0.4506 -0.8686 0.2060 0.8379 0.8231
-11.7462 41.5610 -24.0444 -0.9189 -0.0001 -0.3945 0.5958 0.0626
-11.7462 41.5610 -24.0444 -0.6415 -0.0062 -0.7671 0.1498 0.0598
2.5688 3.9108 -25.6979 -0.0228 0.0159 -0.9996 0.2353 0.2857
-3.8158 51.3067 -21.5363 0.0316 0.9993 -0.0176 0.9513 0.6317
12.0733 0.1233 24.1692 0.9710 0.0050 0.2389 0.9035 0.2985
11.1884 33.0225 -7.3084 0.9996 0.0154 -0.0221 0.7129 0.1031
11.3791 -13.2393 -3.9173 0.9996 -0.0035 -0.0284 0.7359 0.3802
-9.6015 -49.5921 -25.4323 -0.0183 -0.0214 -0.9996 0.1620 0.6064
-6.4993 -49.6444 24.8475 0.0759 -0.9195 0.3858 0.7437 0.9082
-11.7801 -30.3241 2.5004 -0.9998 0.0179 -0.0018 0.4326 0.4920
11.0110 -45.3121 -7.5788 0.9998 -0.0213 -0.0008 0.7158 0.5727
3.9635 0.1764 26.0110 -0.0042 -0.0029 1.0000 0.0503 0.3110
-5.1328 -23.2657 -25.8894 -0.0498 0.0115 -0.9987 0.1889 0.4486
11.2370 -25.7297 -13.1435 0.9998 0.0178 0.0131 0.6813 0.4556
0.9296 41.0713 -26.0882 -0.0418 -0.0356 -0.9985 0.2256 0.0630
7.2575 -2.0252 -25.7812 0.0584 0.0199 -0.9981 0.2633 0.3214
-2.0712 -51.3933 6.9509 -0.0531 -0.9984 -0.0205 0.6200 0.8105
11.7681 16.6005 9.7053 0.9993 -0.0051 -0.0365 0.8158 0.2006
9.9604 -48.7126 -21.8816 -0.6813 -0.7305 -0.0472 0.8397 0.6271
-11.4094 -6.9922 16.5400 -0.9992 0.0035 0.0388 0.3498 0.3514
-7.3570 -50.3307 24.7537 0.0831 0.3430 0.9357 0.1185 0.6137
-11.9426 -41.0245 -0.3003 -1.0000 0.0067 -0.0015 0.4487 0.5563
11.2168 -40.3821 1.4149 0.9995 -0.0183 -0.0254 0.7694 0.5426
10.1209 48.8976 12.6177 -0.1539 0.9870 -0.0464 0.8659 0.8358
-11.6571 -0.5033 -11.3429 -0.9994 -0.0057 0.0330 0.5173 0.3141
7.3254 -37.4978 -26.1437 0.0375 0.0109 -0.9992 0.2635 0.5340
-3.8926 -51.0047 -11.2362 -0.0872 -0.9961 -0.0135 0.6081 0.7016
-3.5964 -1.0793 -25.5226 -0.0535 0.0257 -0.9982 0.1983 0.3156
0.7774 -11.7681 25.8411 -0.0211 -0.0112 0.9997 0.0695 0.3826
11.0554 -43.3761 -4.5786 0.9999 0.0002 -0.0124 0.7337 0.5609
10.6157 -49.2086 14.2251 -0.4446 -0.8953 0.0257 0.8457 0.8435
-11.7535 21.2890 -3.3937 -1.0000 0.0017 -0.0055 0.4709 0.1830
-3.2356 -32.4111 -26.0814 -0.0328 0.0093 -0.9994 0.2002 0.5035
-11.3816 -16.5645 17.5264 -0.9995 0.0023 0.0325 0.3433 0.4087
12.0796 -8.3855 22.3334 1.0000 -0.0028 -0.0059 0.8930 0.3496
-5.4343 -50.0596 -25.3406 0.1233 0.6183 -0.7762 0.1870 0.6092
-11.8969 0.4164 -16.6971 -0.9988 -0.0118 0.0474 0.5494 0.3088
10.7840 -26.9841 25.5899 0.4943 0.0146 0.8692 0.0096 0.4739
-11.6715 0.2334 -0.7385 -0.9997 0.0053 -0.0255 0.4537 0.3090
-9.0240 46.4037 26.1508 -0.0529 0.0088 0.9986 0.1279 0.0338
-3.9211 -51.2580 6.6863 -0.0858 -0.9961 -0.0202 0.6089 0.8091
3.9190 -51.7952 23.2904 0.0051 -1.0000 0.0037 0.6569 0.9082
-11.7022 11.2442 -9.1904 -0.9999 0.0018 0.0153 0.5050 0.2435
-11.7582 25.6687 2.5665 -0.9999 -0.0011 0.0134 0.4354 0.1564
-4.2604 -49.2320 25.5339 -0.0065 -0.7402 0.6724 0.7572 0.9122
3.0290 39.8118 26.3412 0.0024 -0.0284 0.9996 0.0557 0.0733
-8.1258 25.5842 -25.0704 -0.0647 -0.0315 -0.9974 0.1713 0.1557
-7.8610 -15.7820 25.5932 -0.0287 -0.0071 0.9996 0.1213 0.4066
-11.8560 -45.9936 7.1817 -0.9993 -0.0384 0.0042 0.4036 0.5857
-11.6506 -6.3574 -1.1496 -0.9996 0.0049 -0.0284 0.4558 0.3486
10.7029 37.2700 -23.2288 0.9970 0.0252 -0.0735 0.6173 0.0786
-11.7488 -35.6777 10.4223 -0.9993 0.0205 0.0301 0.3848 0.5237
-6.3967 35.1997 -25.5237 -0.0927 -0.0291 -0.9953 0.1817 0.0981
1.1399 -40.2909 -26.2436 -0.0035 0.0113 -0.9999 0.2264 0.5507
-5.1332 -20.8855 -25.8616 -0.0495 0.0142 -0.9987 0.1889 0.4343
-10.1710 6.3447 25.9789 0.0469 -0.0303 0.9984 0.1350 0.2739
5.8924 -49.6556 25.1741 0.1239 0.3536 0.9272 0.0391 0.6098
-11.6136 -20.8525 -12.1501 -0.9995 0.0052 0.0298 0.5209 0.4361
2.0104 49.5728 26.1731 -0.0126 0.3665 0.9303 0.0617 0.0148
-10.8778 -35.4733 25.4612 -0.7201 0.0046 0.6939 0.1395 0.5246
-11.6948 -13.3613 3.9785 -1.0000 -0.0014 0.0068 0.4247 0.3903
9.2451 48.7080 -19.8500 -0.0816 0.9962 0.0291 0.8730 0.6412
1.7393 -51.6012 11.3186 -0.0077 -0.9998 -0.0179 0.6431 0.8365
9.2924 27.0553 -25.6619 0.1098 -0.0360 -0.9933 0.2757 0.1470
-3.0447 -51.1943 25.1538 -0.0320 0.3614 0.9319 0.0927 0.6189
11.6243 -7.9601 24.8678 0.6449 -0.0064 0.7643 0.0045 0.3599
-1.3667 -51.5677 25.2486 -0.0124 -0.2781 0.9605 0.0826 0.6212
-1.3667 -51.5677 25.2486 0.0407 -0.9770 0.2093 0.6253 0.9202
1.7613 -31.7233 -26.1581 -0.0040 0.0046 -1.0000 0.2302 0.4994
-10.0066 -50.1648 -19.8479 -0.1643 -0.9860 -0.0280 0.5709 0.6503
-9.3014 36.7298 -25.2687 -0.0994 -0.0252 -0.9947 0.1643 0.0889
11.0767 36.2191 -10.5217 0.9997 0.0198 -0.0130 0.6935 0.0841
5.9738 9.5722 26.0059 0.0268 0.0009 0.9996 0.0382 0.2547
11.0396 -44.6319 -5.1964 0.9998 -0.0170 -0.0082 0.7301 0.5685
9.3558 -50.5300 -0.6466 0.9734 -0.2283 0.0176 0.6993 0.7489
9.3558 -50.5300 -0.6466 0.8050 -0.5933 0.0048 0.6881 0.7643
10.4992 40.3490 25.9827 0.4425 -0.0453 0.8956 0.0109 0.0702
9.2554 -48.7995 13.9107 0.6262 -0.7570 0.1868 0.8376 0.8417
9.2554 -48.7995 13.9107 0.9300 -0.3547 0.0965 0.7105 0.8360
-11.5885 -10.4674 -10.0124 -0.9997 -0.0011 0.0247 0.5087 0.3737
-2.5855 9.8816 26.0533 -0.0019 -0.0048 1.0000 0.0895 0.2527
-11.6362 -7.2495 8.4012 -0.9998 0.0000 0.0202 0.3985 0.3534
4.2054 -5.4473 -25.8772 -0.0014 0.0136 -0.9999 0.2450 0.3419
-9.6021 -7.9179 25.6690 -0.0046 -0.0145 0.9999 0.1317 0.3594
10.8710 33.2780 -21.3577 0.9987 0.0166 -0.0478 0.6287 0.1024
-2.8617 51.5826 6.5128 -0.0264 0.9995 -0.0189 0.9440 0.7998
5.2952 18.6705 26.0489 0.0279 -0.0040 0.9996 0.0422 0.2001
-10.8570 -36.5302 25.5040 -0.5228 -0.0031 0.8524 0.1394 0.5309
9.4279 -13.8413 -25.8182 0.2912 0.0238 -0.9564 0.2763 0.3922
0.9442 46.3667 26.5067 -0.0256 -0.0159 0.9995 0.0681 0.0340
-11.7919 35.7435 5.5506 -0.9994 -0.0135 0.0318 0.4181 0.0958
-11.1796 -34.9172 23.0189 -0.9982 0.0069 0.0590 0.3093 0.5184
-2.0702 51.3151 -7.2706 0.0304 0.9995 0.0055 0.9401 0.7171
0.6778 50.2865 25.8287 -0.0204 0.4080 0.9128 0.0697 0.0106
9.2468 48.7859 1.3761 0.1657 0.9816 0.0950 0.8717 0.7685
10.0935 17.7879 -25.0045 0.5610 -0.0024 -0.8278 0.2805 0.2026
-10.5619 47.5087 25.9413 -0.5550 -0.0045 0.8318 0.1371 0.0271
-10.5619 47.5087 25.9413 -0.8908 -0.0314 0.4534 0.2966 0.0241
11.1494 20.4620 -11.9278 0.9999 0.0027 -0.0119 0.6860 0.1787
-10.8645 50.9559 2.7977 -0.1999 0.9798 0.0049 0.9922 0.7780
5.9319 -40.9053 -26.2274 0.0139 0.0158 -0.9998 0.2551 0.5544
0.0034 10.3048 26.0522 0.0012 -0.0074 1.0000 0.0740 0.2502
-11.6698 -46.7901 16.8372 -0.9996 0.0027 0.0294 0.3457 0.5899
11.0151 -24.0881 -24.6220 0.8610 0.0193 -0.5083 0.2858 0.4536
11.0151 -24.0881 -24.6220 0.9666 0.0038 -0.2562 0.6124 0.4465
-7.5627 51.1014 25.6739 0.0293 -0.2697 0.9625 0.1191 0.0056
11.2759 37.2405 -1.1825 0.9996 0.0173 -0.0214 0.7494 0.0775
-1.4254 51.6849 25.8262 0.0014 0.0552 0.9985 0.0823 0.0022
-11.6911 -17.7897 4.3198 -1.0000 0.0016 0.0005 0.4224 0.4168
3.5987 7.3764 -25.6556 -0.0156 0.0181 -0.9997 0.2415 0.2650
-3.9972 -51.4288 25.0870 -0.0819 -0.9359 0.3427 0.6095 0.9194
-3.9972 -51.4288 25.0870 -0.0491 0.0257 0.9985 0.0984 0.6203
11.8480 -29.7033 17.4854 0.9994 -0.0149 -0.0316 0.8651 0.4777
-11.1934 -39.3762 23.7968 -0.9969 0.0163 0.0765 0.3044 0.5451
10.3200 -49.0684 23.9344 -0.6620 -0.7413 -0.1110 0.8445 0.9017
1.7889 -45.2082 -26.2268 -0.0252 -0.0349 -0.9991 0.2303 0.5802
-11.7525 -33.7590 8.2458 -0.9997 0.0174 0.0169 0.3979 0.5123
-11.6263 5.8199 -8.2357 -0.9996 -0.0221 0.0147 0.4990 0.2760
10.9104 40.6590 25.6042 0.7294 -0.0133 0.6839 0.0084 0.0684
-0.3597 32.6769 26.1621 -0.0018 -0.0161 0.9999 0.0760 0.1161
-11.6904 9.5754 -2.5408 -0.9999 -0.0084 -0.0058 0.4651 0.2531
11.3991 -22.7075 -1.3844 0.9998 -0.0081 -0.0187 0.7516 0.4369
12.0288 29.2560 22.7823 0.9999 0.0107 0.0020 0.8935 0.1240
-0.1288 2.3208 25.9981 -0.0127 -0.0091 0.9999 0.0748 0.2981
11.0054 -17.3334 -24.1720 0.9969 -0.0045 -0.0783 0.6148 0.4059
-11.8502 11.9810 -24.1814 -0.9826 0.0059 -0.1856 0.5949 0.2400
-11.8502 11.9810 -24.1814 -0.6673 -0.0187 -0.7445 0.1490 0.2372
-11.9649 19.7535 -15.6012 -0.9983 -0.0158 0.0559 0.5439 0.1929
11.6463 -31.7572 12.2498 0.9994 -0.0136 -0.0329 0.8339 0.4903
10.9410 31.8259 -20.3171 0.9990 0.0139 -0.0413 0.6350 0.1110
-1.8893 25.9735 -25.5081 -0.0407 -0.0324 -0.9986 0.2087 0.1534
-11.6150 -9.1864 -1.6080 -0.9996 0.0006 -0.0291 0.4584 0.3656
-1.0680 -50.4215 -25.2218 0.0039 0.2524 -0.9676 0.2132 0.6114
-12.0073 38.7535 -22.7473 -0.9993 0.0011 -0.0376 0.5879 0.0794
11.1293 11.5364 -14.9287 0.9999 -0.0003 0.0129 0.6685 0.2323
-1.7053 -2.3179 -25.6461 -0.0495 0.0191 -0.9986 0.2096 0.3230
-0.6863 -11.8727 -25.8926 -0.0528 0.0235 -0.9983 0.2157 0.3803
10.5414 48.8858 10.5036 -0.1785 0.9838 -0.0173 0.8635 0.8231
-11.8811 -10.4962 -18.7232 -0.9997 -0.0062 0.0239 0.5609 0.3744
-0.4565 15.2136 26.0556 -0.0101 -0.0043 0.9999 0.0767 0.2208
-8.7405 50.2952 -24.7159 -0.0162 0.2427 -0.9700 0.1678 0.0075
2.8230 12.5924 -25.5689 -0.0185 0.0105 -0.9998 0.2369 0.2337
-11.8604 46.3042 -2.5986 -0.9978 0.0664 0.0056 0.4675 0.0330
-11.6042 -18.0190 -3.7475 -0.9996 0.0096 -0.0262 0.4707 0.4186
-11.5931 22.7313 7.8761 -0.9991 -0.0073 0.0419 0.4034 0.1737
-1.7690 -4.2955 -25.6707 -0.0414 0.0181 -0.9990 0.2092 0.3349
-11.6763 -14.5387 0.5867 -0.9999 0.0072 -0.0117 0.4450 0.3975
11.3899 -43.3351 12.6703 0.9992 -0.0342 -0.0207 0.8371 0.5597
-11.8426 -38.7017 -7.1697 -0.9995 0.0312 0.0004 0.4901 0.5428
-8.5443 -50.1178 -24.7087 -0.1292 -0.9835 -0.1266 0.5794 0.6211
-0.9935 7.8948 26.0385 -0.0065 -0.0049 1.0000 0.0800 0.2647
11.4426 -39.6055 10.1863 0.9994 -0.0253 -0.0245 0.8220 0.5375
-6.7816 -11.9755 -25.6121 -0.0467 0.0180 -0.9987 0.1791 0.3809
4.9141 -51.1921 -3.3977 0.0395 -0.9991 -0.0126 0.6613 0.7481
12.0509 26.6384 23.1933 0.9999 0.0105 -0.0022 0.8961 0.1396
-2.8600 -51.1656 -3.8385 -0.0608 -0.9981 -0.0095 0.6147 0.7459
-10.8874 -28.5225 -25.2694 -0.6128 0.0116 -0.7902 0.1544 0.4801
-11.8557 32.4063 0.2480 -0.9999 -0.0155 0.0054 0.4497 0.1161
-9.8334 0.8187 -25.2462 -0.0173 0.0196 -0.9997 0.1609 0.3042
-1.8479 -50.6859 -25.2480 -0.0083 -0.3578 -0.9338 0.2085 0.6130
-1.8479 -50.6859 -25.2480 -0.0570 -0.9138 -0.4022 0.6195 0.6175
8.4266 50.6066 3.6116 0.2523 0.9671 -0.0337 0.8765 0.7818
9.6723 32.2110 -25.5944 0.6729 -0.0289 -0.7392 0.2780 0.1161
-11.7079 -18.4482 -14.8727 -0.9989 0.0020 0.0462 0.5374 0.4218
-1.9925 -5.7080 25.8788 -0.0186 -0.0148 0.9997 0.0860 0.3462
-11.5942 -35.7624 -24.6749 -0.9917 0.0122 -0.1277 0.5952 0.5262
-11.5942 -35.7624 -24.6749 -0.7850 0.0123 -0.6193 0.1502 0.5234
3.9257 -37.9838 26.1342 -0.0135 0.0135 0.9998 0.0507 0.5397
11.2083 -22.1438 -14.6224 0.9999 0.0098 0.0121 0.6723 0.4342
-6.4247 -49.9702 24.4672 0.0185 0.3605 0.9326 0.1130 0.6116
-1.0409 -45.2319 26.1014 -0.0494 -0.0020 0.9988 0.0806 0.5831
-1.3848 -49.5572 24.3284 0.0039 -0.7075 0.7067 0.7744 0.9048
11.0627 1.6789 -24.1199 0.9960 -0.0006 -0.0896 0.6140 0.2920
-11.5841 -1.1390 -4.4699 -0.9997 -0.0135 -0.0193 0.4760 0.3175
11.1262 27.2316 -12.6130 0.9998 -0.0178 0.0056 0.6815 0.1381
-11.5563 -1.8533 -6.1769 -1.0000 0.0001 -0.0003 0.4862 0.3219
-9.5506 -48.7768 25.4205 -0.0609 -0.1556 0.9859 0.1316 0.6044
-10.5447 -43.0228 -25.6180 -0.4053 0.0002 -0.9142 0.1564 0.5670
-0.8779 45.9096 -26.0941 -0.0740 0.0089 -0.9972 0.2148 0.0340
-11.6891 -19.7438 -0.0564 -0.9999 -0.0012 -0.0141 0.4485 0.4288
10.6850 3.0562 -24.7197 0.5498 0.0079 -0.8353 0.2840 0.2909
11.8707 0.8411 24.6684 0.6812 -0.0051 0.7321 0.0030 0.3071
11.8707 0.8411 24.6684 0.9258 -0.0017 0.3781 0.9064 0.2942
9.7573 -0.7448 -25.4151 0.6474 0.0192 -0.7619 0.2784 0.3137
10.9633 39.7241 -12.9593 0.9995 0.0291 -0.0096 0.6787 0.0633
11.0513 10.8228 -23.1650 0.9996 0.0055 -0.0263 0.6192 0.2371
11.1948 0.7631 -18.5587 0.9998 0.0055 -0.0192 0.6474 0.2971
11.2399 2.3099 -9.0358 0.9996 0.0054 -0.0282 0.7043 0.2873
10.8374 27.3710 -24.0166 0.9870 0.0215 -0.1590 0.6131 0.1379
-11.6102 -27.3775 11.5534 -0.9996 0.0088 0.0283 0.3785 0.4738
-10.9849 51.0044 -8.8913 -0.3055 0.9521 0.0088 0.9936 0.7080
9.5787 48.8614 -9.8741 -0.1500 0.9885 -0.0188 0.8704 0.7010
11.3836 20.0196 -4.1026 0.9989 -0.0011 -0.0467 0.7329 0.1809
-2.9356 -10.4677 25.7833 -0.0225 -0.0142 0.9996 0.0917 0.3747
11.1892 14.8358 25.2432 0.6519 -0.0104 0.7582 0.0069 0.2232
9.9708 -49.0617 -24.6716 -0.2399 -0.9684 0.0686 0.8396 0.6104
-11.8800 -38.7855 -4.2609 -0.9997 0.0210 -0.0134 0.4726 0.5431
10.8684 -49.1008 -24.6946 0.3063 -0.9281 -0.2119 0.8450 0.6102
10.8684 -49.1008 -24.6946 0.7114 -0.3160 -0.6278 0.2848 0.6035
10.8684 -49.1008 -24.6946 0.9309 -0.2533 -0.2633 0.6134 0.5964
-11.6371 -31.7728 -24.1808 -1.0000 -0.0081 0.0029 0.5924 0.5022
-5.6555 -42.0160 25.8435 -0.0578 0.0004 0.9983 0.1082 0.5638
2.5764 -18.2264 25.8268 -0.0168 0.0118 0.9998 0.0587 0.4213
11.1424 23.3434 -16.7883 0.9999 0.0080 -0.0130 0.6567 0.1617
5.0809 1.6904 26.0147 0.0049 -0.0016 1.0000 0.0436 0.3019
5.2498 22.5834 -25.6265 -0.0010 -0.0211 -0.9998 0.2515 0.1738
11.1587 -4.0504 -20.8337 0.9997 -0.0015 -0.0224 0.6340 0.3261
-9.8859 25.4737 -25.0076 -0.1522 -0.0065 -0.9883 0.1608 0.1564
6.8083 -18.5402 -26.0571 0.0288 0.0116 -0.9995 0.2605 0.4204
11.6164 9.3849 3.3576 0.9997 -0.0012 -0.0251 0.7782 0.2442
11.2107 -6.7761 -13.2855 1.0000 -0.0014 0.0015 0.6794 0.3420
10.5305 -7.8968 -24.9839 0.6096 0.0150 -0.7926 0.2830 0.3565
-0.7523 33.5418 -25.8016 -0.0316 -0.0312 -0.9990 0.2155 0.1081
6.4692 51.3158 17.3905 0.0974 0.9950 -0.0225 0.8875 0.8645
-11.5749 -47.0336 19.7626 -0.9992 0.0116 0.0390 0.3281 0.5912
-11.6891 -31.4686 10.0544 -0.9996 0.0070 0.0287 0.3872 0.4985
1.1518 -50.2707 -25.1479 -0.0143 0.2400 -0.9707 0.2265 0.6105
-11.5201 47.7648 13.1489 -0.9989 0.0330 0.0342 0.3732 0.0233
11.2405 34.6970 -4.0605 0.9994 0.0167 -0.0290 0.7323 0.0929
-11.4900 50.1642 -11.1579 -0.9795 0.2014 0.0073 0.5191 0.0103
-0.1121 40.2486 -26.0173 -0.0401 -0.0309 -0.9987 0.2194 0.0679
1.4395 -50.9249 -24.6994 -0.0356 -0.9951 -0.0925 0.6393 0.6206
10.8749 44.1877 -5.3114 0.9985 0.0529 -0.0129 0.7243 0.0361
9.4567 -49.3582 -11.1848 0.9807 -0.1942 -0.0230 0.7057 0.6856
11.0581 -49.5220 25.0745 0.3402 -0.8671 0.3638 0.8490 0.9085
-11.4355 -29.8211 17.1171 -0.9992 0.0029 0.0401 0.3450 0.4882
-1.7181 51.3194 -2.9301 0.0232 0.9996 -0.0176 0.9377 0.7431
11.0601 39.5492 -5.6119 0.9993 0.0337 -0.0133 0.7227 0.0639
-11.6886 -21.7596 -0.7327 -0.9998 0.0049 -0.0188 0.4524 0.4409
9.1072 49.6026 15.6441 0.9942 0.1052 -0.0233 0.5484 0.8359
10.9268 -48.9959 -16.3953 0.5900 -0.8069 0.0284 0.8458 0.6599
7.9967 49.8062 -25.5120 0.1680 0.9112 0.3762 0.8808 0.6073
7.9227 -12.0139 25.8712 0.0231 -0.0166 0.9996 0.0266 0.3841
6.2988 50.0356 -24.2279 0.1883 0.9742 -0.1245 0.8909 0.6151
-11.3394 -20.8088 19.2170 -0.9992 0.0035 0.0402 0.3329 0.4340
-11.7933 28.1271 0.8089 -0.9999 -0.0138 0.0037 0.4461 0.1417
-11.2970 28.0360 15.4095 -0.9987 -0.0095 0.0494 0.3586 0.1414
8.6590 -51.0388 -20.1961 0.2241 -0.9744 -0.0192 0.6828 0.6472
-6.7084 -7.0772 -25.5031 -0.0534 0.0235 -0.9983 0.1796 0.3515
-11.6320 -46.8575 -24.3266 -0.9994 -0.0266 0.0236 0.5924 0.5927
0.7204 49.4608 26.2037 -0.0171 0.3605 0.9326 0.0694 0.0155
-11.7989 28.5747 1.4489 -0.9999 -0.0138 0.0074 0.4422 0.1390
11.6797 18.4953 5.9858 0.9997 0.0015 -0.0246 0.7934 0.1894
11.3199 -41.6466 6.3620 0.9996 -0.0192 -0.0200 0.7992 0.5499
10.0252 -12.6202 25.8326 0.1490 -0.0147 0.9887 0.0141 0.3877
-11.7675 -31.7295 6.5307 -0.9999 0.0041 0.0140 0.4083 0.5002
11.8625 -35.1570 24.2884 0.9805 -0.0168 0.1960 0.9062 0.5100
10.0481 -18.5829 25.8075 0.0461 0.0113 0.9989 0.0139 0.4235
-1.0898 31.2966 -25.7173 -0.0334 -0.0330 -0.9989 0.2135 0.1215
-11.5547 -9.9909 -5.3160 -0.9999 -0.0024 -0.0138 0.4806 0.3706
11.2203 -49.4303 19.8086 -0.1765 -0.9839 -0.0266 0.8497 0.8770
11.2203 -49.4303 19.8086 0.9363 -0.3476 -0.0494 0.8802 0.5958
-11.9108 46.4494 -20.2310 -0.9984 0.0571 -0.0016 0.5732 0.0331
11.3751 44.9290 11.7580 0.9979 0.0547 -0.0333 0.8265 0.0306
9.5776 49.7659 26.3785 0.8790 0.4585 -0.1312 0.5500 0.9002
9.5776 49.7659 26.3785 0.2089 0.4464 0.8701 0.0163 0.0137
9.5776 49.7659 26.3785 0.3455 0.7347 0.5837 0.8683 0.9183
-11.6002 -11.3790 10.0195 -0.9997 -0.0037 0.0234 0.3886 0.3780
9.5660 -49.0753 4.3051 0.9341 -0.3555 0.0327 0.7083 0.7785
9.5660 -49.0753 4.3051 0.3807 -0.9210 -0.0829 0.8389 0.7841
0.4981 -6.4897 -25.8360 -0.0457 0.0241 -0.9987 0.2228 0.3481
-1.0978 -47.6856 -25.9305 -0.0560 -0.1116 -0.9922 0.2130 0.5950
-10.4803 31.7183 -24.9483 -0.3605 -0.0091 -0.9327 0.1573 0.1189
9.2058 48.8560 11.0270 0.2707 0.9619 0.0381 0.8714 0.8263
9.2058 48.8560 11.0270 0.8612 0.5083 -0.0083 0.5437 0.8083
-11.6063 -8.9857 9.7975 -0.9998 0.0004 0.0218 0.3901 0.3637
-10.9360 23.0353 21.4906 -0.9977 -0.0002 0.0675 0.3218 0.1711
-11.3399 -47.8935 24.1410 -0.9920 0.0266 0.1231 0.3019 0.5961
-0.7372 50.3846 -24.8408 0.0150 0.3436 -0.9390 0.2158 0.0071
-0.7372 50.3846 -24.8408 -0.0138 0.6111 -0.7914 0.9331 0.6118
-9.0651 33.6666 -25.2125 -0.0788 -0.0143 -0.9968 0.1657 0.1073
9.1718 50.6338 24.9885 0.8617 0.5075 0.0031 0.8708 0.9099
9.1718 50.6338 24.9885 0.9157 0.4018 -0.0104 0.5552 0.8919
-11.0498 14.6284 20.0315 -0.9986 0.0064 0.0530 0.3301 0.2216
-1.3589 48.2945 26.4077 -0.0315 0.0725 0.9969 0.0819 0.0225
-9.7873 51.3486 25.4202 -0.1892 0.9791 0.0743 0.9844 0.9135
7.0904 5.0278 -25.6635 0.0570 0.0157 -0.9983 0.2624 0.2791
-11.7995 -34.8440 -3.5946 -0.9994 0.0308 -0.0161 0.4688 0.5195
-11.6660 -2.5799 6.7626 -0.9998 0.0017 0.0196 0.4086 0.3255
-11.8417 2.4287 -15.0861 -0.9988 -0.0108 0.0478 0.5399 0.2967
-4.3890 48.8611 26.2540 -0.0248 0.1983 0.9798 0.1001 0.0190
2.9304 -37.3645 -26.1987 0.0050 0.0105 -0.9999 0.2372 0.5332
-12.0766 8.6287 -21.9410 -0.9997 -0.0057 -0.0247 0.5813 0.2599
2.3818 -9.4394 25.8910 -0.0120 -0.0077 0.9999 0.0598 0.3686
11.1979 -13.2926 -14.3511 0.9999 -0.0070 0.0077 0.6734 0.3812
7.1416 -49.0548 -26.1618 -0.0204 -0.8011 -0.5982 0.8226 0.6016
7.1416 -49.0548 -26.1618 0.0029 -0.4623 -0.8867 0.2623 0.6033
0.6577 51.7265 25.8112 0.0099 0.9727 0.2320 0.9218 0.9153
0.6577 51.7265 25.8112 -0.0096 -0.1111 0.9938 0.0698 0.0019
11.3205 -20.2974 -5.4730 0.9997 -0.0020 -0.0251 0.7270 0.4226
11.1077 25.9842 -13.0319 0.9999 -0.0071 0.0093 0.6790 0.1456
11.1448 21.7836 -17.5029 0.9999 0.0043 -0.0124 0.6525 0.1711
7.9784 -21.6144 -26.0328 0.0639 0.0054 -0.9979 0.2675 0.4388
10.0154 -34.8918 -25.6527 0.7376 0.0197 -0.6749 0.2797 0.5184
-8.6011 -29.3539 -25.7991 -0.0114 0.0150 -0.9998 0.1681 0.4851
-11.0356 -31.6607 24.9396 -0.9923 -0.0058 0.1238 0.2980 0.4988
7.1963 -50.9083 -25.2251 0.0724 -0.2146 -0.9740 0.2627 0.6144
7.1963 -50.9083 -25.2251 0.0644 -0.9867 -0.1493 0.6737 0.6171
-11.6559 -19.5553 -1.6788 -0.9997 -0.0036 -0.0232 0.4582 0.4277
-6.4560 51.3288 -22.3162 -0.0155 0.9999 -0.0041 0.9672 0.6272
-11.6116 -19.1158 -3.7319 -0.9996 0.0001 -0.0271 0.4706 0.4252
-7.7401 -43.2655 -25.9456 -0.0152 -0.0379 -0.9992 0.1732 0.5685
0.1489 -44.9823 -26.1909 -0.0295 -0.0437 -0.9986 0.2204 0.5788
8.6233 -51.3982 11.9571 0.1713 -0.9846 -0.0340 0.6844 0.8399
10.9776 42.2724 -4.2729 0.9988 0.0469 -0.0160 0.7306 0.0475
11.1950 -33.2905 -6.6252 1.0000 -0.0041 -0.0073 0.7208 0.5006
11.5255 -0.9549 1.2969 0.9997 0.0102 -0.0221 0.7665 0.3063
11.6676 -20.1372 24.8640 0.6144 -0.0030 0.7890 0.0043 0.4329
-9.0518 -50.2247 -21.9882 -0.1281 -0.9908 -0.0444 0.5765 0.6374
-11.9941 -2.4161 -19.8246 -0.9998 -0.0105 0.0177 0.5680 0.3260
9.5003 47.8764 -25.9950 0.9987 0.0375 0.0356 0.5290 0.6236
9.9908 -48.8411 12.8978 -0.6212 -0.7833 -0.0250 0.8419 0.8356
-11.5923 -2.8871 10.5684 -0.9998 0.0086 0.0205 0.3858 0.3271
-11.6886 1.2095 0.0458 -0.9997 -0.0001 -0.0254 0.4491 0.3031
2.8152 50.7484 -21.9529 0.1304 0.9909 -0.0336 0.9116 0.6289
11.3589 -26.4005 -1.6229 0.9998 0.0071 -0.0183 0.7504 0.4590
-3.2864 50.1919 -24.9534 -0.0077 0.7539 -0.6569 0.9484 0.6113
-3.2864 50.1919 -24.9534 -0.0061 0.3522 -0.9359 0.2005 0.0082
-11.7281 16.4868 1.7974 -0.9999 -0.0023 0.0131 0.4395 0.2115
-10.4019 -1.8631 25.7304 -0.0525 0.0061 0.9986 0.1364 0.3231
-11.6977 33.2709 7.7014 -0.9994 -0.0092 0.0326 0.4050 0.1105
12.0658 0.7718 19.4500 0.9997 -0.0011 -0.0236 0.8751 0.2949
10.1247 18.8729 25.9164 0.0615 -0.0017 0.9981 0.0133 0.1989
11.5616 46.1032 20.9990 0.9986 0.0467 -0.0229 0.8819 0.0231
11.1769 -36.9112 -11.7981 0.9996 -0.0221 0.0161 0.6900 0.5226
10.1514 1.1327 25.8707 0.0988 0.0038 0.9951 0.0132 0.3053
-11.8275 -15.9655 -23.2048 -0.9998 -0.0115 -0.0161 0.5875 0.4074
10.8755 35.6836 25.6440 0.6486 -0.0082 0.7611 0.0087 0.0982
0.2360 27.4721 26.1215 -0.0010 -0.0052 1.0000 0.0725 0.1473
9.3882 5.9110 -25.4227 0.2988 0.0100 -0.9543 0.2762 0.2738
2.2542 -51.2887 -2.4463 0.0131 -0.9998 -0.0179 0.6454 0.7540
-5.4381 -3.7095 25.8393 -0.0272 -0.0192 0.9994 0.1067 0.3342
-11.7803 19.4188 -11.6748 -0.9998 -0.0027 0.0218 0.5204 0.1946
-0.9202 47.4487 -26.0512 -0.0890 0.0477 -0.9949 0.2146 0.0247
9.4688 -48.0892 14.3160 -0.8497 -0.4147 0.3256 0.5008 0.6227
9.4688 -48.0892 14.3160 0.2934 -0.7753 0.5593 0.8389 0.8441
11.1776 29.8069 -8.5247 0.9998 -0.0055 -0.0190 0.7058 0.1225
11.6036 -45.4283 22.7256 0.9987 -0.0376 -0.0354 0.8975 0.5717
-4.6712 18.5612 26.0465 -0.0159 -0.0052 0.9999 0.1020 0.2007
12.1156 4.0582 22.3146 1.0000 0.0043 0.0037 0.8921 0.2751
11.1368 24.6628 -14.9951 0.9999 0.0003 0.0101 0.6673 0.1537
-11.6236 -4.9069 -1.8446 -0.9996 -0.0033 -0.0265 0.4601 0.3399
-11.6803 12.3487 4.2283 -0.9998 -0.0008 0.0211 0.4247 0.2361
-8.7754 -43.0422 -25.9446 -0.0094 -0.0264 -0.9996 0.1670 0.5671
-10.4168 -11.2374 -25.3689 -0.3984 0.0084 -0.9172 0.1574 0.3764
11.2189 32.9470 -6.0376 0.9995 0.0172 -0.0246 0.7206 0.1035
11.1348 20.0170 -15.4816 1.0000 0.0019 0.0016 0.6647 0.1815
10.9199 41.7292 -9.8674 0.9992 0.0377 -0.0133 0.6971 0.0511
-11.5789 4.9766 9.0999 -0.9995 0.0050 0.0310 0.3950 0.2800
-2.7798 29.3563 26.1204 -0.0075 -0.0062 1.0000 0.0905 0.1360
-4.1864 -24.4354 -25.9443 -0.0415 0.0111 -0.9991 0.1946 0.4556
11.8744 -13.6154 24.6265 0.8205 -0.0262 0.5710 0.0030 0.3938
11.8744 -13.6154 24.6265 0.8898 -0.0257 0.4556 0.9070 0.3809
-10.3146 2.4479 -25.1670 -0.3408 0.0207 -0.9399 0.1581 0.2944
9.6764 -49.1549 -4.9690 0.8994 -0.4369 -0.0147 0.7073 0.7229
9.6764 -49.1549 -4.9690 0.7909 -0.6120 -0.0014 0.8390 0.7285
-11.5889 -25.4629 -4.8081 -0.9997 -0.0039 -0.0222 0.4767 0.4633
11.2309 -3.1802 -12.3699 0.9999 0.0039 -0.0093 0.6847 0.3204
8.9754 49.2682 -25.7183 0.6678 0.6751 0.3134 0.8749 0.6060
9.1399 -48.5704 24.7285 0.9791 -0.1962 -0.0535 0.7125 0.9009
11.8381 -6.3587 13.5885 0.9994 -0.0043 -0.0331 0.8404 0.3380
-6.5786 -49.3894 -25.1709 0.2179 0.1163 -0.9690 0.1801 0.6052
0.5627 -51.4668 25.3012 -0.1110 0.1971 0.9741 0.0710 0.6206
0.5627 -51.4668 25.3012 -0.1502 -0.9330 0.3271 0.6369 0.9204
9.7553 -48.9829 -23.4065 0.8897 -0.4467 0.0941 0.7072 0.6123
9.7553 -48.9829 -23.4065 -0.0302 -0.9696 0.2427 0.8384 0.6180
11.2697 -28.0703 -13.9534 1.0000 0.0022 0.0047 0.6766 0.4697
10.2746 -29.5119 -25.4953 0.6922 -0.0025 -0.7217 0.2813 0.4861
9.2663 -48.5958 14.5370 0.9816 -0.1644 0.0970 0.7117 0.8398
-11.4533 21.5212 10.9544 -0.9991 -0.0044 0.0429 0.3849 0.1807
-10.6450 51.0583 25.1667 -0.5790 0.8153 0.0013 0.9896 0.9121
-10.6450 51.0583 25.1667 -0.7798 0.4117 0.4717 0.3014 0.0029
-10.8770 -50.8172 21.9999 -0.3322 -0.9425 -0.0362 0.5681 0.9012
-11.7554 -38.9814 11.8215 -0.9994 0.0146 0.0325 0.3762 0.5434
11.0263 -42.0812 -6.8052 1.0000 -0.0021 -0.0027 0.7203 0.5533
9.0434 48.7846 3.8107 0.6541 0.7563 -0.0122 0.8728 0.7831
9.0434 48.7846 3.8107 0.9906 0.1365 -0.0087 0.5429 0.7651
2.8243 47.1004 -26.3588 -0.0642 -0.0121 -0.9979 0.2370 0.0269
9.3512 48.6538 18.4261 0.9827 0.1788 -0.0480 0.5429 0.8527
9.3512 48.6538 18.4261 0.2837 0.9570 -0.0604 0.8701 0.8707
-4.0664 32.2700 -25.6233 -0.0702 -0.0326 -0.9970 0.1957 0.1157
-11.6938 49.5847 -23.6930 -0.9910 0.1129 -0.0720 0.5942 0.0145
9.8500 48.8639 13.1416 -0.2557 0.9667 0.0021 0.8674 0.8390
0.9540 41.7079 26.3842 -0.0111 -0.0261 0.9996 0.0681 0.0620
11.3938 35.4100 1.3607 0.9989 0.0302 -0.0353 0.7648 0.0883
-9.8597 40.0435 -25.2624 -0.2361 -0.0165 -0.9716 0.1610 0.0690
10.0057 -32.0781 -25.7254 0.6920 -0.0230 -0.7215 0.2796 0.5015
5.9418 15.7305 -25.5631 0.0111 0.0040 -0.9999 0.2556 0.2149
11.0382 40.9032 -4.2391 0.9993 0.0336 -0.0191 0.7309 0.0557
11.1387 7.7683 -12.2284 0.9999 0.0077 -0.0073 0.6849 0.2548
-11.7843 -43.8478 12.8349 -0.9995 0.0007 0.0314 0.3698 0.5725
-11.6491 -29.3048 -4.2285 -0.9994 0.0291 -0.0186 0.4730 0.4863
-7.3153 -41.0420 25.7463 -0.0610 -0.0022 0.9981 0.1182 0.5580
-8.8528 26.9320 -25.0698 -0.0477 -0.0255 -0.9985 0.1670 0.1476
-9.6741 -45.0132 25.5429 -0.0805 -0.0211 0.9965 0.1324 0.5818
1.5367 -17.3699 -26.0666 -0.0195 0.0142 -0.9997 0.2289 0.4133
-11.7148 7.9402 -10.6432 -0.9996 -0.0111 0.0242 0.5136 0.2634
11.9234 20.9098 14.8781 0.9995 0.0011 -0.0326 0.8466 0.1745
-1.0931 -7.2442 25.8732 -0.0171 -0.0150 0.9997 0.0807 0.3554
-8.1034 -51.0287 24.9096 -0.0833 0.2732 0.9583 0.1230 0.6179
-11.6335 -27.3699 -8.9844 -0.9995 0.0268 0.0195 0.5016 0.4750
-12.0349 10.5232 -17.8249 -0.9991 -0.0041 0.0434 0.5567 0.2483
10.8913 24.6201 -24.1638 0.9799 0.0241 -0.1981 0.6124 0.1544
11.3944 -16.8372 -2.1498 0.9997 0.0015 -0.0225 0.7467 0.4017
-11.5695 42.6699 13.0487 -0.9987 -0.0044 0.0502 0.3735 0.0538
6.4111 50.7898 -1.0032 0.1245 0.9916 -0.0362 0.8889 0.7543
8.2241 -40.7967 -26.1551 0.0644 0.0216 -0.9977 0.2689 0.5538
10.2055 -11.6131 -25.3012 0.6247 0.0285 -0.7803 0.2810 0.3788
-0.4685 -50.5475 24.7961 0.0004 0.6191 0.7853 0.0772 0.6151
8.8639 -49.0138 -26.0581 0.1890 -0.7200 -0.6678 0.8329 0.6021
8.8639 -49.0138 -26.0581 0.1618 -0.4072 -0.8989 0.2727 0.6031
-11.6222 -27.9960 -3.9703 -0.9992 0.0154 -0.0370 0.4715 0.4784
9.7782 -48.9675 10.1792 -0.2825 -0.9593 -0.0016 0.8405 0.8193
-6.4040 2.1834 25.9094 -0.0414 -0.0128 0.9991 0.1124 0.2989
8.8544 49.1204 -5.5693 0.9787 0.2012 -0.0402 0.5443 0.7088
9.6713 -48.4817 -21.9666 -0.3173 -0.9470 0.0494 0.8380 0.6266
9.6713 -48.4817 -21.9666 0.9531 -0.2983 0.0501 0.7103 0.6209
-11.6630 -45.0344 -23.4235 -0.9997 -0.0257 0.0007 0.5871 0.5817
11.1276 -49.4253 20.5415 -0.3281 -0.9446 -0.0046 0.8492 0.8814
6.6951 -18.6817 25.8644 0.0317 0.0038 0.9995 0.0340 0.4240
-11.6087 3.8365 8.2333 -0.9995 0.0031 0.0301 0.4002 0.2869
-0.3059 34.4421 26.1972 -0.0026 -0.0227 0.9997 0.0757 0.1055
-11.5617 -4.9449 -7.5618 -1.0000 -0.0042 0.0039 0.4944 0.3405
-0.3512 4.7216 26.0197 -0.0105 -0.0084 0.9999 0.0761 0.2837
-8.6592 46.8746 -25.2938 -0.1166 0.0842 -0.9896 0.1682 0.0281
10.9217 41.1861 -12.2526 0.9995 0.0321 -0.0046 0.6829 0.0545
-3.2945 -51.6248 24.6574 -0.0546 -0.9946 0.0881 0.6137 0.9168
9.3168 48.5405 16.4679 0.4535 0.8907 -0.0320 0.8705 0.8589
9.3168 48.5405 16.4679 0.9398 0.3398 -0.0362 0.5421 0.8409
9.9865 -2.8528 25.9106 -0.0030 0.0131 0.9999 0.0142 0.3292
10.2726 -35.1947 -25.3935 0.6549 0.0169 -0.7555 0.2812 0.5202
-12.0223 40.1718 -12.1197 -0.9999 -0.0094 0.0088 0.5242 0.0703
0.8915 48.0821 -26.1917 -0.0919 0.0434 -0.9948 0.2254 0.0210
9.5349 48.6524 14.5633 -0.4018 0.9134 0.0645 0.8693 0.8475
-1.4544 51.4512 1.3305 0.0135 0.9995 -0.0302 0.9359 0.7687
-11.7414 -23.6325 -24.1320 -0.9973 -0.0064 -0.0726 0.5926 0.4534
10.5540 48.1164 -17.3638 0.9893 0.1454 -0.0136 0.6518 0.0132
-7.5505 38.2928 -25.4810 -0.0950 -0.0208 -0.9953 0.1748 0.0795
-8.9955 -2.3260 -25.3107 0.0005 0.0203 -0.9998 0.1659 0.3230
-11.6800 -16.8946 0.0776 -1.0000 0.0069 -0.0066 0.4479 0.4117
7.2881 -26.9740 -26.0853 0.0450 0.0045 -0.9990 0.2634 0.4709
-11.9021 46.3152 -21.9150 -0.9992 0.0376 -0.0144 0.5833 0.0340
10.2942 48.8646 -17.9281 0.9246 0.3809 -0.0092 0.6484 0.0087
10.2942 48.8646 -17.9281 0.2382 0.9710 0.0183 0.8666 0.6527
-3.1455 12.2890 -25.3066 -0.0665 0.0110 -0.9977 0.2011 0.2354
10.1364 -27.8778 25.9130 0.2389 0.0152 0.9709 0.0135 0.4792
-11.4502 0.1258 14.3759 -0.9992 0.0105 0.0392 0.3631 0.3088
11.2482 -35.4667 -2.9567 0.9998 -0.0135 -0.0158 0.7430 0.5134
11.2418 -29.3718 -8.9281 1.0000 -0.0010 -0.0034 0.7068 0.4772
-11.5744 49.2716 -4.5703 -0.9896 0.1438 0.0086 0.4795 0.0153
-11.0785 50.9690 -11.6424 -0.4693 0.8831 -0.0033 0.9943 0.6915
3.5927 -48.7111 26.1504 -0.0463 -0.3676 0.9288 0.0528 0.6040
3.5927 -48.7111 26.1504 0.0032 -0.7196 0.6944 0.8043 0.9154
-11.4185 -21.2971 17.1969 -0.9994 0.0053 0.0341 0.3450 0.4371
-10.4486 6.2084 -24.9855 -0.3814 0.0322 -0.9238 0.1573 0.2718
-11.6949 -26.7623 -15.6366 -1.0000 -0.0047 0.0073 0.5415 0.4717
-11.7715 48.2568 -19.7897 -0.9950 0.0999 0.0058 0.5707 0.0222
11.2203 -1.1043 -17.6311 1.0000 0.0031 -0.0086 0.6530 0.3083
5.9065 -10.6196 25.9165 -0.0015 -0.0021 1.0000 0.0387 0.3757
-11.8937 -45.1111 0.5525 -0.9991 -0.0405 -0.0079 0.4434 0.5808
11.1389 20.4578 -18.2285 0.9999 0.0037 -0.0155 0.6482 0.1791
9.5680 -15.9474 -25.8341 0.2940 0.0065 -0.9558 0.2771 0.4048
-11.5650 -8.4694 -3.6218 -0.9999 -0.0036 -0.0146 0.4705 0.3614
-10.2304 -0.5001 -25.2551 -0.2437 0.0169 -0.9697 0.1585 0.3121
11.7598 13.1187 9.7161 0.9995 0.0005 -0.0323 0.8161 0.2215
-8.3953 3.4589 -25.1568 -0.0119 0.0394 -0.9992 0.1696 0.2883
11.0039 0.5360 -24.5160 0.5902 0.0016 -0.8072 0.2859 0.3060
11.0039 0.5360 -24.5160 0.9851 0.0030 -0.1719 0.6117 0.2988
-5.5398 51.4314 25.7019 0.0157 -0.2854 0.9583 0.1070 0.0037
-11.8498 -38.4312 -15.9464 -0.9998 0.0164 -0.0061 0.5427 0.5417
-3.0741 8.0539 -25.3712 -0.0646 0.0180 -0.9977 0.2015 0.2608
-11.7855 26.0904 -1.0435 -1.0000 -0.0075 -0.0003 0.4570 0.1540
-3.0389 30.6781 -25.6260 -0.0471 -0.0348 -0.9983 0.2018 0.1252
10.8747 27.7100 -23.2882 0.9985 0.0217 -0.0511 0.6175 0.1359
-3.1664 -51.4639 14.0636 -0.0755 -0.9969 -0.0227 0.6139 0.8532
9.9609 -32.0585 26.0068 0.0746 0.0186 0.9970 0.0145 0.5042
-1.1577 28.7065 -25.6279 -0.0359 -0.0337 -0.9988 0.2131 0.1371
-9.3265 14.8132 -24.8742 0.0025 0.0086 -1.0000 0.1641 0.2203
-10.8958 3.6592 24.1463 -0.9954 0.0253 0.0924 0.3048 0.2871
-3.1819 -49.6733 24.3197 0.0998 0.3693 0.9239 0.0935 0.6099
-3.1819 -49.6733 24.3197 0.1568 -0.9151 0.3715 0.7636 0.9048
-9.0561 34.9271 -25.2386 -0.0929 -0.0269 -0.9953 0.1658 0.0997
11.0844 -10.8688 -22.7617 0.9989 -0.0024 -0.0478 0.6228 0.3671
-2.5186 23.0333 -25.3928 -0.0462 -0.0261 -0.9986 0.2049 0.1710
11.1159 -38.4261 -10.2462 0.9996 -0.0257 0.0107 0.6994 0.5316
9.2341 -33.4452 26.0589 0.0260 0.0203 0.9995 0.0189 0.5126
-11.7994 35.4988 -24.0661 -0.9721 -0.0138 -0.2343 0.5956 0.0990
-11.7994 35.4988 -24.0661 -0.6223 0.0236 -0.7824 0.1494 0.0962
0.2166 29.9741 -25.7167 -0.0330 -0.0319 -0.9989 0.2213 0.1295
10.0500 48.9013 13.8277 -0.2981 0.9539 0.0338 0.8662 0.8431
11.1779 -47.2525 -24.1610 0.9980 -0.0394 -0.0488 0.6165 0.5853
-11.4265 -45.7123 22.1857 -0.9981 0.0219 0.0582 0.3137 0.5832
10.8321 46.6215 0.0378 0.9971 0.0698 -0.0287 0.7562 0.0212
-2.6040 -50.8763 24.9981 -0.0133 0.4356 0.9001 0.0900 0.6170
-3.5327 27.4262 26.1035 -0.0107 -0.0043 0.9999 0.0951 0.1476
-9.9758 51.1446 16.6448 -0.1437 0.9896 -0.0113 0.9861 0.8610
3.4752 49.8669 -26.0692 -0.0565 0.8713 -0.4875 0.9079 0.6042
-11.4024 13.7043 12.4284 -0.9991 0.0080 0.0407 0.3756 0.2275
9.5633 -49.3610 0.9108 0.9482 -0.3176 -0.0036 0.7064 0.7581
0.1118 51.1909 -8.7830 0.0625 0.9979 -0.0137 0.9271 0.7080
-10.7111 -50.0817 -17.9850 -0.3385 -0.9408 -0.0161 0.5668 0.6615
-0.3866 44.9520 26.4435 -0.0229 -0.0225 0.9995 0.0761 0.0425
-11.6684 -26.8293 -11.2721 -0.9998 0.0128 0.0131 0.5153 0.4719
10.8741 26.3336 -23.9344 0.9964 0.0238 -0.0817 0.6137 0.1442
4.8879 50.8638 25.8057 -0.0246 -0.0881 0.9958 0.0445 0.0071
4.3695 18.1288 -25.5566 -0.0094 -0.0041 -0.9999 0.2462 0.2005
-12.0819 28.2345 -21.2093 -1.0000 0.0041 -0.0075 0.5780 0.1423
-10.4090 -30.3544 25.5895 -0.0617 0.0037 0.9981 0.1367 0.4939
-11.6942 -12.0828 2.2038 -0.9999 -0.0048 -0.0127 0.4354 0.3827
10.1427 27.8877 -25.1072 0.6833 -0.0027 -0.7301 0.2808 0.1420
11.7405 8.6267 8.6779 0.9997 -0.0021 -0.0251 0.8101 0.2484
11.2805 -34.5351 -1.7011 0.9997 -0.0137 -0.0182 0.7504 0.5078
7.9774 39.9798 -26.1471 0.0426 -0.0490 -0.9979 0.2679 0.0696
9.9807 49.0108 18.2640 -0.4849 0.8720 0.0674 0.8664 0.8696
-9.3822 49.5815 -24.8904 -0.0681 0.1837 -0.9806 0.1639 0.0118
-10.6743 -12.8545 25.5239 -0.1977 -0.0104 0.9802 0.1382 0.3890
-4.9612 -30.5492 -25.9922 -0.0483 0.0132 -0.9987 0.1899 0.4923
9.7303 -49.1412 1.9541 0.9050 -0.4200 -0.0679 0.7077 0.7644
9.7303 -49.1412 1.9541 0.2682 -0.9614 -0.0613 0.8397 0.7700
9.6900 -49.5344 -25.0354 0.9464 -0.3219 0.0256 0.7038 0.6026
-12.0980 26.1072 -21.2290 -1.0000 0.0071 -0.0041 0.5780 0.1551
-10.0706 18.6954 -24.9058 -0.1217 -0.0099 -0.9925 0.1596 0.1970
11.2140 -11.4898 -17.2393 1.0000 -0.0016 -0.0049 0.6560 0.3705
11.7261 40.4738 24.6441 0.7771 0.0049 0.6294 0.0036 0.0695
11.7261 40.4738 24.6441 0.9859 0.0303 0.1644 0.9040 0.0566
11.8071 -35.7249 19.9891 0.9995 -0.0209 -0.0232 0.8805 0.5137
-11.7513 19.5419 -3.6542 -0.9999 -0.0049 -0.0100 0.4723 0.1934
-3.8426 -25.1796 -25.9670 -0.0406 0.0133 -0.9991 0.1966 0.4601
-2.2159 -3.7362 25.9036 -0.0172 -0.0144 0.9997 0.0874 0.3344
-11.5613 -2.3468 11.7576 -0.9996 0.0104 0.0251 0.3787 0.3238
10.1425 48.9157 4.5877 -0.1477 0.9890 -0.0063 0.8662 0.7877
9.4226 41.9428 -25.7802 0.9477 0.0531 -0.3148 0.5307 0.6591
11.3907 -16.3444 -2.3243 0.9998 -0.0042 -0.0204 0.7456 0.3988
-5.2166 -5.0392 -25.5375 -0.0537 0.0257 -0.9982 0.1886 0.3393
6.2023 27.1720 -25.7595 0.0021 -0.0385 -0.9993 0.2572 0.1463
10.6668 33.9877 -24.3134 0.9783 0.0233 -0.2060 0.6110 0.0983
4.4058 -7.5948 25.9293 -0.0071 -0.0134 0.9999 0.0477 0.3576
-0.6565 -21.0033 -26.0329 -0.0419 0.0123 -0.9990 0.2158 0.4351
-11.5909 -9.4885 10.5205 -0.9997 0.0011 0.0234 0.3857 0.3667
11.2678 -26.2590 -15.7500 1.0000 0.0087 0.0015 0.6657 0.4590
-7.0552 50.4972 25.6980 0.0151 0.2563 0.9665 0.1161 0.0093
-0.8808 -25.4721 -26.0725 -0.0285 0.0111 -0.9995 0.2144 0.4619
-11.0862 47.6665 21.8643 -0.9972 -0.0164 0.0723 0.3210 0.0234
9.1435 42.0176 -26.1946 0.2925 -0.0646 -0.9541 0.2749 0.0574
11.2602 -30.3340 -13.2267 1.0000 -0.0041 0.0081 0.6811 0.4833
-12.0092 34.4353 -23.1237 -0.9918 0.0040 -0.1279 0.5899 0.1053
7.8312 49.9351 -26.4039 0.0056 0.9051 -0.4252 0.8818 0.6020
-11.7973 -4.5381 -15.7760 -0.9990 -0.0086 0.0430 0.5436 0.3385
-11.6325 -8.6930 -11.6399 -0.9996 -0.0024 0.0282 0.5186 0.3632
11.5258 -1.8968 0.8993 0.9997 0.0059 -0.0224 0.7641 0.3120
-6.9825 51.3055 -19.4802 -0.0320 0.9995 0.0039 0.9702 0.6442
6.9279 37.6151 26.2193 0.0237 -0.0363 0.9991 0.0323 0.0865
-10.7868 50.9779 16.6750 -0.4047 0.9145 0.0008 0.9909 0.8612
5.9483 5.3256 26.0099 0.0214 0.0017 0.9998 0.0384 0.2801
-5.0807 -9.1839 25.7493 -0.0290 -0.0166 0.9994 0.1046 0.3670
-9.0060 -46.6309 -25.7018 0.0082 -0.1007 -0.9949 0.1656 0.5886
-0.8019 -39.0023 -26.2142 -0.0167 0.0113 -0.9998 0.2148 0.5430
-11.6764 -17.6700 -0.8432 -0.9998 0.0069 -0.0184 0.4533 0.4164
0.2026 42.7217 -26.1091 -0.0510 -0.0292 -0.9983 0.2213 0.0531
5.4666 -5.2767 25.9704 0.0088 -0.0175 0.9998 0.0413 0.3437
7.6046 -50.9748 -24.3467 0.0881 -0.9936 -0.0705 0.6762 0.6223
-2.4913 -24.4653 25.8072 -0.0261 0.0143 0.9996 0.0892 0.4587
9.7916 -49.0281 -24.0630 0.8717 -0.4857 0.0648 0.7069 0.6084
9.7916 -49.0281 -24.0630 -0.0949 -0.9953 0.0211 0.8386 0.6140
-6.5917 -7.1506 25.7346 -0.0333 -0.0159 0.9993 0.1136 0.3548
-6.6739 -21.9942 -25.7880 -0.0552 0.0122 -0.9984 0.1797 0.4410
11.0764 -42.8406 -11.3238 0.9998 -0.0139 0.0129 0.6932 0.5581
-11.3172 -3.0405 18.3503 -0.9991 0.0076 0.0429 0.3391 0.3276
-8.7281 1.6782 -25.2248 -0.0102 0.0296 -0.9995 0.1676 0.2990
-11.6923 -39.7667 -23.3702 -0.9995 0.0026 -0.0299 0.5871 0.5501
-11.7276 -34.6418 -7.0870 -0.9996 0.0223 -0.0164 0.4898 0.5185
-1.0551 -51.3532 25.2447 -0.0109 0.2085 0.9780 0.0807 0.6199
9.3812 49.0349 -26.4488 0.7036 0.5915 -0.3939 0.8725 0.6016
9.3812 49.0349 -26.4488 0.9905 0.1080 -0.0849 0.5262 0.6166
9.3812 49.0349 -26.4488 0.2200 0.0313 -0.9750 0.2763 0.0153
-11.9584 44.0214 -2.9291 -0.9998 0.0200 0.0058 0.4694 0.0467
10.9344 42.9074 -5.8368 0.9988 0.0465 -0.0121 0.7212 0.0438
4.0651 10.0018 26.0317 0.0092 0.0055 0.9999 0.0496 0.2521
1.2689 44.9981 26.4806 -0.0208 -0.0280 0.9994 0.0662 0.0422
-0.2930 -49.9173 -25.1001 -0.0144 -0.4965 -0.8679 0.7781 0.6084
-0.2930 -49.9173 -25.1001 -0.0529 -0.1424 -0.9884 0.2178 0.6084
9.9554 -48.1344 -26.0563 0.5367 -0.2890 -0.7927 0.2792 0.5978
-11.7510 16.5693 -10.2931 -0.9999 -0.0073 0.0124 0.5120 0.2116
6.4866 -51.7124 25.2371 0.0092 -0.9909 0.1342 0.6724 0.9197
10.5276 -2.7045 25.7589 0.5628 -0.0021 0.8266 0.0110 0.3283
11.4205 48.9707 24.6591 0.9583 0.0903 0.2712 0.9036 0.0057
11.4623 -29.0561 4.8007 0.9998 -0.0087 -0.0182 0.7891 0.4746
8.5271 -42.9103 26.2656 0.0339 0.0187 0.9993 0.0232 0.5693
-11.5961 -26.7884 -4.3552 -0.9995 0.0045 -0.0328 0.4739 0.4712
1.0078 1.5892 -25.6833 -0.0385 0.0194 -0.9991 0.2259 0.2996
3.1441 -28.5505 26.0103 -0.0133 0.0147 0.9998 0.0554 0.4832
11.9077 37.3395 24.0961 0.9955 0.0198 0.0930 0.9009 0.0754
10.7375 -48.9767 -8.8369 0.3616 -0.9319 -0.0289 0.8451 0.7052
10.7375 -48.9767 -8.8369 0.9224 -0.3855 -0.0252 0.7085 0.5948
-5.7253 -49.8415 24.4451 0.0177 -0.6855 0.7279 0.7484 0.9057
-5.7253 -49.8415 24.4451 -0.0092 0.3101 0.9507 0.1088 0.6108
0.2357 3.1707 26.0121 -0.0116 -0.0113 0.9999 0.0726 0.2930
10.8670 48.9215 10.2471 -0.0755 0.9971 0.0030 0.8615 0.8215
10.8670 48.9215 10.2471 0.8845 0.4645 -0.0432 0.8173 0.0068
-11.6992 2.5089 0.2392 -0.9998 -0.0053 -0.0203 0.4480 0.2953
10.3932 47.8273 -22.6315 0.9977 0.0478 -0.0487 0.6203 0.0152
9.0673 48.6733 -17.9200 0.2251 0.9737 0.0348 0.8739 0.6528
2.5289 -20.8735 -26.1128 -0.0002 0.0085 -1.0000 0.2349 0.4343
-10.8813 50.9410 6.7067 -0.2910 0.9567 0.0010 0.9921 0.8015
-11.5347 -9.9416 -7.3212 -1.0000 -0.0025 0.0069 0.4926 0.3704
12.0445 12.1704 24.1798 0.9932 -0.0001 0.1163 0.9028 0.2263
9.0491 50.2730 16.1204 0.9837 0.1793 -0.0165 0.5525 0.8388
9.7990 -48.9746 -19.7010 -0.0392 -0.9990 -0.0202 0.8389 0.6402
10.2993 -21.9015 -25.4271 0.6889 0.0058 -0.7249 0.2815 0.4405
11.5459 -48.8892 24.2566 0.9906 -0.0679 0.1189 0.9068 0.5923
-11.2052 14.7005 16.8005 -0.9989 0.0061 0.0461 0.3495 0.2213
-12.0252 29.7018 -23.1647 -0.9960 -0.0008 -0.0889 0.5898 0.1337
10.9340 43.8974 -2.6686 0.9982 0.0541 -0.0250 0.7401 0.0376
-2.6820 2.2689 -25.4943 -0.0568 0.0184 -0.9982 0.2038 0.2955
2.7448 -19.8755 25.8658 -0.0198 0.0179 0.9996 0.0577 0.4312
11.6714 20.3575 24.8288 0.7019 -0.0004 0.7123 0.0040 0.1901
-11.6278 -25.9175 -24.5198 -0.9552 0.0056 -0.2958 0.5948 0.4672
-11.6278 -25.9175 -24.5198 -0.7605 0.0050 -0.6493 0.1501 0.4644
6.7312 -49.5169 24.7807 -0.4437 0.2352 0.8647 0.0341 0.6090
-11.9382 -43.1926 -1.0343 -0.9998 -0.0160 -0.0091 0.4530 0.5694
-11.7257 20.7837 -6.9837 -1.0000 -0.0065 0.0002 0.4924 0.1862
-11.5987 -48.1404 -25.0072 -0.9884 -0.1224 -0.0895 0.5964 0.6004
-11.5987 -48.1404 -25.0072 -0.8151 0.0440 -0.5777 0.1501 0.5976
9.7814 -48.5336 -22.0982 -0.4000 -0.9041 0.1507 0.8386 0.6258
9.0138 48.6041 -14.3346 -0.0361 0.9993 0.0072 0.8740 0.6743
10.9978 39.1016 -10.9690 0.9995 0.0306 -0.0118 0.6907 0.0669
6.1570 29.1860 -25.8473 -0.0015 -0.0416 -0.9991 0.2569 0.1342
11.2069 44.0103 6.0990 0.9977 0.0559 -0.0385 0.7927 0.0365
-11.8915 -41.8222 -6.4515 -0.9999 -0.0077 -0.0079 0.4856 0.5615
-11.5585 -22.3578 12.3105 -0.9997 0.0070 0.0240 0.3742 0.4437
-11.8460 -38.7417 -6.3894 -0.9996 0.0265 -0.0106 0.4854 0.5430
8.9446 48.6834 -14.7708 0.9462 0.3235 0.0073 0.5412 0.6537
8.9446 48.6834 -14.7708 0.7999 0.5986 0.0431 0.8745 0.6717
-5.5658 -51.1212 7.5092 -0.1191 -0.9927 -0.0212 0.5991 0.8141
-11.1426 18.0852 17.8510 -0.9989 0.0023 0.0461 0.3434 0.2010
-3.6055 -9.4136 25.7838 -0.0241 -0.0163 0.9996 0.0957 0.3684
11.3436 28.7481 -4.2044 0.9991 0.0112 -0.0406 0.7318 0.1286
-6.7736 24.7438 26.0376 -0.0132 -0.0065 0.9999 0.1145 0.1636
-9.6933 -31.7545 -25.8286 -0.1081 0.0029 -0.9941 0.1615 0.4995
11.6260 12.7839 24.8441 0.6602 -0.0047 0.7510 0.0044 0.2355
9.6048 49.5629 25.5179 0.9431 0.3310 -0.0331 0.5488 0.8951
9.6048 49.5629 25.5179 0.8438 0.5306 -0.0797 0.8682 0.9131
9.5654 -48.9833 -14.8811 0.3525 -0.9342 -0.0552 0.8378 0.6691
9.2346 41.9939 26.3059 0.0659 -0.0383 0.9971 0.0184 0.0603
11.1075 -37.3505 -24.8339 0.5648 0.0116 -0.8251 0.2863 0.5331
11.1075 -37.3505 -24.8339 0.9908 0.0027 -0.1351 0.6119 0.5260
-11.7832 -47.5936 7.5269 -0.9982 -0.0602 -0.0027 0.4014 0.5953
11.3713 -9.7727 -4.4330 0.9996 -0.0024 -0.0277 0.7326 0.3595
-4.6225 -20.2519 25.7037 -0.0281 0.0088 0.9996 0.1019 0.4334
-11.2943 50.8286 -18.6404 -0.9508 0.3097 0.0084 0.5640 0.0068
-11.2943 50.8286 -18.6404 -0.8417 0.5399 0.0013 0.9960 0.6495
-0.6140 35.0745 -25.8516 -0.0318 -0.0286 -0.9991 0.2164 0.0989
-7.5991 23.0947 -25.0334 -0.0667 -0.0268 -0.9974 0.1745 0.1706
-11.6931 -19.3398 4.1161 -1.0000 0.0039 -0.0036 0.4235 0.4261
-1.9498 10.9380 -25.3856 -0.0507 0.0125 -0.9986 0.2082 0.2436
-11.8046 -18.1266 -16.8680 -0.9994 -0.0051 0.0352 0.5494 0.4200
-9.2200 -50.6450 24.8151 0.1545 0.0829 0.9845 0.1297 0.6156
2.0513 51.6699 25.8426 -0.0365 -0.1364 0.9900 0.0615 0.0023
2.0513 51.6699 25.8426 0.0958 0.9791 0.1791 0.9135 0.9154
2.2809 8.2527 -25.6110 -0.0303 0.0165 -0.9994 0.2336 0.2597
-6.1456 30.5875 26.0901 -0.0132 -0.0105 0.9999 0.1107 0.1286
11.1594 49.4160 23.3182 -0.1293 0.9731 -0.1907 0.8590 0.8999
11.4674 -13.5638 -0.1838 0.9997 -0.0085 -0.0226 0.7583 0.3820
11.2596 -29.7970 -4.9796 0.9998 -0.0178 -0.0133 0.7305 0.4796
12.0610 5.9397 19.5687 0.9997 0.0058 -0.0244 0.8756 0.2639
11.5204 -8.9761 1.6403 0.9997 -0.0025 -0.0237 0.7690 0.3544
-4.8115 16.9241 26.0321 -0.0144 -0.0099 0.9998 0.1028 0.2105
6.9813 51.4029 25.4467 0.0643 0.9851 0.1594 0.8839 0.9127
11.8437 8.9160 12.4242 0.9995 -0.0010 -0.0300 0.8326 0.2465
-12.0609 4.9249 -19.4687 -0.9997 -0.0087 0.0217 0.5663 0.2820
-3.6599 4.9249 -25.3846 -0.0731 0.0189 -0.9971 0.1980 0.2796
10.5286 18.1764 -24.7231 0.5272 -0.0010 -0.8498 0.2831 0.2002
9.7346 48.7883 13.8367 -0.3518 0.9341 0.0614 0.8681 0.8431
7.0830 42.5296 26.3989 0.0170 -0.0383 0.9991 0.0313 0.0571
10.5980 -49.2141 6.7745 0.0455 -0.9987 0.0210 0.8452 0.7988
5.5050 35.1706 -26.0024 -0.0184 -0.0298 -0.9994 0.2530 0.0984
-9.3014 50.8602 -24.6338 0.0315 0.0865 -0.9958 0.1644 0.0041
-5.6214 5.7714 25.9834 -0.0439 -0.0073 0.9990 0.1077 0.2774
-4.6664 28.4409 26.0940 -0.0142 -0.0061 0.9999 0.1019 0.1415
10.7410 -13.3904 -24.9137 0.6693 0.0078 -0.7430 0.2842 0.3895
0.4686 -36.1051 -26.1929 -0.0043 0.0104 -0.9999 0.2224 0.5256
0.7448 -43.3139 -26.2490 -0.0159 -0.0132 -0.9998 0.2240 0.5689
-3.5198 -49.6184 24.6118 0.1000 -0.9485 0.3007 0.7616 0.9066
-4.7943 20.0464 26.0498 -0.0163 -0.0043 0.9999 0.1027 0.1918
9.0356 48.8561 1.7686 0.4834 0.8700 0.0968 0.8730 0.7708
9.0356 48.8561 1.7686 0.9910 0.1332 0.0135 0.5432 0.7528
-11.5940 -6.4097 10.3013 -0.9997 -0.0010 0.0227 0.3872 0.3482
11.8875 36.6749 21.5034 0.9995 0.0273 -0.0163 0.8854 0.0796
5.1261 -12.7916 25.9029 -0.0012 -0.0106 0.9999 0.0434 0.3887
-11.5972 -36.7907 14.7064 -0.9989 0.0181 0.0443 0.3590 0.5301
7.9892 39.0213 26.2461 0.0281 -0.0400 0.9988 0.0259 0.0781
-9.6667 -20.3804 -25.6799 -0.0171 0.0121 -0.9998 0.1618 0.4313
11.2953 -13.1319 25.1305 0.6007 0.0029 0.7995 0.0065 0.3908
6.0145 44.7496 26.5030 0.0088 -0.0443 0.9990 0.0377 0.0437
4.7769 15.4881 26.0458 0.0271 -0.0115 0.9996 0.0453 0.2192
8.8849 50.6614 26.1906 0.1192 0.2938 0.9484 0.0205 0.0083
11.2197 -2.6913 -13.0959 0.9999 0.0062 -0.0115 0.6803 0.3175
-11.6842 -13.2031 4.8537 -0.9999 -0.0013 0.0140 0.4194 0.3893
-5.8356 49.1094 26.1812 -0.0138 0.2094 0.9777 0.1087 0.0176
0.1964 12.5993 26.0714 0.0035 -0.0033 1.0000 0.0728 0.2365
-5.4199 14.8605 25.9992 -0.0129 -0.0105 0.9999 0.1065 0.2229
-10.5983 38.4797 25.6984 -0.8424 0.0133 0.5387 0.1374 0.0813
-10.5983 38.4797 25.6984 -0.9805 0.0071 0.1964 0.2975 0.0782
2.3210 51.0560 -7.1604 0.0945 0.9953 -0.0211 0.9137 0.7176
8.8704 48.8281 26.5078 0.0071 0.0397 0.9992 0.0206 0.0193
-9.0741 -50.9898 24.8947 0.0676 0.2810 0.9573 0.1288 0.6177
-10.4296 -3.4759 25.7370 -0.0840 -0.0092 0.9964 0.1366 0.3328
11.4260 26.9593 -1.5352 0.9996 0.0016 -0.0288 0.7479 0.1391
-11.4958 -10.3173 14.0808 -0.9995 -0.0023 0.0308 0.3643 0.3714
-0.3193 -49.1408 25.6906 0.0134 -0.8524 0.5228 0.7808 0.9129
-0.0035 -8.5279 25.8708 -0.0150 -0.0148 0.9998 0.0741 0.3631
5.8743 49.9370 -24.9878 0.1251 0.9499 -0.2865 0.8935 0.6106
9.2875 -1.4299 25.9119 0.0237 0.0012 0.9997 0.0184 0.3206
0.3031 0.2348 25.9919 -0.0134 -0.0075 0.9999 0.0722 0.3106
11.2889 -12.9379 -6.9286 0.9995 -0.0030 -0.0299 0.7178 0.3786
9.6916 2.0306 -25.3797 0.4521 0.0412 -0.8910 0.2780 0.2970
-5.3575 32.2429 26.1199 -0.0136 -0.0124 0.9998 0.1060 0.1187
11.2178 -23.7442 -9.4647 0.9999 0.0003 -0.0154 0.7033 0.4435
6.3455 -8.0481 25.9228 0.0130 -0.0090 0.9999 0.0361 0.3603
11.4322 30.5592 -0.5213 0.9998 0.0086 -0.0197 0.7538 0.1175
-10.3015 1.0418 25.8586 -0.1761 -0.0031 0.9844 0.1358 0.3057
-0.5887 -51.0986 25.1917 -0.0032 0.3905 0.9206 0.0779 0.6184
11.3605 14.2409 -4.1033 0.9989 -0.0037 -0.0473 0.7332 0.2155
9.1130 -50.8559 -1.4312 0.7628 -0.6466 -0.0010 0.6866 0.7596
-2.9138 13.1534 26.0147 -0.0207 0.0091 0.9997 0.0915 0.2331
8.6608 -50.8554 25.6722 0.9440 0.1108 0.3106 0.6988 0.9067
8.6608 -50.8554 25.6722 0.1360 -0.0938 0.9863 0.0225 0.6169
6.9632 -15.0007 -26.0036 0.0355 0.0162 -0.9992 0.2615 0.3992
8.2229 -51.2156 25.6971 0.4010 -0.5581 0.7265 0.6828 0.9223
8.2229 -51.2156 25.6971 0.0510 -0.0112 0.9986 0.0251 0.6191
9.4871 46.1383 -25.6789 0.9083 -0.0173 -0.4180 0.5310 0.6340
11.3591 -28.6448 -1.7100 0.9996 -0.0194 -0.0192 0.7500 0.4725
-11.4868 0.6629 13.2647 -0.9993 0.0114 0.0350 0.3698 0.3057
-11.9327 -1.3358 -17.9096 -0.9989 -0.0117 0.0459 0.5566 0.3194
11.9710 -0.3003 16.4954 0.9994 -0.0036 -0.0349 0.8575 0.3015
11.0826 38.5626 -6.5454 0.9993 0.0343 -0.0150 0.7172 0.0699
-10.6736 -49.7796 -24.1492 -0.3910 -0.9159 -0.0903 0.5667 0.6245
8.9227 48.7473 -15.6432 0.9332 0.3593 -0.0068 0.5415 0.6484
8.9227 48.7473 -15.6432 0.7181 0.6954 0.0252 0.8747 0.6665
5.3789 -1.0011 26.0156 0.0042 -0.0034 1.0000 0.0418 0.3180
-10.9217 38.4782 22.5467 -0.9969 -0.0119 0.0774 0.3164 0.0784
-7.5325 51.2449 -24.5570 -0.0533 0.9931 -0.1047 0.9738 0.6138
-7.5325 51.2449 -24.5570 -0.0249 0.1845 -0.9825 0.1751 0.0018
-11.6683 49.1675 -16.0132 -0.9928 0.1194 0.0022 0.5481 0.0166
10.6817 -49.0644 -13.0124 0.3532 -0.9355 0.0070 0.8446 0.6802
8.8911 48.7941 -17.6001 0.9331 0.3596 -0.0069 0.5417 0.6367
-5.0213 35.1103 -25.6372 -0.0785 -0.0275 -0.9965 0.1900 0.0987
11.5452 -47.5109 24.7457 0.8499 -0.0244 0.5264 0.0052 0.5970
11.5452 -47.5109 24.7457 0.9847 -0.0458 0.1680 0.9097 0.5841
-11.5503 -0.0955 11.2788 -0.9997 0.0071 0.0242 0.3817 0.3103
6.3018 -50.6957 25.2442 0.0902 0.1182 0.9889 0.0366 0.6160
11.5808 -30.1108 9.5876 0.9995 -0.0091 -0.0309 0.8178 0.4806
11.4828 -1.0324 -0.8756 0.9998 0.0039 -0.0179 0.7534 0.3069
-10.3446 15.1485 26.0011 -0.4212 -0.0034 0.9070 0.1360 0.2211
9.3842 -20.9552 -25.9003 0.1840 0.0080 -0.9829 0.2760 0.4349
-9.4702 -50.4856 5.7154 -0.1631 -0.9864 -0.0223 0.5756 0.8035
-10.3579 16.5315 26.0014 -0.4919 0.0041 0.8707 0.1361 0.2128
11.1041 14.8539 -20.1780 0.9999 -0.0036 -0.0160 0.6368 0.2128
12.0576 12.9403 19.7935 0.9998 0.0009 -0.0195 0.8765 0.2219
7.4123 49.9355 -22.0370 0.2261 0.9725 -0.0565 0.8841 0.6282
8.9715 50.1654 11.2180 0.9682 0.2487 -0.0279 0.5516 0.8094
-11.9077 -37.8100 -1.3641 -0.9998 0.0153 -0.0111 0.4553 0.5371
11.1297 16.0737 -18.7854 0.9999 -0.0040 -0.0106 0.6451 0.2054
11.6714 11.6829 6.5128 0.9998 0.0017 -0.0190 0.7970 0.2302
9.2104 -11.2940 -25.8129 0.1213 0.0118 -0.9925 0.2750 0.3769
-2.1490 -14.5575 -25.8745 -0.0375 0.0166 -0.9992 0.2069 0.3964
-11.6883 -3.2327 0.3622 -0.9997 -0.0074 -0.0217 0.4469 0.3297
11.4453 -26.2947 2.1993 0.9998 -0.0057 -0.0188 0.7733 0.4582
-7.7262 -23.0768 -25.7442 -0.0431 0.0114 -0.9990 0.1734 0.4475
11.2526 -15.6180 -7.9342 0.9996 -0.0007 -0.0280 0.7120 0.3947
-9.8077 -42.6250 -25.9077 -0.1907 0.0041 -0.9816 0.1608 0.5646
10.0030 10.4005 -25.0665 0.5343 0.0018 -0.8453 0.2799 0.2468
-3.8860 36.6674 -25.7569 -0.0644 -0.0227 -0.9977 0.1968 0.0893
11.6144 -39.4723 16.5403 0.9992 -0.0298 -0.0283 0.8600 0.5363
-11.3948 -23.0946 17.9944 -0.9992 0.0022 0.0390 0.3401 0.4478
11.4460 24.1307 -1.9592 0.9993 0.0138 -0.0341 0.7455 0.1561
11.1584 29.6686 -12.5017 0.9999 0.0036 -0.0107 0.6820 0.1235
-3.3630 -51.0914 -7.9671 -0.0720 -0.9973 -0.0107 0.6114 0.7212
9.6802 3.7561 -25.3621 0.4025 0.0044 -0.9154 0.2779 0.2867
-10.3330 5.5519 25.9378 -0.4183 -0.0322 0.9077 0.1360 0.2787
11.7110 -35.1455 16.1139 0.9994 -0.0204 -0.0293 0.8572 0.5104
11.1914 -9.7307 -12.8406 1.0000 -0.0062 0.0004 0.6822 0.3597
11.1374 32.9989 -10.8478 0.9998 0.0170 -0.0098 0.6917 0.1035
11.5864 23.7059 3.0866 0.9992 0.0005 -0.0408 0.7758 0.1584
0.4871 -26.0097 -26.1102 -0.0205 0.0084 -0.9998 0.2226 0.4651
-11.4924 -43.6582 20.1712 -0.9985 0.0220 0.0495 0.3259 0.5710
11.2205 -9.3761 -10.0525 0.9998 0.0001 -0.0192 0.6989 0.3574
-11.7281 -29.3842 -0.7528 -0.9998 0.0125 -0.0142 0.4521 0.4866
6.8050 -25.5107 -26.0993 0.0412 0.0019 -0.9991 0.2605 0.4622
11.7844 -27.0311 14.8099 0.9993 -0.0079 -0.0379 0.8489 0.4619
5.6906 -48.7103 -26.2394 -0.0680 -0.5615 -0.8247 0.8139 0.6012
5.6906 -48.7103 -26.2394 -0.0379 -0.0578 -0.9976 0.2536 0.6012
11.5744 18.3069 1.7620 0.9997 -0.0020 -0.0233 0.7681 0.1908
-7.4779 -50.8335 24.9312 -0.0519 0.2806 0.9584 0.1193 0.6167
-5.0176 51.4622 25.7225 0.0140 -0.0829 0.9965 0.1039 0.0035
-3.9154 42.9689 -25.8689 -0.0734 -0.0067 -0.9973 0.1966 0.0516
-2.1912 51.6463 9.9237 -0.0108 0.9998 -0.0139 0.9398 0.8202
-11.2783 -4.4852 19.4625 -0.9990 0.0063 0.0451 0.3324 0.3362
-11.8782 5.6073 -24.1697 -0.9941 -0.0067 -0.1081 0.5945 0.2782
-11.8782 5.6073 -24.1697 -0.7464 -0.0002 -0.6655 0.1488 0.2754
11.4684 -47.2605 21.3190 0.9980 -0.0456 -0.0430 0.8891 0.5827
-11.6941 -17.9916 0.4871 -1.0000 0.0064 -0.0035 0.4453 0.4182
-11.6225 4.5266 -4.9780 -0.9996 -0.0239 -0.0154 0.4794 0.2835
-0.5706 -1.9483 -25.7008 -0.0495 0.0204 -0.9986 0.2164 0.3208
9.8923 -43.4847 -26.0110 0.9990 0.0392 -0.0229 0.5172 0.6424
9.8923 -43.4847 -26.0110 0.6795 0.0899 -0.7282 0.2789 0.5699
11.6006 15.5173 2.6940 0.9997 -0.0036 -0.0249 0.7739 0.2075
-12.0435 24.7120 -23.1950 -0.9908 0.0029 -0.1352 0.5897 0.1636
-11.7444 17.6345 -1.1350 -1.0000 -0.0069 -0.0011 0.4571 0.2047
12.0219 -5.5325 18.6717 0.9994 -0.0058 -0.0329 0.8708 0.3328
2.6130 -47.6455 26.2503 -0.0413 -0.0397 0.9984 0.0587 0.5976
11.0398 -42.0944 -5.1420 0.9999 -0.0051 -0.0134 0.7302 0.5533
9.7554 -8.3760 -25.5886 0.5062 0.0118 -0.8623 0.2783 0.3594
10.9055 30.3035 -21.5646 0.9988 0.0157 -0.0461 0.6277 0.1202
-11.1389 -40.7703 24.7115 -0.9835 0.0088 0.1809 0.2989 0.5534
3.3116 -51.5506 8.7747 0.0085 -0.9997 -0.0211 0.6524 0.8212
11.0795 -49.4467 22.5040 -0.3137 -0.9489 -0.0358 0.8490 0.8931
-11.5147 26.1949 -24.3686 -0.5000 0.0022 -0.8660 0.1511 0.1520
-11.5966 -7.5754 10.1736 -0.9997 0.0006 0.0227 0.3879 0.3552
11.1719 -7.6867 -20.0043 0.9997 -0.0003 -0.0227 0.6392 0.3479
7.6910 -51.2942 25.6946 -0.1206 0.0802 0.9894 0.0283 0.6196
11.1816 5.3689 -17.3124 1.0000 0.0067 -0.0025 0.6546 0.2695
10.8819 -48.6980 -7.9264 0.9734 -0.2290 -0.0081 0.7139 0.5930
-10.1104 45.3658 26.0902 -0.0961 0.0070 0.9954 0.1344 0.0400
-1.7309 8.8624 -25.4274 -0.0500 0.0171 -0.9986 0.2095 0.2560
2.0823 10.9465 -25.5666 -0.0317 0.0121 -0.9994 0.2324 0.2435
9.3847 -48.2122 12.2613 -0.4161 -0.8915 0.1790 0.8382 0.8317
9.3847 -48.2122 12.2613 0.9632 -0.2635 0.0524 0.7139 0.8261
-10.7311 29.6061 24.2058 -0.9958 -0.0015 0.0913 0.3060 0.1315
11.1617 31.3300 -10.9025 0.9999 0.0092 -0.0095 0.6915 0.1135
-11.1719 -23.3269 -24.9967 -0.6478 0.0078 -0.7618 0.1528 0.4489
8.5960 50.4078 -0.1436 0.7115 0.7021 -0.0278 0.8757 0.7593
-11.5020 18.7933 9.5546 -0.9992 -0.0023 0.0401 0.3931 0.1972
10.0737 -20.7510 25.8521 0.2140 0.0042 0.9768 0.0138 0.4365
11.1722 -12.9719 -20.3644 0.9997 0.0001 -0.0226 0.6373 0.3796
7.2554 50.1331 -19.2021 0.2162 0.9753 -0.0455 0.8849 0.6451
-11.1318 19.8162 18.0134 -0.9987 0.0009 0.0505 0.3425 0.1906
-5.8955 -42.2068 -26.0371 -0.0445 -0.0209 -0.9988 0.1842 0.5622
11.6307 28.8278 5.6958 0.9998 0.0098 -0.0201 0.7911 0.1275
10.5086 23.8866 -24.7305 0.5942 -0.0011 -0.8043 0.2830 0.1660
6.3675 -51.1324 -4.6828 0.0383 -0.9993 0.0051 0.6700 0.7403
-11.7402 -26.9430 0.0778 -0.9999 0.0120 -0.0099 0.4473 0.4719
11.2623 -27.9522 -12.5325 0.9999 0.0062 0.0085 0.6851 0.4689
11.5238 13.0606 0.5169 0.9995 0.0025 -0.0323 0.7610 0.2223
-10.6224 -6.2064 25.6995 -0.4135 -0.0040 0.9105 0.1378 0.3492
1.5454 10.5055 26.0520 0.0025 -0.0015 1.0000 0.0647 0.2490
0.1116 -33.1086 -26.1588 -0.0078 0.0095 -0.9999 0.2203 0.5077
-3.3926 51.6689 13.6763 -0.0429 0.9990 -0.0109 0.9468 0.8428
9.6370 48.8447 -15.1313 -0.3174 0.9482 -0.0107 0.8704 0.6695
5.2746 -16.2847 25.8669 -0.0002 -0.0017 1.0000 0.0425 0.4097
11.0355 -44.0654 -7.2982 1.0000 -0.0082 -0.0012 0.7174 0.5652
5.7504 -51.2347 -11.7271 0.0176 -0.9998 0.0051 0.6658 0.6981
-5.3692 43.8124 -25.7480 -0.0954 0.0081 -0.9954 0.1879 0.0465
-11.1444 -50.2905 11.5338 -0.3800 -0.9248 -0.0162 0.5659 0.8385
-11.6597 18.8697 5.3295 -0.9995 -0.0060 0.0306 0.4184 0.1970
-2.6429 -48.0489 -25.7800 -0.0657 -0.2057 -0.9764 0.2037 0.5972
-11.0564 11.2940 20.3325 -0.9985 0.0089 0.0531 0.3281 0.2415
-0.4153 13.2538 26.0717 -0.0085 0.0063 0.9999 0.0765 0.2325
1.2053 51.7828 25.5447 0.0280 0.9935 0.1101 0.9185 0.9136
-11.8434 30.8112 -6.7554 -0.9996 -0.0242 0.0118 0.4916 0.1261
11.5472 -14.7165 3.7391 0.9997 -0.0061 -0.0255 0.7819 0.3887
5.7823 -50.9442 -25.2556 0.0072 -0.0513 -0.9987 0.2542 0.6146
5.7823 -50.9442 -25.2556 0.0282 -0.9726 -0.2307 0.6653 0.6170
11.2159 -3.0570 -14.6747 1.0000 0.0006 0.0012 0.6709 0.3198
-11.6563 -32.7250 11.4973 -0.9995 0.0104 0.0312 0.3785 0.5059
10.3547 49.3590 26.2742 0.5430 0.0385 0.8388 0.0117 0.0162
10.3547 49.3590 26.2742 0.4462 0.5772 0.6840 0.8637 0.9176
-10.0746 17.9738 26.0151 -0.0336 0.0049 0.9994 0.1344 0.2042
-10.9464 -31.1583 25.3947 -0.7232 -0.0290 0.6901 0.1399 0.4988
-10.9464 -31.1583 25.3947 -0.9002 -0.0032 0.4354 0.2953 0.4957
-9.3358 51.1551 -10.0965 -0.0588 0.9983 0.0045 0.9838 0.7006
-11.7149 4.6377 0.5441 -1.0000 -0.0008 -0.0096 0.4463 0.2826
-9.8306 5.5749 25.9239 0.0764 -0.0287 0.9967 0.1330 0.2785
2.8250 3.3795 26.0296 0.0048 -0.0044 1.0000 0.0571 0.2918
10.9295 19.1738 -24.3808 0.9633 0.0066 -0.2685 0.6114 0.1871
9.8845 32.3073 -25.3238 0.7477 -0.0222 -0.6637 0.2793 0.1155
11.2960 -2.5840 -7.4566 0.9996 -0.0024 -0.0275 0.7141 0.3166
-6.7042 -5.1530 -25.4573 -0.0533 0.0255 -0.9983 0.1796 0.3400
11.2007 2.2985 -14.8380 1.0000 0.0072 0.0038 0.6696 0.2877
11.9466 19.5935 15.6015 0.9995 -0.0014 -0.0313 0.8510 0.1823
-5.5417 -50.6741 24.8982 -0.0268 0.4653 0.8847 0.1076 0.6158
11.4891 36.6004 5.2974 0.9990 0.0320 -0.0323 0.7883 0.0809
-0.9785 51.2675 -6.5953 0.0405 0.9992 -0.0018 0.9335 0.7211
-4.3449 47.4866 26.3342 -0.0386 0.0132 0.9992 0.0998 0.0273
-6.1491 -49.8474 24.4349 -0.0022 -0.6955 0.7186 0.7458 0.9057
-6.1491 -49.8474 24.4349 -0.0099 0.2415 0.9703 0.1113 0.6109
-10.0708 43.8888 26.1042 -0.0823 0.0032 0.9966 0.1342 0.0488
-11.7618 21.8297 -0.2211 -1.0000 -0.0059 0.0027 0.4519 0.1795
11.1953 1.4742 -12.5069 1.0000 0.0085 -0.0037 0.6836 0.2925
11.6978 26.5812 24.7884 0.7966 0.0062 0.6045 0.0039 0.1528
11.6978 26.5812 24.7884 0.8742 0.0150 0.4853 0.9057 0.1399
11.3549 1.2976 -5.7311 0.9994 0.0016 -0.0346 0.7242 0.2932
-6.5862 -3.6170 -25.4242 -0.0536 0.0241 -0.9983 0.1804 0.3308
10.8623 -49.2955 12.0466 0.2245 -0.9743 -0.0169 0.8471 0.8304
3.6621 50.9288 -6.5189 0.1115 0.9934 -0.0267 0.9057 0.7213
10.8346 44.2311 -8.4291 0.9989 0.0458 -0.0087 0.7056 0.0360
9.5902 -49.4460 26.1969 0.2559 -0.1651 0.9525 0.0169 0.6085
9.5902 -49.4460 26.1969 0.0529 -0.9392 0.3393 0.8403 0.9153
-9.7538 5.5715 -25.1098 0.0111 0.0259 -0.9996 0.1614 0.2757
11.5404 -32.2886 9.0403 0.9996 -0.0116 -0.0272 0.8147 0.4937
9.7939 -49.0065 4.3479 0.0900 -0.9795 -0.1803 0.8402 0.7843
10.6188 15.9331 25.7391 0.5308 -0.0053 0.8475 0.0103 0.2166
-10.6049 2.9833 25.6824 -0.5082 -0.0187 0.8610 0.1376 0.2941
-10.6049 2.9833 25.6824 -0.9312 0.0146 0.3643 0.2956 0.2910
1.6549 51.7096 25.8234 0.0471 0.8516 0.5220 0.9158 0.9153
11.1477 47.0370 9.2848 0.9958 0.0818 -0.0407 0.8116 0.0181
-11.9202 -43.2580 6.9858 -0.9999 0.0017 0.0134 0.4049 0.5693
10.5957 26.6952 25.7907 0.4699 0.0013 0.8827 0.0104 0.1521
11.0522 16.6158 -22.4708 0.9996 0.0061 -0.0283 0.6230 0.2023
-1.1191 -0.7773 -25.6421 -0.0500 0.0243 -0.9985 0.2131 0.3138
7.5969 49.8103 -26.5481 -0.0657 0.1727 -0.9828 0.2656 0.0107
7.5969 49.8103 -26.5481 -0.0413 0.7876 -0.6148 0.8832 0.6011
-12.0378 2.5917 -22.1107 -0.9996 -0.0050 -0.0268 0.5820 0.2961
11.1056 13.0774 -19.6251 0.9999 -0.0009 -0.0161 0.6403 0.2234
10.7647 -18.1175 25.5328 0.5676 -0.0005 0.8233 0.0097 0.4207
9.3308 0.3312 -25.5781 0.1872 0.0378 -0.9816 0.2758 0.3072
-7.8202 24.9204 26.0323 0.0017 -0.0089 1.0000 0.1208 0.1626
11.1273 18.7278 -19.2786 0.9998 0.0038 -0.0213 0.6420 0.1895
9.9440 -48.8657 -23.0816 0.0037 -0.9458 0.3249 0.8396 0.6199
2.0315 -50.6155 -25.2783 0.0131 0.1630 -0.9865 0.2317 0.6126
-11.0984 -8.7248 23.5658 -0.9978 0.0081 0.0656 0.3076 0.3613
11.0578 -48.8001 -18.7563 0.9866 -0.1612 0.0244 0.6490 0.5943
-11.6188 -34.3359 13.2219 -0.9992 0.0152 0.0382 0.3681 0.5155
11.1438 16.9266 -15.9804 1.0000 0.0013 -0.0024 0.6619 0.2001
10.2923 -30.6328 -25.4722 0.6788 -0.0075 -0.7343 0.2814 0.4929
11.9263 17.6673 24.5774 0.7033 0.0027 0.7108 0.0025 0.2062
11.9263 17.6673 24.5774 0.8669 0.0017 0.4984 0.9049 0.1933
10.3084 -46.4530 -25.3797 0.6728 0.1039 -0.7325 0.2814 0.5877
10.8238 -49.0676 -17.4112 0.2786 -0.9603 0.0146 0.8452 0.6538
11.8076 6.0090 11.3523 0.9994 0.0005 -0.0336 0.8263 0.2640
0.6674 23.4550 -25.5377 -0.0379 -0.0231 -0.9990 0.2240 0.1686
-10.8128 11.7178 24.0373 -0.9965 0.0085 0.0829 0.3059 0.2388
5.1040 -18.9266 25.8902 -0.0076 0.0142 0.9999 0.0436 0.4255
-1.8465 -7.7068 25.8520 -0.0197 -0.0160 0.9997 0.0852 0.3582
11.3558 -30.5132 -0.0651 0.9998 -0.0049 -0.0212 0.7600 0.4836
10.9808 21.0571 -23.3617 0.9997 0.0107 -0.0241 0.6174 0.1758
-0.8368 -49.4791 -25.3061 -0.0611 -0.5054 -0.8607 0.2146 0.6057
3.2946 -50.2324 -25.2270 -0.0674 0.0720 -0.9951 0.2393 0.6103
9.6116 40.9544 -25.5363 0.9785 0.0364 -0.2029 0.5322 0.6650
9.6116 40.9544 -25.5363 0.7993 -0.0091 -0.6009 0.2777 0.0637
9.3387 10.8602 25.9440 -0.0071 -0.0021 1.0000 0.0180 0.2470
3.1635 39.7813 -26.1110 -0.0270 -0.0450 -0.9986 0.2390 0.0707
-0.5831 -50.6449 -25.2658 -0.0501 0.0194 -0.9986 0.2161 0.6127
-11.4835 9.7793 10.9901 -0.9993 0.0062 0.0373 0.3840 0.2511
-11.5803 -26.4031 -5.3871 -1.0000 0.0073 -0.0056 0.4801 0.4690
-7.5211 7.7085 25.8942 -0.0188 -0.0115 0.9998 0.1191 0.2657
-11.9659 2.7606 -23.5709 -0.9966 -0.0006 -0.0825 0.5907 0.2952
-11.1907 4.3139 19.1690 -0.9989 0.0125 0.0449 0.3347 0.2834
-11.7716 28.4705 -5.1945 -0.9999 -0.0133 -0.0020 0.4821 0.1400
-11.5630 -14.8614 -4.6605 -0.9996 0.0039 -0.0264 0.4764 0.3997
-2.9003 -4.8471 25.8748 -0.0189 -0.0153 0.9997 0.0915 0.3410
9.2202 25.7323 -25.6189 0.0621 -0.0358 -0.9974 0.2753 0.1550
11.0294 40.4589 -5.7634 0.9994 0.0341 -0.0114 0.7218 0.0584
8.5677 -50.1118 -25.3674 -0.0196 -0.1870 -0.9822 0.2709 0.6096
-11.5768 -11.4450 11.0120 -0.9997 -0.0059 0.0252 0.3826 0.3784
2.3462 -46.2576 26.2452 -0.0332 0.0059 0.9994 0.0603 0.5893
-11.7290 2.3901 -12.6630 -0.9990 -0.0078 0.0432 0.5253 0.2968
11.1028 -47.8757 -24.6637 0.7940 -0.0257 -0.6074 0.2862 0.5962
11.1028 -47.8757 -24.6637 0.9915 -0.0793 -0.1032 0.6136 0.5891
-12.0113 33.8085 -16.4294 -0.9997 -0.0037 0.0222 0.5497 0.1087
10.8684 10.2158 -24.5550 0.5995 0.0081 -0.8003 0.2851 0.2479
11.2336 -20.6514 -8.9059 0.9998 -0.0012 -0.0218 0.7064 0.4250
-10.9095 -13.3307 25.3943 -0.7763 0.0203 0.6301 0.1396 0.3919
-10.9095 -13.3307 25.3943 -0.8811 0.0050 0.4728 0.2964 0.3889
8.5565 49.6954 -15.2649 0.9042 0.4269 -0.0121 0.5472 0.6507
-11.6443 -10.4994 7.9295 -0.9998 -0.0015 0.0173 0.4012 0.3729
11.1605 29.1634 -11.9943 1.0000 -0.0091 -0.0025 0.6851 0.1265
-6.2995 12.7730 25.9661 -0.0118 -0.0096 0.9999 0.1118 0.2354
-11.6702 10.1914 4.7466 -0.9996 0.0022 0.0264 0.4214 0.2490
11.4101 -6.7952 -3.3880 0.9996 -0.0027 -0.0264 0.7387 0.3416
2.5358 -51.0909 -22.9215 -0.0309 -0.9984 -0.0482 0.6459 0.6312
9.7885 48.9040 -13.6333 -0.2074 0.9783 -0.0002 0.8694 0.6785
-10.4803 12.7678 25.8470 -0.8611 -0.0033 0.5084 0.1368 0.2354
-10.4803 12.7678 25.8470 -0.8939 0.0020 0.4483 0.2952 0.2324
-11.9594 41.2240 1.2954 -1.0000 0.0012 0.0097 0.4439 0.0632
10.7706 48.6232 3.0715 0.9749 0.2209 -0.0263 0.7743 0.0090
-11.2398 -11.0996 21.0186 -0.9990 0.0063 0.0443 0.3227 0.3757
-3.1054 -35.0988 25.9161 -0.0378 0.0077 0.9993 0.0929 0.5224
8.8679 -20.0451 25.8329 0.0048 0.0168 0.9998 0.0210 0.4322
10.6577 48.8857 3.2494 0.9049 0.4256 -0.0022 0.7753 0.0074
10.6577 48.8857 3.2494 0.5573 0.8303 0.0037 0.8632 0.7796
-10.7944 -7.3049 25.4956 -0.7250 -0.0140 0.6886 0.1388 0.3558
-10.7944 -7.3049 25.4956 -0.9119 0.0058 0.4104 0.2961 0.3527
11.3916 -25.3730 -0.0249 0.9997 -0.0039 -0.0236 0.7599 0.4528
9.0674 49.0825 10.5951 0.9531 0.3021 -0.0159 0.5450 0.8057
11.3472 -38.6305 5.2984 0.9995 -0.0190 -0.0235 0.7926 0.5319
11.5175 23.2617 0.1942 0.9998 -0.0003 -0.0205 0.7585 0.1612
11.8213 24.0090 12.2609 0.9996 0.0036 -0.0278 0.8307 0.1560
-11.1253 6.7024 19.9731 -0.9988 0.0122 0.0474 0.3300 0.2691
1.4920 9.2321 26.0544 -0.0032 0.0023 1.0000 0.0651 0.2567
6.2000 -5.8608 25.9503 0.0149 -0.0162 0.9998 0.0369 0.3472
-11.6745 49.4844 -22.2919 -0.9908 0.1322 0.0276 0.5858 0.0150
9.6241 -49.3045 -3.7242 0.9566 -0.2913 -0.0094 0.7064 0.7303
-11.6639 6.4995 -9.3554 -0.9996 -0.0174 0.0211 0.5058 0.2720
4.1260 17.3917 26.0715 0.0134 -0.0033 0.9999 0.0492 0.2078
11.4616 -5.2509 -1.3863 0.9997 -0.0056 -0.0233 0.7506 0.3322
9.6393 -48.6879 13.7060 -0.1173 -0.9614 0.2491 0.8398 0.8404
9.4588 -19.1899 -25.8659 0.2035 0.0193 -0.9789 0.2764 0.4243
11.6681 30.8014 7.7948 0.9995 0.0052 -0.0298 0.8036 0.1156
-11.5705 -6.7244 11.3025 -0.9997 -0.0009 0.0226 0.3812 0.3501
-11.7763 24.8967 -1.1124 -1.0000 -0.0067 -0.0049 0.4574 0.1612
-10.6030 -25.9330 25.5411 -0.1912 0.0184 0.9814 0.1378 0.4674
-11.8336 -36.9162 8.0880 -0.9996 0.0200 0.0212 0.3987 0.5312
9.4779 48.7525 -17.3393 -0.2919 0.9564 0.0036 0.8714 0.6563
-11.9193 37.1527 -0.9843 -0.9998 -0.0173 -0.0010 0.4573 0.0877
-10.6336 51.0923 -21.4569 -0.1325 0.9911 -0.0106 0.9922 0.6326
3.4018 -9.5481 25.8998 -0.0087 -0.0011 1.0000 0.0537 0.3693
-3.8459 13.9664 26.0058 -0.0079 -0.0061 1.0000 0.0970 0.2283
-5.7935 -33.6520 -25.9889 -0.0493 0.0101 -0.9987 0.1849 0.5109
-3.8028 1.6916 25.9546 -0.0097 -0.0138 0.9999 0.0969 0.3018
-6.0764 31.3797 -25.4243 -0.0877 -0.0320 -0.9956 0.1836 0.1210
9.5542 40.2927 -25.9083 0.9569 0.0294 -0.2888 0.5300 0.6690
9.5542 40.2927 -25.9083 0.5475 -0.0291 -0.8363 0.2773 0.0677
-8.3287 37.2585 -25.3851 -0.1010 -0.0234 -0.9946 0.1702 0.0857
-0.0814 -18.1324 -26.0190 -0.0531 0.0152 -0.9985 0.2192 0.4179
-11.1582 -29.7322 23.3378 -0.9986 -0.0013 0.0522 0.3077 0.4873
-10.6857 -32.9369 25.5909 -0.3638 -0.0042 0.9315 0.1383 0.5094
10.1049 44.4552 -24.9776 0.7764 0.0212 -0.6299 0.2807 0.0427
1.9466 -11.1651 -25.9597 -0.0084 0.0191 -0.9998 0.2314 0.3761
9.4286 41.0409 -26.0165 0.5680 -0.0129 -0.8229 0.2766 0.0632
8.9437 -50.9713 -6.7363 0.3050 -0.9523 0.0133 0.6853 0.7278
-10.2011 3.5815 25.8722 -0.0474 -0.0241 0.9986 0.1352 0.2905
-11.3816 3.3524 15.1025 -0.9990 0.0128 0.0425 0.3590 0.2894
10.3543 48.9590 1.7318 0.0140 0.9998 0.0141 0.8651 0.7705
0.1623 51.1483 -11.7621 0.0742 0.9972 -0.0013 0.9269 0.6901
-2.7614 51.3253 -4.2495 0.0140 0.9999 -0.0079 0.9440 0.7353
11.1552 12.2791 -9.1922 0.9996 0.0009 -0.0290 0.7028 0.2276
-3.7890 27.3592 -25.4681 -0.0591 -0.0358 -0.9976 0.1973 0.1451
11.6258 6.8206 4.0536 0.9997 -0.0013 -0.0244 0.7825 0.2595
11.5641 6.5454 1.6837 0.9996 0.0042 -0.0291 0.7683 0.2613
10.4903 -49.1274 -25.0769 0.6468 -0.3644 -0.6700 0.2825 0.6037
10.4903 -49.1274 -25.0769 0.1226 -0.9320 -0.3411 0.8427 0.6079
10.8598 43.2720 -10.1769 0.9993 0.0360 -0.0077 0.6952 0.0418
-11.5159 -7.3938 13.5057 -0.9995 -0.0002 0.0303 0.3679 0.3539
1.0186 -51.6371 25.3855 -0.1196 0.1449 0.9822 0.0683 0.6216
1.0186 -51.6371 25.3855 -0.2443 -0.9560 0.1623 0.6396 0.9209
-3.2860 -51.5715 19.2113 -0.0642 -0.9977 -0.0228 0.6135 0.8841
11.1984 -34.6499 -7.4830 1.0000 0.0017 -0.0030 0.7158 0.5088
3.4181 2.5422 26.0211 0.0055 -0.0051 1.0000 0.0536 0.2968
11.3250 -26.9883 -4.4002 0.9998 0.0014 -0.0212 0.7338 0.4627
11.5101 29.6351 1.5358 0.9991 0.0122 -0.0405 0.7661 0.1229
-10.1078 32.4598 26.0829 -0.1462 -0.0105 0.9892 0.1345 0.1173
-11.4856 37.2570 -24.2667 -0.6246 0.0212 -0.7807 0.1513 0.0857
-6.2199 22.8265 -25.1350 -0.0801 -0.0314 -0.9963 0.1827 0.1723
-11.4947 -3.5250 14.0091 -0.9992 0.0051 0.0385 0.3651 0.3307
9.2949 -8.8857 25.8858 0.0179 -0.0143 0.9997 0.0184 0.3653
8.7464 50.0379 -3.0180 0.8250 0.5646 -0.0230 0.8750 0.7421
8.7464 50.0379 -3.0180 0.9766 0.2143 -0.0202 0.5500 0.7241
11.7777 22.3951 10.1556 0.9997 0.0032 -0.0248 0.8182 0.1658
3.4217 4.1697 26.0279 0.0066 -0.0024 1.0000 0.0535 0.2870
11.5099 21.5304 -0.0453 0.9998 0.0049 -0.0208 0.7571 0.1716
11.5131 9.0196 0.2192 0.9994 -0.0132 -0.0320 0.7594 0.2466
11.1253 3.2526 25.3417 0.6310 0.0061 0.7758 0.0074 0.2926
10.4075 -49.0642 -4.7659 -0.0210 -0.9997 0.0161 0.8434 0.7297
-11.4254 -38.7682 19.2342 -0.9986 0.0199 0.0489 0.3318 0.5417
-10.8293 -12.0949 25.4534 -0.7061 0.0196 0.7078 0.1391 0.3845
11.4885 -21.5384 3.3694 0.9997 -0.0053 -0.0240 0.7801 0.4296
10.2959 36.3760 25.9940 0.3665 -0.0188 0.9302 0.0121 0.0940
-4.9396 -50.7861 -18.8070 -0.0924 -0.9954 -0.0247 0.6014 0.6563
-11.5863 -46.7162 -21.6798 -0.9988 -0.0498 0.0040 0.5766 0.5917
-9.8362 33.7884 -25.1619 -0.1547 -0.0180 -0.9878 0.1611 0.1065
11.5690 0.3521 3.5684 0.9997 0.0026 -0.0262 0.7800 0.2983
1.2903 51.1886 -4.4349 0.0458 0.9988 -0.0165 0.9198 0.7340
0.0265 49.2750 -26.0215 -0.1014 0.1482 -0.9837 0.2203 0.0138
-11.7188 0.0903 4.2366 -0.9998 -0.0016 0.0178 0.4239 0.3096
-11.0050 36.3781 21.1340 -0.9972 -0.0101 0.0741 0.3247 0.0911
7.9087 26.5089 25.9619 0.0395 -0.0022 0.9992 0.0265 0.1531
6.2552 -17.8261 25.8757 0.0176 0.0068 0.9998 0.0367 0.4189
11.4232 -33.0369 5.0418 0.9997 -0.0150 -0.0217 0.7907 0.4984
-3.6138 44.6233 26.3520 -0.0317 -0.0111 0.9994 0.0954 0.0445
-8.7709 -50.6201 24.7635 0.0552 0.2130 0.9755 0.1270 0.6155
2.6895 -50.2072 -25.1852 -0.0303 0.0588 -0.9978 0.2357 0.6101
-11.7815 8.3691 -12.8070 -0.9993 -0.0067 0.0376 0.5265 0.2609
9.8944 -43.5288 -25.8364 0.9990 0.0408 0.0205 0.5182 0.6426
-11.8315 -34.7074 3.6416 -0.9996 0.0235 0.0142 0.4255 0.5182
5.2955 -50.3770 24.9074 -0.4564 0.2461 0.8551 0.0427 0.6141
8.9084 48.9363 -21.0531 0.9097 0.4126 0.0474 0.5423 0.6160
8.9084 48.9363 -21.0531 0.7504 0.6598 0.0380 0.8751 0.6340
-11.0450 9.1499 20.9670 -0.9984 0.0115 0.0548 0.3242 0.2543
9.4687 -49.2295 -17.7434 0.9831 -0.1828 0.0110 0.7061 0.6463
-11.6993 -23.2500 -0.1795 -0.9999 -0.0002 -0.0136 0.4490 0.4498
-11.6774 -20.5891 6.3600 -0.9998 0.0058 0.0181 0.4100 0.4335
-11.9282 37.9022 -3.3713 -0.9998 -0.0174 0.0007 0.4717 0.0834
-11.5955 -25.8839 11.6857 -0.9996 0.0066 0.0257 0.3778 0.4649
-11.5298 -48.0743 -23.2726 -0.9937 -0.1059 0.0356 0.5861 0.5999
-6.1682 6.6030 25.9562 -0.0559 -0.0025 0.9984 0.1110 0.2724
9.4849 29.3646 -25.7166 0.4329 -0.0186 -0.9013 0.2769 0.1332
11.5301 30.5248 2.2612 0.9992 0.0095 -0.0381 0.7704 0.1175
12.0867 6.7617 23.7326 0.9985 0.0006 0.0556 0.9005 0.2588
9.3350 50.1860 26.2212 0.9086 0.4160 0.0368 0.5525 0.8993
9.3350 50.1860 26.2212 0.2458 0.3850 0.8896 0.0178 0.0112
9.3350 50.1860 26.2212 0.7320 0.5117 0.4499 0.8698 0.9173
-0.2020 -6.3182 25.8994 -0.0138 -0.0142 0.9998 0.0753 0.3499
-12.0563 41.7264 -15.4211 -1.0000 0.0038 0.0048 0.5441 0.0611
-11.4433 -50.0234 5.4350 -0.6912 -0.7226 -0.0108 0.5638 0.8019
-11.4433 -50.0234 5.4350 -0.8680 -0.4964 -0.0062 0.4139 0.6100
9.3582 -47.6835 20.4581 0.7199 -0.6931 -0.0370 0.8386 0.8809
9.1911 5.1655 25.9220 0.0030 -0.0104 0.9999 0.0189 0.2811
11.5481 8.6718 1.4101 0.9993 -0.0080 -0.0356 0.7666 0.2486
-11.0594 -29.4303 24.8963 -0.9920 -0.0048 0.1261 0.2984 0.4854
11.8242 -8.5243 13.3690 0.9995 -0.0019 -0.0328 0.8392 0.3510
10.0401 -49.0452 -25.3744 0.4337 -0.7569 -0.4889 0.8400 0.6061
10.0401 -49.0452 -25.3744 0.4779 -0.4809 -0.7351 0.2798 0.6032
11.5724 17.4546 1.7124 0.9997 0.0021 -0.0238 0.7679 0.1959
10.5806 48.5187 -3.9355 0.9705 0.2390 -0.0318 0.7323 0.0100
10.5806 48.5187 -3.9355 0.8591 0.5115 0.0180 0.8641 0.7366
9.5831 8.8504 -25.3533 0.4115 0.0076 -0.9114 0.2774 0.2561
-11.8326 42.5032 6.3631 -0.9994 0.0019 0.0331 0.4136 0.0552
-11.6342 -18.7991 -2.7446 -0.9997 0.0011 -0.0241 0.4647 0.4232
11.3886 -11.3073 -3.7208 0.9996 -0.0018 -0.0283 0.7370 0.3686
11.1379 15.9886 -17.5412 1.0000 0.0002 -0.0060 0.6526 0.2058
-11.1887 50.9980 -20.5897 -0.8892 0.4576 -0.0027 0.5757 0.0059
-11.1887 50.9980 -20.5897 -0.1990 0.9800 -0.0035 0.9955 0.6378
9.5981 -48.0203 14.7598 -0.8495 -0.4251 0.3125 0.5013 0.6200
9.5981 -48.0203 14.7598 -0.7671 -0.6398 0.0467 0.8397 0.8467
12.0840 21.1929 22.7917 1.0000 -0.0010 -0.0004 0.8940 0.1723
9.7363 -49.0814 -2.4234 0.9330 -0.3598 0.0003 0.7079 0.7381
9.7363 -49.0814 -2.4234 0.1855 -0.9826 -0.0044 0.8395 0.7437
-11.8790 -14.4127 -19.7217 -1.0000 -0.0085 0.0038 0.5667 0.3979
11.1974 -35.3776 -7.6879 0.9999 -0.0135 -0.0043 0.7146 0.5132
-6.5450 51.5887 25.7538 -0.0236 0.0125 0.9996 0.1130 0.0027
-6.5450 51.5887 25.7538 -0.0538 0.9967 0.0610 0.9650 0.9153
-11.7106 -21.1882 2.1597 -1.0000 0.0069 0.0030 0.4351 0.4373
-11.7483 -29.1769 0.5661 -0.9999 0.0063 -0.0114 0.4442 0.4853
-11.6799 11.0230 -6.1805 -1.0000 0.0011 -0.0001 0.4870 0.2447
11.5699 -27.6366 8.7121 0.9995 -0.0078 -0.0297 0.8124 0.4658
-11.3061 -49.1586 -14.2917 -0.9955 -0.0938 -0.0140 0.5322 0.6059
-11.0360 -12.5764 25.1508 -0.8449 0.0279 0.5342 0.1403 0.3874
-11.0360 -12.5764 25.1508 -0.9907 0.0189 0.1345 0.2979 0.3843
9.9236 -34.1049 26.0464 0.2433 0.0095 0.9699 0.0148 0.5165
-11.7163 -34.6736 -7.9806 -0.9998 0.0214 -0.0052 0.4951 0.5187
9.7630 -42.8454 -26.0528 0.5447 0.0731 -0.8355 0.2781 0.5661
11.7879 -18.0136 13.4355 0.9993 -0.0065 -0.0375 0.8402 0.4079
11.0144 16.4190 -23.6790 0.9976 0.0084 -0.0684 0.6158 0.2036
11.2250 -27.0964 -9.5177 1.0000 0.0062 -0.0068 0.7031 0.4636
12.0794 11.7402 22.8444 0.9999 0.0040 0.0109 0.8949 0.2290
11.1847 4.1842 -15.7540 0.9999 0.0103 0.0044 0.6640 0.2765
11.6515 -27.6793 11.2099 0.9994 -0.0067 -0.0338 0.8274 0.4659
-11.6603 5.5934 -9.7935 -0.9996 -0.0141 0.0256 0.5083 0.2774
9.4132 -49.7252 -19.0538 0.9883 -0.1521 0.0103 0.7030 0.6385
-2.6968 -14.2570 25.7431 -0.0216 -0.0071 0.9997 0.0903 0.3975
9.6051 -49.1219 -9.6938 0.5441 -0.8389 -0.0132 0.8383 0.7002
9.9114 48.8810 -20.6103 -0.2062 0.9785 0.0070 0.8690 0.6366
-4.1317 42.2356 26.3005 -0.0246 -0.0163 0.9996 0.0986 0.0588
9.7305 48.8484 21.4966 -0.3125 0.9480 -0.0604 0.8677 0.8890
12.0045 -15.6121 18.8511 0.9997 -0.0034 -0.0260 0.8725 0.3932
-10.5561 9.5998 25.6825 -0.8008 0.0031 0.5990 0.1373 0.2544
-10.5561 9.5998 25.6825 -0.9362 -0.0081 0.3515 0.2960 0.2514
9.8622 -11.9746 -25.6052 0.5278 0.0157 -0.8492 0.2789 0.3810
11.1331 20.7805 -13.9057 1.0000 0.0049 -0.0037 0.6741 0.1769
11.6409 15.2756 4.4658 0.9997 -0.0035 -0.0234 0.7845 0.2088
-10.2503 -46.3542 -25.7047 -0.1447 -0.0648 -0.9874 0.1581 0.5870
1.2500 51.3014 -0.6674 0.0508 0.9981 -0.0358 0.9198 0.7565
-11.7821 27.9182 1.8591 -0.9998 -0.0176 0.0101 0.4398 0.1429
7.2888 0.3211 25.9778 0.0288 0.0007 0.9996 0.0304 0.3101
-7.6753 2.4382 25.8522 -0.0370 -0.0097 0.9993 0.1201 0.2973
-11.5211 -18.2907 12.8911 -0.9997 0.0029 0.0254 0.3710 0.4193
-11.5863 -2.0507 -3.9577 -0.9997 -0.0032 -0.0225 0.4729 0.3229
10.9981 38.6735 -12.1196 0.9996 0.0273 -0.0093 0.6838 0.0695
-11.7073 15.4542 -7.2729 -0.9999 -0.0145 0.0080 0.4938 0.2182
10.0667 -49.0527 -5.7597 -0.1049 -0.9942 0.0256 0.8413 0.7237
12.0733 12.0730 21.0121 1.0000 0.0027 -0.0073 0.8839 0.2271
-11.4288 -8.9378 16.1056 -0.9994 0.0010 0.0354 0.3523 0.3630
10.6932 -45.3954 -25.0866 0.5420 0.0130 -0.8403 0.2837 0.5813
8.6934 -49.5634 26.1103 0.0488 -0.8641 0.5010 0.8349 0.9149
8.6934 -49.5634 26.1103 -0.2444 -0.3559 0.9020 0.0222 0.6092
-5.0730 -49.7074 24.5506 0.0298 -0.8519 0.5229 0.7523 0.9063
-11.5671 -21.5726 -8.6130 -1.0000 0.0022 0.0072 0.4997 0.4402
11.0682 -44.9559 -24.8212 0.7044 -0.0211 -0.7095 0.2860 0.5787
9.7554 -38.8610 -25.9155 0.5741 0.0060 -0.8188 0.2781 0.5422
1.5912 -38.6706 26.1015 -0.0224 0.0136 0.9997 0.0647 0.5438
-10.6289 5.2517 25.6623 -0.6615 -0.0259 0.7495 0.1378 0.2805
-10.6289 5.2517 25.6623 -0.9651 0.0186 0.2611 0.2958 0.2774
-5.9113 -49.8442 24.4447 -0.0129 -0.6715 0.7409 0.7472 0.9058
-5.9113 -49.8442 24.4447 -0.0289 0.3006 0.9533 0.1099 0.6109
-11.1101 -22.0371 24.7015 -0.9955 0.0018 0.0952 0.3000 0.4411
6.5559 -20.6738 25.8826 0.0212 0.0110 0.9997 0.0349 0.4360
-10.1308 -37.9159 -25.8299 -0.3236 0.0081 -0.9461 0.1589 0.5364
11.3016 18.2158 -5.7837 0.9992 -0.0039 -0.0405 0.7229 0.1918
-4.6454 -8.0379 -25.6439 -0.0531 0.0214 -0.9984 0.1920 0.3573
9.9363 -45.3013 -26.0431 0.9899 0.0510 -0.1322 0.5171 0.6533
9.9363 -45.3013 -26.0431 0.8323 0.0170 -0.5541 0.2791 0.5808
10.9410 -18.8706 -24.8013 0.6826 0.0085 -0.7308 0.2854 0.4223
10.9410 -18.8706 -24.8013 0.9962 0.0039 -0.0875 0.6111 0.4152
-0.5546 -26.7937 -26.0953 -0.0226 0.0096 -0.9997 0.2163 0.4698
-3.6268 51.4895 25.7518 -0.0384 -0.2694 0.9623 0.0955 0.0033
11.2551 -28.4642 -11.4440 0.9999 0.0063 0.0097 0.6917 0.4719
4.0609 15.9237 26.0668 0.0164 -0.0077 0.9998 0.0496 0.2166
11.7380 3.7810 9.2720 0.9994 0.0019 -0.0346 0.8140 0.2775
0.9262 -51.3935 1.9091 -0.0093 -0.9997 -0.0229 0.6377 0.7801
-7.2661 -50.9347 10.1880 -0.1461 -0.9890 -0.0233 0.5891 0.8302
9.8034 49.1914 24.5327 0.4744 0.8689 -0.1412 0.8671 0.9072
-8.2438 51.1839 2.6007 -0.0723 0.9974 -0.0080 0.9765 0.7767
-11.7149 6.3378 2.8934 -1.0000 0.0046 0.0065 0.4323 0.2722
-7.7873 -30.9128 -25.8424 -0.0372 0.0147 -0.9992 0.1730 0.4944
8.4229 -39.2616 26.1807 0.0141 0.0221 0.9997 0.0238 0.5474
11.0801 5.3291 -23.9429 0.9974 0.0048 -0.0713 0.6148 0.2701
-12.0906 9.3400 -19.5913 -0.9999 -0.0034 0.0165 0.5673 0.2555
-11.9382 14.4847 -15.8352 -0.9985 -0.0031 0.0554 0.5450 0.2245
1.1107 51.0802 -14.2636 0.0992 0.9950 -0.0086 0.9214 0.6751
-0.8759 -23.5259 -26.0508 -0.0335 0.0107 -0.9994 0.2144 0.4502
11.1092 -41.1091 -12.0994 0.9997 -0.0124 0.0198 0.6885 0.5478
5.9085 50.7200 -4.8069 0.1221 0.9920 -0.0309 0.8921 0.7315
10.5575 -49.0979 -16.8721 0.0790 -0.9968 0.0079 0.8436 0.6571
9.5682 -47.6558 19.3181 -0.5693 -0.8221 -0.0003 0.8398 0.8740
-10.6509 -44.1953 25.4679 -0.3384 0.0192 0.9408 0.1382 0.5769
-8.0355 51.1926 -5.6326 -0.0535 0.9986 0.0048 0.9757 0.7273
4.4784 -49.3263 25.1556 -0.1807 -0.6828 0.7079 0.8096 0.9094
4.4784 -49.3263 25.1556 -0.2558 -0.0322 0.9662 0.0476 0.6078
11.1144 12.0156 -12.2667 1.0000 -0.0015 -0.0047 0.6844 0.2293
11.6424 29.9214 6.7215 0.9997 0.0070 -0.0242 0.7972 0.1209
-10.2861 46.6598 -25.0775 -0.3394 0.0308 -0.9401 0.1585 0.0293
-10.2411 51.1229 19.1653 -0.2220 0.9750 -0.0057 0.9875 0.8761
-11.7613 27.1171 -7.1124 -0.9999 -0.0103 0.0085 0.4935 0.1482
-12.0661 21.9795 -18.2018 -0.9997 0.0029 0.0241 0.5597 0.1797
-8.6723 -49.5856 -25.4229 0.0396 0.0846 -0.9956 0.1676 0.6063
-12.0105 24.4766 -16.5863 -0.9996 0.0028 0.0297 0.5501 0.1646
5.5914 -36.8123 -26.1752 0.0098 0.0105 -0.9999 0.2531 0.5299
-11.8706 -40.7505 -15.8963 -0.9999 -0.0067 -0.0100 0.5422 0.5556
11.4172 35.3511 2.0023 0.9990 0.0315 -0.0332 0.7686 0.0886
9.5231 45.4701 -26.2654 0.9930 0.0094 0.1175 0.5275 0.6380
9.5231 45.4701 -26.2654 0.5725 -0.0531 -0.8182 0.2772 0.0367
-11.1586 -13.9251 23.4745 -0.9990 0.0038 0.0440 0.3078 0.3925
10.6068 28.5816 25.8034 0.4449 -0.0026 0.8956 0.0103 0.1407
6.2877 -49.8715 25.2144 0.1888 0.5350 0.8235 0.0367 0.6111
-0.7447 7.3679 -25.5021 -0.0472 0.0182 -0.9987 0.2154 0.2650
1.6930 35.8369 26.2375 0.0019 -0.0279 0.9996 0.0637 0.0972
-10.3618 30.5481 -24.9808 -0.3197 -0.0104 -0.9475 0.1580 0.1259
-10.9237 48.4788 24.1337 -0.9965 -0.0223 0.0810 0.3075 0.0184
-9.8413 -50.9849 24.9355 0.0668 0.0150 0.9977 0.1334 0.6176
-9.8413 -50.9849 24.9355 -0.3853 -0.8771 0.2868 0.5745 0.9188
-11.7634 19.5582 -2.2608 -1.0000 -0.0039 -0.0041 0.4640 0.1933
-3.5044 -13.3533 -25.8060 -0.0398 0.0207 -0.9990 0.1988 0.3892
-11.8216 30.8839 1.0474 -0.9999 -0.0138 0.0073 0.4448 0.1252
11.4704 18.1701 25.0262 0.6904 -0.0000 0.7234 0.0053 0.2032
9.5932 -41.9657 -26.0768 0.4146 0.0337 -0.9094 0.2771 0.5608
9.2244 -23.1306 -25.9354 0.1761 0.0064 -0.9843 0.2750 0.4479
6.5899 16.6894 -25.5524 0.0140 0.0007 -0.9999 0.2595 0.2091
-8.1545 12.6917 -24.9436 -0.0420 0.0189 -0.9989 0.1711 0.2330
12.0761 23.9247 21.9380 1.0000 0.0053 -0.0075 0.8887 0.1560
2.8532 45.6959 -26.3316 -0.0514 -0.0274 -0.9983 0.2372 0.0353
11.5678 -28.7789 8.8946 0.9995 -0.0066 -0.0313 0.8136 0.4727
-11.9491 39.9881 2.1237 -0.9999 -0.0054 0.0164 0.4388 0.0705
11.5334 4.9528 0.2512 0.9996 0.0038 -0.0272 0.7598 0.2709
10.0920 -7.7742 -25.3189 0.6111 0.0158 -0.7914 0.2803 0.3558
11.3871 6.7881 -3.9553 0.9992 0.0096 -0.0380 0.7345 0.2602
11.1176 -29.3286 -24.0856 0.9943 0.0100 -0.1061 0.6160 0.4778
11.9377 -17.0402 16.9580 0.9992 -0.0040 -0.0394 0.8612 0.4018
3.4749 -7.7207 25.9184 -0.0101 -0.0128 0.9999 0.0533 0.3583
-9.7590 -46.5376 -25.7190 -0.0210 -0.0896 -0.9958 0.1611 0.5881
10.5950 40.6978 -23.2483 0.9976 0.0349 -0.0600 0.6170 0.0580
-8.5745 -20.1913 25.5669 -0.0432 0.0068 0.9990 0.1256 0.4330
-11.6971 -24.5166 -0.1659 -0.9999 0.0042 -0.0115 0.4489 0.4574
11.6175 -18.7752 7.6889 0.9997 -0.0084 -0.0250 0.8058 0.4128
-10.2438 51.0666 -6.4903 -0.1042 0.9945 0.0073 0.9890 0.7223
6.9754 -51.2809 3.2446 0.0553 -0.9979 -0.0350 0.6740 0.7878
-9.7299 -4.1277 25.7216 0.0037 -0.0141 0.9999 0.1324 0.3367
11.1632 3.4876 -19.3315 0.9997 0.0054 -0.0220 0.6426 0.2809
11.4648 -6.0477 -1.1372 0.9997 -0.0022 -0.0239 0.7522 0.3370
11.1905 -16.2253 -17.5129 1.0000 -0.0048 -0.0002 0.6546 0.3989
9.4738 48.0135 -25.6987 0.9860 -0.0016 -0.1668 0.5308 0.6227
9.3650 -39.6277 -26.0352 0.1531 0.0299 -0.9878 0.2757 0.5468
6.6624 -50.8409 25.3010 -0.1001 0.3311 0.9383 0.0345 0.6169
1.2926 -51.1685 -18.3771 -0.0255 -0.9995 -0.0166 0.6387 0.6585
-1.5527 -15.6021 25.7592 -0.0209 -0.0036 0.9998 0.0835 0.4055
11.1469 5.8750 -13.2152 0.9999 0.0138 -0.0016 0.6791 0.2662
11.1495 10.0828 -16.2413 1.0000 0.0042 0.0075 0.6607 0.2411
-10.8199 -50.1573 -6.5821 -0.3250 -0.9457 -0.0071 0.5668 0.7298
11.3505 -35.1362 2.5284 0.9997 -0.0134 -0.0190 0.7758 0.5111
-11.6086 -14.5645 9.0393 -0.9998 -0.0027 0.0205 0.3943 0.3972
-7.1041 40.0665 -25.5607 -0.0980 -0.0181 -0.9950 0.1775 0.0689
-11.9905 42.7930 -5.9722 -1.0000 0.0028 0.0066 0.4875 0.0542
11.2721 -6.5162 25.1697 0.6286 -0.0047 0.7777 0.0066 0.3512
-7.2721 15.8059 25.9819 -0.0092 -0.0089 0.9999 0.1176 0.2172
-0.5341 -51.4274 5.3299 -0.0384 -0.9991 -0.0206 0.6292 0.8007
9.8324 -39.6505 -25.8007 0.8918 -0.0181 -0.4522 0.5182 0.6194
9.8324 -39.6505 -25.8007 0.8595 0.0095 -0.5110 0.2785 0.5469
-11.4461 28.5660 12.4477 -0.9988 -0.0127 0.0472 0.3763 0.1384
-5.1175 7.1753 26.0126 -0.0325 -0.0050 0.9995 0.1047 0.2690
11.7172 13.9452 8.2667 0.9996 -0.0001 -0.0269 0.8074 0.2166
11.1859 -15.4214 -14.9652 1.0000 -0.0037 0.0040 0.6698 0.3940
-11.7389 -21.8632 -24.2006 -0.9837 -0.0148 -0.1794 0.5931 0.4428
1.7643 4.0694 -25.6722 -0.0342 0.0166 -0.9993 0.2304 0.2848
-1.8047 50.9868 -24.6267 0.0133 0.3801 -0.9249 0.2094 0.0034
-1.8047 50.9868 -24.6267 -0.0120 0.9471 -0.3207 0.9395 0.6131
11.4200 -33.7708 5.3584 0.9997 -0.0127 -0.0232 0.7927 0.5028
0.0461 -30.7234 25.9695 -0.0272 0.0141 0.9995 0.0740 0.4962
9.1449 -50.7640 -18.5635 0.9295 -0.3688 0.0029 0.6968 0.6415
10.0622 41.5240 -25.0320 0.7425 -0.0171 -0.6696 0.2805 0.0603
-11.3527 -1.5722 17.1974 -0.9991 0.0097 0.0416 0.3461 0.3188
10.6720 -49.0463 -11.3366 0.9097 -0.4150 0.0163 0.6935 0.5953
10.6720 -49.0463 -11.3366 0.1685 -0.9855 0.0189 0.8446 0.6903
11.2591 -24.1950 -7.4447 0.9997 -0.0012 -0.0226 0.7154 0.4461
-10.0790 4.2281 25.9019 0.0365 -0.0472 0.9982 0.1345 0.2866
10.1761 -8.7741 -25.2699 0.6103 0.0096 -0.7921 0.2808 0.3618
-4.9706 -26.9536 -25.9428 -0.0499 0.0136 -0.9987 0.1899 0.4707
-11.7680 36.8589 6.6890 -0.9993 -0.0132 0.0346 0.4113 0.0890
-7.6076 -49.9960 24.6885 0.2124 0.0887 0.9732 0.1200 0.6117
-11.1575 11.3195 18.3262 -0.9988 0.0079 0.0483 0.3401 0.2415
0.6665 33.7138 26.1824 0.0009 -0.0208 0.9998 0.0699 0.1099
11.8788 15.8162 13.6342 0.9997 -0.0018 -0.0257 0.8394 0.2051
-11.6244 -2.6052 8.8217 -0.9998 0.0056 0.0204 0.3963 0.3255
8.6361 51.1740 25.6873 0.4624 0.8849 0.0566 0.8740 0.9141
-6.5209 -10.3185 -25.5899 -0.0459 0.0220 -0.9987 0.1807 0.3710
8.3356 -51.6847 21.9065 0.2733 -0.9617 -0.0200 0.6833 0.8996
-10.7410 35.0394 24.3512 -0.9963 -0.0076 0.0859 0.3054 0.0989
-8.4340 -50.3602 24.6981 -0.0098 -0.0613 0.9981 0.1250 0.6139
10.0585 -0.8669 -25.1657 0.5985 0.0139 -0.8010 0.2802 0.3144
-11.5785 0.4111 -7.6984 -1.0000 -0.0081 0.0053 0.4955 0.3084
10.0215 -26.5568 -25.6948 0.6727 -0.0032 -0.7399 0.2798 0.4684
-11.7031 -32.4091 9.8152 -0.9996 0.0091 0.0267 0.3886 0.5041
-11.9338 -41.2956 4.0950 -1.0000 0.0055 0.0049 0.4224 0.5577
-11.8503 -46.3024 4.6910 -0.9989 -0.0467 0.0008 0.4185 0.5877
7.3928 51.3399 22.5569 0.0959 0.9952 -0.0173 0.8816 0.8954
11.3375 -26.3202 -2.9930 0.9999 0.0077 -0.0131 0.7422 0.4586
-5.1442 51.2748 -24.1158 0.0329 0.9989 -0.0323 0.9595 0.6163
12.0143 16.7964 18.0876 0.9997 -0.0012 -0.0237 0.8661 0.1989
-11.7055 -4.8631 1.4950 -0.9998 0.0017 -0.0189 0.4401 0.3395
3.7801 -51.2100 -17.3544 -0.0090 -0.9999 -0.0092 0.6537 0.6645
10.0702 10.8073 25.9542 0.0768 0.0043 0.9970 0.0136 0.2473
-0.4977 -48.8106 25.9564 -0.0517 -0.2766 0.9596 0.0773 0.6046
3.5649 -49.3478 24.7824 -0.4471 0.0744 0.8914 0.0531 0.6079
3.5649 -49.3478 24.7824 -0.2068 -0.8229 0.5293 0.8041 0.9072
9.6103 -45.9529 26.2304 0.1752 0.0065 0.9845 0.0167 0.5875
11.4121 -28.5858 1.5752 0.9998 -0.0131 -0.0167 0.7697 0.4719
-10.3607 30.4884 25.9997 -0.2938 0.0294 0.9554 0.1360 0.1292
-10.3607 30.4884 25.9997 -0.9132 0.0136 0.4072 0.2953 0.1261
11.2169 7.3743 -8.4569 0.9993 0.0128 -0.0341 0.7075 0.2569
11.6003 -5.7194 4.4721 0.9997 -0.0039 -0.0232 0.7858 0.3347
11.6396 -45.9845 24.3035 0.9980 -0.0250 0.0577 0.9069 0.5749
12.0705 8.6857 20.5124 0.9998 0.0032 -0.0216 0.8811 0.2474
11.4982 22.7642 -0.7292 0.9997 0.0026 -0.0224 0.7530 0.1642
10.1992 35.3340 25.9988 0.2571 -0.0373 0.9657 0.0127 0.1002
-0.6649 21.2438 -25.4341 -0.0455 -0.0196 -0.9988 0.2160 0.1818
-11.6582 -23.4711 8.2011 -0.9997 0.0086 0.0226 0.3988 0.4506
10.6984 -15.4560 25.5810 0.4655 0.0133 0.8849 0.0100 0.4047
-6.3270 -50.8779 0.9158 -0.1266 -0.9919 -0.0137 0.5942 0.7746
10.7618 34.4896 -23.1028 0.9983 0.0194 -0.0545 0.6182 0.0952
9.5439 41.5413 -25.6384 0.9113 0.1154 -0.3953 0.5315 0.6615
9.5439 41.5413 -25.6384 0.8042 -0.0052 -0.5943 0.2773 0.0602
-5.3106 4.5468 25.9815 -0.0263 -0.0127 0.9996 0.1059 0.2847
11.2868 38.3962 0.5638 0.9992 0.0331 -0.0208 0.7598 0.0704
11.1806 -18.1742 -15.2672 1.0000 0.0011 0.0019 0.6682 0.4105
-11.7213 19.8827 -6.9644 -1.0000 -0.0016 0.0010 0.4922 0.1916
9.9538 -37.5394 -25.6805 0.7524 -0.0275 -0.6581 0.2793 0.5343
7.0972 -49.4668 25.0438 -0.5846 -0.1223 0.8021 0.0319 0.6086
-11.9059 -40.6449 -4.5077 -0.9999 0.0071 -0.0113 0.4740 0.5543
8.6676 49.6639 -11.3616 0.9148 0.4027 -0.0314 0.5473 0.6741
-10.7378 26.5692 24.1522 -0.9958 0.0027 0.0918 0.3061 0.1497
10.2805 48.9106 -10.2705 0.1861 0.9825 0.0043 0.8662 0.6986
9.4117 -48.4235 14.0647 0.8163 -0.0269 0.5770 0.7127 0.8369
9.5689 -48.9474 -15.4685 0.4130 -0.9096 -0.0457 0.8377 0.6656
11.2607 -28.7556 -7.2199 0.9999 -0.0092 -0.0115 0.7170 0.4734
11.3385 -39.9556 5.8865 0.9996 -0.0169 -0.0238 0.7962 0.5398
-11.1811 -50.2577 8.7442 -0.3866 -0.9221 -0.0167 0.5655 0.8217
2.4268 -41.1871 -26.2565 0.0006 0.0116 -0.9999 0.2341 0.5561
-9.2370 42.9088 26.1403 -0.0359 -0.0024 0.9994 0.1292 0.0547
10.3394 48.9055 6.9991 -0.0993 0.9950 0.0136 0.8649 0.8021
3.8564 -51.5350 25.4331 0.0002 0.1614 0.9869 0.0513 0.6210
11.6440 22.9861 4.5392 0.9995 0.0048 -0.0310 0.7845 0.1626
9.6298 48.6568 16.7206 -0.6185 0.7847 -0.0427 0.8686 0.8604
-9.2834 51.1406 25.6961 0.0226 0.0979 0.9949 0.1294 0.0054
-11.9470 -6.7601 -20.5061 -0.9998 -0.0120 0.0126 0.5718 0.3521
11.1247 -23.7666 -23.0277 0.9992 0.0092 -0.0379 0.6220 0.4444
-4.1880 40.9768 -25.8259 -0.0684 -0.0169 -0.9975 0.1950 0.0635
11.4718 29.8033 0.6734 0.9993 0.0106 -0.0359 0.7610 0.1220
-9.7467 -14.7086 -25.5831 -0.0878 0.0271 -0.9958 0.1613 0.3973
-4.4239 5.8697 26.0105 -0.0100 -0.0116 0.9999 0.1006 0.2768
2.8752 -12.2050 -25.9827 -0.0029 0.0191 -0.9998 0.2370 0.3824
9.6819 48.9472 -4.0996 -0.2015 0.9791 0.0265 0.8694 0.7356
-8.6681 -25.8684 -25.7476 -0.0184 0.0155 -0.9997 0.1677 0.4642
6.0737 -49.0806 -26.0192 -0.0699 -0.7464 -0.6618 0.8162 0.6025
-3.8584 10.4000 -25.2707 -0.0769 0.0131 -0.9970 0.1968 0.2468
-11.6467 28.1212 7.6823 -0.9993 -0.0111 0.0370 0.4049 0.1414
9.9833 31.5553 -25.2152 0.7081 0.0038 -0.7061 0.2799 0.1200
-10.4556 36.6934 25.9693 -0.5752 0.0137 0.8179 0.1365 0.0920
8.5407 -51.5965 22.9343 0.8668 -0.4978 0.0284 0.6942 0.8903
8.5407 -51.5965 22.9343 0.4582 -0.8888 -0.0017 0.6846 0.9058
-11.9073 -44.9837 2.7336 -0.9993 -0.0381 -0.0017 0.4303 0.5799
-11.7683 8.7565 -24.2768 -0.6389 -0.0036 -0.7693 0.1494 0.2565
2.2790 12.1387 26.0549 0.0057 -0.0048 1.0000 0.0603 0.2392
11.2605 48.5113 15.8947 0.9603 0.2778 -0.0264 0.8511 0.0089
-9.2027 51.4016 25.6596 -0.0297 0.3531 0.9351 0.1289 0.0038
-9.2027 51.4016 25.6596 -0.1412 0.9434 0.3002 0.9809 0.9149
9.5179 -48.9209 10.4703 0.0983 -0.9898 0.1027 0.8389 0.8210
-11.7173 14.2691 -9.4721 -0.9997 -0.0123 0.0194 0.5069 0.2254
9.2793 -50.6376 -7.6042 0.9690 -0.2464 -0.0179 0.6982 0.7072
9.2793 -50.6376 -7.6042 0.8244 -0.5659 -0.0083 0.6872 0.7226
-11.6570 3.8163 6.6934 -0.9996 0.0031 0.0296 0.4094 0.2871
-3.0514 4.1965 -25.4401 -0.0615 0.0178 -0.9979 0.2016 0.2840
0.0883 -50.9647 25.1428 -0.0332 0.4656 0.8844 0.0739 0.6176
-10.6706 22.3768 25.0672 -0.9932 0.0046 0.1162 0.3004 0.1748
-10.3876 22.2196 26.0099 -0.5261 -0.0079 0.8504 0.1362 0.1787
3.9719 18.9626 26.0771 0.0138 -0.0034 0.9999 0.0501 0.1983
11.1148 -3.6800 -22.8323 0.9996 -0.0027 -0.0271 0.6220 0.3240
11.3868 -35.8515 25.0893 0.6240 -0.0069 0.7814 0.0061 0.5270
11.3868 -35.8515 25.0893 0.8657 -0.0207 0.5002 0.9111 0.5141
-11.7071 20.7587 3.9882 -0.9998 -0.0075 0.0203 0.4266 0.1857
-11.5824 -9.2042 -2.8553 -0.9998 0.0052 -0.0212 0.4659 0.3657
-11.5065 -13.7064 13.1188 -0.9996 -0.0026 0.0267 0.3699 0.3918
3.4873 -51.7369 25.4229 -0.0157 -0.1248 0.9921 0.0535 0.6222
3.4873 -51.7369 25.4229 -0.0144 -0.9398 0.3416 0.6544 0.9210
-11.7384 -34.2517 -6.0794 -0.9994 0.0265 -0.0201 0.4838 0.5161
-1.2273 -49.9931 24.3636 0.0171 0.5951 0.8035 0.0818 0.6118
-11.7138 10.0715 1.6548 -1.0000 0.0003 0.0035 0.4400 0.2499
-11.1149 -49.8284 -16.7743 -0.7253 -0.6883 -0.0169 0.5645 0.6687
-11.1149 -49.8284 -16.7743 -0.9434 -0.3311 -0.0203 0.5470 0.6101
-11.5849 1.5847 -4.4477 -0.9999 0.0063 -0.0104 0.4761 0.3011
-11.6651 -28.7519 -23.2948 -0.9999 -0.0125 -0.0020 0.5873 0.4841
-11.6381 0.0250 -2.2220 -0.9997 0.0070 -0.0238 0.4626 0.3104
11.7830 -4.3789 24.7465 0.6584 -0.0051 0.7527 0.0035 0.3384
10.5860 -42.9729 25.8118 0.5768 0.0053 0.8168 0.0109 0.5697
9.2052 48.7383 -5.2650 -0.3743 0.9253 -0.0603 0.8724 0.7287
10.9929 -10.4077 -24.3735 0.9793 -0.0097 -0.2022 0.6131 0.3644
-5.3283 1.2448 25.9308 -0.0221 -0.0153 0.9996 0.1060 0.3045
-10.2929 -3.0477 25.7420 -0.0114 -0.0048 0.9999 0.1358 0.3302
11.8543 14.3785 12.7807 0.9996 -0.0016 -0.0265 0.8344 0.2137
0.8192 -48.0576 26.1287 -0.0561 -0.0879 0.9945 0.0694 0.6001
-11.9811 40.8290 -5.6789 -0.9999 -0.0089 0.0050 0.4857 0.0660
-11.7335 2.1235 2.8242 -1.0000 0.0030 0.0012 0.4325 0.2975
5.1870 50.3844 -22.1947 0.1727 0.9837 -0.0493 0.8974 0.6273
11.1902 -10.3085 -12.1363 1.0000 -0.0006 -0.0075 0.6865 0.3631
-7.8136 -45.8743 -25.7745 -0.0154 -0.0917 -0.9957 0.1727 0.5841
8.4927 50.4637 26.2357 -0.0535 0.2368 0.9701 0.0228 0.0095
0.3491 -50.0226 -25.1076 -0.0016 0.0639 -0.9980 0.2217 0.6090
-10.4847 15.8739 25.8583 -0.7330 -0.0046 0.6802 0.1368 0.2168
-10.4847 15.8739 25.8583 -0.9633 -0.0083 0.2681 0.2953 0.2138
-11.8488 32.7955 1.4637 -0.9998 -0.0143 0.0130 0.4424 0.1137
9.0844 49.3696 -26.4763 0.6974 0.6381 -0.3264 0.8743 0.6015
9.0844 49.3696 -26.4763 0.1868 0.1021 -0.9771 0.2746 0.0133
11.2211 -31.3248 -8.3294 0.9999 -0.0136 0.0000 0.7105 0.4889
-12.0514 42.7375 -18.1609 -0.9998 0.0170 -0.0047 0.5606 0.0552
-5.2952 -51.2475 13.3053 -0.1089 -0.9938 -0.0221 0.6011 0.8488
10.8158 49.5797 25.2869 -0.2905 0.9569 0.0078 0.8610 0.9117
-2.7683 51.3295 -14.4392 0.0192 0.9998 -0.0110 0.9447 0.6742
-11.2944 0.2573 18.0401 -0.9989 0.0129 0.0442 0.3412 0.3078
3.8862 -13.5904 -26.0115 0.0012 0.0198 -0.9998 0.2430 0.3907
11.4543 -20.2357 1.6398 0.9997 -0.0119 -0.0217 0.7696 0.4219
-11.7670 19.5644 -24.2111 -0.5292 0.0096 -0.8484 0.1495 0.1917
4.0400 -51.0374 -24.4362 -0.0237 -0.9966 -0.0786 0.6549 0.6220
10.5457 14.4659 25.7754 0.5200 -0.0005 0.8541 0.0108 0.2254
-11.3906 36.1650 15.0725 -0.9984 -0.0098 0.0548 0.3610 0.0927
-11.6345 -47.3933 -6.5439 -0.9966 -0.0804 -0.0176 0.4858 0.5949
11.6359 7.6243 4.4151 0.9997 -0.0018 -0.0227 0.7846 0.2547
9.6656 -45.6302 -26.1933 0.0958 0.0359 -0.9947 0.2775 0.5828
11.3959 -21.6503 -1.7887 0.9999 -0.0022 -0.0166 0.7492 0.4305
2.7614 -49.6014 24.4638 -0.3197 0.3918 0.8627 0.0579 0.6095
11.9987 26.6309 24.2446 0.9399 0.0138 0.3411 0.9024 0.1396
11.9812 -4.4000 17.2493 0.9994 -0.0051 -0.0349 0.8623 0.3260
8.7012 2.2586 25.9265 0.0277 0.0037 0.9996 0.0219 0.2985
-5.5001 -38.7733 25.8385 -0.0492 0.0082 0.9988 0.1073 0.5444
-1.8021 -0.9197 25.9527 -0.0149 -0.0124 0.9998 0.0849 0.3175
-0.6399 -51.5003 25.2775 0.0156 0.1897 0.9817 0.0782 0.6208
-0.6399 -51.5003 25.2775 0.0784 -0.9603 0.2676 0.6297 0.9203
-6.5074 -4.1830 25.7877 -0.0423 -0.0192 0.9989 0.1131 0.3370
8.9516 50.7165 17.2860 0.6979 0.7156 -0.0274 0.8726 0.8637
8.9516 50.7165 17.2860 0.9672 0.2534 -0.0161 0.5552 0.8457
-0.8260 -4.5561 -25.7189 -0.0498 0.0163 -0.9986 0.2149 0.3365
-10.9857 50.9923 -23.3141 -0.3604 0.9299 -0.0738 0.9944 0.6215
11.5356 -5.5782 1.6184 0.9997 -0.0051 -0.0237 0.7686 0.3340
10.8101 11.4486 -24.5889 0.5933 0.0049 -0.8050 0.2848 0.2405
-5.9324 -4.2208 -25.4766 -0.0556 0.0260 -0.9981 0.1843 0.3344
-11.9299 -44.3416 4.0209 -0.9996 -0.0298 0.0023 0.4226 0.5760
11.2398 -3.5776 -10.7226 1.0000 -0.0081 -0.0045 0.6946 0.3227
-2.9867 28.9022 -25.5658 -0.0462 -0.0352 -0.9983 0.2021 0.1359
-11.2603 -49.6882 24.9719 -0.9467 0.0201 0.3216 0.2968 0.6068
11.1685 35.4300 -6.5542 0.9997 0.0099 -0.0221 0.7173 0.0886
-8.1463 51.2243 -13.6047 -0.0483 0.9988 0.0029 0.9769 0.6795
11.0048 -43.8543 -24.9095 0.6369 -0.0099 -0.7709 0.2856 0.5721
11.8207 2.7943 24.7358 0.7522 0.0042 0.6589 0.0033 0.2954
-4.1906 -4.0473 -25.5661 -0.0502 0.0246 -0.9984 0.1947 0.3334
-11.6833 -6.0655 0.1025 -0.9997 0.0031 -0.0238 0.4483 0.3467
11.6858 -42.5821 24.3544 0.9597 -0.0257 0.2799 0.9071 0.5545
-12.0468 19.0874 -23.1258 -0.9981 -0.0079 -0.0604 0.5890 0.1973
11.1593 -35.1697 -24.5769 0.9747 0.0086 -0.2235 0.6133 0.5129
11.3925 -30.3658 1.5614 0.9998 -0.0091 -0.0196 0.7697 0.4826
11.4697 22.4171 -1.8723 0.9995 0.0058 -0.0305 0.7461 0.1664
6.8186 17.5354 25.9910 0.0297 -0.0055 0.9995 0.0331 0.2069
0.7702 -3.6000 25.9511 -0.0101 -0.0127 0.9999 0.0695 0.3336
11.1887 -21.1242 -12.6775 1.0000 0.0028 -0.0011 0.6839 0.4280
9.9401 7.1808 25.9614 -0.0238 -0.0138 0.9996 0.0144 0.2690
5.9714 -51.1787 -7.8790 0.0200 -0.9997 0.0139 0.6674 0.7212
-11.5443 -4.5037 12.7155 -0.9995 -0.0006 0.0302 0.3728 0.3367
-12.0631 34.1299 -19.9791 -1.0000 0.0006 0.0030 0.5710 0.1069
11.2026 -9.1501 -11.1604 0.9999 -0.0025 -0.0105 0.6923 0.3561
-9.3497 19.3519 -24.9109 0.0339 -0.0254 -0.9991 0.1640 0.1930
-10.2474 40.9003 -25.1441 -0.4571 -0.0233 -0.8891 0.1587 0.0639
-8.1697 50.4690 25.7358 0.0374 0.2214 0.9745 0.1228 0.0094
-10.4473 50.2925 -24.6982 -0.0684 0.1355 -0.9884 0.1576 0.0075
-12.0235 42.0876 -21.0200 -0.9997 0.0141 -0.0183 0.5777 0.0593
-11.7013 -9.4760 3.7436 -1.0000 -0.0014 0.0031 0.4263 0.3670
1.2933 36.9042 26.2650 -0.0021 -0.0251 0.9997 0.0661 0.0908
8.2092 49.8148 26.3481 -0.0822 0.1938 0.9776 0.0245 0.0134
11.2101 -6.5395 -12.5110 1.0000 -0.0021 0.0007 0.6840 0.3406
11.0600 -49.1506 -23.3242 0.1893 -0.9818 0.0148 0.8462 0.6184
11.0600 -49.1506 -23.3242 0.9895 -0.1398 -0.0378 0.6217 0.5966
-11.7801 -9.7894 -15.9971 -0.9991 -0.0035 0.0421 0.5446 0.3700
9.0521 48.7477 -20.3085 0.3797 0.9228 0.0653 0.8742 0.6385
8.9880 40.8113 -26.1219 0.0978 -0.0672 -0.9929 0.2739 0.0646
9.2757 -48.0422 16.2451 0.9736 -0.2255 0.0356 0.7152 0.8500
-11.8160 -32.2148 1.8985 -0.9999 0.0141 0.0021 0.4361 0.5034
-10.4498 29.4613 25.8486 -0.9098 0.0100 0.4150 0.2961 0.1323
9.0347 37.3920 -25.9817 0.2373 -0.0235 -0.9711 0.2742 0.0851
11.1133 15.1823 -12.3772 1.0000 -0.0027 0.0020 0.6836 0.2103
-1.9169 51.3779 -1.0501 0.0168 0.9993 -0.0340 0.9388 0.7544
-5.8597 29.4563 26.0830 -0.0140 -0.0085 0.9999 0.1090 0.1354
9.6968 49.3336 25.0144 0.8896 0.4465 -0.0965 0.5474 0.8921
9.6968 49.3336 25.0144 0.7251 0.6814 -0.0998 0.8677 0.9101
-12.0171 12.5352 -23.2673 -0.9945 0.0045 -0.1050 0.5895 0.2366
1.8865 5.9230 -25.6426 -0.0335 0.0187 -0.9993 0.2312 0.2737
-0.7002 45.9459 26.4554 -0.0278 -0.0138 0.9995 0.0780 0.0365
2.4971 46.6276 -26.3317 -0.0615 -0.0155 -0.9980 0.2351 0.0297
11.6648 -9.5823 7.7296 0.9997 -0.0018 -0.0251 0.8055 0.3577
11.5960 3.7022 2.8404 0.9997 -0.0059 -0.0229 0.7754 0.2783
5.2277 -49.8407 24.9515 -0.1329 -0.6043 0.7856 0.0431 0.6109
2.0348 -14.9493 25.8464 -0.0227 -0.0036 0.9997 0.0620 0.4016
9.5966 48.8632 -3.1234 -0.2454 0.9686 0.0387 0.8699 0.7415
-7.8555 -21.0244 -25.7107 -0.0374 0.0138 -0.9992 0.1726 0.4351
10.3999 49.4665 25.4047 -0.3022 0.9491 -0.0885 0.8634 0.9124
11.2215 -36.0317 -13.2257 0.9998 -0.0155 0.0155 0.6814 0.5174
11.9588 -21.5285 24.4624 0.9617 0.0050 0.2739 0.9065 0.4283
-11.8739 46.0853 -23.5635 -0.9983 0.0231 -0.0537 0.5932 0.0355
9.2191 48.7793 13.7101 0.8510 0.5247 0.0229 0.8712 0.8424
9.2191 48.7793 13.7101 0.8923 0.4512 0.0164 0.5434 0.8244
2.8823 -17.8381 -26.0879 -0.0056 0.0117 -0.9999 0.2370 0.4161
10.5145 -25.5908 25.7059 0.4179 0.0113 0.9084 0.0112 0.4655
11.5624 27.3362 2.1084 0.9994 0.0065 -0.0331 0.7697 0.1367
-4.7575 51.3292 -4.0847 -0.0188 0.9998 -0.0024 0.9560 0.7364
8.9072 16.3264 -25.4435 0.0497 -0.0076 -0.9987 0.2734 0.2113
10.9303 36.4984 -18.4952 0.9992 0.0232 -0.0331 0.6457 0.0829
-11.7347 16.9231 -8.5783 -0.9999 -0.0087 0.0112 0.5017 0.2094
3.0894 42.0760 -26.2083 -0.0336 -0.0403 -0.9986 0.2386 0.0570
12.0797 24.4342 23.9772 0.9798 0.0023 0.1998 0.9009 0.1528
11.0267 18.5626 -22.8048 0.9995 0.0102 -0.0309 0.6209 0.1907
11.2066 -11.9115 -10.7255 0.9999 -0.0096 -0.0112 0.6950 0.3727
9.3568 46.0487 -26.4063 0.2637 -0.0471 -0.9634 0.2762 0.0332
9.1531 48.9390 -22.8996 0.4102 0.9099 0.0614 0.8737 0.6229
-11.7068 -24.1792 5.0608 -0.9999 0.0100 0.0022 0.4176 0.4550
11.1109 35.3997 -9.2262 0.9997 0.0155 -0.0168 0.7013 0.0890
11.6267 19.2651 3.7894 0.9997 -0.0057 -0.0234 0.7802 0.1849
-11.5011 49.0514 10.5601 -0.9958 0.0903 0.0155 0.3888 0.0157
5.6513 51.4961 25.1593 0.0702 0.9975 0.0050 0.8919 0.9111
-11.6747 8.5376 -6.2598 -1.0000 -0.0073 0.0005 0.4873 0.2596
-7.9663 -50.3463 24.7703 -0.0030 0.0805 0.9968 0.1222 0.6138
3.0834 -9.5238 -25.9355 -0.0048 0.0169 -0.9998 0.2383 0.3663
-6.5967 -37.8615 -25.9912 -0.0494 0.0133 -0.9987 0.1801 0.5361
11.2321 -48.7861 25.1921 0.6505 -0.0501 0.7578 0.0071 0.6046
11.2321 -48.7861 25.1921 0.9360 -0.0625 0.3465 0.9125 0.5917
-6.0971 -48.5567 -25.4072 -0.0170 -0.2987 -0.9542 0.1830 0.6002
1.1245 -51.2502 -6.7756 0.0004 -1.0000 -0.0044 0.6384 0.7281
-6.2958 -39.0146 -26.0229 -0.0461 0.0110 -0.9989 0.1819 0.5430
-9.9862 -4.0380 -25.3391 -0.2814 -0.0119 -0.9595 0.1600 0.3333
11.3529 -7.4325 -5.3199 0.9995 -0.0023 -0.0299 0.7272 0.3455
-1.4492 51.2749 -12.1386 0.0644 0.9979 0.0008 0.9366 0.6879
-5.0635 -17.0790 -25.7940 -0.0541 0.0172 -0.9984 0.1894 0.4115
-10.6734 -0.1052 25.6223 -0.8336 -0.0039 0.5523 0.1381 0.3126
-2.8834 -16.1090 -25.8724 -0.0339 0.0146 -0.9993 0.2025 0.4057
-7.0993 -50.4235 -22.6783 -0.1126 -0.9922 -0.0528 0.5882 0.6332
8.5425 49.6238 -18.7743 0.7315 0.6810 -0.0344 0.8771 0.6477
8.5425 49.6238 -18.7743 0.9185 0.3954 0.0027 0.5466 0.6296
4.2433 -20.2374 -26.1047 0.0052 0.0077 -1.0000 0.2451 0.4305
-5.3315 -49.8202 24.4425 0.0151 0.2548 0.9669 0.1064 0.6107
-5.3315 -49.8202 24.4425 0.0468 -0.7447 0.6657 0.7507 0.9057
-11.9951 44.6566 -12.4218 -0.9993 0.0382 0.0020 0.5263 0.0434
11.2082 -0.6876 -12.8355 1.0000 0.0056 -0.0055 0.6817 0.3055
-10.3898 14.0975 25.9795 -0.4708 0.0068 0.8822 0.1363 0.2274
11.1627 0.9707 -19.9527 0.9997 0.0056 -0.0224 0.6390 0.2960
5.0332 31.8121 -25.9088 -0.0183 -0.0253 -0.9995 0.2502 0.1185
9.0345 48.7860 2.6330 0.5313 0.8458 0.0487 0.8729 0.7760
9.0345 48.7860 2.6330 0.9906 0.1365 0.0021 0.5428 0.7580
3.1345 -2.9743 25.9813 -0.0118 -0.0111 0.9999 0.0553 0.3299
7.0948 5.7355 25.9740 0.0333 0.0016 0.9994 0.0315 0.2777
8.5114 -20.1250 -25.9849 0.0849 0.0129 -0.9963 0.2707 0.4299
-10.8663 46.1389 24.1604 -0.9947 -0.0200 0.1005 0.3072 0.0324
1.1714 -13.9640 25.8282 -0.0223 -0.0055 0.9997 0.0671 0.3957
4.0018 20.3115 26.0827 0.0139 -0.0033 0.9999 0.0499 0.1903
-11.5131 -49.9037 2.8004 -0.7088 -0.7053 -0.0133 0.5632 0.7861
-11.5131 -49.9037 2.8004 -0.9784 -0.2065 -0.0058 0.4297 0.6094
4.4290 32.5669 -25.9113 -0.0250 -0.0222 -0.9994 0.2466 0.1140
10.9880 49.0820 19.0800 -0.0428 0.9990 -0.0150 0.8603 0.8745
-11.9175 -37.2810 2.7033 -0.9998 0.0191 0.0060 0.4309 0.5337
6.2907 40.5826 -26.2135 0.0025 -0.0483 -0.9988 0.2578 0.0660
8.2203 50.9244 11.9474 0.2629 0.9642 -0.0351 0.8773 0.8318
-11.1426 -15.7387 23.8743 -0.9988 -0.0001 0.0480 0.3053 0.4034
9.2887 49.0306 -25.9015 0.6989 0.6537 0.2903 0.8731 0.6049
9.2887 49.0306 -25.9015 0.9002 0.4046 0.1610 0.5295 0.6166
3.3021 -13.7854 25.8720 -0.0185 -0.0032 0.9998 0.0544 0.3947
11.2414 -39.8686 -22.4283 1.0000 0.0004 -0.0074 0.6265 0.5409
12.0747 -2.5064 19.8979 0.9998 -0.0034 -0.0220 0.8780 0.3145
0.0237 7.2126 26.0455 -0.0094 -0.0059 0.9999 0.0739 0.2688
9.3739 -48.9779 25.4225 -0.2261 -0.3700 -0.9011 0.4743 0.6221
11.4814 0.7902 -1.0011 0.9998 -0.0046 -0.0178 0.7526 0.2960
-11.6813 -33.1902 10.8661 -0.9994 0.0141 0.0302 0.3823 0.5087
-10.8378 3.8116 -24.8839 -0.4480 0.0209 -0.8938 0.1549 0.2862
6.2480 -1.8044 26.0004 0.0205 -0.0063 0.9998 0.0366 0.3229
9.5179 -50.0583 -24.9362 0.9487 -0.3158 0.0165 0.7007 0.6032
9.5179 -50.0583 -24.9362 0.7854 -0.5723 -0.2358 0.6877 0.6187
-4.6024 -2.3087 -25.4981 -0.0544 0.0264 -0.9982 0.1923 0.3230
7.0238 -26.3603 25.9679 0.0118 0.0176 0.9998 0.0321 0.4701
9.9859 48.8948 -19.4674 -0.1815 0.9834 -0.0026 0.8685 0.6435
12.0427 -1.6136 18.6839 0.9995 -0.0027 -0.0313 0.8707 0.3093
-10.4894 43.9013 25.9618 -0.6433 -0.0083 0.7656 0.1367 0.0488
-10.4894 43.9013 25.9618 -0.9143 0.0010 0.4051 0.2963 0.0457
5.4957 42.7282 26.4260 0.0078 -0.0388 0.9992 0.0408 0.0559
11.0577 7.5428 -24.0230 0.9954 0.0104 -0.0952 0.6142 0.2568
-11.6196 -24.0977 -24.5457 -0.9450 0.0001 -0.3269 0.5951 0.4563
-11.6196 -24.0977 -24.5457 -0.7330 0.0006 -0.6802 0.1501 0.4535
9.5941 39.2495 -25.7993 0.9996 0.0195 0.0188 0.5307 0.6753
10.9950 41.5960 -5.2433 0.9991 0.0395 -0.0131 0.7248 0.0516
11.1441 -26.8953 -23.2321 0.9991 0.0094 -0.0403 0.6209 0.4632
12.0464 -3.7077 19.1162 0.9995 -0.0051 -0.0306 0.8734 0.3218
-6.9469 41.1321 -25.5941 -0.1026 -0.0076 -0.9947 0.1785 0.0625
-11.5751 -47.1644 -13.1383 -0.9944 -0.1043 -0.0143 0.5254 0.5939
-2.8303 -51.0893 -11.1506 -0.0674 -0.9976 -0.0137 0.6144 0.7021
11.2393 -13.1373 -8.5790 0.9996 -0.0043 -0.0285 0.7080 0.3799
8.6790 50.7215 9.8807 0.3425 0.9390 -0.0301 0.8746 0.8194
8.6790 50.7215 9.8807 0.8760 0.4822 0.0089 0.5548 0.8013
10.9910 -48.9972 -17.8400 0.4364 -0.8994 0.0252 0.8461 0.6513
10.9910 -48.9972 -17.8400 0.9700 -0.2410 0.0316 0.6545 0.5954
-11.9119 38.6639 3.1149 -0.9995 -0.0120 0.0279 0.4328 0.0784
10.1868 29.7118 25.8977 0.0805 -0.0090 0.9967 0.0128 0.1340
-11.2988 -27.8155 20.3630 -0.9991 0.0004 0.0432 0.3257 0.4760
7.1423 49.7530 -25.0127 0.1467 0.9879 -0.0507 0.8859 0.6103
-0.7032 2.9604 -25.5802 -0.0461 0.0189 -0.9988 0.2157 0.2914
8.8330 -49.6584 -25.4773 0.0527 -0.5437 -0.8376 0.8328 0.6056
8.8330 -49.6584 -25.4773 -0.0552 -0.2656 -0.9625 0.2725 0.6069
11.7913 20.2429 10.3963 0.9996 0.0038 -0.0289 0.8198 0.1787
11.2000 -44.4999 -21.1433 0.9999 -0.0124 0.0119 0.6345 0.5686
-11.2306 50.9205 -16.9762 -0.6886 0.7251 0.0077 0.9955 0.6595
-10.8515 36.1293 -24.7803 -0.5098 0.0076 -0.8603 0.1551 0.0925
-9.9476 31.7385 26.0924 -0.0173 0.0060 0.9998 0.1335 0.1217
10.6077 49.5318 24.8908 -0.3353 0.9411 -0.0443 0.8622 0.9093
-6.4918 -36.5560 -25.9807 -0.0498 0.0114 -0.9987 0.1807 0.5283
11.2303 -38.2137 -0.4748 0.9995 -0.0262 -0.0196 0.7580 0.5298
-10.2701 51.0660 13.3581 -0.1750 0.9845 -0.0133 0.9880 0.8413
10.5796 14.7132 -24.6906 0.5409 0.0019 -0.8411 0.2834 0.2210
10.2908 32.2771 -24.9287 0.6839 -0.0018 -0.7295 0.2818 0.1157
-11.9679 40.6595 -0.3087 -1.0000 -0.0045 0.0033 0.4535 0.0667
2.7770 -51.4316 3.5577 0.0120 -0.9996 -0.0267 0.6489 0.7899
1.5751 -51.7134 17.9473 -0.0105 -0.9997 -0.0199 0.6425 0.8763
-10.7673 51.0477 -16.7321 -0.1625 0.9867 0.0070 0.9927 0.6609
-11.9550 45.4055 -9.5675 -0.9986 0.0532 0.0050 0.5092 0.0387
4.8687 -49.7855 25.0608 0.1110 -0.6459 0.7553 0.0452 0.6105
-7.1826 -5.3717 25.7383 -0.0341 -0.0153 0.9993 0.1172 0.3442
11.3963 25.4106 -2.8828 0.9995 0.0092 -0.0311 0.7399 0.1485
11.8187 25.4304 12.2442 0.9995 -0.0001 -0.0309 0.8305 0.1475
9.2752 31.8076 -25.8347 0.2976 -0.0241 -0.9544 0.2756 0.1186
-11.6277 -8.5820 8.8370 -0.9998 0.0003 0.0206 0.3958 0.3613
-9.7642 19.6184 -24.9502 -0.0027 -0.0254 -0.9997 0.1615 0.1914
10.6748 24.0687 25.7346 0.5967 0.0064 0.8024 0.0099 0.1678
9.7589 -48.8465 11.0893 -0.4988 -0.8536 0.1505 0.8404 0.8247
9.0492 48.8680 -1.9420 0.6501 0.7597 0.0140 0.8731 0.7486
9.0492 48.8680 -1.9420 0.9465 0.3225 -0.0041 0.5430 0.7306
-11.6398 -31.2825 -23.4178 -1.0000 -0.0044 -0.0064 0.5879 0.4993
11.7107 15.7529 8.0527 0.9997 -0.0025 -0.0228 0.8060 0.2058
8.4186 50.4678 -1.3655 0.3729 0.9272 -0.0362 0.8769 0.7520
-11.5575 -7.7604 11.8983 -0.9997 0.0005 0.0235 0.3775 0.3562
-11.1526 -21.1232 23.6713 -0.9991 0.0024 0.0425 0.3062 0.4357
-7.7639 -11.1944 -25.5575 -0.0316 0.0167 -0.9994 0.1732 0.3762
-11.9320 -39.3287 0.2416 -1.0000 0.0088 -0.0041 0.4456 0.5461
-11.7088 -1.6452 0.6753 -0.9998 -0.0058 -0.0204 0.4452 0.3202
10.6578 13.0876 25.6714 0.6316 -0.0073 0.7753 0.0101 0.2336
-11.9868 -3.8596 -21.6600 -0.9999 -0.0106 -0.0092 0.5789 0.3348
-4.6515 38.1031 26.2223 -0.0195 -0.0167 0.9997 0.1017 0.0835
-10.9615 -33.1345 25.3492 -0.6624 0.0035 0.7491 0.1400 0.5106
-10.9615 -33.1345 25.3492 -0.9862 -0.0039 0.1654 0.2955 0.5076
8.3741 51.0732 26.0625 0.0059 0.5000 0.8660 0.8755 0.9164
8.3741 51.0732 26.0625 -0.0268 0.2701 0.9625 0.0236 0.0059
11.3828 -29.3917 0.6048 0.9997 -0.0148 -0.0194 0.7639 0.4768
8.2513 -18.7157 -25.9791 0.0965 0.0219 -0.9951 0.2692 0.4214
8.6663 49.7629 -25.9287 0.5128 0.7954 0.3230 0.8768 0.6048
2.0970 -49.9238 24.4229 -0.2397 0.6276 0.7407 0.0619 0.6114
11.4737 -49.4975 23.7517 0.1078 -0.9935 -0.0366 0.8514 0.9006
11.4737 -49.4975 23.7517 0.9916 -0.1275 -0.0198 0.9038 0.5960
1.8614 -51.6405 13.5567 -0.0077 -0.9998 -0.0170 0.6440 0.8499
0.2805 -8.8062 -25.8740 -0.0485 0.0150 -0.9987 0.2215 0.3620
9.7667 48.7674 19.6017 -0.4012 0.9159 -0.0133 0.8676 0.8777
9.6941 22.4548 -25.3348 0.5059 -0.0160 -0.8624 0.2781 0.1746
11.1322 -37.8774 -8.0121 0.9996 -0.0291 -0.0030 0.7128 0.5282
-11.5821 -5.2664 -9.3566 -0.9998 -0.0040 0.0204 0.5051 0.3425
-6.9366 51.3306 6.7419 -0.0794 0.9968 -0.0108 0.9684 0.8014
11.5042 -13.7658 1.6480 0.9997 -0.0082 -0.0210 0.7693 0.3831
9.5265 43.7946 -26.1213 0.9985 -0.0288 0.0473 0.5285 0.6480
9.5265 43.7946 -26.1213 0.6039 -0.0779 -0.7932 0.2772 0.0467
11.6724 10.9939 6.3148 0.9998 0.0058 -0.0185 0.7958 0.2344
9.9482 -48.5717 23.8134 -0.9013 -0.4035 -0.1577 0.4873 0.6248
9.9482 -48.5717 23.8134 -0.8159 -0.5699 -0.0975 0.8423 0.9010
11.3078 23.5769 -5.7165 0.9991 0.0017 -0.0421 0.7230 0.1596
11.7209 41.2782 20.1588 0.9993 0.0329 -0.0185 0.8771 0.0520
-11.0160 30.0717 20.4580 -0.9975 -0.0037 0.0700 0.3284 0.1289
-1.4991 50.5126 25.6834 -0.0101 0.3234 0.9462 0.0828 0.0092
-11.5699 2.6191 -6.1256 -1.0000 0.0021 0.0036 0.4862 0.2950
11.9829 -25.4368 23.9020 0.9957 -0.0239 0.0892 0.9033 0.4518
2.2135 38.9261 -26.0479 -0.0251 -0.0403 -0.9989 0.2333 0.0758
9.6218 48.7959 -20.5921 -0.2281 0.9735 0.0142 0.8708 0.6368
8.2493 -49.7503 25.7213 -0.4348 -0.5860 0.6838 0.8322 0.9126
8.2493 -49.7503 25.7213 -0.3816 -0.3773 0.8438 0.0249 0.6103
-11.8761 14.5734 -24.2149 -0.9886 -0.0042 -0.1507 0.5953 0.2244
-11.8761 14.5734 -24.2149 -0.5296 0.0122 -0.8482 0.1488 0.2216
-10.9585 -50.4839 15.9586 -0.3177 -0.9471 -0.0455 0.5673 0.8650
11.0798 -42.2525 -3.0161 0.9997 -0.0081 -0.0218 0.7430 0.5541
-5.4430 -50.4706 -24.7604 -0.1058 -0.9906 -0.0867 0.5980 0.6206
-10.3051 51.2085 24.6330 -0.3160 0.9483 -0.0285 0.9876 0.9089
9.3964 -47.8488 23.5247 0.9759 -0.2173 0.0213 0.4662 0.6190
9.3964 -47.8488 23.5247 0.8634 -0.5043 -0.0110 0.8390 0.8992
-11.3902 48.9480 -24.5186 -0.5863 -0.0060 -0.8101 0.1519 0.0156
9.3202 -31.1893 -25.9506 0.1627 0.0054 -0.9867 0.2755 0.4962
11.2506 0.1634 -9.1674 0.9998 0.0059 -0.0214 0.7037 0.3002
-7.0690 -51.1644 25.0571 -0.0851 0.0003 0.9964 0.1168 0.6187
9.6628 6.7368 -25.3035 0.4740 0.0053 -0.8805 0.2778 0.2688
-12.0616 38.7776 -17.9178 -1.0000 -0.0038 0.0054 0.5589 0.0790
10.8174 32.4600 -22.6382 0.9986 0.0138 -0.0510 0.6211 0.1074
10.6685 -0.7467 25.6651 0.5907 -0.0070 0.8069 0.0101 0.3166
-7.4165 51.5708 24.9606 -0.0639 0.9979 0.0059 0.9703 0.9106
3.0396 -50.7111 -25.2678 -0.0238 -0.0122 -0.9996 0.2378 0.6132
-9.9874 33.5159 26.0824 -0.0526 0.0079 0.9986 0.1337 0.1110
-11.6889 -19.6403 2.4722 -0.9999 0.0094 0.0037 0.4334 0.4280
-10.6110 31.0387 25.4167 -0.9680 -0.0031 0.2508 0.2988 0.1229
9.5479 -48.7512 13.3769 0.2598 -0.9653 -0.0267 0.8393 0.8385
-10.6180 -1.9256 25.7087 -0.5369 0.0096 0.8436 0.1377 0.3235
12.0548 -16.1534 23.0831 0.9999 -0.0058 0.0130 0.8979 0.3962
6.2990 1.4498 25.9995 0.0213 0.0019 0.9998 0.0363 0.3034
11.2156 0.6831 -16.8905 1.0000 0.0055 -0.0024 0.6574 0.2975
11.2625 -0.9291 -8.8060 0.9998 0.0020 -0.0214 0.7059 0.3067
-11.7122 14.4132 -2.7321 -0.9998 -0.0101 -0.0144 0.4665 0.2241
11.3953 -20.4060 -1.9551 0.9999 -0.0048 -0.0158 0.7481 0.4231
11.1736 7.2898 -9.8080 0.9995 0.0124 -0.0277 0.6994 0.2575
11.1391 1.9618 -20.7612 0.9998 0.0051 -0.0180 0.6341 0.2901
-5.3063 51.6053 25.7399 0.0160 -0.1335 0.9909 0.1056 0.0026
-5.3063 51.6053 25.7399 -0.0233 0.8228 0.5678 0.9576 0.9152
-7.3256 17.1336 -24.9653 -0.0724 0.0012 -0.9974 0.1761 0.2064
-11.5904 0.8808 -5.6389 -1.0000 0.0013 -0.0041 0.4832 0.3054
-11.6076 -0.4888 -3.6379 -0.9998 -0.0042 -0.0189 0.4711 0.3135
4.2182 -50.5845 24.9728 0.3880 0.3461 0.8542 0.0491 0.6153
11.3273 -0.4625 -6.6042 0.9995 -0.0002 -0.0331 0.7191 0.3038
-11.7105 -29.3565 8.8231 -0.9996 0.0081 0.0259 0.3947 0.4859
11.8628 22.2336 13.2525 0.9994 0.0054 -0.0341 0.8368 0.1666
6.1264 18.4785 26.0203 0.0336 -0.0059 0.9994 0.0372 0.2013
11.1360 25.7073 -15.7488 0.9999 0.0058 -0.0095 0.6628 0.1474
-12.0226 28.7482 -17.1959 -0.9998 0.0018 0.0221 0.5540 0.1390
11.1834 -17.5202 -12.5579 1.0000 0.0023 -0.0039 0.6844 0.4064
11.1150 15.6544 -12.2090 1.0000 -0.0075 0.0002 0.6846 0.2075
-11.6994 2.5276 5.2695 -0.9997 0.0004 0.0245 0.4179 0.2949
11.2117 -10.9792 -15.3505 1.0000 -0.0015 0.0070 0.6673 0.3673
-3.4936 -50.9822 -15.0638 -0.0791 -0.9967 -0.0173 0.6102 0.6786
-11.8627 13.8136 -14.4341 -0.9989 -0.0007 0.0466 0.5366 0.2284
11.6246 1.2373 5.6590 0.9997 -0.0010 -0.0263 0.7925 0.2929
-2.7010 -37.1926 25.9502 -0.0391 0.0100 0.9992 0.0905 0.5349
-6.1682 -49.9455 -25.3683 0.0958 0.3408 -0.9353 0.1826 0.6085
11.3929 -5.0859 -4.1373 0.9996 -0.0028 -0.0293 0.7341 0.3314
-4.8904 -15.1848 -25.7735 -0.0541 0.0167 -0.9984 0.1904 0.4002
-11.7192 35.0421 7.5519 -0.9993 -0.0089 0.0350 0.4060 0.0999
11.1802 21.6075 -10.0065 0.9998 0.0033 -0.0221 0.6974 0.1717
-5.2126 15.8534 -25.1223 -0.0737 0.0039 -0.9973 0.1887 0.2141
8.5664 -51.1439 2.8435 0.1557 -0.9870 -0.0403 0.6836 0.7853
-11.6536 -35.4936 12.8953 -0.9989 0.0197 0.0417 0.3700 0.5224
-12.0416 36.6362 -21.8428 -0.9997 0.0031 -0.0246 0.5823 0.0920
-3.3056 -49.8712 -25.1046 0.1448 0.3518 -0.9248 0.1998 0.6081
11.7615 13.7643 9.7673 0.9995 -0.0006 -0.0324 0.8164 0.2176
1.7297 -29.6728 -26.1481 -0.0062 0.0052 -1.0000 0.2300 0.4871
11.4773 17.2380 -1.6900 0.9994 -0.0043 -0.0339 0.7475 0.1974
-11.7236 -41.2136 13.7457 -0.9991 0.0155 0.0396 0.3645 0.5567
9.2679 -50.3295 -14.4750 0.9720 -0.2349 0.0017 0.6997 0.6660
1.4187 43.1838 -26.1831 -0.0462 -0.0331 -0.9984 0.2286 0.0503
-11.6074 -15.8771 -3.0754 -0.9995 -0.0048 -0.0299 0.4668 0.4057
-0.0865 51.5332 5.6239 0.0333 0.9991 -0.0251 0.9274 0.7943
6.4672 32.8883 26.0965 0.0304 -0.0227 0.9993 0.0351 0.1149
-8.8245 -28.4205 25.6382 -0.0347 0.0042 0.9994 0.1272 0.4823
10.6042 -48.0288 25.7450 0.6080 -0.0294 0.7934 0.0108 0.6000
2.5907 51.3959 4.7003 0.0747 0.9968 -0.0290 0.9114 0.7886
-10.8546 -20.9557 25.3495 -0.5265 0.0250 0.8498 0.1393 0.4376
10.2247 -42.2284 -25.2767 0.5478 0.0044 -0.8366 0.2809 0.5624
-11.5876 13.9296 7.3029 -0.9995 0.0032 0.0326 0.4063 0.2265
11.6070 34.3507 7.1110 0.9994 0.0215 -0.0282 0.7993 0.0943
-5.3195 -37.8238 -26.0541 -0.0464 0.0119 -0.9989 0.1877 0.5359
-11.4378 -19.3361 16.0902 -0.9996 0.0061 0.0293 0.3518 0.4254
-10.1601 21.8272 26.0366 -0.0436 -0.0096 0.9990 0.1348 0.1811
10.7227 32.5032 -24.2141 0.9881 0.0179 -0.1525 0.6117 0.1072
6.1193 32.1431 -25.9264 0.0044 -0.0263 -0.9996 0.2567 0.1165
10.8558 30.2295 25.5821 0.6455 0.0023 0.7637 0.0088 0.1309
10.9854 7.3052 -24.4810 0.5181 0.0054 -0.8553 0.2858 0.2654
10.9854 7.3052 -24.4810 0.9868 0.0107 -0.1613 0.6115 0.2583
-11.1900 -10.2125 22.0582 -0.9992 0.0065 0.0404 0.3165 0.3703
-11.7166 -32.6974 -5.1990 -0.9998 0.0182 -0.0121 0.4786 0.5067
10.7942 -49.0289 -1.6658 0.1652 -0.9862 0.0033 0.8459 0.7482
10.7942 -49.0289 -1.6658 0.9667 -0.2556 -0.0098 0.7515 0.5947
0.2306 6.9455 -25.5549 -0.0463 0.0182 -0.9988 0.2213 0.2675
-11.5839 -25.1211 -5.4356 -0.9999 -0.0035 -0.0105 0.4805 0.4613
5.6291 -50.0837 -25.2884 -0.0224 -0.2100 -0.9774 0.2533 0.6094
3.9992 50.3242 -24.7233 0.0814 0.8403 -0.5360 0.9047 0.6122
3.9992 50.3242 -24.7233 0.0444 0.4779 -0.8773 0.5081 0.6325
-10.5654 -13.8027 25.5353 -0.1167 -0.0111 0.9931 0.1375 0.3947
-11.8569 -34.5382 0.6759 -0.9997 0.0228 -0.0051 0.4433 0.5174
2.0324 38.2005 26.2976 0.0007 -0.0263 0.9997 0.0616 0.0830
-7.1216 -50.9022 7.9400 -0.1475 -0.9888 -0.0232 0.5898 0.8167
5.1843 15.0076 26.0265 0.0285 -0.0130 0.9995 0.0429 0.2221
-10.4213 8.5261 25.8920 -0.6457 -0.0098 0.7635 0.1365 0.2608
0.7279 -11.4556 -25.9487 -0.0267 0.0224 -0.9994 0.2241 0.3779
4.6597 13.7496 26.0232 0.0221 -0.0090 0.9997 0.0460 0.2296
11.9112 -25.4803 17.8277 0.9994 -0.0096 -0.0345 0.8669 0.4524
9.8766 -43.2208 -25.6726 0.9776 0.0105 -0.2102 0.5192 0.6408
11.1193 25.0090 -13.8900 0.9999 -0.0025 0.0159 0.6740 0.1515
-7.0633 20.4544 26.0122 -0.0151 -0.0043 0.9999 0.1163 0.1893
4.1985 -7.2606 -25.9034 -0.0007 0.0154 -0.9999 0.2450 0.3527
-10.5468 -28.9982 25.5831 -0.0686 0.0002 0.9976 0.1375 0.4858
-11.4512 14.2425 11.0886 -0.9992 0.0063 0.0391 0.3837 0.2244
11.1032 34.0935 -12.2887 0.9998 0.0183 -0.0120 0.6830 0.0970
7.6749 -51.0706 -3.3769 0.0489 -0.9988 -0.0018 0.6779 0.7481
8.4304 -50.4347 25.6230 0.7355 0.4609 0.4965 0.7014 0.9064
8.4304 -50.4347 25.6230 0.1758 0.0306 0.9840 0.0238 0.6144
-11.6486 -25.1115 -3.2364 -0.9995 0.0066 -0.0324 0.4673 0.4611
-11.6764 21.9896 5.5716 -0.9995 -0.0068 0.0319 0.4172 0.1782
-11.8925 34.1662 -9.3947 -0.9999 -0.0114 0.0105 0.5076 0.1061
4.5096 -44.6146 26.2684 -0.0173 0.0190 0.9997 0.0473 0.5795
4.9463 -17.0500 -26.0735 0.0101 0.0133 -0.9999 0.2494 0.4114
-11.2032 34.9333 -24.5559 -0.5836 0.0139 -0.8119 0.1530 0.0996
9.9748 -35.5179 -25.7144 0.6238 0.0021 -0.7816 0.2794 0.5221
-1.4774 28.4849 26.1226 -0.0037 -0.0052 1.0000 0.0827 0.1412
6.8654 -50.4530 25.2008 -0.0690 0.1816 0.9810 0.0333 0.6145
-11.6443 45.9181 10.8690 -0.9992 0.0204 0.0355 0.3868 0.0345
9.6117 -48.8863 9.3569 -0.1346 -0.9902 -0.0359 0.8394 0.8144
-0.4193 -49.4759 24.3932 0.0746 -0.8842 0.4611 0.7802 0.9051
1.3047 -17.8481 25.8087 -0.0149 0.0017 0.9999 0.0664 0.4190
9.4299 -49.9607 -8.0271 0.9823 -0.1868 -0.0162 0.7023 0.7046
0.1519 -35.3195 26.0263 -0.0282 0.0102 0.9995 0.0734 0.5237
-11.6180 -13.5484 -11.4575 -0.9998 -0.0027 0.0221 0.5172 0.3923
-3.9958 -27.8481 25.8160 -0.0316 0.0135 0.9994 0.0982 0.4789
11.8422 24.5218 12.9736 0.9993 0.0015 -0.0363 0.8350 0.1529
7.4625 41.4962 26.3547 0.0211 -0.0363 0.9991 0.0291 0.0633
-10.6663 50.2653 25.8236 -0.1501 0.2084 0.9664 0.1377 0.0106
-10.6663 50.2653 25.8236 -0.9382 0.1271 0.3220 0.2974 0.0076
11.7304 13.3555 8.7749 0.9996 -0.0002 -0.0288 0.8104 0.2201
2.5660 51.2943 1.6752 0.0806 0.9961 -0.0346 0.9118 0.7705
11.2778 49.5643 24.8718 0.9300 0.1553 0.3332 0.9049 0.0021
11.2778 49.5643 24.8718 0.4338 0.8795 0.1956 0.8582 0.9092
-0.7942 -50.1416 -25.0930 -0.0200 0.3147 -0.9490 0.2148 0.6097
6.4701 12.1901 25.9872 0.0208 0.0019 0.9998 0.0352 0.2390
-6.8297 -50.0292 -25.4210 0.0276 0.1251 -0.9918 0.1786 0.6090
-11.5285 -25.2696 14.0662 -0.9996 0.0032 0.0289 0.3635 0.4611
-8.3906 -3.4592 25.7369 -0.0174 -0.0171 0.9997 0.1244 0.3327
11.1511 18.9478 -11.7222 0.9999 -0.0054 -0.0093 0.6873 0.1877
-11.3420 16.8704 13.4304 -0.9991 0.0018 0.0426 0.3698 0.2085
11.0695 -43.7563 -12.0440 0.9998 -0.0142 0.0144 0.6890 0.5636
-5.2355 -27.9752 25.7734 -0.0366 0.0114 0.9993 0.1056 0.4797
-9.6779 -35.9640 -25.8815 -0.1233 0.0227 -0.9921 0.1616 0.5247
-10.4328 -22.8305 -25.5313 -0.4202 0.0081 -0.9074 0.1572 0.4459
11.1984 15.0626 -8.1065 0.9994 -0.0047 -0.0345 0.7092 0.2108
-2.2873 -49.0709 25.7449 -0.0105 -0.8250 0.5650 0.7690 0.9133
-2.2873 -49.0709 25.7449 -0.0569 -0.3479 0.9358 0.0881 0.6062
11.4608 14.5320 -1.7325 0.9994 -0.0079 -0.0351 0.7474 0.2136
11.2120 -6.5703 -11.5835 1.0000 -0.0010 -0.0028 0.6896 0.3407
6.1790 50.9769 25.9708 -0.1131 -0.2468 0.9624 0.0367 0.0065
1.2824 -49.6076 24.0442 -0.2227 -0.0501 0.9736 0.0668 0.6095
1.2824 -49.6076 24.0442 -0.0248 -0.8641 0.5028 0.7903 0.9029
9.5337 -48.5785 13.9021 -0.8505 -0.4009 0.3406 0.4979 0.6251
9.5337 -48.5785 13.9021 -0.1204 -0.9187 0.3761 0.8392 0.8416
9.5337 -48.5785 13.9021 0.8214 -0.4295 0.3752 0.7118 0.8360
-11.5499 9.0022 9.2908 -0.9994 0.0057 0.0328 0.3941 0.2559
11.3832 -31.6423 1.6600 0.9998 -0.0116 -0.0176 0.7704 0.4902
11.1353 8.9442 -14.7222 0.9999 0.0060 0.0118 0.6699 0.2479
-11.7408 -30.3181 7.7221 -0.9998 0.0056 0.0180 0.4013 0.4917
11.4043 -0.2567 -4.2509 0.9995 -0.0018 -0.0309 0.7332 0.3024
-11.7432 14.8693 -0.8752 -1.0000 -0.0081 -0.0028 0.4554 0.2213
10.7071 47.2245 -3.2018 0.9967 0.0784 -0.0217 0.7368 0.0177
0.5427 -27.4471 -26.1219 -0.0158 0.0069 -0.9999 0.2229 0.4737
-8.8852 29.7069 -25.1216 -0.0552 -0.0173 -0.9983 0.1668 0.1310
8.0049 51.1896 19.0061 0.1431 0.9893 -0.0270 0.8782 0.8741
-12.1012 15.4991 -19.2456 -0.9999 -0.0015 0.0156 0.5655 0.2186
-9.8249 2.1888 -25.2232 -0.0276 0.0266 -0.9993 0.1610 0.2960
-11.5927 -7.9431 -24.5696 -0.8914 -0.0043 -0.4533 0.5961 0.3594
-11.5927 -7.9431 -24.5696 -0.5719 0.0048 -0.8203 0.1504 0.3566
9.2890 -47.7299 19.5677 0.9839 -0.1787 -0.0056 0.7172 0.8699
9.2890 -47.7299 19.5677 0.7593 -0.6506 -0.0122 0.8381 0.8755
5.9411 31.3000 26.0786 0.0320 -0.0197 0.9993 0.0383 0.1244
-7.6717 -33.9475 25.7161 -0.0428 0.0023 0.9991 0.1203 0.5155
10.5801 48.5099 -5.6775 0.9776 0.2104 -0.0043 0.7219 0.0102
11.4464 -1.5661 -2.7081 0.9996 -0.0019 -0.0265 0.7425 0.3102
11.5739 -46.9166 23.2831 0.9985 -0.0338 -0.0440 0.9009 0.5806
-11.8469 23.2269 -24.0334 -0.9421 0.0140 -0.3350 0.5947 0.1725
4.6704 0.2041 26.0149 -0.0032 -0.0009 1.0000 0.0461 0.3108
6.2813 -49.2819 24.5036 -0.1559 -0.9649 0.2115 0.8203 0.9054
6.2813 -49.2819 24.5036 0.3065 0.5707 0.7618 0.0368 0.6076
11.7318 27.2907 9.3485 0.9996 0.0065 -0.0268 0.8131 0.1365
12.0835 -1.6039 20.3550 0.9998 -0.0003 -0.0175 0.8807 0.3091
3.3890 51.6118 25.8363 0.0331 0.9572 0.2876 0.9054 0.9153
-11.9511 16.2031 -15.9165 -0.9984 -0.0050 0.0555 0.5456 0.2142
-11.7839 -19.9396 -16.7942 -0.9997 -0.0128 0.0224 0.5488 0.4309
11.1807 -0.8423 -19.6077 0.9997 0.0051 -0.0221 0.6412 0.3068
5.6990 -6.6419 25.9438 0.0101 -0.0147 0.9998 0.0399 0.3519
6.4714 45.6232 -26.4624 -0.0054 -0.0464 -0.9989 0.2589 0.0357
-11.4934 13.4583 10.1226 -0.9993 0.0060 0.0368 0.3894 0.2291
-11.3560 12.7375 13.7350 -0.9991 0.0077 0.0424 0.3677 0.2332
11.7479 17.3120 9.0675 0.9993 -0.0055 -0.0368 0.8120 0.1964
11.5395 8.0781 1.1887 0.9993 0.0024 -0.0368 0.7653 0.2522
11.3837 -2.4666 -4.7311 0.9995 -0.0031 -0.0311 0.7304 0.3157
-11.4764 23.2238 10.6403 -0.9990 -0.0067 0.0439 0.3869 0.1706
10.5967 -26.9568 -25.1699 0.6816 0.0082 -0.7317 0.2832 0.4708
-10.9154 -24.3157 25.4011 -0.3114 0.0177 0.9501 0.1397 0.4577
-10.9154 -24.3157 25.4011 -0.9068 -0.0055 0.4214 0.2957 0.4547
-12.0845 6.7814 -20.1369 -1.0000 -0.0061 0.0040 0.5704 0.2709
7.5305 -49.4091 25.3793 -0.5687 -0.1745 0.8038 0.0292 0.6083
7.5305 -49.4091 25.3793 -0.5205 -0.6355 0.5703 0.8279 0.9106
2.5617 -44.1006 -26.2637 -0.0101 -0.0095 -0.9999 0.2349 0.5736
10.7685 0.9293 25.6081 0.6097 -0.0112 0.7926 0.0095 0.3065
-11.2775 -49.1599 -16.6655 -0.9966 -0.0816 -0.0082 0.5464 0.6060
-2.0672 3.1641 -25.5122 -0.0511 0.0178 -0.9985 0.2075 0.2902
-11.8357 31.4176 0.1890 -0.9998 -0.0207 0.0033 0.4500 0.1220
-11.2771 -17.3280 20.4492 -0.9992 0.0015 0.0389 0.3257 0.4131
11.4175 27.2693 -1.9368 0.9997 -0.0081 -0.0213 0.7455 0.1373
9.8791 2.2349 -25.2307 0.5679 0.0158 -0.8230 0.2791 0.2958
12.0733 13.7890 21.3140 1.0000 0.0016 -0.0048 0.8856 0.2168
10.8115 -49.2697 13.5148 0.0761 -0.9969 0.0187 0.8469 0.8392
9.1101 -47.3097 26.3224 0.0953 0.0027 0.9954 0.0197 0.5957
10.6049 25.0617 25.7762 0.5977 0.0009 0.8017 0.0104 0.1618
-11.2414 37.1010 17.7907 -0.9981 -0.0101 0.0612 0.3448 0.0870
1.5115 15.9656 26.0737 -0.0027 -0.0056 1.0000 0.0649 0.2163
-9.6399 3.5469 -25.1680 0.0120 0.0387 -0.9992 0.1621 0.2878
1.1433 -49.7794 24.0199 -0.1253 0.5033 0.8550 0.0676 0.6105
-10.2335 7.1193 26.0023 -0.2780 -0.0039 0.9606 0.1354 0.2693
-11.9511 -42.3995 2.2118 -1.0000 0.0075 0.0024 0.4336 0.5644
-10.1161 46.2779 26.0832 -0.1594 0.0167 0.9871 0.1344 0.0345
-11.4018 49.3320 14.6202 -0.9975 0.0654 0.0270 0.3645 0.0138
8.1395 -38.9903 -26.1238 0.0607 0.0173 -0.9980 0.2684 0.5430
4.8457 51.5346 25.9160 0.0474 0.8998 0.4338 0.8967 0.9157
9.6819 -48.6567 13.1051 0.0906 -0.4519 -0.8874 0.4519 0.6174
9.6819 -48.6567 13.1051 -0.3655 -0.9050 -0.2177 0.8401 0.8368
10.2940 4.0998 25.9072 0.1733 -0.0120 0.9848 0.0123 0.2875
4.3432 51.3382 9.1735 0.0936 0.9954 -0.0182 0.9007 0.8153
-8.8448 44.1491 -25.3710 -0.1133 0.0090 -0.9935 0.1671 0.0444
-0.6950 8.6225 26.0429 -0.0038 -0.0036 1.0000 0.0782 0.2603
11.5665 24.9279 2.3853 0.9996 -0.0037 -0.0276 0.7715 0.1511
10.9201 -49.1013 7.1192 0.4156 -0.9095 0.0063 0.8471 0.8009
10.9201 -49.1013 7.1192 0.9762 -0.2153 -0.0251 0.8042 0.5946
9.5569 -4.0583 25.9240 -0.0320 0.0222 0.9992 0.0168 0.3364
-5.3750 -18.8103 -25.8098 -0.0536 0.0195 -0.9984 0.1875 0.4219
-3.0542 38.6912 -25.8475 -0.0517 -0.0218 -0.9984 0.2018 0.0772
-0.0178 35.8406 26.2338 -0.0044 -0.0246 0.9997 0.0739 0.0971
-11.8438 -17.2039 -19.9406 -0.9999 -0.0140 -0.0031 0.5678 0.4147
11.6901 38.2532 13.7956 0.9992 0.0309 -0.0249 0.8391 0.0705
11.3262 5.0135 25.1386 0.6711 0.0170 0.7412 0.0062 0.2821
-5.4264 51.4065 4.0779 -0.0679 0.9976 -0.0167 0.9595 0.7854
10.5430 40.5407 -24.0703 0.9893 0.0355 -0.1415 0.6121 0.0590
-8.9062 50.6531 -24.6362 0.0136 0.1454 -0.9893 0.1668 0.0054
9.8899 -48.7059 14.1142 -0.5477 -0.8191 0.1704 0.8414 0.8429
-6.3206 51.2697 -2.7318 -0.0487 0.9988 -0.0013 0.9653 0.7446
11.7580 -41.3256 24.0960 0.9965 -0.0225 0.0808 0.9054 0.5470
11.9596 7.3747 16.2587 0.9995 0.0024 -0.0302 0.8556 0.2555
-11.4210 26.4785 12.4476 -0.9989 -0.0094 0.0463 0.3762 0.1509
10.6428 -30.2691 -25.1657 0.6499 -0.0040 -0.7600 0.2835 0.4907
11.7343 -19.7436 12.2362 0.9994 -0.0067 -0.0327 0.8331 0.4183
11.1241 8.9613 -12.6436 1.0000 0.0086 -0.0049 0.6823 0.2477
-11.5966 -5.7775 -2.7061 -0.9996 0.0019 -0.0270 0.4652 0.3452
-11.7549 -28.8331 5.6990 -1.0000 0.0020 0.0055 0.4135 0.4829
-11.8946 -43.5195 8.7443 -0.9998 -0.0011 0.0191 0.3944 0.5708
-6.6494 -8.6016 25.7092 -0.0288 -0.0150 0.9995 0.1140 0.3635
2.3779 -48.5325 26.1606 -0.0435 -0.1965 0.9795 0.0601 0.6029
-1.9000 -50.7869 -25.0074 -0.0604 -0.9728 -0.2237 0.6192 0.6189
11.1054 6.6097 -21.3591 0.9999 0.0057 -0.0145 0.6302 0.2623
-11.6577 -17.8285 6.2902 -0.9998 0.0045 0.0210 0.4106 0.4169
12.0830 10.3586 21.3867 0.9999 0.0030 -0.0106 0.8862 0.2373
-10.2796 51.0499 -3.1134 -0.0816 0.9967 0.0043 0.9890 0.7425
9.1083 48.6515 -11.8514 -0.1863 0.9823 -0.0199 0.8733 0.6892
-0.8171 -12.4803 25.7994 -0.0198 -0.0115 0.9997 0.0790 0.3868
-8.0464 6.2893 -25.0734 -0.0247 0.0212 -0.9995 0.1717 0.2714
11.1707 -14.7017 -12.7784 1.0000 0.0001 0.0044 0.6829 0.3895
-5.6974 26.6652 26.0643 -0.0193 -0.0044 0.9998 0.1081 0.1521
3.8270 -48.1769 26.2680 -0.0335 -0.0812 0.9961 0.0514 0.6008
0.1237 -41.6821 -26.2493 -0.0123 0.0018 -0.9999 0.2203 0.5591
11.6093 -4.1692 4.6316 0.9997 -0.0032 -0.0227 0.7866 0.3254
6.0388 50.3241 -20.2101 0.1742 0.9838 -0.0425 0.8922 0.6392
8.8451 -50.9481 19.3148 0.9814 -0.1914 0.0140 0.6979 0.8686
-9.7484 -16.8365 -25.6375 -0.0828 0.0184 -0.9964 0.1613 0.4100
10.9731 49.6171 24.4400 -0.1678 0.9734 -0.1558 0.8601 0.9066
10.9378 40.8485 -11.1296 0.9993 0.0360 -0.0100 0.6896 0.0564
3.6153 25.4673 26.1023 0.0102 -0.0051 0.9999 0.0522 0.1593
9.6716 -49.1520 -1.1957 0.9467 -0.3213 0.0216 0.7075 0.7455
9.6716 -49.1520 -1.1957 0.5421 -0.8403 0.0071 0.8392 0.7511
11.9658 5.3549 16.2665 0.9995 0.0024 -0.0326 0.8558 0.2676
-11.5831 18.6852 7.4796 -0.9993 -0.0043 0.0375 0.4055 0.1979
9.6476 36.2425 -25.6907 0.6439 -0.0022 -0.7651 0.2779 0.0920
-11.4303 6.5681 13.0462 -0.9992 0.0096 0.0392 0.3715 0.2703
-1.8984 1.7777 25.9718 -0.0105 -0.0100 0.9999 0.0854 0.3013
9.7882 -42.3805 26.1747 0.2290 0.0143 0.9733 0.0156 0.5661
10.0971 -49.0258 -2.4773 0.0199 -0.9997 -0.0137 0.8417 0.7434
-11.8065 48.0142 -23.9570 -0.9976 0.0595 -0.0364 0.5957 0.0239
-11.8065 48.0142 -23.9570 -0.7891 -0.0335 -0.6133 0.1495 0.0212
8.8362 38.0921 26.1848 0.0479 -0.0355 0.9982 0.0209 0.0837
0.4351 -51.3184 -1.1621 -0.0124 -0.9997 -0.0207 0.6346 0.7618
-9.5889 2.5981 25.8440 0.0173 -0.0088 0.9998 0.1315 0.2964
11.1250 16.4328 -11.6051 0.9999 -0.0098 -0.0081 0.6881 0.2028
9.7081 48.8734 1.2810 -0.1749 0.9822 0.0677 0.8690 0.7679
11.5779 -34.5342 11.3780 0.9994 -0.0166 -0.0298 0.8288 0.5070
4.3837 42.7983 -26.2790 -0.0299 -0.0441 -0.9986 0.2463 0.0527
4.8957 32.1553 26.1240 0.0222 -0.0167 0.9996 0.0445 0.1193
-1.5811 -9.0863 -25.7845 -0.0370 0.0152 -0.9992 0.2103 0.3636
-10.5997 -46.4809 25.4251 -0.1393 -0.0198 0.9901 0.1379 0.5906
10.5634 48.4023 26.1119 0.6350 -0.0249 0.7721 0.0104 0.0219
5.0542 -51.3500 2.8431 0.0306 -0.9991 -0.0298 0.6625 0.7855
-10.3122 51.2270 25.5369 -0.2475 0.3586 0.9001 0.1356 0.0049
-10.3122 51.2270 25.5369 -0.2854 0.9581 0.0229 0.9876 0.9143
-10.3122 51.2270 25.5369 -0.7606 0.4261 0.4898 0.2992 0.0018
5.4844 51.1095 25.9246 -0.0885 -0.2470 0.9650 0.0409 0.0057
11.7282 16.2903 8.6843 0.9995 -0.0034 -0.0310 0.8097 0.2025
9.5052 -28.0644 25.9481 0.0362 0.0160 0.9992 0.0173 0.4803
9.8539 -49.0360 -1.3830 0.2387 -0.9711 -0.0049 0.8403 0.7500
-2.5347 8.5117 26.0425 0.0029 -0.0091 1.0000 0.0892 0.2610
2.6451 -32.9594 -26.1644 0.0012 0.0037 -1.0000 0.2355 0.5068
11.2520 -28.9551 -10.8674 1.0000 0.0006 0.0087 0.6952 0.4749
10.4983 48.9477 3.0821 0.0568 0.9984 -0.0029 0.8641 0.7786
-11.7590 33.8417 5.8065 -0.9995 -0.0133 0.0285 0.4164 0.1072
7.6651 50.8089 4.8024 0.1693 0.9851 -0.0316 0.8810 0.7890
-11.7299 -32.2055 -3.3156 -0.9998 0.0148 -0.0154 0.4673 0.5036
3.7191 -51.2501 -2.6583 0.0299 -0.9994 -0.0181 0.6542 0.7526
-11.7077 -32.9455 -14.4585 -0.9998 0.0205 0.0048 0.5341 0.5087
2.6492 -1.0684 25.9995 -0.0053 -0.0101 0.9999 0.0582 0.3184
0.3594 -33.4628 26.0130 -0.0264 0.0108 0.9996 0.0721 0.5126
-0.0796 47.5397 26.4861 -0.0304 0.0207 0.9993 0.0742 0.0270
-11.9425 -42.0020 3.4600 -1.0000 0.0091 0.0033 0.4261 0.5620
11.2980 49.6110 24.5289 0.8986 0.4245 0.1108 0.9028 0.0018
11.2980 49.6110 24.5289 0.1886 0.9766 -0.1036 0.8581 0.9071
11.3714 -0.0259 25.1218 0.6449 -0.0042 0.7642 0.0059 0.3123
11.2772 -32.9572 -2.9391 0.9996 -0.0136 -0.0234 0.7429 0.4984
-10.1935 -1.4147 25.7439 -0.0598 -0.0192 0.9980 0.1352 0.3204
9.3436 -48.0368 14.9147 0.7645 -0.6389 0.0856 0.8381 0.8476
9.3436 -48.0368 14.9147 0.9820 -0.1834 0.0453 0.7151 0.8420
-11.7159 11.0837 -0.6872 -1.0000 -0.0021 -0.0028 0.4541 0.2440
11.2454 27.9202 -6.6927 0.9990 0.0086 -0.0432 0.7169 0.1337
9.8721 -49.0516 -6.7791 0.1299 -0.9915 0.0026 0.8401 0.7176
11.5974 0.0612 4.4784 0.9996 0.0069 -0.0282 0.7855 0.3000
-9.7615 1.2804 25.8389 0.0299 -0.0128 0.9995 0.1326 0.3043
-3.5316 -11.6235 -25.7658 -0.0415 0.0214 -0.9989 0.1986 0.3788
-11.6288 -11.0334 -24.4654 -0.9291 0.0097 -0.3697 0.5953 0.3779
-11.6288 -11.0334 -24.4654 -0.6970 -0.0174 -0.7169 0.1501 0.3752
9.2297 -48.0872 19.8440 0.9884 -0.1518 -0.0025 0.7151 0.8716
10.8491 45.2430 -3.0538 0.9979 0.0622 -0.0194 0.7378 0.0296
-11.6832 -18.7267 2.4618 -1.0000 0.0047 0.0048 0.4335 0.4225
1.5843 -1.2739 25.9897 -0.0089 -0.0129 0.9999 0.0646 0.3196
-9.3134 17.7056 -24.8792 0.0116 -0.0115 -0.9999 0.1642 0.2029
7.0827 50.6965 26.0544 -0.1094 0.1362 0.9846 0.0313 0.0081
11.3544 -12.5259 -4.8195 0.9996 -0.0027 -0.0297 0.7305 0.3760
-10.9597 -37.4229 25.3823 -0.7594 -0.0017 0.6506 0.1400 0.5363
-10.9597 -37.4229 25.3823 -0.9305 -0.0046 0.3662 0.2950 0.5333
1.0646 -9.6086 25.8708 -0.0150 -0.0121 0.9998 0.0677 0.3696
11.2230 -12.0792 -9.5219 0.9997 -0.0084 -0.0209 0.7023 0.3736
-11.5375 4.7965 10.4079 -0.9994 0.0065 0.0327 0.3872 0.2810
-11.2706 13.2706 15.5856 -0.9990 0.0077 0.0448 0.3567 0.2299
-11.7564 24.7197 -4.5163 -1.0000 -0.0048 -0.0039 0.4778 0.1625
6.3151 38.9936 -26.1368 0.0025 -0.0431 -0.9991 0.2579 0.0755
4.1571 -50.2795 25.0278 0.3605 -0.1158 0.9255 0.0495 0.6135
10.1854 48.9356 -8.4697 0.0637 0.9980 0.0050 0.8667 0.7094
-11.7423 16.4365 -1.8912 -1.0000 -0.0011 -0.0077 0.4616 0.2120
5.6645 -51.4062 5.2330 0.0375 -0.9988 -0.0304 0.6663 0.7998
3.0812 46.1705 26.5527 -0.0145 -0.0242 0.9996 0.0553 0.0352
-10.3748 34.1841 26.0144 -0.1292 0.0158 0.9915 0.1361 0.1070
11.5750 39.3354 10.8766 0.9990 0.0334 -0.0295 0.8216 0.0642
-7.6963 -27.4584 -25.7983 -0.0455 0.0136 -0.9989 0.1735 0.4737
-11.6007 16.2681 6.7797 -0.9994 -0.0008 0.0335 0.4096 0.2125
9.3071 -50.3294 -18.3827 0.9665 -0.2564 0.0053 0.6995 0.6425
-4.0007 -16.2834 -25.8371 -0.0432 0.0150 -0.9990 0.1958 0.4068
-11.7599 -29.5740 4.5092 -1.0000 0.0073 0.0050 0.4206 0.4874
-3.3162 51.3630 -2.0210 -0.0025 0.9998 -0.0188 0.9472 0.7487
-10.8651 -30.5176 25.5140 -0.7180 -0.0119 0.6959 0.1394 0.4949
-6.6684 -49.7454 -25.3313 0.1264 0.2990 -0.9459 0.1796 0.6073
8.6616 45.6750 26.4842 0.0600 -0.0357 0.9976 0.0218 0.0382
-3.6717 34.2391 -25.7102 -0.0622 -0.0280 -0.9977 0.1980 0.1039
11.1382 47.9951 11.3905 0.9941 0.1023 -0.0356 0.8242 0.0123
-11.9338 -5.6984 -23.0808 -0.9997 -0.0117 -0.0216 0.5873 0.3459
-8.4148 51.2327 -24.0672 -0.0690 0.9962 -0.0526 0.9791 0.6168
9.1225 48.6314 -13.4998 -0.2617 0.9651 -0.0032 0.8733 0.6793
-5.6408 -49.3573 25.3942 0.0006 -0.7721 0.6355 0.7489 0.9114
11.0708 14.8484 -21.9893 0.9998 0.0009 -0.0222 0.6260 0.2129
6.1831 -51.2378 0.8755 0.0511 -0.9982 -0.0323 0.6692 0.7736
11.7120 24.0173 7.5649 0.9997 0.0037 -0.0226 0.8026 0.1562
2.6817 -51.5324 25.4351 0.0088 0.3150 0.9490 0.0583 0.6210
-11.6117 3.4852 -8.4047 -0.9998 0.0010 0.0202 0.4999 0.2900
-2.5841 -34.4404 -26.1189 -0.0293 0.0105 -0.9995 0.2041 0.5156
-11.7473 -35.9344 -7.8176 -0.9996 0.0268 -0.0042 0.4941 0.5263
6.6474 -50.3125 25.2618 0.2364 -0.0394 0.9708 0.0346 0.6137
11.1580 16.6457 25.3008 0.6615 -0.0092 0.7499 0.0071 0.2123
10.1077 13.0610 -24.9963 0.5418 0.0003 -0.8405 0.2806 0.2309
-10.2551 29.6814 26.0623 -0.1910 0.0183 0.9814 0.1354 0.1340
-3.7748 -50.6131 -25.1032 -0.0871 -0.9600 -0.2661 0.6080 0.6184
-10.4471 25.7036 25.9586 -0.6182 -0.0040 0.7860 0.1365 0.1578
-10.4471 25.7036 25.9586 -0.9532 0.0184 0.3019 0.2952 0.1548
9.9230 -49.0266 1.4053 0.1054 -0.9931 -0.0515 0.8408 0.7667
11.2611 -47.2768 15.1733 0.9976 -0.0649 -0.0239 0.8523 0.5832
-4.9569 -40.4869 25.8789 -0.0538 0.0047 0.9985 0.1040 0.5547
6.8485 49.9856 -26.0868 -0.0071 0.9979 -0.0641 0.8877 0.6039
5.0825 14.2162 -25.5768 -0.0041 0.0081 -1.0000 0.2504 0.2240
11.0239 -20.5963 -24.1362 0.9973 0.0212 -0.0701 0.6152 0.4255
-11.2570 24.0341 15.6234 -0.9989 -0.0048 0.0461 0.3571 0.1654
-11.8973 -42.9565 8.3268 -0.9998 0.0076 0.0175 0.3969 0.5674
1.9286 41.7685 -26.1539 -0.0377 -0.0389 -0.9985 0.2316 0.0588
8.0090 32.2527 26.0317 0.0363 -0.0247 0.9990 0.0259 0.1187
11.8674 -9.7362 14.6182 0.9993 -0.0007 -0.0364 0.8468 0.3582
11.8409 19.5389 12.0397 0.9996 0.0034 -0.0275 0.8297 0.1828
7.8793 -9.8537 -25.8908 0.0496 0.0139 -0.9987 0.2670 0.3683
-0.3621 51.3046 -2.1689 0.0313 0.9990 -0.0310 0.9295 0.7476
-11.3173 -49.5551 -11.3932 -0.9619 -0.2728 -0.0198 0.5148 0.6081
-11.4847 7.2388 11.4086 -0.9993 0.0079 0.0365 0.3813 0.2663
12.0527 11.0858 19.6895 0.9998 -0.0014 -0.0221 0.8760 0.2331
-11.6960 37.1823 8.7535 -0.9992 -0.0126 0.0390 0.3990 0.0870
-9.5399 -37.4563 -25.9088 -0.0682 0.0094 -0.9976 0.1624 0.5337
-10.6913 19.1539 25.0002 -0.9940 0.0016 0.1094 0.3006 0.1941
-2.0038 51.5487 4.4732 -0.0041 0.9997 -0.0257 0.9390 0.7875
8.0884 18.2698 25.9644 0.0232 -0.0054 0.9997 0.0255 0.2025
11.6897 7.1223 6.7420 0.9997 -0.0022 -0.0229 0.7986 0.2576
-11.8994 40.5788 4.0878 -0.9995 -0.0057 0.0299 0.4271 0.0669
-11.8273 -39.3882 -18.5923 -0.9998 0.0043 -0.0205 0.5585 0.5476
11.8485 13.1522 12.5933 0.9996 0.0004 -0.0272 0.8333 0.2211
11.1016 -48.6872 -23.9489 0.9906 -0.1135 -0.0768 0.6179 0.5939
10.1733 -49.0341 -4.6428 -0.1009 -0.9948 0.0152 0.8420 0.7304
-11.8866 -36.1688 2.8695 -0.9995 0.0279 0.0135 0.4300 0.5270
2.7017 -48.9024 25.9506 0.0011 -0.7872 0.6166 0.7990 0.9142
10.7183 27.4143 -24.4517 0.8137 0.0034 -0.5812 0.2843 0.1448
10.7183 27.4143 -24.4517 0.9642 0.0108 -0.2649 0.6105 0.1377
-11.8221 -45.2781 11.2163 -0.9997 -0.0116 0.0230 0.3795 0.5812
-11.9111 -10.1507 -21.3360 -0.9999 -0.0094 -0.0043 0.5766 0.3725
10.4949 16.2937 -24.7423 0.5388 0.0004 -0.8424 0.2829 0.2115
5.9960 50.4186 -17.4305 0.1537 0.9878 -0.0266 0.8923 0.6558
9.7948 -48.0096 20.2397 -0.8348 -0.5504 -0.0135 0.8412 0.8795
11.1821 -19.2655 -13.4589 1.0000 0.0021 -0.0026 0.6791 0.4169
6.6384 13.3521 25.9811 0.0192 -0.0003 0.9998 0.0342 0.2320
11.2615 -26.6052 -7.3731 0.9998 0.0002 -0.0209 0.7160 0.4606
-2.9431 48.0669 26.3744 -0.0349 0.0534 0.9980 0.0914 0.0238
6.7163 -36.0747 -26.1441 0.0261 0.0117 -0.9996 0.2599 0.5255
-8.4698 20.4633 -24.9078 -0.0239 -0.0185 -0.9995 0.1692 0.1864
-10.2947 20.6338 26.0112 -0.1205 -0.0104 0.9927 0.1357 0.1882
-8.6345 -8.6078 -25.4788 0.0028 0.0252 -0.9997 0.1680 0.3607
2.0792 50.0076 -25.4497 0.0132 0.9767 -0.2143 0.9162 0.6080
1.4157 -8.4899 25.8893 -0.0115 -0.0125 0.9999 0.0656 0.3629
-11.7051 -20.9940 0.6366 -0.9999 0.0065 -0.0098 0.4443 0.4362
10.4839 -49.2529 25.7141 0.5449 -0.2825 0.7895 0.0115 0.6073
-11.6536 1.9445 6.8966 -0.9996 0.0017 0.0289 0.4081 0.2983
-11.7079 -26.1504 -21.4858 -0.9999 -0.0130 -0.0038 0.5766 0.4684
-9.8483 -51.1064 24.5546 -0.2656 -0.9562 0.1233 0.5744 0.9165
-11.6584 -27.6510 9.9647 -0.9995 0.0118 0.0285 0.3880 0.4756
0.3776 40.4934 26.3488 -0.0097 -0.0235 0.9997 0.0715 0.0692
10.8931 2.2139 25.5340 0.6123 0.0007 0.7907 0.0088 0.2988
-11.7630 23.5394 -1.5083 -0.9999 -0.0052 -0.0089 0.4597 0.1694
11.6960 -21.6084 11.4124 0.9994 -0.0056 -0.0327 0.8283 0.4295
-10.0782 42.6303 26.1068 -0.1280 -0.0052 0.9918 0.1342 0.0564
10.5813 47.0410 -18.6947 0.9984 0.0491 -0.0294 0.6439 0.0197
11.0398 28.5600 -18.6297 0.9994 0.0114 -0.0321 0.6453 0.1305
9.0789 -50.9023 -16.4169 0.9197 -0.3927 0.0031 0.6961 0.6544
9.0789 -50.9023 -16.4169 0.4532 -0.8914 -0.0057 0.6855 0.6698
-6.2222 -49.2309 -25.1550 0.0680 -0.2539 -0.9649 0.1823 0.6042
6.3020 -51.7671 23.0779 0.0187 -0.9998 -0.0018 0.6712 0.9068
10.0434 -45.8884 -25.5401 0.9885 0.1228 -0.0880 0.5201 0.6568
10.0434 -45.8884 -25.5401 0.6336 0.0724 -0.7703 0.2798 0.5843
11.1172 13.0154 -13.6852 1.0000 -0.0025 0.0091 0.6759 0.2234
4.2113 40.8947 -26.1892 -0.0249 -0.0457 -0.9986 0.2453 0.0641
9.9700 -44.9570 -25.5468 0.8768 0.0656 -0.4763 0.5200 0.6512
9.9700 -44.9570 -25.5468 0.6081 0.0346 -0.7931 0.2794 0.5787
11.3937 49.4872 24.2269 0.9780 0.2071 0.0239 0.9010 0.0026
11.3937 49.4872 24.2269 0.4659 0.8607 -0.2051 0.8576 0.9053
9.4753 3.0747 25.9063 0.0212 -0.0021 0.9998 0.0172 0.2936
11.0832 -3.5640 -23.8672 0.9930 -0.0035 -0.1178 0.6158 0.3234
9.7851 48.9435 22.7554 -0.0212 0.9957 -0.0897 0.8673 0.8966
-10.6489 -34.8639 25.5731 -0.1637 -0.0124 0.9864 0.1381 0.5210
-11.6035 -20.0916 -3.9007 -0.9995 -0.0023 -0.0301 0.4715 0.4311
-11.7260 47.1947 5.3231 -0.9974 0.0711 0.0147 0.4201 0.0272
-9.7385 16.5700 -24.8817 0.0354 -0.0041 -0.9994 0.1616 0.2097
-11.6062 0.4219 -3.7780 -0.9999 0.0047 -0.0104 0.4720 0.3081
9.3865 17.7898 25.9345 0.0238 -0.0023 0.9997 0.0177 0.2054
-5.2235 -21.8332 -25.8674 -0.0570 0.0116 -0.9983 0.1884 0.4400
6.0974 -49.1810 25.0306 0.0215 -0.9828 0.1833 0.8193 0.9085
-8.0064 50.8998 -24.6120 -0.0014 0.1171 -0.9931 0.1722 0.0039
4.9016 -17.6901 25.8689 -0.0136 0.0089 0.9999 0.0448 0.4181
-11.6287 -21.6547 8.9762 -0.9997 0.0069 0.0220 0.3943 0.4397
-11.7768 -42.5998 12.8688 -0.9993 0.0106 0.0347 0.3697 0.5650
11.1591 -10.1790 -20.6852 0.9997 0.0019 -0.0263 0.6352 0.3629
-11.6791 -13.6131 -13.8453 -0.9994 -0.0051 0.0339 0.5315 0.3928
-2.5516 -21.2019 25.7639 -0.0239 0.0107 0.9997 0.0895 0.4391
11.1297 10.7601 -10.5927 0.9999 0.0052 -0.0159 0.6945 0.2368
-11.3237 -49.9064 -4.5010 -0.4903 -0.8715 -0.0137 0.5639 0.7423
-11.3237 -49.9064 -4.5010 -0.9584 -0.2834 -0.0326 0.4734 0.6098
9.4655 48.3520 -25.8343 0.9939 -0.0105 -0.1097 0.5300 0.6207
-11.9746 40.3831 -23.5052 -0.9817 0.0135 -0.1900 0.5925 0.0696
-4.3430 49.5123 -25.5096 -0.0627 0.6164 -0.7849 0.9548 0.6080
-4.3430 49.5123 -25.5096 -0.1189 0.1525 -0.9811 0.1941 0.0123
-11.7061 -3.6504 4.4560 -0.9999 -0.0020 0.0143 0.4224 0.3320
5.3708 16.7903 26.0366 0.0315 -0.0060 0.9995 0.0418 0.2114
11.1899 3.3883 -10.8749 0.9998 0.0069 -0.0159 0.6933 0.2810
11.2318 -34.7926 -23.0067 0.9997 0.0020 -0.0248 0.6227 0.5105
-3.0352 9.8180 -25.3411 -0.0638 0.0159 -0.9978 0.2017 0.2503
3.0326 14.9561 26.0671 0.0087 -0.0101 0.9999 0.0558 0.2224
10.4559 48.8449 -7.2548 0.4086 0.9126 -0.0134 0.8650 0.7167
10.4559 48.8449 -7.2548 0.9786 0.2053 -0.0137 0.7124 0.0082
-11.5615 -20.6561 11.6667 -0.9997 0.0061 0.0235 0.3782 0.4335
9.6890 2.8059 -25.3560 0.4147 0.0079 -0.9099 0.2780 0.2924
-10.1759 -27.2684 -25.7085 -0.3415 0.0118 -0.9398 0.1587 0.4726
10.0426 -16.5857 25.7938 0.0360 -0.0003 0.9994 0.0140 0.4115
10.8081 31.4656 -23.0823 0.9982 0.0167 -0.0575 0.6185 0.1133
-11.9350 21.5566 -14.5363 -0.9984 -0.0141 0.0546 0.5377 0.1820
-11.6409 31.0988 8.7960 -0.9992 -0.0104 0.0378 0.3984 0.1235
-11.7574 -35.3415 -6.4984 -0.9994 0.0250 -0.0222 0.4862 0.5226
11.6324 -2.9797 5.5208 0.9997 -0.0019 -0.0229 0.7919 0.3182
-10.8421 50.9304 19.2587 -0.4589 0.8885 0.0021 0.9911 0.8767
10.1240 49.0824 17.5979 -0.3052 0.9520 -0.0221 0.8655 0.8656
-5.4733 -5.0437 25.8127 -0.0326 -0.0187 0.9993 0.1069 0.3422
-2.7271 -31.8149 25.9013 -0.0327 0.0099 0.9994 0.0906 0.5027
11.1433 14.6702 -16.9578 1.0000 0.0013 -0.0023 0.6562 0.2137
10.1251 16.0533 -24.9855 0.5692 0.0059 -0.8222 0.2807 0.2130
-11.7718 44.9810 7.5581 -0.9993 0.0212 0.0307 0.4066 0.0403
11.5484 -11.1109 2.8309 0.9998 -0.0029 -0.0215 0.7762 0.3671
-4.1431 26.2054 26.0920 -0.0117 -0.0042 0.9999 0.0987 0.1549
6.7103 -49.3045 24.7738 -0.2006 -0.9250 0.3226 0.8229 0.9070
6.7103 -49.3045 24.7738 -0.6268 -0.0423 0.7780 0.0342 0.6077
9.2292 48.7966 6.4257 0.1816 0.9815 -0.0614 0.8716 0.7987
-11.8716 35.2964 2.2677 -0.9998 -0.0168 0.0133 0.4377 0.0987
11.7898 -11.4109 12.3194 0.9996 -0.0006 -0.0291 0.8331 0.3684
10.8155 44.3996 -10.6176 0.9990 0.0448 -0.0065 0.6925 0.0351
11.0638 -46.9442 1.7968 0.9984 -0.0544 -0.0162 0.7721 0.5820
-8.8946 -40.6392 -25.9479 -0.0159 0.0097 -0.9998 0.1663 0.5527
-6.8968 51.0129 -24.6182 -0.0339 0.1758 -0.9838 0.1789 0.0032
11.7732 8.2574 10.0921 0.9996 -0.0059 -0.0260 0.8186 0.2506
11.4798 6.6322 24.9743 0.6722 0.0053 0.7403 0.0053 0.2724
-11.7449 -45.2651 -11.6092 -0.9980 -0.0632 -0.0052 0.5163 0.5824
9.6519 48.8516 -1.6244 -0.1970 0.9804 -0.0040 0.8695 0.7505
11.1031 -6.2183 -22.8163 0.9995 -0.0048 -0.0308 0.6222 0.3392
11.2468 26.3662 -6.9520 0.9991 0.0066 -0.0411 0.7155 0.1430
-11.8387 -34.3790 -0.4753 -0.9995 0.0259 -0.0165 0.4502 0.5165
-12.0247 19.5703 -16.7217 -0.9989 -0.0105 0.0453 0.5506 0.1940
2.2886 -7.7515 25.9068 -0.0091 -0.0130 0.9999 0.0604 0.3585
9.7799 -49.0064 3.3884 0.3807 -0.9173 0.1172 0.8401 0.7786
-8.9327 -32.2553 -25.8355 -0.0183 0.0083 -0.9998 0.1661 0.5025
11.0997 -42.2751 -12.4928 0.9998 -0.0152 0.0156 0.6862 0.5548
3.9233 -45.3027 -26.2647 -0.0144 -0.0156 -0.9998 0.2431 0.5808
11.5105 13.7781 0.1248 0.9994 -0.0077 -0.0332 0.7586 0.2181
11.4656 8.8434 -1.2837 0.9995 -0.0113 -0.0298 0.7504 0.2477
3.2736 -49.0445 25.6250 0.0215 -0.9565 0.2911 0.8024 0.9123
-2.9167 -28.8527 25.8607 -0.0288 0.0133 0.9995 0.0917 0.4850
-10.9493 -41.0553 25.3487 -0.8127 -0.0122 0.5826 0.1400 0.5581
-10.9493 -41.0553 25.3487 -0.9575 0.0045 0.2883 0.2950 0.5551
-11.7023 -23.2884 4.1075 -1.0000 0.0033 0.0030 0.4233 0.4498
11.9624 9.7352 16.4881 0.9996 0.0011 -0.0289 0.8569 0.2414
-11.6913 -15.1028 4.2465 -1.0000 -0.0009 0.0076 0.4230 0.4007
-4.6517 -49.6992 -25.0185 -0.0746 0.1572 -0.9848 0.1917 0.6070
-9.7726 -8.3975 -25.5156 -0.0997 0.0148 -0.9949 0.1612 0.3594
-11.4746 25.0589 11.0072 -0.9990 -0.0087 0.0448 0.3848 0.1595
11.0420 38.2254 -9.7487 0.9995 0.0286 -0.0163 0.6980 0.0721
-10.6998 -38.3008 25.5298 -0.1513 -0.0034 0.9885 0.1385 0.5416
11.4529 12.7455 -1.6929 0.9994 0.0030 -0.0348 0.7477 0.2243
9.4688 48.7382 13.2309 -0.2653 0.9617 0.0692 0.8697 0.8395
0.3808 -51.2435 -7.4087 -0.0117 -0.9999 -0.0070 0.6339 0.7243
0.8060 4.5938 26.0304 -0.0085 -0.0070 0.9999 0.0692 0.2845
-11.6881 -36.4513 12.5450 -0.9990 0.0192 0.0396 0.3720 0.5282
0.5112 14.5621 26.0650 -0.0042 0.0021 1.0000 0.0709 0.2247
-4.5783 51.1509 -24.6443 0.2122 0.8060 -0.5525 0.9561 0.6131
-5.2503 -51.0852 4.4616 -0.1187 -0.9927 -0.0221 0.6008 0.7958
-11.7663 -21.7709 -20.8983 -0.9999 -0.0148 -0.0021 0.5733 0.4421
10.0639 -11.6056 25.8322 0.1507 -0.0028 0.9886 0.0138 0.3816
-11.7732 -30.6503 4.9991 -0.9998 0.0187 0.0070 0.4176 0.4938
9.9234 -49.5180 25.9462 0.5023 -0.3830 0.7753 0.0149 0.6089
9.9234 -49.5180 25.9462 0.0691 -0.9868 0.1462 0.8422 0.9138
-4.1549 50.3655 -24.8819 -0.0145 0.6021 -0.7983 0.9536 0.6117
-4.1549 50.3655 -24.8819 0.0039 0.3022 -0.9532 0.1953 0.0072
-0.5662 50.5623 25.6789 -0.0173 0.2697 0.9628 0.0772 0.0089
-11.7283 17.0738 -7.8874 -1.0000 -0.0057 0.0082 0.4976 0.2085
10.5997 -48.7698 -25.1658 0.6797 -0.2799 -0.6780 0.2831 0.6016
11.3023 14.4923 -5.3708 0.9991 -0.0022 -0.0428 0.7256 0.2141
-11.3089 48.3679 17.7756 -0.9988 0.0110 0.0476 0.3455 0.0194
-5.1045 8.9941 -25.1933 -0.0717 0.0171 -0.9973 0.1893 0.2552
-11.4140 50.3278 -6.2175 -0.9798 0.1997 0.0077 0.4895 0.0090
10.5054 44.2527 -22.6074 0.9979 0.0318 -0.0566 0.6206 0.0367
4.9257 51.5207 21.2525 0.0728 0.9973 -0.0135 0.8965 0.8877
-5.4828 -11.9312 -25.6752 -0.0525 0.0211 -0.9984 0.1869 0.3807
6.7886 -37.6212 26.1518 -0.0019 0.0182 0.9998 0.0336 0.5376
-10.3354 -8.5754 25.6540 -0.0458 -0.0263 0.9986 0.1361 0.3634
2.3210 -34.7045 -26.1770 0.0042 0.0095 -0.9999 0.2335 0.5172
10.9825 19.3497 -23.9135 0.9976 0.0048 -0.0696 0.6142 0.1860
-10.7210 -49.9479 -21.4069 -0.4017 -0.9148 -0.0433 0.5666 0.6410
-11.5458 -49.9479 18.3320 -0.9803 -0.1965 0.0211 0.3366 0.6088
-11.7295 -34.1078 -19.5248 -0.9997 0.0154 -0.0175 0.5644 0.5160
0.7922 -8.4046 -25.8882 -0.0304 0.0187 -0.9994 0.2245 0.3596
7.1761 -6.0321 -25.8542 0.0373 0.0165 -0.9992 0.2628 0.3454
4.2023 -3.5150 25.9902 -0.0103 -0.0112 0.9999 0.0489 0.3331
11.3358 48.5927 18.7255 0.9751 0.2142 -0.0578 0.8681 0.0083
12.0076 -17.2971 24.2078 0.9598 -0.0031 0.2808 0.9047 0.4030
7.4741 50.2902 26.1776 -0.0978 0.2007 0.9748 0.0290 0.0106
10.0238 15.7070 25.9202 0.0356 0.0019 0.9994 0.0139 0.2179
-11.6799 -15.7370 2.1489 -1.0000 -0.0046 -0.0049 0.4355 0.4046
6.2680 -16.8577 -26.0501 0.0221 0.0137 -0.9997 0.2573 0.4103
3.4241 11.3228 26.0323 0.0149 0.0000 0.9999 0.0535 0.2441
5.1362 49.6548 -26.4523 -0.0725 0.5849 -0.8079 0.8980 0.6018
5.1362 49.6548 -26.4523 -0.0446 0.1650 -0.9853 0.2509 0.0116
2.6118 4.4089 26.0345 0.0078 -0.0028 1.0000 0.0584 0.2856
10.5413 3.1967 25.7797 0.6117 0.0075 0.7911 0.0109 0.2929
11.1881 -9.0846 25.2111 0.6264 -0.0073 0.7795 0.0071 0.3666
-11.4241 30.5975 13.4252 -0.9987 -0.0111 0.0495 0.3706 0.1262
11.7680 41.1494 22.7281 0.9994 0.0316 -0.0149 0.8925 0.0527
-3.9029 -51.0720 -5.8306 -0.0862 -0.9962 -0.0101 0.6083 0.7340
-11.5670 -9.1354 -3.9140 -0.9999 0.0075 -0.0089 0.4722 0.3654
3.8760 51.4526 25.9048 -0.0245 -0.0708 0.9972 0.0505 0.0036
-10.7093 31.7461 24.4913 -0.9952 -0.0042 0.0975 0.3044 0.1187
10.3381 48.8380 -15.9302 0.5427 0.8398 -0.0113 0.8662 0.6647
9.5234 -49.3938 -7.8323 0.9576 -0.2875 -0.0166 0.7057 0.7057
11.2003 -49.3608 25.1670 0.5117 -0.7196 0.4693 0.8499 0.9091
11.2003 -49.3608 25.1670 0.6015 -0.1097 0.7913 0.0073 0.6080
11.2003 -49.3608 25.1670 0.8860 -0.0690 0.4585 0.9123 0.5951
11.3719 10.6702 -3.8622 0.9991 0.0005 -0.0419 0.7349 0.2369
-7.8777 -44.3275 -25.8882 -0.0161 -0.0608 -0.9980 0.1723 0.5749
5.8492 -51.3528 3.7887 0.0418 -0.9986 -0.0324 0.6673 0.7911
0.0370 48.8065 26.4048 -0.0255 0.2258 0.9738 0.0735 0.0194
-11.4355 27.9270 -24.4106 -0.4856 -0.0054 -0.8742 0.1515 0.1416
-11.6652 1.8111 -0.9426 -0.9997 -0.0064 -0.0255 0.4551 0.2996
5.4438 -14.6973 25.8775 0.0073 -0.0099 0.9999 0.0415 0.4002
-11.6811 -13.1702 1.6568 -0.9999 0.0007 -0.0150 0.4386 0.3892
-11.2867 -49.9554 -2.7571 -0.4793 -0.8775 -0.0145 0.5642 0.7528
6.0645 3.1033 26.0063 0.0232 -0.0007 0.9997 0.0377 0.2934
12.1152 2.1990 23.7499 0.9972 0.0063 0.0739 0.9008 0.2861
11.5369 -42.6997 17.4750 0.9989 -0.0373 -0.0299 0.8658 0.5556
-11.0566 -33.9897 24.7536 -0.9932 0.0021 0.1162 0.2990 0.5127
-11.1316 -0.8609 21.7039 -0.9987 0.0132 0.0499 0.3192 0.3143
10.5228 -49.0887 -12.4482 0.1629 -0.9866 0.0074 0.8436 0.6836
-10.5204 45.1853 25.8983 -0.9443 -0.0073 0.3291 0.2967 0.0380
-1.9362 7.7708 26.0343 -0.0007 -0.0080 1.0000 0.0856 0.2654
-11.5695 -3.3767 11.8200 -0.9997 0.0042 0.0259 0.3783 0.3300
11.6236 14.7178 3.8361 0.9997 -0.0052 -0.0244 0.7808 0.2122
-0.3131 51.6540 11.0897 0.0150 0.9998 -0.0164 0.9285 0.8271
-7.8169 -7.8458 -25.4713 -0.0307 0.0271 -0.9992 0.1730 0.3561
11.1133 30.7421 -14.6340 0.9998 0.0115 -0.0182 0.6692 0.1172
10.7042 -33.6142 -25.0697 0.5792 -0.0067 -0.8152 0.2839 0.5107
-5.1763 -25.0156 25.7401 -0.0323 0.0123 0.9994 0.1053 0.4619
-11.6385 -21.1685 -2.6524 -0.9996 0.0050 -0.0262 0.4640 0.4374
-8.5597 -6.1082 25.6950 -0.0104 -0.0103 0.9999 0.1254 0.3486
11.1964 -14.6672 -10.0289 0.9998 0.0014 -0.0215 0.6994 0.3892
-9.6565 29.8580 -25.0958 -0.0281 -0.0160 -0.9995 0.1622 0.1301
11.8445 -25.1463 24.7619 0.6273 0.0152 0.7786 0.0033 0.4629
11.8445 -25.1463 24.7619 0.9801 -0.0368 0.1952 0.9085 0.4500
3.7471 -25.5065 -26.1370 0.0037 0.0019 -1.0000 0.2421 0.4621
9.2728 49.4078 26.4759 -0.0286 0.0811 0.9963 0.0182 0.0158
-11.7461 18.9205 1.3419 -0.9999 -0.0013 0.0136 0.4423 0.1969
3.4597 13.2061 26.0425 0.0180 -0.0079 0.9998 0.0532 0.2329
0.7932 49.7293 -25.9141 -0.0689 0.7728 -0.6309 0.9240 0.6053
-11.7266 19.5502 -5.6034 -1.0000 -0.0031 -0.0076 0.4840 0.1935
-11.8051 -38.6979 10.1539 -0.9995 0.0136 0.0301 0.3862 0.5418
10.9615 43.7992 -1.8146 0.9981 0.0571 -0.0241 0.7453 0.0382
-9.7210 19.3936 -24.9325 0.0536 -0.0667 -0.9963 0.1617 0.1928
2.0487 5.9916 26.0439 0.0063 -0.0048 1.0000 0.0617 0.2761
12.0208 12.5977 18.4040 0.9996 -0.0002 -0.0288 0.8682 0.2241
0.3862 -46.3839 26.1665 -0.0474 -0.0102 0.9988 0.0720 0.5901
10.0897 -48.6185 22.5650 -0.8196 -0.5701 -0.0569 0.8431 0.8935
-10.0946 10.8098 26.0134 0.0591 -0.0015 0.9983 0.1345 0.2471
-10.5709 41.1933 25.7982 -0.7836 -0.0143 0.6211 0.1372 0.0650
-10.5709 41.1933 25.7982 -0.9795 -0.0030 0.2013 0.2971 0.0620
9.0416 48.6448 -8.4261 -0.0200 0.9983 0.0545 0.8735 0.7097
11.4715 -36.1128 8.5797 0.9995 -0.0168 -0.0265 0.8121 0.5166
-11.6505 -45.1295 -24.6098 -0.9996 -0.0087 -0.0268 0.5942 0.5823
3.0511 -50.6542 25.1853 -0.1131 0.3678 0.9230 0.0561 0.6157
-3.7898 12.2015 -25.2582 -0.0774 0.0112 -0.9969 0.1972 0.2360
-11.7356 21.3373 -5.4555 -1.0000 -0.0050 -0.0068 0.4832 0.1828
9.3912 -48.1631 12.5777 -0.6433 -0.7633 -0.0594 0.8383 0.8336
9.3912 -48.1631 12.5777 0.9494 -0.2736 -0.1543 0.7142 0.8280
-11.7002 -11.1877 3.7433 -1.0000 -0.0015 0.0052 0.4262 0.3772
11.1039 -48.7003 -19.9822 0.9954 -0.0940 0.0209 0.6417 0.5937
-11.5682 -12.4523 -9.2335 -0.9998 -0.0001 0.0208 0.5039 0.3856
4.9638 37.9907 -26.0761 -0.0205 -0.0362 -0.9991 0.2498 0.0815
3.7615 50.7900 -12.9678 0.1175 0.9930 -0.0149 0.9054 0.6827
-0.4133 -15.1391 -25.9555 -0.0500 0.0152 -0.9986 0.2173 0.3999
-11.6561 -23.6914 -2.5682 -0.9997 0.0053 -0.0228 0.4633 0.4526
-11.1685 30.2645 -24.5920 -0.4911 -0.0074 -0.8711 0.1531 0.1276
9.8389 -26.8498 -25.8565 0.4468 0.0017 -0.8946 0.2787 0.4702
-11.8730 -9.8102 -23.8082 -0.9861 -0.0141 -0.1656 0.5914 0.3706
2.8977 -11.2061 25.8895 -0.0149 -0.0070 0.9999 0.0568 0.3792
11.1602 23.6263 -10.2836 0.9997 0.0072 -0.0253 0.6956 0.1596
3.9726 -51.7595 25.2143 -0.0009 -0.9999 0.0142 0.6573 0.9197
11.8355 -9.5412 24.6733 0.7057 -0.0100 0.7084 0.0032 0.3694
5.2520 31.1639 -25.8947 -0.0148 -0.0287 -0.9995 0.2515 0.1224
10.7899 -49.1439 8.0830 0.2512 -0.9677 0.0219 0.8464 0.8067
-10.5049 48.1708 25.9829 -0.3106 0.0021 0.9505 0.1368 0.0232
11.5326 -17.8763 3.9114 0.9997 -0.0067 -0.0234 0.7831 0.4076
11.1939 -11.0606 -19.1066 0.9999 0.0002 -0.0148 0.6447 0.3681
-7.1157 -51.4044 24.5526 -0.0771 -0.9968 0.0208 0.5908 0.9163
11.1213 44.7566 25.3897 0.7934 0.0007 0.6087 0.0072 0.0438
11.8631 21.1506 13.0444 0.9995 0.0047 -0.0309 0.8356 0.1731
-11.2186 17.7166 -24.5761 -0.4170 0.0043 -0.9089 0.1528 0.2028
-9.2233 44.5735 26.1470 -0.0447 -0.0000 0.9990 0.1291 0.0447
-11.7206 15.9016 -3.5078 -0.9999 -0.0107 -0.0099 0.4712 0.2153
11.7585 32.2926 11.3175 0.9995 0.0142 -0.0276 0.8246 0.1064
-11.7453 15.5811 -0.1551 -1.0000 -0.0002 0.0035 0.4511 0.2170
11.2570 -29.5071 -6.2018 0.9998 -0.0184 -0.0072 0.7232 0.4779
-11.8768 -10.8357 -22.9692 -0.9998 -0.0093 -0.0202 0.5864 0.3767
10.7807 24.3120 -24.5369 0.5873 0.0003 -0.8093 0.2847 0.1634
10.7807 24.3120 -24.5369 0.9529 0.0227 -0.3026 0.6102 0.1563
-2.9603 -6.5878 25.8467 -0.0215 -0.0162 0.9996 0.0919 0.3515
-10.6438 15.1056 -24.7515 -0.2410 -0.0076 -0.9705 0.1562 0.2185
9.8704 -49.0803 6.7747 -0.1216 -0.9905 0.0646 0.8408 0.7989
9.1440 30.5068 -25.7934 0.0428 -0.0349 -0.9985 0.2748 0.1263
-10.0578 24.0908 26.0591 -0.0275 -0.0177 0.9995 0.1342 0.1675
-11.7230 27.8789 5.1898 -0.9997 -0.0108 0.0234 0.4198 0.1430
11.1364 25.9719 -14.6042 1.0000 -0.0016 0.0075 0.6696 0.1458
-8.3674 12.3079 25.9637 0.0176 -0.0070 0.9998 0.1242 0.2382
-11.7058 7.0258 -24.3623 -0.6369 0.0151 -0.7708 0.1498 0.2669
1.8625 51.1909 -2.7411 0.0660 0.9974 -0.0284 0.9162 0.7441
9.9240 -40.5594 -25.5944 0.9040 -0.0011 -0.4276 0.5195 0.6248
9.9240 -40.5594 -25.5944 0.8449 -0.0049 -0.5349 0.2791 0.5524
10.5757 49.5530 25.9656 0.5488 0.4722 0.6898 0.0104 0.0150
10.5757 49.5530 25.9656 0.2259 0.9474 0.2268 0.8624 0.9157
8.6797 50.8572 13.8001 0.5091 0.8601 -0.0327 0.8744 0.8429
-11.7193 12.8268 -1.3217 -1.0000 -0.0061 -0.0056 0.4580 0.2336
11.1248 3.8749 -21.0475 0.9999 0.0052 -0.0153 0.6323 0.2786
10.6533 31.3542 -24.6025 0.6689 0.0059 -0.7433 0.2840 0.1212
10.6533 31.3542 -24.6025 0.9676 0.0264 -0.2510 0.6094 0.1141
9.1673 48.6689 3.2826 0.2365 0.9716 0.0073 0.8721 0.7799
-11.8969 46.4145 -12.4353 -0.9978 0.0668 0.0029 0.5265 0.0329
-10.5308 -35.6955 25.5766 -0.0897 -0.0114 0.9959 0.1374 0.5259
11.3563 9.0265 -4.2827 0.9992 0.0036 -0.0394 0.7324 0.2468
-11.7166 -24.9539 4.2567 -0.9999 0.0150 -0.0001 0.4224 0.4597
-11.8859 35.3137 -0.9445 -0.9999 -0.0154 0.0009 0.4570 0.0987
11.6737 22.7047 5.5837 0.9997 0.0030 -0.0227 0.7908 0.1642
11.8161 16.0925 11.1837 0.9995 -0.0040 -0.0302 0.8247 0.2035
10.4228 48.5331 -19.0771 0.9447 0.3278 -0.0133 0.6415 0.0108
-3.0914 15.9948 -25.2753 -0.0641 0.0056 -0.9979 0.2014 0.2132
1.2017 28.6043 26.1281 0.0008 -0.0056 1.0000 0.0667 0.1405
8.4600 -46.2180 -26.2621 0.0256 0.0183 -0.9995 0.2703 0.5863
11.6623 -5.1593 6.9709 0.9997 -0.0040 -0.0243 0.8007 0.3312
11.9858 -13.6261 17.9797 0.9995 -0.0034 -0.0327 0.8672 0.3813
-8.3914 34.1693 -25.2845 -0.0980 -0.0254 -0.9949 0.1698 0.1042
-11.6780 -24.0331 -1.3702 -0.9999 0.0038 -0.0167 0.4561 0.4545
-2.6793 0.4906 25.9523 -0.0120 -0.0095 0.9999 0.0901 0.3090
11.3177 12.1102 -5.1257 0.9991 0.0016 -0.0426 0.7272 0.2283
-10.2442 12.9230 26.0136 -0.0997 0.0040 0.9950 0.1354 0.2345
10.8816 43.3777 -7.6955 0.9988 0.0458 -0.0143 0.7100 0.0411
-11.6886 38.8165 9.5416 -0.9990 -0.0149 0.0426 0.3943 0.0771
-0.3290 -49.7094 24.1676 0.1808 0.1333 0.9744 0.0764 0.6101
-11.6974 -4.1289 1.1270 -0.9998 -0.0032 -0.0204 0.4423 0.3351
12.0342 14.5691 18.9537 0.9997 0.0015 -0.0235 0.8714 0.2122
11.2740 -21.7771 -7.1274 0.9997 -0.0031 -0.0246 0.7172 0.4316
9.2531 -49.9576 7.5384 0.9907 -0.1336 0.0277 0.7032 0.7979
10.6836 39.7153 -22.2358 0.9982 0.0330 -0.0492 0.6231 0.0638
10.1517 -6.8349 -25.2454 0.6121 0.0261 -0.7904 0.2807 0.3502
9.3006 -49.2038 9.3774 0.9822 -0.1860 0.0246 0.7078 0.8089
1.0029 -0.2678 -25.7256 -0.0371 0.0242 -0.9990 0.2259 0.3108
6.7633 -48.6987 26.2025 -0.0291 -0.7413 0.6705 0.8233 0.9155
6.7633 -48.6987 26.2025 -0.0000 -0.4747 0.8802 0.0338 0.6040
-1.3100 51.6045 7.0286 0.0120 0.9997 -0.0201 0.9347 0.8028
-0.8724 42.1610 -26.0385 -0.0501 -0.0260 -0.9984 0.2148 0.0564
-11.5036 47.8627 -24.3377 -0.7550 -0.0348 -0.6547 0.1512 0.0221
-11.0836 24.0930 19.0531 -0.9985 -0.0027 0.0554 0.3365 0.1649
-7.7853 0.1200 25.8155 -0.0266 -0.0163 0.9995 0.1207 0.3112
-8.3918 28.1303 -25.1244 -0.0654 -0.0220 -0.9976 0.1697 0.1404
-1.9845 14.2171 -25.3474 -0.0509 0.0118 -0.9986 0.2081 0.2239
-1.9982 -49.6732 24.2002 0.0093 -0.7689 0.6393 0.7707 0.9041
-1.9982 -49.6732 24.2002 0.0786 0.5717 0.8167 0.0864 0.6099
-11.7312 16.4003 -8.8049 -0.9999 -0.0098 0.0106 0.5030 0.2126
-11.2717 18.4910 15.0094 -0.9990 0.0004 0.0452 0.3604 0.1987
9.4736 46.7502 -26.3819 0.9050 -0.0037 -0.4254 0.5268 0.6303
9.4736 46.7502 -26.3819 0.3558 -0.0162 -0.9344 0.2769 0.0290
-10.4058 -6.6813 25.6888 0.0095 -0.0134 0.9999 0.1365 0.3520
10.1763 15.3062 -24.9569 0.5727 0.0045 -0.8198 0.2810 0.2174
11.3251 20.8639 -5.3879 0.9991 -0.0002 -0.0418 0.7251 0.1759
7.6698 -51.4353 10.1673 0.0812 -0.9964 -0.0245 0.6786 0.8293
11.0765 -8.2601 -23.2471 0.9991 -0.0053 -0.0413 0.6198 0.3515
2.4365 38.0215 -26.0182 -0.0233 -0.0344 -0.9991 0.2347 0.0813
9.9476 48.9202 -9.2466 -0.0994 0.9950 -0.0060 0.8681 0.7047
-3.0983 13.3808 -25.2960 -0.0674 0.0096 -0.9977 0.2014 0.2289
9.5095 46.9294 -26.0624 0.9959 -0.0016 0.0906 0.5287 0.6292
-11.6644 14.2075 4.8205 -0.9996 0.0009 0.0280 0.4212 0.2249
2.8471 48.2535 26.5642 -0.0256 0.0705 0.9972 0.0567 0.0227
-11.7039 -25.3825 -0.3231 -0.9998 0.0159 -0.0092 0.4498 0.4626
10.2317 48.8568 11.5091 -0.1549 0.9869 -0.0440 0.8653 0.8291
2.8930 -31.6214 26.0488 -0.0157 0.0121 0.9998 0.0569 0.5016
8.4845 -51.5171 25.1662 0.9006 -0.4306 0.0590 0.6948 0.9037
8.4845 -51.5171 25.1662 0.4484 -0.8294 0.3332 0.6844 0.9191
-10.2959 50.8177 -24.6265 -0.0518 0.1986 -0.9787 0.1585 0.0044
9.5400 -48.4300 12.9752 0.0906 -0.4519 -0.8874 0.4510 0.6160
9.5400 -48.4300 12.9752 -0.1566 -0.7786 -0.6076 0.8392 0.8360
11.8215 -33.5203 18.8159 0.9994 -0.0196 -0.0279 0.8733 0.5005
10.9756 -48.7245 -15.2860 0.9664 -0.2552 0.0304 0.6698 0.5936
-10.0183 18.8695 26.0116 -0.0363 0.0003 0.9993 0.1340 0.1988
10.0466 -49.1044 -12.6234 -0.0582 -0.9982 -0.0140 0.8408 0.6826
-11.1459 -50.2119 6.4428 -0.2455 -0.9691 -0.0239 0.5656 0.8079
-10.9903 5.6445 22.5830 -0.9970 0.0146 0.0757 0.3143 0.2753
-11.7965 -34.0436 5.1698 -0.9997 0.0197 0.0133 0.4164 0.5142
-10.7704 20.4825 24.0177 -0.9971 0.0032 0.0761 0.3066 0.1862
-10.3129 32.8229 -25.0185 -0.2578 -0.0219 -0.9660 0.1583 0.1123
9.2749 -21.7618 25.8627 0.0054 0.0145 0.9999 0.0186 0.4425
11.2523 1.3136 -8.7876 0.9996 0.0058 -0.0273 0.7059 0.2933
8.2784 -49.4962 25.9684 -0.4222 -0.6040 0.6759 0.8324 0.9140
8.2784 -49.4962 25.9684 -0.3538 -0.3952 0.8477 0.0247 0.6088
-1.3558 9.1259 26.0454 0.0006 -0.0074 1.0000 0.0821 0.2573
-2.5996 3.3130 25.9851 -0.0065 -0.0127 0.9999 0.0896 0.2921
11.1641 4.9776 -13.6726 0.9998 0.0179 0.0000 0.6764 0.2716
-11.7228 -26.0733 0.2819 -0.9998 0.0206 -0.0077 0.4461 0.4667
-11.6674 -30.0577 -5.3767 -0.9997 0.0262 -0.0035 0.4798 0.4909
5.9419 37.2087 -26.0686 -0.0060 -0.0311 -0.9995 0.2557 0.0862
11.2353 -22.8157 -15.9169 0.9999 0.0062 0.0100 0.6645 0.4383
-11.7557 25.2223 -7.5965 -1.0000 -0.0049 0.0063 0.4963 0.1596
10.9995 -49.1737 -24.1612 0.0937 -0.9953 -0.0240 0.8458 0.6134
10.9995 -49.1737 -24.1612 0.9733 -0.1769 -0.1465 0.6166 0.5968
8.8575 50.4281 7.8446 0.7906 0.6120 -0.0217 0.8737 0.8072
8.8575 50.4281 7.8446 0.9878 0.1553 -0.0128 0.5529 0.7891
-11.5720 10.4972 8.2989 -0.9995 0.0059 0.0312 0.4002 0.2470
11.9524 -18.0633 17.4236 0.9993 -0.0054 -0.0368 0.8641 0.4079
11.5772 -19.7865 6.4034 0.9997 -0.0087 -0.0247 0.7981 0.4189
-1.1740 -14.2618 25.7745 -0.0211 -0.0074 0.9998 0.0812 0.3975
9.5721 -49.0871 6.2997 -0.0846 -0.9958 0.0356 0.8390 0.7960
5.1494 51.4648 25.9719 -0.0513 -0.0322 0.9982 0.0429 0.0035
5.1494 51.4648 25.9719 0.1259 0.8934 0.4312 0.8949 0.9160
10.6593 -22.3482 25.5988 0.4505 0.0096 0.8927 0.0103 0.4461
9.9740 48.8370 15.1125 -0.4055 0.9140 0.0073 0.8666 0.8508
-3.6365 -51.1314 25.1035 -0.0478 0.2596 0.9645 0.0962 0.6185
1.4390 28.4688 -25.7110 -0.0327 -0.0309 -0.9990 0.2286 0.1385
3.4220 -49.5780 24.7221 -0.4154 0.2237 0.8817 0.0539 0.6093
11.0490 -29.7270 25.4287 0.5750 -0.0031 0.8181 0.0080 0.4903
-9.1093 38.2866 -25.3247 -0.1110 -0.0176 -0.9937 0.1655 0.0796
-11.6658 -27.4263 -10.3409 -0.9998 0.0159 0.0146 0.5097 0.4754
8.8851 -31.0043 26.0198 0.0245 0.0185 0.9995 0.0210 0.4979
11.3697 -34.1891 3.0486 0.9998 -0.0116 -0.0160 0.7789 0.5054
-11.9373 -40.3364 -0.2212 -1.0000 0.0066 -0.0018 0.4483 0.5522
9.4001 -48.1089 25.1993 -0.7675 -0.4281 -0.4772 0.4901 0.6165
9.4001 -48.1089 25.1993 0.5354 -0.3104 -0.7855 0.4745 0.6169
9.4001 -48.1089 25.1993 -0.3936 -0.8373 -0.3795 0.8391 0.9093
11.0056 -46.1490 -4.7832 0.9994 -0.0324 -0.0072 0.7326 0.5776
-4.4309 -42.8655 25.9142 -0.0558 0.0010 0.9984 0.1009 0.5689
11.0540 -43.3111 -9.9136 0.9999 -0.0094 0.0104 0.7017 0.5609
11.1269 36.9117 -7.1378 0.9994 0.0288 -0.0215 0.7137 0.0798
-3.1162 32.9206 -25.6992 -0.0473 -0.0325 -0.9984 0.2014 0.1118
3.1103 36.7677 26.2560 0.0077 -0.0280 0.9996 0.0552 0.0916
11.4169 8.6467 -2.8608 0.9993 0.0017 -0.0370 0.7410 0.2490
11.2095 -45.7935 -23.2278 0.9998 -0.0172 0.0080 0.6220 0.5765
11.4829 -40.6685 13.0313 0.9992 -0.0313 -0.0263 0.8391 0.5437
11.1935 -23.3014 -11.7609 1.0000 0.0037 -0.0022 0.6895 0.4410
11.2108 -22.1345 -10.0235 0.9999 0.0003 -0.0112 0.6998 0.4339
10.0288 -25.8763 -25.6982 0.6602 -0.0008 -0.7511 0.2798 0.4643
8.8157 49.1494 -10.9403 0.9732 0.2298 -0.0033 0.5442 0.6766
11.5885 22.1027 24.9092 0.6822 -0.0015 0.7311 0.0045 0.1796
10.5458 -6.3397 25.7012 0.4679 -0.0217 0.8835 0.0109 0.3501
-11.4406 -49.0494 -8.7193 -0.9933 -0.1145 -0.0181 0.4988 0.6049
10.2164 -15.1673 -25.3541 0.6319 0.0118 -0.7750 0.2810 0.4001
11.6649 37.0388 11.5461 0.9992 0.0282 -0.0277 0.8257 0.0780
-3.3977 -17.5585 -25.8777 -0.0362 0.0163 -0.9992 0.1994 0.4144
-11.6174 4.9335 7.8349 -0.9995 0.0046 0.0302 0.4026 0.2804
-4.7184 -48.5697 25.7587 -0.0539 -0.1385 0.9889 0.1027 0.6031
-6.0563 51.5890 25.7663 0.0281 -0.2756 0.9609 0.1101 0.0027
-6.0563 51.5890 25.7663 -0.0115 0.8973 0.4413 0.9621 0.9154
-8.5187 3.8068 25.8397 -0.0002 -0.0110 0.9999 0.1251 0.2891
4.6895 -32.3491 -26.1519 0.0137 0.0012 -0.9999 0.2477 0.5031
-0.9333 51.6419 9.8396 0.0196 0.9997 -0.0167 0.9323 0.8196
6.6259 50.4623 25.9830 -0.2053 0.1368 0.9691 0.0340 0.0095
11.6422 26.9286 5.2919 0.9998 0.0098 -0.0199 0.7888 0.1389
2.5479 9.9811 26.0482 0.0085 0.0037 1.0000 0.0587 0.2522
9.4097 48.8768 20.1522 0.9741 0.2177 -0.0616 0.5444 0.8630
-6.9861 49.3030 26.1082 -0.0122 0.2939 0.9558 0.1156 0.0164
-11.6930 -18.7299 4.8989 -0.9999 0.0044 0.0092 0.4189 0.4224
-11.5354 32.5326 11.6046 -0.9989 -0.0096 0.0470 0.3816 0.1147
8.9558 48.7791 -5.0868 0.8156 0.5671 -0.1151 0.8739 0.7297
8.9558 48.7791 -5.0868 0.9646 0.2629 -0.0213 0.5423 0.7117
-11.3774 34.6365 15.0578 -0.9985 -0.0081 0.0546 0.3610 0.1019
-9.5760 21.7065 26.0214 0.0167 -0.0069 0.9998 0.1313 0.1818
1.2528 49.9526 -25.6510 -0.0367 0.9027 -0.4287 0.9212 0.6068
9.7599 -48.9018 -16.8803 -0.2063 -0.9785 -0.0063 0.8388 0.6571
0.9554 39.2573 26.3215 -0.0051 -0.0254 0.9997 0.0681 0.0767
-1.3592 -49.0326 25.8147 -0.0532 -0.3824 0.9225 0.0825 0.6059
-1.3592 -49.0326 25.8147 -0.0112 -0.7980 0.6025 0.7746 0.9137
5.0212 24.2433 -25.6636 -0.0086 -0.0243 -0.9997 0.2501 0.1639
11.1174 11.5163 -11.5887 1.0000 0.0010 -0.0071 0.6885 0.2323
11.8682 -22.1029 24.6957 0.6285 0.0068 0.7778 0.0031 0.4447
11.8682 -22.1029 24.6957 0.9260 0.0049 0.3774 0.9079 0.4317
11.0246 9.9511 -24.0445 0.9963 0.0063 -0.0855 0.6139 0.2424
-10.3731 21.9903 -24.8841 -0.2824 -0.0033 -0.9593 0.1578 0.1772
-11.9217 5.4753 -16.0659 -0.9987 -0.0073 0.0497 0.5459 0.2785
10.7954 36.2576 -21.7723 0.9987 0.0172 -0.0489 0.6261 0.0845
-10.2213 25.6146 26.0996 -0.2171 -0.0098 0.9761 0.1352 0.1584
11.3044 -8.7589 -6.8139 0.9996 -0.0020 -0.0291 0.7183 0.3535
10.4830 -49.0504 -10.0520 0.1151 -0.9932 0.0202 0.8435 0.6980
-11.6245 29.9730 8.8687 -0.9991 -0.0126 0.0398 0.3979 0.1302
-11.6968 -10.3775 1.7623 -0.9999 -0.0016 -0.0113 0.4381 0.3725
10.1832 38.7944 -24.9182 0.7633 0.0343 -0.6451 0.2812 0.0766
11.1259 23.3806 -14.4050 1.0000 0.0017 0.0095 0.6710 0.1613
11.0295 30.6683 -18.2467 0.9994 0.0110 -0.0321 0.6475 0.1178
9.9813 -18.4771 -25.6405 0.5481 0.0595 -0.8343 0.2796 0.4200
10.9719 42.6420 -3.6636 0.9986 0.0477 -0.0221 0.7342 0.0452
11.5477 22.1490 1.6492 0.9995 0.0067 -0.0302 0.7672 0.1678
9.6085 38.6774 -25.8138 0.9987 0.0260 -0.0444 0.5306 0.6787
9.6085 38.6774 -25.8138 0.3849 -0.0848 -0.9190 0.2777 0.0774
11.7288 -15.3569 10.8719 0.9995 -0.0078 -0.0295 0.8247 0.3921
7.4825 49.4130 -26.6029 -0.0308 0.0601 -0.9977 0.2649 0.0130
10.7600 45.1340 -13.3306 0.9987 0.0491 -0.0104 0.6762 0.0308
11.3112 -49.3097 20.6830 0.8487 -0.5286 -0.0158 0.8503 0.8822
11.3112 -49.3097 20.6830 0.9928 -0.1082 -0.0513 0.8855 0.5951
-9.9528 -29.1246 25.6030 -0.0337 0.0029 0.9994 0.1339 0.4866
10.5242 -4.8825 -24.9251 0.5849 0.0077 -0.8111 0.2830 0.3385
11.5608 19.4380 1.1773 0.9996 0.0036 -0.0268 0.7646 0.1841
-4.8975 -10.5840 -25.6784 -0.0532 0.0209 -0.9984 0.1904 0.3726
-4.0526 -50.3576 -25.3362 0.0652 0.2092 -0.9757 0.1953 0.6110
11.1616 16.7124 -9.6973 0.9997 -0.0083 -0.0249 0.6996 0.2010
10.4993 23.3776 25.8615 0.4038 -0.0028 0.9148 0.0110 0.1719
9.7119 -5.1961 -25.5450 0.4778 0.0181 -0.8783 0.2780 0.3404
-11.5506 29.0992 10.3535 -0.9989 -0.0127 0.0449 0.3889 0.1354
11.6151 -12.7585 6.0004 0.9997 -0.0041 -0.0252 0.7953 0.3768
9.3657 49.3565 21.0715 0.9765 0.2065 -0.0610 0.5473 0.8685
10.7843 30.2727 -23.8552 0.9959 0.0184 -0.0888 0.6139 0.1205
4.6706 -32.1044 26.0731 -0.0052 0.0120 0.9999 0.0463 0.5045
-11.6382 -30.2365 -24.5017 -0.8168 0.0009 -0.5769 0.1500 0.4903
-0.7860 51.4935 3.2782 0.0292 0.9991 -0.0314 0.9318 0.7803
11.2604 -1.7151 25.2048 0.6352 -0.0039 0.7723 0.0066 0.3224
6.7297 -3.9628 25.9703 0.0227 -0.0108 0.9997 0.0337 0.3358
4.1936 -15.7001 25.8685 -0.0043 -0.0097 0.9999 0.0490 0.4062
9.4116 -47.6682 17.6162 0.3079 -0.9503 0.0455 0.8387 0.8638
-4.5477 4.7540 -25.3219 -0.0715 0.0211 -0.9972 0.1926 0.2806
-4.0624 -15.2276 25.7073 -0.0244 -0.0050 0.9997 0.0985 0.4033
-11.0461 -2.4940 23.7073 -0.9978 0.0108 0.0649 0.3071 0.3240
-9.2945 -49.1556 -25.4254 0.0268 0.0158 -0.9995 0.1639 0.6038
-11.5044 -0.2066 13.0143 -0.9994 0.0096 0.0333 0.3713 0.3109
10.4896 46.8879 -21.3556 0.9983 0.0408 -0.0426 0.6280 0.0208
11.1302 8.3463 -12.7516 0.9999 0.0096 -0.0031 0.6817 0.2513
10.7849 -49.0630 2.2066 0.0676 -0.9973 -0.0295 0.8461 0.7714
10.7849 -49.0630 2.2066 0.9025 -0.4295 0.0325 0.7747 0.5946
9.6440 -49.1414 0.2322 0.9575 -0.2878 0.0183 0.7076 0.7540
9.6440 -49.1414 0.2322 0.5484 -0.8360 0.0157 0.8391 0.7597
3.5754 -49.4231 -25.4343 -0.0111 -0.6355 -0.7720 0.8012 0.6062
10.5252 4.6836 25.7850 0.5874 0.0035 0.8093 0.0110 0.2840
2.8552 43.6319 -26.2615 -0.0401 -0.0375 -0.9985 0.2372 0.0477
-1.5859 30.2757 26.1329 -0.0041 -0.0078 1.0000 0.0834 0.1305
7.3233 -51.7229 25.0246 0.0236 -0.9982 0.0548 0.6774 0.9184
-10.3765 42.8786 26.0448 -0.4500 -0.0102 0.8930 0.1360 0.0549
-11.5602 -7.9577 -4.6850 -1.0000 -0.0002 -0.0076 0.4769 0.3584
-3.3072 51.6867 15.3708 -0.0384 0.9992 -0.0088 0.9462 0.8529
7.7211 47.9119 -26.5607 0.0122 -0.0378 -0.9992 0.2664 0.0220
-8.6494 35.6438 26.1064 -0.0249 -0.0074 0.9997 0.1257 0.0983
9.5679 -49.0548 -13.1369 0.4106 -0.9102 -0.0535 0.8379 0.6795
11.8035 27.3209 11.7119 0.9995 0.0021 -0.0314 0.8272 0.1362
-11.7791 47.4929 -5.7006 -0.9966 0.0827 0.0049 0.4862 0.0260
-11.8102 12.4773 -13.1668 -0.9993 -0.0017 0.0363 0.5289 0.2363
9.3225 39.7143 -26.0025 0.3292 -0.0440 -0.9432 0.2760 0.0712
0.4388 -51.6358 14.6086 -0.0219 -0.9996 -0.0177 0.6355 0.8563
0.9484 -5.1314 -25.8230 -0.0377 0.0183 -0.9991 0.2255 0.3399
-3.1246 35.6255 -25.7745 -0.0478 -0.0246 -0.9986 0.2013 0.0956
2.5422 51.0856 -4.8905 0.0854 0.9961 -0.0216 0.9123 0.7312
3.6190 -11.0030 -25.9623 -0.0018 0.0176 -0.9998 0.2415 0.3752
-0.1651 -49.6296 24.1667 0.1853 -0.7039 0.6857 0.7817 0.9037
-0.1651 -49.6296 24.1667 0.1492 -0.2687 0.9516 0.0755 0.6096
9.5339 -35.6833 -25.9624 0.2861 0.0051 -0.9582 0.2768 0.5232
-11.6309 -28.4612 11.2037 -0.9995 0.0092 0.0302 0.3805 0.4804
-11.6919 -6.1132 -13.2819 -0.9994 -0.0046 0.0347 0.5286 0.3478
-11.6787 -17.1427 2.4897 -1.0000 0.0021 0.0003 0.4334 0.4130
11.0395 -6.2830 -24.1381 0.9806 0.0022 -0.1962 0.6143 0.3397
10.5051 -49.0451 -8.3746 0.0549 -0.9985 0.0002 0.8438 0.7080
12.0517 25.7842 20.9009 0.9999 0.0082 -0.0124 0.8824 0.1449
10.8545 29.0610 -23.1395 0.9984 0.0195 -0.0530 0.6183 0.1278
-11.8935 29.0153 -11.5916 -0.9999 -0.0040 0.0147 0.5204 0.1371
11.2948 -30.7009 -2.8672 0.9997 -0.0008 -0.0230 0.7432 0.4849
11.8187 -37.5690 24.2706 0.9689 -0.0091 0.2473 0.9063 0.5245
11.6874 11.3537 7.1532 0.9997 0.0052 -0.0257 0.8008 0.2322
-11.6025 -43.0672 17.3878 -0.9990 0.0177 0.0420 0.3426 0.5676
5.3571 41.5398 -26.2450 -0.0171 -0.0471 -0.9987 0.2522 0.0602
11.2680 40.7534 3.3752 0.9984 0.0451 -0.0328 0.7765 0.0562
-9.9073 -11.8260 25.5879 -0.0255 -0.0168 0.9995 0.1336 0.3829
-3.7133 -7.6315 -25.6801 -0.0434 0.0236 -0.9988 0.1975 0.3549
10.1456 49.3587 25.2256 -0.3568 0.9302 -0.0863 0.8650 0.9113
10.3035 -9.2959 25.7306 0.2471 -0.0052 0.9690 0.0124 0.3678
5.2512 50.1456 -24.7872 0.1219 0.8970 -0.4248 0.8972 0.6118
-9.5562 -41.1785 -25.9173 -0.0958 0.0098 -0.9954 0.1623 0.5560
-5.3024 -35.4768 -26.0275 -0.0457 0.0097 -0.9989 0.1878 0.5218
1.4096 51.1553 -6.0627 0.0678 0.9976 -0.0168 0.9191 0.7242
10.7871 45.4866 -6.6228 0.9982 0.0586 -0.0089 0.7164 0.0283
8.6596 -51.4542 13.8551 0.4641 -0.8856 -0.0178 0.6848 0.8513
11.0166 24.7450 -20.7057 0.9994 0.0117 -0.0323 0.6331 0.1535
9.4775 -49.6448 1.6995 0.9602 -0.2793 -0.0046 0.7047 0.7629
9.4775 -49.6448 1.6995 0.7460 -0.6555 0.1175 0.8382 0.7685
0.6787 51.6544 12.1585 0.0302 0.9994 -0.0181 0.9225 0.8334
10.7939 34.3203 25.6679 0.5345 -0.0261 0.8448 0.0092 0.1063
-3.2475 -20.5136 -25.9334 -0.0359 0.0143 -0.9993 0.2002 0.4321
11.0279 -36.3470 -24.8783 0.5798 0.0100 -0.8147 0.2858 0.5271
-10.6733 26.1089 -24.7552 -0.3640 -0.0021 -0.9314 0.1561 0.1525
-11.2421 9.5022 16.8196 -0.9989 0.0076 0.0461 0.3490 0.2525
-11.8003 -33.4369 4.4470 -0.9999 0.0081 0.0145 0.4207 0.5106
0.0477 51.1635 -10.8262 0.0745 0.9971 -0.0122 0.9276 0.6957
11.1227 43.1748 2.7009 0.9980 0.0542 -0.0340 0.7724 0.0417
9.7856 48.8241 -25.0349 0.7712 0.2801 -0.5717 0.5347 0.6178
9.7856 48.8241 -25.0349 0.7945 0.2722 -0.5428 0.2788 0.0165
9.7856 48.8241 -25.0349 0.3467 0.9215 -0.1750 0.8700 0.6101
-2.4126 49.0668 26.2619 -0.0266 0.3080 0.9510 0.0882 0.0178
10.4882 -10.7084 -25.0479 0.6208 0.0246 -0.7836 0.2827 0.3734
11.9048 28.7117 24.3110 0.9019 0.0200 0.4316 0.9027 0.1271
7.1219 -49.3086 -25.7026 -0.0232 -0.8241 -0.5660 0.8225 0.6044
6.2251 29.5708 -25.8570 0.0024 -0.0273 -0.9996 0.2573 0.1319
5.6607 -30.1844 -26.1357 0.0160 0.0025 -0.9999 0.2536 0.4902
11.0570 36.6689 -11.3897 0.9996 0.0250 -0.0107 0.6883 0.0815
-5.4206 51.0877 25.5841 -0.0086 -0.1389 0.9903 0.1063 0.0057
3.8068 51.2653 4.1484 0.1018 0.9943 -0.0316 0.9042 0.7853
-10.4102 -19.8538 -25.5120 -0.4398 0.0096 -0.8981 0.1573 0.4281
9.8865 -43.7808 -25.6323 0.9900 0.0021 -0.1412 0.5194 0.6441
9.4460 -49.0563 6.8853 0.9346 -0.3516 0.0534 0.7085 0.7939
9.4460 -49.0563 6.8853 -0.0296 -0.9962 0.0816 0.8383 0.7996
10.0274 24.3900 -25.1173 0.6435 -0.0167 -0.7652 0.2801 0.1630
3.2464 -51.5727 25.4366 0.0070 0.0054 1.0000 0.0549 0.6212
9.2737 -50.5497 -23.0220 0.9603 -0.2779 0.0263 0.6979 0.6148
9.2737 -50.5497 -23.0220 0.7574 -0.6525 -0.0259 0.6863 0.6302
-11.1581 50.9331 -14.8780 -0.4814 0.8764 0.0135 0.9950 0.6721
-11.5888 -19.8457 -10.5602 -0.9999 -0.0030 0.0113 0.5115 0.4300
11.5466 42.9577 14.6671 0.9989 0.0387 -0.0250 0.8441 0.0423
9.6244 48.8888 -24.5017 -0.0579 0.9983 -0.0030 0.8710 0.6133
11.5531 10.0720 1.0370 0.9995 -0.0038 -0.0308 0.7643 0.2402
-1.6795 14.1358 26.0347 -0.0203 0.0044 0.9998 0.0840 0.2272
-11.1017 13.0151 19.1960 -0.9988 0.0071 0.0490 0.3350 0.2313
-11.5398 12.4647 8.9611 -0.9994 0.0054 0.0334 0.3963 0.2352
11.2368 -44.3021 -24.1289 0.9999 -0.0085 -0.0074 0.6165 0.5676
9.5345 44.7024 -26.2043 0.9918 0.0218 0.1263 0.5279 0.6426
9.5345 44.7024 -26.2043 0.5543 -0.0730 -0.8291 0.2772 0.0413
11.5774 31.2155 4.0338 0.9997 0.0109 -0.0240 0.7810 0.1133
2.1596 -14.8759 -26.0342 -0.0104 0.0183 -0.9998 0.2327 0.3984
11.6648 11.6204 6.0343 0.9999 0.0016 -0.0157 0.7941 0.2306
11.1447 6.1089 -19.5246 0.9998 0.0060 -0.0207 0.6413 0.2651
11.1274 14.2879 -10.8088 0.9999 -0.0013 -0.0121 0.6930 0.2156
-1.4023 -50.6778 -25.2564 0.0233 -0.1417 -0.9896 0.2112 0.6129
9.2583 48.8125 -4.5670 -0.3865 0.9221 -0.0216 0.8720 0.7328
10.6267 -46.2986 -25.1522 0.5956 0.0285 -0.8028 0.2833 0.5867
11.8950 -33.2959 22.7304 0.9999 -0.0105 0.0023 0.8968 0.4990
-2.9482 42.4704 -25.9260 -0.0615 -0.0163 -0.9980 0.2024 0.0546
6.5951 49.5811 26.2056 -0.0872 0.2851 0.9545 0.0342 0.0148
-11.2815 -11.1310 20.1018 -0.9991 0.0040 0.0432 0.3282 0.3760
-2.4180 -9.0337 25.8180 -0.0219 -0.0182 0.9996 0.0886 0.3662
9.9875 48.9397 0.5967 -0.0592 0.9982 0.0017 0.8673 0.7637
-1.5218 -49.7510 -25.1003 0.0266 -0.3358 -0.9416 0.2105 0.6074
11.6192 16.5321 3.3940 0.9997 0.0039 -0.0242 0.7780 0.2014
11.3163 33.1459 -2.7054 0.9992 0.0242 -0.0331 0.7405 0.1021
-11.6593 -28.5038 -3.3826 -0.9991 0.0156 -0.0397 0.4679 0.4815
11.4797 -29.4606 5.8994 0.9997 -0.0082 -0.0217 0.7957 0.4769
4.7923 11.0736 26.0214 0.0098 0.0046 0.9999 0.0453 0.2456
-11.9641 42.4653 -0.1397 -0.9999 0.0095 0.0061 0.4526 0.0558
-10.9758 -5.4740 25.0094 -0.9741 0.0098 0.2259 0.2991 0.3418
10.0781 37.6095 26.0748 0.2521 -0.0189 0.9675 0.0134 0.0866
2.6505 0.3461 -25.7601 -0.0209 0.0203 -0.9996 0.2357 0.3071
-12.0217 0.5624 -22.1756 -0.9995 -0.0103 -0.0288 0.5822 0.3083
12.0598 10.3732 24.0535 0.9947 0.0036 0.1030 0.9022 0.2371
10.1438 34.4055 25.9704 0.2467 -0.0337 0.9685 0.0131 0.1058
9.4234 49.6759 23.0691 0.9644 0.2563 -0.0657 0.5493 0.8804
7.9006 -49.5520 25.5945 -0.4945 -0.2644 0.8280 0.0270 0.6091
7.9006 -49.5520 25.5945 -0.5561 -0.6051 0.5697 0.8301 0.9118
8.5815 49.3355 -23.3106 0.5360 0.8439 -0.0217 0.8771 0.6205
11.1521 -1.5726 -21.0277 0.9998 0.0034 -0.0199 0.6327 0.3113
9.6929 -37.2503 26.1127 0.0444 0.0160 0.9989 0.0162 0.5354
2.4168 -51.6747 15.5398 -0.0039 -0.9998 -0.0178 0.6474 0.8618
-11.7681 22.7807 -0.7610 -1.0000 -0.0060 -0.0069 0.4552 0.1739
0.0144 -51.7261 24.6508 -0.0453 -0.9762 0.2121 0.6335 0.9165
11.2773 36.2036 -1.7869 0.9996 0.0144 -0.0223 0.7459 0.0837
-7.9660 51.5197 25.7562 -0.0348 0.9987 0.0374 0.9735 0.9154
-7.9660 51.5197 25.7562 0.0206 0.1411 0.9898 0.1215 0.0031
-11.4451 -49.2285 23.1289 -0.9986 -0.0038 0.0532 0.3078 0.6042
11.3283 -4.0411 -6.2512 0.9995 -0.0026 -0.0318 0.7214 0.3252
6.1678 29.4612 26.0457 0.0362 -0.0064 0.9993 0.0369 0.1354
9.5702 -49.4900 -0.6092 0.9783 -0.2068 0.0159 0.7055 0.7490
11.6059 -37.1496 14.0096 0.9994 -0.0205 -0.0293 0.8447 0.5226
10.2212 -49.0835 -6.1676 -0.0657 -0.9978 0.0056 0.8422 0.7213
11.1959 -34.0558 -7.1842 1.0000 0.0044 -0.0022 0.7175 0.5052
10.5431 26.7753 -24.7196 0.7407 0.0068 -0.6719 0.2833 0.1487
-5.5354 41.9928 -25.7362 -0.0881 -0.0056 -0.9961 0.1869 0.0574
-4.7542 18.7867 -25.1565 -0.0725 -0.0102 -0.9973 0.1915 0.1965
-11.6147 -0.6708 8.6189 -0.9997 0.0051 0.0247 0.3976 0.3139
-11.6981 14.8419 -4.0849 -0.9999 -0.0115 -0.0094 0.4746 0.2216
11.2659 37.1574 -1.6793 0.9996 0.0172 -0.0222 0.7464 0.0780
-11.9465 -41.6890 1.0804 -1.0000 0.0074 0.0014 0.4404 0.5602
-10.9749 0.6540 24.0741 -0.9968 0.0192 0.0779 0.3051 0.3051
-8.5265 50.8484 -24.6180 0.0100 0.0904 -0.9959 0.1691 0.0042
9.5841 -49.0153 -19.5886 0.9165 -0.3985 0.0354 0.7073 0.6352
9.5841 -49.0153 -19.5886 0.2023 -0.9789 0.0283 0.8376 0.6409
-10.8652 -28.8362 25.5144 -0.7703 0.0081 0.6377 0.1394 0.4848
7.1422 -5.3544 25.9404 0.0174 -0.0118 0.9998 0.0313 0.3441
10.0177 -48.9685 3.7554 -0.1942 -0.9801 0.0420 0.8415 0.7808
-5.0061 -51.3867 25.0860 -0.0056 0.0022 1.0000 0.1044 0.6201
-5.0061 -51.3867 25.0860 -0.0196 -0.8046 0.5935 0.6035 0.9194
-11.9083 -44.0008 -1.9862 -0.9994 -0.0323 -0.0120 0.4587 0.5743
-11.7527 -44.3807 -16.7799 -0.9989 -0.0459 -0.0124 0.5473 0.5774
-11.3980 50.6530 -12.8866 -0.9771 0.2127 0.0049 0.5295 0.0075
-11.3980 50.6530 -12.8866 -0.7216 0.6922 0.0091 0.9963 0.6840
-4.5026 -12.7530 -25.7463 -0.0498 0.0219 -0.9985 0.1928 0.3856
-2.2806 11.2660 26.0582 -0.0105 0.0025 0.9999 0.0877 0.2444
-7.5117 -50.6720 -6.3666 -0.1365 -0.9906 -0.0072 0.5867 0.7310
9.0680 -50.9142 -14.6939 0.9424 -0.3345 0.0067 0.6962 0.6647
9.0680 -50.9142 -14.6939 0.5144 -0.8576 -0.0026 0.6856 0.6801
-7.9036 -9.5412 -25.5162 -0.0255 0.0257 -0.9993 0.1724 0.3663
11.2403 -3.0203 -11.0489 1.0000 0.0030 -0.0052 0.6926 0.3194
5.4535 42.8093 -26.3077 -0.0225 -0.0473 -0.9986 0.2528 0.0526
11.1891 -15.3529 -18.9786 1.0000 -0.0015 -0.0088 0.6458 0.3938
10.7244 -32.2738 -25.0692 0.6151 -0.0131 -0.7883 0.2840 0.5027
11.0291 31.9319 25.4378 0.6379 -0.0061 0.7701 0.0078 0.1207
-11.6883 -27.2995 -24.1568 -0.9998 -0.0165 0.0135 0.5925 0.4754
10.9029 -9.0280 -24.7193 0.6045 0.0059 -0.7966 0.2852 0.3633
10.9029 -9.0280 -24.7193 0.9660 -0.0019 -0.2587 0.6110 0.3562
11.5692 9.3814 1.7462 0.9993 -0.0137 -0.0359 0.7686 0.2443
11.9265 25.2805 15.2245 0.9995 0.0041 -0.0308 0.8484 0.1482
-11.6722 -22.6787 -13.3178 -0.9995 0.0047 0.0315 0.5278 0.4471
-11.4446 50.4333 -16.1207 -0.9605 0.2781 -0.0054 0.5488 0.0090
-2.4342 51.3123 -5.5348 0.0250 0.9997 -0.0019 0.9421 0.7276
-9.4824 -5.9592 25.6944 -0.0001 -0.0137 0.9999 0.1310 0.3477
11.2899 2.9080 -7.3915 0.9994 0.0048 -0.0341 0.7142 0.2836
10.9107 38.6911 -17.2146 0.9992 0.0275 -0.0279 0.6532 0.0697
-9.1547 11.2380 -24.9476 0.0017 0.0213 -0.9998 0.1651 0.2417
-9.4997 -33.1101 25.6425 -0.0412 0.0010 0.9992 0.1312 0.5104
-2.3442 21.1668 26.0908 -0.0096 -0.0050 0.9999 0.0880 0.1851
2.7542 7.4175 26.0457 0.0094 -0.0054 0.9999 0.0575 0.2676
-1.2917 -43.5826 26.0799 -0.0428 0.0087 0.9990 0.0821 0.5733
9.7296 19.7844 -25.2744 0.5002 -0.0088 -0.8659 0.2783 0.1906
10.4457 -13.5144 25.6872 0.2839 -0.0169 0.9587 0.0115 0.3931
-2.1545 -37.8412 -26.1707 -0.0266 0.0121 -0.9996 0.2067 0.5360
9.8072 -6.2068 -25.4922 0.6394 0.0252 -0.7684 0.2786 0.3464
-11.0101 -14.9687 -25.0299 -0.6136 0.0105 -0.7896 0.1538 0.3988
11.4948 24.4906 -0.3805 0.9995 0.0094 -0.0316 0.7549 0.1539
-11.7161 13.2316 2.1810 -0.9999 -0.0052 0.0101 0.4370 0.2309
-4.2204 51.5113 25.7501 -0.0537 0.0701 0.9961 0.0991 0.0032
-4.0069 51.5769 9.1111 -0.0544 0.9984 -0.0150 0.9507 0.8154
-4.6464 -51.5566 22.3956 -0.0642 -0.9978 -0.0148 0.6055 0.9033
-9.8151 24.7601 -25.0015 -0.0144 -0.0156 -0.9998 0.1612 0.1606
9.6633 48.1566 26.5095 0.1231 -0.0123 0.9923 0.0158 0.0233
12.0627 21.8648 20.2144 0.9999 0.0016 -0.0156 0.8785 0.1684
8.4849 -49.3270 -25.7143 0.0448 -0.6997 -0.7130 0.8307 0.6042
-11.4730 8.0696 11.5477 -0.9993 0.0068 0.0371 0.3806 0.2614
11.4452 27.4226 -0.8760 0.9995 0.0036 -0.0306 0.7518 0.1363
1.3910 -51.3648 25.3907 -0.0680 0.3166 0.9461 0.0661 0.6200
-11.2901 -6.4398 19.4119 -0.9990 0.0048 0.0444 0.3326 0.3479
-8.1475 -50.9253 14.6809 -0.1428 -0.9891 -0.0347 0.5841 0.8572
9.3967 48.8402 -9.3412 -0.3025 0.9531 -0.0013 0.8715 0.7042
-11.8083 -11.8388 -16.8037 -0.9992 -0.0030 0.0397 0.5493 0.3823
10.2415 48.9196 -20.1516 0.9243 0.3811 -0.0196 0.6351 0.0085
10.2415 48.9196 -20.1516 -0.0903 0.9959 -0.0014 0.8670 0.6394
11.2101 -17.3371 -9.8732 0.9998 0.0040 -0.0208 0.7005 0.4051
10.7830 49.1164 21.6981 -0.2034 0.9785 -0.0345 0.8614 0.8902
9.9734 -43.3541 -25.4792 0.7319 0.0011 -0.6814 0.2794 0.5691
-11.6989 8.0656 -0.5884 -1.0000 0.0013 -0.0082 0.4533 0.2621
-8.9689 -29.7945 25.6394 -0.0375 0.0065 0.9993 0.1280 0.4906
-11.8422 16.1005 -13.9106 -0.9991 -0.0033 0.0414 0.5336 0.2147
-11.5676 -13.7377 -4.2117 -0.9996 0.0131 -0.0250 0.4738 0.3930
-11.7840 27.2161 0.4665 -1.0000 -0.0073 0.0058 0.4481 0.1472
9.9084 48.8108 8.5518 -0.0754 0.9967 0.0316 0.8674 0.8114
11.3522 25.5457 -4.3413 0.9994 0.0051 -0.0340 0.7311 0.1478
-11.9809 12.5959 -16.7386 -0.9986 -0.0018 0.0524 0.5503 0.2358
-11.3084 -49.1977 -21.5258 -0.9599 -0.2798 0.0144 0.5755 0.6066
2.5689 -41.9293 -26.2639 0.0002 0.0079 -1.0000 0.2350 0.5606
-9.1991 51.4534 25.4356 -0.1389 0.9872 0.0779 0.9809 0.9136
11.1862 -12.0051 -19.5692 0.9999 -0.0002 -0.0165 0.6420 0.3737
11.0494 39.0672 -7.7766 0.9994 0.0325 -0.0156 0.7098 0.0669
-11.7557 26.1108 -5.6930 -1.0000 -0.0045 -0.0025 0.4849 0.1542
11.2787 22.6833 -6.4941 0.9993 0.0035 -0.0364 0.7184 0.1650
-11.4200 -45.7820 -25.0797 -0.7062 0.0394 -0.7069 0.1512 0.5835
0.0002 51.4804 3.6606 0.0334 0.9991 -0.0270 0.9270 0.7825
8.7290 49.8160 -5.4108 0.9782 0.2055 -0.0285 0.5485 0.7097
-11.7499 -35.6162 -9.3510 -0.9995 0.0308 0.0076 0.5033 0.5244
-11.7906 -31.2055 4.0969 -0.9999 0.0136 0.0079 0.4229 0.4972
9.5850 -47.9433 23.6116 -0.8112 -0.5784 -0.0860 0.8401 0.8998
-11.5555 -5.9016 -5.5684 -1.0000 -0.0048 0.0009 0.4823 0.3461
11.5864 -16.6625 24.9376 0.5896 0.0029 0.8077 0.0048 0.4120
11.5864 -16.6625 24.9376 0.8638 -0.0109 0.5037 0.9091 0.3991
11.1857 -13.3652 -13.0472 0.9999 -0.0091 0.0050 0.6812 0.3815
9.8877 -44.2713 -25.6040 0.9929 0.0284 0.1159 0.5196 0.6471
9.8877 -44.2713 -25.6040 0.7223 0.0265 -0.6911 0.2789 0.5746
-11.7933 21.3893 -11.8771 -0.9994 -0.0093 0.0334 0.5217 0.1828
10.4668 -49.0812 0.5472 0.0321 -0.9995 -0.0023 0.8441 0.7615
4.2743 3.1184 26.0199 0.0029 -0.0033 1.0000 0.0484 0.2933
-11.8885 32.2623 -10.5541 -0.9999 -0.0072 0.0135 0.5144 0.1176
11.6732 25.0599 5.9922 0.9997 0.0055 -0.0230 0.7931 0.1501
7.7961 50.9468 9.6044 0.1891 0.9815 -0.0288 0.8800 0.8178
-11.7245 1.4672 1.5566 -0.9998 0.0013 -0.0198 0.4401 0.3015
11.5728 -2.3664 2.7525 0.9997 0.0036 -0.0236 0.7753 0.3147
-12.0644 40.6976 -18.2472 -1.0000 0.0032 -0.0018 0.5610 0.0675
-4.8673 0.7273 -25.4000 -0.0564 0.0276 -0.9980 0.1907 0.3048
10.1252 -10.6235 25.7911 0.1898 0.0236 0.9815 0.0134 0.3758
4.4257 50.6660 -15.7431 0.1260 0.9919 -0.0171 0.9016 0.6660
11.3958 -18.0287 -2.3167 0.9998 0.0016 -0.0219 0.7458 0.4089
-10.6104 -1.1991 25.7044 -0.5298 -0.0141 0.8480 0.1377 0.3191
-12.0000 4.3715 -17.8462 -0.9991 -0.0094 0.0422 0.5565 0.2852
11.6575 -26.5612 24.9474 0.6327 0.0231 0.7741 0.0044 0.4714
11.6575 -26.5612 24.9474 0.9552 -0.0819 0.2844 0.9097 0.4585
11.1442 16.6796 -14.2459 1.0000 -0.0025 0.0042 0.6723 0.2015
-11.1094 -38.3903 24.6364 -0.9912 0.0094 0.1319 0.2995 0.5391
11.3445 18.3836 -4.8299 0.9989 -0.0034 -0.0467 0.7286 0.1907
10.0418 16.7457 -25.0383 0.5685 0.0041 -0.8227 0.2802 0.2088
-10.8055 40.3191 24.1445 -0.9951 -0.0044 0.0990 0.3069 0.0673
-11.7840 28.7260 -6.9304 -0.9997 -0.0217 0.0139 0.4925 0.1386
9.3805 49.1405 -26.2915 0.7669 0.6359 -0.0866 0.8725 0.6026
9.3805 49.1405 -26.2915 0.9789 0.1974 0.0534 0.5272 0.6160
-0.2023 37.7112 26.2765 -0.0070 -0.0237 0.9997 0.0750 0.0859
-11.3075 -42.2491 22.8914 -0.9977 0.0212 0.0645 0.3097 0.5624
10.2747 0.1596 25.8659 0.0865 0.0109 0.9962 0.0125 0.3111
-1.5971 26.7478 26.1137 -0.0033 -0.0049 1.0000 0.0835 0.1516
-3.6034 -14.8740 -25.8304 -0.0387 0.0168 -0.9991 0.1981 0.3983
-9.9970 15.4170 -24.8895 -0.0714 -0.0044 -0.9974 0.1601 0.2166
10.4734 42.6341 -24.0943 0.9954 0.0335 -0.0893 0.6118 0.0464
-2.4673 -0.6980 25.9449 -0.0147 -0.0108 0.9998 0.0889 0.3162
-11.3906 -38.2566 -24.9623 -0.7151 0.0063 -0.6990 0.1514 0.5384
-6.9999 -49.1290 -25.2635 0.0839 -0.0692 -0.9941 0.1776 0.6036
0.1253 -51.7568 22.3573 -0.0257 -0.9997 -0.0006 0.6341 0.9028
11.4815 -12.1139 -0.0875 0.9997 -0.0043 -0.0233 0.7588 0.3733
0.4258 -48.9189 25.9544 0.0146 -0.7851 0.6192 0.7853 0.9144
0.4258 -48.9189 25.9544 -0.0419 -0.3739 0.9265 0.0718 0.6053
-10.6930 50.9977 14.8838 -0.3076 0.9515 -0.0094 0.9905 0.8505
-3.7969 49.9819 -25.1843 -0.0289 0.6517 -0.7580 0.9515 0.6099
9.1440 43.7954 -26.3051 0.0887 -0.0581 -0.9944 0.2749 0.0467
-11.7530 18.2036 -0.4488 -0.9999 -0.0120 0.0003 0.4530 0.2013
10.6468 49.0515 20.4969 -0.1826 0.9830 -0.0218 0.8622 0.8830
8.5517 50.2444 -4.8784 0.4514 0.8915 -0.0375 0.8763 0.7309
-11.1283 -50.0782 -0.6349 -0.3392 -0.9406 -0.0127 0.5653 0.7655
-11.5571 -6.9488 -8.1788 -0.9999 -0.0041 0.0112 0.4979 0.3525
-11.6999 -8.8420 4.0607 -1.0000 -0.0012 0.0091 0.4245 0.3632
-11.7274 36.2341 7.6207 -0.9993 -0.0109 0.0360 0.4057 0.0927
2.9749 -40.2856 -26.2422 0.0045 0.0148 -0.9999 0.2374 0.5507
-11.5062 40.3370 13.8112 -0.9985 -0.0112 0.0532 0.3688 0.0678
11.9109 -1.5140 24.6376 0.6684 -0.0001 0.7438 0.0027 0.3212
11.9109 -1.5140 24.6376 0.9462 0.0002 0.3236 0.9064 0.3083
5.9821 48.1559 26.5992 0.0093 0.0659 0.9978 0.0379 0.0233
-3.5580 18.0882 26.0598 -0.0127 -0.0073 0.9999 0.0953 0.2035
11.6510 18.2586 4.9351 0.9996 0.0031 -0.0291 0.7872 0.1909
11.8982 14.1236 14.4757 0.9996 -0.0004 -0.0279 0.8446 0.2152
8.1130 49.9194 -19.1100 0.3833 0.9221 -0.0528 0.8797 0.6457
0.6921 51.6367 11.3544 0.0379 0.9990 -0.0230 0.9224 0.8286
-11.6990 -41.9551 14.6124 -0.9991 0.0134 0.0400 0.3593 0.5611
-11.7055 -3.1965 -13.1784 -0.9993 -0.0072 0.0375 0.5281 0.3303
-11.6942 -20.3797 0.2192 -0.9999 0.0063 -0.0135 0.4468 0.4325
0.9442 5.7168 -25.6104 -0.0425 0.0183 -0.9989 0.2255 0.2749
9.8048 -48.6777 -21.1081 -0.5016 -0.8370 -0.2188 0.8388 0.6317
6.4398 8.2733 25.9912 0.0312 -0.0004 0.9995 0.0354 0.2624
-11.6747 -29.9931 10.2126 -0.9995 0.0078 0.0297 0.3864 0.4896
11.2054 -19.1009 -10.4452 0.9999 0.0014 -0.0135 0.6971 0.4158
-2.6019 41.3691 26.3200 -0.0197 -0.0180 0.9996 0.0894 0.0640
11.3980 27.7641 -2.9213 0.9994 0.0009 -0.0335 0.7395 0.1344
-8.8662 -17.9009 -25.6442 -0.0046 0.0140 -0.9999 0.1666 0.4164
11.1125 10.4698 -13.0260 1.0000 0.0035 -0.0012 0.6800 0.2386
11.4246 28.0272 -2.0781 0.9997 -0.0027 -0.0233 0.7446 0.1328
-6.9060 -43.7150 -25.9473 -0.0338 -0.0461 -0.9984 0.1782 0.5712
10.5433 -49.1217 -20.6884 -0.1551 -0.9878 -0.0109 0.8433 0.6342
-6.4742 -49.7902 24.4916 0.0685 -0.9027 0.4248 0.7439 0.9061
-6.4742 -49.7902 24.4916 0.1244 -0.2501 0.9602 0.1133 0.6105
-1.5803 51.7257 15.5839 -0.0062 0.9999 -0.0161 0.9358 0.8541
7.8099 42.8198 -26.3063 0.0217 -0.0523 -0.9984 0.2669 0.0526
10.5364 41.4897 26.0154 0.5717 -0.0273 0.8200 0.0107 0.0633
1.4649 9.8951 -25.5575 -0.0411 0.0141 -0.9991 0.2287 0.2498
-1.9070 -11.2403 25.7942 -0.0204 -0.0136 0.9997 0.0856 0.3794
10.9072 12.6546 -24.5020 0.6670 0.0086 -0.7450 0.2854 0.2333
-5.8554 -50.7514 -15.8702 -0.1036 -0.9945 -0.0165 0.5960 0.6739
3.2300 22.9176 -25.6085 -0.0231 -0.0213 -0.9995 0.2394 0.1718
-11.3740 50.2598 7.5796 -0.9575 0.2884 -0.0004 0.4068 0.0087
-11.6360 -17.7599 -2.4345 -0.9996 0.0099 -0.0275 0.4629 0.4170
-11.4995 27.9580 11.1248 -0.9988 -0.0127 0.0468 0.3842 0.1421
0.8764 16.3516 -25.4684 -0.0426 0.0047 -0.9991 0.2252 0.2111
11.2454 -29.3531 -10.1855 1.0000 -0.0020 0.0059 0.6993 0.4772
-11.3834 27.4142 13.4541 -0.9988 -0.0108 0.0470 0.3702 0.1453
7.5808 45.2926 26.5133 0.0250 -0.0401 0.9989 0.0283 0.0405
-11.2998 -47.2574 -25.2803 -0.5063 0.0294 -0.8619 0.1519 0.5924
-2.2441 -49.7214 -25.1152 -0.0315 -0.2681 -0.9629 0.2061 0.6072
11.5646 -6.3428 3.0471 0.9997 -0.0048 -0.0235 0.7773 0.3385
-2.8815 51.7288 18.2693 -0.0345 0.9994 -0.0092 0.9435 0.8703
11.1258 9.5171 -11.9541 0.9999 0.0074 -0.0085 0.6864 0.2443
-7.7055 -32.3858 25.7076 -0.0400 0.0057 0.9992 0.1205 0.5061
2.1737 -51.2006 -16.7832 -0.0142 -0.9998 -0.0103 0.6441 0.6680
-11.8462 -42.9494 -13.3696 -0.9995 -0.0319 -0.0066 0.5270 0.5686
-10.0117 37.3914 -25.1932 -0.3611 -0.0093 -0.9325 0.1601 0.0849
9.6190 -27.3057 -25.9027 0.2515 -0.0122 -0.9678 0.2773 0.4729
11.6773 9.7353 6.1863 0.9997 0.0023 -0.0226 0.7951 0.2419
-8.2824 24.5468 -25.0242 -0.0631 -0.0313 -0.9975 0.1704 0.1619
-11.6858 8.4250 -8.7142 -0.9999 -0.0118 0.0112 0.5020 0.2604
11.3876 -33.5573 3.7044 0.9997 -0.0130 -0.0186 0.7828 0.5016
11.1168 -45.1571 0.6807 0.9992 -0.0340 -0.0191 0.7653 0.5713
11.1981 -33.1377 -7.8867 1.0000 -0.0064 0.0029 0.7133 0.4998
9.4028 49.6606 26.4625 0.0311 0.2088 0.9775 0.0174 0.0143
-11.9406 38.3100 0.9898 -0.9999 -0.0148 0.0039 0.4456 0.0807
-9.5560 -50.5958 11.1182 -0.1670 -0.9857 -0.0222 0.5754 0.8359
10.1178 -5.7751 -25.2323 0.6073 0.0177 -0.7943 0.2805 0.3438
-11.5840 -22.5653 -10.8255 -0.9998 0.0043 0.0202 0.5129 0.4463
-1.5203 -51.4732 9.2864 -0.0497 -0.9986 -0.0194 0.6235 0.8245
11.0628 39.8188 -4.8469 0.9990 0.0378 -0.0226 0.7273 0.0622
0.7508 -50.8368 -25.2355 -0.0284 -0.8378 -0.5453 0.6351 0.6174
11.6496 -29.2620 24.9761 0.6119 -0.0194 0.7907 0.0045 0.4876
11.6496 -29.2620 24.9761 0.9744 0.0611 0.2164 0.9100 0.4746
11.2952 -20.1328 -6.4593 0.9997 -0.0008 -0.0257 0.7211 0.4217
6.5764 50.5808 -6.8010 0.1266 0.9916 -0.0257 0.8882 0.7195
-8.4444 51.3148 15.4661 -0.1043 0.9945 -0.0136 0.9770 0.8538
-11.2568 16.4956 15.4257 -0.9990 0.0035 0.0441 0.3578 0.2106
9.9555 -49.0402 -1.8329 0.0236 -0.9997 0.0059 0.8408 0.7473
11.2234 -34.1371 -11.7695 0.9999 -0.0089 0.0124 0.6900 0.5060
-11.9135 -38.9013 -2.0228 -0.9999 0.0116 -0.0107 0.4592 0.5437
-11.3069 -50.4680 24.6943 -0.3211 -0.8039 0.5007 0.5657 0.9174
-11.3069 -50.4680 24.6943 -0.9874 -0.1189 0.1042 0.2984 0.6115
9.7444 -49.1114 4.9938 -0.0562 -0.9968 -0.0563 0.8400 0.7882
-4.2181 51.1658 25.6518 -0.0400 -0.1881 0.9813 0.0991 0.0053
-11.8916 -7.2004 -18.3465 -0.9994 -0.0081 0.0341 0.5589 0.3546
-8.2929 -50.7097 7.2970 -0.1527 -0.9880 -0.0234 0.5828 0.8129
-11.5403 -38.3626 16.6677 -0.9988 0.0196 0.0458 0.3472 0.5394
10.3004 -25.9632 -25.4426 0.6855 0.0007 -0.7281 0.2815 0.4649
10.6980 46.6376 -9.5400 0.9976 0.0684 -0.0058 0.6988 0.0216
-2.4164 -51.0896 -12.9903 -0.0623 -0.9980 -0.0144 0.6168 0.6910
11.2181 -9.3759 -16.3521 1.0000 0.0001 -0.0012 0.6612 0.3578
10.2416 -27.2735 -25.5026 0.6747 0.0103 -0.7380 0.2811 0.4727
4.7801 -51.2204 -17.1539 -0.0066 -1.0000 -0.0074 0.6597 0.6656
8.2678 -51.1089 -7.5730 0.0838 -0.9964 0.0144 0.6812 0.7229
11.3210 -38.4471 3.9970 0.9995 -0.0224 -0.0232 0.7848 0.5309
10.9753 11.2685 -24.4309 0.6984 0.0089 -0.7157 0.2858 0.2416
10.9753 11.2685 -24.4309 0.9936 0.0029 -0.1125 0.6116 0.2345
-11.7508 42.3526 8.7343 -0.9993 -0.0010 0.0363 0.3994 0.0560
11.9403 32.4436 18.8714 0.9997 0.0169 -0.0177 0.8699 0.1051
-1.1381 49.9811 -25.3579 -0.0427 0.8467 -0.5303 0.9355 0.6087
-1.5603 51.2919 -4.8576 0.0287 0.9996 -0.0083 0.9369 0.7316
11.2004 -22.9275 -13.4165 0.9999 0.0064 0.0089 0.6795 0.4389
5.7564 29.2786 -25.8436 -0.0152 -0.0357 -0.9992 0.2545 0.1337
-6.5864 -10.5275 25.6841 -0.0270 -0.0134 0.9995 0.1136 0.3751
3.4299 -28.7859 -26.1488 0.0014 0.0043 -1.0000 0.2402 0.4818
10.7232 -49.1806 4.8813 0.1340 -0.9905 -0.0315 0.8458 0.7875
-3.1653 51.4369 0.8342 -0.0134 0.9996 -0.0260 0.9462 0.7658
2.5455 1.9444 26.0235 0.0011 -0.0062 1.0000 0.0588 0.3004
11.7903 12.0107 10.6110 0.9995 0.0010 -0.0309 0.8215 0.2280
11.2251 -5.4937 -10.2850 0.9999 -0.0053 -0.0124 0.6973 0.3342
-11.7328 17.9815 -4.1804 -0.9999 -0.0073 -0.0075 0.4754 0.2028
11.2070 -3.9526 -18.6809 0.9999 -0.0025 -0.0158 0.6469 0.3254
-10.0375 51.0459 2.5306 -0.0913 0.9958 -0.0016 0.9873 0.7764
1.9085 50.4431 25.7855 -0.0323 0.2932 0.9555 0.0623 0.0096
5.7854 -26.2668 -26.1219 0.0128 0.0029 -0.9999 0.2543 0.4667
-10.8995 -23.2194 25.3864 -0.7306 0.0198 0.6825 0.1396 0.4512
-8.0093 49.1653 26.1289 -0.0316 0.1702 0.9849 0.1218 0.0172
7.1722 -1.2774 25.9771 0.0312 -0.0049 0.9995 0.0311 0.3197
-5.2041 9.9817 25.9854 -0.0385 0.0107 0.9992 0.1052 0.2521
11.1076 -0.6809 -23.1675 0.9995 0.0016 -0.0314 0.6198 0.3061
9.5921 -24.7647 -25.8827 0.2714 0.0284 -0.9621 0.2772 0.4577
2.1332 -27.0649 -26.1390 -0.0068 0.0039 -1.0000 0.2324 0.4714
-9.7874 -5.1167 -25.3871 -0.1324 0.0358 -0.9906 0.1612 0.3398
9.5558 49.1668 23.0167 0.9422 0.3209 -0.0961 0.5463 0.8801
11.6085 27.6316 3.8617 0.9997 0.0075 -0.0236 0.7802 0.1348
11.1850 4.9108 -10.6574 0.9997 0.0099 -0.0207 0.6945 0.2718
-11.6911 -31.1338 -5.4151 -0.9998 0.0177 -0.0092 0.4800 0.4973
-11.6863 -14.5597 2.0015 -1.0000 -0.0013 -0.0064 0.4365 0.3976
11.0823 12.6640 -21.1616 0.9999 -0.0002 -0.0161 0.6311 0.2259
-11.9706 -1.6883 -18.8491 -0.9992 -0.0112 0.0382 0.5622 0.3216
-9.5971 24.1264 -24.9835 0.0154 -0.0183 -0.9997 0.1625 0.1644
-10.6083 24.6966 25.4286 -0.9849 0.0051 0.1732 0.2983 0.1609
-11.6863 -27.8762 -21.1685 -0.9999 -0.0116 -0.0059 0.5746 0.4787
5.1615 37.6794 26.2587 0.0160 -0.0331 0.9993 0.0429 0.0861
-11.5219 -1.0719 12.6925 -0.9996 0.0095 0.0278 0.3732 0.3161
11.0927 29.5209 -16.3944 0.9997 0.0103 -0.0230 0.6587 0.1246
0.9228 18.1703 26.0878 -0.0004 -0.0062 1.0000 0.0684 0.2031
-0.8129 50.7091 -24.7311 0.0179 0.3739 -0.9273 0.2153 0.0051
5.1397 12.4427 26.0105 0.0167 0.0014 0.9999 0.0432 0.2374
-9.6565 -29.9522 -25.8068 -0.0282 0.0141 -0.9995 0.1618 0.4887
-11.6701 -0.7295 -1.0022 -0.9997 0.0006 -0.0244 0.4553 0.3148
10.8790 14.9861 -24.5017 0.6689 0.0076 -0.7434 0.2852 0.2193
10.8790 14.9861 -24.5017 0.8712 -0.0069 -0.4910 0.6109 0.2122
10.9746 -49.3046 16.4615 0.1159 -0.9921 -0.0487 0.8480 0.8569
11.2024 2.5543 -17.2015 1.0000 0.0071 -0.0047 0.6554 0.2863
11.1318 -5.0214 -21.9316 0.9997 -0.0031 -0.0245 0.6275 0.3320
9.4833 -48.5045 11.4990 0.6753 -0.6256 0.3905 0.8388 0.8272
-11.9075 3.9047 -16.0792 -0.9987 -0.0107 0.0494 0.5459 0.2879
9.1576 48.6399 -16.7004 -0.1932 0.9811 0.0079 0.8733 0.6601
10.5048 7.0117 25.7777 0.5873 0.0136 0.8093 0.0111 0.2700
-11.6159 -3.6575 -2.4234 -0.9997 -0.0067 -0.0236 0.4636 0.3325
-1.1549 -49.7883 -25.0756 -0.0038 -0.3491 -0.9371 0.2127 0.6076
11.4516 39.0982 24.9910 0.7510 0.0041 0.6603 0.0052 0.0777
11.1504 -42.6969 -15.7934 0.9998 -0.0139 0.0168 0.6664 0.5575
-4.9302 -24.9427 -25.9161 -0.0490 0.0118 -0.9987 0.1901 0.4587
-4.7600 51.6564 25.6859 -0.0268 0.9971 0.0716 0.9543 0.9148
-4.7600 51.6564 25.6859 0.0050 0.1726 0.9850 0.1023 0.0023
-11.4547 -20.6423 15.8036 -0.9996 0.0073 0.0281 0.3534 0.4332
11.5898 -2.8492 24.9253 0.6549 -0.0026 0.7557 0.0047 0.3292
9.2182 48.7147 4.9398 0.0265 0.9988 -0.0410 0.8717 0.7898
9.0275 50.8908 23.0581 0.6288 0.7774 -0.0191 0.8718 0.8983
9.0275 50.8908 23.0581 0.9306 0.3652 -0.0246 0.5566 0.8803
-2.9373 46.8342 -25.9126 -0.0848 0.0405 -0.9956 0.2025 0.0284
10.2981 31.2499 -24.9229 0.6777 0.0067 -0.7353 0.2818 0.1218
-10.0185 36.2176 26.0604 -0.1108 -0.0004 0.9938 0.1339 0.0948
11.2493 -24.4554 -17.6848 1.0000 0.0064 -0.0061 0.6540 0.4483
-5.4160 -49.3524 -25.1101 -0.0304 -0.3895 -0.9205 0.1871 0.6049
-1.5821 50.5902 -24.7864 0.0120 0.3953 -0.9185 0.2107 0.0058
-11.7728 -20.0507 -23.9517 -0.9992 -0.0111 -0.0389 0.5917 0.4320
-3.3299 -12.1994 25.7513 -0.0225 -0.0123 0.9997 0.0941 0.3851
-6.8632 -30.6607 25.7294 -0.0408 0.0074 0.9991 0.1154 0.4958
6.7422 32.2347 26.0731 0.0329 -0.0224 0.9992 0.0335 0.1188
-3.2095 50.5062 -24.8359 0.0064 0.3440 -0.9390 0.2010 0.0063
-10.5714 -50.8320 24.9560 -0.2981 -0.9535 0.0453 0.5701 0.9189
-10.5714 -50.8320 24.9560 -0.0019 0.0132 0.9999 0.1378 0.6167
-9.9834 34.8956 26.0669 -0.0915 0.0067 0.9958 0.1337 0.1027
-11.9600 -4.5695 -19.5198 -0.9996 -0.0128 0.0250 0.5660 0.3389
-6.8032 35.7613 26.1430 -0.0194 -0.0142 0.9997 0.1146 0.0976
10.3496 -23.6074 -25.3881 0.6945 0.0012 -0.7195 0.2818 0.4507
11.8960 9.8949 14.1785 0.9996 0.0004 -0.0290 0.8430 0.2405
-7.6262 -17.3222 25.5940 -0.0334 -0.0009 0.9994 0.1199 0.4158
11.4803 9.9213 -1.1716 0.9994 -0.0038 -0.0338 0.7510 0.2412
-10.9755 -8.8482 25.1149 -0.8384 0.0160 0.5448 0.1400 0.3650
-10.9755 -8.8482 25.1149 -0.9642 -0.0023 0.2650 0.2983 0.3620
2.1703 -51.2170 -15.1220 -0.0156 -0.9998 -0.0094 0.6442 0.6780
11.9930 -11.3316 17.9756 0.9995 -0.0010 -0.0328 0.8670 0.3676
9.3799 -47.6381 18.4696 0.4575 -0.8888 0.0291 0.8386 0.8689
11.4543 28.7117 -0.3536 0.9997 0.0074 -0.0250 0.7549 0.1286
0.0479 -51.6616 16.4483 -0.0226 -0.9996 -0.0194 0.6333 0.8674
-11.4502 27.4207 12.0341 -0.9988 -0.0128 0.0468 0.3787 0.1453
11.5599 -12.7594 3.8351 0.9997 -0.0058 -0.0238 0.7823 0.3769
-11.3952 8.1797 13.5589 -0.9991 0.0077 0.0410 0.3685 0.2606
11.3917 8.9793 -3.4027 0.9991 0.0033 -0.0422 0.7377 0.2470
8.9576 -50.0618 20.6358 0.9900 -0.1405 0.0113 0.7033 0.8764
-12.0577 32.2449 -22.1836 -0.9998 0.0040 -0.0218 0.5841 0.1184
11.3438 30.7973 -3.4285 0.9991 0.0180 -0.0391 0.7363 0.1162
1.0475 -49.5232 -25.3479 -0.0265 -0.5374 -0.8429 0.7861 0.6069
12.0011 -25.5041 21.6620 0.9999 -0.0135 -0.0054 0.8899 0.4523
10.8817 11.4321 25.4812 0.6326 -0.0021 0.7745 0.0088 0.2436
10.2044 -49.1360 -24.9788 -0.1355 -0.9877 -0.0774 0.8410 0.6085
-9.0290 30.5958 -25.1347 -0.0625 -0.0325 -0.9975 0.1659 0.1257
11.0477 36.5270 -12.8215 0.9997 0.0227 -0.0121 0.6797 0.0824
-7.8340 51.1874 -1.5639 -0.0561 0.9984 -0.0018 0.9743 0.7517
-10.4665 38.8801 25.8953 -0.8466 0.0154 0.5320 0.1366 0.0789
10.5811 -16.1303 -25.0716 0.6399 0.0167 -0.7683 0.2832 0.4059
-11.8555 31.6783 -6.3581 -0.9999 -0.0107 0.0052 0.4892 0.1208
10.4368 10.4122 25.8233 0.5963 -0.0055 0.8027 0.0114 0.2497
5.6057 39.5627 26.3143 0.0132 -0.0338 0.9993 0.0402 0.0749
11.1184 13.4140 -11.8057 1.0000 0.0001 -0.0065 0.6871 0.2209
-11.9401 -40.6859 1.1111 -1.0000 0.0046 0.0006 0.4403 0.5542
11.0922 8.5841 -21.5720 0.9999 0.0060 -0.0124 0.6288 0.2504
11.3386 -49.4086 24.8926 0.5520 -0.7354 0.3931 0.8507 0.9074
11.3386 -49.4086 24.8926 0.9368 -0.0269 0.3488 0.9107 0.5954
12.0385 -20.2647 21.0459 0.9999 -0.0049 -0.0146 0.8859 0.4209
-11.0429 -50.1294 2.0279 -0.1962 -0.9805 -0.0143 0.5660 0.7815
8.5049 49.3151 -26.5910 0.1027 0.0398 -0.9939 0.2711 0.0136
0.3482 -21.3523 -26.0806 -0.0345 0.0082 -0.9994 0.2218 0.4372
-11.5175 -15.2243 12.6966 -0.9996 0.0013 0.0267 0.3723 0.4009
9.8364 -16.6984 -25.7072 0.5052 -0.0094 -0.8630 0.2787 0.4093
11.2878 8.1726 -6.1794 0.9993 0.0079 -0.0372 0.7211 0.2520
11.5250 -12.4185 2.0941 0.9998 -0.0073 -0.0211 0.7719 0.3750
3.9758 -13.5914 25.8853 -0.0111 -0.0081 0.9999 0.0503 0.3935
9.1052 -49.9046 13.4390 0.9898 -0.1412 0.0164 0.7038 0.8333
-4.7127 -33.2975 -26.0342 -0.0416 0.0098 -0.9991 0.1914 0.5088
10.1793 -49.1045 -11.1203 0.0174 -0.9995 0.0262 0.8417 0.6916
10.0638 -47.0138 -26.0085 0.9306 0.1158 -0.3473 0.5174 0.6635
10.0638 -47.0138 -26.0085 0.8355 0.0509 -0.5472 0.2799 0.5911
-11.6566 -14.1932 6.3913 -0.9998 -0.0027 0.0171 0.4102 0.3951
2.3338 -23.5319 25.9150 -0.0215 0.0160 0.9996 0.0602 0.4531
11.1627 38.0195 -4.1775 0.9985 0.0426 -0.0341 0.7314 0.0730
8.7187 49.6325 -7.7116 0.9773 0.2116 -0.0072 0.5473 0.6960
6.0029 51.3300 25.9918 0.0276 0.3149 0.9487 0.0378 0.0043
6.0029 51.3300 25.9918 0.1382 0.9159 0.3769 0.8898 0.9161
10.1704 48.9778 21.3569 -0.2553 0.9662 -0.0358 0.8651 0.8882
9.2427 -37.7066 -26.0061 0.1287 0.0085 -0.9917 0.2750 0.5353
-0.5639 12.6057 -25.4318 -0.0467 0.0104 -0.9989 0.2166 0.2336
-8.0060 35.5570 -25.3683 -0.1032 -0.0310 -0.9942 0.1721 0.0959
-11.8771 -44.3901 9.1782 -0.9997 -0.0148 0.0185 0.3917 0.5760
-10.9682 -50.0720 -8.5929 -0.4857 -0.8740 -0.0110 0.5658 0.7178
4.2457 51.1616 25.8639 -0.0164 -0.1187 0.9928 0.0483 0.0053
11.5329 34.6663 24.9616 0.7620 0.0022 0.6475 0.0048 0.1043
-11.7156 -22.0746 1.5043 -1.0000 0.0019 -0.0026 0.4390 0.4426
11.0900 -41.3024 -11.2553 0.9997 -0.0024 0.0224 0.6935 0.5489
-11.5734 7.1288 8.8817 -0.9995 0.0060 0.0317 0.3965 0.2671
-10.7299 48.2199 25.6604 -0.9530 -0.0294 0.3015 0.2983 0.0199
10.5208 1.9589 25.8081 0.3994 -0.0066 0.9167 0.0110 0.3003
-9.7157 -1.1471 25.7652 -0.0172 -0.0299 0.9994 0.1323 0.3188
9.3294 -50.6070 -3.7209 0.9459 -0.3243 -0.0062 0.6986 0.7305
9.3294 -50.6070 -3.7209 0.7378 -0.6750 0.0020 0.6878 0.7459
-11.7095 -23.6061 2.8533 -1.0000 0.0024 0.0037 0.4308 0.4517
-6.8051 -22.3085 25.6551 -0.0319 0.0113 0.9994 0.1150 0.4457
-11.9557 38.6270 -23.6379 -0.9791 0.0008 -0.2033 0.5932 0.0802
-11.0253 2.3921 22.8374 -0.9981 0.0148 0.0600 0.3126 0.2947
11.8603 -16.8815 15.0592 0.9991 -0.0055 -0.0410 0.8498 0.4010
-11.9337 -42.3945 -2.1938 -0.9999 -0.0070 -0.0111 0.4600 0.5647
-11.2109 -2.3189 20.5359 -0.9988 0.0106 0.0486 0.3261 0.3231
-11.7253 -45.3168 -14.4169 -0.9976 -0.0680 -0.0092 0.5331 0.5829
4.9491 -51.2149 -18.1067 -0.0007 -1.0000 -0.0095 0.6607 0.6599
11.5461 24.2569 1.5883 0.9998 -0.0029 -0.0220 0.7668 0.1551
7.5080 -49.8445 25.2662 -0.4588 0.0335 0.8879 0.0294 0.6109
11.5959 -23.3482 24.9323 0.6104 0.0103 0.7920 0.0047 0.4521
-11.6079 -23.7348 10.5462 -0.9997 0.0073 0.0231 0.3847 0.4521
-11.5841 -7.9797 -3.1370 -0.9996 -0.0164 -0.0242 0.4677 0.3584
9.9264 -39.0896 -25.6472 0.8889 -0.0238 -0.4576 0.5191 0.6160
9.9264 -39.0896 -25.6472 0.8013 -0.0295 -0.5975 0.2791 0.5436
-9.6453 10.5737 -24.9784 -0.0128 0.0433 -0.9990 0.1621 0.2457
7.1778 51.1408 26.0124 -0.0178 0.0739 0.9971 0.0307 0.0055
7.1778 51.1408 26.0124 -0.0157 0.8847 0.4659 0.8827 0.9161
-11.2697 -1.5042 19.1071 -0.9989 0.0112 0.0457 0.3347 0.3183
-11.6454 -16.9247 -1.8118 -0.9995 0.0059 -0.0304 0.4592 0.4120
11.0556 -1.4120 -24.1643 0.9795 -0.0138 -0.2012 0.6139 0.3105
7.0830 -7.8607 -25.8890 0.0279 0.0162 -0.9995 0.2623 0.3563
9.6857 10.9154 -25.2778 0.4328 0.0041 -0.9015 0.2780 0.2438
-1.0168 51.5152 3.7183 0.0251 0.9993 -0.0286 0.9331 0.7829
11.7835 2.9137 10.5707 0.9995 -0.0008 -0.0305 0.8218 0.2826
-6.3299 51.3056 -15.8833 -0.0279 0.9996 0.0036 0.9661 0.6658
9.1788 18.5639 -25.4530 0.1927 -0.0148 -0.9812 0.2750 0.1979
10.7932 48.9342 9.0649 0.8808 0.4684 -0.0689 0.8102 0.0068
10.7932 48.9342 9.0649 -0.1325 0.9912 0.0063 0.8620 0.8145
-3.1633 -3.0555 -25.5933 -0.0484 0.0231 -0.9986 0.2009 0.3275
9.6916 -48.4980 12.7881 -0.6984 -0.6838 -0.2113 0.8401 0.8349
9.4512 -50.2346 -4.6133 0.9670 -0.2543 -0.0130 0.7008 0.7251
9.3886 -48.8780 9.0768 0.9685 -0.2473 0.0283 0.7097 0.8071
9.3886 -48.8780 9.0768 0.0236 -0.9997 -0.0052 0.8381 0.8127
0.2894 3.8923 26.0204 -0.0109 -0.0085 0.9999 0.0723 0.2887
10.8415 -10.7550 -24.7701 0.6236 0.0232 -0.7814 0.2848 0.3737
10.8415 -10.7550 -24.7701 0.9352 -0.0017 -0.3540 0.6108 0.3665
-11.0769 -16.0695 25.0446 -0.9701 0.0002 0.2426 0.2983 0.4053
-3.1118 43.9554 26.3570 -0.0263 -0.0169 0.9995 0.0924 0.0485
10.1278 48.9561 -2.5514 -0.0454 0.9989 0.0118 0.8667 0.7449
3.9653 26.7266 26.1045 0.0174 -0.0041 0.9998 0.0501 0.1518
-11.1926 12.8922 17.3248 -0.9989 0.0074 0.0472 0.3462 0.2321
5.2324 6.4107 -25.6815 0.0060 0.0186 -0.9998 0.2513 0.2708
-11.0470 27.1529 19.8485 -0.9980 -0.0036 0.0625 0.3319 0.1465
-10.1273 27.7231 -24.9835 -0.3017 -0.0260 -0.9531 0.1593 0.1429
-9.3218 -49.7732 25.0477 0.1405 -0.3154 0.9385 0.1303 0.6104
-9.3218 -49.7732 25.0477 -0.0006 -0.5407 0.8412 0.7268 0.9096
11.5304 24.3089 0.7932 0.9997 0.0012 -0.0251 0.7620 0.1549
11.3767 -49.4909 22.7243 0.9301 -0.3550 -0.0936 0.8977 0.5960
11.3767 -49.4909 22.7243 -0.0971 -0.9944 -0.0421 0.8508 0.8944
-3.6783 9.0594 -25.3075 -0.0768 0.0170 -0.9969 0.1979 0.2548
-4.2777 45.7795 26.3370 -0.0368 -0.0034 0.9993 0.0994 0.0375
8.9612 48.8010 -4.1240 0.3381 0.9404 -0.0350 0.8738 0.7355
8.9612 48.8010 -4.1240 0.9800 0.1965 -0.0316 0.5425 0.7175
8.8699 48.8666 -19.7061 0.9265 0.3758 0.0169 0.5420 0.6241
8.8699 48.8666 -19.7061 0.7484 0.6609 0.0556 0.8752 0.6421
-2.6835 -49.9222 -25.0818 -0.0208 0.1935 -0.9809 0.2035 0.6084
10.7016 -49.1882 -24.1205 -0.0732 -0.9967 0.0348 0.8440 0.6136
-11.7586 21.1124 -10.2071 -0.9999 -0.0026 0.0156 0.5117 0.1844
-4.4710 7.0878 -25.2767 -0.0757 0.0194 -0.9969 0.1931 0.2666
-11.7529 30.4318 5.0117 -0.9996 -0.0076 0.0268 0.4210 0.1277
-11.6602 -18.8840 -24.4956 -0.8755 0.0042 -0.4831 0.5951 0.4250
-11.6602 -18.8840 -24.4956 -0.6819 0.0071 -0.7314 0.1499 0.4222
11.2241 -35.3986 -5.3339 0.9998 -0.0126 -0.0128 0.7287 0.5132
11.4425 20.9822 -2.8164 0.9992 0.0023 -0.0392 0.7405 0.1750
11.1904 -16.2679 -18.0057 1.0000 0.0002 0.0010 0.6516 0.3992
6.2627 34.0311 -25.9767 0.0013 -0.0296 -0.9996 0.2576 0.1052
-6.4783 7.9281 25.9402 -0.0513 -0.0022 0.9987 0.1129 0.2644
-11.6871 -31.9961 -20.1263 -0.9999 0.0094 -0.0131 0.5681 0.5033
-11.6976 -20.3362 3.4459 -1.0000 0.0074 0.0006 0.4275 0.4321
9.7011 35.1401 -25.6394 0.6411 -0.0043 -0.7674 0.2782 0.0986
-11.6817 16.6855 4.2234 -0.9997 -0.0026 0.0255 0.4249 0.2101
-11.6760 13.0810 -5.7747 -1.0000 -0.0018 -0.0052 0.4847 0.2323
2.4190 -51.2482 -5.5841 0.0126 -0.9999 -0.0056 0.6462 0.7351
-2.2608 51.6237 8.4613 -0.0143 0.9998 -0.0153 0.9403 0.8114
-11.7399 19.4456 -4.5163 -0.9999 -0.0063 -0.0127 0.4775 0.1941
10.0134 -49.0920 4.6461 -0.1617 -0.9702 -0.1804 0.8416 0.7861
-9.9656 27.8737 26.0713 -0.0066 -0.0027 1.0000 0.1336 0.1448
10.0394 -48.8621 -21.2896 -0.6508 -0.7497 -0.1204 0.8402 0.6306
-6.7565 -50.7757 -5.2473 -0.1190 -0.9929 -0.0080 0.5912 0.7377
-5.7474 -32.6415 25.7923 -0.0417 0.0066 0.9991 0.1087 0.5077
7.1792 -30.7213 26.0469 0.0118 0.0167 0.9998 0.0312 0.4962
8.9167 48.7151 -11.1964 0.9721 0.2344 -0.0033 0.5416 0.6751
8.9167 48.7151 -11.1964 0.7904 0.6118 -0.0296 0.8744 0.6931
6.9700 -12.0301 25.8973 0.0219 -0.0167 0.9996 0.0324 0.3842
-11.6732 -28.3682 -10.8082 -1.0000 0.0015 0.0042 0.5125 0.4811
-11.6705 -9.9191 0.2736 -0.9998 0.0012 -0.0212 0.4471 0.3698
11.3322 -30.0320 -1.3250 0.9997 -0.0132 -0.0210 0.7524 0.4808
-11.6647 -30.1561 -8.1252 -1.0000 0.0085 0.0007 0.4963 0.4916
12.0052 15.5685 17.8484 0.9996 -0.0023 -0.0288 0.8647 0.2063
9.2965 -48.7878 26.2849 0.0997 -0.0574 0.9934 0.0186 0.6045
-11.7196 -44.7372 14.8977 -0.9994 0.0057 0.0333 0.3574 0.5777
2.7503 -22.6319 -26.1281 -0.0033 0.0062 -1.0000 0.2362 0.4449
0.2816 -32.1542 -26.1515 -0.0084 0.0070 -0.9999 0.2213 0.5019
11.4556 -49.5401 24.4769 0.1789 -0.9832 0.0357 0.8514 0.9049
11.4556 -49.5401 24.4769 0.9821 -0.0782 0.1716 0.9082 0.5962
11.0211 -49.0355 9.8637 0.9841 -0.1766 -0.0207 0.8206 0.5940
11.0211 -49.0355 9.8637 0.4044 -0.9120 -0.0683 0.8479 0.8173
3.5195 30.7808 -25.8422 -0.0260 -0.0300 -0.9992 0.2411 0.1247
-4.2976 -42.8750 -26.0973 -0.0458 -0.0269 -0.9986 0.1938 0.5662
-11.6042 -14.1568 -3.3400 -0.9994 0.0188 -0.0279 0.4685 0.3954
-1.9715 -49.9261 24.3348 0.0471 0.5308 0.8462 0.0863 0.6114
-11.9515 32.5445 -14.0124 -0.9998 -0.0065 0.0196 0.5351 0.1161
5.7557 -49.5197 -25.4122 -0.0337 -0.7064 -0.7070 0.8143 0.6062
5.7557 -49.5197 -25.4122 -0.0260 -0.2021 -0.9790 0.2541 0.6060
8.7285 50.8750 15.6524 0.6970 0.7166 -0.0252 0.8740 0.8540
9.5206 -49.1067 5.3584 0.9314 -0.3617 0.0414 0.7081 0.7848
9.5206 -49.1067 5.3584 -0.0703 -0.9975 -0.0053 0.8387 0.7904
11.1522 -49.5522 24.2024 -0.1636 -0.9844 -0.0647 0.8495 0.9033
-3.1780 51.1965 -23.9560 0.0408 0.9822 -0.1833 0.9477 0.6172
11.4606 18.1338 -2.3043 0.9993 -0.0049 -0.0367 0.7438 0.1921
4.3023 45.4627 -26.3901 -0.0415 -0.0396 -0.9984 0.2459 0.0367
-11.3884 5.0665 14.4472 -0.9990 0.0114 0.0427 0.3630 0.2792
8.9154 49.2508 -2.9052 0.9755 0.2180 -0.0282 0.5453 0.7248
0.3370 51.5709 7.7552 0.0346 0.9992 -0.0212 0.9248 0.8071
9.5518 -49.1250 -11.8893 0.4537 -0.8909 -0.0217 0.8379 0.6870
-5.6444 -50.8418 -10.7028 -0.1001 -0.9949 -0.0133 0.5976 0.7049
11.7622 -22.4578 13.4108 0.9993 -0.0041 -0.0378 0.8403 0.4345
2.0196 -30.1708 26.0127 -0.0221 0.0141 0.9997 0.0621 0.4929
10.6976 -49.0517 -2.6220 0.2695 -0.9627 -0.0253 0.8453 0.7425
8.8815 4.8386 -25.5566 0.1537 0.0112 -0.9880 0.2731 0.2802
-12.0982 16.8646 -21.2673 -0.9997 -0.0064 -0.0241 0.5777 0.2105
4.7152 -48.6255 26.2419 -0.0021 -0.7294 0.6841 0.8111 0.9158
4.7152 -48.6255 26.2419 -0.0253 -0.1296 0.9912 0.0461 0.6035
11.2754 -49.1824 19.3464 0.9885 -0.1447 -0.0440 0.8774 0.5944
12.0712 -5.3781 20.5015 0.9998 -0.0058 -0.0177 0.8818 0.3317
-10.0758 -12.9802 25.5641 -0.0277 -0.0155 0.9995 0.1346 0.3898
11.2563 -29.1280 -11.7464 1.0000 -0.0027 0.0053 0.6899 0.4759
-10.1376 38.9187 26.0434 -0.2047 -0.0190 0.9786 0.1346 0.0786
11.6711 40.7799 16.7907 0.9992 0.0340 -0.0203 0.8569 0.0552
10.4276 -49.0893 -5.8796 0.0423 -0.9990 0.0124 0.8434 0.7230
-11.4547 -12.6246 15.1841 -0.9996 -0.0038 0.0283 0.3576 0.3852
-11.7139 -24.7946 1.5594 -1.0000 0.0070 -0.0045 0.4385 0.4589
9.7720 31.7830 -25.4408 0.7644 -0.0136 -0.6446 0.2786 0.1187
9.6433 30.4986 -25.5703 0.7196 -0.0104 -0.6943 0.2778 0.1264
8.1503 -14.6161 25.8178 0.0220 -0.0115 0.9997 0.0253 0.3997
-5.7999 46.9028 26.2794 -0.0377 -0.0005 0.9993 0.1085 0.0308
-10.7710 -4.8375 25.4995 -0.9134 0.0106 0.4069 0.2962 0.3379
-10.3567 0.5103 25.8423 -0.2022 -0.0163 0.9792 0.1362 0.3089
5.5531 -24.1048 25.9446 0.0076 0.0164 0.9998 0.0409 0.4565
-7.4279 21.9220 -25.0089 -0.0663 -0.0295 -0.9974 0.1755 0.1777
9.3778 -50.0359 -21.0097 0.9735 -0.2282 0.0144 0.7011 0.6268
-11.7476 -48.6137 11.2668 -0.9991 -0.0434 0.0029 0.3790 0.6012
11.6339 3.2585 4.8193 0.9997 -0.0117 -0.0195 0.7873 0.2808
-11.2215 -18.2897 21.8512 -0.9992 0.0007 0.0408 0.3173 0.4188
11.7689 24.5976 10.1607 0.9997 0.0048 -0.0237 0.8181 0.1526
1.6350 46.7096 -26.2731 -0.0735 0.0022 -0.9973 0.2299 0.0292
9.9363 0.0022 -25.2445 0.6018 0.0148 -0.7985 0.2794 0.3092
-11.7366 0.4873 2.7542 -1.0000 -0.0000 0.0061 0.4328 0.3073
-11.9999 1.8114 -18.5741 -0.9992 -0.0114 0.0372 0.5607 0.3006
-9.1044 20.4763 -24.9158 0.0270 -0.0105 -0.9996 0.1654 0.1863
-11.6062 -17.1675 -11.2382 -0.9999 -0.0018 0.0169 0.5157 0.4139
11.2375 -3.7258 -11.6152 1.0000 -0.0071 -0.0048 0.6892 0.3237
-10.9700 32.5883 21.2272 -0.9973 -0.0042 0.0732 0.3240 0.1138
11.1360 17.2666 -12.6997 1.0000 -0.0077 0.0035 0.6815 0.1979
10.7093 48.9274 8.0706 0.8868 0.4562 -0.0736 0.8042 0.0069
10.7093 48.9274 8.0706 -0.1183 0.9928 0.0207 0.8626 0.8085
11.2236 -0.7748 -11.3884 0.9999 0.0056 -0.0114 0.6904 0.3059
10.1639 -49.1533 6.4165 -0.1505 -0.9882 0.0277 0.8426 0.7967
-11.6006 11.6184 -24.3960 -0.5316 -0.0019 -0.8470 0.1504 0.2394
11.6480 -23.0040 10.1601 0.9995 -0.0069 -0.0307 0.8208 0.4380
0.1146 -24.6485 25.8777 -0.0261 0.0161 0.9995 0.0735 0.4598
-0.7865 -50.1483 24.4794 0.0167 0.6177 0.7863 0.0792 0.6127
-11.5363 5.9375 10.2398 -0.9994 0.0068 0.0336 0.3883 0.2742
-11.9206 23.0625 -14.0311 -0.9989 -0.0038 0.0457 0.5347 0.1729
-11.8833 -38.4823 -3.4662 -0.9997 0.0190 -0.0149 0.4679 0.5413
-8.9750 36.9829 26.1118 -0.0319 -0.0119 0.9994 0.1276 0.0902
6.6971 38.7525 26.2684 0.0200 -0.0371 0.9991 0.0337 0.0797
9.4989 48.9565 21.8069 0.9725 0.2231 -0.0673 0.5449 0.8729
9.4989 48.9565 21.8069 0.5297 0.8402 -0.1162 0.8691 0.8909
7.4800 -41.2668 26.2370 0.0002 0.0232 0.9997 0.0295 0.5594
9.9650 -19.9021 -25.7238 0.4971 0.0121 -0.8676 0.2795 0.4285
-11.7370 17.2636 -2.7592 -1.0000 -0.0066 -0.0069 0.4668 0.2071
-11.5431 -11.1462 -5.7691 -0.9999 -0.0054 -0.0131 0.4833 0.3775
10.2615 -37.9635 -25.3926 0.5955 -0.0380 -0.8025 0.2812 0.5368
9.0545 -50.9067 -4.5133 0.5049 -0.8631 0.0085 0.6861 0.7412
-11.6020 3.3769 -24.4720 -0.6297 0.0042 -0.7768 0.1504 0.2888
3.8727 48.3216 -26.4408 -0.0667 -0.0069 -0.9977 0.2433 0.0196
10.0736 -12.3315 -25.4291 0.6307 0.0119 -0.7760 0.2802 0.3831
9.9653 -49.0445 -24.2443 -0.1613 -0.9866 0.0251 0.8396 0.6129
7.5299 48.6635 26.5154 -0.0170 0.1317 0.9911 0.0286 0.0203
-11.6418 -29.2326 -5.3546 -0.9995 0.0300 0.0032 0.4797 0.4859
-1.3679 -45.0463 -26.1366 -0.0413 -0.0540 -0.9977 0.2114 0.5792
-11.8590 -15.2798 -21.5730 -0.9999 -0.0117 -0.0098 0.5777 0.4032
11.3065 -45.6684 13.0225 0.9988 -0.0462 -0.0171 0.8393 0.5737
-11.9789 22.4826 -23.7296 -0.9536 0.0155 -0.3005 0.5928 0.1770
10.9614 21.3096 -24.1899 0.9825 0.0139 -0.1859 0.6124 0.1743
6.8251 -48.9712 25.8518 -0.0764 -0.8851 0.4591 0.8237 0.9134
9.2815 39.0765 -25.9818 0.3366 -0.0574 -0.9399 0.2757 0.0750
9.3489 -49.9799 -16.9330 0.9884 -0.1517 0.0113 0.7016 0.6512
-9.5246 -50.3731 -2.4257 -0.1657 -0.9862 -0.0017 0.5748 0.7547
-11.8831 17.4569 -24.1446 -0.9433 0.0068 -0.3320 0.5950 0.2071
-11.8831 17.4569 -24.1446 -0.7822 0.0133 -0.6229 0.1488 0.2043
-11.5381 -13.7115 -7.5962 -0.9999 0.0005 0.0153 0.4941 0.3930
3.9361 -18.5346 -26.0941 0.0036 0.0082 -1.0000 0.2433 0.4203
11.1136 12.1297 -13.4867 1.0000 -0.0015 0.0064 0.6771 0.2287
-10.2826 -29.3084 -25.6859 -0.3999 0.0087 -0.9165 0.1580 0.4848
11.1051 -39.4009 -5.7472 0.9994 -0.0325 -0.0132 0.7265 0.5372
11.4859 13.9456 -0.7417 0.9995 -0.0110 -0.0313 0.7534 0.2171
11.1294 22.5707 -12.5965 0.9999 0.0074 -0.0081 0.6818 0.1661
-11.7225 17.6758 2.5005 -0.9998 -0.0050 0.0181 0.4353 0.2043
11.9780 27.2179 17.6752 0.9997 0.0082 -0.0226 0.8630 0.1365
-11.6177 -27.4059 -24.5343 -0.8338 -0.0006 -0.5521 0.1501 0.4733
-7.9119 32.9659 -25.3025 -0.0939 -0.0238 -0.9953 0.1726 0.1115
-11.4477 49.2322 12.8244 -0.9961 0.0862 0.0185 0.3753 0.0145
-11.0666 -44.0843 25.1980 -0.5510 0.0536 0.8328 0.1407 0.5763
-11.0666 -44.0843 25.1980 -0.9804 0.0134 0.1965 0.2958 0.5732
11.9365 13.2335 15.7792 0.9995 0.0009 -0.0302 0.8524 0.2204
3.7249 22.3693 26.0895 0.0122 -0.0024 0.9999 0.0516 0.1779
-11.4206 10.1993 12.5667 -0.9992 0.0067 0.0398 0.3746 0.2485
9.5182 48.6560 19.0682 -0.0289 0.9974 -0.0667 0.8691 0.8745
-11.5012 -49.8053 21.1307 -0.9915 -0.1265 0.0307 0.3198 0.6077
10.5352 -12.1544 25.6824 0.4482 -0.0092 0.8939 0.0110 0.3850
-5.5809 -34.6463 25.8099 -0.0425 0.0049 0.9991 0.1077 0.5197
-11.4208 19.6636 11.5790 -0.9991 -0.0017 0.0420 0.3810 0.1918
11.5140 -7.4547 1.0928 0.9997 -0.0042 -0.0235 0.7656 0.3453
10.7551 37.4707 -22.1718 0.9986 0.0232 -0.0484 0.6236 0.0773
9.0173 11.7741 25.9466 0.0026 -0.0022 1.0000 0.0199 0.2415
11.8462 29.1412 13.2751 0.9995 0.0071 -0.0292 0.8365 0.1252
-9.6918 -7.1526 -25.4753 -0.0089 0.0346 -0.9994 0.1617 0.3520
-0.0236 -39.5993 -26.2302 -0.0088 0.0105 -0.9999 0.2194 0.5466
-11.1205 38.2511 19.8320 -0.9975 -0.0108 0.0693 0.3326 0.0799
9.7983 -48.1119 22.1917 -0.8574 -0.5130 -0.0408 0.8413 0.8912
2.7688 -38.0062 -26.2076 0.0047 0.0136 -0.9999 0.2362 0.5370
10.8662 42.9308 -11.5933 0.9994 0.0352 -0.0039 0.6867 0.0440
9.5924 39.6937 -25.8372 0.9655 0.0052 -0.2604 0.5304 0.6726
-10.7701 -16.9883 25.4437 -0.3638 -0.0382 0.9307 0.1388 0.4138
-3.3941 5.6218 26.0109 -0.0035 -0.0118 0.9999 0.0944 0.2783
8.2719 -51.4992 13.9734 0.0793 -0.9965 -0.0279 0.6824 0.8520
2.9846 50.0162 -25.1890 0.0370 0.9901 -0.1352 0.9108 0.6095
-5.3210 -12.9901 -25.7076 -0.0547 0.0216 -0.9983 0.1879 0.3870
11.3665 7.7587 -4.2012 0.9992 0.0079 -0.0391 0.7330 0.2544
-11.8687 33.2916 -0.3939 -1.0000 -0.0088 0.0009 0.4536 0.1108
-11.6005 -12.9636 -1.8114 -0.9997 0.0152 -0.0204 0.4594 0.3882
-11.6961 48.7389 -12.5308 -0.9946 0.1034 0.0050 0.5272 0.0189
-9.7129 -27.3214 -25.7721 -0.0650 0.0156 -0.9978 0.1615 0.4729
5.4242 -49.5774 25.1997 0.0514 -0.3518 0.9347 0.0419 0.6093
-11.0452 -23.6249 25.1210 -0.9614 -0.0088 0.2750 0.2974 0.4506
-7.7108 -13.1914 -25.5872 -0.0413 0.0163 -0.9990 0.1736 0.3882
-5.1819 -45.9067 -25.8750 -0.0540 -0.0940 -0.9941 0.1885 0.5843
-11.7070 -4.0422 1.5953 -0.9998 -0.0018 -0.0208 0.4395 0.3345
5.3108 50.7070 -7.9191 0.1168 0.9929 -0.0222 0.8959 0.7129
9.8172 -49.0778 2.7055 0.9052 -0.4194 -0.0693 0.7082 0.7689
9.8172 -49.0778 2.7055 0.3897 -0.9157 0.0978 0.8403 0.7745
-2.8600 51.3434 -10.6538 0.0276 0.9996 -0.0001 0.9450 0.6969
11.2485 -49.4370 21.5711 0.4266 -0.9043 -0.0133 0.8499 0.8875
11.2485 -49.4370 21.5711 0.8992 -0.4210 -0.1196 0.8908 0.5958
11.7406 2.4154 9.2386 0.9994 0.0012 -0.0339 0.8139 0.2856
-0.2291 -49.9476 24.2897 0.0789 0.5710 0.8171 0.0758 0.6115
-10.1950 14.5922 26.0095 -0.0433 -0.0069 0.9990 0.1351 0.2245
-11.8797 -12.4147 -18.9915 -0.9998 -0.0027 0.0200 0.5624 0.3859
-11.8004 -36.4139 -14.1227 -0.9997 0.0260 0.0022 0.5319 0.5295
-11.7112 45.1457 -24.0574 -0.8787 0.0069 -0.4774 0.5961 0.0411
-11.7112 45.1457 -24.0574 -0.7702 -0.0014 -0.6378 0.1500 0.0384
-8.3818 -50.4385 -17.0595 -0.1303 -0.9914 -0.0150 0.5808 0.6669
8.5199 -51.5327 20.1158 0.5149 -0.8570 -0.0200 0.6843 0.8889
8.4824 49.5702 -21.0677 0.6578 0.7520 -0.0412 0.8776 0.6339
-5.7079 21.0031 -25.1203 -0.0764 -0.0235 -0.9968 0.1858 0.1832
-11.6758 -25.6650 -13.2116 -0.9999 0.0011 0.0110 0.5270 0.4650
10.1281 -38.7324 -25.4391 0.6385 -0.0403 -0.7686 0.2803 0.5414
-11.9400 -2.3987 -23.3833 -0.9986 0.0064 -0.0519 0.5893 0.3261
11.0081 42.8999 -1.9930 0.9981 0.0545 -0.0284 0.7442 0.0436
9.4618 48.3855 -26.3341 0.9682 0.0548 -0.2442 0.5270 0.6205
5.0066 25.1793 26.0727 0.0304 -0.0029 0.9995 0.0439 0.1611
-10.5127 6.9734 25.8206 -0.5580 0.0049 0.8298 0.1371 0.2701
-10.5127 6.9734 25.8206 -0.8930 0.0189 0.4496 0.2950 0.2671
10.5286 -14.3842 -25.0947 0.6433 0.0003 -0.7656 0.2829 0.3954
-3.2557 41.8195 26.3137 -0.0221 -0.0173 0.9996 0.0933 0.0613
-11.6398 2.1702 -10.5074 -0.9995 -0.0051 0.0327 0.5124 0.2980
-2.4870 51.6827 12.9678 -0.0117 0.9999 -0.0127 0.9414 0.8385
1.7706 51.5983 11.7197 0.0634 0.9978 -0.0194 0.9159 0.8307
0.0301 51.7952 25.1941 -0.0048 0.9994 0.0330 0.9256 0.9116
-11.9477 1.2736 -23.5701 -0.9957 -0.0123 -0.0919 0.5907 0.3041
9.4793 47.1423 -25.7014 0.9894 0.0043 -0.1448 0.5308 0.6280
-2.3135 36.4403 -25.8276 -0.0394 -0.0251 -0.9989 0.2062 0.0907
-11.6356 -49.3591 5.3178 -0.9892 -0.1464 -0.0043 0.4146 0.6060
-9.2073 14.9515 25.9824 0.0195 -0.0024 0.9998 0.1292 0.2223
-11.8141 -41.9466 -18.3697 -0.9996 -0.0210 -0.0192 0.5570 0.5629
-11.7398 -26.2963 3.3287 -0.9998 0.0181 -0.0000 0.4278 0.4678
11.4597 0.0166 -2.1588 0.9998 -0.0009 -0.0209 0.7457 0.3007
-11.6737 -27.0496 -12.4669 -1.0000 0.0011 0.0031 0.5225 0.4733
-1.5433 -51.5535 13.8487 -0.0486 -0.9987 -0.0179 0.6236 0.8519
10.7356 35.6489 -23.1575 0.9984 0.0177 -0.0544 0.6178 0.0883
7.7216 50.7157 1.6890 0.1905 0.9812 -0.0301 0.8809 0.7703
11.5796 -0.9984 3.4828 0.9996 0.0095 -0.0274 0.7796 0.3064
9.4984 48.9008 -4.7341 -0.2869 0.9570 -0.0428 0.8706 0.7318
7.6585 -48.8132 -26.2860 0.0414 -0.5255 -0.8498 0.8257 0.6008
7.6585 -48.8132 -26.2860 0.0166 -0.1488 -0.9887 0.2654 0.6019
10.1988 48.9145 -21.2968 0.6056 0.7953 -0.0263 0.8673 0.6325
9.2439 48.6984 -6.2896 -0.3349 0.9416 -0.0357 0.8722 0.7225
5.8234 47.4206 -26.5243 -0.0274 -0.0316 -0.9991 0.2550 0.0250
0.1380 -49.7166 24.0955 0.1630 0.2230 0.9611 0.0736 0.6101
5.0331 41.2941 26.3776 0.0067 -0.0332 0.9994 0.0436 0.0645
3.7406 8.6048 26.0424 0.0108 -0.0026 0.9999 0.0516 0.2604
-6.3744 -51.1444 25.0844 -0.0285 0.1540 0.9877 0.1126 0.6186
2.0283 49.2438 -26.2281 -0.1023 0.1341 -0.9857 0.2323 0.0140
-11.4317 -50.1153 11.1486 -0.5275 -0.8495 -0.0095 0.5642 0.8362
-11.4317 -50.1153 11.1486 -0.8964 -0.4432 -0.0115 0.3796 0.6102
10.3828 -17.1900 25.7671 0.2952 0.0082 0.9554 0.0119 0.4151
-11.1344 3.4080 20.6075 -0.9988 0.0117 0.0481 0.3260 0.2888
-9.7018 -2.9818 -25.3328 -0.0115 0.0243 -0.9996 0.1617 0.3270
-11.9509 42.4479 -23.3238 -0.9985 0.0164 -0.0521 0.5915 0.0573
9.9591 -42.6308 -25.5243 0.9177 -0.0220 -0.3966 0.5200 0.6372
9.9591 -42.6308 -25.5243 0.7095 -0.0217 -0.7044 0.2793 0.5648
-11.9484 -43.6465 2.1628 -0.9998 -0.0202 -0.0020 0.4338 0.5719
11.2215 11.4300 -7.4108 0.9992 0.0030 -0.0389 0.7136 0.2326
4.0501 -48.1880 -26.1830 -0.0532 -0.0592 -0.9968 0.2438 0.5981
11.0820 10.3622 -21.4912 0.9999 0.0051 -0.0153 0.6292 0.2398
-11.6076 -28.1269 -4.9822 -0.9997 0.0226 -0.0051 0.4776 0.4793
9.1617 25.0426 25.9178 0.0318 0.0034 0.9995 0.0190 0.1619
-11.3277 -10.1830 18.9315 -0.9992 0.0031 0.0403 0.3353 0.3704
-8.2257 21.8120 26.0085 0.0021 -0.0042 1.0000 0.1232 0.1812
10.8053 18.6074 -24.5602 0.5573 0.0034 -0.8303 0.2848 0.1976
-11.7356 14.2231 0.1933 -0.9999 -0.0120 0.0019 0.4490 0.2251
11.1327 -18.0924 -21.6694 0.9994 0.0007 -0.0350 0.6298 0.4104
-8.5425 -12.1613 25.6120 -0.0242 -0.0137 0.9996 0.1254 0.3849
-11.7013 -20.5564 2.5564 -0.9999 0.0139 0.0011 0.4328 0.4335
-11.6738 -28.5517 -24.4376 -0.9999 -0.0136 0.0043 0.5942 0.4829
-11.6738 -28.5517 -24.4376 -0.8261 -0.0029 -0.5635 0.1498 0.4802
4.7659 39.2518 -26.1257 -0.0207 -0.0455 -0.9987 0.2486 0.0739
-3.8366 24.2048 -25.3580 -0.0630 -0.0322 -0.9975 0.1970 0.1640
-9.6754 -23.4004 -25.7095 -0.1049 0.0139 -0.9944 0.1617 0.4494
-12.0469 15.6922 -17.6858 -0.9989 -0.0031 0.0467 0.5562 0.2173
-11.6116 -49.3849 1.2464 -0.9864 -0.1640 -0.0138 0.4390 0.6064
2.9282 -46.7896 -26.1957 -0.0344 -0.0404 -0.9986 0.2371 0.5897
1.5053 -50.5645 -25.2474 -0.0107 0.2890 -0.9573 0.2286 0.6123
-11.6548 -29.5863 -24.1450 -0.9999 -0.0111 0.0113 0.5923 0.4891
-11.1724 -6.3405 21.9548 -0.9988 0.0057 0.0488 0.3174 0.3471
11.1748 36.9068 -5.2752 0.9991 0.0309 -0.0280 0.7249 0.0797
-0.5132 -4.3674 25.9236 -0.0160 -0.0142 0.9998 0.0772 0.3382
9.5952 -49.4495 -2.2746 0.9664 -0.2570 0.0085 0.7057 0.7390
10.9915 -47.0181 -11.6605 0.9990 -0.0431 0.0144 0.6915 0.5832
11.3805 -41.4801 25.0811 0.6940 0.0026 0.7200 0.0061 0.5608
11.3805 -41.4801 25.0811 0.8632 -0.0044 0.5049 0.9114 0.5479
-11.9754 28.5779 -23.4862 -0.9827 0.0050 -0.1854 0.5917 0.1404
-8.9507 -50.6484 8.9562 -0.1593 -0.9870 -0.0231 0.5789 0.8229
-9.7221 50.8669 -24.6449 -0.0160 0.2232 -0.9746 0.1619 0.0041
11.1644 -47.7581 -23.0107 0.9992 -0.0389 -0.0018 0.6234 0.5883
8.3870 10.2086 25.9400 0.0106 -0.0052 0.9999 0.0237 0.2509
-11.4514 -36.6029 17.9138 -0.9988 0.0149 0.0464 0.3398 0.5288
-10.8780 -14.4512 25.4649 -0.2233 -0.0091 0.9747 0.1394 0.3986
-10.8780 -14.4512 25.4649 -0.8905 0.0012 0.4550 0.2959 0.3956
9.0542 48.8638 -0.0130 0.8009 0.5890 -0.1079 0.8730 0.7601
9.0542 48.8638 -0.0130 0.9604 0.2770 -0.0297 0.5431 0.7421
-10.7331 -45.1735 25.4258 -0.2148 -0.0239 0.9764 0.1387 0.5828
10.0077 48.3399 -24.9526 0.9311 0.0594 -0.3599 0.6064 0.0123
10.0077 48.3399 -24.9526 0.7972 0.1574 -0.5828 0.2802 0.0194
3.9079 -49.7144 24.9762 -0.2598 0.1552 0.9531 0.0510 0.6101
-11.6280 -19.9479 -2.8368 -0.9997 0.0004 -0.0229 0.4652 0.4301
-11.2488 6.3917 17.2576 -0.9990 0.0105 0.0446 0.3462 0.2711
-4.9056 -49.7989 24.4289 -0.0263 0.4229 0.9058 0.1039 0.6106
-4.9056 -49.7989 24.4289 0.0188 -0.7896 0.6134 0.7533 0.9056
11.1229 -39.4570 -11.6929 0.9996 -0.0176 0.0210 0.6908 0.5379
-1.4258 -49.7658 24.2099 0.0070 0.3006 0.9537 0.0830 0.6104
11.2734 -41.1412 3.9895 0.9996 -0.0139 -0.0254 0.7849 0.5471
-3.2942 6.2675 -25.3879 -0.0730 0.0181 -0.9972 0.2002 0.2716
10.1274 -48.5597 -25.6672 0.4537 -0.5152 -0.7271 0.8405 0.6044
10.1274 -48.5597 -25.6672 0.6342 -0.3155 -0.7059 0.2803 0.6003
3.8484 -18.1116 25.8497 -0.0197 0.0126 0.9997 0.0511 0.4206
11.3136 27.2264 -5.2595 0.9992 0.0068 -0.0396 0.7255 0.1377
-0.4959 51.2063 -12.6857 0.0770 0.9970 0.0076 0.9309 0.6846
-11.5042 -21.4663 14.1910 -0.9996 0.0072 0.0260 0.3630 0.4383
7.8118 -51.7308 23.2099 0.0527 -0.9986 -0.0013 0.6802 0.9075
-8.9213 11.9443 -24.9326 -0.0346 0.0283 -0.9990 0.1665 0.2375
11.4553 -9.2627 -1.1169 0.9997 -0.0032 -0.0239 0.7525 0.3562
-11.6597 -37.1482 13.5046 -0.9988 0.0200 0.0448 0.3662 0.5323
-4.8688 26.9003 -25.3813 -0.0738 -0.0342 -0.9967 0.1908 0.1479
10.9054 -5.6710 -24.6601 0.5861 0.0102 -0.8102 0.2852 0.3432
10.9054 -5.6710 -24.6601 0.9687 -0.0001 -0.2484 0.6112 0.3361
-3.4611 49.8970 25.9225 -0.0149 0.3503 0.9365 0.0945 0.0129
11.2375 -28.9031 -20.7645 0.9997 0.0084 -0.0214 0.6358 0.4751
2.1823 51.4835 7.1300 0.0590 0.9980 -0.0211 0.9137 0.8032
-11.7277 -25.9599 1.2820 -0.9998 0.0179 -0.0064 0.4401 0.4659
9.7720 48.8629 5.7825 -0.1435 0.9896 -0.0123 0.8683 0.7948
-11.5591 -19.2550 11.4884 -0.9997 0.0034 0.0233 0.3793 0.4252
1.6439 14.0635 26.0635 0.0032 -0.0035 1.0000 0.0641 0.2277
-0.3115 -50.8629 -24.7494 -0.0345 -0.9962 -0.0796 0.6288 0.6204
5.0613 2.7985 26.0190 0.0027 -0.0031 1.0000 0.0437 0.2953
11.2790 -39.8650 3.4772 0.9995 -0.0179 -0.0249 0.7818 0.5394
-10.3098 39.3289 -25.0619 -0.4875 0.0004 -0.8731 0.1583 0.0733
-11.1749 -49.3934 -24.8102 -0.5902 -0.7956 -0.1367 0.5636 0.6206
-11.1749 -49.3934 -24.8102 -0.8643 -0.4959 -0.0837 0.5952 0.6079
-11.3227 8.4753 15.2113 -0.9990 0.0076 0.0441 0.3586 0.2587
11.2343 -35.9842 -3.2696 0.9997 -0.0182 -0.0150 0.7411 0.5166
-10.6498 40.9617 25.3969 -0.9842 0.0006 0.1772 0.2995 0.0634
-0.9359 -51.6859 24.6117 -0.0024 -0.9917 0.1283 0.6278 0.9164
-11.8076 29.2642 0.2372 -0.9999 -0.0110 0.0016 0.4496 0.1349
-11.8209 29.4413 -24.1643 -0.9199 0.0052 -0.3922 0.5958 0.1353
-11.8209 29.4413 -24.1643 -0.5553 -0.0008 -0.8316 0.1492 0.1325
10.0191 -36.0356 26.0182 0.3988 0.0045 0.9170 0.0142 0.5281
-11.4601 -14.3301 14.8233 -0.9996 -0.0010 0.0277 0.3596 0.3954
-3.8081 30.6870 26.1227 -0.0102 -0.0098 0.9999 0.0967 0.1280
10.1114 2.8145 -25.0800 0.5375 0.0024 -0.8433 0.2805 0.2923
11.7301 12.3763 8.7623 0.9996 0.0021 -0.0296 0.8104 0.2260
11.0924 -49.0699 -21.2456 0.3935 -0.9191 0.0223 0.8465 0.6308
11.0924 -49.0699 -21.2456 0.9971 -0.0758 0.0115 0.6341 0.5960
9.1410 -48.7291 21.0399 0.9894 -0.1453 0.0028 0.7113 0.8788
8.9958 48.6706 -10.5525 0.3425 0.9390 -0.0313 0.8739 0.6970
11.1721 -11.3340 -20.2856 0.9997 0.0014 -0.0228 0.6377 0.3698
10.7259 -36.4670 25.6147 0.6247 -0.0046 0.7808 0.0100 0.5307
-4.3477 21.8539 26.0667 -0.0164 -0.0054 0.9999 0.1000 0.1810
11.2794 -4.3605 -7.8237 0.9996 -0.0027 -0.0268 0.7120 0.3272
2.0001 -51.2450 -10.4272 -0.0041 -1.0000 -0.0000 0.6434 0.7061
-11.7460 18.0531 -2.4570 -0.9999 -0.0123 -0.0045 0.4651 0.2023
-10.9636 -44.7762 25.3624 -0.5874 0.0256 0.8089 0.1401 0.5804
3.3918 17.9091 26.0789 0.0074 -0.0028 1.0000 0.0536 0.2047
9.1891 34.3326 -25.8871 0.2529 -0.0135 -0.9674 0.2751 0.1034
11.9494 29.9352 17.6327 0.9997 0.0116 -0.0207 0.8626 0.1202
-11.9017 -36.5575 0.0929 -0.9998 0.0188 -0.0076 0.4466 0.5295
7.9744 -48.2753 26.3528 -0.0553 -0.0909 0.9943 0.0265 0.6014
7.9744 -48.2753 26.3528 0.0937 -0.5085 0.8559 0.8306 0.9163
5.2523 -51.7552 25.1406 0.0264 -0.9976 0.0641 0.6650 0.9192
11.2780 -7.4528 -7.7638 0.9996 -0.0009 -0.0282 0.7125 0.3458
11.5152 -0.2108 1.1939 0.9998 0.0025 -0.0198 0.7658 0.3018
11.5394 1.2900 1.8539 0.9997 -0.0150 -0.0196 0.7697 0.2928
-11.3097 50.7501 -9.3989 -0.7444 0.6677 0.0037 0.9956 0.7049
10.9204 43.6592 -3.9171 0.9987 0.0493 -0.0161 0.7327 0.0391
-11.7719 26.8171 -3.8035 -1.0000 -0.0059 -0.0071 0.4736 0.1498
-8.3202 8.3294 25.9086 0.0258 -0.0180 0.9995 0.1239 0.2620
-11.7216 -42.4870 -21.8174 -0.9997 -0.0136 -0.0190 0.5776 0.5663
-7.4897 -42.1783 -25.9774 -0.0255 -0.0152 -0.9996 0.1747 0.5620
-3.5685 51.3351 -6.6292 0.0073 1.0000 0.0042 0.9490 0.7211
-10.3279 35.1415 -25.0434 -0.4146 -0.0054 -0.9100 0.1582 0.0984
-11.6948 -13.9973 3.1431 -1.0000 -0.0021 -0.0034 0.4297 0.3941
-11.6394 -28.4151 -7.5018 -0.9997 0.0218 0.0107 0.4926 0.4812
-11.9509 44.3038 -22.6040 -0.9992 0.0217 -0.0327 0.5873 0.0461
-10.6934 -49.1898 25.2988 -0.1435 -0.1579 0.9770 0.1385 0.6069
-11.7469 -27.8118 6.5087 -0.9999 0.0079 0.0117 0.4087 0.4767
6.9944 19.9902 26.0004 0.0296 -0.0017 0.9996 0.0320 0.1922
9.6473 -2.4361 -25.5517 0.4563 0.0120 -0.8898 0.2777 0.3238
11.0652 -0.1551 -24.1838 0.9925 -0.0030 -0.1221 0.6137 0.3030
4.9540 -49.5820 25.2129 -0.0013 -0.4246 0.9054 0.0447 0.6093
7.6281 -4.0738 -25.8020 0.0552 0.0183 -0.9983 0.2655 0.3336
9.0365 50.0395 26.3681 0.2375 0.5014 0.8320 0.8716 0.9182
9.0365 50.0395 26.3681 0.0590 0.2754 0.9595 0.0196 0.0121
-11.8498 -15.6469 -17.9526 -0.9997 -0.0043 0.0245 0.5560 0.4052
-8.3471 -50.6492 24.7812 -0.0855 0.2589 0.9621 0.1245 0.6156
11.8112 38.7159 24.5336 0.9581 0.0225 0.2857 0.9035 0.0672
-4.9915 -43.7409 -26.0336 -0.0486 -0.0432 -0.9979 0.1896 0.5714
9.4949 -49.4096 -9.1690 0.9634 -0.2670 -0.0252 0.7055 0.6977
-4.7305 -50.7006 -22.1610 -0.0947 -0.9945 -0.0440 0.6024 0.6361
10.9322 -39.6314 -24.9535 0.4841 -0.0086 -0.8750 0.2852 0.5468
10.3733 -34.0934 -25.3015 0.6022 0.0040 -0.7983 0.2819 0.5136
-11.5922 -14.6748 -3.7704 -0.9994 0.0042 -0.0336 0.4711 0.3986
-11.9390 38.8224 2.0686 -0.9998 -0.0118 0.0154 0.4391 0.0775
-8.4160 51.4644 25.7743 -0.2028 0.9068 0.3697 0.9762 0.9156
-8.4160 51.4644 25.7743 -0.0396 -0.3154 0.9481 0.1242 0.0034
-11.6743 -4.8047 0.1681 -0.9997 0.0012 -0.0242 0.4480 0.3392
9.1293 -50.8241 -9.8347 0.8995 -0.4367 -0.0145 0.6970 0.6938
9.1293 -50.8241 -9.8347 0.8349 -0.5503 -0.0062 0.6862 0.7092
-1.2140 -40.6263 -26.2227 -0.0209 0.0050 -0.9998 0.2123 0.5527
-10.0326 13.7621 26.0049 0.0303 0.0015 0.9995 0.1341 0.2294
-6.7489 18.1662 -25.0053 -0.0718 -0.0022 -0.9974 0.1795 0.2002
0.6029 -13.5989 -25.9853 -0.0374 0.0149 -0.9992 0.2234 0.3907
-7.8388 -39.6028 -25.9612 -0.0315 0.0097 -0.9995 0.1726 0.5465
0.0680 -10.8389 25.8377 -0.0190 -0.0131 0.9997 0.0737 0.3770
-11.7583 -27.7406 1.5068 -1.0000 0.0049 -0.0059 0.4387 0.4766
1.5340 -10.7727 25.8671 -0.0188 -0.0091 0.9998 0.0649 0.3766
-2.2771 40.2935 -25.9224 -0.0522 -0.0224 -0.9984 0.2064 0.0676
1.2554 -12.7840 25.8404 -0.0217 -0.0102 0.9997 0.0666 0.3887
-11.6767 24.0016 5.9488 -0.9994 -0.0055 0.0333 0.4150 0.1662
-11.7099 -25.8314 -23.1472 -0.9999 -0.0141 0.0017 0.5866 0.4666
11.4594 -4.2831 -1.8012 0.9997 -0.0054 -0.0247 0.7481 0.3264
-11.6955 -29.7168 -18.0662 -1.0000 0.0004 -0.0023 0.5559 0.4896
8.3490 -51.5856 17.3440 0.2709 -0.9626 -0.0054 0.6831 0.8723
9.6120 -48.6292 11.4989 -0.6244 -0.7602 0.1794 0.8396 0.8272
9.6120 -48.6292 11.4989 -0.8379 -0.4471 0.3129 0.4587 0.6190
11.1395 18.6042 -15.5834 1.0000 0.0033 -0.0024 0.6642 0.1900
12.0302 -23.0964 22.0014 0.9999 -0.0101 -0.0038 0.8918 0.4379
10.8399 41.0570 -17.3035 0.9991 0.0311 -0.0294 0.6526 0.0555
-5.6817 -3.0684 -25.4602 -0.0532 0.0248 -0.9983 0.1858 0.3275
-10.8946 50.9334 8.4582 -0.3188 0.9478 0.0063 0.9921 0.8120
-7.6787 51.4055 25.7665 0.0112 -0.0952 0.9954 0.1198 0.0038
-11.7070 -25.7500 7.3164 -0.9997 0.0134 0.0213 0.4040 0.4643
-11.6205 -34.8660 -24.3853 -0.9988 -0.0000 -0.0495 0.5935 0.5208
-11.6872 12.5429 -8.4316 -0.9999 0.0004 0.0143 0.5006 0.2357
-10.6199 -39.2171 25.5389 -0.1232 -0.0060 0.9924 0.1380 0.5471
-3.9939 -9.4897 -25.7025 -0.0448 0.0185 -0.9988 0.1958 0.3660
-4.1434 -50.9609 -12.8176 -0.0904 -0.9958 -0.0142 0.6065 0.6921
-11.6645 -28.1148 -9.6765 -0.9998 0.0119 0.0126 0.5057 0.4795
10.9859 -46.3731 -7.5238 0.9995 -0.0316 0.0012 0.7162 0.5791
12.0354 -14.1752 24.2805 0.9492 -0.0187 0.3142 0.9050 0.3842
10.1476 -49.0533 -20.0243 -0.2525 -0.9668 -0.0393 0.8410 0.6382
6.5591 -50.5737 25.2104 0.0690 0.0292 0.9972 0.0351 0.6153
11.4045 -24.4051 0.0365 0.9997 -0.0129 -0.0220 0.7603 0.4470
-11.9230 -41.3393 -3.3202 -0.9999 0.0019 -0.0109 0.4668 0.5584
-3.1572 21.2738 -25.3128 -0.0600 -0.0238 -0.9979 0.2011 0.1816
-11.9641 10.4802 -16.4273 -0.9987 -0.0026 0.0517 0.5484 0.2485
11.8825 -31.7706 19.8145 0.9996 -0.0166 -0.0207 0.8792 0.4900
11.1060 34.7424 -10.4330 0.9998 0.0195 -0.0090 0.6941 0.0930
-11.2105 31.7214 17.6053 -0.9982 -0.0062 0.0591 0.3456 0.1192
9.2836 -35.5053 26.1001 0.0281 0.0176 0.9994 0.0186 0.5249
0.4401 -22.7651 25.8555 -0.0250 0.0151 0.9996 0.0716 0.4485
10.4193 48.8790 8.5603 -0.1483 0.9887 0.0241 0.8643 0.8115
11.6451 16.5568 4.4672 0.9997 0.0010 -0.0246 0.7844 0.2011
11.1054 26.0400 -11.8316 1.0000 -0.0004 -0.0086 0.6862 0.1452
-11.8711 -45.2826 8.2612 -0.9996 -0.0263 0.0108 0.3972 0.5814
-10.8916 -50.3479 10.5135 -0.1832 -0.9829 -0.0197 0.5674 0.8323
10.7325 -49.0437 -13.8608 0.5177 -0.8555 0.0100 0.8448 0.6751
7.1593 -48.0604 -26.2905 -0.0079 -0.0033 -1.0000 0.2624 0.5974
7.7368 -51.1536 -17.1119 0.0554 -0.9984 -0.0120 0.6774 0.6657
-5.7897 -49.5676 -25.0698 0.1373 0.2018 -0.9698 0.1849 0.6062
-11.5315 -12.3953 -6.7163 -1.0000 -0.0015 0.0000 0.4889 0.3851
-1.4089 -48.7211 -25.6886 -0.0713 -0.5373 -0.8404 0.7714 0.6049
-1.4089 -48.7211 -25.6886 -0.0576 -0.3809 -0.9228 0.2111 0.6012
11.2332 33.5659 -5.0108 0.9994 0.0183 -0.0279 0.7267 0.0997
9.2645 -48.0655 24.4979 0.8591 -0.5117 0.0121 0.8382 0.9051
9.2645 -48.0655 24.4979 0.9663 -0.2566 -0.0224 0.7155 0.8995
-11.7486 23.3100 -8.0485 -1.0000 -0.0065 0.0056 0.4989 0.1711
10.2828 -19.0914 -25.4145 0.6739 0.0231 -0.7385 0.2814 0.4237
-11.7362 -34.5184 -12.1709 -0.9996 0.0283 0.0058 0.5203 0.5180
5.1876 21.3186 26.0591 0.0271 -0.0010 0.9996 0.0428 0.1842
4.7250 46.4648 -26.4492 -0.0445 -0.0326 -0.9985 0.2484 0.0307
-0.6005 24.6153 26.1090 -0.0022 -0.0025 1.0000 0.0775 0.1644
11.1396 49.1455 20.5703 0.2047 0.9782 -0.0360 0.8593 0.8834
11.9703 -21.0697 18.5320 0.9994 -0.0066 -0.0331 0.8709 0.4259
10.5271 -49.0731 -1.9994 0.0407 -0.9992 -0.0066 0.8443 0.7462
-4.6347 -49.7278 24.5208 0.0063 -0.8367 0.5477 0.7549 0.9061
11.2264 -25.5251 -9.0046 0.9999 0.0015 -0.0157 0.7061 0.4542
-1.1196 23.2470 -25.4589 -0.0422 -0.0250 -0.9988 0.2133 0.1698
10.0687 41.1843 26.2054 0.2544 -0.0380 0.9663 0.0135 0.0652
-9.4140 -42.2299 -25.9417 -0.0565 0.0016 -0.9984 0.1631 0.5623
10.2129 -36.1284 -25.4697 0.6643 0.0011 -0.7475 0.2809 0.5258
11.5973 2.6165 3.4684 0.9997 -0.0145 -0.0210 0.7793 0.2848
-2.9963 -49.8778 24.3921 0.0820 0.4640 0.8820 0.0924 0.6111
-11.6499 -14.6389 -1.6456 -0.9997 0.0133 -0.0185 0.4583 0.3982
-4.6999 -34.5683 -26.0457 -0.0416 0.0093 -0.9991 0.1914 0.5164
12.0667 -13.6226 23.0161 1.0000 -0.0039 -0.0014 0.8973 0.3810
2.4157 51.7169 25.3399 0.0606 0.9959 0.0676 0.9113 0.9123
-10.1610 10.4228 -24.9569 -0.1939 0.0298 -0.9806 0.1590 0.2466
10.0721 14.1977 -25.0263 0.5638 -0.0083 -0.8259 0.2803 0.2241
11.5821 44.6916 19.3382 0.9990 0.0390 -0.0211 0.8720 0.0316
10.6603 49.0367 19.4505 -0.1480 0.9890 0.0059 0.8622 0.8767
-11.6867 14.6041 -5.5271 -0.9999 -0.0112 -0.0026 0.4833 0.2232
10.1597 26.2304 25.8812 0.0260 0.0048 0.9996 0.0130 0.1548
-0.6688 3.6143 26.0065 -0.0108 -0.0104 0.9999 0.0781 0.2903
11.3563 6.3931 -4.8289 0.9992 0.0093 -0.0398 0.7293 0.2626
-11.7250 -24.6970 -17.3737 -0.9999 -0.0089 0.0066 0.5520 0.4594
11.3406 -27.3904 -3.8248 0.9998 -0.0068 -0.0209 0.7373 0.4651
-5.9301 51.6462 25.2748 -0.0442 0.9984 0.0353 0.9613 0.9124
11.9971 -23.5168 24.0993 0.9943 -0.0128 0.1063 0.9044 0.4403
-3.0872 -51.3565 8.2676 -0.0711 -0.9973 -0.0195 0.6140 0.8185
-11.6540 -12.4212 7.0378 -0.9999 -0.0032 0.0158 0.4064 0.3844
11.2423 -36.5577 -15.1203 0.9998 -0.0135 0.0121 0.6701 0.5207
9.7057 28.7819 -25.5113 0.6814 0.0008 -0.7319 0.2782 0.1367
10.5755 13.5319 -24.6989 0.5284 0.0058 -0.8490 0.2834 0.2281
11.6494 14.1286 4.9933 0.9998 -0.0020 -0.0214 0.7877 0.2157
11.0588 -49.0282 11.7005 0.9649 -0.2622 -0.0168 0.8316 0.5939
-3.5513 -49.4214 -25.2261 -0.0427 -0.3614 -0.9314 0.1983 0.6054
-12.0455 39.4651 -15.4366 -0.9999 -0.0065 0.0083 0.5441 0.0747
-11.5435 -12.8519 -5.0242 -0.9999 0.0004 -0.0139 0.4787 0.3877
11.4857 -15.0932 1.2713 0.9997 -0.0067 -0.0226 0.7671 0.3911
-12.0967 23.9729 -19.8453 -0.9999 0.0041 0.0145 0.5696 0.1678
-7.4849 -47.4285 -25.5978 -0.0157 -0.1320 -0.9911 0.1747 0.5934
8.5118 -49.7353 25.8695 -0.1068 -0.6902 0.7157 0.8338 0.9135
-11.5819 -18.5073 -9.8346 -0.9999 -0.0011 0.0139 0.5072 0.4219
-11.7255 -8.6833 -14.4943 -0.9993 -0.0046 0.0373 0.5357 0.3633
11.0355 -47.7616 -14.7582 0.9987 -0.0444 0.0247 0.6729 0.5878
11.2158 0.0475 -11.6323 0.9999 0.0065 -0.0112 0.6889 0.3010
-10.4467 -19.9998 25.4513 -0.1990 0.0144 0.9799 0.1368 0.4319
9.5430 -49.4581 -6.5141 0.9889 -0.1470 -0.0213 0.7054 0.7136
-9.5305 -50.8991 24.9051 0.1035 0.1330 0.9857 0.1316 0.6171
-8.9162 33.9831 26.0937 -0.0133 -0.0027 0.9999 0.1273 0.1082
12.0366 -7.4091 19.4540 0.9997 -0.0037 -0.0251 0.8756 0.3440
5.6195 -46.6715 -26.2734 -0.0186 -0.0105 -0.9998 0.2532 0.5890
5.8196 -48.7291 26.1356 -0.0072 -0.7756 0.6311 0.8177 0.9151
8.2745 50.0730 -14.7185 0.5203 0.8535 -0.0291 0.8785 0.6720
11.0846 3.4843 -23.7922 0.9992 -0.0016 -0.0398 0.6158 0.2811
11.1373 -8.3710 -21.4023 0.9996 -0.0005 -0.0286 0.6308 0.3521
4.4116 33.0608 26.1477 0.0184 -0.0171 0.9997 0.0474 0.1138
0.1827 -2.1451 25.9611 -0.0122 -0.0136 0.9998 0.0730 0.3249
-8.4399 51.3980 20.7319 -0.1134 0.9934 -0.0182 0.9766 0.8854
-10.4438 -2.4069 25.7366 -0.0854 0.0043 0.9963 0.1367 0.3264
1.5430 -21.5431 -26.1113 -0.0167 0.0068 -0.9998 0.2289 0.4383
-11.4331 3.6949 13.7400 -0.9992 0.0112 0.0392 0.3672 0.2875
11.2114 -1.0565 -14.4281 1.0000 0.0015 0.0064 0.6722 0.3078
11.7389 18.4606 8.6343 0.9996 -0.0016 -0.0286 0.8093 0.1895
7.3753 15.0265 -25.5290 0.0442 0.0013 -0.9990 0.2642 0.2191
10.3700 -39.7810 25.8912 0.4948 0.0160 0.8689 0.0121 0.5506
-11.9606 2.7323 -17.4562 -0.9988 -0.0123 0.0472 0.5541 0.2950
-11.1050 50.8950 1.1021 -0.6099 0.7924 0.0098 0.9937 0.7679
-10.8590 -49.8207 25.1060 0.0388 -0.3197 0.9467 0.1395 0.6106
-11.6142 3.2443 -3.7796 -0.9996 -0.0206 -0.0181 0.4721 0.2912
11.5014 28.9611 25.0225 0.6635 0.0009 0.7482 0.0050 0.1385
11.5014 28.9611 25.0225 0.8697 -0.0016 0.4936 0.9070 0.1256
11.7718 4.5359 24.7304 0.6882 0.0216 0.7252 0.0035 0.2850
9.2532 49.1727 -26.0553 0.7424 0.5733 0.3466 0.8733 0.6040
-10.4972 -9.3374 25.6155 -0.2389 -0.0301 0.9706 0.1371 0.3679
11.2397 -28.5001 -10.0195 0.9999 0.0086 0.0070 0.7002 0.4721
11.1183 15.5204 -12.7656 0.9999 -0.0078 0.0108 0.6812 0.2083
9.3508 8.0821 25.9404 -0.0395 -0.0022 0.9992 0.0180 0.2636
-1.2038 33.3921 26.1728 -0.0041 -0.0199 0.9998 0.0811 0.1118
-5.0430 51.3295 -6.2441 -0.0213 0.9998 0.0030 0.9578 0.7235
2.7915 -49.7794 -25.2186 -0.0110 -0.5000 -0.8659 0.7966 0.6075
2.7915 -49.7794 -25.2186 -0.0503 -0.0836 -0.9952 0.2363 0.6076
4.6812 -5.4309 25.9672 -0.0078 -0.0163 0.9998 0.0460 0.3446
8.8847 48.7810 -6.4057 0.9643 0.2636 -0.0272 0.5423 0.7038
-9.1213 31.4272 26.0836 0.0106 -0.0050 0.9999 0.1286 0.1235
-11.3655 -42.2155 -25.0391 -0.6685 0.0151 -0.7435 0.1515 0.5621
9.6540 48.8471 -11.2066 -0.2663 0.9639 -0.0084 0.8700 0.6930
7.8790 -31.3558 -26.0701 0.0603 -0.0012 -0.9982 0.2669 0.4972
8.8026 49.0897 -14.3699 0.9450 0.3270 -0.0059 0.5437 0.6561
-11.0900 3.1426 21.5662 -0.9984 0.0127 0.0548 0.3202 0.2903
9.7646 -4.1777 -25.5005 0.4843 0.0095 -0.8749 0.2784 0.3343
-8.9830 -44.7838 -25.8537 0.0097 -0.0719 -0.9974 0.1657 0.5776
-2.5721 -51.5792 25.1835 -0.0825 -0.9087 0.4091 0.6181 0.9199
-11.0107 -49.8817 -19.0673 -0.4872 -0.8727 -0.0318 0.5650 0.6550
-11.0107 -49.8817 -19.0673 -0.9236 -0.3831 -0.0108 0.5608 0.6105
6.7665 23.7487 26.0065 0.0371 0.0003 0.9993 0.0334 0.1697
-11.9449 45.0479 -5.9608 -0.9992 0.0389 0.0066 0.4876 0.0407
10.5998 31.9408 25.7801 0.4806 0.0017 0.8769 0.0103 0.1206
-11.5143 -48.2554 21.6069 -0.9989 0.0058 0.0460 0.3170 0.5984
5.8110 -48.9757 25.7191 -0.0070 -0.9588 0.2839 0.8176 0.9127
0.5573 5.8389 26.0383 -0.0087 -0.0089 0.9999 0.0707 0.2770
9.0069 48.8111 -3.1063 0.3368 0.9415 -0.0123 0.8734 0.7416
9.0069 48.8111 -3.1063 0.9736 0.2237 -0.0461 0.5426 0.7236
2.2792 42.6837 -26.2027 -0.0380 -0.0387 -0.9985 0.2337 0.0533
9.6399 48.7786 9.9872 0.0864 0.9962 0.0120 0.8689 0.8201
-1.0003 -42.1656 -26.2290 -0.0236 -0.0070 -0.9997 0.2136 0.5620
6.3289 -50.7245 -25.2627 -0.0154 0.0169 -0.9997 0.2575 0.6133
4.0416 49.6636 -26.3478 -0.0739 0.7251 -0.6846 0.9045 0.6025
4.0416 49.6636 -26.3478 -0.0960 0.2291 -0.9687 0.2443 0.0115
-11.2347 50.5747 10.0816 -0.9336 0.3582 0.0085 0.3918 0.0066
-11.2347 50.5747 10.0816 -0.8161 0.5779 0.0048 0.9940 0.8217
11.2056 -23.3752 -20.0944 0.9997 0.0068 -0.0224 0.6395 0.4419
3.5657 49.9663 -25.6852 0.0014 0.9897 -0.1433 0.9073 0.6065
-11.5340 -7.4629 12.8525 -0.9997 -0.0003 0.0261 0.3718 0.3544
11.1503 13.7971 -9.4423 0.9996 -0.0027 -0.0267 0.7013 0.2185
10.4440 49.0690 16.3458 -0.1450 0.9889 -0.0319 0.8637 0.8581
9.3436 48.5120 15.3190 0.2876 0.9567 0.0445 0.8704 0.8521
-11.6695 6.8379 -4.1377 -1.0000 -0.0061 -0.0061 0.4745 0.2696
1.8761 50.0985 -25.0646 0.0541 0.8927 -0.4474 0.9174 0.6103
-1.9119 5.7570 -25.4745 -0.0505 0.0175 -0.9986 0.2084 0.2746
-0.1265 5.6588 -25.5613 -0.0473 0.0171 -0.9987 0.2191 0.2752
2.5381 41.1927 26.3803 -0.0024 -0.0292 0.9996 0.0586 0.0651
-11.7653 -17.8093 -16.0476 -0.9988 0.0007 0.0491 0.5445 0.4181
1.8417 -33.5706 -26.1684 -0.0004 0.0078 -1.0000 0.2307 0.5104
2.7145 50.1255 -24.9206 0.0546 0.7146 -0.6974 0.9124 0.6111
5.0670 26.4147 -25.7232 -0.0106 -0.0333 -0.9994 0.2504 0.1508
-10.3770 24.1079 -24.8826 -0.3170 0.0018 -0.9484 0.1578 0.1645
-4.3544 -18.6603 -25.8592 -0.0447 0.0174 -0.9988 0.1936 0.4210
-10.5052 -37.1282 25.5603 -0.1089 -0.0041 0.9940 0.1373 0.5345
0.9217 6.8923 26.0513 -0.0050 -0.0070 1.0000 0.0685 0.2707
-11.8973 -42.0303 7.9262 -0.9998 0.0083 0.0192 0.3994 0.5619
10.2558 -49.1211 -24.4517 -0.2168 -0.9744 0.0589 0.8413 0.6117
9.5634 44.0719 26.3613 0.0921 -0.0349 0.9951 0.0165 0.0478
-11.7305 24.3063 4.1242 -0.9997 -0.0031 0.0237 0.4260 0.1644
11.1959 -38.1952 -2.3975 0.9994 -0.0315 -0.0174 0.7465 0.5298
11.2464 35.6966 -3.3920 0.9996 0.0111 -0.0255 0.7363 0.0869
11.8453 11.3632 12.4220 0.9996 0.0003 -0.0289 0.8324 0.2318
-11.5587 -5.7216 11.9322 -0.9997 -0.0030 0.0232 0.3775 0.3440
12.0472 -18.1210 23.3447 0.9994 -0.0010 0.0335 0.8996 0.4079
-3.6513 -45.0822 -26.0239 -0.0489 -0.0658 -0.9966 0.1977 0.5794
-11.9108 -3.5847 -17.9824 -0.9989 -0.0108 0.0463 0.5569 0.3329
4.5489 -51.7601 25.4031 0.0082 -0.9999 0.0136 0.6608 0.9208
4.5489 -51.7601 25.4031 -0.0178 -0.4670 0.8841 0.0471 0.6224
10.8290 -49.2828 15.1187 0.1216 -0.9926 -0.0040 0.8471 0.8489
-11.6474 -13.5715 -0.1702 -0.9996 0.0172 -0.0204 0.4495 0.3918
11.2196 -45.5593 -24.3807 0.9968 -0.0241 -0.0766 0.6151 0.5752
-7.4817 26.9825 26.0471 0.0018 -0.0069 1.0000 0.1188 0.1502
9.5410 48.7013 20.1544 0.1438 0.9863 -0.0808 0.8689 0.8810
-9.3198 34.2901 -25.2012 -0.0768 -0.0169 -0.9969 0.1642 0.1035
9.1176 -49.4649 26.2191 0.0863 -0.9339 0.3469 0.8374 0.9155
9.1176 -49.4649 26.2191 -0.0298 -0.1512 0.9881 0.0197 0.6086
-8.3923 -49.3337 25.3308 0.0017 -0.5872 0.8095 0.7324 0.9112
-8.3923 -49.3337 25.3308 -0.0688 -0.2965 0.9525 0.1247 0.6077
-1.7112 -51.3124 2.1105 -0.0523 -0.9984 -0.0197 0.6219 0.7815
11.1404 28.4516 -9.9589 0.9999 -0.0145 -0.0075 0.6973 0.1307
11.1252 1.6672 -21.9086 0.9999 0.0047 -0.0144 0.6272 0.2919
-10.5962 4.1510 25.6751 -0.6583 0.0062 0.7527 0.1376 0.2871
-10.5962 4.1510 25.6751 -0.9338 -0.0065 0.3577 0.2957 0.2840
11.6791 19.7685 6.0131 0.9998 -0.0016 -0.0217 0.7935 0.1818
9.0446 -49.5488 26.0151 0.2142 -0.9715 0.1019 0.8370 0.9143
0.8141 -42.8181 26.1455 -0.0342 0.0139 0.9993 0.0694 0.5687
-10.6364 -50.8394 24.3744 -0.3869 -0.9044 0.1800 0.5697 0.9154
10.8693 -48.7487 -6.3995 0.9701 -0.2425 0.0026 0.7231 0.5933
6.4704 3.5820 -25.7188 0.0278 0.0176 -0.9995 0.2587 0.2877
11.0274 -33.5964 -24.8412 0.5777 -0.0010 -0.8162 0.2858 0.5106
11.0274 -33.5964 -24.8412 0.9417 0.0132 -0.3362 0.6117 0.5035
-11.4127 -50.3536 17.8904 -0.6160 -0.7872 -0.0296 0.5647 0.8766
-11.4127 -50.3536 17.8904 -0.9061 -0.4231 0.0033 0.3392 0.6112
-7.4559 32.9100 26.0980 -0.0126 -0.0112 0.9999 0.1186 0.1147
-11.5926 -16.7792 -3.6181 -0.9998 0.0051 -0.0213 0.4700 0.4112
5.1588 -50.0778 24.7781 -0.2577 -0.2416 0.9355 0.0435 0.6123
-7.7705 -50.0778 -25.3823 -0.0961 -0.9177 -0.3855 0.5840 0.6170
11.6884 -1.8170 7.6265 0.9996 -0.0032 -0.0267 0.8044 0.3111
-11.6015 -31.2096 12.9026 -0.9994 0.0066 0.0337 0.3702 0.4967
9.8851 5.7862 25.9375 -0.0063 -0.0149 0.9999 0.0148 0.2774
9.1392 -50.7386 -13.2437 0.9202 -0.3915 -0.0058 0.6973 0.6734
-11.8001 -13.7758 -24.0672 -0.9453 -0.0092 -0.3260 0.5928 0.3943
9.0921 -49.3682 25.5846 0.4633 -0.7844 -0.4123 0.8372 0.9117
-0.6962 -51.2162 -8.3232 -0.0265 -0.9996 -0.0078 0.6274 0.7189
-11.9812 22.8725 -15.5169 -0.9994 0.0028 0.0356 0.5436 0.1742
10.1873 48.7792 -24.4324 0.9718 0.1121 -0.2075 0.6094 0.0096
10.1873 48.7792 -24.4324 0.4042 0.9061 -0.1247 0.8676 0.6137
10.1873 48.7792 -24.4324 0.8077 0.2826 -0.5174 0.2813 0.0167
11.7127 -33.2651 15.0038 0.9994 -0.0181 -0.0305 0.8505 0.4992
-11.8542 32.6380 -3.7222 -1.0000 -0.0086 0.0013 0.4735 0.1149
11.0677 -44.9956 -2.0681 0.9995 -0.0285 -0.0165 0.7488 0.5705
-7.2236 -26.0883 -25.8021 -0.0521 0.0123 -0.9986 0.1764 0.4655
-11.6760 -30.7085 -6.7120 -0.9999 0.0126 -0.0049 0.4878 0.4949
7.0195 -50.7101 -25.2833 0.0308 -0.0711 -0.9970 0.2617 0.6132
-9.8968 11.4314 -24.9227 -0.0470 0.0503 -0.9976 0.1606 0.2405
11.2187 -1.3415 -12.1611 0.9999 0.0067 -0.0095 0.6858 0.3094
-12.0228 31.6563 -17.3822 -0.9998 -0.0016 0.0188 0.5553 0.1216
-2.8594 51.6843 13.6155 -0.0228 0.9997 -0.0109 0.9436 0.8424
2.8260 19.5127 26.0880 0.0054 -0.0036 1.0000 0.0570 0.1950
9.5256 -47.6941 16.8108 -0.3731 -0.9255 0.0659 0.8394 0.8590
-11.4195 38.2237 14.9308 -0.9984 -0.0113 0.0548 0.3620 0.0804
4.2110 21.1787 26.0812 0.0184 -0.0005 0.9998 0.0487 0.1851
8.1725 32.7982 -25.9086 0.0317 -0.0277 -0.9991 0.2690 0.1126
-6.3864 -0.4743 -25.3543 -0.0434 0.0263 -0.9987 0.1816 0.3119
-11.7259 19.5208 -7.6838 -1.0000 0.0017 0.0089 0.4965 0.1938
10.1611 -41.2767 -25.3260 0.5876 -0.0062 -0.8091 0.2805 0.5566
11.1346 -0.4410 -21.9240 0.9998 0.0030 -0.0178 0.6273 0.3046
11.6941 -25.7902 12.0765 0.9994 -0.0073 -0.0349 0.8325 0.4546
11.8049 -3.7306 12.0589 0.9995 -0.0051 -0.0302 0.8311 0.3223
0.7165 45.1137 -26.1978 -0.0617 -0.0165 -0.9980 0.2244 0.0388
-11.6980 10.0586 3.3106 -0.9999 0.0012 0.0141 0.4300 0.2499
10.6488 48.8953 1.4232 0.2105 0.9776 -0.0060 0.8633 0.7687
10.6488 48.8953 1.4232 0.9800 0.1952 -0.0380 0.7644 0.0075
11.0899 -40.7776 -3.5420 0.9995 -0.0239 -0.0187 0.7398 0.5453
-4.9339 -50.8240 24.9943 -0.0121 0.4145 0.9100 0.1040 0.6167
3.9080 28.6654 26.1132 0.0182 -0.0044 0.9998 0.0505 0.1402
-7.4552 11.7113 -24.9939 -0.0563 0.0169 -0.9983 0.1753 0.2389
7.3944 22.8136 -25.6157 0.0272 -0.0236 -0.9994 0.2643 0.1724
9.7734 -40.3560 -25.9153 0.9053 -0.0024 -0.4247 0.5176 0.6236
9.7734 -40.3560 -25.9153 0.6506 0.0065 -0.7594 0.2782 0.5512
0.7987 51.4534 25.7804 -0.0282 -0.2021 0.9790 0.0690 0.0036
-3.1607 -3.4919 25.8912 -0.0173 -0.0162 0.9997 0.0930 0.3329
9.3253 4.2086 25.9113 0.0115 -0.0070 0.9999 0.0181 0.2868
4.5565 -51.6668 25.4526 -0.0255 -0.1565 0.9873 0.0471 0.6218
-3.3277 51.7098 25.3832 -0.0285 0.9960 0.0846 0.9457 0.9129
11.5400 -21.9196 5.6720 0.9997 -0.0077 -0.0237 0.7939 0.4317
-11.1957 -3.3991 21.0327 -0.9988 0.0078 0.0482 0.3231 0.3296
-0.5212 -49.6871 24.2037 0.0771 0.3234 0.9431 0.0776 0.6100
-0.5212 -49.6871 24.2037 0.0730 -0.6853 0.7246 0.7795 0.9040
11.6126 30.3195 5.4884 0.9998 0.0077 -0.0204 0.7898 0.1186
-11.8322 -17.9998 -17.9686 -0.9999 -0.0121 0.0120 0.5560 0.4193
9.8071 43.2633 -25.3056 0.7434 0.0178 -0.6686 0.2789 0.0499
-10.7678 4.1779 25.2277 -0.9623 0.0122 0.2718 0.2984 0.2839
-11.1090 -23.4385 24.7318 -0.9946 -0.0034 0.1038 0.2997 0.4495
-11.2356 -50.0523 25.0586 -0.2899 -0.6021 0.7440 0.5661 0.9195
-11.2356 -50.0523 25.0586 -0.0054 -0.2911 0.9567 0.1418 0.6120
-11.2356 -50.0523 25.0586 -0.9369 -0.0253 0.3486 0.2962 0.6090
-9.2466 20.2615 26.0092 0.0089 -0.0059 0.9999 0.1294 0.1905
12.0463 8.6028 24.1500 0.9871 -0.0017 0.1602 0.9029 0.2477
9.7190 33.1855 -25.5747 0.7663 -0.0253 -0.6419 0.2783 0.1103
9.0612 -50.9424 -8.4916 0.6251 -0.7805 0.0007 0.6859 0.7173
-11.6881 -34.9385 11.7341 -0.9991 0.0210 0.0369 0.3770 0.5192
-11.5930 -21.2283 -4.1046 -0.9995 0.0024 -0.0317 0.4727 0.4379
8.9711 -51.0797 11.1726 0.9768 -0.2109 0.0362 0.6967 0.8198
8.9711 -51.0797 11.1726 0.7453 -0.6667 -0.0067 0.6865 0.8352
11.2091 -19.4321 -18.9688 0.9998 0.0064 -0.0163 0.6461 0.4182
10.3338 -20.3493 -25.3864 0.6875 0.0051 -0.7261 0.2817 0.4312
10.4877 -38.0308 25.7962 0.5226 0.0026 0.8526 0.0114 0.5401
11.2671 -31.6082 -4.0521 0.9997 -0.0074 -0.0234 0.7362 0.4904
-11.7638 17.7077 -10.9030 -0.9999 -0.0043 0.0122 0.5157 0.2049
1.5616 30.1136 -25.7650 -0.0312 -0.0301 -0.9991 0.2294 0.1287
-11.6877 -16.5347 4.6542 -0.9999 0.0008 0.0122 0.4205 0.4092
-1.3029 40.0755 -25.9624 -0.0441 -0.0267 -0.9987 0.2123 0.0689
-10.3804 41.3996 26.0259 -0.4462 -0.0094 0.8949 0.1360 0.0638
-11.6317 -8.3552 -1.3527 -0.9994 -0.0128 -0.0310 0.4569 0.3606
-11.6834 8.2585 4.4171 -0.9998 0.0042 0.0186 0.4233 0.2606
11.1219 39.9453 -2.9916 0.9983 0.0456 -0.0368 0.7384 0.0614
-11.6264 -47.0337 -9.8251 -0.9965 -0.0835 -0.0090 0.5055 0.5929
11.6128 -21.0879 8.3248 0.9996 -0.0087 -0.0252 0.8097 0.4266
-10.9331 16.2483 21.8632 -0.9979 0.0052 0.0644 0.3192 0.2117
-1.5758 51.1991 -21.4847 0.0654 0.9976 -0.0210 0.9379 0.6319
10.7413 -49.0119 -3.1484 0.9141 -0.4041 -0.0322 0.7426 0.5946
10.7413 -49.0119 -3.1484 0.1583 -0.9866 -0.0388 0.8455 0.7393
-11.8872 -37.5495 5.8554 -0.9997 0.0208 0.0144 0.4120 0.5351
5.2639 27.9406 26.0728 0.0334 -0.0034 0.9994 0.0423 0.1445
-10.6095 -28.0139 25.5779 -0.1569 0.0164 0.9875 0.1379 0.4799
11.1355 7.6115 -13.8790 1.0000 0.0068 0.0051 0.6750 0.2558
10.7071 -21.1062 -25.0250 0.7110 -0.0011 -0.7032 0.2839 0.4357
-11.8327 -33.3153 1.1213 -0.9998 0.0186 -0.0002 0.4407 0.5100
3.4974 -14.5784 25.8735 -0.0117 -0.0050 0.9999 0.0532 0.3994
11.1937 -16.3216 -10.4955 0.9999 0.0042 -0.0138 0.6967 0.3991
11.1291 21.5583 -14.8215 1.0000 0.0004 0.0041 0.6686 0.1723
-3.7507 -51.1342 -0.7178 -0.0832 -0.9965 -0.0121 0.6095 0.7647
11.2857 -30.9622 -16.7757 1.0000 0.0013 -0.0005 0.6599 0.4872
10.5788 -31.1260 25.7431 0.4836 0.0016 0.8753 0.0108 0.4987
-11.2926 -50.5309 22.5900 -0.7085 -0.7057 0.0036 0.5657 0.9048
-11.2926 -50.5309 22.5900 -0.9719 -0.2345 0.0182 0.3110 0.6120
-9.5493 11.3680 25.9900 0.0335 -0.0027 0.9994 0.1312 0.2438
2.3566 16.3622 -25.5223 -0.0266 0.0058 -0.9996 0.2341 0.2111
-11.7407 27.0316 3.8793 -0.9998 -0.0081 0.0187 0.4276 0.1481
-12.0070 41.2922 -8.8454 -1.0000 -0.0046 0.0069 0.5047 0.0634
-10.7856 36.3902 23.9599 -0.9965 -0.0103 0.0830 0.3078 0.0909
-7.1845 -45.2610 25.7204 -0.0694 -0.0144 0.9975 0.1174 0.5833
10.7257 48.3969 1.0265 0.9910 0.1294 -0.0345 0.7620 0.0105
-0.6508 51.2872 -3.1092 0.0289 0.9994 -0.0209 0.9313 0.7420
10.1082 -49.0353 -17.3336 -0.2891 -0.9573 0.0010 0.8409 0.6543
9.7866 15.1114 -25.2434 0.4595 -0.0020 -0.8882 0.2786 0.2186
0.6012 -51.2297 -9.9905 -0.0180 -0.9998 -0.0065 0.6351 0.7088
-0.2814 51.1834 -11.9178 0.0772 0.9970 0.0065 0.9296 0.6892
10.2372 -49.0735 -6.6529 -0.0135 -0.9997 -0.0220 0.8423 0.7184
11.0661 -40.3375 -9.7992 0.9997 -0.0164 0.0153 0.7022 0.5430
9.7296 40.1672 -25.3701 0.8984 0.0398 -0.4373 0.5332 0.6697
9.7296 40.1672 -25.3701 0.7433 0.0093 -0.6689 0.2784 0.0684
-4.1330 -5.4720 -25.6038 -0.0470 0.0257 -0.9986 0.1950 0.3419
-11.8909 -45.2523 5.6027 -0.9993 -0.0374 0.0039 0.4131 0.5813
-11.7138 9.4768 0.6122 -1.0000 -0.0043 -0.0029 0.4462 0.2535
-10.6053 26.9030 25.3799 -0.9805 0.0048 0.1967 0.2988 0.1477
10.0768 49.1854 24.3986 -0.3941 0.9022 -0.1754 0.8654 0.9064
11.4936 -18.7885 2.4702 0.9997 -0.0103 -0.0214 0.7745 0.4131
10.0207 -47.5128 26.1597 0.3838 -0.0088 0.9234 0.0143 0.5969
7.6758 35.9146 -26.0089 0.0336 -0.0308 -0.9990 0.2661 0.0939
7.3518 -42.0918 -26.2196 0.0299 0.0186 -0.9994 0.2636 0.5616
-6.1889 48.2037 26.2433 -0.0349 0.0488 0.9982 0.1109 0.0230
-10.5207 14.3479 25.7593 -0.9343 0.0008 0.3565 0.2958 0.2229
9.3760 32.6327 -25.7933 0.4725 -0.0155 -0.8812 0.2762 0.1136
10.0273 -49.0841 2.3166 0.0935 -0.9952 0.0298 0.8415 0.7721
-9.6768 51.3040 25.6814 -0.0582 0.2235 0.9730 0.1318 0.0044
-9.6768 51.3040 25.6814 -0.1801 0.9398 0.2906 0.9838 0.9151
9.9543 48.9056 -16.1899 -0.0333 0.9994 -0.0032 0.8685 0.6631
8.4432 3.8039 25.9288 0.0272 0.0003 0.9996 0.0234 0.2893
-11.5934 2.0477 -7.1212 -0.9999 0.0016 0.0110 0.4921 0.2985
-6.4237 2.8605 -25.2511 -0.0470 0.0325 -0.9984 0.1814 0.2919
10.2171 -40.5109 -25.3017 0.5437 -0.0209 -0.8390 0.2809 0.5521
-7.5133 -49.8562 24.6632 0.2476 -0.0087 0.9688 0.1195 0.6109
-7.5133 -49.8562 24.6632 0.1671 -0.8703 0.4633 0.7376 0.9072
11.1932 -43.1713 -19.1262 0.9999 -0.0125 0.0111 0.6465 0.5605
11.9982 21.0476 17.2636 0.9996 0.0010 -0.0265 0.8609 0.1735
-11.0380 8.0912 21.3312 -0.9983 0.0124 0.0570 0.3219 0.2607
-10.8310 -50.1503 -3.5797 -0.1961 -0.9806 0.0026 0.5669 0.7478
9.2943 36.3114 26.0930 0.0661 -0.0345 0.9972 0.0181 0.0944
11.9685 -2.5315 16.6923 0.9994 -0.0043 -0.0355 0.8588 0.3149
10.8310 -49.1405 -19.7993 0.1772 -0.9839 0.0226 0.8451 0.6395
12.0653 -9.7795 24.1849 0.9989 -0.0023 0.0469 0.9041 0.3579
11.1412 22.3072 -15.6950 0.9999 -0.0057 0.0089 0.6633 0.1678
-10.8356 31.0895 22.9689 -0.9969 -0.0020 0.0781 0.3134 0.1227
-11.5326 -8.3958 12.9239 -0.9996 0.0003 0.0265 0.3714 0.3600
6.9562 -51.6757 25.5813 -0.1012 -0.0753 0.9920 0.0327 0.6219
6.9562 -51.6757 25.5813 0.0211 -0.9918 0.1262 0.6752 0.9217
-9.6668 7.1300 -25.0651 0.0035 0.0262 -0.9997 0.1620 0.2663
11.2422 -27.2894 -11.6715 0.9998 0.0147 0.0128 0.6902 0.4649
-1.7721 31.9359 26.1488 -0.0037 -0.0117 0.9999 0.0845 0.1205
-10.6123 -41.0775 -25.5788 -0.4959 0.0057 -0.8683 0.1560 0.5553
11.7623 -7.8505 11.2826 0.9996 -0.0028 -0.0288 0.8267 0.3471
-1.5946 -49.2824 25.4487 0.0183 -0.9121 0.4095 0.7732 0.9115
-2.6266 19.0980 26.0767 -0.0097 -0.0060 0.9999 0.0897 0.1975
-11.9256 36.7993 -8.2167 -0.9998 -0.0194 0.0084 0.5007 0.0903
-11.1335 -6.7100 -24.8751 -0.5505 0.0121 -0.8347 0.1531 0.3493
11.3548 -25.3091 -1.7996 0.9998 -0.0062 -0.0178 0.7493 0.4525
-11.6164 2.0784 8.1565 -0.9996 0.0037 0.0278 0.4005 0.2975
8.1628 51.3026 24.8403 0.1728 0.9849 -0.0094 0.8769 0.9090
-4.4773 2.2698 -25.3828 -0.0617 0.0239 -0.9978 0.1930 0.2955
-11.8738 38.4983 -23.9068 -0.9554 0.0001 -0.2953 0.5948 0.0810
-11.8738 38.4983 -23.9068 -0.6620 0.0070 -0.7495 0.1490 0.0782
12.0640 -1.8979 19.4672 0.9996 -0.0014 -0.0271 0.8754 0.3109
11.1842 2.8535 -12.0862 1.0000 0.0072 -0.0024 0.6860 0.2842
-10.9797 -17.0432 25.2598 -0.7250 -0.0462 0.6872 0.1400 0.4141
-10.9797 -17.0432 25.2598 -0.9002 0.0064 0.4355 0.2969 0.4111
11.5228 25.8043 0.8039 0.9994 0.0063 -0.0341 0.7620 0.1459
3.9196 -2.6966 -25.8361 -0.0052 0.0175 -0.9998 0.2433 0.3254
11.6952 -44.0629 24.1678 0.9900 -0.0136 0.1401 0.9060 0.5634
11.2097 0.9015 -11.6297 0.9999 0.0100 -0.0106 0.6889 0.2959
-11.6435 -34.0355 -23.4345 -0.9997 0.0058 -0.0221 0.5878 0.5158
11.2179 -3.5606 -13.7040 1.0000 0.0007 -0.0052 0.6767 0.3228
10.1733 46.9153 -24.7876 0.9599 0.0368 -0.2779 0.6074 0.0208
10.1733 46.9153 -24.7876 0.7788 0.0155 -0.6270 0.2812 0.0279
11.2086 -35.4435 -11.8476 0.9998 -0.0158 0.0131 0.6897 0.5138
-9.3242 -8.9014 -25.4987 0.0221 0.0085 -0.9997 0.1639 0.3625
-8.6211 -12.7546 -25.5501 -0.0244 0.0142 -0.9996 0.1681 0.3856
-1.3716 -32.8150 25.9550 -0.0311 0.0104 0.9995 0.0825 0.5087
-11.6429 -3.9331 8.1153 -0.9998 0.0011 0.0192 0.4004 0.3335
-10.8463 44.2428 24.0301 -0.9944 -0.0154 0.1048 0.3078 0.0438
11.1490 28.5732 -11.4272 0.9998 -0.0194 0.0036 0.6885 0.1300
-6.4993 -24.7403 -25.8283 -0.0552 0.0109 -0.9984 0.1807 0.4574
-10.3770 39.8128 26.0110 -0.5258 -0.0147 0.8505 0.1360 0.0733
-11.8884 35.3237 -6.9184 -0.9999 -0.0150 0.0051 0.4928 0.0990
11.3123 -5.8198 -6.6959 0.9995 -0.0013 -0.0311 0.7188 0.3359
12.0993 6.1930 21.5006 0.9999 0.0040 -0.0149 0.8871 0.2623
-4.4586 51.3474 -10.9487 -0.0140 0.9999 0.0001 0.9546 0.6952
6.0811 50.2340 25.9200 -0.0851 0.2349 0.9683 0.0373 0.0109
-11.6584 -24.9357 -12.3309 -0.9997 0.0105 0.0231 0.5218 0.4606
-11.7308 -25.8859 2.3193 -0.9998 0.0179 -0.0016 0.4339 0.4654
11.2057 -10.2224 -11.0160 0.9999 0.0019 -0.0147 0.6932 0.3626
-3.2704 8.6199 26.0466 -0.0054 -0.0051 1.0000 0.0936 0.2603
11.4346 -24.6330 1.4061 0.9997 -0.0084 -0.0236 0.7685 0.4482
-11.8655 10.4353 -24.1869 -0.9444 0.0105 -0.3285 0.5949 0.2492
-11.8655 10.4353 -24.1869 -0.6391 0.0046 -0.7691 0.1489 0.2464
10.7660 -49.5168 25.2402 -0.1269 -0.9860 -0.1078 0.8473 0.9095
-10.1484 10.1216 26.0165 -0.0581 0.0003 0.9983 0.1348 0.2513
-4.8918 -50.3877 -25.3531 -0.0470 -0.4234 -0.9047 0.1902 0.6112
-4.8918 -50.3877 -25.3531 -0.0418 -0.8255 -0.5628 0.6013 0.6170
10.9022 -48.6108 -12.5797 0.9749 -0.2194 0.0376 0.6860 0.5928
-4.3733 24.8944 26.0834 -0.0153 -0.0051 0.9999 0.1001 0.1627
-11.5323 -6.2806 12.9651 -0.9996 -0.0014 0.0279 0.3712 0.3473
9.6959 -48.9049 -15.8008 -0.0469 -0.9984 -0.0314 0.8385 0.6636
10.8201 49.2288 22.9793 -0.2807 0.9471 -0.1555 0.8611 0.8979
-11.1072 9.3245 19.7164 -0.9987 0.0100 0.0491 0.3317 0.2534
11.3877 14.9738 -3.6059 0.9989 -0.0041 -0.0465 0.7362 0.2111
-11.7650 -30.5605 6.0061 -0.9999 0.0108 0.0093 0.4115 0.4932
-11.6969 -5.6630 4.8690 -0.9999 -0.0020 0.0129 0.4198 0.3441
11.4610 7.4837 -1.4119 0.9996 0.0064 -0.0268 0.7497 0.2559
10.3579 -49.1128 -13.3188 0.0299 -0.9995 -0.0109 0.8426 0.6784
-11.6074 25.3493 8.0119 -0.9992 -0.0080 0.0397 0.4027 0.1580
11.3638 27.0991 -3.9372 0.9994 0.0024 -0.0345 0.7335 0.1384
8.0168 49.9385 -25.8461 0.1353 0.9501 0.2809 0.8807 0.6053
-10.8814 24.9891 22.3035 -0.9977 -0.0001 0.0678 0.3171 0.1593
-12.0901 11.6919 -19.2076 -0.9998 -0.0030 0.0183 0.5651 0.2414
-11.3817 -9.1154 17.4429 -0.9993 0.0023 0.0370 0.3442 0.3640
8.1062 50.8175 7.6814 0.2287 0.9731 -0.0294 0.8782 0.8062
8.4837 50.2279 -6.2553 0.5077 0.8608 -0.0356 0.8767 0.7227
11.2539 -11.2182 -8.4022 0.9997 -0.0043 -0.0247 0.7089 0.3684
10.3720 -49.0518 -3.4467 -0.0148 -0.9999 0.0007 0.8433 0.7376
9.5671 -49.7588 -24.4920 0.9607 -0.2644 0.0848 0.7025 0.6059
9.2922 -15.8243 25.7907 0.0026 -0.0048 1.0000 0.0185 0.4069
11.1000 -14.8543 -22.5029 0.9990 0.0004 -0.0447 0.6246 0.3910
11.9951 14.8533 17.5642 0.9995 -0.0017 -0.0307 0.8630 0.2106
10.2608 48.8993 -19.2140 0.4718 0.8816 0.0095 0.8668 0.6450
-11.8712 -36.1137 3.6937 -0.9995 0.0294 0.0137 0.4251 0.5267
-6.9849 -8.5884 -25.5255 -0.0483 0.0245 -0.9985 0.1779 0.3606
11.1223 -49.0569 15.5606 0.6702 -0.7385 -0.0732 0.8488 0.8515
11.1223 -49.0569 15.5606 0.9950 -0.0959 -0.0291 0.8547 0.5938
7.7885 40.2229 26.2997 0.0313 -0.0379 0.9988 0.0271 0.0709
9.4484 -47.6672 21.5088 0.2014 -0.9786 -0.0431 0.8392 0.8871
12.0667 16.0996 20.9354 1.0000 0.0007 -0.0099 0.8832 0.2029
9.3993 -9.6617 -25.7564 0.2852 0.0143 -0.9584 0.2761 0.3671
4.0898 -23.2009 -26.1296 0.0056 0.0065 -1.0000 0.2442 0.4483
9.5109 45.5203 -25.5431 0.9252 -0.0227 -0.3788 0.5319 0.6377
-7.4896 -37.8350 25.7285 -0.0525 0.0019 0.9986 0.1192 0.5388
-11.3432 -13.6323 18.6112 -0.9993 -0.0001 0.0364 0.3370 0.3910
-10.6665 35.1464 25.1631 -0.9944 -0.0072 0.1055 0.3005 0.0983
-11.9089 8.8993 -15.4874 -0.9987 -0.0031 0.0502 0.5426 0.2579
8.5229 43.0043 26.3841 0.0381 -0.0405 0.9985 0.0227 0.0542
-11.6872 -25.0154 -1.3472 -0.9998 0.0145 -0.0142 0.4559 0.4604
8.9095 48.7193 -8.9246 0.3022 0.9521 0.0469 0.8744 0.7067
8.9095 48.7193 -8.9246 0.9753 0.2204 0.0149 0.5417 0.6887
11.7335 19.6944 8.5028 0.9996 0.0018 -0.0283 0.8085 0.1821
11.9176 22.7419 14.8059 0.9994 0.0021 -0.0345 0.8461 0.1635
10.7658 17.6170 25.6509 0.5994 -0.0075 0.8005 0.0094 0.2065
8.6447 -51.1302 -13.7884 0.2507 -0.9681 -0.0038 0.6831 0.6856
11.1447 13.2460 -17.3094 1.0000 0.0013 -0.0073 0.6541 0.2222
-11.5951 -3.6229 10.6329 -0.9998 0.0001 0.0187 0.3854 0.3315
-10.9874 50.8114 21.0656 -0.9415 0.3364 0.0206 0.3260 0.0046
-10.9874 50.8114 21.0656 -0.4768 0.8789 0.0132 0.9919 0.8875
10.1018 48.9309 -9.6903 -0.0213 0.9997 -0.0113 0.8673 0.7021
11.1334 13.5745 -10.2460 0.9999 -0.0015 -0.0168 0.6964 0.2199
0.3193 -51.1815 -14.7287 -0.0254 -0.9996 -0.0100 0.6331 0.6804
11.2169 -40.6957 -24.3605 0.9975 0.0116 -0.0697 0.6149 0.5460
11.5766 -18.5573 24.9429 0.5907 -0.0000 0.8069 0.0048 0.4234
11.5766 -18.5573 24.9429 0.8596 0.0142 0.5107 0.9092 0.4105
-11.0171 -9.5920 -24.9698 -0.5560 0.0031 -0.8312 0.1538 0.3666
6.5399 -49.7456 24.9572 0.2580 0.7605 0.5959 0.0352 0.6103
-11.6421 -3.0898 -24.4347 -0.9134 -0.0172 -0.4067 0.5956 0.3303
-11.6421 -3.0898 -24.4347 -0.5836 0.0144 -0.8119 0.1501 0.3275
-5.8825 -43.8989 -25.9829 -0.0471 -0.0467 -0.9978 0.1843 0.5723
11.3969 33.9581 0.2413 0.9989 0.0281 -0.0375 0.7581 0.0971
9.7765 -49.1153 5.9322 -0.0948 -0.9953 0.0208 0.8402 0.7938
8.8121 -37.2795 26.1365 0.0159 0.0169 0.9997 0.0215 0.5355
-3.3527 50.6242 25.6394 -0.0189 0.1189 0.9927 0.0939 0.0085
-11.4978 -5.9331 14.0749 -0.9994 0.0008 0.0344 0.3646 0.3451
11.0656 -39.8279 -8.3033 0.9996 -0.0275 0.0009 0.7112 0.5399
10.5545 4.8814 -24.7835 0.5503 0.0123 -0.8349 0.2832 0.2799
-1.7969 51.2678 -17.0860 0.0440 0.9990 -0.0102 0.9390 0.6583
-0.1844 19.9875 26.0976 -0.0027 -0.0052 1.0000 0.0750 0.1922
9.4239 -48.7662 13.1346 0.0906 -0.4519 -0.8874 0.4503 0.6180
9.4239 -48.7662 13.1346 0.5653 -0.8094 -0.1592 0.8385 0.8370
9.4239 -48.7662 13.1346 0.5599 -0.4913 -0.6672 0.7106 0.8314
11.2474 32.3936 -5.2642 0.9995 0.0157 -0.0289 0.7252 0.1068
3.3823 4.9211 -25.6955 -0.0146 0.0165 -0.9998 0.2402 0.2797
11.9204 8.5256 15.0122 0.9996 0.0007 -0.0297 0.8481 0.2487
11.7815 -0.9573 10.8569 0.9996 -0.0037 -0.0296 0.8237 0.3058
2.8235 -15.9126 -26.0585 -0.0054 0.0174 -0.9998 0.2367 0.4046
-9.6067 -26.5225 -25.7517 -0.0014 0.0223 -0.9998 0.1621 0.4681
10.9190 -49.4011 25.3505 0.4595 -0.6899 0.5593 0.8482 0.9102
10.9190 -49.4011 25.3505 0.5460 -0.3080 0.7791 0.0089 0.6083
11.4995 31.9621 1.7656 0.9993 0.0122 -0.0357 0.7674 0.1089
9.3749 48.8771 -25.5628 0.5114 0.8503 0.1242 0.8725 0.6070
9.3749 48.8771 -25.5628 0.8936 0.3843 -0.2318 0.5316 0.6175
11.1346 -2.4703 -22.0518 0.9998 0.0002 -0.0222 0.6266 0.3167
1.8698 35.4624 -25.9271 -0.0229 -0.0298 -0.9993 0.2313 0.0966
-3.5723 -29.6280 -26.0401 -0.0384 0.0123 -0.9992 0.1982 0.4868
9.3132 48.6156 13.9735 0.3212 0.9447 0.0660 0.8706 0.8440
-4.2627 48.4518 -25.6520 -0.1108 0.1047 -0.9883 0.1946 0.0187
9.9450 -49.0460 -7.4931 0.1244 -0.9922 -0.0085 0.8405 0.7133
11.5715 -3.5704 2.7644 0.9997 -0.0031 -0.0222 0.7754 0.3219
-10.4978 -49.4062 -25.4428 -0.1053 -0.1922 -0.9757 0.1566 0.6053
-4.0442 -51.3198 10.3415 -0.0884 -0.9959 -0.0176 0.6084 0.8310
-11.1079 1.0305 21.6743 -0.9986 0.0135 0.0517 0.3195 0.3030
11.3894 -40.9317 9.2321 0.9995 -0.0232 -0.0195 0.8163 0.5455
-11.5995 -6.7743 -10.2957 -0.9997 -0.0025 0.0254 0.5106 0.3516
-0.2273 -51.2404 -6.4950 -0.0241 -0.9997 -0.0078 0.6303 0.7298
-11.1925 -0.2987 20.3660 -0.9987 0.0131 0.0500 0.3272 0.3110
9.4911 46.3566 -25.9194 0.9951 -0.0116 0.0982 0.5296 0.6327
-8.3867 -50.4917 -12.1862 -0.1448 -0.9894 -0.0096 0.5811 0.6961
-10.7801 23.2694 23.7794 -0.9972 0.0022 0.0750 0.3081 0.1695
11.8008 17.0702 10.5003 0.9995 -0.0050 -0.0327 0.8206 0.1977
4.3656 30.2169 26.1109 0.0232 -0.0088 0.9997 0.0477 0.1309
6.1083 -4.8645 25.9706 0.0162 -0.0157 0.9997 0.0375 0.3412
-0.2100 50.7952 -24.6737 0.0253 0.4167 -0.9087 0.2189 0.0046
4.5468 49.2748 -26.4892 -0.0740 0.1137 -0.9908 0.2473 0.0138
5.8811 26.6256 26.0470 0.0381 -0.0029 0.9993 0.0386 0.1524
9.9044 -4.3199 25.9402 0.0856 0.0015 0.9963 0.0147 0.3380
9.3300 48.7449 -8.2500 -0.3338 0.9413 0.0496 0.8718 0.7108
11.0048 -15.0544 -24.2792 0.9969 -0.0025 -0.0788 0.6140 0.3923
11.2931 34.6679 -2.1323 0.9993 0.0226 -0.0287 0.7439 0.0929
-6.6554 36.6278 -25.5320 -0.0921 -0.0219 -0.9955 0.1802 0.0895
-10.0713 17.0459 26.0145 -0.0780 -0.0028 0.9970 0.1343 0.2097
6.1351 21.9943 26.0293 0.0338 -0.0006 0.9994 0.0372 0.1802
11.1961 -37.7285 -13.6421 0.9997 -0.0186 0.0185 0.6790 0.5276
11.0499 -27.4721 -24.5090 0.9870 0.0036 -0.1609 0.6133 0.4667
9.3738 48.8512 -4.0764 -0.3286 0.9440 0.0283 0.8713 0.7358
9.3860 -47.6176 19.4675 0.3175 -0.9482 -0.0071 0.8387 0.8749
-11.7429 -28.9528 7.1922 -0.9999 0.0049 0.0149 0.4045 0.4835
-11.7632 23.8102 2.4530 -0.9999 -0.0036 0.0136 0.4360 0.1675
-11.4193 -48.3318 -20.4056 -0.9921 -0.1218 0.0284 0.5689 0.6013
-11.6277 -33.3305 -24.2918 -0.9999 0.0015 -0.0167 0.5930 0.5116
11.6878 -42.8462 22.3086 0.9991 -0.0324 -0.0275 0.8948 0.5562
-10.8563 -22.0252 25.3958 -0.5195 0.0239 0.8542 0.1393 0.4440
-11.3968 11.3000 12.9902 -0.9992 0.0067 0.0403 0.3721 0.2419
-11.7147 -28.8801 -1.4626 -0.9999 0.0076 -0.0134 0.4564 0.4836
11.5068 -21.5924 24.9839 0.6160 0.0029 0.7877 0.0053 0.4416
11.0366 39.9464 -6.6995 0.9994 0.0335 -0.0129 0.7162 0.0616
9.5916 49.3578 24.1565 0.9291 0.3615 -0.0782 0.5475 0.8870
9.5916 49.3578 24.1565 0.8423 0.5318 -0.0883 0.8684 0.9050
11.5170 7.4213 0.4663 0.9994 0.0088 -0.0340 0.7610 0.2561
9.9995 33.9903 -25.2656 0.7564 -0.0053 -0.6541 0.2800 0.1054
11.2025 39.5216 -1.2338 0.9985 0.0462 -0.0277 0.7490 0.0638
9.0642 48.7169 -4.7112 0.0889 0.9945 -0.0549 0.8732 0.7320
-3.7156 -33.1041 25.8779 -0.0386 0.0074 0.9992 0.0965 0.5104
-10.7833 -6.1816 25.4993 -0.7794 0.0012 0.6266 0.1388 0.3490
-10.7833 -6.1816 25.4993 -0.9161 0.0083 0.4008 0.2961 0.3460
10.8894 -20.2382 25.4486 0.5444 -0.0136 0.8387 0.0089 0.4334
10.0581 -31.2479 -25.6968 0.6641 -0.0098 -0.7476 0.2800 0.4966
-11.6352 -32.1915 -24.5187 -1.0000 -0.0086 0.0046 0.5944 0.5048
-11.6352 -32.1915 -24.5187 -0.8106 0.0158 -0.5853 0.1500 0.5020
-11.1277 -32.7353 23.7842 -0.9978 0.0002 0.0657 0.3049 0.5053
11.1880 -10.5835 -13.1962 1.0000 -0.0009 0.0043 0.6801 0.3649
11.7023 5.5129 7.5926 0.9998 -0.0050 -0.0208 0.8038 0.2672
9.2031 48.7470 -2.3754 0.1358 0.9906 -0.0179 0.8722 0.7460
11.9510 -6.4735 24.5914 0.6594 -0.0037 0.7518 0.0025 0.3510
11.9510 -6.4735 24.5914 0.9186 0.0037 0.3952 0.9064 0.3381
10.3947 41.1648 -24.6326 0.7717 -0.0022 -0.6360 0.2825 0.0624
10.3947 41.1648 -24.6326 0.9740 0.0309 -0.2244 0.6087 0.0553
-11.6085 -12.1422 -1.7512 -0.9996 -0.0118 -0.0245 0.4591 0.3833
-11.8612 31.2955 -8.0654 -0.9999 -0.0093 0.0065 0.4994 0.1232
8.2095 35.4702 26.1142 0.0299 -0.0336 0.9990 0.0246 0.0994
-11.5142 14.9640 9.3269 -0.9993 0.0037 0.0362 0.3943 0.2201
-10.1240 7.9387 26.0225 -0.1791 -0.0187 0.9836 0.1347 0.2643
-11.6277 -12.8426 -0.5341 -0.9997 0.0007 -0.0243 0.4518 0.3874
0.9339 -51.2397 -8.9629 -0.0086 -1.0000 -0.0037 0.6371 0.7150
11.0032 -42.4316 -24.9215 0.5809 0.0012 -0.8140 0.2856 0.5636
11.3750 -13.8904 -3.9577 0.9996 -0.0057 -0.0261 0.7357 0.3841
-11.7561 -27.1811 2.7736 -0.9999 0.0117 -0.0000 0.4311 0.4732
11.5968 29.5274 4.2198 0.9998 0.0095 -0.0181 0.7822 0.1234
-7.4815 -49.7707 24.8131 0.1559 -0.8917 0.4250 0.7378 0.9080
-11.6947 -7.5717 4.7058 -0.9999 -0.0017 0.0117 0.4207 0.3555
-11.2256 -13.4825 21.7083 -0.9992 0.0035 0.0388 0.3184 0.3900
-11.9590 34.8832 -13.2593 -0.9998 -0.0113 0.0162 0.5308 0.1020
10.1565 7.9353 -24.9807 0.5285 0.0039 -0.8489 0.2808 0.2616
11.8931 5.3141 14.0312 0.9995 0.0007 -0.0319 0.8424 0.2680
9.3359 -48.8514 13.3820 0.6522 -0.7489 0.1177 0.8380 0.8385
-11.6543 -11.3648 -12.6400 -0.9996 -0.0037 0.0290 0.5244 0.3792
-11.7236 14.7317 2.0762 -0.9999 -0.0017 0.0154 0.4377 0.2220
11.3814 4.8364 -4.5386 0.9993 0.0076 -0.0361 0.7311 0.2719
11.4559 -6.8814 -1.4960 0.9997 -0.0027 -0.0235 0.7501 0.3420
11.1595 6.6453 -10.7651 0.9998 0.0108 -0.0170 0.6937 0.2614
-11.8848 -43.4570 -4.8397 -0.9997 -0.0208 -0.0131 0.4758 0.5712
4.9589 11.8892 -25.5960 0.0019 0.0117 -0.9999 0.2497 0.2379
-2.6779 -43.6722 -26.1447 -0.0415 -0.0360 -0.9985 0.2035 0.5710
9.5668 -47.7288 22.3036 -0.4909 -0.8680 -0.0747 0.8399 0.8919
11.1447 49.0548 18.5321 0.1144 0.9931 -0.0238 0.8594 0.8712
11.1447 49.0548 18.5321 0.9334 0.3456 -0.0970 0.8669 0.0055
-11.6584 6.9352 -8.5350 -0.9997 -0.0210 0.0093 0.5009 0.2693
-10.3632 44.6253 26.0692 -0.3694 0.0007 0.9293 0.1359 0.0444
11.3548 -31.3699 -0.0081 0.9998 -0.0060 -0.0191 0.7604 0.4887
9.0838 7.8930 -25.4974 0.1686 0.0087 -0.9856 0.2744 0.2619
0.6525 -50.2112 -25.1218 0.0014 0.2783 -0.9605 0.2235 0.6101
12.0775 -10.5748 23.5069 1.0000 -0.0006 0.0040 0.9001 0.3627
11.4061 -3.9028 25.0771 0.6423 -0.0065 0.7664 0.0058 0.3355
-11.5973 -22.2525 -24.5653 -0.9327 -0.0013 -0.3607 0.5953 0.4452
-11.5973 -22.2525 -24.5653 -0.7026 0.0066 -0.7116 0.1503 0.4424
-10.5947 51.0692 -10.0694 -0.1192 0.9929 0.0018 0.9913 0.7009
9.7135 4.7289 -25.3284 0.4552 0.0217 -0.8901 0.2781 0.2809
3.5220 -18.7854 25.8583 -0.0190 0.0213 0.9996 0.0531 0.4246
10.0306 -29.2645 -25.7539 0.5436 0.0041 -0.8393 0.2798 0.4847
-10.7022 14.0159 25.0112 -0.9931 0.0085 0.1168 0.3002 0.2249
10.2693 -18.1490 -25.3845 0.6433 0.0358 -0.7648 0.2813 0.4180
2.2032 -49.5341 24.2878 -0.2398 -0.2299 0.9432 0.0612 0.6091
9.6877 48.8814 -5.6647 -0.2779 0.9592 -0.0511 0.8695 0.7262
-12.0611 36.9281 -19.1168 -1.0000 -0.0023 0.0020 0.5660 0.0901
-8.0397 -49.9003 -25.4494 0.0169 -0.0117 -0.9998 0.1714 0.6082
1.0010 38.0885 -25.9858 -0.0292 -0.0318 -0.9991 0.2261 0.0809
10.8661 31.8892 -21.8651 0.9986 0.0157 -0.0499 0.6258 0.1107
-11.9775 42.0215 -3.3231 -1.0000 0.0011 0.0041 0.4716 0.0587
9.6986 -49.4470 -25.3336 0.9292 -0.3569 -0.0957 0.7043 0.6008
9.6986 -49.4470 -25.3336 0.7403 -0.5981 0.3069 0.8380 0.6064
9.6986 -49.4470 -25.3336 0.5004 -0.4531 -0.7378 0.2777 0.6056
-10.8559 50.9742 0.7011 -0.1138 0.9935 0.0074 0.9923 0.7655
10.0309 32.9584 25.9664 0.1920 -0.0086 0.9814 0.0137 0.1145
9.5918 48.8051 -21.0427 -0.1536 0.9871 0.0454 0.8710 0.6341
-6.8588 51.2366 -24.5835 -0.0050 0.9695 -0.2448 0.9698 0.6136
-6.8588 51.2366 -24.5835 -0.0335 0.1621 -0.9862 0.1791 0.0019
-4.9806 51.2499 -24.6533 -0.0211 0.2116 -0.9771 0.1904 0.0018
-4.9806 51.2499 -24.6533 0.0621 0.9905 -0.1224 0.9585 0.6131
8.8867 48.8189 -12.5469 0.9690 0.2470 -0.0004 0.5421 0.6670
11.3419 -18.9846 -4.6560 0.9997 0.0001 -0.0248 0.7318 0.4147
10.0565 29.3744 -25.1801 0.6874 0.0072 -0.7262 0.2803 0.1331
2.7176 -14.5806 -26.0313 -0.0029 0.0207 -0.9998 0.2360 0.3966
-11.7957 -36.6463 -10.9002 -0.9995 0.0309 0.0052 0.5125 0.5307
11.2182 -0.1755 -15.7177 1.0000 0.0032 0.0033 0.6644 0.3026
5.9317 14.2363 25.9975 0.0231 -0.0063 0.9997 0.0384 0.2267
11.3315 6.5426 -5.4134 0.9993 0.0102 -0.0370 0.7258 0.2617
7.9476 -35.0333 26.1059 0.0054 0.0164 0.9999 0.0266 0.5221
-6.8501 -49.8112 24.5359 0.1752 -0.2218 0.9592 0.1155 0.6106
-6.8501 -49.8112 24.5359 0.1062 -0.9168 0.3848 0.7416 0.9064
-11.5236 26.9582 10.3475 -0.9990 -0.0111 0.0443 0.3888 0.1482
6.7341 -31.6440 -26.1142 0.0309 0.0006 -0.9995 0.2600 0.4989
10.3626 45.4266 -24.2745 0.9850 0.0294 -0.1699 0.6106 0.0297
-11.8138 -32.5545 0.5192 -0.9997 0.0198 -0.0124 0.4443 0.5055
10.5019 48.4023 -16.0171 0.9767 0.2144 -0.0117 0.6599 0.0114
-5.7865 -49.7181 24.5611 0.0253 -0.8246 0.5651 0.7480 0.9064
11.5346 28.5844 1.7449 0.9991 0.0132 -0.0391 0.7674 0.1292
11.6283 -1.1291 5.3266 0.9996 0.0037 -0.0265 0.7906 0.3071
3.9976 -1.2667 26.0065 -0.0069 -0.0068 1.0000 0.0501 0.3196
0.2638 -13.0301 25.8155 -0.0215 -0.0098 0.9997 0.0726 0.3901
11.6915 17.6342 6.4522 0.9998 -0.0015 -0.0210 0.7963 0.1946
11.3678 -43.4452 25.0859 0.7254 -0.0030 0.6883 0.0062 0.5726
11.3678 -43.4452 25.0859 0.9346 -0.0124 0.3554 0.9115 0.5597
10.2542 48.2595 -24.3282 0.9746 0.0681 -0.2134 0.6101 0.0127
10.8385 19.1877 25.6106 0.6005 -0.0069 0.7996 0.0090 0.1971
-1.4590 -10.2247 -25.8106 -0.0406 0.0229 -0.9989 0.2110 0.3705
11.0240 32.7408 -17.6850 0.9995 0.0143 -0.0286 0.6508 0.1054
-10.9938 42.7556 22.2483 -0.9965 -0.0106 0.0825 0.3184 0.0528
4.8667 49.9055 -26.1667 -0.0502 0.8992 -0.4347 0.8996 0.6036
11.0537 -22.6297 -24.3307 0.9941 0.0101 -0.1081 0.6141 0.4377
-9.3868 37.5717 -25.2787 -0.1132 -0.0189 -0.9934 0.1638 0.0838
-11.6861 -9.3782 1.2245 -0.9999 0.0008 -0.0152 0.4414 0.3665
-10.8458 2.1433 25.0993 -0.9749 0.0241 0.2214 0.2990 0.2961
-12.0733 30.4025 -20.8485 -1.0000 0.0044 -0.0015 0.5760 0.1293
3.8349 -49.6820 -25.2886 -0.0128 -0.5002 -0.8658 0.8028 0.6071
3.8349 -49.6820 -25.2886 -0.0364 -0.2960 -0.9545 0.2426 0.6070
-11.9329 -40.1525 -1.4244 -0.9999 0.0090 -0.0063 0.4555 0.5512
-11.6740 -20.6815 -24.4863 -0.9702 -0.0044 -0.2421 0.5949 0.4358
-11.6740 -20.6815 -24.4863 -0.7001 0.0017 -0.7140 0.1498 0.4330
9.6149 46.5193 -25.3725 0.9160 -0.0040 -0.4012 0.5328 0.6317
9.6149 46.5193 -25.3725 0.6622 -0.0029 -0.7494 0.2778 0.0303
-9.3655 -18.6885 25.5287 -0.0506 -0.0052 0.9987 0.1303 0.4240
-11.2129 20.5744 16.3286 -0.9989 -0.0021 0.0463 0.3526 0.1861
-11.6606 -15.9747 -1.2309 -0.9998 0.0023 -0.0199 0.4558 0.4062
11.6620 20.9483 4.9994 0.9997 -0.0020 -0.0226 0.7874 0.1748
-0.1724 10.3643 -25.4768 -0.0459 0.0132 -0.9989 0.2189 0.2470
11.8082 -30.6021 24.3063 0.9823 0.0246 0.1856 0.9061 0.4827
10.9260 -4.0993 -24.5958 0.9837 -0.0028 -0.1797 0.6115 0.3266
11.1838 3.2869 -12.8744 1.0000 0.0066 0.0033 0.6813 0.2817
4.9445 -51.1276 -23.0554 -0.0001 -0.9992 -0.0397 0.6604 0.6302
9.7241 -48.8075 -22.9031 0.9611 -0.2353 0.1446 0.7083 0.6153
9.7241 -48.8075 -22.9031 0.0132 -0.9459 0.3243 0.8383 0.6210
11.3934 -34.8547 4.6141 0.9998 -0.0106 -0.0196 0.7883 0.5093
-11.8049 28.9848 -1.0585 -0.9999 -0.0106 -0.0018 0.4573 0.1367
-11.3943 14.7573 12.4037 -0.9991 0.0067 0.0413 0.3758 0.2212
7.5045 -51.1061 -5.7940 0.0371 -0.9992 0.0172 0.6767 0.7336
-8.1892 -51.0864 18.6150 -0.1199 -0.9919 -0.0417 0.5840 0.8808
-2.8603 -51.4988 25.2325 -0.1112 -0.7769 0.6197 0.6163 0.9202
-2.8603 -51.4988 25.2325 -0.0675 0.1618 0.9845 0.0916 0.6207
10.5901 49.0531 18.5959 -0.0862 0.9954 0.0418 0.8627 0.8716
-9.3422 25.1129 -25.0026 -0.0148 -0.0260 -0.9996 0.1640 0.1585
-10.5100 29.1304 -24.8855 -0.3796 -0.0225 -0.9249 0.1571 0.1344
-0.2016 -19.5425 -26.0343 -0.0467 0.0139 -0.9988 0.2185 0.4263
-10.5045 7.5173 25.8139 -0.5307 0.0234 0.8472 0.1370 0.2669
-10.5045 7.5173 25.8139 -0.9300 0.0210 0.3670 0.2951 0.2639
-11.8920 44.2772 -23.7372 -0.9662 0.0125 -0.2577 0.5941 0.0463
-11.8920 44.2772 -23.7372 -0.8583 -0.0105 -0.5131 0.1489 0.0435
9.2488 48.8516 0.8741 0.2514 0.9633 0.0944 0.8718 0.7655
8.9444 48.7076 -16.6449 0.7049 0.7093 -0.0044 0.8746 0.6605
10.0983 48.9370 -6.6495 -0.1566 0.9873 -0.0284 0.8671 0.7203
11.2284 -20.5441 -17.4229 0.9999 0.0121 0.0023 0.6554 0.4248
5.9233 -42.6362 -26.2540 0.0107 0.0129 -0.9999 0.2551 0.5648
10.2263 -49.0847 -14.5963 -0.1059 -0.9940 -0.0276 0.8417 0.6708
11.2975 -24.8622 -5.8070 0.9998 -0.0018 -0.0209 0.7253 0.4500
-11.8378 -34.9415 -1.5219 -0.9994 0.0301 -0.0169 0.4564 0.5199
-3.5153 -21.7883 -25.9395 -0.0370 0.0126 -0.9992 0.1986 0.4398
11.5486 -9.9393 2.8474 0.9997 -0.0004 -0.0231 0.7763 0.3601
11.9259 -30.0715 21.4428 0.9999 -0.0109 0.0092 0.8889 0.4797
-11.9443 42.6224 2.0630 -0.9999 0.0110 0.0131 0.4394 0.0548
-10.4630 51.0176 9.9665 -0.1909 0.9816 0.0047 0.9894 0.8210
-10.5343 51.0176 7.5144 -0.1694 0.9855 0.0025 0.9900 0.8063
-0.8096 5.3917 26.0208 -0.0089 -0.0088 0.9999 0.0789 0.2797
8.2170 20.1701 -25.5339 0.0550 -0.0178 -0.9983 0.2692 0.1883
-12.0861 22.5232 -22.4667 -0.9992 0.0008 -0.0389 0.5852 0.1767
-1.0150 -50.7383 -25.2393 -0.0164 0.0336 -0.9993 0.2135 0.6133
-1.0150 -50.7383 -25.2393 -0.0504 -0.9131 -0.4045 0.6245 0.6175
-7.9003 -6.2849 -25.4267 -0.0325 0.0281 -0.9991 0.1725 0.3468
11.1936 -15.6302 -17.3288 1.0000 -0.0057 -0.0000 0.6557 0.3953
9.6964 24.1699 -25.4017 0.5166 -0.0343 -0.8556 0.2781 0.1643
-11.8415 23.0625 -12.4209 -0.9989 -0.0121 0.0458 0.5251 0.1728
11.3261 -23.9989 -4.4843 0.9998 -0.0061 -0.0185 0.7331 0.4448
9.0585 48.6218 -16.0292 0.2839 0.9589 0.0001 0.8739 0.6642
10.2693 25.2061 25.8852 0.0314 0.0055 0.9995 0.0124 0.1610
7.6462 -23.2969 -26.0585 0.0531 0.0028 -0.9986 0.2655 0.4489
-11.1253 40.6270 20.1164 -0.9973 -0.0108 0.0722 0.3311 0.0657
-2.9178 -51.3003 4.8889 -0.0686 -0.9974 -0.0213 0.6148 0.7982
10.1231 20.6911 -24.9951 0.5832 -0.0053 -0.8123 0.2807 0.1851
-7.5072 -2.3446 -25.3481 -0.0410 0.0201 -0.9990 0.1748 0.3232
11.2043 -36.5804 -12.8103 0.9996 -0.0200 0.0184 0.6840 0.5207
5.5948 -35.0534 -26.1559 0.0149 0.0098 -0.9998 0.2532 0.5194
-11.7505 -34.3647 -16.2865 -0.9997 0.0232 0.0022 0.5450 0.5173
9.2739 49.9540 21.6209 0.9744 0.2181 -0.0542 0.5509 0.8717
9.3886 -48.9004 9.6796 0.0530 -0.9979 -0.0372 0.8381 0.8163
9.6229 -47.8053 17.2349 -0.8171 -0.5757 0.0295 0.8400 0.8615
-11.7673 -34.4750 -4.9357 -0.9994 0.0310 -0.0171 0.4769 0.5173
8.4447 50.3289 -3.9464 0.3178 0.9470 -0.0479 0.8768 0.7365
-9.4133 -14.3875 25.5643 -0.0267 -0.0091 0.9996 0.1306 0.3982
-10.7172 -41.1915 25.5102 -0.3107 -0.0378 0.9497 0.1386 0.5589
-11.5728 -8.5546 -3.2165 -0.9997 -0.0060 -0.0232 0.4681 0.3619
1.5790 47.5445 26.5357 -0.0307 0.0162 0.9994 0.0643 0.0270
-12.0157 6.1258 -17.9339 -0.9991 -0.0062 0.0410 0.5571 0.2747
-11.1658 -42.8427 24.6707 -0.9783 0.0146 0.2066 0.2990 0.5658
-10.6305 -4.3402 25.6980 -0.4793 -0.0124 0.8775 0.1378 0.3380
-0.7167 -11.2409 -25.8726 -0.0530 0.0276 -0.9982 0.2155 0.3766
12.0718 -10.8801 24.1649 0.9986 0.0011 0.0529 0.9041 0.3645
-4.0790 -4.6410 25.8549 -0.0211 -0.0172 0.9996 0.0986 0.3398
-11.7375 14.1618 -10.4775 -0.9997 -0.0062 0.0228 0.5129 0.2261
-11.6900 5.3475 5.0752 -0.9998 0.0077 0.0204 0.4192 0.2780
11.5553 -0.4061 2.8526 0.9996 0.0080 -0.0254 0.7757 0.3029
-10.9895 49.6570 -24.7047 -0.3227 0.0775 -0.9433 0.1543 0.0114
11.0341 -5.1702 25.3681 0.6177 -0.0052 0.7864 0.0080 0.3431
-11.6972 -1.2707 5.1675 -0.9998 -0.0005 0.0209 0.4183 0.3177
9.8116 -33.4418 -25.8690 0.4654 0.0011 -0.8851 0.2785 0.5097
-9.7730 -44.2288 -25.9167 -0.1638 -0.0332 -0.9859 0.1610 0.5743
-8.5812 23.9157 -24.9911 -0.0464 -0.0201 -0.9987 0.1686 0.1657
-5.4590 44.3307 26.2866 -0.0362 -0.0078 0.9993 0.1065 0.0462
-10.7374 6.2870 25.1049 -0.9881 0.0115 0.1531 0.2992 0.2713
0.3267 35.4508 -25.8907 -0.0270 -0.0291 -0.9992 0.2220 0.0967
-11.7826 25.8109 -1.6898 -0.9999 -0.0087 -0.0049 0.4609 0.1558
11.6871 14.1390 7.0179 0.9998 -0.0019 -0.0193 0.7999 0.2155
-0.9194 40.6159 26.3356 -0.0139 -0.0199 0.9997 0.0793 0.0685
11.1533 5.6131 -14.0023 0.9999 0.0145 0.0047 0.6744 0.2678
-7.7281 -50.7347 4.4916 -0.1485 -0.9887 -0.0193 0.5860 0.7961
11.4260 7.5466 -2.7117 0.9995 0.0064 -0.0321 0.7419 0.2556
3.3821 10.6138 26.0359 0.0122 0.0039 0.9999 0.0537 0.2484
-11.6832 -14.9968 1.5264 -1.0000 -0.0025 -0.0039 0.4393 0.4002
6.6487 -51.1462 -1.6229 0.0529 -0.9984 -0.0198 0.6718 0.7586
-4.3962 -20.0754 -25.8812 -0.0419 0.0157 -0.9990 0.1934 0.4295
-10.4047 20.0921 25.9549 -0.7944 -0.0079 0.6073 0.1363 0.1915
-4.3915 -51.0271 25.0751 0.0077 0.2346 0.9721 0.1007 0.6179
2.4767 50.8754 25.7344 -0.0516 -0.0105 0.9986 0.0589 0.0070
-11.8867 -41.4253 -9.5551 -0.9999 -0.0110 -0.0030 0.5042 0.5593
1.9788 -13.4544 -26.0044 -0.0069 0.0199 -0.9998 0.2316 0.3898
10.4376 -49.1841 5.7623 -0.0818 -0.9965 -0.0182 0.8442 0.7928
-7.7633 -50.9009 11.8687 -0.1430 -0.9894 -0.0232 0.5862 0.8403
-7.6187 -48.4171 -25.4361 0.0321 -0.1858 -0.9821 0.1739 0.5993
-11.6581 -12.9554 0.5824 -0.9997 0.0030 -0.0225 0.4451 0.3880
-11.2035 25.8879 16.9464 -0.9987 -0.0058 0.0515 0.3492 0.1542
11.4803 -27.8122 5.0991 0.9998 -0.0108 -0.0193 0.7908 0.4671
-11.7062 -48.1937 -0.1457 -0.9962 -0.0850 -0.0161 0.4474 0.5993
-11.3114 -50.3825 16.5963 -0.4786 -0.8772 -0.0380 0.5652 0.8688
0.5885 -49.8449 24.1156 0.0567 0.6282 0.7760 0.0709 0.6109
-10.4780 -12.0500 25.5682 -0.1024 -0.0129 0.9947 0.1370 0.3842
11.5100 22.3892 0.0556 0.9998 -0.0014 -0.0182 0.7577 0.1664
-11.6930 13.6730 -3.8644 -0.9999 -0.0037 -0.0100 0.4733 0.2286
-11.7513 6.6941 -12.3584 -0.9993 -0.0096 0.0375 0.5238 0.2710
-11.3595 -31.3755 19.0252 -0.9990 0.0033 0.0438 0.3335 0.4974
-2.3411 51.5214 25.8120 -0.0152 -0.2039 0.9789 0.0878 0.0031
-2.2135 -39.4883 -26.1907 -0.0266 0.0101 -0.9996 0.2063 0.5459
1.5421 -5.5135 25.9305 -0.0091 -0.0141 0.9999 0.0649 0.3451
9.4157 -48.7410 13.6399 0.4209 -0.8781 0.2277 0.8385 0.8400
11.5792 32.7727 4.9070 0.9995 0.0163 -0.0261 0.7862 0.1039
3.7668 -50.9294 -25.2401 -0.0157 -0.2595 -0.9656 0.2422 0.6145
3.7668 -50.9294 -25.2401 -0.0337 -0.9751 -0.2190 0.6532 0.6172
-6.4345 -50.1953 -25.4219 0.0493 0.1322 -0.9900 0.1810 0.6100
-6.4345 -50.1953 -25.4219 -0.0976 -0.8575 -0.5052 0.5920 0.6167
-11.1730 -37.2323 23.5594 -0.9978 0.0149 0.0647 0.3060 0.5322
-11.2585 -44.3166 24.1849 -0.9920 0.0184 0.1249 0.3018 0.5747
-6.7405 -49.9720 24.4787 0.1171 0.1486 0.9819 0.1149 0.6116
-10.5417 -22.7020 25.4903 -0.1617 0.0156 0.9867 0.1374 0.4481
-4.4360 -6.5603 -25.6183 -0.0503 0.0257 -0.9984 0.1932 0.3485
-2.7859 -49.6169 24.2915 0.0938 -0.1682 0.9813 0.0912 0.6095
-2.7859 -49.6169 24.2915 0.0796 -0.9609 0.2652 0.7660 0.9046
11.1304 -6.7628 -21.7662 0.9996 -0.0023 -0.0264 0.6286 0.3424
-11.6740 11.3450 4.5228 -0.9998 0.0013 0.0217 0.4228 0.2421
-0.2659 -12.6608 -25.9284 -0.0505 0.0151 -0.9986 0.2182 0.3851
11.6438 32.2774 7.2676 0.9996 0.0109 -0.0269 0.8003 0.1067
4.0373 8.7894 -25.6351 -0.0070 0.0173 -0.9998 0.2441 0.2565
-11.5943 -23.9915 -4.8599 -0.9998 0.0034 -0.0205 0.4771 0.4545
-11.8518 25.6586 -24.0384 -0.9771 -0.0189 -0.2120 0.5949 0.1579
-11.1971 -49.8977 -9.7908 -0.5540 -0.8324 -0.0140 0.5644 0.7106
-11.1971 -49.8977 -9.7908 -0.9192 -0.3936 -0.0152 0.5052 0.6101
-9.7240 -10.8251 -25.5221 -0.1058 0.0051 -0.9944 0.1615 0.3740
7.2440 50.4446 -8.5086 0.1556 0.9874 -0.0301 0.8843 0.7092
-2.1176 -51.1557 -9.2230 -0.0506 -0.9987 -0.0098 0.6188 0.7136
4.4702 -51.2015 -6.5127 0.0250 -0.9997 0.0029 0.6585 0.7294
9.0728 50.3271 18.4218 0.9783 0.2052 -0.0286 0.5529 0.8525
9.2452 40.0840 26.2309 0.0567 -0.0377 0.9977 0.0184 0.0718
-9.2416 -49.8830 -25.4043 -0.0454 -0.2797 -0.9590 0.1642 0.6081
-9.2416 -49.8830 -25.4043 -0.1306 -0.9717 -0.1970 0.5752 0.6169
2.0960 18.0910 26.0848 0.0022 -0.0049 1.0000 0.0614 0.2036
-11.9353 -41.8810 4.6342 -0.9999 0.0090 0.0076 0.4191 0.5612
11.3497 23.6223 -4.7440 0.9991 0.0032 -0.0426 0.7288 0.1593
10.9338 43.0734 -5.0336 0.9989 0.0463 -0.0109 0.7260 0.0427
-11.6809 -18.0716 3.0901 -1.0000 0.0018 -0.0044 0.4297 0.4185
11.2523 -34.7566 -14.4390 0.9999 -0.0079 0.0111 0.6741 0.5098
-4.6882 -8.8895 -25.6574 -0.0530 0.0186 -0.9984 0.1917 0.3624
-8.8072 -49.0233 -25.4072 0.0438 -0.0537 -0.9976 0.1668 0.6030
2.6630 -6.0710 -25.8782 -0.0126 0.0164 -0.9998 0.2358 0.3456
0.3618 -26.4917 25.9135 -0.0262 0.0155 0.9995 0.0721 0.4708
-5.3282 -13.8954 -25.7257 -0.0560 0.0186 -0.9983 0.1878 0.3924
-0.5937 -49.8876 24.2748 0.0299 0.4573 0.8888 0.0780 0.6112
-8.4736 -49.9857 -25.4211 -0.0283 -0.1977 -0.9799 0.1688 0.6087
-8.4736 -49.9857 -25.4211 -0.1319 -0.9698 -0.2053 0.5798 0.6168
11.2180 13.2042 -7.4600 0.9993 -0.0006 -0.0381 0.7132 0.2219
5.6184 -5.6304 -25.8777 0.0092 0.0139 -0.9999 0.2535 0.3430
9.2545 49.1644 18.2365 0.9848 0.1669 -0.0471 0.5460 0.8515
8.7750 -51.0727 -9.9732 0.2725 -0.9621 0.0056 0.6841 0.7084
-8.0092 -28.4428 -25.7980 -0.0306 0.0137 -0.9994 0.1717 0.4796
4.1365 -22.1251 -26.1206 0.0054 0.0081 -1.0000 0.2445 0.4418
11.1980 -8.9718 -18.7794 0.9999 0.0008 -0.0143 0.6466 0.3555
11.2199 -39.7867 -17.5747 0.9998 -0.0141 0.0116 0.6556 0.5402
3.6028 -12.5565 25.8876 -0.0142 -0.0083 0.9999 0.0525 0.3873
-9.6399 21.7387 -24.9477 0.0320 -0.0134 -0.9994 0.1622 0.1787
11.3745 -27.5374 -1.5147 0.9999 -0.0005 -0.0167 0.7511 0.4658
-7.5378 -26.3705 25.6747 -0.0364 0.0089 0.9993 0.1194 0.4701
11.2010 4.1562 -10.2000 0.9997 0.0054 -0.0247 0.6973 0.2763
10.9407 15.7827 -24.4034 0.8093 0.0121 -0.5873 0.2856 0.2145
10.9407 15.7827 -24.4034 0.9512 0.0074 -0.3083 0.6115 0.2074
4.1987 -37.1569 -26.1902 0.0071 0.0100 -0.9999 0.2448 0.5320
3.9469 34.5202 -25.9460 -0.0230 -0.0291 -0.9993 0.2437 0.1023
-3.7771 -41.0493 25.9438 -0.0485 0.0072 0.9988 0.0970 0.5581
-11.5968 -17.2597 -3.5795 -0.9997 0.0117 -0.0220 0.4698 0.4141
11.7352 20.4564 8.6013 0.9996 -0.0005 -0.0277 0.8090 0.1775
-11.4931 12.6315 10.2600 -0.9993 0.0059 0.0368 0.3885 0.2341
-11.3579 -44.1094 -25.0845 -0.6566 0.0122 -0.7542 0.1515 0.5735
2.2914 8.6145 26.0566 0.0054 -0.0003 1.0000 0.0603 0.2604
9.9939 -48.9784 26.1297 0.4271 -0.1280 0.8951 0.0144 0.6057
-1.8503 41.8548 -25.9792 -0.0564 -0.0207 -0.9982 0.2090 0.0583
10.0404 48.9131 -17.3118 -0.0305 0.9995 0.0013 0.8681 0.6564
11.1489 22.3649 -16.5338 1.0000 -0.0006 0.0007 0.6583 0.1675
-12.0042 43.4678 -8.6504 -0.9998 0.0162 0.0061 0.5036 0.0503
-11.6111 -2.6892 -2.9270 -0.9997 -0.0058 -0.0244 0.4667 0.3267
11.0491 46.6073 6.3604 0.9965 0.0741 -0.0381 0.7941 0.0209
-5.7000 -50.9099 -3.4210 -0.1078 -0.9941 -0.0079 0.5977 0.7485
11.6906 4.1601 7.5308 0.9998 -0.0084 -0.0206 0.8035 0.2753
-6.4781 -12.1648 25.6672 -0.0284 -0.0115 0.9995 0.1130 0.3849
11.7470 -24.0595 13.1910 0.9993 -0.0066 -0.0369 0.8391 0.4441
4.7688 51.4647 17.5355 0.0762 0.9969 -0.0183 0.8976 0.8654
12.0408 27.6426 21.3545 0.9999 0.0094 -0.0088 0.8850 0.1337
9.2114 48.7845 -21.0696 0.0460 0.9969 0.0636 0.8732 0.6339
9.2791 19.4966 25.9416 0.0269 -0.0000 0.9996 0.0183 0.1952
10.1868 48.9493 -1.2119 -0.0233 0.9997 -0.0043 0.8663 0.7529
7.6818 8.1466 25.9457 0.0289 0.0003 0.9996 0.0280 0.2632
11.5682 -4.6982 2.8563 0.9997 -0.0047 -0.0223 0.7760 0.3287
11.3977 36.8129 2.7908 0.9989 0.0322 -0.0327 0.7732 0.0798
-11.1528 50.3461 20.5869 -0.9863 0.1616 0.0318 0.3288 0.0074
9.8270 -49.0257 -24.7222 0.8922 -0.4306 0.1362 0.7069 0.6044
9.8270 -49.0257 -24.7222 -0.2644 -0.9595 0.0971 0.8388 0.6101
4.6776 6.5230 26.0228 0.0104 -0.0017 0.9999 0.0460 0.2729
10.6955 -19.6061 -25.0342 0.6862 0.0046 -0.7274 0.2839 0.4267
10.5310 48.9579 12.5261 -0.1426 0.9884 -0.0515 0.8634 0.8352
10.5823 -2.6975 -24.8545 0.5978 0.0215 -0.8014 0.2833 0.3254
11.4626 -11.0009 -0.8498 0.9997 0.0013 -0.0248 0.7542 0.3666
0.3182 -51.5609 10.3855 -0.0249 -0.9995 -0.0184 0.6346 0.8310
2.5643 -50.5975 -25.2489 0.0086 0.0779 -0.9969 0.2349 0.6125
9.7263 27.5413 -25.4906 0.6641 -0.0087 -0.7476 0.2783 0.1441
-8.9429 -27.5154 -25.7720 -0.0047 0.0162 -0.9999 0.1661 0.4741
-9.7633 -27.7316 25.6040 -0.0342 0.0066 0.9994 0.1328 0.4782
-10.3933 23.5243 26.0122 -0.5103 -0.0042 0.8600 0.1362 0.1709
12.0161 23.9572 18.4048 0.9997 0.0052 -0.0226 0.8676 0.1560
11.3344 -15.0301 -5.2085 0.9996 -0.0036 -0.0284 0.7283 0.3911
11.4418 5.8759 -2.6220 0.9995 0.0080 -0.0320 0.7426 0.2656
-7.8379 -19.0211 -25.6797 -0.0332 0.0166 -0.9993 0.1727 0.4231
-10.0821 26.7035 26.0747 0.0104 0.0099 0.9999 0.1343 0.1519
-11.9389 -41.3228 2.6186 -1.0000 0.0061 0.0029 0.4312 0.5580
-10.2850 -50.7796 24.9491 -0.0056 -0.0574 0.9983 0.1361 0.6164
-10.2850 -50.7796 24.9491 -0.1957 -0.9581 0.2091 0.5718 0.9189
11.2606 29.9346 -5.7449 0.9993 0.0111 -0.0362 0.7225 0.1215
-11.8217 -15.3571 -23.9538 -0.9833 -0.0027 -0.1822 0.5920 0.4038
5.2108 -24.0865 -26.1246 0.0118 0.0034 -0.9999 0.2509 0.4536
-11.8633 35.8988 3.3459 -0.9995 -0.0175 0.0248 0.4313 0.0950
-10.1965 5.1297 25.9424 -0.0764 -0.0471 0.9960 0.1352 0.2812
6.7834 -24.0925 -26.0979 0.0305 0.0031 -0.9995 0.2603 0.4537
-1.0703 -0.5650 25.9672 -0.0141 -0.0090 0.9999 0.0805 0.3154
-0.1235 51.1824 -15.2695 0.0807 0.9967 -0.0112 0.9289 0.6691
0.8580 -32.0283 26.0097 -0.0251 0.0122 0.9996 0.0691 0.5040
11.9675 -27.6110 21.4141 0.9998 -0.0199 0.0038 0.8885 0.4649
11.4328 -27.5779 2.0320 0.9998 -0.0098 -0.0163 0.7724 0.4659
-10.5463 -16.3382 25.5145 -0.1439 -0.0180 0.9894 0.1374 0.4099
11.2114 29.2490 -7.2272 0.9994 0.0042 -0.0339 0.7136 0.1257
-11.7550 -32.8396 7.4465 -0.9999 0.0055 0.0145 0.4028 0.5068
9.7648 12.7146 -25.2207 0.5747 -0.0017 -0.8183 0.2785 0.2330
11.1738 -42.0598 0.6350 0.9996 -0.0114 -0.0262 0.7649 0.5528
8.0957 -49.0983 -26.0884 0.0327 -0.8003 -0.5987 0.8283 0.6020
8.0957 -49.0983 -26.0884 0.0867 -0.4742 -0.8761 0.2681 0.6036
11.7825 -31.6198 16.3335 0.9994 -0.0159 -0.0313 0.8583 0.4893
10.5706 -49.1507 8.8704 -0.0425 -0.9991 0.0056 0.8452 0.8114
-7.5417 4.8052 -25.1293 -0.0397 0.0301 -0.9988 0.1747 0.2803
11.4002 -27.9955 0.2217 0.9998 -0.0112 -0.0162 0.7616 0.4685
-11.8351 6.6471 -14.2346 -0.9988 -0.0064 0.0486 0.5350 0.2714
-11.7236 18.4509 -6.2208 -1.0000 -0.0014 -0.0005 0.4876 0.2001
-2.6725 -8.6939 -25.7413 -0.0370 0.0162 -0.9992 0.2038 0.3613
-11.7090 11.4520 2.3255 -1.0000 -0.0005 0.0091 0.4360 0.2416
12.0498 -17.6786 21.4695 1.0000 -0.0022 -0.0079 0.8883 0.4054
-11.3433 6.9172 15.0342 -0.9990 0.0094 0.0435 0.3596 0.2681
9.1029 48.8537 -21.6604 0.4673 0.8799 0.0859 0.8739 0.6304
-11.7198 1.1239 -24.3422 -0.7548 -0.0052 -0.6559 0.1497 0.3023
8.3353 49.9418 -16.6990 0.6113 0.7906 -0.0350 0.8782 0.6601
4.7524 49.9418 -25.2256 0.0264 0.9942 -0.1046 0.9002 0.6092
-7.9724 19.7434 -24.9252 -0.0620 -0.0099 -0.9980 0.1722 0.1907
10.6559 48.3435 -1.5068 0.9919 0.1248 -0.0229 0.7469 0.0109
11.5119 -22.2715 4.5022 0.9997 -0.0045 -0.0219 0.7869 0.4339
11.0583 27.7983 25.4131 0.6577 0.0002 0.7533 0.0076 0.1455
-11.7634 20.3732 -0.5948 -1.0000 -0.0004 0.0041 0.4540 0.1883
10.3229 48.9601 13.2680 -0.1704 0.9849 -0.0295 0.8646 0.8397
0.8330 9.7368 26.0503 -0.0029 -0.0012 1.0000 0.0690 0.2536
9.0386 6.6507 25.9311 -0.0075 -0.0038 1.0000 0.0198 0.2722
-11.7222 -21.5353 -14.9649 -0.9996 -0.0044 0.0271 0.5378 0.4403
-10.8266 -18.0219 25.3555 -0.5534 -0.0388 0.8320 0.1391 0.4200
-1.1055 -5.7339 25.8943 -0.0166 -0.0144 0.9998 0.0807 0.3464
-11.6289 32.7101 9.5080 -0.9992 -0.0085 0.0400 0.3942 0.1138
11.2015 -34.9164 -10.1876 0.9999 -0.0118 0.0051 0.6996 0.5106
11.1597 10.6311 -9.2454 0.9996 0.0054 -0.0288 0.7026 0.2375
1.3171 -50.6711 24.9613 -0.0708 0.6040 0.7939 0.0665 0.6158
-11.7866 -35.4337 -5.3708 -0.9995 0.0256 -0.0201 0.4795 0.5231
11.8098 7.3812 11.4168 0.9995 -0.0008 -0.0322 0.8266 0.2558
-11.7578 -31.1274 -1.1740 -0.9997 0.0181 -0.0176 0.4545 0.4971
2.3583 13.6470 -25.5454 -0.0290 0.0103 -0.9995 0.2341 0.2274
11.1330 8.0110 -19.4384 0.9998 0.0074 -0.0203 0.6417 0.2537
6.4997 10.8031 -25.5987 0.0194 0.0170 -0.9997 0.2589 0.2444
11.2156 36.3557 -4.3488 0.9995 0.0143 -0.0293 0.7305 0.0830
-8.0842 -31.9718 -25.8501 -0.0234 0.0141 -0.9996 0.1712 0.5008
-1.3999 12.5733 26.0611 -0.0210 0.0126 0.9997 0.0824 0.2366
-11.8246 -8.1094 -16.8830 -0.9991 -0.0046 0.0430 0.5500 0.3600
9.2101 48.8549 -22.1692 0.1876 0.9800 0.0665 0.8733 0.6273
-10.8401 -29.7554 25.5512 -0.5096 -0.0014 0.8604 0.1392 0.4903
-8.8032 -50.3073 24.7705 0.1567 -0.2530 0.9547 0.1272 0.6136
10.6353 47.0597 -15.4269 0.9977 0.0676 -0.0107 0.6635 0.0194
1.4347 51.0640 -10.8394 0.0816 0.9966 -0.0126 0.9193 0.6956
11.2681 -35.0502 -20.8355 0.9999 -0.0011 -0.0106 0.6358 0.5120
11.3526 -27.7949 -2.8604 0.9997 -0.0140 -0.0179 0.7431 0.4674
12.0381 9.5019 19.1255 0.9997 0.0007 -0.0246 0.8727 0.2426
-2.9525 6.9861 26.0278 -0.0017 -0.0106 0.9999 0.0917 0.2701
-9.1246 -3.3947 -25.3344 0.0067 0.0242 -0.9997 0.1651 0.3294
-2.1091 51.7539 25.0418 -0.0249 0.9994 0.0222 0.9384 0.9108
0.5693 -51.4126 3.0433 -0.0167 -0.9996 -0.0216 0.6356 0.7870
11.2213 3.3035 -9.5278 0.9997 0.0053 -0.0257 0.7013 0.2814
1.6935 25.5399 26.1126 0.0018 -0.0047 1.0000 0.0638 0.1589
8.7438 -51.3796 19.1822 0.9713 -0.2375 0.0125 0.6953 0.8678
8.7438 -51.3796 19.1822 0.5160 -0.8564 -0.0158 0.6856 0.8832
10.9667 8.5925 -24.4970 0.5105 -0.0020 -0.8599 0.2857 0.2577
10.9667 8.5925 -24.4970 0.9872 0.0110 -0.1591 0.6113 0.2505
-1.8456 51.5056 25.8158 -0.0065 -0.1418 0.9899 0.0848 0.0032
10.9321 28.2405 -21.6701 0.9991 0.0158 -0.0395 0.6271 0.1326
-11.8170 4.3461 -14.1792 -0.9988 -0.0082 0.0487 0.5345 0.2851
10.9324 26.5893 -22.4461 0.9991 0.0184 -0.0376 0.6226 0.1425
-11.7430 -31.6787 -2.2974 -0.9998 0.0112 -0.0187 0.4613 0.5004
-11.3978 50.1628 -0.4935 -0.9790 0.2034 0.0116 0.4552 0.0097
1.6312 -25.1574 -26.1263 -0.0157 0.0046 -0.9999 0.2295 0.4600
11.0539 49.6719 24.8847 0.0812 0.9929 0.0871 0.8596 0.9092
-3.1933 -19.3962 -25.9168 -0.0365 0.0168 -0.9992 0.2006 0.4254
-10.4546 37.7776 25.9477 -0.5849 0.0054 0.8111 0.1365 0.0855
-9.7607 31.3027 -25.1167 -0.1419 -0.0194 -0.9897 0.1616 0.1214
-11.9642 40.1440 -2.8113 -0.9999 -0.0113 0.0013 0.4684 0.0699
8.9854 -50.8658 -22.5879 0.4546 -0.8901 -0.0328 0.6846 0.6328
4.3719 -51.2259 -16.1903 -0.0049 -1.0000 -0.0084 0.6573 0.6714
2.3793 -51.7829 21.0585 -0.0050 -0.9999 -0.0119 0.6475 0.8949
0.7798 -12.3761 -25.9705 -0.0253 0.0193 -0.9995 0.2244 0.3834
-3.7374 13.8975 -25.2445 -0.0763 0.0053 -0.9971 0.1975 0.2258
-10.4216 -4.0725 25.7261 -0.0579 -0.0200 0.9981 0.1366 0.3364
-11.1899 -48.7614 25.1202 -0.4379 -0.0307 0.8985 0.1415 0.6043
-11.1899 -48.7614 25.1202 -0.9778 0.0432 0.2052 0.2960 0.6013
-11.5342 34.7382 12.0033 -0.9988 -0.0088 0.0475 0.3794 0.1015
0.5807 51.1028 -16.2431 0.0948 0.9954 -0.0157 0.9247 0.6632
9.7206 9.8418 -25.2538 0.5653 0.0022 -0.8249 0.2782 0.2502
9.6448 -48.9568 -20.3080 0.9079 -0.4153 -0.0573 0.7076 0.6309
9.6448 -48.9568 -20.3080 0.0148 -0.9896 -0.1428 0.8379 0.6365
-11.6170 0.8312 -2.7937 -0.9998 0.0046 -0.0207 0.4661 0.3056
8.8514 -51.1847 15.0258 0.9829 -0.1832 0.0202 0.6963 0.8429
8.8514 -51.1847 15.0258 0.8230 -0.5680 0.0070 0.6860 0.8583
-11.6495 -0.0206 7.1801 -0.9997 0.0023 0.0249 0.4063 0.3101
9.9044 8.3026 25.9822 0.0144 0.0014 0.9999 0.0146 0.2623
11.7198 25.8859 8.4037 0.9997 0.0072 -0.0233 0.8075 0.1450
11.8202 -13.3373 13.4125 0.9994 -0.0041 -0.0336 0.8398 0.3798
9.5838 48.7909 -18.7867 -0.2591 0.9658 0.0032 0.8709 0.6476
8.9437 48.6469 -11.8826 0.8973 0.4414 -0.0085 0.5411 0.6710
8.9437 48.6469 -11.8826 0.1011 0.9946 -0.0214 0.8743 0.6890
11.3106 47.1072 14.0630 0.9963 0.0781 -0.0346 0.8402 0.0174
10.1587 4.1419 -25.0518 0.5425 0.0106 -0.8400 0.2808 0.2844
-8.1292 48.2675 26.1677 -0.0463 0.0329 0.9984 0.1225 0.0226
-11.5258 -13.8994 -6.6161 -1.0000 -0.0010 0.0024 0.4882 0.3941
-4.9678 51.4009 2.0289 -0.0575 0.9982 -0.0183 0.9569 0.7730
-10.6264 -50.6058 24.9529 -0.0575 -0.0234 0.9981 0.1381 0.6154
11.2085 -8.1646 -10.8575 0.9999 -0.0031 -0.0102 0.6940 0.3502
-11.8120 30.1740 -5.5413 -0.9996 -0.0292 0.0049 0.4842 0.1298
1.7704 -49.6225 24.1652 -0.2449 -0.0873 0.9656 0.0639 0.6096
11.2963 38.5300 1.2659 0.9991 0.0366 -0.0229 0.7640 0.0696
12.1033 -3.4587 22.0881 1.0000 -0.0045 -0.0047 0.8912 0.3201
9.2108 48.6689 3.9914 0.0797 0.9964 -0.0287 0.8718 0.7842
11.4380 -22.1358 0.8479 0.9999 0.0011 -0.0171 0.7650 0.4333
-9.9390 35.5949 -25.1821 -0.1869 -0.0211 -0.9822 0.1605 0.0957
-11.6820 30.2737 7.3629 -0.9994 -0.0099 0.0330 0.4069 0.1285
-11.5893 -25.4250 -9.3157 -0.9997 0.0177 0.0162 0.5037 0.4633
-4.6333 50.5642 25.6568 -0.0007 0.3055 0.9522 0.1016 0.0089
10.2303 -48.8142 15.4283 -0.8536 -0.4180 0.3109 0.4965 0.6160
10.2303 -48.8142 15.4283 -0.7243 -0.6873 0.0553 0.8435 0.8507
-4.4497 -0.1864 25.9220 -0.0141 -0.0140 0.9998 0.1007 0.3131
9.6750 29.8292 -25.5387 0.6893 0.0028 -0.7245 0.2780 0.1304
-9.1885 -12.5988 -25.5378 -0.0131 0.0128 -0.9998 0.1647 0.3846
-11.5621 -17.1336 -8.4367 -0.9999 0.0017 0.0146 0.4989 0.4136
-11.7762 -20.5676 -22.7739 -0.9999 -0.0137 -0.0065 0.5846 0.4350
11.4809 -2.5384 -1.2362 0.9997 -0.0010 -0.0233 0.7514 0.3159
-0.9458 51.6537 10.5244 0.0095 0.9998 -0.0155 0.9323 0.8237
-10.8833 0.2802 25.1202 -0.9797 0.0214 0.1992 0.2988 0.3073
9.4349 44.7073 -25.7719 0.9986 0.0230 0.0476 0.5305 0.6426
-0.0727 51.6935 13.9940 0.0043 0.9998 -0.0183 0.9269 0.8445
-11.9047 36.6465 1.6355 -0.9998 -0.0204 0.0068 0.4416 0.0906
-11.6107 -48.0390 -24.5918 -0.9966 -0.0784 0.0242 0.5940 0.5998
-5.4325 29.0906 -25.4083 -0.0841 -0.0322 -0.9959 0.1875 0.1347
-1.5561 -30.2781 25.9179 -0.0290 0.0124 0.9995 0.0836 0.4935
12.0436 -13.5336 20.3663 0.9999 -0.0024 -0.0168 0.8815 0.3806
-9.3890 32.5974 26.0894 -0.0015 0.0000 1.0000 0.1302 0.1165
3.6791 3.3752 -25.7234 -0.0107 0.0164 -0.9998 0.2419 0.2890
-2.4376 25.0482 26.1026 -0.0063 -0.0032 1.0000 0.0885 0.1618
11.6931 18.7371 6.6099 0.9998 0.0014 -0.0199 0.7972 0.1880
9.2713 -47.8472 17.8433 0.8402 -0.5411 0.0350 0.8379 0.8652
9.2713 -47.8472 17.8433 0.9899 -0.1413 0.0139 0.7164 0.8596
11.2378 -30.1459 -8.6156 0.9999 -0.0115 -0.0019 0.7087 0.4819
11.3540 16.7060 -4.4831 0.9989 -0.0048 -0.0468 0.7308 0.2008
-11.8119 -18.1000 -22.6401 -0.9999 -0.0125 -0.0119 0.5840 0.4202
9.3165 -47.9647 24.9677 0.7524 -0.4018 -0.5220 0.4740 0.6160
9.3165 -47.9647 24.9677 -0.2672 -0.9287 -0.2569 0.8386 0.9079
9.3165 -47.9647 24.9677 0.9492 -0.3125 -0.0380 0.7161 0.9023
9.8663 -42.8332 -25.8771 0.9997 0.0254 -0.0044 0.5179 0.6385
9.8663 -42.8332 -25.8771 0.8551 0.0964 -0.5095 0.2787 0.5660
11.1307 28.2346 -15.0264 0.9999 0.0048 -0.0137 0.6670 0.1323
-10.9786 -39.1494 25.3126 -0.9507 0.0019 0.3102 0.2954 0.5436
0.1473 51.7367 17.2196 0.0298 0.9995 -0.0069 0.9254 0.8638
-11.6953 -19.8350 5.1091 -0.9999 0.0038 0.0095 0.4175 0.4290
11.1960 -30.6418 -22.9208 0.9992 0.0145 -0.0375 0.6230 0.4857
-11.2319 -5.4167 20.5613 -0.9989 0.0058 0.0468 0.3258 0.3417
-2.1785 16.2431 -25.3226 -0.0493 0.0037 -0.9988 0.2069 0.2118
-11.6306 -22.3967 -3.1696 -0.9995 0.0071 -0.0298 0.4670 0.4448
8.5812 -49.1942 26.2242 -0.1857 -0.2640 0.9465 0.0229 0.6069
0.3492 22.1748 26.1047 0.0000 -0.0025 1.0000 0.0718 0.1791
11.4357 26.1790 -1.4161 0.9994 0.0102 -0.0344 0.7486 0.1438
3.3482 51.3908 7.0100 0.0904 0.9957 -0.0225 0.9068 0.8024
11.3636 -37.7708 25.0890 0.6563 0.0001 0.7545 0.0062 0.5386
11.3636 -37.7708 25.0890 0.8736 0.0037 0.4866 0.9112 0.5256
3.7314 -21.3142 25.9078 -0.0164 0.0156 0.9997 0.0518 0.4398
-0.1144 51.2408 -5.2124 0.0410 0.9991 -0.0104 0.9282 0.7294
11.2611 47.2498 25.1765 0.8028 0.0014 0.5962 0.0063 0.0289
11.2611 47.2498 25.1765 0.8998 0.0451 0.4340 0.9068 0.0160
8.6822 49.7336 -9.7563 0.9586 0.2846 -0.0130 0.5478 0.6837
11.4762 -26.6223 4.1783 0.9998 -0.0092 -0.0183 0.7852 0.4600
5.6145 -49.9723 25.0659 -0.4063 -0.1071 0.9075 0.0408 0.6117
-1.7293 -19.5374 25.7669 -0.0221 0.0081 0.9997 0.0846 0.4291
8.0315 -18.7901 25.8233 0.0186 0.0107 0.9998 0.0260 0.4247
-11.5567 -21.0248 -5.2517 -0.9998 0.0049 -0.0193 0.4796 0.4367
11.1405 6.9202 -12.8688 1.0000 0.0067 -0.0031 0.6811 0.2599
11.3162 35.1597 -0.9310 0.9991 0.0267 -0.0321 0.7510 0.0899
9.8263 -48.7525 11.9969 -0.6979 -0.7099 0.0946 0.8409 0.8302
9.8263 -48.7525 11.9969 -0.8561 -0.4483 0.2574 0.4580 0.6160
-6.7407 -17.9178 -25.7143 -0.0528 0.0176 -0.9984 0.1793 0.4165
-10.6878 37.1196 25.1184 -0.9939 -0.0076 0.1097 0.3009 0.0864
10.7153 -7.8837 25.5906 0.4899 -0.0118 0.8717 0.0099 0.3594
12.0590 19.0582 20.1865 0.9998 -0.0013 -0.0175 0.8785 0.1853
-11.8575 26.7325 -24.1141 -0.9797 -0.0004 -0.2003 0.5954 0.1515
-11.8575 26.7325 -24.1141 -0.7272 -0.0029 -0.6864 0.1490 0.1487
-10.4043 -10.0791 25.6055 -0.0443 -0.0240 0.9987 0.1365 0.3724
10.2648 35.6323 -24.9289 0.7501 0.0173 -0.6611 0.2816 0.0956
11.1432 20.9850 -16.7980 1.0000 -0.0023 0.0033 0.6567 0.1758
-11.0761 -14.4883 24.9774 -0.9928 0.0059 0.1200 0.2988 0.3958
-11.5137 -23.2044 14.3167 -0.9996 0.0057 0.0268 0.3622 0.4487
8.6266 -51.5157 21.7285 0.8968 -0.4420 0.0190 0.6947 0.8831
8.6266 -51.5157 21.7285 0.4917 -0.8705 -0.0234 0.6850 0.8985
5.1012 20.0826 26.0604 0.0255 -0.0029 0.9997 0.0434 0.1916
-3.2254 -40.2495 -26.1665 -0.0349 0.0043 -0.9994 0.2002 0.5505
11.5312 18.2947 0.0152 0.9997 -0.0008 -0.0256 0.7577 0.1910
-11.6962 -18.9687 1.3375 -1.0000 0.0054 0.0068 0.4402 0.4240
-9.0935 -48.3222 -25.5057 0.0231 -0.1192 -0.9926 0.1651 0.5988
10.9408 5.9619 -24.5136 0.5507 0.0055 -0.8347 0.2855 0.2734
-11.3390 -50.2811 14.4325 -0.5384 -0.8419 -0.0364 0.5649 0.8559
-2.6948 14.1016 26.0159 -0.0133 -0.0052 0.9999 0.0901 0.2274
-11.7443 15.4125 -1.5795 -0.9999 -0.0063 -0.0088 0.4597 0.2181
-10.2703 -15.5662 -25.5178 -0.3003 0.0213 -0.9536 0.1582 0.4024
0.3938 -17.4798 -26.0347 -0.0414 0.0147 -0.9990 0.2221 0.4140
7.7553 -51.5782 25.6766 -0.0562 -0.0780 0.9954 0.0279 0.6213
7.7553 -51.5782 25.6766 0.2206 -0.9006 0.3745 0.6800 0.9222
11.1853 8.4860 -8.9789 0.9994 0.0099 -0.0318 0.7043 0.2503
-0.4672 25.7351 26.1125 -0.0019 -0.0039 1.0000 0.0767 0.1577
-7.3350 8.7352 -25.0605 -0.0455 0.0194 -0.9988 0.1760 0.2567
-9.7836 -10.1457 25.6204 -0.0219 -0.0223 0.9995 0.1328 0.3728
10.0701 13.7620 25.9324 0.0446 0.0072 0.9990 0.0136 0.2296
-11.7541 -22.3549 -17.5509 -0.9999 -0.0145 0.0088 0.5532 0.4454
11.1939 -12.4785 -11.6793 0.9999 -0.0101 -0.0028 0.6893 0.3761
-10.3731 16.6919 -24.8396 -0.2301 -0.0057 -0.9731 0.1578 0.2090
-12.0452 3.1785 -19.6742 -0.9999 -0.0099 0.0023 0.5674 0.2925
11.6896 -11.2851 8.7872 0.9996 -0.0019 -0.0268 0.8119 0.3678
11.3713 2.8969 -5.1745 0.9994 0.0041 -0.0353 0.7274 0.2836
-11.7508 -27.0397 4.4540 -0.9999 0.0111 0.0034 0.4210 0.4722
10.9933 -29.8771 -24.8783 0.6333 0.0081 -0.7739 0.2856 0.4883
10.9933 -29.8771 -24.8783 0.9851 0.0222 -0.1705 0.6112 0.4812
9.0185 49.0480 1.1526 0.9908 0.1348 0.0095 0.5443 0.7491
10.3398 -12.8768 -25.2261 0.6210 0.0103 -0.7838 0.2818 0.3864
6.7629 -51.5232 25.5724 -0.1083 0.1537 0.9822 0.0339 0.6209
-1.9500 -49.4646 24.7946 0.0573 -0.9758 0.2109 0.7710 0.9076
11.0769 -19.2524 -22.9855 0.9985 0.0056 -0.0541 0.6220 0.4174
-9.5438 -50.4143 24.8852 0.1587 -0.1192 0.9801 0.1316 0.6142
12.0558 3.2143 19.0066 0.9996 0.0002 -0.0282 0.8723 0.2803
-11.6943 -49.6009 11.8140 -0.9720 -0.2344 -0.0156 0.3756 0.6071
-11.6849 -18.6609 -0.7716 -0.9998 -0.0002 -0.0178 0.4529 0.4223
11.7397 28.4071 9.7902 0.9995 0.0040 -0.0308 0.8157 0.1298
6.5568 30.3670 26.0390 0.0343 -0.0131 0.9993 0.0346 0.1300
-11.6858 8.7337 -2.0525 -1.0000 -0.0041 -0.0065 0.4621 0.2581
11.4217 -10.5729 -2.4570 0.9997 0.0011 -0.0251 0.7445 0.3642
11.2339 31.7176 -6.1107 0.9996 0.0111 -0.0269 0.7202 0.1109
9.2168 48.8553 0.6292 0.7143 0.6948 -0.0844 0.8720 0.7640
11.4294 -46.1587 24.9951 0.7577 -0.0070 0.6526 0.0059 0.5888
11.4294 -46.1587 24.9951 0.8839 -0.0106 0.4675 0.9111 0.5759
-2.2114 44.7594 26.3945 -0.0267 -0.0172 0.9995 0.0870 0.0436
-11.4144 -2.9962 15.9288 -0.9992 0.0069 0.0400 0.3537 0.3274
-1.8486 -51.6370 24.8974 -0.0150 -0.9923 0.1231 0.6224 0.9181
11.5977 16.9071 2.6149 0.9997 0.0065 -0.0242 0.7733 0.1991
-12.0080 -1.3444 -21.7374 -0.9998 -0.0074 -0.0184 0.5795 0.3197
11.1016 -42.8482 -13.1772 0.9997 -0.0150 0.0172 0.6821 0.5583
4.4187 51.4450 25.9160 -0.0700 -0.2447 0.9671 0.0473 0.0036
-4.1514 -49.6441 24.6644 0.0240 -0.9039 0.4271 0.7578 0.9070
-10.5243 -24.3340 25.5195 -0.1732 0.0178 0.9847 0.1373 0.4578
5.9902 -50.3974 -25.2531 0.0058 -0.0204 -0.9998 0.2555 0.6113
-11.7417 -26.7385 0.9102 -0.9998 0.0181 -0.0060 0.4423 0.4706
-2.6980 17.4723 26.0638 -0.0090 -0.0103 0.9999 0.0901 0.2072
11.1116 3.9983 -22.0586 0.9999 0.0045 -0.0120 0.6262 0.2779
-10.7759 -30.6436 -25.3864 -0.5965 0.0081 -0.8026 0.1551 0.4928
3.2349 0.6172 26.0112 0.0005 -0.0060 1.0000 0.0547 0.3083
-10.9951 -7.0045 24.8755 -0.9960 0.0035 0.0894 0.2998 0.3510
-11.1848 -4.3895 21.4049 -0.9988 0.0070 0.0479 0.3208 0.3355
9.5085 44.4482 -25.9610 0.9749 0.0261 0.2211 0.5294 0.6441
1.8512 -44.4053 26.2030 -0.0296 0.0154 0.9994 0.0632 0.5782
3.8124 -24.0232 -26.1350 0.0034 0.0031 -1.0000 0.2425 0.4532
-10.1656 -43.8411 25.5266 -0.0756 -0.0173 0.9970 0.1353 0.5748
8.8276 2.8009 -25.5905 0.1613 0.0180 -0.9867 0.2728 0.2924
-5.4113 -50.2570 -25.3873 0.0398 0.0619 -0.9973 0.1871 0.6104
-9.9309 40.4912 26.1097 -0.1170 -0.0096 0.9931 0.1334 0.0692
11.8988 -12.7174 24.6293 0.6521 0.0114 0.7581 0.0029 0.3884
11.8988 -12.7174 24.6293 0.9044 -0.0173 0.4263 0.9070 0.3755
-11.9578 4.0860 -23.5419 -0.9967 0.0039 -0.0809 0.5906 0.2872
-3.0739 11.2950 -25.3201 -0.0640 0.0099 -0.9979 0.2015 0.2414
-0.1836 1.0716 25.9884 -0.0142 -0.0060 0.9999 0.0752 0.3056
11.2284 -4.4202 -10.9675 0.9999 -0.0110 -0.0053 0.6932 0.3278
-11.6014 1.6291 -9.0444 -0.9998 -0.0075 0.0157 0.5036 0.3011
10.8603 -49.1216 4.7306 0.3645 -0.9304 -0.0379 0.8467 0.7866
10.8603 -49.1216 4.7306 0.9665 -0.2536 -0.0403 0.7898 0.5948
-2.4214 50.4343 25.7167 -0.0031 0.3790 0.9254 0.0883 0.0097
5.4369 -2.6826 26.0054 0.0051 -0.0087 0.9999 0.0415 0.3281
-11.2777 2.6063 17.7071 -0.9989 0.0134 0.0443 0.3433 0.2938
10.5196 -49.1995 -24.7665 0.0389 -0.9938 -0.1044 0.8429 0.6098
-11.6944 47.9184 2.6843 -0.9955 0.0939 0.0077 0.4360 0.0230
-11.5656 -1.4628 -5.1287 -0.9999 -0.0082 -0.0145 0.4800 0.3195
-7.8608 29.2807 26.0611 0.0014 -0.0062 1.0000 0.1210 0.1364
-11.9109 -40.7839 6.6725 -0.9999 0.0069 0.0143 0.4070 0.5545
6.9828 -50.0107 25.1160 -0.1248 0.3755 0.9184 0.0326 0.6119
-11.7892 17.3407 -12.2384 -0.9996 -0.0023 0.0289 0.5237 0.2071
-10.3088 36.5624 -25.0478 -0.4455 0.0031 -0.8953 0.1583 0.0899
9.9835 -47.5793 -26.1837 0.5335 -0.0640 -0.8434 0.2794 0.5945
-1.9851 -20.7223 -25.9771 -0.0352 0.0140 -0.9993 0.2078 0.4334
-3.9187 22.5184 -25.2990 -0.0709 -0.0320 -0.9970 0.1965 0.1741
9.8662 -34.4061 -25.8106 0.6300 -0.0097 -0.7765 0.2788 0.5155
8.9778 48.6281 -12.6659 0.0372 0.9992 -0.0150 0.8742 0.6843
6.3254 -50.5016 25.2790 0.1560 -0.2164 0.9638 0.0365 0.6148
9.9725 48.9038 16.7152 -0.4973 0.8651 -0.0651 0.8665 0.8604
-11.6492 -5.6025 -0.9575 -0.9996 0.0065 -0.0282 0.4547 0.3440
3.5236 49.2777 -26.3863 -0.1009 0.1446 -0.9843 0.2412 0.0138
11.1530 9.2090 -17.9968 0.9999 0.0063 -0.0139 0.6502 0.2465
-2.5736 -50.2452 -25.2072 0.0481 0.3865 -0.9210 0.2042 0.6103
4.4836 44.1660 26.4884 0.0004 -0.0378 0.9993 0.0469 0.0472
-10.8938 -15.7994 25.4369 -0.2741 -0.0200 0.9615 0.1395 0.4067
-10.8938 -15.7994 25.4369 -0.9053 -0.0008 0.4247 0.2960 0.4036
0.4198 -51.1623 -16.8174 -0.0319 -0.9994 -0.0124 0.6336 0.6679
11.2064 -13.2428 -9.6783 0.9997 -0.0067 -0.0245 0.7014 0.3806
-11.4818 4.7337 12.1085 -0.9994 0.0088 0.0342 0.3770 0.2813
-11.0381 45.5496 22.0697 -0.9969 -0.0121 0.0777 0.3197 0.0361
11.8643 7.2572 13.1164 0.9995 0.0001 -0.0309 0.8368 0.2564
-11.8770 30.3785 -10.0939 -0.9999 -0.0030 0.0140 0.5115 0.1289
-7.2096 6.1961 25.8953 -0.0488 -0.0053 0.9988 0.1173 0.2748
2.8477 -26.6305 25.9759 -0.0181 0.0157 0.9997 0.0572 0.4717
-6.5808 -27.7446 -25.8599 -0.0560 0.0141 -0.9983 0.1802 0.4755
-11.7892 -15.5745 -16.4921 -0.9989 -0.0009 0.0472 0.5473 0.4047
-11.5412 -17.2257 -6.7590 -1.0000 0.0027 0.0041 0.4888 0.4140
4.5512 51.0825 1.0208 0.1067 0.9937 -0.0346 0.8999 0.7665
-2.0673 15.1295 26.0359 -0.0104 -0.0138 0.9999 0.0864 0.2213
10.2407 49.0116 18.7947 -0.2207 0.9726 0.0730 0.8648 0.8728
2.8316 -51.7422 19.0293 -0.0014 -0.9998 -0.0200 0.6501 0.8827
10.5464 48.9476 4.2656 0.1978 0.9802 0.0015 0.8638 0.7857
3.4913 20.0398 26.0863 0.0075 -0.0036 1.0000 0.0530 0.1919
11.9108 -18.6199 16.5067 0.9991 -0.0064 -0.0409 0.8586 0.4113
8.7714 -51.3418 17.5058 0.9781 -0.2079 0.0130 0.6955 0.8578
8.7714 -51.3418 17.5058 0.5176 -0.8556 0.0050 0.6856 0.8732
-11.6535 -9.1953 -0.3083 -0.9997 -0.0017 -0.0259 0.4506 0.3655
-7.6196 13.2378 25.9633 0.0024 -0.0064 1.0000 0.1197 0.2326
-11.4054 -13.0225 16.8392 -0.9995 -0.0015 0.0321 0.3476 0.3875
11.8215 32.8792 24.5900 0.7757 0.0092 0.6311 0.0031 0.1151
11.8215 32.8792 24.5900 0.9575 -0.0140 0.2880 0.9041 0.1021
8.5335 -51.0331 -4.4058 0.1422 -0.9898 0.0097 0.6830 0.7418
-8.9187 27.6037 26.0615 0.0094 -0.0044 0.9999 0.1274 0.1465
2.2202 -6.3370 25.9250 -0.0088 -0.0137 0.9999 0.0608 0.3500
5.1951 -7.3920 25.9354 -0.0024 -0.0129 0.9999 0.0430 0.3564
-0.9970 -32.5184 -26.1397 -0.0160 0.0088 -0.9998 0.2137 0.5041
-11.7926 -17.4647 -24.0119 -0.9905 -0.0070 -0.1372 0.5922 0.4165
11.2043 -13.8470 -17.4904 1.0000 -0.0047 -0.0031 0.6546 0.3847
-4.4955 -11.6776 -25.7238 -0.0498 0.0212 -0.9985 0.1928 0.3791
-10.5396 51.0209 5.2512 -0.1751 0.9845 -0.0050 0.9901 0.7927
-8.0658 -36.0567 25.6994 -0.0479 -0.0006 0.9989 0.1226 0.5281
-4.4403 44.7297 26.3256 -0.0342 -0.0082 0.9994 0.1004 0.0438
-11.7207 -31.0626 8.8414 -0.9997 0.0056 0.0245 0.3945 0.4961
2.5098 -42.8195 -26.2683 -0.0045 0.0003 -1.0000 0.2346 0.5659
-0.8540 -51.6079 15.1164 -0.0388 -0.9991 -0.0187 0.6278 0.8594
11.0329 -44.3725 -9.0710 0.9998 -0.0183 0.0025 0.7068 0.5672
2.1497 -50.8408 -25.2377 0.0723 -0.2123 -0.9745 0.2325 0.6139
2.1497 -50.8408 -25.2377 -0.0077 -0.8969 -0.4421 0.6435 0.6173
-11.7247 39.4613 8.8991 -0.9992 -0.0134 0.0381 0.3982 0.0733
-11.7774 23.8639 -0.3585 -1.0000 -0.0041 -0.0051 0.4528 0.1673
7.2274 -6.9047 25.9215 0.0079 -0.0082 0.9999 0.0308 0.3534
-2.8777 37.5096 26.2423 -0.0148 -0.0195 0.9997 0.0911 0.0871
3.4638 -51.3831 2.3732 0.0234 -0.9993 -0.0300 0.6529 0.7828
9.3858 -49.2268 -25.6810 0.3169 -0.5820 -0.7489 0.8361 0.6044
9.3858 -49.2268 -25.6810 0.3743 -0.4405 -0.8160 0.2758 0.6043
-12.0581 26.4022 -18.4498 -0.9997 0.0037 0.0227 0.5614 0.1532
-11.7225 -28.6479 -1.0118 -0.9998 -0.0030 -0.0182 0.4537 0.4822
-11.8575 20.5108 -13.4939 -0.9984 -0.0153 0.0538 0.5314 0.1882
1.0351 -6.9617 25.9066 -0.0108 -0.0137 0.9998 0.0679 0.3537
10.4867 27.6021 -24.7794 0.7498 -0.0073 -0.6616 0.2829 0.1437
-1.3915 -50.6215 24.8509 0.0077 0.5957 0.8031 0.0828 0.6155
11.1673 32.7535 -8.5085 0.9998 0.0142 -0.0169 0.7058 0.1048
-11.7946 -47.0496 11.1279 -0.9996 -0.0233 0.0133 0.3799 0.5918
11.3714 -48.6875 20.7441 0.9965 -0.0678 -0.0481 0.8858 0.5913
-11.7477 -26.7784 1.9170 -0.9998 0.0170 -0.0037 0.4363 0.4708
2.8459 -50.1743 24.8606 -0.2412 0.5184 0.8204 0.0574 0.6129
-12.0322 37.3031 -15.9362 -0.9999 -0.0099 0.0123 0.5470 0.0877
4.7281 -49.3223 -25.5670 -0.0242 -0.7485 -0.6627 0.8081 0.6053
9.4870 -49.2109 -19.1869 0.9645 -0.2634 0.0215 0.7061 0.6377
11.7828 9.8831 10.2469 0.9996 0.0010 -0.0275 0.8195 0.2408
5.3135 -4.1542 25.9906 0.0032 -0.0129 0.9999 0.0422 0.3369
-11.6615 -8.4006 7.0009 -0.9999 -0.0012 0.0153 0.4069 0.3603
5.3749 -18.5980 -26.0837 0.0126 0.0090 -0.9999 0.2519 0.4207
11.9231 -7.9677 16.1251 0.9994 -0.0019 -0.0354 0.8557 0.3475
-5.5883 -6.5388 -25.5553 -0.0561 0.0243 -0.9981 0.1863 0.3483
-11.4659 7.1648 11.9281 -0.9993 0.0085 0.0367 0.3782 0.2668
-10.5963 -50.2578 4.2722 -0.1872 -0.9821 -0.0216 0.5688 0.7949
11.3749 -21.0091 -3.0409 0.9998 -0.0044 -0.0203 0.7416 0.4268
-4.7202 -18.6890 25.6891 -0.0279 0.0047 0.9996 0.1025 0.4240
-5.5680 -7.8752 25.7579 -0.0309 -0.0175 0.9994 0.1075 0.3592
8.0069 51.0750 15.2024 0.1545 0.9876 -0.0294 0.8784 0.8513
-9.6648 10.1609 25.9910 0.0466 -0.0033 0.9989 0.1319 0.2510
10.8052 -34.9406 -25.0098 0.5691 0.0120 -0.8222 0.2845 0.5187
11.8404 36.3300 18.2790 0.9994 0.0272 -0.0189 0.8661 0.0818
-5.3433 26.2375 26.0723 -0.0208 -0.0032 0.9998 0.1059 0.1547
9.3288 -50.4592 1.4116 0.9809 -0.1922 0.0293 0.6998 0.7612
9.3288 -50.4592 1.4116 0.8537 -0.5206 0.0119 0.6881 0.7766
-11.5558 -13.7589 -24.5387 -0.6486 0.0044 -0.7612 0.1506 0.3915
9.9186 39.2600 -25.1820 0.7682 0.0345 -0.6392 0.2796 0.0738
4.8283 -50.3931 24.7011 -0.0748 0.2006 0.9768 0.0455 0.6142
11.8541 -33.4782 24.3938 0.9617 -0.0097 0.2739 0.9068 0.4999
9.8203 -49.0232 -24.4625 0.8640 -0.5019 0.0408 0.7069 0.6060
9.8203 -49.0232 -24.4625 -0.1452 -0.9894 0.0001 0.8387 0.6116
9.1606 48.6714 -18.4887 -0.0248 0.9996 0.0158 0.8734 0.6494
9.0801 48.6847 -9.7703 0.0023 1.0000 0.0061 0.8734 0.7017
-11.5995 -26.7144 -8.2048 -0.9996 0.0250 0.0152 0.4970 0.4710
11.1536 -6.5028 -20.8817 0.9997 -0.0019 -0.0236 0.6338 0.3408
5.3043 3.7799 26.0202 0.0089 -0.0008 1.0000 0.0422 0.2894
-11.6773 -29.0206 -13.5759 -1.0000 0.0003 0.0039 0.5290 0.4851
-10.3747 19.1812 25.9776 -0.4941 -0.0077 0.8694 0.1361 0.1969
10.5792 48.9020 -0.5103 0.9804 0.1945 -0.0303 0.7528 0.0075
10.5792 48.9020 -0.5103 0.1531 0.9881 -0.0136 0.8639 0.7571
-10.9977 50.8487 14.3314 -0.8785 0.4778 0.0012 0.3663 0.0047
-10.9977 50.8487 14.3314 -0.4766 0.8791 0.0069 0.9923 0.8472
-11.5861 -13.3372 -2.9720 -0.9995 0.0245 -0.0214 0.4664 0.3905
-11.5363 3.7613 10.6673 -0.9995 0.0069 0.0311 0.3856 0.2872
11.1942 -12.3539 -13.6297 1.0000 -0.0018 0.0055 0.6776 0.3755
3.7635 50.1086 -24.9023 0.0232 0.6378 -0.7698 0.9061 0.6112
-8.0487 -7.0316 25.6936 -0.0200 -0.0117 0.9997 0.1224 0.3541
11.2678 -44.0396 6.5471 0.9993 -0.0318 -0.0178 0.8004 0.5643
11.2603 -37.5119 -20.6011 1.0000 -0.0045 -0.0068 0.6373 0.5267
11.2127 1.8036 -10.4815 0.9998 0.0105 -0.0165 0.6957 0.2904
-11.6527 2.9050 -1.8989 -0.9996 -0.0136 -0.0253 0.4609 0.2931
-11.7540 -39.3975 -21.1784 -0.9996 0.0038 -0.0285 0.5740 0.5478
11.8082 -32.3061 24.5327 0.9419 -0.0035 0.3358 0.9075 0.4929
-1.1075 51.4556 25.8175 0.0203 -0.2292 0.9732 0.0804 0.0035
11.5894 12.8615 2.6256 0.9996 0.0019 -0.0281 0.7736 0.2234
-11.3109 22.6005 -24.4770 -0.4761 -0.0002 -0.8794 0.1522 0.1735
7.9836 16.9120 25.9576 0.0218 -0.0036 0.9998 0.0261 0.2107
11.0174 49.0378 17.2512 0.8765 0.4795 -0.0424 0.8593 0.0057
11.0174 49.0378 17.2512 0.0936 0.9953 -0.0237 0.8602 0.8635
11.6381 -24.7752 10.2716 0.9995 -0.0074 -0.0320 0.8216 0.4486
0.6978 -5.9532 25.9161 -0.0112 -0.0143 0.9998 0.0699 0.3477
-11.7275 22.6468 3.9169 -0.9997 -0.0075 0.0240 0.4271 0.1744
11.1196 10.4900 -11.8655 1.0000 0.0055 -0.0074 0.6869 0.2384
11.4918 34.6729 3.5844 0.9991 0.0292 -0.0320 0.7781 0.0926
6.6548 25.3998 26.0126 0.0395 -0.0018 0.9992 0.0340 0.1598
-2.4888 27.8313 -25.5474 -0.0398 -0.0351 -0.9986 0.2051 0.1423
11.1714 30.3813 -9.5677 1.0000 -0.0047 -0.0069 0.6995 0.1191
-6.8329 -29.6431 -25.8744 -0.0550 0.0146 -0.9984 0.1787 0.4868
10.9351 -47.6186 -7.1482 0.9988 -0.0484 0.0014 0.7185 0.5865
-4.9119 24.1958 -25.2815 -0.0730 -0.0341 -0.9968 0.1906 0.1641
9.5278 -49.0602 -13.6690 0.6753 -0.7363 -0.0418 0.8376 0.6763
0.0924 -51.3604 1.0134 -0.0262 -0.9994 -0.0205 0.6327 0.7748
-11.7028 -24.1367 6.1774 -0.9999 0.0094 0.0090 0.4109 0.4547
-11.8380 -42.9520 11.0247 -0.9996 0.0072 0.0278 0.3807 0.5672
12.0759 4.5095 23.8160 0.9966 0.0073 0.0826 0.9011 0.2723
11.2635 24.1444 -6.7705 0.9993 0.0038 -0.0376 0.7167 0.1563
9.1233 48.6757 -10.9577 -0.2248 0.9740 -0.0283 0.8732 0.6945
12.0076 9.1448 18.0312 0.9996 0.0009 -0.0287 0.8662 0.2448
8.9979 -50.3553 15.3364 0.9878 -0.1547 0.0187 0.7012 0.8447
-6.3113 -5.2467 25.7770 -0.0400 -0.0169 0.9991 0.1119 0.3434
10.1033 -23.4525 25.8639 0.2303 0.0110 0.9731 0.0136 0.4527
2.8231 13.6999 26.0568 0.0097 -0.0073 0.9999 0.0571 0.2299
11.4787 -28.1710 25.1441 0.5631 0.0020 0.8264 0.0055 0.4810
11.4787 -28.1710 25.1441 0.9634 0.0002 0.2681 0.9110 0.4681
8.7553 -51.3105 10.3609 0.4644 -0.8854 -0.0188 0.6851 0.8304
11.3711 36.6782 25.1227 0.7414 0.0082 0.6710 0.0057 0.0922
4.2999 23.8403 26.0856 0.0177 -0.0032 0.9998 0.0481 0.1691
10.6441 -49.3175 24.2599 -0.4896 -0.8664 -0.0985 0.8465 0.9037
11.5317 17.5424 0.0774 0.9996 0.0000 -0.0267 0.7581 0.1955
10.0327 -46.1979 -25.9806 0.9822 0.1039 -0.1565 0.5175 0.6586
10.0327 -46.1979 -25.9806 0.7621 0.0503 -0.6455 0.2797 0.5862
7.4819 -45.6932 26.3260 0.0018 0.0146 0.9999 0.0295 0.5860
11.1860 -19.7606 -15.0372 0.9999 0.0081 0.0070 0.6696 0.4200
-11.7590 18.7484 -0.5536 -1.0000 -0.0073 0.0013 0.4537 0.1980
-10.8591 -28.0769 25.5078 -0.5490 0.0207 0.8355 0.1394 0.4803
11.5784 -8.3372 4.0056 0.9997 -0.0033 -0.0234 0.7831 0.3504
-10.2206 49.5639 26.0022 -0.1183 0.0989 0.9880 0.1350 0.0148
-11.7651 24.8175 -2.7124 -0.9999 -0.0080 -0.0061 0.4670 0.1618
-1.6216 -25.8284 25.8507 -0.0268 0.0153 0.9995 0.0839 0.4668
9.9309 -36.6220 -25.7541 0.7123 -0.0149 -0.7017 0.2792 0.5288
2.3784 50.9668 -11.7001 0.1046 0.9944 -0.0118 0.9137 0.6904
-11.5339 -10.7285 -6.7176 -1.0000 -0.0028 -0.0062 0.4890 0.3751
11.8118 13.8541 11.2797 0.9995 -0.0013 -0.0306 0.8254 0.2170
11.1172 11.8097 -19.0208 0.9998 0.0026 -0.0185 0.6440 0.2309
-3.8296 -44.9312 25.9471 -0.0600 -0.0075 0.9982 0.0973 0.5813
10.1386 -48.5092 18.9859 -0.8229 -0.5682 0.0032 0.8431 0.8720
-11.8673 43.8704 4.9822 -0.9995 0.0150 0.0268 0.4219 0.0471
10.4159 48.8711 -9.0046 0.5973 0.8020 -0.0064 0.8653 0.7062
0.8262 -50.7174 -25.3104 0.0210 0.2820 -0.9592 0.2245 0.6132
0.8262 -50.7174 -25.3104 -0.0157 -0.5233 -0.8520 0.6355 0.6169
-11.7902 -33.5797 -1.6108 -0.9994 0.0271 -0.0209 0.4570 0.5118
-0.0088 -11.6838 -25.9269 -0.0483 0.0229 -0.9986 0.2197 0.3792
10.7472 -49.0061 -5.5869 0.4920 -0.8706 0.0070 0.8454 0.7247
10.7472 -49.0061 -5.5869 0.9244 -0.3810 0.0150 0.7280 0.5947
11.0626 37.1213 -10.1925 0.9996 0.0236 -0.0159 0.6954 0.0787
-2.6102 -50.8211 -23.5048 -0.0734 -0.9961 -0.0497 0.6151 0.6280
-11.6330 20.6067 6.5121 -0.9993 -0.0073 0.0371 0.4114 0.1865
-10.0338 9.4596 26.0153 0.0739 0.0076 0.9972 0.1342 0.2552
11.5852 44.6985 24.7532 0.8073 0.0061 0.5901 0.0044 0.0442
11.5852 44.6985 24.7532 0.9857 0.0320 0.1652 0.9044 0.0313
9.3567 45.1050 -26.3581 0.3313 -0.0570 -0.9418 0.2762 0.0389
-11.2241 -45.9048 24.5718 -0.9825 0.0214 0.1848 0.2994 0.5842
-11.5333 49.1225 6.9637 -0.9934 0.1148 0.0076 0.4104 0.0155
10.1058 -49.0433 0.8643 -0.1163 -0.9932 -0.0049 0.8419 0.7634
1.1929 50.3488 -24.8484 0.0147 0.4167 -0.9089 0.2273 0.0073
1.1929 50.3488 -24.8484 0.0573 0.7554 -0.6527 0.9215 0.6116
-11.5917 -45.2221 18.5801 -0.9991 0.0168 0.0398 0.3353 0.5804
-11.5762 -12.6310 -2.8848 -0.9998 0.0022 -0.0199 0.4659 0.3863
-6.6956 -46.9522 25.7257 -0.0725 -0.0292 0.9969 0.1145 0.5934
9.1081 48.7770 -0.0865 0.3846 0.9200 -0.0758 0.8727 0.7597
-8.9887 41.4700 26.1461 -0.0318 -0.0030 0.9995 0.1277 0.0633
1.5861 51.0387 -12.6347 0.0934 0.9956 -0.0051 0.9185 0.6848
-11.1488 50.7309 7.4888 -0.8164 0.5775 0.0083 0.9936 0.8062
-11.1488 50.7309 7.4888 -0.9024 0.4309 -0.0023 0.4074 0.0058
10.9878 -49.2177 12.6827 0.4349 -0.9001 0.0245 0.8479 0.8342
10.9878 -49.2177 12.6827 0.9021 -0.4312 -0.0180 0.8375 0.5950
-10.9790 -28.2263 25.3160 -0.8692 0.0053 0.4945 0.1401 0.4812
-10.9790 -28.2263 25.3160 -0.9762 0.0039 0.2167 0.2960 0.4782
-11.0567 -5.5110 23.9311 -0.9977 0.0070 0.0672 0.3056 0.3421
-11.2377 -9.4690 20.8813 -0.9990 0.0052 0.0455 0.3236 0.3660
11.2222 -2.9743 -17.5594 1.0000 -0.0015 -0.0058 0.6536 0.3195
-11.7501 23.8496 -5.7945 -1.0000 -0.0030 -0.0008 0.4854 0.1677
11.2507 -17.7980 -8.0689 0.9997 0.0015 -0.0245 0.7113 0.4078
10.0213 -20.9762 -25.6796 0.6986 0.0069 -0.7155 0.2798 0.4350
-10.3870 -17.3585 -25.4940 -0.4721 0.0089 -0.8815 0.1575 0.4131
-11.6860 -42.2621 -23.5766 -0.9998 -0.0009 -0.0208 0.5882 0.5651
11.7606 36.9581 15.1617 0.9994 0.0279 -0.0224 0.8474 0.0782
-11.6247 -37.8905 -24.6742 -0.9969 0.0086 -0.0788 0.5950 0.5389
-11.6247 -37.8905 -24.6742 -0.7712 0.0069 -0.6365 0.1500 0.5362
10.3406 -49.0971 -16.0782 -0.0990 -0.9951 0.0041 0.8423 0.6619
9.5341 48.7614 3.7516 -0.2485 0.9686 -0.0033 0.8699 0.7827
-11.7148 -5.4169 2.0420 -1.0000 -0.0018 -0.0083 0.4367 0.3427
-11.6450 -37.2608 -24.3191 -0.9988 0.0079 -0.0493 0.5929 0.5351
9.2008 -50.6170 -16.4130 0.9400 -0.3411 0.0066 0.6978 0.6544
10.7369 -45.5176 25.6671 0.6412 -0.0060 0.7673 0.0100 0.5850
-11.8305 -43.9840 11.3943 -0.9996 -0.0041 0.0286 0.3785 0.5734
-5.7788 50.6699 25.6312 0.0057 0.2445 0.9696 0.1084 0.0082
10.9139 -7.2115 -24.6745 0.6049 0.0193 -0.7961 0.2853 0.3524
10.9139 -7.2115 -24.6745 0.9723 0.0031 -0.2338 0.6112 0.3453
-2.3883 12.4299 -25.3478 -0.0524 0.0106 -0.9986 0.2056 0.2346
-11.8427 -37.4363 -4.7623 -0.9996 0.0221 -0.0174 0.4757 0.5351
-10.5033 -18.7584 25.4514 -0.2077 -0.0209 0.9780 0.1372 0.4244
-11.6502 -16.6677 -13.4423 -0.9995 -0.0032 0.0319 0.5289 0.4111
2.5460 -19.1317 -26.0984 -0.0060 0.0092 -0.9999 0.2350 0.4239
-2.4248 -51.6507 24.7094 -0.0282 -0.9969 0.0731 0.6189 0.9170
11.6302 11.5591 4.0074 0.9997 0.0016 -0.0230 0.7820 0.2311
11.0977 11.3952 -20.1580 0.9999 0.0028 -0.0162 0.6372 0.2335
-11.3080 -26.8904 -24.8821 -0.6730 0.0014 -0.7396 0.1519 0.4702
-11.2939 -36.7597 21.1823 -0.9986 0.0141 0.0509 0.3202 0.5295
11.1530 8.3947 -10.1638 0.9998 0.0089 -0.0205 0.6972 0.2509
12.0121 10.8984 18.1444 0.9996 -0.0005 -0.0289 0.8667 0.2343
9.1704 -50.5676 7.0711 0.9819 -0.1891 0.0135 0.6995 0.7952
-10.7246 -25.6442 -25.3437 -0.5631 0.0068 -0.8264 0.1554 0.4628
6.5738 -39.7212 26.1942 -0.0057 0.0227 0.9997 0.0349 0.5502
-8.3445 -49.8982 24.9109 0.0410 -0.6640 0.7466 0.7327 0.9087
-8.3445 -49.8982 24.9109 0.0594 -0.3698 0.9272 0.1244 0.6111
-11.5281 7.5966 10.1232 -0.9994 0.0062 0.0352 0.3891 0.2643
11.1487 15.2252 -9.7686 0.9997 -0.0058 -0.0247 0.6992 0.2099
8.0248 -12.7193 -25.9198 0.0586 0.0146 -0.9982 0.2679 0.3855
10.6964 -11.9919 -24.9447 0.6693 0.0167 -0.7428 0.2839 0.3811
10.5646 -49.5243 25.4897 0.2547 -0.9028 0.3466 0.8461 0.9111
11.3776 49.0026 21.0669 0.9944 0.0996 -0.0356 0.8821 0.0057
11.3776 49.0026 21.0669 0.6195 0.7808 -0.0810 0.8578 0.8864
8.2543 50.3068 -7.5015 0.3369 0.9411 -0.0289 0.8782 0.7152
9.8406 -49.4913 25.6691 -0.1907 -0.8885 -0.4174 0.8417 0.9122
-11.9031 25.3706 -13.3631 -0.9994 -0.0077 0.0347 0.5308 0.1591
10.4586 -49.0848 -22.9988 -0.2944 -0.9539 0.0580 0.8426 0.6204
10.5073 49.0163 14.3261 -0.2216 0.9751 -0.0107 0.8634 0.8460
11.1844 34.0480 -6.5108 0.9996 0.0179 -0.0228 0.7177 0.0969
10.2064 -49.5233 25.6354 -0.0496 -0.9934 -0.1031 0.8439 0.9119
-11.3557 -49.2349 24.4457 -0.9906 0.0275 0.1339 0.3000 0.6041
11.6927 3.3054 7.8951 0.9995 -0.0036 -0.0299 0.8058 0.2804
10.6044 48.1190 -7.3038 0.9912 0.1321 -0.0101 0.7121 0.0126
-11.8766 -0.0367 -24.1113 -0.9932 -0.0104 -0.1161 0.5938 0.3120
-11.8766 -0.0367 -24.1113 -0.8101 -0.0081 -0.5862 0.1487 0.3092
11.2140 -33.6893 -5.3335 0.9999 0.0003 -0.0171 0.7286 0.5029
-11.5228 -2.1468 13.0036 -0.9994 0.0090 0.0338 0.3712 0.3225
-4.8660 45.8915 -25.7635 -0.0978 0.0273 -0.9948 0.1909 0.0340
-0.8788 51.2524 -8.4782 0.0539 0.9985 -0.0076 0.9330 0.7098
11.2543 -26.8324 -18.6747 0.9999 0.0062 -0.0112 0.6482 0.4626
-11.7469 21.5922 -4.3463 -1.0000 -0.0013 -0.0086 0.4766 0.1812
11.2929 24.9937 -5.9877 0.9992 0.0041 -0.0406 0.7213 0.1512
-1.9937 51.3460 -2.0911 0.0170 0.9994 -0.0293 0.9393 0.7482
9.7212 -49.0945 -6.0797 0.4874 -0.8732 -0.0032 0.8392 0.7218
11.0946 38.7238 -5.3172 0.9989 0.0408 -0.0227 0.7246 0.0688
11.0622 -49.3625 18.7925 -0.0573 -0.9975 -0.0423 0.8487 0.8709
-2.2104 51.3207 -8.2236 0.0392 0.9992 -0.0012 0.9410 0.7114
10.2028 -48.9362 -22.6707 -0.5403 -0.8393 0.0613 0.8411 0.6223
11.1223 11.1217 -11.1200 0.9999 0.0035 -0.0095 0.6914 0.2346
10.5556 -49.0400 -9.1219 0.2002 -0.9797 -0.0096 0.8440 0.7035
-7.8246 -48.4632 25.5708 -0.0757 -0.0597 0.9953 0.1213 0.6025
-11.0983 -24.8506 24.7001 -0.9912 -0.0127 0.1316 0.2998 0.4579
11.4443 -21.2196 1.4560 0.9999 0.0102 -0.0130 0.7686 0.4278
11.3533 -33.9466 1.8333 0.9998 -0.0140 -0.0171 0.7716 0.5040
3.5454 -49.1509 -25.7470 -0.0387 -0.7142 -0.6988 0.8010 0.6043
10.1628 20.9137 25.9127 0.0746 0.0066 0.9972 0.0130 0.1867
10.8084 -49.1046 -18.5022 0.2331 -0.9719 0.0336 0.8450 0.6473
11.6038 -2.8098 4.1761 0.9998 -0.0020 -0.0218 0.7838 0.3173
6.7472 -48.8422 -26.2739 -0.0186 -0.4932 -0.8697 0.8202 0.6009
6.7472 -48.8422 -26.2739 -0.0390 -0.1842 -0.9821 0.2600 0.6020
-5.3430 8.9803 25.9941 -0.0412 0.0114 0.9991 0.1060 0.2581
-2.1152 -50.7553 24.9509 -0.0118 0.5107 0.8597 0.0871 0.6163
11.7443 -16.7215 11.7843 0.9995 -0.0080 -0.0295 0.8302 0.4002
-9.8497 51.1284 -14.2804 -0.0710 0.9975 0.0026 0.9871 0.6756
11.1081 24.6388 -12.9186 1.0000 0.0056 0.0012 0.6798 0.1537
-11.8172 -46.3364 -1.0808 -0.9982 -0.0575 -0.0139 0.4531 0.5882
10.9912 -49.3707 19.7114 -0.4421 -0.8969 -0.0128 0.8483 0.8764
-7.4768 -43.5117 25.7192 -0.0652 -0.0085 0.9978 0.1192 0.5728
10.5153 -41.1719 25.8195 0.5990 0.0203 0.8005 0.0113 0.5589
-11.7253 -29.6829 -1.4951 -0.9998 0.0157 -0.0139 0.4566 0.4884
10.3708 -19.5904 25.7881 0.3481 -0.0030 0.9375 0.0120 0.4295
-11.5856 2.6788 -7.1138 -0.9997 0.0091 0.0211 0.4921 0.2947
-0.3416 -38.2155 26.0428 -0.0313 0.0122 0.9994 0.0763 0.5411
0.8023 -9.3009 -25.9037 -0.0324 0.0190 -0.9993 0.2246 0.3649
4.8991 36.0828 -26.0144 -0.0218 -0.0297 -0.9993 0.2494 0.0929
8.6476 -50.7912 -24.8548 0.3012 -0.9149 -0.2688 0.6825 0.6192
10.9094 21.0364 25.5418 0.6619 0.0014 0.7496 0.0086 0.1860
-1.9379 23.1270 26.1015 -0.0059 -0.0030 1.0000 0.0855 0.1733
-11.7884 -37.2249 -7.2480 -0.9995 0.0309 -0.0080 0.4906 0.5340
-5.9202 40.9072 -25.6888 -0.0874 -0.0160 -0.9960 0.1846 0.0639
6.3437 28.6782 -25.8214 0.0076 -0.0409 -0.9991 0.2580 0.1373
-11.7054 -27.6630 -18.6366 -1.0000 -0.0078 -0.0009 0.5594 0.4773
-4.3781 -48.3720 -25.5892 -0.0685 -0.2593 -0.9634 0.1933 0.5991
-1.8388 36.1760 26.2280 -0.0097 -0.0214 0.9997 0.0849 0.0951
-11.6235 -7.0251 -2.1791 -0.9996 -0.0023 -0.0283 0.4620 0.3526
9.8918 -48.6991 -22.5907 -0.0304 -0.9493 0.3130 0.8393 0.6228
11.2147 -8.3486 -15.4135 1.0000 -0.0007 0.0036 0.6667 0.3516
11.3269 -32.0655 -1.3584 0.9998 -0.0096 -0.0195 0.7523 0.4930
10.9832 22.2246 -22.7163 0.9996 0.0117 -0.0273 0.6212 0.1687
-11.7744 33.8707 -24.1422 -0.9727 0.0118 -0.2320 0.5960 0.1087
-11.7744 33.8707 -24.1422 -0.6046 0.0136 -0.7964 0.1496 0.1060
-11.9681 36.8800 -23.4735 -0.9894 -0.0069 -0.1451 0.5921 0.0906
11.2853 5.6785 -7.0155 0.9994 0.0094 -0.0337 0.7163 0.2670
7.4635 -22.5020 25.8917 0.0125 0.0165 0.9998 0.0295 0.4469
-11.5662 -19.1783 -5.0593 -0.9996 -0.0007 -0.0289 0.4785 0.4256
11.1126 21.4612 -19.0576 0.9995 0.0100 -0.0285 0.6432 0.1731
9.2012 -48.4198 17.6242 0.9923 -0.1228 0.0155 0.7130 0.8583
0.1180 -35.0438 -26.1796 -0.0076 0.0114 -0.9999 0.2203 0.5193
-10.9621 20.2368 -24.6684 -0.3482 0.0001 -0.9374 0.1543 0.1877
-1.3907 -51.5313 12.2117 -0.0499 -0.9986 -0.0189 0.6244 0.8420
-2.7646 -12.8320 -25.8211 -0.0370 0.0199 -0.9991 0.2032 0.3861
-2.1760 51.3081 -6.4381 0.0261 0.9996 0.0060 0.9407 0.7221
9.1984 48.7068 2.3103 0.1782 0.9820 0.0630 0.8720 0.7741
6.2633 50.4566 -13.8817 0.1393 0.9900 -0.0203 0.8905 0.6771
-12.0401 20.5329 -17.0172 -0.9995 -0.0007 0.0309 0.5525 0.1883
-1.0309 -19.5281 -25.9932 -0.0426 0.0160 -0.9990 0.2135 0.4262
-6.0900 24.0992 26.0468 -0.0188 -0.0061 0.9998 0.1104 0.1675
-11.7187 -48.1868 14.6966 -0.9997 -0.0175 0.0194 0.3584 0.5984
10.7065 -24.2135 25.5930 0.5037 0.0155 0.8637 0.0100 0.4572
0.2418 -51.6010 12.8539 -0.0236 -0.9996 -0.0172 0.6342 0.8458
9.8311 -49.1039 -11.8104 0.0099 -0.9999 -0.0025 0.8395 0.6875
-8.9883 9.5445 -24.9958 -0.0070 0.0242 -0.9997 0.1661 0.2518
11.1456 -11.1778 -21.2639 0.9995 0.0006 -0.0330 0.6318 0.3689
10.8789 48.9646 11.8215 0.3701 0.9282 -0.0391 0.8614 0.8310
9.4424 -12.5278 -25.7917 0.2455 0.0124 -0.9693 0.2764 0.3843
0.9731 -49.6925 23.9708 -0.0293 0.0843 0.9960 0.0686 0.6100
-9.1608 28.7545 -25.0946 -0.0410 -0.0167 -0.9990 0.1651 0.1367
9.8687 48.9463 26.4865 0.2301 -0.0190 0.9730 0.0146 0.0186
7.2922 2.2914 25.9686 0.0305 0.0024 0.9995 0.0303 0.2983
10.1101 -49.0429 9.3999 -0.2942 -0.9549 -0.0409 0.8424 0.8146
-5.8966 -19.7677 -25.8010 -0.0564 0.0181 -0.9982 0.1844 0.4276
4.4518 -48.8984 25.9523 0.0064 -0.8464 0.5326 0.8095 0.9141
11.4377 -3.1934 -2.8264 0.9996 -0.0037 -0.0275 0.7419 0.3200
8.7877 -51.0470 -16.7883 0.3725 -0.9279 -0.0117 0.6838 0.6676
11.2774 0.2613 -8.1331 0.9996 0.0032 -0.0289 0.7099 0.2996
11.1116 11.1928 -12.7658 1.0000 0.0010 -0.0019 0.6815 0.2343
2.6961 -49.3297 24.6193 -0.0145 -0.9214 0.3885 0.7988 0.9063
2.6498 -33.3583 26.0628 -0.0187 0.0105 0.9998 0.0584 0.5120
11.7016 -37.1001 17.3057 0.9993 -0.0241 -0.0284 0.8645 0.5221
-3.7735 7.7724 -25.3221 -0.0795 0.0175 -0.9967 0.1973 0.2625
11.1003 36.6411 -8.7442 0.9996 0.0208 -0.0193 0.7041 0.0815
-11.6917 -49.4141 14.1519 -0.9961 -0.0877 0.0138 0.3616 0.6058
10.0025 -1.1793 25.8922 0.0287 0.0092 0.9995 0.0141 0.3191
-9.4260 35.7306 -25.2283 -0.0857 -0.0283 -0.9959 0.1636 0.0949
4.9286 -50.8552 25.1082 -0.2350 0.5975 0.7666 0.0449 0.6169
11.2031 -37.5315 -24.0615 0.9978 0.0034 -0.0668 0.6166 0.5270
9.1410 50.6799 25.9752 0.7521 0.6056 0.2600 0.8709 0.9158
9.1410 50.6799 25.9752 0.9101 0.4127 0.0365 0.5555 0.8978
-11.6905 -31.1940 -14.3632 -1.0000 0.0073 0.0044 0.5336 0.4982
-11.3828 -4.7697 17.0055 -0.9992 0.0056 0.0400 0.3471 0.3380
-3.7636 -34.2277 -26.0787 -0.0357 0.0093 -0.9993 0.1971 0.5143
-10.4087 24.6238 25.9830 -0.6688 0.0007 0.7434 0.1363 0.1643
10.8881 -49.3201 17.5627 -0.2964 -0.9550 -0.0062 0.8476 0.8635
8.3281 24.9259 -25.6468 0.0532 -0.0355 -0.9980 0.2699 0.1598
1.8474 51.4420 25.8036 -0.0371 -0.1780 0.9833 0.0627 0.0036
-11.4523 -17.8622 15.3476 -0.9996 0.0039 0.0291 0.3563 0.4166
9.1855 -23.5441 25.8907 0.0173 0.0154 0.9997 0.0191 0.4532
9.9975 -1.9300 -25.2578 0.6060 0.0330 -0.7948 0.2798 0.3208
11.7625 6.7932 9.9586 0.9996 -0.0034 -0.0285 0.8179 0.2594
11.0430 -43.9052 -6.0270 0.9999 -0.0106 -0.0046 0.7250 0.5642
9.5780 -48.9512 -18.6829 0.9300 -0.3671 0.0210 0.7077 0.6407
9.5780 -48.9512 -18.6829 0.2230 -0.9732 0.0561 0.8376 0.6463
9.4451 45.1324 -25.7113 0.9905 -0.0254 -0.1350 0.5309 0.6400
11.9719 -9.2427 17.4743 0.9994 0.0019 -0.0344 0.8639 0.3551
-5.7961 51.5814 17.9792 -0.0684 0.9976 -0.0137 0.9609 0.8687
-11.7255 2.0034 3.9917 -0.9999 0.0007 0.0138 0.4255 0.2981
-11.5528 -19.2040 -7.6262 -0.9999 0.0016 0.0104 0.4939 0.4259
11.7788 4.3170 10.4376 0.9994 0.0013 -0.0340 0.8209 0.2742
-7.0414 -51.3557 21.9970 -0.0955 -0.9949 -0.0332 0.5911 0.9010
-11.5597 -12.5256 -3.8800 -0.9999 -0.0018 -0.0156 0.4718 0.3857
11.6595 10.1632 24.8108 0.6683 -0.0005 0.7439 0.0042 0.2512
0.7607 -2.2033 -25.7641 -0.0396 0.0229 -0.9990 0.2244 0.3224
-11.4656 -22.2245 15.8512 -0.9996 0.0061 0.0292 0.3530 0.4427
-3.6703 -49.7757 -25.1330 0.0241 0.0594 -0.9979 0.1976 0.6075
-9.2783 -8.0813 -25.4839 0.0372 0.0238 -0.9990 0.1642 0.3575
9.1628 -50.7452 -21.2227 0.9546 -0.2977 0.0129 0.6968 0.6256
9.1628 -50.7452 -21.2227 0.6417 -0.7668 -0.0150 0.6858 0.6410
-11.5502 -7.7664 -6.0036 -1.0000 -0.0018 -0.0062 0.4849 0.3573
9.4766 49.8398 24.6715 0.9490 0.3126 -0.0419 0.5504 0.8900
-11.7539 -29.7274 5.8128 -1.0000 0.0079 0.0059 0.4127 0.4883
11.4647 40.9532 9.1924 0.9987 0.0395 -0.0333 0.8114 0.0546
11.6794 29.3342 7.9771 0.9996 0.0059 -0.0283 0.8048 0.1243
8.9063 49.9715 6.1633 0.9898 0.1419 -0.0110 0.5501 0.7791
9.2592 50.3123 23.2862 0.9471 0.3184 -0.0396 0.5531 0.8817
9.5401 -49.3937 25.6626 -0.2547 -0.7775 -0.5750 0.8399 0.9121
9.1543 -48.6398 19.3714 0.9914 -0.1304 0.0070 0.7118 0.8688
-10.1849 1.7967 25.8554 0.0212 -0.0011 0.9998 0.1351 0.3012
0.9634 51.1257 -9.3410 0.0724 0.9972 -0.0174 0.9220 0.7046
-7.1995 -35.4144 -25.9318 -0.0485 0.0108 -0.9988 0.1765 0.5214
1.8765 -51.3852 1.4828 0.0081 -0.9996 -0.0259 0.6434 0.7775
11.2548 -49.5106 23.3909 0.0094 -0.9992 -0.0390 0.8501 0.8984
8.8444 -49.6546 25.8423 0.9660 -0.2149 0.1439 0.7060 0.9076
8.8444 -49.6546 25.8423 0.3319 -0.8844 0.3280 0.8358 0.9133
11.3412 34.3232 -1.0173 0.9990 0.0300 -0.0342 0.7506 0.0950
10.7535 -49.0188 -7.5300 0.1224 -0.9924 -0.0115 0.8453 0.7131
10.7535 -49.0188 -7.5300 0.9232 -0.3843 -0.0083 0.7163 0.5949
-5.8392 -50.0346 24.5069 -0.0176 0.4235 0.9057 0.1095 0.6120
-10.8578 -40.4401 25.4892 -0.5416 -0.0106 0.8406 0.1394 0.5544
11.2607 -26.7954 -13.5829 0.9999 0.0112 0.0089 0.6788 0.4621
7.6007 50.1770 -16.2725 0.2088 0.9773 -0.0359 0.8826 0.6627
11.3004 -31.4345 -2.7264 0.9997 -0.0004 -0.0232 0.7441 0.4892
10.7045 -49.4303 24.8597 -0.4158 -0.8902 -0.1862 0.8469 0.9073
-11.7873 -34.5796 7.1200 -0.9996 0.0264 0.0128 0.4046 0.5173
11.4539 -10.1150 -1.0981 0.9997 0.0005 -0.0243 0.7526 0.3614
-11.6325 3.5823 -9.6488 -0.9998 -0.0102 0.0197 0.5073 0.2895
10.1376 -46.6498 -25.6468 0.9658 0.0937 -0.2418 0.5195 0.6613
10.1376 -46.6498 -25.6468 0.7816 0.1532 -0.6047 0.2803 0.5889
5.1385 -27.5919 26.0044 0.0036 0.0170 0.9998 0.0434 0.4774
11.4080 -19.2028 -1.7441 0.9998 -0.0047 -0.0194 0.7493 0.4159
-11.5336 -15.3491 -7.0818 -0.9999 0.0038 0.0104 0.4909 0.4028
-11.3126 49.9777 16.1665 -0.9889 0.1460 0.0266 0.3553 0.0099
-11.6787 -12.2289 5.3324 -0.9999 -0.0016 0.0136 0.4166 0.3834
-11.7459 22.2758 -4.6217 -1.0000 -0.0030 -0.0041 0.4783 0.1771
11.0507 -46.0979 -1.1307 0.9991 -0.0377 -0.0196 0.7545 0.5771
-6.5294 -24.1299 25.6857 -0.0332 0.0112 0.9994 0.1134 0.4566
10.5181 39.1790 -24.4960 0.7732 0.0175 -0.6340 0.2832 0.0743
10.5181 39.1790 -24.4960 0.9888 0.0268 -0.1471 0.6096 0.0672
10.4015 48.9308 -3.4362 0.4314 0.9020 -0.0189 0.8651 0.7395
-11.7164 -26.2978 -1.1683 -0.9998 0.0155 -0.0145 0.4548 0.4681
2.6137 -47.7669 -26.1311 -0.0529 -0.0686 -0.9962 0.2352 0.5956
2.4187 -48.9455 -25.8350 -0.0479 -0.6577 -0.7518 0.7943 0.6038
9.9493 46.0818 -25.0807 0.7156 0.0225 -0.6981 0.2798 0.0329
-10.8771 -50.0920 -10.9042 -0.3702 -0.9289 -0.0090 0.5662 0.7039
-2.9686 33.0144 26.1579 -0.0077 -0.0151 0.9999 0.0917 0.1141
11.1318 -48.5385 -21.7012 0.9989 -0.0475 0.0058 0.6313 0.5929
-11.7124 -15.1543 -14.9228 -0.9991 -0.0029 0.0430 0.5379 0.4021
10.9556 -48.6097 2.1270 0.9865 -0.1638 -0.0091 0.7742 0.5919
11.1168 39.0321 -4.1700 0.9984 0.0440 -0.0343 0.7314 0.0669
-6.6771 -50.4637 24.7727 0.0164 0.4589 0.8883 0.1145 0.6145
-0.8591 51.0058 -24.5958 0.0243 0.4203 -0.9071 0.2151 0.0033
-0.8591 51.0058 -24.5958 0.0668 0.9882 -0.1380 0.9338 0.6132
-11.1351 50.6126 17.2834 -0.9654 0.2605 0.0153 0.3486 0.0060
-11.1351 50.6126 17.2834 -0.8401 0.5424 0.0043 0.9930 0.8649
11.1577 -20.9068 -21.1966 0.9995 0.0070 -0.0312 0.6328 0.4272
-2.4077 51.1177 25.7220 0.0221 -0.2443 0.9694 0.0882 0.0056
-11.7261 -12.3407 -14.9548 -0.9992 -0.0045 0.0391 0.5382 0.3852
10.7443 31.5490 -24.0786 0.9963 0.0113 -0.0856 0.6125 0.1129
11.6005 23.3574 3.3782 0.9993 0.0041 -0.0378 0.7775 0.1604
-2.6748 -50.6261 -25.2576 -0.0556 -0.8299 -0.5551 0.6146 0.6175
10.1492 48.9101 -14.4675 0.1435 0.9896 -0.0129 0.8672 0.6734
-10.7734 -8.8004 25.4895 -0.7025 -0.0130 0.7116 0.1387 0.3647
-10.7734 -8.8004 25.4895 -0.8790 -0.0179 0.4765 0.2961 0.3617
11.5261 22.7292 0.8856 0.9998 -0.0004 -0.0217 0.7626 0.1643
-10.6763 38.9101 25.2701 -0.9885 0.0012 0.1509 0.3001 0.0757
4.0371 51.0017 -2.7590 0.1021 0.9943 -0.0320 0.9032 0.7439
-11.3197 20.7179 13.9741 -0.9990 -0.0021 0.0442 0.3667 0.1854
7.7698 51.3563 25.7515 -0.0208 0.9793 0.2012 0.8792 0.9145
9.5336 -48.3762 11.8330 -0.6271 -0.7602 0.1696 0.8391 0.8292
-3.2654 24.2313 -25.3902 -0.0502 -0.0305 -0.9983 0.2004 0.1639
-10.4409 -21.4272 25.4765 -0.0784 0.0170 0.9968 0.1368 0.4404
9.2063 48.7427 15.4988 0.8629 0.5052 0.0106 0.8712 0.8531
9.2063 48.7427 15.4988 0.9879 0.1524 -0.0281 0.5433 0.8351
9.2603 -50.5050 -11.7522 0.9514 -0.3076 -0.0145 0.6988 0.6823
9.5075 43.7882 -25.6699 0.9833 0.0863 -0.1602 0.5312 0.6481
0.9512 21.1198 -25.5026 -0.0379 -0.0166 -0.9991 0.2257 0.1825
-11.0448 49.9625 22.9683 -0.9978 -0.0080 0.0661 0.3145 0.0096
7.6888 50.3033 -11.2760 0.1751 0.9843 -0.0236 0.8818 0.6926
12.0332 -10.0945 19.4141 0.9998 -0.0011 -0.0207 0.8756 0.3601
-11.5588 24.0761 8.9108 -0.9990 -0.0077 0.0435 0.3973 0.1655
9.0957 -50.9363 6.4896 0.9783 -0.2071 0.0116 0.6972 0.7917
9.0957 -50.9363 6.4896 0.7398 -0.6727 -0.0069 0.6870 0.8071
11.2350 -21.2414 -16.8553 0.9999 0.0104 0.0077 0.6588 0.4290
11.4928 44.8911 15.6296 0.9985 0.0484 -0.0265 0.8497 0.0306
7.8767 9.6269 -25.5630 0.0580 0.0124 -0.9982 0.2671 0.2515
-7.6742 -1.7959 25.7853 -0.0357 -0.0187 0.9992 0.1201 0.3227
9.4253 -49.2632 -13.9825 0.9797 -0.2002 -0.0047 0.7061 0.6689
11.2186 -4.3904 -13.2582 1.0000 -0.0062 -0.0046 0.6794 0.3277
9.5595 43.3198 -25.6081 0.9608 -0.0165 -0.2767 0.5316 0.6509
9.5595 43.3198 -25.6081 0.7760 0.0267 -0.6302 0.2774 0.0495
10.0477 -49.0007 8.4941 -0.2925 -0.9559 0.0277 0.8420 0.8092
-0.1866 -5.3210 -25.7670 -0.0535 0.0229 -0.9983 0.2187 0.3411
8.8577 50.0308 2.5398 0.9489 0.3154 -0.0129 0.5503 0.7574
10.0316 -25.1780 -25.6933 0.6002 0.0042 -0.7998 0.2798 0.4602
-10.3550 -50.2450 0.6459 -0.1825 -0.9831 -0.0117 0.5700 0.7732
-6.5342 0.4672 25.8763 -0.0423 -0.0163 0.9990 0.1132 0.3092
-11.5738 2.9773 9.5387 -0.9996 0.0053 0.0285 0.3923 0.2920
-9.7516 -11.9190 -25.5254 -0.0992 0.0074 -0.9950 0.1613 0.3805
11.2037 0.7885 -14.1103 1.0000 0.0048 0.0055 0.6740 0.2967
-11.4753 -1.5898 14.1336 -0.9992 0.0085 0.0387 0.3645 0.3191
-10.0850 15.6201 26.0102 0.0226 -0.0027 0.9997 0.1344 0.2183
-11.7977 29.0093 -2.3988 -0.9999 -0.0113 -0.0058 0.4653 0.1366
9.7726 -48.1396 15.7836 -0.7999 -0.5965 0.0656 0.8408 0.8528
-11.2427 -15.3846 21.3037 -0.9993 0.0010 0.0380 0.3207 0.4014
11.7063 19.7301 7.3975 0.9998 0.0010 -0.0220 0.8018 0.1820
-11.1844 45.4990 -24.5442 -0.6084 0.0020 -0.7937 0.1531 0.0363
1.8009 0.2201 26.0097 -0.0060 -0.0089 0.9999 0.0633 0.3107
8.7716 49.3003 -12.5283 0.9467 0.3215 -0.0178 0.5450 0.6671
-10.7988 -4.3802 -25.0496 -0.4559 0.0118 -0.8900 0.1551 0.3353
-1.8006 -51.0680 -16.7367 -0.0590 -0.9981 -0.0183 0.6203 0.6685
8.7720 -7.8074 -25.8019 0.0732 0.0169 -0.9972 0.2724 0.3560
11.1274 13.0142 -14.5233 0.9999 -0.0032 0.0119 0.6708 0.2235
-3.8127 50.8941 -24.7143 0.1547 0.8653 -0.4767 0.9515 0.6127
-3.8127 50.8941 -24.7143 0.0095 0.2976 -0.9546 0.1973 0.0040
-10.9073 -32.1071 25.4192 -0.6949 -0.0121 0.7190 0.1397 0.5044
-0.1179 22.3534 -25.4812 -0.0426 -0.0211 -0.9989 0.2193 0.1751
-11.7026 -5.8138 1.1526 -0.9999 0.0004 -0.0160 0.4421 0.3452
11.7507 -9.6736 10.9657 0.9996 -0.0009 -0.0285 0.8249 0.3580
-4.3595 -22.8787 25.7372 -0.0281 0.0120 0.9995 0.1003 0.4491
11.5035 -37.8994 10.9888 0.9994 -0.0206 -0.0277 0.8267 0.5272
-10.7464 42.5462 24.7758 -0.9918 -0.0082 0.1278 0.3033 0.0539
10.3572 6.0429 25.9004 0.4342 0.0025 0.9008 0.0119 0.2758
-11.9258 -41.4576 5.5685 -0.9999 0.0065 0.0082 0.4135 0.5586
-2.5518 31.7201 -25.6817 -0.0375 -0.0335 -0.9987 0.2047 0.1190
-10.7718 17.6431 24.0617 -0.9966 0.0004 0.0826 0.3061 0.2032
-10.8662 28.4830 22.5299 -0.9972 -0.0012 0.0746 0.3159 0.1384
11.2115 -5.6480 -12.9386 1.0000 -0.0027 0.0002 0.6814 0.3353
-10.5800 19.2230 25.7050 -0.7996 -0.0045 0.6005 0.1374 0.1967
-10.5800 19.2230 25.7050 -0.9847 0.0012 0.1741 0.2964 0.1937
7.9979 -16.9594 25.8084 0.0233 0.0028 0.9997 0.0262 0.4137
0.8462 -3.5245 -25.7942 -0.0462 0.0157 -0.9988 0.2249 0.3303
-3.7547 11.0116 26.0250 -0.0308 0.0129 0.9994 0.0965 0.2460
9.7237 17.3425 -25.2635 0.4567 0.0004 -0.8896 0.2783 0.2052
-11.6140 8.9408 7.1485 -0.9996 0.0049 0.0273 0.4070 0.2564
11.4027 24.0275 -3.2660 0.9993 0.0139 -0.0344 0.7377 0.1568
10.8250 42.7512 25.7426 0.7513 -0.0112 0.6599 0.0089 0.0558
-11.7112 8.4301 2.0631 -1.0000 0.0011 0.0050 0.4374 0.2597
4.1935 -51.0241 25.1801 0.1648 0.4933 0.8541 0.0493 0.6180
11.4223 30.7780 -1.0231 0.9997 0.0130 -0.0228 0.7507 0.1162
-11.4207 46.7885 15.8534 -0.9988 0.0088 0.0484 0.3570 0.0290
9.6279 -48.6187 -21.9373 0.9710 -0.2354 0.0409 0.7095 0.6211
0.1161 49.9540 -25.5275 -0.0326 0.8728 -0.4871 0.9280 0.6077
9.0249 48.6961 -26.5250 0.1602 -0.0031 -0.9871 0.2742 0.0173
-10.3841 10.4297 25.9233 -0.7869 -0.0025 0.6170 0.1363 0.2494
-6.6135 -23.1051 -25.8037 -0.0551 0.0116 -0.9984 0.1801 0.4476
-11.8116 -37.1954 -6.1020 -0.9995 0.0247 -0.0202 0.4837 0.5337
-3.1353 10.8493 26.0475 -0.0226 0.0088 0.9997 0.0928 0.2469
3.2290 -51.1869 -19.3351 -0.0123 -0.9998 -0.0138 0.6503 0.6527
-8.7352 16.5577 25.9829 0.0055 -0.0067 1.0000 0.1263 0.2127
-8.8201 -41.7104 -25.9562 -0.0189 -0.0030 -0.9998 0.1667 0.5592
-7.4319 -50.6625 -8.6429 -0.1295 -0.9915 -0.0102 0.5870 0.7173
8.0494 50.6890 26.1512 -0.0820 0.2165 0.9728 0.0255 0.0082
11.2684 19.0679 -6.7791 0.9994 -0.0039 -0.0342 0.7169 0.1867
10.7680 49.0842 18.0853 0.0343 0.9994 0.0050 0.8617 0.8685
-1.3012 -6.3260 -25.7386 -0.0424 0.0253 -0.9988 0.2120 0.3471
11.3923 31.6266 -1.6078 0.9993 0.0203 -0.0326 0.7472 0.1112
0.1952 46.7663 -26.1655 -0.0794 0.0183 -0.9967 0.2213 0.0288
11.4962 -48.3454 22.7885 0.9978 -0.0391 -0.0532 0.8980 0.5892
-5.5975 51.4725 9.3979 -0.0762 0.9970 -0.0138 0.9603 0.8173
9.6206 -48.7188 -21.4032 0.9370 -0.3438 -0.0621 0.7089 0.6243
10.1513 42.5865 -24.9593 0.7814 0.0083 -0.6239 0.2810 0.0539
-11.7209 16.3003 -7.6739 -0.9999 -0.0097 0.0071 0.4962 0.2131
11.1342 34.0804 -9.1350 0.9997 0.0177 -0.0145 0.7019 0.0969
-4.1776 -49.5565 -25.1127 -0.1183 -0.2542 -0.9599 0.1945 0.6062
-11.6856 -19.2132 3.1270 -1.0000 0.0066 -0.0034 0.4295 0.4254
-9.7643 -45.6235 -25.7955 -0.0208 -0.0848 -0.9962 0.1610 0.5826
11.2646 31.3422 -5.1416 0.9994 0.0115 -0.0315 0.7260 0.1131
-11.0064 -50.3287 24.9242 -0.3509 -0.7160 0.6035 0.5675 0.9187
-11.0064 -50.3287 24.9242 -0.0035 -0.2321 0.9727 0.1404 0.6137
-7.6739 31.0350 26.0748 -0.0054 -0.0089 0.9999 0.1199 0.1259
11.7200 -39.5733 24.5172 0.8525 0.0028 0.5226 0.0041 0.5494
11.7200 -39.5733 24.5172 0.9633 -0.0172 0.2679 0.9079 0.5365
-11.7242 -25.2929 -24.1951 -0.9908 -0.0083 -0.1350 0.5929 0.4634
9.0362 -49.2722 23.4007 0.9869 -0.1606 0.0134 0.7082 0.8930
11.4588 -16.8250 0.4675 0.9997 -0.0025 -0.0236 0.7624 0.4015
11.4488 30.9837 0.2541 0.9995 0.0059 -0.0308 0.7584 0.1149
8.5544 -48.6358 -26.2840 0.0927 -0.2273 -0.9694 0.2708 0.6008
-8.8010 51.0183 -24.6060 0.0002 0.1979 -0.9802 0.1675 0.0032
9.7366 45.1202 -25.3105 0.6952 0.0292 -0.7182 0.5333 0.6401
9.7366 45.1202 -25.3105 0.6908 0.0232 -0.7227 0.2785 0.0387
-4.2843 -47.0824 -25.8110 -0.0582 -0.1121 -0.9920 0.1939 0.5914
-9.6201 -16.4179 25.5434 -0.0253 -0.0089 0.9996 0.1319 0.4104
10.7101 42.8267 -19.4185 0.9987 0.0332 -0.0381 0.6398 0.0450
9.9667 -15.9785 -25.5768 0.6372 0.0201 -0.7704 0.2795 0.4050
-11.5511 39.4455 -24.1884 -0.6176 -0.0014 -0.7865 0.1509 0.0725
-10.1707 -50.0306 -22.8415 -0.2163 -0.9744 -0.0609 0.5698 0.6323
-9.5418 -50.4237 3.0727 -0.1662 -0.9860 -0.0150 0.5750 0.7877
11.3208 -22.9640 -4.9607 0.9997 -0.0046 -0.0221 0.7302 0.4386
-11.9111 45.0165 0.0725 -0.9992 0.0385 0.0081 0.4514 0.0405
11.2151 -4.7055 -14.6989 1.0000 -0.0013 0.0003 0.6708 0.3297
11.3507 37.0873 1.5968 0.9991 0.0300 -0.0292 0.7661 0.0782
11.1222 24.5241 -11.6507 0.9998 0.0092 -0.0172 0.6874 0.1543
-11.6096 -3.3481 -10.1348 -0.9997 -0.0050 0.0242 0.5099 0.3310
9.3282 12.3027 -25.3805 0.2650 0.0097 -0.9642 0.2759 0.2355
9.2756 -47.8133 -26.2721 0.1029 -0.0703 -0.9922 0.2751 0.5959
-11.6883 -16.2379 3.3599 -1.0000 -0.0032 -0.0062 0.4282 0.4075
-3.4867 51.3495 -9.0050 0.0060 1.0000 0.0034 0.9487 0.7068
9.0485 -50.9390 -0.1222 0.5216 -0.8531 -0.0075 0.6863 0.7675
-11.7319 14.4529 -1.5411 -0.9998 -0.0112 -0.0133 0.4594 0.2238
4.0904 14.6366 26.0492 0.0195 -0.0132 0.9997 0.0495 0.2243
-11.7581 22.4879 1.5828 -0.9999 -0.0125 0.0091 0.4411 0.1755
9.1289 48.9252 -24.5399 0.4448 0.8956 -0.0076 0.8739 0.6131
10.1744 -49.0575 24.5511 -0.8083 -0.4407 -0.3905 0.4844 0.6204
10.1744 -49.0575 24.5511 -0.6176 -0.7634 -0.1892 0.8437 0.9054
-8.0013 -17.4159 -25.6475 -0.0245 0.0162 -0.9996 0.1718 0.4135
9.1413 49.0574 14.5626 0.9933 0.1137 -0.0217 0.5451 0.8295
-11.4475 -49.9085 -0.4193 -0.4834 -0.8752 -0.0196 0.5634 0.7668
-11.4475 -49.9085 -0.4193 -0.9675 -0.2520 -0.0200 0.4490 0.6096
-10.6590 17.8427 25.2622 -0.9897 -0.0040 0.1428 0.2989 0.2020
11.3807 -19.6307 -3.0485 0.9998 -0.0024 -0.0214 0.7415 0.4185
-3.2997 2.8874 25.9758 -0.0047 -0.0152 0.9999 0.0938 0.2947
-11.7862 28.5711 -3.3518 -0.9999 -0.0082 -0.0076 0.4710 0.1393
8.5504 7.8097 25.9267 0.0038 0.0000 1.0000 0.0228 0.2652
3.6340 -50.6288 -25.2857 -0.0331 -0.0261 -0.9991 0.2414 0.6127
9.3029 -48.4725 12.4565 0.9755 -0.2169 -0.0364 0.7124 0.8273
11.5810 -18.5747 6.1450 0.9997 -0.0080 -0.0245 0.7965 0.4117
-11.5072 50.3759 -21.1175 -0.9535 0.3011 0.0163 0.5788 0.0096
9.6477 -48.8717 8.7748 -0.1085 -0.9937 0.0272 0.8396 0.8109
11.5798 -11.0835 4.2693 0.9997 -0.0030 -0.0231 0.7849 0.3669
11.1792 31.3510 -8.8987 0.9999 0.0055 -0.0119 0.7035 0.1132
-11.4357 -16.0380 15.7266 -0.9996 0.0019 0.0292 0.3541 0.4056
0.3339 -49.5793 24.0835 0.0541 -0.8862 0.4601 0.7847 0.9032
0.3339 -49.5793 24.0835 0.1876 -0.3297 0.9253 0.0725 0.6093
11.1412 -43.9432 0.2375 0.9996 -0.0201 -0.0221 0.7626 0.5641
-2.6734 51.7067 25.8200 -0.0047 0.4448 0.8956 0.0898 0.0020
-2.6734 51.7067 25.8200 -0.0359 0.9968 0.0711 0.9418 0.9155
-11.7298 18.1785 -7.6916 -1.0000 -0.0002 0.0079 0.4964 0.2019
-11.6291 -4.8834 -11.1779 -0.9996 -0.0043 0.0289 0.5160 0.3403
-0.7800 51.7397 25.8134 0.0033 0.2020 0.9794 0.0784 0.0018
-0.7800 51.7397 25.8134 -0.0140 0.9969 0.0778 0.9304 0.9154
5.1715 33.6981 -25.9536 -0.0199 -0.0232 -0.9995 0.2510 0.1072
9.4018 48.6994 19.3858 0.9724 0.2249 -0.0620 0.5432 0.8584
9.4018 48.6994 19.3858 0.2543 0.9658 -0.0509 0.8698 0.8764
10.3291 18.1403 25.8950 0.2978 -0.0014 0.9546 0.0120 0.2033
2.7665 40.9731 -26.1521 -0.0314 -0.0427 -0.9986 0.2366 0.0636
8.8434 48.9751 -7.5956 0.9839 0.1787 -0.0016 0.5434 0.6967
11.5472 2.1431 1.4877 0.9997 -0.0137 -0.0215 0.7674 0.2877
-11.3740 1.5927 15.8146 -0.9990 0.0126 0.0423 0.3546 0.2999
-4.3751 34.7541 26.1719 -0.0139 -0.0166 0.9998 0.1001 0.1036
-11.6994 -21.5738 4.9743 -1.0000 0.0028 0.0067 0.4182 0.4394
11.6422 0.4529 6.0591 0.9995 0.0058 -0.0313 0.7949 0.2976
-11.7257 4.5425 -12.2402 -0.9991 -0.0083 0.0424 0.5229 0.2839
-1.1153 -42.0860 26.0685 -0.0370 0.0130 0.9992 0.0810 0.5643
10.0990 45.6733 26.3119 0.3892 -0.0168 0.9210 0.0132 0.0382
8.9409 48.6159 -13.7873 0.9624 0.2715 -0.0033 0.5408 0.6596
8.9409 48.6159 -13.7873 0.0926 0.9956 -0.0108 0.8744 0.6776
-3.3465 38.3402 26.2506 -0.0179 -0.0197 0.9996 0.0939 0.0821
-11.5781 0.0215 -6.0921 -0.9999 -0.0140 -0.0083 0.4858 0.3106
3.8679 11.8903 26.0269 0.0145 -0.0016 0.9999 0.0508 0.2407
11.5019 18.7782 -1.1240 0.9996 -0.0004 -0.0288 0.7508 0.1881
2.4340 51.5663 12.8473 0.0781 0.9968 -0.0172 0.9119 0.8375
11.1370 18.6018 -16.7640 1.0000 -0.0002 -0.0002 0.6571 0.1901
-11.5631 -0.7247 -6.3816 -0.9999 -0.0107 -0.0018 0.4875 0.3151
5.9428 19.4146 26.0321 0.0321 -0.0045 0.9995 0.0383 0.1957
-11.4725 16.3803 10.3122 -0.9992 0.0028 0.0394 0.3884 0.2116
9.5324 -47.7597 16.2688 -0.4985 -0.8610 0.1009 0.8394 0.8557
-11.7826 26.4729 -2.3731 -0.9999 -0.0061 -0.0084 0.4650 0.1518
-11.7603 -40.0651 12.1622 -0.9994 0.0147 0.0301 0.3741 0.5499
10.4210 48.4283 -21.1135 0.9755 0.2182 -0.0296 0.6293 0.0115
-12.0062 14.6453 -17.0298 -0.9985 -0.0045 0.0554 0.5522 0.2236
10.4120 -48.9048 17.3410 -0.7352 -0.6775 0.0227 0.8447 0.8622
11.0485 -49.0686 -20.1623 0.9854 -0.1668 0.0347 0.6406 0.5960
11.0485 -49.0686 -20.1623 0.3582 -0.9333 0.0262 0.8463 0.6373
6.3379 -50.2482 25.3362 0.0968 0.0446 0.9943 0.0364 0.6133
6.9688 -15.5730 25.8448 0.0235 -0.0046 0.9997 0.0324 0.4054
3.5150 38.3896 -26.0566 -0.0240 -0.0400 -0.9989 0.2411 0.0791
-1.1587 17.7920 -25.3664 -0.0490 -0.0004 -0.9988 0.2130 0.2025
-3.6042 3.0596 -25.4242 -0.0651 0.0185 -0.9977 0.1983 0.2908
-0.6822 51.7530 18.1993 0.0052 1.0000 -0.0077 0.9303 0.8697
11.4588 13.4805 -1.5080 0.9995 -0.0046 -0.0328 0.7488 0.2199
11.1782 -16.8883 -19.9719 0.9998 0.0011 -0.0183 0.6399 0.4030
-11.8633 33.1616 -6.5223 -1.0000 -0.0081 0.0043 0.4903 0.1120
9.6151 48.7920 12.0426 -0.0980 0.9949 -0.0224 0.8689 0.8324
-11.7017 -33.8093 -9.6125 -0.9998 0.0217 0.0044 0.5050 0.5136
-10.6476 -38.7572 -25.5461 -0.5436 0.0042 -0.8393 0.1558 0.5414
9.6536 48.8846 -0.1761 -0.1541 0.9875 -0.0316 0.8694 0.7591
2.8956 51.5979 25.8797 -0.0588 -0.1563 0.9860 0.0564 0.0027
2.8956 51.5979 25.8797 0.0123 0.7555 0.6550 0.9084 0.9156
-11.7020 -20.1769 1.3863 -1.0000 0.0073 -0.0001 0.4398 0.4313
3.1529 -49.4449 24.5574 -0.3707 0.2495 0.8946 0.0555 0.6085
3.1529 -49.4449 24.5574 -0.2528 -0.6295 0.7347 0.8016 0.9059
11.4628 19.9055 -2.3375 0.9993 0.0023 -0.0361 0.7435 0.1815
11.0746 -41.0690 -10.5666 0.9997 -0.0074 0.0216 0.6977 0.5475
4.8862 51.3171 25.9538 -0.0679 -0.1492 0.9865 0.0445 0.0044
-8.8996 -22.5483 -25.7012 -0.0152 0.0109 -0.9998 0.1664 0.4443
10.7366 -49.2018 20.9530 -0.5770 -0.8164 -0.0249 0.8468 0.8838
-11.7594 -32.6144 -2.0867 -0.9996 0.0177 -0.0206 0.4599 0.5060
-10.7642 -33.4008 -25.4195 -0.5276 0.0069 -0.8494 0.1551 0.5093
11.4059 18.7987 -3.6066 0.9988 -0.0025 -0.0481 0.7359 0.1882
11.7144 27.7772 8.8096 0.9997 0.0091 -0.0246 0.8098 0.1336
-10.3790 12.7236 25.9726 -0.4773 -0.0140 0.8786 0.1362 0.2357
-10.0282 -49.7780 -25.4052 -0.0334 -0.1343 -0.9904 0.1595 0.6075
-10.0282 -49.7780 -25.4052 -0.1996 -0.9491 -0.2438 0.5705 0.6169
10.0976 -29.7043 25.9502 0.2584 0.0123 0.9660 0.0137 0.4901
5.4252 7.5006 26.0156 0.0189 -0.0021 0.9998 0.0415 0.2671
4.6252 51.4295 15.0126 0.0824 0.9964 -0.0202 0.8986 0.8503
8.8227 -50.5965 23.3820 0.9855 -0.1682 0.0237 0.7003 0.8929
9.0531 -50.9043 -2.8424 0.4910 -0.8712 -0.0008 0.6862 0.7512
-9.9379 -40.3005 -25.8575 -0.2647 -0.0072 -0.9643 0.1600 0.5507
10.4942 21.4148 -24.7382 0.5584 -0.0003 -0.8295 0.2829 0.1808
-1.6060 -50.4780 -25.2551 0.0505 0.2332 -0.9711 0.2099 0.6117
9.1069 48.7443 -4.3153 -0.0764 0.9964 -0.0376 0.8729 0.7344
11.3227 35.8402 -0.2654 0.9992 0.0217 -0.0324 0.7550 0.0858
-10.0159 20.9702 26.0229 -0.0027 -0.0121 0.9999 0.1340 0.1862
6.5984 34.4969 26.1302 0.0257 -0.0259 0.9993 0.0343 0.1052
3.2100 -49.3171 24.6947 -0.1343 -0.8375 0.5296 0.8019 0.9067
11.1764 -46.8332 8.0489 0.9983 -0.0560 -0.0166 0.8096 0.5809
11.0274 37.8984 -11.3488 0.9996 0.0259 -0.0133 0.6884 0.0741
-6.5590 45.5997 26.2498 -0.0378 -0.0024 0.9993 0.1131 0.0386
-10.8877 49.9067 24.9612 -0.9876 -0.0032 0.1571 0.3026 0.0098
11.1165 9.6808 -13.3747 1.0000 0.0065 0.0034 0.6779 0.2434
-8.4997 18.3710 -24.8885 -0.0289 -0.0087 -0.9995 0.1690 0.1989
8.3372 49.9728 -26.1778 0.2276 0.9737 -0.0024 0.8788 0.6033
-10.8370 -50.0873 -12.8211 -0.2868 -0.9580 -0.0093 0.5664 0.6924
-11.5830 31.0665 10.1944 -0.9990 -0.0117 0.0438 0.3900 0.1236
-8.4756 -5.3912 25.7036 -0.0138 -0.0141 0.9998 0.1249 0.3443
12.0772 19.0734 22.5076 1.0000 -0.0039 0.0026 0.8924 0.1850
11.3906 -26.6313 -0.3359 0.9997 0.0076 -0.0223 0.7581 0.4603
8.7857 -51.0883 21.0293 0.9786 -0.2048 0.0180 0.6972 0.8789
-11.5942 -9.5119 -24.5438 -0.7624 -0.0103 -0.6470 0.1504 0.3660
-6.0132 51.3060 -12.3150 -0.0336 0.9994 0.0017 0.9640 0.6871
11.1197 27.3862 -10.7745 0.9999 -0.0074 -0.0096 0.6925 0.1371
4.0742 -31.2292 -26.1562 0.0068 0.0031 -1.0000 0.2441 0.4964
0.4896 8.1122 -25.5454 -0.0430 0.0181 -0.9989 0.2228 0.2605
9.0004 49.2887 5.9057 0.9906 0.1364 -0.0118 0.5460 0.7776
9.7653 -48.9432 3.9409 0.3481 -0.9362 0.0488 0.8400 0.7819
11.8558 26.0891 13.3002 0.9994 0.0000 -0.0350 0.8368 0.1435
-11.6714 4.2856 -10.8636 -0.9994 -0.0111 0.0319 0.5147 0.2853
-4.9539 39.5181 26.2399 -0.0225 -0.0157 0.9996 0.1035 0.0751
1.2246 32.6698 -25.8312 -0.0271 -0.0292 -0.9992 0.2274 0.1133
8.8679 -33.9933 -26.0095 0.0825 0.0086 -0.9966 0.2728 0.5130
9.8245 -10.9112 -25.5966 0.5284 0.0237 -0.8486 0.2787 0.3746
10.7747 33.1754 -23.2989 0.9981 0.0157 -0.0591 0.6171 0.1031
-11.6880 14.2946 -7.1817 -0.9999 -0.0148 0.0072 0.4932 0.2251
11.9564 -6.0214 16.8102 0.9994 -0.0053 -0.0349 0.8597 0.3358
-10.9859 -36.0956 25.3323 -0.7856 0.0079 0.6187 0.1402 0.5284
-10.9859 -36.0956 25.3323 -0.9857 0.0081 0.1681 0.2954 0.5253
10.0960 -13.9439 -25.4455 0.5726 0.0135 -0.8197 0.2803 0.3928
11.2692 49.2460 22.3994 -0.0385 0.9897 -0.1379 0.8584 0.8943
-10.7948 14.8200 23.8888 -0.9965 0.0083 0.0828 0.3070 0.2202
9.7702 -48.9203 -18.1870 -0.2159 -0.9762 0.0192 0.8388 0.6492
11.1590 -39.0505 -2.8281 0.9993 -0.0341 -0.0164 0.7439 0.5349
9.2173 -50.4076 5.5567 0.9845 -0.1741 0.0226 0.7004 0.7861
-0.8596 49.7053 -25.7587 -0.0778 0.7099 -0.7000 0.9339 0.6063
-2.0615 -27.2141 25.8604 -0.0273 0.0152 0.9995 0.0866 0.4751
-10.3472 -3.0706 -25.2447 -0.3502 0.0027 -0.9367 0.1578 0.3275
-11.4133 49.9942 9.4839 -0.9880 0.1544 0.0092 0.3953 0.0101
11.0323 -41.3954 -8.1745 0.9999 -0.0093 0.0064 0.7120 0.5493
10.0145 -33.2099 -25.6840 0.7299 -0.0359 -0.6827 0.2797 0.5083
3.5880 -5.4552 25.9532 -0.0123 -0.0153 0.9998 0.0526 0.3447
10.7833 -49.1543 -23.0768 -0.2474 -0.9678 0.0457 0.8446 0.6199
10.9729 -47.4045 -2.3823 0.9987 -0.0508 -0.0108 0.7471 0.5850
11.5175 3.1502 -0.3190 0.9997 -0.0050 -0.0239 0.7565 0.2818
11.1654 -36.6628 -10.0531 0.9997 -0.0247 0.0045 0.7005 0.5210
2.9535 14.5672 -25.5505 -0.0170 0.0088 -0.9998 0.2376 0.2218
-5.1654 -51.5322 24.7752 -0.0391 -0.9839 0.1743 0.6025 0.9176
-11.0730 -11.4895 24.4567 -0.9974 0.0165 0.0697 0.3021 0.3779
-11.5643 -22.1259 -5.7409 -0.9999 0.0113 -0.0064 0.4825 0.4434
-10.8544 -1.2197 25.3297 -0.8386 0.0029 0.5448 0.1392 0.3193
-10.8544 -1.2197 25.3297 -0.9702 0.0106 0.2421 0.2974 0.3163
9.5621 48.8696 -22.4035 -0.0705 0.9972 0.0231 0.8712 0.6259
-11.6914 -38.2797 13.2825 -0.9990 0.0180 0.0403 0.3675 0.5391
-11.7656 -36.4969 -8.0386 -0.9994 0.0337 0.0066 0.4954 0.5296
11.1258 26.1360 -13.8974 0.9998 -0.0059 0.0182 0.6738 0.1448
9.5700 -0.6091 -25.5716 0.3963 0.0225 -0.9179 0.2772 0.3129
6.4312 50.8957 2.0308 0.1240 0.9918 -0.0316 0.8886 0.7724
11.1714 -47.6505 11.2728 0.9975 -0.0697 -0.0139 0.8290 0.5857
-8.1772 17.0796 -24.9048 -0.0647 -0.0013 -0.9979 0.1710 0.2067
9.0432 50.0248 13.9560 0.9935 0.1126 -0.0189 0.5509 0.8258
11.8601 -22.6477 15.8421 0.9992 -0.0066 -0.0387 0.8549 0.4355
4.9501 36.1971 26.2128 0.0181 -0.0312 0.9993 0.0442 0.0950
10.5760 -49.1043 -22.1239 -0.2628 -0.9647 -0.0154 0.8434 0.6256
8.4357 -51.2992 6.8955 0.1293 -0.9913 -0.0231 0.6830 0.8096
9.5633 48.4728 -25.5068 0.9315 0.1563 -0.3286 0.5319 0.6200
9.5633 48.4728 -25.5068 0.7748 0.1021 -0.6239 0.2775 0.0186
-1.8225 -49.3719 -25.3247 -0.0384 -0.4745 -0.8794 0.2087 0.6051
9.5408 48.7816 2.2071 -0.1997 0.9790 0.0407 0.8699 0.7734
-11.5537 50.4791 -23.8977 -0.9849 0.1366 -0.1067 0.5955 0.0091
-11.5537 50.4791 -23.8977 -0.7140 0.6768 -0.1793 0.9979 0.6181
11.2279 -7.9659 -9.6943 0.9998 -0.0013 -0.0201 0.7010 0.3490
-8.7609 -1.1038 25.7759 -0.0106 -0.0242 0.9997 0.1266 0.3186
-11.7816 25.5694 0.0375 -1.0000 -0.0026 0.0036 0.4505 0.1571
9.4657 -49.9411 0.2224 0.9802 -0.1966 0.0241 0.7029 0.7540
-11.5942 1.6424 -7.8406 -0.9999 -0.0123 0.0072 0.4964 0.3010
11.2658 -32.5140 -20.4333 0.9999 0.0042 -0.0123 0.6380 0.4967
-11.0716 -0.2898 22.7850 -0.9983 0.0143 0.0560 0.3127 0.3108
-10.9173 -19.5768 25.2797 -0.5505 0.0015 0.8348 0.1397 0.4293
9.6773 -48.6810 -20.9511 0.9111 -0.4010 -0.0952 0.7092 0.6270
9.6773 -48.6810 -20.9511 -0.3025 -0.9003 -0.3129 0.8381 0.6327
10.9548 -49.1526 -22.1184 0.1260 -0.9919 0.0138 0.8457 0.6256
-11.3855 50.2197 4.7252 -0.9568 0.2906 0.0052 0.4239 0.0091
11.7427 23.3435 8.7926 0.9997 0.0036 -0.0235 0.8100 0.1602
-11.7896 22.2163 -24.1615 -0.9146 0.0082 -0.4043 0.5954 0.1786
-11.7896 22.2163 -24.1615 -0.5560 0.0076 -0.8311 0.1494 0.1758
9.6820 -49.0081 7.3563 -0.0268 -0.9945 0.1014 0.8397 0.8024
10.6901 -49.2243 22.5390 -0.5557 -0.8305 -0.0386 0.8467 0.8933
11.6915 15.2439 7.0697 0.9998 -0.0039 -0.0177 0.8001 0.2089
9.0457 49.0279 7.5402 0.3975 0.9158 -0.0571 0.8726 0.8054
9.0457 49.0279 7.5402 0.9915 0.1298 -0.0042 0.5445 0.7874
11.4114 -38.4429 7.8693 0.9995 -0.0193 -0.0237 0.8080 0.5307
8.8151 49.1526 -9.1503 0.9766 0.2151 0.0021 0.5443 0.6873
10.8991 41.9502 -11.3951 0.9995 0.0328 -0.0031 0.6879 0.0498
-11.3084 -8.3092 19.1996 -0.9990 0.0047 0.0437 0.3338 0.3591
11.2478 21.0118 -7.4886 0.9995 0.0005 -0.0318 0.7125 0.1751
-11.7528 18.6001 0.7372 -1.0000 -0.0045 0.0080 0.4459 0.1988
-8.1062 38.3987 26.1508 -0.0253 -0.0117 0.9996 0.1224 0.0818
10.0463 -49.0132 4.1905 -0.2241 -0.9620 -0.1562 0.8417 0.7834
9.2320 48.6815 -12.3477 -0.3291 0.9443 -0.0086 0.8726 0.6862
-10.3428 -4.8286 25.7128 -0.0310 -0.0133 0.9994 0.1361 0.3409
-1.7632 -26.1082 -26.0541 -0.0323 0.0132 -0.9994 0.2091 0.4657
11.9931 -18.3290 18.7528 0.9996 -0.0044 -0.0273 0.8721 0.4095
-8.1677 51.2442 -17.7931 -0.0529 0.9986 0.0051 0.9772 0.6544
-11.5946 -1.6171 9.8280 -0.9997 0.0095 0.0212 0.3903 0.3195
10.9014 17.3294 -24.4949 0.5389 -0.0025 -0.8423 0.2854 0.2053
10.9014 17.3294 -24.4949 0.9458 0.0051 -0.3248 0.6108 0.1982
9.3644 -49.7335 -12.9839 0.9880 -0.1538 -0.0125 0.7033 0.6749
9.4252 -14.9993 -25.8581 0.2164 0.0186 -0.9761 0.2763 0.3991
-3.0354 -49.6546 -25.1321 -0.0144 -0.4013 -0.9158 0.2014 0.6068
-4.0825 -51.1552 2.3044 -0.0887 -0.9958 -0.0212 0.6077 0.7828
11.4838 -49.2284 23.1306 0.9923 -0.1107 -0.0564 0.9001 0.5944
-2.7548 -16.2964 25.7332 -0.0218 -0.0016 0.9998 0.0907 0.4097
11.4792 -44.8502 24.9306 0.8061 -0.0015 0.5918 0.0056 0.5810
11.4792 -44.8502 24.9306 0.9556 0.0140 0.2942 0.9106 0.5681
9.0435 -50.7615 -24.4192 0.5073 -0.8521 -0.1286 0.6849 0.6218
11.0397 49.2797 25.3875 0.8780 0.0834 0.4713 0.9080 0.0038
11.2137 24.7693 -8.0860 0.9994 0.0070 -0.0327 0.7088 0.1526
-6.4273 -15.1941 -25.6866 -0.0531 0.0170 -0.9984 0.1812 0.4002
-11.3304 -25.1096 -24.8583 -0.7084 -0.0003 -0.7058 0.1518 0.4596
11.1662 5.6661 -11.1063 0.9998 0.0141 -0.0140 0.6917 0.2673
9.2460 -3.1614 25.9147 0.0076 0.0021 1.0000 0.0187 0.3310
-9.4435 51.1221 6.6277 -0.0817 0.9966 -0.0083 0.9835 0.8009
-9.8050 51.1419 -17.9569 -0.0762 0.9971 0.0055 0.9870 0.6535
6.6395 -50.3138 -25.2616 -0.0240 -0.0951 -0.9952 0.2594 0.6108
9.2685 48.7507 17.0573 0.9772 0.2083 -0.0403 0.5434 0.8444
5.9463 -13.1284 -25.9922 0.0173 0.0177 -0.9997 0.2554 0.3879
6.6956 -51.6176 15.4049 0.0381 -0.9990 -0.0227 0.6731 0.8607
1.8874 43.6390 26.4504 -0.0145 -0.0309 0.9994 0.0625 0.0504
9.5871 -49.1271 -22.5128 0.9745 -0.2110 0.0759 0.7064 0.6177
10.6638 -49.1138 18.9110 -0.6390 -0.7692 0.0064 0.8463 0.8716
-11.7516 18.4802 -2.5754 -0.9999 -0.0115 -0.0058 0.4658 0.1998
3.2053 -51.2370 -14.3321 -0.0076 -0.9999 -0.0079 0.6504 0.6826
11.1337 17.4521 -18.8523 1.0000 -0.0013 -0.0099 0.6446 0.1971
11.1103 32.6961 -13.4243 0.9998 0.0143 -0.0157 0.6763 0.1054
-11.7377 21.5225 2.3718 -0.9999 -0.0092 0.0119 0.4363 0.1812
-9.2200 51.4005 24.4222 -0.1328 0.9905 -0.0345 0.9811 0.9075
-11.6513 6.6591 -6.5127 -0.9998 -0.0187 -0.0049 0.4887 0.2708
4.5282 -50.6388 -25.2885 0.0019 -0.0510 -0.9987 0.2467 0.6127
-11.5473 -6.8869 12.3368 -0.9997 -0.0009 0.0239 0.3750 0.3510
11.5483 -38.9536 13.4699 0.9992 -0.0291 -0.0266 0.8416 0.5334
-10.8418 -37.4266 25.5104 -0.3479 -0.0016 0.9375 0.1393 0.5363
1.1610 -38.0359 -26.2147 -0.0003 0.0120 -0.9999 0.2266 0.5372
-11.8821 28.2935 -10.9869 -0.9997 -0.0120 0.0197 0.5168 0.1414
12.0475 -20.6291 23.1622 0.9998 -0.0043 0.0194 0.8986 0.4230
7.8770 12.5322 25.9578 0.0150 -0.0013 0.9999 0.0268 0.2369
11.1117 -39.6012 25.3175 0.6409 0.0065 0.7676 0.0077 0.5495
5.9026 -9.2120 25.9181 0.0003 -0.0048 1.0000 0.0387 0.3673
-9.7953 -6.0466 -25.4295 -0.1083 0.0431 -0.9932 0.1611 0.3453
10.4025 -48.8936 20.0283 -0.7373 -0.6754 -0.0135 0.8448 0.8783
10.9853 6.4582 25.4053 0.6525 0.0142 0.7576 0.0082 0.2734
5.0517 -49.3651 25.2770 0.0216 -0.3162 0.9484 0.0441 0.6080
5.0517 -49.3651 25.2770 -0.1993 -0.6501 0.7332 0.8130 0.9101
-11.9318 27.9018 -13.8301 -0.9997 -0.0032 0.0248 0.5338 0.1439
-10.7124 -48.4017 -25.5056 -0.1651 -0.0450 -0.9852 0.1554 0.5992
11.7107 23.9107 24.7989 0.6860 -0.0019 0.7276 0.0038 0.1688
11.7107 23.9107 24.7989 0.9074 0.0102 0.4201 0.9059 0.1559
-11.6857 7.4613 -2.3730 -1.0000 -0.0013 -0.0085 0.4640 0.2658
-10.9648 -45.7408 25.3625 -0.5053 -0.0096 0.8629 0.1401 0.5862
-11.2904 -18.9816 20.2401 -0.9992 0.0033 0.0403 0.3269 0.4230
9.7638 25.2094 -25.3843 0.6847 -0.0316 -0.7281 0.2785 0.1581
11.0085 -45.8445 -9.6399 0.9998 -0.0210 0.0048 0.7035 0.5760
-11.7054 -34.1654 -8.4172 -0.9998 0.0196 -0.0006 0.4978 0.5157
11.0492 -41.9903 -9.5226 0.9999 -0.0034 0.0168 0.7040 0.5529
10.7928 28.5265 -24.1524 0.9914 0.0234 -0.1287 0.6122 0.1310
-6.4337 33.6712 -25.4687 -0.0920 -0.0317 -0.9953 0.1815 0.1073
-6.1785 51.3660 25.7011 0.0340 -0.2969 0.9543 0.1108 0.0041
9.3937 -48.5436 12.9452 0.5337 -0.5097 -0.6748 0.8383 0.8359
9.3937 -48.5436 12.9452 0.8695 -0.3843 -0.3104 0.7120 0.8302
-11.1034 4.5996 20.9744 -0.9985 0.0129 0.0531 0.3239 0.2816
8.9050 15.9308 25.9403 0.0178 -0.0008 0.9998 0.0206 0.2166
-11.6151 -15.2310 -24.4973 -0.9342 0.0034 -0.3568 0.5953 0.4031
-11.6151 -15.2310 -24.4973 -0.6686 0.0094 -0.7436 0.1502 0.4003
3.6220 -51.2298 -4.2645 0.0299 -0.9995 -0.0086 0.6535 0.7430
0.3015 45.5803 26.4732 -0.0238 -0.0225 0.9995 0.0720 0.0387
-11.8178 -44.3022 -8.0660 -0.9989 -0.0457 -0.0086 0.4951 0.5764
-7.0208 28.3053 26.0572 -0.0089 -0.0073 0.9999 0.1160 0.1423
0.2296 51.2500 -3.5439 0.0400 0.9990 -0.0174 0.9261 0.7394
0.9938 51.6762 14.0391 0.0413 0.9990 -0.0147 0.9205 0.8447
8.6162 50.3003 -1.6542 0.8226 0.5679 -0.0295 0.8757 0.7503
11.2266 -31.3575 -6.1950 0.9999 -0.0145 -0.0090 0.7233 0.4890
11.2535 -9.2257 -8.6057 0.9997 -0.0011 -0.0251 0.7076 0.3564
10.3893 -49.4713 25.3308 -0.2722 -0.9030 -0.3324 0.8450 0.9101
2.9841 35.4180 26.2177 0.0084 -0.0293 0.9995 0.0560 0.0997
11.2023 -8.4647 -12.2794 1.0000 -0.0064 -0.0015 0.6855 0.3521
-11.7174 -25.1436 3.1896 -0.9999 0.0133 -0.0003 0.4287 0.4609
-11.7326 15.6002 -2.4439 -0.9999 -0.0083 -0.0144 0.4648 0.2170
-2.9055 -49.0964 -25.4200 -0.0538 -0.4253 -0.9035 0.2022 0.6034
-11.5675 -7.6314 -4.0734 -0.9998 -0.0055 -0.0168 0.4733 0.3564
10.0069 -24.0280 -25.7053 0.6058 -0.0003 -0.7956 0.2797 0.4533
-11.5632 -3.1809 -6.6442 -1.0000 0.0002 0.0014 0.4890 0.3298
11.3039 29.5545 -4.7893 0.9990 0.0166 -0.0413 0.7282 0.1238
-11.7048 -30.0700 -2.9507 -0.9996 0.0199 -0.0223 0.4653 0.4908
0.7228 51.1096 -12.5079 0.0777 0.9970 0.0024 0.9236 0.6856
8.1600 49.5566 -24.9964 0.3296 0.9280 0.1740 0.8798 0.6104
-10.2303 4.3564 -25.1438 -0.2065 0.0315 -0.9779 0.1586 0.2829
11.7052 22.0384 7.1163 0.9998 -0.0001 -0.0218 0.8000 0.1681
-11.7252 2.9676 1.7637 -1.0000 0.0018 -0.0092 0.4389 0.2925
9.1980 48.8298 0.2752 0.2150 0.9667 -0.1385 0.8721 0.7619
-5.8213 51.6545 22.9018 -0.0547 0.9985 -0.0085 0.9608 0.8982
-11.8497 26.2335 -11.3632 -0.9992 -0.0213 0.0327 0.5189 0.1538
-1.7627 34.6551 26.1958 -0.0069 -0.0206 0.9998 0.0844 0.1042
-1.0594 -2.6279 25.9387 -0.0149 -0.0140 0.9998 0.0804 0.3278
-4.6383 51.7017 25.0790 -0.0301 0.9990 0.0341 0.9536 0.9112
-3.8170 6.3052 -25.3449 -0.0806 0.0195 -0.9966 0.1970 0.2713
11.2131 -7.2148 -10.7783 1.0000 -0.0039 -0.0071 0.6944 0.3445
11.2267 3.7235 25.2496 0.6576 0.0095 0.7533 0.0068 0.2898
11.4183 -20.9835 -0.0453 0.9999 -0.0013 -0.0148 0.7596 0.4264
11.7728 -21.3767 13.5779 0.9993 -0.0049 -0.0382 0.8412 0.4280
11.6560 1.7119 6.8033 0.9995 0.0040 -0.0313 0.7993 0.2900
12.0679 17.3424 22.7581 1.0000 -0.0034 0.0072 0.8940 0.1954
2.7157 -1.4465 -25.7998 -0.0157 0.0206 -0.9997 0.2361 0.3179
9.8602 -46.2600 -26.1868 0.4972 0.0481 -0.8663 0.2787 0.5866
-11.3873 -0.2273 16.0188 -0.9991 0.0111 0.0415 0.3533 0.3108
11.4187 -19.9077 -0.6126 0.9998 -0.0115 -0.0165 0.7561 0.4200
3.9731 -4.0801 -25.8586 -0.0038 0.0151 -0.9999 0.2436 0.3337
9.9709 -13.7466 25.8207 0.1332 -0.0131 0.9910 0.0144 0.3945
11.1485 -31.2709 -24.2462 0.9938 0.0244 -0.1084 0.6151 0.4895
-3.0786 -51.4363 12.4876 -0.0744 -0.9971 -0.0186 0.6143 0.8438
11.6537 2.4147 6.6412 0.9997 -0.0088 -0.0214 0.7983 0.2858
-0.3103 4.0793 -25.5781 -0.0474 0.0170 -0.9987 0.2180 0.2847
1.5045 -41.9006 -26.2610 -0.0059 0.0045 -1.0000 0.2286 0.5604
-0.0816 -51.5670 11.4596 -0.0314 -0.9994 -0.0176 0.6322 0.8375
9.9631 -39.7836 -25.5398 0.8905 -0.0167 -0.4547 0.5198 0.6202
9.9631 -39.7836 -25.5398 0.6675 -0.0274 -0.7441 0.2793 0.5477
7.3953 -51.3569 6.2350 0.0593 -0.9978 -0.0285 0.6767 0.8057
-11.6818 8.8511 -3.7684 -1.0000 -0.0061 -0.0025 0.4724 0.2575
9.6724 1.2031 -25.4363 0.4558 0.0395 -0.8892 0.2779 0.3020
12.1071 -1.4772 23.7395 0.9998 -0.0034 0.0191 0.9010 0.3082
3.7355 -51.6184 12.4177 0.0091 -0.9998 -0.0191 0.6552 0.8430
-0.6520 51.2145 -11.5160 0.0797 0.9968 -0.0057 0.9318 0.6916
-4.3083 -50.4449 24.7918 0.0043 0.4723 0.8814 0.1003 0.6144
-0.6013 51.5751 6.6168 0.0312 0.9992 -0.0232 0.9305 0.8003
-10.3656 31.8228 25.9852 -0.3132 -0.0161 0.9496 0.1360 0.1212
-10.3656 31.8228 25.9852 -0.9041 -0.0242 0.4266 0.2954 0.1181
-11.7503 -33.2675 -3.3015 -0.9995 0.0259 -0.0152 0.4672 0.5100
1.5557 12.8179 26.0605 0.0069 -0.0037 1.0000 0.0647 0.2352
11.6937 2.1094 7.8971 0.9993 0.0031 -0.0362 0.8058 0.2876
-4.8185 51.3401 -18.5962 0.0022 1.0000 -0.0011 0.9572 0.6494
-11.5887 -5.5188 10.6059 -0.9998 -0.0028 0.0218 0.3854 0.3429
-9.9802 30.8279 26.0966 -0.1154 0.0007 0.9933 0.1337 0.1271
10.2329 -48.9554 -21.8792 -0.5554 -0.8295 -0.0584 0.8414 0.6271
-12.0314 42.8738 -11.9679 -0.9999 0.0094 0.0053 0.5235 0.0541
-6.3597 38.6666 26.1942 -0.0225 -0.0142 0.9996 0.1120 0.0802
9.7413 -5.7731 25.9405 0.0412 -0.0070 0.9991 0.0157 0.3467
-11.9546 -42.7944 1.1153 -1.0000 -0.0033 -0.0023 0.4401 0.5669
6.6689 -48.9869 -26.1902 -0.0628 -0.6700 -0.7397 0.8197 0.6015
6.6689 -48.9869 -26.1902 -0.0867 -0.4634 -0.8819 0.2595 0.6029
9.4593 -49.9371 -23.3934 0.9703 -0.2385 0.0399 0.7015 0.6125
-9.1791 -49.7403 -25.4489 -0.0205 -0.1065 -0.9941 0.1645 0.6073
9.1359 -44.5955 -26.1877 0.0500 0.0279 -0.9984 0.2743 0.5766
9.3493 48.7475 -20.5306 -0.0715 0.9963 0.0482 0.8724 0.6371
-11.5713 -23.2109 -7.1844 -1.0000 0.0053 -0.0011 0.4910 0.4499
11.4244 34.5463 1.4343 0.9989 0.0310 -0.0359 0.7652 0.0935
9.3891 -17.3968 -25.8398 0.2266 -0.0017 -0.9740 0.2760 0.4135
-11.8558 38.9708 4.9339 -0.9994 -0.0115 0.0334 0.4220 0.0765
-11.6691 -30.5170 -10.4178 -1.0000 0.0037 0.0031 0.5100 0.4939
11.4283 10.0827 -2.5470 0.9992 0.0005 -0.0401 0.7428 0.2404
-11.3102 5.5805 -24.6019 -0.4555 0.0192 -0.8900 0.1521 0.2756
-1.5421 3.0707 25.9910 -0.0095 -0.0119 0.9999 0.0833 0.2936
11.3669 -23.9627 -2.2016 0.9997 -0.0142 -0.0176 0.7468 0.4444
10.2988 -44.8621 -25.3124 0.4993 0.0174 -0.8663 0.2813 0.5781
-11.4284 -10.8161 16.1742 -0.9994 0.0001 0.0336 0.3517 0.3743
-5.2842 -50.3537 -25.3754 0.0480 -0.0598 -0.9971 0.1879 0.6110
-5.2842 -50.3537 -25.3754 -0.1079 -0.9456 -0.3069 0.5989 0.6169
11.8463 3.2876 12.6065 0.9995 -0.0012 -0.0324 0.8340 0.2802
-3.9828 -38.9370 -26.1262 -0.0389 0.0107 -0.9992 0.1957 0.5426
-11.7496 23.2177 3.0706 -0.9998 -0.0075 0.0171 0.4322 0.1710
11.1414 40.9520 -0.9052 0.9984 0.0504 -0.0249 0.7509 0.0552
-11.8237 -37.8876 -8.7277 -0.9995 0.0318 0.0056 0.4994 0.5380
2.4041 51.6281 25.8540 -0.0564 -0.1003 0.9934 0.0594 0.0025
2.4041 51.6281 25.8540 0.0640 0.9814 0.1812 0.9113 0.9154
5.7308 50.6587 25.8374 -0.0687 -0.0126 0.9976 0.0394 0.0084
-11.5594 -15.9389 11.1694 -0.9997 0.0018 0.0249 0.3814 0.4053
-6.8829 -28.4822 25.7139 -0.0397 0.0071 0.9992 0.1155 0.4827
9.8528 48.8768 -21.6482 -0.1725 0.9846 0.0267 0.8694 0.6304
-10.6384 20.8865 25.3472 -0.9877 0.0037 0.1561 0.2986 0.1837
11.6243 18.4093 4.0394 0.9997 -0.0034 -0.0257 0.7818 0.1901
9.6420 -49.1252 -8.1751 0.9101 -0.4141 -0.0151 0.7073 0.7036
9.6420 -49.1252 -8.1751 0.2797 -0.9600 -0.0104 0.8386 0.7093
-11.4961 -11.9794 13.8267 -0.9996 -0.0050 0.0280 0.3657 0.3814
-11.8020 -19.9085 -18.9336 -0.9998 -0.0174 0.0004 0.5616 0.4308
11.2716 49.0222 19.6433 0.9525 0.2959 -0.0718 0.8736 0.0057
11.2716 49.0222 19.6433 0.5363 0.8433 -0.0358 0.8586 0.8778
10.5456 48.4653 -9.7564 0.9926 0.1216 0.0052 0.6974 0.0107
9.5198 -49.9106 -25.1894 0.8806 -0.4122 -0.2337 0.7016 0.6017
9.5198 -49.9106 -25.1894 0.4923 -0.4424 -0.7496 0.2767 0.6084
9.5198 -49.9106 -25.1894 0.6185 -0.5648 -0.5463 0.6877 0.6171
11.5577 -13.7805 3.9482 0.9997 -0.0053 -0.0251 0.7831 0.3830
6.4909 -49.3266 24.5784 -0.2250 -0.9340 0.2774 0.8216 0.9058
6.4909 -49.3266 24.5784 -0.2845 0.4909 0.8234 0.0355 0.6078
10.2539 -49.1486 10.5354 -0.2831 -0.9590 -0.0092 0.8433 0.8214
-11.4802 50.2238 -24.3899 -0.9697 0.1251 -0.2097 0.5984 0.0107
-11.4802 50.2238 -24.3899 -0.5215 0.1105 -0.8460 0.1514 0.0079
-11.4802 50.2238 -24.3899 -0.6954 0.5698 -0.4380 0.9975 0.6151
-6.2399 50.9776 25.5837 0.0296 -0.0504 0.9983 0.1112 0.0064
-2.3129 42.8118 26.3528 -0.0208 -0.0202 0.9996 0.0877 0.0553
-9.9193 20.3596 -24.9488 -0.1078 -0.0084 -0.9941 0.1605 0.1870
9.4389 -50.1303 -6.0961 0.9758 -0.2172 -0.0234 0.7014 0.7162
6.3591 -27.6775 -26.1168 0.0238 0.0025 -0.9997 0.2578 0.4751
1.1167 -15.1335 -26.0220 -0.0282 0.0154 -0.9995 0.2264 0.3999
-11.4385 -48.6027 -11.5281 -0.9923 -0.1224 -0.0208 0.5156 0.6024
-8.8812 -35.7964 -25.8934 -0.0155 0.0177 -0.9997 0.1664 0.5237
9.4734 -49.0671 -14.4485 0.9748 -0.2228 0.0081 0.7073 0.6661
9.4734 -49.0671 -14.4485 0.5908 -0.8061 -0.0347 0.8372 0.6717
-3.0773 18.7105 -25.2708 -0.0597 -0.0104 -0.9982 0.2015 0.1970
-0.3273 43.8568 26.4168 -0.0190 -0.0261 0.9995 0.0757 0.0491
-11.0293 -36.2806 -25.2547 -0.6258 0.0097 -0.7799 0.1535 0.5266
-11.7172 -26.2526 -19.2964 -1.0000 -0.0078 0.0012 0.5635 0.4689
-10.6839 -49.6552 -25.2423 -0.3937 -0.8074 -0.4395 0.5666 0.6180
10.2082 22.3363 25.8966 0.0998 -0.0014 0.9950 0.0127 0.1782
11.4775 -18.1581 1.4178 0.9998 -0.0046 -0.0205 0.7682 0.4094
-3.5671 51.7427 22.4190 -0.0289 0.9996 -0.0026 0.9473 0.8952
11.6395 -8.0391 6.5460 0.9997 -0.0032 -0.0241 0.7983 0.3485
-4.0309 -50.0804 -25.2637 0.0375 0.3470 -0.9371 0.1954 0.6093
6.2396 -51.4563 7.7189 0.0437 -0.9987 -0.0256 0.6699 0.8147
-11.7913 27.4297 -1.6827 -1.0000 -0.0056 -0.0030 0.4610 0.1461
11.4406 18.7069 -2.8672 0.9990 -0.0026 -0.0436 0.7404 0.1887
-7.4478 -51.3246 24.9472 -0.1113 -0.9134 0.3917 0.5888 0.9187
-7.4478 -51.3246 24.9472 -0.1252 -0.3658 0.9222 0.1191 0.6197
-11.6895 -24.3304 7.2219 -0.9997 0.0111 0.0199 0.4046 0.4558
-1.8747 -22.5805 25.7963 -0.0244 0.0130 0.9996 0.0854 0.4474
-3.0955 -41.7692 -26.1706 -0.0364 -0.0098 -0.9993 0.2010 0.5596
-9.8335 -25.1554 -25.7182 -0.0746 0.0159 -0.9971 0.1607 0.4599
-11.8192 29.8819 -6.9170 -0.9995 -0.0284 0.0160 0.4925 0.1316
4.4207 50.4146 -23.9596 0.1588 0.9817 -0.1056 0.9021 0.6168
-10.5497 22.6929 25.7770 -0.8300 -0.0104 0.5576 0.1372 0.1759
-10.5497 22.6929 25.7770 -0.9811 0.0048 0.1936 0.2961 0.1729
-11.6864 -26.2557 -2.5131 -0.9994 0.0096 -0.0331 0.4629 0.4679
-11.7426 -19.7477 -15.4977 -0.9992 0.0003 0.0404 0.5411 0.4297
10.9591 40.0737 -11.8165 0.9995 0.0318 -0.0073 0.6855 0.0611
7.0829 -51.1720 -8.7035 0.0299 -0.9995 0.0139 0.6740 0.7162
-0.9610 41.4045 26.3498 -0.0161 -0.0198 0.9997 0.0796 0.0638
8.7380 -5.2438 25.9237 -0.0033 0.0007 1.0000 0.0217 0.3435
9.5305 -49.1855 -21.3145 0.9878 -0.1533 0.0289 0.7061 0.6249
1.2170 1.4083 26.0117 -0.0129 -0.0067 0.9999 0.0668 0.3036
-0.8149 -5.4793 -25.7366 -0.0476 0.0241 -0.9986 0.2149 0.3420
11.2102 -34.3216 -10.7839 0.9999 -0.0078 0.0090 0.6960 0.5070
10.0782 48.9354 -22.9488 0.2746 0.9614 -0.0158 0.8682 0.6226
11.6248 -26.3064 10.1639 0.9994 -0.0063 -0.0348 0.8211 0.4578
10.6202 -47.5990 -25.2303 0.7611 0.0338 -0.6478 0.2833 0.5945
9.4555 -47.9266 24.5374 -0.4262 -0.8980 -0.1092 0.8394 0.9053
-11.9798 21.7977 -15.3414 -0.9991 -0.0022 0.0429 0.5425 0.1806
11.3514 -16.3049 -4.3387 0.9997 -0.0051 -0.0240 0.7336 0.3986
10.3937 30.2193 -24.8476 0.6792 0.0093 -0.7339 0.2824 0.1280
10.5341 22.5516 -24.7102 0.5708 -0.0010 -0.8211 0.2832 0.1740
-10.3081 -50.1342 24.9963 0.0073 -0.2122 0.9772 0.1362 0.6125
-3.0359 -5.1632 -25.6434 -0.0400 0.0241 -0.9989 0.2016 0.3401
-10.9093 -26.8553 25.4239 -0.6090 0.0071 0.7931 0.1397 0.4730
-10.9093 -26.8553 25.4239 -0.8925 0.0095 0.4509 0.2954 0.4699
0.1228 -39.9821 26.0818 -0.0306 0.0145 0.9994 0.0736 0.5517
7.4724 -50.6775 25.4580 -0.3019 0.2585 0.9176 0.0296 0.6159
12.0546 -15.1894 21.4342 1.0000 -0.0028 -0.0084 0.8880 0.3905
3.7649 34.5262 26.1856 0.0124 -0.0228 0.9997 0.0513 0.1050
-11.5735 -0.5027 10.3459 -0.9997 0.0060 0.0226 0.3873 0.3128
11.3903 26.5706 -2.9762 0.9996 -0.0011 -0.0273 0.7393 0.1415
-1.8139 44.2719 -26.0239 -0.0678 -0.0077 -0.9977 0.2092 0.0438
11.2037 0.3696 -12.6202 1.0000 0.0069 -0.0062 0.6830 0.2992
11.1725 5.6586 -16.0021 0.9999 0.0081 0.0088 0.6624 0.2676
11.1955 -12.7636 -10.5356 0.9998 -0.0131 -0.0131 0.6962 0.3778
11.1981 -10.4959 -14.0567 0.9999 -0.0023 0.0114 0.6750 0.3644
11.2822 32.0241 -4.3912 0.9992 0.0180 -0.0357 0.7305 0.1089
11.1325 15.6270 -13.7093 0.9999 -0.0073 0.0119 0.6756 0.2078
11.3267 -31.1984 -1.4776 0.9998 -0.0018 -0.0208 0.7516 0.4878
-9.2651 51.1150 -3.7202 -0.0582 0.9983 0.0033 0.9830 0.7388
-1.4901 51.6197 7.8308 0.0027 0.9999 -0.0164 0.9357 0.8076
0.3442 -50.3540 24.6153 -0.0015 0.6726 0.7400 0.0724 0.6139
-11.5877 3.5363 -7.4651 -0.9998 -0.0006 0.0183 0.4943 0.2896
11.0131 23.1579 -21.3247 0.9994 0.0112 -0.0321 0.6295 0.1630
11.2023 -49.5736 24.7659 0.2110 -0.9613 0.1772 0.8498 0.9067
-1.6725 -50.1108 -25.1002 0.0420 0.2082 -0.9772 0.2096 0.6095
-10.5542 1.8723 25.7101 -0.4654 0.0001 0.8851 0.1373 0.3007
0.2771 -4.2153 25.9380 -0.0122 -0.0139 0.9998 0.0724 0.3373
4.2599 -15.7759 -26.0558 0.0034 0.0188 -0.9998 0.2453 0.4038
-10.1731 11.4478 26.0195 -0.1514 -0.0092 0.9884 0.1350 0.2433
-11.6825 -36.9635 -23.1451 -0.9995 0.0086 -0.0302 0.5859 0.5333
11.2121 -5.6044 -11.7880 1.0000 -0.0058 -0.0042 0.6883 0.3349
8.9209 49.0265 -22.2295 0.6253 0.7792 0.0434 0.8751 0.6270
-10.5731 51.0648 -13.0776 -0.1469 0.9891 -0.0029 0.9914 0.6828
-7.8250 -41.0523 -25.9727 -0.0267 0.0024 -0.9996 0.1727 0.5552
-11.6305 -28.6397 -6.1934 -0.9996 0.0267 0.0081 0.4848 0.4824
-9.5246 51.0989 -24.5660 -0.0227 0.3374 -0.9411 0.1631 0.0027
-9.5246 51.0989 -24.5660 -0.1056 0.9914 -0.0769 0.9857 0.6139
8.0441 -50.0100 25.5123 -0.3588 -0.0808 0.9299 0.0262 0.6119
10.9922 48.5957 9.3076 0.9536 0.2967 -0.0511 0.8117 0.0088
4.1638 -30.1850 -26.1518 0.0071 0.0038 -1.0000 0.2446 0.4902
11.1924 2.5699 -11.1836 0.9999 0.0097 -0.0116 0.6915 0.2859
-11.3694 -34.8963 -24.9235 -0.6996 0.0157 -0.7143 0.1515 0.5182
10.2973 -24.7971 -25.4404 0.6909 0.0020 -0.7230 0.2814 0.4579
11.1305 13.3187 -18.2280 0.9999 0.0005 -0.0168 0.6486 0.2219
8.8527 -51.1881 5.3780 0.4789 -0.8775 -0.0243 0.6854 0.8005
11.1680 5.4877 -18.5936 0.9999 0.0059 -0.0161 0.6469 0.2688
-11.8555 -5.9416 -17.3002 -0.9990 -0.0073 0.0447 0.5527 0.3470
-11.6773 7.7620 -3.3952 -1.0000 -0.0031 -0.0056 0.4701 0.2641
-0.8779 -51.6855 18.9985 -0.0360 -0.9992 -0.0173 0.6279 0.8827
-11.0898 21.8263 18.8252 -0.9985 -0.0023 0.0540 0.3377 0.1785
-11.7215 -3.4377 3.1157 -1.0000 -0.0042 0.0050 0.4304 0.3308
-11.8212 25.0574 -11.2726 -0.9993 -0.0160 0.0328 0.5183 0.1608
9.0832 48.6700 -8.9895 -0.1227 0.9922 0.0237 0.8733 0.7063
-11.6285 -9.8864 -1.3945 -0.9996 0.0065 -0.0278 0.4571 0.3697
9.9662 -19.1269 -25.7066 0.5033 0.0334 -0.8635 0.2795 0.4239
-9.8335 26.5844 -25.0346 -0.1517 -0.0223 -0.9882 0.1611 0.1497
11.1657 29.8089 -10.9293 1.0000 -0.0006 -0.0039 0.6914 0.1226
3.6884 -50.3284 25.1193 0.0764 0.2079 0.9752 0.0523 0.6138
-10.6139 36.6968 25.6861 -0.9537 -0.0015 0.3006 0.2975 0.0889
11.6088 31.0679 24.9120 0.7141 0.0036 0.7000 0.0044 0.1259
11.6088 31.0679 24.9120 0.9268 -0.0112 0.3753 0.9062 0.1130
-11.8764 -39.9403 -7.7426 -0.9999 0.0173 -0.0001 0.4934 0.5503
-9.6900 -34.7956 25.6290 -0.0477 -0.0052 0.9988 0.1324 0.5206
-9.0828 6.5315 -25.0692 0.0108 0.0223 -0.9997 0.1655 0.2699
-11.9215 35.7217 -9.9505 -0.9998 -0.0163 0.0117 0.5110 0.0968
7.3315 -24.6435 25.9347 0.0129 0.0175 0.9998 0.0303 0.4598
5.0358 -11.1037 -25.9640 0.0028 0.0167 -0.9999 0.2500 0.3758
-2.4762 39.7459 26.2935 -0.0179 -0.0187 0.9997 0.0887 0.0737
-10.3722 4.6647 25.8669 -0.4762 -0.0283 0.8789 0.1362 0.2840
-10.8656 26.6455 22.5364 -0.9973 0.0007 0.0732 0.3158 0.1494
11.4158 -16.1757 -1.3326 0.9997 -0.0049 -0.0247 0.7516 0.3977
-0.7627 51.6213 8.7556 0.0225 0.9996 -0.0179 0.9313 0.8131
10.4520 -49.1137 -18.0863 -0.0763 -0.9970 0.0143 0.8429 0.6498
9.0224 49.3609 9.5440 0.9923 0.1232 -0.0149 0.5466 0.7994
10.0157 5.0915 -25.1157 0.5425 0.0225 -0.8397 0.2800 0.2787
-4.4159 -26.6725 25.7858 -0.0312 0.0135 0.9994 0.1007 0.4719
1.3719 -49.0724 25.7260 0.0230 -0.8983 0.4387 0.7910 0.9130
-11.4794 -49.9895 7.7670 -0.8191 -0.5736 -0.0044 0.5637 0.8159
-11.4794 -49.9895 7.7670 -0.9243 -0.3816 -0.0044 0.3999 0.6096
8.6043 51.1524 21.3222 0.3586 0.9332 -0.0227 0.8744 0.8879
-1.3646 51.5786 5.8154 0.0146 0.9996 -0.0235 0.9351 0.7955
-5.6795 -31.8813 -25.9753 -0.0512 0.0137 -0.9986 0.1856 0.5003
-11.5845 -21.1529 -10.6843 -0.9999 -0.0026 0.0127 0.5121 0.4378
-10.4337 -10.8701 25.5872 -0.0886 -0.0200 0.9959 0.1367 0.3771
11.6254 -6.7346 5.7313 0.9997 -0.0043 -0.0236 0.7934 0.3407
5.7615 -8.9234 -25.9258 0.0086 0.0161 -0.9998 0.2543 0.3627
8.9899 49.2072 4.3160 0.9907 0.1356 -0.0109 0.5454 0.7681
12.0207 5.8749 18.0750 0.9996 0.0047 -0.0289 0.8666 0.2644
-10.4659 -26.9783 25.5676 -0.0545 0.0176 0.9984 0.1370 0.4737
11.5540 21.2368 1.5145 0.9994 0.0106 -0.0323 0.7665 0.1733
2.6123 29.4356 -25.7761 -0.0271 -0.0309 -0.9992 0.2357 0.1327
-3.1874 -51.4815 25.1953 -0.1237 -0.8426 0.5241 0.6144 0.9200
-3.1874 -51.4815 25.1953 -0.1096 0.1182 0.9869 0.0935 0.6206
3.0278 49.6472 -26.2478 -0.1048 0.2196 -0.9699 0.2383 0.0116
3.0278 49.6472 -26.2478 -0.0885 0.7371 -0.6700 0.9106 0.6032
9.8305 -48.7485 13.5189 -0.3293 -0.9433 0.0419 0.8410 0.8393
-0.8843 17.1481 26.0719 -0.0056 -0.0087 0.9999 0.0793 0.2092
11.4370 28.2041 -1.3973 0.9998 -0.0005 -0.0191 0.7486 0.1317
11.4376 -5.8678 -2.3526 0.9997 -0.0031 -0.0244 0.7449 0.3360
10.7943 32.9887 25.6605 0.6055 -0.0074 0.7958 0.0092 0.1143
-11.5398 20.4454 8.7879 -0.9991 -0.0052 0.0412 0.3978 0.1873
11.4988 -17.6308 2.3444 0.9998 -0.0044 -0.0215 0.7737 0.4062
-2.3717 -49.6767 24.2417 0.0182 -0.6598 0.7513 0.7684 0.9043
-2.3717 -49.6767 24.2417 0.0756 0.4241 0.9025 0.0887 0.6099
-1.0578 1.1924 -25.5991 -0.0481 0.0212 -0.9986 0.2135 0.3020
10.8759 1.5464 -24.6100 0.5897 0.0092 -0.8076 0.2851 0.2999
4.8043 -22.8396 25.9319 0.0077 0.0116 0.9999 0.0454 0.4490
11.4774 48.6538 23.0929 0.9972 0.0686 -0.0303 0.8943 0.0077
9.4926 -49.2895 -20.3082 0.9643 -0.2649 -0.0047 0.7056 0.6309
-3.1136 33.9609 -25.7319 -0.0455 -0.0291 -0.9985 0.2014 0.1056
1.1045 51.6886 15.4885 0.0504 0.9987 -0.0104 0.9197 0.8534
9.9132 -8.1522 25.8824 0.1867 -0.0221 0.9822 0.0147 0.3609
0.3305 26.7916 -25.6183 -0.0372 -0.0313 -0.9988 0.2220 0.1486
-2.9257 -51.1045 -9.5521 -0.0682 -0.9976 -0.0122 0.6140 0.7116
11.6285 5.8465 4.1699 0.9997 -0.0001 -0.0242 0.7833 0.2654
11.7337 42.4552 24.2426 0.9905 0.0302 0.1340 0.9015 0.0448
10.9835 38.3334 -14.3273 0.9995 0.0260 -0.0160 0.6706 0.0717
11.0275 39.0873 -9.0465 0.9993 0.0321 -0.0172 0.7022 0.0668
9.2840 -47.8851 17.1612 0.9397 -0.3401 0.0369 0.7161 0.8555
9.1405 -50.3034 10.0020 0.9899 -0.1394 0.0275 0.7012 0.8127
-11.6897 4.0392 5.5079 -0.9997 0.0050 0.0256 0.4165 0.2859
-3.9705 38.6295 -25.7934 -0.0659 -0.0207 -0.9976 0.1963 0.0776
7.1562 36.1654 26.1648 0.0245 -0.0317 0.9992 0.0309 0.0952
-11.6732 12.3824 -6.8049 -1.0000 0.0038 0.0025 0.4908 0.2365
1.5035 3.3057 26.0283 -0.0076 -0.0070 0.9999 0.0650 0.2922
2.9792 11.9959 26.0445 0.0183 -0.0055 0.9998 0.0561 0.2401
-7.8927 -34.0955 -25.8855 -0.0359 0.0130 -0.9993 0.1723 0.5135
-9.9261 28.7602 -25.0717 -0.1727 -0.0199 -0.9848 0.1605 0.1367
11.4883 28.3670 0.5782 0.9992 0.0123 -0.0380 0.7605 0.1306
-0.1961 -51.2067 -10.6541 -0.0252 -0.9996 -0.0088 0.6303 0.7049
-7.4776 -3.8373 -25.3829 -0.0483 0.0238 -0.9986 0.1750 0.3321
4.5719 -48.9390 -26.0204 -0.0551 -0.6115 -0.7893 0.8072 0.6026
11.8702 38.1849 23.1096 0.9994 0.0309 -0.0137 0.8949 0.0704
11.7335 -5.8815 9.9550 0.9996 -0.0046 -0.0272 0.8186 0.3353
11.6723 2.4155 7.3935 0.9995 -0.0008 -0.0327 0.8028 0.2858
8.8120 50.6504 12.3091 0.8555 0.5168 -0.0317 0.8737 0.8339
-1.4079 -47.9746 25.9956 -0.0628 -0.0893 0.9940 0.0828 0.5996
11.8273 39.7847 24.1496 0.9970 0.0341 0.0695 0.9011 0.0608
11.1208 14.1144 -13.6298 0.9999 -0.0049 0.0113 0.6761 0.2168
-9.5752 -31.0333 -25.8244 -0.0207 0.0122 -0.9997 0.1623 0.4951
-11.1412 49.3929 21.1133 -0.9988 0.0033 0.0499 0.3256 0.0131
-11.5545 -5.6048 -4.7759 -1.0000 -0.0033 -0.0066 0.4776 0.3443
11.1191 16.6644 -19.7067 0.9998 -0.0013 -0.0186 0.6396 0.2019
-11.9245 42.3088 3.3048 -0.9997 0.0054 0.0227 0.4319 0.0566
-10.0633 12.4375 -24.8638 -0.1225 0.0338 -0.9919 0.1596 0.2345
-11.1144 -49.6511 -21.3440 -0.7577 -0.6518 -0.0319 0.5642 0.6413
-11.1144 -49.6511 -21.3440 -0.9205 -0.3906 0.0084 0.5744 0.6093
9.8670 16.0684 -25.1736 0.5895 0.0093 -0.8077 0.2791 0.2129
-11.5670 1.3556 10.1884 -0.9996 0.0067 0.0260 0.3883 0.3017
-11.5973 0.2158 9.1911 -0.9997 0.0044 0.0245 0.3942 0.3086
10.2762 -48.0183 -25.7076 0.8985 0.0302 -0.4379 0.5192 0.6695
10.2762 -48.0183 -25.7076 0.7602 -0.1286 -0.6369 0.2812 0.5971
11.5919 46.5043 23.0639 0.9987 0.0452 -0.0225 0.8942 0.0206
2.3388 51.6358 17.6490 0.0602 0.9981 -0.0137 0.9122 0.8662
7.4883 12.4125 -25.5440 0.0431 0.0125 -0.9990 0.2648 0.2348
9.7938 -48.9685 -15.0035 -0.2127 -0.9763 -0.0412 0.8391 0.6683
10.2939 31.2675 25.8975 0.2070 -0.0054 0.9783 0.0122 0.1246
11.8196 18.1473 11.0611 0.9996 0.0007 -0.0280 0.8239 0.1912
-11.7054 0.2299 0.5578 -0.9997 0.0038 -0.0236 0.4460 0.3090
-7.0582 -50.1273 -25.4169 0.0096 -0.0735 -0.9973 0.1773 0.6096
-7.0582 -50.1273 -25.4169 -0.0989 -0.9460 -0.3088 0.5883 0.6167
10.0539 48.9698 -3.7759 0.0785 0.9969 0.0067 0.8672 0.7375
11.2368 -42.8919 -24.3861 0.9992 0.0050 -0.0394 0.6149 0.5592
-12.0060 44.5266 -15.4925 -0.9992 0.0389 0.0017 0.5447 0.0443
2.7269 -15.4388 25.8597 -0.0179 -0.0092 0.9998 0.0578 0.4046
-11.1318 -49.9172 -12.4399 -0.5234 -0.8520 -0.0109 0.5646 0.6947
-11.1318 -49.9172 -12.4399 -0.9048 -0.4256 -0.0131 0.5210 0.6103
11.1718 28.0054 -8.5807 0.9995 0.0046 -0.0301 0.7056 0.1333
-1.9743 51.3036 -14.7643 0.0414 0.9991 -0.0083 0.9399 0.6722
-11.3936 33.1501 14.5260 -0.9986 -0.0087 0.0519 0.3641 0.1108
-5.4465 49.7832 -25.2297 -0.1555 0.3752 -0.9138 0.1875 0.0107
-5.4465 49.7832 -25.2297 -0.0296 0.5626 -0.8262 0.9613 0.6098
10.1480 -47.7146 -25.9496 0.8927 0.0450 -0.4484 0.5178 0.6677
10.1480 -47.7146 -25.9496 0.7784 -0.1218 -0.6159 0.2804 0.5953
11.6993 -13.4392 9.3996 0.9996 -0.0053 -0.0277 0.8157 0.3807
-11.6413 -1.9704 -1.9861 -0.9997 -0.0065 -0.0253 0.4611 0.3223
10.2720 -49.0515 -9.2562 0.0314 -0.9994 0.0112 0.8423 0.7028
2.0740 -51.7514 25.1367 -0.0158 -0.9987 0.0488 0.6459 0.9193
-11.5842 -0.1548 -8.4745 -0.9998 -0.0035 0.0170 0.5001 0.3118
0.1933 51.3637 -0.0605 0.0336 0.9988 -0.0347 0.9261 0.7602
-11.5166 -47.3398 -17.1617 -0.9942 -0.1078 -0.0063 0.5495 0.5952
-8.6267 2.5857 25.8281 -0.0036 -0.0097 0.9999 0.1258 0.2965
-9.6568 -28.4186 -25.7865 -0.0586 0.0135 -0.9982 0.1618 0.4795
11.2035 0.1486 -13.4858 1.0000 0.0047 0.0021 0.6778 0.3005
3.8197 -17.1790 -26.0807 0.0016 0.0137 -0.9999 0.2426 0.4122
10.0995 3.4324 25.8985 0.0003 -0.0087 1.0000 0.0135 0.2915
1.9519 -51.7881 23.6167 -0.0125 -0.9999 0.0114 0.6451 0.9102
-11.8699 -36.3280 -1.8680 -0.9996 0.0237 -0.0156 0.4584 0.5283
-1.4946 35.0867 -25.8227 -0.0351 -0.0277 -0.9990 0.2111 0.0988
0.5797 -51.2046 -12.8593 -0.0220 -0.9997 -0.0093 0.6348 0.6916
8.6434 51.0448 18.0977 0.4492 0.8928 -0.0334 0.8744 0.8686
-11.7856 -35.9672 -17.7176 -0.9998 0.0191 -0.0086 0.5534 0.5270
-8.8317 -51.1781 24.9312 -0.0206 -0.9663 0.2565 0.5805 0.9187
-8.8317 -51.1781 24.9312 0.0320 0.2430 0.9695 0.1274 0.6188
11.1287 10.1968 -14.7525 0.9999 0.0041 0.0129 0.6696 0.2404
11.6725 -6.6392 7.6905 0.9997 -0.0042 -0.0246 0.8051 0.3400
-1.6211 -31.3200 -26.1166 -0.0225 0.0088 -0.9997 0.2099 0.4969
9.1446 47.3167 -26.4826 0.1457 -0.0295 -0.9889 0.2749 0.0256
-11.5281 2.2939 11.3251 -0.9995 0.0091 0.0297 0.3816 0.2960
-2.9401 51.6760 25.8338 -0.0335 -0.1669 0.9854 0.0914 0.0022
-2.9401 51.6760 25.8338 -0.0861 0.9210 0.3799 0.9434 0.9156
-0.3893 51.7091 14.7345 0.0013 0.9998 -0.0197 0.9287 0.8489
-11.4253 -24.8304 17.2803 -0.9993 0.0007 0.0379 0.3443 0.4583
10.3361 48.9440 -4.3495 0.8890 0.4541 -0.0586 0.7298 0.0075
10.3361 48.9440 -4.3495 0.4584 0.8887 0.0089 0.8655 0.7341
-4.0798 7.8529 26.0354 -0.0112 -0.0063 0.9999 0.0985 0.2649
-11.6661 -41.4625 -24.3798 -0.9992 0.0029 -0.0389 0.5931 0.5603
-11.0797 -27.2018 24.8082 -0.9925 -0.0010 0.1224 0.2991 0.4720
11.2421 38.4918 -1.4782 0.9990 0.0360 -0.0271 0.7476 0.0700
9.1495 48.6499 -14.9750 -0.3606 0.9327 -0.0077 0.8733 0.6705
10.5325 48.4536 -13.9021 0.9942 0.1060 -0.0163 0.6726 0.0110
11.4633 4.1320 -2.3500 0.9995 0.0044 -0.0309 0.7443 0.2760
-11.5196 17.1016 9.0579 -0.9993 0.0000 0.0378 0.3960 0.2074
-10.5361 -43.0338 25.5128 -0.2868 -0.0145 0.9579 0.1375 0.5699
-2.0101 49.9161 25.9335 -0.0141 0.3795 0.9251 0.0858 0.0128
10.5275 12.2331 -24.7412 0.5195 0.0095 -0.8544 0.2831 0.2358
11.8717 33.5389 16.4411 0.9996 0.0198 -0.0221 0.8552 0.0987
-0.8296 39.0768 26.3028 -0.0113 -0.0226 0.9997 0.0788 0.0777
5.0247 -51.2376 -14.7450 0.0042 -1.0000 -0.0047 0.6613 0.6801
-4.6513 -10.8805 25.7353 -0.0267 -0.0131 0.9996 0.1020 0.3772
11.9514 34.8050 22.6674 0.9998 0.0200 -0.0090 0.8925 0.0907
11.6609 -15.6116 8.4543 0.9997 -0.0068 -0.0253 0.8102 0.3938
-11.6819 -25.5272 -2.2324 -0.9996 0.0165 -0.0220 0.4612 0.4635
-12.0032 20.5840 -16.0135 -0.9989 -0.0096 0.0469 0.5465 0.1879
11.5896 -47.5731 24.0689 0.9992 -0.0330 -0.0227 0.9056 0.5845
7.6819 -49.0279 25.9378 -0.3439 -0.3578 0.8682 0.0283 0.6060
7.6819 -49.0279 25.9378 -0.2367 -0.7040 0.6697 0.8288 0.9139
9.1476 22.8914 25.9265 0.0301 0.0038 0.9995 0.0191 0.1748
10.2225 -49.0604 -1.1319 -0.0593 -0.9982 -0.0041 0.8425 0.7515
0.2581 51.2102 -6.8566 0.0520 0.9986 -0.0100 0.9261 0.7195
-7.3677 -32.5708 -25.8884 -0.0534 0.0143 -0.9985 0.1755 0.5044
12.0860 -5.6289 23.7843 1.0000 -0.0036 0.0083 0.9015 0.3330
5.8478 -50.6653 25.2959 -0.1549 0.2221 0.9626 0.0393 0.6158
-3.1723 -48.7384 25.8141 -0.0499 -0.2037 0.9778 0.0934 0.6042
-11.8152 31.2483 2.0930 -0.9998 -0.0119 0.0142 0.4385 0.1229
-11.4973 -19.7313 14.0123 -0.9996 0.0052 0.0264 0.3642 0.4279
11.0615 25.2659 25.4093 0.6551 -0.0013 0.7555 0.0076 0.1606
-2.0094 -51.4832 25.2596 -0.0117 -0.0126 0.9999 0.0865 0.6207
-11.8009 -31.2848 2.1898 -0.9998 0.0191 -0.0003 0.4344 0.4978
3.9652 -49.3463 24.9527 -0.1918 -0.8239 0.5333 0.8065 0.9082
3.9652 -49.3463 24.9527 -0.3783 0.1175 0.9182 0.0506 0.6079
4.3557 -6.3873 25.9474 -0.0093 -0.0163 0.9998 0.0480 0.3503
-10.3640 -8.0716 -25.3593 -0.3802 0.0177 -0.9247 0.1577 0.3575
-10.8956 18.8703 22.2893 -0.9978 0.0038 0.0665 0.3168 0.1960
0.9517 -48.8274 -25.8211 -0.0603 -0.5691 -0.8201 0.7855 0.6040
0.9517 -48.8274 -25.8211 -0.0748 -0.2671 -0.9607 0.2253 0.6019
10.2616 49.0311 22.4249 -0.2171 0.9743 -0.0594 0.8644 0.8946
-11.6614 -25.5816 8.9708 -0.9996 0.0110 0.0256 0.3941 0.4632
1.7326 32.6996 26.1627 0.0019 -0.0150 0.9999 0.0635 0.1160
-11.8473 -35.8313 5.1949 -0.9995 0.0285 0.0123 0.4161 0.5249
-0.2789 -30.2604 -26.1317 -0.0155 0.0084 -0.9998 0.2180 0.4906
-11.6603 -11.0386 -0.2674 -0.9997 -0.0056 -0.0225 0.4503 0.3766
-7.2749 47.0991 26.2242 -0.0406 0.0097 0.9991 0.1174 0.0296
11.1415 19.7183 -16.9700 1.0000 -0.0025 0.0022 0.6558 0.1834
10.5218 49.0458 21.0921 -0.1947 0.9805 -0.0264 0.8630 0.8866
9.7772 -3.1470 -25.4701 0.6014 0.0171 -0.7988 0.2785 0.3281
3.1328 10.3862 -25.5989 -0.0158 0.0142 -0.9998 0.2387 0.2469
11.4681 -45.6339 19.2187 0.9983 -0.0469 -0.0344 0.8765 0.5731
11.0803 -43.1368 -2.9066 0.9998 -0.0027 -0.0196 0.7437 0.5594
12.0029 -19.2750 24.2551 0.9603 0.0130 0.2788 0.9051 0.4148
11.4401 -15.1003 -0.7540 0.9997 -0.0100 -0.0231 0.7550 0.3912
11.4214 -17.1711 -1.0703 0.9997 0.0006 -0.0236 0.7532 0.4036
-11.7960 -31.8051 0.2509 -0.9997 0.0205 -0.0147 0.4460 0.5010
4.6982 -51.6494 14.6234 0.0133 -0.9997 -0.0193 0.6611 0.8562
11.4883 31.0505 1.3220 0.9992 0.0072 -0.0389 0.7648 0.1144
9.8351 49.5383 26.1022 0.2480 0.8939 -0.3733 0.8668 0.9166
9.0950 -49.1326 25.1395 0.8428 -0.1859 -0.5051 0.4726 0.6230
9.0950 -49.1326 25.1395 0.9689 -0.2262 -0.1000 0.7091 0.9034
9.0950 -49.1326 25.1395 0.4588 -0.7865 -0.4134 0.8372 0.9090
-11.7266 3.8796 3.2228 -1.0000 0.0047 0.0046 0.4302 0.2869
-11.6928 -32.1454 -6.6064 -0.9998 0.0146 -0.0114 0.4871 0.5035
-7.7722 -36.3069 -25.9167 -0.0298 0.0136 -0.9995 0.1730 0.5268
-0.3142 -51.1113 -18.4982 -0.0439 -0.9988 -0.0208 0.6291 0.6579
9.5601 -10.0136 25.8675 0.0860 -0.0040 0.9963 0.0168 0.3721
-11.3309 -25.2244 19.5899 -0.9991 0.0004 0.0420 0.3304 0.4605
0.0002 34.2237 -25.8450 -0.0288 -0.0303 -0.9991 0.2200 0.1040
10.3780 49.3104 24.2947 -0.4295 0.8778 -0.2121 0.8636 0.9058
3.7713 -51.4577 5.1217 0.0203 -0.9994 -0.0270 0.6549 0.7992
-11.7012 -9.1148 2.3336 -1.0000 -0.0027 -0.0068 0.4348 0.3649
4.5272 -11.1327 25.9076 -0.0081 -0.0040 1.0000 0.0470 0.3788
8.6977 49.7438 26.3953 -0.0639 0.1646 0.9843 0.0216 0.0138
-11.1200 -4.3035 22.7316 -0.9985 0.0080 0.0545 0.3128 0.3349
-8.1078 -49.0252 -25.3576 0.0758 -0.0781 -0.9941 0.1710 0.6030
11.6622 3.3119 6.4605 0.9998 -0.0125 -0.0167 0.7972 0.2804
-3.7708 17.7040 -25.2222 -0.0676 0.0006 -0.9977 0.1974 0.2030
-3.1182 -4.1844 -25.6182 -0.0421 0.0205 -0.9989 0.2011 0.3342
10.0173 49.5948 26.2953 0.3194 0.9114 0.2596 0.8657 0.9178
7.5206 -51.6779 19.8620 0.0365 -0.9991 -0.0199 0.6783 0.8874
11.6133 -14.8791 6.3882 0.9997 -0.0067 -0.0254 0.7978 0.3895
-1.1167 51.4119 0.2660 0.0210 0.9992 -0.0337 0.9339 0.7623
-11.6974 -19.4779 -14.5876 -0.9990 0.0055 0.0454 0.5356 0.4280
-6.0303 11.2063 25.9549 -0.0187 -0.0062 0.9998 0.1102 0.2448
4.9099 -50.9673 -25.2391 -0.0183 -0.8692 -0.4942 0.6600 0.6172
-11.8344 -2.2478 -16.0577 -0.9989 -0.0111 0.0466 0.5454 0.3248
9.0663 48.7982 5.7324 0.2761 0.9594 -0.0580 0.8726 0.7946
9.0663 48.7982 5.7324 0.9865 0.1633 -0.0129 0.5431 0.7766
-11.5157 8.6706 10.3189 -0.9993 0.0057 0.0363 0.3880 0.2578
-6.7258 -18.9855 25.6291 -0.0300 0.0054 0.9995 0.1145 0.4258
-4.9364 17.0271 -25.1381 -0.0727 0.0028 -0.9973 0.1904 0.2070
-10.4091 -13.3880 -25.4147 -0.3889 0.0197 -0.9211 0.1574 0.3893
0.6049 -15.1312 25.8107 -0.0232 -0.0064 0.9997 0.0705 0.4027
11.1882 6.0108 -9.9337 0.9995 0.0142 -0.0286 0.6988 0.2652
10.6276 40.6925 -22.6761 0.9980 0.0355 -0.0533 0.6204 0.0580
11.5311 31.9632 2.6860 0.9994 0.0149 -0.0313 0.7729 0.1089
-3.7439 -49.9305 24.4934 0.0775 0.3933 0.9162 0.0969 0.6114
-11.8832 -40.6178 -12.9626 -1.0000 0.0015 -0.0025 0.5247 0.5546
11.7198 -3.5112 9.0122 0.9996 -0.0041 -0.0269 0.8128 0.3212
9.7215 -48.9997 -14.2527 -0.0671 -0.9966 -0.0468 0.8387 0.6728
8.9178 -50.6315 17.7298 0.9857 -0.1682 0.0130 0.6997 0.8591
-7.1573 -50.2576 -24.9757 -0.1098 -0.9768 -0.1840 0.5877 0.6194
-11.7312 0.4280 1.8092 -0.9998 0.0027 -0.0190 0.4385 0.3077
11.2082 -2.3310 -18.6650 0.9998 0.0015 -0.0181 0.6469 0.3157
-10.9773 50.5435 -24.6310 -0.3830 0.2822 -0.8796 0.1544 0.0060
-1.8451 -40.5384 26.0206 -0.0386 0.0121 0.9992 0.0854 0.5550
8.6492 -51.1224 25.5334 0.9664 -0.2389 0.0948 0.6972 0.9059
8.6492 -51.1224 25.5334 0.4381 -0.6714 0.5977 0.6854 0.9213
8.6492 -51.1224 25.5334 0.4041 -0.4357 0.8043 0.0225 0.6185
11.4724 32.9149 1.4614 0.9991 0.0233 -0.0356 0.7655 0.1033
11.1051 8.6405 -20.5957 0.9998 0.0065 -0.0169 0.6347 0.2500
-11.7131 7.1660 1.0169 -1.0000 0.0016 -0.0039 0.4436 0.2674
-0.5788 -28.3807 -26.1101 -0.0195 0.0093 -0.9998 0.2162 0.4793
-9.8108 43.7746 -25.2594 -0.1346 0.0068 -0.9909 0.1613 0.0467
7.2625 -10.2597 25.9117 0.0142 -0.0071 0.9999 0.0306 0.3736
-9.6313 7.1730 25.9543 0.0839 -0.0249 0.9962 0.1318 0.2689
-7.0130 -0.9006 25.8325 -0.0443 -0.0182 0.9989 0.1161 0.3174
-11.7310 -0.3560 1.6267 -0.9999 -0.0009 -0.0159 0.4395 0.3124
-4.8446 -41.5385 -26.0969 -0.0449 -0.0099 -0.9989 0.1905 0.5582
11.1361 17.3064 -17.7341 1.0000 0.0000 -0.0018 0.6513 0.1979
11.1949 -44.3825 3.1924 0.9993 -0.0322 -0.0196 0.7803 0.5665
11.4674 -24.9181 2.9790 0.9998 -0.0063 -0.0196 0.7779 0.4499
-0.0763 51.6215 25.8135 0.0085 -0.1429 0.9897 0.0742 0.0026
11.0007 36.7515 -15.5629 0.9995 0.0228 -0.0208 0.6633 0.0812
4.6279 51.2415 6.4111 0.1095 0.9936 -0.0275 0.8991 0.7988
11.6662 12.9816 5.9709 0.9998 -0.0016 -0.0180 0.7937 0.2225
-10.7253 46.4905 25.4264 -0.9707 -0.0283 0.2388 0.2996 0.0302
10.0700 -49.0149 -3.3175 -0.0032 -1.0000 -0.0074 0.8414 0.7384
-10.3242 15.6955 26.0140 -0.2216 -0.0035 0.9751 0.1359 0.2178
11.2561 -25.4414 25.2421 0.5949 0.0181 0.8036 0.0068 0.4646
-11.5569 -13.0156 -4.2304 -0.9998 0.0107 -0.0161 0.4739 0.3887
9.6548 -48.2345 24.6275 -0.8966 -0.4088 -0.1701 0.4894 0.6200
9.6548 -48.2345 24.6275 -0.8373 -0.5381 -0.0967 0.8406 0.9059
-5.2319 36.3531 26.1831 -0.0177 -0.0165 0.9997 0.1052 0.0940
7.8062 14.1104 25.9594 0.0172 0.0001 0.9999 0.0272 0.2275
-11.2247 -7.6801 20.9472 -0.9989 0.0051 0.0456 0.3233 0.3552
11.2326 -1.8932 -11.0850 1.0000 0.0051 -0.0086 0.6923 0.3126
-11.4382 7.5440 12.5964 -0.9993 0.0084 0.0377 0.3742 0.2644
6.5807 47.4295 26.6029 0.0151 -0.0053 0.9999 0.0343 0.0277
-8.0301 31.8779 -25.2629 -0.0876 -0.0311 -0.9957 0.1719 0.1180
10.9545 49.0354 14.9907 0.7097 0.7044 -0.0150 0.8607 0.8500
8.3398 47.3644 26.5574 0.0330 -0.0042 0.9994 0.0238 0.0281
-11.2267 -12.0110 21.4623 -0.9991 0.0057 0.0411 0.3200 0.3812
-4.2209 40.9159 26.2784 -0.0227 -0.0158 0.9996 0.0991 0.0667
-11.3371 25.9085 14.1597 -0.9989 -0.0079 0.0465 0.3659 0.1543
9.7277 -48.9401 -19.0500 0.0300 -0.9982 0.0516 0.8385 0.6441
-0.1151 -48.9401 -25.6585 -0.0561 -0.5309 -0.8456 0.7791 0.6050
-0.1151 -48.9401 -25.6585 -0.0620 -0.4866 -0.8714 0.2189 0.6025
11.8216 4.8978 11.7554 0.9995 -0.0002 -0.0320 0.8288 0.2706
9.9290 48.9840 -4.7248 -0.0507 0.9986 -0.0181 0.8680 0.7318
11.5747 22.7304 2.5526 0.9994 0.0074 -0.0352 0.7726 0.1642
-11.5678 48.9972 4.0480 -0.9923 0.1236 0.0057 0.4279 0.0164
9.3446 -48.5006 11.7923 0.6916 -0.6396 0.3355 0.8380 0.8290
9.3446 -48.5006 11.7923 0.9783 -0.1950 0.0697 0.7122 0.8233
8.1330 -7.4685 25.9162 0.0018 -0.0067 1.0000 0.0254 0.3568
10.0496 -24.6845 25.8938 0.1878 0.0110 0.9821 0.0140 0.4600
10.0599 33.0331 -25.1760 0.7410 -0.0333 -0.6707 0.2804 0.1112
11.0831 -25.7919 -24.2425 0.9947 0.0064 -0.1030 0.6148 0.4567
8.2338 -2.8411 25.9320 0.0289 -0.0050 0.9996 0.0247 0.3291
-11.4224 15.8241 11.5996 -0.9991 0.0049 0.0413 0.3807 0.2149
9.6258 38.1330 -25.7457 0.9588 0.0291 -0.2827 0.5311 0.6820
9.6258 38.1330 -25.7457 0.6373 -0.0140 -0.7705 0.2778 0.0806
-10.9861 48.0618 -24.7220 -0.4872 -0.0218 -0.8730 0.1543 0.0209
11.8485 -28.8643 23.8641 0.9915 0.0018 0.1303 0.9033 0.4723
7.0225 -44.3046 -26.2621 0.0151 0.0127 -0.9998 0.2616 0.5748
-11.9786 37.5892 -11.9388 -0.9998 -0.0165 0.0124 0.5230 0.0857
1.0350 -51.7363 24.7866 -0.0826 -0.9887 0.1250 0.6397 0.9173
-4.0532 23.5453 26.0809 -0.0153 -0.0054 0.9999 0.0982 0.1708
11.2399 7.6594 -7.7001 0.9993 0.0116 -0.0348 0.7120 0.2552
-11.7766 15.0128 -11.8997 -0.9996 -0.0024 0.0286 0.5215 0.2211
11.2185 -42.9209 -21.0355 0.9999 -0.0098 0.0101 0.6350 0.5592
5.2057 -51.3878 25.4438 -0.0541 0.2013 0.9780 0.0432 0.6201
11.1259 8.6499 -13.5425 1.0000 0.0093 -0.0002 0.6770 0.2496
-7.0894 -50.0504 24.5795 0.2033 0.3143 0.9273 0.1169 0.6121
10.9852 49.0274 16.0915 0.8787 0.4769 -0.0209 0.8523 0.0058
10.9852 49.0274 16.0915 0.1160 0.9933 0.0011 0.8605 0.8566
9.1019 -50.0367 -25.3812 0.1315 -0.3232 -0.9371 0.2741 0.6092
9.1019 -50.0367 -25.3812 0.4515 -0.5646 -0.6909 0.6852 0.6160
11.8820 35.6909 24.3595 0.9764 0.0151 0.2154 0.9026 0.0853
4.3105 8.9993 26.0364 0.0120 0.0012 0.9999 0.0482 0.2581
8.7683 49.1926 -24.8250 0.5628 0.8200 0.1043 0.8761 0.6114
4.4570 48.4062 26.5832 -0.0104 0.1639 0.9864 0.0470 0.0218
-11.6728 43.8450 10.8037 -0.9992 0.0049 0.0403 0.3871 0.0469
12.0222 -12.0699 19.0485 0.9997 -0.0024 -0.0241 0.8735 0.3719
-11.1877 -16.9780 22.7433 -0.9992 -0.0008 0.0401 0.3120 0.4109
-9.1772 -47.2294 25.5289 -0.0787 -0.0340 0.9963 0.1294 0.5951
-7.0352 -13.8975 25.6335 -0.0282 -0.0094 0.9996 0.1163 0.3953
9.8143 -48.6902 24.8821 -0.8657 -0.4087 -0.2890 0.4866 0.6184
9.8143 -48.6902 24.8821 -0.7744 -0.6108 -0.1648 0.8415 0.9074
6.6733 9.2440 -25.6163 0.0268 0.0119 -0.9996 0.2599 0.2538
9.2538 23.7539 -25.5461 0.2027 -0.0340 -0.9786 0.2755 0.1668
-1.3536 10.8041 26.0588 -0.0010 -0.0074 1.0000 0.0821 0.2472
0.7871 -49.4889 24.2294 0.0131 -0.9149 0.4034 0.7874 0.9041
-4.0748 -30.8898 25.8471 -0.0365 0.0091 0.9993 0.0987 0.4972
2.6977 29.7048 26.1315 0.0069 -0.0057 1.0000 0.0577 0.1339
10.5334 25.3140 -24.7144 0.6040 -0.0089 -0.7969 0.2832 0.1574
11.1008 19.4028 -19.9933 0.9995 0.0092 -0.0308 0.6377 0.1855
-9.8410 -36.3417 25.6093 -0.0555 -0.0074 0.9984 0.1333 0.5298
-11.5688 -6.5162 -4.0021 -0.9998 0.0035 -0.0198 0.4729 0.3497
11.2502 -34.3818 -3.4432 0.9998 -0.0079 -0.0175 0.7400 0.5070
-11.7085 -27.1007 -2.0688 -0.9996 0.0044 -0.0282 0.4601 0.4730
10.0773 12.6868 25.9410 0.0582 0.0068 0.9983 0.0136 0.2360
-10.2237 47.1326 26.0461 -0.1971 0.0103 0.9803 0.1351 0.0294
7.7577 -43.3267 -26.2288 0.0400 0.0197 -0.9990 0.2661 0.5690
10.1057 48.8957 2.9740 -0.1785 0.9839 0.0079 0.8665 0.7780
9.6126 -49.3229 -23.8659 0.9389 -0.3367 0.0718 0.7052 0.6096
10.2379 -49.1261 -11.8777 0.0481 -0.9988 0.0091 0.8420 0.6870
11.5747 -14.4509 4.7635 0.9997 -0.0058 -0.0254 0.7880 0.3870
11.6108 31.4309 5.6931 0.9997 0.0072 -0.0230 0.7909 0.1119
11.4309 39.8393 6.9782 0.9987 0.0384 -0.0340 0.7982 0.0614
-10.9941 41.9365 -24.6524 -0.5964 -0.0156 -0.8025 0.1542 0.0576
-11.0812 -45.6981 25.2380 -0.7333 0.0022 0.6799 0.1408 0.5859
-11.0812 -45.6981 25.2380 -0.9785 0.0199 0.2053 0.2954 0.5829
6.5210 49.7879 -26.4802 -0.0555 0.1500 -0.9871 0.2592 0.0108
6.5210 49.7879 -26.4802 -0.0567 0.7958 -0.6029 0.8897 0.6016
9.0197 48.6612 -5.1567 0.2943 0.9499 -0.1054 0.8735 0.7293
-11.5986 -10.8119 -2.6628 -0.9998 -0.0021 -0.0222 0.4646 0.3754
-11.6867 -32.4976 -11.3978 -0.9999 0.0120 0.0041 0.5158 0.5059
11.8675 7.7481 24.6117 0.6969 -0.0023 0.7172 0.0030 0.2657
-9.7837 9.8525 -25.0050 -0.0258 0.0278 -0.9993 0.1613 0.2500
10.9744 40.0779 -10.2531 0.9993 0.0341 -0.0135 0.6949 0.0610
11.1779 -33.1914 -24.4027 0.9846 0.0055 -0.1750 0.6143 0.5010
11.5200 38.0528 7.7843 0.9989 0.0335 -0.0319 0.8031 0.0721
0.1180 50.9767 25.6313 -0.0241 -0.0625 0.9978 0.0731 0.0064
11.0852 38.0792 -7.5071 0.9994 0.0340 -0.0039 0.7115 0.0728
9.2507 -48.1723 25.0328 0.7754 -0.3068 -0.5519 0.4736 0.6172
9.2507 -48.1723 25.0328 0.9656 -0.2540 -0.0564 0.7149 0.9027
-11.5847 -26.2307 -7.7715 -0.9999 0.0140 0.0068 0.4944 0.4681
10.0810 23.0917 -25.0498 0.6129 -0.0137 -0.7900 0.2805 0.1708
11.1819 3.9094 -11.4212 1.0000 0.0073 -0.0059 0.6900 0.2779
-11.5997 -27.2852 -6.8593 -0.9997 0.0230 0.0076 0.4889 0.4743
11.1940 -11.5041 -12.1747 1.0000 0.0008 -0.0061 0.6863 0.3703
9.5935 -44.1534 26.2181 0.1089 0.0144 0.9940 0.0168 0.5767
4.7755 3.9305 -25.7212 -0.0055 0.0165 -0.9998 0.2485 0.2856
-5.8267 -15.4026 25.6579 -0.0295 -0.0056 0.9995 0.1091 0.4043
9.7307 -48.5177 -21.6053 -0.1233 -0.9798 -0.1576 0.8384 0.6287
-11.5632 -5.5587 -4.0447 -0.9998 -0.0048 -0.0184 0.4732 0.3439
1.4776 -49.6841 24.0902 -0.2361 0.0308 0.9712 0.0656 0.6100
6.8756 -51.1912 25.4758 -0.2096 0.3258 0.9219 0.0332 0.6190
-11.7849 9.9869 -12.6432 -0.9994 -0.0044 0.0343 0.5257 0.2512
-8.8301 -30.7634 -25.8210 -0.0092 0.0143 -0.9999 0.1667 0.4935
-8.4261 -3.5331 -25.3383 -0.0185 0.0220 -0.9996 0.1693 0.3303
9.9031 48.8698 18.8455 -0.5181 0.8538 0.0510 0.8668 0.8731
8.3593 -0.9699 25.9387 0.0308 -0.0036 0.9995 0.0240 0.3179
-12.0904 10.9253 -21.5169 -0.9999 0.0006 -0.0158 0.5789 0.2461
11.7867 18.0101 10.0126 0.9994 -0.0012 -0.0340 0.8176 0.1921
11.4433 16.2868 -2.4993 0.9992 -0.0056 -0.0402 0.7427 0.2032
2.1963 51.5322 9.8417 0.0636 0.9978 -0.0190 0.9135 0.8195
2.2072 -21.5667 -26.1180 -0.0067 0.0074 -1.0000 0.2329 0.4385
9.4087 -49.8910 2.3908 0.9797 -0.1980 0.0299 0.7033 0.7670
7.7326 -16.9657 -25.9909 0.0684 0.0112 -0.9976 0.2661 0.4109
9.3972 42.7250 -26.1147 0.9716 -0.0978 -0.2157 0.5286 0.6545
9.3972 42.7250 -26.1147 0.5012 -0.0807 -0.8616 0.2764 0.0531
-11.6097 -4.0016 9.8045 -0.9998 -0.0004 0.0192 0.3903 0.3338
11.5896 36.3824 8.2996 0.9991 0.0288 -0.0300 0.8063 0.0821
10.0553 35.0390 -25.1891 0.7693 0.0132 -0.6387 0.2804 0.0991
10.9439 -2.1264 -24.5703 0.5855 0.0203 -0.8105 0.2855 0.3219
10.9439 -2.1264 -24.5703 0.9732 -0.0172 -0.2292 0.6115 0.3148
-11.2522 -49.3056 -18.8271 -0.9668 -0.2554 -0.0048 0.5594 0.6070
2.2116 -2.6570 25.9757 -0.0088 -0.0129 0.9999 0.0608 0.3279
0.1461 -1.0512 25.9773 -0.0120 -0.0126 0.9998 0.0732 0.3183
9.5181 46.2003 -26.2159 0.9902 -0.0081 0.1394 0.5278 0.6336
-11.6347 -18.7521 -13.1298 -0.9995 -0.0004 0.0300 0.5269 0.4236
-12.0603 4.6845 -21.4918 -0.9997 -0.0076 -0.0222 0.5784 0.2835
10.0694 5.8774 -25.0653 0.5307 0.0180 -0.8474 0.2803 0.2740
-9.0914 30.0602 -25.1174 -0.0454 -0.0202 -0.9988 0.1656 0.1289
9.0765 38.4685 -26.0084 0.2245 -0.0548 -0.9729 0.2745 0.0786
11.8418 -20.3102 15.1082 0.9991 -0.0057 -0.0417 0.8503 0.4215
-2.0572 -50.3453 -25.2243 0.0475 0.3905 -0.9194 0.2072 0.6109
-11.3307 14.1880 14.0406 -0.9991 0.0079 0.0429 0.3660 0.2245
-10.3739 11.1538 25.9377 -0.6105 -0.0122 0.7919 0.1362 0.2451
-9.0733 6.2452 25.8927 0.0487 -0.0227 0.9986 0.1284 0.2745
-11.6308 -12.4257 8.4059 -0.9998 -0.0038 0.0182 0.3982 0.3844
10.1867 -48.6340 21.0240 -0.8142 -0.5791 -0.0406 0.8436 0.8843
11.1484 17.8851 -11.0050 0.9998 -0.0110 -0.0156 0.6917 0.1941
-11.4432 12.7800 11.5759 -0.9992 0.0068 0.0387 0.3807 0.2331
-11.6659 -33.0885 -21.8737 -0.9998 0.0085 -0.0182 0.5785 0.5100
-11.8533 32.5720 -2.3952 -0.9999 -0.0129 -0.0017 0.4655 0.1153
7.7991 50.4438 -5.7489 0.1976 0.9800 -0.0231 0.8808 0.7257
3.3266 51.4926 25.8952 -0.0332 -0.0600 0.9976 0.0538 0.0033
-0.3366 50.1492 -25.0913 -0.0292 0.8203 -0.5712 0.9307 0.6103
9.1025 48.6288 -7.3968 -0.2049 0.9786 0.0182 0.8731 0.7159
-11.0534 -18.2113 25.1267 -0.7076 -0.0065 0.7066 0.1405 0.4212
-11.0534 -18.2113 25.1267 -0.9938 0.0013 0.1109 0.2977 0.4181
9.1443 -49.2557 15.2435 0.9908 -0.1326 0.0272 0.7078 0.8441
0.8610 11.5623 26.0601 0.0057 -0.0062 1.0000 0.0688 0.2427
11.6632 -19.6458 9.8053 0.9996 -0.0082 -0.0276 0.8185 0.4179
4.5142 -50.6311 24.8530 0.1481 0.4757 0.8670 0.0474 0.6156
9.6881 34.0808 -25.6460 0.6197 -0.0086 -0.7848 0.2781 0.1049
-11.6766 -19.0557 5.8583 -0.9998 0.0068 0.0206 0.4131 0.4243
10.6897 47.1099 -6.0349 0.9974 0.0719 -0.0050 0.7198 0.0186
-10.9479 -25.3989 25.3170 -0.9539 0.0006 0.3000 0.2961 0.4612
9.1964 49.8171 19.3275 0.9856 0.1634 -0.0436 0.5499 0.8580
11.0216 3.9485 -24.4628 0.5835 0.0120 -0.8121 0.2860 0.2855
11.0216 3.9485 -24.4628 0.9930 0.0013 -0.1181 0.6118 0.2784
1.5438 -21.0075 25.8574 -0.0232 0.0153 0.9996 0.0649 0.4380
3.6130 49.3262 26.2703 -0.0110 0.3292 0.9442 0.0521 0.0163
4.5720 -51.3895 25.4035 -0.0456 0.3545 0.9339 0.0470 0.6201
4.3790 -39.7633 -26.2255 0.0085 0.0157 -0.9998 0.2458 0.5476
-7.6919 -39.1864 25.7208 -0.0571 0.0026 0.9984 0.1204 0.5469
11.2072 -42.5483 2.0305 0.9996 -0.0134 -0.0256 0.7733 0.5556
1.3228 -49.9668 24.2766 -0.1068 0.7277 0.6776 0.0665 0.6116
-11.9482 7.3185 -24.0488 -0.9953 -0.0204 -0.0943 0.5939 0.2679
-11.9482 7.3185 -24.0488 -0.7874 0.0040 -0.6164 0.1484 0.2651
9.4313 48.8816 0.5954 -0.1517 0.9883 0.0150 0.8707 0.7638
-11.5576 -24.0336 12.7986 -0.9997 0.0057 0.0251 0.3712 0.4537
0.1322 -34.1322 -26.1692 -0.0081 0.0109 -0.9999 0.2204 0.5138
-5.5703 -50.8960 -7.2572 -0.1059 -0.9943 -0.0107 0.5982 0.7255
-11.1763 -8.3760 22.1054 -0.9988 0.0063 0.0494 0.3163 0.3593
-11.8904 -12.8778 -20.8792 -0.9999 -0.0091 -0.0061 0.5737 0.3888
9.5655 41.0125 -25.7947 0.9620 0.0567 -0.2673 0.5306 0.6647
-1.6967 51.2887 -11.2082 0.0499 0.9988 0.0001 0.9381 0.6935
-4.4554 12.3015 25.9915 -0.0203 0.0014 0.9998 0.1007 0.2382
-8.8987 -10.5181 -25.5230 -0.0117 0.0181 -0.9998 0.1664 0.3721
-11.7755 24.3275 -9.9327 -0.9998 -0.0100 0.0192 0.5102 0.1651
9.5692 -48.3649 25.1570 -0.8491 -0.3892 -0.3571 0.4886 0.6168
9.5692 -48.3649 25.1570 -0.3826 -0.2272 -0.8956 0.4755 0.6184
11.0646 -44.7405 -12.4810 0.9997 -0.0183 0.0183 0.6864 0.5696
10.9718 24.9771 -22.0727 0.9994 0.0137 -0.0322 0.6249 0.1522
11.7095 16.6476 7.7469 0.9998 -0.0055 -0.0191 0.8041 0.2004
-6.8150 44.2451 26.2341 -0.0372 -0.0065 0.9993 0.1146 0.0467
2.2789 -17.5617 25.8220 -0.0124 -0.0054 0.9999 0.0605 0.4173
9.9151 36.2697 -25.3393 0.7862 0.0102 -0.6179 0.2795 0.0918
-3.0730 14.9837 -25.2828 -0.0599 0.0082 -0.9982 0.2015 0.2193
-11.7980 -19.6518 -21.2109 -0.9999 -0.0153 -0.0057 0.5753 0.4294
-3.7362 51.4947 3.7658 -0.0373 0.9991 -0.0212 0.9494 0.7834
2.5902 28.6228 26.1265 0.0055 -0.0050 1.0000 0.0584 0.1404
11.2119 -36.8607 -3.6899 0.9996 -0.0243 -0.0157 0.7386 0.5218
-11.7986 32.6337 3.8638 -0.9997 -0.0113 0.0237 0.4280 0.1145
-8.3569 50.9383 25.6608 0.0281 0.0211 0.9994 0.1239 0.0066
-11.8709 -42.7059 9.5779 -0.9997 0.0079 0.0225 0.3894 0.5658
8.9397 -49.7444 25.0684 0.9774 -0.2042 0.0549 0.7055 0.9030
11.5508 25.1572 1.6740 0.9997 -0.0005 -0.0263 0.7672 0.1497
0.8576 50.0872 -25.1787 0.0110 0.8779 -0.4787 0.9236 0.6097
-9.9304 14.5341 -24.8911 -0.0793 -0.0187 -0.9967 0.1604 0.2219
-11.3169 39.5099 16.9812 -0.9982 -0.0107 0.0595 0.3498 0.0726
-11.5310 -14.0330 -5.8690 -0.9999 0.0013 -0.0143 0.4837 0.3948
-4.5227 -36.1246 -26.0682 -0.0403 0.0108 -0.9991 0.1925 0.5257
10.2970 -49.0220 13.7899 -0.5515 -0.8325 0.0526 0.8438 0.8409
11.1511 -41.3736 -0.5380 0.9996 -0.0140 -0.0248 0.7578 0.5487
0.5549 -19.6283 25.8134 -0.0201 0.0121 0.9997 0.0709 0.4297
10.3366 19.8640 25.8987 0.2054 -0.0012 0.9787 0.0120 0.1930
9.2482 -50.4102 -24.9804 0.6162 -0.6701 -0.4138 0.6861 0.6184
-0.9543 -49.6761 24.2147 -0.0317 0.2110 0.9770 0.0802 0.6099
-0.9543 -49.6761 24.2147 0.0047 -0.6790 0.7341 0.7769 0.9041
8.6584 50.6606 7.2899 0.5548 0.8315 -0.0287 0.8749 0.8038
4.0577 1.3972 26.0130 0.0008 -0.0030 1.0000 0.0497 0.3037
-10.8504 -1.5385 -24.9708 -0.5106 0.0121 -0.8597 0.1548 0.3183
7.8716 -28.5260 -26.0620 0.0609 0.0038 -0.9981 0.2668 0.4802
-10.0286 29.9586 26.0793 -0.0243 -0.0125 0.9996 0.1340 0.1323
10.5612 21.8061 25.8285 0.4331 0.0028 0.9013 0.0106 0.1814
-12.0176 6.4839 -22.9535 -0.9979 -0.0143 -0.0633 0.5872 0.2728
9.1520 48.9448 -25.1010 0.5221 0.8451 0.1151 0.8738 0.6097
5.4509 3.0106 26.0174 0.0120 -0.0025 0.9999 0.0414 0.2940
-11.6855 -22.5222 6.6359 -0.9998 0.0072 0.0170 0.4082 0.4450
-8.7686 -51.2530 24.6539 -0.0908 -0.9886 0.1197 0.5809 0.9170
9.5283 46.7825 -26.2536 0.9996 -0.0038 -0.0293 0.5275 0.6301
-9.8706 -19.0419 -25.6570 -0.1387 0.0109 -0.9903 0.1606 0.4232
-11.3019 4.4660 16.5539 -0.9989 0.0128 0.0440 0.3503 0.2827
-3.0598 -50.0729 -25.1560 0.0726 0.3933 -0.9165 0.2012 0.6093
0.0238 -51.2002 -12.0665 -0.0251 -0.9996 -0.0093 0.6315 0.6964
-9.4807 -51.1346 24.9456 0.0315 0.1426 0.9893 0.1313 0.6185
-9.4807 -51.1346 24.9456 -0.1948 -0.9701 0.1448 0.5766 0.9188
-9.2795 29.9073 26.0712 0.0088 -0.0076 0.9999 0.1295 0.1327
11.1583 29.3701 -9.8602 0.9999 -0.0159 -0.0030 0.6979 0.1251
1.8187 -50.7341 -25.2980 0.0029 -0.1371 -0.9906 0.2305 0.6133
9.3429 -48.4467 25.2688 0.2925 -0.2967 -0.9091 0.4741 0.6189
0.7508 -49.6313 23.9804 0.1171 0.2100 0.9707 0.0700 0.6096
0.7508 -49.6313 23.9804 -0.0027 -0.8678 0.4969 0.7872 0.9026
9.8438 -49.0611 -13.4262 -0.1127 -0.9927 -0.0429 0.8395 0.6778
-11.5545 49.9704 -18.4343 -0.9788 0.2048 0.0013 0.5627 0.0119
11.4722 8.3879 -0.8737 0.9996 -0.0055 -0.0275 0.7529 0.2504
-11.4199 -1.2851 15.4627 -0.9992 0.0086 0.0400 0.3566 0.3172
-7.6828 -51.2031 24.9618 -0.0695 -0.4557 0.8874 0.1205 0.6190
9.4890 1.5405 25.9077 0.0384 -0.0009 0.9993 0.0172 0.3028
8.0033 11.3255 25.9516 0.0227 -0.0021 0.9997 0.0260 0.2442
-11.3313 3.0746 16.3347 -0.9989 0.0138 0.0438 0.3516 0.2910
11.4998 -0.6412 0.2285 0.9998 0.0053 -0.0181 0.7600 0.3045
-3.0803 0.8858 -25.5005 -0.0556 0.0235 -0.9982 0.2014 0.3038
-11.5575 -1.2435 11.3404 -0.9997 0.0099 0.0233 0.3813 0.3172
-11.5837 -21.8807 -4.5477 -0.9995 0.0082 -0.0296 0.4753 0.4418
11.5041 20.1490 -0.7827 0.9997 0.0056 -0.0248 0.7528 0.1799
-11.5198 0.9338 12.1197 -0.9995 0.0106 0.0292 0.3767 0.3041
-11.4753 -24.2058 15.8348 -0.9995 0.0025 0.0317 0.3530 0.4546
-11.5886 -0.7699 9.7595 -0.9997 0.0067 0.0229 0.3908 0.3144
-4.5626 -51.3765 25.0885 0.0005 -0.0178 0.9998 0.1018 0.6200
-11.7664 -1.0252 -14.2361 -0.9992 -0.0082 0.0388 0.5346 0.3173
-8.2815 42.3139 26.1703 -0.0324 -0.0036 0.9995 0.1235 0.0583
-11.5561 49.9292 -13.7474 -0.9851 0.1720 0.0036 0.5346 0.0119
6.4187 35.5048 -26.0235 0.0054 -0.0298 -0.9995 0.2585 0.0964
8.6061 50.1063 -7.3241 0.5202 0.8535 -0.0301 0.8761 0.7163
8.6061 50.1063 -7.3241 0.9666 0.2553 -0.0205 0.5502 0.6983
10.9121 40.6302 -14.7858 0.9994 0.0307 -0.0182 0.6677 0.0579
-5.7061 -7.4995 -25.5706 -0.0579 0.0219 -0.9981 0.1856 0.3541
5.3074 -31.3414 -26.1432 0.0144 0.0014 -0.9999 0.2515 0.4971
-11.4607 50.2182 -8.7214 -0.9811 0.1934 0.0096 0.5045 0.0098
11.0168 14.0688 -24.1873 0.9891 0.0066 -0.1473 0.6129 0.2177
-4.7320 -51.4737 24.9771 -0.0108 -0.9096 0.4153 0.6051 0.9188
5.6205 -6.8895 -25.8940 -0.0187 0.0138 -0.9997 0.2535 0.3505
3.0478 20.1769 -25.5538 -0.0221 -0.0142 -0.9997 0.2382 0.1882
6.6408 48.6983 26.5134 0.0034 0.2648 0.9643 0.0339 0.0201
11.4966 1.8138 -0.7359 0.9998 -0.0102 -0.0194 0.7541 0.2898
8.0792 -4.3199 25.9296 0.0186 -0.0033 0.9998 0.0257 0.3380
10.4262 -48.9368 20.6780 -0.7164 -0.6972 -0.0256 0.8450 0.8822
-8.2755 5.9367 25.8638 0.0049 -0.0137 0.9999 0.1236 0.2764
10.7706 49.5575 25.6973 0.7607 0.4466 0.4711 0.9099 0.0021
10.7706 49.5575 25.6973 0.0945 0.9874 0.1271 0.8612 0.9141
-11.8167 48.0371 -22.8666 -0.9979 0.0647 -0.0024 0.5891 0.0237
-6.2199 -49.6048 -25.1792 0.1775 0.4294 -0.8855 0.1823 0.6065
1.8957 51.0586 -8.9797 0.0873 0.9960 -0.0197 0.9164 0.7067
10.6838 35.8477 -23.9621 0.9918 0.0224 -0.1262 0.6130 0.0871
10.4551 -4.6534 25.8030 0.4339 -0.0130 0.9009 0.0114 0.3400
1.7962 -51.4853 5.6313 -0.0036 -0.9997 -0.0224 0.6431 0.8024
8.0992 -51.6949 25.1089 0.2297 -0.9570 0.1769 0.6820 0.9188
4.4613 -49.9517 -25.2906 -0.0306 -0.0637 -0.9975 0.2463 0.6086
-6.4160 -20.7946 -25.7862 -0.0570 0.0153 -0.9983 0.1813 0.4338
2.8931 51.3017 25.8287 -0.0520 -0.1754 0.9831 0.0564 0.0045
-5.0012 50.8104 -24.7509 -0.0102 0.2615 -0.9651 0.1902 0.0045
-10.7204 -8.1260 25.5540 -0.6285 -0.0236 0.7775 0.1384 0.3607
-7.8900 -50.6389 -1.2778 -0.1493 -0.9888 -0.0060 0.5847 0.7615
11.6214 2.2362 5.0381 0.9997 -0.0138 -0.0200 0.7887 0.2870
4.4728 -49.7731 25.1246 -0.0465 -0.2908 0.9556 0.0476 0.6105
-1.4222 51.2834 -5.7156 0.0318 0.9995 -0.0020 0.9361 0.7264
-0.7470 49.6515 26.0739 -0.0256 0.3930 0.9192 0.0782 0.0143
-10.7148 -3.7471 25.5934 -0.7802 0.0015 0.6255 0.1383 0.3344
-10.7148 -3.7471 25.5934 -0.9274 0.0055 0.3741 0.2957 0.3314
-4.6233 11.0249 25.9974 -0.0353 0.0100 0.9993 0.1017 0.2459
-11.6237 1.6865 -2.4713 -0.9997 -0.0045 -0.0243 0.4642 0.3004
-11.6552 -49.3332 9.0140 -0.9889 -0.1470 -0.0222 0.3924 0.6056
-0.4083 -45.8726 -26.1259 -0.0403 -0.0650 -0.9971 0.2171 0.5842
-11.8106 29.9725 1.2719 -0.9999 -0.0090 0.0055 0.4434 0.1306
7.7757 51.1343 26.0262 -0.0661 0.2056 0.9764 0.0271 0.0055
7.7757 51.1343 26.0262 -0.0116 0.5033 0.8640 0.8791 0.9162
11.3882 -45.0069 15.7036 0.9986 -0.0459 -0.0256 0.8553 0.5696
11.7347 7.0162 8.8220 0.9997 -0.0049 -0.0234 0.8111 0.2581
9.4232 -48.5909 -26.1029 0.4175 -0.5194 -0.7456 0.8363 0.6018
9.4232 -48.5909 -26.1029 0.2692 -0.2777 -0.9222 0.2760 0.6005
8.7324 49.2217 -21.7362 0.7850 0.6195 0.0055 0.8762 0.6299
11.5234 -3.7311 0.6503 0.9997 -0.0030 -0.0237 0.7627 0.3230
10.2555 -45.6478 -25.3623 0.5691 0.0375 -0.8214 0.2811 0.5829
2.2219 -49.1933 25.1610 0.0276 -0.9672 0.2525 0.7960 0.9095
6.0665 -31.5443 26.0672 0.0035 0.0132 0.9999 0.0379 0.5011
-11.7690 27.3005 2.1501 -0.9999 -0.0101 0.0117 0.4380 0.1466
-3.7427 46.8503 -25.8403 -0.0963 0.0546 -0.9939 0.1977 0.0283
9.8196 -7.0924 25.9179 0.1069 -0.0180 0.9941 0.0152 0.3546
-2.1448 -49.5594 24.3391 0.0550 -0.8926 0.4474 0.7698 0.9049
5.3967 50.2061 25.9472 0.0107 0.3002 0.9538 0.0414 0.0111
-11.6207 -49.9394 13.6342 -0.7553 -0.6552 -0.0140 0.5632 0.8511
-11.6207 -49.9394 13.6342 -0.9845 -0.1753 0.0087 0.3647 0.6090
-3.0556 -49.8407 -25.0502 0.0446 0.0237 -0.9987 0.2013 0.6079
-1.2327 6.4811 26.0270 -0.0063 -0.0086 0.9999 0.0814 0.2731
11.3078 -31.5427 25.2140 0.6161 -0.0102 0.7876 0.0065 0.5012
-1.6540 -12.1439 -25.8509 -0.0431 0.0209 -0.9989 0.2099 0.3820
-11.8684 34.3213 1.3057 -1.0000 -0.0081 0.0050 0.4434 0.1046
-7.4556 -49.7613 -25.3861 0.0536 0.1971 -0.9789 0.1749 0.6074
3.5218 36.8905 -26.0076 -0.0228 -0.0310 -0.9993 0.2412 0.0881
9.8785 48.8968 -7.7607 -0.1829 0.9830 0.0168 0.8685 0.7137
10.5251 6.1214 -24.7769 0.5305 0.0136 -0.8476 0.2830 0.2725
-11.6252 -19.2537 8.3802 -0.9998 0.0056 0.0206 0.3980 0.4253
10.5892 44.5461 26.0451 0.6305 -0.0094 0.7761 0.0103 0.0450
-9.1096 50.4772 25.7991 0.0624 0.1942 0.9790 0.1284 0.0094
11.2911 28.4639 -5.5375 0.9991 0.0112 -0.0420 0.7238 0.1303
9.8547 47.0630 26.4283 0.2652 -0.0291 0.9638 0.0147 0.0299
-0.5809 -16.2179 -25.9642 -0.0478 0.0145 -0.9988 0.2163 0.4064
5.3602 -35.8131 26.1164 -0.0044 0.0135 0.9999 0.0421 0.5267
-11.3799 42.4371 16.4137 -0.9983 -0.0081 0.0581 0.3534 0.0551
-5.4845 49.8887 25.9097 0.0023 0.3325 0.9431 0.1067 0.0129
-6.7740 -40.6683 -26.0115 -0.0419 0.0006 -0.9991 0.1790 0.5529
-11.8867 -40.2421 -5.8905 -0.9999 0.0140 -0.0093 0.4823 0.5520
3.0658 24.4551 26.1018 0.0069 -0.0046 1.0000 0.0555 0.1654
-1.7577 -51.1078 -14.3851 -0.0518 -0.9985 -0.0148 0.6207 0.6826
11.2920 -44.9864 10.0780 0.9991 -0.0398 -0.0157 0.8216 0.5698
-11.9374 -43.7738 0.4825 -0.9997 -0.0244 -0.0061 0.4439 0.5728
-4.8536 -49.8682 -25.1234 0.0317 0.5702 -0.8209 0.1905 0.6080
9.6662 26.9206 25.8961 0.0360 -0.0011 0.9994 0.0160 0.1507
11.1297 -42.7966 -0.8909 0.9997 -0.0094 -0.0234 0.7558 0.5573
4.0179 -51.7029 17.1335 0.0047 -0.9998 -0.0194 0.6571 0.8712
8.6370 -10.0940 25.8845 0.0199 -0.0108 0.9997 0.0224 0.3726
10.1190 1.1915 -25.0876 0.5660 0.0177 -0.8242 0.2805 0.3020
-6.6039 40.1004 26.2076 -0.0264 -0.0109 0.9996 0.1134 0.0716
-2.9078 -39.2765 25.9637 -0.0435 0.0106 0.9990 0.0917 0.5474
-11.8549 32.3283 -4.8981 -1.0000 -0.0077 0.0033 0.4805 0.1169
-11.9173 46.2945 -18.2016 -0.9983 0.0584 0.0018 0.5611 0.0339
-11.5722 -4.9218 -4.0251 -0.9998 -0.0096 -0.0173 0.4732 0.3401
9.4097 -47.7230 16.7336 0.4376 -0.8970 0.0622 0.8387 0.8585
-11.8310 29.2428 -8.3067 -0.9994 -0.0233 0.0274 0.5008 0.1356
8.5356 -50.5538 -25.2936 -0.0015 -0.2053 -0.9787 0.2707 0.6123
8.5356 -50.5538 -25.2936 0.4035 -0.6888 -0.6022 0.6818 0.6166
-5.1196 -50.1275 -25.3449 0.0720 0.4057 -0.9112 0.1889 0.6096
12.0953 8.7371 22.7372 1.0000 0.0046 0.0072 0.8944 0.2470
11.0367 -43.1083 -6.3733 0.9999 0.0072 -0.0087 0.7229 0.5594
-11.6322 -23.0280 -12.1406 -0.9993 0.0095 0.0351 0.5208 0.4491
5.6605 20.5404 -25.5897 -0.0010 -0.0164 -0.9999 0.2539 0.1861
-11.5430 -19.7969 -5.9537 -1.0000 0.0010 -0.0094 0.4839 0.4294
-11.5442 -10.8315 -7.9275 -0.9999 -0.0002 0.0169 0.4962 0.3758
-10.8104 -27.5430 25.5029 -0.3619 0.0318 0.9317 0.1391 0.4771
9.4482 -49.2155 -12.8844 0.9857 -0.1680 -0.0154 0.7065 0.6754
9.4482 -49.2155 -12.8844 0.7779 -0.6277 -0.0296 0.8372 0.6811
-10.1769 50.9432 25.6871 -0.2488 0.3601 0.8991 0.1348 0.0066
-8.7960 15.3377 -24.8648 -0.0281 0.0109 -0.9995 0.1673 0.2171
11.6760 16.3672 24.8241 0.6862 -0.0005 0.7274 0.0040 0.2140
-12.0771 13.8900 -18.5584 -0.9993 -0.0034 0.0383 0.5613 0.2282
5.3991 30.0775 -25.8638 -0.0171 -0.0317 -0.9994 0.2524 0.1289
8.5975 50.4854 1.8686 0.2795 0.9596 -0.0317 0.8756 0.7714
8.5975 50.4854 1.8686 0.8791 0.4763 -0.0183 0.5530 0.7533
-6.9293 18.0779 26.0041 -0.0111 -0.0059 0.9999 0.1155 0.2036
10.5365 1.8776 -24.8236 0.5326 0.0076 -0.8464 0.2831 0.2979
10.0836 25.4053 -25.0951 0.6634 -0.0216 -0.7479 0.2805 0.1569
9.3987 48.8673 -24.1499 0.1951 0.9800 -0.0383 0.8723 0.6154
-9.7049 -43.5056 -25.9243 -0.0806 -0.0024 -0.9967 0.1614 0.5699
11.5717 1.4654 3.1877 0.9997 -0.0153 -0.0215 0.7776 0.2917
-1.5254 51.4956 2.7314 0.0123 0.9995 -0.0306 0.9362 0.7771
10.7180 8.5240 25.5969 0.6123 -0.0006 0.7906 0.0098 0.2610
-11.8543 13.6886 -24.2411 -0.9454 -0.0137 -0.3257 0.5954 0.2297
-11.8543 13.6886 -24.2411 -0.5031 0.0038 -0.8642 0.1489 0.2269
11.4175 -26.8257 0.8393 0.9998 -0.0018 -0.0197 0.7652 0.4614
11.1449 34.1164 -8.3966 0.9997 0.0164 -0.0187 0.7064 0.0966
-11.4146 -48.5048 -25.2906 -0.9223 -0.2259 -0.3137 0.5981 0.6026
-11.4146 -48.5048 -25.2906 -0.4192 0.0379 -0.9071 0.1512 0.5998
11.8638 24.3712 13.4911 0.9992 0.0026 -0.0391 0.8381 0.1538
-11.3703 -18.4433 18.0890 -0.9994 0.0046 0.0347 0.3398 0.4199
1.0776 -51.7420 19.6741 -0.0174 -0.9997 -0.0167 0.6396 0.8866
9.6327 -49.1202 -8.8749 0.3362 -0.9417 -0.0095 0.8385 0.7051
11.2728 -28.1421 -6.7557 0.9998 -0.0031 -0.0194 0.7198 0.4697
-1.0478 51.2877 -3.9381 0.0311 0.9994 -0.0129 0.9337 0.7371
11.9256 -10.9911 16.1864 0.9993 -0.0008 -0.0377 0.8563 0.3656
2.4774 11.1209 26.0484 0.0103 -0.0021 0.9999 0.0591 0.2453
-11.5284 -14.7396 -6.3158 -1.0000 0.0044 -0.0055 0.4863 0.3991
11.3529 -27.1390 -2.8195 0.9998 0.0115 -0.0139 0.7433 0.4635
-3.8770 19.9290 -25.2370 -0.0713 -0.0171 -0.9973 0.1968 0.1896
-11.5828 3.9448 -6.6263 -0.9999 -0.0161 -0.0033 0.4893 0.2871
11.6403 -1.9272 5.7845 0.9997 -0.0011 -0.0247 0.7934 0.3119
0.4219 51.0064 -22.5575 0.1004 0.9945 -0.0311 0.9260 0.6254
-11.7491 17.8913 -9.4337 -0.9999 -0.0030 0.0114 0.5069 0.2037
-5.8927 -1.1534 25.8759 -0.0331 -0.0180 0.9993 0.1094 0.3189
6.4568 -33.1611 -26.1235 0.0274 0.0051 -0.9996 0.2583 0.5080
11.3045 -31.9485 -2.4616 0.9997 -0.0094 -0.0230 0.7457 0.4923
-5.0161 -17.1110 25.6774 -0.0285 -0.0003 0.9996 0.1043 0.4146
-2.4498 49.7622 -25.5213 -0.0674 0.7128 -0.6982 0.9434 0.6078
6.0655 -51.6677 25.5294 0.0158 -0.9868 0.1610 0.6699 0.9215
6.0655 -51.6677 25.5294 -0.0730 0.1264 0.9893 0.0380 0.6218
11.9328 -27.1507 23.8533 0.9878 -0.0507 0.1471 0.9031 0.4620
-11.6876 -16.4945 -24.3918 -0.9290 0.0138 -0.3698 0.5946 0.4107
-11.2803 -13.0472 20.2531 -0.9992 0.0020 0.0392 0.3272 0.3874
11.8820 1.0693 13.8289 0.9994 -0.0029 -0.0336 0.8414 0.2935
11.4506 2.7275 -2.8614 0.9996 -0.0003 -0.0297 0.7413 0.2845
11.3054 29.0994 -4.9568 0.9990 0.0169 -0.0414 0.7273 0.1265
-0.4798 -51.4769 7.6445 -0.0357 -0.9991 -0.0215 0.6296 0.8146
6.7754 49.9270 -25.5840 0.0527 0.9680 0.2454 0.8881 0.6069
9.7151 21.1636 -25.3011 0.5106 -0.0116 -0.8598 0.2782 0.1823
-11.8319 46.1328 2.6918 -0.9982 0.0585 0.0114 0.4358 0.0337
10.4950 48.9061 -2.2343 0.9151 0.4006 -0.0452 0.7425 0.0076
10.4950 48.9061 -2.2343 0.5324 0.8461 -0.0240 0.8645 0.7467
-11.3583 -5.7640 17.7418 -0.9992 0.0046 0.0408 0.3426 0.3439
3.9034 -50.6626 25.1434 0.2512 0.2090 0.9451 0.0510 0.6158
-9.4561 24.4028 26.0424 0.0292 -0.0104 0.9995 0.1306 0.1656
6.0358 -49.2266 24.8327 0.7023 -0.4073 0.5838 0.0382 0.6072
6.0358 -49.2266 24.8327 0.0562 -0.9766 0.2075 0.8189 0.9074
10.1959 -49.0495 -23.6167 -0.1905 -0.9768 0.0980 0.8410 0.6167
11.7147 -40.2740 20.5652 0.9992 -0.0278 -0.0279 0.8842 0.5409
7.9560 27.1497 -25.7378 0.0308 -0.0336 -0.9990 0.2677 0.1465
-11.9327 -42.5344 5.6503 -0.9999 0.0051 0.0100 0.4130 0.5650
-2.2045 -50.0704 -25.1085 0.0207 0.2112 -0.9772 0.2064 0.6093
11.5626 23.6643 2.2923 0.9996 0.0004 -0.0280 0.7710 0.1587
11.1615 5.3602 -12.2774 0.9999 0.0162 -0.0055 0.6847 0.2692
11.4784 13.2248 -0.8389 0.9995 0.0011 -0.0319 0.7528 0.2214
9.4291 -32.4866 -25.9439 0.1558 0.0105 -0.9877 0.2762 0.5040
9.2167 48.7978 -0.1404 -0.2056 0.9770 -0.0566 0.8720 0.7594
4.3755 -46.7599 26.3059 -0.0206 0.0034 0.9998 0.0481 0.5923
-11.7144 29.0654 5.9878 -0.9995 -0.0097 0.0302 0.4151 0.1358
11.0784 37.6905 -8.5192 0.9995 0.0260 -0.0171 0.7054 0.0752
-8.2254 -4.8750 -25.3737 -0.0225 0.0272 -0.9994 0.1705 0.3383
-10.9363 12.9903 22.1334 -0.9977 0.0062 0.0674 0.3174 0.2313
-6.4497 46.0011 -25.5949 -0.1074 0.0438 -0.9932 0.1815 0.0333
10.3214 -1.7282 25.8911 0.2941 0.0052 0.9558 0.0122 0.3224
-12.0663 31.9902 -20.2536 -1.0000 0.0019 0.0060 0.5725 0.1198
-11.7185 -27.7981 7.9453 -0.9997 0.0106 0.0240 0.4001 0.4766
11.3242 38.2688 1.9766 0.9990 0.0351 -0.0293 0.7683 0.0711
-11.7918 -34.0894 -2.4672 -0.9993 0.0340 -0.0171 0.4621 0.5149
9.4832 14.5586 25.9345 0.0126 0.0057 0.9999 0.0171 0.2248
-11.6231 -48.6771 18.5469 -0.9994 -0.0180 0.0303 0.3353 0.6011
8.4987 49.8635 -12.9305 0.8377 0.5446 -0.0412 0.8770 0.6827
8.4987 49.8635 -12.9305 0.9031 0.4288 -0.0208 0.5484 0.6647
10.0432 -28.3139 -25.6996 0.7056 0.0192 -0.7083 0.2799 0.4790
10.2101 -49.1019 7.5870 -0.2410 -0.9692 0.0517 0.8429 0.8037
0.9039 -23.3854 -26.1060 -0.0247 0.0045 -0.9997 0.2251 0.4494
-11.9158 -5.7365 -18.5898 -0.9992 -0.0103 0.0396 0.5604 0.3458
-5.0063 39.5034 -25.7347 -0.0774 -0.0202 -0.9968 0.1901 0.0723
0.6879 30.2104 26.1380 -0.0002 -0.0069 1.0000 0.0698 0.1309
-1.3244 50.2186 -24.9588 0.0320 0.4372 -0.8988 0.2122 0.0081
-1.3244 50.2186 -24.9588 -0.0196 0.8062 -0.5913 0.9366 0.6111
11.1424 14.7900 -15.0308 1.0000 -0.0032 0.0065 0.6677 0.2129
-11.7506 -46.4598 13.7104 -0.9996 -0.0026 0.0270 0.3644 0.5881
11.8104 9.2786 11.2673 0.9996 -0.0018 -0.0285 0.8256 0.2444
11.4916 -16.5819 1.8708 0.9997 -0.0042 -0.0227 0.7708 0.3999
-9.2245 23.1527 26.0231 0.0173 -0.0090 0.9998 0.1292 0.1731
-11.0336 50.5534 23.1681 -0.9727 0.2258 0.0532 0.3134 0.0060
-11.6719 -21.0250 -13.6852 -0.9992 0.0084 0.0388 0.5301 0.4372
4.8085 -50.0769 24.8034 0.1401 -0.5030 0.8528 0.0456 0.6123
6.2353 51.2090 11.9981 0.1080 0.9939 -0.0244 0.8892 0.8322
-11.3276 15.5902 13.8816 -0.9991 0.0053 0.0427 0.3670 0.2161
11.5694 29.5233 3.0357 0.9995 0.0107 -0.0308 0.7751 0.1235
1.1160 -50.7509 -25.2926 0.0037 -0.4437 -0.8962 0.2263 0.6134
1.1160 -50.7509 -25.2926 -0.0036 -0.5430 -0.8397 0.6373 0.6170
11.4340 -28.8093 3.0372 0.9998 -0.0101 -0.0171 0.7785 0.4732
10.7725 35.1869 -22.5650 0.9986 0.0194 -0.0497 0.6214 0.0910
9.4539 -48.2863 12.7938 -0.4974 -0.7886 -0.3615 0.8387 0.8349
9.4539 -48.2863 12.7938 0.7500 -0.4571 -0.4782 0.7135 0.8293
2.3033 -51.2418 -12.3209 -0.0107 -0.9999 -0.0054 0.6451 0.6948
-11.4542 -32.5638 16.9826 -0.9991 0.0062 0.0415 0.3456 0.5046
11.1922 -17.2868 -18.4624 1.0000 0.0054 -0.0010 0.6490 0.4053
-11.5747 -14.9403 -9.4528 -0.9998 0.0007 0.0187 0.5051 0.4005
11.1556 5.9397 -14.8290 0.9999 0.0093 0.0100 0.6694 0.2659
1.8515 44.5012 -26.2457 -0.0506 -0.0293 -0.9983 0.2312 0.0424
-11.7826 29.6510 3.3649 -0.9998 -0.0096 0.0171 0.4308 0.1324
-9.6572 -18.1312 -25.6491 0.0015 0.0085 -1.0000 0.1619 0.4178
10.7181 36.3751 -23.2609 0.9982 0.0177 -0.0572 0.6171 0.0839
3.9289 50.5117 25.8533 -0.0183 0.1749 0.9844 0.0502 0.0092
-11.6855 -30.4187 -4.3813 -0.9996 0.0266 -0.0133 0.4738 0.4930
-11.5666 -8.9950 11.5563 -0.9997 0.0008 0.0238 0.3795 0.3636
0.6854 51.1149 -11.1080 0.0709 0.9975 -0.0073 0.9238 0.6940
-3.1258 15.9026 26.0380 -0.0096 -0.0140 0.9999 0.0927 0.2166
3.2681 -15.5283 25.8660 -0.0095 -0.0136 0.9999 0.0546 0.4051
-11.2413 49.9882 18.4468 -0.9981 0.0532 0.0324 0.3416 0.0097
-11.6804 -45.0125 -19.8381 -0.9988 -0.0483 -0.0090 0.5656 0.5814
-0.5387 -15.4099 25.7826 -0.0219 -0.0047 0.9997 0.0774 0.4044
-2.9994 -6.7390 -25.6853 -0.0383 0.0252 -0.9989 0.2018 0.3495
11.2125 -5.9394 -14.0092 1.0000 -0.0011 0.0016 0.6750 0.3371
10.8582 48.4688 5.0704 0.8532 0.5213 0.0158 0.8619 0.7905
10.8582 48.4688 5.0704 0.9948 0.0970 -0.0307 0.7863 0.0098
5.8705 -19.9507 -26.0885 0.0147 0.0083 -0.9999 0.2549 0.4288
-11.8803 42.1775 4.8540 -0.9995 0.0009 0.0304 0.4226 0.0573
-9.1036 49.3996 26.0428 -0.0139 0.1513 0.9884 0.1283 0.0158
11.6214 21.0098 3.4657 0.9995 0.0036 -0.0303 0.7782 0.1745
-10.4160 13.4473 25.9599 -0.4944 -0.0077 0.8692 0.1364 0.2313
-10.4160 13.4473 25.9599 -0.8806 0.0032 0.4739 0.2945 0.2283
-11.8292 19.5488 -13.2121 -0.9990 -0.0086 0.0440 0.5296 0.1940
9.5806 -47.6845 20.8216 -0.5839 -0.8115 -0.0214 0.8399 0.8830
-11.5918 -18.7176 -4.3549 -0.9994 0.0039 -0.0345 0.4743 0.4228
11.1504 7.6738 -10.8792 0.9999 0.0078 -0.0103 0.6930 0.2553
2.6679 -49.3489 -25.5052 -0.0174 -0.6698 -0.7423 0.7958 0.6058
-11.6523 34.4651 9.2353 -0.9993 -0.0079 0.0366 0.3959 0.1032
9.8950 48.9292 17.6153 -0.6463 0.7626 -0.0268 0.8669 0.8658
10.5867 -9.5223 -24.9575 0.6046 0.0024 -0.7965 0.2833 0.3663
-11.7329 -32.1517 8.5069 -0.9998 0.0058 0.0209 0.3965 0.5026
11.2361 -30.3754 -10.0516 0.9999 -0.0097 0.0044 0.7001 0.4833
-11.5589 -8.9582 -8.7520 -0.9998 -0.0019 0.0196 0.5013 0.3646
8.6349 -51.4910 15.6407 0.5476 -0.8367 -0.0112 0.6847 0.8620
-11.6705 -43.3775 -24.2672 -0.9997 -0.0041 -0.0241 0.5923 0.5718
1.6600 -51.2152 -14.2641 -0.0197 -0.9998 -0.0097 0.6412 0.6831
11.5153 -11.0677 1.3024 0.9997 0.0001 -0.0230 0.7671 0.3669
-8.6065 -51.0051 24.8812 -0.0047 0.2792 0.9602 0.1260 0.6178
-11.7240 15.0882 -9.2373 -0.9998 -0.0110 0.0139 0.5055 0.2205
-11.6764 -17.4765 -24.4538 -0.9645 -0.0007 -0.2641 0.5949 0.4166
-11.6764 -17.4765 -24.4538 -0.7835 0.0094 -0.6213 0.1498 0.4138
-11.0687 -36.4093 24.8412 -0.9929 0.0086 0.1190 0.2983 0.5272
11.2307 -3.8570 -12.4134 0.9999 -0.0065 -0.0081 0.6845 0.3245
-11.7496 -13.5104 -15.6578 -0.9990 -0.0029 0.0451 0.5424 0.3923
11.0006 42.4706 -2.9100 0.9982 0.0512 -0.0304 0.7388 0.0462
-11.3870 -14.8405 17.3104 -0.9995 -0.0003 0.0320 0.3447 0.3984
-11.8789 -39.3570 -5.1645 -0.9997 0.0211 -0.0148 0.4780 0.5466
-2.1458 50.0280 -25.2089 -0.0326 0.8037 -0.5942 0.9416 0.6097
-8.9847 22.8109 -24.9580 -0.0163 -0.0190 -0.9997 0.1662 0.1723
11.2543 16.9195 -6.8678 0.9993 -0.0046 -0.0383 0.7165 0.1996
-5.0223 51.6471 25.6934 0.0770 0.1568 0.9846 0.1039 0.0024
-5.0223 51.6471 25.6934 -0.0293 0.9759 0.2163 0.9559 0.9149
-11.1026 -17.3294 24.5770 -0.9978 -0.0026 0.0666 0.3010 0.4129
10.2457 48.9801 20.6097 -0.1967 0.9803 -0.0167 0.8646 0.8837
11.1757 4.4092 -14.3684 0.9998 0.0179 0.0033 0.6723 0.2750
-0.4245 -50.3592 -25.2070 -0.0121 0.3715 -0.9283 0.2170 0.6110
9.9025 -38.3070 -25.7215 0.8332 -0.0263 -0.5524 0.2790 0.5389
9.3810 -47.7704 22.3311 0.8873 -0.4599 -0.0340 0.7171 0.8865
9.3810 -47.7704 22.3311 0.6133 -0.7877 -0.0574 0.8388 0.8921
-11.8610 -37.1010 -3.3665 -0.9996 0.0203 -0.0175 0.4673 0.5330
-12.0272 30.9590 -23.1652 -0.9935 0.0026 -0.1139 0.5899 0.1261
10.7991 -49.3422 23.5094 -0.5052 -0.8612 -0.0554 0.8474 0.8992
-11.6781 -32.2569 -8.0219 -0.9999 0.0112 -0.0057 0.4955 0.5042
-3.4880 -50.5020 -25.3284 0.0202 -0.1153 -0.9931 0.1987 0.6119
2.1288 27.4140 26.1211 0.0005 -0.0049 1.0000 0.0611 0.1477
10.2054 27.9776 25.8806 0.1038 0.0010 0.9946 0.0127 0.1444
-1.0826 51.7804 25.1698 -0.0191 0.9992 0.0350 0.9323 0.9115
-11.7725 28.2731 3.0529 -0.9998 -0.0134 0.0157 0.4326 0.1407
9.9439 -49.0329 -0.1936 -0.1081 -0.9941 0.0102 0.8409 0.7571
-11.6912 12.2891 -4.0689 -1.0000 -0.0000 -0.0081 0.4744 0.2370
11.9792 15.9002 16.9582 0.9995 -0.0030 -0.0318 0.8593 0.2044
-7.3564 -3.4526 25.7639 -0.0359 -0.0186 0.9992 0.1182 0.3327
-4.3966 -6.1457 25.8208 -0.0252 -0.0181 0.9995 0.1005 0.3488
11.8278 21.8908 12.0415 0.9996 0.0058 -0.0280 0.8295 0.1687
11.2999 1.0767 -7.3018 0.9994 0.0034 -0.0333 0.7148 0.2946
11.1389 -46.6005 5.1816 0.9984 -0.0547 -0.0173 0.7924 0.5797
-11.4609 2.0930 13.4931 -0.9993 0.0115 0.0354 0.3686 0.2971
-10.5776 10.9472 25.6592 -0.8073 -0.0126 0.5901 0.1374 0.2463
-10.5776 10.9472 25.6592 -0.9699 0.0018 0.2437 0.2962 0.2433
1.1518 51.1405 -7.8706 0.0720 0.9972 -0.0186 0.9208 0.7134
9.0692 -49.4505 18.2596 0.9919 -0.1262 0.0142 0.7068 0.8622
-11.6964 15.4174 3.5414 -0.9998 -0.0002 0.0209 0.4290 0.2178
2.6805 50.9905 -8.5178 0.1045 0.9943 -0.0209 0.9117 0.7094
-11.7293 10.1095 -10.5592 -0.9997 -0.0037 0.0222 0.5132 0.2504
9.5955 -48.8926 -17.6972 0.4031 -0.9149 0.0195 0.8378 0.6522
-11.9461 -42.6404 4.2565 -1.0000 0.0059 0.0063 0.4213 0.5658
7.0312 -2.5060 25.9730 0.0299 -0.0070 0.9995 0.0319 0.3271
-10.9915 10.7062 -24.6596 -0.3618 0.0049 -0.9322 0.1541 0.2449
9.7224 49.3989 25.6728 0.5286 0.8162 -0.2332 0.8675 0.9140
-11.7688 22.6081 -10.4523 -0.9998 -0.0084 0.0195 0.5132 0.1755
9.4502 48.7177 -25.9947 0.9752 0.2212 0.0008 0.5290 0.6185
10.1341 40.1853 -24.9466 0.7446 0.0045 -0.6675 0.2809 0.0683
-0.8901 -49.8671 -25.0660 -0.0618 -0.1815 -0.9815 0.2143 0.6081
11.2113 -7.5831 -14.2068 1.0000 -0.0029 0.0032 0.6739 0.3469
9.2846 48.7845 -9.0333 -0.4000 0.9158 0.0363 0.8721 0.7061
1.4056 14.0115 -25.5100 -0.0401 0.0093 -0.9992 0.2284 0.2252
11.3292 4.4374 -6.0558 0.9993 0.0068 -0.0366 0.7221 0.2744
6.0494 36.1831 -26.0407 -0.0119 -0.0284 -0.9995 0.2563 0.0923
5.9120 -49.2887 -25.6631 -0.0330 -0.7954 -0.6052 0.8152 0.6047
-11.9932 14.7074 -23.3958 -0.9957 -0.0012 -0.0923 0.5904 0.2236
-11.9820 26.5372 -15.7194 -0.9996 -0.0003 0.0293 0.5450 0.1522
-8.5146 -37.8059 -25.9256 -0.0167 0.0123 -0.9998 0.1686 0.5358
-10.3140 2.3612 25.8352 -0.4169 0.0048 0.9089 0.1359 0.2978
9.0557 49.5149 12.0497 0.9965 0.0824 -0.0157 0.5477 0.8144
-2.6640 -10.4439 -25.7730 -0.0370 0.0211 -0.9991 0.2038 0.3718
9.8866 -48.9331 4.0482 -0.0895 -0.9903 -0.1065 0.8408 0.7825
-11.5720 -50.0273 16.0342 -0.9578 -0.2871 0.0099 0.3503 0.6094
-7.8557 -24.6974 -25.7552 -0.0402 0.0113 -0.9991 0.1726 0.4572
-11.7004 6.0915 -10.9890 -0.9994 -0.0138 0.0316 0.5155 0.2745
-10.0331 4.7222 25.9149 0.0742 -0.0310 0.9968 0.1342 0.2836
1.7300 -11.8189 25.8616 -0.0207 -0.0101 0.9997 0.0638 0.3829
0.2125 -7.3689 -25.8432 -0.0488 0.0222 -0.9986 0.2211 0.3533
-11.6600 -30.4505 -21.6893 -0.9999 -0.0020 -0.0103 0.5776 0.4942
2.7599 -51.2384 -8.5485 0.0092 -1.0000 0.0022 0.6481 0.7173
12.0175 4.5327 17.7893 0.9995 0.0021 -0.0308 0.8650 0.2725
-11.3431 -50.0126 1.4441 -0.5051 -0.8629 -0.0179 0.5641 0.7780
5.1381 -10.3234 25.9124 -0.0061 -0.0011 1.0000 0.0433 0.3739
-11.9493 -42.3179 -0.3661 -1.0000 -0.0011 -0.0050 0.4491 0.5641
9.5003 -48.0652 24.9989 -0.8430 -0.4133 -0.3441 0.4904 0.6177
9.5003 -48.0652 24.9989 -0.5300 -0.8060 -0.2634 0.8397 0.9081
10.9557 10.0587 25.4188 0.6336 -0.0023 0.7737 0.0084 0.2518
11.6007 18.0480 3.1457 0.9997 -0.0019 -0.0225 0.7764 0.1923
10.2086 14.8896 25.9118 0.2255 0.0020 0.9742 0.0128 0.2228
9.0621 -30.0023 -25.9765 0.0897 0.0010 -0.9960 0.2740 0.4891
9.9764 -30.2251 -25.7703 0.4945 -0.0054 -0.8691 0.2795 0.4904
2.6419 -24.2807 -26.1347 -0.0059 0.0033 -1.0000 0.2355 0.4548
-10.7594 33.4699 24.0129 -0.9964 -0.0051 0.0841 0.3073 0.1084
-9.7645 -15.8709 -25.6144 -0.0835 0.0246 -0.9962 0.1612 0.4042
-9.6855 12.6637 25.9983 0.0317 0.0023 0.9995 0.1321 0.2360
-10.0718 8.8039 -25.0152 -0.1746 0.0223 -0.9844 0.1596 0.2563
10.6063 -38.8735 -25.1393 0.5029 -0.0227 -0.8641 0.2832 0.5422
-10.6931 44.3641 25.3536 -0.9894 -0.0179 0.1442 0.2999 0.0430
9.2660 12.9724 25.9438 0.0082 0.0036 1.0000 0.0184 0.2343
10.7699 40.2424 -19.9482 0.9987 0.0309 -0.0407 0.6368 0.0605
-11.5167 -49.4763 -2.5147 -0.9793 -0.2010 -0.0253 0.4615 0.6071
-4.1015 43.6571 26.3239 -0.0305 -0.0136 0.9994 0.0984 0.0502
-5.1067 51.3315 -7.9339 -0.0260 0.9997 0.0019 0.9583 0.7133
9.8994 -49.2006 25.2818 -0.3817 -0.2965 -0.8754 0.4775 0.6234
9.8994 -49.2006 25.2818 -0.8325 -0.4209 -0.3602 0.4836 0.6160
9.8994 -49.2006 25.2818 -0.3497 -0.7752 -0.5260 0.8421 0.9098
2.2594 50.7287 -24.0346 0.1306 0.9821 -0.1355 0.9151 0.6164
10.1851 -43.0792 -25.3333 0.4983 0.0263 -0.8666 0.2807 0.5675
-7.2651 42.4322 -25.5593 -0.1075 0.0039 -0.9942 0.1766 0.0547
10.6778 -44.3637 -25.0994 0.4822 0.0051 -0.8760 0.2836 0.5751
11.4936 6.3612 -0.6293 0.9995 0.0100 -0.0295 0.7545 0.2626
1.2077 48.6595 26.4627 -0.0263 0.1560 0.9874 0.0665 0.0203
10.7702 32.2558 -23.5706 0.9979 0.0124 -0.0635 0.6155 0.1086
10.7061 29.7852 -24.5681 0.6825 0.0061 -0.7309 0.2843 0.1306
10.7061 29.7852 -24.5681 0.9902 0.0200 -0.1384 0.6097 0.1235
-11.6579 -43.2867 -24.7009 -0.9795 0.0028 -0.2014 0.5949 0.5713
-1.8498 -16.9542 -25.9201 -0.0380 0.0150 -0.9992 0.2086 0.4108
9.4792 48.5623 17.3537 -0.2214 0.9743 -0.0423 0.8694 0.8642
4.9242 -30.0612 26.0456 -0.0025 0.0153 0.9999 0.0447 0.4922
-8.9704 -34.0258 -25.8583 -0.0324 0.0139 -0.9994 0.1659 0.5131
-10.9781 -46.7197 25.3489 -0.4735 -0.0096 0.8807 0.1402 0.5920
-11.7441 -36.4568 -20.5632 -0.9997 0.0132 -0.0228 0.5705 0.5301
10.8436 -49.0200 1.0096 0.1843 -0.9827 -0.0206 0.8463 0.7643
10.8436 -49.0200 1.0096 0.9710 -0.2388 -0.0124 0.7675 0.5945
-7.5063 51.5319 25.7493 0.0306 0.0720 0.9969 0.1188 0.0030
-7.5063 51.5319 25.7493 -0.0445 0.9981 0.0422 0.9708 0.9154
-5.4578 -36.5875 25.8242 -0.0456 0.0053 0.9989 0.1070 0.5313
-11.0311 18.3191 19.9899 -0.9985 0.0046 0.0553 0.3306 0.1994
11.1451 12.8011 -16.1428 1.0000 -0.0001 0.0053 0.6611 0.2248
11.1715 -46.7182 -21.0386 0.9997 -0.0196 0.0116 0.6352 0.5819
-11.6963 10.8295 -3.0969 -1.0000 -0.0042 -0.0068 0.4685 0.2456
-11.7769 38.2957 6.9645 -0.9993 -0.0131 0.0353 0.4097 0.0804
11.3358 33.1119 25.1801 0.7172 -0.0019 0.6968 0.0060 0.1136
-10.6783 8.2739 25.3264 -0.9637 0.0047 0.2669 0.2980 0.2593
11.6087 -9.5123 5.4289 0.9997 -0.0020 -0.0237 0.7917 0.3574
11.4397 46.9015 17.8017 0.9975 0.0648 -0.0276 0.8627 0.0185
-5.3146 -51.1666 25.0827 -0.0015 -0.0029 1.0000 0.1063 0.6187
10.6293 -32.8492 25.7066 0.5529 -0.0018 0.8333 0.0106 0.5090
-11.7153 10.2084 -0.4455 -1.0000 -0.0061 -0.0047 0.4526 0.2492
5.0920 5.0835 -25.7034 -0.0036 0.0167 -0.9999 0.2504 0.2787
6.6665 9.5008 25.9829 0.0348 -0.0009 0.9994 0.0340 0.2551
9.0134 -50.6477 12.5488 0.9869 -0.1590 0.0253 0.6993 0.8280
10.2287 49.1311 23.6546 -0.3154 0.9406 -0.1257 0.8646 0.9019
9.2249 -48.5305 15.6535 0.9898 -0.1385 0.0337 0.7122 0.8465
-11.0346 -50.7850 23.5489 -0.5096 -0.8599 0.0287 0.5673 0.9105
-2.0185 -1.8291 25.9366 -0.0154 -0.0150 0.9998 0.0862 0.3230
11.6829 27.5115 7.5157 0.9997 0.0096 -0.0235 0.8021 0.1353
11.1867 -14.1890 -14.1228 0.9999 -0.0081 0.0086 0.6748 0.3865
11.8887 19.5228 13.7779 0.9996 0.0002 -0.0293 0.8401 0.1828
-11.5439 -16.2532 -5.7862 -0.9999 0.0044 -0.0160 0.4831 0.4082
11.6915 0.6752 7.6279 0.9995 0.0042 -0.0322 0.8043 0.2962
-2.2012 -51.5897 25.2314 -0.0232 -0.9855 0.1679 0.6203 0.9201
-2.2012 -51.5897 25.2314 -0.0253 -0.2135 0.9766 0.0876 0.6213
11.2050 -19.2213 -17.1514 0.9998 0.0156 0.0126 0.6569 0.4169
8.1826 -50.8424 -25.1738 0.0768 -0.4608 -0.8842 0.2686 0.6140
8.1826 -50.8424 -25.1738 0.2052 -0.9564 -0.2077 0.6797 0.6173
-5.8434 25.4290 26.0592 -0.0202 -0.0037 0.9998 0.1089 0.1595
11.8815 27.1595 14.0777 0.9995 0.0039 -0.0319 0.8414 0.1370
7.6846 -28.3688 25.9969 0.0175 0.0181 0.9997 0.0282 0.4821
-1.8152 -51.2341 25.2064 -0.0279 0.3395 0.9402 0.0853 0.6192
-11.1468 7.9123 -24.6309 -0.4186 0.0244 -0.9078 0.1531 0.2616
-8.2473 50.7074 -24.6274 -0.0134 0.1617 -0.9867 0.1708 0.0051
10.0416 -49.0448 11.1247 -0.4856 -0.8712 0.0722 0.8421 0.8249
8.5800 49.5935 -17.0526 0.9174 0.3979 -0.0109 0.5465 0.6400
1.5205 -7.2390 -25.8797 -0.0197 0.0199 -0.9996 0.2289 0.3526
10.6032 -43.1330 -25.1251 0.4412 0.0156 -0.8973 0.2832 0.5678
11.4913 -23.0720 3.6797 0.9998 -0.0040 -0.0203 0.7820 0.4388
-11.3798 -40.2620 -24.9895 -0.6808 0.0081 -0.7324 0.1514 0.5504
-11.7392 38.8732 8.2460 -0.9993 -0.0141 0.0354 0.4021 0.0769
10.6171 41.5864 -22.2372 0.9981 0.0351 -0.0515 0.6230 0.0526
10.6219 -18.0382 -25.0818 0.6620 0.0201 -0.7492 0.2835 0.4173
-11.7357 -1.2339 2.5819 -1.0000 -0.0036 0.0008 0.4338 0.3176
11.5300 -13.5012 2.7737 0.9997 -0.0074 -0.0228 0.7760 0.3814
-2.4393 47.0279 -25.9447 -0.0863 0.0599 -0.9945 0.2055 0.0272
8.4927 -25.9006 -26.0099 0.0772 0.0038 -0.9970 0.2706 0.4645
5.8171 -49.3428 25.0155 0.6448 -0.0329 0.7637 0.0395 0.6079
-11.3480 22.4651 13.4721 -0.9990 -0.0041 0.0444 0.3699 0.1749
-8.9826 39.4390 -25.3550 -0.1094 -0.0123 -0.9939 0.1663 0.0727
9.3784 -47.8870 23.9599 0.9759 -0.2173 0.0213 0.4660 0.6216
9.3784 -47.8870 23.9599 0.5622 -0.8256 -0.0487 0.8389 0.9019
11.8573 17.8326 12.5944 0.9997 -0.0010 -0.0249 0.8331 0.1930
-2.3775 17.8524 -25.3066 -0.0530 0.0020 -0.9986 0.2057 0.2021
-10.4594 -34.0913 25.5941 -0.0544 -0.0080 0.9985 0.1370 0.5163
11.7989 1.5603 11.1948 0.9995 -0.0021 -0.0301 0.8256 0.2907
9.8778 -44.1838 -26.1024 0.9287 0.0290 -0.3698 0.5167 0.6466
9.8778 -44.1838 -26.1024 0.1753 0.0461 -0.9834 0.2788 0.5741
-10.2977 -41.5687 25.5477 -0.0787 -0.0083 0.9969 0.1361 0.5612
-11.5548 -6.0873 -5.0257 -1.0000 0.0015 -0.0057 0.4791 0.3472
11.8641 14.9041 24.6474 0.7117 -0.0037 0.7025 0.0029 0.2228
-1.0758 51.2569 -14.5230 0.0636 0.9980 -0.0041 0.9345 0.6736
-0.3243 51.3495 -0.8473 0.0247 0.9991 -0.0358 0.9292 0.7555
-11.8404 -46.1483 9.1121 -0.9996 -0.0281 0.0088 0.3920 0.5865
11.0408 -40.9838 -6.3973 0.9997 -0.0228 -0.0087 0.7227 0.5467
9.6825 49.1479 24.0227 0.8892 0.4461 -0.1015 0.5462 0.8862
9.6825 49.1479 24.0227 0.3860 0.9104 -0.1488 0.8678 0.9042
0.1215 17.5335 -25.4289 -0.0477 0.0035 -0.9989 0.2207 0.2040
-6.6870 -51.3774 25.0327 -0.0677 -0.9762 0.2058 0.5934 0.9192
-6.6870 -51.3774 25.0327 -0.0618 -0.2250 0.9724 0.1145 0.6200
11.5466 -26.1982 7.4121 0.9997 -0.0090 -0.0247 0.8046 0.4573
10.2068 -39.5412 -25.3424 0.5613 -0.0261 -0.8272 0.2808 0.5462
11.1312 5.1610 -20.3591 0.9998 0.0049 -0.0205 0.6363 0.2709
0.9638 -28.6490 25.9624 -0.0260 0.0152 0.9995 0.0685 0.4838
11.8019 37.2807 24.6045 0.7650 0.0093 0.6439 0.0032 0.0887
11.8019 37.2807 24.6045 0.9767 0.0108 0.2145 0.9040 0.0758
7.8395 21.9065 25.9705 0.0317 0.0030 0.9995 0.0269 0.1807
11.1746 4.4807 -12.2028 0.9999 0.0105 -0.0024 0.6852 0.2745
11.2759 -28.5167 -16.6841 1.0000 0.0043 -0.0042 0.6603 0.4726
-8.9468 -39.1663 -25.9333 -0.0168 0.0100 -0.9998 0.1660 0.5439
9.9313 -12.8928 -25.5541 0.5560 0.0007 -0.8312 0.2793 0.3865
11.1910 19.1281 -9.3665 0.9997 -0.0052 -0.0239 0.7014 0.1865
0.2446 -49.2914 25.0542 0.0413 -0.9705 0.2376 0.7842 0.9090
11.9700 11.3297 24.5225 0.6819 -0.0012 0.7314 0.0023 0.2442
11.9700 11.3297 24.5225 0.9795 -0.0043 0.2015 0.9049 0.2313
11.8875 12.5225 14.0111 0.9996 0.0014 -0.0279 0.8419 0.2248
-12.0570 39.1714 -20.6433 -0.9999 0.0036 -0.0131 0.5753 0.0767
7.7171 -50.4750 -25.2891 -0.0232 -0.1181 -0.9927 0.2658 0.6118
11.2173 -41.2344 1.8869 0.9996 -0.0124 -0.0265 0.7723 0.5477
0.8428 -50.5141 -25.2449 0.0255 0.3208 -0.9468 0.2246 0.6120
10.8458 44.3889 -6.7377 0.9986 0.0517 -0.0121 0.7157 0.0349
-11.8803 27.0284 -11.8361 -0.9995 -0.0160 0.0268 0.5218 0.1490
-9.9820 -50.2186 -15.9508 -0.1619 -0.9868 -0.0077 0.5713 0.6736
-6.1905 14.7674 -25.0544 -0.0735 0.0047 -0.9973 0.1829 0.2206
10.5434 8.9741 -24.7458 0.5113 0.0005 -0.8594 0.2832 0.2554
8.9739 50.8389 20.1383 0.6397 0.7682 -0.0261 0.8723 0.8808
8.9739 50.8389 20.1383 0.9557 0.2926 -0.0313 0.5561 0.8628
-6.5530 -16.5252 25.6301 -0.0314 -0.0037 0.9995 0.1135 0.4110
2.3209 50.9966 -10.0210 0.1005 0.9948 -0.0183 0.9139 0.7004
-4.4335 -49.1290 -25.2867 -0.0744 -0.4243 -0.9025 0.1930 0.6036
9.5457 -49.6530 -4.9289 0.9867 -0.1616 -0.0192 0.7043 0.7231
11.3550 8.7793 25.0755 0.6438 -0.0010 0.7652 0.0060 0.2595
5.3957 51.3715 25.9805 -0.0386 -0.0830 0.9958 0.0414 0.0041
11.4922 -9.9964 0.5023 0.9997 0.0011 -0.0241 0.7622 0.3605
11.0960 -49.1016 -22.3458 0.4699 -0.8823 0.0269 0.8465 0.6242
11.0960 -49.1016 -22.3458 0.9978 -0.0656 -0.0080 0.6275 0.5963
-9.8136 37.7075 26.0882 -0.1195 -0.0063 0.9928 0.1327 0.0859
11.1463 7.0829 -11.7002 0.9999 0.0058 -0.0085 0.6881 0.2589
-10.8684 50.7301 25.0546 -0.8339 0.5494 0.0528 0.9910 0.9115
-10.8684 50.7301 25.0546 -0.9457 0.1830 0.2687 0.3021 0.0048
-11.7233 31.9147 6.4282 -0.9996 -0.0074 0.0286 0.4126 0.1187
-10.6729 -11.3717 25.5399 -0.3330 -0.0054 0.9429 0.1381 0.3801
-11.5984 2.3454 -3.6978 -0.9998 -0.0089 -0.0204 0.4716 0.2965
9.4967 -49.3691 3.1155 0.9753 -0.2185 0.0336 0.7064 0.7714
9.4967 -49.3691 3.1155 0.7463 -0.6551 0.1180 0.8384 0.7770
-9.7048 -13.2390 -25.5442 -0.0951 0.0199 -0.9953 0.1616 0.3885
-11.9411 -43.6674 5.1217 -0.9999 -0.0116 0.0074 0.4161 0.5719
2.8551 50.1868 25.9326 -0.0291 0.3686 0.9291 0.0567 0.0112
-0.8112 -9.4901 -25.8224 -0.0490 0.0192 -0.9986 0.2149 0.3661
9.9186 39.0002 26.1436 0.2292 -0.0365 0.9727 0.0144 0.0783
-11.2339 -49.9256 -6.7821 -0.9457 -0.3246 -0.0137 0.4871 0.6101
-11.2339 -49.9256 -6.7821 -0.4901 -0.8716 -0.0058 0.5643 0.7287
9.6819 48.8445 -16.1024 -0.2939 0.9556 -0.0202 0.8701 0.6637
-10.3762 17.9772 25.9786 -0.7620 0.0033 0.6476 0.1362 0.2042
9.0752 48.6481 -17.2677 0.1385 0.9901 0.0217 0.8738 0.6567
-5.7664 35.2985 26.1562 -0.0183 -0.0151 0.9997 0.1084 0.1003
-2.4070 51.7022 14.6624 -0.0164 0.9998 -0.0117 0.9408 0.8486
11.0770 8.7697 -22.7675 0.9998 0.0077 -0.0166 0.6217 0.2494
1.2002 -34.7264 -26.1797 -0.0025 0.0111 -0.9999 0.2268 0.5174
-7.0197 34.6439 26.1238 -0.0163 -0.0120 0.9998 0.1159 0.1043
12.0729 20.3308 24.1429 0.9838 0.0045 0.1792 0.9022 0.1774
-11.8944 -8.8258 -18.8577 -0.9997 -0.0060 0.0244 0.5618 0.3644
-11.6747 20.5999 5.2759 -0.9996 -0.0077 0.0280 0.4189 0.1866
-11.7914 29.4014 -6.0321 -0.9997 -0.0252 0.0069 0.4871 0.1345
2.9855 -51.7649 24.9720 -0.0044 -0.9995 0.0320 0.6514 0.9183
1.7020 19.8466 26.0951 0.0030 -0.0040 1.0000 0.0637 0.1930
6.8369 -17.1609 25.8528 0.0377 0.0017 0.9993 0.0332 0.4149
-11.4826 -8.6076 14.5232 -0.9995 -0.0004 0.0323 0.3618 0.3612
11.2569 -2.0277 -9.1769 0.9998 0.0009 -0.0210 0.7037 0.3133
9.4361 -40.8381 26.1799 0.0671 0.0116 0.9977 0.0177 0.5569
11.4678 33.7878 2.0453 0.9991 0.0284 -0.0331 0.7690 0.0980
-11.7408 21.8146 -8.4313 -0.9999 -0.0072 0.0096 0.5011 0.1801
-6.4481 -50.7206 -13.4968 -0.1129 -0.9935 -0.0132 0.5926 0.6882
11.9960 31.3767 21.5545 0.9998 0.0143 -0.0102 0.8860 0.1113
-11.4507 -4.8181 15.2842 -0.9993 0.0039 0.0383 0.3574 0.3384
1.6189 21.3045 26.0998 0.0034 -0.0026 1.0000 0.0642 0.1843
-11.4622 -28.7321 -24.7459 -0.7547 0.0044 -0.6560 0.1510 0.4813
11.4730 -0.4271 -1.3780 0.9999 0.0019 -0.0162 0.7504 0.3033
9.5973 -48.8842 -20.8594 0.9238 -0.3715 -0.0921 0.7080 0.6276
10.0773 2.2865 25.8876 0.0929 -0.0123 0.9956 0.0136 0.2984
10.1716 -17.0662 -25.4249 0.6437 0.0196 -0.7650 0.2807 0.4115
1.2114 -3.1919 -25.8035 -0.0320 0.0189 -0.9993 0.2271 0.3283
-4.5772 -50.1615 -25.3262 0.0334 0.3727 -0.9274 0.1921 0.6098
9.8033 -41.2287 -25.8690 0.9165 0.0129 -0.3998 0.5179 0.6288
9.8033 -41.2287 -25.8690 0.7232 -0.0114 -0.6906 0.2784 0.5564
11.6593 -3.5913 6.6776 0.9997 -0.0024 -0.0249 0.7989 0.3218
9.7531 -47.0088 -26.2368 0.1575 0.0170 -0.9874 0.2780 0.5911
9.6496 -49.1320 -7.2503 0.9115 -0.4110 -0.0130 0.7073 0.7092
9.6496 -49.1320 -7.2503 0.3002 -0.9538 0.0113 0.8387 0.7148
4.3626 -41.8635 26.2099 -0.0182 0.0203 0.9996 0.0481 0.5630
4.7130 47.3776 26.5997 -0.0082 -0.0100 0.9999 0.0455 0.0280
-11.7475 18.0373 0.6932 -0.9999 -0.0099 0.0035 0.4462 0.2022
11.9575 11.8050 16.3853 0.9995 0.0010 -0.0301 0.8561 0.2289
-11.7330 -10.7979 -14.9543 -0.9993 -0.0042 0.0380 0.5383 0.3760
-11.7105 3.6203 4.7156 -0.9998 0.0045 0.0182 0.4212 0.2884
8.7083 -49.9881 25.6193 0.1270 -0.5837 0.8020 0.8349 0.9120
11.1715 5.0494 -11.5393 0.9999 0.0126 -0.0089 0.6892 0.2710
11.3228 -25.7655 -4.1270 0.9999 0.0010 -0.0135 0.7354 0.4553
6.0529 -16.7804 25.8664 0.0083 0.0108 0.9999 0.0379 0.4126
3.6658 -49.1879 25.0896 -0.0853 -0.9147 0.3950 0.8047 0.9090
9.9296 -44.3906 -25.8450 0.9990 0.0342 0.0282 0.5182 0.6478
11.3245 41.7567 6.2674 0.9983 0.0459 -0.0362 0.7938 0.0500
12.1126 -1.0645 22.1187 1.0000 -0.0023 -0.0070 0.8912 0.3058
2.3528 23.2888 26.1005 0.0044 -0.0028 1.0000 0.0598 0.1724
-11.0807 50.8666 4.7632 -0.9046 0.4260 0.0101 0.4237 0.0052
-11.0807 50.8666 4.7632 -0.3156 0.9489 0.0070 0.9934 0.7898
-11.7160 40.4464 9.4324 -0.9992 -0.0089 0.0401 0.3951 0.0674
5.8316 -51.5791 12.3123 0.0336 -0.9992 -0.0225 0.6677 0.8422
11.2296 -34.6119 -4.8387 0.9999 0.0053 -0.0149 0.7316 0.5084
11.2236 -41.3879 -19.8794 0.9999 -0.0111 0.0097 0.6418 0.5499
10.3214 -48.9834 23.1672 -0.6962 -0.7153 -0.0608 0.8445 0.8971
-11.1486 16.5265 17.8328 -0.9989 0.0033 0.0472 0.3434 0.2103
5.7227 46.5881 -26.4887 -0.0264 -0.0410 -0.9988 0.2544 0.0300
10.1400 -43.9827 -25.3780 0.5413 0.0255 -0.8404 0.2804 0.5729
4.5293 5.0519 26.0232 0.0047 -0.0010 1.0000 0.0469 0.2817
11.1564 -40.3511 -13.9239 0.9997 -0.0162 0.0179 0.6775 0.5433
9.9895 -48.3398 17.2272 -0.8149 -0.5788 0.0304 0.8422 0.8615
9.3280 -49.2179 25.5541 0.1633 -0.3958 -0.9037 0.4741 0.6235
9.3280 -49.2179 25.5541 0.0950 -0.8146 -0.5722 0.8387 0.9115
10.4957 -49.0932 14.6541 -0.6149 -0.7868 0.0531 0.8450 0.8461
11.1514 35.1339 -7.5151 0.9997 0.0120 -0.0214 0.7116 0.0905
11.4382 22.7477 -2.7372 0.9993 0.0080 -0.0368 0.7409 0.1644
-11.8373 30.7628 -24.1084 -0.9787 0.0062 -0.2050 0.5956 0.1274
-11.8373 30.7628 -24.1084 -0.8518 0.0116 -0.5237 0.1492 0.1246
0.3936 -51.0654 -21.5188 -0.0423 -0.9985 -0.0348 0.6332 0.6397
-11.6705 4.9751 -2.4678 -0.9998 -0.0111 -0.0153 0.4644 0.2807
9.1464 21.1560 25.9386 0.0276 0.0065 0.9996 0.0191 0.1852
-11.7455 19.7018 -9.2084 -0.9999 0.0012 0.0133 0.5056 0.1928
10.1982 48.8787 7.7550 -0.1041 0.9942 0.0270 0.8657 0.8066
-10.4458 6.6212 25.8641 -0.5439 0.0005 0.8392 0.1367 0.2722
10.7776 -49.1761 5.7145 0.3447 -0.9387 -0.0054 0.8462 0.7925
9.8421 -10.0444 -25.5588 0.5428 0.0228 -0.8396 0.2788 0.3694
-10.5774 39.9531 25.7532 -0.7936 -0.0154 0.6083 0.1373 0.0724
-10.5774 39.9531 25.7532 -0.9803 0.0009 0.1974 0.2973 0.0694
-6.1348 51.0156 -24.6472 -0.0458 0.2345 -0.9710 0.1834 0.0032
11.2264 -43.8997 -24.6516 0.7744 -0.0143 -0.6326 0.2869 0.5723
11.2264 -43.8997 -24.6516 0.9993 -0.0051 -0.0377 0.6134 0.5652
11.2478 -3.4569 -9.6250 0.9999 -0.0038 -0.0141 0.7011 0.3219
10.2689 37.2672 -24.8854 0.7739 0.0237 -0.6328 0.2817 0.0858
-10.4653 -50.1970 -8.5281 -0.1694 -0.9855 -0.0103 0.5688 0.7182
11.0458 -3.4172 25.3721 0.6147 -0.0032 0.7887 0.0079 0.3326
4.0169 44.4899 -26.3411 -0.0371 -0.0411 -0.9985 0.2442 0.0425
-7.4469 -37.9019 -25.9499 -0.0365 0.0141 -0.9992 0.1750 0.5363
11.1802 4.0023 -13.4922 0.9999 0.0118 0.0019 0.6775 0.2774
-5.4381 -28.7000 -25.9420 -0.0557 0.0141 -0.9983 0.1871 0.4812
-0.2435 -14.1636 25.7956 -0.0222 -0.0063 0.9997 0.0756 0.3969
-11.7097 -7.5966 2.9868 -1.0000 -0.0032 0.0021 0.4310 0.3558
11.2272 9.5676 -7.5039 0.9993 0.0068 -0.0371 0.7131 0.2437
-11.8555 32.3744 -0.9986 -0.9999 -0.0157 -0.0021 0.4571 0.1164
-8.9798 -19.6282 -25.6695 -0.0100 0.0153 -0.9998 0.1659 0.4268
-10.4432 -50.3709 7.8583 -0.1721 -0.9848 -0.0225 0.5699 0.8164
-11.6812 -17.6749 5.2242 -0.9998 0.0040 0.0171 0.4170 0.4160
-5.1813 -44.8330 -25.9655 -0.0494 -0.0629 -0.9968 0.1885 0.5779
-10.5847 42.4675 25.7540 -0.9586 -0.0025 0.2849 0.2974 0.0543
9.4763 43.0378 -25.9045 0.9850 -0.0894 -0.1476 0.5298 0.6526
6.1589 43.4966 -26.3521 -0.0094 -0.0505 -0.9987 0.2570 0.0485
9.9621 -49.0138 -4.4748 0.0709 -0.9974 0.0090 0.8407 0.7314
-9.7628 -21.7835 -25.6925 -0.1212 0.0059 -0.9926 0.1612 0.4397
-9.6182 -25.5319 25.5870 -0.0448 0.0121 0.9989 0.1319 0.4650
11.2080 -24.3584 -12.9643 0.9999 0.0132 0.0108 0.6823 0.4474
-9.9235 23.0438 -24.9741 -0.0787 -0.0127 -0.9968 0.1605 0.1709
-7.7979 -51.3389 24.8145 -0.1185 -0.9601 0.2535 0.5867 0.9179
-10.4422 21.2096 25.9154 -0.8284 -0.0079 0.5600 0.1365 0.1848
-3.1834 -47.1444 25.9567 -0.0578 -0.0475 0.9972 0.0934 0.5946
9.3823 -49.9492 -10.3872 0.9868 -0.1603 -0.0219 0.7022 0.6905
11.3073 -48.2055 18.3837 0.9972 -0.0646 -0.0380 0.8716 0.5886
10.0140 48.9322 20.7765 -0.3844 0.9231 0.0124 0.8660 0.8847
6.3366 -49.2401 24.7446 -0.1131 -0.9676 0.2256 0.8207 0.9068
11.3332 -32.6329 -0.5488 0.9998 -0.0141 -0.0173 0.7572 0.4963
10.6440 -25.0110 -25.1069 0.6897 0.0049 -0.7241 0.2835 0.4591
9.1245 -50.7076 8.3814 0.9832 -0.1816 0.0187 0.6987 0.8030
11.1728 -14.3416 -11.7305 1.0000 -0.0013 -0.0053 0.6891 0.3873
-11.5636 -9.3739 -4.6734 -0.9999 0.0021 -0.0098 0.4768 0.3668
10.6282 7.3380 -24.6958 0.5182 0.0070 -0.8552 0.2837 0.2652
9.2536 48.7831 12.3831 0.0407 0.9984 0.0395 0.8711 0.8344
9.2536 48.7831 12.3831 0.8730 0.4878 0.0046 0.5433 0.8164
-0.4813 -21.0978 25.8098 -0.0229 0.0127 0.9997 0.0771 0.4385
11.2448 -39.5458 -20.2048 1.0000 -0.0092 0.0036 0.6398 0.5389
-3.9156 25.6167 -25.4001 -0.0611 -0.0335 -0.9976 0.1965 0.1556
10.6109 -36.1443 -25.1674 0.5859 0.0097 -0.8103 0.2833 0.5259
-2.6745 -24.3018 -25.9991 -0.0355 0.0127 -0.9993 0.2037 0.4548
-11.7467 12.4574 -11.1296 -0.9996 -0.0025 0.0273 0.5167 0.2363
9.5440 -48.9236 -16.5077 0.9533 -0.3017 0.0121 0.7080 0.6537
9.5440 -48.9236 -16.5077 0.2232 -0.9746 -0.0175 0.8375 0.6593
0.0906 51.1705 -13.9532 0.0802 0.9968 0.0009 0.9275 0.6770
-6.5818 9.2471 25.9365 -0.0372 -0.0005 0.9993 0.1135 0.2565
11.2342 36.7724 -3.4920 0.9994 0.0222 -0.0280 0.7356 0.0804
11.2246 -32.1451 -10.7854 0.9999 -0.0075 0.0084 0.6958 0.4940
-2.4146 -51.3602 25.2349 -0.0298 0.2618 0.9647 0.0889 0.6199
6.8202 27.8666 26.0115 0.0401 -0.0040 0.9992 0.0330 0.1450
-12.1088 18.9410 -21.4773 -0.9998 -0.0048 -0.0205 0.5791 0.1981
-1.9265 38.4119 -25.8908 -0.0423 -0.0252 -0.9988 0.2085 0.0789
9.0435 -50.9853 9.8297 0.9874 -0.1561 0.0277 0.6971 0.8117
9.0435 -50.9853 9.8297 0.7512 -0.6601 0.0025 0.6868 0.8271
11.1324 20.7966 -14.6969 1.0000 0.0041 -0.0009 0.6694 0.1768
-11.3277 -30.9899 -24.9112 -0.7275 0.0054 -0.6861 0.1518 0.4948
-10.4912 6.0776 25.8155 -0.6692 -0.0210 0.7428 0.1369 0.2755
-8.7443 -7.3045 -25.4471 0.0131 0.0280 -0.9995 0.1674 0.3529
9.4138 48.7619 -13.9401 -0.3693 0.9293 0.0053 0.8716 0.6766
5.4192 -15.1808 -26.0368 0.0119 0.0182 -0.9998 0.2522 0.4002
-6.6921 49.2019 -25.2564 -0.1124 0.2307 -0.9665 0.1800 0.0141
-11.3448 50.7356 -23.1808 -0.8761 0.4821 -0.0029 0.5912 0.0076
-11.3448 50.7356 -23.1808 -0.7092 0.7036 -0.0446 0.9966 0.6223
8.0502 -49.7177 -25.4278 -0.0417 -0.5602 -0.8273 0.8281 0.6060
8.0502 -49.7177 -25.4278 -0.0349 -0.2005 -0.9791 0.2678 0.6072
-11.2032 -20.6328 -24.9367 -0.6436 0.0071 -0.7653 0.1526 0.4327
-0.3682 -3.4948 -25.7280 -0.0525 0.0125 -0.9985 0.2176 0.3301
-9.4979 25.6885 26.0573 0.0295 -0.0070 0.9995 0.1308 0.1579
11.2405 6.1916 -8.2264 0.9994 0.0127 -0.0324 0.7090 0.2640
9.9226 -48.9176 -20.5705 -0.3581 -0.9152 -0.1846 0.8396 0.6349
-11.4321 50.1405 -3.0743 -0.9812 0.1928 0.0082 0.4706 0.0100
-1.1954 -50.0243 -25.0568 0.0282 0.1308 -0.9910 0.2124 0.6090
10.6008 19.8897 -24.6754 0.5352 0.0046 -0.8447 0.2836 0.1899
11.9923 18.7889 17.1464 0.9996 -0.0018 -0.0288 0.8603 0.1870
-11.5931 -8.6641 10.4033 -0.9997 0.0011 0.0227 0.3864 0.3617
5.4520 -50.6790 -25.2750 0.0184 -0.0188 -0.9997 0.2523 0.6130
-11.5344 -12.2091 12.3478 -0.9996 -0.0068 0.0271 0.3746 0.3829
11.6794 -0.6417 7.1395 0.9996 -0.0002 -0.0286 0.8015 0.3041
5.1217 -51.2222 -10.1304 0.0117 -0.9999 0.0126 0.6622 0.7077
0.1460 9.0453 26.0466 -0.0050 0.0005 1.0000 0.0731 0.2578
-9.9081 -50.7497 17.1369 -0.1695 -0.9844 -0.0460 0.5736 0.8720
11.0108 26.3667 -20.2704 0.9993 0.0136 -0.0341 0.6356 0.1437
-10.5403 51.0149 -0.7441 -0.0869 0.9962 0.0045 0.9905 0.7568
6.4401 -0.6929 26.0010 0.0224 -0.0021 0.9997 0.0355 0.3162
-11.6534 -26.9071 -3.3128 -0.9988 0.0032 -0.0484 0.4676 0.4719
-8.8124 1.1554 25.8176 0.0057 -0.0088 0.9999 0.1269 0.3050
-0.4618 -17.3716 25.7791 -0.0188 0.0020 0.9998 0.0769 0.4161
9.4667 -49.5431 25.9476 -0.0527 -0.9955 -0.0786 0.8395 0.9139
-10.2079 48.4797 -24.9614 -0.1471 0.0983 -0.9842 0.1590 0.0184
-3.5732 -35.9437 -26.1030 -0.0355 0.0109 -0.9993 0.1982 0.5246
-10.9942 -42.3398 25.2585 -0.5408 -0.0444 0.8400 0.1403 0.5658
-10.9942 -42.3398 25.2585 -0.9623 0.0143 0.2717 0.2955 0.5628
-11.1423 13.0709 -24.6178 -0.3326 0.0057 -0.9430 0.1532 0.2307
11.7271 4.8136 8.9334 0.9996 -0.0035 -0.0271 0.8119 0.2713
-2.6750 50.8135 -24.7108 0.0182 0.3501 -0.9365 0.2042 0.0045
11.1603 36.1596 -6.4681 0.9995 0.0181 -0.0241 0.7178 0.0843
5.5558 -51.1928 -19.9679 0.0147 -0.9998 -0.0155 0.6642 0.6487
11.1919 2.1538 -13.3107 1.0000 0.0057 0.0042 0.6787 0.2885
5.5634 51.0699 4.2840 0.1205 0.9923 -0.0303 0.8936 0.7860
11.5384 0.5026 2.2954 0.9998 -0.0052 -0.0217 0.7724 0.2975
11.3996 -15.7041 -2.1296 0.9997 -0.0096 -0.0221 0.7468 0.3949
10.0690 26.4028 -25.1465 0.6834 -0.0234 -0.7296 0.2804 0.1509
9.4832 44.6809 -25.5736 0.8693 0.0280 -0.4934 0.5317 0.6427
-8.3697 -50.1693 24.7653 -0.0483 -0.3971 0.9165 0.1246 0.6128
-11.9896 44.6749 -19.8835 -0.9994 0.0319 -0.0097 0.5710 0.0437
11.5308 32.9180 3.3053 0.9993 0.0229 -0.0301 0.7765 0.1031
-11.4936 3.2239 12.1449 -0.9994 0.0090 0.0323 0.3767 0.2904
-11.0959 -13.2909 24.6959 -0.9967 0.0111 0.0799 0.3005 0.3887
-5.7710 -51.3737 25.0817 -0.0047 -0.0226 0.9997 0.1090 0.6200
-5.7710 -51.3737 25.0817 -0.0254 -0.8363 0.5477 0.5989 0.9194
8.5200 49.6242 -25.5412 0.4697 0.8037 0.3653 0.8776 0.6071
-11.7035 10.2306 -1.8595 -0.9999 -0.0081 -0.0084 0.4610 0.2492
-8.7871 -50.5212 0.9930 -0.1577 -0.9874 -0.0112 0.5794 0.7752
1.9118 -49.7216 24.1973 -0.2701 0.3084 0.9121 0.0630 0.6102
-11.8369 -12.1688 -23.9873 -0.9797 0.0015 -0.2005 0.5924 0.3847
9.2870 -50.6580 -5.4439 0.9373 -0.3485 -0.0076 0.6982 0.7201
9.2870 -50.6580 -5.4439 0.7912 -0.6115 -0.0016 0.6874 0.7355
2.8131 2.2428 -25.7290 -0.0231 0.0168 -0.9996 0.2367 0.2957
9.2215 -48.1411 23.1980 0.8603 -0.5091 -0.0262 0.8379 0.8973
9.2215 -48.1411 23.1980 0.9788 -0.2049 -0.0011 0.7150 0.8917
11.2983 -35.7087 0.2609 0.9997 -0.0174 -0.0184 0.7623 0.5147
10.6897 -49.1890 16.3764 -0.5376 -0.8431 0.0160 0.8463 0.8564
-11.5659 -4.1521 -5.4532 -1.0000 -0.0049 -0.0041 0.4818 0.3356
-11.5841 50.3018 -22.9790 -0.9645 0.2638 0.0138 0.5899 0.0102
-11.5841 50.3018 -22.9790 -0.8595 0.5065 0.0693 0.9980 0.6236
0.5115 26.5387 26.1167 -0.0002 -0.0049 1.0000 0.0708 0.1529
-8.9924 -16.0988 -25.6130 -0.0031 0.0202 -0.9998 0.1658 0.4056
-0.3831 11.5313 26.0675 0.0006 -0.0072 1.0000 0.0763 0.2429
-11.8904 15.1622 -14.9755 -0.9986 -0.0031 0.0531 0.5399 0.2204
-11.5685 -10.5344 -4.3942 -0.9999 -0.0030 -0.0160 0.4750 0.3738
10.8861 -48.6040 -4.1575 0.9796 -0.2010 -0.0025 0.7365 0.5923
-3.9207 -51.0222 -9.7470 -0.0889 -0.9960 -0.0132 0.6080 0.7105
-7.6601 23.2104 26.0154 -0.0051 -0.0068 1.0000 0.1198 0.1728
6.5578 51.2271 26.0098 -0.0154 0.0292 0.9995 0.0344 0.0049
6.5578 51.2271 26.0098 0.0692 0.5220 0.8501 0.8864 0.9161
-11.6619 -44.8943 -21.9371 -0.9995 -0.0328 -0.0030 0.5782 0.5808
12.0899 -3.2657 24.0994 0.9881 0.0005 0.1536 0.9032 0.3189
-9.4142 51.0964 -0.7250 -0.0662 0.9978 0.0002 0.9837 0.7568
2.3177 -3.8225 -25.8392 -0.0172 0.0162 -0.9997 0.2337 0.3321
5.3507 49.1700 26.3410 -0.0051 0.3365 0.9417 0.0417 0.0173
-4.0634 15.5569 -25.2105 -0.0726 0.0054 -0.9973 0.1956 0.2158
10.3093 -32.8611 -25.3731 0.6719 -0.0278 -0.7401 0.2815 0.5062
-10.2353 51.0710 -23.8615 -0.1295 0.9894 -0.0658 0.9900 0.6182
-10.2956 51.1564 22.1185 -0.2938 0.9557 -0.0184 0.9877 0.8938
10.1918 -49.0414 2.9665 -0.1552 -0.9871 0.0393 0.8425 0.7760
11.5389 14.7844 0.5170 0.9995 -0.0095 -0.0308 0.7609 0.2120
-11.8546 -34.6556 2.1025 -0.9997 0.0236 0.0091 0.4347 0.5180
9.8216 -49.0404 -3.5287 0.2836 -0.9589 -0.0060 0.8399 0.7371
-2.0834 -50.5608 -25.2939 0.0324 -0.0901 -0.9954 0.2071 0.6122
11.1242 37.7885 -5.8914 0.9990 0.0400 -0.0208 0.7212 0.0745
10.1360 39.9448 26.1150 0.3708 -0.0540 0.9271 0.0131 0.0726
9.2452 36.1440 -25.9022 0.3719 -0.0122 -0.9282 0.2755 0.0926
-7.8560 50.0379 -24.8544 -0.0782 0.3450 -0.9353 0.1731 0.0091
-4.6990 51.5914 13.3490 -0.0625 0.9980 -0.0131 0.9546 0.8409
10.8826 -48.5541 -9.9599 0.9755 -0.2199 -0.0070 0.7017 0.5923
11.1289 11.5563 -10.4422 0.9999 0.0019 -0.0166 0.6954 0.2320
-11.7022 -12.6723 -24.3523 -0.9372 -0.0010 -0.3487 0.5946 0.3877
-11.7022 -12.6723 -24.3523 -0.8472 0.0013 -0.5313 0.1497 0.3850
-2.0102 4.8194 26.0067 -0.0059 -0.0108 0.9999 0.0861 0.2831
-3.8431 44.7248 -25.8766 -0.0828 0.0077 -0.9965 0.1971 0.0410
-11.6285 -47.0255 -24.8514 -0.9998 -0.0166 -0.0087 0.5956 0.5937
-11.6285 -47.0255 -24.8514 -0.8495 0.0466 -0.5255 0.1499 0.5909
2.8662 -50.9439 -25.0328 -0.0405 -0.9803 -0.1931 0.6478 0.6185
-11.9117 -7.7163 -22.9014 -0.9998 -0.0124 -0.0172 0.5861 0.3580
10.4902 45.7025 -22.1308 0.9983 0.0297 -0.0504 0.6234 0.0279
-11.1991 8.0520 18.0034 -0.9989 0.0095 0.0455 0.3419 0.2611
9.1574 48.7565 -3.5968 -0.0274 0.9996 0.0056 0.8726 0.7387
-3.0780 16.9126 -25.2704 -0.0611 0.0064 -0.9981 0.2015 0.2077
-9.7949 32.9562 -25.1545 -0.1575 -0.0191 -0.9873 0.1614 0.1115
6.1341 -51.2246 -15.8132 0.0228 -0.9997 -0.0062 0.6679 0.6736
1.4027 -48.8390 26.0303 -0.0410 -0.2809 0.9589 0.0659 0.6048
1.4027 -48.8390 26.0303 0.0079 -0.7907 0.6122 0.7912 0.9148
4.4490 -43.7333 -26.2720 -0.0004 0.0031 -1.0000 0.2462 0.5714
11.0399 34.7463 -15.6485 0.9996 0.0179 -0.0207 0.6629 0.0933
8.8417 50.3635 6.4897 0.8296 0.5570 -0.0386 0.8739 0.7991
8.8417 50.3635 6.4897 0.9535 0.3002 -0.0254 0.5525 0.7810
-9.0655 -21.2342 -25.6887 -0.0099 0.0097 -0.9999 0.1654 0.4364
0.2648 51.1439 -12.3793 0.0773 0.9970 0.0070 0.9264 0.6864
2.3997 -36.8052 26.0938 -0.0194 0.0117 0.9997 0.0599 0.5326
-11.8275 30.8412 -1.0544 -0.9999 -0.0154 -0.0008 0.4574 0.1256
11.6600 4.2336 5.7482 0.9998 -0.0065 -0.0195 0.7928 0.2749
-10.4682 26.6208 25.8533 -0.9612 0.0092 0.2757 0.2959 0.1493
-7.0678 37.1131 26.1567 -0.0215 -0.0135 0.9997 0.1162 0.0895
-9.8742 45.5215 -25.2361 -0.2199 0.0282 -0.9751 0.1609 0.0362
9.9300 37.2968 -25.3072 0.8030 0.0110 -0.5959 0.2796 0.0856
11.0994 4.8108 -22.9290 0.9999 0.0040 -0.0136 0.6209 0.2731
3.7854 38.2999 26.2933 0.0077 -0.0297 0.9995 0.0511 0.0824
11.5028 -28.2381 6.4337 0.9997 -0.0098 -0.0226 0.7988 0.4696
10.1362 16.9427 25.9124 0.0545 0.0021 0.9985 0.0132 0.2105
-0.9760 36.7479 -25.8850 -0.0330 -0.0270 -0.9991 0.2142 0.0889
-11.7096 -17.1292 -14.9591 -0.9990 -0.0006 0.0455 0.5380 0.4139
8.9513 50.5502 14.4560 0.8518 0.5230 -0.0308 0.8728 0.8468
8.9513 50.5502 14.4560 0.9723 0.2330 -0.0210 0.5541 0.8288
-11.9386 -41.2591 -1.8145 -1.0000 0.0037 -0.0077 0.4578 0.5578
11.7428 29.9851 10.0735 0.9995 0.0045 -0.0311 0.8173 0.1203
9.1268 14.1516 -25.4146 0.1549 -0.0010 -0.9879 0.2747 0.2244
-12.0338 35.5169 -17.1779 -0.9999 -0.0059 0.0143 0.5543 0.0985
9.9674 -15.0767 25.8062 0.1360 -0.0037 0.9907 0.0144 0.4025
3.5053 50.0268 -24.9866 0.0349 0.8872 -0.4601 0.9077 0.6107
11.0860 -40.7270 -24.8579 0.6072 -0.0034 -0.7945 0.2861 0.5533
4.2045 -9.0993 -25.9324 -0.0005 0.0161 -0.9999 0.2450 0.3638
-11.5389 -9.0993 -6.7804 -1.0000 -0.0044 -0.0045 0.4894 0.3653
-8.5689 7.8028 -25.0444 -0.0110 0.0199 -0.9997 0.1686 0.2623
3.2659 5.7779 26.0319 0.0081 -0.0033 1.0000 0.0545 0.2774
-10.5543 17.2800 25.7554 -0.7902 0.0057 0.6128 0.1372 0.2084
-10.5543 17.2800 25.7554 -0.9765 -0.0109 0.2153 0.2960 0.2053
-11.6665 -24.5844 -2.2548 -0.9998 0.0095 -0.0195 0.4614 0.4579
11.8816 31.2130 15.2705 0.9996 0.0130 -0.0251 0.8484 0.1127
3.0172 15.7866 26.0747 0.0043 -0.0061 1.0000 0.0559 0.2174
-9.3459 -11.1614 -25.5269 -0.0123 0.0076 -0.9999 0.1638 0.3760
11.2489 -28.2793 -8.1245 0.9999 0.0015 -0.0150 0.7116 0.4706
9.4832 -47.8942 14.6294 -0.8407 -0.4416 0.3136 0.5020 0.6208
9.4832 -47.8942 14.6294 0.5147 -0.8425 0.1592 0.8390 0.8459
-11.0498 -49.6242 -23.4161 -0.6449 -0.7625 -0.0514 0.5645 0.6289
10.6439 -49.0539 -6.5894 0.2004 -0.9797 -0.0105 0.8447 0.7187
-10.7216 10.0930 25.0550 -0.9870 0.0068 0.1608 0.2997 0.2485
1.3608 25.0943 -25.6060 -0.0345 -0.0282 -0.9990 0.2282 0.1587
10.9236 -0.5760 -24.5781 0.5754 0.0017 -0.8179 0.2854 0.3126
11.2375 -0.4973 -10.1439 0.9999 0.0043 -0.0146 0.6979 0.3042
9.3886 -47.8010 15.7980 0.0713 -0.9924 0.1005 0.8385 0.8529
9.3886 -47.8010 15.7980 0.9305 -0.3630 0.0490 0.7166 0.8473
11.2790 37.9332 -0.4245 0.9995 0.0237 -0.0229 0.7539 0.0733
10.3863 33.4182 -24.8448 0.7134 -0.0019 -0.7007 0.2824 0.1088
-1.2158 0.3488 25.9698 -0.0139 -0.0065 0.9999 0.0814 0.3099
11.4850 21.2812 -1.4227 0.9997 0.0030 -0.0251 0.7489 0.1732
11.0552 -31.4554 -24.8139 0.6271 -0.0091 -0.7789 0.2860 0.4978
11.0552 -31.4554 -24.8139 0.9826 0.0266 -0.1838 0.6117 0.4906
11.4929 17.8869 -1.2580 0.9995 -0.0036 -0.0313 0.7501 0.1935
-11.6051 -24.1280 -10.9990 -0.9994 0.0149 0.0302 0.5139 0.4557
11.0371 -46.4495 -24.8099 0.7371 -0.0083 -0.6758 0.2858 0.5876
6.2376 -51.0042 25.3624 0.0337 0.3027 0.9525 0.0370 0.6178
-5.9718 -23.7739 -25.8495 -0.0564 0.0110 -0.9983 0.1839 0.4517
-4.7673 -36.6642 -26.0646 -0.0417 0.0120 -0.9991 0.1910 0.5289
-6.3399 6.5440 -25.1583 -0.0615 0.0210 -0.9979 0.1819 0.2699
9.8011 49.0375 23.6236 0.2846 0.9514 -0.1175 0.8671 0.9018
10.3440 -31.5775 -25.4039 0.6773 -0.0189 -0.7355 0.2817 0.4985
-11.2180 22.1756 16.3128 -0.9989 -0.0032 0.0475 0.3528 0.1765
9.8463 -9.3012 -25.5337 0.6444 0.0152 -0.7645 0.2788 0.3650
11.2079 -7.3869 -12.4407 1.0000 -0.0036 -0.0001 0.6845 0.3456
5.6707 10.9894 26.0092 0.0209 0.0037 0.9998 0.0400 0.2462
-11.2248 -20.2055 21.8689 -0.9991 0.0025 0.0419 0.3171 0.4303
9.4271 -48.9430 8.1672 0.9070 -0.4158 0.0664 0.7093 0.8016
9.4271 -48.9430 8.1672 0.0804 -0.9929 0.0872 0.8383 0.8072
-1.9239 -22.6761 -26.0042 -0.0339 0.0127 -0.9993 0.2082 0.4451
5.3918 34.2551 -25.9718 -0.0181 -0.0289 -0.9994 0.2524 0.1039
-11.6812 -39.3215 13.9853 -0.9989 0.0185 0.0427 0.3632 0.5453
-2.3178 46.7867 26.4138 -0.0341 -0.0002 0.9994 0.0877 0.0315
5.7580 -28.7299 -26.1293 0.0131 0.0032 -0.9999 0.2542 0.4815
3.5114 50.8703 -9.8146 0.1126 0.9934 -0.0199 0.9068 0.7016
-0.1100 -50.1730 -25.1227 -0.0061 0.2602 -0.9655 0.2189 0.6099
6.7370 50.9166 26.0212 -0.0750 -0.0297 0.9967 0.0334 0.0068
5.3584 -51.5356 9.7427 0.0264 -0.9994 -0.0223 0.6647 0.8269
-1.3071 51.2707 -9.6213 0.0559 0.9984 -0.0048 0.9356 0.7030
-3.4436 -49.7197 24.3755 0.1616 0.2470 0.9554 0.0951 0.6101
3.2975 -32.1888 -26.1614 0.0021 0.0029 -1.0000 0.2394 0.5022
-10.2012 12.1660 26.0239 -0.1409 -0.0083 0.9900 0.1351 0.2390
11.9762 1.3132 16.4976 0.9994 -0.0016 -0.0332 0.8574 0.2918
-1.1672 -35.6162 -26.1677 -0.0202 0.0106 -0.9997 0.2126 0.5227
-9.1523 -50.4207 -7.2443 -0.1532 -0.9882 -0.0072 0.5768 0.7258
11.7192 20.9416 7.9121 0.9997 -0.0034 -0.0237 0.8048 0.1747
-6.8596 51.2717 -9.1113 -0.0424 0.9991 0.0035 0.9689 0.7064
-11.1840 34.4748 18.3232 -0.9979 -0.0075 0.0639 0.3415 0.1027
3.5585 -48.8540 -26.0185 -0.0605 -0.6664 -0.7431 0.8011 0.6026
3.5585 -48.8540 -26.0185 -0.0791 -0.2862 -0.9549 0.2409 0.6021
11.9645 5.8752 24.5073 0.6972 0.0073 0.7168 0.0024 0.2769
11.9645 5.8752 24.5073 0.9843 -0.0042 0.1764 0.9052 0.2640
-9.5256 11.1180 -24.9520 -0.0138 0.0425 -0.9990 0.1629 0.2424
-11.4686 -33.2824 -24.7843 -0.7496 0.0135 -0.6617 0.1510 0.5086
6.4973 -50.9948 -24.9549 0.0389 -0.9883 -0.1477 0.6696 0.6188
11.6860 -17.5710 9.9889 0.9996 -0.0080 -0.0271 0.8195 0.4054
10.6861 -22.8922 -25.0490 0.7155 0.0056 -0.6986 0.2838 0.4464
3.0754 20.8924 26.0916 0.0064 -0.0026 1.0000 0.0555 0.1868
11.1963 -42.2711 -24.7238 0.7213 -0.0081 -0.6925 0.2868 0.5626
11.1963 -42.2711 -24.7238 0.9931 0.0135 -0.1162 0.6129 0.5555
11.5719 14.6931 1.7286 0.9996 -0.0081 -0.0267 0.7681 0.2125
10.9133 -6.2586 25.4493 0.5916 -0.0080 0.8062 0.0087 0.3496
-11.1433 -23.3765 23.9820 -0.9990 -0.0005 0.0440 0.3042 0.4492
-2.1550 -28.9012 -26.0796 -0.0290 0.0119 -0.9995 0.2067 0.4824
-11.8396 -9.8234 -17.4040 -0.9992 -0.0050 0.0386 0.5531 0.3703
-11.7290 -26.2138 6.3586 -0.9999 0.0133 0.0104 0.4097 0.4672
11.2420 39.7092 0.9510 0.9988 0.0431 -0.0248 0.7621 0.0626
11.1609 -44.9564 -18.2216 0.9998 -0.0145 0.0141 0.6520 0.5712
-11.7321 20.7240 -8.3340 -0.9999 -0.0031 0.0098 0.5004 0.1866
10.9349 -26.4026 -24.8456 0.7789 0.0139 -0.6269 0.2853 0.4675
10.9349 -26.4026 -24.8456 0.9334 0.0023 -0.3589 0.6112 0.4604
-10.1703 25.0171 26.0771 0.0087 -0.0292 0.9995 0.1349 0.1620
10.1743 48.8001 9.5149 -0.2368 0.9715 0.0066 0.5000 0.5000
10.1743 48.8001 9.5149 -0.0951 0.9952 0.0216 0.8657 0.8172
0.2912 -10.4114 -25.9061 -0.0488 0.0243 -0.9985 0.2215 0.3716
10.0347 -49.0248 -18.8514 -0.2597 -0.9656 0.0136 0.8403 0.6453
-11.7494 -37.5755 11.4097 -0.9993 0.0160 0.0345 0.3787 0.5350
5.1462 44.5019 -26.3812 -0.0287 -0.0448 -0.9986 0.2509 0.0425
9.1328 50.4330 21.1500 0.9637 0.2641 -0.0381 0.5537 0.8689
1.9811 -51.5605 25.4617 -0.0050 0.0485 0.9988 0.0625 0.6211
10.5618 35.6550 -24.6021 0.7421 0.0189 -0.6700 0.2834 0.0954
10.5618 35.6550 -24.6021 0.9803 0.0240 -0.1962 0.6092 0.0883
9.7286 7.7629 -25.2581 0.5558 0.0012 -0.8313 0.2782 0.2627
-0.2130 -7.1463 25.8880 -0.0140 -0.0142 0.9998 0.0754 0.3548
11.4325 31.3237 -0.3311 0.9996 0.0072 -0.0262 0.7548 0.1129
-2.9213 45.6107 -25.9424 -0.0804 0.0147 -0.9967 0.2026 0.0357
10.0278 -22.9070 -25.6974 0.5149 -0.0012 -0.8572 0.2798 0.4465
1.8157 40.1847 -26.0874 -0.0337 -0.0392 -0.9987 0.2309 0.0683
8.2337 -35.9345 -26.0710 0.0696 0.0111 -0.9975 0.2690 0.5247
9.4392 -11.7517 25.8458 0.0187 -0.0126 0.9997 0.0176 0.3825
10.1056 -10.5980 -25.3522 0.6345 0.0215 -0.7726 0.2804 0.3727
7.3691 7.1165 -25.6169 0.0444 0.0143 -0.9989 0.2641 0.2665
10.8728 47.5591 3.3418 0.9966 0.0752 -0.0341 0.7760 0.0154
-3.0140 -50.3976 -25.2925 0.0399 0.3117 -0.9494 0.2015 0.6112
-9.8454 41.8248 26.1194 -0.0482 -0.0021 0.9988 0.1328 0.0612
9.1832 49.0734 16.1705 0.9906 0.1332 -0.0317 0.5453 0.8391
-5.9532 50.2337 -24.9241 -0.0815 0.3490 -0.9336 0.1845 0.0079
-5.9532 50.2337 -24.9241 -0.0203 0.5455 -0.8378 0.9644 0.6116
9.6997 -26.0302 -25.8895 0.2723 0.0188 -0.9620 0.2778 0.4653
-8.8560 -13.9843 -25.5696 -0.0139 0.0216 -0.9997 0.1667 0.3929
-9.7553 -2.4297 25.7429 -0.0091 -0.0096 0.9999 0.1326 0.3265
8.9613 49.3175 2.6227 0.9902 0.1394 0.0011 0.5460 0.7579
10.8400 21.3405 -24.5156 0.5422 0.0031 -0.8402 0.2850 0.1812
10.8400 21.3405 -24.5156 0.9370 0.0171 -0.3488 0.6105 0.1741
6.7904 -3.2022 -25.8255 0.0313 0.0166 -0.9994 0.2605 0.3284
5.6346 13.4180 25.9997 0.0206 -0.0019 0.9998 0.0402 0.2316
-1.7498 -46.5998 -26.0017 -0.0523 -0.0886 -0.9947 0.2091 0.5885
9.9531 -41.6321 -25.5386 0.9221 0.0160 -0.3866 0.5199 0.6312
9.9531 -41.6321 -25.5386 0.7681 -0.0046 -0.6403 0.2793 0.5588
-11.7543 23.2094 -2.4092 -1.0000 -0.0031 -0.0055 0.4651 0.1714
10.8726 42.6015 -12.9472 0.9993 0.0369 -0.0100 0.6786 0.0460
8.8759 50.4071 9.0370 0.8432 0.5376 -0.0036 0.8735 0.8143
8.8759 50.4071 9.0370 0.9816 0.1908 -0.0094 0.5529 0.7963
-11.7915 -40.1498 11.1883 -0.9994 0.0150 0.0308 0.3799 0.5504
-0.4590 51.6793 12.7901 0.0073 0.9999 -0.0130 0.9293 0.8373
10.9799 44.0315 -0.4263 0.9980 0.0585 -0.0249 0.7536 0.0367
10.8572 -28.4250 -24.9623 0.6610 0.0147 -0.7503 0.2848 0.4796
-0.8638 -18.1620 -25.9787 -0.0462 0.0152 -0.9988 0.2145 0.4180
-5.1130 45.0935 26.3028 -0.0377 -0.0040 0.9993 0.1044 0.0416
3 7441 8616 4291
3 1436 839 4568
3 6283 8167 1159
3 950 3685 8505
3 3033 7019 8212
3 3164 6924 2570
3 7018 7179 143
3 8146 3608 1748
3 3195 2425 8282
3 5000 4681 3360
3 2743 5567 1964
3 532 1887 111
3 2403 2258 8076
3 2035 8423 620
3 4912 3639 3293
3 8305 2397 7844
3 3293 2278 4132
3 7295 8335 225
3 7740 2771 3430
3 3038 7874 888
3 5398 2771 3360
3 3360 6408 5000
3 6506 6497 3703
3 7792 8202 6395
3 6651 6501 8581
3 989 8028 3355
3 8259 8471 3038
3 8334 3151 224
3 22 7292 5285
3 3038 1128 7874
3 5263 8581 5253
3 4104 2456 5117
3 4717 4906 4098
3 5971 1034 3239
3 2503 133 2575
3 6571 8146 670
3 1611 5226 7283
3 1807 4987 253
3 2207 2283 4354
3 4610 4382 2005
3 6455 4052 7581
3 7295 6114 8335
3 4761 2643 6490
3 6404 8183 4699
3 7295 8241 6114
3 1807 7567 7839
3 4931 8395 2503
3 8119 4742 6092
3 5516 8051 537
3 1748 1591 8146
3 7227 2717 839
3 253 8179 8613
3 2005 4382 6194
3 3418 6031 6279
3 2245 5325 4596
3 5453 2465 6688
3 7234 2847 211
3 5828 1068 3519
3 7738 7735 6350
3 5445 6260 4628
3 127 7817 3565
3 7019 3033 5564
3 7127 2288 1601
3 6125 3809 3773
3 7419 8524 3878
3 1084 5735 5116
3 8726 4104 7845
3 2145 3685 950
3 7113 8734 1033
3 6678 5133 1111
3 7692 4735 1033
3 502 8570 2402
3 7608 8202 4534
3 3881 1446 857
3 7817 4774 2566
3 5112 611 6795
3 3239 1963 4931
3 6017 5932 7205
3 1348 1217 7344
3 532 1594 1887
3 8583 6617 3523
3 709 1965 4109
3 6828 5060 8255
3 2856 4473 3582
3 1393 8572 2299
3 7926 1151 2292
3 111 3730 532
3 1627 4358 6924
3 3550 7256 7571
3 4521 7597 6333
3 5667 4653 8559
3 6825 5732 6688
3 6656 1778 117
3 4107 6401 5343
3 1446 277 857
3 1068 815 6843
3 6819 4987 1807
3 4915 1563 3676
3 7220 612 4246
3 4121 5286 4937
3 2556 1748 4939
3 4279 2803 602
3 3864 7672 7711
3 4787 3639 1316
3 3291 3772 5907
3 6933 1004 1316
3 6160 5850 5041
3 4931 1963 8395
3 7292 2590 4266
3 1562 6849 3134
3 1562 3134 8464
3 5285 4879 4266
3 7065 6803 7524
3 1698 6543 6522
3 7823 7695 8260
3 4813 8145 3791
3 6333 399 2096
3 82 8472 6651
3 4055 6904 3590
3 1481 6622 8028
3 7816 7643 6456
3 2995 3748 4553
3 2612 5263 5253
3 5133 2145 4568
3 2947 8299 1816
3 5515 7705 185
3 7121 8114 3916
3 888 7824 8259
3 1110 7136 6501
3 8596 6629 5514
3 4487 276 245
3 298 7041 8464
3 7419 8297 8546
3 4527 8713 7992
3 7966 3406 2529
3 6501 6651 1110
3 7592 5855 273
3 7640 8241 4290
3 8656 4411 6302
3 6859 2385 7922
3 4981 4558 6866
3 2413 461 6326
3 5642 1111 6326
3 6488 8524 6726
3 214 2129 1563
3 7103 6931 7911
3 8613 5098 1807
3 7344 6401 7018
3 7984 6275 4184
3 225 3152 8612
3 6286 815 3255
3 7640 4290 3134
3 5656 225 5510
3 8180 2544 5510
3 6652 6109 1062
3 2717 7227 625
3 370 32 3878
3 999 8512 5907
3 7283 2103 3334
3 3815 1489 5002
3 6810 3164 4660
3 6488 370 8524
3 7329 6368 3556
3 6692 6270 8684
3 5729 5666 2729
3 7999 4233 5468
3 7844 8035 8305
3 3608 8146 5341
3 670 2397 8305
3 1144 6270 6692
3 6651 8581 82
3 1594 3756 5838
3 5116 1594 5248
3 4598 7518 4433
3 2397 670 5273
3 261 1556 6841
3 6990 511 8357
3 2576 7002 8601
3 3680 2734 511
3 6990 7375 3274
3 8310 1744 7994
3 8517 2258 3790
3 3621 6139 2096
3 7742 8045 4051
3 3580 5919 2344
3 6598 5156 4713
3 1495 7742 7694
3 5098 7734 1807
3 4568 2145 950
3 7922 6212 8569
3 5861 5150 5604
3 4509 6291 2729
3 3962 6114 8241
3 5855 7592 8656
3 2887 1279 5741
3 7323 4685 1672
3 2345 8581 3703
3 5285 4122 22
3 4257 1857 6308
3 5185 526 2028
3 8261 6668 7136
3 5254 4681 6126
3 6749 2670 5643
3 4714 3884 735
3 7816 3230 192
3 5877 5747 2288
3 5495 4901 1467
3 8656 1279 2887
3 5292 1744 446
3 7323 1672 5475
3 8546 8524 7419
3 7850 1161 7069
3 8726 7845 8583
3 2196 5448 7068
3 7695 7639 3133
3 5899 6286 4434
3 8183 1562 8464
3 6659 8449 411
3 6109 3319 1062
3 6085 7735 798
3 7650 5643 192
3 1601 2288 3255
3 8167 6866 1481
3 7096 4811 674
3 5598 1445 2652
3 3961 7824 7874
3 7614 793 1117
3 8612 8335 5097
3 1525 5647 5852
3 7695 6848 8260
3 3120 4699 6657
3 5341 8146 6571
3 7639 7695 8240
3 8202 6573 6652
3 2299 394 1120
3 5510 225 8180
3 7823 3960 8240
3 253 4987 3481
3 5735 1084 3212
3 7792 8299 6573
3 111 1439 4086
3 717 3472 1816
3 1460 1502 711
3 5656 5510 8145
3 3791 3134 4813
3 5713 4923 1307
3 4640 3120 6657
3 5561 3747 3580
3 2642 1742 5900
3 3443 7513 2653
3 1604 2278 6489
3 4060 26 710
3 8549 5621 4044
3 3582 4473 6558
3 954 7052 4210
3 5029 5541 4690
3 5430 6920 2625
3 6271 6676 6092
3 3080 6655 101
3 6943 4766 4589
3 1611 7770 8684
3 6384 6269 8498
3 6488 6726 6988
3 7770 6479 8684
3 6340 6988 6726
3 473 4141 5146
3 4480 7482 1742
3 7103 6422 6906
3 6422 8470 6906
3 4527 1445 5598
3 8519 2248 6318
3 4290 7295 5656
3 3791 8464 3134
3 1062 3481 6652
3 392 2503 8395
3 2292 1032 5804
3 5798 4717 3239
3 1391 1531 3898
3 3239 4931 5971
3 3625 8212 7019
3 8016 292 1255
3 4722 997 4981
3 7006 699 7229
3 6123 5325 2245
3 192 8601 7002
3 110 1033 2623
3 6268 4709 2038
3 6283 2156 4722
3 8016 6847 648
3 8568 2266 3095
3 8505 5350 1556
3 6220 343 6097
3 4141 473 7382
3 2711 8157 1337
3 4121 4937 7020
3 2938 4344 8500
3 5133 4568 7780
3 8590 903 1263
3 7592 1279 8656
3 2615 7206 1329
3 5563 1255 4143
3 7292 4879 5285
3 3216 5919 3747
3 7922 7078 6212
3 6497 3746 5560
3 3747 5919 3580
3 2005 1887 5735
3 1669 4411 8656
3 6322 4694 4061
3 953 7770 7590
3 7344 7018 143
3 3746 6497 1672
3 524 2929 8235
3 298 3791 7911
3 6404 4699 6668
3 6686 1326 4915
3 1994 1007 1102
3 4243 1618 2403
3 6506 7136 5475
3 6404 1562 8183
3 1923 3957 1933
3 7234 502 2847
3 6597 1052 6146
3 3878 3881 7419
3 4811 2004 674
3 7103 6543 6931
3 7806 23 1548
3 117 3751 3445
3 8297 7419 857
3 7122 6860 3802
3 4558 625 7227
3 5552 5647 1400
3 8261 7136 1110
3 5795 5298 8470
3 6506 3703 8581
3 8471 7566 1128
3 554 5900 2818
3 1480 154 3523
3 158 87 503
3 5656 7295 225
3 4849 5468 594
3 2700 3909 38
3 4290 8241 7295
3 8818 7900 124
3 6619 4484 1363
3 4527 4049 5298
3 5598 2544 3320
3 906 7344 6727
3 6841 3730 261
3 1604 6484 7073
3 854 6901 8713
3 779 4069 7497
3 2876 1007 4320
3 6109 7418 8714
3 4425 8772 6016
3 6061 8297 6395
3 6489 3293 3639
3 1816 2798 717
3 4382 2556 6194
3 1706 4697 370
3 6901 5298 8713
3 4621 1105 1759
3 7193 162 2134
3 3118 8604 1806
3 2985 3857 8773
3 2052 4343 8154
3 8447 5147 730
3 3047 6067 5921
3 6031 6964 1265
3 4320 1007 161
3 1084 5034 2397
3 248 7028 6340
3 1278 7530 897
3 1556 3994 8505
3 3639 4787 1604
3 6727 8547 906
3 2529 3406 7797
3 1964 4564 7381
3 2057 4553 4686
3 2994 2195 6201
3 1672 6497 5475
3 4813 4290 5656
3 7127 4664 5877
3 3216 6471 2859
3 1348 1068 6843
3 8145 5510 5598
3 8145 4813 5656
3 6686 4897 2239
3 7920 2637 3435
3 3320 6108 4527
3 3568 6422 7103
3 8762 447 1745
3 3086 7577 2263
3 101 7530 1278
3 7100 6545 2859
3 2309 8569 5210
3 4126 8220 2819
3 953 8105 1505
3 3897 2669 6437
3 879 3686 1240
3 2171 1523 6843
3 152 6318 6803
3 5508 8519 4715
3 5138 970 5508
3 6536 7201 2239
3 3676 1563 2129
3 6748 2562 6088
3 1445 5795 213
3 6404 6849 1562
3 7781 7911 3791
3 8713 4527 6108
3 4687 5138 6452
3 1526 1816 4563
3 5298 5795 1445
3 8180 225 8612
3 1816 7792 4563
3 6901 6748 5298
3 7395 2444 3166
3 2652 213 3568
3 5852 2444 3303
3 854 3471 8706
3 3568 7103 7781
3 2945 901 1093
3 2947 7418 6109
3 6573 8202 7792
3 3415 5209 5041
3 7864 3906 7769
3 213 6422 3568
3 8705 1782 2561
3 7844 6073 8035
3 6088 8470 6748
3 3391 2444 7395
3 1624 5256 303
3 1816 1526 3304
3 6652 3481 4534
3 6395 8297 4563
3 6931 6543 1866
3 4563 7792 6395
3 6841 4468 3730
3 7019 5564 4120
3 246 5057 1234
3 4266 5504 1891
3 8590 5091 8663
3 276 4487 7660
3 1860 6863 6596
3 4246 8751 674
3 986 2632 1989
3 4246 612 8583
3 7701 5615 2425
3 7845 6617 8583
3 5284 609 5715
3 5461 340 5290
3 6479 7770 613
3 5798 4906 4717
3 1034 6827 5798
3 857 6860 8297
3 6359 4824 6444
3 532 3730 5827
3 7032 6478 6001
3 4591 6681 3772
3 5546 7216 2610
3 7790 471 7032
3 1033 3105 2623
3 6850 5955 8503
3 5666 3053 2729
3 4909 4793 8430
3 1594 532 5827
3 3809 2528 1676
3 7550 1077 6290
3 4273 2397 4691
3 4524 5617 4728
3 6000 4233 8105
3 5914 1591 1415
3 1950 835 5468
3 5495 8428 5546
3 4849 6353 4871
3 143 2703 1068
3 4264 1144 8165
3 3054 5667 7073
3 4193 7028 248
3 3901 7269 7179
3 8048 7679 5322
3 2397 5141 7844
3 3406 950 8505
3 1591 4382 1415
3 213 2652 1445
3 8713 3471 854
3 6619 6522 6543
3 276 1447 245
3 177 1478 7846
3 1759 7846 7395
3 5647 3166 5852
3 6931 298 7911
3 8706 3471 716
3 4610 1415 4382
3 2398 3834 1612
3 2038 8274 381
3 609 1341 5715
3 1391 5178 3717
3 8357 5891 6990
3 4752 6415 5891
3 4484 6619 8615
3 7084 6906 6619
3 7002 2576 4524
3 1866 7041 6931
3 8615 8473 1478
3 3134 4290 4813
3 7418 3472 8714
3 6657 4699 2264
3 5475 4699 7323
3 7136 6506 6501
3 4552 3746 1672
3 7911 7781 7103
3 8464 3791 298
3 4685 7323 4699
3 2984 4181 7331
3 6931 7041 298
3 1866 1698 2264
3 5475 6497 6506
3 213 5795 6422
3 4527 5598 3320
3 4836 4029 151
3 6109 6573 2947
3 5298 4049 7992
3 3917 5287 5978
3 4266 3047 5921
3 5298 7992 8713
3 8735 32 4134
3 842 8092 6736
3 2264 8183 7041
3 1445 4527 5298
3 7524 2777 2057
3 5495 2610 537
3 4901 7048 8061
3 2544 8180 3320
3 6860 4563 8297
3 3472 7418 2947
3 6748 8470 5298
3 6988 370 6488
3 8706 2562 854
3 1783 716 3303
3 3472 2947 1816
3 8406 2296 2419
3 8706 716 1783
3 2156 87 7234
3 4764 1697 6418
3 2859 6545 5169
3 3166 5647 5552
3 2444 5852 3166
3 8115 7122 3802
3 6860 7122 1399
3 5647 1525 1400
3 4698 4423 1071
3 3915 3372 5551
3 1759 3373 4621
3 3303 3391 691
3 2561 690 6087
3 7028 4193 1946
3 4621 3373 3916
3 8473 3391 7846
3 7122 5553 1399
3 1233 6144 6714
3 3878 8524 370
3 1523 1348 6843
3 5057 6145 1234
3 4749 5543 5835
3 2832 245 1447
3 8735 4623 32
3 6234 4446 310
3 5715 4936 5284
3 6755 462 7572
3 7241 3044 7850
3 7078 2401 8371
3 6531 8220 6322
3 5210 446 2309
3 6719 562 5039
3 2604 928 7227
3 4564 1480 6617
3 4104 3080 2456
3 6933 1316 354
3 8148 6531 4061
3 211 2847 4981
3 5900 1742 5949
3 5563 22 4122
3 5226 1611 8684
3 7234 997 4722
3 2610 7216 537
3 211 997 7234
3 5243 5541 5029
3 2004 4811 5041
3 7817 2566 3565
3 6943 6286 4766
3 5735 3212 1415
3 2615 5146 4141
3 3911 4709 5968
3 4709 6268 163
3 8154 5576 1527
3 7235 3385 3699
3 5273 670 5914
3 6764 7275 3621
3 424 2171 4589
3 1748 3608 4939
3 5248 4824 5116
3 2021 4853 1113
3 5747 5877 2929
3 4135 842 6863
3 1446 3881 4623
3 6144 5056 3098
3 163 4752 5891
3 1034 5733 6827
3 1233 2274 4487
3 980 4906 4444
3 6828 918 1048
3 2832 5794 4624
3 8297 6061 5342
3 7292 22 4143
3 7084 6543 7103
3 3304 2798 1816
3 6860 7661 2275
3 8473 8615 6088
3 1759 7395 3373
3 3916 5552 7121
3 7688 1806 8604
3 3916 8114 4621
3 4098 7383 5844
3 8114 3801 4621
3 2096 6139 6333
3 8596 5731 6824
3 1233 6714 2274
3 7395 3166 3373
3 4853 8212 1758
3 6062 8155 5343
3 4210 8227 6971
3 690 2561 1782
3 5152 2153 2518
3 5247 4484 8615
3 2196 2995 2057
3 4621 3801 1105
3 161 5177 4320
3 6714 1105 3801
3 5925 228 8800
3 2264 4699 8183
3 3801 2274 6714
3 6657 2264 4640
3 8615 6619 6906
3 5921 5407 3744
3 8818 1632 7900
3 5083 4752 163
3 4640 2264 4836
3 2444 3391 3303
3 4556 2877 2022
3 7846 1759 177
3 854 6748 6901
3 2424 6456 4162
3 2832 4624 3268
3 2274 7660 4487
3 7661 6860 277
3 6088 3391 8473
3 2275 3802 6860
3 4853 2021 4321
3 1105 6714 6144
3 3881 32 4623
3 6543 7084 6619
3 6543 1698 1866
3 1782 3302 690
3 4881 3337 8466
3 5398 2859 5169
3 1363 4484 5247
3 5852 3303 1525
3 3268 4624 6863
3 3791 8145 3568
3 8814 6826 4830
3 6906 8470 6088
3 7048 2245 8061
3 4639 152 3121
3 7065 3121 152
3 3946 4135 4698
3 1698 4029 4836
3 3791 3568 7781
3 7068 5448 5714
3 7012 6952 4775
3 7975 5011 7333
3 8498 1964 6384
3 3568 8145 2652
3 4017 5014 7578
3 6341 1217 1348
3 261 111 4086
3 3483 6810 5886
3 768 1705 157
3 192 3230 7650
3 6075 5958 7300
3 7216 8421 503
3 5663 8743 2028
3 5339 4589 4766
3 8220 6531 2819
3 4061 4537 8148
3 5116 4824 4691
3 161 1007 3118
3 5635 5248 5838
3 5039 241 6719
3 5273 5914 1415
3 7628 7979 8197
3 1676 3579 4358
3 7073 2278 1604
3 158 503 5424
3 7518 8663 1120
3 7175 4811 1501
3 4878 6536 5090
3 1326 1709 8814
3 2397 5273 1415
3 360 3070 7148
3 5280 5961 8608
3 7780 4568 2717
3 737 7262 5128
3 1218 2717 625
3 8111 6302 4411
3 3756 4468 5014
3 6719 3210 6732
3 3098 5056 245
3 4257 8557 4694
3 2341 60 4688
3 6088 691 3391
3 1233 4487 245
3 6175 3717 6152
3 8395 7383 5178
3 5968 6102 5457
3 4524 393 6708
3 4688 6451 2341
3 6363 3774 1531
3 6271 1329 8001
3 1105 6144 1759
3 177 1759 6144
3 6860 857 277
3 4737 1880 5586
3 1594 4468 3756
3 2418 4967 1669
3 8558 2401 7078
3 903 1279 8762
3 670 8305 6571
3 3216 2994 1307
3 7092 6859 7922
3 8051 4162 4901
3 4061 2027 4537
3 2057 4686 3121
3 3098 177 6144
3 1447 5794 2832
3 3268 6863 1860
3 7103 6906 7084
3 3676 5155 4915
3 6736 6596 6863
3 32 3881 3878
3 5014 1508 3803
3 1611 7283 7590
3 4836 2264 1698
3 6271 8001 47
3 1363 6522 6619
3 6803 7065 152
3 7041 8183 8464
3 8229 5461 5290
3 4468 6841 5014
3 7234 4722 2156
3 4030 6318 152
3 3639 4912 7277
3 1860 245 2832
3 2122 4446 8484
3 263 1484 7593
3 5227 3718 85
3 970 5138 7012
3 7599 8399 6168
3 6748 854 2562
3 6930 2216 8229
3 5706 7510 6020
3 1339 4248 6342
3 177 2341 1478
3 3699 6177 7235
3 1364 4030 1699
3 5209 2129 214
3 6906 6088 8615
3 3391 7395 7846
3 3685 5350 8505
3 7792 1816 8299
3 1707 3673 6971
3 3166 5552 3373
3 8470 6422 5795
3 4784 3805 8119
3 248 1429 4921
3 157 7780 2717
3 1415 4610 5735
3 620 2643 2035
3 7234 8570 502
3 3593 6047 6643
3 2402 7234 158
3 5598 5510 2544
3 1705 801 157
3 4467 8126 3934
3 5735 1887 1594
3 4761 2035 2643
3 1478 8473 7846
3 8305 47 6571
3 6668 8261 6849
3 1807 253 8613
3 857 7419 3881
3 3032 5177 161
3 2413 7780 157
3 4434 7285 657
3 1117 6942 410
3 3803 1508 2145
3 8524 8546 6726
3 4749 5835 2122
3 5098 6115 7734
3 8581 6501 6506
3 7696 3134 6849
3 3202 7344 143
3 3268 1860 2832
3 1128 7566 7733
3 8472 5281 7568
3 5116 4691 1084
3 6668 4699 5475
3 4622 248 423
3 3745 2440 5151
3 6497 5560 3703
3 5329 5026 2566
3 2729 2064 6818
3 4588 4622 423
3 370 6988 289
3 7865 2139 8511
3 1604 6216 8549
3 5290 340 6269
3 4826 5949 7482
3 3147 5842 6165
3 2995 4553 2057
3 7228 4511 1182
3 1478 2341 3359
3 7941 7557 3533
3 466 4394 2766
3 94 881 6020
3 4685 4699 3120
3 2777 7524 3325
3 1698 6522 1363
3 737 6177 3699
3 6616 8061 2015
3 6924 2249 1627
3 5247 5507 1363
3 5507 3359 6451
3 6596 5979 7245
3 6452 5138 5508
3 4143 22 5563
3 2310 447 8762
3 671 7078 3236
3 8395 1963 3239
3 5247 8615 1478
3 1495 6827 5733
3 2264 7041 1866
3 3033 8212 4321
3 133 2503 392
3 2367 1065 2519
3 1151 5178 2292
3 4193 248 4921
3 5495 537 4901
3 2818 5559 7277
3 7650 3230 7816
3 3255 815 5828
3 4589 2171 6943
3 5217 5424 2481
3 1860 8318 3098
3 8666 3676 6298
3 4694 8220 4126
3 4766 6286 2468
3 842 7040 3836
3 4135 6863 8736
3 7757 8397 289
3 7285 2299 657
3 2397 3212 1084
3 85 1729 7096
3 6271 47 8305
3 211 4981 997
3 8641 3475 8510
3 5979 3818 4688
3 4624 5794 1447
3 8549 6216 6933
3 5635 5630 6444
3 2294 7814 6290
3 4135 3946 3836
3 7650 2424 4162
3 2348 4667 4423
3 3385 4774 6112
3 370 4134 32
3 4698 1707 4423
3 3222 7220 2998
3 5424 503 2481
3 289 6988 6340
3 2402 8570 7234
3 2397 5034 4691
3 2938 7578 3803
3 5838 5248 1594
3 7283 8105 953
3 8249 8620 3419
3 8165 6702 8447
3 943 7020 1209
3 490 5635 5838
3 4821 3715 6293
3 928 4558 7227
3 4408 2615 7382
3 6091 8807 8399
3 5949 4826 5559
3 6444 4824 5635
3 670 1591 5914
3 3334 6177 6000
3 6175 980 3717
3 7844 5141 5093
3 3621 7275 8530
3 7054 5804 1032
3 5886 261 4086
3 5141 4764 6418
3 999 6681 4591
3 4271 4511 7228
3 3273 1527 5648
3 5492 8604 3118
3 1307 4923 2859
3 5798 3239 1034
3 3680 3274 5457
3 1111 3803 6678
3 4653 7126 786
3 6616 2015 6204
3 1522 423 248
3 7028 1946 4109
3 801 677 157
3 1785 3325 2248
3 3360 4681 5398
3 2801 1691 1069
3 5730 4653 5667
3 2468 6286 5899
3 7331 5988 2984
3 1860 6596 7245
3 4901 4162 7048
3 3271 6719 8518
3 7257 2527 6323
3 152 4639 4837
3 3098 245 1860
3 6596 6736 5979
3 7028 7757 6340
3 3836 8092 842
3 2743 5461 4495
3 6863 842 6736
3 6843 6943 2171
3 3032 1806 5563
3 7245 8318 1860
3 7770 7382 473
3 6943 815 6286
3 3359 5507 5247
3 3098 8318 177
3 554 2818 7277
3 3861 6904 4265
3 1946 709 4109
3 5979 6736 8092
3 2835 8610 5339
3 3104 2447 2266
3 1671 6719 8004
3 8397 1706 370
3 5543 3946 4698
3 717 2798 3304
3 5546 5481 2481
3 4667 2348 7052
3 5835 4446 2122
3 3202 1348 7344
3 562 6719 3271
3 954 4446 5835
3 7052 8227 4210
3 4697 4134 370
3 127 5961 1774
3 1113 1758 3906
3 5899 5339 2468
3 5255 119 302
3 8227 7052 2348
3 1685 1263 684
3 1071 5543 4698
3 6971 2348 1707
3 3044 1161 7850
3 2310 8762 273
3 8311 6552 2008
3 5292 5210 7078
3 7994 1744 8371
3 6840 7944 6822
3 6600 6047 3593
3 7937 1750 1563
3 1965 4833 4109
3 6340 7757 289
3 7724 668 342
3 2819 7431 2238
3 6340 1522 248
3 4017 5723 4677
3 4824 5248 5635
3 6270 1144 2103
3 5014 1956 3756
3 5961 8050 8161
3 602 2803 4346
3 6415 2009 7375
3 8559 2278 5667
3 4774 7817 127
3 344 737 3699
3 892 8814 4830
3 5499 2501 521
3 2129 3415 6298
3 1966 26 3532
3 3271 7252 2834
3 424 1523 2171
3 1709 249 186
3 4540 6239 5235
3 4589 5339 8610
3 562 2834 5039
3 6687 8756 6531
3 5783 8408 901
3 2057 2777 2196
3 4434 657 5526
3 8757 202 2239
3 1134 249 1326
3 4694 5726 4061
3 17 8443 3261
3 1307 6471 3216
3 1548 5763 7806
3 1263 903 2008
3 906 6401 7344
3 5448 2196 2777
3 267 17 3261
3 8569 6212 5210
3 1069 1691 5575
3 5091 8590 1263
3 5041 4811 3415
3 2734 5968 4709
3 8202 7608 6395
3 6139 8530 7848
3 3380 1059 20
3 60 7245 5979
3 177 8318 7245
3 827 6507 305
3 7590 7770 1611
3 7234 87 158
3 6175 4098 4906
3 4691 4824 6359
3 5424 5217 8127
3 4764 617 8623
3 7245 2341 177
3 677 2413 157
3 2642 5290 6269
3 5835 5543 1071
3 625 2847 1218
3 7688 7860 1806
3 20 5138 4687
3 342 668 617
3 4210 3673 4834
3 4749 8092 3836
3 8398 4834 1707
3 2072 3516 8552
3 5481 2930 5241
3 3452 8190 26
3 6847 5563 7860
3 4691 5034 1084
3 1910 3741 838
3 8638 5404 164
3 5514 5731 8596
3 370 289 8397
3 2348 4423 1707
3 1707 4834 3673
3 6678 2145 5133
3 710 26 1966
3 3901 6401 1751
3 4109 7757 7028
3 1994 2359 7722
3 8478 6432 3404
3 2278 7073 5667
3 8190 4298 6440
3 8119 3273 613
3 6586 7176 5946
3 1579 7724 7353
3 4107 956 8155
3 6719 7061 8004
3 5151 8384 3271
3 7724 8623 668
3 6201 1307 2994
3 5950 3215 5907
3 3423 4059 4921
3 6341 1348 1523
3 3424 3452 4060
3 6661 8708 787
3 6636 4764 5141
3 8762 1279 7592
3 2834 7252 4622
3 7069 6552 7850
3 8155 956 5343
3 272 6301 3162
3 4343 3127 8154
3 2027 4061 5184
3 5928 4906 5798
3 4622 8609 2834
3 6092 5146 6633
3 117 6307 6656
3 8035 6676 6271
3 5339 242 5040
3 7769 2668 7864
3 1733 2819 7200
3 6958 5492 3118
3 158 1705 2402
3 4784 5093 2052
3 3535 5216 861
3 1685 6600 5526
3 1399 4563 6860
3 6707 392 7926
3 2503 2410 4931
3 7581 7816 2368
3 4135 7040 842
3 4732 7083 7288
3 7381 897 1964
3 8601 6155 2576
3 20 6952 7012
3 8395 5178 392
3 3864 5090 7672
3 2008 8762 8311
3 4969 2433 2801
3 2341 7245 60
3 3836 7040 4135
3 94 7510 5706
3 2818 5949 5559
3 7650 7816 2424
3 2708 3625 7019
3 3981 4113 5231
3 5835 1071 954
3 5961 6112 1774
3 5844 3239 4717
3 1077 750 3207
3 7694 748 5928
3 954 4210 8638
3 2814 6168 8399
3 4965 7227 839
3 3673 4210 6971
3 3803 7578 5014
3 3772 7375 6764
3 8162 7126 4653
3 8227 2348 6971
3 4110 4834 8398
3 6573 6109 6652
3 5979 8092 2122
3 1966 3532 5404
3 1284 4847 4181
3 6440 3532 26
3 6235 578 3380
3 490 5838 1956
3 8397 7757 4109
3 1946 4193 4059
3 4265 609 5284
3 4193 4921 4059
3 6479 3620 6692
3 1113 4853 1758
3 767 1144 4264
3 3803 5642 4344
3 3261 1224 8076
3 8672 5968 3463
3 7600 1219 7464
3 2134 162 1529
3 8623 1697 4764
3 1339 6965 3318
3 4987 6819 4534
3 7581 122 4596
3 2344 3702 3580
3 5346 4990 1194
3 6348 4489 2451
3 903 8762 2008
3 7557 2248 8519
3 6720 460 8596
3 7839 7567 6658
3 888 8259 3038
3 620 4183 2643
3 3142 7205 1509
3 8240 7695 7823
3 2797 1056 6424
3 5169 6545 7100
3 8472 8261 6651
3 3325 6803 2248
3 3533 7557 8519
3 6318 4030 4715
3 7524 2057 7065
3 253 3319 8179
3 8145 5598 2652
3 7874 7733 3961
3 9 5407 5531
3 2819 2238 7200
3 3463 3272 8672
3 87 2156 503
3 8666 6298 4279
3 617 4764 6636
3 2481 5481 5217
3 7638 6444 6636
3 6116 8454 2252
3 4681 5254 2344
3 7806 602 4346
3 170 748 7519
3 1501 4811 7096
3 3532 164 5404
3 3452 4298 8190
3 4446 954 164
3 4622 7252 3271
3 8045 7742 8381
3 8372 1470 4945
3 6440 164 3532
3 2565 8641 3431
3 2710 2198 8724
3 1672 4685 4552
3 2440 4921 1429
3 7012 3533 970
3 3717 5178 6152
3 6668 6849 6404
3 7093 2447 3104
3 5339 4766 2468
3 8395 3239 5844
3 954 8638 164
3 1890 5706 3861
3 1705 768 2402
3 7926 392 1151
3 4802 8088 2
3 3523 4246 8583
3 5508 4030 1364
3 899 4310 3470
3 8568 1986 8127
3 1151 392 5178
3 5117 7845 4104
3 5724 1926 3922
3 4523 133 392
3 3110 3514 8657
3 8412 5227 7096
3 1956 4017 7551
3 5526 5091 1685
3 562 3271 2834
3 1508 3685 2145
3 1502 3382 5231
3 2587 2527 4780
3 2929 1393 7285
3 1472 263 7894
3 5804 7932 5616
3 4688 60 5979
3 4264 4841 767
3 6456 7048 4162
3 3836 3946 5543
3 6863 4624 8736
3 1742 7748 4480
3 3717 1531 1391
3 2575 2410 2503
3 8190 6440 26
3 1255 5563 6847
3 8484 4688 3818
3 7551 5635 490
3 2847 625 4558
3 7865 8123 4366
3 7581 6219 4918
3 954 4423 4667
3 3593 4221 242
3 5404 4834 1966
3 8638 4210 4834
3 3164 4907 4660
3 3620 6702 6692
3 2566 4774 3385
3 4298 400 8278
3 4622 8384 2440
3 1748 4382 1591
3 7233 8030 5570
3 4172 420 772
3 5635 7551 5630
3 3812 8657 3514
3 4086 1439 3483
3 6692 6702 8165
3 7530 101 7426
3 6281 1401 6561
3 6048 7086 466
3 7816 4918 7643
3 5699 7972 3716
3 6096 772 420
3 7006 292 6017
3 5292 446 5210
3 5854 6301 272
3 2057 3121 7065
3 4098 5844 4717
3 7078 8371 5292
3 2038 3911 4043
3 4948 2029 7451
3 7431 2819 6531
3 473 4742 7770
3 1594 5827 4468
3 3359 5247 1478
3 8127 1986 801
3 5461 8725 4495
3 2699 5733 1294
3 5241 2930 773
3 2096 6764 3621
3 5655 7276 214
3 8051 1159 5643
3 702 4346 7096
3 281 7055 8771
3 2712 7066 8580
3 2413 5133 7780
3 2777 3325 1785
3 214 7276 5209
3 7193 2134 2447
3 602 8666 4279
3 801 1705 158
3 1713 8568 3095
3 801 1986 8568
3 1624 3983 88
3 2803 4279 7175
3 192 7002 2368
3 3095 2413 677
3 1591 670 8146
3 7375 3291 3274
3 8421 2481 503
3 768 1218 502
3 5544 5699 3716
3 677 801 1713
3 4691 6359 4273
3 2055 4207 6059
3 5642 3803 1111
3 6617 7845 5117
3 1508 5014 3685
3 7638 4273 6444
3 7528 4298 3452
3 6636 5141 7638
3 5800 1910 2846
3 2565 3452 3424
3 935 6997 3661
3 1975 5567 2743
3 5715 1341 5704
3 6307 3086 6656
3 557 5458 1726
3 3818 5979 2122
3 164 6440 4298
3 2993 3080 3222
3 6429 5361 521
3 8442 5570 3475
3 2608 3559 8510
3 897 7381 1278
3 4921 2564 3423
3 127 1774 4774
3 6520 3475 8641
3 867 6644 4067
3 1429 248 4622
3 2397 4273 5141
3 4059 709 1946
3 1071 4423 954
3 8229 3503 5900
3 4622 4588 8609
3 8484 3818 2122
3 8670 6930 8511
3 954 4667 7052
3 6814 6075 7300
3 1975 2743 4495
3 8638 4834 5404
3 6326 461 5642
3 5040 2835 5339
3 3475 4195 2608
3 150 3683 6885
3 5526 242 5339
3 6520 1803 8442
3 4220 5279 241
3 5339 5899 5526
3 521 6661 6429
3 4418 3431 5107
3 1263 2008 684
3 674 8751 154
3 2589 4706 5570
3 8672 1615 487
3 5630 7724 6444
3 7441 7991 8616
3 4709 3911 2038
3 7524 6803 3325
3 6201 7067 5713
3 2248 6803 6318
3 3533 4775 7941
3 8061 6616 8428
3 1685 5091 1263
3 17 267 6490
3 1068 3202 143
3 2447 2134 2266
3 4732 4138 7202
3 491 4043 7972
3 2703 143 7179
3 163 4569 5083
3 8371 1744 5292
3 8663 7518 4598
3 7949 4043 491
3 2238 7431 8756
3 2699 999 399
3 2752 7587 5055
3 6175 7383 4098
3 2836 7420 3190
3 4027 574 7721
3 8666 114 5155
3 6073 6676 8035
3 3126 6999 2567
3 5178 7383 6152
3 1964 8498 2743
3 4346 1333 7806
3 3805 8154 1527
3 4126 1733 4257
3 8220 4694 6322
3 2367 2519 5947
3 4017 1956 5014
3 6219 6123 4918
3 2766 6793 4598
3 4878 6822 1858
3 4694 4126 4257
3 3452 2565 4418
3 7932 390 7004
3 4058 578 311
3 272 3162 6859
3 3380 578 1059
3 7873 6425 4916
3 935 8624 6997
3 3271 3745 5151
3 4058 8279 578
3 8510 3559 7635
3 6455 2368 6218
3 7865 8511 3293
3 400 3232 8278
3 7865 4132 6168
3 5741 1279 903
3 7635 5107 3431
3 1426 7476 4088
3 4677 7551 4017
3 6732 7061 6719
3 4710 3232 5107
3 7551 490 1956
3 7257 97 2527
3 787 5388 5570
3 4043 7949 8274
3 6112 4509 6093
3 8384 4622 3271
3 7770 4742 613
3 4195 3475 5570
3 5526 657 5091
3 6291 4509 6112
3 8518 6719 1671
3 7999 1505 4233
3 4652 5729 8161
3 1956 5838 3756
3 7922 8569 7092
3 6600 3593 242
3 8399 8807 2814
3 7054 2704 2154
3 503 2156 7216
3 2737 1894 7880
3 2266 8568 8127
3 5546 8421 7216
3 8045 7066 4051
3 4906 980 6175
3 2156 6283 7216
3 5424 8127 158
3 2615 1329 6633
3 6961 6363 3091
3 5212 3734 5586
3 6764 399 4591
3 6152 7383 6175
3 342 6444 7724
3 4273 6359 6444
3 668 8623 617
3 2618 8672 3272
3 1060 5939 1010
3 6642 2735 3592
3 671 4695 8558
3 8311 8762 1745
3 5479 4922 8648
3 8557 4257 3072
3 2735 6470 3592
3 2122 8092 4749
3 2589 8030 7233
3 6073 7844 5093
3 2668 343 6220
3 6520 8641 2565
3 4721 2501 3559
3 7635 3431 8641
3 1059 578 8197
3 400 4298 5107
3 5030 8518 1671
3 6904 2048 609
3 2239 5090 6536
3 2239 202 6686
3 8510 7635 8641
3 3431 4418 2565
3 7331 2525 2945
3 5764 7455 749
3 3142 5686 7205
3 7232 8441 3745
3 5030 7232 3745
3 7528 5107 4298
3 4266 2590 3047
3 2501 4721 521
3 2440 1802 2564
3 2565 1803 6520
3 902 7350 8500
3 4628 6260 2576
3 6636 6444 342
3 901 2049 6348
3 2859 5398 3216
3 902 8500 5642
3 3043 5500 1160
3 2440 1429 4622
3 2590 7229 3142
3 4721 3559 2608
3 7877 1228 7607
3 2430 4524 6708
3 2288 5747 6286
3 4524 2368 7002
3 6130 2843 5346
3 6298 3350 2129
3 6628 8206 8537
3 3497 1056 2797
3 4732 3505 6642
3 2944 8447 730
3 4728 420 4172
3 6470 3210 4220
3 5911 23 1333
3 8624 5360 6430
3 7276 256 6160
3 6693 3661 8197
3 3661 4402 7628
3 4715 4030 5508
3 1527 3273 3805
3 281 8771 5567
3 5828 815 1068
3 2 6584 6608
3 554 4912 6930
3 5543 4749 3836
3 6790 1460 8725
3 5723 7578 130
3 8447 8772 4264
3 8161 8050 7125
3 4052 4172 772
3 8684 6270 5226
3 6561 5353 6281
3 1586 8415 2810
3 8224 7325 397
3 2013 3613 6790
3 6702 3620 8447
3 7949 6674 8274
3 2103 5329 3334
3 8447 3620 5648
3 4509 2729 344
3 6732 3210 97
3 4418 7528 3452
3 7740 2035 3360
3 26 4060 3452
3 3559 2501 5499
3 2035 6408 3360
3 5499 7635 3559
3 1059 8197 20
3 5949 1742 7482
3 310 164 4057
3 4195 4721 2608
3 8510 3475 2608
3 2048 4055 979
3 7292 292 7006
3 2525 7945 1355
3 8004 5030 1671
3 3760 7557 7941
3 3475 6520 8442
3 1595 2221 3760
3 787 4721 5388
3 6470 2735 3505
3 2440 8441 1802
3 5570 8442 7233
3 3716 7972 1615
3 4558 4981 2847
3 2564 4921 2440
3 1426 4706 301
3 5279 4220 3210
3 1228 6587 4706
3 5030 3271 8518
3 8004 7232 5030
3 4752 5083 2009
3 5968 6604 3911
3 8612 3152 8335
3 684 7069 6047
3 6047 1685 684
3 6139 8580 1405
3 1685 6047 6600
3 918 8658 4055
3 6451 3359 2341
3 2836 173 7420
3 752 465 6334
3 3210 6719 5279
3 1110 6651 8261
3 7922 4695 3236
3 1128 3038 8471
3 736 7526 5001
3 4444 3402 980
3 3533 5508 970
3 82 8581 5263
3 6819 1807 7839
3 7136 6668 5475
3 8559 4653 786
3 7475 2605 5924
3 7979 4775 6952
3 2424 7816 6456
3 2036 359 1804
3 674 154 7814
3 1529 3095 2266
3 7620 3312 1077
3 7620 2632 3312
3 2086 7439 3674
3 537 6283 5516
3 2139 8670 8511
3 5217 5481 7093
3 7966 2529 3617
3 310 4446 164
3 6617 1480 3523
3 5706 6904 3861
3 7073 6484 8430
3 6019 6191 2754
3 5335 2913 827
3 6141 7888 5341
3 6930 2965 2216
3 7353 7724 7551
3 7277 4912 554
3 1746 2556 4939
3 6112 7832 3385
3 7216 6283 537
3 4784 8002 8154
3 6291 8161 5729
3 4558 928 6622
3 6707 7926 2429
3 2429 7926 2292
3 6281 1579 7353
3 613 4742 8119
3 4143 1255 292
3 6270 2103 5226
3 7865 4366 8503
3 2103 1144 767
3 3167 390 7932
3 7353 4677 6281
3 5457 6102 3680
3 1212 4159 4093
3 5079 5969 5769
3 579 4358 1746
3 6194 2556 1746
3 6363 1531 980
3 5500 3043 1967
3 2292 3898 1032
3 6470 4220 3592
3 3699 3385 7832
3 5934 4630 3667
3 1812 5742 7083
3 4444 5928 170
3 7850 6552 8311
3 7069 684 6552
3 2368 7816 192
3 8148 6687 6531
3 6247 7473 2029
3 5976 1733 4877
3 8279 3233 935
3 3232 400 5107
3 677 1713 3095
3 6218 4524 4172
3 5107 7528 4418
3 7578 2938 8500
3 8708 6661 521
3 8624 3233 5360
3 5499 5361 4710
3 1439 2249 6162
3 5107 7635 5499
3 2245 4261 6123
3 8127 3104 2266
3 5991 4820 8692
3 1604 6489 3639
3 2604 7535 928
3 6364 468 1595
3 6526 7476 4015
3 1595 3760 7941
3 4918 6123 7643
3 4071 6387 2090
3 301 4565 4015
3 2447 7093 7193
3 8484 4446 6234
3 935 3661 6693
3 5487 5642 461
3 7096 4814 702
3 97 4780 2527
3 8441 2440 3745
3 1975 1798 8534
3 6732 7257 8004
3 768 157 2717
3 4710 5107 5499
3 827 4422 5335
3 6177 5329 7235
3 6387 8005 7258
3 2040 6526 4015
3 7714 3920 5489
3 3745 3271 5030
3 6587 301 4706
3 4564 6617 5117
3 8447 4264 8165
3 5567 1975 281
3 7283 5226 2103
3 7814 2294 5227
3 381 6268 2038
3 2587 4732 7408
3 1615 17 3716
3 7406 381 4730
3 2515 2380 621
3 2642 5900 3503
3 4730 6570 7406
3 2610 5495 5546
3 6281 130 1401
3 3505 2587 4780
3 3613 2013 1502
3 930 6146 5955
3 6168 2814 8249
3 8004 7061 6732
3 1068 1348 3202
3 4181 2984 648
3 7724 5630 7551
3 6385 6997 5266
3 4721 4195 5388
3 4922 6385 2270
3 1521 5289 3963
3 617 6636 342
3 5361 3232 4710
3 2052 5093 6418
3 3415 4811 7175
3 4924 5714 6817
3 6281 4677 130
3 6526 6661 4088
3 4859 6887 2404
3 7671 5738 6369
3 1910 838 2846
3 5576 3127 6873
3 4568 839 2717
3 6847 7860 7688
3 7229 7292 7006
3 3945 1310 2588
3 521 5361 5499
3 1218 2847 502
3 5648 6479 613
3 5388 4195 5570
3 6479 5648 3620
3 4706 4071 1228
3 6468 8500 7350
3 4181 7148 1284
3 5141 4273 7638
3 8623 838 8526
3 2440 8384 5151
3 4775 3533 7012
3 2589 7233 8005
3 1870 207 4343
3 7148 7688 8604
3 7944 1858 6822
3 1426 4088 5570
3 2739 2040 4015
3 2221 7094 6605
3 2239 4897 4915
3 812 1678 3065
3 7877 7607 5764
3 6323 6627 8536
3 4043 3911 487
3 97 3210 4780
3 812 5089 866
3 6387 7258 2090
3 3066 6907 3918
3 6719 241 5279
3 5489 3920 1228
3 6805 7033 8432
3 5742 1417 7083
3 6600 242 5526
3 8558 7078 671
3 4695 7922 5185
3 2401 7684 7994
3 2525 901 2945
3 5457 3463 5968
3 943 1209 5732
3 4183 2577 5082
3 7175 6298 3415
3 3898 2292 1391
3 5280 7125 5961
3 6323 7408 6627
3 3334 6000 7283
3 7672 5763 1548
3 3505 2735 6642
3 8503 4366 6850
3 8583 612 8726
3 7975 256 7626
3 1964 897 6384
3 6168 3419 7865
3 8500 6468 7578
3 3480 6965 1339
3 2846 7724 1579
3 3104 5217 7093
3 6047 7069 6643
3 1529 2413 3095
3 1531 6961 4236
3 2743 340 5461
3 7599 6168 6461
3 4534 3418 7608
3 7026 4587 3287
3 4248 7126 6342
3 6017 5988 2945
3 8428 6616 6204
3 8305 8035 6271
3 6461 6168 4132
3 8335 6114 5097
3 6745 2492 6204
3 8229 554 6930
3 5458 461 162
3 6254 3399 1497
3 1760 1977 7058
3 1111 5133 2413
3 7148 1681 1284
3 130 4677 5723
3 2015 8061 2245
3 1032 3898 4236
3 935 3233 8624
3 6430 5266 8624
3 3595 385 4953
3 7142 4603 6561
3 4139 6643 7069
3 5343 956 4107
3 3216 3747 2994
3 4138 1160 7202
3 8526 1697 8623
3 1733 7200 6535
3 7240 7684 6309
3 2029 4948 7944
3 4257 1733 5976
3 2436 7866 2395
3 7567 1807 7734
3 7839 410 6819
3 8278 4057 4298
3 7733 6113 3961
3 5281 8472 82
3 5971 5733 1034
3 748 170 5928
3 3702 5561 3580
3 3118 1007 6958
3 2920 6817 5714
3 6859 7092 272
3 8299 2947 6573
3 2270 5266 6662
3 748 7742 4051
3 5570 4706 1426
3 1806 3032 161
3 4721 787 8708
3 2566 3385 5329
3 4408 7999 8722
3 6661 787 4088
3 1713 801 8568
3 6139 3621 8530
3 8119 6092 6676
3 301 7476 1426
3 8503 2139 7865
3 1758 8212 3625
3 8005 4706 2589
3 2192 5089 812
3 6169 4557 5754
3 7714 4015 4565
3 6587 7714 4565
3 399 4521 5733
3 1228 7714 6587
3 3812 8650 8608
3 2738 5479 8648
3 5227 8412 7814
3 866 5489 5764
3 6466 5764 749
3 5398 5919 3216
3 5489 2192 3763
3 4706 8005 4071
3 7100 4923 6130
3 2055 7653 4207
3 6986 8206 7653
3 6323 2527 2587
3 1194 2577 4980
3 2292 5178 1391
3 7005 420 7933
3 3503 5290 2642
3 5578 4596 3762
3 461 557 3629
3 557 461 5458
3 5461 8229 6790
3 2965 1052 7923
3 6490 3716 17
3 4596 4609 2245
3 7923 2013 2965
3 5192 6890 2079
3 381 621 2380
3 6735 5330 431
3 6805 1864 7033
3 772 6096 5724
3 2734 3680 5968
3 2799 5482 2090
3 5526 5899 4434
3 7285 4434 5747
3 4598 6793 8590
3 3430 2771 5398
3 6961 3774 6363
3 8563 2055 6059
3 4139 7069 1161
3 6326 1111 2413
3 3505 3210 6470
3 5800 5353 6561
3 8519 5508 3533
3 1152 5842 8300
3 1697 8695 6418
3 7684 3073 6309
3 5827 3730 4468
3 838 3741 8526
3 7408 4732 7288
3 7724 2846 838
3 838 8623 7724
3 2756 7029 6233
3 684 2008 6552
3 2401 8558 3073
3 8526 3741 1910
3 6309 2550 5683
3 153 7458 1761
3 8428 1467 8061
3 6219 5325 6123
3 5093 4784 6073
3 1910 7142 4067
3 4162 8051 7650
3 4236 6961 7054
3 2570 4907 3164
3 1159 5516 6283
3 5617 7933 4728
3 950 3406 1436
3 2180 6745 1894
3 3906 7864 1113
3 7277 5559 4826
3 2481 8421 5546
3 6465 5189 8655
3 3104 8127 5217
3 4564 2456 7381
3 4346 2803 7096
3 786 7126 4248
3 5482 749 7455
3 1228 7877 5489
3 5482 8537 8206
3 3766 2930 408
3 1729 5911 1333
3 8505 3994 6121
3 3379 4688 8484
3 4279 6298 7175
3 7175 1501 2803
3 674 2128 7096
3 1509 6348 6067
3 674 5850 4246
3 1758 2708 4864
3 8708 521 4721
3 5026 5329 2103
3 1228 3920 7714
3 6692 8684 6479
3 4321 8212 4853
3 4057 164 4298
3 4901 537 8051
3 7055 1989 475
3 5289 1521 81
3 2192 2739 3763
3 8537 5482 2799
3 2376 1678 866
3 4015 7714 2739
3 5384 749 4001
3 2103 767 5026
3 8726 612 7220
3 7257 6732 97
3 2040 6661 6526
3 162 461 1529
3 6986 4001 8206
3 5829 711 1502
3 4780 3210 3505
3 8167 6283 4981
3 8537 2799 7258
3 5735 4610 2005
3 4603 1910 5800
3 6866 8167 4981
3 7408 8432 6058
3 5891 6415 6990
3 477 8703 3106
3 6130 5346 7100
3 2771 7740 3360
3 2712 2588 7066
3 1405 6333 6139
3 8197 3661 7628
3 3716 2643 5544
3 2528 4723 4582
3 1887 2249 111
3 8808 5163 2863
3 5804 5616 2292
3 2154 6052 7054
3 4524 2430 5617
3 8808 2863 2704
3 397 7325 2350
3 4172 4052 6455
3 1458 1521 3963
3 6749 3355 2670
3 5546 8428 408
3 6350 5015 7738
3 6317 6608 6584
3 5146 6092 4742
3 602 5763 114
3 1467 8428 5495
3 5850 6160 7220
3 2368 4524 6218
3 7880 6745 6204
3 3355 4735 7692
3 1502 2013 7923
3 3318 5537 1339
3 4088 787 5570
3 8608 8650 5280
3 7408 7288 6786
3 1467 4901 8061
3 8127 801 158
3 7096 5227 85
3 6786 7288 7083
3 6526 4088 7476
3 186 5144 1421
3 249 2303 186
3 4233 1505 8105
3 5479 2738 1000
3 8154 3127 5576
3 5570 8030 2589
3 7353 7551 4677
3 2810 4517 1757
3 3565 3812 3831
3 4565 301 6587
3 8722 7999 5468
3 6290 7814 154
3 786 6461 4132
3 5567 1480 4564
3 4603 5800 6561
3 1000 3918 1221
3 5489 7877 5764
3 6234 3379 8484
3 3812 1320 1247
3 2739 7714 3763
3 6384 897 2642
3 3355 7113 4735
3 410 2173 7614
3 8500 4344 5642
3 749 5482 4001
3 5961 6291 6112
3 6604 5968 8672
3 5988 6017 2984
3 2799 2090 7258
3 6281 5800 1579
3 1891 5504 5921
3 711 1798 1460
3 1734 6536 4878
3 749 5384 6466
3 6805 8432 7408
3 2052 8002 4784
3 2090 5482 7607
3 4669 1466 7195
3 8563 1119 7034
3 8206 4001 5482
3 7653 8206 6628
3 6986 7653 2055
3 4344 2938 3803
3 2270 6662 2041
3 4015 7476 301
3 8783 7372 5384
3 644 7115 4922
3 6093 7832 6112
3 5733 4521 1495
3 6017 699 7006
3 6466 5384 7372
3 6466 866 5764
3 3065 2376 6533
3 7607 4071 2090
3 7455 7607 5482
3 6059 1119 8563
3 6562 5743 2366
3 6642 4138 4732
3 2071 6524 1466
3 5384 4001 6986
3 1669 2887 2418
3 4360 8563 7034
3 7034 1119 6059
3 4985 7035 2942
3 6786 6805 7408
3 7241 7850 7685
3 6562 2071 1418
3 1599 6765 6605
3 311 578 6235
3 1789 5038 4491
3 7685 7850 7995
3 5420 7372 128
3 8381 7742 1495
3 7083 7202 7713
3 7653 6628 4207
3 4770 2011 6347
3 4408 7382 7770
3 7995 7850 8311
3 1010 1967 1060
3 4051 2588 748
3 3236 7078 7922
3 3162 6301 5947
3 7684 2401 3073
3 6239 4540 2549
3 3072 4257 6308
3 7803 2062 7848
3 908 8590 6793
3 5448 2777 1785
3 4761 6408 2035
3 6762 1401 6468
3 4775 7979 1595
3 5155 5090 2239
3 6693 578 8279
3 2859 6471 1307
3 2803 1501 7096
3 953 7590 7283
3 1726 6063 5813
3 6659 7568 474
3 5169 620 3430
3 8155 6062 6280
3 6418 8695 2052
3 461 2413 1529
3 620 8423 3430
3 7368 5260 2350
3 2704 2863 2154
3 2239 4915 5155
3 2418 2887 5741
3 207 1870 7144
3 4784 6676 6073
3 6016 2944 730
3 3473 3849 8605
3 5343 6401 8547
3 362 8449 6659
3 1792 351 5874
3 4515 5958 6075
3 4563 1399 1526
3 6490 267 4761
3 5616 2429 2292
3 7814 6574 674
3 8498 6269 2743
3 3143 7526 4180
3 1128 7733 7874
3 2743 6269 340
3 2512 6632 605
3 1884 1048 3590
3 2919 6762 2765
3 3565 2810 3110
3 7125 8050 5961
3 6238 2883 4609
3 7285 5747 2929
3 5919 5398 4681
3 474 82 5263
3 7048 6456 7643
3 4248 6461 786
3 930 6850 8620
3 5528 2749 7761
3 7205 699 6017
3 3385 7235 5329
3 3480 1339 6342
3 4107 4819 1751
3 1579 5800 2846
3 3481 1062 3319
3 6281 5353 5800
3 6561 7706 7142
3 4370 766 5073
3 8695 8526 6644
3 7035 6996 4648
3 7017 5073 1425
3 6786 7083 1417
3 6524 7195 1466
3 6058 4206 7408
3 299 5448 5603
3 7408 6323 2587
3 6562 8066 2071
3 1417 1864 6786
3 4841 4264 8772
3 1785 7557 3760
3 3393 5448 299
3 6385 3963 6997
3 4732 2587 3505
3 7083 4732 7202
3 2139 8503 8670
3 4922 5148 782
3 1873 1632 8818
3 794 3913 2825
3 5500 1967 1010
3 8648 2270 2041
3 4071 8005 6387
3 4107 5055 4819
3 7713 2010 1812
3 866 2651 2376
3 813 3918 1000
3 7455 5764 7607
3 487 7972 4043
3 1228 4071 7607
3 3419 8123 7865
3 866 5089 2192
3 7994 8371 2401
3 4669 7195 1425
3 4206 6627 7408
3 6067 1424 1509
3 6786 1864 6805
3 1425 8563 4669
3 2479 2549 4947
3 4257 5976 1857
3 4878 5090 6822
3 5155 3676 8666
3 5576 1996 5648
3 6061 6395 7608
3 6333 8045 4521
3 1415 3212 2397
3 8536 7257 6323
3 1641 2083 7519
3 524 394 2299
3 3402 6363 980
3 7941 4775 1595
3 7350 902 3629
3 8771 353 1480
3 4310 7004 3167
3 3167 7932 5804
3 1746 1627 6194
3 8725 5461 6790
3 5163 4310 3167
3 1729 4814 7096
3 2844 4093 6345
3 6850 4366 8620
3 6146 2965 5955
3 3713 979 8658
3 6930 4912 8511
3 4323 46 2233
3 1509 1424 3142
3 1796 6742 6360
3 1615 7972 487
3 6604 487 3911
3 2086 7482 4480
3 154 4246 3523
3 3831 8608 127
3 5082 5544 4183
3 154 8751 4246
3 908 2418 5741
3 7643 4261 7048
3 6162 2249 6924
3 8700 7522 5520
3 5241 7193 7093
3 5241 7093 5481
3 3803 2145 6678
3 4949 5670 2380
3 3875 2765 4831
3 773 7761 7193
3 3404 6705 1608
3 4939 3773 579
3 4054 2180 7890
3 7890 4475 4054
3 6762 2919 1401
3 2258 2865 3414
3 3685 5014 6841
3 6838 207 7478
3 1586 3565 4841
3 2055 5073 8783
3 3399 5924 7991
3 1933 565 5082
3 8526 8695 1697
3 1425 7195 7017
3 7034 1863 7743
3 7694 7742 748
3 7743 4669 4360
3 867 7706 8343
3 7033 6058 8432
3 1418 5743 6562
3 8119 6676 4784
3 128 4985 6908
3 6251 3409 3516
3 7701 3649 3274
3 6644 1002 8695
3 2071 7743 1863
3 2011 8066 1813
3 590 1402 7859
3 4770 8066 2011
3 1466 7743 2071
3 1060 1967 5681
3 1643 4540 5235
3 2549 6308 4947
3 1967 3043 5681
3 878 899 4587
3 1010 6346 7713
3 4648 6996 8066
3 1061 1643 5940
3 3680 511 6990
3 1767 4310 5163
3 3355 6749 1159
3 5500 7202 1160
3 5939 6346 1010
3 2930 5481 5546
3 7713 6346 2010
3 1627 2249 6194
3 7004 390 3167
3 7004 3003 397
3 4360 4669 8563
3 5743 1813 2366
3 5818 800 3922
3 7054 6052 5804
3 7530 2642 897
3 4609 2015 2245
3 3901 7018 6401
3 8534 8737 2648
3 4310 3003 7004
3 6455 6218 4172
3 7655 2384 5095
3 1439 111 2249
3 81 7558 7983
3 6793 4394 2711
3 7012 5138 20
3 6212 7078 5210
3 202 8757 7545
3 578 6693 8197
3 5489 3763 7714
3 3066 3918 813
3 1159 1481 989
3 3918 6907 1221
3 4462 1077 3312
3 8783 6986 2055
3 1000 2738 813
3 6997 3963 5289
3 2651 6466 7372
3 7372 6533 2376
3 5384 6986 8783
3 6574 8412 2128
3 2765 5038 2919
3 2128 674 6574
3 6644 8526 4067
3 7496 7620 7550
3 5266 6430 6662
3 8771 1480 5567
3 2519 526 7922
3 7992 4049 4527
3 2027 7654 4537
3 5185 5727 4695
3 2648 1989 7055
3 7142 1910 4603
3 8314 3957 3451
3 5041 5209 7276
3 773 2930 3766
3 1977 1760 3766
3 4596 5325 7581
3 1870 4343 1002
3 5163 3167 2154
3 2221 8067 5603
3 3091 2902 8193
3 7744 7706 3399
3 4236 7054 1032
3 5165 810 8198
3 5804 6052 2154
3 2154 2863 5163
3 1055 5528 773
3 2197 7448 7449
3 8428 2492 408
3 2699 8512 999
3 2129 3350 3676
3 146 5578 5574
3 8651 3480 7126
3 4444 4906 5928
3 3402 4444 7519
3 8663 4598 8590
3 4715 8519 6318
3 3429 7213 3931
3 2749 5458 7761
3 5244 7593 2181
3 6869 5289 81
3 4965 7966 3637
3 8505 7797 3406
3 4969 4945 1470
3 7643 6123 4261
3 162 7193 7761
3 6840 6822 5090
3 2270 8648 4922
3 6468 1401 7578
3 3053 2064 2729
3 1883 6818 5052
3 4113 6043 306
3 6177 737 5128
3 1529 2266 2134
3 8796 994 6976
3 2181 4740 4470
3 1729 1274 5911
3 2919 6561 1401
3 8066 6996 6503
3 4770 6347 5940
3 2549 4540 1061
3 128 7372 766
3 866 2192 5489
3 6247 7944 6840
3 7034 7743 4360
3 971 1221 3804
3 6268 4569 163
3 5235 4770 1643
3 7713 7202 5500
3 5682 2549 1061
3 1010 7713 5500
3 5681 3043 7239
3 7350 395 6468
3 8563 5073 2055
3 4669 7743 1466
3 5073 7372 8783
3 2071 8066 6524
3 2605 1621 6241
3 812 2739 2192
3 1221 4922 1000
3 6468 4831 2765
3 2366 1813 8066
3 1678 2376 3065
3 8066 4770 5235
3 6907 2369 1221
3 8066 6562 2366
3 2651 7372 2376
3 1393 2299 7285
3 2929 524 1393
3 8437 5317 8815
3 4067 8526 1910
3 2405 8723 8489
3 2071 1863 1418
3 128 6908 5420
3 7346 8094 4425
3 3565 2566 4841
3 20 4687 3380
3 2965 6930 8670
3 7017 4370 5073
3 7449 7308 2197
3 128 766 4370
3 3744 6706 9
3 4366 8123 3419
3 7721 1103 4027
3 7761 773 5528
3 3558 2406 1938
3 4609 2883 6883
3 2479 6239 2549
3 6309 5683 7240
3 7294 509 7451
3 6406 6672 4566
3 4628 6155 8601
3 3864 8440 6840
3 3676 3350 6298
3 5528 1055 2749
3 2492 8428 6204
3 6524 8066 6503
3 146 2395 6238
3 6158 2825 2752
3 3478 4217 6293
3 1460 4495 8725
3 6997 8624 5266
3 2298 1521 1458
3 4523 2575 133
3 1812 7083 7713
3 114 5763 7672
3 6032 5055 6280
3 1760 1055 3766
3 4055 8658 979
3 114 5090 5155
3 1247 3479 3812
3 6146 3002 3382
3 1000 4922 5479
3 3760 2221 5603
3 6790 8229 2216
3 7578 5723 4017
3 85 1274 1729
3 4932 2411 2576
3 5281 82 474
3 8648 2041 2738
3 6342 7126 3480
3 2920 4093 6817
3 4987 4534 3481
3 4841 5026 767
3 2344 5919 4681
3 7496 154 353
3 6904 609 4265
3 474 7568 5281
3 7372 5420 6533
3 8581 2345 5253
3 1221 2369 3804
3 2651 866 6466
3 7017 7195 6524
3 1401 130 7578
3 3393 4093 2920
3 3399 6254 1789
3 1209 4937 5453
3 3167 5804 2154
3 8808 3470 1767
3 8381 4521 8045
3 6202 2196 7068
3 4052 122 7581
3 5038 6254 2919
3 6096 420 7005
3 5544 2643 4183
3 2729 1883 344
3 5038 3875 2214
3 7581 2368 6455
3 399 6764 2096
3 5368 3034 1295
3 8056 5492 6958
3 827 6054 6507
3 2297 3616 2515
3 6132 2062 4569
3 718 2083 1641
3 4051 7066 2588
3 2963 3022 7600
3 7825 3290 644
3 7066 8045 1405
3 6633 6271 6092
3 7368 700 2469
3 4510 1641 7519
3 2168 6653 700
3 4310 1767 3470
3 635 8193 2902
3 6363 3402 2012
3 5289 6680 6997
3 4067 7142 867
3 5844 7383 8395
3 2009 6415 4752
3 2278 8559 4132
3 4918 7816 7581
3 5648 613 3273
3 7945 7331 4181
3 10 2749 7892
3 2101 5886 6810
3 6605 1973 991
3 4261 2245 7048
3 5073 8563 1425
3 6605 6765 4194
3 6291 5961 8161
3 4648 3938 7035
3 3483 1439 6162
3 2249 1887 2005
3 3981 5231 525
3 4480 7439 2086
3 5073 766 7372
3 8066 5235 4648
3 353 8771 7620
3 5949 2818 5900
3 3558 3939 510
3 4495 1798 1975
3 5940 1643 4770
3 4648 5235 6239
3 3419 6168 8249
3 1646 2478 3708
3 3106 5456 477
3 1643 1061 4540
3 5346 4980 620
3 4980 5346 1194
3 3708 2478 4948
3 510 3939 1647
3 6146 1052 2965
3 4425 8415 1586
3 3514 1320 3812
3 6680 3661 6997
3 1726 5813 3629
3 3864 2892 8440
3 5924 2605 518
3 2278 3293 6489
3 1548 23 7672
3 7350 605 8327
3 5642 5487 902
3 1421 4830 6826
3 2519 2385 6859
3 2617 2709 4575
3 902 5487 3629
3 395 7350 8327
3 1497 6561 2919
3 2360 4175 382
3 1516 76 3454
3 7821 3106 8703
3 4986 6691 3804
3 7035 4985 128
3 8767 4 2093
3 7744 7441 8343
3 7542 1792 6754
3 8343 6644 867
3 8357 511 2734
3 6693 8279 935
3 2625 969 354
3 4343 8695 1002
3 2765 6762 6468
3 8608 5961 127
3 4086 3483 5886
3 8657 3812 3565
3 3080 4104 3222
3 7922 2385 2519
3 1002 4291 1870
3 2101 6121 1556
3 4366 3419 8620
3 827 2913 6054
3 4402 3661 6680
3 1822 6993 8348
3 8695 4343 2052
3 1065 1664 5663
3 6873 4085 5648
3 7094 2221 3971
3 5266 2270 6385
3 6691 971 3804
3 3708 4948 7451
3 2298 6626 1521
3 5713 1307 6201
3 128 4370 7017
3 1678 812 866
3 3938 4648 6239
3 7035 128 7017
3 4986 8389 6691
3 7035 6503 6996
3 3804 2369 6907
3 565 491 5699
3 6503 7035 7017
3 6908 3065 6533
3 7947 3601 8467
3 2943 3939 3558
3 7943 4947 6308
3 3600 3596 4295
3 4133 4295 8454
3 2029 7944 6247
3 6816 6130 4923
3 7519 2002 3402
3 3490 5048 1731
3 1274 5791 2665
3 8534 281 1975
3 6731 3287 8193
3 2814 8620 8249
3 2765 3875 5038
3 2232 2632 986
3 187 3435 1199
3 1497 2919 6254
3 2737 7880 6204
3 3366 8483 2227
3 264 4310 899
3 1726 5458 2749
3 5964 2469 2741
3 5128 6558 1903
3 1977 6513 4475
3 2717 1218 768
3 4408 1505 7999
3 122 4052 7031
3 2402 768 502
3 2566 5026 4841
3 1120 8663 2299
3 2665 5791 23
3 3762 5574 5578
3 85 3718 1274
3 7167 2737 4609
3 8412 6574 7814
3 408 2930 5546
3 3805 3273 8119
3 7058 2749 1760
3 5150 6478 7032
3 5458 162 7761
3 6633 5146 2615
3 8343 1002 6644
3 7058 7892 2749
3 5643 7650 8051
3 7100 2859 4923
3 3716 6490 2643
3 4085 6873 1472
3 6221 7304 5264
3 7890 8198 7498
3 7888 5870 6125
3 6883 1894 7167
3 6513 1977 408
3 2013 2216 2965
3 1599 1595 5575
3 6290 4684 2294
3 6503 7017 6524
3 7678 4148 1108
3 5767 8737 8534
3 1641 4510 4377
3 2406 3558 510
3 7892 7308 7449
3 1594 5116 5735
3 6239 1645 3938
3 8263 8321 8265
3 3744 9 95
3 8722 798 4408
3 8454 2521 3248
3 3938 2942 7035
3 7711 1023 7204
3 6308 1857 7943
3 6211 5604 3345
3 1858 5977 4878
3 5575 6364 1069
3 8552 2296 7509
3 4132 8559 786
3 3091 8193 6961
3 2451 4489 820
3 773 3766 1055
3 3436 8579 7481
3 3470 8808 4587
3 2469 5964 7368
3 5648 4085 8447
3 7672 5090 114
3 6069 483 4988
3 471 3218 7032
3 6952 20 8197
3 7744 7991 7441
3 8051 5516 1159
3 5763 602 7806
3 8197 7979 6952
3 7628 4402 6869
3 2605 6241 518
3 1772 1932 4943
3 515 381 6674
3 1502 7923 6597
3 6943 6843 815
3 7706 6561 3399
3 10 6063 1726
3 8530 7275 5083
3 6743 8703 6091
3 6461 4248 7599
3 6364 7979 7628
3 7535 4952 3223
3 3617 4602 2077
3 107 1901 8028
3 5148 4922 1221
3 7055 281 8534
3 3981 6043 4113
3 123 1274 5227
3 4709 163 8357
3 3805 4784 8154
3 1265 6964 1117
3 1144 6692 8165
3 7783 5916 568
3 408 2492 6745
3 4557 775 1985
3 5437 6063 7449
3 6513 408 6745
3 6016 8772 2944
3 408 1977 3766
3 3928 7526 3143
3 363 3144 7337
3 7892 7449 4200
3 1645 6239 2479
3 3144 4179 7337
3 8389 4928 6691
3 6300 7115 3965
3 3382 1502 6597
3 6908 6533 5420
3 7525 2613 6126
3 6126 2613 5254
3 3075 8775 8285
3 5145 362 6659
3 6659 5263 2612
3 6819 3418 4534
3 1189 35 8574
3 6672 6406 364
3 5342 8546 8297
3 7081 385 8461
3 6674 3046 515
3 6743 7599 5874
3 4922 7115 5071
3 8723 509 7294
3 4296 4894 4269
3 3418 6819 6942
3 2749 10 1726
3 1221 971 5148
3 509 3708 7451
3 8454 364 2628
3 7678 8463 5414
3 3965 176 2298
3 6869 4402 5289
3 1385 7294 7451
3 8133 3270 1219
3 3270 8580 7848
3 3479 8650 3812
3 7519 748 4510
3 7610 7458 7625
3 4093 3393 299
3 2892 7204 1023
3 6961 3287 8808
3 2214 4491 5038
3 867 7142 7706
3 7193 5241 773
3 1531 3774 6961
3 3462 2187 1459
3 3430 5398 5169
3 820 134 8406
3 1133 877 2125
3 5724 4204 772
3 3889 6731 7624
3 4912 3293 8511
3 5755 4855 3366
3 702 4814 1333
3 6063 5437 3581
3 2704 6961 8808
3 3287 6731 3889
3 1676 3773 3809
3 3399 7991 7744
3 8343 7706 7744
3 3629 5813 2512
3 6418 5093 5141
3 4709 8357 2734
3 5891 8357 163
3 3334 5329 6177
3 2711 1337 5533
3 1691 7045 5575
3 3639 7277 4826
3 5083 7275 2009
3 457 7829 1650
3 4172 4524 4728
3 2844 6345 744
3 2577 1923 5082
3 5325 6219 7581
3 5373 102 6939
3 3917 1973 2228
3 5603 8067 299
3 1470 406 556
3 7848 633 3270
3 3164 6810 3483
3 5416 2526 5484
3 3674 6014 7426
3 6924 3579 4582
3 2556 4382 1748
3 6334 3402 2002
3 3274 3291 1182
3 5578 4609 4596
3 1470 7847 5312
3 4181 7688 7148
3 1069 7628 6869
3 6132 381 2380
3 1767 5163 8808
3 4729 264 899
3 1556 261 5886
3 3971 2221 1595
3 3183 4362 1318
3 723 3796 2733
3 1650 7829 3270
3 4054 6745 2180
3 292 8016 648
3 8463 7678 8531
3 1938 5249 4928
3 6333 7597 399
3 4566 1384 7472
3 3831 3812 8608
3 4402 6680 5289
3 7760 6437 4150
3 7125 5280 8650
3 1521 6626 1477
3 3222 8726 7220
3 1171 2867 7151
3 4475 6513 4054
3 2022 2983 7497
3 509 1646 3708
3 5955 6850 930
3 6993 5547 8348
3 6904 4055 2048
3 4217 3478 2680
3 6743 6091 8399
3 8440 6247 6840
3 4475 7448 2197
3 8341 2629 7166
3 6337 5268 4114
3 3081 406 5312
3 1477 6626 2298
3 4489 6348 8408
3 1333 4346 702
3 117 5828 3519
3 2867 1171 4739
3 5870 3258 6125
3 4291 1002 8343
3 1484 263 1727
3 5227 3454 123
3 1516 3454 5227
3 5990 4847 4354
3 1757 4470 4740
3 6121 2101 150
3 1516 5227 4684
3 6254 5038 1789
3 798 835 6085
3 745 5539 3317
3 1458 3963 5071
3 782 5148 971
3 7462 1108 4148
3 473 5146 4742
3 2014 115 3965
3 1477 81 1521
3 7344 1217 6727
3 1458 5071 7115
3 7441 4291 8343
3 16 3451 180
3 5686 7229 699
3 8327 7625 395
3 2929 5877 8235
3 2965 8670 8503
3 8807 8620 2814
3 475 7620 8771
3 4085 5147 8447
3 7593 5244 1995
3 711 5767 8534
3 3002 3198 3506
3 7991 518 8616
3 6248 4113 306
3 2616 2916 8766
3 3613 1460 6790
3 5455 351 3687
3 5798 6827 1495
3 4567 6247 6407
3 8723 2405 509
3 465 752 8194
3 6116 2521 8454
3 1472 4357 4085
3 7451 2029 7473
3 6672 1384 4566
3 1384 7450 7472
3 4893 4295 4133
3 2617 8178 4605
3 5400 3370 7711
3 3648 2012 465
3 2703 7179 3751
3 4587 8808 3287
3 6883 5165 1894
3 207 6838 3127
3 1774 6112 4774
3 7026 3889 878
3 2379 3922 800
3 2617 1185 2709
3 8224 7368 2350
3 1785 2248 7557
3 5575 468 6364
3 299 8067 991
3 6513 6745 4054
3 6742 1796 1868
3 1265 6157 6031
3 420 4728 7933
3 123 5791 1274
3 6131 6817 4093
3 5454 6999 1772
3 5699 5544 565
3 3762 122 7031
3 565 4672 7949
3 8748 3454 76
3 1933 3957 4672
3 8406 5921 820
3 7708 4168 425
3 2749 1055 1760
3 7887 2197 7308
3 1171 7610 7625
3 5605 4800 1196
3 4475 2197 7887
3 7275 6764 2009
3 3272 2425 3195
3 1973 1212 299
3 7003 6141 1329
3 4236 3898 1531
3 1531 3717 980
3 4204 3922 4593
3 2752 5055 4846
3 4593 7031 4204
3 264 4729 8224
3 2227 8483 4855
3 4703 486 5987
3 6396 2012 3648
3 6279 6061 7608
3 6334 465 2012
3 6939 1923 2577
3 6659 474 5263
3 5145 6659 2612
3 2737 2015 4609
3 6558 737 3582
3 8314 4672 3957
3 6869 7808 1069
3 4773 5655 214
3 3143 362 5145
3 6869 5975 7808
3 2395 4890 7123
3 3126 2567 4788
3 410 7839 6658
3 4915 4897 6686
3 7874 7824 888
3 6674 7949 4672
3 4600 3348 2793
3 2613 7525 3929
3 249 1134 202
3 5145 2612 3928
3 5776 2390 125
3 3629 557 1726
3 4534 8202 6652
3 1185 1854 2709
3 7558 81 1477
3 6790 2216 2013
3 7294 1385 6673
3 8110 7873 6301
3 5231 4113 5829
3 4831 6468 395
3 7587 2752 4953
3 4953 741 7921
3 6873 1996 5576
3 3629 5487 461
3 8616 1870 4291
3 6000 6177 5128
3 7096 2128 8412
3 3565 1586 2810
3 971 6691 8285
3 115 2014 2649
3 5071 6385 4922
3 930 5456 4829
3 6893 3180 3179
3 5648 1996 6873
3 3804 6907 4986
3 930 8620 8807
3 5455 3687 6641
3 4132 7865 3293
3 5435 6754 1792
3 4128 8043 7902
3 6307 3499 7577
3 7808 5975 8372
3 5513 781 5962
3 4480 7748 7439
3 6838 6873 3127
3 154 1480 353
3 7808 4945 1069
3 648 6847 7688
3 5567 4564 1964
3 3963 6385 5071
3 5714 5448 2920
3 1973 3917 5079
3 6987 8348 4788
3 1923 6939 1893
3 6928 4583 2649
3 7983 7558 3148
3 6141 6571 8001
3 8348 5312 2259
3 7998 1477 2298
3 3435 6656 7920
3 7983 6869 81
3 2298 1822 7998
3 1612 6002 1976
3 8388 4985 2942
3 2648 1270 775
3 7382 2615 4141
3 7294 2375 4158
3 2649 4583 115
3 1556 5350 3685
3 1255 6847 8016
3 7880 1894 6745
3 4557 5164 8093
3 3971 1599 7094
3 3002 6146 7072
3 3558 8389 2943
3 5456 8807 6091
3 7054 6961 2704
3 6407 6247 7166
3 6673 3597 2375
3 8399 7599 6743
3 2180 8198 7890
3 4158 2616 8723
3 2611 2916 2616
3 2351 7005 398
3 644 3290 2014
3 878 3477 2168
3 2611 7947 7215
3 6117 2253 2579
3 2252 8454 2628
3 5634 73 203
3 3248 4133 8454
3 2579 8341 1023
3 865 229 7123
3 7628 1069 6364
3 4660 150 2101
3 1355 7945 4847
3 2984 292 648
3 7179 7018 3901
3 261 3730 111
3 3247 1099 843
3 2433 7045 2801
3 5924 3399 4491
3 2642 6269 6384
3 8604 1679 7148
3 4411 6426 8111
3 7092 8569 2309
3 5575 7045 1599
3 3576 4222 1078
3 8155 5055 4107
3 8796 4575 3370
3 4200 6063 10
3 3922 2379 865
3 2512 3190 6632
3 1621 2605 3180
3 146 4609 5578
3 1472 6873 6838
3 4810 8551 6641
3 5435 5537 3318
3 7365 6623 6570
3 4819 3901 1751
3 1175 7269 8745
3 3754 7935 880
3 2441 5659 4400
3 7803 8530 5083
3 8094 7346 1995
3 5558 7327 7484
3 7292 4143 292
3 382 4175 6207
3 4491 3399 1789
3 7620 475 2632
3 5574 3762 7031
3 486 4703 7866
3 594 6000 5128
3 6396 3091 2012
3 3410 5711 1476
3 3922 7123 4593
3 4596 122 3762
3 7887 1977 4475
3 1731 3813 7579
3 7448 4475 7890
3 7770 953 1505
3 899 3470 4587
3 2603 1133 7481
3 8042 635 3648
3 264 397 4310
3 8285 3970 3075
3 7887 7058 1977
3 1599 3971 1595
3 6399 102 3954
3 2 6608 8228
3 3970 7678 3075
3 6280 5055 8155
3 4928 8389 3558
3 7847 8372 5975
3 5603 5448 1785
3 1033 3031 7692
3 2375 3597 7947
3 5215 4961 1261
3 4311 4011 5802
3 6840 5090 3864
3 8265 5637 2611
3 4433 6048 2766
3 1113 2668 3896
3 1264 798 7735
3 1247 3317 3479
3 5312 3148 2259
3 7350 3629 605
3 7610 4303 7458
3 5341 3773 3608
3 7478 1623 2756
3 7610 7151 4303
3 8616 518 7144
3 5955 2965 8503
3 6811 2003 2697
3 2855 8396 1331
3 4922 7825 644
3 1159 8167 1481
3 713 4829 1600
3 294 892 1421
3 8448 2641 7569
3 2708 7019 942
3 5000 8076 560
3 4672 565 1933
3 2214 7475 4491
3 76 4445 6968
3 4714 3414 3403
3 5874 7821 8703
3 7144 1870 8616
3 3318 6965 3480
3 7346 730 1995
3 839 1436 3406
3 6531 8756 7431
3 4481 3108 153
3 2297 1219 7829
3 5000 3414 4714
3 1405 8045 6333
3 7073 2065 3054
3 4778 3883 5156
3 518 1623 7144
3 1476 5046 3410
3 744 6369 4413
3 8734 3105 1033
3 1444 7526 4778
3 4358 579 1676
3 6478 316 5971
3 5971 6259 4817
3 6126 4681 5000
3 3091 6363 2012
3 3101 4917 1648
3 793 7614 3912
3 1213 8734 1682
3 3399 6561 1497
3 2902 3091 6396
3 5231 3382 525
3 2843 4990 5346
3 5547 6993 5389
3 6194 2249 2005
3 2298 6300 3965
3 5002 3595 4065
3 2065 4793 4909
3 6942 6819 410
3 7337 2268 3257
3 1495 7694 5798
3 6605 991 8067
3 6300 2298 1458
3 8224 397 264
3 8490 7462 4148
3 2168 4729 878
3 8174 7791 4628
3 6964 6942 1117
3 4494 782 8775
3 5874 7599 1792
3 5534 7462 8490
3 187 5577 3693
3 2616 4158 2611
3 644 3965 7115
3 4158 8723 7294
3 6158 4846 6032
3 4295 364 8454
3 6393 4988 6349
3 5190 6393 4263
3 8440 7166 6247
3 7115 6300 1458
3 2617 2683 1185
3 577 3796 7045
3 4754 6263 1262
3 114 8666 602
3 6993 176 3965
3 7569 2867 6632
3 1792 1339 5537
3 4953 2752 741
3 5975 7983 7847
3 7798 1125 734
3 1854 7711 3370
3 7337 4179 4600
3 7694 5928 5798
3 1623 518 6241
3 8274 2038 4043
3 1274 3718 5227
3 1894 8198 2180
3 2485 1181 2567
3 5065 6469 7329
3 4116 8659 5484
3 2062 633 7848
3 2380 2062 6132
3 3987 123 6968
3 7550 6290 7496
3 3108 395 7625
3 4569 6268 381
3 7066 1405 8580
3 4841 8772 1586
3 3460 1601 117
3 3565 3831 127
3 4200 10 7892
3 8093 775 4557
3 2259 7558 1477
3 7935 6060 880
3 8373 4916 6425
3 6238 7884 6883
3 2017 6469 555
3 7092 2309 272
3 6146 3382 6597
3 5947 2519 3162
3 8116 4525 7086
3 579 3773 1676
3 1058 5929 2237
3 3687 7542 1239
3 5082 1923 1933
3 137 4851 6207
3 1681 7279 2868
3 5924 4491 7475
3 6293 4217 4821
3 1595 468 5575
3 102 1893 6939
3 3162 2519 6859
3 3483 6162 6924
3 7482 3639 4826
3 5346 5169 7100
3 3754 2047 6367
3 153 1486 4481
3 1761 880 1486
3 657 8663 5091
3 8479 6367 2047
3 3180 4481 2857
3 8154 8002 2052
3 8772 8447 2944
3 5041 5850 2004
3 858 1648 5620
3 2642 7530 7426
3 964 3081 8614
3 1792 4248 1339
3 8372 7847 1470
3 1120 6048 7518
3 263 2404 1727
3 7847 7983 3148
3 1477 7998 2259
3 1995 5244 8094
3 4158 2375 7947
3 2460 4025 2467
3 7769 343 2668
3 1069 4945 2801
3 2375 7294 6673
3 6263 6360 8600
3 4295 3596 364
3 8693 5637 826
3 2298 176 6993
3 5746 3253 1945
3 3219 5637 8321
3 6204 2015 2737
3 3 8766 8693
3 2892 8341 8440
3 7947 2611 4158
3 7711 7672 5400
3 1758 3625 2708
3 364 3596 6672
3 3454 8748 123
3 2619 7368 2227
3 3674 7748 2642
3 1203 994 8796
3 2512 6063 872
3 2512 605 3629
3 6958 3535 8056
3 4660 2101 6810
3 6841 1556 3685
3 381 515 4730
3 8133 3945 2712
3 7458 153 7625
3 3410 5046 4377
3 718 1846 2381
3 8194 3648 465
3 7308 7892 7887
3 2350 7325 8224
3 3108 2214 395
3 8194 1779 3648
3 4928 3970 8285
3 5358 1308 77
3 3648 2902 6396
3 6885 6389 7862
3 1008 2877 1103
3 3148 7558 2259
3 4773 5029 5655
3 7624 6731 635
3 4459 295 8539
3 5128 7262 6558
3 7892 7058 7887
3 2394 4863 137
3 5249 8490 4148
3 8580 6139 7848
3 3477 8579 3436
3 4562 3034 5368
3 397 3003 4310
3 4729 899 878
3 7481 3889 2603
3 2320 7779 7623
3 1320 5539 745
3 5711 3410 3945
3 4510 748 1310
3 5494 1849 8009
3 5603 1785 3760
3 102 6399 1485
3 7735 1080 1264
3 556 4969 1470
3 102 5373 3954
3 8348 6987 5312
3 2997 3693 5636
3 5050 8232 5711
3 4864 942 5731
3 5907 7228 3291
3 518 7991 5924
3 6313 6288 5851
3 8772 4425 1586
3 8271 7506 555
3 7206 5870 7003
3 5389 6993 7117
3 1995 730 4357
3 7947 3597 3601
3 556 4435 2433
3 1428 1420 2159
3 8467 7215 7947
3 4893 4133 3248
3 4296 4269 3601
3 2048 1341 609
3 364 6406 2628
3 2253 8341 2579
3 8775 782 971
3 8001 6571 47
3 7672 23 5400
3 7735 6085 6350
3 5457 2425 3272
3 6667 4092 7317
3 556 2433 4969
3 5975 6869 7983
3 16 7365 3046
3 4593 5193 5574
3 8094 4517 4425
3 395 2214 3875
3 7569 6632 8448
3 4532 5987 4973
3 4739 1171 8327
3 7420 8448 3190
3 7072 6146 930
3 725 4034 3715
3 4462 3779 750
3 633 2062 5670
3 8093 6041 986
3 7891 6639 6156
3 6290 1077 4684
3 8580 8133 2712
3 2232 3312 2632
3 7599 4248 1792
3 3318 5540 356
3 351 7821 5874
3 4494 3290 7825
3 4890 2395 146
3 3008 4785 6327
3 1989 2632 475
3 1932 3126 5547
3 1627 1746 4358
3 5389 6928 2649
3 6091 477 5456
3 115 4583 6928
3 7542 3687 351
3 4403 2485 6004
3 6898 6241 6893
3 8807 5456 930
3 8079 7430 5778
3 7475 3108 4481
3 2014 3290 3675
3 8743 5663 274
3 4085 4357 730
3 4952 4498 3223
3 3180 7475 4481
3 7625 8327 1171
3 6156 6639 4952
3 4517 2810 4425
3 3875 4831 395
3 6283 4722 4981
3 6341 6727 1217
3 1490 8205 145
3 3108 7475 2214
3 7847 3148 5312
3 6060 3611 3180
3 5643 1159 6749
3 6883 2883 6238
3 7167 4609 6883
3 7498 6742 7448
3 2756 6898 6893
3 3428 6263 810
3 5000 4714 735
3 207 7144 1623
3 6478 5971 4817
3 5244 2181 4470
3 971 8285 8775
3 1938 4928 3558
3 1268 8509 3337
3 1595 7979 6364
3 8489 2616 8766
3 8285 6691 4928
3 2793 3348 3656
3 3219 8263 4269
3 6345 6369 744
3 3248 1281 4893
3 8437 8815 1281
3 134 820 4489
3 8341 7166 8440
3 5318 8438 2683
3 2683 2617 5318
3 1351 2862 693
3 6510 4851 137
3 1473 23 3573
3 8043 994 1203
3 7921 3913 6171
3 3957 1923 3451
3 7614 1117 410
3 5009 118 7779
3 3497 2797 5531
3 7884 7866 2470
3 620 5169 5346
3 6290 154 7496
3 793 1265 1117
3 5358 8080 2379
3 8314 3451 16
3 6942 6964 3418
3 3481 3319 253
3 5579 7769 3906
3 1989 2648 986
3 3945 8133 8499
3 4864 5579 3906
3 3418 6964 6031
3 1822 2259 7998
3 6238 4609 146
3 2648 8093 986
3 5829 1502 5231
3 2865 3403 3414
3 4377 4510 1310
3 7860 5563 1806
3 861 5216 5991
3 782 7825 4922
3 6597 7923 1052
3 1209 7020 4937
3 7473 6247 4567
3 5407 6706 3744
3 6171 7615 2176
3 8767 5534 8490
3 4269 4894 3219
3 5411 5304 7178
3 3751 3519 2703
3 2733 2516 658
3 3393 2920 5448
3 4932 2576 6260
3 1282 2579 2683
3 3248 2521 6116
3 2579 1282 6117
3 8067 2221 6605
3 3349 7526 1444
3 3143 5145 3928
3 3403 2768 8664
3 2628 8340 2252
3 4671 7701 1182
3 5900 554 8229
3 6933 6216 4787
3 8331 1396 4827
3 5264 2403 6221
3 5364 5950 8512
3 399 5733 2699
3 4114 438 8533
3 7645 6263 3428
3 7439 7748 3674
3 2259 1822 8348
3 5264 6888 2403
3 1333 4814 1729
3 7498 8600 6360
3 730 5147 4085
3 3002 7072 3198
3 4684 1077 3207
3 750 1077 4462
3 7426 6014 2642
3 4401 3958 6530
3 1679 8604 5492
3 477 6091 8703
3 2268 7305 7746
3 3715 4821 713
3 6641 3687 4810
3 3257 412 363
3 5987 3428 4703
3 1751 6401 4107
3 1792 7542 351
3 6063 2512 5813
3 8771 7055 475
3 7448 5437 7449
3 8348 5547 3126
3 5455 1078 351
3 4890 146 5193
3 3796 3439 6765
3 556 3081 964
3 4846 6158 2752
3 6060 2857 880
3 4582 2570 6924
3 1612 3834 2381
3 1320 3514 3110
3 6671 1074 6233
3 1861 2603 3889
3 6248 2648 8737
3 1822 2298 6993
3 878 8579 3477
3 2012 3402 6334
3 1278 7381 2456
3 2577 4183 620
3 4515 6075 6814
3 3965 644 2014
3 741 2825 3913
3 8231 2741 1013
3 6885 2529 6121
3 700 7368 8224
3 2595 8289 5756
3 3522 7321 1346
3 3889 6741 1861
3 6893 6241 1621
3 5409 140 3139
3 7519 4444 170
3 752 2083 3834
3 7746 2710 6188
3 752 2002 2083
3 6369 5738 4413
3 965 6188 2710
3 1194 4990 2843
3 1599 6605 7094
3 7797 8505 6121
3 1058 843 1560
3 8028 6622 3223
3 3503 8229 5290
3 7045 6765 1599
3 5373 8293 3954
3 7026 878 4587
3 7519 2083 2002
3 5083 4569 7803
3 3889 7026 3287
3 635 8042 7624
3 7448 7890 7498
3 3415 2129 5209
3 901 2525 4646
3 3982 1868 1796
3 5437 7448 6742
3 8600 7498 8198
3 1013 2469 700
3 4181 4847 7945
3 5767 711 5829
3 2741 2469 1013
3 8825 6582 8272
3 4584 4754 6493
3 5892 3198 7072
3 4703 2470 7866
3 6063 4200 7449
3 718 1641 4377
3 1600 3106 2751
3 4829 7072 930
3 1436 4568 950
3 3945 8499 5711
3 383 8079 217
3 4943 1932 5389
3 2855 3179 3611
3 7347 6197 7180
3 5540 149 7855
3 2756 1623 6898
3 3219 8321 8263
3 4695 671 3236
3 3110 8657 3565
3 7215 8263 8265
3 274 8177 8743
3 4083 2617 4575
3 6426 5777 126
3 4739 6632 2867
3 8467 8263 7215
3 4850 8252 8355
3 3075 7678 5414
3 6116 1281 3248
3 7204 2892 3864
3 5452 5715 5704
3 7204 3864 7711
3 5980 3411 6174
3 745 3317 1247
3 6207 3110 382
3 4128 7902 6968
3 7902 8043 3987
3 4917 2856 4228
3 3127 4343 207
3 7253 4128 8741
3 5052 344 1883
3 750 3779 4445
3 3346 7799 7303
3 8534 1798 711
3 7825 782 4494
3 5724 5331 5818
3 4253 258 3822
3 5724 6096 7005
3 5672 8709 1328
3 5818 8289 8709
3 406 3081 556
3 7866 7884 6238
3 964 4435 556
3 810 6263 8600
3 1212 4093 299
3 4413 7671 6400
3 1715 1343 6438
3 5964 2741 8231
3 5964 3366 2227
3 5261 2620 5331
3 5704 5629 5452
3 635 6731 8193
3 5818 1926 5724
3 2902 3648 635
3 7045 2433 577
3 5987 486 915
3 7045 1691 2801
3 6530 3958 2716
3 5373 2577 1194
3 6141 8001 1329
3 5134 2967 5595
3 3982 2836 1868
3 3675 3290 6208
3 3439 3796 723
3 7478 1472 6838
3 3583 8300 1820
3 3982 173 2836
3 5282 5636 3693
3 1173 7572 6261
3 1135 8116 1169
3 1108 3035 7678
3 1552 831 2631
3 8321 5637 8265
3 2617 6416 2792
3 1460 3613 1502
3 6001 6259 5444
3 2228 5287 3917
3 7935 8396 6060
3 3573 23 5791
3 872 6063 3581
3 4481 1486 2857
3 6397 2281 1438
3 6478 4817 6001
3 2605 7475 3180
3 1486 153 1761
3 3207 1516 4684
3 2050 7756 6480
3 2319 7569 2641
3 7544 8756 6687
3 4266 4879 7292
3 1484 5170 2181
3 7821 351 1078
3 7151 7610 1171
3 2624 621 7406
3 8228 7956 5271
3 6132 4569 381
3 6910 8452 2515
3 7848 8530 7803
3 399 7597 4521
3 5767 4113 6248
3 2857 6060 3180
3 1798 4495 1460
3 5061 2918 1981
3 451 74 5518
3 3755 6910 332
3 6322 4061 6531
3 4470 4517 8094
3 4817 6259 6001
3 2649 8469 4943
3 5435 1792 5537
3 8232 441 3813
3 1932 1772 6999
3 6928 5389 7117
3 2519 1065 526
3 5389 1932 5547
3 5165 6883 2470
3 3345 8003 2449
3 3639 7482 2086
3 5903 8463 8531
3 8531 7678 3035
3 555 6469 5065
3 839 3406 7966
3 6742 7498 6360
3 1026 2926 240
3 1108 7462 3035
3 16 3046 8314
3 2576 6155 4628
3 3 8252 438
3 2973 180 1309
3 5249 1938 2406
3 5814 5619 1834
3 6674 381 8274
3 700 6653 3436
3 7215 8265 2611
3 5964 8231 2320
3 5170 4488 4311
3 5331 5724 2351
3 5756 2620 4856
3 2227 8550 2619
3 118 73 5634
3 5033 8533 1878
3 1424 3047 2590
3 5331 2351 5261
3 2836 3581 1868
3 5637 3219 1222
3 2579 1023 2683
3 4787 6216 1604
3 2526 2304 5484
3 7711 1854 1023
3 2629 6407 7166
3 5117 2456 4564
3 3031 2670 7692
3 8396 7935 3754
3 6632 3190 8448
3 5791 123 8043
3 229 77 2526
3 153 3108 7625
3 6622 6866 4558
3 4462 3312 6041
3 6140 2426 1087
3 880 1761 3754
3 2047 1761 4303
3 8479 8396 6367
3 7884 2470 6883
3 3687 7102 4810
3 385 6049 7984
3 7117 3965 115
3 3611 6060 2855
3 7866 6238 2395
3 3270 633 1650
3 76 3207 750
3 7220 4246 5850
3 5978 5287 3439
3 6754 1239 7542
3 1270 2648 6248
3 6898 1623 6241
3 6121 150 6885
3 8363 3550 8223
3 6754 5435 356
3 4303 7151 2047
3 2716 3958 4401
3 1181 8462 4654
3 3965 7117 6993
3 3031 8174 4628
3 4945 7808 8372
3 6987 4788 5238
3 1380 7645 4532
3 6185 2694 8720
3 4031 1955 4271
3 6939 2577 5373
3 718 2381 4163
3 4313 8049 3778
3 2002 752 6334
3 3648 1779 8042
3 491 7972 5699
3 4429 881 94
3 1976 1014 7156
3 1070 8539 4658
3 8276 7719 414
3 1074 4859 6233
3 4417 2082 3895
3 3436 6653 3477
3 263 1995 7894
3 5733 316 6478
3 1346 1565 2441
3 5837 7582 5889
3 700 8224 2168
3 5655 5029 4690
3 8600 8198 810
3 3869 1571 3429
3 5733 6478 5150
3 4855 8483 3366
3 2619 5260 7368
3 2320 8231 1013
3 8816 3845 7178
3 2590 3142 1424
3 2729 6291 5729
3 8815 5317 3844
3 2683 1023 1185
3 3370 1473 1203
3 7535 2604 4965
3 8327 605 4739
3 2665 23 5911
3 3139 140 3179
3 565 5544 5082
3 4303 1761 7458
3 3190 2512 872
3 1350 5354 6779
3 4829 5456 3106
3 713 5892 7072
3 713 1600 3715
3 4470 1757 4517
3 3110 6207 1320
3 2325 6329 1686
3 3699 7832 6093
3 699 7205 5686
3 457 3616 2297
3 3576 5455 6641
3 6570 2426 6140
3 1077 7550 7620
3 2945 5932 6017
3 3270 8133 8580
3 4908 6818 2064
3 2066 6244 4600
3 7229 5686 3142
3 2672 5538 135
3 7855 6754 5540
3 1556 5886 2101
3 6973 1074 6671
3 6973 6887 4859
3 4810 7102 1011
3 6754 356 5540
3 1295 3034 4562
3 4974 7835 1298
3 5265 3583 5959
3 1310 748 2588
3 6248 8737 5767
3 798 1264 2615
3 6893 1621 3180
3 2418 8478 3404
3 4113 5767 5829
3 1902 7212 8316
3 7478 207 1623
3 7873 4916 2367
3 6399 4312 7637
3 4093 2844 6131
3 4412 7959 743
3 2228 6605 4194
3 8531 987 5903
3 4394 7086 4525
3 8745 2263 1175
3 577 2716 5744
3 3970 4928 5249
3 713 533 5892
3 2649 2014 3675
3 2751 3715 1600
3 4222 7821 1078
3 3506 3981 525
3 7081 8461 4819
3 726 8531 6365
3 7616 2174 2177
3 525 3002 3506
3 6353 1903 5054
3 8263 8467 4269
3 1222 3219 5304
3 6279 7608 3418
3 7337 3257 363
3 7770 1505 4408
3 3258 7282 7522
3 8469 6208 4494
3 2724 5318 2617
3 4894 5304 3219
3 2723 3844 5317
3 1326 6686 1134
3 1709 186 6826
3 1861 877 1133
3 3370 5400 23
3 945 568 5916
3 3754 1761 2047
3 23 7806 1333
3 7779 118 7623
3 2620 5756 8289
3 7866 2436 4940
3 7091 147 2250
3 4739 605 6632
3 7123 4890 5193
3 4204 4052 772
3 7894 4357 1472
3 1894 2737 7167
3 3258 8700 3809
3 6924 3164 3483
3 7569 2319 7151
3 8198 1894 5165
3 3492 1796 6360
3 5468 4849 1950
3 7829 457 2297
3 5747 4434 6286
3 6263 4754 3492
3 4684 5227 2294
3 6141 5870 7888
3 7055 8534 2648
3 7855 149 4767
3 7835 4974 8614
3 3022 2963 1295
3 3945 2588 2712
3 7086 4394 466
3 1135 5386 7429
3 5754 6582 8825
3 1049 5078 5518
3 2570 188 150
3 7429 7868 1135
3 6183 3857 4869
3 6365 6612 6022
3 5971 316 5733
3 1129 2463 7507
3 2066 1149 6244
3 7637 6585 6399
3 826 5032 8693
3 4894 8816 7178
3 8355 5032 826
3 8042 1861 6741
3 5892 533 3198
3 6585 4601 5618
3 299 991 1973
3 2726 2815 7505
3 4850 7178 4605
3 2733 5744 4401
3 2433 4435 964
3 4222 3576 5778
3 8079 1011 217
3 5265 6813 4421
3 2065 7073 8430
3 1011 8551 4810
3 2642 6014 3674
3 7593 1484 2181
3 8224 4729 2168
3 2296 134 7509
3 8806 4397 1280
3 1013 700 3436
3 2227 7368 5964
3 344 3582 737
3 5402 8200 2421
3 3366 5634 5755
3 6037 1727 2404
3 5724 7005 2351
3 1639 3904 5531
3 6779 5354 173
3 1331 2250 8038
3 2855 6060 8396
3 5744 2733 577
3 2451 6067 6348
3 4258 6493 3547
3 3190 872 3581
3 6570 3926 2426
3 880 2857 1486
3 4146 2746 2304
3 3180 3611 3179
3 2047 7151 8479
3 8479 7111 5221
3 7339 8741 4128
3 5649 1042 4250
3 5011 4369 1749
3 1804 3235 2392
3 2810 8415 4425
3 7206 7003 1329
3 278 4891 4463
3 4400 8205 1844
3 1219 8130 7464
3 3022 8499 7600
3 3222 4104 8726
3 1984 429 7101
3 775 1270 1985
3 275 8539 295
3 4855 8550 2227
3 7579 8238 429
3 8193 3287 6961
3 6067 3047 1424
3 2649 3675 8469
3 6121 3994 1556
3 7835 8614 3081
3 641 8194 5807
3 406 1470 5312
3 7326 4920 169
3 3439 2347 2199
3 3986 2393 7912
3 2201 4840 7636
3 5414 5903 8775
3 3366 1503 5634
3 7835 4788 4654
3 5193 146 5574
3 3106 1600 4829
3 344 6093 4509
3 5165 2470 4703
3 8490 5249 2406
3 5392 5862 1981
3 7072 4829 713
3 8551 1011 8079
3 7888 3773 5341
3 1078 5455 3576
3 5576 5648 1527
3 2756 5409 7029
3 1820 1189 8574
3 217 1011 4463
3 7478 6233 4859
3 4463 1011 7102
3 5903 5414 8463
3 7645 4258 6330
3 1222 5411 826
3 3751 117 3519
3 7365 16 6623
3 4605 8178 2792
3 8815 4893 1281
3 8252 5032 8355
3 8693 5032 3
3 4488 1727 6037
3 1185 1023 1854
3 1867 2515 621
3 4605 2724 2617
3 1357 5033 1878
3 3110 2810 1757
3 4754 3547 6493
3 1796 173 3982
3 3699 6093 344
3 945 4147 3305
3 1903 6353 4849
3 2380 2515 3616
3 7746 6188 694
3 5221 7111 7347
3 1203 1473 3573
3 6020 7510 94
3 3329 135 1149
3 592 4455 7339
3 76 6968 8748
3 2441 4400 1844
3 7151 2319 8479
3 3349 4180 7526
3 6510 1320 4851
3 4952 6639 4498
3 3614 1397 8065
3 6041 3312 2232
3 8521 1081 3614
3 2066 2793 3656
3 8105 7283 6000
3 7254 6050 1843
3 1270 6248 1985
3 4767 1360 2247
3 1476 5711 8232
3 7707 3469 1959
3 3954 4412 6399
3 3403 1899 4714
3 6951 8453 6603
3 6345 1694 5769
3 1194 8293 5373
3 1973 6605 2228
3 5131 3140 7098
3 4163 2083 718
3 658 2347 3439
3 2268 2177 2174
3 1612 2381 1846
3 3834 2083 4163
3 7177 3844 2723
3 4965 839 7966
3 5987 4532 3428
3 6741 3889 7624
3 5903 8469 4494
3 7156 2899 8301
3 1435 1608 6705
3 7030 6516 8362
3 4537 7544 6687
3 3547 1262 6330
3 526 1065 5663
3 8177 274 1580
3 4061 5726 5184
3 4887 6165 7955
3 3492 4584 1796
3 6653 2168 3477
3 8043 4128 7253
3 7504 2553 3635
3 6434 118 6336
3 6582 6248 306
3 3004 8272 3506
3 6548 5409 3139
3 6233 7478 2756
3 1331 8396 5173
3 5173 8396 8479
3 1472 2404 263
3 3179 5409 2756
3 3154 994 5191
3 5416 5484 2436
3 1048 1884 6020
3 5778 8551 8079
3 4445 3779 592
3 8663 657 2299
3 1033 4735 7113
3 1038 1886 4891
3 4463 383 217
3 6754 1911 6991
3 5649 1790 8203
3 8130 1219 2297
3 5368 4048 4562
3 312 5867 5044
3 4048 5368 8130
3 4175 2394 137
3 137 6207 4175
3 3410 1310 3945
3 306 6043 3981
3 7949 491 565
3 5706 1890 94
3 4993 8116 1120
3 2398 5320 5807
3 4159 1694 4093
3 4159 1212 5079
3 7794 8763 6539
3 577 964 2716
3 3506 8272 3981
3 525 3382 3002
3 4222 3769 2751
3 7707 1895 1298
3 3306 507 387
3 2733 3796 577
3 7481 8579 3889
3 4909 8430 4044
3 2114 1786 2721
3 3635 1082 7504
3 826 5411 8355
3 5304 5411 1222
3 5052 6818 4228
3 203 7778 6789
3 8438 1282 2683
3 4604 7177 2723
3 2709 1854 3370
3 7333 5045 7975
3 8709 542 1328
3 2620 8289 5818
3 4788 7835 5238
3 1721 2304 1308
3 5850 674 2004
3 1883 2729 6818
3 4204 5724 3922
3 1023 8341 2892
3 1772 4943 5595
3 7117 115 6928
3 214 1750 4773
3 8541 341 6004
3 8282 4804 3322
3 3922 1926 5818
3 3154 8246 5814
3 7420 173 5809
3 810 5165 3428
3 2436 5484 8659
3 3616 457 4949
3 6367 8396 3754
3 8093 2648 775
3 2391 317 568
3 1295 7464 5368
3 2611 5637 2916
3 6493 3305 4584
3 1331 5173 2250
3 2462 8825 7971
3 5904 1295 4562
3 2394 1359 6510
3 915 486 4940
3 5409 6548 3522
3 8038 7321 3139
3 3493 3339 938
3 2297 8452 6910
3 3522 6548 7321
3 2963 7464 1295
3 798 8722 835
3 3492 6360 6263
3 7547 5064 8084
3 3675 6208 8469
3 915 4940 8659
3 1476 8232 5048
3 2627 5888 725
3 229 865 2379
3 3366 5964 1503
3 7778 203 7328
3 8407 2873 2204
3 5851 6377 6313
3 2862 6089 2457
3 4658 2393 6267
3 6741 7624 8042
3 5661 2382 2923
3 3499 7269 1175
3 6585 6397 2973
3 6227 514 616
3 3796 6765 7045
3 1013 7779 2320
3 4973 1196 4532
3 4194 3439 2228
3 8659 4940 2436
3 4974 1895 8614
3 723 2733 658
3 2619 8550 4855
3 2058 4632 4146
3 2716 4401 5744
3 145 2990 1490
3 4401 2516 2733
3 7183 2263 8745
3 1639 4263 504
3 2199 2347 658
3 6263 6330 1262
3 6026 4891 1886
3 1606 783 1038
3 1753 1432 7134
3 7596 2391 945
3 7886 1583 1475
3 725 3715 2751
3 3655 1444 1081
3 5888 4034 725
3 7244 2066 3656
3 7509 134 4489
3 6244 325 3525
3 1149 7244 3329
3 5079 1212 1973
3 3195 6549 3272
3 1727 5170 1484
3 4357 7894 1995
3 8153 4403 288
3 1149 135 5538
3 6909 3525 325
3 3272 6549 2618
3 8076 6408 267
3 3046 6674 4672
3 4943 5389 2649
3 4148 3970 5249
3 5437 6742 1868
3 4455 5962 7253
3 7496 353 7620
3 1239 7102 3687
3 6991 1911 278
3 8038 3139 1331
3 4269 8467 3601
3 1312 3041 1045
3 3318 356 5435
3 7178 5304 4894
3 3655 3349 1444
3 5113 3264 1878
3 3744 1891 5921
3 5754 1985 6582
3 8300 5842 1820
3 1120 394 4993
3 6968 123 8748
3 4600 7305 7337
3 4654 1298 7835
3 6208 3290 4494
3 2529 7797 6121
3 411 8449 362
3 533 4326 3506
3 2967 5454 5790
3 4963 38 3933
3 8531 726 5134
3 4494 8775 5903
3 3004 4326 2213
3 3289 1139 6900
3 8703 6743 5874
3 6293 4034 5068
3 2627 725 7901
3 4584 3492 4754
3 6991 278 2999
3 7227 4965 2604
3 4463 6026 383
3 8489 8723 2616
3 3428 5165 4703
3 3305 3942 1350
3 2922 2093 5269
3 438 2092 3
3 5982 451 4011
3 4850 4605 2792
3 1568 1073 8605
3 3913 7615 6171
3 826 5637 1222
3 4489 8408 5783
3 718 4377 5046
3 2381 3834 4163
3 938 4632 3493
3 3547 4754 1262
3 382 3110 1757
3 6564 8044 6667
3 1473 3370 23
3 5245 3815 5002
3 2173 410 3256
3 5807 5320 641
3 7305 4600 6244
3 3286 495 7891
3 989 3355 1159
3 3154 5814 8074
3 7206 2615 1264
3 1133 2533 6267
3 964 577 2433
3 137 4863 6510
3 5809 8448 7420
3 300 8319 2412
3 180 7663 16
3 6671 5409 3522
3 5802 2645 2117
3 382 6180 2360
3 907 7619 6782
3 6301 7873 5947
3 156 6723 952
3 203 3244 5634
3 2367 5947 7873
3 6434 73 118
3 7031 4052 4204
3 8373 274 1664
3 188 2570 4582
3 621 381 7406
3 1346 6671 3522
3 3616 4949 2380
3 1038 4891 278
3 3954 8293 1194
3 2136 7579 3813
3 4413 5738 7671
3 1309 1893 102
3 147 8038 2250
3 5221 7091 8479
3 4683 6222 8247
3 5965 2236 7253
3 102 1485 1309
3 4851 1320 6207
3 3139 7321 6548
3 3179 2756 6893
3 1985 6248 6582
3 5754 4557 1985
3 5984 1433 3442
3 743 7959 1194
3 1099 5059 4538
3 1360 5989 149
3 745 1247 1320
3 3179 140 5409
3 1194 7959 4412
3 2997 5636 8235
3 3981 8272 306
3 3715 4034 6293
3 2627 7901 6329
3 1294 5733 5150
3 7102 1239 4463
3 3218 5604 5150
3 6973 6671 1346
3 3139 2855 1331
3 4859 1472 7478
3 2178 784 4864
3 6137 8354 5840
3 2801 4945 4969
3 1778 3460 117
3 4011 4488 6037
3 1995 263 7593
3 938 4973 4116
3 6493 4258 7596
3 2967 5790 5595
3 5179 2634 2290
3 7707 1298 4654
3 2567 6999 6004
3 6125 3773 7888
3 1959 6530 8614
3 2391 4258 1380
3 579 1746 4939
3 6530 2716 8614
3 1242 1372 2111
3 573 4401 6530
3 5052 3582 344
3 8541 1992 8153
3 4740 382 1757
3 5312 6987 3081
3 8250 3792 6336
3 3674 7426 8275
3 2973 1485 6585
3 8301 6089 641
3 7365 6570 4730
3 4394 6793 2766
3 6976 8074 4083
3 4598 4433 2766
3 5903 987 5134
3 3907 8203 1790
3 4445 76 750
3 4767 5989 1360
3 365 2319 7619
3 5534 6612 3035
3 901 5760 5783
3 8579 878 3889
3 8766 2916 5637
3 354 1316 8275
3 4940 486 7866
3 3808 5 7971
3 4320 5177 3032
3 4377 1310 3410
3 8355 5411 7178
3 8252 4850 4765
3 2998 2993 3222
3 3506 3198 533
3 6582 306 8272
3 2193 593 2185
3 2594 5755 3244
3 5769 4159 5079
3 5769 7671 6345
3 4007 5535 1755
3 2072 4489 5783
3 2577 620 4980
3 3773 4939 3608
3 3156 8602 4885
3 74 451 5982
3 8160 2607 6807
3 145 4400 2990
3 3578 3672 6313
3 3291 7375 3772
3 2696 7541 1345
3 6512 1181 1753
3 1846 718 2158
3 4217 533 4821
3 5494 8009 3315
3 8717 5966 2161
3 5659 2441 1565
3 2392 7206 1080
3 6002 4920 1014
3 8696 7363 5427
3 365 7111 8479
3 1286 3306 6530
3 7346 6016 730
3 2800 1896 8704
3 2415 1009 6282
3 8250 3871 8749
3 8355 7178 4850
3 8200 542 8709
3 7636 2204 2201
3 5170 1727 4488
3 7030 3632 4961
3 4765 4850 2792
3 1220 4765 2792
3 1503 5964 2320
3 7623 118 5634
3 1309 1485 2973
3 990 1888 7856
3 6994 1834 8635
3 4463 2999 278
3 1981 6329 2325
3 8079 6026 7749
3 1911 1801 7149
3 7645 3428 4532
3 2515 8420 6910
3 892 7937 8814
3 332 2136 3755
3 2391 1380 317
3 4569 2062 7803
3 915 4973 5987
3 7464 2963 7600
3 1868 3581 5437
3 5711 8499 3022
3 7123 5416 2436
3 4788 2567 4654
3 2179 2772 3116
3 3181 6783 7795
3 3614 3328 8521
3 7105 2656 7929
3 1081 1397 3614
3 1504 2672 135
3 1895 4974 1298
3 865 7123 3922
3 1976 6002 1014
3 1181 4654 2567
3 4329 6089 8301
3 2672 6909 325
3 6337 4114 8533
3 1242 598 1372
3 8028 989 1481
3 173 1796 4584
3 3126 1932 6999
3 1013 3986 7912
3 438 4114 2092
3 533 4217 2680
3 5134 5887 4419
3 73 6434 5476
3 7778 8199 6789
3 4778 7526 3883
3 5595 5790 1772
3 6336 3792 5476
3 5476 3792 7328
3 541 8541 5887
3 6022 726 6365
3 1753 1181 4196
3 7291 6004 5454
3 5476 6434 6336
3 783 5789 7749
3 5375 4422 305
3 2665 5911 1274
3 3244 203 2594
3 2751 5506 725
3 2420 553 8142
3 3499 6307 3445
3 725 1686 7901
3 5595 8469 5134
3 8461 8745 7269
3 2525 7331 7945
3 6397 180 2973
3 5595 4943 8469
3 6401 906 8547
3 6509 3636 3323
3 3573 5791 8043
3 6968 4445 7339
3 7507 2463 5622
3 3451 1923 1893
3 7619 2641 6782
3 180 3451 1309
3 2526 5416 229
3 4270 365 7619
3 8062 3181 591
3 325 6244 2672
3 4600 2793 2066
3 387 507 658
3 6140 2624 6570
3 4891 6026 4463
3 5407 5921 8406
3 1650 633 5670
3 8691 4245 7170
3 255 7936 2094
3 2710 7746 3266
3 6510 4863 2394
3 7056 1099 5106
3 7645 1380 4258
3 1650 4949 457
3 1359 2394 2246
3 7921 741 3913
3 7596 4258 2391
3 1058 5978 1576
3 2670 192 5643
3 6222 3779 4462
3 1346 7321 1003
3 3179 2855 3139
3 5 678 6169
3 3506 4326 3004
3 387 4401 573
3 573 6530 3306
3 590 7859 1730
3 429 1984 2696
3 1731 538 3578
3 6389 6885 3683
3 2899 5966 4329
3 7545 249 202
3 2404 1472 4859
3 4400 5659 7091
3 4593 5574 7031
3 5150 6716 1294
3 8042 641 2862
3 147 1003 8038
3 4470 8094 5244
3 1133 3986 7481
3 5471 1528 4218
3 1133 2603 1861
3 6577 2213 2680
3 1730 7859 7771
3 6770 6854 3551
3 7123 5193 4593
3 2751 3769 5778
3 2393 5009 7912
3 5506 5778 2325
3 3244 5755 5634
3 3576 6641 8551
3 5634 1503 7623
3 4270 7111 365
3 7032 6001 7790
3 4660 4907 2570
3 8079 383 6026
3 2623 7791 110
3 72 5031 2506
3 203 73 5476
3 2390 5776 1580
3 2945 5988 7331
3 6425 7873 8110
3 4916 1065 2367
3 8373 1664 4916
3 8079 5789 7430
3 4196 2485 4403
3 5354 2416 5866
3 7253 1888 990
3 5484 2304 2746
3 3289 6712 4805
3 6512 265 7707
3 5372 1987 1814
3 1335 8089 5157
3 8801 1440 8185
3 1316 1004 4787
3 4575 2709 3370
3 2086 1316 3639
3 3046 4672 8314
3 5242 3168 3727
3 4083 3264 2617
3 1220 2792 5113
3 8522 1959 6564
3 5238 3081 6987
3 900 2193 2185
3 2945 1093 1509
3 3316 3364 1913
3 4455 592 3779
3 149 5989 4767
3 5814 6994 6250
3 8796 6976 4083
3 4671 5615 7701
3 2624 7406 6570
3 2641 8448 5809
3 4311 4488 4011
3 4271 1192 4511
3 1219 3270 7829
3 3439 4194 6765
3 7291 4419 8541
3 6017 292 2984
3 1219 7600 8133
3 3347 2360 6180
3 1196 3339 5605
3 7600 8499 8133
3 1295 5904 441
3 4871 1950 4849
3 2022 6788 4556
3 1390 4557 6169
3 5050 5711 3022
3 1576 3439 2199
3 2136 4562 3755
3 594 4233 6000
3 3035 7462 5534
3 1316 2086 3674
3 8354 432 6376
3 8272 3004 2213
3 5932 1509 7205
3 2540 6002 8791
3 3478 6293 5068
3 5782 905 1569
3 4716 584 1482
3 6615 1022 7725
3 1194 2843 743
3 5068 5984 8226
3 5969 7671 5769
3 3680 6102 5968
3 2093 5534 8767
3 1601 3255 5828
3 524 8572 1393
3 1804 5870 3235
3 7326 1026 4920
3 1245 2689 2199
3 5113 6416 3264
3 1846 6002 1612
3 1976 2398 1612
3 2580 1238 6066
3 4525 8116 1337
3 8194 641 8042
3 7678 3970 4148
3 4169 1245 1106
3 4329 5966 8717
3 3190 3581 2836
3 6089 2862 641
3 8194 752 3834
3 5520 7522 6685
3 573 3306 387
3 2998 7220 256
3 8043 5703 990
3 4788 8348 3126
3 1814 4718 1992
3 256 7276 7626
3 2815 2726 2788
3 6530 1959 1286
3 4419 2967 5134
3 1003 7321 8038
3 3637 7535 4965
3 2302 3504 3426
3 1013 7912 5009
3 3306 1286 8522
3 8451 5436 2762
3 553 2420 8199
3 7623 1503 2320
3 6397 6585 3949
3 7253 5703 8043
3 8199 2594 6789
3 7091 5659 1003
3 2117 382 4740
3 7212 4767 3842
3 3207 76 1516
3 180 6397 7663
3 5164 8247 6041
3 6397 1438 6623
3 6511 149 5540
3 3338 4147 945
3 6397 3949 2281
3 1350 6779 3305
3 2528 3809 3868
3 4949 1650 5670
3 1074 6973 4859
3 6330 6263 7645
3 3825 4750 8022
3 6770 5358 6985
3 2528 3579 1676
3 3259 2302 6433
3 1295 5050 3022
3 5866 1790 5985
3 1175 2263 7577
3 441 5050 1295
3 2746 4116 5484
3 2586 6973 1346
3 507 2034 658
3 3081 5238 7835
3 4425 6016 7346
3 2394 4175 2360
3 8221 3145 2956
3 3637 4952 7535
3 7752 481 590
3 74 5982 5847
3 5539 1320 6510
3 3013 2201 2873
3 6345 7671 6369
3 5068 4034 5888
3 3723 8233 1708
3 3478 7960 6577
3 3106 7821 4222
3 5888 2627 71
3 2751 5778 5506
3 4751 6539 3397
3 5862 6329 1981
3 6752 5966 7768
3 8549 6933 8761
3 8462 1181 6512
3 4389 7063 5139
3 2028 8214 4492
3 6779 173 3305
3 6549 7304 2618
3 4270 7619 907
3 8286 7180 1568
3 2641 5809 5354
3 4556 6788 7497
3 4196 1181 2485
3 907 6197 4270
3 2319 2641 7619
3 6319 4963 6213
3 8614 1895 1959
3 4800 317 1380
3 2978 3894 3707
3 265 6512 1753
3 4311 4740 5170
3 1134 6686 202
3 3868 3809 8700
3 2878 1432 1753
3 5185 7922 526
3 3305 6493 7596
3 6687 8148 4537
3 6282 6794 368
3 4867 5042 368
3 560 3414 5000
3 6233 7029 6671
3 931 6282 3841
3 8709 800 5818
3 7778 553 8199
3 6425 125 274
3 5982 6037 6887
3 4867 1167 336
3 5663 1664 274
3 8282 2425 4804
3 6026 1886 7749
3 6900 7512 5633
3 3261 8443 1224
3 250 2757 4432
3 2236 8330 1888
3 8700 5520 3868
3 2824 6157 793
3 7139 4590 4723
3 7123 229 5416
3 8064 8331 287
3 7111 4270 6197
3 6437 7760 1991
3 1731 5048 3813
3 560 8076 2258
3 4778 5203 1081
3 8331 8064 1396
3 1081 1444 4778
3 3755 4562 2297
3 5637 8693 8766
3 438 8252 4765
3 3365 8607 7745
3 418 1397 5203
3 4083 4575 8796
3 2856 5052 4228
3 4462 8247 6222
3 6558 7262 737
3 6416 5113 2792
3 6428 1584 5805
3 2792 8178 2617
3 4953 385 7587
3 7091 2990 4400
3 7243 3655 8521
3 883 1741 6250
3 2158 718 5046
3 5754 8825 2462
3 5538 6244 1149
3 2696 1984 7541
3 6612 6365 3035
3 6250 6994 1357
3 5414 8775 3075
3 8791 1846 2158
3 265 5347 3469
3 6512 7707 8462
3 8791 2158 6313
3 2746 4632 4116
3 1203 8796 3370
3 6244 3525 3266
3 8430 4793 2065
3 7971 8272 2213
3 1149 2066 7244
3 1959 1895 7707
3 403 4414 2409
3 8724 825 965
3 1959 3469 8044
3 5074 3266 3525
3 8044 6564 1959
3 4330 7261 8323
3 3469 7707 265
3 3525 6909 6252
3 3266 5074 2710
3 2811 1261 3057
3 793 6157 1265
3 5287 2228 3439
3 7587 385 7081
3 5807 8194 3834
3 8042 1779 8194
3 6183 5639 347
3 4116 4632 938
3 1682 1901 2222
3 2617 3264 6416
3 5009 7779 1013
3 7783 3338 5916
3 7111 6197 7347
3 6167 6844 3310
3 2531 7813 2077
3 8408 2049 901
3 7151 2867 7569
3 6259 5971 4931
3 507 3306 2923
3 2250 5173 8479
3 5982 6887 5847
3 3031 8601 2670
3 6037 2404 6887
3 2642 7748 1742
3 7749 1886 783
3 2999 4463 6754
3 8043 123 3987
3 6754 6991 2999
3 7637 4312 3777
3 4473 2856 3101
3 16 7663 6623
3 2236 5965 5785
3 5354 5809 173
3 6424 1056 3635
3 6623 7663 6397
3 8316 8251 1902
3 4463 1239 6754
3 6124 8337 6912
3 6140 1087 6775
3 7484 2972 5558
3 6041 2232 986
3 8283 2284 583
3 4899 1859 2036
3 2246 6229 7859
3 910 7101 1906
3 4146 2304 1721
3 5048 8232 3813
3 1475 4620 2918
3 5847 6887 6973
3 5769 1694 4159
3 5978 3439 1576
3 2615 4408 798
3 533 713 4821
3 2918 1583 7585
3 5985 2852 6782
3 5778 3769 4222
3 8479 2319 365
3 4751 3397 3588
3 1903 6558 5054
3 5347 598 1242
3 7180 6197 1568
3 2325 2340 2909
3 4676 1193 5070
3 4419 5887 8541
3 5847 8230 1844
3 5221 2990 7091
3 4656 2707 1254
3 101 1278 2456
3 8277 3722 7784
3 386 5015 4679
3 5320 1976 7156
3 5454 2967 4419
3 4403 6004 341
3 5124 4663 4201
3 1346 1003 1565
3 5161 1026 240
3 8729 2372 3396
3 2990 5221 7180
3 6004 6999 5454
3 1844 2586 2441
3 2382 7317 4678
3 6564 5661 8522
3 7212 1902 3041
3 8533 438 1220
3 3344 8777 389
3 8533 1220 5113
3 6585 1485 6399
3 1350 2416 5354
3 3637 7966 3617
3 6623 3926 6570
3 5454 1772 5790
3 1741 3264 6250
3 8749 6936 7328
3 7328 3792 8250
3 8709 8289 8200
3 4226 3771 5033
3 3493 4632 2058
3 7902 3987 6968
3 3809 6125 3258
3 6775 2515 1867
3 6775 8420 2515
3 8797 1680 4726
3 5818 5331 2620
3 4773 7937 5243
3 6041 8093 5164
3 1087 2426 1695
3 5605 7783 317
3 3986 3436 7481
3 2297 4048 8130
3 5368 7464 8130
3 2092 4114 5268
3 3008 2050 6480
3 2466 3245 1369
3 317 4800 5605
3 2571 1275 347
3 8749 3871 3013
3 6564 2382 5661
3 2540 6313 6377
3 3442 5717 8226
3 2201 3013 4840
3 6415 7375 6990
3 7505 732 2726
3 2533 1070 4658
3 8200 8289 2595
3 6789 2594 203
3 2222 1213 1682
3 5773 1871 5204
3 2618 17 1615
3 3986 1013 3436
3 4601 3777 4007
3 7671 8049 6400
3 7306 1427 1482
3 6336 5376 8250
3 4740 2181 5170
3 1009 6794 6282
3 2436 2395 7123
3 287 3329 8064
3 3045 4306 1475
3 783 1886 1038
3 6180 382 2117
3 267 6408 4761
3 5778 3576 8551
3 2199 1106 1245
3 2672 6244 5538
3 2199 2689 2573
3 5506 1686 725
3 523 5472 5075
3 5066 8205 1490
3 8724 7532 825
3 106 4388 701
3 5741 8590 908
3 6782 2852 5394
3 4401 387 2516
3 526 2872 2028
3 2111 1372 3830
3 1481 6866 6622
3 4092 1242 4678
3 2573 2689 1245
3 5060 2977 8255
3 6197 5394 1073
3 1867 6140 6775
3 2923 3306 5661
3 5670 2062 2380
3 5970 6137 8112
3 17 2618 1224
3 8522 1286 1959
3 4258 3547 6330
3 4678 2923 2382
3 7429 1064 7868
3 1309 3451 1893
3 466 2766 6048
3 1226 2136 332
3 8116 7086 1120
3 1565 1003 5659
3 7707 4654 8462
3 3813 441 5904
3 4411 1669 3404
3 8153 6110 2878
3 5046 1476 5048
3 341 8541 288
3 1045 7855 1312
3 273 8762 7592
3 1664 1065 4916
3 274 8373 6425
3 2158 5046 3490
3 150 188 3683
3 7156 8301 5320
3 5164 4557 1390
3 5962 6222 5513
3 3842 4767 2247
3 7855 1045 1911
3 135 287 8331
3 8825 8272 7971
3 8205 4400 145
3 1844 8230 6973
3 312 3808 7960
3 3031 110 8174
3 6169 5754 2462
3 173 4584 3305
3 6612 5534 2093
3 438 4765 1220
3 271 4663 5124
3 2117 4740 4311
3 4525 2711 4394
3 1203 3573 8043
3 8074 994 3154
3 994 8074 6976
3 135 8331 1504
3 5282 5577 136
3 3181 7795 591
3 3007 300 1356
3 7056 3866 2593
3 5535 2362 5618
3 5079 5978 1560
3 3683 7139 2985
3 5055 6032 4846
3 843 5079 1560
3 5074 3525 6252
3 3266 7305 6244
3 2198 5074 6252
3 6376 4751 5306
3 5347 8044 3469
3 658 2516 387
3 4751 5929 5306
3 964 8614 2716
3 2772 2179 5981
3 2800 195 3830
3 2487 1271 5129
3 6188 5425 694
3 2111 7 1242
3 7032 3218 5150
3 5672 800 8709
3 6188 8048 5425
3 6110 1896 1432
3 5002 4065 2031
3 1245 4169 8681
3 7512 2280 3426
3 978 2699 1294
3 6547 4889 1695
3 1196 1380 4532
3 1351 8042 2862
3 3888 849 4634
3 2034 5840 8681
3 1861 2788 2125
3 1878 1741 883
3 1106 2199 658
3 5268 6337 5033
3 1741 1878 3264
3 4800 1380 1196
3 3455 4385 1992
3 4632 2746 4146
3 2590 7292 7229
3 5633 4147 3338
3 8330 7856 1888
3 2485 2567 6004
3 931 5376 6336
3 990 5703 7253
3 1945 3339 5746
3 5042 4840 3871
3 7328 6936 7778
3 4902 8103 3999
3 2136 1226 1906
3 7029 5409 6671
3 3041 1801 1045
3 5439 5410 5980
3 3316 1911 7149
3 5164 1390 6480
3 4462 6041 8247
3 5866 2416 1350
3 8791 6002 1846
3 5394 6197 907
3 2050 3008 4683
3 8294 2852 3473
3 4099 1433 71
3 1003 147 7091
3 1073 5394 8294
3 312 7960 5867
3 2680 4326 533
3 481 7752 5494
3 2993 8496 6655
3 7149 3364 3316
3 3849 5846 8191
3 8605 1073 8294
3 2751 3106 4222
3 7430 2325 5778
3 1981 2918 5392
3 6800 8134 7301
3 726 995 5887
3 9 6706 5407
3 8720 2694 7171
3 3116 2772 2923
3 4676 3956 1950
3 6004 7291 8541
3 6495 1536 7062
3 5033 6337 8533
3 4676 5070 3956
3 5033 3771 5268
3 5901 3008 8138
3 6667 8044 5347
3 1878 8533 5113
3 5191 8245 3154
3 6782 5394 907
3 7484 4785 2972
3 7206 3235 5870
3 5490 6725 3688
3 5558 2972 1843
3 835 8722 5468
3 6667 5347 4092
3 1329 6271 6633
3 1568 6197 1073
3 2213 4326 2680
3 5134 8469 5903
3 778 6245 7677
3 6794 2721 8013
3 7328 203 5476
3 6936 8749 3013
3 6140 621 2624
3 2179 3116 4678
3 5402 2874 1328
3 2281 3949 5618
3 451 5802 4011
3 8009 5078 4277
3 2325 1686 5506
3 2297 4562 4048
3 1606 1038 1911
3 5789 5302 3045
3 8232 5050 441
3 1911 1038 278
3 3223 6622 7535
3 4538 5059 3140
3 2528 3868 2700
3 4803 1692 4245
3 2696 3578 538
3 805 3130 4149
3 2007 5584 6325
3 7752 2645 5494
3 3220 3504 3907
3 7502 2222 1901
3 6900 1139 7512
3 5520 2700 3868
3 932 2926 7326
3 5605 3339 1945
3 3556 3722 8277
3 5840 8354 8681
3 1026 7156 4920
3 4116 915 8659
3 4920 6002 169
3 1992 995 1814
3 288 4403 341
3 265 598 5347
3 3830 7134 1432
3 1372 7134 3830
3 4849 594 1903
3 150 4660 2570
3 1372 598 7134
3 4663 271 7423
3 5633 3253 6900
3 5106 1099 3247
3 4662 1766 8203
3 8028 1901 1682
3 5717 8402 7960
3 3683 2985 6389
3 5633 3338 3253
3 4448 7424 6752
3 6329 7901 1686
3 3931 6856 2457
3 239 3377 1598
3 5157 952 1335
3 6267 2533 4658
3 2457 6856 693
3 3 5032 8252
3 3493 2058 7777
3 1861 8042 1351
3 8652 4818 436
3 5372 726 6022
3 6267 2393 1133
3 6336 118 5009
3 7747 74 2520
3 8764 5366 830
3 2990 2572 1490
3 5269 7729 2922
3 8512 978 2449
3 5469 4869 7139
3 1058 1576 2199
3 7671 5969 8049
3 2449 7388 8512
3 275 931 5009
3 8250 5376 931
3 4083 8074 5814
3 8143 5402 2421
3 6994 8635 1357
3 385 7984 7563
3 4428 6739 7342
3 1389 5336 6949
3 6773 6354 5830
3 581 7747 2520
3 1051 3315 1191
3 5191 8043 990
3 5618 4601 5607
3 6968 7339 4128
3 7180 5221 7347
3 6774 7281 4472
3 4313 6400 8049
3 6345 4093 1694
3 4869 3857 7139
3 8294 5394 2852
3 2379 8080 77
3 5861 6716 5150
3 5513 6222 4683
3 4726 1680 332
3 2923 2772 8112
3 7579 2454 1731
3 7183 4184 3122
3 5661 3306 8522
3 6327 8138 3008
3 2360 7771 2394
3 2540 8791 6313
3 6900 3253 7667
3 7326 6377 5851
3 1106 658 4169
3 5161 7768 7156
3 8681 8354 1245
3 3830 1432 2800
3 7156 1026 5161
3 6909 1504 547
3 88 3983 8517
3 8065 3328 3614
3 8724 2198 7532
3 5022 4827 7105
3 1504 6909 2672
3 265 1753 7134
3 5134 987 8531
3 1242 4092 5347
3 6231 1571 3869
3 5129 2179 7
3 3478 6577 2680
3 3013 8142 6936
3 2251 1583 2357
3 2627 6329 5862
3 8142 553 7778
3 2918 7585 5392
3 6537 1070 732
3 7778 6936 8142
3 5306 5929 1058
3 2840 5951 855
3 1070 6537 8539
3 5887 5134 726
3 2304 2526 77
3 965 2710 8724
3 4678 1242 7
3 5981 5970 2772
3 1107 5983 3707
3 1844 8205 7747
3 1563 4915 1326
3 5969 5079 4538
3 1489 6049 385
3 5985 4250 3849
3 5847 581 2520
3 5618 3949 6585
3 6559 5095 2996
3 558 2058 1721
3 6156 3286 7891
3 5814 8246 5619
3 1350 3942 4147
3 4226 1357 8635
3 8091 250 4432
3 5671 1815 8246
3 3305 7596 945
3 1139 3289 4805
3 3046 7365 4730
3 4647 4389 8070
3 6252 6909 7532
3 6782 2641 5354
3 6900 7667 3289
3 5962 4455 3779
3 462 6755 3192
3 3333 2646 8622
3 1402 1573 7810
3 2710 5074 2198
3 7324 4389 4165
3 3257 2268 2174
3 7363 2346 5427
3 136 1064 5282
3 449 2483 847
3 6171 5426 7921
3 6170 2177 2268
3 3578 2158 3490
3 5965 7253 5962
3 1731 2454 429
3 1731 429 538
3 4733 2094 6193
3 5851 6288 548
3 2768 4003 4335
3 2523 5274 6344
3 5044 5 312
3 6169 2462 7971
3 2398 5807 3834
3 5320 2398 1976
3 4973 915 4116
3 6156 7813 2531
3 7960 5805 1584
3 8205 8535 7747
3 2392 4899 2036
3 6550 868 3123
3 3674 8275 1316
3 3473 2852 5985
3 1433 8402 3442
3 7156 1014 4920
3 1194 4412 3954
3 2125 2726 1070
3 8159 5027 2518
3 4730 515 3046
3 1432 2878 6110
3 2382 6564 7317
3 693 2862 2457
3 1878 883 1357
3 2093 2922 6612
3 7375 2009 6764
3 7206 2392 3235
3 5045 8363 8223
3 336 5593 6746
3 3999 3224 6949
3 8023 2215 6137
3 1357 883 6250
3 6250 3264 4083
3 7300 5172 6814
3 6622 928 7535
3 5047 721 2571
3 4525 8157 2711
3 6770 6985 1328
3 185 7705 5232
3 7964 8216 5589
3 2515 8452 2297
3 3258 5870 359
3 2199 7293 2585
3 2425 3649 7701
3 2573 1245 8354
3 2379 800 5672
3 1312 4767 3041
3 7855 4767 1312
3 8586 5120 8209
3 4169 658 2034
3 8730 8332 5734
3 568 317 7783
3 5341 6571 6141
3 8286 3849 8191
3 6424 95 9
3 4590 7139 3683
3 8578 2036 1859
3 3672 6288 6313
3 7777 2058 8108
3 3339 4973 938
3 7571 7256 8275
3 8577 254 2187
3 169 6002 2540
3 6169 7971 5
3 6428 5805 8782
3 5746 7667 3253
3 2899 7768 5966
3 1721 2058 4146
3 2923 8112 507
3 2466 6050 3245
3 2246 2394 6229
3 7317 6564 6667
3 1945 3253 7783
3 195 7 2111
3 7282 8578 7708
3 2504 747 2885
3 7775 7015 7162
3 5929 4708 7015
3 5847 2520 74
3 7276 6160 5041
3 2457 6089 3869
3 4993 394 8235
3 2586 1346 2441
3 5918 2293 2437
3 2783 8691 4889
3 6623 1438 3926
3 7777 3339 3493
3 2788 2726 2125
3 3116 2923 4678
3 7210 7725 588
3 8539 2393 4658
3 1196 4973 3339
3 4763 3827 3498
3 8153 1992 4385
3 368 6794 4867
3 2878 1753 4403
3 658 3439 723
3 6048 4433 7518
3 71 5068 5888
3 2165 4363 2409
3 7430 5789 2340
3 3882 2357 7404
3 3421 7284 2480
3 1680 7622 4675
3 7591 295 7820
3 8513 1085 1461
3 1992 541 995
3 4723 2528 2700
3 3871 8250 5042
3 6276 374 5310
3 95 1891 3744
3 7015 2237 5929
3 5402 8143 2874
3 1328 8200 5402
3 1911 3316 1606
3 3579 6924 4358
3 4908 4917 4228
3 386 3934 4772
3 7091 2250 8479
3 8056 861 5991
3 3347 6180 2117
3 5354 5309 6782
3 8323 6465 4330
3 8430 6484 1604
3 5904 4562 2136
3 3813 5904 2136
3 2299 8572 524
3 3101 2856 4917
3 6885 7862 2529
3 8084 5064 5018
3 8211 4649 8776
3 2419 5407 8406
3 8761 5621 8549
3 995 541 5887
3 5513 5901 8138
3 7985 8797 7573
3 3842 7811 2827
3 3196 5856 3285
3 3490 5046 5048
3 6700 5215 2811
3 4226 8719 5268
3 5901 4683 3008
3 6994 5814 1834
3 3090 4827 5022
3 2725 4386 1684
3 7291 5454 4419
3 7805 7532 6611
3 5901 5513 4683
3 5 3808 312
3 4827 2962 6138
3 6752 7768 3484
3 6229 2394 7771
3 6169 678 7254
3 6138 5274 2523
3 7679 8048 825
3 7957 4389 4647
3 5472 1342 2431
3 8112 2034 507
3 2384 7655 2028
3 6946 1580 4156
3 7015 3247 2237
3 6302 5855 8656
3 6432 8478 462
3 2968 3778 5131
3 1099 4554 5059
3 3013 3871 4840
3 5055 7587 7081
3 2873 8142 3013
3 195 2111 3830
3 5129 8036 5906
3 2426 2281 1695
3 7674 4186 7486
3 7768 776 3484
3 2125 2533 1133
3 6855 6675 3173
3 4628 7791 5445
3 2393 3986 1133
3 436 3931 8652
3 5212 6255 7393
3 931 3841 8250
3 451 5518 647
3 8719 4226 3396
3 7735 2392 1080
3 6746 4840 4867
3 1114 3897 2022
3 8777 1551 6184
3 8523 4428 7342
3 6665 492 982
3 6097 805 6220
3 1834 8729 8635
3 8729 4226 8635
3 389 4432 3344
3 2236 1888 7253
3 3582 5052 2856
3 1780 4649 8211
3 7334 4899 7738
3 2198 6252 7532
3 547 1504 6138
3 1721 1308 5358
3 6445 5381 1842
3 5717 3442 8402
3 7856 8330 5191
3 7253 8741 4455
3 3882 6638 2251
3 5302 5789 783
3 5186 6995 7541
3 3223 107 8028
3 7525 6126 5000
3 2926 1026 7326
3 1397 1081 5203
3 1911 6754 7855
3 5866 1350 1790
3 3519 1068 2703
3 8251 8316 8209
3 287 135 3329
3 5851 548 932
3 4150 3131 7760
3 3255 2288 6286
3 8235 394 524
3 149 6511 1360
3 3751 7179 3499
3 1730 3347 7752
3 3347 1730 7771
3 5078 1049 4277
3 8023 2431 1342
3 6973 8230 5847
3 3140 8049 5969
3 6639 107 4498
3 5045 8496 2998
3 4726 6910 6775
3 849 8283 5358
3 1103 2877 4556
3 5978 5079 3917
3 8734 7113 1682
3 7213 3429 5126
3 6220 4149 2668
3 6137 5840 2034
3 4645 2524 1356
3 6861 1291 3820
3 1560 5978 1058
3 3336 2166 6305
3 3931 2457 3429
3 6305 2438 3336
3 1763 2431 6963
3 8112 2772 5970
3 2379 6985 5358
3 77 229 2379
3 4952 3637 2077
3 7559 4008 2968
3 6288 1345 548
3 2304 77 1308
3 6377 169 2540
3 2783 6547 2362
3 5106 6278 3943
3 7113 3355 8028
3 3253 3338 7783
3 6377 7326 169
3 2082 2284 3895
3 3869 6089 4329
3 5916 3338 945
3 4867 336 6746
3 7636 4840 6746
3 6137 2034 8112
3 4147 3942 3305
3 5129 6023 2179
3 5179 4385 3455
3 4869 6319 5639
3 6655 3080 2993
3 3396 4226 8729
3 3223 4498 107
3 4092 4678 7317
3 8586 7444 5120
3 6606 4641 1918
3 7134 598 265
3 8704 5109 3571
3 6213 4963 3933
3 5191 994 8043
3 8223 8496 5045
3 901 6348 1093
3 8704 8031 2800
3 5785 5965 1403
3 1849 5078 8009
3 6577 7960 2213
3 3571 5109 2740
3 945 2391 568
3 1753 4196 4403
3 2992 8694 4080
3 3041 1902 1801
3 8153 288 8541
3 2418 908 8478
3 2878 4403 8153
3 4683 8247 7756
3 2175 6495 7758
3 3808 2213 7960
3 6160 256 7220
3 4864 784 343
3 6476 3891 728
3 1766 1042 5649
3 8605 8286 1568
3 8622 1368 3333
3 8102 3820 7401
3 4819 5055 7081
3 6917 230 5463
3 8233 1376 1708
3 8286 8605 3849
3 5765 6833 5782
3 5129 1271 8036
3 2165 3973 4363
3 2215 8023 1342
3 7293 6376 5306
3 1987 5372 8362
3 4329 8301 2899
3 5126 8652 7213
3 3933 6685 2289
3 8108 5746 7777
3 2362 6547 5618
3 3455 2634 5179
3 2179 6023 5906
3 5541 8506 892
3 8652 3931 7213
3 2058 558 8465
3 8478 908 2711
3 2711 908 6793
3 1790 4250 5985
3 1207 4459 6537
3 4818 2815 436
3 6282 275 2415
3 2811 5721 6190
3 6688 1209 5453
3 1207 7505 5471
3 8749 7328 8250
3 7210 1193 4676
3 1428 360 8056
3 6612 2922 7729
3 5033 1357 4226
3 4582 3579 2528
3 5009 2393 275
3 7856 5191 990
3 7429 5282 1064
3 6910 8420 6775
3 8552 2419 2296
3 1167 6794 8013
3 8226 5984 3442
3 3999 8103 3224
3 6184 8719 3396
3 38 3909 3933
3 3779 6222 5962
3 6453 30 7302
3 1573 590 2956
3 3956 5070 1848
3 1345 6288 3672
3 2711 6261 7572
3 2340 2325 7430
3 5514 2178 5731
3 3315 8544 4712
3 8741 7339 4455
3 4663 7423 2572
3 8247 5164 7756
3 5161 240 776
3 2572 2990 8286
3 8203 3907 4662
3 8203 1766 5649
3 4201 3172 3827
3 1844 581 5847
3 5015 1848 5070
3 3310 3849 4904
3 1058 2199 2585
3 7254 1843 6169
3 8727 6913 5439
3 3262 4785 7484
3 1801 1911 1045
3 5805 7960 8402
3 3617 2529 7862
3 8023 5981 5906
3 8226 7960 3478
3 3808 7971 2213
3 5126 7424 4625
3 7424 2044 1571
3 2740 5109 2165
3 8797 7985 1680
3 7794 4751 432
3 2815 2788 693
3 1950 6085 835
3 7505 1207 732
3 2533 2125 1070
3 5663 2872 526
3 7629 5472 523
3 5436 7214 1569
3 4007 1755 5607
3 7559 5536 4008
3 2384 2028 4492
3 7230 3551 6854
3 1580 6946 3283
3 2028 2872 5663
3 8770 5332 2623
3 8013 2131 1050
3 368 3841 6282
3 2968 5131 7559
3 1199 3435 6388
3 3363 4477 5550
3 421 4961 3632
3 1606 3316 2016
3 8531 3035 6365
3 3122 4184 4529
3 8656 2887 1669
3 6985 2379 5672
3 1428 2159 3070
3 7149 2346 1072
3 2762 8036 1271
3 8174 110 7791
3 1087 5501 6775
3 7148 1679 360
3 6963 2431 8023
3 538 429 2696
3 5746 3339 7777
3 8108 7667 5746
3 3972 2582 1085
3 2800 8031 2487
3 1806 161 3118
3 3672 3578 2696
3 2372 5619 8246
3 4521 8381 1495
3 2372 8729 5619
3 3725 5186 6325
3 7254 678 5
3 5633 3220 4147
3 6428 5044 5867
3 1992 4718 3455
3 110 3031 1033
3 6734 8596 313
3 472 5332 4828
3 3781 1766 4791
3 1402 7810 7859
3 7301 8134 4099
3 6110 4385 1896
3 8134 1433 4099
3 5061 1981 2909
3 8717 3869 4329
3 2487 8031 5765
3 5732 1209 6688
3 7512 3220 5633
3 3907 3504 4662
3 783 2016 5302
3 7085 4451 4994
3 1042 4904 4250
3 4074 1049 7747
3 5306 1058 2585
3 8160 5808 2833
3 5428 5179 2290
3 1849 2645 5802
3 591 3496 8062
3 694 2268 7746
3 8521 3655 1081
3 694 6170 2268
3 5425 6170 694
3 5270 6165 1152
3 2268 7337 7305
3 6598 4778 5156
3 6844 3849 3310
3 2572 8191 4663
3 8221 481 4712
3 3430 2035 7740
3 7050 3781 823
3 4827 1396 7105
3 3829 2256 6167
3 1656 1403 8138
3 3473 8605 8294
3 1844 6973 2586
3 8717 2161 6231
3 6025 5471 7505
3 2542 946 2802
3 2788 1351 693
3 1006 5501 8691
3 8699 1328 2874
3 2215 7629 6137
3 1328 542 8200
3 4867 4840 5042
3 2783 4803 4245
3 7767 3018 5710
3 6289 6325 5186
3 77 8080 5358
3 2796 3924 3551
3 4554 5986 7098
3 8691 3640 4889
3 3640 5501 1087
3 7358 6710 6147
3 2898 3195 8282
3 188 4582 4590
3 3672 2696 1345
3 6066 1238 3397
3 3195 7613 6549
3 8465 4417 2058
3 5320 8301 641
3 5357 432 5324
3 583 2284 2082
3 6933 969 2625
3 776 240 3484
3 4417 8108 2058
3 6800 7290 1376
3 4099 5392 7301
3 5268 3771 4226
3 8704 2582 5109
3 8023 5970 5981
3 6184 8824 8777
3 1224 8443 17
3 2487 5765 8451
3 5309 5354 5866
3 3455 4718 1814
3 5765 8031 3571
3 6665 1461 1085
3 7771 2360 3347
3 8794 4461 2684
3 2036 8578 359
3 5179 1896 4385
3 7080 464 3544
3 1085 5179 5428
3 2289 6213 3933
3 3842 2247 7811
3 8513 4442 3972
3 6685 7522 7282
3 2956 3145 1573
3 6665 2290 1814
3 8191 2572 8286
3 4683 7756 2050
3 1843 6480 1390
3 5985 6782 5309
3 5044 6050 7254
3 5075 5472 2431
3 8023 5906 6963
3 1896 2800 1432
3 1584 5867 7960
3 7139 4723 5469
3 1814 995 5372
3 1193 4679 5015
3 3101 6558 4473
3 5068 8226 3478
3 900 4645 300
3 979 1341 2048
3 1264 1080 7206
3 5906 5981 2179
3 3045 5061 5789
3 5243 8506 5541
3 2909 2340 5061
3 8036 1763 5906
3 6137 5970 8023
3 5472 7629 1342
3 693 6856 3931
3 6354 7636 2315
3 6773 8698 8407
3 3778 8049 3140
3 8652 6025 4818
3 1950 4871 4676
3 558 1721 5358
3 7306 5986 6103
3 4008 3778 2968
3 4383 5702 4530
3 6028 6388 3435
3 6585 7637 4601
3 3172 3849 6844
3 2426 3926 2281
3 1563 1750 214
3 6685 7282 7708
3 3849 3473 5985
3 2571 347 5047
3 2297 6910 3755
3 7775 6278 7015
3 5450 5602 858
3 4250 1790 5649
3 1009 2721 6794
3 2082 4417 8465
3 6167 3498 7140
3 3247 843 1058
3 336 1167 5593
3 1766 2256 3829
3 8407 8698 2873
3 2204 2873 2201
3 2315 7636 6746
3 2607 6979 1107
3 7140 3172 6167
3 4538 5079 843
3 3617 7862 2782
3 8696 5427 8251
3 3045 2918 5061
3 4663 8191 5846
3 4277 6905 4913
3 8330 1280 8245
3 2700 5520 3909
3 5596 1552 5721
3 3933 3909 6685
3 1918 2837 4946
3 6979 5124 1107
3 5671 8246 1280
3 7171 2694 6122
3 631 5066 676
3 8330 5785 1740
3 2412 8090 6753
3 4785 6480 2972
3 850 3061 4430
3 74 7747 1049
3 5639 6319 5047
3 631 8535 8205
3 1042 3310 4904
3 3041 4767 7212
3 3781 7050 1766
3 6656 3086 7920
3 5558 5694 2884
3 1369 2992 2466
3 8720 7729 5269
3 4152 6050 5834
3 5984 71 1433
3 1763 8036 2762
3 5191 8330 8245
3 5100 4021 5673
3 2030 5348 778
3 5619 8729 1834
3 4428 8523 3344
3 4339 2256 1766
3 428 7805 6783
3 7532 6909 547
3 3827 1107 4201
3 4827 3090 2962
3 7423 1490 2572
3 6598 3561 7376
3 5906 6023 5129
3 1992 8541 541
3 4763 2256 4994
3 2819 1733 4126
3 1504 8331 4827
3 2996 186 6559
3 5094 7544 7654
3 6480 7756 5164
3 676 5066 271
3 2451 820 5921
3 1913 3364 7149
3 1913 2016 3316
3 8451 1271 2487
3 2762 1271 8451
3 4165 2384 4492
3 7810 2246 7859
3 1580 274 125
3 3283 8743 8177
3 676 271 6979
3 2816 5834 2466
3 5867 1584 6428
3 3919 1389 3575
3 2816 2884 5834
3 5710 3462 7767
3 6050 6428 3245
3 8632 7165 5447
3 1867 621 6140
3 6985 5672 1328
3 7768 2899 7156
3 418 5203 6598
3 825 8048 6188
3 7859 6229 7771
3 1790 1350 3907
3 8521 3328 7243
3 4600 4179 3348
3 2082 8465 583
3 471 4456 5604
3 2504 5324 5994
3 368 5042 8250
3 1569 523 5075
3 2302 3426 6433
3 7810 1573 5473
3 2956 590 481
3 1342 7629 2215
3 6752 6217 4448
3 732 1070 2726
3 931 6336 5009
3 2788 1861 1351
3 1167 3919 2315
3 7636 6354 2204
3 3429 2457 3869
3 3924 7543 6770
3 8561 6287 5956
3 8621 7793 2147
3 3069 1129 7574
3 1906 1226 910
3 8465 558 583
3 2172 7820 89
3 6963 5906 1763
3 3105 8734 1213
3 6289 5186 7541
3 548 1345 6995
3 389 8824 3396
3 558 5358 8283
3 5129 7 195
3 3396 2372 1815
3 1583 8560 2905
3 1369 6550 3723
3 5814 6250 4083
3 3861 4265 1890
3 1280 8330 8806
3 6313 2158 3578
3 1981 2325 2909
3 7326 5851 932
3 8794 7143 8806
3 2623 472 7791
3 1939 5202 4190
3 3829 6167 3310
3 3904 504 3497
3 7543 849 5358
3 1815 2372 8246
3 5789 8079 7749
3 5179 1085 2582
3 5045 2998 7975
3 6237 3042 2187
3 7339 4445 592
3 4590 4582 4723
3 6167 2256 3498
3 2186 5760 901
3 6944 4103 2218
3 5154 7691 4526
3 2449 8003 5364
3 1695 4889 3640
3 7170 1692 1006
3 5490 269 5051
3 1490 7423 5066
3 1592 3343 6725
3 7327 2884 7080
3 2582 1896 5179
3 1843 1390 6169
3 2992 1227 3251
3 6085 3956 1848
3 3315 8009 729
3 4272 4074 7677
3 4899 1839 1859
3 1682 7113 8028
3 8144 5781 6312
3 8535 4074 7747
3 5639 6183 4869
3 859 432 8354
3 2392 7735 4899
3 5870 6141 7003
3 2618 1615 8672
3 6813 5333 4421
3 8362 6516 4506
3 8322 6529 747
3 2646 6905 4277
3 6282 931 275
3 6949 5336 3999
3 7289 6231 2161
3 3462 6752 3484
3 6995 1345 7541
3 2815 4818 6025
3 3765 3930 3453
3 932 548 7767
3 7729 6122 421
3 4902 8626 8103
3 6325 5584 6237
3 7768 5161 776
3 7098 7306 3168
3 5131 3778 3140
3 7729 8720 7171
3 1318 4362 4084
3 4050 2118 6913
3 1395 7538 1457
3 1755 5535 5618
3 8764 8523 4519
3 5607 4601 4007
3 3588 5929 4751
3 7293 2199 6376
3 892 8506 5243
3 3943 7056 5106
3 4417 3895 3289
3 4050 6913 8727
3 332 6910 4726
3 7512 3504 3220
3 4726 6775 5501
3 332 4675 1226
3 189 1299 7662
3 1580 5776 4156
3 1049 5518 74
3 8565 8214 2028
3 5962 781 5965
3 8549 8430 1604
3 982 1987 4506
3 5051 6433 5490
3 3283 6946 7324
3 7588 7474 7521
3 5124 6979 271
3 3283 7324 8565
3 859 6137 7629
3 2487 5129 195
3 3731 3262 8553
3 3907 1350 3220
3 7577 3086 6307
3 676 8160 2833
3 5066 7423 271
3 4787 1004 6933
3 2030 8041 5348
3 7522 8700 3258
3 1849 5802 647
3 8513 1616 4442
3 4571 6136 7899
3 4451 4666 3784
3 3172 6844 6167
3 8152 3308 5973
3 8535 631 5808
3 5846 3849 3172
3 1987 492 6665
3 7238 6509 4429
3 6753 6136 3975
3 8704 1896 2582
3 2117 4311 5802
3 6581 2662 1191
3 3123 3723 6550
3 2990 7180 8286
3 4954 8760 5293
3 2827 8316 3842
3 1569 5075 5436
3 8362 5372 7030
3 3811 250 8091
3 8806 4461 8794
3 3310 1042 3829
3 1280 8246 3154
3 3396 1815 389
3 2607 676 6979
3 1136 4021 7208
3 5921 5504 4266
3 1569 2893 523
3 6752 7424 7289
3 4625 1871 5126
3 7747 581 1844
3 6675 7168 3173
3 1072 1913 7149
3 5436 1763 2762
3 5734 3895 2284
3 732 1207 6537
3 8316 7212 3842
3 781 1403 5965
3 4385 6110 8153
3 6746 5593 2315
3 2412 900 300
3 1366 5344 6916
3 2276 5423 6771
3 8138 3731 1656
3 995 726 5372
3 3262 3731 6327
3 2585 7293 5306
3 4785 3008 6480
3 4260 8787 1419
3 1064 5876 850
3 1182 7701 3274
3 4011 6037 5982
3 3087 4184 6275
3 6354 6773 8407
3 5877 2288 7127
3 8699 6774 1328
3 5861 5604 6211
3 8354 6137 859
3 6376 2199 2573
3 6550 3245 8782
3 5717 7960 8226
3 54 3538 7652
3 4250 4904 3849
3 7376 6189 8366
3 6774 7230 6854
3 5782 7214 5436
3 7050 8445 1766
3 6681 5907 3772
3 3725 548 6995
3 2140 2783 197
3 2806 5322 7805
3 6611 6344 7795
3 7622 910 1226
3 6353 5054 7210
3 7746 7305 3266
3 8047 2031 5426
3 7767 548 3018
3 7854 4448 6217
3 2284 7349 8730
3 8797 1006 1692
3 6289 1984 7101
3 5322 320 2848
3 7411 7952 189
3 7105 1396 419
3 1903 594 5128
3 2290 2634 3455
3 6728 4506 1137
3 7105 7929 5022
3 3632 6612 7729
3 6022 3632 7030
3 7171 6122 7729
3 6085 1950 3956
3 389 1815 8091
3 3090 1248 8106
3 2757 3344 4432
3 6344 6611 7532
3 2962 3090 8106
3 1058 2237 3247
3 8777 8824 389
3 859 7629 8322
3 8764 830 8777
3 1815 5671 8091
3 4292 2783 2362
3 5070 1193 5015
3 5501 3640 8691
3 7085 6410 2679
3 7559 5131 5242
3 5126 2044 7424
3 1593 7585 1583
3 6919 3461 5101
3 436 693 3931
3 5773 5204 7958
3 7149 5427 2346
3 4201 5846 3172
3 4763 4451 3827
3 1737 821 3877
3 8621 2305 4218
3 3649 2425 5457
3 7050 6410 4339
3 1051 5143 1968
3 1104 4606 8760
3 2172 4145 6166
3 5620 4917 4908
3 3411 5980 1913
3 6807 3894 8160
3 6537 4459 8539
3 6354 3919 3575
3 6245 4272 7677
3 5054 6558 8234
3 4472 5395 7230
3 8090 2795 6753
3 1280 4397 5671
3 7789 808 5589
3 3575 1389 6949
3 647 5518 1849
3 4277 3193 2646
3 101 2456 3080
3 6480 1843 2972
3 7146 4168 1839
3 1583 4620 1475
3 3531 8675 5395
3 4277 1049 3193
3 7274 6389 8773
3 347 1275 1457
3 1592 5490 6433
3 7254 5 5044
3 2884 2816 4080
3 8681 4169 2034
3 8773 3857 6183
3 859 5994 5324
3 1817 4805 6712
3 8782 868 6550
3 3829 1042 1766
3 5358 6770 7543
3 8233 3723 3123
3 7282 359 8578
3 6502 4755 5781
3 1552 5596 6185
3 6655 8496 7426
3 2281 3926 1438
3 4363 3973 3972
3 3193 4074 4272
3 7208 4021 7354
3 3777 4601 7637
3 2630 5100 8326
3 6332 2893 1569
3 5436 5075 2431
3 7 2179 4678
3 1769 5442 3048
3 5984 5068 71
3 4899 7735 7738
3 6022 6612 3632
3 7333 3662 8363
3 6349 7352 8216
3 2419 8552 210
3 8652 5126 5773
3 7541 1984 6289
3 1740 5785 1403
3 7573 8797 3700
3 2125 877 1861
3 3018 548 3725
3 1006 4726 5501
3 7934 4459 1207
3 2068 8776 2791
3 2285 7626 4690
3 5069 2506 3192
3 7820 7934 6777
3 4663 5846 4201
3 7015 4708 7162
3 3193 1049 4074
3 1669 4967 3404
3 2840 8516 5830
3 2840 5830 6354
3 5983 2791 6872
3 7280 6773 5830
3 6815 6104 5188
3 3575 6949 3224
3 6807 2607 1107
3 2280 1139 4805
3 5929 3588 4708
3 359 5870 1804
3 7708 2289 6685
3 5395 1036 2796
3 1843 6050 4152
3 5808 7677 8535
3 1509 5932 2945
3 1337 8157 4525
3 5808 631 2833
3 3707 6872 8041
3 2593 7691 4554
3 5142 3129 8328
3 4750 8316 2827
3 1433 8134 6800
3 8320 4077 5890
3 4430 6755 7978
3 6737 1376 7290
3 4389 7141 7021
3 4077 3723 1708
3 1573 3145 8021
3 4156 5776 1607
3 4156 8642 6946
3 275 2393 8539
3 7585 1593 7301
3 3377 1549 3930
3 2415 2148 2721
3 6025 7958 3765
3 6771 5493 7369
3 4991 2131 4241
3 583 558 8283
3 3551 3924 6770
3 2513 4744 814
3 7544 4537 7654
3 6319 5469 4963
3 6257 8070 7776
3 2390 624 125
3 5636 4993 8235
3 2448 6414 8817
3 6960 4039 4383
3 2837 2061 6913
3 3725 6325 6237
3 2302 8416 212
3 7424 1571 6231
3 6066 7474 6181
3 6723 121 5875
3 1107 5124 4201
3 3827 3172 7140
3 5427 7149 8251
3 1154 4115 5230
3 7460 5275 5895
3 4791 212 3781
3 472 7799 3346
3 2290 3455 1814
3 7149 1801 1902
3 6665 1814 1987
3 4645 1356 300
3 778 8160 2030
3 8160 676 2607
3 982 1616 8513
3 2431 1763 5436
3 1125 3311 3482
3 4751 6376 432
3 3827 7140 3498
3 3057 1261 4961
3 5078 1849 5518
3 3857 2985 7139
3 38 4723 2700
3 3877 4414 1737
3 6332 6833 821
3 7342 4519 8523
3 2280 7400 3426
3 1755 5618 5607
3 5921 6067 2451
3 6376 2573 8354
3 2684 4461 8806
3 4802 3721 5375
3 7665 5721 3057
3 5109 2582 3972
3 117 1601 5828
3 1740 3020 8330
3 917 1383 5072
3 5907 6681 999
3 829 86 1980
3 7512 1139 2280
3 3811 2757 250
3 3974 3811 6739
3 2580 6066 1016
3 5345 2056 6460
3 7752 590 1730
3 5072 6228 1800
3 999 4591 399
3 2362 5535 4292
3 7101 429 8238
3 1906 7579 2136
3 5802 451 647
3 7198 7287 1299
3 1569 7214 5782
3 7101 2166 3336
3 4750 2827 5474
3 8601 192 2670
3 7039 2886 608
3 3578 3490 1731
3 429 2454 7579
3 259 5017 1624
3 3252 4031 5364
3 3007 8319 300
3 240 2926 7767
3 6231 3869 8717
3 3315 481 5494
3 2161 5966 6752
3 209 8573 239
3 7532 6138 2523
3 4432 389 8091
3 3811 5671 4397
3 8696 8251 6588
3 8453 7539 2655
3 8806 3811 4397
3 6926 2770 1289
3 4961 5215 6516
3 3919 6354 2315
3 3146 608 98
3 5022 7929 3090
3 4099 2627 5862
3 2827 7811 5474
3 8013 8626 4902
3 2893 6332 3173
3 5951 2840 231
3 4472 7230 6774
3 3636 7238 94
3 8062 7357 428
3 6905 2646 3333
3 3496 4938 7357
3 7532 547 6138
3 2962 5274 6138
3 5734 6712 3895
3 6410 2256 4339
3 4805 1817 2280
3 7089 7221 6846
3 6409 2790 3569
3 2218 4103 5112
3 354 3292 2625
3 1766 8445 4339
3 4339 8445 7050
3 8184 7570 4467
3 5015 6350 1848
3 2679 1974 7085
3 212 4662 2302
3 2701 3944 6861
3 778 5808 8160
3 4594 7775 7162
3 354 969 6933
3 6712 3289 3895
3 3894 2030 8160
3 2284 8283 849
3 6082 2893 7161
3 4168 7708 8578
3 1350 4147 3220
3 6547 2281 5618
3 8496 2993 2998
3 4803 660 1692
3 1680 7985 7622
3 7952 7198 189
3 5664 5806 917
3 8205 5066 631
3 3336 6289 7101
3 7101 8238 1906
3 3825 6179 3835
3 868 8782 8402
3 5392 4099 5862
3 5302 5410 4306
3 6800 1593 7290
3 1587 789 3696
3 7934 1207 6777
3 7820 2455 2148
3 1786 5433 2131
3 7591 275 295
3 4679 1193 7210
3 8332 1817 6712
3 2415 275 7591
3 2839 2796 3551
3 8773 6389 2985
3 5433 1786 4351
3 2679 6517 1974
3 495 1225 1096
3 2773 290 323
3 3550 889 3292
3 5830 8516 7280
3 4184 7563 7984
3 4526 6630 5154
3 291 2949 3165
3 3274 3680 6990
3 1901 7891 7502
3 7667 8108 3289
3 6795 7333 5011
3 3640 1087 1695
3 5996 823 864
3 1695 2281 6547
3 7282 3258 359
3 3944 5357 5324
3 5468 4233 594
3 5596 7665 2694
3 3784 4666 1974
3 3934 4899 4772
3 4519 2056 5345
3 3344 8523 8777
3 6174 5315 3711
3 2757 3974 4428
3 4519 7342 6739
3 5436 8451 5782
3 5834 2884 5694
3 6174 8696 6588
3 8322 7629 523
3 2833 631 676
3 6188 965 825
3 8022 4750 1574
3 1250 4627 333
3 7677 4074 8535
3 4538 3140 5969
3 2302 4662 3504
3 5996 2679 6410
3 481 3315 4712
3 1530 5897 7906
3 2580 7162 3397
3 2504 8322 747
3 1569 905 6332
3 1839 4168 1859
3 5348 8041 1780
3 5243 5029 4773
3 1107 3827 4451
3 8251 7149 1902
3 8782 5805 8402
3 6050 5044 6428
3 2030 3894 2978
3 6138 1504 4827
3 5890 1369 8320
3 189 2493 7411
3 5374 1152 8300
3 7662 910 189
3 8322 523 6082
3 3336 2438 2007
3 6344 5274 8106
3 71 2627 4099
3 5302 2016 5410
3 5502 1930 6589
3 825 7532 7679
3 3972 3973 2165
3 7854 4299 2486
3 4293 5536 3727
3 3037 1598 7958
3 1571 2044 5126
3 6025 7505 2815
3 1491 7950 4274
3 6679 6517 1479
3 3499 7179 7269
3 1496 5393 2760
3 7349 2284 849
3 89 6777 6792
3 7085 2256 6410
3 5000 6408 8076
3 4952 2077 6156
3 3498 2256 4763
3 7534 7836 3658
3 4228 6818 4908
3 5152 2104 6191
3 4530 5702 4386
3 3224 231 3575
3 8407 2204 6354
3 3635 95 6424
3 4913 729 8009
3 8776 8481 5303
3 4659 1022 5054
3 5741 903 8590
3 2701 8763 5357
3 3725 5710 3018
3 8211 4297 1780
3 6409 1031 315
3 4726 1006 8797
3 3588 7162 4708
3 7400 1817 3343
3 6920 5430 7261
3 5152 6191 7300
3 432 5357 7794
3 8041 2030 2978
3 8322 2504 5994
3 3445 6307 117
3 7493 8159 2153
3 2056 4519 8794
3 6009 1118 5705
3 1901 107 6639
3 3909 5520 6685
3 6174 3411 8696
3 7545 5095 6559
3 6054 7720 1343
3 5324 432 859
3 7783 5605 1945
3 104 4954 2686
3 829 5638 86
3 747 7161 7168
3 7766 3352 7480
3 5782 6833 6332
3 5293 5120 7444
3 6712 5734 8332
3 6855 829 4309
3 3571 8031 8704
3 6516 7030 4961
3 2884 7327 5558
3 6332 905 5782
3 5996 7050 823
3 8763 2701 1211
3 5985 5309 5866
3 104 5315 6174
3 212 4791 4662
3 5765 5782 8451
3 7324 6946 7776
3 8330 3020 2684
3 1440 6946 8642
3 1280 3154 8245
3 2721 1009 2415
3 8436 7996 7981
3 295 4459 7820
3 6103 7691 6724
3 4492 8214 8565
3 2815 693 436
3 4241 2131 5433
3 6432 3529 3404
3 8103 8063 3838
3 8642 4156 1607
3 6792 1207 5471
3 8185 1440 8642
3 3999 5336 4902
3 7863 3822 8515
3 7075 7287 1877
3 2085 1050 6583
3 5777 6426 4411
3 6103 4554 7691
3 4101 660 6148
3 7692 2670 3355
3 8770 1213 7574
3 849 7543 3924
3 4828 7799 472
3 4664 8235 5877
3 4961 421 6122
3 7127 1778 4664
3 7910 7075 2160
3 4428 3344 2757
3 6325 6289 2007
3 7169 630 1530
3 6739 3811 8806
3 978 5861 6211
3 4538 843 1099
3 1291 3944 5324
3 1450 5555 6105
3 7015 6278 5106
3 7098 3140 5059
3 6278 7775 4594
3 4594 7162 2580
3 764 2370 844
3 7461 6684 7504
3 3497 504 7964
3 6039 3459 6932
3 3936 4506 6728
3 4168 8578 1859
3 7622 1226 4675
3 4675 332 1680
3 3020 1740 1403
3 7089 2335 864
3 67 821 6833
3 8138 781 5513
3 8375 806 6502
3 1403 781 8138
3 2884 4080 7366
3 7161 2893 3173
3 7677 5808 778
3 2886 705 6372
3 4511 4393 4671
3 7333 8363 5045
3 5694 5558 4152
3 8209 5120 8251
3 8776 5303 2791
3 3972 1085 8513
3 3259 5237 6378
3 1376 8233 1433
3 7784 3101 5602
3 6588 8251 7727
3 1433 6800 1376
3 8560 6776 4077
3 7727 8251 5120
3 7289 7424 6231
3 5126 3429 1571
3 2645 3347 2117
3 1404 5233 5204
3 2315 5593 1167
3 209 5233 947
3 856 3531 5395
3 2839 5395 2796
3 5606 6311 425
3 89 6015 2172
3 7333 6795 611
3 616 3737 6148
3 6770 1328 6854
3 5839 7349 3888
3 1692 7170 4245
3 3841 368 8250
3 3727 3168 1166
3 4348 3468 4499
3 3683 188 4590
3 1048 6020 4028
3 3224 8103 231
3 4157 8660 5597
3 8208 7910 7666
3 3725 6995 5186
3 4299 2321 2486
3 4690 7276 5655
3 4899 3934 1839
3 2602 8577 4458
3 5061 2340 5789
3 2918 4620 1583
3 1817 7400 2280
3 1104 4239 4954
3 1051 8544 3315
3 6305 7287 4209
3 8116 1135 1337
3 2165 2409 2740
3 61 8290 6864
3 4506 6516 5215
3 672 5848 62
3 4272 8622 3193
3 1817 54 3343
3 1552 8778 831
3 5428 2290 6665
3 2255 1269 4925
3 2645 1849 5494
3 7547 2782 7274
3 8763 4026 6539
3 1974 4666 4451
3 1766 4662 4791
3 6872 2791 5303
3 1085 5428 6665
3 4830 1421 892
3 4451 4763 4994
3 6082 6529 8322
3 315 1031 433
3 1737 5692 6855
3 7766 5601 2532
3 1169 8116 5636
3 3259 6378 8416
3 680 1083 3145
3 6872 3707 5983
3 7891 1901 6639
3 4963 4723 38
3 1369 3723 8320
3 8586 3825 3835
3 5765 3571 2740
3 8041 8481 1780
3 2885 5397 1291
3 4297 6245 1780
3 3245 6428 8782
3 868 8402 1433
3 2202 2684 3020
3 5859 1715 6438
3 6327 4785 3262
3 7143 8794 4519
3 6310 2664 8222
3 7585 7301 5392
3 6025 8652 7958
3 6792 6777 1207
3 1871 5773 5126
3 3765 3453 6025
3 8573 3377 239
3 197 6227 616
3 8672 487 6604
3 7425 6894 3782
3 5118 1482 5664
3 5395 8675 291
3 6319 4869 5469
3 4994 2256 7085
3 269 5490 8077
3 4289 529 1457
3 7261 7341 6933
3 7573 3700 4307
3 7767 2926 932
3 7919 7411 3977
3 7662 6305 910
3 231 3838 5951
3 3397 6539 6066
3 2686 966 5315
3 2783 4292 197
3 5581 3924 2796
3 1072 7363 3411
3 1072 2346 7363
3 8184 4467 5291
3 3753 3810 5753
3 421 3632 7729
3 4606 7727 5120
3 2686 4954 174
3 5242 3727 7559
3 7401 7265 8102
3 5983 1107 4451
3 7168 7161 3173
3 4913 8009 4277
3 3877 2740 2409
3 821 6855 6332
3 7351 8211 7822
3 7957 3205 6640
3 7324 4165 8565
3 6445 88 1174
3 2076 7976 7361
3 4602 2782 7547
3 8262 792 8040
3 2740 67 5765
3 6946 1440 7776
3 5215 1261 2811
3 5692 829 6855
3 3289 8108 4417
3 982 492 1987
3 1368 8622 4272
3 6861 1211 2701
3 1974 4451 7085
3 4762 552 2445
3 1909 1536 1130
3 7758 6495 606
3 7168 5397 2885
3 5834 6050 2466
3 1291 5324 2504
3 5834 5694 4152
3 5474 1574 4750
3 7089 2845 7221
3 7221 6378 5237
3 8824 6184 3396
3 6378 2845 8416
3 2578 3231 8184
3 523 2893 6082
3 2757 3811 3974
3 2077 4602 2531
3 5584 2007 2438
3 4137 5322 2806
3 6352 8468 4299
3 2007 6289 3336
3 3694 4625 7424
3 4634 849 1714
3 855 7280 2840
3 7280 8516 2840
3 5336 3919 1167
3 6833 5765 67
3 3838 231 8103
3 3521 7805 428
3 2114 2721 2148
3 7688 4181 648
3 1167 4867 6794
3 1616 982 3936
3 7613 3195 7988
3 535 7789 3795
3 2894 6925 8607
3 7376 3561 8665
3 418 6598 3679
3 4713 5156 3883
3 8461 3901 4819
3 715 6603 3679
3 2165 5109 3972
3 7106 418 2655
3 7357 4938 3798
3 7532 2523 6344
3 1248 3090 7929
3 4065 3595 4953
3 7030 5372 6022
3 4077 1708 6737
3 2905 4077 6737
3 433 3936 6728
3 8730 5734 2284
3 2335 5996 864
3 3800 3784 1974
3 8332 54 1817
3 3866 7056 3943
3 6679 5099 2068
3 5596 2694 6185
3 8764 4519 5366
3 6539 4026 6066
3 6190 333 5502
3 7143 4519 6739
3 1403 1656 2175
3 3020 2445 2202
3 4554 6103 5986
3 3397 7162 3588
3 5106 3247 7015
3 8275 7256 3292
3 3397 1238 2580
3 729 4913 3333
3 7758 3117 3020
3 2921 1083 680
3 2285 5541 4369
3 747 6529 6082
3 910 7985 7573
3 1980 1851 829
3 2493 7573 7411
3 7613 6888 7304
3 6458 6679 1229
3 779 2983 6437
3 7287 7198 5588
3 6048 1120 7086
3 7822 5099 3937
3 864 823 7089
3 4954 5293 7444
3 5439 4306 5410
3 7626 7276 4690
3 7975 7626 2285
3 1166 198 4293
3 1482 584 6080
3 1871 4625 3694
3 5664 5421 5806
3 2437 209 5918
3 7183 8461 7563
3 4889 6547 2783
3 988 7265 5397
3 7759 961 1422
3 6015 2305 789
3 2695 1016 3866
3 6583 7675 5480
3 2016 783 1606
3 3838 8779 5951
3 3838 8063 8561
3 8561 8063 8103
3 3919 5336 1389
3 425 721 7708
3 2837 1918 2061
3 2187 5710 6237
3 7854 1459 3327
3 6752 7289 2161
3 966 1925 8007
3 988 5397 6675
3 7301 1593 6800
3 5606 425 6546
3 5469 4723 4963
3 1918 3633 2272
3 2725 4383 4530
3 5994 859 8322
3 4845 72 4379
3 2631 333 5590
3 5783 5760 2186
3 7411 7573 4101
3 7221 2845 6378
3 2927 4363 3972
3 3688 54 7652
3 2187 1652 3327
3 7027 1491 4274
3 1614 659 6465
3 8761 1614 5621
3 4531 3653 6864
3 98 608 3825
3 7474 8763 7521
3 628 7154 7351
3 3906 1758 4864
3 4954 4239 8760
3 2698 522 280
3 6082 7161 747
3 7270 4274 5745
3 6410 7050 5996
3 3953 4938 2769
3 1479 2679 610
3 4606 5120 5293
3 894 630 5447
3 8328 4531 7242
3 6807 3707 3894
3 1369 3245 6550
3 2335 1293 4185
3 6433 7400 1592
3 2921 5775 1083
3 8233 3123 1433
3 1213 8770 3105
3 7290 1593 2905
3 4272 8144 1368
3 5139 6640 6809
3 4245 8691 2783
3 8760 4239 1104
3 7958 8652 5773
3 8797 1692 3700
3 5998 2437 2293
3 1587 6273 6166
3 2305 6792 4218
3 252 2305 2147
3 6166 4145 1587
3 7867 6257 8801
3 7021 2384 4389
3 2412 3007 8090
3 1016 6066 571
3 2487 195 2800
3 8691 7170 1006
3 7867 479 3205
3 8622 2646 3193
3 747 7168 2885
3 7957 7063 4389
3 6433 3426 7400
3 3404 4967 2418
3 5777 4411 3404
3 7287 6305 1299
3 1580 3283 8177
3 1575 7523 3671
3 8453 2770 7539
3 125 624 1580
3 8238 7579 1906
3 591 8106 1248
3 5953 7297 809
3 4458 8208 7666
3 5322 7679 7805
3 5785 8330 2236
3 2845 212 8416
3 4386 5702 3395
3 4806 4390 309
3 6018 5364 6411
3 2811 3057 5721
3 8370 3204 5676
3 6066 8033 571
3 8730 7349 5839
3 8062 3496 7357
3 2845 7089 823
3 3426 3504 7512
3 2175 7758 1403
3 2531 4602 7547
3 5315 104 2686
3 6495 7080 3544
3 5514 6629 784
3 3775 2217 6459
3 6618 4013 112
3 8586 4750 3825
3 6846 1293 7089
3 6190 1572 5590
3 5250 2364 7130
3 1381 7027 6304
3 2513 814 2753
3 2669 4150 6437
3 1616 3936 433
3 3262 7484 7327
3 8209 4750 8586
3 8041 2978 3707
3 3707 6807 1107
3 5558 1843 4152
3 5581 2796 7369
3 4954 7444 174
3 5590 333 6190
3 7080 2884 7366
3 4297 8144 6245
3 8517 1174 88
3 4712 680 8221
3 7143 6739 8806
3 846 1684 5839
3 2865 7436 7533
3 7679 7532 7805
3 6372 3825 2886
3 5890 2992 1369
3 3187 1954 5143
3 2321 3788 1404
3 5100 5345 4762
3 1974 6517 3800
3 7174 501 3071
3 3037 7958 5204
3 4905 6589 1067
3 3866 3943 2695
3 5242 5131 7098
3 3727 5536 7559
3 1382 514 6227
3 5704 1341 979
3 3173 6332 6855
3 4414 403 5692
3 7738 5015 7334
3 1404 7424 4448
3 2927 1616 6409
3 3569 4363 2927
3 156 3567 6723
3 4772 4899 7334
3 4077 2905 8560
3 3775 5369 1201
3 8697 3788 3735
3 5357 8763 7794
3 6916 8118 1366
3 982 8513 1461
3 5820 6902 6414
3 7547 7274 5064
3 3037 5233 209
3 3930 1528 3453
3 3188 3569 2790
3 4864 2708 942
3 4218 6792 5471
3 1118 6009 6932
3 3877 821 67
3 823 3781 212
3 4145 2172 789
3 8776 5099 8425
3 2493 910 7573
3 8082 4586 4324
3 4047 7910 8208
3 6679 3800 6517
3 3820 1431 453
3 1050 2085 8626
3 2335 2679 5996
3 3800 2068 2791
3 2272 4376 2673
3 1980 7561 1851
3 4823 8502 1605
3 2187 3462 5710
3 6213 2289 6319
3 6588 7727 4606
3 3758 601 3169
3 8776 4649 1780
3 5395 4472 7281
3 3413 2126 2953
3 3820 1291 5397
3 7401 5397 7265
3 7426 101 6655
3 1368 1575 729
3 3020 3117 7208
3 4954 104 1104
3 3343 1592 7400
3 3924 5581 849
3 3671 6581 729
3 7842 6179 4327
3 6675 6855 4309
3 6820 988 7561
3 5189 5430 5917
3 2661 4319 628
3 8332 8730 3538
3 2466 4080 2816
3 6502 8222 5283
3 3671 729 1575
3 3839 5378 269
3 1051 1191 5143
3 3484 240 7767
3 2321 2497 3735
3 6776 8435 4077
3 7752 3347 2645
3 209 1598 3037
3 823 212 2845
3 5745 6747 7270
3 269 8077 3839
3 5204 1871 3694
3 8817 6679 1479
3 721 5047 2289
3 7591 7820 2415
3 2068 3800 6679
3 347 5018 6183
3 3590 1048 918
3 6725 5490 1592
3 4505 4516 4070
3 5691 6753 3975
3 6725 3343 3688
3 6311 2571 721
3 6183 5018 8773
3 610 4185 8817
3 5410 2016 1913
3 1637 1225 2531
3 4902 5336 1167
3 7822 8211 8425
3 2193 900 2412
3 4773 1750 7937
3 6559 249 7545
3 8817 1479 610
3 1839 3934 8126
3 1229 6679 976
3 7862 6389 7274
3 5980 5410 1913
3 5072 1800 1166
3 8745 8461 7183
3 7306 1482 5118
3 3727 1166 4293
3 6675 5397 7168
3 3538 8730 5839
3 2077 3637 3617
3 2077 7813 6156
3 571 3866 1016
3 6861 3944 1291
3 4414 3877 2409
3 1648 4917 5620
3 4124 8798 530
3 2403 8076 6221
3 5345 5942 5366
3 4803 616 6148
3 3496 7929 4938
3 591 1248 3496
3 4287 7899 2495
3 1851 4309 829
3 2072 7509 4489
3 450 2848 8787
3 8377 1094 318
3 2885 1291 2504
3 2956 481 8221
3 2403 6888 4243
3 1509 1093 6348
3 6925 2894 3953
3 926 2265 7039
3 6951 2770 8453
3 2357 3882 2251
3 1583 7886 2357
3 5721 7665 5596
3 8453 418 3679
3 1461 6665 982
3 3327 1652 7854
3 3688 3343 54
3 7302 4208 6411
3 3123 868 1433
3 982 4506 3936
3 5584 2438 4209
3 2497 2321 4299
3 5541 2285 4690
3 7948 3679 7376
3 8418 1489 3815
3 5203 4778 6598
3 4014 4992 5464
3 3816 616 514
3 2140 4803 2783
3 4242 1386 4884
3 499 2095 3487
3 7370 1980 8594
3 403 809 5692
3 8118 2790 6409
3 1124 1383 5421
3 7021 7141 5095
3 8525 5369 308
3 5205 6947 4643
3 2147 2305 8621
3 1549 7793 8621
3 1848 6350 6085
3 4363 3569 3188
3 8801 479 7867
3 6737 7290 2905
3 1900 8665 6598
3 8565 8743 3283
3 5986 7306 7098
3 3759 6391 8759
3 4961 6122 3057
3 6328 6630 4526
3 6458 3494 4283
3 4628 8601 3031
3 8091 5671 3811
3 4307 3700 660
3 4428 3974 6739
3 660 3700 1692
3 910 7622 7985
3 5366 5942 2630
3 8561 8779 3838
3 189 910 2493
3 4668 893 112
3 6305 2166 7101
3 3430 8423 2035
3 2631 5721 1552
3 4762 8794 552
3 4968 7861 6352
3 2791 5983 3784
3 8755 3362 2889
3 8211 7351 4297
3 5600 5237 1491
3 2276 8248 5423
3 7038 3326 925
3 496 7444 8586
3 4606 5293 8760
3 1925 496 7842
3 552 8794 2684
3 3524 4288 7008
3 6310 5143 2662
3 3788 947 1404
3 4612 464 7080
3 6815 5153 6104
3 5237 3259 5051
3 2992 4080 2466
3 7080 8553 7327
3 8560 2251 6776
3 2839 7230 5395
3 7404 2357 7886
3 5233 3037 5204
3 2784 7927 4219
3 5471 6025 3453
3 7699 1528 3930
3 2293 1549 5998
3 5204 3694 1404
3 6273 1587 6214
3 5493 1714 5581
3 3445 3751 3499
3 2997 8235 4664
3 1337 1135 7489
3 3551 7230 2839
3 5636 8116 4993
3 3259 6433 5051
3 2580 1016 4594
3 7868 1173 5533
3 6588 4606 1104
3 1293 6846 1381
3 3587 6304 2448
3 7027 1381 1491
3 1173 1064 850
3 6700 5344 5215
3 3642 6312 5781
3 7523 1575 3642
3 729 3333 1368
3 706 2773 323
3 7281 856 5395
3 8561 2364 6287
3 8806 8330 2684
3 5983 4451 3784
3 2217 3062 5953
3 7652 3538 5839
3 6539 4751 7794
3 1475 2918 3045
3 3731 8138 6327
3 1368 6312 1575
3 1913 1072 3411
3 7210 5054 6615
3 7715 7474 7588
3 6756 2212 6495
3 8102 5142 1431
3 2728 308 3188
3 1293 2335 7089
3 5702 3688 3395
3 6872 5303 8481
3 4185 610 2335
3 8082 7411 7919
3 6888 5264 7304
3 5283 8222 2664
3 5606 2571 6311
3 3735 2497 8697
3 4306 5439 7886
3 6913 2118 2837
3 3462 1459 6217
3 850 7978 1173
3 4306 3045 5302
3 1056 1082 3635
3 1652 601 7861
3 3694 7424 1404
3 6916 4905 1067
3 8022 3146 98
3 6237 5584 4047
3 6588 1104 104
3 1137 5762 6728
3 5890 8632 7169
3 1092 434 7993
3 5291 386 4679
3 5762 1366 8118
3 7560 8594 86
3 829 5692 809
3 7561 988 4309
3 2998 256 7975
3 6846 7221 5600
3 7027 99 1919
3 2217 3775 6262
3 4546 2307 78
3 7854 6217 1459
3 5018 3400 5599
3 8309 8118 6409
3 3750 2870 5195
3 1137 4506 5215
3 1031 1616 433
3 1124 5421 5664
3 6304 3587 4185
3 5357 3944 2701
3 7183 7563 4184
3 7521 1211 7588
3 1229 976 3494
3 616 2140 197
3 4101 4307 660
3 4506 1987 8362
3 4554 1099 7056
3 3168 5242 7098
3 2695 3943 6278
3 1056 3497 7964
3 4348 2858 5626
3 2782 7862 7274
3 1877 2160 7075
3 5710 3725 6237
3 1684 3738 2725
3 7334 5015 386
3 7560 86 2110
3 6460 2056 8794
3 5408 6595 2897
3 4545 8434 65
3 2036 1804 2392
3 5054 8234 4659
3 8565 2028 8743
3 8794 4762 6460
3 8481 8041 6872
3 7268 8436 727
3 7062 606 6495
3 4389 2384 4165
3 1022 6615 5054
3 8144 4272 6245
3 8209 8316 4750
3 7820 6777 89
3 4327 29 1925
3 6756 3724 898
3 1780 8481 8776
3 239 1598 209
3 6214 2114 2148
3 112 3530 6618
3 1191 3315 729
3 2263 1510 7920
3 706 7857 3528
3 7540 4938 2656
3 4913 6905 3333
3 1810 4260 2838
3 7886 1475 4306
3 2272 2673 5223
3 3165 5517 6
3 7675 4991 4241
3 1918 4641 2820
3 5581 1714 849
3 858 5602 3101
3 2118 7158 4946
3 3146 4783 608
3 4359 5224 3234
3 174 1925 966
3 174 7444 496
3 4526 7691 3866
3 6227 197 1799
3 5154 6724 7691
3 5893 4753 4839
3 7268 6640 479
3 5839 4634 846
3 2664 6310 6581
3 5139 8383 7141
3 2695 6278 4594
3 1225 495 3286
3 8394 222 1768
3 7793 2293 8034
3 5081 4634 8755
3 7820 4459 7934
3 6148 660 4803
3 3062 2217 6262
3 846 7469 1684
3 2059 1954 4535
3 5192 2185 2412
3 6820 7265 988
3 4039 5702 4383
3 5625 3667 8660
3 780 5945 4333
3 853 3169 6595
3 6242 444 6287
3 1969 3485 3610
3 3327 1459 2187
3 8211 8776 8425
3 6947 8660 4157
3 8817 6414 3494
3 2679 2335 610
3 7929 2656 4938
3 8763 7474 4026
3 7805 6611 7795
3 4283 3937 5099
3 7790 6001 5444
3 552 2684 2202
3 8779 8561 4013
3 3020 1403 7758
3 8106 5274 2962
3 7857 7194 3528
3 7358 3165 337
3 7116 8184 588
3 291 3165 5395
3 5721 3537 6190
3 4363 4267 6459
3 7521 8763 1211
3 1083 4782 3145
3 2554 8790 3157
3 2848 320 4137
3 2031 4065 5426
3 6190 5502 4905
3 1318 3584 8084
3 6344 8106 591
3 5600 1381 6846
3 2061 7886 5439
3 607 4782 1083
3 5941 540 6940
3 7210 4676 6353
3 2486 2321 4448
3 4299 1652 4968
3 5100 7354 4021
3 1708 1376 6737
3 2905 1593 1583
3 7354 4762 2445
3 1386 5941 6940
3 5364 4031 5950
3 5100 2630 5942
3 112 4013 5956
3 1528 5471 3453
3 8512 2699 978
3 3168 5118 917
3 1587 4145 789
3 2449 978 6211
3 5250 7130 6242
3 5956 4013 8561
3 472 2623 5332
3 3147 35 1189
3 2623 3105 8770
3 2222 7502 7574
3 3395 7652 4386
3 5604 3218 471
3 764 2312 2370
3 4383 2725 6960
3 2364 8561 8103
3 2796 6771 7369
3 505 7751 887
3 6305 7101 910
3 7349 849 3888
3 2927 4442 1616
3 3737 3816 1513
3 5768 8387 2113
3 3575 2840 6354
3 2571 5606 2235
3 4597 7129 4395
3 7588 1211 453
3 7751 2602 4458
3 3772 6764 4591
3 7296 6581 7523
3 3487 5953 499
3 7523 3642 7296
3 4309 988 6675
3 7561 1980 7370
3 7370 5142 6820
3 2545 216 5278
3 4103 611 5112
3 3042 6237 4047
3 5590 1572 2631
3 3587 8817 4185
3 5237 5378 1491
3 5099 8776 2068
3 1404 947 5233
3 3101 7784 8234
3 7354 2445 7208
3 809 2217 5953
3 5100 5673 8326
3 3775 6459 4267
3 3799 544 1892
3 2289 7708 721
3 8544 1051 531
3 4354 4847 1284
3 8363 3662 611
3 3188 308 5369
3 3610 4327 1969
3 7385 7080 7366
3 2886 3825 608
3 7165 8632 8435
3 6459 403 2409
3 2464 8338 7362
3 5143 1191 2662
3 3569 2927 6409
3 3711 4650 8727
3 6148 7411 4101
3 6724 5154 1427
3 7098 5059 4554
3 6080 584 4716
3 7287 3381 1877
3 197 1165 1799
3 1166 3168 917
3 4526 3542 6328
3 1769 3331 3036
3 8208 3042 4047
3 806 8375 7097
3 5450 3556 8277
3 5431 1808 2548
3 6728 315 433
3 7370 6820 7561
3 4369 5541 892
3 1211 6861 3820
3 3129 4561 8328
3 5344 1137 5215
3 7831 6124 728
3 4650 7158 2118
3 7304 6549 7613
3 2791 3784 3800
3 2061 3353 7404
3 4467 7570 3231
3 5345 6460 4762
3 4545 3979 1249
3 5673 1136 8326
3 174 496 1925
3 2445 552 2202
3 3485 6957 29
3 7504 6684 8060
3 4327 1925 7842
3 4040 6864 348
3 6679 6458 5099
3 3178 318 1094
3 1431 8328 2308
3 3799 2820 1314
3 2296 8406 134
3 5315 966 851
3 6792 6015 89
3 8779 4013 5951
3 8413 2164 8409
3 1201 5369 8525
3 3395 3688 7652
3 291 3531 324
3 2489 3163 4516
3 1096 1225 1637
3 8694 7366 4080
3 2148 2415 7820
3 5490 3688 5702
3 2017 7329 6469
3 7329 5450 5065
3 3877 67 2740
3 4507 8383 879
3 8761 6933 7341
3 2681 8673 4977
3 7842 496 3835
3 7141 2996 5095
3 247 1322 7996
3 5753 2675 7427
3 6257 7776 8801
3 6287 4668 5956
3 7116 6919 3524
3 4242 8697 5941
3 1404 4448 2321
3 3788 2321 3735
3 8573 5998 3377
3 2293 7793 1549
3 6409 1616 1031
3 209 947 3788
3 5533 7489 7868
3 1580 624 2390
3 5664 917 5118
3 7313 6262 1201
3 1135 1169 5386
3 5953 2162 499
3 4363 3188 5369
3 6586 1510 3122
3 5945 8158 4333
3 2113 6412 5768
3 4531 8328 4561
3 7146 1839 8126
3 5283 6581 7296
3 3122 1510 7183
3 8309 315 5762
3 806 4091 948
3 5779 1313 2728
3 204 6181 2960
3 4327 6179 1969
3 8777 8523 8764
3 2631 3537 5721
3 3737 2720 6148
3 3496 1248 7929
3 7876 3301 715
3 3158 2541 4305
3 8082 1877 5588
3 1299 6305 7662
3 2448 6304 7027
3 6320 4938 2894
3 1419 6006 4260
3 3820 453 1211
3 7666 7751 4458
3 1257 8375 7154
3 6679 8817 976
3 853 3019 2001
3 1652 2187 254
3 5348 1780 778
3 2445 3020 7208
3 231 2840 3575
3 2364 2085 7130
3 2187 3042 8577
3 2960 7267 204
3 855 5951 6618
3 2255 5871 925
3 3462 3484 7767
3 2821 3643 6084
3 6983 2127 4857
3 6174 3711 8727
3 7715 7588 453
3 6820 5142 8102
3 1036 5395 3165
3 1474 3192 3061
3 3411 7363 8696
3 5882 3363 8702
3 5890 1227 2992
3 6414 5008 3494
3 1778 7127 3460
3 8416 2302 3259
3 7805 7795 6783
3 3538 54 8332
3 1942 3654 6106
3 6783 8062 428
3 30 2316 4208
3 7203 2663 5677
3 6339 3413 8312
3 2821 5490 5702
3 1683 7950 2601
3 7795 6344 591
3 847 2483 7674
3 6304 4185 1293
3 4174 894 7165
3 4946 7158 4650
3 7270 7027 4274
3 3377 3765 1598
3 3542 4526 8033
3 736 3883 7526
3 6015 6792 2305
3 8126 4467 1090
3 291 8675 3531
3 2548 3542 6066
3 7130 6815 6242
3 3743 8248 2276
3 3137 8755 4634
3 2110 5142 7560
3 6159 1534 6899
3 4982 2108 2953
3 2218 8017 5815
3 6854 1328 6774
3 4199 7584 5043
3 7013 3178 1094
3 1082 1056 7657
3 1299 189 7198
3 2425 5615 4671
3 4271 3215 4031
3 3738 7469 3995
3 4559 8434 1136
3 4630 2964 3667
3 2001 7861 3758
3 2308 453 1431
3 7571 8496 8223
3 3409 4988 6393
3 8697 4242 3788
3 7715 2308 7242
3 4050 8727 4650
3 3835 496 8586
3 1137 5344 1366
3 6459 2409 4363
3 1296 5367 8640
3 6319 2289 5047
3 5775 531 1269
3 7956 6193 4888
3 4103 3550 611
3 6575 1969 6179
3 5702 4016 2821
3 5011 5112 6795
3 8102 7265 6820
3 6502 5283 4755
3 1919 2448 7027
3 61 6864 5768
3 1201 6262 3775
3 7027 7270 99
3 6312 1368 8144
3 8817 3587 2448
3 1256 3839 8077
3 6458 1229 3494
3 5600 7221 5237
3 2486 4448 7854
3 4283 5008 2396
3 3934 386 5291
3 3461 7725 1022
3 6414 2448 5820
3 434 7097 1257
3 1479 6517 2679
3 5942 5345 5100
3 4274 7950 1683
3 5673 4021 1136
3 7764 5944 2755
3 7577 3499 1175
3 1136 7208 4559
3 4673 6068 6890
3 6474 2692 3880
3 7433 7495 7606
3 8494 3160 7919
3 7056 2593 4554
3 4165 4492 8565
3 7919 2032 8082
3 7573 4307 4101
3 2753 5380 2513
3 5627 1383 4349
3 6297 3308 8152
3 1513 2720 3737
3 7489 5533 1337
3 4772 7334 386
3 7699 3930 1549
3 5692 1737 4414
3 8494 3468 3160
3 6826 8814 1709
3 8573 2437 5998
3 5299 4347 636
3 6166 2455 7820
3 6855 821 1737
3 2412 593 2193
3 1917 194 4842
3 4241 3654 5480
3 1940 8823 3482
3 3524 6919 4288
3 3191 667 6361
3 8425 5099 7822
3 7242 2308 8328
3 4762 7354 5100
3 7977 6403 3422
3 1603 136 1199
3 6352 4299 4968
3 8626 3250 1050
3 6684 4630 5934
3 3129 5142 4333
3 425 4168 7146
3 6581 3671 7523
3 112 7857 706
3 2235 6546 6009
3 4559 7208 1909
3 4857 2127 1249
3 706 323 112
3 3096 4741 2933
3 453 2308 7715
3 8118 4656 1254
3 8434 4559 6829
3 3825 6575 6179
3 5224 2673 3234
3 3820 5397 7401
3 1191 729 6581
3 6055 3998 2889
3 7369 5493 5581
3 5386 1169 5636
3 2728 2790 1254
3 4650 2118 4050
3 6606 4650 3711
3 1256 8189 5378
3 3743 3165 6
3 7854 1652 4299
3 8468 5941 8697
3 7080 3731 8553
3 4848 1206 4731
3 6940 329 4361
3 1318 1637 3584
3 8435 8632 5890
3 1689 7938 4977
3 7039 705 2886
3 1573 1402 590
3 1381 5600 1491
3 8632 5447 7169
3 5378 8189 7950
3 1919 99 5820
3 3991 803 2025
3 1919 5820 2448
3 7561 4309 1851
3 966 2686 174
3 4389 5139 7141
3 4966 3696 252
3 2131 8013 1786
3 8552 7509 2072
3 5139 7063 7957
3 893 7857 112
3 6104 3078 7194
3 252 1001 4966
3 6257 4647 8070
3 479 8436 7268
3 4389 7324 8070
3 7194 7187 2773
3 1056 5761 7657
3 5719 5786 160
3 3759 8630 7182
3 5588 3381 7287
3 7459 5894 5677
3 2858 1513 5626
3 7910 4047 4209
3 8436 479 4035
3 1382 5626 3816
3 2752 2825 741
3 7574 7502 3069
3 8594 7560 7370
3 5702 4039 4016
3 8630 4349 1383
3 3365 7745 6592
3 3953 2894 4938
3 628 7822 2661
3 780 5638 1454
3 4016 3643 2821
3 4082 4882 7875
3 2602 7751 505
3 3435 2637 6028
3 222 6003 1768
3 8727 5980 6174
3 3069 5848 517
3 4040 7474 7715
3 4267 5369 3775
3 5457 3274 3649
3 2491 2100 1362
3 6916 5344 4905
3 1094 8007 7013
3 4450 6232 8491
3 2933 3787 3096
3 4561 3653 4531
3 2175 3731 7080
3 1909 1130 4559
3 4065 7921 5426
3 680 3145 8221
3 5369 4267 4363
3 7836 7534 8122
3 4656 4225 2707
3 4857 1249 3979
3 3821 1970 1162
3 8468 2497 4299
3 8320 3723 4077
3 6411 8003 7302
3 5622 2463 672
3 3494 976 8817
3 5378 3839 1256
3 2790 2728 3188
3 1313 5779 6292
3 2396 2661 4283
3 8118 4225 4656
3 8435 3882 4174
3 5023 3724 8812
3 2419 210 5190
3 3610 29 4327
3 6245 778 1780
3 6189 7953 3269
3 2251 6638 8435
3 4882 6592 7875
3 846 5081 3998
3 5190 1639 5531
3 7329 3556 5450
3 334 4376 5737
3 8033 6066 3542
3 209 3788 5918
3 7571 8275 7426
3 8129 2148 6166
3 4946 2837 2118
3 6066 3659 2548
3 780 86 5638
3 5431 6181 204
3 3460 7127 1601
3 5638 829 7297
3 6055 6003 3995
3 5419 527 771
3 4040 7715 7242
3 2601 7950 8189
3 1383 6228 5072
3 6287 444 4668
3 4651 7836 1256
3 1130 6829 4559
3 5423 4744 6771
3 5462 3793 8486
3 5907 8512 5950
3 3057 6122 7665
3 1513 2858 2720
3 4369 294 3750
3 8434 8326 1136
3 65 8434 6829
3 6756 3544 3724
3 2858 4348 4499
3 7208 3117 7758
3 8082 2160 1877
3 8328 1431 5142
3 1431 3820 8102
3 5112 8017 2218
3 4369 892 294
3 4333 5142 2110
3 1575 6312 3642
3 4333 3653 4561
3 3326 2255 925
3 3693 2997 187
3 7950 1491 5378
3 5243 7937 892
3 7572 462 8478
3 8122 1689 8189
3 6352 5941 8468
3 4274 1683 5745
3 6771 4744 3137
3 1652 3169 601
3 5941 1386 4242
3 29 3610 3485
3 8435 6638 3882
3 6546 7146 6009
3 3736 4062 6767
3 4209 7287 7910
3 4634 5493 6771
3 1244 2107 1557
3 6857 7270 6747
3 3042 8208 4458
3 1094 966 8007
3 2251 8560 1583
3 1598 3765 7958
3 2037 3882 7404
3 1683 4977 5745
3 8577 3169 254
3 8621 7699 1549
3 1293 1381 6304
3 858 5620 1613
3 1269 531 1954
3 6372 4010 6575
3 6179 7842 3835
3 6546 2235 5606
3 650 7313 1201
3 3972 4442 2927
3 2225 136 1603
3 1930 333 2861
3 2850 5796 655
3 425 7146 6546
3 3491 6262 7313
3 1968 5143 1954
3 4225 8118 6916
3 6459 2217 809
3 6916 1067 4225
3 4044 8430 8549
3 3825 8022 98
3 8525 3412 650
3 99 7270 6902
3 4989 2282 6589
3 1917 7491 3556
3 5008 6414 6902
3 6181 7474 348
3 1016 2695 4594
3 8326 4545 1249
3 6476 4576 2102
3 6606 4946 4650
3 1656 3731 2175
3 4289 3701 529
3 8553 3262 7327
3 3659 6066 6181
3 6391 1787 2536
3 3507 3400 347
3 6066 4026 7474
3 6084 222 8077
3 7154 628 1257
3 4966 6398 8702
3 1530 3251 5890
3 4218 7699 8621
3 3530 855 6618
3 2774 2949 291
3 2896 5419 3048
3 6412 61 5768
3 6214 5433 4351
3 1689 2601 8189
3 3617 2782 4602
3 1021 1821 6903
3 2637 7920 802
3 1510 2263 7183
3 8158 3653 4333
3 7251 3096 1969
3 6646 529 5486
3 6960 2725 3995
3 3069 7502 495
3 8096 7702 1037
3 3400 5018 347
3 6003 3643 6960
3 685 7993 434
3 6217 6752 3462
3 7785 8673 8502
3 2108 4982 2164
3 1386 7687 4884
3 4013 6618 5951
3 527 1808 771
3 5918 4884 7687
3 7871 7194 7857
3 7194 2489 7187
3 5246 5322 2848
3 5439 5980 8727
3 2102 6230 6476
3 3782 3246 6845
3 2773 3528 7194
3 3165 2949 2774
3 7871 7857 893
3 2148 8129 6214
3 5153 5272 8413
3 504 3904 1639
3 8312 6583 5480
3 444 893 4668
3 1050 2131 4991
3 4755 5283 7296
3 4511 1192 4393
3 4757 8676 7051
3 3178 5043 318
3 6242 6815 7871
3 6809 6640 3686
3 751 4429 4106
3 1969 3787 2933
3 1673 5277 8117
3 727 3686 6640
3 4647 6257 7867
3 1629 3468 4348
3 6640 5139 7957
3 8185 4035 479
3 4283 3494 5008
3 7666 7910 2160
3 7776 8070 7324
3 680 4712 2921
3 7376 8366 7948
3 2001 5941 6352
3 1289 6603 715
3 4070 8676 4757
3 2506 5031 462
3 887 6609 4324
3 7574 1213 2222
3 7251 4741 3096
3 7287 7075 7910
3 4530 4386 2725
3 4776 7038 1083
3 5604 4456 3345
3 1152 6165 5842
3 8517 7436 2865
3 3326 4776 2255
3 1768 3457 7836
3 3412 8525 308
3 630 5267 8812
3 4225 5779 2707
3 5470 2234 234
3 2849 847 5245
3 6700 2811 6190
3 2396 681 8417
3 5573 2081 1488
3 3251 7906 7385
3 5246 8048 5322
3 4137 320 5322
3 8787 4260 450
3 3251 7385 8694
3 3261 8076 267
3 6983 1536 8364
3 848 898 5023
3 6221 8076 1224
3 8077 8394 4651
3 4319 685 628
3 1294 6716 5861
3 8426 4845 4379
3 4884 5918 4242
3 7341 659 8761
3 2664 6581 5283
3 7296 3642 5781
3 5918 3788 4242
3 66 8034 5826
3 4218 1528 7699
3 7404 7886 2061
3 7758 606 7208
3 1090 3231 3459
3 1129 8770 7574
3 5008 7270 6857
3 7584 3862 8634
3 3711 5315 1314
3 3187 5295 8083
3 5439 6913 2061
3 2933 4741 6957
3 318 5043 3201
3 8377 3201 544
3 345 4359 2730
3 6174 6588 104
3 7351 6502 5781
3 5992 5043 7013
3 8170 904 5905
3 7270 5008 6902
3 5291 4467 3934
3 4091 1365 6266
3 3560 8640 18
3 1655 5752 4254
3 8433 3604 7882
3 1092 7097 434
3 1430 1955 6018
3 8290 6412 7267
3 6009 7146 1090
3 7606 5276 5557
3 6181 6763 3659
3 7198 7952 5588
3 315 8309 6409
3 8494 4046 3468
3 5531 5407 2419
3 7491 1917 5792
3 1443 308 2728
3 5623 667 3191
3 2728 8303 1443
3 7129 5653 2076
3 2631 1572 6190
3 4812 3362 8755
3 5431 204 7433
3 7154 6502 7351
3 6864 3653 5768
3 4431 1970 977
3 6295 5515 8282
3 3412 308 1443
3 5190 210 7053
3 4386 7652 1684
3 7426 8496 7571
3 949 8287 8324
3 6475 4087 2861
3 5366 4519 5345
3 3292 7256 3550
3 6147 2753 5517
3 6495 6591 1536
3 4744 5423 8248
3 3979 4545 65
3 1909 7208 606
3 254 3169 1652
3 2797 6424 9
3 3643 6003 222
3 1126 5599 6646
3 3724 3544 4612
3 5781 8144 4297
3 1538 413 3457
3 269 5237 5051
3 1313 1732 8303
3 7993 4319 1092
3 7534 2681 7938
3 4612 7080 7385
3 6502 7154 8375
3 7404 3353 3071
3 2307 7278 8417
3 7297 829 809
3 3930 3765 3377
3 6894 7425 3732
3 6351 4452 79
3 1090 4467 3231
3 1001 2147 7190
3 3696 3363 1587
3 3165 7188 337
3 5433 6214 7396
3 2095 6198 780
3 6771 2796 2276
3 6464 5065 1613
3 814 8248 2753
3 6178 2982 650
3 6287 5250 6242
3 5188 7871 6815
3 1715 4190 6507
3 8577 3042 4458
3 7188 3165 2774
3 323 3530 112
3 1427 7306 6103
3 3737 616 3816
3 3308 3183 5599
3 3062 3491 5498
3 650 2982 7313
3 8769 2720 5812
3 6563 977 682
3 5277 1673 495
3 3977 7411 6148
3 1732 6361 4294
3 1067 2282 4281
3 5450 8277 7784
3 8303 3412 1443
3 6771 3137 4634
3 2960 8290 7267
3 7937 1563 1326
3 7267 7495 204
3 5142 7370 7560
3 347 5639 5047
3 5745 4977 8673
3 1366 5762 1137
3 6902 5820 99
3 3758 3169 2001
3 8697 2497 8468
3 3342 927 2324
3 5371 1603 1199
3 1614 8761 659
3 4561 3129 4333
3 4486 1654 6351
3 7176 6586 6299
3 3633 1918 2820
3 1250 333 2631
3 3979 6829 1130
3 4612 5897 3724
3 2933 3485 1969
3 5311 2427 8137
3 7385 7366 8694
3 5753 1710 2675
3 2730 2957 1450
3 1257 628 685
3 1637 4084 1096
3 1683 2601 1689
3 7190 2147 7793
3 894 5447 7165
3 5282 5386 5636
3 8290 348 6864
3 5431 2548 3659
3 4977 1683 1689
3 522 2698 7602
3 3071 501 2037
3 789 2305 252
3 7297 5953 5638
3 234 7739 5470
3 8303 2728 1313
3 2110 86 780
3 2018 2578 3524
3 8055 802 5946
3 499 2162 3062
3 5623 371 6361
3 1454 5638 5953
3 6983 1130 1536
3 2396 6857 6747
3 7097 1365 4091
3 5099 6458 4283
3 3062 6262 3491
3 4769 8364 2596
3 7062 1909 606
3 3160 2032 7919
3 4755 7296 5781
3 8417 7278 1092
3 8502 8673 1605
3 7822 3937 2661
3 1257 7097 8375
3 2806 7805 3521
3 5588 7952 8082
3 3468 4046 4499
3 7919 3977 8769
3 7919 8769 5812
3 3736 4586 3586
3 3816 514 1382
3 3815 7477 8418
3 7411 8082 7952
3 4209 2438 6305
3 1489 3595 5002
3 893 444 7871
3 6454 7303 7799
3 6225 5856 940
3 6030 8619 6173
3 8003 3345 7302
3 2148 2455 6166
3 3071 3353 7174
3 5408 171 3019
3 4531 6864 4040
3 5315 851 1314
3 1900 6598 4713
3 2768 4335 8664
3 8387 5768 8158
3 222 6084 3643
3 187 136 5577
3 8007 1925 29
3 5154 6630 6328
3 5674 6925 1288
3 5043 3178 7013
3 1856 4839 4753
3 6957 8007 29
3 3995 6003 6960
3 6960 3643 4016
3 3679 6603 8453
3 8394 7836 4651
3 4938 7540 2769
3 8077 5490 2821
3 88 7693 259
3 8544 5775 2921
3 3658 1605 2875
3 4471 8514 4254
3 1768 7836 8394
3 5950 4031 3215
3 3019 329 2001
3 1968 531 1051
3 3058 3036 5154
3 803 5918 7687
3 2396 5008 6857
3 5359 1260 1451
3 807 6940 4361
3 2025 4170 3732
3 2437 8573 209
3 5826 8034 3991
3 2681 3354 8673
3 8013 4902 1167
3 731 5380 6147
3 6028 2637 802
3 7194 3078 2489
3 2085 6583 8312
3 1050 3250 8013
3 8765 5297 6277
3 458 3501 4516
3 7843 5299 3362
3 1482 1124 5664
3 3292 354 8275
3 7304 6221 1224
3 7384 7267 6412
3 1383 5806 5421
3 7025 1054 7135
3 4333 2110 780
3 61 6412 8290
3 4490 1210 6767
3 7751 2160 887
3 4047 5584 4209
3 309 6412 4806
3 1201 8525 650
3 7425 66 3732
3 8702 3363 3696
3 6181 348 2960
3 5018 5064 8773
3 6398 4966 7190
3 8222 3187 6310
3 4362 1096 4084
3 5430 6944 873
3 4115 4635 7355
3 2673 6969 3234
3 4880 2860 5675
3 422 3085 6046
3 650 3412 4294
3 8122 1256 7836
3 8673 3354 1605
3 7269 3901 8461
3 230 3858 1317
3 3087 6049 8029
3 7351 7822 628
3 7563 8461 385
3 4905 5344 6700
3 1365 1092 6266
3 3574 6957 4741
3 4769 6187 8364
3 5011 2285 4369
3 8436 4035 1434
3 3260 5463 7364
3 8485 8731 8798
3 2662 6581 6310
3 7355 4635 7427
3 1809 4331 3594
3 3574 4741 904
3 5486 1126 6646
3 3890 6593 3313
3 780 2557 2095
3 3507 6646 3400
3 7427 6045 3776
3 7187 1187 458
3 3743 2276 3165
3 5480 6339 8312
3 3586 3351 3468
3 588 4679 7210
3 4070 5153 8413
3 3636 6509 7238
3 4676 4871 6353
3 8149 1768 6003
3 3169 8577 2602
3 8013 3250 8626
3 2085 2364 8626
3 7665 6122 2694
3 7146 8126 1090
3 3011 2879 7196
3 6559 2303 249
3 8118 8309 5762
3 6983 4857 3979
3 2095 2557 1454
3 1187 2489 4516
3 1808 6980 6328
3 7691 2593 3866
3 7223 4842 7361
3 7764 4958 804
3 6187 6496 2127
3 6009 1275 2235
3 6198 6670 5945
3 6891 5783 2080
3 2596 6977 1855
3 5705 5367 1395
3 527 6980 1808
3 2127 6983 6187
3 7210 6615 7725
3 2661 3937 4283
3 685 4319 7993
3 8417 681 6077
3 2396 4319 2661
3 3753 2265 4979
3 86 8594 1980
3 809 403 6459
3 5781 4297 7351
3 4281 3821 1162
3 6178 650 4294
3 2265 926 4979
3 348 7474 4040
3 6776 2251 8435
3 5223 3353 1918
3 8182 4925 2059
3 1224 2618 7304
3 6105 8611 1450
3 3556 7491 3722
3 6423 7443 8139
3 780 6198 5945
3 5450 858 5065
3 3191 7314 5623
3 2869 371 5623
3 8655 5189 5917
3 3658 2875 7534
3 2037 501 7174
3 7259 4199 8037
3 4535 1993 8182
3 3574 4731 1206
3 1254 2790 8118
3 7313 2982 3491
3 1520 8296 539
3 4741 7251 5905
3 7687 1386 6940
3 2932 2869 7138
3 8034 2828 7190
3 309 4390 1100
3 7793 8034 7190
3 8387 8158 5945
3 2728 1254 5779
3 1970 6292 4225
3 6166 7820 2172
3 4010 6372 1154
3 789 2172 6015
3 5431 5307 1808
3 5092 1240 247
3 1240 3686 7981
3 3309 2324 3182
3 1454 2557 780
3 4035 8185 1434
3 6361 667 5623
3 7867 3205 7957
3 4294 3412 8303
3 8673 6747 5745
3 3062 2162 5953
3 3584 7547 8084
3 1918 4946 6606
3 2820 6606 3711
3 2820 4641 6606
3 2820 3799 1892
3 7868 1064 1173
3 7013 8007 6957
3 5276 8439 8039
3 6917 3260 5631
3 4979 3810 3753
3 1269 2255 5775
3 2720 8769 6148
3 434 1257 685
3 7493 2677 7869
3 7989 6917 4546
3 6156 2531 3286
3 6106 1797 1942
3 3619 5159 2267
3 4664 187 2997
3 4405 2452 3858
3 853 6595 5408
3 540 2001 329
3 5998 1549 3377
3 8326 8434 4545
3 6055 3995 7469
3 8690 2407 4693
3 7868 7489 1135
3 2388 2767 1407
3 5378 5237 269
3 6173 4325 6106
3 2630 830 5366
3 5272 2164 8413
3 3345 4456 471
3 1294 5861 978
3 7602 2698 4328
3 8034 66 7425
3 3187 8222 7107
3 65 6829 3979
3 1877 3381 5588
3 1536 1909 7062
3 6055 636 296
3 7008 4288 7223
3 6348 2049 8408
3 8103 8626 2364
3 8409 4518 8413
3 8812 3724 5897
3 8694 2992 3251
3 1427 6103 6724
3 18 4999 238
3 6084 8077 2821
3 3549 4345 296
3 4516 3501 1187
3 7976 8168 2078
3 6214 8129 6273
3 3528 2773 706
3 1036 2276 2796
3 7174 3353 5223
3 1187 3501 458
3 2753 6 5517
3 1189 1820 5842
3 345 2037 7174
3 2982 6178 7739
3 3491 2982 234
3 2489 3078 6104
3 8387 5945 6670
3 7138 2229 8215
3 6039 1090 3459
3 6080 7531 1124
3 5153 4516 3163
3 3160 4586 8082
3 2160 7751 7666
3 1482 1427 5154
3 5623 8215 2229
3 1313 6361 1732
3 6251 6891 6069
3 5505 8640 3560
3 7882 2897 505
3 4040 7242 4531
3 3604 171 5408
3 171 2545 5999
3 5991 1428 8056
3 601 3758 7861
3 6944 2625 889
3 6361 371 7739
3 771 8052 2182
3 348 8290 2960
3 4546 6917 5631
3 243 682 977
3 2948 1296 4289
3 516 6094 3324
3 4319 8417 1092
3 1892 6230 2820
3 4300 4091 6266
3 5517 3165 7358
3 851 8377 544
3 1094 851 966
3 3998 6055 7469
3 1092 7278 2307
3 5762 315 6728
3 100 1693 4289
3 1365 7097 1092
3 1684 7652 5839
3 3879 992 522
3 4741 5905 904
3 3096 3787 1969
3 1969 6575 7251
3 3979 1130 6983
3 4769 6496 6187
3 1855 8798 4124
3 4091 806 7097
3 2079 2185 5192
3 6496 1855 4124
3 6940 540 329
3 607 1083 7038
3 3998 5081 8755
3 5064 7274 8773
3 7572 1173 7978
3 836 4170 2025
3 8122 8189 1256
3 7938 1689 7534
3 3544 464 4612
3 5486 3701 4289
3 3658 3858 643
3 6311 721 425
3 4479 8813 3246
3 5697 3243 3246
3 7613 5913 4243
3 6891 2072 5783
3 7785 4823 643
3 7785 681 8673
3 5267 1223 8799
3 5621 4909 4044
3 2396 6747 681
3 948 7107 806
3 5224 4359 345
3 7396 5550 5433
3 4546 1092 2307
3 846 4634 5081
3 659 7341 4330
3 6251 2072 6891
3 1076 7314 3191
3 6361 1313 3191
3 5779 4225 6292
3 5498 4014 499
3 3231 7570 8184
3 6476 6230 1892
3 5498 499 3062
3 5876 1064 136
3 2095 6670 6198
3 7920 3086 2263
3 1314 2820 3711
3 7556 5869 1557
3 1313 1970 4431
3 7739 371 2869
3 5159 3619 6589
3 3862 8337 7831
3 4731 3574 904
3 4959 4087 6475
3 5691 3975 4673
3 6372 705 7039
3 4626 1249 6496
3 2212 6591 6495
3 4546 78 939
3 898 3724 5023
3 5599 8084 5018
3 1725 5796 6007
3 4535 5725 8083
3 8013 2721 1786
3 204 7495 7433
3 5644 4300 3260
3 5480 7675 4241
3 5768 3653 8158
3 727 6640 7268
3 6287 2364 5250
3 5480 2126 6339
3 7495 7384 3865
3 1457 529 3507
3 3196 940 5856
3 6297 3183 3308
3 3507 529 6646
3 1434 6225 8436
3 8801 7776 1440
3 681 6747 8673
3 8185 1607 1434
3 3183 8084 5599
3 5936 2907 7946
3 3005 5031 72
3 1187 7187 2489
3 3652 1267 6423
3 6080 4716 3036
3 4719 6044 8390
3 7815 4707 1474
3 5521 6349 483
3 2113 6670 4955
3 4847 5990 3006
3 3070 360 1428
3 5154 4716 1482
3 5278 3374 2928
3 814 4744 8248
3 3005 1597 3149
3 4361 329 5935
3 3019 853 5408
3 5665 8494 5812
3 8769 3977 6148
3 2159 1420 4102
3 2276 1036 3165
3 5941 2001 540
3 5812 2720 2858
3 2307 6077 78
3 6105 894 4174
3 8611 2037 2730
3 230 643 3858
3 3991 2293 5918
3 2025 3732 5826
3 4634 1714 5493
3 4499 4046 8494
3 3048 5442 3036
3 2255 4776 1083
3 1773 4586 8433
3 505 887 7882
3 3696 789 252
3 1637 2531 7547
3 2037 7404 3071
3 8394 8077 222
3 7961 3658 643
3 2875 2681 7534
3 6077 681 78
3 2307 8417 6077
3 62 844 4930
3 2102 2272 3633
3 78 681 939
3 2820 6230 3633
3 1067 6589 2282
3 7355 15 1057
3 2513 2188 160
3 4225 1067 1162
3 4281 1162 1067
3 8417 4319 2396
3 8170 8514 4471
3 1619 3269 7953
3 6603 1289 6951
3 3260 6917 5463
3 3119 2894 8607
3 3119 7809 6006
3 4332 4976 1305
3 6783 3181 8062
3 428 7357 3798
3 3201 8377 318
3 3521 428 1419
3 5002 2031 8047
3 2907 482 1266
3 6104 5153 3163
3 4956 3695 8739
3 6977 2596 5512
3 4626 8151 4229
3 4626 530 8151
3 5272 6815 2164
3 7228 1182 3291
3 3345 2449 6211
3 3215 4271 5907
3 2464 7362 4240
3 4505 458 4516
3 3021 5459 8253
3 3197 7398 2417
3 6528 5332 1129
3 6977 8798 1855
3 6954 4642 4727
3 3798 4938 6320
3 2655 418 8453
3 6320 2894 3119
3 3658 413 5963
3 7700 3269 6867
3 8607 6078 7745
3 1463 8812 5267
3 234 7135 5498
3 8164 6733 5451
3 234 2982 7739
3 7159 7138 8732
3 1954 5725 4535
3 1330 1787 3759
3 8654 3797 8271
3 8296 4361 5935
3 1340 673 1769
3 3658 7836 413
3 5897 7385 7906
3 4806 6412 2113
3 2681 2875 1605
3 4526 3866 571
3 807 7687 6940
3 2921 4712 8544
3 3246 3243 6845
3 8082 2032 3160
3 873 1625 5430
3 1922 141 2880
3 2003 6163 165
3 4955 6670 2095
3 6361 6178 4294
3 8611 6105 4174
3 7882 3604 2897
3 5154 6328 6980
3 3353 2061 1918
3 701 5917 5430
3 611 3662 7333
3 7190 2828 6398
3 6076 7159 4450
3 4241 5433 5550
3 4103 6944 889
3 6076 2234 2932
3 7584 7598 5043
3 4955 4806 2113
3 2311 934 5451
3 8096 3265 1776
3 5815 701 873
3 5816 1349 4399
3 4803 2140 616
3 3865 7384 2776
3 7469 846 3998
3 1684 7469 3738
3 5752 1494 1349
3 3272 3463 5457
3 6104 7194 5188
3 2861 333 4627
3 7251 6575 4010
3 5380 2188 2513
3 6575 3825 6372
3 6190 3537 2631
3 8364 1536 2596
3 6977 5512 8485
3 3311 1125 2552
3 7182 8630 6080
3 6355 5993 2552
3 2113 8387 6670
3 6412 309 7384
3 7491 5792 1022
3 2443 2706 7398
3 5035 2690 4405
3 3586 3468 665
3 6609 2160 8082
3 1292 2471 6356
3 7485 5321 3604
3 1732 4294 8303
3 4586 3351 3586
3 8755 3137 4744
3 5095 2384 7021
3 4647 7867 7957
3 6297 1663 3183
3 1463 1047 848
3 5431 6763 6181
3 6640 3205 479
3 879 5139 6809
3 7165 8435 4174
3 806 7107 6502
3 1605 3354 2681
3 2407 8690 5295
3 6566 1993 1934
3 925 5871 6150
3 5826 3991 2025
3 939 681 7785
3 5695 4842 7223
3 2107 1244 2957
3 5104 6554 6127
3 6555 1596 2078
3 1778 6656 3435
3 4379 2506 5069
3 2085 8312 3413
3 1199 5257 5371
3 8096 4064 3265
3 100 4289 1296
3 1275 2571 2235
3 1076 3191 6563
3 1352 566 6576
3 6080 8456 7182
3 8630 7531 6080
3 8494 5665 4499
3 1665 3267 6785
3 3163 2489 6104
3 2149 4544 5462
3 8486 2149 5462
3 6932 3459 7189
3 3584 1637 7547
3 1629 8758 2917
3 8710 7412 3952
3 3799 1314 544
3 851 1094 8377
3 3738 3995 2725
3 2898 8282 5515
3 8507 4975 3794
3 7135 1054 5003
3 4812 8755 2513
3 7989 4546 939
3 1655 4010 5230
3 530 4626 4124
3 1655 5230 4115
3 8574 1198 1820
3 7882 887 1773
3 2602 505 6595
3 2530 4405 422
3 7739 6178 6361
3 449 847 2849
3 4806 4955 913
3 2260 8485 5512
3 5288 6917 7989
3 6007 7487 1725
3 4743 6232 1334
3 1096 5277 495
3 7348 2484 6299
3 2681 4977 7938
3 5631 4300 1092
3 7169 1530 5890
3 4651 1256 8077
3 160 731 5719
3 836 7687 807
3 3284 4479 8733
3 1605 7961 4823
3 3732 66 5826
3 1993 6566 327
3 8295 1311 4633
3 6388 6028 802
3 2931 3204 4535
3 8083 5725 1954
3 5816 8170 1349
3 6398 2828 8034
3 4966 1001 7190
3 6567 3263 4979
3 6275 7984 6049
3 7809 5843 7320
3 3365 6592 5843
3 5223 1918 2272
3 6150 5871 2255
3 3300 5674 1288
3 1001 252 2147
3 1557 1311 5555
3 715 3301 1289
3 8337 8661 7584
3 4541 7773 6045
3 7259 7584 4199
3 8170 5905 8514
3 8514 5905 7251
3 544 6051 3905
3 7584 8661 3862
3 5674 6078 8607
3 544 1314 851
3 7785 643 230
3 230 5288 7785
3 5707 3517 1456
3 1786 2114 4351
3 4351 2114 6214
3 5550 7396 3363
3 2869 5623 2229
3 7025 7135 2234
3 927 5464 4992
3 7507 5622 2547
3 8431 7885 2200
3 8665 4334 2157
3 5779 1254 2707
3 8215 1658 8732
3 1053 3902 1930
3 8135 8215 682
3 1266 7946 2907
3 6666 156 5157
3 847 7477 5245
3 7433 5307 5431
3 4804 2425 4671
3 6815 2108 2164
3 1124 7531 8630
3 458 2823 2149
3 5153 6815 5272
3 3199 1768 8149
3 6003 296 8149
3 2149 2823 6044
3 4806 913 5651
3 5380 2753 6147
3 459 7358 337
3 2742 2260 2692
3 6 8248 3743
3 6474 1025 4958
3 100 4117 614
3 3549 3873 6303
3 2464 1507 1535
3 4992 777 2324
3 4806 5651 482
3 6496 4769 1855
3 2212 6756 898
3 7863 755 7492
3 6495 3544 6756
3 2907 4806 482
3 5626 1513 3816
3 6321 5676 8690
3 1457 3507 347
3 2001 6352 7861
3 5470 7739 2869
3 3457 1768 1538
3 7538 2948 4289
3 6845 3243 2142
3 7538 5367 2948
3 799 427 6012
3 1710 6083 3925
3 6646 5599 3400
3 2937 1377 8370
3 3634 6398 6845
3 811 4795 2988
3 6919 7116 588
3 3670 4999 3240
3 5003 4014 7135
3 5839 3888 4634
3 1634 1905 7611
3 1306 2443 5053
3 5498 3491 234
3 7138 2869 2229
3 8323 7261 5430
3 4955 2095 913
3 7919 5812 8494
3 1313 6292 1970
3 5307 7433 7606
3 8242 2087 4539
3 887 2160 6609
3 1457 7538 4289
3 5011 7975 2285
3 1210 4490 8020
3 4070 4757 4505
3 4996 2442 2841
3 2126 3654 1942
3 6589 3619 4989
3 7502 7891 495
3 1564 790 2758
3 4989 5902 3821
3 6528 4828 5332
3 8702 206 5882
3 3416 5936 5571
3 8003 6411 5364
3 1126 3308 5599
3 5364 6018 3252
3 7675 1050 4991
3 7495 7267 7384
3 1538 1768 3199
3 6474 3880 1025
3 8033 4526 571
3 6496 1249 2127
3 2776 309 1100
3 1530 630 5897
3 4359 6969 2957
3 4362 2312 1096
3 8477 6567 4979
3 4199 5043 5992
3 6595 3169 2602
3 3251 1227 5890
3 5890 4077 8435
3 4968 1652 7861
3 1520 807 4361
3 8514 4010 1655
3 3192 2506 462
3 1488 5787 5132
3 5752 1057 1494
3 3782 6894 3246
3 6303 8460 949
3 4359 3234 6969
3 1510 5946 802
3 5118 3168 7306
3 3645 6534 8039
3 3036 8456 6080
3 3036 3331 8456
3 6328 3542 2548
3 2182 8052 8750
3 6508 2636 4838
3 7928 8018 5114
3 6044 4544 2149
3 2150 8487 6710
3 4349 8630 1452
3 2150 7358 459
3 7163 7191 8306
3 2896 3048 3058
3 913 2095 2417
3 171 129 3019
3 7384 309 2776
3 5786 6264 297
3 5927 5624 8587
3 2001 3169 853
3 1210 4547 642
3 4479 3284 3570
3 1520 4361 8296
3 5936 1100 2907
3 6583 1050 7675
3 1776 3863 8096
3 6251 6069 4988
3 7396 6214 1587
3 36 5297 8419
3 7429 5386 5282
3 4170 836 4479
3 2025 7687 836
3 8813 3570 5697
3 297 7843 3362
3 4016 4039 6960
3 879 6809 3686
3 3285 7962 3510
3 3199 8149 296
3 1605 3658 7961
3 2282 3821 4281
3 3782 6845 6398
3 7217 5856 6225
3 330 4872 6299
3 5092 3594 1240
3 1597 6831 1024
3 1607 8185 8642
3 5856 7459 3285
3 2996 4507 3594
3 2234 5470 2932
3 1100 4390 4806
3 949 7209 8287
3 6351 79 2267
3 7138 6076 2932
3 2530 1214 19
3 6476 1892 3905
3 4345 2744 1538
3 2095 1454 3487
3 5766 6427 8086
3 5143 6310 3187
3 2260 2742 8731
3 2742 530 8731
3 2596 1536 6591
3 8731 8485 2260
3 3905 6051 8634
3 3862 8661 8337
3 3061 3192 4430
3 2530 1317 2452
3 7988 3195 2898
3 898 5512 2212
3 531 5775 8544
3 6563 8215 1076
3 1538 3199 4345
3 4254 8514 1655
3 6009 6039 6932
3 4731 904 8170
3 3534 1649 3964
3 4124 4626 6496
3 6150 4925 8476
3 6105 7741 619
3 4692 6315 2851
3 2207 2868 2283
3 8366 715 7948
3 630 7169 5447
3 1655 7355 1057
3 8607 6925 5674
3 1154 2265 4115
3 939 7785 5288
3 6046 1214 2530
3 6045 7773 3776
3 4953 7921 4065
3 3521 4137 2806
3 7674 7486 7477
3 7831 3891 6476
3 8217 2273 334
3 5288 7989 939
3 7477 7486 8418
3 7673 1214 2866
3 6769 1696 1924
3 3099 51 5625
3 4731 2100 2491
3 4576 5737 2102
3 1618 3790 2403
3 4529 4076 3122
3 59 7953 6189
3 3487 1454 5953
3 2095 499 4014
3 3414 560 2258
3 1266 482 2706
3 2407 948 4693
3 777 7025 4450
3 2417 2095 3000
3 2185 593 2412
3 2706 482 5651
3 7135 234 2234
3 2776 1100 3416
3 1535 7095 5232
3 2630 8326 1249
3 5021 4460 3605
3 3722 7491 4659
3 575 1955 1430
3 8151 530 2742
3 4959 7765 5739
3 1383 1124 8630
3 5502 6589 4905
3 944 5748 6635
3 6427 5766 3670
3 4229 1659 6474
3 7080 6495 2175
3 3006 1355 4847
3 216 5321 3374
3 4324 4586 1773
3 3387 358 600
3 889 3550 4103
3 5959 4514 5265
3 5367 7538 1395
3 4612 7385 5897
3 889 2625 3292
3 1455 7203 6937
3 4345 3199 296
3 6147 6766 4318
3 3696 4966 8702
3 2897 6595 505
3 619 5267 630
3 296 636 3549
3 2578 8184 7116
3 2957 2730 4359
3 8409 2164 6884
3 7038 4776 3326
3 3991 5918 803
3 2023 5680 4171
3 7915 1829 3432
3 3750 1749 4369
3 4996 8702 2442
3 7871 444 6242
3 6884 6306 3111
3 1304 1990 6722
3 8034 2293 3991
3 5132 4409 7172
3 4925 6150 2255
3 3461 5792 4842
3 1797 4982 2126
3 916 2442 2635
3 4631 6403 4854
3 6554 3654 4241
3 5462 6044 4719
3 5462 3589 5352
3 6044 2823 8390
3 8676 7197 7051
3 6710 7358 2150
3 6858 5999 5181
3 2897 3604 5408
3 6076 7025 2234
3 673 1340 5465
3 7864 2668 1113
3 1709 1326 249
3 3387 3665 7104
3 555 5065 6464
3 3351 3160 3468
3 5665 5812 2858
3 7159 3298 7330
3 1383 917 5806
3 5330 6806 431
3 2443 1266 2706
3 636 6055 2889
3 3058 2257 2896
3 5705 3240 5367
3 4438 949 8460
3 2896 6980 527
3 5695 4288 5101
3 3873 636 8460
3 3821 2282 4989
3 4905 6700 6190
3 6351 5159 5865
3 6772 7330 2941
3 8798 8731 530
3 2941 1658 6772
3 8086 6427 7189
3 7946 1266 1306
3 1892 544 3905
3 8439 5276 7606
3 1855 4769 2596
3 5512 4038 361
3 7209 949 1156
3 6957 3485 2933
3 8517 3790 1618
3 1997 4304 7946
3 1362 1494 218
3 2690 3555 7443
3 3659 6763 5431
3 5053 7946 1306
3 129 5999 6858
3 1808 6328 2548
3 6105 1311 7741
3 1362 2100 4399
3 1349 8170 4471
3 1066 8296 5935
3 5434 7673 7364
3 1322 1240 7981
3 5230 4010 1154
3 345 7174 5224
3 1954 531 1968
3 5463 230 1317
3 6858 5181 384
3 529 3701 5486
3 2265 1154 7039
3 2059 1269 1954
3 4300 5631 3260
3 2273 1557 2107
3 7741 8295 619
3 7355 1655 4115
3 8476 4925 8182
3 2996 8383 4507
3 5188 7194 7871
3 6173 5104 765
3 6078 3300 7745
3 1173 6261 5533
3 3975 7046 484
3 4106 1670 8374
3 2591 8257 740
3 6054 2913 5335
3 5462 4544 6044
3 2753 8248 6
3 2267 4989 3619
3 3050 8507 3794
3 3794 4975 8487
3 7799 4828 6528
3 4324 6609 8082
3 6753 5192 2412
3 2861 4087 1053
3 8758 5176 2917
3 5321 216 2545
3 5623 7314 1076
3 7962 4331 3510
3 977 1970 79
3 4331 5837 2996
3 247 7916 5092
3 343 5579 4864
3 682 8215 6563
3 1608 5777 3404
3 7962 2663 4331
3 479 8801 8185
3 6955 2676 3021
3 7459 5677 3285
3 4431 6563 3191
3 771 2182 5419
3 731 4318 5719
3 6187 6983 8364
3 5902 2267 79
3 6534 4304 8039
3 6528 31 6454
3 2102 3633 6230
3 361 3880 2692
3 5031 6432 462
3 2257 6980 2896
3 7013 6957 5992
3 1852 1202 4347
3 1743 2547 5622
3 3416 3865 2776
3 3416 1100 5936
3 5571 5936 7946
3 4300 6266 1092
3 1955 4031 3252
3 8431 2200 6094
3 2530 19 1317
3 5752 4471 4254
3 2706 5651 7398
3 1419 6320 6006
3 8512 7388 5364
3 2491 218 6101
3 4115 3753 5753
3 1306 1266 2443
3 1515 662 2901
3 450 4260 2482
3 5963 413 1538
3 208 3658 5963
3 7398 3197 6599
3 7107 5295 3187
3 6303 3873 8460
3 329 129 5935
3 8732 3298 7159
3 7330 4450 7159
3 7107 8222 6502
3 1520 8733 836
3 7330 6733 1334
3 7425 3782 6398
3 7785 8502 4823
3 7644 1805 5294
3 3550 7571 8223
3 1269 2059 4925
3 4868 2666 3556
3 3550 8363 611
3 2417 5651 913
3 5464 3000 4014
3 7534 1689 8122
3 3000 2095 4014
3 3101 1648 858
3 1791 3750 5195
3 777 4992 1054
3 6785 7690 391
3 996 7051 7987
3 2869 2932 5470
3 3865 3416 8439
3 5352 3589 5660
3 3049 5462 5352
3 2412 8319 3007
3 5815 8017 5112
3 296 6003 6055
3 4285 2070 8655
3 8324 3549 6303
3 4743 1805 4223
3 8634 3201 7584
3 3201 7598 7584
3 4331 7582 5837
3 7330 3298 8732
3 8215 5623 1076
3 2941 8732 1658
3 1596 7008 7223
3 8184 5291 4679
3 5380 731 160
3 5043 7598 3201
3 6054 1343 1715
3 4875 5709 4304
3 6884 7641 8409
3 459 337 7188
3 6476 3905 7831
3 1168 5696 2311
3 8324 8287 3549
3 4288 5695 7223
3 665 2500 3586
3 4586 3160 3351
3 6465 659 4330
3 1210 6064 3374
3 5999 2545 5278
3 8433 4586 3374
3 5923 7196 2719
3 2692 1659 2742
3 2692 2260 361
3 4630 2817 2964
3 5154 6980 2257
3 8485 8798 6977
3 4010 8514 7251
3 2896 527 5419
3 230 6917 5288
3 6261 2711 5533
3 7443 3555 8139
3 8823 3786 3482
3 655 3231 2850
3 3510 4331 1809
3 3686 727 7981
3 7996 1483 247
3 8814 7937 1326
3 7961 643 4823
3 1550 8088 1662
3 4032 367 627
3 8813 4479 3570
3 3529 3149 7609
3 948 4091 4300
3 2578 7116 3524
3 3626 5440 4592
3 7189 3231 655
3 1710 43 326
3 948 2407 5295
3 3644 2850 2018
3 36 5882 206
3 1118 6932 6427
3 6226 8390 996
3 7710 3368 545
3 5796 7189 655
3 7130 2953 6815
3 5452 4936 5715
3 1990 6264 3021
3 7978 6755 7572
3 4999 3670 7487
3 7815 8625 3740
3 335 8257 5817
3 6046 3085 5680
3 1395 7562 5705
3 2690 2422 3085
3 1494 4399 1349
3 2452 1317 3858
3 4731 8170 2100
3 1362 4399 1494
3 7831 3905 8634
3 3308 1693 5973
3 3890 131 6593
3 7228 5907 4271
3 4409 566 1352
3 1275 6009 7562
3 3549 636 3873
3 3645 3416 6534
3 8055 1464 5257
3 3983 7533 8517
3 3605 5739 7765
3 1930 5502 333
3 79 1970 5902
3 3067 445 7209
3 6500 5497 7898
3 5963 445 3067
3 3058 3048 3036
3 3698 5824 2784
3 4184 3087 4529
3 4499 5665 2858
3 1053 1930 2861
3 5739 4087 4959
3 4014 5498 7135
3 5512 2596 6591
3 6388 802 8055
3 6534 3416 5571
3 4979 926 6151
3 367 4407 4038
3 7836 3457 413
3 6080 1124 1482
3 5464 3197 3000
3 8733 539 3284
3 4174 2037 8611
3 7099 3570 3284
3 1658 8135 6772
3 3246 6894 4479
3 1450 1244 5555
3 5555 1244 1557
3 4376 2272 5737
3 2673 5224 5223
3 3036 4716 5154
3 8419 4477 5882
3 2953 7130 3413
3 5550 6127 6554
3 3021 6264 5719
3 5550 4477 8419
3 7160 600 2500
3 8084 3183 1318
3 8603 7905 4212
3 917 5072 1166
3 297 6264 1304
3 3413 6339 2126
3 949 4438 2555
3 3374 7485 8433
3 3374 6767 1210
3 1629 2917 665
3 2889 5299 636
3 771 5307 5557
3 7700 715 3269
3 6078 5674 3300
3 3300 7875 6592
3 3295 1492 1394
3 3761 1743 5622
3 3902 6589 1930
3 5646 3425 891
3 5992 1206 4199
3 6761 5110 2378
3 3516 210 8552
3 4870 3039 1040
3 3324 3342 3309
3 2316 6760 1430
3 4208 6018 6411
3 8039 4304 5709
3 1515 4976 662
3 3521 8787 4137
3 428 3798 1419
3 8287 7209 2744
3 5512 848 4038
3 8571 8306 1172
3 3815 5245 7477
3 1349 4471 5752
3 6018 3509 1430
3 3324 3197 3342
3 6475 2861 4230
3 3890 1494 1841
3 7010 1047 2363
3 1047 7010 848
3 3119 8607 3365
3 1659 2692 6474
3 5709 3476 3194
3 715 7700 7876
3 4191 3342 3197
3 1054 7025 777
3 3795 7352 5521
3 7485 3604 8433
3 1749 3750 1791
3 2025 803 7687
3 2541 1879 7196
3 2388 841 6858
3 329 3019 129
3 3432 5016 1889
3 6835 7330 6772
3 7427 15 7355
3 15 6593 131
3 836 807 1520
3 3890 12 1494
3 2744 4345 8287
3 3067 5035 5963
3 19 5463 1317
3 3284 539 7883
3 2273 8217 6010
3 3732 4170 6894
3 2841 6277 36
3 6772 8135 6835
3 43 1710 3810
3 5815 5112 1791
3 799 7697 8799
3 2063 2682 1122
3 4395 7129 2076
3 6391 3759 1787
3 3324 6094 6599
3 3036 5442 1769
3 5053 2443 7398
3 3374 5321 7485
3 8218 6182 4237
3 5017 259 5334
3 2917 890 7160
3 7690 1202 1852
3 6009 1090 6039
3 4199 1206 4848
3 6192 1769 3048
3 5646 6265 5556
3 8640 2522 1296
3 8215 8135 1658
3 3713 918 8325
3 5154 2257 3058
3 2100 5816 4399
3 2522 5505 7549
3 8755 4744 2513
3 3776 6593 7427
3 4263 1639 5190
3 1841 1057 131
3 6830 2490 5441
3 3524 7008 6555
3 1162 1970 4225
3 7364 5463 5434
3 1693 3308 1126
3 7364 5644 3260
3 8083 1954 3187
3 4958 1025 4032
3 7946 6094 1997
3 5159 3668 5865
3 4407 4247 4038
3 4450 7025 6076
3 3155 3927 6601
3 6554 4241 5550
3 656 654 5149
3 4247 3880 361
3 1564 8152 5973
3 4407 1025 3880
3 3107 2209 5728
3 3374 4586 6767
3 3265 1797 6106
3 5321 171 3604
3 3413 7130 2085
3 5999 5278 2928
3 4315 6982 8163
3 3654 2126 5480
3 5631 1092 4546
3 6045 257 349
3 458 8390 2823
3 4979 3263 43
3 8784 1821 1416
3 6690 5182 7155
3 4719 8390 6226
3 6147 5517 7358
3 1244 1450 2957
3 112 5956 4668
3 3722 4659 7784
3 2255 1083 5775
3 3630 916 2142
3 6955 3021 7634
3 484 7046 5522
3 6398 8034 7425
3 3634 6845 2635
3 1990 1304 6264
3 8640 5505 2522
3 3243 5697 1290
3 8702 6398 3634
3 3363 7396 1587
3 206 8702 4996
3 4431 977 6563
3 5913 7613 7988
3 7138 7159 6076
3 8732 7138 8215
3 6165 2301 35
3 5010 8156 3797
3 8491 8712 8422
3 6599 5053 7398
3 7330 8732 2941
3 7784 5602 5450
3 5451 2144 1805
3 243 2311 6835
3 4263 7964 504
3 1637 1318 4084
3 8383 5139 879
3 1809 7916 3510
3 6476 728 4576
3 5305 4182 5565
3 2312 2758 3040
3 1434 5477 6225
3 3795 42 535
3 1304 6785 1414
3 3880 4247 4407
3 8409 3111 4518
3 4032 627 804
3 6705 5478 1435
3 2781 494 178
3 3529 6432 5031
3 6767 4586 3736
3 1292 4164 2471
3 4038 5194 367
3 5194 4038 848
3 7160 665 2917
3 8020 4490 358
3 2452 4405 2530
3 3387 5176 8758
3 5946 1510 6586
3 2100 8170 5816
3 2778 3407 5465
3 6083 6610 1929
3 6226 5462 4719
3 3050 7634 8507
3 4304 6534 5571
3 2403 3790 2258
3 7174 5223 5224
3 5013 1710 326
3 5913 1618 4243
3 2744 445 1538
3 6049 1489 7486
3 3810 1710 5753
3 2059 4535 8182
3 1040 5004 7885
3 1922 7172 6576
3 8733 1520 539
3 6012 427 5654
3 8306 8571 6886
3 7656 5646 7219
3 6099 3658 208
3 5035 208 5963
3 5432 1394 6210
3 2767 7709 1407
3 8324 6303 949
3 5843 7809 3365
3 2635 6845 2142
3 3795 5521 42
3 2767 6858 384
3 765 6030 6173
3 5935 129 6858
3 6094 2200 1997
3 3012 7483 7311
3 3000 3197 2417
3 7330 6835 6733
3 8491 777 4450
3 5843 6592 4882
3 4839 3874 5326
3 4014 5003 4992
3 1634 7611 3335
3 6601 3927 1635
3 8712 7644 4748
3 6094 4870 8431
3 385 3595 1489
3 600 358 2500
3 5002 8047 5245
3 5902 1970 3821
3 5382 5993 6355
3 2225 1474 7413
3 4349 1452 1630
3 3668 5159 3902
3 358 4490 6767
3 6589 3902 5159
3 4615 7656 8339
3 8419 5297 8765
3 3589 6226 8802
3 6766 6147 6710
3 3049 3793 5462
3 5577 5282 3693
3 361 2260 5512
3 5557 5307 7606
3 1025 367 4032
3 7209 445 2744
3 2182 3048 5419
3 8460 1202 7690
3 1997 2200 7885
3 2545 171 5321
3 5434 1214 7673
3 6373 2925 1290
3 6858 841 4929
3 5927 7434 7173
3 7883 539 4929
3 5644 7364 6321
3 5963 1538 445
3 5644 4693 4300
3 3555 3067 7209
3 1841 131 3890
3 8244 8682 3729
3 4170 4479 6894
3 1311 6105 5555
3 6423 7690 3652
3 1437 8532 2475
3 8662 236 257
3 5815 873 2218
3 619 894 6105
3 8702 3634 2635
3 575 4240 1192
3 6249 4848 6386
3 6769 2912 1920
3 4911 6715 5077
3 2142 3243 1290
3 7907 1953 622
3 1086 1325 7895
3 4975 6710 8487
3 1395 1275 7562
3 7160 890 3387
3 1340 6192 8236
3 8368 1123 2374
3 8433 7882 1773
3 600 7160 3387
3 3192 6755 4430
3 5927 7583 4734
3 1770 8682 6879
3 673 8456 1769
3 4757 8390 4505
3 7928 7173 3194
3 5276 1172 5557
3 7606 7495 3865
3 6012 7697 799
3 4304 5810 4875
3 8690 4693 5644
3 3923 6669 1564
3 236 8662 1718
3 2475 4957 739
3 7690 2555 4438
3 3014 1634 3335
3 3194 7163 6886
3 7506 8156 2017
3 186 2303 6559
3 2705 8356 4154
3 3263 1935 2490
3 5305 5565 4460
3 4053 5889 2663
3 1773 887 4324
3 1214 5434 5463
3 4229 8151 2742
3 5722 1833 3955
3 1066 5935 6858
3 5944 7764 804
3 3670 1118 6427
3 4507 879 1240
3 1852 4347 7973
3 7883 4929 7099
3 661 1914 8711
3 136 187 1199
3 1290 5697 7642
3 4395 5833 2666
3 6740 6331 4555
3 243 79 6457
3 927 3342 4191
3 8812 5897 630
3 4633 5267 619
3 36 206 4996
3 7906 3251 1530
3 1693 5486 4289
3 2336 8591 5443
3 7673 6321 7364
3 3586 2500 3736
3 8367 7726 8758
3 5557 8052 771
3 8086 7189 1725
3 771 1808 5307
3 5465 1340 2112
3 6273 8129 6166
3 4405 6099 208
3 3459 3231 7189
3 8439 7606 3865
3 2116 5556 6265
3 4854 6381 5587
3 3585 5822 7517
3 2370 1272 3203
3 3384 1869 962
3 7997 2536 1787
3 8439 3416 3645
3 8306 6886 7163
3 6835 8135 682
3 996 8390 4757
3 4070 4516 5153
3 7981 7996 1322
3 305 4422 827
3 1086 7895 6447
3 7196 5379 2719
3 8039 8439 3645
3 7367 4364 7651
3 3858 3658 6099
3 4304 1754 5810
3 4976 6205 6481
3 4518 4070 8413
3 6599 3197 3324
3 1442 1325 7828
3 8196 6182 2339
3 3826 7552 1487
3 6351 5865 4486
3 8253 5459 6766
3 1202 636 4347
3 5992 6957 3574
3 6766 6710 4975
3 4812 2513 5786
3 5379 2866 2719
3 2530 422 6046
3 7657 2817 4630
3 914 661 8711
3 2388 4808 4929
3 129 171 5999
3 3286 2531 1225
3 8037 4199 4848
3 2861 4627 4230
3 642 8244 2767
3 1805 8164 5451
3 405 349 7647
3 1057 5752 1655
3 4479 836 8733
3 4743 4223 2911
3 3435 187 1778
3 6101 12 2458
3 3313 405 3890
3 6232 4450 7330
3 7647 39 405
3 5449 7311 2336
3 2635 2442 8702
3 2911 8491 6232
3 4438 8460 7690
3 4174 3882 2037
3 2931 8083 5295
3 6733 6835 5451
3 3147 1189 5842
3 3295 2157 4004
3 1154 6372 7039
3 6119 6982 4315
3 3112 6760 2316
3 4477 3363 5882
3 6568 3626 4592
3 3269 4081 6867
3 1810 2482 4260
3 3012 7311 5294
3 2911 6232 4743
3 7340 5443 7737
3 1334 6733 8164
3 8164 1805 4743
3 1334 6232 7330
3 4882 3874 4839
3 8429 6127 8419
3 6599 7946 5053
3 3197 5464 4191
3 1797 2126 1942
3 4064 8096 168
3 5696 3170 2326
3 1673 5848 3069
3 8342 28 7513
3 2500 358 3736
3 8634 6051 544
3 728 8351 4384
3 4839 5843 4882
3 3953 2769 6925
3 6886 8571 5709
3 6882 632 6998
3 1321 5305 5259
3 4460 24 5305
3 4229 2742 1659
3 3605 3902 1053
3 6933 6920 7261
3 5364 7388 2449
3 5005 632 6882
3 6071 4983 2226
3 7885 1754 1997
3 5182 1567 1869
3 4870 7885 8431
3 6018 4208 2316
3 6981 3488 1535
3 4038 4247 361
3 898 848 5512
3 5020 848 7010
3 8390 458 4505
3 1192 4271 1955
3 8676 4518 3111
3 3077 3263 599
3 2599 5815 6811
3 5440 3626 1448
3 7885 5004 1754
3 5004 3039 632
3 1311 8295 7741
3 811 2988 3609
3 2889 3998 8755
3 1665 8131 3369
3 5719 4318 6766
3 247 1483 3196
3 7916 1809 5092
3 7634 3021 8253
3 7609 1597 5895
3 8426 7815 6796
3 3185 2925 5019
3 2142 916 2635
3 8460 636 1202
3 3750 294 2870
3 1534 3185 6899
3 5144 5837 5889
3 5719 6264 5786
3 1653 8000 435
3 2690 3085 4405
3 2996 7141 8383
3 327 8476 8182
3 3594 4507 1240
3 247 3196 7916
3 2931 8690 5676
3 8457 8765 4799
3 7413 1474 3061
3 4384 5377 8217
3 3862 7831 8634
3 2690 3067 3555
3 2324 6601 3182
3 4957 8532 4911
3 8052 5557 8339
3 4171 3085 2422
3 422 4405 3085
3 402 1273 8414
3 2339 6182 516
3 8759 1630 1452
3 8242 4539 4547
3 4304 5571 7946
3 1754 4304 1997
3 4992 2324 927
3 3182 516 3309
3 934 2144 5451
3 6886 5709 3194
3 3394 8236 3425
3 7928 1315 8018
3 5810 1754 5004
3 5463 19 1214
3 367 1025 4407
3 1100 4806 2907
3 7555 5944 627
3 4305 5676 3158
3 2755 5944 6624
3 2541 3158 5140
3 8164 4743 1334
3 2948 5367 1296
3 632 8593 5004
3 5352 759 3049
3 8059 2552 7503
3 5719 6766 5459
3 2491 1362 218
3 8253 8507 7634
3 2554 3157 1777
3 39 2458 12
3 2675 6045 7427
3 8457 7977 765
3 358 4062 3736
3 5181 5999 2928
3 1210 8020 4547
3 2209 4999 7487
3 2037 345 2730
3 539 1066 4929
3 7099 3284 7883
3 4318 731 6147
3 5869 7556 427
3 334 4576 8217
3 6106 4325 3265
3 3263 6567 1935
3 5770 14 2023
3 36 6277 5297
3 1993 4535 3204
3 5737 2272 2102
3 5786 297 4812
3 4485 2584 2326
3 3265 6173 1776
3 8457 765 8429
3 3654 6554 6106
3 2267 5159 6351
3 79 4452 6457
3 2017 6368 7329
3 2953 2126 4982
3 3050 3764 7634
3 7831 8337 6124
3 4992 5003 1054
3 4727 7552 6954
3 3040 2758 790
3 6094 7946 6599
3 2850 6007 5796
3 6465 8323 5189
3 8802 6226 996
3 8337 7584 7259
3 3387 890 2917
3 8507 8253 6766
3 6101 1828 4957
3 3797 1865 5010
3 3759 7182 1330
3 1620 5158 24
3 3183 1663 4362
3 6299 4872 6576
3 7403 4944 3893
3 2755 914 7764
3 998 5893 7851
3 7875 6868 4082
3 7986 3357 8014
3 6192 3048 8750
3 7483 5166 5696
3 804 627 5944
3 6722 6955 8104
3 566 5946 7176
3 3679 6598 7376
3 7690 6423 2555
3 5465 1787 673
3 4171 2422 5770
3 4711 5662 1777
3 3171 8712 3155
3 1805 7644 4223
3 6321 7673 1879
3 1448 3626 5757
3 3102 1230 2727
3 7173 7583 5927
3 8571 1172 5276
3 7486 1489 8418
3 2848 4137 8787
3 779 4338 1960
3 6315 1179 6538
3 4374 1268 3337
3 2900 663 2169
3 2458 7647 7119
3 3665 3387 8758
3 3776 7773 6593
3 6593 15 7427
3 5869 427 1223
3 5004 2509 5810
3 39 12 405
3 8476 327 6566
3 1419 3798 6320
3 5709 8571 8039
3 4929 1066 6858
3 1450 8611 2730
3 1377 2937 5016
3 6373 1290 7642
3 1407 4808 2388
3 7209 1156 3555
3 6835 682 243
3 5650 5127 2693
3 2509 3476 5810
3 6528 6454 7799
3 3191 1313 4431
3 5232 3855 3607
3 2509 3194 3476
3 6969 2673 4376
3 1267 1665 811
3 3394 3684 6394
3 516 1276 4870
3 6528 1129 7507
3 5114 4734 7928
3 2889 3362 5299
3 6555 6791 2018
3 6933 2625 6920
3 5810 3476 4875
3 2509 5004 8593
3 5149 654 4748
3 360 1679 5492
3 3111 7197 8676
3 7609 5275 7460
3 1452 3759 8759
3 3858 6099 4405
3 6457 1168 243
3 1315 8593 8018
3 645 534 4452
3 1634 3014 3175
3 4693 948 4300
3 2691 7414 2961
3 5277 1096 2312
3 2866 1879 7673
3 3589 5462 6226
3 5817 7828 335
3 3638 2163 6224
3 3923 4117 1296
3 1487 545 3368
3 3589 2334 5660
3 358 7104 8020
3 5973 1693 614
3 1544 759 3819
3 8634 544 3201
3 665 3468 1629
3 1725 7487 5766
3 4633 1311 5869
3 7219 8052 8339
3 12 6101 218
3 1296 4117 100
3 599 4396 6246
3 178 494 7259
3 6176 8254 7709
3 6224 2163 7181
3 802 7920 1510
3 1057 15 131
3 5705 7562 6009
3 5295 7107 948
3 3923 614 4117
3 3204 1581 6568
3 7454 5654 1835
3 7996 940 3196
3 7203 4053 2663
3 3023 8765 6277
3 8419 5882 36
3 5676 4305 8370
3 5362 6669 3923
3 8674 5927 4734
3 2339 516 3182
3 2312 4362 1663
3 2334 2271 5660
3 2583 2053 4176
3 6297 8152 2758
3 2517 5817 8257
3 1145 7968 2809
3 516 6182 8053
3 4982 1797 4064
3 8422 8712 3171
3 2502 4427 46
3 1109 8784 1499
3 5077 178 7259
3 6955 3278 8393
3 3061 850 5876
3 2324 777 8491
3 934 2311 3012
3 4223 8491 2911
3 243 977 79
3 6008 2377 346
3 8339 1172 4615
3 405 3313 7773
3 349 405 4541
3 8168 6477 2078
3 3407 1787 5465
3 4541 405 7773
3 6083 262 2508
3 3313 6593 7773
3 4794 7647 236
3 7657 5761 5675
3 6882 5114 8018
3 8306 7191 1172
3 7427 4635 5753
3 5792 3461 1022
3 8018 8593 5005
3 5696 6744 7483
3 7443 5770 2690
3 632 7909 6998
3 8800 228 1940
3 2324 8491 8422
3 7172 4409 1352
3 2377 6265 7656
3 6007 2850 3644
3 2023 5200 3011
3 654 8712 4748
3 5278 216 3374
3 3309 3342 2324
3 2880 4262 5836
3 3626 6568 1581
3 1156 949 2555
3 8014 4983 1628
3 5181 2928 6064
3 8139 3555 2555
3 534 645 1654
3 3668 3605 2842
3 6919 7725 3461
3 1290 2925 3630
3 2273 2107 4376
3 2018 6791 3644
3 3023 2841 6159
3 2841 36 4996
3 5019 5594 5102
3 7348 6299 4076
3 6277 2841 3023
3 1905 6457 7611
3 5267 1724 1163
3 2107 6969 4376
3 8711 1914 7764
3 2536 4176 6391
3 6912 7259 494
3 588 7725 6919
3 6030 8186 8619
3 7434 6508 7191
3 6299 566 7176
3 517 2463 1129
3 1315 3194 2509
3 1340 8236 7387
3 6046 5680 2866
3 535 7723 2860
3 4064 1797 3265
3 4671 1182 4511
3 7487 3670 5766
3 8018 5005 6882
3 8593 1315 2509
3 5114 6882 2961
3 575 1430 2464
3 4087 3605 1053
3 5696 5166 2311
3 7286 4364 7367
3 8664 1899 3403
3 4182 534 5565
3 6601 8196 3182
3 7405 7801 1914
3 688 886 1635
3 1289 2770 6951
3 6071 5669 7374
3 6538 2169 6315
3 8287 4345 3549
3 760 1545 4585
3 1163 1463 5267
3 7982 2514 719
3 8367 2087 6637
3 5252 1929 4794
3 257 6045 1710
3 326 43 3077
3 8665 3561 6598
3 8236 6192 8750
3 1852 391 7690
3 3476 5709 4875
3 8339 5557 1172
3 2841 2442 916
3 7483 3012 2311
3 5770 2422 2690
3 8139 2555 6423
3 4799 6403 7977
3 3194 7173 7434
3 1534 3630 3185
3 304 165 6163
3 4115 2265 3753
3 2377 7656 4615
3 7000 1589 6010
3 2636 6634 4838
3 334 5737 4576
3 3196 1483 7996
3 5276 8039 8571
3 645 6351 1654
3 8182 1993 327
3 5465 2112 2778
3 6981 1507 55
3 1430 3112 2464
3 8625 1474 2225
3 4615 1172 4838
3 8184 4679 588
3 5195 2870 2003
3 6508 4838 7191
3 3652 7690 3267
3 3048 2182 8750
3 4237 886 6569
3 7199 2067 7980
3 632 5005 8593
3 1787 8456 673
3 4870 6094 516
3 7987 1086 996
3 4381 1030 5213
3 4734 7583 7173
3 6106 6554 5104
3 6127 5550 8419
3 6225 7996 8436
3 3488 3681 6664
3 3795 5589 8216
3 3368 2271 2334
3 3021 2676 1990
3 7182 8456 1330
3 7398 5651 2417
3 4738 7181 7986
3 384 5181 6064
3 5112 5011 1791
3 5530 233 8637
3 5020 5194 848
3 7611 4452 534
3 7986 8014 661
3 3529 6705 3404
3 5023 8812 1463
3 4842 194 7361
3 2842 4460 5565
3 6176 8244 3729
3 1879 5379 7196
3 5149 7311 5449
3 688 8562 6569
3 654 656 8712
3 8491 4223 7644
3 18 3028 3560
3 661 2755 4738
3 349 4541 6045
3 2957 6969 2107
3 6045 2675 1710
3 4396 599 4970
3 5923 3011 7196
3 916 3630 1534
3 3155 8712 656
3 6029 1635 3155
3 4592 5440 1934
3 728 6124 6912
3 5035 3067 2690
3 934 3012 5294
3 6715 4911 1437
3 2490 1935 5441
3 4405 208 5035
3 2023 14 6834
3 6249 5077 4848
3 2336 7340 5449
3 3512 1828 2194
3 6568 4592 1934
3 765 6127 8429
3 2778 372 6024
3 7942 6625 8587
3 5624 5927 8674
3 6106 5104 6173
3 7434 7163 3194
3 7656 6265 5646
3 3111 6974 7197
3 8053 6998 516
3 1654 4486 2842
3 4452 6351 645
3 3394 6394 372
3 2225 7413 5876
3 6954 1442 7828
3 1325 2804 7895
3 4838 1172 7191
3 8242 8020 8385
3 759 3368 7710
3 3589 3826 2334
3 372 2778 2112
3 1596 7223 7361
3 5362 3923 7549
3 3194 1315 7928
3 8217 4576 728
3 5719 5459 3021
3 6998 7909 1276
3 6249 6386 4911
3 3278 4585 283
3 614 1693 100
3 1206 5992 3574
3 6766 4975 8507
3 1452 8630 3759
3 8181 6477 4756
3 2912 1437 580
3 2842 4486 3668
3 632 3039 1276
3 160 2188 5380
3 1635 3927 3155
3 3902 3605 3668
3 1673 3069 495
3 6064 1210 2767
3 7555 627 5194
3 8712 8491 7644
3 627 367 5194
3 1240 1322 247
3 6224 1163 4711
3 6064 2928 3374
3 7555 5194 5020
3 3155 6601 3171
3 927 4191 5464
3 7099 4929 4808
3 6544 618 5381
3 4748 7644 5294
3 4529 3087 8029
3 3185 3630 2925
3 566 8055 5946
3 599 3263 2490
3 1805 2144 934
3 7443 14 5770
3 8163 5858 4315
3 7769 5579 343
3 5451 6835 2311
3 8690 5644 6321
3 6083 1710 4396
3 5753 4635 4115
3 8307 5749 5196
3 8058 1039 1590
3 68 3059 1833
3 6592 7745 3300
3 1718 8662 2508
3 1828 2458 7119
3 4374 1960 3029
3 59 6189 2130
3 2879 2541 7196
3 7376 8665 2157
3 580 1437 739
3 7387 8236 3394
3 2450 5362 416
3 1129 5332 8770
3 7173 7928 4734
3 4260 6006 2838
3 4838 6634 4615
3 2636 346 6634
3 8020 7104 3665
3 6508 346 2636
3 5415 2764 8567
3 3526 2682 5716
3 4929 841 2388
3 5004 1040 3039
3 8674 4734 2961
3 8344 1642 2087
3 1642 2888 3109
3 8055 2722 6388
3 5375 305 4802
3 3158 5676 6321
3 539 8296 1066
3 7486 4332 6049
3 1990 2676 6955
3 6006 6320 3119
3 62 1539 672
3 7181 7010 2363
3 1628 5548 7405
3 1163 6224 1047
3 8799 1223 799
3 4842 5792 1917
3 2017 6462 5010
3 2797 9 5531
3 6447 996 1086
3 7828 1325 335
3 5660 3368 759
3 1776 6173 8619
3 168 7548 1567
3 7099 4808 8254
3 630 894 619
3 236 349 257
3 1718 2508 5252
3 1223 4633 5869
3 3631 6366 7340
3 4659 8234 7784
3 6083 1929 5252
3 3246 8813 5697
3 8637 3646 5530
3 6690 1567 5182
3 4347 7843 7973
3 1955 3252 6018
3 4240 575 2464
3 1414 7973 297
3 3322 7362 6295
3 5429 6690 4982
3 1192 1955 575
3 701 1625 873
3 5149 5294 7311
3 2191 7878 1904
3 6815 2953 2108
3 1022 4659 7491
3 2311 5166 7483
3 1414 1852 7973
3 6159 6899 5019
3 1905 3170 5696
3 5019 5102 6159
3 6159 5300 3023
3 1423 1991 7760
3 784 6097 343
3 1852 1414 391
3 4285 701 4388
3 8765 8429 8419
3 7634 3764 760
3 3652 3267 1665
3 2273 4376 334
3 1168 2311 243
3 3023 5300 4799
3 7051 996 4757
3 1840 6544 6421
3 5565 534 1654
3 4486 5865 3668
3 5705 3670 3240
3 6560 6306 6884
3 4460 2842 3605
3 516 3324 3309
3 7723 535 3996
3 7802 3229 3052
3 5512 6591 2212
3 1421 6826 186
3 6629 6097 784
3 7010 1631 5020
3 8750 891 8236
3 6457 4452 7611
3 2465 5628 6806
3 740 7651 2591
3 7219 8339 7656
3 5902 4989 2267
3 6954 8826 4642
3 2644 1633 757
3 2691 2961 6998
3 6100 1687 8654
3 3171 2324 8422
3 5021 4611 1915
3 8089 5990 5157
3 7965 3228 6164
3 8456 3331 1769
3 4748 5294 5149
3 6508 7434 5927
3 5505 975 7549
3 3819 759 7710
3 3554 7414 2476
3 891 3425 8236
3 2326 8497 5740
3 6419 4449 1912
3 5478 6705 3529
3 7981 727 8436
3 5240 4449 6419
3 6413 545 8140
3 4130 7120 884
3 2465 6825 6688
3 3149 5031 3005
3 728 3891 7831
3 4734 5114 2961
3 3548 3407 6024
3 8640 3240 18
3 8414 1273 7164
3 7104 358 3387
3 1635 4237 8196
3 2888 8244 642
3 1635 6029 688
3 3570 7642 5697
3 218 1494 12
3 2491 4848 4731
3 7483 6744 2326
3 2925 6373 3553
3 1879 5140 6321
3 8662 257 3925
3 5696 1168 1905
3 5757 2969 3432
3 2841 916 1534
3 4794 236 1718
3 6246 4396 5013
3 1589 5654 7556
3 1156 2555 3555
3 7834 8186 6030
3 3626 4892 5757
3 1856 2838 7320
3 5031 3149 3529
3 2866 5680 2719
3 7948 715 3679
3 8370 1377 3204
3 567 5707 2614
3 760 3764 3050
3 5864 7953 59
3 335 1325 1086
3 5766 8086 1725
3 6447 8802 996
3 5624 7942 8587
3 8368 2053 402
3 5938 3710 8104
3 2157 5432 7376
3 6637 3665 8367
3 3665 8385 8020
3 3630 2142 1290
3 5443 5740 8361
3 1810 2838 663
3 7642 3570 7099
3 8446 6487 6394
3 1040 7885 4870
3 2476 80 1657
3 2326 6744 5696
3 6899 3185 5019
3 30 4208 7302
3 5944 7555 6624
3 4237 1635 886
3 7674 2483 1811
3 3175 2705 1634
3 8478 2711 7572
3 1101 8450 8072
3 622 5377 4384
3 661 4738 7986
3 1047 1463 1163
3 2378 5110 8710
3 8010 4127 4443
3 3605 7765 4611
3 5548 1628 6071
3 804 4958 4032
3 8787 3521 1419
3 3710 5938 1665
3 1590 3089 5200
3 4535 8083 2931
3 5077 6249 4911
3 6834 14 1267
3 5295 8690 2931
3 2312 1663 2758
3 5197 3720 1948
3 3204 2931 5676
3 2879 3011 7463
3 7007 3695 1416
3 7454 8799 7697
3 1377 3626 1581
3 5449 656 5149
3 39 7647 2458
3 3925 2508 8662
3 8689 7454 5168
3 7483 2336 7311
3 4794 3867 7119
3 3925 257 1710
3 178 5077 2781
3 1374 285 8677
3 2784 4670 5926
3 187 4664 1778
3 8351 6912 622
3 6690 2164 4982
3 1869 3384 7155
3 1414 297 1304
3 2747 7548 7307
3 3111 7651 6974
3 7320 4839 1856
3 2477 3341 404
3 7809 3119 3365
3 2838 6006 7320
3 1252 8747 1927
3 4082 3874 4882
3 651 1619 7953
3 3893 4944 652
3 6637 8242 8385
3 5680 3085 4171
3 1770 7849 6532
3 6982 3761 8163
3 1430 6760 3112
3 3113 1743 3761
3 2804 3826 3589
3 2812 6556 4198
3 1442 3826 1325
3 378 6324 1958
3 3369 4795 811
3 3810 4979 43
3 8587 346 6508
3 6413 3819 545
3 6955 7634 4585
3 5786 2513 160
3 1620 5021 1915
3 4738 2755 5020
3 181 2713 5823
3 6111 852 4316
3 6164 3228 7801
3 2755 6624 5020
3 326 3077 5013
3 6601 2324 3171
3 2934 4970 6830
3 7737 8361 8450
3 5277 2312 764
3 8393 232 5529
3 1272 2312 3040
3 8750 8052 7219
3 4978 6150 8476
3 1791 5011 1749
3 5168 1835 2685
3 6751 6830 1449
3 6159 2841 1534
3 2018 3231 2578
3 5933 5019 3553
3 416 819 2450
3 5200 2023 6834
3 7259 8037 5077
3 1039 6240 1150
3 6457 1905 1168
3 765 7977 6030
3 6127 765 5104
3 1276 7909 632
3 3863 7702 8096
3 5195 6811 5815
3 2584 5823 8176
3 8361 7737 5443
3 5478 3529 7218
3 1809 3594 5092
3 7440 1304 6722
3 2794 7976 2076
3 7709 8244 6176
3 5525 5716 2349
3 5938 6677 8131
3 4347 5299 7843
3 8087 7642 8254
3 6689 7465 376
3 5822 7286 7367
3 3729 8087 6176
3 8676 4070 4518
3 921 3541 1241
3 346 8587 6625
3 811 1665 3369
3 3536 5654 1589
3 5144 186 5837
3 740 335 1086
3 3175 5259 6215
3 2541 5140 1879
3 4087 5739 3605
3 8679 24 2644
3 5848 1673 8117
3 3684 4520 8446
3 7412 8710 695
3 1597 7609 3149
3 5110 6761 2781
3 5565 1654 2842
3 3664 6625 7942
3 6386 4848 2491
3 5252 262 6083
3 4738 1631 7010
3 6182 8218 5650
3 4585 3278 6955
3 91 7965 7772
3 2377 6634 346
3 7511 6182 5650
3 6624 7555 5020
3 6394 3684 8446
3 2334 1487 3368
3 5488 3969 7879
3 407 7659 4381
3 2961 6882 6998
3 5013 3077 6246
3 6246 3077 599
3 1724 4711 1163
3 3155 3631 6029
3 5405 3277 1145
3 6698 1030 6677
3 656 7340 6366
3 799 1223 427
3 3089 3011 5200
3 7483 8591 2336
3 1700 8598 7463
3 1352 6576 7172
3 1619 7852 3269
3 2225 5371 3740
3 3892 7953 7402
3 5327 3269 7852
3 3863 1776 8186
3 8758 7726 3665
3 6553 7858 5716
3 642 2767 1210
3 2719 5680 2023
3 3269 5327 4081
3 1474 8625 7815
3 1578 6715 1437
3 6083 2508 3925
3 2891 1657 4398
3 3184 5524 1845
3 1518 6083 5722
3 2508 262 5252
3 1769 6192 1340
3 372 7387 3394
3 5200 6834 1590
3 7858 7849 6879
3 2112 1340 7387
3 2500 665 7160
3 8710 5110 695
3 2023 4171 5770
3 1828 3967 580
3 7345 1905 1634
3 6006 7809 7320
3 5077 8037 4848
3 2866 1214 6046
3 24 5158 2644
3 2153 8159 2518
3 6858 2767 2388
3 6879 8244 2888
3 5548 7374 7772
3 1856 2169 2838
3 599 2490 6830
3 1276 3039 4870
3 3670 5705 1118
3 5013 4396 1710
3 8674 3554 5624
3 2659 8677 1180
3 2146 7974 1988
3 4711 8799 5662
3 8171 2626 852
3 614 1564 5973
3 4585 1545 283
3 8393 8104 6955
3 5429 1567 6690
3 2363 1047 6224
3 6785 391 1414
3 6366 3631 3155
3 1101 5652 7074
3 1590 4073 1150
3 5443 7340 2336
3 4330 7341 7261
3 1665 1267 3652
3 350 6100 2069
3 7000 5377 707
3 6677 3369 8131
3 5740 5443 8591
3 4615 6634 2377
3 7506 2017 555
3 4597 8132 7480
3 5182 1869 7155
3 3826 2804 1325
3 6464 8271 555
3 1988 2935 563
3 1943 5162 4416
3 3267 7690 6785
3 7249 4130 884
3 7634 760 4585
3 3609 1267 811
3 7611 534 4182
3 2599 7108 106
3 8104 3710 7440
3 2269 4485 7345
3 404 80 2477
3 7964 5761 1056
3 3710 6785 1304
3 5515 185 7807
3 8562 7676 6569
3 6568 1993 3204
3 6439 4381 7659
3 4842 5695 5101
3 3969 4522 3678
3 1929 3867 4794
3 8196 6601 1635
3 4263 6349 8216
3 5144 2870 1421
3 2461 1885 5592
3 4237 6182 8196
3 6998 1276 516
3 3605 4611 5021
3 6565 763 7826
3 3357 7986 2163
3 1633 4898 8411
3 3631 4466 5908
3 5611 8266 708
3 1879 2866 5379
3 3077 43 3263
3 4053 1455 304
3 3358 2609 5511
3 8216 7964 4263
3 2163 3638 3357
3 7997 2609 2583
3 848 5023 1463
3 6391 5337 8759
3 5294 1805 934
3 5371 5257 7064
3 3665 7726 8367
3 7834 7702 3863
3 7340 656 5449
3 7361 194 1917
3 6439 6992 4381
3 8228 5375 3721
3 7483 2326 8591
3 3394 3425 5646
3 3554 1958 7942
3 6555 2018 3524
3 984 3068 921
3 6010 5377 7000
3 5646 891 7219
3 5377 622 1953
3 5102 5300 6159
3 1550 4682 8100
3 2850 3231 2018
3 833 1657 80
3 7659 407 1188
3 1725 7189 5796
3 2546 404 3341
3 4597 3666 7129
3 1929 4577 7119
3 7647 349 236
3 8567 2764 4680
3 7718 6830 6751
3 4815 1873 8818
3 891 8750 7219
3 3335 7611 4182
3 6830 7718 2934
3 5740 8591 2326
3 7621 68 1374
3 136 2225 5876
3 7413 3061 5876
3 6830 4970 599
3 656 6366 3155
3 7942 5624 3554
3 7895 8802 6447
3 6677 1030 4795
3 3553 6373 3612
3 4154 6011 1005
3 4799 5300 5102
3 8497 951 8361
3 1628 7405 8014
3 5190 5531 2419
3 7181 2363 6224
3 921 3068 7456
3 5314 7834 4631
3 5660 4066 5352
3 759 4066 5660
3 2879 2937 8370
3 5660 2271 3368
3 7548 1037 7307
3 1787 3407 7997
3 282 1544 3819
3 3446 8006 5405
3 7440 3710 1304
3 2087 1642 3109
3 2888 1642 5525
3 3448 1819 3278
3 8254 4808 1407
3 1223 5267 4633
3 1126 5486 1693
3 5938 8104 6698
3 1564 614 3923
3 7191 7163 7434
3 233 8392 1818
3 3394 5646 5556
3 5016 3626 1377
3 2961 7414 3554
3 6357 5213 1030
3 6955 6722 1990
3 1618 5913 3964
3 5556 2116 4520
3 8101 2116 6625
3 2758 8152 1564
3 3609 2988 6240
3 1039 4073 1590
3 5351 1668 8545
3 2988 4795 6992
3 4095 46 649
3 237 8562 7601
3 1179 585 6538
3 5825 3969 5488
3 708 5954 5488
3 105 871 4522
3 5650 5954 7511
3 4539 642 4547
3 8366 6189 3269
3 5108 4942 1251
3 6698 8104 5529
3 4332 8029 6049
3 2461 1518 5722
3 2461 1500 4577
3 24 8679 6215
3 4983 3357 3638
3 6486 712 6005
3 1787 1330 8456
3 7074 8450 1101
3 7320 5843 4839
3 2851 6315 4753
3 3874 4082 5326
3 3422 4631 7834
3 2023 5923 2719
3 6379 4392 3398
3 4539 2087 3109
3 4215 1667 7903
3 5271 1153 8228
3 7642 3729 7124
3 4711 1724 8799
3 5140 3158 6321
3 1603 5371 2225
3 914 8711 7764
3 3265 4325 6173
3 4988 3409 6251
3 1267 14 6423
3 7977 3422 7834
3 165 7108 2697
3 244 5036 4188
3 8257 4629 2517
3 1567 5429 168
3 2870 294 1421
3 5352 4066 759
3 833 404 2546
3 4398 378 1958
3 5825 2693 4822
3 5783 2186 2080
3 6811 5195 2003
3 4144 6482 1657
3 1030 6992 4795
3 7973 7843 297
3 6265 2377 6008
3 238 416 975
3 304 5889 4053
3 8385 3665 6637
3 2522 3923 1296
3 1723 3150 3447
3 6482 3132 4398
3 5677 7962 3285
3 5556 3684 3394
3 3554 8674 2961
3 8104 7440 6722
3 8266 2477 2691
3 3150 233 1818
3 168 1197 7548
3 7090 3150 1723
3 4982 4064 5429
3 3819 7710 545
3 6225 5477 7217
3 3510 3196 3285
3 5837 186 2996
3 4416 1017 3082
3 8446 3789 6487
3 7977 8457 4799
3 6024 3407 2778
3 5511 2563 6962
3 8025 1412 350
3 8450 3631 7737
3 6998 8053 2691
3 8361 5740 8497
3 7834 3863 8186
3 7090 1723 4280
3 5650 8218 6569
3 3182 8196 2339
3 688 6029 5908
3 6992 6439 2988
3 8176 3932 8497
3 622 6912 494
3 7676 2775 6172
3 1030 6698 6357
3 2220 2194 955
3 8356 2705 3175
3 3590 918 4055
3 2219 669 6057
3 6427 6932 7189
3 7986 7181 2163
3 3175 3014 4182
3 8689 6839 512
3 8217 5377 6010
3 7697 6012 7454
3 2450 790 1564
3 5548 6164 7801
3 4384 8217 728
3 1518 4577 1929
3 8598 2879 7463
3 5252 4794 1718
3 2584 4485 2269
3 3059 4198 6556
3 285 1374 2934
3 4009 508 1633
3 5020 1631 4738
3 8181 2209 7487
3 1833 193 4970
3 1336 7899 8090
3 4983 3638 2226
3 2713 1101 8072
3 4466 688 5908
3 4822 4560 3856
3 7601 3174 237
3 7737 3631 7340
3 2644 1620 7802
3 2775 237 3174
3 8497 3932 951
3 7405 661 8014
3 1464 8055 4409
3 8072 951 2713
3 5701 828 5413
3 3296 4003 2768
3 4673 6890 5691
3 6890 6753 5691
3 1494 1057 1841
3 951 8072 8361
3 3398 8147 1837
3 5115 4944 7403
3 7898 4341 746
3 5990 4354 5157
3 3409 7053 3516
3 4911 6386 4957
3 6382 1578 1437
3 5611 2477 8266
3 80 7414 2477
3 8014 3357 4983
3 3059 2718 3955
3 193 5722 6083
3 1777 2226 4711
3 14 7443 6423
3 4332 4186 4976
3 6753 6890 5192
3 5811 7612 2936
3 4253 944 6635
3 142 7837 1553
3 2880 5573 7172
3 6356 5934 1292
3 7463 3011 25
3 2660 4336 2000
3 2917 5176 3387
3 4797 6438 7720
3 8414 2980 199
3 6240 1039 3609
3 6403 4799 5102
3 8087 3729 7642
3 8587 6508 5927
3 5869 1311 1557
3 6625 6008 346
3 3277 6413 1145
3 1305 4253 2484
3 7642 7124 6373
3 7709 8254 1407
3 1305 7348 4332
3 7556 2273 1589
3 2879 4305 2541
3 5101 3461 4842
3 8186 1776 8619
3 2758 1663 6297
3 6791 6555 2078
3 105 3749 3870
3 2327 1845 5415
3 8000 7907 435
3 679 8822 1285
3 4844 576 1449
3 2900 8308 1514
3 663 2838 2169
3 8337 7259 6912
3 1581 3204 1377
3 972 1371 7248
3 712 3622 8649
3 6791 6477 6007
3 5954 5650 5825
3 2000 6358 3646
3 2254 3767 1143
3 6172 3174 6486
3 2781 5077 1931
3 31 1743 3113
3 1150 4073 1039
3 7601 8562 688
3 5908 6029 3631
3 4911 8532 1437
3 2475 8532 4957
3 1929 6610 1518
3 2458 1828 6101
3 8497 2326 2584
3 8117 764 844
3 1905 7345 4485
3 4970 193 4396
3 4466 3631 8450
3 2191 49 7896
3 6485 4930 2502
3 84 791 597
3 559 7312 2269
3 951 3932 2713
3 3955 2461 5722
3 5652 4466 7074
3 734 4106 7798
3 3175 1321 5259
3 5168 2976 8689
3 3789 3548 6487
3 25 7990 7463
3 5669 3157 7374
3 5823 3932 8176
3 8527 91 5645
3 8120 7312 1375
3 2499 4522 4144
3 7511 8053 6182
3 2691 5954 8266
3 6215 3850 3175
3 3761 56 3113
3 6690 6884 2164
3 1430 3509 2316
3 4231 2546 2499
3 4858 2591 7651
3 7987 7051 7197
3 6306 6892 3111
3 8101 3664 1958
3 3111 6892 7367
3 58 6358 4336
3 5583 6196 3321
3 4388 106 7108
3 6008 2116 6265
3 2767 384 6064
3 8640 5367 3240
3 6072 1487 7552
3 6954 3826 1442
3 4393 4804 4671
3 1665 6785 3710
3 3612 5933 3553
3 8682 3612 3729
3 7504 1082 7657
3 6767 4062 358
3 4381 6992 1030
3 5801 3572 3464
3 7968 1145 8140
3 25 3011 3854
3 2935 7837 7968
3 2831 3447 5406
3 2809 7837 697
3 2831 696 244
3 3277 8006 3446
3 1267 8058 6834
3 1457 1275 1395
3 5214 58 993
3 1367 2976 5168
3 7997 3407 2609
3 4336 6358 2000
3 7659 6240 6439
3 2211 1170 4094
3 7907 622 6721
3 7090 5162 8637
3 7709 2767 8244
3 7642 7099 8254
3 6721 2378 4380
3 1017 5772 5771
3 4036 3294 6494
3 3323 7798 6509
3 3174 6172 2775
3 8176 8497 2584
3 439 2496 3074
3 2691 8053 7511
3 5310 6356 2471
3 6937 5572 1455
3 6172 4560 7676
3 8072 8450 8361
3 2584 2269 7312
3 7772 7965 5548
3 669 2554 6057
3 4005 1653 435
3 3405 8356 3850
3 2226 3638 6224
3 1518 6610 6083
3 6831 1756 1517
3 6514 8653 2300
3 1500 7119 4577
3 8799 1724 5267
3 1628 4983 6071
3 1915 4611 7765
3 1934 1993 6568
3 6315 1856 4753
3 2851 5893 998
3 80 2476 7414
3 6832 2203 6331
3 3407 3548 2206
3 4280 2831 244
3 3517 567 1394
3 708 2546 3341
3 1188 6240 7659
3 3536 707 1835
3 8598 2937 2879
3 7155 6884 6690
3 2499 2546 708
3 4231 833 2546
3 8409 7641 3111
3 6532 5933 1770
3 4384 8351 622
3 7124 3612 6373
3 5019 2925 3553
3 6358 5530 3646
3 2514 5587 6381
3 6449 5214 993
3 5594 5019 8360
3 4398 3554 2891
3 1198 3583 1820
3 6394 6024 372
3 7702 7834 5314
3 3489 6982 6119
3 5405 2809 697
3 6030 7977 7834
3 18 3240 4999
3 4520 3684 5556
3 3447 4280 1723
3 6625 3664 8101
3 2353 7338 3513
3 5934 6921 1292
3 4449 5240 8101
3 1874 1305 6481
3 4381 7036 407
3 7414 2691 2477
3 5650 6569 5698
3 4984 4449 378
3 8136 2428 374
3 3341 2477 5611
3 1086 7987 740
3 1237 5957 2759
3 4858 4364 7250
3 2517 4629 6203
3 3341 5611 708
3 7879 3969 3678
3 6349 4988 483
3 4930 844 2137
3 282 3819 6413
3 2809 5405 1145
3 8137 2423 5311
3 4280 244 3161
3 5429 4064 168
3 5503 4680 3876
3 244 696 5036
3 2206 5511 2609
3 7849 7858 7264
3 4560 4822 5698
3 4548 4758 2121
3 7286 7250 4364
3 2000 3646 2660
3 5698 6569 7676
3 4533 3749 7211
3 719 2514 6381
3 6538 8315 2169
3 3111 7641 6884
3 4900 452 5784
3 5938 8131 1665
3 407 6040 8564
3 3712 770 8564
3 2660 3082 4336
3 6721 2781 6761
3 6358 6699 5530
3 6625 2116 6008
3 5529 8104 8393
3 790 1272 3040
3 7074 4466 8450
3 1246 6956 3307
3 5823 2584 8120
3 2713 3932 5823
3 8284 5527 3650
3 3174 7601 4466
3 2463 517 672
3 7896 1667 4215
3 2078 6477 6791
3 8234 6558 3101
3 5016 2969 5757
3 1150 3089 1590
3 7487 6007 8181
3 1150 25 3854
3 3854 3089 1150
3 3014 3335 4182
3 3850 6215 3405
3 4182 5305 1321
3 7199 8239 2067
3 3854 3011 3089
3 6215 5259 24
3 1931 5077 6715
3 4738 7010 7181
3 761 8304 2327
3 2583 7164 286
3 8192 629 761
3 402 286 7164
3 5102 5594 4854
3 372 2112 7387
3 4231 4144 833
3 5525 1642 3526
3 8360 4900 7982
3 528 2714 559
3 3557 5240 6419
3 3612 7124 3729
3 708 8266 5954
3 7633 2211 4153
3 5405 8006 3277
3 4457 5401 2146
3 2804 8802 7895
3 3277 282 6413
3 1700 7990 25
3 3150 1818 3447
3 5016 4892 3626
3 4154 7345 2705
3 940 7996 6225
3 8637 3150 7090
3 1833 5722 193
3 12 3890 405
3 5430 2625 6944
3 8058 1267 3609
3 4336 3082 58
3 1184 8459 1547
3 5065 858 1613
3 5757 4892 5016
3 4182 1321 3175
3 8156 6462 2017
3 6698 6677 5938
3 993 8459 6449
3 1756 72 1517
3 3307 7494 1246
3 4466 5652 3174
3 6172 6486 6005
3 597 791 5006
3 701 5815 106
3 8649 6005 712
3 3534 5913 2898
3 7680 3398 4056
3 5815 2599 106
3 5062 993 5771
3 8527 8378 3228
3 619 8295 4633
3 2996 3594 4331
3 3405 6215 8679
3 1188 1897 770
3 7802 1620 1915
3 2226 6224 4711
3 669 5645 3157
3 6083 4396 193
3 1101 8391 8147
3 7718 285 2934
3 5954 2691 7511
3 5488 5954 5825
3 3352 3546 2574
3 1449 6830 5441
3 6569 886 688
3 1924 7412 1578
3 1578 7412 695
3 8360 719 5199
3 8429 8765 8457
3 2693 5127 5698
3 3441 3214 6950
3 6024 6394 6487
3 168 8096 1197
3 2206 3548 3789
3 4176 5337 6391
3 3028 18 238
3 3516 2072 6251
3 7119 7647 4794
3 5488 7879 708
3 1649 6421 3964
3 2718 6556 5592
3 5257 1199 6388
3 4798 769 3789
3 8446 4520 8369
3 2891 3554 2476
3 1869 2747 962
3 1949 7250 7260
3 4704 3100 5206
3 8257 335 740
3 7552 3826 6954
3 3102 3450 1230
3 6324 8101 1958
3 5817 6296 4642
3 7082 909 1831
3 6884 7155 6560
3 7676 4560 5698
3 2663 7962 5677
3 884 1553 7837
3 1145 6413 8140
3 3161 7090 4280
3 7460 7218 7609
3 3510 7916 3196
3 3450 3340 1465
3 623 2371 5058
3 1178 546 5728
3 4453 1547 6294
3 1958 3664 7942
3 791 84 1184
3 933 6011 7618
3 5974 3527 1121
3 238 4550 5957
3 3170 1905 4485
3 2511 1781 1186
3 58 5214 6358
3 4379 5069 4707
3 8147 6486 5652
3 2191 4825 49
3 1101 6142 1837
3 4795 3369 6677
3 3087 6275 6049
3 2226 5669 6071
3 7374 5548 6071
3 3157 5669 2226
3 5883 8207 8069
3 770 1150 1188
3 4533 3856 1388
3 2693 5698 4822
3 4903 7059 4482
3 3011 5923 2023
3 5698 5127 5650
3 8598 1700 1889
3 3307 5365 181
3 1449 576 6751
3 8582 1962 1872
3 1375 7312 559
3 6569 8218 4237
3 4786 1246 1582
3 4449 8101 6324
3 5216 3535 5720
3 8368 4176 2053
3 1657 2891 2476
3 8288 3227 5174
3 2053 286 402
3 6586 3122 4076
3 719 6381 5199
3 330 6299 2484
3 2349 6879 2888
3 2781 1931 5110
3 1924 1936 3952
3 7110 2895 2338
3 5748 4262 141
3 6879 8682 8244
3 8682 1770 3612
3 2718 1885 2461
3 1833 8333 3955
3 3876 2206 3789
3 6751 1180 285
3 6958 1007 1994
3 1374 68 1833
3 6974 7987 7197
3 24 4460 1620
3 6684 6356 8060
3 4353 8369 3557
3 2226 1777 3157
3 3384 2939 4322
3 740 7987 6974
3 5863 1927 7403
3 4799 8765 3023
3 7851 652 4944
3 4839 5326 5893
3 4155 845 4006
3 7046 3975 6136
3 712 589 3398
3 1179 4692 585
3 6005 8501 6172
3 993 3082 5771
3 1487 2334 3826
3 4571 5187 6881
3 7772 7374 3157
3 1041 6915 3691
3 5062 8459 993
3 5771 3082 1017
3 1158 2640 3388
3 8564 1897 1188
3 6450 8458 4381
3 6010 1589 2273
3 5006 791 1898
3 185 618 1840
3 3856 4533 4822
3 297 3362 4812
3 6240 2988 6439
3 3464 2331 8740
3 5821 5137 7042
3 6086 6473 7974
3 5401 7552 2331
3 4768 5586 574
3 697 2830 5405
3 1553 5063 142
3 1590 6834 8058
3 7008 1596 6555
3 6483 7618 4898
3 6101 4957 2491
3 7461 7504 7657
3 2326 3170 4485
3 3691 105 1041
3 1644 7976 1178
3 7651 4364 4858
3 2547 1743 31
3 2671 7456 8187
3 8403 5236 2091
3 1037 7702 5583
3 8267 5801 3908
3 416 238 6768
3 7250 909 7260
3 4398 4094 378
3 5240 2116 8101
3 5340 3695 3203
3 697 7837 142
3 1553 33 5063
3 1819 8393 3278
3 7345 1634 2705
3 3969 5825 4822
3 2644 757 8679
3 5137 5085 379
3 3646 8637 2660
3 7601 688 4466
3 1835 707 1953
3 5365 6956 7680
3 181 8120 3307
3 6975 21 4689
3 669 8378 8527
3 5662 8799 6730
3 2714 7494 3307
3 8147 8391 1837
3 181 5365 6142
3 3967 6769 1920
3 108 6040 407
3 517 1129 3069
3 1180 6751 2659
3 2906 972 968
3 4381 5213 6450
3 109 8459 84
3 7362 3322 4240
3 4822 4533 3969
3 5825 5650 2693
3 2051 5062 5772
3 25 4825 2191
3 2781 6721 494
3 8562 237 2775
3 4577 1518 2461
3 6751 576 4844
3 3860 1465 5582
3 8181 6007 6477
3 3097 4037 7858
3 6371 6482 4144
3 4854 6403 5102
3 2697 7108 2599
3 7164 3358 5511
3 1657 833 4144
3 2373 8008 8344
3 7548 1197 1037
3 4449 6324 378
3 2748 4353 2864
3 2747 1567 7548
3 3241 4002 2939
3 4256 6149 2764
3 5503 769 629
3 1958 3554 4398
3 3405 4551 7618
3 7552 5401 6072
3 6382 2912 113
3 8011 1609 52
3 739 4957 580
3 8369 5240 3557
3 563 2146 1988
3 2935 8140 563
3 4354 1284 2207
3 8281 244 4188
3 6419 1912 3206
3 8173 1208 3177
3 6256 1005 6011
3 7915 1700 1904
3 3102 5167 3450
3 1660 7575 1936
3 2554 5662 512
3 7896 7878 2191
3 3059 68 8264
3 7633 5821 1170
3 3082 993 58
3 8370 4305 2879
3 8264 68 3376
3 5772 5062 5771
3 2755 661 914
3 6142 2713 181
3 5136 4378 7515
3 3157 5645 91
3 7405 5548 7801
3 1039 8058 3609
3 3157 8790 669
3 8156 7506 8271
3 7965 6164 5548
3 3433 4844 5758
3 2654 2318 2702
3 3082 1943 4416
3 31 7507 2547
3 3969 7211 4522
3 7838 819 416
3 3432 1889 7915
3 1017 7076 6294
3 3536 1589 7000
3 8639 4789 3297
3 1543 6778 675
3 8459 5171 84
3 4896 1388 4560
3 2316 3509 6018
3 4533 7211 3969
3 5573 5132 7172
3 8458 108 7036
3 712 6486 8147
3 6295 7362 7705
3 4560 1388 3856
3 4409 8055 566
3 3855 5232 7705
3 3855 2464 3607
3 1122 2682 2373
3 6176 8087 8254
3 5822 6306 7517
3 3789 769 5503
3 2327 8567 761
3 4520 2116 5240
3 3589 8802 2804
3 7137 3968 2674
3 2682 2063 6553
3 6487 3548 6024
3 7651 3111 7367
3 4883 1493 3241
3 1035 4580 7787
3 4457 3993 563
3 7053 3409 6393
3 4854 5314 4631
3 2295 4252 8647
3 8140 545 4457
3 4094 3279 4984
3 1988 7974 6473
3 697 142 5037
3 5896 2474 3294
3 4353 629 4798
3 6631 4416 5162
3 3176 3984 1916
3 8011 1115 4874
3 3052 1633 2644
3 3398 4392 712
3 4214 8132 4597
3 1882 7589 3508
3 3398 1837 4056
3 6631 6804 268
3 3128 2640 4453
3 4056 6142 5365
3 4076 4529 7348
3 2269 7345 1005
3 8459 5062 2051
3 1917 3556 2666
3 1898 791 1638
3 5485 7754 1041
3 1633 8411 757
3 559 1005 6256
3 7772 3157 91
3 8073 2291 871
3 7903 1667 7896
3 7361 7976 1596
3 6388 2722 5257
3 8689 6730 7454
3 1904 1700 25
3 1184 5171 8459
3 108 3712 8564
3 7556 1557 2273
3 4843 1448 5757
3 840 4844 3433
3 2975 448 3508
3 49 4825 1150
3 4393 1192 4240
3 5597 2817 4876
3 4957 6386 2491
3 3887 840 3433
3 2220 955 7421
3 4560 6172 8501
3 6721 6761 2378
3 3556 6368 2017
3 7879 2499 708
3 7250 1949 6203
3 7517 6306 6560
3 7007 1021 3209
3 4642 8826 5817
3 2026 3500 7128
3 7527 452 4900
3 484 4673 3975
3 1564 6669 2450
3 4631 3422 6403
3 7858 974 7264
3 2370 2312 1272
3 7109 3976 2063
3 8344 3526 1642
3 4457 545 6072
3 88 6527 1624
3 1394 1492 3517
3 5545 4424 4130
3 378 4094 4984
3 7090 6631 5162
3 1912 3279 3206
3 4094 3132 2211
3 7042 3102 5821
3 5995 7536 5174
3 1927 8747 7604
3 7486 4186 4332
3 629 769 4798
3 2190 1015 6823
3 7976 546 1178
3 543 5523 5167
3 2817 7657 4876
3 6514 1406 8081
3 3814 6837 5086
3 5893 5326 7851
3 5115 7604 585
3 1388 3749 4533
3 2209 8181 4756
3 7676 8562 2775
3 4288 6919 5101
3 3822 258 7001
3 4976 4186 1811
3 3644 6791 6007
3 2169 1856 6315
3 4976 1811 662
3 1644 8168 7976
3 1150 6240 1188
3 1644 6477 8168
3 8707 7445 4971
3 808 5761 7964
3 84 5171 1184
3 3398 589 8147
3 4898 4469 6483
3 7515 3527 5136
3 2640 1158 8631
3 707 5377 1953
3 512 6730 8689
3 8356 3175 3850
3 1547 5684 1184
3 7036 4381 8458
3 1936 7575 6975
3 8545 1668 1
3 7438 2951 3598
3 4430 7978 850
3 3432 2969 5016
3 528 6420 7343
3 528 933 6483
3 8120 181 5823
3 2812 5049 3383
3 6881 7046 4571
3 6956 3398 7680
3 6142 1101 2713
3 1567 2747 1869
3 3464 3572 2331
3 210 3516 7053
3 1517 1948 6831
3 8257 2591 4629
3 3590 6904 1884
3 5257 2722 8055
3 4522 871 4144
3 4642 6296 2517
3 5363 5314 4854
3 563 8140 4457
3 8680 4883 3241
3 3585 7517 4322
3 5063 5037 142
3 7120 3984 33
3 4189 5037 5063
3 5857 7218 7460
3 2663 5889 7582
3 8280 5063 33
3 8639 1277 3677
3 8368 8759 5337
3 5894 5880 7203
3 5895 5275 7609
3 5728 3959 3107
3 2076 7361 7605
3 1837 8391 1101
3 1914 661 7405
3 983 3518 2356
3 8527 5645 669
3 8527 7965 91
3 8689 2976 4617
3 3952 5349 7390
3 2583 2536 7997
3 4006 845 8649
3 8564 1188 407
3 1912 4984 3279
3 6379 4006 6525
3 8564 6040 108
3 8147 589 712
3 3967 3512 7409
3 7076 3128 4453
3 4453 5684 1547
3 4409 5132 1464
3 8369 4798 8446
3 1170 2211 7633
3 2975 5183 3392
3 4616 44 7192
3 1829 2439 8617
3 3128 6804 388
3 6715 5110 1931
3 4244 675 201
3 4560 8501 4896
3 6379 4367 6602
3 7903 7896 49
3 3321 1241 4512
3 6371 5137 6482
3 5365 7680 4056
3 5130 3161 8281
3 3161 5130 7153
3 4629 2591 4858
3 8344 2087 8367
3 4176 2536 2583
3 5652 1101 8147
3 808 7964 5589
3 4547 8020 8242
3 5010 6462 8156
3 5817 8826 6954
3 6446 7152 8075
3 1005 7345 4154
3 559 2269 1005
3 5522 7046 41
3 2583 286 2053
3 3109 642 4539
3 5132 5787 1464
3 3441 3321 3214
3 4198 3059 8264
3 642 3109 2888
3 770 1897 8564
3 5511 6149 4256
3 4970 2934 1833
3 5189 8323 5430
3 3712 7903 49
3 3518 724 7904
3 4825 25 1150
3 8284 6757 1582
3 933 6256 6011
3 2097 4234 4215
3 3712 108 4215
3 8378 2408 6033
3 6956 5365 3307
3 7702 5314 5583
3 770 49 1150
3 4215 4234 7878
3 7352 3795 8216
3 5521 7352 6349
3 597 109 84
3 6382 1437 2912
3 7463 7990 1700
3 2583 2609 3358
3 4094 4398 3132
3 2727 1230 3279
3 497 1021 6903
3 6196 4192 1241
3 4680 2764 3876
3 3789 8446 4798
3 427 7556 5654
3 8680 3968 7137
3 285 7718 6751
3 8369 4520 5240
3 8351 728 6912
3 3860 2864 6419
3 1547 8459 6294
3 80 404 833
3 3677 1277 2291
3 2291 1143 6371
3 4322 2939 3585
3 6915 3677 8073
3 2254 2598 3767
3 740 6974 7651
3 2958 7128 1537
3 3983 1624 303
3 7332 1638 5668
3 7211 105 4522
3 2640 3128 388
3 1208 3985 3177
3 407 7036 108
3 5006 1898 4216
3 7211 3749 105
3 1205 5323 816
3 1499 5340 1272
3 7421 8095 2812
3 49 770 3712
3 3749 1388 3870
3 7348 4529 8029
3 6556 2718 3059
3 8631 4543 2654
3 1499 790 2450
3 4215 7878 7896
3 6486 3174 5652
3 3876 3789 5503
3 8117 5277 764
3 7700 6867 7876
3 1109 2450 819
3 83 4941 1146
3 2220 7421 3383
3 512 6839 550
3 4896 8501 6005
3 1777 5662 2554
3 1373 5125 5784
3 388 6074 3388
3 2130 1251 5864
3 4944 998 7851
3 4549 1112 1183
3 7716 4151 5853
3 2682 8008 2373
3 7915 1904 1829
3 6379 6525 712
3 3560 3028 975
3 712 4392 6379
3 6525 3622 712
3 1889 1700 7915
3 2644 5158 1620
3 6483 6420 528
3 3113 2317 31
3 6379 3398 4367
3 1374 8677 7621
3 3376 7621 8677
3 7454 6012 5654
3 7537 2900 2019
3 6419 3206 1230
3 7362 8338 7705
3 4153 6482 7633
3 3307 1375 2714
3 2542 8237 946
3 8753 5915 6750
3 3322 4804 4393
3 3536 7000 707
3 2864 3557 6419
3 6950 5160 3441
3 7507 31 6528
3 2464 3112 55
3 1912 4449 4984
3 4186 7674 1811
3 5199 5594 8360
3 7307 5160 6950
3 8360 5933 8480
3 5199 4854 5594
3 3214 4512 3541
3 1170 2727 3279
3 7827 5167 3102
3 8120 2584 7312
3 3984 2568 33
3 7249 1988 6473
3 7931 3706 7514
3 4192 6196 5583
3 4154 3405 7618
3 5815 1791 5195
3 3955 8333 3059
3 6796 7815 4670
3 3279 4094 1170
3 4078 4865 7409
3 3709 2170 1041
3 8192 5503 629
3 8414 7164 6962
3 3405 4154 8356
3 5144 6163 2003
3 1184 683 791
3 165 2697 2003
3 695 5110 1578
3 5525 2349 2888
3 304 6163 5889
3 7582 4331 2663
3 48 8121 2006
3 3383 8545 4078
3 6602 4367 4786
3 757 8411 4551
3 6532 7264 8480
3 4756 1178 2209
3 4006 6379 6602
3 4786 4367 1246
3 5653 4595 331
3 1904 25 2191
3 4203 4550 3959
3 1620 4460 5021
3 8304 4353 2748
3 4314 8099 3650
3 8504 6331 2203
3 2206 2609 3407
3 1920 2912 580
3 6034 3052 3229
3 739 1437 2475
3 5385 3899 5121
3 1596 7976 2078
3 62 5848 8117
3 6769 113 2912
3 2219 8378 669
3 6203 2958 2517
3 8677 2659 8582
3 6482 4398 1657
3 7815 8426 4707
3 8073 3677 2291
3 6294 8459 2051
3 3572 5801 1722
3 5801 1537 3500
3 8095 7421 955
3 1406 3376 8677
3 5162 2660 8637
3 6203 4629 7250
3 5168 7454 1835
3 1829 182 3432
3 2598 5085 5137
3 4153 3132 6482
3 7968 8140 2935
3 3153 7670 6751
3 2674 962 7137
3 6751 4844 840
3 5016 2937 8598
3 7307 1037 5160
3 7898 952 6500
3 871 105 3691
3 7128 1949 2026
3 3361 3097 7536
3 6258 2141 488
3 6560 7155 3384
3 2063 1122 7109
3 8768 1277 8639
3 2964 8660 3667
3 6206 4166 328
3 962 7307 7137
3 7286 3585 1831
3 5587 5363 4854
3 7858 6879 5716
3 6879 2349 5716
3 8480 5933 6532
3 2764 6149 5511
3 7119 1500 2194
3 2574 3546 7255
3 3709 5896 3294
3 3161 244 8281
3 8304 629 4353
3 8576 2640 8631
3 4896 3709 3870
3 1889 5016 8598
3 7878 4234 2097
3 4215 108 596
3 3752 1688 4123
3 1728 7974 2146
3 401 6914 493
3 2211 3132 4153
3 6836 5937 2667
3 2559 6862 2097
3 2868 1762 3417
3 4436 6033 2408
3 3228 7965 8527
3 6034 4009 3052
3 5430 1625 701
3 8649 5532 5218
3 6256 528 559
3 3288 4745 623
3 513 4443 5229
3 4378 929 4436
3 4613 2219 6057
3 2657 6602 720
3 4216 3076 2560
3 4252 260 1533
3 7633 6482 5137
3 2499 3678 4522
3 5340 3203 1272
3 3026 6975 6876
3 3899 7447 3651
3 1044 4006 2657
3 5137 6371 1143
3 1246 7494 2714
3 4367 3398 6956
3 6915 8073 3691
3 24 5259 5305
3 328 4166 2254
3 3870 1388 4896
3 2383 763 6565
3 3887 6751 840
3 2225 3740 8625
3 7264 974 452
3 1373 5784 974
3 528 6256 933
3 7343 6420 6483
3 3294 4036 6798
3 8543 2514 984
3 3709 852 6111
3 4341 3103 746
3 2951 1183 1112
3 4896 6005 2474
3 4316 797 6111
3 3767 2598 5137
3 4189 5063 8280
3 4130 7249 5545
3 2568 8280 33
3 6419 1230 3860
3 5511 2206 3876
3 8414 8368 402
3 4868 5010 8132
3 7164 1273 402
3 1845 5524 4232
3 7042 379 7827
3 5913 7988 2898
3 6750 543 5712
3 5974 1121 2219
3 5592 1885 2718
3 7786 339 3103
3 7119 3867 1929
3 3153 3887 183
3 669 8790 2554
3 2517 6296 5817
3 2097 6862 7878
3 2254 8768 328
3 7907 6721 4380
3 3682 3489 6119
3 6954 7828 5817
3 4380 2378 8710
3 6371 871 2291
3 5110 6715 1578
3 3677 4789 8639
3 545 1487 6072
3 871 6371 4144
3 3088 4140 7332
3 4216 597 5006
3 3088 7077 1344
3 1638 2702 5668
3 2560 2098 4216
3 8172 3176 2242
3 6421 8517 1618
3 1512 8542 1941
3 5511 3876 2764
3 751 6020 4429
3 7905 380 1558
3 7537 8308 2900
3 3951 1512 585
3 8315 6538 8542
3 4885 8602 8292
3 3297 4789 6915
3 871 3691 8073
3 5415 4256 2764
3 7674 7477 847
3 3543 8304 8336
3 1696 6769 1127
3 6189 7376 5432
3 1143 2291 1277
3 1924 6382 113
3 7753 3340 5167
3 7264 8360 8480
3 2194 2220 3512
3 1927 5115 7403
3 7982 719 8360
3 7953 3892 651
3 3384 962 2674
3 4056 1837 6142
3 5527 7343 270
3 4453 2640 8576
3 3052 2644 7802
3 3456 1978 6276
3 7515 1121 3527
3 4388 7108 8026
3 2657 4006 6602
3 7199 1469 8239
3 720 2951 1112
3 2219 7515 175
3 8493 2715 6689
3 6862 1904 7878
3 1638 791 2702
3 2069 8025 350
3 2439 1904 6862
3 179 2763 5690
3 3615 8317 4205
3 6757 8099 7438
3 1044 2657 720
3 6751 7670 2659
3 1370 7335 4927
3 5687 2189 179
3 2666 4868 4395
3 7470 3628 8554
3 8267 3908 7689
3 8556 7024 8618
3 7247 7612 5811
3 7612 3914 2936
3 7409 4865 7488
3 7316 4745 5180
3 4898 7618 4551
3 3598 2951 720
3 1916 2242 3176
3 6938 5881 1597
3 8000 1367 1953
3 2184 7263 1024
3 5137 1143 3767
3 1184 8576 3408
3 604 7536 3097
3 5085 2598 2254
3 8239 4595 2067
3 1123 8414 199
3 8368 5337 4176
3 6701 6035 5849
3 1178 4420 2209
3 2254 1143 8768
3 8637 233 3150
3 1943 3082 2660
3 7332 7077 3088
3 8647 6804 6631
3 5160 1037 3441
3 7903 3712 4215
3 8360 5019 5933
3 2331 4727 4642
3 8368 8414 1123
3 5417 4342 2715
3 8617 2439 6862
3 2209 4420 5728
3 998 4944 4692
3 563 3993 2146
3 5933 3612 1770
3 3321 6196 1241
3 8081 8677 1872
3 3824 1845 2327
3 8567 5503 8192
3 8649 3622 6525
3 3340 3450 5167
3 1558 4212 7905
3 1375 3307 8120
3 1041 3297 6915
3 2727 1170 3102
3 1063 7049 3200
3 3678 2499 7879
3 4006 4549 4155
3 2908 175 7515
3 8307 6205 4976
3 7753 5915 7457
3 4613 512 550
3 6011 4154 7618
3 6033 3228 8378
3 1230 3206 3279
3 5137 379 7042
3 5974 4613 550
3 4482 4378 5136
3 512 5662 6730
3 967 8555 8617
3 6165 5270 7955
3 4155 5532 8649
3 183 3887 3433
3 1246 4367 6956
3 4166 6206 1232
3 7827 3102 7042
3 4512 3214 3321
3 3208 7754 4701
3 268 6804 1017
3 5583 5314 5363
3 2654 4543 3392
3 4854 5199 6381
3 7164 2583 3358
3 6210 1251 2130
3 1285 2244 4860
3 7837 2935 7249
3 884 7120 33
3 3297 328 8639
3 7815 3740 5371
3 8088 4802 4190
3 7837 2809 7968
3 4130 4424 1916
3 3797 8156 8271
3 3447 2831 4280
3 1465 1230 3450
3 8680 3241 2674
3 8654 2069 6100
3 7517 6560 4322
3 6750 5736 7150
3 6950 3214 3541
3 4930 6485 62
3 4657 3015 6876
3 1660 1696 1127
3 4736 2435 2496
3 1021 3618 3209
3 2137 2370 3203
3 2474 6005 8649
3 5592 6556 955
3 1653 5316 1367
3 1183 1398 4155
3 7087 959 7627
3 1546 3200 8365
3 2453 1344 7077
3 4216 1898 4140
3 7343 2361 270
3 1633 4469 4898
3 714 4308 1142
3 4503 8793 6514
3 720 6602 4786
3 3437 1398 1183
3 580 4957 1828
3 2702 683 1184
3 7023 182 1829
3 7951 1872 754
3 1829 1904 2439
3 4144 4231 2499
3 757 3405 8679
3 6057 2554 4613
3 7247 3153 183
3 8556 972 7024
3 1367 2685 1953
3 5085 2254 4166
3 1602 1570 742
3 5849 6035 7499
3 33 1553 884
3 1373 8187 7982
3 452 7527 7264
3 2569 3985 1208
3 604 7858 6553
3 7286 1831 909
3 7367 6306 5822
3 4745 3437 3189
3 4798 8369 4353
3 2864 8336 2748
3 844 2370 2137
3 2146 3993 4457
3 1465 3340 5582
3 8288 6402 1775
3 3189 5180 4745
3 4240 3322 4393
3 3102 1170 5821
3 5067 7095 5799
3 435 4380 4005
3 5532 6494 5218
3 7390 513 1332
3 4095 1662 2233
3 2361 4469 270
3 3322 6295 8282
3 1507 2464 55
3 2450 6669 5362
3 1794 8548 2597
3 975 5362 7549
3 7438 3598 6757
3 2318 5668 2702
3 7782 3288 8365
3 7553 1794 6897
3 4896 2474 5896
3 1898 1638 7332
3 8631 7318 2702
3 3512 3967 1828
3 1539 6485 5858
3 1344 2453 2560
3 4551 3405 757
3 8795 3141 5678
3 5136 3527 3083
3 5592 955 1500
3 175 2408 8378
3 4927 3914 1370
3 2534 5780 7698
3 2560 2453 2906
3 2560 3076 4140
3 3408 2702 1184
3 791 683 2702
3 972 7248 7024
3 4802 2 3721
3 2318 2654 8754
3 968 972 8556
3 5716 2682 6553
3 2551 2240 8243
3 4497 2242 455
3 1208 5130 2569
3 7153 7157 7266
3 8141 2987 2240
3 1770 6879 7849
3 8687 4595 8239
3 984 4192 8543
3 4125 2338 2895
3 3321 3441 5583
3 4227 3227 8288
3 7128 6203 1949
3 2674 3968 8680
3 2697 2599 6811
3 909 7250 7286
3 7705 5515 6295
3 376 5197 1948
3 639 350 4972
3 5572 1413 7108
3 6750 5712 6107
3 8629 8132 5010
3 2159 1681 3070
3 6086 4960 5545
3 7974 1728 4960
3 7064 1488 2081
3 1917 7605 7361
3 955 6556 8095
3 3677 6915 4789
3 3870 1041 105
3 5076 4595 8687
3 1924 113 6769
3 3059 8333 1833
3 4316 2626 3900
3 649 46 4427
3 5690 5687 179
3 720 1112 4549
3 6483 933 7618
3 1872 7951 8081
3 528 7343 5527
3 6751 3887 3153
3 8284 8099 6757
3 3527 5974 550
3 3083 3899 3651
3 550 5385 5121
3 508 7904 724
3 3515 8636 2453
3 1865 2507 8629
3 1232 5085 4166
3 4613 2554 512
3 4900 5125 1373
3 2980 2895 7110
3 2087 8242 6637
3 5328 2286 4151
3 3361 974 3097
3 5363 5587 8543
3 7271 4655 307
3 4203 1469 7199
3 5485 2170 3709
3 6750 5523 543
3 2987 1029 5736
3 4745 3288 3437
3 4315 2262 6119
3 4638 4599 6709
3 4002 3241 5225
3 2951 7438 5180
3 5076 8687 546
3 1582 2714 8284
3 4745 7316 4314
3 1582 6757 4786
3 5787 5257 1464
3 4353 3557 2864
3 5582 7457 3860
3 1499 8784 3695
3 2714 1375 559
3 3739 7437 7432
3 6962 7164 5511
3 7438 8099 7316
3 5311 2423 5382
3 4314 7316 8099
3 4252 2295 260
3 8336 7457 3543
3 5582 7753 7457
3 4858 7250 4629
3 5833 2076 7605
3 7858 4037 974
3 2682 3526 8008
3 5415 8567 2327
3 5712 543 5167
3 622 494 6721
3 6804 3128 1017
3 7457 2864 3860
3 1 1668 5678
3 5708 7428 2488
3 8740 2331 4642
3 4903 8810 7059
3 1370 3914 7612
3 2936 8582 5811
3 2659 7670 3153
3 7023 1829 8617
3 175 8378 2219
3 4436 2408 2908
3 4707 5069 1474
3 6730 8799 7454
3 7807 1649 3534
3 7120 4130 1916
3 1597 1756 6831
3 4352 5262 1690
3 1143 1277 8768
3 6635 2484 4253
3 7536 2355 3361
3 7264 6532 7849
3 1840 7807 185
3 2355 974 3361
3 5583 5363 4192
3 8243 2240 2987
3 7457 3074 3543
3 921 1046 3541
3 4322 6560 3384
3 5582 3340 7753
3 1232 6206 2551
3 3297 1041 7754
3 3585 2939 4002
3 8721 6895 6405
3 2980 8414 2563
3 5523 5915 7753
3 7754 797 7271
3 6405 328 8721
3 8338 3855 7705
3 1041 3870 3709
3 7016 4474 7137
3 1756 3005 72
3 2958 8740 2517
3 6695 1468 2241
3 7402 7953 5864
3 8187 1373 2671
3 3572 2146 5401
3 1582 1246 2714
3 3294 6798 8171
3 6473 5545 7249
3 6750 7150 8753
3 6871 5323 1205
3 817 4497 455
3 1347 215 6120
3 270 2558 5527
3 679 4373 7501
3 4437 7904 508
3 4436 2908 4378
3 2210 270 2205
3 2223 4249 8475
3 651 7852 1619
3 1127 7488 1660
3 1041 2170 5485
3 7077 7332 6540
3 5218 2474 8649
3 550 4617 5385
3 6966 8754 8258
3 4927 7335 6823
3 8677 285 1180
3 7409 3512 4078
3 3556 5010 4868
3 6556 2812 8095
3 1500 2461 5592
3 2560 3088 1344
3 2219 4613 5974
3 8649 6525 4006
3 1398 7782 8365
3 3598 720 4786
3 4140 3076 4216
3 2951 3189 1183
3 8597 4636 6019
3 21 3026 3015
3 4617 550 8689
3 7497 6788 2022
3 3952 7412 1924
3 4549 1183 4155
3 8754 2915 2318
3 5115 4692 4944
3 7185 5313 585
3 4753 5893 2851
3 2906 2453 8636
3 5811 3153 7247
3 5196 1874 8307
3 585 7604 7185
3 2900 2169 2019
3 8315 2019 2169
3 1941 585 1512
3 5527 8284 2714
3 2718 2461 3955
3 1833 2934 1374
3 1406 2300 8264
3 1828 7119 2194
3 4701 8721 3208
3 4140 1898 7332
3 2581 7904 5910
3 5889 6163 5144
3 4701 7271 307
3 1539 5622 672
3 4323 454 46
3 5677 5894 7203
3 1690 5712 5085
3 328 8768 8639
3 3392 1155 2654
3 8338 2464 3855
3 1543 675 882
3 7399 5201 4227
3 5788 6945 882
3 34 4072 3093
3 4006 1044 4549
3 5532 4155 1398
3 8649 845 4155
3 7060 5910 4483
3 5308 7310 1626
3 546 7976 2794
3 8026 2070 4285
3 3203 3695 4956
3 2517 8740 4642
3 6107 1690 5262
3 5821 7633 5137
3 4352 5085 1232
3 4350 7689 8444
3 2906 968 2560
3 5712 379 5085
3 6405 2551 328
3 7266 4391 7153
3 5323 6871 6027
3 2242 4497 8172
3 1690 5085 4352
3 7754 3208 3297
3 1865 1687 2532
3 2685 1835 1953
3 4701 7754 7271
3 3434 1999 7422
3 4548 8680 4474
3 4701 307 8721
3 3709 4896 5896
3 6769 3967 1127
3 7064 5787 1488
3 2094 1496 2760
3 8304 3824 2327
3 7064 5257 5787
3 3797 8654 1865
3 2361 6483 4469
3 4956 2137 3203
3 955 2194 1500
3 8213 2736 5628
3 4898 4551 8411
3 7438 7316 5180
3 3500 6258 8444
3 3720 2184 6831
3 3824 8304 3543
3 3093 6972 3275
3 4616 2915 6966
3 8821 3785 819
3 2560 4140 3088
3 3618 4356 3209
3 3860 1230 1465
3 4960 6086 7974
3 7129 293 57
3 2908 2408 175
3 3572 5401 2331
3 8739 4095 649
3 7827 379 5712
3 6107 5712 1690
3 3083 3566 4482
3 8617 6862 967
3 1121 7515 2219
3 1367 5168 2685
3 5183 8258 8754
3 817 455 4251
3 549 7299 6945
3 4251 2242 4424
3 817 4251 1204
3 7231 4352 1232
3 8187 7456 3068
3 8508 3130 805
3 1373 974 2355
3 8141 2807 1029
3 4249 2434 2779
3 6798 3900 2626
3 6392 1063 7071
3 8365 3200 7049
3 2626 4316 852
3 2551 6405 6161
3 4005 4380 1332
3 6720 8596 6734
3 238 3107 3959
3 8365 3288 1546
3 7343 6483 2361
3 1327 4033 7889
3 1398 6494 5532
3 1653 409 5316
3 1633 3052 4009
3 3598 4786 6757
3 952 5157 156
3 4108 722 6572
3 6258 981 3051
3 1021 7007 1416
3 1602 5931 1570
3 3785 8821 1821
3 1920 580 3967
3 2677 7493 5152
3 4756 6477 1644
3 4864 5731 2178
3 3330 6935 6648
3 4009 6034 4437
3 6390 1838 3618
3 5174 7536 7109
3 5784 5125 4900
3 452 974 5784
3 2514 7982 984
3 8427 603 1570
3 1696 1936 1924
3 2660 5162 1943
3 5167 5523 7753
3 1537 5801 2958
3 4865 8545 1
3 3500 8444 5801
3 4727 2331 7552
3 6778 5385 4617
3 5915 5523 6750
3 3376 68 7621
3 5069 3192 1474
3 439 3074 5915
3 2243 4198 8653
3 314 2465 5330
3 784 2178 5514
3 1367 7698 5774
3 884 7837 7249
3 3706 941 7731
3 2991 6492 8597
3 6294 5772 1017
3 455 2242 4251
3 2130 5864 59
3 7231 5262 4352
3 818 7927 4781
3 3390 1588 753
3 7336 1371 8636
3 1371 972 2906
3 1962 885 8646
3 2551 6206 328
3 6959 8376 1283
3 761 629 8304
3 3221 8599 7762
3 307 8718 7889
3 4232 4809 4792
3 7109 604 3976
3 6315 4692 1179
3 3526 8344 8008
3 7087 2558 2210
3 585 5313 5831
3 2205 270 4469
3 8683 7488 1
3 1558 5196 7391
3 3269 715 8366
3 7390 8710 3952
3 6895 8721 307
3 4380 435 7907
3 623 4745 4314
3 6074 7833 448
3 2356 2981 983
3 5926 5371 2784
3 116 2507 2532
3 2210 2205 7442
3 1197 8096 1037
3 4469 1633 724
3 5466 4616 6966
3 2939 2674 3241
3 2003 2870 5144
3 2581 5910 3719
3 5180 3189 2951
3 2322 3719 5910
3 724 3518 4469
3 3527 5121 3083
3 2496 439 7150
3 4378 4482 929
3 7447 5385 6778
3 8243 1232 2551
3 1949 7260 2026
3 8596 6824 313
3 2189 7336 3515
3 5121 3527 550
3 1948 1517 8376
3 7203 5880 6937
3 5881 5895 1597
3 3083 5121 3899
3 460 6097 8596
3 1184 5684 4453
3 6136 2795 7899
3 3899 5385 7447
3 4378 2908 7515
3 550 6839 8689
3 6540 2318 2915
3 5801 3464 8740
3 7082 2026 7260
3 5167 7827 5712
3 8336 2864 7457
3 5130 8281 2569
3 439 5915 8753
3 4700 5690 2763
3 3208 328 3297
3 7630 5319 1736
3 7787 4580 3742
3 4934 3100 615
3 7499 2633 196
3 6875 8188 6871
3 4496 7157 1208
3 2121 3051 4883
3 5262 6750 6107
3 6514 8081 7951
3 7980 4895 7199
3 5884 426 3900
3 8567 8192 761
3 3093 2435 34
3 4900 8360 7527
3 2890 7129 5356
3 6895 6161 6405
3 974 4037 3097
3 4214 4868 8132
3 4680 5503 8567
3 3669 5972 3474
3 5130 1208 7157
3 1835 5654 3536
3 4910 6911 3141
3 4395 4868 4214
3 6798 2626 8171
3 8336 8304 2748
3 4453 6294 7076
3 2511 3628 7393
3 201 675 4617
3 3465 8207 2759
3 3213 4705 920
3 7442 2205 3518
3 3518 2205 4469
3 3294 2474 5218
3 3330 34 6065
3 6193 7936 7378
3 7231 1232 8243
3 3650 8099 8284
3 7782 1398 3437
3 3566 4317 1543
3 5728 1469 3959
3 6074 1158 3388
3 7471 4337 3627
3 1205 7500 6871
3 2242 1916 4424
3 1588 1962 753
3 1962 8582 2936
3 967 6862 2559
3 448 3392 4543
3 1953 7907 8000
3 6111 5485 3709
3 4655 7271 1640
3 62 8117 844
3 672 517 5848
3 6934 4316 1640
3 2558 270 2210
3 3275 6972 8027
3 4036 6494 1398
3 692 4301 3859
3 8793 4503 1626
3 7754 5485 6111
3 5527 2714 528
3 4549 1044 720
3 4033 6161 6895
3 7271 6934 1640
3 2300 4198 8264
3 7359 8288 5174
3 4072 6195 8688
3 852 3709 8171
3 8784 1109 3785
3 6768 6243 416
3 2653 4935 3443
3 7513 6223 8342
3 5527 2558 3650
3 6553 2063 3976
3 3585 4002 5225
3 983 7704 2365
3 330 2484 1922
3 3184 3824 8195
3 5262 7231 2987
3 5232 3690 5067
3 401 4862 215
3 1367 5774 4617
3 2563 4256 2687
3 3388 2640 388
3 2141 3051 973
3 6895 307 7889
3 2987 7231 8243
3 6621 506 5319
3 4192 5363 8543
3 6806 5330 2465
3 7533 7436 8517
3 6294 2051 5772
3 5849 7499 196
3 753 2936 4927
3 6950 7016 7307
3 2687 4256 4089
3 8027 6972 4232
3 3074 8195 3543
3 8543 5587 2514
3 6553 3976 604
3 259 3443 8276
3 2039 7520 2135
3 5995 2671 7536
3 4263 6393 6349
3 8414 6962 2563
3 8360 7264 7527
3 8071 2231 4023
3 5750 3951 7392
3 7604 5115 1927
3 2130 5432 6210
3 1624 6527 259
3 1252 83 7604
3 3817 8010 4689
3 4314 3650 2371
3 3951 5831 1559
3 4287 1862 5187
3 2019 8315 7537
3 5519 2121 3276
3 380 4253 1874
3 3434 5632 1046
3 3383 4078 2220
3 1578 6382 1924
3 1922 6576 330
3 3983 303 7533
3 3903 5566 5819
3 2099 1660 7488
3 797 7754 6111
3 6682 4018 8213
3 8721 328 3208
3 2353 1701 1088
3 7904 4437 5910
3 4443 1982 5229
3 8653 7310 2243
3 2243 7310 2812
3 3508 6519 1674
3 8026 4285 4388
3 480 7319 2244
3 873 6944 2218
3 911 5841 255
3 6631 268 4416
3 981 1831 5225
3 6074 4252 7833
3 1451 179 1747
3 5371 7064 2784
3 7249 2935 1988
3 8631 3408 8576
3 3566 3083 3651
3 3153 5811 2659
3 8582 2659 5811
3 5788 882 4244
3 4251 2633 7499
3 4317 7447 6778
3 8317 885 1588
3 4317 3651 7447
3 5690 3697 6758
3 2124 3390 753
3 6709 4023 1327
3 2498 5845 6709
3 8271 6464 8654
3 3824 3543 8195
3 7199 3367 4203
3 4439 8427 1378
3 1469 8687 8239
3 8071 6709 3378
3 639 7446 4278
3 6027 401 7266
3 5952 5415 4232
3 7982 4900 1373
3 8718 2498 7889
3 6285 7360 742
3 7658 2231 6704
3 8171 3709 3294
3 3900 4284 6392
3 1046 921 5685
3 1739 235 1651
3 3441 1037 5583
3 959 7553 6897
3 3275 2435 3093
3 1533 5296 2244
3 1208 8173 4496
3 4960 1728 4123
3 1916 3984 7120
3 7499 1555 1736
3 4424 2633 4251
3 3837 860 6620
3 4595 5653 2067
3 5736 5262 2987
3 1327 4023 7389
3 467 3515 2453
3 929 4482 5909
3 6975 5349 1936
3 3566 1543 2119
3 6565 7322 570
3 4482 5136 3083
3 1178 4756 1644
3 6392 4284 7049
3 1588 3390 8317
3 4341 5797 3103
3 1962 2936 753
3 8069 8207 8400
3 3705 4513 1765
3 3390 6823 4205
3 1015 3615 4205
3 2702 3408 8631
3 1688 7931 4123
3 2498 1327 7889
3 2658 8302 2286
3 2779 8718 2924
3 962 2747 7307
3 7137 7307 7016
3 3585 7286 5822
3 3241 1493 5225
3 3500 1020 981
3 6934 7271 797
3 6796 5580 4845
3 2371 3650 2558
3 5401 4457 6072
3 4930 4427 2502
3 936 1091 6370
3 5614 6947 4157
3 4736 7037 6065
3 6701 5849 196
3 1739 7553 959
3 1794 623 5058
3 7488 8683 2099
3 4465 2286 3990
3 1378 8427 5931
3 2373 8344 8367
3 1198 5748 944
3 5175 4125 7360
3 6664 8584 5799
3 983 7442 3518
3 5351 5049 3886
3 7150 439 8753
3 6065 7037 3520
3 7246 182 7023
3 4482 2119 4903
3 7549 3923 2522
3 3227 2671 5995
3 882 8566 1543
3 675 6778 4617
3 8132 8629 2507
3 5689 8488 5688
3 5316 7698 1367
3 7658 2807 8141
3 3713 8658 918
3 4112 5201 7399
3 5632 7422 6950
3 4995 2653 4796
3 1029 2807 3859
3 7389 4033 1327
3 7457 5915 3074
3 513 8010 4443
3 34 4736 6065
3 7150 5736 3859
3 1561 4315 5858
3 3714 5930 7453
3 1146 7185 83
3 1728 1722 8267
3 8795 6880 2389
3 6631 4068 2295
3 6804 8647 4252
3 1 7488 4865
3 6210 2614 5108
3 1252 4941 83
3 8267 3752 1728
3 374 2428 5310
3 3138 5545 6236
3 7731 1091 936
3 196 4424 5545
3 6035 1555 7499
3 3378 1095 226
3 8475 4249 2924
3 7428 4259 4528
3 2702 7318 2654
3 5359 1451 5549
3 6161 4033 2240
3 6481 6205 8307
3 7533 3403 2865
3 4976 1515 8307
3 4692 2851 998
3 724 1633 508
3 7905 7001 380
3 6704 2807 7658
3 4777 2322 8811
3 141 2484 6635
3 5589 3795 7789
3 2295 4068 5296
3 103 5466 6842
3 3437 3288 7782
3 6897 5058 2371
3 2484 7348 1305
3 4616 1998 2915
3 4971 7445 640
3 7108 1413 8026
3 3566 3651 4317
3 4063 1462 3211
3 5922 6154 1739
3 4244 8057 5788
3 255 2094 911
3 7612 7247 1370
3 5505 3560 975
3 2124 753 4927
3 7925 5689 6759
3 2453 7077 467
3 1539 3761 5622
3 3859 2807 692
3 7108 165 304
3 2674 2939 3384
3 7022 6579 3853
3 8444 7646 4350
3 7016 6950 7422
3 6937 1413 5572
3 488 7646 8444
3 1455 4053 7203
3 199 7110 1123
3 3959 4550 238
3 307 6927 8718
3 4655 6927 307
3 7389 8141 4033
3 1687 1865 8654
3 797 4316 6934
3 5884 6518 1018
3 4758 4548 4474
3 7266 493 4391
3 4373 8410 493
3 7575 1660 2099
3 7488 1127 7409
3 5058 6897 1794
3 7605 1917 2666
3 4865 4078 8545
3 2600 3843 3545
3 3294 5218 6494
3 2915 1998 7057
3 7087 2365 1908
3 3959 1469 4203
3 508 4009 4437
3 2383 570 3719
3 3719 570 2981
3 2300 1406 6514
3 6897 2558 7627
3 6036 3591 8575
3 1872 8677 8582
3 8795 1668 1462
3 623 1546 3288
3 1908 2365 6572
3 3390 4205 8317
3 2081 3698 7064
3 5689 417 8488
3 2190 3615 1015
3 6823 3390 2124
3 6704 226 2807
3 2678 5959 3583
3 226 2231 3378
3 5693 13 1957
3 2240 2551 6161
3 3005 1756 1597
3 4023 2231 7658
3 4617 2976 1367
3 8132 2507 116
3 5301 4657 7897
3 4883 8680 4548
3 1332 4380 8710
3 6631 7090 3161
3 3184 8195 572
3 5229 1332 513
3 5819 5566 6975
3 1017 3128 7076
3 2518 5027 2754
3 7367 6892 6306
3 3900 426 4655
3 6551 7963 3806
3 6540 7332 5668
3 1845 3824 3184
3 572 8195 2435
3 3097 7858 604
3 8195 3074 2496
3 2496 7037 4736
3 7049 4284 3900
3 626 3768 8822
3 2812 7310 4160
3 7057 1998 467
3 5296 260 2295
3 1406 8677 8081
3 4599 4638 7840
3 4259 5446 6128
3 4089 1378 5931
3 190 7686 8359
3 2633 4424 196
3 8125 4454 8401
3 4112 876 2505
3 3706 3138 7514
3 6370 7630 1555
3 7266 7157 6027
3 1736 1555 7630
3 1091 7630 6370
3 1204 4251 7499
3 819 3785 1109
3 1622 6967 1738
3 2371 2558 6897
3 7336 8636 3515
3 4090 6036 1921
3 1416 3695 8784
3 4219 818 8752
3 6542 57 5841
3 2119 4482 3566
3 912 2137 4956
3 3249 3840 7009
3 1017 4416 268
3 3615 2190 266
3 7299 3832 8810
3 5736 6750 5262
3 3508 4447 1882
3 4095 6443 1662
3 1327 2498 6709
3 1155 3392 5183
3 1451 1747 7192
3 7037 2496 7150
3 103 2882 44
3 2974 7840 5446
3 21 6975 3026
3 7627 2558 7087
3 3383 7421 2812
3 6038 1921 6036
3 2342 2151 6711
3 3518 7904 2356
3 2688 8121 5308
3 6120 1138 279
3 2621 2042 5707
3 3552 8019 4447
3 7109 7536 604
3 5716 5525 3526
3 2355 7536 2671
3 4655 1640 3900
3 4885 8292 1258
3 2924 4249 2779
3 2563 5511 4256
3 3135 6518 5884
3 5225 1493 4883
3 4252 388 6804
3 8267 1722 5801
3 4655 426 5884
3 7908 8633 7804
3 2076 331 5076
3 7604 8747 1252
3 3200 3814 1063
3 3465 896 8207
3 8207 896 8400
3 1241 984 921
3 549 5788 8057
3 3563 1636 1850
3 5774 1079 201
3 8804 7925 3705
3 5359 8345 5967
3 4724 1610 2323
3 3719 2322 4777
3 8554 754 1872
3 6445 1174 5381
3 6664 1535 3488
3 5922 3186 919
3 5422 5922 919
3 7087 2210 7442
3 2779 2434 5845
3 7409 1127 3967
3 7840 4638 5446
3 1936 1696 1660
3 235 3186 1651
3 8141 2240 4033
3 959 7087 1739
3 6897 7627 959
3 3886 5049 5920
3 1998 1747 467
3 8141 7389 4023
3 1292 6921 795
3 1018 3092 6780
3 5750 8308 7537
3 2328 6663 1617
3 3951 8542 1512
3 2356 7904 2981
3 228 5925 2075
3 5509 2138 3434
3 2121 973 3051
3 6576 566 6299
3 3682 2262 8585
3 6467 6081 4500
3 4997 5403 3094
3 2981 7904 2581
3 4285 5917 701
3 5225 1831 3585
3 8707 4971 7263
3 7796 1610 5403
3 5572 304 1455
3 6203 7128 2958
3 6557 8068 1982
3 5934 6356 6684
3 7108 304 5572
3 4792 4809 8701
3 6914 6120 279
3 8188 401 6027
3 2654 7318 8631
3 5545 6473 6086
3 8576 1184 4453
3 623 4314 2371
3 4112 4177 5685
3 8655 5917 4285
3 3706 1541 4454
3 818 120 8752
3 1962 8646 8554
3 1543 4317 6778
3 4736 34 2435
3 4964 4500 3657
3 4123 1728 3752
3 1499 2450 1109
3 5632 3434 7422
3 8019 1882 4447
3 2915 7057 6540
3 6874 6870 7499
3 984 1241 4192
3 2106 2352 520
3 388 4252 6074
3 4707 8426 4379
3 5466 5183 6842
3 885 8488 8804
3 215 1347 401
3 2434 6709 5845
3 3814 3200 6837
3 4790 4019 6541
3 4019 3249 1738
3 2507 1865 2532
3 7157 4496 5323
3 8718 5845 2498
3 3900 3135 5884
3 4790 3200 1546
3 5086 96 3814
3 1533 7833 4252
3 1999 2138 5509
3 8701 4998 4792
3 2924 8718 4655
3 3378 6709 4599
3 5960 7969 1164
3 1982 8068 409
3 1332 8710 7390
3 4689 7390 6975
3 4005 409 1653
3 3817 4127 8010
3 6631 3161 7153
3 585 1941 6538
3 4232 5415 1845
3 480 3885 7319
3 5432 2157 3295
3 3138 6236 7514
3 8027 4232 3184
3 4771 4161 7908
3 4023 6709 8071
3 4465 4301 692
3 5700 5860 4372
3 8683 1 5678
3 7263 4971 1411
3 1850 4777 637
3 7609 7218 3529
3 7703 8015 4197
3 8187 984 7982
3 3520 7037 7150
3 1747 1998 7192
3 8264 3376 1406
3 984 8187 3068
3 7698 5780 3125
3 896 3465 3367
3 3541 1046 6950
3 885 8317 8488
3 8488 417 7925
3 8317 266 3663
3 6823 2124 4927
3 3378 2231 8071
3 8475 1018 6780
3 7110 199 2980
3 8313 4232 6972
3 1728 2146 3572
3 4341 5497 6500
3 2505 2780 4112
3 4249 5446 2434
3 8141 4023 7658
3 4454 8125 941
3 2081 5573 2880
3 4655 5884 8475
3 4391 6631 7153
3 8288 1775 4112
3 3667 6921 5934
3 6594 4255 7970
3 196 5545 6701
3 6768 238 1237
3 5174 3227 5995
3 3184 572 8027
3 380 5196 1558
3 572 2435 3275
3 698 7516 8701
3 2597 8548 5370
3 72 2506 4379
3 1617 6695 2328
3 3330 6648 6195
3 8718 6927 4655
3 5197 8707 3720
3 7537 8315 8542
3 7826 4108 7322
3 1951 1636 1921
3 8255 8325 918
3 4777 2383 3719
3 6572 1739 1908
3 4543 8631 1158
3 882 6945 8566
3 5780 8015 564
3 3125 564 7736
3 1095 2974 692
3 3859 5736 1029
3 4670 2784 4219
3 5580 8752 1283
3 5370 4790 2597
3 7428 4528 2813
3 7889 4033 6895
3 513 7390 8010
3 2223 8475 6780
3 5509 3276 4758
3 37 6095 3768
3 3768 6095 1285
3 2295 8647 6631
3 2687 2980 2563
3 6967 5258 440
3 1640 4316 3900
3 8410 4068 493
3 8822 3768 1285
3 5859 5803 2262
3 8163 3761 1539
3 1378 4998 4439
3 5067 3690 7095
3 6317 6584 3564
3 5545 4960 6236
3 6370 6701 936
3 1736 6874 7499
3 215 4862 2306
3 1533 4665 7319
3 5323 4496 816
3 6798 4036 8365
3 7095 3690 5232
3 2435 8195 2496
3 5728 4420 1178
3 331 4595 5076
3 1907 7980 4213
3 3107 238 2209
3 4835 103 6842
3 7704 6572 2365
3 8015 7114 8595
3 1957 5135 5693
3 2006 3211 1462
3 8810 4903 8566
3 6903 1821 8821
3 5685 921 7456
3 7456 2671 5201
3 1626 6802 4737
3 8793 8653 6514
3 4903 2119 8566
3 692 226 1095
3 5201 3227 4227
3 8057 4244 201
3 4503 6514 7951
3 8653 4198 2300
3 4256 5415 5952
3 7698 1079 5774
3 2286 8302 3990
3 8010 7390 4689
3 116 5601 7766
3 1029 2987 8141
3 5801 8740 2958
3 3706 5545 3138
3 4127 2074 4443
3 2231 226 6704
3 6876 6975 8738
3 4105 1947 205
3 7553 1739 6154
3 7951 8329 4503
3 5836 4426 3242
3 2207 1284 1681
3 8754 1155 5183
3 6540 5668 2318
3 8795 3540 5207
3 6027 6871 8188
3 3437 1183 3189
3 2094 4733 1496
3 8688 2446 5868
3 1131 293 2890
3 6914 401 1347
3 238 4999 2209
3 4232 5524 3184
3 4089 2980 2687
3 2980 4089 1602
3 8207 5883 2759
3 467 7077 7057
3 679 8410 4373
3 8488 8317 3663
3 5957 4203 3367
3 6097 6629 8596
3 2597 4790 1546
3 4930 2137 4427
3 8810 8566 6945
3 1794 6154 5370
3 5569 7951 754
3 6734 1979 961
3 792 1302 6697
3 2076 5833 4395
3 4927 2936 3914
3 4720 738 4142
3 5491 7969 2084
3 201 1079 7698
3 7263 2184 8707
3 2532 1687 6100
3 8475 2924 4655
3 8707 2184 3720
3 1015 4205 6823
3 8068 6620 5316
3 2868 2207 1681
3 6485 1539 62
3 6518 4276 1018
3 5879 2091 3511
3 2895 742 4125
3 963 5301 3094
3 7390 5349 6975
3 4474 1999 4758
3 2826 2910 4895
3 961 1979 1422
3 5229 1982 409
3 5349 3952 1936
3 4256 5952 4089
3 4914 3025 4866
3 5446 837 2974
3 3474 4950 3669
3 8400 896 4895
3 7840 1095 3378
3 4177 4112 2780
3 8475 5884 1018
3 28 8342 5067
3 5370 8548 1794
3 6370 6035 6701
3 2352 1735 520
3 5879 5509 3434
3 6896 7410 6941
3 7603 2535 5562
3 34 3330 6195
3 6734 805 6720
3 7309 3356 2155
3 4860 8410 679
3 6798 8365 7049
3 6663 2328 1146
3 4941 3009 6663
3 6491 5641 119
3 2532 6100 350
3 5370 5422 919
3 7479 8346 7589
3 3669 6392 7071
3 722 8575 3591
3 1371 2906 8636
3 8365 4036 1398
3 266 2190 5688
3 2365 7087 7442
3 1546 623 2597
3 1649 7807 1840
3 1739 6572 235
3 549 8057 3125
3 882 675 4244
3 570 6572 7704
3 7736 2287 7299
3 5562 352 7617
3 1095 7840 2974
3 6421 1618 3964
3 4474 8680 7137
3 742 2039 190
3 1024 6938 1597
3 2779 5845 8718
3 7049 3900 6798
3 3783 6787 4000
3 5201 5685 7456
3 5111 1524 4375
3 1416 1821 1021
3 3209 4356 4095
3 3060 5356 4597
3 3092 1018 4276
3 4950 6518 3669
3 314 6825 2465
3 6518 6392 3669
3 4019 1738 6541
3 5509 5519 3276
3 3900 6392 3135
3 467 179 3515
3 5422 6154 5922
3 1272 790 1499
3 2597 623 1794
3 8688 6648 2446
3 3908 8444 7689
3 7071 3814 96
3 6648 8302 2658
3 1722 1728 3572
3 1138 626 6098
3 2552 7798 3323
3 7514 6236 4960
3 6831 2184 1024
3 3989 3486 7226
3 6065 6935 3330
3 3719 2981 2581
3 4835 1540 6523
3 5296 4068 8410
3 2261 6036 4090
3 3015 3026 6876
3 7060 8811 2322
3 8810 6945 7299
3 2322 5910 7060
3 8542 5750 7537
3 758 7468 2882
3 561 1762 8040
3 6299 6586 4076
3 3807 4308 714
3 5569 8554 3628
3 5780 1075 7114
3 7736 564 4136
3 7299 2287 7703
3 5196 5749 7391
3 4301 3520 7150
3 5175 2338 4125
3 4862 401 8188
3 4556 4069 4027
3 3556 2017 5010
3 4862 8188 6875
3 5931 1602 4089
3 5236 7970 3511
3 7689 7908 7804
3 4426 4926 2203
3 7397 4259 3356
3 2780 5418 1046
3 7513 3443 1842
3 6689 4579 5872
3 981 1020 7082
3 4177 2780 1046
3 7787 6922 7924
3 4078 3512 2220
3 7480 3352 3060
3 2532 5601 116
3 5229 4005 1332
3 3094 1200 2534
3 7969 4950 3474
3 6065 8302 6648
3 7132 7410 4861
3 4441 1674 8032
3 7467 5972 7071
3 6095 3988 480
3 4861 7410 6896
3 6945 5788 549
3 2244 5296 4860
3 5780 564 3125
3 1411 6938 7263
3 3392 448 2975
3 456 1882 4045
3 4108 7826 8575
3 8346 3545 2952
3 2189 3515 179
3 266 8317 3615
3 819 497 8821
3 7589 2952 3508
3 7833 4447 3508
3 4809 8313 4072
3 40 1765 4513
3 3092 2155 6128
3 6784 957 500
3 4972 350 1412
3 4368 7397 3356
3 3092 6128 4249
3 4276 5491 7309
3 7466 3546 2854
3 1784 8 5972
3 1788 3840 3249
3 2328 4885 5313
3 5831 3951 585
3 6154 1794 7553
3 6284 8288 7359
3 570 2383 6565
3 4063 4702 8495
3 1784 6383 6865
3 2243 2812 4198
3 4503 8329 1781
3 3383 5049 5351
3 4219 7927 818
3 4151 5640 4465
3 4355 37 4111
3 6098 7501 1138
3 4111 626 7132
3 3186 5922 1651
3 7319 3885 3552
3 6620 7698 5316
3 5422 5370 6154
3 5868 8701 4809
3 2915 8754 6966
3 6243 5234 416
3 7520 2039 603
3 235 6572 722
3 5012 5183 2975
3 6768 2759 5883
3 3552 1533 7319
3 3990 8302 6065
3 6768 8069 6243
3 4301 3990 6065
3 179 467 1747
3 5446 4638 2434
3 448 1158 6074
3 2155 4259 6128
3 2974 5708 8109
3 497 6390 3618
3 3125 201 7698
3 941 8125 5832
3 1354 4478 895
3 7225 3332 5119
3 6557 1982 4443
3 5774 201 4617
3 2074 6557 4443
3 5912 8738 6975
3 8683 5678 2099
3 1046 5418 3434
3 8288 4581 6402
3 6392 7049 1063
3 4249 2223 3092
3 7766 4278 5198
3 6518 5491 4276
3 6689 6959 1283
3 5519 3511 4387
3 4572 3947 8627
3 7704 983 2981
3 5685 4177 1046
3 1338 8403 2505
3 1636 7118 4042
3 7908 7689 4771
3 2671 1373 2355
3 3186 3840 1788
3 6709 2434 4638
3 8427 7520 603
3 679 6098 8822
3 4465 5640 2286
3 7153 5130 7157
3 2155 3356 4259
3 6065 3520 4301
3 2535 7564 5562
3 4232 4792 5952
3 5678 5819 2099
3 416 5362 975
3 7804 8125 8401
3 3275 8027 572
3 7841 5222 3577
3 5319 7731 941
3 6035 6370 1555
3 4235 4441 7930
3 4725 1200 638
3 7905 8603 8352
3 875 215 5119
3 6098 679 7501
3 5296 1533 260
3 480 37 7371
3 4614 551 4286
3 1636 4042 1921
3 3015 4657 3817
3 4705 37 4962
3 205 7529 4105
3 5912 5566 6551
3 485 6654 6021
3 3213 7186 4705
3 754 8554 5569
3 8566 2119 1543
3 4447 1533 3552
3 546 2794 5076
3 3280 582 3843
3 5466 6966 8258
3 7380 7186 551
3 1511 3837 3094
3 1367 8000 1653
3 1511 860 3837
3 1872 1962 8554
3 8403 1338 8644
3 3434 2138 1999
3 6258 3500 981
3 5467 8633 4161
3 3706 7931 1541
3 7128 3500 1537
3 3713 8325 4328
3 7082 1020 3500
3 3500 2026 7082
3 8342 185 5232
3 1542 7022 3438
3 1688 1541 7931
3 7731 936 3706
3 1091 5319 7630
3 56 3761 6982
3 7840 3378 4599
3 3607 2464 1535
3 936 5545 3706
3 6875 1735 2306
3 8687 1469 5728
3 837 5446 4259
3 7309 2155 3092
3 45 957 2167
3 1735 2352 2306
3 45 2167 6821
3 2084 500 4365
3 7009 1738 3249
3 7309 3092 4276
3 919 1788 4019
3 4197 3562 3832
3 4368 500 957
3 6195 4072 34
3 1285 4860 679
3 963 2074 4127
3 6523 796 6515
3 6515 8746 6523
3 8219 7897 4657
3 2981 570 7704
3 4045 4614 4286
3 6823 7335 2190
3 6572 570 4108
3 4235 7930 6578
3 2277 6383 7356
3 4219 6796 4670
3 885 1962 1588
3 3704 4337 7471
3 1781 8329 7951
3 1781 6802 1626
3 440 5258 7872
3 1237 238 5957
3 975 3028 238
3 1542 138 2132
3 637 4777 8811
3 1462 1668 3886
3 8754 2654 1155
3 3495 1960 664
3 7299 549 7736
3 6551 8219 2123
3 7703 2287 7736
3 5316 409 8068
3 8019 4614 4045
3 5010 1865 8629
3 5819 7575 2099
3 4579 6689 2715
3 96 7467 7071
3 4197 8015 8595
3 3226 4127 3817
3 6876 8738 4657
3 912 649 4427
3 6941 2761 1661
3 7520 8427 4439
3 6784 500 6801
3 5868 2446 2658
3 8346 2952 7589
3 6821 7564 2813
3 4355 4861 7755
3 4089 4792 1378
3 5086 6837 4790
3 4068 6631 4391
3 6929 3449 8386
3 519 506 2105
3 519 1736 5319
3 6193 7956 6608
3 875 5119 3714
3 2352 2106 5119
3 8688 6195 6648
3 7898 5497 4341
3 4998 1378 4792
3 5853 5868 7716
3 3806 7963 3903
3 7445 8707 5197
3 758 2882 4835
3 2532 350 639
3 4465 8109 4151
3 6284 8358 4581
3 8687 5728 546
3 3211 8121 4063
3 190 8359 6285
3 5201 2671 3227
3 1338 6402 4493
3 48 5920 4160
3 5833 7605 2666
3 8575 722 4108
3 8804 8646 885
3 8040 1762 8262
3 6463 1387 6338
3 7925 417 5689
3 6314 3562 4197
3 1948 8376 376
3 8739 3695 7007
3 564 8015 4136
3 4504 2822 3084
3 13 6314 1957
3 3817 21 3015
3 5879 5519 5509
3 4474 7016 7422
3 6402 4581 4493
3 488 2141 973
3 8069 6768 5883
3 5708 2974 837
3 3221 1019 3828
3 4465 692 2974
3 4581 8288 6284
3 3136 1387 985
3 4365 500 4368
3 4213 7129 1907
3 5554 6199 1793
3 2980 1602 742
3 7397 957 4528
3 8109 4465 2974
3 7428 837 4259
3 6780 3092 2223
3 1793 6505 5096
3 6128 5446 4249
3 6518 3135 6392
3 4365 4368 7309
3 3714 2761 5930
3 493 7266 401
3 4950 7969 5491
3 876 4112 1775
3 235 722 3591
3 3742 4580 6209
3 1091 7731 5319
3 8219 6551 3935
3 4689 21 3817
3 6967 5086 1738
3 440 1784 5972
3 1793 5096 5554
3 1132 6338 1387
3 6133 8032 7131
3 3200 4790 6837
3 923 1738 7009
3 331 2076 5653
3 3186 235 4476
3 7755 37 4355
3 3768 626 4111
3 5920 5049 2812
3 2244 1285 480
3 4019 5370 919
3 920 4705 4962
3 4301 7150 3859
3 2330 6523 1540
3 758 3001 8345
3 8575 7826 6038
3 454 5858 6485
3 2763 179 1451
3 4447 7833 1533
3 7807 3534 5515
3 4861 3375 6129
3 3367 7199 896
3 5688 8488 3663
3 4614 8019 7380
3 7736 549 3125
3 8646 8804 8554
3 3663 266 5688
3 1511 3094 2534
3 618 8342 6223
3 6383 7872 2414
3 7632 8107 824
3 6541 5086 4790
3 7501 279 1138
3 493 279 4373
3 4790 5370 4019
3 6701 5545 936
3 5086 6967 96
3 8054 7969 5960
3 4112 7399 8288
3 1138 6120 7410
3 4373 279 7501
3 3541 4512 1241
3 7422 1999 4474
3 3885 7186 7380
3 923 3840 6118
3 7082 1831 981
3 6118 3840 3186
3 4439 4998 8701
3 5868 5853 3221
3 7826 763 478
3 8068 6557 963
3 2337 5174 7109
3 2262 4315 1561
3 2812 4160 5920
3 3546 1131 3978
3 1626 8653 8793
3 6660 4167 5591
3 5351 8545 3383
3 7963 5566 3903
3 3885 7371 4705
3 1535 1507 6981
3 7309 5491 4365
3 5383 6519 3545
3 8032 6133 4441
3 4235 6578 5012
3 3990 4301 4465
3 3681 8584 6664
3 6842 1540 4835
3 3833 637 8811
3 6210 5108 1251
3 8602 7893 8292
3 8542 6538 1941
3 3832 7299 7703
3 8258 5183 5466
3 7514 4123 7931
3 7924 6621 5832
3 2306 4862 6875
3 6621 7924 6922
3 1035 5832 8125
3 6027 7157 5323
3 2241 3156 4885
3 4809 4072 8688
3 3534 2898 5515
3 567 6210 1394
3 5383 8032 1674
3 1874 6481 8307
3 1451 7192 44
3 8588 40 4513
3 6758 4700 2732
3 5641 828 5701
3 981 5225 4883
3 6648 6935 6065
3 2780 4173 8403
3 4942 2614 3010
3 2795 6136 6753
3 5957 4550 4203
3 4123 7514 4960
3 3103 5797 7786
3 4528 4259 7397
3 1788 919 3186
3 3833 1850 637
3 8595 5948 4197
3 6768 1237 2759
3 3768 4111 37
3 4278 7446 5198
3 223 2135 7520
3 3545 7479 2600
3 45 2813 4528
3 6519 3508 2952
3 7145 5960 50
3 3545 3843 7131
3 7057 7077 6540
3 7969 3474 1164
3 2330 6578 7930
3 7322 4108 570
3 5858 8163 1539
3 6802 1781 1880
3 8482 4275 5084
3 5387 8671 4951
3 7071 1063 3814
3 3903 6911 3806
3 1739 7087 1908
3 551 4614 7380
3 4063 8121 4702
3 5076 2794 2076
3 3806 3935 6551
3 3217 3843 2600
3 7826 7322 6565
3 5460 646 2414
3 7925 8804 8488
3 1131 3624 8256
3 7479 3545 8346
3 3084 1097 4504
3 4886 2511 7393
3 3705 6759 4513
3 6472 3564 1838
3 2446 6648 2658
3 4441 4235 2473
3 7192 1998 4616
3 5868 2658 7716
3 5708 837 7428
3 2286 5640 4151
3 45 4528 957
3 8085 4097 476
3 6801 4536 7315
3 6620 860 1511
3 5119 2306 2352
3 957 7397 4368
3 7410 6120 7453
3 8599 3221 5853
3 7009 3840 923
3 5319 941 6621
3 48 7310 5308
3 1775 6402 1338
3 500 2084 4536
3 3714 1361 2989
3 7222 1027 470
3 4255 2152 7649
3 6696 5585 4478
3 2084 4365 5491
3 3545 6519 2952
3 7529 205 6515
3 8054 2084 7969
3 3434 2780 8403
3 2473 4235 5012
3 3669 7071 5972
3 5960 7145 8054
3 480 3988 37
3 1164 3474 5972
3 2784 7064 3698
3 6842 5183 5012
3 1215 7648 7683
3 6463 698 3980
3 4255 7649 3511
3 7186 3885 4705
3 7930 4441 6133
3 4835 6523 8746
3 4323 1939 4190
3 929 5909 4436
3 4926 5836 4406
3 2039 7686 190
3 3552 7380 8019
3 8270 7118 1636
3 3552 3885 7380
3 4493 1566 1338
3 5549 44 2882
3 7872 6967 5460
3 7145 50 4536
3 6380 7762 8599
3 4167 352 6801
3 4536 2084 7145
3 6118 3770 2224
3 1517 72 4845
3 6485 2502 454
3 4375 1566 6781
3 1788 3249 4019
3 1075 5948 8595
3 2534 4725 6090
3 279 493 6914
3 1075 8595 7114
3 120 5417 2715
3 7646 488 4387
3 7918 1983 8789
3 2244 4665 1533
3 3964 5913 3534
3 4657 5301 3226
3 4861 4355 4111
3 6975 7575 5819
3 3837 6620 8068
3 7315 1666 4167
3 7260 909 7082
3 1921 4042 4090
3 7716 2658 5328
3 2167 957 6784
3 8633 5467 7954
3 4151 7716 5328
3 226 692 2807
3 2488 7428 2813
3 223 4439 7516
3 2224 2414 646
3 4227 8288 7399
3 7564 2488 2813
3 116 7480 8132
3 2813 45 6821
3 4543 1158 448
3 3806 6911 4910
3 6133 2510 4105
3 103 4835 2882
3 7967 3444 1235
3 2979 3440 6880
3 1668 5351 3886
3 5799 489 7513
3 4454 1541 1506
3 7513 8584 4796
3 6989 3627 8046
3 8701 3828 698
3 2731 8588 6759
3 3705 7925 6759
3 796 6523 2330
3 7954 7226 8125
3 6666 2283 3417
3 4700 3697 5690
3 6621 7224 2105
3 5873 3546 7466
3 7310 48 4160
3 2130 6189 5432
3 4942 5108 2614
3 5012 6578 1540
3 1928 5864 1251
3 1862 4644 3997
3 1765 40 8097
3 4508 2731 4478
3 6972 4072 8313
3 4197 1957 6314
3 4197 5948 1957
3 4161 4771 3486
3 7298 2822 4504
3 4997 4661 7796
3 5491 6518 4950
3 409 4005 5229
3 1622 923 646
3 2414 7356 6383
3 5718 4476 4020
3 5972 7467 440
3 6118 2224 646
3 5819 5678 3903
3 6393 5190 7053
3 6621 941 5832
3 4580 6929 6209
3 3371 3948 4573
3 6929 4580 1952
3 7787 3742 6922
3 2328 6695 4885
3 7927 2784 8606
3 1305 4976 6481
3 8121 48 5308
3 5836 2638 2081
3 4441 2473 1674
3 7348 8029 4332
3 1462 3540 8795
3 6120 875 7453
3 1462 4063 5207
3 2354 6243 8069
3 6941 1661 8107
3 3434 8403 5879
3 3502 3386 3980
3 3562 6314 8269
3 1098 3225 3852
3 4243 6888 7613
3 8376 4845 5580
3 4508 40 2731
3 7319 4665 2244
3 1850 1636 1951
3 763 2383 4777
3 4286 3213 920
3 6620 2399 7698
3 4286 920 1379
3 1379 456 4286
3 3001 758 7819
3 2286 5328 2658
3 7470 8554 8804
3 3783 4440 6787
3 5236 5111 7970
3 3511 7649 4387
3 742 2895 2980
3 2135 223 6338
3 2759 5957 3465
3 653 6836 2667
3 2853 5197 7465
3 738 4720 1387
3 5382 2423 8137
3 8109 5708 2488
3 2826 5393 2910
3 4072 6972 3093
3 3720 6831 1948
3 7410 7132 1138
3 7564 2535 2488
3 6903 8821 497
3 7617 7603 5562
3 6781 93 7967
3 37 3988 6095
3 4860 5296 8410
3 2123 8738 5912
3 6923 3948 3371
3 6551 2123 5912
3 2622 6663 2043
3 2614 6210 567
3 5707 2042 2614
3 5531 3904 3497
3 3508 2473 2975
3 7300 5958 2677
3 4504 8269 7298
3 3254 8667 4542
3 4018 6682 8492
3 2389 3141 8795
3 6967 1622 5460
3 5012 2975 2473
3 3966 8643 4919
3 2865 2258 8517
3 2768 7533 3296
3 574 2959 4768
3 7467 96 6967
3 1492 3295 302
3 522 7602 3879
3 6654 485 1012
3 3770 6118 4476
3 1517 4845 8376
3 1738 923 1622
3 5460 1622 646
3 8400 2354 8069
3 1012 1947 6654
3 6711 1853 2650
3 7703 4136 8015
3 6038 6036 8575
3 870 5391 437
3 8785 8466 3337
3 2535 7603 8109
3 6390 497 819
3 4368 3356 7309
3 4350 7646 7649
3 5685 5201 4112
3 1506 1541 1688
3 4573 2115 3371
3 4883 4548 2121
3 6923 3371 7225
3 2105 506 6621
3 2989 1361 5119
3 5858 454 4323
3 3209 8739 7007
3 6285 742 190
3 1511 2399 6620
3 1957 5948 5135
3 7766 2532 4278
3 1674 6519 5383
3 4439 8701 7516
3 1972 8359 5028
3 3242 2638 5836
3 6975 5566 5912
3 8427 1570 5931
3 7088 8667 3254
3 7467 6967 440
3 7255 3978 3060
3 8024 8474 960
3 6801 352 8792
3 5799 7095 6664
3 2365 7442 983
3 5086 6541 1738
3 2414 7872 5460
3 1540 6842 5012
3 8382 8204 2342
3 6036 1577 3591
3 1540 6578 2330
3 1921 6038 478
3 4090 3641 5679
3 7918 1498 8124
3 8588 4513 6759
3 1947 8746 6515
3 1850 3833 3563
3 3001 2472 5387
3 551 7186 3213
3 2472 7147 8671
3 5207 3540 1462
3 8046 3627 4337
3 6758 3697 4700
3 7589 1882 456
3 4597 4395 4214
3 478 763 4777
3 7114 8015 5780
3 4063 3440 2979
3 2511 1186 3628
3 4702 8785 8495
3 3434 5418 2780
3 1666 5591 4167
3 8792 2167 6784
3 1116 7415 7437
3 8359 7686 2039
3 3276 2121 4758
3 7145 2084 8054
3 3828 5868 3221
3 1453 8 6316
3 50 7315 4536
3 7789 535 808
3 1570 603 742
3 352 5562 6821
3 5780 2534 1075
3 8466 8785 5103
3 44 4616 5466
3 7736 4136 7703
3 3440 3599 2389
3 75 4000 1944
3 7147 6448 8538
3 574 2688 2959
3 4213 5653 7129
3 2277 2224 7088
3 7392 3951 1559
3 7893 1559 5831
3 1651 5922 1739
3 1882 8019 4045
3 7207 5542 1832
3 2505 4173 2780
3 8313 4809 4232
3 7927 8606 4781
3 7954 8125 8633
3 646 923 6118
3 8701 5868 3828
3 1688 7689 7804
3 7226 3486 8744
3 8 5960 5972
3 5319 506 519
3 6133 7529 2330
3 4278 2532 639
3 7841 7788 1353
3 8538 2647 5967
3 3539 5234 6243
3 4337 3704 1764
3 5967 6056 561
3 8739 912 4956
3 4118 8128 2472
3 5868 4809 8688
3 6703 8268 3641
3 1626 4503 1781
3 215 875 6120
3 7841 6442 5222
3 7088 2224 3770
3 8169 4440 6989
3 7766 3546 3352
3 7371 3885 480
3 3371 3332 7225
3 7226 3299 3449
3 5111 1235 7970
3 5879 8403 2091
3 1701 70 1088
3 8424 8599 7617
3 6243 2354 3539
3 7603 8599 5853
3 7490 7379 200
3 6383 2277 6865
3 1297 6647 1701
3 7603 4151 8109
3 4454 941 3706
3 1468 6695 5860
3 7360 4125 742
3 1231 785 985
3 3386 738 1387
3 7617 8599 7603
3 119 3517 302
3 1670 734 3482
3 946 4555 6331
3 7356 2224 2277
3 1674 2473 3508
3 6821 5562 7564
3 5381 6421 6544
3 7315 5554 1666
3 2534 5948 1075
3 1610 1200 5403
3 2510 6133 7131
3 3458 824 4302
3 7589 456 7479
3 7774 11 2950
3 4079 2151 4105
3 2472 184 4118
3 6038 7826 478
3 456 1379 2600
3 2472 7184 184
3 5566 7963 6551
3 5399 664 4997
3 8644 1524 5111
3 8588 2731 40
3 3367 3465 5957
3 2763 1451 4700
3 7980 2067 4213
3 1952 3449 6929
3 4573 8628 4608
3 2959 2688 5308
3 1947 8201 6654
3 7185 1146 5313
3 6711 582 3280
3 7833 3508 448
3 3125 8057 201
3 3567 3417 1762
3 4657 8738 2123
3 5948 2534 5135
3 6090 4725 638
3 4105 7529 6133
3 6021 6654 7917
3 1012 184 1947
3 414 259 8276
3 5960 1164 5972
3 1453 1793 6199
3 1462 3886 2006
3 2067 5653 4213
3 689 3029 3495
3 4020 4476 3591
3 6812 6199 5554
3 5586 7721 574
3 1907 6542 911
3 3060 2574 7255
3 8746 7819 4835
3 3001 5387 4951
3 4118 184 485
3 8382 8742 6417
3 5111 8403 8644
3 1636 3563 8270
3 2880 469 2081
3 5236 8403 5111
3 6607 8474 8024
3 7689 3752 8267
3 3511 7970 4255
3 3159 3641 6978
3 3051 2141 6258
3 1907 57 6542
3 1524 8644 1338
3 7939 4607 8744
3 3785 1821 8784
3 626 1138 7132
3 44 5466 103
3 6442 7841 1353
3 6613 4501 200
3 1019 3221 7762
3 5824 3698 2081
3 4705 7371 37
3 6095 480 1285
3 8109 2488 2535
3 4580 1035 8125
3 5028 8359 2039
3 1035 7787 7924
3 7730 6647 3502
3 7815 5371 5926
3 1338 876 1775
3 6129 7632 4131
3 7185 7604 83
3 6338 7516 6463
3 3323 3636 2552
3 5831 4885 1258
3 2534 1200 4725
3 6557 2074 963
3 5750 8542 3951
3 3837 8068 963
3 2323 1610 5338
3 8444 3908 5801
3 3225 1983 7918
3 6950 1046 5632
3 7970 3444 6594
3 3886 5920 48
3 4781 5417 120
3 4187 924 5591
3 2715 8493 8752
3 7315 50 5960
3 1116 1231 7452
3 352 6821 8792
3 3211 2006 8121
3 6865 8 1784
3 6199 5960 8
3 5872 7465 6689
3 7838 5234 3539
3 2330 7930 6133
3 6021 8128 4118
3 6978 1532 3159
3 3828 1019 698
3 6316 8 6865
3 440 7872 1784
3 184 8746 1947
3 733 6865 2277
3 8201 7917 6654
3 121 3807 8742
3 6505 1453 8024
3 1951 4777 1850
3 3084 8716 1097
3 2732 4700 6697
3 638 1200 4724
3 4792 4089 5952
3 6801 500 4536
3 1784 7872 6383
3 733 5080 1519
3 638 5693 6090
3 6509 7798 4429
3 7298 8269 13
3 8645 3427 4661
3 4096 4224 3337
3 1524 1338 4375
3 4758 1999 5509
3 5308 4737 2959
3 981 4883 3051
3 8495 3440 4063
3 5824 6832 8606
3 6436 1972 7437
3 8822 6098 626
3 2510 3843 4105
3 6193 2094 7936
3 1287 6448 6417
3 7649 7646 4387
3 8386 3947 6929
3 4454 1506 8401
3 485 184 1012
3 4286 551 3213
3 184 7184 3001
3 8742 8382 2342
3 4106 8374 751
3 7207 6380 8424
3 476 2329 5937
3 7755 6129 4962
3 3371 2989 5119
3 8125 1952 4580
3 3449 1952 7226
3 6740 4342 4781
3 4508 4478 1716
3 4440 3783 6989
3 6120 6914 1347
3 1354 1716 4478
3 8098 8169 1764
3 6697 4700 1260
3 5222 6442 1410
3 7468 758 8345
3 2822 13 5693
3 3225 6703 8270
3 4895 7980 2826
3 4375 1338 1566
3 7804 8401 1506
3 8403 4173 2505
3 1441 1116 7452
3 1585 6590 2045
3 8291 6729 1701
3 4387 488 973
3 223 7520 4439
3 7263 6938 1024
3 8400 2910 774
3 69 1554 4202
3 7465 5197 376
3 3742 6209 6922
3 7490 3314 7379
3 7924 5832 1035
3 5025 2143 3115
3 5438 3714 2989
3 3371 2115 2989
3 4608 2115 4573
3 6660 5591 6143
3 1951 478 4777
3 5542 7617 352
3 4962 37 7755
3 5096 6505 666
3 8792 6784 6801
3 4845 8426 6796
3 7011 3458 4874
3 6013 5239 1043
3 5678 1668 8795
3 8424 6380 8599
3 5612 8716 7664
3 7698 2399 1511
3 5693 5135 6090
3 5707 2332 2621
3 585 4692 5115
3 8201 4105 7917
3 5937 2329 6380
3 6090 5135 2534
3 3141 6911 3903
3 2959 1825 4768
3 4131 3217 6129
3 2183 3966 4282
3 7719 4995 4796
3 3440 8495 8785
3 7967 93 3823
3 4951 8538 3001
3 1842 5381 618
3 7310 8653 1626
3 6021 4118 485
3 7513 489 8584
3 1468 2745 2991
3 561 5359 5967
3 5679 1532 1577
3 8671 7147 8538
3 1488 5132 5573
3 714 1287 3807
3 3935 3806 3495
3 7131 5383 3545
3 2241 1468 2991
3 4835 7819 758
3 3517 1492 302
3 7872 5258 6967
3 8046 4337 1764
3 3517 5707 567
3 5519 973 2121
3 2091 5236 3511
3 3980 698 1019
3 7863 3583 1198
3 1394 5432 3295
3 4211 1559 7893
3 4724 1200 1610
3 963 4127 3226
3 7272 8515 8352
3 8269 6314 13
3 2323 2822 4724
3 2323 5338 7664
3 689 3495 4910
3 3337 8509 4096
3 3695 5340 1499
3 4881 5103 574
3 7046 6136 4571
3 4682 3618 1838
3 1235 5111 4375
3 8739 3209 4095
3 1453 6505 1793
3 6689 1283 8493
3 808 4880 5675
3 5187 41 6881
3 2854 7766 5198
3 5549 8345 5359
3 7131 8032 5383
3 3689 7732 8078
3 5119 215 2306
3 1947 4105 8201
3 8538 4951 8671
3 4476 6118 3186
3 7298 13 2822
3 5542 352 6660
3 1519 2986 8024
3 1717 1353 8098
3 1832 5542 6143
3 4815 8818 3660
3 1451 44 5549
3 7838 3539 3401
3 6821 2167 8792
3 7819 8746 3001
3 3851 4504 1097
3 8268 6703 3225
3 3832 7703 4197
3 4578 6317 3564
3 7356 2414 2224
3 3237 6362 5228
3 4024 2459 4816
3 7432 3136 3739
3 3980 1019 7762
3 41 7046 6881
3 4350 4771 7689
3 8166 4852 1253
3 3094 3837 963
3 5937 6836 8085
3 7617 5542 7207
3 1952 8125 7226
3 3989 5467 4161
3 819 7838 6390
3 4476 8667 3770
3 3591 4476 235
3 6515 205 1947
3 6584 8088 8100
3 8715 6836 653
3 924 6143 5591
3 5960 6199 6812
3 5718 1577 251
3 5239 5591 1666
3 8540 4570 69
3 3141 3903 5678
3 6515 796 7529
3 1842 6223 7513
3 1142 561 714
3 4167 6801 7315
3 7070 220 6135
3 2389 6880 3440
3 8589 4919 1043
3 3623 3757 6852
3 8024 1453 6316
3 5228 1410 3237
3 1716 8097 4508
3 7407 90 1441
3 4832 121 8742
3 4042 6703 3641
3 7480 3060 4597
3 3535 6958 1994
3 7315 5960 6812
3 2472 8128 6021
3 4308 3807 121
3 4000 3577 5216
3 666 2914 1043
3 1666 5554 5096
3 456 4045 4286
3 1231 3739 3136
3 7951 1186 1781
3 6808 1519 8024
3 3217 3280 3843
3 2354 3401 3539
3 2822 638 4724
3 664 5399 7897
3 7918 377 1498
3 4661 4997 8645
3 7664 5338 5612
3 5338 1610 7796
3 666 1043 5239
3 5027 8159 1847
3 8643 3966 2183
3 5554 7315 6812
3 7870 2678 3583
3 1174 8517 6421
3 5799 28 5067
3 251 1157 4012
3 6711 4079 3843
3 1880 1781 2511
3 5718 4020 1577
3 8667 4476 5718
3 5859 4190 1715
3 2647 6056 5967
3 7898 1335 952
3 3254 2230 7088
3 8671 5387 2472
3 3010 2614 2042
3 280 1498 377
3 1921 478 1951
3 6153 7763 8492
3 1862 4704 4644
3 7480 116 7766
3 4211 7893 8602
3 8125 7804 8633
3 3299 7226 8744
3 1387 3136 1132
3 7492 7870 7863
3 6797 3728 2940
3 7207 8424 7617
3 6129 3375 8107
3 1379 4962 3217
3 4895 2910 8400
3 352 4167 6660
3 3511 5519 5879
3 1688 3752 7689
3 3921 8504 2802
3 824 8592 7632
3 8169 8046 1764
3 5720 1944 5216
3 7762 6380 2329
3 7812 5759 1542
3 8715 69 7508
3 7394 6989 3783
3 293 7129 2890
3 7226 7954 5467
3 5549 2882 7468
3 8097 40 4508
3 2342 8204 2151
3 4427 2137 912
3 2871 7939 6797
3 3299 8386 3449
3 8627 3947 8386
3 8744 3486 7939
3 7762 2329 7730
3 3546 7766 2854
3 3921 946 6331
3 5993 5382 1940
3 6781 1566 4493
3 7967 788 3444
3 2826 7980 1907
3 985 4720 4142
3 6463 7516 698
3 6143 653 1832
3 3060 3978 5356
3 2890 3978 1131
3 2871 6797 2940
3 5438 2989 2115
3 4161 8633 7908
3 3947 6209 6929
3 4861 6896 8107
3 6959 376 8376
3 7129 3666 5356
3 255 5841 4914
3 3094 5399 4997
3 8781 5208 443
3 3502 738 3386
3 3657 321 7043
3 5612 5338 7796
3 4895 896 7199
3 2822 5693 638
3 7095 1535 6664
3 8540 5239 6013
3 4997 664 2950
3 5087 6317 4578
3 7132 4861 4111
3 1832 2667 7207
3 6865 733 6316
3 7632 6129 8107
3 4391 493 4068
3 3495 664 3935
3 4187 8540 4202
3 603 2039 742
3 5355 569 5613
3 1043 2914 8589
3 1771 7452 1231
3 6272 8592 7011
3 1379 920 4962
3 6223 1842 618
3 946 4342 4555
3 2715 8752 120
3 7529 796 2330
3 3482 2060 5007
3 8474 2914 960
3 6316 733 6808
3 1283 8376 5580
3 1283 8752 8493
3 5679 2261 4090
3 8347 1496 4733
3 792 8262 1302
3 4042 7118 8270
3 7394 3627 6989
3 4493 8358 1971
3 93 6781 4493
3 1147 5025 4404
3 5675 5761 808
3 2784 5824 8606
3 6594 3444 1147
3 3136 785 1231
3 4919 6521 4570
3 7508 5613 8774
3 924 6948 6143
3 1554 924 4187
3 2039 7437 5028
3 219 3444 6134
3 5591 5239 4187
3 6421 1649 1840
3 569 3056 1752
3 6380 2667 5937
3 2667 1832 653
3 6663 3009 2043
3 6663 2622 2333
3 119 5641 1456
3 6472 6390 3401
3 6143 6948 653
3 4323 5859 2262
3 2230 733 2277
3 6143 5542 6660
3 8345 5549 7468
3 2123 8219 4657
3 8024 2986 6607
3 3495 3806 4910
3 2914 666 960
3 7763 5612 4661
3 5087 4578 172
3 8789 3225 1098
3 6431 6953 3689
3 7796 5403 4997
3 3242 5824 2081
3 5399 5301 7897
3 3843 582 6711
3 3001 8746 184
3 1874 5196 380
3 6119 2262 3682
3 3254 5080 2230
3 4816 27 92
3 4768 1825 4737
3 3217 4962 6129
3 1853 339 2650
3 8805 3704 7471
3 7788 4440 8169
3 1617 5860 6695
3 3001 7184 2472
3 7732 4282 3966
3 895 6441 1354
3 5496 1609 3458
3 8169 8098 7788
3 5232 3607 1535
3 7147 6021 6448
3 7863 944 3822
3 2600 1379 3217
3 2647 6448 1287
3 5625 5205 3099
3 4630 6684 7461
3 2152 4255 6594
3 3486 6797 7939
3 7804 1506 1688
3 5438 2115 6713
3 5119 3332 3371
3 4807 251 4012
3 2151 7917 4105
3 5301 963 3226
3 779 6437 4338
3 1577 2261 5679
3 7917 8382 6021
3 1666 5096 666
3 6880 8795 2979
3 4374 3337 4069
3 1287 714 2647
3 5679 3641 3159
3 1097 937 8788
3 6013 1043 4919
3 4282 5608 2183
3 1519 6808 733
3 3641 4090 4042
3 7394 75 1944
3 8492 8788 6153
3 293 4914 5841
3 8716 2822 2323
3 3978 7255 3546
3 7763 6153 937
3 7224 6621 6922
3 5119 2106 7225
3 69 4202 8540
3 4781 8606 6740
3 1661 2761 3314
3 416 5234 7838
3 5853 4151 7603
3 8100 3564 6584
3 5597 8660 2964
3 6729 5122 985
3 774 172 8400
3 7730 3502 7762
3 8262 7279 4102
3 1838 6390 6472
3 7279 1762 2868
3 3966 8589 6607
3 733 2230 5080
3 960 666 6505
3 2230 2277 7088
3 6199 8 1453
3 6316 6808 8024
3 3947 6922 6209
3 454 2502 46
3 4095 4356 3618
3 69 5355 7508
3 4910 3599 4096
3 3591 1577 4020
3 7497 2983 779
3 6380 7207 2667
3 7967 4375 6781
3 4910 3141 2389
3 7453 6941 7410
3 2979 8795 5207
3 4881 8466 5103
3 3444 788 3823
3 3628 1186 5569
3 2880 141 4262
3 5202 1662 8088
3 5403 1200 3094
3 8592 6272 4131
3 5875 7786 6500
3 6978 2785 1532
3 6448 2647 8538
3 1532 5679 3159
3 2745 7681 5860
3 5313 1146 2328
3 4873 4012 8113
3 992 251 4807
3 5860 2333 4372
3 8382 7917 2151
3 5701 1456 5641
3 1617 6663 2333
3 895 1409 6441
3 11 3427 8645
3 8692 4820 5222
3 4079 6711 2151
3 7897 3935 664
3 6989 8046 8169
3 5381 1174 6421
3 5025 2940 7580
3 3115 2871 5025
3 8386 8744 8627
3 7226 5467 3989
3 7001 258 4253
3 7513 28 5799
3 2768 3403 7533
3 2314 7586 1148
3 4493 4581 8358
3 4493 1971 93
3 2033 90 3602
3 35 4262 8574
3 4771 4350 7649
3 6436 7415 1116
3 4022 5007 2060
3 1088 2075 5925
3 5205 8660 6947
3 5930 2761 6941
3 3115 7939 2871
3 4219 5580 6796
3 2760 5393 2826
3 2075 4097 4119
3 4636 1323 6191
3 3583 7863 7870
3 4342 6740 4555
3 5873 8404 3546
3 3486 3728 6797
3 8744 8386 3299
3 1132 7432 2135
3 2826 911 2760
3 3386 6463 3980
3 7717 7730 476
3 3624 1131 8404
3 4410 1836 569
3 5355 5613 7508
3 5841 57 293
3 6338 1132 2135
3 7728 132 284
3 4410 2400 3056
3 1554 8715 924
3 284 132 1795
3 8345 3001 8538
3 2343 8374 3872
3 4105 3843 4079
3 4832 4415 121
3 937 8716 5612
3 4069 779 4374
3 4096 3029 689
3 4768 4737 5586
3 7632 8592 4131
3 3417 2283 2868
3 2151 8204 8382
3 5103 8785 4702
3 4700 1451 1260
3 8789 1983 3225
3 4880 808 535
3 8269 4504 3851
3 7951 5569 1186
3 35 2301 2802
3 75 3783 4000
3 4661 7830 7763
3 4024 3055 7668
3 5930 6941 7453
3 3225 8270 3852
3 7664 8716 2323
3 2715 4342 3623
3 7798 2552 1125
3 8100 8088 1550
3 5613 1253 7222
3 8589 8474 6607
3 376 6959 6689
3 2342 4415 4832
3 5608 634 2400
3 574 4027 4881
3 8589 2914 8474
3 1624 5017 1323
3 4342 3757 3623
3 1577 6036 2261
3 4224 4096 3599
3 8078 6607 6431
3 1795 132 7728
3 5926 4670 7815
3 8752 5580 4219
3 6417 6021 8382
3 5967 8345 8538
3 876 1338 2505
3 377 7918 8789
3 1468 7681 2745
3 1387 6463 3386
3 4012 1157 8113
3 6978 8268 3225
3 595 355 7576
3 3114 63 155
3 8584 489 5799
3 470 4119 4097
3 8085 476 5937
3 4914 293 8256
3 7222 1253 4852
3 8342 5232 5067
3 4797 8585 5803
3 3502 3980 7762
3 8040 1260 5359
3 6079 8085 6836
3 6079 8774 8085
3 6576 4872 330
3 5228 6362 1420
3 4004 2157 4334
3 1409 895 1300
3 8715 1554 69
3 6544 1840 618
3 4097 8455 7717
3 1853 6272 7011
3 2789 6079 6836
3 7774 4779 4025
3 2081 469 5836
3 4910 4096 689
3 7649 2152 4771
3 4771 3728 3486
3 5025 1703 2538
3 1884 6904 5706
3 653 6948 924
3 960 6505 8024
3 3822 944 4253
3 2688 574 5103
3 1268 3029 4096
3 1880 4737 6802
3 5860 5412 2745
3 3966 6607 7732
3 1456 3517 119
3 6417 6448 6021
3 3577 4820 5216
3 4737 5308 1626
3 2600 7479 456
3 4919 8589 3966
3 4542 7631 7416
3 6978 3641 8268
3 5356 3666 4597
3 8788 8492 6682
3 5172 5017 5334
3 6703 4042 8270
3 2785 6978 7918
3 8107 3375 4861
3 714 561 2647
3 3060 3352 2574
3 6129 7755 4861
3 774 2910 5393
3 1681 7148 3070
3 2081 2638 3242
3 2094 2760 911
3 8716 937 1097
3 4661 3427 7830
3 2946 7774 1960
3 4881 4027 4069
3 8256 3624 6853
3 5359 561 8040
3 666 5239 1666
3 1235 4375 7967
3 4478 5585 895
3 8627 8744 4607
3 8643 2183 6521
3 3482 3311 1940
3 63 2539 6613
3 1701 6070 8291
3 284 634 5608
3 4747 1177 4619
3 1675 2183 5608
3 6852 3757 4342
3 4919 8540 6013
3 8667 5718 2977
3 4387 973 5519
3 8444 6258 488
3 2940 3728 4771
3 3281 220 7070
3 7416 7631 7900
3 1235 6889 7970
3 4426 5836 4926
3 2940 5025 2871
3 6607 2986 1519
3 172 774 5087
3 5393 1496 774
3 8113 1157 2785
3 6338 223 7516
3 7417 7732 3689
3 8585 2262 5803
3 1115 8011 3103
3 6953 6431 4129
3 5028 7437 1972
3 3226 3817 4657
3 2534 7698 1511
3 5216 4820 5991
3 48 2006 3886
3 2537 1702 1140
3 8715 653 924
3 8011 2494 2279
3 1392 3467 863
3 5119 1361 3714
3 1147 3780 2152
3 7970 6889 3444
3 7720 6438 1343
3 6613 1719 4501
3 2152 6594 1147
3 3486 3989 4161
3 7453 875 3714
3 7432 2039 2135
3 8678 8492 7830
3 2761 3714 5438
3 7730 2329 476
3 6255 4886 7393
3 5860 1617 2333
3 1960 4338 1991
3 3599 4910 2389
3 6020 881 4429
3 5700 5412 5860
3 1258 8292 7893
3 792 1260 8040
3 1922 2484 141
3 1302 686 1410
3 1302 8262 3237
3 1146 4941 6663
3 6787 7788 7841
3 7001 4253 380
3 4608 6713 2115
3 4371 2332 5707
3 5412 6492 2745
3 6836 8715 2789
3 985 785 3136
3 4022 8166 569
3 3872 1089 227
3 4129 2606 6953
3 1532 2785 1157
3 259 6527 88
3 1519 5080 3254
3 7936 3025 7378
3 4187 5239 8540
3 7377 3024 2542
3 6608 4733 6193
3 8405 5872 4579
3 4733 6317 8347
3 8774 6079 7508
3 251 1577 1532
3 7732 6607 8078
3 280 377 3389
3 8374 338 3872
3 3084 2822 8716
3 414 6053 259
3 2262 1561 4323
3 4075 4779 7774
3 8645 4997 2950
3 1519 6431 6607
3 4410 569 822
3 4129 6431 1519
3 4570 8540 4919
3 1116 3739 1231
3 4404 5025 7580
3 3618 4682 4095
3 220 3281 7913
3 3823 93 6435
3 2940 4771 7580
3 4404 7580 3780
3 2538 64 2143
3 7586 7565 1704
3 6852 4342 8237
3 155 6713 4608
3 200 357 2750
3 483 6069 4674
3 4142 738 1297
3 1141 8210 2089
3 3689 7728 7417
3 822 5355 6694
3 4282 7732 7417
3 227 1089 1795
3 3280 3217 4131
3 57 1907 7129
3 172 3401 2354
3 4238 7631 2977
3 6828 1048 5060
3 6682 8213 5628
3 2075 1088 70
3 7830 3427 8678
3 7284 2073 2606
3 437 5391 6343
3 8492 7763 7830
3 437 8678 7669
3 3427 11 8678
3 3599 3440 4224
3 1297 738 3502
3 5334 6814 5172
3 5255 1324 4637
3 1456 4371 5707
3 4570 6694 69
3 5831 1258 7893
3 3567 156 6666
3 822 569 5355
3 5088 8504 4406
3 2795 8090 7899
3 2979 5207 4063
3 4759 4464 8349
3 93 1971 6435
3 5251 1028 4801
3 0 4100 1195
3 832 8210 7565
3 1704 5024 1148
3 1147 4404 3780
3 2955 2089 8210
3 167 90 6498
3 522 4807 1498
3 832 2639 8210
3 155 4608 7940
3 2088 1408 1140
3 7940 3114 155
3 7900 7631 4238
3 6650 4178 8786
3 8455 2075 70
3 3314 2761 5438
3 7437 2039 7432
3 7432 1132 3136
3 8100 4682 1838
3 4885 6695 2241
3 4874 3458 1609
3 4781 120 818
3 4873 2785 7918
3 8124 4873 7918
3 1532 1157 251
3 8113 2785 4873
3 1420 5991 8692
3 861 8056 3535
3 7437 7415 6436
3 5356 3978 2890
3 5228 8692 5222
3 3843 2510 7131
3 4025 4779 4075
3 1701 2353 6070
3 937 5612 7763
3 2715 8405 4579
3 4000 7841 3577
3 8785 4224 3440
3 595 3079 355
3 6878 4760 5251
3 1408 2537 1140
3 2688 5103 4702
3 832 595 5396
3 4502 1720 1408
3 8219 3935 7897
3 3606 4574 2592
3 958 832 5396
3 3848 2903 3063
3 437 6343 4018
3 8728 8350 958
3 5878 7079 8803
3 832 958 2639
3 2750 63 6613
3 6984 2109 1392
3 2955 5610 2089
3 3280 6272 6711
3 4202 1554 4187
3 8350 2955 2639
3 8175 5123 369
3 8350 2639 958
3 6787 4440 7788
3 7722 1944 5720
3 1944 5211 7394
3 3115 2143 64
3 3992 4759 6877
3 7378 2543 4888
3 5087 774 1496
3 6580 1142 4308
3 155 63 2750
3 6580 121 6723
3 7800 7079 5878
3 7379 3314 5438
3 69 6694 5355
3 8380 6650 8786
3 1195 7565 7586
3 6645 1408 2088
3 1131 3546 8404
3 4178 5609 4464
3 2343 3660 751
3 8686 2208 3064
3 5608 4282 284
3 8166 1253 569
3 1826 5793 3992
3 4129 4542 2606
3 8273 366 1875
3 4570 6521 6694
3 3606 8728 958
3 3689 8078 6431
3 5793 4041 3992
3 121 6580 4308
3 3689 6953 2073
3 3444 219 2313
3 1408 1720 6614
3 4759 4178 4464
3 4801 1875 6878
3 7586 0 1195
3 1028 5251 2592
3 2592 4574 1028
3 7750 498 3124
3 5793 8786 4178
3 5793 7800 5878
3 1875 5220 6717
3 3847 396 0
3 366 3950 5220
3 8150 2808 1961
3 8273 4801 498
3 1236 6851 6718
3 1961 3647 8150
3 2432 8225 1236
3 874 5483 8298
3 8803 1677 2054
3 7565 1141 1704
3 2750 5438 155
3 6645 5609 6650
3 4502 1408 6650
3 5609 8349 4464
3 8210 2639 2955
3 2750 357 5438
3 5438 6713 155
3 7546 3606 958
3 958 8298 7546
3 2971 1236 6718
3 7576 355 874
3 5609 6645 2088
3 832 1195 4100
3 1028 834 3124
3 2233 1662 5202
3 5793 1826 7800
3 5251 4801 6878
3 6718 7079 1826
3 227 2343 3872
3 6729 8291 1771
3 2904 5878 2054
3 5609 2954 8349
3 3314 7490 6335
3 4578 3401 172
3 7800 5898 7079
3 7079 5898 1826
3 7373 2432 7044
3 1496 8347 5087
3 1297 3502 6647
3 7379 357 200
3 6580 6723 3567
3 2698 280 4328
3 6491 5255 4637
3 664 1960 7774
3 1624 1323 5256
3 5313 4885 5831
3 1960 3495 3029
3 2991 1847 2241
3 1662 6443 4682
3 7508 6079 2789
3 303 3296 7533
3 7272 755 8515
3 2991 2745 6492
3 1960 4374 779
3 5641 6491 5413
3 4410 822 6694
3 5836 469 2880
3 2606 4542 1632
3 4852 1027 7222
3 7147 2472 6021
3 1027 3786 8823
3 5123 4340 5105
3 8520 834 1028
3 5105 3027 5123
3 4801 1028 3124
3 369 5123 6274
3 3124 834 369
3 8228 3721 2
3 4106 4429 7798
3 470 144 4119
3 7047 1873 4815
3 2480 227 1795
3 5824 3242 4426
3 4914 8256 3025
3 1826 3992 6877
3 6650 5609 4178
3 4129 1519 4542
3 5251 8728 3606
3 5251 3606 2592
3 2152 3780 4771
3 396 7914 2881
3 5878 8380 8786
3 4178 4041 5793
3 3807 1287 6417
3 6070 1216 2829
3 2203 6832 5824
3 7508 2789 8715
3 961 3130 8508
3 6738 8012 53
3 3444 6889 1235
3 522 1498 280
3 1940 144 8823
3 8645 2950 11
3 373 2787 431
3 7668 3055 92
3 7774 2950 664
3 6694 6521 4410
3 2787 373 2387
3 985 1387 4720
3 870 437 7669
3 2467 1423 2460
3 4661 5612 7796
3 7580 4771 3780
3 3846 2313 219
3 2966 0 396
3 8210 1141 7565
3 5706 6020 1884
3 4421 8300 5265
3 3079 6042 3420
3 6521 2183 1675
3 634 3056 2400
3 7576 5396 595
3 3314 6335 8107
3 6614 2537 1408
3 5878 8786 5793
3 1675 4410 6521
3 2054 1677 7014
3 8237 4342 946
3 3992 4041 4178
3 1408 6645 6650
3 4815 3660 2480
3 6832 6740 8606
3 2808 6253 3950
3 1561 5858 4323
3 1681 4102 7279
3 6878 1875 1827
3 8291 2829 3726
3 8262 1762 7279
3 1875 366 5220
3 1177 5084 8781
3 5219 6504 3950
3 4097 8774 470
3 3692 2120 1937
3 6504 922 5997
3 1190 8273 498
3 4178 4759 3992
3 5997 1471 6918
3 1826 5898 7800
3 1677 8803 6851
3 7546 4574 3606
3 4069 3337 4881
3 4995 8276 7112
3 8098 1353 7788
3 5123 3027 5751
3 6255 5586 1880
3 2970 5220 5568
3 6851 8803 6718
3 7112 4935 2653
3 2903 4696 7490
3 3443 4935 7112
3 6081 3853 7594
3 1842 259 7693
3 922 6504 5219
3 366 8273 2808
3 8273 1190 2808
3 3940 7853 3063
3 1842 7693 6445
3 8528 6918 443
3 2808 3950 366
3 3567 1142 6580
3 7914 3282 6042
3 2313 1147 3444
3 6042 3467 3420
3 70 6647 8455
3 3847 7586 2314
3 4100 595 832
3 985 4142 6729
3 2233 5202 1939
3 4371 1456 5701
3 7236 3726 5658
3 6472 3401 4578
3 6274 7750 369
3 6647 7730 7717
3 4190 4802 305
3 7586 1704 1148
3 7112 8276 3443
3 832 7565 1195
3 2966 3079 4100
3 8728 5251 8350
3 4253 1305 1874
3 756 7881 1303
3 874 355 3420
3 8515 3822 7001
3 2109 874 3420
3 7001 7905 8352
3 1519 3254 4542
3 2143 5025 2538
3 8107 6896 6941
3 7490 4501 8379
3 2750 6613 200
3 4340 7554 5105
3 191 8150 3647
3 5220 2970 6717
3 4028 8818 1048
3 3124 369 7750
3 4807 4873 8124
3 8353 8602 3156
3 5860 7681 1468
3 8374 2343 751
3 2754 2991 8597
3 5027 1847 2991
3 1303 2241 1847
3 7273 7881 756
3 4012 4873 4807
3 7222 8774 5613
3 2283 6666 4354
3 2786 2386 7818
3 2653 7513 4796
3 6153 8788 937
3 1847 8159 756
3 7668 92 869
3 7900 5060 124
3 4238 2977 5060
3 8678 11 7669
3 4025 4075 2467
3 5704 3389 5629
3 27 2386 92
3 6697 1260 792
3 5586 3734 7721
3 92 3055 4816
3 5222 1410 5228
3 7722 5720 1994
3 3482 3786 2060
3 1944 4000 5216
3 7300 1323 5172
3 470 8774 7222
3 1944 7722 5211
3 1115 3103 339
3 1940 3311 5993
3 5060 7900 4238
3 6335 7490 4302
3 5885 5007 1752
3 7918 6978 3225
3 1089 3872 2024
3 377 8789 6683
3 8529 1236 2971
3 7088 3770 8667
3 7490 3030 4302
3 5220 1881 5568
3 7631 4542 8667
3 3618 1021 497
3 3063 4302 3030
3 8107 1661 3314
3 2400 4410 1675
3 3444 3823 6134
3 3847 7914 396
3 2881 7914 6042
3 1881 5220 3950
3 7490 8379 2903
3 7079 6718 8803
3 369 834 8520
3 1961 1190 7750
3 7437 3739 1116
3 8150 191 2808
3 6851 1236 7014
3 8256 293 1131
3 5208 4275 1243
3 4888 6193 7378
3 3823 788 7967
3 443 6918 3910
3 6729 4142 1297
3 443 5208 8528
3 5568 3692 8528
3 6274 3647 1961
3 498 7750 1190
3 8520 4574 8175
3 396 2881 2966
3 5123 8175 4340
3 200 4501 7490
3 191 3647 5219
3 8520 1028 4574
3 4574 7546 4268
3 4190 5202 8088
3 561 6056 2647
3 3420 355 3079
3 2966 2881 3079
3 3030 7490 3848
3 0 7586 3847
3 5396 8298 958
3 6851 7014 1677
3 5483 874 2109
3 8350 5251 4760
3 3848 3063 3030
3 4619 1177 1585
3 6272 3280 4131
3 2054 5878 8803
3 5748 1198 4262
3 3647 463 1358
3 148 322 6970
3 6335 4302 8107
3 92 2386 5390
3 7417 284 4282
3 3025 8256 6853
3 7728 2073 7284
3 4018 8492 8678
3 2120 3692 5568
3 4816 2459 7818
3 3421 2480 1795
3 1991 4075 2946
3 961 8508 6734
3 4816 3055 4024
3 7774 2946 4075
3 1830 6918 3692
3 1420 6362 3237
3 1880 2511 4886
3 3940 8668 52
3 8380 4502 6650
3 148 3941 8820
3 2904 2054 8686
3 2903 7435 3063
3 7490 4696 3848
3 4097 2075 8455
3 1875 4801 8273
3 5417 4781 4342
3 6467 1978 7712
3 6135 2033 7070
3 7853 5496 3063
3 3282 3467 6042
3 5122 1771 1231
3 4097 8085 8774
3 1712 2432 1236
3 6740 6832 6331
3 4866 7936 255
3 2060 8166 4022
3 569 1836 3056
3 1752 5007 4022
3 7373 8225 2432
3 1231 985 5122
3 911 6542 5841
3 6274 1961 7750
3 2024 338 8374
3 4618 2046 7338
3 1711 159 7043
3 7022 6467 7712
3 4095 2233 46
3 2802 8504 5088
3 7044 2432 1712
3 7546 8298 5483
3 3281 3602 3466
3 6436 1441 2033
3 862 3602 90
3 874 8298 7576
3 8298 5396 7576
3 2808 1190 1961
3 6253 191 5219
3 7417 7728 284
3 3872 338 2024
3 6390 7838 3401
3 6521 4919 8643
3 1243 3657 7043
3 8175 4574 7554
3 1048 124 5060
3 649 912 8739
3 1243 1711 5208
3 498 4801 3124
3 8175 369 8520
3 6504 1937 3950
3 2650 2342 6711
3 2073 6953 2606
3 1498 4807 8124
3 1410 686 3237
3 4000 6787 7841
3 1701 6647 70
3 2203 5824 4426
3 2977 5718 251
3 7728 3689 2073
3 3950 1937 2120
3 7669 7774 4025
3 1243 2805 4964
3 8137 586 5925
3 7394 3783 75
3 7721 2358 1103
3 5586 6255 5212
3 6435 6134 3823
3 3079 595 4100
3 1441 7452 7407
3 2109 6984 5483
3 3079 2881 6042
3 1542 2132 6579
3 1392 166 6984
3 3027 5105 5657
3 415 7720 6054
3 6635 5748 141
3 3940 3063 8819
3 3657 4500 7594
3 4268 7546 6984
3 746 7133 2494
3 6984 7546 5483
3 6590 1585 3910
3 6019 2754 8597
3 7373 7014 8225
3 35 3147 6165
3 1358 6799 6375
3 6799 3027 5657
3 5836 4262 4406
3 463 3647 6274
3 6274 5751 463
3 8089 3006 5990
3 1215 2045 6590
3 8685 7435 2903
3 4328 8325 7602
3 7602 8325 3879
3 4328 3389 5704
3 2400 1675 5608
3 8380 5878 2904
3 8597 6492 4636
3 2808 191 6253
3 6504 1830 1937
3 3853 6579 3016
3 374 1978 4964
3 8515 7001 8352
3 7493 756 8159
3 4149 6220 805
3 6343 8213 4018
3 5438 357 7379
3 2054 7014 2208
3 7669 11 7774
3 92 5390 869
3 2387 373 5391
3 4075 1991 2467
3 3094 5301 5399
3 1303 1847 756
3 5265 8300 3583
3 7284 2606 1632
3 1881 3950 2120
3 8528 2970 5568
3 4926 8504 2203
3 5885 1752 3056
3 3063 7435 8685
3 911 2826 1907
3 7728 7284 3421
3 7786 4341 6500
3 3237 8262 4102
3 1711 8528 5208
3 8455 6647 7717
3 7373 7044 148
3 4102 1681 2159
3 1632 4542 7416
3 7022 7712 2471
3 2020 2876 4320
3 3853 6467 7022
3 734 1125 3482
3 6467 3853 6081
3 3807 6417 8742
3 4704 1862 4287
3 7595 1824 1319
3 3786 1027 4852
3 8405 2715 3623
3 586 375 4746
3 2208 8686 2054
3 148 7044 322
3 3056 1836 4410
3 863 3467 3603
3 3281 7070 2033
3 90 167 862
3 2033 3602 3281
3 2033 6135 6436
3 7407 6498 90
3 3420 3467 1392
3 90 2033 1441
3 1392 2109 3420
3 7712 3456 2471
3 6499 6984 166
3 7786 121 4415
3 5105 4268 6984
3 6498 7407 762
3 5157 4354 6666
3 7914 3847 221
3 4100 0 2966
3 166 1392 863
3 2650 4415 2342
3 1762 561 1142
3 7452 1771 762
3 6608 6317 4733
3 7011 8592 3458
3 7936 4866 3025
3 4406 8504 4926
3 2802 946 3921
3 5496 3458 4302
3 52 1609 5496
3 5105 7237 5657
3 6984 6499 5105
3 1771 5122 6729
3 4302 3063 5496
3 918 6828 8255
3 2650 339 7786
3 1215 6590 319
3 5123 5751 6274
3 2480 3660 227
3 7407 7452 762
3 227 3660 2343
3 8678 437 4018
3 2736 373 431
3 2386 27 7818
3 430 2786 1979
3 430 1979 6734
3 172 2354 8400
3 1991 2946 1960
3 7284 1632 1873
3 3786 4852 2060
3 2880 7172 1922
3 4096 8509 1268
3 1358 463 6799
3 6649 148 6970
3 8800 8137 5925
3 8823 144 470
3 5219 319 922
3 1585 2045 4619
3 7112 2653 4995
3 6718 1826 1876
3 4682 6443 4095
3 7273 8353 1303
3 7014 1236 8225
3 52 5496 7853
3 8820 2208 7373
3 8011 4874 1609
3 2991 2754 5027
3 1253 5613 569
3 463 5751 6799
3 6191 1323 7300
3 7493 2153 5152
3 1303 7881 7273
3 6491 119 5255
3 7338 2353 586
3 1420 1428 5991
3 8692 5228 1420
3 3056 2024 5885
3 1319 1824 7386
3 1937 1830 3692
3 3657 1243 4964
3 2241 1303 3156
3 7386 6970 1319
3 795 1542 3438
3 7683 7648 319
3 88 6445 7693
3 4644 4704 5206
3 1670 5885 2024
3 704 6738 53
3 7043 159 1243
3 4737 1825 2959
3 2133 139 6186
3 4702 8121 2688
3 4500 1978 6467
3 6374 5658 3726
3 1712 1236 8529
3 2208 7014 7373
3 1323 5017 5172
3 5997 1830 6504
3 3458 8592 824
3 5859 4797 5803
3 4119 144 228
3 5084 4747 8482
3 360 5492 8056
3 3848 4696 2903
3 6649 704 3941
3 8820 7373 148
3 2060 4852 8166
3 339 1853 4874
3 2024 3056 634
3 6970 7386 704
3 3438 7022 2471
3 895 5585 6696
3 6970 322 1319
3 2802 2301 4887
3 4815 2480 7047
3 6355 2552 8059
3 3853 1823 7594
3 7386 1824 8809
3 1940 5382 8800
3 6081 7594 4500
3 6374 3726 2829
3 8809 704 7386
3 8291 3726 762
3 3660 8818 4028
3 762 1771 8291
3 6436 1116 1441
3 7554 4340 8175
3 6375 6799 5657
3 4574 4268 7554
3 6499 7237 5105
3 2977 251 992
3 35 4406 4262
3 3024 6852 2542
3 6799 5751 3027
3 5088 4406 35
3 704 6649 6970
3 7047 7284 1873
3 3016 1823 3853
3 1319 322 7595
3 2829 8291 6070
3 8255 2977 992
3 4302 824 8107
3 5704 979 3713
3 1701 6729 1297
3 4190 305 6507
3 6918 1471 5943
3 3443 259 1842
3 5105 7554 4268
3 2120 5568 1881
3 5219 3647 1358
3 4874 1115 339
3 7631 8667 2977
3 3726 6498 762
3 2494 7133 2279
3 8213 6343 5391
3 2542 6852 8237
3 8508 805 6734
3 7717 476 4097
3 2736 431 6806
3 2459 1422 7818
3 7818 27 4816
3 3950 6253 5219
3 805 460 6720
3 6374 2829 7682
3 618 185 8342
3 1423 2467 1991
3 5720 3535 1994
3 1838 3564 8100
3 1216 7338 2046
3 6070 3513 1216
3 1243 159 1711
3 374 4964 2805
3 3513 6070 2353
3 2805 8482 4747
3 319 7648 1215
3 2132 3016 6579
3 8809 1824 3017
3 5993 3311 2552
3 7683 5219 6375
3 3064 2208 8820
3 1177 4747 5084
3 704 8809 6738
3 6738 139 1259
3 6317 5087 8347
3 52 7853 3940
3 5925 586 2353
3 6918 8528 3692
3 5208 8781 4275
3 3941 148 6649
3 2075 4119 228
3 7338 586 4746
3 704 8669 3941
3 7682 2829 1216
3 1198 8574 4262
3 6590 5943 922
3 7236 6498 3726
3 139 6738 6186
3 6918 1830 5997
3 8482 1243 4275
3 746 2494 7898
3 3156 1303 8353
3 4747 374 2805
3 443 3910 1585
3 138 1542 5759
3 5219 1358 6375
3 7812 7152 5759
3 2133 8809 3017
3 4704 4287 2495
3 3879 8255 992
3 3921 6331 8504
3 4866 255 4914
3 4933 6446 3099
3 6921 7152 7812
3 3100 4704 615
3 1632 7416 7900
3 7152 6200 5759
3 3417 3567 6666
3 7812 795 6921
3 284 1795 634
3 5614 4643 6947
3 8374 1670 2024
3 8300 4421 5374
3 634 1795 1089
3 6446 4933 138
3 6738 8809 6186
3 1662 4682 1550
3 1089 2024 634
3 1752 4022 569
3 138 7152 6446
3 734 1670 4106
3 992 4807 522
3 2802 5088 35
3 2495 615 4704
3 3337 4224 8785
3 5629 3389 6683
3 5875 952 6723
3 8213 5391 373
3 4069 4556 7497
3 1300 895 6696
3 3577 5222 4820
3 2342 4832 8742
3 3564 6472 4578
3 4102 1420 3237
3 1979 7818 1422
3 7759 3130 961
3 7722 3733 5211
3 4338 6437 1991
3 3897 2983 2022
3 8075 6921 51
3 4874 1853 7011
3 5625 8660 5205
3 51 6921 3667
3 2 8088 6584
3 51 6446 8075
3 8823 470 1027
3 52 8668 703
3 1259 2495 6738
3 51 3667 5625
3 1978 4500 4964
3 1542 795 7812
3 795 3438 2471
3 6579 7022 1542
3 8075 7152 6921
3 2471 4164 795
3 2279 7133 746
3 6186 8809 2133
3 3456 5310 2471
3 4887 2542 2802
3 5628 2736 6806
3 5875 121 7786
3 4328 5704 3713
3 2736 8213 373
3 5219 7683 319
3 3389 4328 280
3 2786 7818 1979
3 8325 8255 3879
3 3389 377 6683
3 3910 6918 5943
3 751 3660 4028
3 5943 5997 922
3 1268 4374 3029
3 6438 4797 5859
3 6590 3910 5943
3 5943 1471 5997
3 587 8136 374
3 7719 8276 4995
3 5007 5885 1670
3 3482 5007 1670
3 4478 2731 6696
3 3421 1795 7728
3 2805 1243 8482
3 51 3099 6446
3 138 6200 7152
3 5759 6200 138
3 3238 687 1301
3 1762 1142 3567
3 4415 2650 7786
3 6507 6054 1715
3 4028 6020 751
3 2964 2817 5597
3 615 1259 139
3 6276 5310 3456
3 319 6590 922
3 1198 944 7863
3 374 6276 1978
3 2754 2104 2518
3 2754 6191 2104
3 2518 2104 5152
3 7300 2677 5152
3 6191 6019 4636
3 5413 828 5641
3 4514 6813 5265
3 8515 755 7863
3 2480 7284 7047
3 4027 1103 4556
3 1153 5375 8228
3 1880 4886 6255
3 1102 2359 1994
3 615 139 4934
3 4630 7461 7657
3 4876 2860 4157
3 2279 3103 8011
3 2860 7723 5614
3 7956 8228 6608
3 5614 7723 3996
3 2495 8012 6738
3 4157 2860 5614
3 2860 4876 5675
3 3997 536 5187
3 3997 5187 1862
3 4887 2301 6165
3 4643 5614 3996
3 7786 5797 4341
3 1939 4323 2233
3 6053 5334 259
3 3103 2279 746
3 1259 615 2495
3 1853 6711 6272
3 5628 2465 5453
3 6500 952 5875
3 5382 6355 5311
3 228 144 1940
3 2860 4880 535
3 4876 7657 5675
3 5187 4571 4287
3 7338 4746 4618
3 1177 443 1585
3 4157 5597 4876
3 6735 314 5330
3 805 6097 460
3 795 4164 1292
3 6437 2983 3897
3 5084 4275 8781
3 4287 4571 7899
3 124 1048 8818
3 5925 2353 1088
3 1978 3456 7712
3 7338 1216 3513
3 7238 4429 94
3 7594 321 3657
3 8800 5382 8137
3 536 41 5187
3 4190 5859 4323
3 442 1176 8780
