ply
format ascii 1.0
comment TextureFile obj_000005.png
element vertex 10128
property float x
property float y
property float z
property float nx
property float ny
property float nz
property float texture_u
property float texture_v
element face 18054
property list uchar int vertex_indices
end_header
14.7395 -29.6678 10.6089 0.9992 0.0125 -0.0377 0.3999 0.4362
-13.8074 -39.1770 12.6878 -0.0716 -0.9973 -0.0166 0.2947 0.7437
14.4045 18.1540 -2.1233 0.9997 0.0201 -0.0148 0.3207 0.1390
14.5687 -21.0626 -4.8535 0.9969 -0.0759 -0.0199 0.3038 0.3827
-12.8725 39.3290 -10.6350 -0.9881 0.1084 0.1095 0.2718 0.7227
2.8842 -41.3653 -14.1795 0.0250 -0.9990 0.0363 0.3985 0.5767
5.0193 40.6399 7.0318 0.0475 0.9987 -0.0194 0.5334 0.7036
-11.9477 -2.4826 -24.3568 -0.1546 0.0167 -0.9878 0.0164 0.2755
3.8590 15.0287 24.6757 0.0389 -0.0114 0.9992 0.5543 0.1533
-7.8956 -41.3846 7.1737 -0.0503 -0.9987 0.0123 0.3315 0.7094
13.5222 -28.7294 -23.8911 0.0871 0.0125 -0.9961 0.1747 0.4387
14.8681 -21.5006 18.7161 0.9990 -0.0232 0.0370 0.4503 0.3854
13.3991 -40.7024 -10.5710 0.2007 -0.9796 -0.0120 0.4638 0.5991
8.2550 -0.5875 24.0676 0.1064 -0.0261 0.9940 0.5270 0.2504
-14.7836 -35.2821 -15.8155 -0.9991 -0.0274 -0.0333 0.8883 0.9724
-11.5437 32.8623 23.3132 -0.9775 0.0057 -0.2109 0.1079 0.5614
-14.4409 18.7853 10.4332 -0.9996 -0.0004 0.0289 0.7251 0.6364
-5.2789 25.0506 -24.6046 0.0213 -0.0012 -0.9998 0.0579 0.1044
10.1403 -34.3313 -23.9169 0.0762 -0.0195 -0.9969 0.1537 0.4735
-6.8236 -41.5006 7.7558 -0.0572 -0.9978 0.0327 0.3381 0.7131
13.9124 7.6973 -23.2340 0.9623 -0.0116 -0.2716 0.1895 0.2040
-9.9985 -40.3469 21.9588 0.1551 -0.7798 0.6065 0.1316 0.6556
-9.9985 -40.3469 21.9588 0.0822 0.2570 0.9629 0.0333 0.5828
7.1184 -41.4543 4.1523 0.0034 -0.9993 -0.0377 0.4248 0.6907
9.5964 4.5587 23.9847 0.1509 -0.0119 0.9885 0.5186 0.2184
-14.4723 1.9309 3.1598 -0.9918 -0.1249 0.0261 0.7703 0.7411
-12.1831 -41.2310 -9.4012 -0.5494 -0.8354 0.0144 0.3048 0.6064
14.5849 -32.9930 -1.1504 0.9999 -0.0026 0.0103 0.3268 0.4569
-11.8035 4.8934 22.8869 -0.3436 -0.0002 0.9391 0.6517 0.2163
-11.6153 37.6418 23.2293 -0.9476 -0.2851 -0.1440 0.1084 0.5317
-11.6153 37.6418 23.2293 -0.3945 -0.1743 0.9022 0.0737 0.6220
14.7116 30.0397 18.5859 0.9996 0.0236 -0.0176 0.4495 0.0651
7.3550 -41.1125 22.0444 0.0098 0.8044 0.5940 0.1198 0.6346
-7.2979 -41.5580 -12.2085 0.0353 -0.9994 0.0048 0.3352 0.5890
-14.9397 -31.9569 -8.4900 -1.0000 -0.0082 0.0001 0.8427 0.9518
-14.2223 9.8093 15.9504 -0.9975 -0.0104 0.0696 0.6908 0.6922
7.0937 -40.7386 -23.4796 -0.1133 -0.5101 -0.8526 0.1348 0.5133
14.5084 -33.4442 -3.0675 0.9972 -0.0264 0.0702 0.3149 0.4597
14.5311 -12.5382 1.6049 0.9982 0.0099 -0.0596 0.3439 0.3297
-3.3433 0.6214 -24.5727 0.0305 0.0060 -0.9995 0.0699 0.2563
-14.3982 15.8914 -21.8829 -0.9940 0.0125 -0.1082 0.9260 0.6544
8.1968 39.9237 22.5523 0.0146 0.9458 0.3245 0.5137 0.8001
8.6256 -33.7978 23.5020 0.0906 -0.0299 0.9954 0.5247 0.4568
-5.5004 38.9145 -23.8105 0.0499 0.1182 -0.9917 0.0565 0.0183
-5.5004 38.9145 -23.8105 0.0255 0.5941 -0.8040 0.1469 0.5528
13.9122 0.6746 -22.5088 0.9978 0.0053 -0.0666 0.1941 0.2476
14.2542 39.7538 0.7350 0.8700 0.4930 0.0026 0.3385 0.0047
14.2542 39.7538 0.7350 0.7139 0.7002 0.0137 0.4760 0.6645
-4.7465 38.2466 24.2785 0.0147 0.3769 0.9262 0.6078 0.0090
-4.3735 40.9731 2.0024 0.0161 0.9999 -0.0030 0.5918 0.6724
-13.0103 -39.4592 4.1563 -0.4416 -0.8733 0.2058 0.2997 0.6907
-13.0103 -39.4592 4.1563 -0.7817 -0.4244 0.4569 0.1991 0.5535
14.9259 -15.8268 14.9845 0.9995 0.0009 -0.0304 0.4271 0.3502
-4.9543 -41.5692 11.9026 -0.0209 -0.9998 -0.0079 0.3498 0.7388
1.8113 -41.1429 -23.5268 0.0235 -0.8426 -0.5381 0.3918 0.5186
1.8113 -41.1429 -23.5268 -0.0210 0.0893 -0.9958 0.1019 0.5158
14.7454 17.5447 21.1543 0.9982 0.0006 0.0592 0.4654 0.1428
-5.4392 5.3747 -24.6314 0.0278 -0.0091 -0.9996 0.0569 0.2267
-12.7982 39.2635 2.6879 -0.9999 0.0153 0.0046 0.2714 0.6399
0.8660 -41.6205 17.1296 -0.0408 -0.9992 0.0026 0.3859 0.7713
5.8036 -40.5915 21.9791 -0.0975 -0.9283 0.3589 0.1317 0.5574
-14.2966 -39.2807 -23.2560 -0.4266 -0.9030 -0.0505 0.2917 0.5203
-14.2966 -39.2807 -23.2560 -0.9706 -0.0943 -0.2214 0.9345 0.9973
-2.6992 23.9881 24.4920 -0.0731 -0.0043 0.9973 0.5951 0.0976
-14.7427 2.5971 -17.1421 -0.9998 -0.0094 -0.0155 0.8965 0.7370
-7.5427 -41.5412 -17.6760 0.0277 -0.9994 -0.0225 0.3337 0.5550
-7.1031 -40.5777 21.8084 0.0739 0.4245 0.9024 0.0027 0.6048
-7.1031 -40.5777 21.8084 0.0863 0.5998 0.7955 0.1183 0.5448
3.7547 -41.5214 5.6364 -0.0084 -0.9973 -0.0732 0.4039 0.6999
13.5737 -23.2040 -23.8436 0.2101 -0.0095 -0.9776 0.1750 0.4043
6.5091 40.0449 22.1063 0.0545 0.9917 0.1168 0.5242 0.7973
14.5119 -17.0761 2.5504 0.9986 -0.0110 0.0509 0.3498 0.3579
9.2233 -41.2457 -1.4996 0.0719 -0.9972 -0.0186 0.4379 0.6555
-14.3287 20.0896 -22.0589 -0.9917 0.0103 -0.1284 0.9271 0.6283
14.1842 -9.3229 22.5673 0.7047 -0.0096 0.7094 0.4901 0.3046
14.8724 -25.6085 15.5575 0.9999 0.0154 0.0012 0.4306 0.4110
2.3361 40.9111 -9.8638 0.0412 0.9991 0.0008 0.5501 0.5986
-14.5341 4.7424 5.3048 -0.9990 0.0210 0.0386 0.7570 0.7237
14.4868 32.9819 8.8635 0.9994 0.0310 0.0124 0.3890 0.0468
14.5376 -14.4137 -1.9290 0.9999 0.0029 -0.0143 0.3220 0.3414
4.4735 -40.8901 -23.4271 0.1524 0.3962 -0.9054 0.1185 0.5142
14.5424 27.3199 8.1157 0.9995 0.0189 -0.0253 0.3844 0.0820
14.5488 25.8127 6.6302 0.9996 0.0180 -0.0237 0.3752 0.0914
-12.9918 39.5163 -19.9370 -0.7384 0.6730 0.0430 0.0540 0.5480
-12.9918 39.5163 -19.9370 -0.9728 0.2302 0.0265 0.2729 0.7805
10.8186 -39.8804 22.8761 -0.0204 -0.6247 0.7806 0.4478 0.8070
14.4290 26.0294 2.8229 0.9998 0.0091 -0.0198 0.3515 0.0900
12.2061 -37.5471 -23.6671 0.0606 -0.0173 -0.9980 0.1665 0.4935
14.6859 16.3433 10.7591 0.9961 -0.0790 -0.0386 0.4008 0.1502
14.6518 -8.1082 7.2576 0.9944 -0.0980 0.0390 0.3790 0.3022
-14.2038 -24.2234 15.7404 -0.9983 -0.0003 0.0590 0.6921 0.9037
-2.3042 -40.7121 21.5583 -0.0216 -0.4433 0.8961 0.0019 0.5750
-2.3042 -40.7121 21.5583 -0.0518 0.8195 0.5708 0.1167 0.5746
4.8014 40.7885 -8.1391 0.0352 0.9994 -0.0031 0.5348 0.6093
-4.1601 -41.5508 -2.3990 0.0093 -0.9999 0.0065 0.3547 0.6499
-8.7212 -41.3214 -23.2793 0.0280 -0.7990 -0.6006 0.3264 0.5202
-8.7212 -41.3214 -23.2793 0.0405 -0.1552 -0.9871 0.0471 0.6317
-12.3580 36.5879 23.0084 -0.1627 -0.0447 0.9857 0.6551 0.0193
14.0712 20.4335 -19.2616 0.9999 0.0019 -0.0136 0.2142 0.1248
1.9251 39.5377 -23.5917 0.0161 0.1866 -0.9823 0.1026 0.0144
14.3956 -20.4277 -9.3368 0.9997 0.0080 -0.0226 0.2759 0.3788
14.6926 10.0470 5.8834 0.9994 -0.0138 -0.0331 0.3705 0.1894
9.2739 14.3855 -23.9877 0.1535 0.0079 -0.9881 0.1483 0.1707
-14.5541 -8.2765 -21.1782 -0.9968 0.0024 -0.0800 0.9216 0.8046
10.9012 -8.5517 -24.1319 0.0593 -0.0096 -0.9982 0.1584 0.3133
-14.6354 -38.0887 -2.4956 -0.9969 -0.0760 0.0196 0.8055 0.9899
14.3845 -35.8277 -7.0177 0.9993 -0.0362 -0.0130 0.2903 0.4745
13.6365 -40.3824 -18.8572 0.5308 -0.8474 -0.0072 0.4653 0.5476
4.3034 40.5678 13.0837 0.0291 0.9994 -0.0171 0.5379 0.7412
13.9306 -8.4463 -21.6842 0.9987 -0.0087 -0.0496 0.1992 0.3043
14.3656 29.8007 2.7050 0.9999 0.0017 -0.0148 0.3508 0.0666
14.8493 -24.4630 18.5099 0.9991 -0.0246 0.0334 0.4490 0.4039
-14.9429 -26.8410 -7.1347 -1.0000 0.0036 0.0089 0.8343 0.9200
14.6290 -35.7799 15.2357 0.9984 -0.0571 -0.0023 0.4286 0.4742
-13.9332 14.8926 21.7035 -0.9968 -0.0012 0.0794 0.6551 0.6606
2.1279 40.2159 -23.4515 -0.0315 0.0574 -0.9979 0.1039 0.0102
0.5127 40.7861 7.8619 0.0744 0.9972 0.0111 0.5614 0.7088
4.3120 40.8059 -6.6354 0.0352 0.9993 0.0151 0.5378 0.6187
2.3666 22.9474 24.7294 -0.0164 -0.0057 0.9998 0.5636 0.1041
6.7086 -23.7009 -24.2631 0.0188 0.0078 -0.9998 0.1324 0.4074
-4.3059 -41.5523 -6.4113 0.0147 -0.9999 -0.0023 0.3538 0.6250
-4.8813 40.9972 0.8676 0.0232 0.9996 0.0160 0.5949 0.6653
13.9777 -40.5558 -1.3568 0.6367 -0.7707 -0.0265 0.4674 0.6564
14.8307 15.1306 15.5470 0.9998 -0.0106 -0.0142 0.4306 0.1578
-14.6523 24.1026 -10.2608 -0.9999 0.0117 -0.0100 0.8537 0.6033
6.3872 -41.5839 12.5446 0.0068 -0.9993 -0.0354 0.4203 0.7428
2.6591 -41.3610 -11.0698 0.0150 -0.9999 -0.0066 0.3971 0.5960
2.5383 40.7825 -23.4511 0.0106 0.4133 -0.9106 0.1065 0.0066
2.5383 40.7825 -23.4511 0.0864 0.7089 -0.7000 0.5488 0.5142
8.8378 40.3893 -23.4950 0.0338 -0.0698 -0.9970 0.1456 0.0091
10.8739 -34.0397 -23.8748 0.0768 -0.0270 -0.9967 0.1583 0.4717
14.7118 -33.2467 5.0287 0.9861 -0.1605 0.0434 0.3652 0.4584
-14.1489 -13.0550 -23.5277 -0.9642 0.0019 -0.2650 0.9362 0.8343
13.6081 -17.6162 22.8238 0.3120 -0.0086 0.9500 0.4937 0.3562
-2.2664 12.8254 -24.5392 0.0293 -0.0008 -0.9996 0.0766 0.1804
1.0861 15.6501 24.6634 -0.0405 -0.0082 0.9991 0.5715 0.1494
-14.8329 -30.3889 -17.0962 -0.9993 -0.0118 -0.0366 0.8962 0.9420
14.8796 9.8573 15.5868 0.9970 -0.0424 -0.0647 0.4308 0.1906
-14.6801 -18.1131 3.5070 -0.9997 0.0110 0.0238 0.7682 0.8657
10.8975 39.0409 23.2836 -0.0545 0.8481 0.5270 0.4969 0.8046
7.7533 3.1927 24.1830 0.0965 -0.0214 0.9951 0.5301 0.2269
14.6553 -30.2698 7.1291 0.9996 -0.0082 -0.0267 0.3783 0.4399
-3.5209 38.2942 -24.2682 0.0055 0.6010 -0.7993 0.1441 0.5652
-12.9478 36.9442 -9.9420 -0.9984 0.0382 0.0418 0.2569 0.7184
-12.9478 36.9442 -9.9420 -0.7289 0.2467 0.6387 0.0039 0.5328
-14.0210 2.6756 -23.5341 -0.8414 0.0339 -0.5394 0.0035 0.2435
14.6724 -22.9882 4.6800 0.9928 0.1199 0.0078 0.3630 0.3947
-13.5351 -39.1426 -2.3198 0.6836 -0.7280 -0.0528 0.2964 0.6504
14.0182 -40.4926 -3.2248 0.6875 -0.7259 -0.0189 0.4677 0.6448
-0.2634 -22.3915 -24.4500 0.0271 -0.0075 -0.9996 0.0890 0.3993
14.0507 -7.0626 -18.8500 0.9993 -0.0012 -0.0375 0.2168 0.2957
-14.1509 31.7282 21.9105 -0.9930 -0.0187 0.1164 0.6538 0.5560
14.2583 28.2942 -7.7079 0.9999 0.0125 0.0044 0.2860 0.0760
-4.3124 -14.9334 -24.6039 0.0309 -0.0107 -0.9995 0.0639 0.3529
4.2169 40.8640 -18.2826 0.0505 0.9983 -0.0295 0.5384 0.5463
6.5939 40.5695 8.2400 0.0436 0.9989 0.0143 0.5236 0.7111
-9.4907 -41.3569 22.4653 0.0112 -0.1855 0.9826 0.0270 0.5796
-9.4907 -41.3569 22.4653 0.1140 -0.9207 0.3733 0.3216 0.8045
14.8733 12.3498 16.8636 0.9995 -0.0231 -0.0230 0.4388 0.1751
14.9063 -9.9977 15.3402 0.9996 -0.0020 -0.0289 0.4293 0.3140
14.6704 -5.4426 3.9658 0.9999 0.0009 -0.0117 0.3586 0.2856
14.3647 30.1894 -1.0750 0.9999 0.0064 -0.0087 0.3273 0.0642
10.5274 -41.0349 -16.0007 0.0957 -0.9954 0.0054 0.4460 0.5654
-5.2163 -41.5919 1.0498 -0.0166 -0.9998 -0.0070 0.3481 0.6714
-13.2648 39.3583 10.6622 -0.7935 0.6070 -0.0441 0.2720 0.5903
-13.2648 39.3583 10.6622 -0.6631 -0.7401 -0.1125 0.1490 0.6791
-13.3897 -39.2586 19.3294 -0.1158 -0.9932 0.0075 0.2973 0.7850
6.4429 -40.8380 21.5676 0.1482 0.1698 0.9743 0.0264 0.6064
-10.5298 41.0558 11.2913 0.0252 0.9996 0.0117 0.6301 0.7301
-14.0716 38.9718 13.2671 0.1073 0.9940 0.0212 0.0815 0.5510
-14.0716 38.9718 13.2671 -0.9258 0.3781 -0.0031 0.7075 0.5109
-14.7902 -9.5766 -9.0402 -1.0000 0.0071 0.0046 0.8461 0.8127
-0.7657 -41.6234 12.0969 -0.0440 -0.9990 -0.0021 0.3758 0.7400
6.4627 -40.6600 21.6830 0.0123 -0.9106 0.4130 0.1299 0.5533
-4.3915 39.0908 23.4011 -0.0028 0.8473 0.5311 0.5919 0.8054
-4.3915 39.0908 23.4011 0.0278 0.4742 0.8800 0.1719 0.6223
-6.5976 -41.5771 -4.0065 -0.0768 -0.9969 -0.0169 0.3396 0.6399
-13.1686 -37.5663 -24.3260 -0.0920 0.0369 -0.9951 0.0088 0.4936
13.1010 -41.3147 8.8332 0.1691 -0.9845 -0.0468 0.4620 0.7197
-13.4370 31.1682 22.7793 -0.3296 -0.0066 0.9441 0.6618 0.0530
8.4236 40.7103 -14.2185 0.0489 0.9987 0.0161 0.5123 0.5715
14.3239 1.7233 -9.8495 0.9998 0.0005 -0.0211 0.2727 0.2411
-11.6687 31.6407 -24.4369 -0.0485 -0.0075 -0.9988 0.0182 0.0635
-13.0155 32.4337 6.0484 -0.8704 0.2295 -0.4356 0.2289 0.6190
-14.5771 -1.6117 3.6287 -0.9997 0.0047 0.0236 0.7674 0.7632
14.4220 -38.1807 5.2967 0.9993 -0.0379 -0.0059 0.3669 0.4891
-2.1804 41.1901 -20.0923 0.0709 0.9975 0.0058 0.5782 0.5350
-7.9310 19.3339 -24.6364 -0.0115 -0.0023 -0.9999 0.0414 0.1400
11.8533 -40.4610 22.4364 -0.0284 -0.7651 0.6433 0.1345 0.5198
11.8533 -40.4610 22.4364 -0.0385 -0.3680 0.9290 0.5046 0.4982
11.8533 -40.4610 22.4364 -0.0200 -0.6153 0.7880 0.4542 0.8043
-14.0349 -28.1140 17.7561 -0.9974 -0.0091 0.0719 0.6796 0.9279
-14.1817 -1.2246 15.6966 -0.9993 0.0171 0.0323 0.6924 0.7608
12.1730 -41.5552 13.2136 0.0352 -0.9991 -0.0224 0.4562 0.7470
-13.5209 -11.1202 22.2636 -0.6985 -0.0093 0.7156 0.6623 0.3158
14.1295 -25.1119 -19.0081 0.9989 0.0075 -0.0469 0.2158 0.4079
-14.3859 35.6075 12.3316 -0.9993 0.0329 0.0157 0.7133 0.5318
13.2347 20.5670 -23.9066 0.2650 0.0176 -0.9641 0.1729 0.1323
14.2019 30.3127 -10.2662 0.9999 -0.0141 -0.0054 0.2701 0.0634
14.3190 0.8740 -10.3600 0.9999 0.0022 -0.0143 0.2696 0.2464
1.3186 40.8249 5.4477 0.0253 0.9997 0.0060 0.5564 0.6938
14.5135 -0.3382 -2.5216 0.9997 0.0033 -0.0224 0.3183 0.2539
-13.9541 0.6385 20.7851 -0.9981 -0.0007 0.0611 0.6608 0.7492
8.1119 -13.1763 23.9080 0.1058 -0.0083 0.9944 0.5279 0.3286
-6.8053 -16.9771 23.8084 -0.0773 -0.0085 0.9970 0.6206 0.3522
-7.4814 41.3438 -12.8959 0.0419 0.9986 0.0322 0.6111 0.5798
-8.2940 -41.5002 -19.5756 0.0293 -0.9990 -0.0341 0.3290 0.5432
0.8759 40.9704 -11.0606 0.0311 0.9994 0.0140 0.5592 0.5912
14.3528 -38.5835 -4.5285 0.9990 -0.0446 -0.0097 0.3058 0.4916
3.7528 -41.4015 -1.6190 0.0224 -0.9994 -0.0270 0.4039 0.6548
13.8025 -34.7364 -23.8519 0.8984 0.0045 -0.4392 0.1857 0.4677
13.8025 -34.7364 -23.8519 0.6028 -0.0158 -0.7977 0.1765 0.4760
-6.8921 -41.5455 -15.7127 0.0359 -0.9993 0.0093 0.3377 0.5672
-14.8141 -13.0110 -8.0418 -0.9999 0.0096 0.0060 0.8399 0.8340
14.1729 5.7982 -17.4275 0.9998 -0.0050 -0.0211 0.2256 0.2158
12.8457 -15.4485 23.0068 0.2307 -0.0105 0.9730 0.4985 0.3427
13.4795 0.1950 -23.8001 0.3503 0.0127 -0.9366 0.1745 0.2589
14.8430 -12.7877 20.1246 0.9968 0.0146 0.0787 0.4590 0.3313
14.5212 -33.2740 2.5319 0.9941 -0.1060 -0.0208 0.3497 0.4586
14.6889 22.4776 22.4841 0.9832 -0.0050 0.1822 0.4737 0.1121
-12.0297 -37.0814 22.5537 -0.1286 0.0395 0.9909 0.6531 0.4772
-12.0297 -37.0814 22.5537 -0.3646 0.0783 0.9279 0.0204 0.5724
-7.1296 1.1070 23.9737 -0.0993 0.0173 0.9949 0.6226 0.2398
5.9384 6.8938 24.4347 0.0869 -0.0178 0.9961 0.5414 0.2039
9.8557 -20.4478 -24.1997 0.0653 -0.0224 -0.9976 0.1519 0.3872
7.8673 -5.9049 -24.2584 -0.0238 0.0096 -0.9997 0.1396 0.2968
-9.0381 -40.9534 22.4739 0.0091 0.0685 0.9976 0.0295 0.5768
-9.0381 -40.9534 22.4739 0.0307 0.5914 0.8058 0.1224 0.5328
5.8992 40.5477 11.4953 0.0770 0.9948 0.0665 0.5279 0.7314
-1.3584 40.4496 -23.5199 -0.0019 0.0570 -0.9984 0.0822 0.0087
-3.5354 -24.9159 -24.5364 0.0340 -0.0079 -0.9994 0.0687 0.4150
-9.2926 -39.1699 23.4033 0.0015 -0.7055 0.7087 0.3228 0.8103
-9.2926 -39.1699 23.4033 -0.0069 -0.4131 0.9107 0.6360 0.4901
14.6505 12.0727 7.5825 0.9998 -0.0193 -0.0095 0.3811 0.1768
8.5330 -17.4643 -24.2280 0.0341 0.0083 -0.9994 0.1437 0.3687
-11.6673 -35.5324 22.7385 -0.9018 -0.0219 -0.4315 0.1619 0.6497
-11.6673 -35.5324 22.7385 -0.6271 -0.0160 0.7788 0.0181 0.5628
10.5143 -38.5666 -23.7828 0.0751 -0.0236 -0.9969 0.1560 0.4998
-14.1934 26.3731 18.6142 -0.9983 -0.0122 0.0577 0.6743 0.5892
-4.3021 -41.5287 -9.9701 0.0152 -0.9999 -0.0060 0.3538 0.6029
-14.2431 22.2248 17.1776 -0.9982 -0.0111 0.0597 0.6832 0.6150
6.0752 29.4602 24.6256 0.0587 0.0207 0.9981 0.5405 0.0636
6.4123 -23.9708 23.8981 0.0961 -0.0104 0.9953 0.5384 0.3957
-14.7243 1.7982 -12.3833 -0.9999 -0.0141 -0.0007 0.8669 0.7420
-11.7753 18.3661 23.0655 -0.8391 -0.0138 0.5438 0.6515 0.1326
-11.6772 39.3508 -23.9822 0.1222 0.3301 -0.9360 0.0181 0.0155
-11.6772 39.3508 -23.9822 0.2981 0.7583 -0.5797 0.0458 0.5228
-12.7940 39.5478 8.3657 -0.9947 0.0821 -0.0618 0.2731 0.6046
-14.4231 15.9682 -21.0109 -0.9641 -0.0044 -0.2654 0.9205 0.6539
14.5420 37.1101 18.4208 0.9972 0.0609 0.0444 0.4484 0.0212
-0.0580 40.8784 -0.7694 0.0268 0.9996 0.0103 0.5650 0.6551
-7.4964 -41.4869 -0.1337 -0.0043 -0.9998 0.0190 0.3340 0.6640
-14.3043 32.8047 6.6516 -0.9208 0.2436 -0.3045 0.7486 0.5493
-4.5949 41.3245 -19.3956 0.0542 0.9985 0.0037 0.5932 0.5394
14.2473 8.3208 -12.9938 0.9998 0.0041 -0.0186 0.2532 0.2001
-6.9139 4.5591 -24.6663 0.0290 -0.0077 -0.9995 0.0477 0.2318
-14.6495 12.0962 0.0883 -0.9998 0.0010 0.0180 0.7894 0.6780
14.6350 -32.9860 19.1016 0.9975 -0.0379 0.0603 0.4527 0.4568
14.4900 23.5784 4.5955 0.9997 0.0201 -0.0097 0.3625 0.1053
-8.1864 18.2242 24.0217 -0.1066 0.0447 0.9933 0.6292 0.1334
-13.3072 38.8091 -24.1602 -0.3974 0.5277 -0.7507 0.0559 0.5217
-13.3072 38.8091 -24.1602 -0.5866 0.3394 -0.7353 0.0080 0.0189
-6.9612 -41.4920 -7.6914 -0.0064 -1.0000 -0.0008 0.3373 0.6170
13.9541 35.7881 -23.5926 0.9352 0.0002 -0.3541 0.1873 0.0294
13.9541 35.7881 -23.5926 0.6897 0.0297 -0.7234 0.1774 0.0377
-8.0680 25.3679 24.1013 -0.0872 -0.0128 0.9961 0.6284 0.0890
14.7348 -30.7102 5.4815 0.9996 -0.0079 0.0272 0.3680 0.4427
14.3630 36.6347 -3.5158 0.9998 -0.0208 0.0072 0.3121 0.0241
14.5934 6.7831 1.6010 0.9987 -0.0241 -0.0458 0.3439 0.2097
-14.3417 13.2779 12.5504 -0.9993 0.0061 0.0373 0.7120 0.6706
14.8258 -5.4520 20.1868 0.9976 -0.0086 0.0686 0.4594 0.2857
4.4605 -41.3591 -7.6876 0.0128 -0.9999 -0.0107 0.4083 0.6171
-10.5184 -41.6802 19.0007 -0.0538 -0.9985 0.0122 0.3152 0.7829
0.2478 40.8953 -2.6298 0.0341 0.9993 0.0128 0.5631 0.6436
10.4343 -31.2203 -23.9749 0.0775 -0.0146 -0.9969 0.1555 0.4541
3.3424 -40.7361 21.4272 0.0742 -0.9617 0.2638 0.1283 0.5727
3.3424 -40.7361 21.4272 0.0163 -0.1166 0.9930 0.0270 0.6256
14.8185 5.1458 13.4751 0.9992 0.0096 -0.0381 0.4177 0.2198
8.3436 38.9231 23.4545 0.0058 0.9214 0.3885 0.5128 0.8057
-14.1833 24.2896 18.3032 -0.9977 -0.0152 0.0656 0.6762 0.6022
7.6304 -41.3246 -2.1806 0.0449 -0.9990 -0.0088 0.4280 0.6513
14.3733 39.3963 8.5022 0.9854 0.1701 0.0072 0.3868 0.0070
14.7519 -10.6074 8.3228 0.9998 0.0002 -0.0219 0.3857 0.3177
14.3758 -35.3406 -2.6698 0.9998 -0.0145 -0.0103 0.3174 0.4715
-12.4160 41.3826 -23.4003 -0.4061 0.8524 -0.3294 0.6418 0.5145
-12.4160 41.3826 -23.4003 -0.3827 0.3402 -0.8590 0.0135 0.0029
-11.4815 39.1546 23.1920 -0.8257 0.4370 0.3568 0.1087 0.5223
4.5351 40.6816 10.5775 0.0293 0.9995 -0.0120 0.5364 0.7257
-8.4136 -30.9425 -24.5379 -0.0105 -0.0213 -0.9997 0.0384 0.4524
10.1200 -39.2721 23.1650 0.0921 -0.1211 0.9884 0.5154 0.4908
14.9254 -13.5622 15.9872 0.9998 0.0104 -0.0190 0.4333 0.3361
-4.4460 -41.5591 8.2392 -0.0078 -1.0000 0.0026 0.3529 0.7161
4.5734 22.4304 -24.2857 0.3580 -0.0420 -0.9328 0.1191 0.1207
14.6701 -33.9173 18.6716 0.9981 -0.0562 0.0270 0.4500 0.4626
-10.6690 -5.6056 -24.6033 -0.1234 0.0074 -0.9923 0.0244 0.2950
-13.9417 29.7314 -4.1083 0.1616 0.9176 0.3632 0.0946 0.5493
14.4740 -34.8476 -3.2575 0.9972 -0.0399 0.0640 0.3137 0.4684
-14.3477 7.2791 12.6676 -0.9995 -0.0076 0.0306 0.7112 0.7079
8.8909 18.3550 -24.1860 0.0572 0.0479 -0.9972 0.1459 0.1460
-13.7434 13.9839 -23.8174 -0.5864 -0.0103 -0.8100 0.0053 0.1732
14.7014 26.2262 11.5549 0.9991 0.0395 0.0177 0.4058 0.0888
-12.8418 39.5300 14.3348 -0.9989 -0.0287 0.0373 0.2730 0.5675
-14.2593 27.3864 -20.8919 -0.9935 0.0152 -0.1128 0.9198 0.5829
14.3477 24.3787 -3.8543 0.9997 0.0050 -0.0257 0.3100 0.1003
-11.8491 34.4911 23.0664 -0.2009 0.0031 0.9796 0.6519 0.0323
1.9346 -16.3512 -24.3947 0.0249 0.0097 -0.9996 0.1027 0.3617
5.2227 30.8872 24.6450 0.0405 0.0208 0.9990 0.5458 0.0547
14.8757 11.6787 17.2242 0.9997 -0.0087 -0.0248 0.4410 0.1792
14.2162 -40.0879 -6.9458 0.7314 -0.6816 -0.0208 0.4689 0.6217
14.2162 -40.0879 -6.9458 0.9820 -0.1883 -0.0130 0.2908 0.5010
-2.5099 4.6799 24.0198 -0.1905 -0.0588 0.9799 0.5939 0.2176
-4.9721 -41.5885 13.1863 -0.0148 -0.9999 -0.0086 0.3497 0.7468
-8.5221 41.3018 -10.5343 0.0296 0.9986 0.0444 0.6176 0.5944
13.8533 -22.6938 -23.4925 0.9776 0.0018 -0.2106 0.1879 0.3929
-4.6937 40.9549 7.0998 0.0239 0.9997 0.0096 0.5938 0.7040
-2.2143 -16.9067 -24.5259 0.0315 -0.0020 -0.9995 0.0769 0.3652
-8.6018 17.3621 23.8591 -0.1494 -0.1218 0.9813 0.6318 0.1388
-11.7629 22.7494 23.0755 -0.6164 -0.0054 0.7874 0.6514 0.1053
-12.8077 -39.6337 2.8776 -0.9625 -0.2391 -0.1286 0.1981 0.5615
-12.8077 -39.6337 2.8776 -0.6766 -0.7364 0.0029 0.3010 0.6827
-6.6158 41.4737 -23.2766 0.0605 0.9938 -0.0935 0.6057 0.5153
-7.7381 38.6429 24.0580 -0.0039 0.6778 0.7352 0.6127 0.8094
14.2847 39.7834 -6.9483 0.9706 0.2403 -0.0113 0.2908 0.0046
14.2847 39.7834 -6.9483 0.7917 0.6108 0.0127 0.4758 0.6167
-14.7026 12.0424 -3.5147 -0.9999 0.0012 0.0118 0.8118 0.6783
-13.9972 -21.6363 -23.8881 -0.6661 0.0443 -0.7446 0.0037 0.3946
1.1911 -41.4216 -8.1929 0.0181 -0.9998 -0.0006 0.3880 0.6139
7.4424 40.7081 -8.1674 0.0429 0.9991 0.0063 0.5184 0.6092
-3.9430 21.0607 24.1025 0.1130 -0.0315 0.9931 0.6028 0.1158
-1.8378 -41.5982 12.3708 -0.0101 -0.9999 -0.0108 0.3691 0.7417
-14.4823 12.5150 -21.5054 -0.9959 0.0159 -0.0892 0.9236 0.6754
-11.9740 -40.0645 -24.2232 0.0421 -0.3001 -0.9530 0.0163 0.5091
-11.9740 -40.0645 -24.2232 0.0535 -0.7810 -0.6223 0.3061 0.5143
-13.6273 -19.0929 22.0606 -0.5682 -0.0059 0.8229 0.6630 0.3654
-14.7290 17.6729 -12.6686 -0.9998 0.0043 0.0169 0.8687 0.6433
-14.1582 2.7899 17.8108 -0.9979 -0.0477 0.0441 0.6793 0.7358
8.2589 -33.1303 -24.0897 0.0676 -0.0255 -0.9974 0.1420 0.4660
-14.7243 3.3672 -2.8043 -1.0000 -0.0021 0.0095 0.8074 0.7322
6.8058 -5.1390 -24.2369 0.0158 -0.0315 -0.9994 0.1330 0.2921
14.3817 16.2847 -4.3552 0.9998 -0.0008 -0.0209 0.3069 0.1506
14.8694 -3.1793 12.3936 0.9990 -0.0248 -0.0377 0.4110 0.2716
-14.6162 -39.0797 -10.3590 -0.9757 -0.2190 0.0006 0.8543 0.9960
13.6286 -25.7169 -23.8306 0.3068 -0.0267 -0.9514 0.1754 0.4199
-13.6272 -27.2963 21.9080 -0.9252 -0.0053 0.3793 0.6538 0.9228
-13.6272 -27.2963 21.9080 -0.8058 -0.0076 0.5922 0.6630 0.4163
11.0103 38.8296 23.9335 -0.0431 0.8965 0.4409 0.4962 0.8087
14.8508 17.7339 18.5650 0.9997 0.0179 0.0135 0.4493 0.1416
2.5712 40.7305 7.2477 0.0443 0.9990 -0.0074 0.5486 0.7050
-14.4103 2.2741 9.7703 -0.9895 -0.1404 0.0343 0.7292 0.7390
-14.7985 -36.0184 -5.2481 -0.9954 -0.0950 0.0139 0.8226 0.9770
-7.1051 38.8435 -23.9215 0.0295 0.5854 -0.8102 0.1463 0.5429
-7.1051 38.8435 -23.9215 0.0558 0.1091 -0.9925 0.0465 0.0187
-6.2909 -25.1196 -24.6166 0.0224 -0.0103 -0.9997 0.0516 0.4162
-9.4542 20.0480 23.9510 -0.1238 -0.0112 0.9922 0.6370 0.1221
7.4655 21.7455 -24.2083 0.0870 -0.0192 -0.9960 0.1371 0.1250
-11.3163 30.8944 23.8113 -0.5802 -0.0284 0.8139 0.6486 0.0547
13.9802 1.7768 -21.5159 0.9982 -0.0113 -0.0587 0.2002 0.2408
-12.8815 20.1274 -24.2729 -0.3608 -0.0062 -0.9326 0.0106 0.1350
14.7258 -0.8440 10.6402 0.9995 0.0216 -0.0247 0.4001 0.2571
14.0060 -0.8440 -22.1517 0.9982 0.0509 -0.0309 0.1963 0.2571
3.9579 -40.7486 21.4289 -0.0157 -0.3047 0.9523 0.0269 0.6218
14.1979 -1.8398 22.7174 0.6988 -0.0120 0.7153 0.4901 0.2581
14.6405 -4.8869 2.2777 0.9989 0.0447 -0.0149 0.3481 0.2822
-1.5118 21.5831 -24.4905 0.0314 0.0062 -0.9995 0.0813 0.1260
-11.7490 21.5898 23.0968 -0.8400 -0.0061 0.5425 0.6513 0.1125
14.6314 -20.0843 1.5747 0.9968 0.0350 -0.0716 0.3437 0.3766
14.7358 -26.1395 8.0662 0.9961 -0.0738 -0.0492 0.3841 0.4143
-13.5849 -39.2663 -18.1939 0.1529 -0.9881 0.0174 0.2961 0.5518
14.6468 -24.8353 4.3245 0.9875 -0.1579 -0.0023 0.3608 0.4062
-13.2408 -38.9255 -4.1602 0.0965 -0.9945 -0.0403 0.2983 0.6390
-14.5177 15.9151 6.3553 -0.9997 -0.0007 0.0224 0.7505 0.6542
14.6129 -10.3188 21.9277 0.9698 -0.0004 0.2439 0.4702 0.3159
4.0092 -41.1662 -23.5567 -0.0392 -0.0000 -0.9992 0.1156 0.5160
4.0092 -41.1662 -23.5567 0.0044 -0.9605 -0.2781 0.4055 0.5184
-14.0303 -0.2257 19.6688 -0.9981 0.0013 0.0617 0.6677 0.7545
-14.6376 19.0419 -18.0310 -0.9992 0.0124 -0.0392 0.9020 0.6348
-11.7904 -3.3713 22.7674 -0.6062 -0.0123 0.7952 0.6516 0.2677
14.6173 9.6706 5.2082 0.9976 0.0090 -0.0681 0.3663 0.1917
8.0927 -41.4409 22.2111 -0.0206 -0.0219 0.9995 0.5280 0.5043
8.0927 -41.4409 22.2111 -0.0318 -0.5761 0.8167 0.4309 0.8029
3.6860 -41.5717 17.5277 -0.0188 -0.9998 -0.0089 0.4035 0.7738
-13.1106 35.1317 -9.4265 -0.6925 0.3277 0.6426 0.0049 0.5441
-13.1106 35.1317 -9.4265 -0.8344 0.2404 0.4960 0.2457 0.7152
14.5227 -15.8552 2.8255 0.9986 -0.0199 0.0488 0.3515 0.3504
-11.5316 -41.4470 0.5449 -0.3810 -0.9245 0.0142 0.3089 0.6682
-13.1916 -38.8975 -1.0983 0.0066 -0.9971 -0.0757 0.2986 0.6580
10.1008 38.6120 24.1997 0.0011 0.6581 0.7530 0.5018 0.8103
-0.4703 -41.5777 7.7829 -0.0372 -0.9983 -0.0451 0.3776 0.7132
-5.0559 -18.2332 23.9101 -0.0669 -0.0127 0.9977 0.6097 0.3600
-7.0985 -41.4460 0.5393 -0.0817 -0.9958 0.0416 0.3364 0.6682
-10.6916 -41.4983 8.5987 -0.0633 -0.9980 0.0077 0.3141 0.7183
4.8244 -41.2689 22.2104 0.0053 0.2432 0.9700 0.5483 0.5032
-2.0529 -0.2827 24.0740 -0.1942 -0.0656 0.9788 0.5911 0.2485
10.7055 40.4483 -3.1250 0.0878 0.9961 0.0058 0.4981 0.6405
14.6862 26.1943 21.5330 0.9998 0.0073 0.0211 0.4678 0.0890
-13.6832 35.1597 22.7173 -0.4248 -0.0206 0.9051 0.6633 0.0282
2.7874 -41.1372 22.1710 0.0320 0.7090 0.7045 0.1206 0.6063
2.7874 -41.1372 22.1710 0.0239 0.4837 0.8749 0.5610 0.5024
1.8303 40.8878 -6.0754 0.0349 0.9992 0.0178 0.5532 0.6222
-1.3936 0.6946 -24.5097 0.0358 0.0024 -0.9994 0.0820 0.2558
-13.5809 36.4904 8.0538 -0.3636 0.2560 -0.8957 0.0158 0.5974
-14.4265 33.2400 10.9662 -1.0000 0.0013 0.0096 0.7218 0.5466
14.1365 38.6009 -23.0977 0.9843 0.0050 -0.1766 0.1904 0.0119
10.3714 16.1745 24.0828 0.1516 -0.0188 0.9883 0.5138 0.1462
13.9509 19.9428 23.3139 0.4541 -0.0105 0.8909 0.4916 0.1228
4.9910 21.8630 -24.0957 0.0127 -0.0409 -0.9991 0.1217 0.1242
14.7926 -28.8028 4.0371 0.9791 -0.2017 -0.0271 0.3590 0.4308
-11.7909 -41.1163 20.6341 -0.7557 -0.6542 0.0295 0.3073 0.7931
-11.5984 35.1023 23.0904 -0.1752 0.0261 0.9842 0.6504 0.0285
-11.5984 35.1023 23.0904 -0.8081 0.0378 0.5878 0.0736 0.6378
5.4819 2.9045 -24.2572 0.0106 0.0284 -0.9995 0.1247 0.2421
-14.3011 35.1089 -9.7057 -0.9462 0.1709 0.2747 0.8503 0.5349
-14.3011 35.1089 -9.7057 -0.7399 0.2902 0.6069 0.0123 0.5443
14.6910 2.6555 11.0137 0.9999 -0.0086 -0.0086 0.4024 0.2353
7.1678 35.5285 -24.2389 0.0415 0.0042 -0.9991 0.1352 0.0393
7.6767 -40.8405 -23.5521 -0.0531 0.0243 -0.9983 0.1384 0.5139
7.8965 -41.2337 -22.3514 0.0249 -0.9994 0.0235 0.4296 0.5259
5.9528 40.6996 -23.4247 0.0059 0.6247 -0.7809 0.5276 0.5143
5.9528 40.6996 -23.4247 0.0006 0.3599 -0.9330 0.1277 0.0072
-14.3039 -9.2845 -22.7867 -0.9376 0.0049 -0.3478 0.9316 0.8108
13.8243 -7.5083 -23.4804 0.9967 0.0002 -0.0815 0.1880 0.2985
13.8243 -7.5083 -23.4804 0.7302 0.0114 -0.6831 0.1766 0.3068
14.5140 27.2260 7.4449 0.9990 0.0261 -0.0365 0.3802 0.0826
13.9898 -35.7869 -22.1342 0.9987 -0.0056 -0.0515 0.1964 0.4742
-5.8245 27.8028 -24.6008 0.0139 -0.0002 -0.9999 0.0545 0.0873
14.2574 25.5615 -7.5596 0.9998 0.0172 -0.0131 0.2870 0.0930
14.6910 -20.9296 9.4626 0.9972 -0.0714 0.0219 0.3928 0.3819
-11.5673 33.6230 23.3212 -0.9975 0.0066 -0.0710 0.1079 0.5566
6.2963 40.6092 6.9898 0.0363 0.9993 0.0075 0.5255 0.7034
3.2170 6.7010 -24.2529 0.0580 -0.0488 -0.9971 0.1107 0.2185
-10.4101 -40.5959 -23.2703 -0.0683 -0.4309 -0.8998 0.0516 0.6212
-10.4101 -40.5959 -23.2703 0.0402 -0.8933 -0.4477 0.0633 0.6346
10.8361 -40.8121 22.1698 -0.0800 -0.1909 0.9784 0.5109 0.5003
14.2266 29.3049 -12.1486 0.9999 -0.0136 0.0011 0.2584 0.0697
-2.8376 -23.2156 24.0020 -0.0548 -0.0132 0.9984 0.5959 0.3910
-10.5820 -40.5496 22.1064 0.2194 0.2775 0.9353 0.0320 0.5864
-10.5820 -40.5496 22.1064 0.0141 0.7650 0.6439 0.1202 0.5232
-14.3410 36.8821 11.0396 -0.9990 0.0450 0.0060 0.7213 0.5239
-14.4362 29.8635 -18.6634 -0.9996 0.0268 -0.0106 0.9060 0.5675
-11.4810 -24.9705 23.3364 -0.1046 0.0111 0.9945 0.6496 0.4019
-12.9807 39.5760 -22.7830 -0.7719 0.6024 -0.2030 0.0539 0.5303
-12.9807 39.5760 -22.7830 -0.6122 0.2031 -0.7642 0.0100 0.0141
-12.9807 39.5760 -22.7830 -0.9842 0.1621 -0.0716 0.2733 0.7982
-10.0889 24.2543 -24.5204 -0.0538 0.0001 -0.9986 0.0280 0.1094
-13.8542 39.0785 19.2358 0.1105 0.9936 -0.0242 0.0802 0.5881
-13.8161 18.3767 22.3621 -0.9526 0.0025 0.3041 0.6510 0.6389
-13.8161 18.3767 22.3621 -0.8220 -0.0075 0.5695 0.6642 0.1325
6.7270 -6.0747 -24.2284 0.0506 0.0308 -0.9982 0.1325 0.2979
3.1821 26.2611 24.7159 -0.0015 0.0102 0.9999 0.5585 0.0835
-13.5094 -39.1695 -14.5324 0.1556 -0.9872 0.0366 0.2966 0.5745
3.2086 38.3400 24.3160 -0.0168 0.5877 0.8089 0.5447 0.8110
3.2086 38.3400 24.3160 -0.0119 0.3381 0.9410 0.5583 0.0084
14.6880 -31.1477 8.0891 0.9996 -0.0217 -0.0175 0.3842 0.4454
7.0348 39.8671 -23.4655 0.0373 0.0071 -0.9993 0.1344 0.0123
14.4032 37.1671 6.8613 0.9997 0.0255 -0.0029 0.3766 0.0208
14.6384 22.0554 10.3878 0.9979 -0.0399 -0.0504 0.3985 0.1147
-11.4754 36.9584 23.4149 -0.7176 -0.0173 -0.6962 0.1073 0.5359
7.8603 9.2236 24.2848 0.1143 -0.0217 0.9932 0.5294 0.1894
14.3720 -36.5203 -7.2852 0.9998 -0.0136 -0.0110 0.2887 0.4788
-7.7884 -41.6187 12.5403 -0.1374 -0.9900 0.0315 0.3322 0.7428
1.0340 40.8651 -1.4727 0.0132 0.9999 0.0064 0.5582 0.6508
14.6784 -13.6214 21.3628 0.9824 -0.0085 0.1864 0.4667 0.3365
3.8213 -41.3889 -4.1041 0.0034 -0.9999 -0.0141 0.4043 0.6393
-13.1004 -39.4686 17.7134 -0.7900 -0.6122 0.0331 0.2991 0.7749
0.7945 -41.5526 11.8804 0.0256 -0.9996 -0.0112 0.3855 0.7387
-0.4653 -40.6218 21.5305 -0.1419 -0.8616 0.4874 0.1289 0.5964
11.0487 31.4618 24.2234 0.1365 -0.0107 0.9906 0.5096 0.0512
-8.3881 -19.9971 23.7251 -0.0825 -0.0013 0.9966 0.6304 0.3710
14.3029 -6.3393 -11.6954 0.9996 0.0036 -0.0294 0.2613 0.2912
-14.7440 5.2738 -17.5658 -0.9998 -0.0027 -0.0218 0.8991 0.7204
2.2446 -41.4402 1.6808 0.0034 -1.0000 0.0005 0.3945 0.6753
-13.2643 -25.6525 -24.1859 -0.2195 0.0051 -0.9756 0.0082 0.4195
14.5875 -35.8957 16.0320 0.9986 -0.0487 0.0189 0.4336 0.4749
-7.5994 -41.5577 18.0548 0.0144 -0.9999 0.0016 0.3333 0.7771
-13.5090 -39.3033 20.1442 -0.5536 -0.8272 -0.0965 0.2966 0.7900
13.6502 -27.0539 -23.8284 0.3083 0.0383 -0.9505 0.1755 0.4283
0.4252 -41.4586 22.2485 -0.0613 -0.8502 0.5229 0.3832 0.8031
-14.2685 -17.8983 14.2402 -0.9987 0.0120 0.0490 0.7015 0.8644
-12.7025 40.3829 15.6237 -0.9613 0.2740 0.0277 0.2783 0.5595
14.6242 -35.5798 4.6163 0.9976 0.0660 -0.0218 0.3626 0.4729
14.3864 36.4514 4.3474 0.9997 -0.0035 -0.0224 0.3610 0.0253
-14.3039 -36.4770 11.6159 -0.9978 -0.0410 0.0526 0.7178 0.9799
0.0676 40.8031 8.2038 0.0437 0.9990 0.0109 0.5642 0.7109
14.1096 -36.2933 -19.8863 0.9988 -0.0081 -0.0482 0.2104 0.4774
12.9765 -41.5821 14.7497 0.1284 -0.9911 -0.0352 0.4612 0.7565
5.2406 -31.3257 -24.2304 0.0284 -0.0104 -0.9995 0.1232 0.4548
14.5419 -19.1094 5.7094 0.9970 -0.0751 0.0200 0.3694 0.3706
14.7641 -24.2343 4.1564 0.9956 -0.0779 -0.0514 0.3598 0.4024
14.7348 -13.5649 6.3319 0.9968 -0.0720 -0.0335 0.3733 0.3361
14.1333 36.5704 -20.7889 0.9999 -0.0060 -0.0116 0.2047 0.0245
-12.9620 -39.1623 -6.5041 -0.9873 -0.1586 0.0015 0.2010 0.6198
-14.0119 -22.5882 -23.9047 -0.6459 0.0229 -0.7631 0.0036 0.4005
14.4003 38.7471 -1.8196 1.0000 -0.0001 -0.0073 0.3226 0.0110
-12.4896 40.6673 23.1107 -0.5853 0.8108 0.0029 0.6422 0.8036
-12.4896 40.6673 23.1107 -0.3732 0.0516 0.9263 0.1817 0.6727
-12.4896 40.6673 23.1107 -0.9631 0.2691 0.0007 0.2801 0.5129
14.5559 27.3508 9.3652 0.9998 0.0174 -0.0100 0.3921 0.0818
-8.8839 41.0875 -2.5914 0.0209 0.9996 0.0170 0.6198 0.6438
14.9000 -17.9211 18.3199 0.9995 -0.0203 0.0230 0.4478 0.3632
-13.7388 29.3371 -23.6846 -0.8518 0.0092 -0.5238 0.0053 0.0778
-13.7388 29.3371 -23.6846 -0.9694 0.0214 -0.2444 0.9372 0.5708
-11.5849 26.5190 23.4599 -0.9604 0.0333 0.2768 0.1070 0.6008
-11.5849 26.5190 23.4599 -0.7441 -0.0154 0.6679 0.6503 0.0819
8.0108 40.7273 -17.6940 0.0431 0.9990 -0.0133 0.5148 0.5499
14.6749 11.8327 6.0457 0.9972 -0.0023 -0.0748 0.3715 0.1783
-14.2823 -23.7795 14.2924 -0.9985 -0.0032 0.0541 0.7011 0.9009
-14.4564 29.5604 -3.7964 -0.9019 0.4195 0.1035 0.8136 0.5694
-14.4564 29.5604 -3.7964 -0.4261 0.8590 0.2839 0.0978 0.5512
14.4051 -23.5237 -0.5138 0.9996 -0.0197 0.0214 0.3308 0.3980
13.7847 -12.7036 -23.4276 0.9821 -0.0055 -0.1882 0.1883 0.3308
-14.2580 -39.3571 -19.1118 -0.0192 -0.9993 0.0312 0.2919 0.5461
-11.7208 28.8925 23.0938 -0.3148 -0.0053 0.9492 0.6511 0.0671
0.9942 -41.4931 22.2819 0.0116 -0.9965 0.0828 0.3867 0.8033
0.9942 -41.4931 22.2819 0.0607 -0.1924 0.9794 0.5721 0.5046
12.8261 -17.8800 22.9862 0.2239 -0.0110 0.9745 0.4986 0.3578
-14.4595 20.5636 9.1452 -0.9994 0.0206 0.0268 0.7331 0.6253
-8.3094 40.0737 23.2642 0.0449 0.2197 0.9745 0.1780 0.6467
-13.2654 -38.9955 -9.1537 0.6426 -0.7660 -0.0175 0.2981 0.6080
-11.7137 -31.9239 22.8426 -0.9297 0.0031 -0.3683 0.1613 0.6273
10.0785 -32.1400 -23.9830 0.0713 -0.0194 -0.9973 0.1533 0.4599
0.3305 -41.5968 12.0156 0.1380 -0.9902 0.0214 0.3826 0.7395
2.3179 -41.4854 3.4694 0.0044 -0.9995 -0.0298 0.3950 0.6864
1.7116 -41.4197 -15.3108 0.0251 -0.9997 -0.0072 0.3912 0.5697
14.8707 -4.6407 19.9858 0.9957 -0.0126 0.0914 0.4582 0.2807
-14.4574 32.3347 -8.0644 -0.9700 0.1816 0.1616 0.8401 0.5522
-12.6562 40.1470 20.4202 -0.9992 -0.0271 0.0296 0.2769 0.5297
-14.0669 36.5557 22.3414 -0.8323 0.0038 0.5544 0.6657 0.0195
-14.0669 36.5557 22.3414 -0.9530 0.0067 0.3029 0.6511 0.5260
6.4946 21.2859 24.5823 0.0772 0.0084 0.9970 0.5379 0.1144
14.0988 -6.3636 -18.3669 0.9983 -0.0019 -0.0586 0.2198 0.2914
14.4343 -19.8443 -8.4661 0.9979 0.0399 -0.0505 0.2813 0.3751
14.5683 -34.8848 2.8879 0.9985 0.0537 0.0139 0.3519 0.4686
-10.1322 -0.5505 -24.5952 -0.1251 -0.0027 -0.9921 0.0277 0.2635
-13.0086 -39.0264 0.0149 -0.5754 -0.8149 0.0694 0.2997 0.6649
14.6173 -32.1451 5.4777 0.9979 -0.0054 0.0653 0.3680 0.4516
-14.3122 29.0071 16.2010 -0.9998 -0.0150 0.0129 0.6893 0.5729
-8.5450 18.9277 23.8813 -0.0609 0.0257 0.9978 0.6314 0.1291
13.4991 -33.5928 -23.9272 -0.0692 0.0178 -0.9974 0.1746 0.4689
-11.5608 30.7899 23.3275 -0.9990 0.0024 -0.0447 0.1078 0.5742
-8.4763 21.0316 24.0551 -0.0927 0.0505 0.9944 0.6310 0.1160
14.6497 -0.0513 8.5841 0.9970 -0.0666 -0.0393 0.3873 0.2521
-3.4986 3.7433 24.1307 0.0655 -0.0404 0.9970 0.6000 0.2234
12.8774 -40.6638 -23.3633 -0.0186 -0.2780 -0.9604 0.1707 0.5128
12.8774 -40.6638 -23.3633 0.2453 -0.7313 -0.6364 0.4606 0.5196
-14.4261 31.5769 -17.3138 -0.9991 0.0143 -0.0392 0.8976 0.5569
2.7069 0.2246 -24.2662 0.1022 -0.0491 -0.9936 0.1075 0.2587
-13.7540 6.6611 22.2407 -0.8784 -0.0093 0.4778 0.6517 0.7117
-13.7540 6.6611 22.2407 -0.8089 -0.0111 0.5878 0.6638 0.2053
0.1626 40.6612 15.2325 0.0354 0.9991 0.0224 0.5636 0.7546
-6.6667 -41.4354 -20.0444 0.0427 -0.9986 -0.0324 0.3391 0.5403
2.3272 39.1607 23.2734 0.0319 0.7034 0.7100 0.5501 0.8046
2.3272 39.1607 23.2734 0.0272 0.3059 0.9517 0.1723 0.5806
-8.2150 16.1117 -24.6290 -0.0137 0.0008 -0.9999 0.0396 0.1600
-13.9040 4.3744 -23.6424 -0.6680 -0.0149 -0.7440 0.0043 0.2329
0.6774 -39.5936 22.9548 0.0018 -0.8988 0.4384 0.3848 0.8075
-13.4846 -39.0300 -5.4987 0.2602 -0.9592 -0.1103 0.2968 0.6307
14.3400 -39.2975 13.2889 0.9949 -0.1005 -0.0003 0.4165 0.4961
-7.7671 15.3335 23.9301 -0.0705 -0.0170 0.9974 0.6266 0.1514
-13.8754 -9.5636 21.6369 -0.9852 -0.0081 0.1710 0.6555 0.8126
-11.5908 41.6659 -15.1330 -0.0073 0.9989 0.0458 0.6366 0.5659
-14.8819 -28.9816 -2.0660 -0.9998 0.0027 0.0177 0.8028 0.9333
-11.6084 -8.4032 23.1428 -0.7810 0.0092 0.6244 0.6504 0.2989
4.3606 40.6181 13.8199 0.0265 0.9996 0.0022 0.5375 0.7458
14.1182 0.7001 -18.9306 0.9989 -0.0031 -0.0468 0.2163 0.2475
14.8189 -1.2986 10.5656 0.9963 0.0854 0.0098 0.3996 0.2599
14.4024 -25.4484 -0.9866 0.9987 -0.0067 0.0501 0.3278 0.4100
13.3295 -3.2250 -23.9714 0.3689 -0.0025 -0.9295 0.1735 0.2802
-14.7318 -36.6153 -5.2762 -0.9967 -0.0813 0.0086 0.8227 0.9807
14.4038 18.7955 -1.4049 0.9997 0.0125 -0.0218 0.3252 0.1350
-14.7088 10.4004 -3.9217 -0.9999 0.0021 0.0125 0.8143 0.6885
-10.7331 -39.4129 23.2389 -0.0809 -0.6912 0.7181 0.3139 0.8093
-11.4556 31.6151 23.1607 -0.9600 0.0669 -0.2720 0.1089 0.5691
-11.4556 31.6151 23.1607 -0.2554 -0.0078 0.9668 0.0939 0.6327
14.4279 35.4032 7.5403 0.9983 -0.0507 0.0300 0.3808 0.0318
-7.8572 -7.4311 23.8248 -0.0809 0.0079 0.9967 0.6271 0.2929
-14.1861 -14.6136 15.8788 -0.9992 -0.0033 0.0409 0.6913 0.8440
-13.8516 38.8769 22.4131 -0.2529 0.8367 0.4858 0.0801 0.6078
-13.8516 38.8769 22.4131 -0.8466 0.3520 0.3992 0.6507 0.5115
-13.8516 38.8769 22.4131 -0.5622 0.3940 0.7271 0.6644 0.0051
14.7729 -13.8663 12.1852 0.9925 0.0793 -0.0927 0.4097 0.3380
6.6089 -41.6337 18.5646 0.0142 -0.9999 0.0005 0.4216 0.7802
14.2068 33.8512 -17.3566 0.9999 -0.0056 -0.0163 0.2261 0.0414
-14.8149 -11.2899 -13.9162 -1.0000 0.0083 0.0009 0.8764 0.8233
-14.0231 -39.2212 -5.7233 0.7021 -0.6273 -0.3370 0.2934 0.6293
-14.4625 -4.0871 7.7792 -0.9995 0.0029 0.0314 0.7416 0.7785
-13.5539 9.0464 -23.9787 -0.4716 -0.0009 -0.8818 0.0064 0.2039
0.5180 -41.3112 -20.1411 0.0102 -0.9995 -0.0309 0.3838 0.5397
14.3909 -2.3303 -7.2944 0.9997 0.0089 -0.0247 0.2886 0.2663
-12.9151 -39.1418 9.4167 -0.4862 -0.8736 -0.0199 0.3003 0.7234
-12.9151 -39.1418 9.4167 -0.8709 -0.4662 -0.1554 0.2011 0.5209
2.1324 40.3078 18.7695 0.0222 0.9971 0.0725 0.5514 0.7766
-14.8033 -9.8855 -14.4094 -1.0000 0.0088 0.0006 0.8795 0.8146
-14.7283 2.4812 -4.4819 -0.9973 -0.0717 0.0154 0.8178 0.7377
-10.2217 16.9781 23.8376 -0.1284 -0.0228 0.9915 0.6418 0.1412
-7.3240 -40.6739 -23.6208 -0.2165 -0.1356 -0.9668 0.0452 0.5129
7.8812 -41.0671 -23.5801 0.0734 -0.0575 -0.9956 0.1397 0.5153
7.8812 -41.0671 -23.5801 -0.0075 -0.9006 -0.4345 0.4295 0.5183
14.4826 -15.1868 -5.2658 0.9998 0.0055 -0.0190 0.3012 0.3462
14.2820 -40.0574 8.1011 0.9953 -0.0973 0.0016 0.3843 0.5008
14.1661 13.4464 -15.5770 1.0000 0.0039 -0.0008 0.2371 0.1682
-9.1296 -40.4308 -23.7213 -0.0508 -0.9188 -0.3914 0.0605 0.6266
-9.1296 -40.4308 -23.7213 -0.0113 -0.7187 -0.6952 0.3238 0.5174
-14.2964 31.5475 15.3564 -0.9997 0.0055 0.0217 0.6945 0.5571
-14.7168 -28.0507 4.6994 -0.9995 0.0008 0.0327 0.7607 0.9275
-7.2868 -41.4002 21.2588 0.0046 -0.9972 0.0750 0.3353 0.7970
-12.9929 39.2818 -11.5803 -0.8017 0.5925 0.0787 0.0540 0.5999
-12.9929 39.2818 -11.5803 -0.9813 0.1870 -0.0457 0.2715 0.7285
0.0343 -38.7781 23.6102 -0.0015 -0.3636 0.9316 0.5781 0.4877
14.7427 4.8953 10.5244 0.9999 0.0031 -0.0164 0.3994 0.2214
-11.4676 -1.6058 23.2411 -0.6652 -0.0003 0.7466 0.6496 0.2567
-10.7537 -40.3111 22.2524 0.2336 -0.8200 0.5226 0.1334 0.6603
-13.0530 29.8059 -4.2927 -0.9901 0.1244 0.0644 0.2126 0.6833
-13.0530 29.8059 -4.2927 -0.5971 0.7654 0.2400 0.0891 0.5481
12.6624 -8.6701 23.1456 0.2232 -0.0172 0.9746 0.4996 0.3006
-14.2243 36.4843 -18.5529 -0.9960 0.0548 -0.0704 0.9053 0.5264
0.1426 -40.7695 21.5621 -0.0346 -0.9547 0.2955 0.1291 0.5926
0.1426 -40.7695 21.5621 -0.0396 0.8211 0.5695 0.1168 0.5898
-0.9703 -40.5924 21.6631 -0.0063 -0.9766 0.2150 0.1297 0.5995
-13.6816 -6.8282 22.1666 -0.7710 -0.0122 0.6367 0.6633 0.2891
11.1442 -41.6998 18.3917 0.0177 -0.9998 0.0116 0.4498 0.7792
14.5902 -12.6215 21.8822 0.9784 -0.0165 0.2059 0.4699 0.3303
-3.9660 11.9677 24.1854 -0.0569 -0.0813 0.9951 0.6029 0.1723
-11.5615 35.6068 23.0832 -0.0691 0.0028 0.9976 0.6501 0.0254
-11.5615 35.6068 23.0832 -0.3467 0.0068 0.9380 0.0734 0.6346
14.3880 -21.6978 -10.8289 0.9997 0.0028 -0.0240 0.2666 0.3867
-12.9650 -39.3925 21.8537 -0.2073 -0.9573 0.2014 0.3000 0.8007
14.5731 -34.0376 1.8331 0.9991 0.0117 0.0397 0.3453 0.4634
5.9026 -9.4153 -24.3671 0.0120 -0.0099 -0.9999 0.1274 0.3186
-14.3923 14.8865 -21.0805 -0.9947 0.0113 -0.1024 0.9210 0.6606
-7.2734 -40.2882 21.9145 0.0248 -0.8598 0.5101 0.1313 0.6387
-11.6314 37.9553 23.7835 -0.6771 0.0012 0.7359 0.6506 0.0108
10.7394 10.1879 -24.1127 0.0427 -0.0024 -0.9991 0.1574 0.1968
14.3176 -29.6056 -13.5886 0.9992 -0.0162 -0.0358 0.2495 0.4358
-13.6163 -14.9385 22.1238 -0.8692 -0.0035 0.4945 0.6525 0.8460
-13.6163 -14.9385 22.1238 -0.6686 -0.0091 0.7436 0.6629 0.3395
14.9120 -6.0912 16.6332 1.0000 0.0034 -0.0064 0.4373 0.2897
-13.5597 38.9518 19.8289 0.2028 0.9792 -0.0041 0.0783 0.5918
14.2928 32.1036 -6.6028 0.9997 0.0008 -0.0237 0.2929 0.0523
-0.1259 -25.9284 -24.4007 0.0300 -0.0081 -0.9995 0.0899 0.4213
-14.8151 -36.1782 -12.5705 -0.9922 -0.1250 -0.0020 0.8681 0.9780
-14.7146 17.1552 -16.4956 -0.9997 0.0034 -0.0236 0.8925 0.6465
6.3689 -41.4861 5.4508 0.0149 -0.9994 -0.0322 0.4201 0.6987
-12.8558 -40.3391 -14.4387 -0.9418 -0.3356 0.0211 0.1937 0.6691
-14.6990 13.3676 -16.8388 -0.9999 -0.0097 -0.0137 0.8946 0.6701
14.4968 -26.1833 4.3387 0.9995 -0.0163 0.0272 0.3609 0.4145
14.0961 -10.3427 -18.3000 0.9992 0.0024 -0.0399 0.2202 0.3161
13.9510 40.1334 -8.1188 0.4454 0.8953 0.0079 0.4779 0.6095
-11.8880 -16.9483 22.6574 -0.3989 -0.0140 0.9169 0.6522 0.3520
-5.3712 -41.1769 -23.6147 0.0314 -0.2545 -0.9666 0.0573 0.5160
-5.3712 -41.1769 -23.6147 -0.0055 -0.9474 -0.3200 0.3472 0.5181
10.0578 -41.1113 -20.1188 0.0782 -0.9969 0.0115 0.4431 0.5398
-12.9724 30.4738 3.7551 -0.7300 0.5777 -0.3652 0.0886 0.5982
-12.9724 30.4738 3.7551 -0.9671 0.2141 -0.1371 0.2167 0.6332
-13.5325 29.9233 3.1536 0.1346 0.8920 -0.4316 0.0921 0.5944
5.5000 13.2251 -24.3115 0.0205 -0.0247 -0.9995 0.1249 0.1779
-13.0875 -32.9185 22.3364 -0.4150 0.0030 0.9098 0.6596 0.4513
14.7867 14.7264 13.5001 0.9995 0.0271 -0.0143 0.4178 0.1603
-7.7749 14.1693 -24.6324 0.0068 0.0087 -0.9999 0.0424 0.1721
14.6122 -2.9552 22.1508 0.8257 -0.0189 0.5638 0.4875 0.2651
14.6122 -2.9552 22.1508 0.9912 -0.0111 0.1322 0.4716 0.2702
14.8205 9.6477 10.2428 0.9979 0.0404 -0.0505 0.3976 0.1919
3.0332 -40.7953 21.4269 0.0586 -0.2838 0.9571 0.0266 0.6276
3.0332 -40.7953 21.4269 0.0901 0.5972 0.7970 0.1159 0.6078
5.9494 -41.3981 0.4223 0.0207 -0.9995 -0.0238 0.4175 0.6675
13.8466 -33.3961 -23.7480 0.9526 0.0117 -0.3039 0.1864 0.4594
13.8466 -33.3961 -23.7480 0.6730 0.0505 -0.7379 0.1767 0.4677
-12.4236 -41.1356 -23.1188 -0.7274 -0.4707 -0.4993 0.1887 0.7231
-12.4236 -41.1356 -23.1188 -0.0175 -0.6821 -0.7310 0.0642 0.6471
-12.4236 -41.1356 -23.1188 -0.6988 -0.7153 -0.0070 0.3033 0.5212
-12.4236 -41.1356 -23.1188 -0.3364 -0.2718 -0.9016 0.0483 0.6087
8.2472 -3.4000 24.0214 0.1195 -0.0188 0.9927 0.5270 0.2678
13.7828 31.4128 -23.7181 0.3585 -0.0549 -0.9319 0.1763 0.0649
-14.7031 1.7712 -18.3527 -0.9997 -0.0068 -0.0245 0.9040 0.7421
14.1274 35.7529 -21.5420 1.0000 -0.0052 -0.0005 0.2001 0.0296
-14.0571 -10.2861 -23.6440 -0.7552 0.0398 -0.6543 0.0033 0.3240
-14.0571 -10.2861 -23.6440 -0.9530 0.0643 -0.2960 0.9369 0.8171
-5.6477 -40.4911 -23.6749 -0.0022 -0.6748 -0.7380 0.3455 0.5177
-14.4343 30.1503 3.8781 -0.6183 0.6867 -0.3823 0.0977 0.5989
-14.4343 30.1503 3.8781 -0.9429 0.3089 -0.1243 0.7659 0.5658
5.2395 20.6478 24.6730 0.0564 0.0066 0.9984 0.5457 0.1184
-13.7685 -39.2912 16.1523 0.1010 -0.9914 -0.0830 0.2950 0.7652
-13.7685 -39.2912 16.1523 -0.9447 -0.3237 0.0530 0.6896 0.9973
5.1417 -40.5755 21.7884 -0.0844 -0.8742 0.4782 0.1305 0.5615
14.4777 -20.0099 -2.9493 0.9978 0.0670 -0.0012 0.3156 0.3762
6.1673 39.7917 22.9286 0.0756 0.8332 0.5478 0.5263 0.8024
6.1673 39.7917 22.9286 0.0149 0.3959 0.9182 0.1762 0.5567
-12.6509 -39.9525 -23.9344 -0.2187 -0.3579 0.9078 0.2096 0.8046
-12.6509 -39.9525 -23.9344 -0.9066 -0.3144 -0.2815 0.1961 0.7281
-12.6509 -39.9525 -23.9344 -0.5459 -0.7302 0.4109 0.3019 0.5161
-12.5421 39.2545 -23.3920 -0.2500 0.9287 -0.2738 0.0512 0.5265
-14.1736 34.6867 20.8543 -1.0000 -0.0046 0.0057 0.6603 0.5376
14.6860 15.5046 12.7660 0.9989 0.0401 -0.0258 0.4133 0.1555
14.4339 -20.1142 0.0560 0.9998 0.0117 0.0150 0.3343 0.3768
-13.6785 31.1153 -23.7345 -0.9567 0.0213 -0.2902 0.9375 0.5598
14.7879 -32.1138 17.1208 0.9995 -0.0053 0.0297 0.4403 0.4514
8.5229 39.7073 -23.3014 0.1016 0.0773 -0.9918 0.1436 0.0133
-7.1835 41.0049 7.4342 0.0068 0.9999 0.0085 0.6093 0.7061
-0.3555 25.2436 -24.4679 0.0237 0.0046 -0.9997 0.0885 0.1032
1.4826 40.6448 12.9861 0.0209 0.9968 0.0778 0.5554 0.7406
4.1492 -41.5766 7.7775 0.0216 -0.9995 -0.0234 0.4063 0.7132
14.6096 26.0968 12.6020 0.9963 0.0845 -0.0121 0.4123 0.0896
-12.5107 -40.4875 9.2942 -0.9475 -0.3194 -0.0151 0.1927 0.5216
-7.6498 -40.9330 -23.1602 -0.3216 -0.7541 -0.5727 0.0639 0.6174
-7.6498 -40.9330 -23.1602 -0.9354 -0.2421 -0.2578 0.2188 0.8059
-7.6498 -40.9330 -23.1602 -0.0506 0.6990 -0.7133 0.0495 0.6383
14.6372 7.5114 7.5366 1.0000 -0.0061 -0.0061 0.3808 0.2051
14.3251 -38.1934 -8.6907 0.9992 -0.0377 -0.0159 0.2799 0.4892
-7.2745 -41.5684 10.0136 -0.0498 -0.9979 -0.0409 0.3353 0.7271
-0.2662 -35.4735 -24.3527 0.0290 -0.0146 -0.9995 0.0890 0.4806
14.4477 1.9607 -4.8762 0.9998 0.0084 -0.0197 0.3036 0.2396
-14.5916 -31.6920 8.0216 -0.9990 -0.0078 0.0430 0.7401 0.9501
-11.5704 -6.2243 23.1522 -0.7860 0.0106 0.6181 0.6502 0.2854
-14.7174 3.3047 -17.8161 -0.9999 0.0005 -0.0161 0.9007 0.7326
-14.9178 -23.0670 -7.0574 -0.9999 0.0087 0.0092 0.8338 0.8965
-6.6358 -41.5084 -11.7182 0.0169 -0.9999 0.0026 0.3393 0.5920
-4.6187 40.9755 4.1477 0.0183 0.9998 0.0074 0.5933 0.6857
-5.8203 -41.5867 -1.3021 0.0134 -0.9998 -0.0153 0.3444 0.6568
13.5231 -40.2825 -23.4831 0.6427 -0.7238 -0.2511 0.4646 0.5189
-13.8893 -1.6489 21.7853 -0.9797 -0.0052 0.2002 0.6546 0.7634
-6.5578 40.8971 15.4589 0.0257 0.9997 -0.0058 0.6054 0.7560
14.0630 11.7273 -20.7363 0.9993 -0.0127 -0.0344 0.2051 0.1789
-6.0471 -41.5399 4.5563 0.0016 -1.0000 0.0032 0.3430 0.6932
-11.6846 38.9972 -24.1146 0.3626 0.3551 -0.8616 0.0181 0.0177
-13.8446 -39.4624 -2.1489 0.0837 -0.9964 0.0152 0.2945 0.6515
14.0477 15.9483 -20.8136 0.9996 0.0038 -0.0292 0.2046 0.1527
-14.6804 14.4808 -17.9326 -0.9995 0.0111 -0.0285 0.9014 0.6631
-7.1474 -5.5798 23.8685 -0.0483 -0.0383 0.9981 0.6227 0.2814
-11.4996 10.8896 23.3638 -0.6515 -0.0026 0.7586 0.6498 0.1790
-10.3286 19.8615 -24.4918 -0.0724 -0.0018 -0.9974 0.0265 0.1367
-11.3914 1.4525 23.3433 -0.6044 -0.0124 0.7966 0.6491 0.2377
14.5856 33.5717 22.8905 0.8517 -0.0167 0.5237 0.4876 0.0381
14.5856 33.5717 22.8905 0.9836 -0.0039 0.1803 0.4762 0.0432
5.0814 38.7165 -23.6698 0.0124 0.7253 -0.6884 0.1478 0.6186
5.0814 38.7165 -23.6698 0.0208 0.4025 -0.9152 0.1223 0.0195
-11.3100 36.6324 23.2430 -0.7269 0.0270 -0.6863 0.1083 0.5379
-11.3100 36.6324 23.2430 -0.7958 -0.0122 0.6055 0.0718 0.6283
-14.5924 13.4329 -20.2974 -0.9882 -0.0005 -0.1531 0.9161 0.6697
-14.4709 22.2344 -20.6068 -0.9771 0.0158 -0.2123 0.9180 0.6150
14.6905 10.2745 11.9011 0.9996 0.0162 -0.0243 0.4079 0.1880
14.5701 3.5440 22.4198 0.7711 -0.0227 0.6364 0.4877 0.2247
14.5701 3.5440 22.4198 0.8719 -0.0135 0.4895 0.4733 0.2298
-13.9196 7.1421 21.7794 -0.9955 0.0104 0.0943 0.6546 0.7088
14.8320 -20.8344 19.1897 0.9978 -0.0043 0.0667 0.4532 0.3813
8.8032 -41.1701 -16.0420 0.0682 -0.9977 0.0066 0.4353 0.5651
5.1553 -41.1569 22.1373 -0.0090 0.7342 0.6789 0.1203 0.6210
14.3300 16.8756 -7.5952 0.9997 0.0090 -0.0236 0.2867 0.1469
14.4357 -28.4227 -1.4927 0.9995 -0.0265 -0.0194 0.3247 0.4285
-4.5105 9.1688 24.2283 -0.1260 -0.0695 0.9896 0.6063 0.1897
-0.6302 40.9277 -23.5377 0.0681 0.7191 -0.6915 0.5685 0.5136
-0.6302 40.9277 -23.5377 -0.0041 0.0022 -1.0000 0.0868 0.0057
-14.4394 35.1737 -14.7127 -0.9982 0.0595 0.0118 0.8814 0.5345
-12.8702 -39.5962 -1.7892 -0.9927 -0.1180 0.0231 0.1983 0.5905
14.6208 -31.4107 -1.0266 0.9999 -0.0119 -0.0053 0.3276 0.4470
8.8535 -40.7102 21.8005 -0.0815 -0.8299 0.5520 0.1306 0.5384
8.8535 -40.7102 21.8005 -0.2237 -0.3177 0.9214 0.5233 0.4997
14.3357 37.5334 -6.0287 0.9998 -0.0143 -0.0148 0.2965 0.0185
-14.5829 -36.3453 4.5594 -0.9978 -0.0629 0.0230 0.7616 0.9790
6.4623 22.8993 24.5747 0.0755 -0.0101 0.9971 0.5381 0.1044
-14.1769 -38.9863 9.9737 -0.8137 -0.5804 0.0319 0.2925 0.7268
-14.1769 -38.9863 9.9737 -0.9578 -0.2847 0.0402 0.7280 0.9954
-13.9827 36.2164 -9.9323 -0.2218 0.3486 0.9107 0.0103 0.5374
3.8210 -7.1683 -24.3749 -0.0030 -0.0211 -0.9998 0.1144 0.3047
6.8554 -41.4304 2.1249 0.0334 -0.9993 -0.0155 0.4232 0.6781
-14.7418 4.0452 -15.2507 -0.9991 0.0290 -0.0294 0.8847 0.7280
7.5594 2.3152 -24.2602 0.0234 0.0295 -0.9993 0.1377 0.2457
-0.1629 40.9690 -23.4487 0.0683 0.6643 -0.7443 0.5656 0.5142
-0.1629 40.9690 -23.4487 -0.0448 0.3466 -0.9369 0.0897 0.0055
2.4338 -3.6150 -24.3839 0.0487 0.0348 -0.9982 0.1058 0.2826
14.7331 -22.1874 10.0775 0.9985 0.0547 0.0020 0.3966 0.3897
-9.7246 41.2319 -7.7039 0.0506 0.9982 0.0336 0.6251 0.6120
-13.5724 29.6321 -4.0849 0.1632 0.9268 0.3383 0.0923 0.5494
-5.5213 -41.5465 7.9159 -0.0192 -0.9997 0.0129 0.3462 0.7140
-13.3799 -36.6311 22.0820 -0.9412 -0.0349 0.3360 0.6527 0.9808
-13.3799 -36.6311 22.0820 -0.8275 -0.0422 0.5599 0.6614 0.4744
9.4639 -29.3368 23.5339 0.1112 -0.0292 0.9934 0.5195 0.4290
1.1181 40.3478 21.2286 0.1089 0.9853 0.1314 0.5577 0.7919
13.0117 -35.2348 -23.7368 -0.1887 0.0194 -0.9818 0.1715 0.4791
-14.6432 25.7006 -2.0705 -0.9999 0.0063 0.0143 0.8028 0.5934
1.6334 40.6235 14.9406 0.0008 0.9999 0.0172 0.5545 0.7528
13.7057 -41.3094 21.2480 0.7974 -0.6033 0.0120 0.4657 0.7969
13.7057 -41.3094 21.2480 0.9320 -0.3619 0.0207 0.4660 0.5086
14.4624 -8.4624 -6.5046 0.9994 -0.0050 -0.0349 0.2935 0.3044
-14.7188 14.2397 -5.4548 -0.9999 0.0036 0.0120 0.8239 0.6646
-14.1751 30.6566 -5.7315 -0.0746 0.8148 0.5749 0.0961 0.5392
-4.2953 8.3351 24.1488 -0.0830 -0.0420 0.9957 0.6050 0.1949
-11.6069 -38.4440 23.5514 -0.3578 -0.1152 0.9267 0.6504 0.4856
5.4926 -18.9664 -24.3207 0.0452 -0.0174 -0.9988 0.1248 0.3780
-9.8200 40.4552 23.2397 0.0850 0.3111 0.9466 0.1804 0.6561
-9.8200 40.4552 23.2397 0.0404 0.6017 0.7977 0.6256 0.8044
-14.4088 14.3588 10.5853 -0.9996 -0.0042 0.0286 0.7242 0.6639
-14.0641 1.2778 -23.5552 -0.7706 0.0215 -0.6369 0.0033 0.2522
-14.0641 1.2778 -23.5552 -0.9640 0.0140 -0.2655 0.9364 0.7452
14.2791 -11.9015 -11.9302 0.9996 -0.0285 -0.0094 0.2598 0.3258
14.6451 6.7242 5.1398 0.9998 0.0093 -0.0159 0.3659 0.2100
9.0382 -41.2218 -23.0691 0.0327 -0.9928 -0.1152 0.4367 0.5215
13.1152 -21.7707 -23.8834 0.0824 -0.0129 -0.9965 0.1722 0.3954
6.3441 40.4756 11.8305 0.0013 0.9990 0.0436 0.5252 0.7334
2.6341 40.4954 18.2234 -0.0610 0.9919 0.1114 0.5482 0.7732
-8.3354 -41.5622 17.3808 -0.0184 -0.9996 0.0208 0.3288 0.7729
-13.1936 -31.4629 22.2683 -0.5955 -0.0012 0.8033 0.6603 0.4422
13.0409 40.2009 15.4524 0.0584 0.9981 0.0183 0.4836 0.7560
-4.8819 38.0645 -24.4376 0.0060 0.0566 -0.9984 0.0603 0.0235
-4.8819 38.0645 -24.4376 0.0151 0.6110 -0.7915 0.1430 0.5567
-14.0318 10.4543 -23.4583 -0.9473 -0.0000 -0.3204 0.9358 0.6882
-12.7971 -40.4868 -12.5707 -0.9732 -0.2295 0.0132 0.1928 0.6575
-12.7971 -40.4868 -12.5707 -0.8405 -0.5418 0.0093 0.3010 0.5867
-12.9827 38.4841 -10.6915 -0.7238 0.3544 0.5920 0.0041 0.5233
-12.9827 38.4841 -10.6915 -0.9440 0.1021 0.3136 0.2665 0.7230
-11.1923 40.0702 23.1519 -0.2118 -0.0941 0.9728 0.1780 0.6646
-0.4913 -41.6466 18.2628 0.0445 -0.9990 0.0103 0.3775 0.7784
13.4137 -6.9449 -23.8860 0.7321 0.0163 -0.6810 0.1740 0.3033
-13.5542 -39.1164 8.0516 -0.2263 -0.9717 -0.0681 0.2963 0.7149
-13.6524 29.2772 -23.8293 -0.7088 0.0492 -0.7037 0.0058 0.0782
-1.7616 29.4608 -24.4967 0.0303 -0.0025 -0.9995 0.0797 0.0770
-11.5390 -27.8305 23.3524 -0.6711 0.0106 0.7413 0.6500 0.4197
14.3125 -39.4303 -3.4097 0.9980 -0.0633 -0.0087 0.3128 0.4969
13.1340 39.2594 23.4067 0.0080 0.7208 0.6931 0.4830 0.8054
14.8447 12.2849 13.3262 0.9986 -0.0425 -0.0303 0.4168 0.1755
14.8285 -18.2089 20.0322 0.9977 -0.0155 0.0660 0.4584 0.3650
-13.9100 30.5697 4.2062 0.1268 0.8313 -0.5411 0.0944 0.6010
14.7263 -33.6029 7.8287 0.9960 -0.0357 0.0819 0.3826 0.4607
8.3425 -41.6700 13.9942 -0.0064 -0.9998 -0.0188 0.4324 0.7518
6.6345 40.7482 -21.3951 0.0478 0.9989 0.0014 0.5234 0.5269
-12.3796 41.5479 -19.5985 -0.6250 0.7805 0.0142 0.6416 0.5381
-6.6292 41.3974 -16.7483 0.0483 0.9987 0.0174 0.6058 0.5558
-12.8697 39.9237 -12.8212 -0.9867 0.1625 -0.0090 0.2755 0.7363
-14.2928 31.4568 16.3165 -1.0000 0.0062 0.0005 0.6885 0.5576
14.8564 13.9133 14.4304 0.9989 -0.0376 -0.0273 0.4236 0.1653
-14.2192 32.5846 -7.9403 -0.4909 0.5880 0.6428 0.0963 0.5255
-14.5117 -37.8731 3.7654 -0.9975 -0.0668 0.0227 0.7666 0.9885
-1.4422 -3.4732 24.2920 -0.1452 0.0195 0.9892 0.5873 0.2683
-2.4442 -41.0645 -23.7790 -0.0168 -0.2945 -0.9555 0.0755 0.5153
-14.6384 -37.6366 -18.0167 -0.9994 -0.0211 -0.0288 0.9019 0.9871
14.9462 4.6145 17.6016 0.9999 0.0123 -0.0005 0.4433 0.2231
2.5134 -41.6210 14.5092 -0.0518 -0.9983 -0.0281 0.3962 0.7550
-7.5696 -40.9984 -23.3899 -0.9351 -0.2424 -0.2587 0.2202 0.8063
-9.5688 -34.3333 23.6667 -0.0556 0.0069 0.9984 0.6378 0.4601
-6.3610 17.0732 24.1862 -0.0749 0.0037 0.9972 0.6178 0.1406
14.1604 4.0840 -15.9586 0.9996 -0.0031 -0.0293 0.2348 0.2264
-1.3671 -6.1330 24.1038 -0.1341 -0.1270 0.9828 0.5868 0.2848
14.7755 -17.5689 10.9800 0.9993 0.0036 0.0384 0.4022 0.3610
14.5598 -25.8654 1.7076 0.9928 -0.0908 -0.0780 0.3446 0.4126
-13.0976 -3.1506 22.5448 -0.2353 -0.0126 0.9719 0.6597 0.2663
0.7836 40.7651 7.3526 0.0135 0.9998 0.0166 0.5597 0.7056
14.5747 34.4541 17.1649 0.9994 0.0305 -0.0134 0.4406 0.0377
13.6849 -40.8728 1.8064 0.4477 -0.8937 -0.0284 0.4656 0.6761
14.7465 5.5924 11.3841 0.9998 -0.0146 -0.0168 0.4047 0.2171
14.1202 -2.5733 -17.8193 0.9998 -0.0035 -0.0211 0.2232 0.2678
7.7225 -7.3573 -24.2814 0.0007 0.0380 -0.9993 0.1387 0.3058
13.9541 -2.9266 -21.6813 0.9984 -0.0179 0.0545 0.1992 0.2700
10.9378 39.2000 -23.2326 0.2235 0.4155 -0.8817 0.1587 0.0165
10.9378 39.2000 -23.2326 0.1920 0.5745 -0.7957 0.1505 0.6550
7.5467 -26.8929 -24.2128 0.0368 -0.0078 -0.9993 0.1376 0.4273
-13.7589 -24.8023 21.6604 -0.9647 -0.0065 0.2634 0.6553 0.9073
14.3864 39.4034 21.9138 0.9878 0.1349 -0.0780 0.4701 0.0069
14.3864 39.4034 21.9138 0.7487 0.6626 0.0198 0.4752 0.7961
-12.8999 38.8531 8.7048 -0.9676 0.2213 -0.1217 0.2688 0.6025
-1.5803 -41.4939 -8.2518 0.0211 -0.9998 -0.0064 0.3707 0.6136
12.5939 39.4431 -23.1164 -0.1485 -0.0931 -0.9845 0.1689 0.0150
-13.9115 -19.3752 -23.9026 -0.5142 -0.0086 -0.8576 0.0042 0.3805
14.6257 -7.7093 2.6654 0.9999 -0.0008 0.0127 0.3505 0.2997
-12.9070 -40.3855 -19.4115 -0.9352 -0.3541 -0.0021 0.1934 0.7000
14.2409 -23.6867 -15.8794 0.9995 0.0028 -0.0302 0.2353 0.3990
-12.5762 40.6894 11.1458 -0.7588 0.6513 0.0079 0.6428 0.7292
-13.6767 -39.2643 15.5368 0.3555 -0.9347 0.0041 0.2956 0.7614
-14.7014 13.3416 -3.5940 -0.9999 0.0046 0.0118 0.8123 0.6702
-1.0910 -11.7980 24.1981 -0.0861 -0.0210 0.9961 0.5851 0.3200
-14.7858 -13.8556 -4.4221 -0.9999 0.0083 0.0119 0.8174 0.8393
10.3814 -28.0965 23.4456 0.1385 -0.0200 0.9902 0.5138 0.4213
14.8591 -23.5220 16.5175 0.9998 -0.0122 0.0140 0.4366 0.3980
-8.6107 -41.5701 1.9802 0.0147 -0.9997 0.0204 0.3270 0.6772
-11.4998 34.4321 23.2768 -0.9967 0.0193 -0.0785 0.1081 0.5516
-11.4998 34.4321 23.2768 -0.8355 0.0502 0.5472 0.0730 0.6420
14.5812 -22.2890 4.0905 0.9985 0.0543 -0.0102 0.3594 0.3903
-9.0258 16.1678 23.7977 -0.1440 0.0050 0.9896 0.6344 0.1462
2.6379 40.9407 -14.9078 0.0468 0.9989 0.0001 0.5482 0.5673
13.2235 -8.9388 -23.9657 0.1195 -0.0099 -0.9928 0.1729 0.3157
-12.4645 40.7769 17.3949 -0.5687 0.8225 0.0070 0.6421 0.7680
-12.4645 40.7769 17.3949 -0.9128 0.4081 0.0153 0.2808 0.5485
14.3599 37.3957 1.6142 0.9995 -0.0305 0.0008 0.3440 0.0194
8.2470 37.9593 -24.1750 0.0420 0.1516 -0.9875 0.1419 0.0242
-2.9263 40.4631 22.0750 0.0500 0.9908 0.1256 0.5828 0.7971
14.8647 3.4165 15.0454 0.9992 0.0060 -0.0408 0.4275 0.2306
-11.3833 -41.0757 22.4259 -0.1998 -0.1228 0.9721 0.0288 0.5914
2.1041 -41.0624 22.1247 0.0106 0.7955 0.6058 0.1203 0.6020
8.4288 -41.5996 10.3401 0.0116 -0.9997 -0.0222 0.4329 0.7291
-12.7961 38.7346 7.6894 -0.9932 0.0730 -0.0906 0.2681 0.6088
1.6041 40.1177 22.7773 0.0247 0.8570 0.5147 0.5546 0.8015
-13.4513 0.2856 22.4665 -0.5483 -0.0145 0.8361 0.6619 0.2449
14.7946 -18.4641 6.7486 0.9943 -0.1067 0.0076 0.3759 0.3666
14.1195 40.0139 -22.7666 0.9915 0.1106 -0.0692 0.1924 0.0031
14.1195 40.0139 -22.7666 0.7095 0.6898 -0.1442 0.4769 0.5184
13.2384 -0.5528 -23.9212 0.3779 0.0281 -0.9254 0.1730 0.2636
-13.9133 -23.7132 19.7667 -0.9972 -0.0076 0.0745 0.6671 0.9005
14.4851 -37.7968 10.3211 0.9968 -0.0794 0.0049 0.3981 0.4867
14.7966 24.2792 15.9654 0.9996 -0.0240 0.0141 0.4332 0.1009
7.4032 -40.4637 22.1271 -0.0524 -0.7308 0.6806 0.1326 0.5474
14.5551 -4.8645 -0.9263 0.9994 -0.0077 -0.0352 0.3282 0.2820
-12.0542 -28.7785 22.5277 -0.1877 -0.0052 0.9822 0.6532 0.4256
14.5380 32.7272 11.1434 0.9993 0.0116 -0.0345 0.4032 0.0484
3.4620 8.5576 -24.2354 0.1378 0.0036 -0.9905 0.1122 0.2069
-14.6059 -36.5902 2.0848 -0.9974 -0.0679 0.0221 0.7770 0.9806
-14.7275 3.8849 -17.2122 -0.9999 -0.0134 -0.0066 0.8969 0.7290
5.5538 -39.0410 23.4855 0.0308 -0.2294 0.9728 0.5438 0.4893
14.5936 -34.2304 6.5879 0.9899 0.0967 -0.1035 0.3749 0.4646
-13.7354 -39.3945 -23.3329 -0.0227 -0.9993 0.0287 0.2952 0.5198
-12.7623 39.0785 20.0822 -0.6615 0.7499 0.0071 0.0734 0.5933
-14.4051 29.2219 -2.2973 -0.8696 0.4844 0.0959 0.8042 0.5715
-14.4051 29.2219 -2.2973 -0.1539 0.9769 0.1480 0.0975 0.5605
6.2063 2.0443 -24.3004 0.0164 0.0153 -0.9997 0.1292 0.2474
-4.8320 40.5338 22.5762 0.0724 0.9700 0.2322 0.5946 0.8002
-6.2750 -41.3468 22.3343 0.0538 -0.8664 0.4965 0.3416 0.8037
2.3194 -41.2354 -23.1119 0.0213 -0.9894 -0.1438 0.3950 0.5212
7.2317 -12.4323 23.9950 0.0935 -0.0059 0.9956 0.5333 0.3240
-12.7818 40.7306 -8.4617 -0.8622 0.5065 0.0074 0.6441 0.6073
-12.7818 40.7306 -8.4617 -0.9696 0.2445 0.0076 0.2805 0.7092
-11.3935 40.8686 23.2408 -0.4021 0.3964 0.8254 0.1829 0.6659
-11.3935 40.8686 23.2408 0.0251 0.9110 0.4117 0.6354 0.8044
-6.9727 6.6924 -24.6796 0.0200 0.0037 -0.9998 0.0473 0.2185
-14.9241 -33.0879 -10.9341 -0.9999 -0.0143 -0.0077 0.8579 0.9588
14.1499 6.6990 -18.2519 0.9994 0.0069 -0.0353 0.2205 0.2102
-4.4967 41.2236 -23.4851 0.0626 0.8610 -0.5047 0.5926 0.5140
13.1415 -41.6203 16.3347 0.1778 -0.9835 -0.0324 0.4622 0.7664
-14.2181 -5.8047 14.6327 -0.9985 0.0158 0.0530 0.6990 0.7892
9.6911 -16.5983 23.6511 0.1116 -0.0179 0.9936 0.5181 0.3499
-9.0480 38.8059 23.8755 0.0147 0.7144 0.6996 0.6208 0.8083
12.6104 -7.9467 -24.0372 0.0822 -0.0074 -0.9966 0.1690 0.3095
-8.2533 -23.9043 23.7112 -0.1011 -0.0140 0.9948 0.6296 0.3953
14.5208 -29.4224 -3.9127 0.9999 -0.0017 -0.0136 0.3096 0.4347
14.8827 9.6437 20.2815 0.9972 0.0099 0.0739 0.4600 0.1919
14.2884 -13.3855 -12.7594 0.9996 0.0050 -0.0271 0.2546 0.3350
-6.2714 40.8915 12.2279 0.0300 0.9991 0.0306 0.6036 0.7359
-14.1640 38.8339 -13.3898 -0.9657 0.2597 -0.0024 0.8732 0.5118
-14.1640 38.8339 -13.3898 -0.8611 0.5083 0.0062 0.0613 0.5886
14.8213 6.5576 15.0030 0.9994 -0.0355 -0.0038 0.4272 0.2111
-5.5495 -40.2220 22.0890 -0.0415 -0.8953 0.4435 0.1324 0.6279
9.0454 -41.7226 17.5175 -0.0026 -1.0000 0.0065 0.4368 0.7737
-14.6745 22.4699 -10.0253 -0.9999 0.0111 -0.0125 0.8523 0.6135
-14.2381 14.3240 14.3476 -0.9993 -0.0208 0.0302 0.7008 0.6641
-11.6743 37.7601 23.5498 -0.9900 -0.1396 0.0189 0.1064 0.5309
7.6631 -22.5985 -24.2470 0.0296 0.0033 -0.9996 0.1383 0.4006
-13.1611 37.3735 -10.3701 -0.7664 0.2492 0.5920 0.0052 0.5302
-11.4997 6.8537 23.2882 -0.6662 -0.0116 0.7457 0.6498 0.2041
-8.7186 41.0176 6.8893 0.0404 0.9992 0.0041 0.6188 0.7027
-11.4888 28.3430 23.6105 -0.9379 -0.0054 0.3469 0.1061 0.5895
-11.4888 28.3430 23.6105 -0.6797 -0.0166 0.7333 0.6497 0.0705
-12.6759 32.7278 -24.4185 -0.2408 -0.0321 -0.9700 0.0119 0.0567
14.3833 35.0544 3.8094 0.9990 0.0397 0.0228 0.3576 0.0340
10.3176 40.3827 11.9094 0.0494 0.9987 0.0148 0.5005 0.7339
-14.4191 30.7364 -18.0497 -0.9994 0.0231 -0.0243 0.9021 0.5621
-6.2611 -41.5424 17.2558 -0.0025 -1.0000 -0.0024 0.3416 0.7721
8.0928 -24.6209 23.7423 0.0981 -0.0046 0.9952 0.5280 0.3997
-2.9802 -7.3586 24.1329 -0.0159 -0.0129 0.9998 0.5968 0.2924
-11.7315 -23.9785 23.0982 -0.9946 -0.0126 0.1029 0.1597 0.5779
-11.7315 -23.9785 23.0982 -0.7166 0.0098 0.6974 0.6512 0.3957
-12.9568 -39.2020 -3.7397 -0.8423 -0.5290 -0.1038 0.3000 0.6416
-12.9568 -39.2020 -3.7397 -0.9698 -0.2417 -0.0332 0.2007 0.6026
-13.2008 39.2643 -23.6837 -0.1968 0.9729 -0.1210 0.0553 0.5247
-13.9262 19.4856 22.0000 -0.9872 -0.0066 0.1597 0.6532 0.6320
-14.6824 5.4085 -0.5818 -0.9999 0.0019 0.0152 0.7936 0.7195
-14.5208 -39.1227 -1.2392 -0.9926 -0.1198 0.0188 0.7977 0.9963
-14.5208 -39.1227 -1.2392 -0.6202 -0.7839 0.0298 0.2903 0.6571
-13.8835 -39.0169 -7.3320 0.2880 -0.9571 0.0305 0.2943 0.6193
13.9465 -23.7404 -21.9295 0.9981 0.0033 -0.0607 0.1977 0.3994
-3.0752 6.6828 -24.5720 0.0336 -0.0028 -0.9994 0.0716 0.2186
-11.8093 -36.6755 22.6061 -0.5530 0.0308 0.8326 0.0190 0.5699
6.1676 -41.4530 2.8322 0.0345 -0.9994 0.0033 0.4189 0.6824
2.9579 40.8473 -6.4256 0.0401 0.9988 0.0272 0.5462 0.6200
-11.5436 -22.9387 23.2748 -0.7145 0.0109 0.6996 0.6500 0.3893
14.4132 -15.4939 -8.5617 0.9995 0.0110 -0.0289 0.2807 0.3481
-11.3587 40.7033 23.3357 -0.1968 0.0606 0.9786 0.1819 0.6656
-11.3587 40.7033 23.3357 0.1239 0.5139 0.8489 0.6352 0.8049
-13.0908 38.7897 22.6254 -0.0417 0.8230 0.5666 0.0754 0.6091
-3.5170 7.0638 24.2777 -0.0621 0.0358 0.9974 0.6001 0.2028
-14.3445 36.7321 -15.7953 -0.9969 0.0783 0.0010 0.8881 0.5249
14.7104 26.2596 16.8680 0.9988 -0.0488 -0.0046 0.4388 0.0886
-14.4413 29.3401 -2.9590 -0.8559 0.4989 0.1360 0.8083 0.5708
-14.4413 29.3401 -2.9590 -0.6087 0.7678 0.2001 0.0977 0.5564
4.8457 -15.4079 -24.3787 0.0076 -0.0101 -0.9999 0.1208 0.3559
-14.8320 -35.9796 -11.2022 -0.9942 -0.1076 0.0009 0.8596 0.9768
13.8730 40.2257 -22.9301 0.4425 0.8212 -0.3603 0.4784 0.5174
-7.4683 -11.2458 -24.7117 0.0125 0.0033 -0.9999 0.0443 0.3300
-11.4939 41.1963 1.5967 0.0954 0.9954 0.0075 0.6360 0.6698
14.5388 -20.2829 -4.4806 0.9961 0.0880 -0.0045 0.3061 0.3779
-12.9504 29.9308 2.6509 -0.9959 -0.0753 0.0500 0.2134 0.6401
-14.0355 -36.9094 15.4791 -0.9965 -0.0307 0.0771 0.6938 0.9825
-13.9962 39.0798 21.6232 -0.3348 0.9407 0.0548 0.0810 0.6029
14.4537 -15.5314 -6.8805 0.9997 0.0065 -0.0219 0.2912 0.3483
-13.6176 29.0401 -1.8565 0.1224 0.9848 0.1235 0.0926 0.5633
-14.4943 1.8885 2.3515 -0.9993 -0.0316 0.0198 0.7753 0.7414
-14.9021 -27.0915 -15.5293 -0.9997 -0.0054 -0.0240 0.8865 0.9215
-1.3064 25.8486 -24.4848 0.0238 0.0120 -0.9996 0.0826 0.0995
14.3273 -36.5675 -12.9863 0.9997 -0.0231 -0.0105 0.2532 0.4791
-14.7360 -3.5374 -5.3686 -1.0000 0.0023 0.0087 0.8233 0.7751
13.7634 -22.6604 -23.7240 0.9294 0.0021 -0.3691 0.1865 0.3927
13.7634 -22.6604 -23.7240 0.8448 0.0094 -0.5350 0.1762 0.4009
-1.3105 -25.6291 24.0421 -0.0332 -0.0111 0.9994 0.5864 0.4060
-8.4018 -39.9355 -24.1935 0.0076 -0.6133 -0.7898 0.3283 0.5145
-11.7720 -41.2067 17.5147 -0.7856 -0.6186 0.0123 0.3074 0.7737
-13.2353 -38.9390 -9.9823 0.3969 -0.9179 0.0028 0.2983 0.6028
14.1911 -38.5392 -16.9830 0.9994 -0.0259 -0.0246 0.2284 0.4913
-13.8274 15.9081 22.3092 -0.8242 -0.0111 0.5662 0.6642 0.1478
-8.4374 11.3469 23.8945 -0.0313 -0.0727 0.9969 0.6307 0.1762
3.5227 36.6636 24.4776 -0.0006 0.0695 0.9976 0.5564 0.0188
14.6633 -10.7320 5.0865 0.9996 -0.0022 -0.0279 0.3656 0.3185
-11.5865 -39.4695 22.2881 -0.4336 -0.4483 0.7816 0.0387 0.5927
-11.7519 -4.0801 22.8085 -0.8125 -0.0069 0.5829 0.6513 0.2721
14.3860 39.5472 -1.7761 0.8628 0.5055 0.0053 0.4752 0.6489
14.3860 39.5472 -1.7761 0.9992 0.0397 -0.0070 0.3229 0.0060
14.4233 29.2385 4.0672 0.9994 0.0308 -0.0151 0.3592 0.0701
14.9181 11.9568 14.5846 0.9997 0.0199 -0.0160 0.4246 0.1775
14.7107 27.8432 20.4805 0.9986 0.0109 0.0518 0.4612 0.0788
14.8554 -18.4120 19.1444 0.9989 -0.0141 0.0444 0.4529 0.3662
14.0273 36.8614 23.6768 0.5378 0.0003 0.8431 0.4911 0.0176
14.9096 20.6348 18.3784 0.9984 0.0317 -0.0471 0.4482 0.1236
2.7589 -18.7192 -24.3989 0.0569 0.0052 -0.9984 0.1078 0.3765
-11.7234 -30.8826 22.6711 -0.9397 -0.0480 0.3386 0.1623 0.6208
-11.7234 -30.8826 22.6711 -0.5937 -0.0050 0.8046 0.0185 0.5339
-2.2140 39.1754 23.3180 0.0104 0.8303 0.5573 0.5784 0.8048
-2.2140 39.1754 23.3180 0.0221 0.2384 0.9709 0.1724 0.6088
-10.2753 -36.2171 23.6402 -0.0448 0.0107 0.9989 0.6422 0.4718
-5.1053 -41.4595 21.2080 -0.0131 -0.9925 0.1212 0.3488 0.7967
1.7738 40.7950 4.4358 0.0453 0.9990 0.0060 0.5536 0.6875
6.0839 -40.9085 21.6348 0.0587 0.1293 0.9899 0.0259 0.6086
6.0839 -40.9085 21.6348 0.0456 0.9027 0.4278 0.1172 0.6267
14.1466 -4.5947 -15.5846 0.9990 0.0020 -0.0451 0.2371 0.2804
14.7511 25.8405 18.8155 0.9990 0.0431 -0.0097 0.4509 0.0912
-14.3137 2.3788 12.6811 -0.9938 -0.1069 0.0314 0.7111 0.7384
6.3712 39.0269 23.3403 0.0205 0.8739 0.4858 0.5250 0.8050
14.0667 39.8860 -23.1795 0.9766 0.0802 -0.1997 0.1899 0.0039
14.0667 39.8860 -23.1795 0.4473 0.6809 -0.5799 0.4772 0.5159
14.0667 39.8860 -23.1795 0.4555 0.1253 -0.8814 0.1781 0.0122
10.2240 -21.9792 -24.1324 0.0621 0.0071 -0.9980 0.1542 0.3967
6.8754 39.9197 22.5935 0.0522 0.9195 0.3896 0.5219 0.8003
-3.6759 -41.5087 -13.3296 0.0101 -0.9999 0.0047 0.3577 0.5820
-12.9734 31.5378 -5.6827 -0.9954 0.0729 0.0615 0.2233 0.6919
14.3750 19.2040 -2.5542 0.9998 0.0107 -0.0166 0.3181 0.1325
14.7331 18.1230 9.5407 0.9969 -0.0549 -0.0567 0.3932 0.1392
-14.5432 0.7429 4.2912 -0.9995 0.0221 0.0231 0.7633 0.7485
13.5267 33.0195 -23.9297 0.0970 0.0210 -0.9951 0.1747 0.0549
-14.7489 13.1884 -13.0320 -0.9998 0.0027 0.0195 0.8710 0.6712
14.1435 33.0988 -19.9693 0.9997 -0.0084 -0.0208 0.2098 0.0461
-12.9681 38.9710 12.5055 -0.8761 0.4809 0.0357 0.2695 0.5788
-12.9681 38.9710 12.5055 -0.5485 0.8325 0.0782 0.0747 0.5462
14.0823 -1.3723 -18.8731 0.9997 -0.0008 -0.0237 0.2166 0.2603
6.5534 -41.3165 -6.9905 0.0344 -0.9993 -0.0134 0.4213 0.6214
-3.8086 -41.4802 21.1341 -0.0111 -0.9964 0.0844 0.3569 0.7962
9.4157 -41.0738 -23.5874 0.0237 -0.9568 -0.2896 0.4391 0.5183
9.4157 -41.0738 -23.5874 -0.0149 -0.0050 -0.9999 0.1492 0.5154
-14.3973 31.2976 -18.5504 -0.9999 0.0094 -0.0095 0.9052 0.5586
14.6491 -17.0482 4.5836 0.9995 -0.0078 0.0300 0.3624 0.3578
-2.4227 4.0153 24.0248 -0.2337 0.0117 0.9722 0.5933 0.2217
14.1515 -39.7365 -15.7919 0.9804 -0.1965 -0.0138 0.2358 0.4988
-14.5956 -39.1139 -14.9985 -0.9577 -0.2875 -0.0097 0.8832 0.9962
-6.7590 27.3462 -24.6087 0.0085 0.0036 -1.0000 0.0487 0.0902
-14.6418 12.4697 -19.2901 -0.9991 -0.0025 -0.0420 0.9098 0.6756
9.9991 -0.1460 -24.1741 0.0456 0.0063 -0.9989 0.1528 0.2610
8.4369 -41.6170 11.7578 -0.0028 -0.9999 -0.0139 0.4330 0.7379
-12.8680 10.4187 -24.2187 -0.1232 -0.0108 -0.9923 0.0107 0.1954
14.3537 -19.8392 -11.7418 0.9995 0.0054 -0.0317 0.2610 0.3751
14.5798 -15.2714 21.8801 0.9765 -0.0028 0.2156 0.4699 0.3467
-14.0662 38.5081 22.2832 -0.8269 0.1290 0.5474 0.6657 0.0074
-14.0662 38.5081 22.2832 -0.9230 0.1712 0.3446 0.6515 0.5138
1.1306 -24.8715 24.1261 -0.0187 -0.0180 0.9997 0.5713 0.4013
-1.8725 -41.6281 15.3168 -0.0125 -0.9999 -0.0020 0.3689 0.7600
-12.9220 -39.0853 -2.1907 -0.7365 -0.6742 0.0546 0.3002 0.6512
-12.9220 -39.0853 -2.1907 -0.9921 -0.1191 0.0394 0.2015 0.5930
-14.7508 12.7408 -14.6994 -0.9998 0.0136 -0.0112 0.8813 0.6740
14.7876 -12.7854 11.4691 0.9873 -0.1174 0.1075 0.4052 0.3313
9.1921 -41.6933 21.4872 -0.0358 -0.9993 0.0141 0.4377 0.7984
14.6861 3.5596 7.9034 0.9999 -0.0057 -0.0112 0.3831 0.2297
-14.9130 -20.9181 -9.8448 -0.9999 0.0107 0.0028 0.8511 0.8832
-11.6531 41.5444 -12.4560 -0.0089 0.9992 0.0379 0.6370 0.5825
-14.2030 -23.6114 15.7294 -0.9982 -0.0031 0.0599 0.6922 0.8999
-2.0947 41.0337 -23.5002 0.0274 0.4652 -0.8848 0.0777 0.0051
-2.0947 41.0337 -23.5002 0.0404 0.5028 -0.8634 0.5776 0.5139
13.9443 -4.3892 -21.5445 0.9998 -0.0188 -0.0025 0.2000 0.2791
14.8718 -17.0704 19.5285 0.9988 -0.0193 0.0440 0.4553 0.3579
-14.7020 14.9769 -12.0241 -1.0000 0.0055 0.0079 0.8647 0.6601
-14.6069 -39.1163 -13.6021 -0.9939 -0.1098 -0.0053 0.8745 0.9963
-14.6069 -39.1163 -13.6021 -0.8495 -0.5275 -0.0035 0.2898 0.5803
-6.0497 -19.2654 -24.6557 0.0278 -0.0051 -0.9996 0.0531 0.3798
14.2734 -9.1067 -13.0141 0.9995 0.0017 -0.0313 0.2531 0.3084
7.2431 -22.0631 -24.2551 0.0321 -0.0185 -0.9993 0.1357 0.3972
-0.7379 40.8847 4.0345 0.0240 0.9997 0.0059 0.5692 0.6850
-7.4983 -41.5661 6.4115 -0.1989 -0.9794 0.0341 0.3340 0.7047
13.3240 -37.6142 22.7971 0.3108 -0.0022 0.9505 0.4955 0.4805
11.9247 40.3414 -2.9710 0.0815 0.9967 0.0062 0.4905 0.6415
-14.4063 32.6085 12.3276 -0.9998 -0.0073 0.0184 0.7133 0.5505
-13.1383 -39.3294 2.9963 -0.0692 -0.9113 -0.4059 0.2989 0.6835
-13.1383 -39.3294 2.9963 -0.5996 -0.4051 -0.6902 0.1999 0.5608
-6.9010 -24.2758 23.7912 -0.0499 -0.0029 0.9987 0.6212 0.3976
14.2076 -6.5089 -14.7907 0.9996 -0.0009 -0.0278 0.2420 0.2923
-14.0802 -13.9141 -23.7299 -0.8121 0.0130 -0.5834 0.0032 0.3466
0.4538 41.0251 -23.3556 0.0397 0.9449 -0.3250 0.5618 0.5148
14.8780 -23.5474 15.4968 0.9999 -0.0105 0.0020 0.4303 0.3982
14.5615 13.2118 4.0789 0.9997 0.0025 -0.0244 0.3593 0.1697
14.3897 39.4787 3.7759 0.9875 0.1573 0.0040 0.3574 0.0065
-12.1555 41.5842 -14.8090 -0.3390 0.9401 0.0357 0.6402 0.5679
-13.0599 35.1159 7.3626 -0.6591 0.2855 -0.6957 0.0190 0.6060
-14.7531 -7.9412 -5.3126 -1.0000 0.0060 0.0059 0.8230 0.8025
-3.1793 16.6414 24.3577 -0.0957 -0.0619 0.9935 0.5980 0.1433
-14.2954 32.2719 17.6892 -0.9995 0.0012 0.0313 0.6800 0.5526
14.5039 36.0600 16.4190 0.9991 0.0403 -0.0165 0.4360 0.0277
5.3494 -24.2986 -24.2825 0.0091 0.0011 -1.0000 0.1239 0.4111
6.4611 40.8115 -15.6162 0.0356 0.9993 0.0115 0.5245 0.5629
14.3027 -39.3192 16.6772 0.9931 -0.1161 0.0182 0.4376 0.4962
-6.2085 -20.2216 -24.6489 0.0221 -0.0106 -0.9997 0.0521 0.3858
7.8627 -40.9506 21.6896 -0.0469 0.8747 0.4823 0.1176 0.6378
9.4198 -8.3594 23.7971 0.1344 -0.0088 0.9909 0.5197 0.2987
8.0610 -9.1523 23.9652 0.1104 -0.0101 0.9938 0.5282 0.3036
-14.7331 -36.3495 -1.6532 -0.9970 -0.0735 0.0236 0.8002 0.9791
-14.1810 -39.1081 7.4489 -0.3284 -0.9445 0.0008 0.2924 0.7111
-11.5362 14.9526 23.3265 -0.8426 -0.0047 0.5386 0.6500 0.1538
-11.5362 14.9526 23.3265 -0.8661 0.0019 0.4999 0.1132 0.6617
-7.6724 -25.9483 23.7501 -0.0736 0.0009 0.9973 0.6260 0.4080
-5.9102 -40.4184 21.7196 -0.0014 -0.8821 0.4710 0.1301 0.6302
-5.9102 -40.4184 21.7196 0.0793 -0.4709 0.8786 0.0037 0.5974
-7.3450 18.2625 -24.6203 0.0103 0.0031 -0.9999 0.0450 0.1466
5.2326 -33.9237 23.7478 0.0577 -0.0379 0.9976 0.5458 0.4575
-13.1995 38.6248 8.9092 -0.6060 0.4892 -0.6273 0.0182 0.5842
-13.1995 38.6248 8.9092 -0.1122 0.8409 -0.5295 0.0761 0.5239
-13.9809 37.1175 -10.2778 -0.3538 0.3499 0.8674 0.0103 0.5318
-11.9862 -40.3656 22.1788 -0.5096 0.0252 0.8601 0.0332 0.5952
14.7594 20.2820 11.1662 0.9986 0.0475 -0.0218 0.4033 0.1258
-14.3291 9.2982 13.4708 -0.9995 -0.0010 0.0310 0.7062 0.6954
-7.4595 40.9850 8.5315 -0.0074 0.9998 0.0160 0.6110 0.7129
-12.9661 30.0541 2.2024 -0.9995 0.0258 -0.0185 0.2141 0.6429
14.5740 -8.9987 22.0525 0.8040 -0.0124 0.5945 0.4877 0.3026
14.5740 -8.9987 22.0525 0.9848 0.0008 0.1737 0.4710 0.3077
12.5218 39.2037 23.3596 -0.1410 0.7736 0.6178 0.4868 0.8051
-11.9792 -41.1498 12.5430 -0.5903 -0.8070 0.0169 0.3061 0.7428
14.8590 -24.3397 15.9841 0.9999 -0.0156 0.0056 0.4333 0.4031
-14.7622 -4.5475 -13.8422 -1.0000 0.0039 0.0016 0.8760 0.7814
12.1622 40.3059 2.6016 0.0783 0.9969 0.0010 0.4890 0.6761
-9.1462 -4.7171 -24.6960 -0.0180 -0.0065 -0.9998 0.0338 0.2894
-1.6178 -41.5090 21.3042 -0.0466 -0.9967 0.0671 0.3705 0.7973
-14.6091 -2.6461 2.3341 -0.9998 0.0044 0.0210 0.7754 0.7696
-13.1952 -39.4051 21.7821 -0.0301 -0.9781 0.2062 0.2986 0.8002
14.4819 12.0477 -0.5441 0.9998 0.0083 -0.0184 0.3306 0.1769
-11.8509 -37.6415 23.1024 -0.9949 0.0818 -0.0592 0.1597 0.6628
-9.7662 5.1999 23.7072 -0.1649 -0.0161 0.9862 0.6390 0.2144
-14.6273 26.7875 -12.7301 -0.9997 0.0198 0.0163 0.8691 0.5867
-0.7050 -40.4392 -23.8015 0.0932 -0.3072 -0.9471 0.0863 0.5114
-14.6001 -36.2055 -19.6144 -0.9986 -0.0298 -0.0428 0.9119 0.9782
-13.6725 27.0433 22.6428 -0.6193 -0.0101 0.7851 0.6633 0.0786
-12.5775 -40.0262 -24.3454 0.1270 -0.2356 -0.9635 0.0125 0.5089
-12.5775 -40.0262 -24.3454 -0.1274 -0.8503 -0.5107 0.3024 0.5135
7.4317 -28.3999 23.7523 0.0836 -0.0224 0.9962 0.5321 0.4232
-11.2948 39.8100 23.1428 -0.3981 0.1940 0.8966 0.1764 0.6652
-12.1586 25.8968 22.9415 -0.2071 0.0102 0.9783 0.6539 0.0858
14.2789 17.7377 -8.5952 0.9994 0.0067 -0.0339 0.2805 0.1416
14.2018 24.9466 -11.7963 0.9999 -0.0036 -0.0096 0.2606 0.0968
14.2036 -39.9666 21.8324 0.9840 -0.1733 0.0409 0.4696 0.5002
-14.3891 33.5320 -18.9252 -0.9793 0.0603 -0.1932 0.9076 0.5447
-14.2620 -39.3964 -20.1110 -0.1396 -0.9902 0.0082 0.2919 0.5399
14.5677 38.8995 22.7746 0.9823 0.1613 0.0955 0.4755 0.0101
-12.7784 40.4265 3.3977 -0.9812 0.1927 0.0083 0.2786 0.6355
9.0846 40.5059 6.0100 0.0510 0.9987 0.0091 0.5081 0.6973
6.1503 18.8069 -24.2582 0.0370 0.0840 -0.9958 0.1289 0.1432
14.5306 4.9789 -0.3839 0.9998 0.0035 -0.0203 0.3316 0.2209
14.7808 -10.4810 13.0132 0.9994 -0.0325 0.0152 0.4148 0.3170
6.6289 -41.3090 -17.5277 0.0345 -0.9994 0.0093 0.4218 0.5559
14.5836 1.7417 1.6663 0.9998 0.0084 -0.0204 0.3443 0.2410
14.4733 -18.4432 -5.3261 0.9993 -0.0257 -0.0271 0.3008 0.3664
13.9053 28.6314 -23.6589 0.9343 0.0116 -0.3563 0.1869 0.0739
13.9053 28.6314 -23.6589 0.7404 -0.0428 -0.6708 0.1771 0.0822
14.6647 -24.0722 1.9457 0.9967 -0.0451 -0.0673 0.3460 0.4014
-10.2666 -40.2658 22.1317 0.1701 -0.8363 0.5212 0.1326 0.6573
4.0878 5.2950 24.5412 0.0466 -0.0232 0.9986 0.5529 0.2138
14.5295 35.3765 15.3208 0.9990 0.0444 -0.0072 0.4292 0.0320
14.3318 16.3583 -7.1660 1.0000 0.0034 0.0036 0.2894 0.1501
0.2962 -40.6187 -23.5836 0.1190 -0.2612 -0.9579 0.0925 0.5126
14.4041 32.8479 2.8417 0.9999 0.0023 -0.0115 0.3516 0.0477
14.3571 30.5411 -0.0590 1.0000 -0.0029 -0.0092 0.3336 0.0620
-14.7015 15.7366 -4.6290 -0.9999 0.0026 0.0150 0.8187 0.6553
14.2369 34.0082 -12.1092 0.9999 -0.0114 -0.0029 0.2587 0.0405
14.3617 26.3995 -3.0915 0.9992 -0.0371 -0.0178 0.3147 0.0877
-12.9352 -39.4706 -8.0799 -0.9802 -0.1978 0.0096 0.1991 0.6296
-4.1684 -21.3431 -24.5811 0.0311 -0.0069 -0.9995 0.0648 0.3928
-7.5848 -41.5541 -8.1204 0.0519 -0.9986 0.0051 0.3334 0.6144
-14.4549 -1.4064 7.8894 -0.9995 0.0021 0.0318 0.7409 0.7619
1.3532 40.8315 1.1836 0.0138 0.9998 0.0136 0.5562 0.6673
14.7321 -1.5178 21.4324 0.9932 -0.0125 0.1157 0.4671 0.2612
-14.3226 1.8115 9.0490 -0.9994 -0.0260 0.0242 0.7337 0.7419
-1.8628 40.4581 21.7152 0.1031 0.9900 0.0967 0.5762 0.7949
14.7923 -20.2408 20.1421 0.9977 -0.0142 0.0664 0.4591 0.3776
-13.8841 18.6753 -23.6231 -0.7560 0.0059 -0.6546 0.0044 0.1440
-13.8841 18.6753 -23.6231 -0.9594 0.0121 -0.2820 0.9368 0.6371
2.9465 -41.4407 0.0465 0.0114 -0.9999 0.0118 0.3989 0.6651
-12.9500 -39.3435 -9.4143 -0.9835 -0.1809 0.0094 0.1999 0.6379
-11.5122 32.6414 23.1489 -0.9846 -0.0141 -0.1743 0.1089 0.5627
-11.5122 32.6414 23.1489 -0.3022 -0.0107 0.9532 0.0942 0.6263
14.3447 13.5967 -6.8904 0.9998 0.0101 -0.0183 0.2911 0.1673
14.5808 2.5277 22.3705 0.8007 -0.0121 0.5989 0.4877 0.2310
14.5808 2.5277 22.3705 0.8721 -0.0145 0.4891 0.4730 0.2361
-13.8126 -32.6651 -24.1472 -0.1923 0.0138 -0.9812 0.0048 0.4631
-4.9455 21.6449 24.3039 0.0752 -0.0235 0.9969 0.6090 0.1122
-14.3891 -36.7803 -22.6264 -0.9975 0.0083 -0.0695 0.9306 0.9817
14.3844 -1.0563 -7.4760 0.9996 -0.0058 -0.0269 0.2875 0.2584
13.7714 10.6550 -23.5939 0.7791 -0.0028 -0.6269 0.1763 0.1939
14.6985 -2.4522 7.0360 0.9996 0.0194 -0.0195 0.3777 0.2671
-4.9237 20.2237 -24.6107 0.0225 0.0044 -0.9997 0.0601 0.1344
12.6188 -1.7898 -24.0495 0.0760 -0.0009 -0.9971 0.1691 0.2712
14.7540 15.6822 14.1082 0.9959 -0.0798 -0.0418 0.4216 0.1544
-14.0475 -2.1693 -23.6296 -0.5609 0.0013 -0.8279 0.0034 0.2736
-14.0475 -2.1693 -23.6296 -0.9480 0.0121 -0.3180 0.9368 0.7666
7.8194 40.7109 -10.9796 0.0449 0.9989 0.0101 0.5160 0.5917
8.3783 -41.1954 22.1605 -0.0234 0.4009 0.9158 0.5262 0.5027
8.3783 -41.1954 22.1605 -0.0278 0.7194 0.6941 0.1205 0.6410
14.1672 35.7505 -19.1780 0.9997 -0.0016 -0.0245 0.2148 0.0296
4.3434 16.1620 -24.1827 0.0392 -0.1421 -0.9891 0.1177 0.1597
3.6871 38.8178 -23.6569 0.0256 0.3196 -0.9472 0.1136 0.0189
14.1675 9.9165 -16.3743 0.9999 -0.0056 -0.0095 0.2322 0.1902
3.2942 -40.8999 21.4758 0.0705 0.8263 0.5588 0.1162 0.6094
-0.3691 40.9939 -10.9275 0.0313 0.9994 0.0171 0.5669 0.5920
-5.2939 41.3347 -16.6142 0.0460 0.9988 0.0139 0.5975 0.5567
-1.6166 -19.9807 24.0971 -0.0524 -0.0170 0.9985 0.5883 0.3709
-13.3866 39.1464 -23.8759 -0.3701 0.8361 -0.4049 0.0564 0.5235
-13.3866 39.1464 -23.8759 -0.7348 0.3275 -0.5939 0.0075 0.0168
-13.3866 39.1464 -23.8759 -0.9077 0.2106 -0.3630 0.9383 0.5099
-14.6322 -10.5561 -20.6718 -0.9946 0.0074 -0.1031 0.9184 0.8188
-12.9909 32.1475 -6.6102 -0.9905 0.1003 0.0945 0.2271 0.6977
2.2333 -41.3445 22.2486 0.0227 0.1402 0.9899 0.5644 0.5037
9.6375 16.9108 -23.9803 0.1390 0.0341 -0.9897 0.1506 0.1550
13.8734 34.8481 23.7339 0.4433 -0.0267 0.8960 0.4921 0.0301
-10.0473 -6.5706 -24.6544 -0.0544 0.0031 -0.9985 0.0282 0.3009
-14.6128 10.1678 2.3181 -0.9998 0.0041 0.0187 0.7756 0.6900
-11.4033 29.9531 23.7258 -0.6697 -0.0204 0.7423 0.6492 0.0605
-12.2507 -14.6956 22.5572 -0.2484 -0.0172 0.9685 0.6544 0.3380
-14.2482 19.2389 16.4323 -0.9985 -0.0056 0.0548 0.6878 0.6336
-13.6137 -24.1981 21.9628 -0.8897 -0.0126 0.4564 0.6535 0.9035
-13.6137 -24.1981 21.9628 -0.8080 -0.0061 0.5891 0.6629 0.3971
-12.4836 39.2278 -24.2769 -0.3121 0.8243 -0.4724 0.0508 0.5210
13.4528 -6.1296 -23.8333 0.6545 -0.0024 -0.7560 0.1743 0.2982
-13.8861 -26.0197 19.9302 -0.9972 -0.0049 0.0748 0.6661 0.9149
-13.8404 -33.4382 -24.1570 -0.3083 0.0103 -0.9512 0.0047 0.4679
1.1643 -37.8158 -24.2514 0.0372 -0.0345 -0.9987 0.0979 0.4951
0.2731 41.0636 -17.2957 0.0507 0.9987 -0.0012 0.5629 0.5524
14.1635 18.4474 -13.6334 0.9995 0.0128 -0.0285 0.2492 0.1372
14.8092 22.6750 18.4492 0.9999 0.0084 -0.0116 0.4486 0.1109
1.9566 16.0628 -24.3971 0.0369 -0.0007 -0.9993 0.1028 0.1603
-8.6922 -40.5666 21.9663 0.0739 0.7344 0.6746 0.1193 0.5349
-13.4820 -39.6882 -24.1875 -0.6857 -0.6492 -0.3292 0.2968 0.5145
14.5867 21.2015 10.7294 0.9978 0.0657 0.0128 0.4006 0.1200
0.3598 -41.5291 16.2044 -0.0284 -0.9996 -0.0004 0.3828 0.7656
14.3571 -12.2214 -10.0579 0.9987 -0.0272 -0.0427 0.2714 0.3278
14.6504 -31.2330 7.1901 0.9956 0.0766 -0.0535 0.3786 0.4459
14.9022 -18.2435 14.6757 0.9995 -0.0123 -0.0291 0.4252 0.3652
1.8034 40.7717 8.9516 0.0449 0.9990 -0.0046 0.5534 0.7156
-2.8815 -40.6959 21.5227 -0.0671 -0.3815 0.9219 0.0020 0.5786
-2.8815 -40.6959 21.5227 -0.0322 0.5870 0.8090 0.1165 0.5710
14.7459 16.5044 12.0550 0.9960 -0.0807 -0.0381 0.4089 0.1492
-3.7979 -41.4878 -15.9805 0.0092 -0.9998 -0.0167 0.3570 0.5655
4.4001 39.9736 22.8113 0.0316 0.8359 0.5479 0.5373 0.8017
-6.4530 12.1995 24.0644 -0.0521 -0.1261 0.9906 0.6184 0.1709
0.0277 -41.2712 -21.9170 0.0006 -1.0000 0.0099 0.3807 0.5286
13.5597 -15.1747 22.8593 0.3050 -0.0069 0.9523 0.4940 0.3410
14.5566 28.4923 10.6057 0.9999 -0.0099 -0.0105 0.3999 0.0747
6.4945 40.6496 2.9988 0.0413 0.9991 -0.0112 0.5242 0.6786
14.6535 -13.5485 5.0291 0.9924 -0.1163 -0.0412 0.3652 0.3360
14.6559 27.6016 13.6240 0.9990 0.0012 -0.0453 0.4186 0.0803
-9.8420 -41.4864 7.8549 0.0069 -0.9999 0.0083 0.3194 0.7137
-4.0218 40.3749 22.8042 0.0608 0.9217 0.3832 0.5896 0.8016
-14.6293 11.0672 -19.3058 -0.9996 0.0039 -0.0268 0.9099 0.6844
9.5911 11.8013 -24.1903 0.0186 -0.0253 -0.9995 0.1503 0.1868
-9.0899 41.5810 -21.3545 0.0662 0.9948 0.0775 0.6211 0.5272
-11.4478 16.0812 23.4755 -0.6223 -0.0185 0.7825 0.6494 0.1468
-11.4478 16.0812 23.4755 -0.8661 0.0019 0.4999 0.1122 0.6547
-4.7554 40.8474 -23.5549 0.0215 0.0377 -0.9991 0.0611 0.0062
-13.2835 29.0315 0.8340 -0.3980 0.9080 -0.1304 0.0905 0.5800
-11.0749 -35.6656 -24.3888 -0.0490 0.0043 -0.9988 0.0218 0.4818
5.4609 -41.3276 -8.2403 0.0246 -0.9997 -0.0058 0.4145 0.6136
-13.0006 -39.0402 -8.4596 -0.5456 -0.8381 0.0041 0.2998 0.6123
-13.0006 -39.0402 -8.4596 -0.9877 -0.1561 0.0033 0.2017 0.6320
4.5258 40.7763 -5.7812 0.0250 0.9996 0.0152 0.5365 0.6240
-14.6978 21.5154 -4.9655 -1.0000 0.0040 0.0077 0.8208 0.6194
11.3485 38.4826 24.2610 0.0177 0.5621 0.8268 0.4941 0.8107
11.3485 38.4826 24.2610 0.0821 0.0133 0.9965 0.5078 0.0075
2.1974 40.6323 14.8121 0.0733 0.9969 0.0288 0.5510 0.7520
-6.6827 -41.5498 18.3622 -0.0016 -1.0000 0.0070 0.3390 0.7790
4.0719 4.5614 -24.2665 -0.0946 -0.0823 -0.9921 0.1160 0.2318
-8.8802 -41.4512 18.8154 -0.0758 -0.9969 0.0203 0.3254 0.7818
-14.6823 10.6827 -17.1420 -1.0000 0.0085 -0.0046 0.8965 0.6868
12.4566 -35.7494 -23.6868 0.0194 -0.0302 -0.9994 0.1681 0.4823
-14.7419 5.3025 -5.0929 -0.9999 0.0049 0.0104 0.8216 0.7202
-13.2158 39.4533 -22.2535 -0.4711 0.8766 -0.0987 0.0554 0.5336
-9.3553 -41.4048 20.3449 0.1154 -0.9933 -0.0002 0.3224 0.7913
13.9369 -5.4386 22.8545 0.4900 -0.0207 0.8715 0.4917 0.2805
14.7883 -22.7925 12.3752 0.9995 0.0084 -0.0291 0.4109 0.3935
14.2456 -2.6598 -13.6626 0.9996 -0.0027 -0.0288 0.2490 0.2683
14.7145 5.0736 8.7160 1.0000 0.0056 -0.0076 0.3881 0.2203
-13.6435 -39.2547 18.4354 -0.9236 -0.3805 0.0468 0.6754 0.9971
-6.3926 18.4568 24.1758 -0.0876 0.0906 0.9920 0.6180 0.1320
14.5432 -14.4290 4.5423 0.9996 -0.0003 -0.0288 0.3622 0.3415
-12.7186 -40.2960 0.2794 -0.9861 -0.1627 0.0326 0.1939 0.5776
-12.7186 -40.2960 0.2794 -0.8337 -0.5522 -0.0039 0.3015 0.6666
-4.1668 2.7482 24.0960 -0.0339 0.0492 0.9982 0.6042 0.2296
8.7317 -31.1927 -24.0999 0.0661 -0.0171 -0.9977 0.1449 0.4540
-13.0107 38.9243 18.7101 -0.2495 0.9682 -0.0166 0.0749 0.5848
14.2095 29.4482 -8.4423 0.9996 -0.0204 -0.0185 0.2815 0.0688
-11.5951 38.8133 23.8116 -0.8463 0.4364 0.3055 0.1048 0.5244
-11.5951 38.8133 23.8116 -0.4131 0.1624 0.8961 0.6504 0.0055
-11.5951 38.8133 23.8116 -0.2865 0.7704 0.5696 0.6367 0.8079
-11.5199 37.2929 23.4252 -0.8367 -0.2320 -0.4961 0.1072 0.5338
-14.7484 -24.3958 2.9848 -0.9997 0.0066 0.0246 0.7714 0.9048
-12.9275 -39.2394 -5.7624 -0.9760 -0.2178 0.0044 0.2005 0.6152
13.5177 -24.3495 -23.8140 0.2311 -0.0045 -0.9729 0.1747 0.4114
7.9545 14.8869 24.3727 0.1095 -0.0208 0.9938 0.5289 0.1542
-12.9993 38.6766 8.8195 -0.9052 0.3678 -0.2128 0.2677 0.6018
-12.9993 38.6766 8.8195 -0.4203 0.7562 -0.5015 0.0748 0.5233
-4.4042 -4.8524 -24.6074 0.0285 -0.0030 -0.9996 0.0633 0.2903
-14.6289 27.4898 -1.9304 -0.9999 0.0084 0.0113 0.8020 0.5823
14.5136 -2.6956 -2.4628 0.9998 0.0021 -0.0219 0.3186 0.2686
-14.2603 30.7606 -21.1400 -0.9965 0.0155 -0.0816 0.9213 0.5620
11.0294 40.5322 -12.5846 0.0658 0.9976 0.0202 0.4961 0.5817
4.3045 -41.3682 -4.8019 0.0066 -0.9995 -0.0313 0.4073 0.6350
-8.9281 3.9566 -24.6483 -0.0340 -0.0044 -0.9994 0.0352 0.2355
9.4678 8.2426 -24.1850 0.0342 0.0130 -0.9993 0.1495 0.2089
14.1956 6.8534 -15.8968 0.9985 0.0364 -0.0404 0.2351 0.2092
9.2514 -39.7750 22.9269 -0.0448 -0.7214 0.6910 0.4381 0.8073
14.0114 -20.3697 22.5681 0.5703 -0.0074 0.8214 0.4912 0.3733
-13.0260 8.2045 22.7102 -0.2034 -0.0086 0.9791 0.6592 0.1957
14.5855 -10.9450 1.3823 0.9978 -0.0229 0.0616 0.3425 0.3198
-0.2843 -15.8862 -24.4731 0.0363 0.0020 -0.9993 0.0889 0.3588
14.1849 11.1736 -15.9910 0.9999 0.0027 -0.0116 0.2346 0.1824
11.3746 -40.9663 -19.6708 0.1269 -0.9918 0.0160 0.4513 0.5426
9.0331 -41.1825 -6.4848 0.0815 -0.9966 -0.0136 0.4367 0.6245
-11.8323 31.7989 23.0453 -0.2641 -0.0067 0.9645 0.6518 0.0491
-11.8323 31.7989 23.0453 -0.3042 -0.0025 0.9526 0.0962 0.6315
-3.7975 4.2804 -24.5718 0.0285 -0.0082 -0.9996 0.0671 0.2335
-3.4326 8.3572 24.1711 -0.0049 -0.0335 0.9994 0.5996 0.1948
14.6870 -19.5282 4.4089 0.9982 0.0586 0.0119 0.3613 0.3732
-8.9330 41.0206 8.8220 0.0500 0.9987 0.0051 0.6201 0.7147
3.8487 -2.3442 24.4403 0.0515 -0.0141 0.9986 0.5544 0.2613
14.7241 17.1267 10.3330 0.9970 -0.0630 -0.0447 0.3982 0.1454
-14.3784 32.4693 13.4198 -0.9994 -0.0051 0.0348 0.7066 0.5513
4.6147 27.8424 -24.3330 0.0326 -0.0002 -0.9995 0.1194 0.0871
6.4047 16.2493 24.5350 0.0767 -0.0077 0.9970 0.5385 0.1457
-8.0408 41.0023 7.2535 0.0041 1.0000 0.0085 0.6146 0.7050
-14.6264 21.3874 -17.3829 -0.9992 0.0197 -0.0359 0.8980 0.6202
-14.0444 0.3962 -23.6074 -0.6411 0.0111 -0.7674 0.0034 0.2577
-14.0444 0.3962 -23.6074 -0.9068 0.0047 -0.4215 0.9367 0.7507
-4.1951 -41.5990 16.4622 -0.0239 -0.9997 -0.0027 0.3545 0.7672
-13.6987 -39.5084 -24.0221 -0.5552 -0.8303 -0.0488 0.2954 0.5156
-14.4112 -37.3781 7.6854 -0.9971 -0.0647 0.0404 0.7422 0.9855
14.6277 -13.5295 11.4827 0.9989 -0.0233 0.0396 0.4053 0.3359
6.7395 16.7350 -24.2662 0.0178 -0.0302 -0.9994 0.1326 0.1561
6.4106 -32.0106 23.7322 0.0736 -0.0307 0.9968 0.5384 0.4456
3.8181 -41.3559 -7.3027 -0.0102 -0.9997 -0.0214 0.4043 0.6195
-14.4153 34.6663 11.2508 -0.9998 0.0221 0.0005 0.7200 0.5377
-1.9048 -40.3396 22.3035 -0.0502 -0.5965 0.8011 0.1337 0.6053
-1.9048 -40.3396 22.3035 0.0192 -0.4235 0.9057 0.0361 0.6296
14.5741 -4.8780 8.7743 1.0000 0.0095 -0.0017 0.3885 0.2821
-2.0145 -37.4427 -24.3713 0.0296 -0.0186 -0.9994 0.0782 0.4928
13.5672 2.6196 23.1122 0.2675 -0.0068 0.9635 0.4940 0.2304
0.7028 -27.1075 24.1077 -0.0289 -0.0043 0.9996 0.5739 0.4152
-14.4776 29.0307 -1.4947 -0.9033 0.4283 0.0236 0.7992 0.5727
14.2849 24.7120 -6.1955 0.9999 0.0102 -0.0092 0.2954 0.0982
-14.3618 18.0210 -22.0047 -0.9922 0.0137 -0.1238 0.9267 0.6411
3.4211 -41.3544 -12.7631 0.0134 -0.9999 0.0096 0.4018 0.5855
-12.9445 30.2505 3.2093 -0.9936 0.0969 -0.0583 0.2153 0.6366
14.6185 -36.3602 16.9739 0.9974 -0.0697 0.0198 0.4394 0.4778
5.4473 -41.2949 22.2167 -0.0030 0.2756 0.9613 0.5444 0.5034
-7.4253 1.9002 -24.6787 0.0167 0.0031 -0.9999 0.0445 0.2483
12.7111 -31.8834 -23.7600 -0.0556 -0.0190 -0.9983 0.1697 0.4583
5.4299 -14.5686 24.1242 0.0847 -0.0194 0.9962 0.5445 0.3372
-0.1927 -41.4514 -13.2605 0.0215 -0.9998 0.0047 0.3794 0.5824
0.3708 -41.5491 8.7500 0.1108 -0.9923 0.0557 0.3829 0.7192
-14.6891 21.6997 -15.5765 -0.9996 0.0114 -0.0263 0.8868 0.6183
-12.8555 39.1849 12.3850 -0.9596 -0.0198 0.2808 0.2709 0.5796
-12.8555 39.1849 12.3850 -0.8247 0.5357 0.1811 0.0740 0.5455
-11.7330 25.1013 23.1105 -0.9452 0.0184 0.3260 0.1092 0.6096
-11.7330 25.1013 23.1105 -0.4006 -0.0057 0.9162 0.6512 0.0907
14.1704 38.8705 -20.0891 0.9999 -0.0097 -0.0135 0.2091 0.0102
2.2596 -39.9229 22.3817 -0.0464 -0.5108 0.8584 0.1342 0.5794
2.2596 -39.9229 22.3817 -0.0123 -0.8085 0.5884 0.3946 0.8040
-11.8895 -27.8638 22.5650 -0.8416 0.0393 0.5387 0.1630 0.6020
-11.8895 -27.8638 22.5650 -0.2357 -0.0055 0.9718 0.6522 0.4199
14.6465 -36.0819 4.5967 0.9825 -0.1857 0.0120 0.3625 0.4761
13.8732 25.6532 -23.5636 0.8774 -0.0111 -0.4797 0.1875 0.0924
13.8732 25.6532 -23.5636 0.4462 -0.0182 -0.8948 0.1769 0.1007
-14.3587 -6.6623 11.2177 -0.9993 0.0016 0.0362 0.7202 0.7946
-14.9041 -27.2341 -3.9172 -0.9999 0.0039 0.0143 0.8143 0.9224
-13.3452 -34.2461 22.1449 -0.5995 0.0076 0.8003 0.6612 0.4595
6.8468 -41.0944 -23.3432 -0.5446 -0.2947 -0.7852 0.1332 0.5155
6.8468 -41.0944 -23.3432 -0.1392 -0.8830 -0.4483 0.4231 0.5198
14.1862 39.8492 -18.0796 0.8515 0.5243 0.0069 0.4764 0.5476
14.1862 39.8492 -18.0796 0.9956 0.0935 -0.0034 0.2216 0.0042
14.3356 -2.0479 -9.8594 0.9998 0.0078 -0.0178 0.2727 0.2645
-14.3076 -21.7872 13.9983 -0.9988 0.0012 0.0485 0.7030 0.8886
-14.0749 -15.8230 -23.7793 -0.5271 -0.0059 -0.8498 0.0032 0.3585
-14.0749 -15.8230 -23.7793 -0.9615 0.0097 -0.2745 0.9377 0.8515
-14.2638 31.5858 5.6099 -0.9086 0.3134 -0.2760 0.7551 0.5568
-14.2638 31.5858 5.6099 -0.2463 0.6851 -0.6855 0.0966 0.6097
14.7440 5.6862 6.9861 0.9990 0.0138 -0.0420 0.3774 0.2165
14.6587 18.4986 7.9094 0.9995 0.0160 -0.0255 0.3831 0.1368
-7.3814 -41.4927 -2.0285 -0.0280 -0.9996 0.0022 0.3347 0.6522
-5.1992 25.2101 24.3160 -0.0734 -0.0130 0.9972 0.6106 0.0900
-7.9569 28.8344 24.1700 -0.0839 -0.0177 0.9963 0.6277 0.0675
-14.7767 5.2549 -9.0972 -1.0000 0.0019 0.0041 0.8465 0.7205
1.2980 -41.5771 20.5309 -0.0528 -0.9952 0.0820 0.3886 0.7924
14.4016 -3.7497 -7.7508 0.9997 0.0108 -0.0236 0.2858 0.2751
14.7922 -22.8793 19.2375 0.9994 -0.0079 0.0327 0.4535 0.3940
-3.3040 40.1860 23.0646 0.0488 0.8565 0.5139 0.5851 0.8033
-3.3040 40.1860 23.0646 0.0270 0.3917 0.9197 0.1787 0.6156
0.0775 40.7567 11.5665 0.0430 0.9989 0.0160 0.5641 0.7318
14.4548 32.4537 5.3213 0.9998 0.0188 0.0049 0.3670 0.0501
14.7956 -28.6649 5.3983 0.9998 0.0178 -0.0042 0.3675 0.4300
-13.6716 -38.9273 1.0580 0.2165 -0.9763 0.0038 0.2956 0.6714
14.0054 -40.0348 -18.2042 0.7094 -0.7045 -0.0204 0.4676 0.5517
14.0054 -40.0348 -18.2042 0.9624 -0.2704 -0.0259 0.2208 0.5006
-14.8682 -34.9098 -12.8781 -0.9995 -0.0280 -0.0143 0.8700 0.9701
0.5885 40.6795 14.0853 0.0615 0.9972 0.0419 0.5610 0.7475
14.0464 5.0149 -20.4909 0.9991 0.0007 -0.0425 0.2066 0.2206
-14.3176 16.1889 14.2784 -0.9996 -0.0156 0.0247 0.7012 0.6525
-14.3179 37.5013 10.0532 -0.9983 0.0560 -0.0128 0.7275 0.5201
14.3323 -26.2848 -12.8586 0.9996 0.0106 -0.0247 0.2540 0.4152
-13.5596 -39.4696 -23.8130 -0.0718 -0.9038 0.4220 0.2963 0.5168
-12.6832 39.0166 22.1948 -0.6779 0.6958 0.2374 0.0729 0.6065
-12.6832 39.0166 22.1948 -0.8713 0.4861 0.0669 0.2022 0.7320
14.1944 28.6162 -8.7332 0.9978 0.0625 -0.0210 0.2797 0.0740
7.2913 40.7405 -12.2087 0.0480 0.9988 0.0079 0.5193 0.5840
-14.4259 33.1450 7.3874 -0.9843 0.1178 -0.1313 0.7440 0.5471
14.6136 7.0027 3.3426 0.9997 0.0185 -0.0153 0.3547 0.2083
-13.9233 -39.1410 -13.7146 0.3959 -0.9165 -0.0576 0.2940 0.5796
14.3796 -19.3160 -9.9768 0.9999 0.0026 -0.0100 0.2719 0.3719
-6.2135 -41.3492 -21.9931 0.0291 -0.9993 -0.0218 0.3419 0.5282
-14.3210 -12.6508 -22.8278 -0.9659 -0.0032 -0.2590 0.9318 0.8318
0.9600 40.5782 16.3971 0.0376 0.9985 0.0410 0.5586 0.7618
7.6651 40.4144 15.6179 0.1777 0.9828 0.0500 0.5170 0.7570
-14.8681 -22.7684 -17.3750 -0.9995 -0.0000 -0.0321 0.8979 0.8947
-13.2547 32.2955 6.0804 0.5185 0.4727 -0.7125 0.1619 0.6765
-13.2547 32.2955 6.0804 0.0301 0.5538 -0.8321 0.0903 0.6126
-13.2547 32.2955 6.0804 0.3937 0.4361 -0.8092 0.0178 0.6235
-5.6315 40.9333 11.5750 0.0476 0.9972 0.0582 0.5996 0.7319
-12.0764 41.5035 -12.5595 -0.2565 0.9657 0.0403 0.6397 0.5819
-7.9874 -37.4994 23.7222 -0.0215 -0.0001 0.9998 0.6279 0.4798
7.7890 -41.3135 -3.3728 0.0461 -0.9983 -0.0349 0.4290 0.6439
14.1537 36.1829 -23.0633 0.9877 -0.0072 -0.1565 0.1906 0.0269
-12.9353 30.6846 3.1585 -0.9987 0.0467 -0.0213 0.2180 0.6369
-14.2858 33.8506 16.7099 -1.0000 -0.0016 -0.0037 0.6861 0.5428
-14.4433 -23.2968 11.2760 -0.9989 0.0031 0.0471 0.7199 0.8979
-9.6325 39.1459 23.5224 0.0505 0.7122 0.7002 0.6245 0.8061
-14.4253 6.2734 -21.7814 -0.9852 0.0011 -0.1716 0.9253 0.7142
1.5784 -39.9950 22.3279 -0.0142 -0.5091 0.8606 0.1339 0.5836
1.5784 -39.9950 22.3279 0.0218 -0.7165 0.6972 0.3904 0.8036
1.5784 -39.9950 22.3279 0.1094 -0.2956 0.9490 0.0383 0.6080
-14.5210 -39.2610 -12.6487 -0.5607 -0.8280 0.0032 0.2903 0.5862
-14.5210 -39.2610 -12.6487 -0.8664 -0.4994 0.0023 0.8686 0.9972
14.3573 17.5329 -5.5635 0.9997 0.0039 -0.0244 0.2994 0.1428
-11.5741 41.0015 21.0392 -0.0790 0.9967 0.0174 0.6365 0.7907
2.8129 40.8708 -8.2087 0.0592 0.9982 0.0039 0.5471 0.6089
14.5574 17.9922 6.0120 0.9992 -0.0005 -0.0400 0.3713 0.1400
-14.3478 11.9105 12.5274 -0.9997 0.0038 0.0259 0.7121 0.6791
14.1638 12.6379 -15.8693 1.0000 0.0062 -0.0052 0.2353 0.1733
6.7030 -41.6324 14.8694 0.0328 -0.9994 -0.0072 0.4222 0.7573
-1.1053 41.0676 -12.4808 0.0409 0.9988 0.0250 0.5715 0.5823
-14.2380 -17.6068 14.7182 -0.9986 0.0158 0.0505 0.6985 0.8626
6.9230 -18.5702 -24.2987 0.0315 0.0063 -0.9995 0.1337 0.3755
14.5692 -22.9610 -1.0486 0.9937 -0.0175 0.1103 0.3274 0.3945
-6.7135 40.9038 16.3288 0.0943 0.9921 0.0825 0.6063 0.7614
14.6286 25.4636 14.2382 0.9967 0.0706 -0.0394 0.4224 0.0936
-10.4264 41.0285 13.5036 0.0226 0.9997 0.0102 0.6294 0.7438
14.3803 39.2267 -3.6740 1.0000 0.0038 -0.0074 0.3111 0.0080
2.9756 40.7670 3.2275 0.0166 0.9998 0.0058 0.5461 0.6800
-0.5410 -37.4567 23.7295 0.0086 -0.0702 0.9975 0.5817 0.4795
14.1038 2.8088 -19.3818 0.9994 -0.0021 -0.0345 0.2135 0.2344
2.7613 40.5707 14.2321 0.0322 0.9980 0.0549 0.5474 0.7484
0.2209 41.0758 -18.7802 0.0435 0.9990 -0.0114 0.5632 0.5432
-12.8756 25.6554 -24.3295 -0.2666 -0.0100 -0.9638 0.0107 0.1007
-14.5308 19.3774 6.6219 -0.9998 -0.0105 0.0148 0.7488 0.6327
1.7644 -41.5250 4.1295 -0.0198 -0.9993 -0.0313 0.3915 0.6905
14.5666 32.3801 22.9112 0.8562 0.0023 0.5167 0.4878 0.0455
14.5666 32.3801 22.9112 0.9823 0.0028 0.1874 0.4763 0.0506
-11.5840 -7.3870 23.1550 -0.7676 0.0108 0.6409 0.6503 0.2926
-14.4365 -35.9474 9.3110 -0.9979 -0.0509 0.0411 0.7321 0.9766
-3.6002 41.3327 -22.2304 0.0646 0.9978 0.0163 0.5870 0.5218
-2.9015 40.6317 19.3182 0.0251 0.9990 0.0357 0.5826 0.7800
14.5961 25.4275 9.7291 0.9999 0.0064 -0.0123 0.3944 0.0938
-14.9010 -19.8709 -12.1882 -0.9999 0.0110 -0.0009 0.8657 0.8766
-12.7567 -40.2656 -1.2674 -0.9459 -0.3241 0.0139 0.1941 0.5873
-10.4177 -21.3846 23.4514 -0.1266 0.0088 0.9919 0.6430 0.3796
11.3400 -41.5692 22.0589 0.0031 -0.6344 0.7730 0.4510 0.8019
11.3400 -41.5692 22.0589 0.0123 -0.1925 0.9812 0.5078 0.5051
-12.3278 -40.6058 13.1392 -0.8967 -0.4394 0.0543 0.0846 0.6383
-11.5636 29.6882 23.1553 -0.9998 0.0068 0.0164 0.1089 0.5811
-11.5636 29.6882 23.1553 -0.3274 -0.0083 0.9448 0.6502 0.0622
-11.5636 29.6882 23.1553 -0.3401 0.0379 0.9396 0.0946 0.6446
14.5993 -2.3982 3.1093 0.9988 -0.0201 -0.0449 0.3533 0.2667
-14.3641 16.7384 -21.4194 -0.9995 0.0187 0.0271 0.9231 0.6491
14.0203 10.6633 -21.5130 0.9992 -0.0132 -0.0377 0.2002 0.1855
14.6446 14.4316 10.0250 0.9981 0.0536 -0.0314 0.3962 0.1621
-14.2678 3.6709 14.8566 -0.9993 0.0177 0.0317 0.6976 0.7303
6.7318 -41.0173 -23.2951 -0.5237 -0.2791 -0.8049 0.1325 0.5150
6.7318 -41.0173 -23.2951 0.8031 -0.5935 -0.0527 0.4224 0.5201
6.7318 -41.0173 -23.2951 0.9421 0.1845 -0.2801 0.2540 0.8058
-14.1512 -2.4424 14.8220 -0.9991 0.0384 -0.0156 0.6978 0.7683
-11.6958 38.4455 -24.3909 0.2271 0.2139 -0.9501 0.0180 0.0212
6.9159 39.1795 23.1808 0.0231 0.6585 0.7522 0.5216 0.8040
6.9159 39.1795 23.1808 0.0140 0.3893 0.9210 0.1724 0.5521
14.8812 -21.8999 15.6069 1.0000 -0.0063 0.0029 0.4309 0.3879
14.8024 19.0143 17.7903 0.9999 -0.0103 -0.0019 0.4445 0.1336
-10.6230 -12.7707 -24.6563 -0.1057 0.0118 -0.9943 0.0247 0.3395
14.7940 -15.7917 10.4879 0.9995 0.0019 -0.0314 0.3991 0.3500
-14.1809 -1.9893 16.3596 -0.9988 0.0026 0.0481 0.6883 0.7655
-13.8477 1.8053 -23.7470 -0.5688 0.0120 -0.8224 0.0046 0.2489
13.4192 -4.4008 -23.8972 0.5824 -0.0107 -0.8128 0.1741 0.2875
14.5649 -3.0114 0.1450 0.9998 -0.0187 -0.0111 0.3348 0.2705
-13.9660 24.3303 22.0868 -0.9712 -0.0218 0.2373 0.6527 0.6019
-12.5421 39.0305 22.5341 -0.9900 -0.1388 0.0264 0.2699 0.5165
-12.5421 39.0305 22.5341 -0.6243 0.2286 0.7470 0.1715 0.6730
-12.5421 39.0305 22.5341 -0.6842 0.6827 0.2567 0.0720 0.6086
-14.6579 -0.2843 -1.1318 -0.9998 0.0132 0.0169 0.7970 0.7549
-14.0492 0.6398 18.1526 -0.9995 0.0084 0.0316 0.6771 0.7492
-6.2446 24.9866 -24.6186 0.0084 -0.0037 -1.0000 0.0519 0.1048
-14.7843 4.0152 -11.2826 -1.0000 -0.0060 0.0005 0.8601 0.7282
-3.9971 -9.9176 -24.6208 0.0342 0.0027 -0.9994 0.0658 0.3218
14.6238 0.0178 7.6206 0.9985 -0.0544 -0.0110 0.3813 0.2517
10.1257 -3.2456 23.7719 0.1428 -0.0320 0.9892 0.5154 0.2669
-14.6997 17.0706 -11.2124 -0.9996 0.0100 -0.0273 0.8596 0.6471
-13.8369 35.9581 22.6248 -0.7031 -0.0145 0.7109 0.6643 0.0232
-14.3377 -0.4341 11.3369 -0.9994 0.0029 0.0345 0.7195 0.7558
9.2116 -0.7157 -24.2204 0.0354 0.0164 -0.9992 0.1479 0.2646
-6.1073 1.0866 24.0714 -0.0845 0.0274 0.9960 0.6162 0.2399
14.8205 24.7124 14.4230 0.9901 0.0966 -0.1015 0.4236 0.0982
-1.4155 -41.4985 -3.2646 0.0247 -0.9997 -0.0054 0.3718 0.6446
12.2486 -41.3215 7.3849 0.0766 -0.9960 -0.0455 0.4567 0.7107
5.9415 23.0480 -24.2482 -0.0483 -0.0171 -0.9987 0.1276 0.1169
14.1142 40.0224 -14.2551 0.8739 0.4859 -0.0113 0.2453 0.0031
14.1142 40.0224 -14.2551 0.7377 0.6751 0.0010 0.4769 0.5713
-11.4039 -21.8236 23.3363 -0.1675 0.0107 0.9858 0.6492 0.3823
-14.4007 -39.3412 -13.7226 -0.4422 -0.8969 0.0039 0.2911 0.5796
14.6552 21.4239 9.1555 0.9995 0.0325 -0.0063 0.3908 0.1187
4.6451 -16.8294 24.1382 0.0717 -0.0150 0.9973 0.5494 0.3513
-9.5818 -40.4943 21.9791 0.0770 0.3376 0.9381 0.0324 0.5802
-9.5818 -40.4943 21.9791 0.0425 0.8391 0.5423 0.1194 0.5294
-13.2186 -16.9992 22.3901 -0.3756 -0.0141 0.9267 0.6604 0.3524
6.6119 -41.5555 7.4278 -0.0322 -0.9995 -0.0033 0.4217 0.7110
-14.1791 -38.8356 10.9887 -0.9886 -0.1464 0.0351 0.7217 0.9945
-14.5424 13.9275 5.1298 -0.9998 0.0001 0.0222 0.7581 0.6666
14.1312 -2.4693 -17.2518 0.9995 -0.0015 -0.0300 0.2267 0.2672
-14.4918 -3.9502 -22.1465 -0.9644 -0.0039 -0.2643 0.9276 0.7777
-6.4320 41.2041 -9.8315 0.0300 0.9988 0.0376 0.6046 0.5988
11.0239 -41.6266 13.8860 0.0445 -0.9989 -0.0153 0.4491 0.7511
14.3812 38.3734 6.5781 1.0000 0.0077 0.0007 0.3748 0.0133
5.4715 37.9802 -24.2735 0.0278 0.2473 -0.9685 0.1247 0.0241
4.2452 -41.3642 -6.9749 0.0101 -0.9999 -0.0125 0.4069 0.6215
3.6648 40.7397 4.5602 0.0358 0.9993 -0.0055 0.5418 0.6883
13.5666 4.1906 -23.6994 0.3853 0.0138 -0.9227 0.1750 0.2341
14.0066 39.9798 1.7210 0.4823 0.8760 0.0007 0.4776 0.6706
-12.7907 40.6090 -23.0566 -0.8225 0.0039 -0.5688 0.0112 0.0077
-12.7907 40.6090 -23.0566 -0.9789 0.2035 -0.0187 0.2797 0.7999
-7.9556 28.9436 -24.5874 -0.0278 0.0057 -0.9996 0.0412 0.0802
-8.1227 40.9829 8.1956 0.0185 0.9997 0.0128 0.6151 0.7109
1.3262 40.8852 -4.2693 0.0300 0.9995 0.0131 0.5564 0.6334
-13.7353 -39.0817 -10.1512 0.0856 -0.9947 -0.0571 0.2952 0.6018
-5.4227 41.4554 -22.3423 0.0623 0.9976 0.0307 0.5983 0.5211
-13.0137 -39.7827 -21.2662 -0.9714 -0.2375 0.0080 0.1971 0.7115
13.4154 -36.3745 -23.9107 -0.1334 -0.0319 -0.9905 0.1741 0.4862
-2.5148 -20.7309 24.0368 -0.0478 -0.0136 0.9988 0.5939 0.3755
-14.5770 -14.7402 -21.2736 -0.9964 -0.0008 -0.0844 0.9222 0.8448
-3.7277 -41.5707 10.6766 -0.0054 -1.0000 -0.0071 0.3574 0.7312
-14.2805 17.6150 15.7128 -0.9991 0.0007 0.0425 0.6923 0.6437
14.1813 32.1315 -17.9016 0.9998 -0.0078 -0.0186 0.2227 0.0521
-13.0578 39.1832 12.1014 -0.5956 -0.6797 0.4281 0.2709 0.5814
14.8063 -30.3046 17.8006 0.9986 -0.0442 0.0303 0.4446 0.4402
6.5246 -33.6394 -24.1654 0.0327 -0.0178 -0.9993 0.1312 0.4692
13.2465 40.2332 7.6641 0.1799 0.9837 -0.0016 0.4823 0.7075
-2.9445 -41.3656 22.1424 -0.0366 -0.9708 0.2373 0.3623 0.8025
8.1326 12.6885 -24.2362 0.0316 -0.0277 -0.9991 0.1412 0.1813
-11.3244 35.9211 23.9992 -0.3507 -0.0201 0.9363 0.6487 0.0235
14.4030 -31.0762 -10.8680 0.9996 0.0233 -0.0163 0.2664 0.4450
14.6740 -16.2321 4.7328 0.9993 -0.0222 -0.0299 0.3634 0.3527
2.1633 -40.7160 21.5093 -0.0635 -0.8191 0.5701 0.1288 0.5800
2.1633 -40.7160 21.5093 0.0775 0.2290 0.9703 0.0271 0.6330
-6.0114 -8.8654 -24.6824 0.0260 0.0138 -0.9996 0.0533 0.3152
7.7590 -41.2400 -7.8099 0.0528 -0.9985 -0.0135 0.4288 0.6163
-11.6570 -13.2228 23.0950 -0.7379 0.0012 0.6750 0.6507 0.3289
14.6419 -24.2457 21.0603 0.9908 -0.0186 0.1341 0.4648 0.4025
0.9697 40.7204 10.6147 0.0305 0.9995 0.0123 0.5586 0.7259
-9.6307 41.0745 3.3411 0.0449 0.9990 0.0026 0.6245 0.6807
12.4687 40.3603 -9.2024 0.0734 0.9972 0.0147 0.4871 0.6027
14.6056 -23.2029 2.0271 0.9934 0.0751 -0.0869 0.3465 0.3960
4.7576 8.0779 24.5490 0.0632 -0.0139 0.9979 0.5487 0.1965
-9.4270 -41.4607 22.1471 0.1092 -0.9806 0.1626 0.3220 0.8025
1.2038 -41.1459 -23.5487 0.0255 -0.9449 -0.3265 0.3880 0.5185
1.2038 -41.1459 -23.5487 0.0662 0.0909 -0.9937 0.0982 0.5158
-13.0926 36.3179 7.8188 -0.5807 0.2385 -0.7784 0.0188 0.5985
3.1314 -41.3946 -11.6577 0.0069 -0.9999 0.0140 0.4000 0.5924
14.6934 9.9595 9.0280 0.9972 0.0750 -0.0001 0.3901 0.1899
-1.9594 41.1025 -12.1325 0.0569 0.9981 0.0235 0.5768 0.5845
14.7314 10.7007 12.6828 0.9994 -0.0241 -0.0246 0.4128 0.1853
12.2836 -40.0700 22.7364 0.0327 -0.4792 0.8771 0.5019 0.4957
12.2836 -40.0700 22.7364 -0.0047 -0.5812 0.8137 0.4569 0.8062
14.5843 16.8485 6.4682 0.9966 0.0207 -0.0799 0.3741 0.1471
-13.9970 -30.7043 -24.0859 -0.5313 0.0254 -0.8468 0.0037 0.4509
-13.1063 -39.4861 -21.7798 -0.7819 -0.6119 0.1190 0.2991 0.5295
-13.1063 -39.4861 -21.7798 -0.9625 -0.2700 0.0252 0.1990 0.7147
14.6655 20.8924 10.2513 0.9948 0.1009 0.0149 0.3977 0.1220
9.9928 -15.2503 23.6467 0.1350 -0.0180 0.9907 0.5162 0.3415
-10.1203 -41.5695 -9.7796 0.0018 -1.0000 0.0019 0.3177 0.6041
-14.6776 24.5631 -12.6751 -0.9998 0.0151 0.0151 0.8687 0.6005
14.6215 8.4412 4.9811 0.9993 0.0110 -0.0358 0.3649 0.1994
-12.8875 -39.6360 -8.7963 -0.9802 -0.1982 0.0017 0.1980 0.6340
11.0893 -41.5034 10.1706 0.0446 -0.9983 -0.0375 0.4495 0.7281
-12.2961 -37.1058 -24.3483 -0.0403 0.0169 -0.9990 0.0143 0.4907
14.5833 19.2749 6.1689 0.9989 0.0097 -0.0458 0.3723 0.1320
-14.1743 -39.3141 -1.5896 -0.0899 -0.9883 0.1228 0.2925 0.6550
14.7449 -20.3283 11.6913 0.9990 0.0081 -0.0451 0.4066 0.3782
12.7973 -40.8868 -2.7588 0.0949 -0.9953 -0.0201 0.4601 0.6477
14.3859 11.7125 -5.7375 0.9997 0.0006 -0.0231 0.2983 0.1790
9.2992 10.2251 -24.1347 0.0061 0.0346 -0.9994 0.1485 0.1966
9.9885 21.1107 -24.1898 0.1995 -0.0058 -0.9799 0.1528 0.1289
13.9367 -9.6253 -21.4098 0.9987 -0.0027 -0.0517 0.2009 0.3116
3.7710 -41.5282 22.0713 -0.0271 -0.9440 0.3289 0.4040 0.8020
-10.7443 40.7129 23.2403 0.1277 0.4765 0.8699 0.1820 0.6618
-10.7443 40.7129 23.2403 0.1246 0.9095 0.3965 0.6314 0.8044
-14.6886 17.9066 -17.1159 -0.9994 0.0114 -0.0326 0.8963 0.6419
-14.2852 29.9459 -4.5765 -0.2543 0.8778 0.4059 0.0967 0.5464
14.5803 -29.4428 4.7675 0.9650 -0.2574 -0.0508 0.3636 0.4348
-2.8351 15.7116 24.4055 -0.1615 0.0042 0.9869 0.5959 0.1491
-13.1049 35.6608 7.6178 -0.5831 0.2786 -0.7631 0.0187 0.6026
4.6464 25.2671 24.7070 0.0405 0.0081 0.9991 0.5494 0.0897
-14.7611 2.5065 -11.4723 -0.9994 -0.0343 -0.0007 0.8613 0.7376
14.3251 31.1921 -3.9197 1.0000 -0.0058 -0.0057 0.3096 0.0580
-14.7115 -24.9064 4.5073 -0.9995 0.0064 0.0305 0.7619 0.9079
-0.1423 -41.6443 14.6238 0.0736 -0.9970 0.0243 0.3797 0.7557
-8.8183 -36.5062 23.6946 -0.0328 0.0006 0.9995 0.6331 0.4736
10.2311 40.6102 -14.0328 0.0577 0.9982 0.0181 0.5010 0.5727
3.7074 -40.8248 -23.4577 -0.0764 0.4079 -0.9098 0.1137 0.5138
-5.2473 21.4282 -24.5995 0.0228 0.0184 -0.9996 0.0581 0.1269
14.2743 -34.3229 -15.4426 0.9997 -0.0040 -0.0228 0.2380 0.4651
1.0315 -5.8474 24.3808 -0.0427 -0.0092 0.9990 0.5719 0.2830
-8.8041 41.0634 -0.9419 0.0196 0.9998 0.0067 0.6193 0.6541
-4.7142 17.5296 -24.5899 0.0176 0.0021 -0.9998 0.0614 0.1512
14.7666 -16.7325 8.2817 0.9998 0.0216 -0.0051 0.3854 0.3558
-11.3971 -41.6295 -19.4823 -0.2183 -0.9759 0.0017 0.3097 0.5438
-13.2193 -39.3751 -23.7831 -0.1593 -0.8797 0.4481 0.2984 0.5170
0.5920 40.8019 5.5148 0.0203 0.9996 0.0204 0.5609 0.6942
0.9772 -40.6854 21.5373 0.0651 -0.9633 0.2606 0.1289 0.5874
0.9772 -40.6854 21.5373 -0.0768 -0.3684 0.9265 0.0273 0.6403
-9.5855 21.7771 23.7348 -0.0791 -0.0717 0.9943 0.6379 0.1114
-12.0727 -38.1354 22.6400 -0.3249 0.0654 0.9435 0.6533 0.4837
-12.0727 -38.1354 22.6400 -0.5695 0.1273 0.8121 0.0207 0.5790
9.5980 -25.6245 23.5766 0.1309 0.0023 0.9914 0.5186 0.4060
-9.1257 2.5167 23.7377 -0.1303 -0.0087 0.9914 0.6350 0.2311
-8.1901 22.0270 24.0483 -0.0592 0.0082 0.9982 0.6292 0.1098
7.7518 40.5279 8.7653 0.0113 0.9995 0.0302 0.5164 0.7144
14.7460 14.6019 11.7345 0.9993 -0.0252 -0.0288 0.4069 0.1611
9.4479 -41.6737 14.2933 0.0068 -0.9997 -0.0240 0.4393 0.7537
13.2746 40.1678 16.6088 0.1802 0.9835 0.0177 0.4821 0.7631
-12.9568 -39.0652 -7.2183 -0.5068 -0.8621 -0.0010 0.3000 0.6200
-12.9568 -39.0652 -7.2183 -0.9989 -0.0462 -0.0040 0.2016 0.6242
11.2308 -41.5292 10.8682 0.0371 -0.9984 -0.0437 0.4504 0.7324
14.3229 7.7475 -8.9778 0.9999 -0.0115 -0.0092 0.2781 0.2037
-12.1874 14.9106 22.8546 -0.2110 -0.0171 0.9773 0.6540 0.1540
14.8578 -29.9946 16.4983 0.9995 -0.0307 0.0084 0.4365 0.4382
-4.9111 -41.5943 4.4112 -0.0122 -0.9997 0.0192 0.3500 0.6923
-3.8410 -41.5939 12.5158 -0.0073 -0.9999 -0.0100 0.3567 0.7426
-12.6656 41.0803 -11.8432 -0.9516 0.3072 -0.0087 0.2827 0.7302
-12.6656 41.0803 -11.8432 -0.6771 0.7356 0.0198 0.6433 0.5863
13.8301 38.6819 23.7093 0.4867 0.2597 0.8340 0.4923 0.0063
2.5608 -41.5012 10.2279 -0.0354 -0.9990 -0.0282 0.3965 0.7284
-12.7702 40.6220 -1.1389 -0.9733 0.2294 0.0061 0.2798 0.6636
-14.2510 2.9519 15.8548 -0.9983 -0.0447 0.0374 0.6914 0.7348
-6.8985 -41.4880 -6.3023 -0.0361 -0.9993 -0.0000 0.3377 0.6257
-14.7487 -36.2975 -3.0288 -0.9993 -0.0319 0.0215 0.8088 0.9787
-11.5649 31.3494 23.4559 -0.9945 0.0360 -0.0987 0.1070 0.5708
-10.3616 -41.5659 -6.7788 0.0063 -1.0000 0.0008 0.3162 0.6227
-11.4578 31.5528 23.7341 -0.6987 -0.0331 0.7146 0.6495 0.0506
-13.0049 -39.6257 16.4258 -0.9059 -0.4202 0.0516 0.1396 0.6808
-13.0049 -39.6257 16.4258 -0.7909 -0.6117 -0.0140 0.2997 0.7669
14.6334 24.7437 22.7282 0.8259 -0.0177 0.5635 0.4873 0.0929
14.6334 24.7437 22.7282 0.9879 0.0012 0.1553 0.4752 0.0980
14.7750 -20.3974 9.3027 0.9989 -0.0434 0.0183 0.3918 0.3786
14.7085 2.6844 12.4445 0.9998 -0.0110 -0.0169 0.4113 0.2351
-13.2513 34.4696 -9.2241 -0.3180 0.4371 0.8413 0.0058 0.5482
-14.0564 -4.4785 -23.5827 -0.6325 -0.0047 -0.7746 0.0033 0.2879
-14.0564 -4.4785 -23.5827 -0.9567 -0.0086 -0.2909 0.9365 0.7810
-0.3842 8.3273 24.4871 -0.0572 -0.0129 0.9983 0.5807 0.1949
-14.2499 26.3171 -21.0759 -0.9937 0.0146 -0.1110 0.9209 0.5896
-14.3889 -38.5896 -22.9776 -0.9884 -0.0237 -0.1498 0.9328 0.9930
4.2965 40.6830 7.0261 0.0273 0.9996 0.0023 0.5379 0.7036
5.4893 11.7227 -24.2176 0.0462 -0.0306 -0.9985 0.1248 0.1873
14.6331 -0.8861 3.3216 0.9992 -0.0031 -0.0399 0.3546 0.2573
-11.7805 -41.5379 -18.0339 -0.3760 -0.9266 0.0073 0.3073 0.5528
14.5386 -31.0521 2.3295 0.9981 -0.0359 0.0507 0.3484 0.4448
-10.6494 -23.6529 -24.5766 -0.0864 0.0060 -0.9962 0.0245 0.4071
3.8981 -41.3476 22.2307 -0.0028 -0.1142 0.9934 0.5541 0.5037
-14.5147 -8.3633 6.5713 -0.9996 0.0046 0.0284 0.7491 0.8051
14.4536 -35.9404 1.1619 0.9923 -0.1154 -0.0453 0.3412 0.4752
-12.2504 40.5467 23.2138 -0.2185 0.0371 0.9751 0.1809 0.6712
13.9213 -1.1338 -22.7519 0.9819 0.0717 -0.1751 0.1925 0.2589
-6.4418 38.3386 24.2676 -0.0293 0.0595 0.9978 0.6183 0.0084
-6.4418 38.3386 24.2676 0.0006 0.5685 0.8227 0.6046 0.8107
-13.4993 38.9419 20.9742 0.1588 0.9873 0.0009 0.0780 0.5989
-11.7558 -27.3148 22.6858 -0.9880 -0.0009 0.1546 0.1622 0.5986
-11.7558 -27.3148 22.6858 -0.6298 -0.0157 0.7766 0.6514 0.4165
-14.1365 6.6595 18.0277 -0.9982 0.0042 0.0598 0.6779 0.7118
-14.6230 7.1117 -19.5599 -0.9981 0.0083 -0.0603 0.9115 0.7089
-7.0858 -41.5027 8.6908 -0.0278 -0.9994 -0.0184 0.3365 0.7189
7.4224 27.9983 24.5398 0.0714 -0.0034 0.9974 0.5322 0.0727
5.0998 -41.6532 15.7643 0.0447 -0.9990 0.0057 0.4123 0.7628
1.5021 -41.2926 -23.1113 0.0299 -0.9822 -0.1853 0.3899 0.5212
-14.6199 25.7967 -11.4689 -0.9998 0.0199 0.0094 0.8612 0.5928
-9.3777 -41.5541 0.0441 -0.0202 -0.9998 0.0050 0.3223 0.6651
-8.8964 -21.0148 23.6608 -0.1127 -0.0246 0.9933 0.6336 0.3773
8.2850 32.5412 24.4542 0.0681 0.0053 0.9977 0.5268 0.0445
13.7925 30.6276 -23.6813 0.6007 0.0637 -0.7970 0.1764 0.0698
-14.6918 13.3592 -17.7781 -0.9999 0.0011 -0.0170 0.9004 0.6701
-12.6880 -39.6068 8.2484 -0.9457 -0.3243 0.0232 0.1982 0.5281
-12.6880 -39.6068 8.2484 -0.4677 -0.8642 0.1853 0.3017 0.7161
14.6159 34.5144 22.6777 0.9988 0.0086 0.0482 0.4749 0.0373
8.2854 -40.7076 21.7320 -0.0700 -0.7624 0.6434 0.1302 0.5420
-14.0151 29.5864 22.3038 -0.9744 -0.0138 0.2244 0.6513 0.5693
-14.0151 29.5864 22.3038 -0.7789 -0.0184 0.6269 0.6654 0.0628
-13.9568 6.6620 -23.6399 -0.7058 -0.0138 -0.7083 0.0039 0.2187
14.6391 -29.6185 6.5785 0.9906 -0.1342 -0.0251 0.3748 0.4359
-10.6515 -41.4477 22.4607 -0.0655 -0.1243 0.9901 0.0264 0.5869
-10.6515 -41.4477 22.4607 -0.1690 -0.6641 0.7283 0.3144 0.8044
14.0283 -6.5034 -20.3044 0.9996 0.0082 -0.0283 0.2078 0.2922
-13.4745 -24.1916 -24.1463 -0.2267 -0.0022 -0.9740 0.0069 0.4105
-6.0011 38.8214 23.8406 0.0019 0.8054 0.5927 0.6019 0.8081
-6.8337 41.5413 -22.2017 0.0665 0.9959 0.0606 0.6071 0.5219
7.2326 -9.0916 -24.3414 0.0432 -0.0149 -0.9990 0.1356 0.3166
14.2398 -1.3649 -14.1423 0.9996 -0.0012 -0.0283 0.2460 0.2603
13.6318 29.9089 -23.9056 0.1153 0.1357 -0.9840 0.1754 0.0742
14.6903 -31.7275 18.0098 0.9995 -0.0021 0.0327 0.4459 0.4490
-7.4927 12.6405 -24.6413 0.0028 0.0020 -1.0000 0.0441 0.1816
14.4284 -38.0188 2.8798 0.9996 -0.0280 0.0016 0.3518 0.4881
-13.0077 39.5828 -21.2806 -0.7372 0.6733 0.0559 0.0541 0.5396
14.7352 3.5708 11.3099 0.9987 0.0466 -0.0206 0.4042 0.2296
14.5043 -21.5688 -3.8878 0.9969 -0.0765 -0.0168 0.3098 0.3859
-2.3797 -32.0083 -24.4415 0.0235 -0.0095 -0.9997 0.0759 0.4590
14.7950 -12.3801 10.4142 0.9982 0.0391 -0.0451 0.3987 0.3288
14.0186 12.5957 23.1224 0.5292 -0.0201 0.8482 0.4912 0.1684
-12.8450 -40.1410 -11.5885 -0.9836 -0.1795 0.0173 0.1949 0.6514
-14.7715 -35.1667 0.3625 -0.9980 -0.0593 0.0217 0.7877 0.9717
-2.8165 -20.0925 -24.5473 0.0331 -0.0064 -0.9994 0.0732 0.3850
-14.2731 -39.3011 -9.8510 0.6002 -0.7996 -0.0184 0.2919 0.6036
6.7136 -8.4333 24.0977 0.0982 -0.0028 0.9952 0.5366 0.2991
14.3929 -26.2190 -10.3376 0.9993 0.0317 -0.0193 0.2697 0.4148
-11.0618 -39.6927 22.7244 -0.3835 -0.6991 0.6034 0.3118 0.8061
-11.0618 -39.6927 22.7244 -0.6769 -0.4443 0.5869 0.0374 0.5894
10.9419 40.1176 -23.3821 0.0476 -0.0988 -0.9940 0.1587 0.0108
0.3509 -41.5336 15.1596 -0.0147 -0.9999 0.0071 0.3827 0.7591
6.0929 -41.3170 -10.1525 0.0381 -0.9992 0.0106 0.4184 0.6017
6.6037 -41.2904 -8.4993 0.0368 -0.9993 -0.0096 0.4216 0.6120
14.6309 -26.7343 5.0552 0.9942 0.0857 -0.0647 0.3654 0.4180
-13.4170 37.3473 -24.1578 -0.3824 0.0343 -0.9234 0.0073 0.0280
-13.4170 37.3473 -24.1578 -0.8716 0.0124 -0.4900 0.9401 0.5210
3.0608 -41.6363 17.5434 0.0431 -0.9990 0.0136 0.3996 0.7739
-14.3144 -39.1784 4.0502 -0.4289 -0.9030 0.0248 0.2916 0.6900
-14.3144 -39.1784 4.0502 -0.9518 -0.3051 0.0310 0.7648 0.9966
-9.6994 -41.4065 -23.2257 0.0484 -0.9422 -0.3314 0.3203 0.5205
-13.8928 -27.8798 -24.0701 -0.3434 0.0084 -0.9392 0.0043 0.4334
-13.6577 19.1226 -23.8781 -0.6034 -0.0086 -0.7974 0.0058 0.1413
14.1613 -40.4430 1.9052 0.7919 -0.6105 -0.0105 0.4686 0.6767
6.1555 -40.5798 22.0744 -0.0011 -0.9594 0.2819 0.1323 0.5552
6.1555 -40.5798 22.0744 0.1131 -0.2156 0.9699 0.1196 0.6721
-10.9027 -41.5300 12.6043 -0.2383 -0.9711 -0.0121 0.3128 0.7432
14.7117 -4.4429 10.1325 0.9801 -0.1964 0.0285 0.3969 0.2794
-13.6266 28.9609 0.7539 0.1602 0.9714 -0.1750 0.0926 0.5795
6.4484 -41.6470 16.7683 -0.0254 -0.9995 0.0164 0.4206 0.7691
3.1274 -1.8009 -24.2356 0.0168 0.0256 -0.9995 0.1101 0.2713
13.8355 -38.1010 -23.7783 0.7245 0.0134 -0.6891 0.1767 0.4969
3.1666 40.5556 14.9393 -0.0399 0.9980 0.0496 0.5449 0.7528
-12.8325 36.9577 3.5067 -0.9998 0.0202 0.0043 0.2570 0.6348
13.6516 35.2079 -23.8967 0.2952 0.0124 -0.9553 0.1755 0.0413
-14.2160 -11.1912 14.9815 -1.0000 -0.0057 0.0061 0.6968 0.8227
-14.0529 38.9242 10.2907 -0.2289 0.9731 -0.0246 0.0814 0.5325
5.5154 10.9142 -24.2750 0.1877 0.0275 -0.9818 0.1250 0.1923
14.3673 -29.8229 -10.4664 1.0000 -0.0059 -0.0032 0.2689 0.4372
14.5312 -33.4141 8.5949 0.9991 -0.0264 0.0321 0.3874 0.4595
-12.2848 -40.9180 9.3120 -0.8857 -0.4637 0.0248 0.1901 0.5215
-12.2848 -40.9180 9.3120 -0.6608 -0.7506 0.0038 0.3042 0.7227
13.6117 -41.4094 18.1998 0.5963 -0.8023 -0.0266 0.4652 0.7780
13.6117 -41.4094 18.1998 0.8814 -0.4720 -0.0190 0.4471 0.5092
4.2072 -35.8583 23.7185 0.0440 -0.0493 0.9978 0.5521 0.4696
-13.5795 -39.2725 19.0705 -0.4002 -0.9095 0.1127 0.2962 0.7834
13.6125 36.5594 -23.8741 0.4891 -0.0415 -0.8712 0.1753 0.0329
-11.7516 -26.8268 22.8015 -0.9977 -0.0016 0.0677 0.1615 0.5956
14.4110 -10.0493 -7.7712 0.9998 0.0064 -0.0204 0.2856 0.3143
14.9351 -13.4105 17.2281 0.9999 0.0114 0.0029 0.4410 0.3352
9.6120 38.9462 23.4041 -0.0048 0.9164 0.4001 0.5049 0.8054
4.0220 3.7338 24.5026 0.0446 -0.0228 0.9987 0.5533 0.2235
-0.6726 -41.3153 22.3251 0.0473 0.4519 0.8908 0.0273 0.5248
-0.6726 -41.3153 22.3251 -0.0187 -0.6246 0.7807 0.3764 0.8036
-2.4262 -41.5117 -5.6500 0.0223 -0.9998 -0.0013 0.3655 0.6297
7.1415 -41.6754 17.5518 -0.0350 -0.9994 0.0068 0.4249 0.7739
2.8451 38.6984 24.0462 -0.0177 0.6046 0.7963 0.5469 0.8094
-13.9925 38.9675 16.8956 0.0118 0.9988 -0.0475 0.0810 0.5735
-14.2486 1.3370 13.6718 -0.9971 0.0702 0.0305 0.7050 0.7448
13.9087 -1.4809 -22.9854 0.9810 0.0345 -0.1910 0.1911 0.2610
6.2274 -24.8179 -24.2997 0.0167 0.0072 -0.9998 0.1294 0.4144
14.7435 -7.9219 10.8313 0.9994 -0.0323 -0.0160 0.4013 0.3011
-7.5090 -40.1000 22.4613 0.0723 -0.8345 0.5462 0.1347 0.6401
12.8107 -41.3910 9.7101 0.0882 -0.9950 -0.0461 0.4602 0.7252
-3.4981 15.8942 24.2049 -0.1594 -0.0410 0.9864 0.6000 0.1479
14.9094 -6.1516 19.0064 0.9988 -0.0105 0.0480 0.4521 0.2900
1.3766 -5.4700 -24.4029 0.0704 -0.0184 -0.9973 0.0992 0.2941
-4.1913 -40.6753 -23.7625 -0.2143 -0.3299 -0.9194 0.0646 0.5129
11.8869 23.4582 -24.0155 0.0575 0.0009 -0.9983 0.1646 0.1143
-14.6392 15.8692 0.4312 -0.9999 0.0018 0.0145 0.7873 0.6545
-14.5835 25.7523 -16.5437 -0.9989 0.0201 -0.0426 0.8928 0.5931
14.3971 19.9132 -1.4789 0.9997 0.0017 -0.0227 0.3248 0.1281
0.6482 -41.3956 22.3326 -0.0772 -0.6872 0.7223 0.3846 0.8036
0.6482 -41.3956 22.3326 0.0825 -0.2135 0.9735 0.5743 0.5040
0.6482 -41.3956 22.3326 -0.0010 0.5674 0.8235 0.1216 0.5930
-10.5517 5.7248 -24.5223 -0.1289 0.0036 -0.9917 0.0251 0.2245
-13.4881 -39.1147 13.3190 0.2321 -0.9726 -0.0108 0.2967 0.7476
14.3431 -36.6308 -10.2353 0.9997 -0.0209 -0.0109 0.2703 0.4795
-12.8709 36.5534 -2.3432 -0.9998 0.0211 0.0053 0.2545 0.6711
-14.2598 -25.8958 14.7336 -0.9983 -0.0019 0.0578 0.6984 0.9141
-2.3380 41.2001 -23.3330 0.0628 0.9918 -0.1111 0.5791 0.5149
-12.8902 32.8116 0.3712 -0.9999 0.0089 0.0081 0.2313 0.6543
-11.8295 -41.2832 -23.2960 -0.0821 -0.2177 -0.9726 0.0474 0.6124
-13.2658 39.2540 -18.7530 -0.0004 0.9988 0.0484 0.0557 0.5553
14.8712 2.4096 14.1698 0.9988 0.0279 -0.0390 0.4220 0.2368
-12.9862 -39.2057 -10.7056 -0.9533 -0.3021 0.0070 0.2007 0.6459
-7.1420 20.7993 -24.6386 0.0001 -0.0069 -1.0000 0.0463 0.1308
-14.4739 -39.3167 -14.6306 -0.5724 -0.8200 0.0021 0.2906 0.5739
-12.1366 -39.4805 22.1097 -0.2681 -0.3633 0.8923 0.0387 0.5961
-12.1366 -39.4805 22.1097 -0.1705 -0.7848 0.5959 0.3051 0.8023
-13.9905 -39.2836 4.9111 -0.0265 -0.9927 0.1173 0.2936 0.6954
14.3348 27.5631 -2.4439 1.0000 0.0073 -0.0052 0.3188 0.0805
8.8958 -2.2425 -24.2673 0.0609 0.0096 -0.9981 0.1460 0.2741
-5.3808 -40.6987 -23.5783 0.0126 -0.0399 -0.9991 0.0572 0.5131
14.7761 -21.3066 5.3195 0.9953 -0.0946 -0.0189 0.3670 0.3842
13.9636 -11.0502 -20.9694 0.9983 -0.0052 -0.0578 0.2036 0.3205
14.1842 10.6554 -14.8816 0.9997 0.0109 -0.0208 0.2415 0.1856
6.9856 40.5399 11.9201 0.0247 0.9986 0.0471 0.5212 0.7340
-14.4002 29.1629 0.1498 -0.1317 0.9896 -0.0576 0.0974 0.5757
-14.4002 29.1629 0.1498 -0.8829 0.4677 -0.0406 0.7890 0.5719
-14.5587 12.0384 4.5676 -0.9998 0.0028 0.0220 0.7616 0.6783
-13.0142 -39.9840 -24.2845 -0.3183 -0.8430 -0.4335 0.2997 0.5139
-9.1300 -24.1373 -24.6491 -0.0135 -0.0017 -0.9999 0.0339 0.4101
-10.3861 -26.0245 -24.5987 -0.0592 -0.0098 -0.9982 0.0261 0.4219
14.5390 27.6497 10.2664 0.9998 0.0088 0.0169 0.3977 0.0800
14.7988 7.7530 21.2930 0.9977 -0.0029 0.0683 0.4663 0.2036
-13.2573 29.9698 3.2969 -0.1394 0.8837 -0.4469 0.0903 0.5953
-11.6008 27.5190 23.2426 -0.9645 0.0460 0.2600 0.1083 0.5946
-11.6008 27.5190 23.2426 -0.8461 0.0566 0.5300 0.6504 0.0757
14.8389 -9.4956 11.9924 0.9987 0.0191 -0.0473 0.4085 0.3108
-14.2763 31.1631 -6.4685 -0.7906 0.4520 0.4131 0.8302 0.5595
-14.2763 31.1631 -6.4685 -0.4061 0.7160 0.5679 0.0967 0.5346
-14.2415 29.6427 -3.7514 -0.1661 0.9406 0.2962 0.0965 0.5515
-11.2118 -41.4962 3.0780 -0.2651 -0.9640 0.0180 0.3109 0.6840
14.2746 -20.9636 22.3510 0.6447 -0.0046 0.7644 0.4896 0.3770
14.2746 -20.9636 22.3510 0.8803 -0.0144 0.4741 0.4729 0.3821
-12.8991 39.2378 11.2986 -0.9354 0.3487 -0.0588 0.2712 0.5864
-12.8991 39.2378 11.2986 -0.5838 -0.8117 0.0205 0.1513 0.6830
13.9249 -39.4183 -23.4175 0.9885 -0.0839 -0.1257 0.1884 0.4968
4.8280 -41.5939 11.9909 0.0015 -0.9998 -0.0199 0.4106 0.7394
7.4992 -41.2398 -10.0846 0.0564 -0.9984 -0.0016 0.4272 0.6022
4.4772 40.7068 5.9309 0.0348 0.9986 0.0405 0.5368 0.6968
9.1408 40.6545 -21.8918 0.0398 0.9990 0.0180 0.5078 0.5239
14.9014 11.5828 19.2939 0.9994 0.0098 0.0320 0.4539 0.1798
-14.8136 -12.8162 -16.9677 -0.9999 0.0071 -0.0110 0.8954 0.8328
6.0676 38.8196 -23.6022 0.0105 0.1358 -0.9907 0.1284 0.0188
6.0676 38.8196 -23.6022 -0.0053 0.5830 -0.8124 0.1482 0.6247
12.2250 23.0386 23.8494 0.2485 -0.0168 0.9685 0.5023 0.1035
8.5022 20.1813 -24.1480 -0.0035 -0.0391 -0.9992 0.1435 0.1347
14.7235 -3.1494 7.4442 0.9997 0.0084 -0.0214 0.3802 0.2714
-14.9436 -24.1601 -10.0311 -1.0000 0.0075 0.0022 0.8523 0.9033
-10.1234 -41.5008 -21.0835 0.0730 -0.9968 -0.0330 0.3176 0.5338
-4.4769 27.8232 -24.5725 0.0212 -0.0225 -0.9995 0.0629 0.0872
-14.5564 17.9275 4.5806 -0.9998 -0.0030 0.0212 0.7615 0.6417
13.1750 -41.6839 19.2429 0.1476 -0.9889 -0.0192 0.4624 0.7844
-13.9873 39.1615 -15.7967 -0.6459 0.7633 0.0123 0.0602 0.5737
14.4430 -37.4106 18.6202 0.9992 -0.0352 0.0167 0.4497 0.4843
14.1567 15.3658 -14.2034 0.9993 0.0298 -0.0247 0.2457 0.1563
-14.7596 3.6218 -6.6975 -0.9999 -0.0107 0.0072 0.8316 0.7306
5.1865 9.4087 -24.3345 0.1453 -0.0787 -0.9863 0.1229 0.2016
14.5416 -26.2818 2.1160 0.9969 -0.0715 -0.0319 0.3471 0.4152
-3.7368 -39.8018 22.5282 -0.0291 -0.4206 0.9068 0.0395 0.6410
-3.7368 -39.8018 22.5282 -0.0555 -0.7172 0.6946 0.3573 0.8049
-14.5653 32.2029 -13.1959 -0.9991 0.0384 0.0193 0.8720 0.5530
-12.1272 -41.2760 -14.4169 -0.5548 -0.8319 0.0103 0.3052 0.5752
-14.3090 30.3680 -5.3403 -0.4460 0.7643 0.4657 0.0969 0.5416
14.3069 -9.8054 -11.5516 0.9997 0.0096 -0.0213 0.2622 0.3128
-14.6074 21.8488 1.9169 -0.9999 0.0061 0.0150 0.7780 0.6174
14.0879 -17.7412 -19.2053 0.9990 0.0040 -0.0439 0.2146 0.3621
-14.4925 10.8523 -20.5300 -0.9966 0.0101 -0.0813 0.9176 0.6857
-14.2545 -2.8902 14.7672 -0.9967 0.0772 0.0247 0.6982 0.7711
14.4427 -33.0888 -8.5136 0.9999 -0.0071 -0.0128 0.2810 0.4575
-1.6330 -9.8165 -24.5322 0.0386 -0.0016 -0.9993 0.0805 0.3211
13.9222 -35.4999 -23.5633 0.9888 0.0056 -0.1493 0.1875 0.4724
-11.8993 -13.0013 22.7101 -0.3672 0.0062 0.9301 0.6522 0.3275
-14.7082 17.2764 -5.2512 -0.9999 0.0016 0.0124 0.8226 0.6458
14.7991 5.9518 20.8002 0.9974 -0.0003 0.0722 0.4632 0.2148
-0.4970 -40.4081 22.1708 0.0676 -0.8750 0.4794 0.1329 0.5965
-0.4970 -40.4081 22.1708 0.0633 -0.4158 0.9073 0.0357 0.6209
-14.0684 19.0400 19.1879 -0.9983 -0.0045 0.0580 0.6707 0.6348
14.5354 -17.7442 0.6489 0.9993 -0.0187 -0.0334 0.3380 0.3621
3.8181 12.1602 -24.2533 0.0580 -0.0251 -0.9980 0.1144 0.1845
14.4827 -34.2786 -0.3918 0.9999 0.0143 -0.0085 0.3315 0.4649
-9.9949 -40.7403 22.3473 0.0096 0.6866 0.7270 0.1216 0.5268
11.4740 -41.1335 -23.3292 0.0731 -0.2988 -0.9515 0.1620 0.5158
11.4740 -41.1335 -23.3292 0.1414 -0.9896 0.0279 0.4519 0.5199
14.3330 14.6772 -8.0131 0.9998 0.0019 -0.0175 0.2841 0.1606
-0.5665 -40.5169 21.9820 -0.0142 -0.9346 0.3554 0.1317 0.5970
-4.7437 -20.0957 23.9217 -0.0695 -0.0043 0.9976 0.6078 0.3716
14.5225 -37.0366 13.9199 0.9974 -0.0690 -0.0194 0.4205 0.4820
6.7468 -40.9224 21.5916 0.0457 0.7959 0.6037 0.1170 0.6309
-9.1130 -41.4331 12.1359 0.0618 -0.9979 -0.0217 0.3239 0.7403
-14.5794 -37.4878 1.6634 -0.9986 -0.0487 0.0226 0.7796 0.9861
13.6585 -22.9713 22.7733 0.3662 -0.0063 0.9305 0.4934 0.3895
9.6675 38.5410 -23.8277 0.0177 0.6929 -0.7208 0.1468 0.6471
-14.1002 29.2613 -2.2620 0.1289 0.9827 0.1330 0.0956 0.5608
12.3713 39.9240 22.0401 -0.1493 0.9806 0.1271 0.4877 0.7969
-14.8880 -20.0149 -15.2418 -0.9999 0.0092 -0.0100 0.8847 0.8775
-13.1390 33.6461 -8.6435 -0.5406 0.4407 0.7166 0.0051 0.5533
-13.1390 33.6461 -8.6435 -0.8395 0.2970 0.4551 0.2364 0.7103
-14.5508 -32.3812 -22.2551 -0.9931 -0.0099 -0.1171 0.9283 0.9544
14.5243 -25.5456 21.7455 0.9604 -0.0153 0.2782 0.4691 0.4106
14.3194 25.1599 -4.7328 0.9985 0.0396 -0.0369 0.3045 0.0954
-13.3164 -39.1964 11.8699 -0.4624 -0.8694 0.1743 0.2978 0.7386
4.7837 16.3848 -24.2577 -0.0103 -0.0884 -0.9960 0.1204 0.1583
-2.4145 40.2207 22.9189 0.0667 0.8037 0.5913 0.5796 0.8024
14.3887 31.8978 1.3283 1.0000 0.0008 -0.0084 0.3422 0.0536
14.3631 -30.8785 -12.9359 0.9996 0.0209 -0.0192 0.2535 0.4437
-9.8672 -41.1873 -23.3193 0.0188 0.4423 -0.8967 0.0480 0.6246
14.1115 3.9147 -18.2602 0.9998 -0.0076 -0.0180 0.2205 0.2275
14.6137 13.9554 5.7524 0.9845 0.0843 -0.1539 0.3697 0.1651
-1.2351 -41.0286 -23.8019 0.0250 -0.2724 -0.9619 0.0830 0.5151
-8.3494 40.7410 22.1227 0.0670 0.9976 0.0194 0.6165 0.7974
-1.9163 40.6429 17.7809 0.0434 0.9983 0.0387 0.5765 0.7704
14.1728 8.9694 -15.9975 0.9998 0.0044 -0.0214 0.2345 0.1961
-3.0309 -41.2900 22.3036 -0.0455 0.0257 0.9986 0.0274 0.5395
-3.0309 -41.2900 22.3036 -0.0232 -0.8677 0.4966 0.3617 0.8035
-6.7668 40.8006 17.4356 0.0150 0.9995 0.0261 0.6067 0.7683
-6.9760 -41.5648 12.1273 0.0374 -0.9991 -0.0181 0.3372 0.7402
14.5638 -16.7720 0.4725 0.9999 -0.0145 -0.0026 0.3369 0.3561
-1.9985 -39.2574 23.3614 -0.0061 -0.4420 0.8970 0.5907 0.4907
-1.9985 -39.2574 23.3614 -0.0124 -0.6993 0.7147 0.3681 0.8100
7.9996 -9.9955 23.9551 0.1103 -0.0345 0.9933 0.5286 0.3088
-13.0907 -39.0803 -13.8543 -0.6192 -0.7847 0.0286 0.2992 0.5787
-13.0907 -39.0803 -13.8543 -0.8777 -0.4774 0.0416 0.2015 0.6655
14.7258 -19.6094 8.8403 0.9935 0.1088 -0.0346 0.3889 0.3737
14.3984 34.6940 0.4385 1.0000 -0.0006 -0.0038 0.3367 0.0362
-7.6233 41.2085 -8.5513 0.0293 0.9995 0.0133 0.6120 0.6068
13.4531 -16.6728 -23.8988 0.3135 -0.0043 -0.9496 0.1743 0.3637
-11.5922 28.4882 23.1316 -0.9642 0.0260 0.2638 0.1090 0.5885
-11.5922 28.4882 23.1316 -0.3343 -0.0027 0.9425 0.6503 0.0696
13.5616 -7.8056 22.9620 0.2755 -0.0128 0.9612 0.4940 0.2952
14.3427 1.6120 -9.1436 0.9994 0.0003 -0.0340 0.2771 0.2418
-3.3900 41.0778 -8.3361 0.0296 0.9994 0.0179 0.5857 0.6081
-13.2316 31.5620 5.5195 -0.1925 0.6492 -0.7359 0.0902 0.6091
-13.8847 -39.2824 10.5789 -0.5160 -0.8566 -0.0080 0.2943 0.7306
14.1830 2.2481 -16.0920 0.9996 0.0164 -0.0224 0.2339 0.2378
-11.7142 -29.9165 22.8334 -0.9994 -0.0042 -0.0343 0.1613 0.6148
1.1350 -41.3525 22.3008 0.0236 -0.1097 0.9937 0.5712 0.5037
1.1350 -41.3525 22.3008 -0.0222 0.5157 0.8565 0.1214 0.5960
14.8691 10.4802 17.3396 0.9994 -0.0074 -0.0333 0.4417 0.1867
-14.2122 -13.2896 15.5429 -0.9996 -0.0035 0.0281 0.6934 0.8357
-14.6777 21.3724 -11.8295 -0.9994 0.0049 0.0338 0.8635 0.6203
1.9854 -0.1685 -24.3946 0.1217 -0.0151 -0.9925 0.1030 0.2612
14.0896 15.2267 -19.8726 0.9995 0.0075 -0.0304 0.2104 0.1572
-11.6237 37.1815 23.5770 -0.9533 -0.0746 -0.2926 0.1063 0.5345
-7.1738 -41.0947 -23.6498 -0.0452 -0.8431 -0.5359 0.3360 0.5179
-7.1738 -41.0947 -23.6498 -0.0973 0.0397 -0.9945 0.0461 0.5155
14.2772 -31.9655 -15.5064 0.9999 -0.0008 -0.0148 0.2376 0.4505
14.8415 -25.0709 17.0202 0.9999 -0.0036 0.0140 0.4397 0.4076
-0.6739 -39.1612 23.4266 -0.0076 -0.4502 0.8929 0.5825 0.4901
14.8726 -22.5871 14.6217 0.9997 -0.0012 -0.0236 0.4248 0.3922
-13.0672 30.7331 4.3509 -0.6920 0.6014 -0.3993 0.0892 0.6019
14.7349 0.7569 10.8503 0.9995 0.0131 -0.0297 0.4014 0.2471
-14.7306 15.1290 -11.0779 -0.9996 0.0093 -0.0259 0.8588 0.6591
14.3357 -8.2018 -10.3023 0.9996 -0.0045 -0.0267 0.2699 0.3028
1.3935 -41.5855 10.0556 -0.0408 -0.9992 -0.0006 0.3892 0.7273
-14.6050 1.9108 -3.0651 -0.9989 -0.0443 0.0180 0.8090 0.7413
-11.2952 41.6980 -23.3007 -0.0657 0.9270 -0.3692 0.6348 0.5151
14.2646 35.4067 -10.1226 0.9999 -0.0125 -0.0060 0.2710 0.0318
11.7808 -32.8552 23.1145 0.1911 -0.0112 0.9815 0.5051 0.4509
14.6966 1.0993 9.3060 0.9997 -0.0025 -0.0245 0.3918 0.2450
13.3943 40.1262 -23.1871 0.0209 0.3195 -0.9474 0.1739 0.0107
13.3943 40.1262 -23.1871 0.1931 0.7118 -0.6754 0.4814 0.5158
-13.5195 -39.1068 6.7600 -0.4107 -0.9111 -0.0340 0.2965 0.7069
-13.7232 38.9532 9.2000 0.0298 0.9671 -0.2525 0.0793 0.5257
-9.3933 -10.5132 23.5770 -0.1245 -0.0070 0.9922 0.6367 0.3120
-7.0519 -40.4171 21.7687 0.0071 -0.7122 0.7020 0.1304 0.6373
-7.0519 -40.4171 21.7687 0.0549 -0.2262 0.9725 0.0037 0.6045
14.7699 0.7921 12.1801 0.9996 0.0115 -0.0251 0.4096 0.2469
11.5084 -32.9523 -23.8462 0.0921 -0.0240 -0.9955 0.1622 0.4649
2.5538 -41.4126 -4.7804 0.0042 -0.9999 -0.0152 0.3964 0.6351
5.5228 40.5927 10.0384 0.0518 0.9980 -0.0369 0.5303 0.7223
-7.3909 21.7839 24.0694 -0.0146 -0.0555 0.9984 0.6242 0.1113
5.3595 -40.6653 21.6312 -0.0357 -0.9045 0.4249 0.1295 0.5601
-11.7224 -41.0976 22.0807 -0.7169 -0.6828 0.1410 0.3077 0.8021
-11.7224 -41.0976 22.0807 -0.8114 -0.4070 0.4196 0.1855 0.7385
7.3966 -41.6017 10.3166 -0.0029 -0.9998 -0.0214 0.4265 0.7290
0.6110 -41.5554 12.8721 0.0139 -0.9999 -0.0098 0.3844 0.7448
-14.7383 4.0446 -3.9765 -0.9999 -0.0010 0.0103 0.8147 0.7280
-14.3443 -10.2944 -22.7139 -0.9571 0.0331 -0.2879 0.9311 0.8171
-14.1334 -36.7708 14.0162 -0.9973 -0.0282 0.0677 0.7028 0.9817
14.6832 -19.9343 3.5276 0.9969 0.0764 -0.0202 0.3559 0.3757
-14.2483 -24.6919 14.8759 -0.9986 0.0012 0.0533 0.6975 0.9066
14.7005 3.2004 7.2988 0.9999 -0.0023 0.0152 0.3793 0.2319
-11.7019 -16.2571 22.9752 -0.9116 -0.0011 0.4110 0.1604 0.5299
7.3691 40.5632 6.7343 0.0422 0.9991 0.0104 0.5188 0.7018
14.6029 -24.1796 10.1650 0.9984 -0.0558 -0.0134 0.3971 0.4021
10.2426 -40.5833 22.2200 -0.0352 -0.7578 0.6516 0.1332 0.5298
10.2426 -40.5833 22.2200 -0.0677 -0.6520 0.7552 0.4442 0.8029
-2.5265 40.8587 10.6798 0.0315 0.9994 0.0164 0.5803 0.7263
14.5166 6.5442 -0.6401 0.9998 0.0096 -0.0172 0.3300 0.2111
13.4649 -33.2295 22.7568 0.3688 -0.0105 0.9294 0.4946 0.4532
1.2685 -40.7985 21.5165 -0.0312 -0.3380 0.9406 0.0266 0.6385
1.2685 -40.7985 21.5165 0.0473 0.8751 0.4816 0.1165 0.5968
13.4977 -29.9063 -23.9160 0.1784 0.0086 -0.9839 0.1746 0.4460
-5.0923 11.0276 24.0199 -0.2232 -0.0380 0.9740 0.6099 0.1782
-12.5723 40.8074 5.2117 -0.5954 0.8032 0.0196 0.6427 0.6923
-0.2475 38.6908 24.0150 -0.0055 0.6327 0.7744 0.5662 0.8092
14.5894 -21.0976 -3.5327 0.9947 -0.0960 -0.0369 0.3120 0.3829
-8.6216 41.1945 -7.2584 0.0185 0.9994 0.0292 0.6182 0.6148
-12.9483 33.8024 -6.4718 -0.9997 0.0193 0.0173 0.2374 0.6968
-7.1663 41.4707 -21.5612 0.0658 0.9951 0.0733 0.6091 0.5259
-7.9856 -40.0227 22.5685 0.0667 -0.6445 0.7617 0.1354 0.6431
-7.9856 -40.0227 22.5685 0.0334 -0.6301 0.7758 0.3309 0.8051
-1.2697 38.4305 24.2108 -0.0032 0.6065 0.7951 0.5725 0.8104
-1.2697 38.4305 24.2108 -0.0104 0.4487 0.8936 0.5862 0.0079
-11.8334 39.4727 -23.8932 -0.4520 0.4249 -0.7843 0.0171 0.0148
-11.8334 39.4727 -23.8932 -0.0661 0.9395 -0.3361 0.0468 0.5234
-14.8166 -11.1601 -15.2066 -1.0000 0.0082 -0.0038 0.8845 0.8225
14.4103 37.3693 10.9940 0.9994 0.0353 -0.0033 0.4023 0.0196
-3.0183 -39.3405 23.2561 -0.0249 -0.7928 0.6090 0.3618 0.8094
14.4216 -37.2499 3.7700 0.9997 0.0224 -0.0023 0.3574 0.4833
-14.1241 -39.3208 -14.1587 0.5231 -0.8508 -0.0496 0.2928 0.5769
2.7457 -30.7552 -24.3008 0.0278 -0.0058 -0.9996 0.1077 0.4513
14.1331 36.7014 -21.8863 1.0000 -0.0018 0.0072 0.1979 0.0237
12.5842 -13.4008 23.0930 0.2322 -0.0069 0.9726 0.5001 0.3300
8.2156 -41.3320 0.1538 0.0509 -0.9985 -0.0185 0.4316 0.6658
14.6502 -20.9896 -2.6967 0.9996 -0.0278 -0.0103 0.3172 0.3823
-13.0976 -39.0313 1.5401 -0.2626 -0.9636 -0.0495 0.2992 0.6744
13.4338 -35.3546 -23.8924 -0.3534 0.0304 -0.9350 0.1742 0.4798
14.4616 13.7980 -0.5868 0.9998 0.0058 -0.0196 0.3303 0.1661
-12.8596 35.5101 5.0585 -0.9998 0.0198 -0.0025 0.2480 0.6251
3.1362 -41.3371 -17.9328 0.0124 -0.9999 0.0031 0.4001 0.5534
5.8149 -41.6179 17.1251 0.0139 -0.9997 -0.0191 0.4167 0.7713
-10.0259 -39.3502 -24.4653 -0.0082 -0.0984 -0.9951 0.0284 0.5047
-13.1704 -35.6537 -24.2774 -0.0808 0.0171 -0.9966 0.0088 0.4817
14.3811 10.0053 22.7856 0.5864 -0.0176 0.8098 0.4889 0.1845
14.3811 10.0053 22.7856 0.8720 -0.0182 0.4892 0.4756 0.1896
13.2762 -5.1989 -23.9828 0.3644 -0.0093 -0.9312 0.1732 0.2924
14.8993 -20.9602 17.0352 0.9998 -0.0204 -0.0005 0.4398 0.3821
-13.5960 20.3670 -23.9321 -0.4902 -0.0085 -0.8716 0.0062 0.1335
-14.1645 36.9411 -10.3208 -0.9083 0.1698 0.3823 0.8541 0.5236
-14.1645 36.9411 -10.3208 -0.5133 0.3284 0.7929 0.0115 0.5329
-13.0849 -39.0084 -10.5972 -0.5532 -0.8330 0.0097 0.2992 0.5990
-13.0849 -39.0084 -10.5972 -0.8910 -0.4537 0.0151 0.2019 0.6452
11.9748 -17.6828 23.2004 0.2399 -0.0176 0.9706 0.5039 0.3566
2.7241 40.7820 3.7054 0.0336 0.9994 -0.0029 0.5477 0.6829
-12.4016 40.7169 21.8466 -0.7343 0.6783 -0.0251 0.6417 0.7957
-14.6847 18.7296 -11.3126 -1.0000 0.0068 -0.0024 0.8603 0.6367
14.3784 -4.3908 -8.9128 0.9995 0.0081 -0.0296 0.2786 0.2791
1.7720 -41.6020 17.4026 -0.0374 -0.9984 0.0421 0.3916 0.7730
-13.0335 29.3741 -2.0632 -0.9493 0.3116 0.0416 0.2099 0.6694
-6.4071 -41.4703 14.9501 -0.0499 -0.9987 -0.0029 0.3407 0.7578
-5.7203 39.0801 23.4563 0.0131 0.8133 0.5817 0.6002 0.8057
-5.7203 39.0801 23.4563 0.0258 0.1829 0.9828 0.1718 0.6306
14.4458 -7.9157 -5.3985 0.9996 0.0263 -0.0144 0.3004 0.3010
-14.0174 24.0397 21.0967 -0.9984 -0.0155 0.0550 0.6588 0.6037
14.2912 -38.7433 21.5907 0.9980 -0.0569 0.0263 0.4681 0.4926
14.6476 -4.5137 7.3761 0.9975 -0.0549 0.0440 0.3798 0.2799
-13.4978 23.5554 22.7349 -0.5423 -0.0060 0.8402 0.6622 0.1003
-8.4730 -41.4102 10.9626 -0.1307 -0.9914 0.0031 0.3279 0.7330
3.9834 39.7826 -23.5594 0.0161 0.0767 -0.9969 0.1154 0.0129
-12.2674 -17.1420 22.5237 -0.2324 -0.0098 0.9726 0.6545 0.3532
14.2149 16.4060 -10.4255 0.9995 0.0200 -0.0260 0.2691 0.1499
-12.0668 -22.2404 22.5224 -0.3521 0.0004 0.9360 0.6533 0.3849
3.2653 -41.6193 13.4706 -0.0013 -1.0000 -0.0038 0.4009 0.7486
13.5675 -25.4908 22.8005 0.2591 0.0004 0.9658 0.4940 0.4051
14.1690 33.9242 -19.0742 0.9997 -0.0036 -0.0231 0.2154 0.0410
-13.5756 3.3845 22.3818 -0.6337 -0.0164 0.7734 0.6627 0.2257
14.8169 11.0598 16.0746 0.9977 0.0338 0.0590 0.4338 0.1831
-14.4212 32.0711 -17.4488 -0.9997 -0.0023 -0.0255 0.8984 0.5538
-9.6468 -40.8441 -23.1123 0.0870 0.0686 -0.9938 0.0501 0.6259
-4.0387 -41.5776 11.3879 -0.0074 -0.9999 -0.0113 0.3555 0.7356
-14.2168 11.3493 16.9873 -0.9993 0.0096 0.0359 0.6844 0.6826
14.3873 17.2804 22.9235 0.6925 -0.0235 0.7211 0.4889 0.1393
14.3873 17.2804 22.9235 0.8796 -0.0126 0.4756 0.4764 0.1444
13.3906 -34.0996 -23.8962 -0.4010 -0.0351 -0.9154 0.1739 0.4720
-12.9416 34.8576 -7.4514 -0.9996 0.0244 0.0155 0.2440 0.7029
-4.1361 40.0624 23.1388 0.0337 0.2949 0.9549 0.1779 0.6207
14.4557 -26.7121 0.7523 0.9988 0.0157 0.0471 0.3386 0.4178
14.1306 12.7279 -18.6654 0.9998 -0.0002 -0.0213 0.2179 0.1727
-2.0517 -9.5281 24.1838 -0.0947 0.0364 0.9948 0.5910 0.3059
-3.3636 41.1052 -23.5192 0.0363 -0.0178 -0.9992 0.0698 0.0046
-3.3636 41.1052 -23.5192 0.0781 0.6139 -0.7855 0.5855 0.5137
-14.5356 32.0483 -15.0376 -0.9990 0.0183 -0.0415 0.8834 0.5540
-8.5243 -41.4438 6.6264 0.0849 -0.9964 -0.0004 0.3276 0.7060
1.6359 -41.4107 -0.2182 0.0351 -0.9993 -0.0114 0.3907 0.6635
-10.2114 -41.6268 20.4391 0.2186 -0.9757 -0.0115 0.3171 0.7919
13.0256 -29.8170 22.8792 0.2130 -0.0148 0.9769 0.4973 0.4320
12.2666 40.3000 0.0333 0.0824 0.9966 0.0030 0.4884 0.6601
-13.7690 -3.3009 22.1102 -0.9396 -0.0010 0.3424 0.6525 0.7737
-13.7690 -3.3009 22.1102 -0.6788 -0.0155 0.7341 0.6639 0.2672
-13.3100 -39.8633 -24.1109 -0.5118 -0.8423 0.1691 0.2978 0.5150
13.6414 -38.1068 -23.8767 0.0489 0.0382 -0.9981 0.1755 0.4969
14.4211 30.6799 2.9348 0.9994 -0.0276 -0.0226 0.3522 0.0611
-14.7231 1.7852 -10.7028 -0.9998 -0.0181 0.0018 0.8565 0.7421
-0.3263 41.1199 -22.1122 0.0637 0.9979 0.0097 0.5666 0.5225
-11.5497 0.7503 -24.3951 -0.1515 -0.0005 -0.9885 0.0189 0.2555
5.1600 23.4466 -24.2571 0.0464 -0.2141 -0.9757 0.1227 0.1144
14.8803 -1.8174 14.7477 0.9997 -0.0039 -0.0255 0.4256 0.2631
-1.7719 41.0304 -8.8193 0.0490 0.9987 0.0126 0.5756 0.6051
9.9056 -41.4397 6.0727 0.0590 -0.9974 -0.0416 0.4421 0.7026
-13.1083 30.9908 -6.1210 -0.9645 0.1919 0.1816 0.2199 0.6946
2.9554 -41.6818 15.1044 0.0172 -0.9999 0.0001 0.3989 0.7587
-2.6019 -40.4432 22.1827 -0.0541 -0.8715 0.4874 0.1330 0.6096
14.7619 -10.5063 10.9070 0.9970 -0.0601 -0.0496 0.4017 0.3171
14.6229 19.9876 7.5599 0.9989 0.0240 -0.0415 0.3809 0.1276
-6.6445 40.5726 22.7941 0.0739 0.9404 0.3318 0.6059 0.8016
9.8876 0.5500 23.8710 0.1458 -0.0100 0.9893 0.5168 0.2433
0.4538 22.1576 24.6614 -0.0397 -0.0042 0.9992 0.5755 0.1090
1.6356 33.8170 24.6180 -0.0053 0.0323 0.9995 0.5681 0.0365
14.2849 -15.8722 -11.9883 0.9997 -0.0057 -0.0258 0.2594 0.3505
14.6899 32.5001 19.3654 0.9990 0.0290 0.0334 0.4543 0.0498
14.6570 9.9033 6.6507 0.9998 -0.0100 0.0189 0.3753 0.1903
-2.5953 -40.9787 22.2059 0.0059 0.7835 0.6213 0.1208 0.5728
-14.7035 -36.2338 -16.8242 -0.9952 -0.0904 -0.0374 0.8945 0.9783
2.6174 -41.5159 21.4618 -0.0437 -0.9946 0.0942 0.3968 0.7982
14.8991 -3.5966 13.2505 0.9999 -0.0149 -0.0060 0.4163 0.2742
13.9275 -40.0469 -20.2456 0.9547 -0.2948 -0.0403 0.2081 0.5007
13.9275 -40.0469 -20.2456 0.7241 -0.6892 -0.0276 0.4671 0.5390
-14.2197 -11.9121 14.5929 -0.9995 0.0027 0.0308 0.6993 0.8272
-9.0895 -41.4228 10.7727 0.0299 -0.9995 0.0124 0.3241 0.7318
1.8636 -31.0743 24.0109 0.0243 -0.0328 0.9992 0.5667 0.4398
3.2688 -39.8494 22.5159 0.0406 -0.5169 0.8551 0.1350 0.5731
3.2688 -39.8494 22.5159 0.0011 -0.8851 0.4654 0.4009 0.8048
-13.0426 -39.0300 2.7301 0.1954 -0.8848 -0.4230 0.2995 0.6818
-13.0426 -39.0300 2.7301 -0.7997 -0.4269 -0.4221 0.2018 0.5624
2.6369 -41.4742 22.1012 0.0215 -0.9313 0.3635 0.3969 0.8022
11.8595 -23.9102 23.1835 0.1913 -0.0019 0.9815 0.5046 0.3953
-12.7340 28.7089 -24.3560 -0.2277 -0.0117 -0.9737 0.0115 0.0817
8.6260 40.1256 20.1246 0.0305 0.9969 0.0723 0.5110 0.7850
-4.4148 40.7615 17.7215 0.0515 0.9979 0.0384 0.5920 0.7701
14.6462 15.6350 11.3113 0.9985 0.0512 -0.0177 0.4042 0.1546
-14.3140 4.6185 12.7979 -0.9996 -0.0025 0.0299 0.7104 0.7244
-13.1297 32.0789 -7.4001 -0.9054 0.2948 0.3055 0.2267 0.7026
4.9641 -22.9056 -24.3058 0.0276 -0.0176 -0.9995 0.1215 0.4025
14.2830 -11.8231 -12.6368 0.9998 -0.0030 -0.0201 0.2554 0.3253
-13.5954 39.4004 -22.0314 -0.3988 0.9117 -0.0992 0.0577 0.5349
-13.5556 -39.2166 -15.2412 0.1361 -0.9905 0.0207 0.2963 0.5701
-13.6649 -39.0396 6.0196 0.0055 -0.9998 0.0207 0.2956 0.7023
14.4485 30.7371 4.1597 0.9979 -0.0628 -0.0150 0.3598 0.0608
14.8827 -7.0771 19.2217 0.9993 0.0117 0.0352 0.4534 0.2958
-14.3373 33.3913 14.2592 -0.9988 0.0024 0.0488 0.7013 0.5456
10.1172 -7.0573 23.7094 0.1657 -0.0081 0.9861 0.5154 0.2906
-13.8320 -38.3966 -24.2793 -0.4616 0.0296 -0.8866 0.0047 0.4987
0.2646 -25.5379 24.0723 -0.0360 -0.0179 0.9992 0.5766 0.4054
-12.8639 35.5613 3.0506 -0.9999 0.0168 0.0017 0.2484 0.6376
-3.7897 27.6256 -24.5536 0.0282 -0.0096 -0.9996 0.0671 0.0884
14.6632 10.1668 7.7497 0.9987 0.0425 -0.0290 0.3821 0.1886
-14.2479 -37.6809 11.3127 -0.9969 -0.0658 0.0432 0.7196 0.9873
-12.8524 38.7345 -8.8537 -0.9992 0.0359 0.0150 0.2681 0.7116
14.0171 20.4762 -23.0170 0.9999 -0.0072 -0.0143 0.1909 0.1246
14.4099 -21.2178 -7.7393 0.9988 -0.0388 -0.0305 0.2858 0.3837
-13.5799 -39.1286 -8.7899 0.1365 -0.9752 0.1740 0.2962 0.6102
-11.2200 41.7102 -19.1613 0.0606 0.9981 0.0046 0.6343 0.5408
14.7363 -33.3612 15.3947 0.9989 -0.0441 0.0165 0.4296 0.4592
14.3623 27.1810 -4.0149 0.9998 -0.0134 -0.0167 0.3090 0.0829
8.3326 -41.5137 6.3031 0.0302 -0.9989 -0.0372 0.4323 0.7040
-14.2640 -35.9560 12.5490 -0.9975 -0.0332 0.0622 0.7120 0.9766
14.8523 25.3269 18.1040 0.9926 0.1211 0.0105 0.4465 0.0944
14.2315 28.9969 -7.2392 0.9997 -0.0058 -0.0250 0.2890 0.0716
-14.5283 -39.1998 -16.8489 -0.8395 -0.5430 -0.0197 0.2903 0.5601
-14.5283 -39.1998 -16.8489 -0.9325 -0.3606 -0.0192 0.8947 0.9968
-13.0266 35.6753 -9.5488 -0.7875 0.2451 0.5655 0.0044 0.5407
-13.0266 35.6753 -9.5488 -0.8780 0.2054 0.4323 0.2491 0.7159
-14.0429 -32.0092 -24.0702 -0.6173 0.0011 -0.7867 0.0034 0.4591
-6.5108 -29.5121 -24.5527 0.0146 -0.0170 -0.9997 0.0502 0.4435
-10.3107 -20.3698 23.4745 -0.1522 -0.0197 0.9882 0.6424 0.3733
-7.3225 -28.8697 23.7627 -0.0432 0.0003 0.9991 0.6238 0.4261
-14.0911 31.4961 -6.7745 -0.0711 0.7185 0.6919 0.0955 0.5327
-4.8738 -5.8135 -24.6125 0.0224 -0.0022 -0.9997 0.0604 0.2962
6.4045 40.7040 -2.6618 0.0473 0.9988 0.0097 0.5248 0.6434
14.6037 19.1821 8.6254 0.9975 0.0702 -0.0017 0.3876 0.1326
14.1518 23.1929 -12.3911 1.0000 -0.0054 -0.0083 0.2569 0.1077
14.3991 39.1776 14.3102 0.9930 0.1184 -0.0033 0.4229 0.0083
4.2639 -41.3463 -8.1682 0.0111 -0.9999 -0.0113 0.4071 0.6141
14.2698 -5.1441 -12.7378 0.9996 0.0008 -0.0271 0.2548 0.2838
14.6467 -21.3707 -0.7342 0.9999 -0.0047 0.0094 0.3294 0.3846
14.5376 -28.3106 -0.8714 0.9896 0.0250 -0.1420 0.3285 0.4278
14.8049 9.6873 13.0373 0.9913 0.1313 -0.0103 0.4150 0.1916
-14.2230 35.2791 -19.0685 -0.9948 0.0369 -0.0946 0.9085 0.5339
14.4269 39.1196 16.6329 0.9922 0.1213 -0.0271 0.4373 0.0087
12.5804 38.8968 -23.4626 -0.0647 0.4359 -0.8977 0.1689 0.0184
12.5804 38.8968 -23.4626 -0.0853 0.7167 -0.6921 0.1491 0.6652
-0.6737 27.5198 -24.4580 0.0235 0.0011 -0.9997 0.0865 0.0891
-4.2094 -40.2903 -23.9209 -0.1250 -0.3898 -0.9124 0.0645 0.5105
-4.2094 -40.2903 -23.9209 0.0080 -0.5600 -0.8284 0.3544 0.5162
-13.2948 31.5307 -6.9980 0.1186 0.7477 0.6534 0.0906 0.5313
-14.2414 30.7509 4.5458 -0.3366 0.7595 -0.5567 0.0965 0.6031
-11.7576 -28.4540 23.1416 -0.9999 0.0102 0.0083 0.1594 0.6057
-11.7576 -28.4540 23.1416 -0.6959 0.0207 0.7178 0.6514 0.4235
14.0627 27.9533 -21.2907 0.9997 0.0059 -0.0241 0.2016 0.0781
14.6136 -35.3933 1.3729 0.9926 -0.1025 -0.0651 0.3425 0.4718
6.6290 -41.2716 -16.2732 0.0286 -0.9996 0.0070 0.4218 0.5637
-10.5777 41.6513 -17.5952 0.0789 0.9968 0.0097 0.6304 0.5506
14.8646 16.3087 18.4109 0.9997 0.0036 0.0246 0.4484 0.1505
-5.5561 -41.5528 -2.1539 0.0204 -0.9998 -0.0056 0.3460 0.6515
-13.8434 39.2269 -21.9419 -0.9671 0.2032 -0.1529 0.9263 0.5094
-13.8434 39.2269 -21.9419 -0.5916 0.8020 -0.0826 0.0593 0.5355
14.7540 -32.9675 11.6945 0.9995 -0.0271 -0.0163 0.4066 0.4567
14.8241 -29.0873 6.8612 0.9824 -0.1826 -0.0379 0.3766 0.4326
-0.6268 -41.0803 -23.7647 0.0959 -0.0804 -0.9921 0.0868 0.5154
-0.6268 -41.0803 -23.7647 0.0294 -0.6452 -0.7634 0.3767 0.5171
-14.6490 7.1872 1.1853 -0.9998 0.0028 0.0201 0.7826 0.7085
13.8816 29.3973 -23.7134 0.9339 0.0035 -0.3575 0.1866 0.0691
13.8816 29.3973 -23.7134 0.8133 -0.0032 -0.5818 0.1769 0.0774
-6.0209 -39.7430 22.6154 0.0705 -0.7269 0.6831 0.1356 0.6309
-6.0209 -39.7430 22.6154 0.0413 -0.8057 0.5909 0.3431 0.8054
14.5928 -4.9235 9.6648 0.9993 0.0255 -0.0257 0.3940 0.2824
-14.6006 26.3962 0.6064 -0.9999 0.0019 0.0126 0.7862 0.5891
-14.4316 21.8481 9.4148 -0.9999 0.0044 0.0165 0.7314 0.6174
-10.3175 -41.5574 -4.2869 0.0027 -1.0000 0.0025 0.3164 0.6382
8.2434 27.9960 24.4913 0.0791 -0.0025 0.9969 0.5271 0.0727
14.7402 -2.3405 8.9936 0.9997 0.0026 -0.0250 0.3898 0.2664
-7.0109 40.9920 5.3606 0.0034 1.0000 -0.0039 0.6082 0.6932
14.6151 18.9065 11.1381 0.9963 -0.0729 -0.0448 0.4032 0.1343
-6.3194 40.7824 16.7888 0.0437 0.9990 0.0134 0.6039 0.7643
14.1376 35.0873 -22.8076 0.9997 -0.0062 0.0246 0.1922 0.0337
-14.6498 -3.0349 0.4044 -0.9998 0.0050 0.0200 0.7874 0.7720
14.2548 35.6840 -12.5579 0.9999 -0.0101 -0.0046 0.2559 0.0300
-5.5757 29.5957 -24.6048 0.0078 0.0097 -0.9999 0.0560 0.0762
-3.9736 41.2875 -18.0468 0.0527 0.9986 0.0074 0.5893 0.5478
-12.1525 39.3282 -23.9956 -0.3068 0.9511 -0.0351 0.0488 0.5227
-9.3323 40.8029 22.6049 0.0203 0.9989 0.0423 0.6226 0.8004
11.5875 -0.4192 -24.0991 0.0481 0.0023 -0.9988 0.1627 0.2627
14.5259 -27.0658 -0.7043 0.9955 0.0343 -0.0889 0.3296 0.4200
-13.8197 -39.2815 -2.6262 0.3782 -0.8984 -0.2231 0.2947 0.6485
13.5180 -34.4843 -23.9451 -0.2966 -0.0110 -0.9549 0.1747 0.4744
14.3750 0.3155 22.5738 0.7499 -0.0184 0.6613 0.4890 0.2447
-13.2445 -39.4189 -22.8733 -0.0243 -0.9972 -0.0711 0.2982 0.5227
-13.2445 -39.4189 -22.8733 -0.8996 -0.3987 -0.1781 0.1994 0.7215
1.3857 -41.3915 -17.3059 0.0225 -0.9994 -0.0254 0.3892 0.5573
14.0313 23.4698 -23.1759 0.9775 -0.0031 -0.2111 0.1899 0.1060
14.3128 5.9654 -9.6471 0.9999 0.0121 -0.0112 0.2740 0.2147
-8.5400 -40.2440 21.9789 -0.0102 -0.8648 0.5019 0.1317 0.6465
13.7984 -14.1933 -23.4378 0.9742 0.0092 -0.2253 0.1883 0.3400
-6.1912 41.0470 -1.7000 0.0132 0.9999 0.0108 0.6031 0.6494
-14.6366 -38.3497 -4.5046 -0.9975 -0.0697 0.0096 0.8180 0.9915
-7.1671 3.0822 -24.6664 0.0303 -0.0055 -0.9995 0.0461 0.2410
-14.7581 -2.9536 -12.5100 -1.0000 0.0021 -0.0001 0.8677 0.7715
-8.2991 -41.5543 20.1215 -0.0732 -0.9945 0.0754 0.3290 0.7899
-14.6061 6.4512 3.0326 -0.9996 0.0029 0.0278 0.7711 0.7131
14.6739 -27.0439 5.9469 0.9995 0.0310 0.0051 0.3709 0.4199
8.3545 -4.8007 23.9747 0.1087 -0.0270 0.9937 0.5264 0.2765
-10.5859 1.2813 23.5106 -0.1602 -0.0034 0.9871 0.6441 0.2387
9.3256 -35.7071 -23.9778 0.0767 -0.0339 -0.9965 0.1486 0.4820
5.4674 -40.8910 21.6617 -0.0606 0.8045 0.5909 0.1174 0.6229
-14.6730 24.6713 -14.4913 -0.9998 0.0149 -0.0157 0.8800 0.5998
-10.8411 -41.5919 15.4685 -0.1533 -0.9881 -0.0081 0.3132 0.7610
5.7782 20.5231 -24.1691 -0.0710 -0.0234 -0.9972 0.1266 0.1326
14.8441 0.3513 13.7359 0.9936 -0.1127 -0.0023 0.4193 0.2496
14.4436 -31.6433 -8.9241 0.9999 0.0040 -0.0165 0.2785 0.4485
-11.7338 -41.3162 3.0897 -0.5024 -0.8646 0.0091 0.3076 0.6841
-14.6939 11.6173 -16.8102 -0.9989 0.0049 -0.0470 0.8944 0.6809
14.6792 -0.9197 21.9359 0.9934 -0.0124 0.1138 0.4703 0.2575
2.9217 40.7744 2.5857 0.0236 0.9996 0.0175 0.5465 0.6760
-9.0849 1.3613 -24.6669 -0.0283 0.0006 -0.9996 0.0342 0.2517
14.7377 -2.7085 21.1940 0.9927 -0.0128 0.1201 0.4657 0.2686
14.7402 -14.4263 11.1464 0.9931 0.1019 -0.0578 0.4032 0.3415
14.7906 -0.5325 20.9187 0.9952 -0.0006 0.0983 0.4640 0.2551
-5.6658 -41.5116 -16.0033 0.0158 -0.9998 -0.0112 0.3453 0.5654
13.8393 -21.1560 -23.5190 0.9632 0.0119 -0.2685 0.1878 0.3833
-14.0639 0.8576 18.6115 -0.9999 0.0035 -0.0125 0.6743 0.7478
-14.3585 -2.6611 10.8011 -0.9994 0.0020 0.0357 0.7228 0.7697
-14.7084 16.2594 -12.0449 -0.9990 -0.0036 0.0441 0.8648 0.6521
-4.9668 40.8294 16.3705 0.0082 1.0000 0.0006 0.5955 0.7617
14.1802 14.1826 -13.8408 0.9996 -0.0061 -0.0266 0.2479 0.1637
14.5291 -19.1162 7.0657 0.9976 -0.0680 -0.0089 0.3779 0.3706
-2.1929 5.6832 24.3226 -0.4607 -0.0745 0.8844 0.5919 0.2114
-7.2245 -39.0582 -24.4809 0.0132 -0.0873 -0.9961 0.0458 0.5029
14.7913 -3.5309 10.8993 0.9976 -0.0654 -0.0224 0.4017 0.2738
-14.5173 -17.4966 -22.2416 -0.9875 0.0054 -0.1574 0.9282 0.8619
-8.5337 5.8937 -24.6823 -0.0472 0.0022 -0.9989 0.0376 0.2235
14.2368 39.8873 -8.9456 0.6551 0.7556 -0.0010 0.4761 0.6043
14.2368 39.8873 -8.9456 0.9513 0.3081 -0.0069 0.2783 0.0039
14.3604 -3.3139 -9.1332 0.9997 0.0087 -0.0247 0.2772 0.2724
3.0078 4.8390 24.5570 0.0112 -0.0189 0.9998 0.5596 0.2166
14.1468 7.9524 -17.6841 0.9984 0.0260 -0.0496 0.2240 0.2024
-14.0286 -39.2463 2.5401 -0.0454 -0.9751 -0.2172 0.2934 0.6806
-13.4911 16.3938 22.6583 -0.5144 -0.0142 0.8574 0.6621 0.1448
9.3544 8.6803 24.0808 0.1423 -0.0188 0.9896 0.5202 0.1928
9.0572 39.2266 23.1234 0.0031 0.3323 0.9432 0.1727 0.5388
-0.2311 40.7537 12.1771 0.0274 0.9994 0.0230 0.5660 0.7356
3.7688 -41.5654 9.0362 0.0140 -0.9997 0.0223 0.4040 0.7210
14.4300 1.4131 -6.4399 0.9998 0.0038 -0.0201 0.2939 0.2430
3.5649 7.2657 -24.3087 0.0051 -0.0165 -0.9999 0.1128 0.2150
-12.1690 10.9948 22.7934 -0.2080 -0.0092 0.9781 0.6539 0.1784
9.4068 -18.3063 -24.2052 0.0464 0.0081 -0.9989 0.1491 0.3739
-14.7701 -5.2909 -10.2575 -1.0000 0.0043 0.0005 0.8537 0.7860
-13.6988 32.3071 -23.5799 -0.9634 0.0074 -0.2681 0.9365 0.5524
14.3033 20.3142 -7.0059 0.9997 -0.0021 -0.0238 0.2904 0.1256
-14.8970 -34.8540 -8.8025 -0.9993 -0.0375 -0.0004 0.8447 0.9698
-14.3963 5.4513 10.2184 -0.9996 -0.0083 0.0263 0.7264 0.7193
-6.7655 -41.4856 -8.8162 -0.0188 -0.9998 -0.0060 0.3385 0.6101
14.7735 -29.0862 5.4061 0.9733 -0.2257 -0.0418 0.3675 0.4326
14.1605 29.9423 -18.3551 0.9998 -0.0067 -0.0196 0.2199 0.0657
-13.1901 31.6921 -7.1588 -0.7103 0.4698 0.5241 0.0054 0.5655
-13.1901 31.6921 -7.1588 -0.2707 0.7253 0.6330 0.0899 0.5303
-13.1901 31.6921 -7.1588 -0.8865 0.3366 0.3175 0.2243 0.7011
14.4269 -31.1371 -0.1968 0.9964 -0.0356 0.0771 0.3327 0.4453
-13.6880 -39.2963 17.1735 -0.4174 -0.9074 -0.0484 0.2955 0.7716
-13.6880 -39.2963 17.1735 -0.8717 -0.4866 0.0576 0.6832 0.9974
-12.4406 41.4180 -15.2832 -0.7015 0.7126 0.0068 0.6419 0.5649
-11.2879 20.7095 23.6102 -0.2960 -0.0228 0.9549 0.6484 0.1180
7.7866 39.0532 23.2649 0.0222 0.7778 0.6281 0.5162 0.8045
14.8295 20.9653 19.2985 0.9978 0.0110 0.0653 0.4539 0.1215
14.8282 -7.8703 12.3925 0.9987 0.0307 -0.0416 0.4110 0.3007
-14.7760 -8.0275 -17.3675 -0.9999 0.0056 -0.0133 0.8979 0.8030
4.2675 -41.6605 17.6541 -0.0460 -0.9989 -0.0016 0.4071 0.7746
8.5422 -8.9187 -24.2483 0.0584 -0.0324 -0.9978 0.1438 0.3155
3.3646 -7.8108 -24.3479 -0.0231 -0.0100 -0.9997 0.1116 0.3087
-8.2752 -5.2090 -24.6849 0.0111 -0.0156 -0.9998 0.0392 0.2925
-14.1205 -11.6707 -23.6152 -0.7808 0.0200 -0.6245 0.0029 0.3326
-14.1205 -11.6707 -23.6152 -0.9631 0.0074 -0.2690 0.9367 0.8257
14.0391 18.5939 -21.2808 0.9996 0.0061 -0.0266 0.2017 0.1363
3.9175 -39.5102 23.1617 -0.0065 -0.8657 0.5006 0.4049 0.8088
14.8393 24.3022 17.4853 0.9996 -0.0020 -0.0273 0.4426 0.1008
-8.6903 19.7476 23.9699 -0.0543 -0.1353 0.9893 0.6323 0.1240
13.2152 -40.6044 -23.2984 0.4843 -0.8037 -0.3456 0.4627 0.5200
14.1566 -9.2585 -16.4412 0.9995 0.0000 -0.0320 0.2318 0.3094
-8.8022 -41.4824 7.2333 0.0707 -0.9974 -0.0160 0.3259 0.7098
14.5211 -14.6519 3.5698 0.9983 -0.0444 0.0369 0.3561 0.3429
-14.0520 39.0024 19.0532 -0.6487 0.7610 -0.0106 0.0814 0.5869
-12.0986 -41.0760 3.7217 -0.6652 -0.7466 -0.0004 0.3054 0.6880
-12.8870 -39.1883 1.6324 -0.6217 -0.7773 0.0963 0.3005 0.6750
-12.8870 -39.1883 1.6324 -0.9710 -0.2384 -0.0173 0.2008 0.5692
-3.6886 38.8717 -23.7861 0.0035 0.1385 -0.9903 0.0678 0.0185
-3.6886 38.8717 -23.7861 0.0076 0.6329 -0.7742 0.1471 0.5641
-14.4861 -36.1276 -21.3864 -0.9969 -0.0339 -0.0714 0.9229 0.9777
2.1793 -41.4031 -10.3982 0.0232 -0.9997 -0.0017 0.3941 0.6002
-11.8074 -32.4967 23.0520 -0.9888 0.0082 -0.1490 0.1600 0.6308
14.1344 37.7973 -21.7256 0.9999 -0.0110 -0.0060 0.1989 0.0169
-0.5051 -41.6192 12.7157 -0.0436 -0.9990 0.0057 0.3774 0.7439
3.7710 40.5568 15.1102 0.0173 0.9988 0.0468 0.5412 0.7538
13.7321 33.7020 -23.8898 0.4052 0.0103 -0.9142 0.1760 0.0507
-14.5901 -15.2796 5.6483 -0.9995 0.0100 0.0291 0.7549 0.8481
14.6948 -33.5247 17.2111 0.9969 -0.0769 0.0158 0.4409 0.4602
-4.2936 41.2716 -14.9223 0.0465 0.9988 0.0183 0.5913 0.5672
13.9161 -7.8016 -22.1495 0.9987 -0.0075 -0.0507 0.1963 0.3003
-11.7074 -22.8355 23.1005 -0.8800 0.0176 0.4746 0.1597 0.5708
-11.7074 -22.8355 23.1005 -0.7407 0.0144 0.6717 0.6511 0.3886
7.0638 -14.9379 23.9567 0.0977 -0.0339 0.9946 0.5344 0.3395
-13.0890 -38.9502 -4.6471 -0.5026 -0.8644 -0.0146 0.2992 0.6360
-14.4669 31.3372 -7.0238 -0.9438 0.2490 0.2174 0.8336 0.5584
-14.4669 31.3372 -7.0238 -0.6924 0.5804 0.4286 0.0979 0.5312
1.9822 40.7156 12.5776 0.0073 0.9993 0.0375 0.5523 0.7381
4.9396 23.4014 24.6933 0.0533 -0.0154 0.9985 0.5476 0.1013
6.5115 -10.8476 -24.3203 0.0210 -0.0101 -0.9997 0.1311 0.3275
2.6557 -20.5073 24.2006 0.0208 -0.0194 0.9996 0.5618 0.3742
14.4338 -36.4847 -2.2394 0.9994 -0.0051 -0.0348 0.3200 0.4786
-11.7900 -32.4672 22.6014 -0.2385 0.0073 0.9711 0.6516 0.4485
-11.7900 -32.4672 22.6014 -0.6026 0.0050 0.7980 0.0189 0.5437
3.6815 -41.0719 22.0478 0.0267 0.8689 0.4943 0.1198 0.6118
14.8085 23.5270 14.1551 0.9969 0.0538 -0.0566 0.4219 0.1056
-12.6155 -39.4859 21.9656 -0.2710 -0.2909 0.9176 0.0386 0.5991
-12.6155 -39.4859 21.9656 -0.3723 -0.8539 0.3637 0.3022 0.8014
-4.3775 6.2845 -24.6124 0.0290 -0.0059 -0.9996 0.0635 0.2211
13.9990 6.9926 -21.6749 0.9990 -0.0006 -0.0440 0.1992 0.2084
-13.0225 -39.2625 6.6128 -0.1670 -0.9783 -0.1227 0.2996 0.7059
13.9642 -13.5527 -21.0257 0.9980 0.0071 -0.0630 0.2033 0.3360
13.8140 -27.8723 -23.6683 0.9238 -0.0151 -0.3827 0.1868 0.4250
13.8140 -27.8723 -23.6683 0.7652 0.0106 -0.6437 0.1765 0.4333
14.8698 -27.8326 15.4393 1.0000 -0.0041 0.0089 0.4299 0.4248
1.7423 -2.0963 -24.4163 0.0939 0.0142 -0.9955 0.1015 0.2731
-12.6228 40.8169 3.2670 -0.4830 0.8756 0.0095 0.6431 0.6802
-12.6228 40.8169 3.2670 -0.9271 0.3748 0.0071 0.2810 0.6363
-13.2625 39.3361 11.0290 -0.8377 0.5275 0.1412 0.2718 0.5880
-13.2625 39.3361 11.0290 -0.4673 -0.8648 0.1837 0.1491 0.6813
8.2614 -41.6532 20.9880 -0.0275 -0.9995 0.0127 0.4319 0.7953
4.1495 -23.1721 24.0955 0.0617 -0.0161 0.9980 0.5525 0.3907
-11.6871 -34.9026 22.7451 -0.9370 0.0130 -0.3491 0.1619 0.6458
-11.6871 -34.9026 22.7451 -0.6234 -0.0152 0.7818 0.0183 0.5589
10.0073 37.0822 24.3187 0.0548 -0.0026 0.9985 0.5161 0.0162
-14.7645 2.6954 -13.1696 -0.9994 -0.0348 0.0009 0.8718 0.7364
14.6529 24.7550 11.7787 0.9998 0.0117 -0.0157 0.4071 0.0980
-14.1671 12.3622 18.3454 -0.9983 0.0029 0.0582 0.6759 0.6763
4.0279 40.7787 -0.5774 0.0358 0.9994 -0.0035 0.5396 0.6563
-14.1132 -28.7680 -23.8913 -0.6986 0.0024 -0.7155 0.0030 0.4389
14.7542 2.8925 13.4015 0.9984 -0.0281 -0.0498 0.4172 0.2338
4.0318 5.3766 -24.3231 -0.0648 -0.0234 -0.9976 0.1157 0.2267
14.2647 -33.6762 -16.0216 0.9997 -0.0102 -0.0220 0.2344 0.4611
-13.9110 8.8829 21.8828 -0.9932 -0.0060 0.1159 0.6540 0.6979
1.9720 -41.1995 -23.3952 0.0239 -0.9615 -0.2736 0.3928 0.5194
14.6113 -11.6883 9.6842 1.0000 -0.0020 0.0059 0.3941 0.3245
-13.1790 38.7679 9.3708 -0.1855 0.9663 -0.1786 0.0760 0.5268
-14.7275 -36.7883 -7.5687 -0.9973 -0.0730 0.0043 0.8370 0.9818
14.7267 -29.1795 19.2221 0.9989 -0.0059 0.0468 0.4534 0.4332
14.7205 -15.0827 5.9562 0.9937 0.1118 -0.0048 0.3710 0.3456
-13.7188 29.6653 2.4641 0.2906 0.8600 -0.4195 0.0932 0.5901
-11.7906 39.9938 23.0760 -0.1885 -0.2575 0.9477 0.1775 0.6683
10.3503 -41.1725 -0.5481 0.0898 -0.9956 -0.0283 0.4449 0.6614
7.1399 40.4003 16.8815 0.0698 0.9970 0.0343 0.5202 0.7648
-6.3796 -7.2115 23.9394 -0.1800 0.0623 0.9817 0.6179 0.2915
14.4094 -37.8692 -2.0047 0.9992 -0.0372 -0.0134 0.3215 0.4872
9.0406 4.2052 -24.2200 0.0344 -0.0075 -0.9994 0.1469 0.2340
11.1503 38.5461 -23.8098 0.0256 0.4294 -0.9028 0.1600 0.0205
11.1503 38.5461 -23.8098 -0.0036 0.7340 -0.6792 0.1469 0.6563
-2.5938 -39.7431 -24.2122 0.0146 -0.5060 -0.8624 0.3644 0.5144
-2.5938 -39.7431 -24.2122 0.0202 -0.3267 -0.9449 0.0746 0.5071
14.5194 22.9355 6.8349 0.9994 0.0345 -0.0036 0.3764 0.1093
-9.7522 -24.9189 -24.6341 -0.0367 -0.0039 -0.9993 0.0301 0.4150
-4.9426 40.9842 1.4851 0.0232 0.9997 0.0114 0.5953 0.6691
-3.0962 -41.5780 11.1167 -0.0061 -0.9999 -0.0093 0.3613 0.7339
14.8160 10.7396 20.2762 0.9941 0.0302 0.1043 0.4600 0.1851
-14.6960 19.7049 -4.2038 -0.9999 0.0007 0.0110 0.8161 0.6307
-14.5537 -26.8514 -22.2969 -0.9899 0.0029 -0.1415 0.9285 0.9200
14.2974 -4.8246 22.5491 0.7773 -0.0146 0.6290 0.4894 0.2767
14.0699 27.2226 -21.0410 0.9998 -0.0025 -0.0174 0.2032 0.0826
14.6406 14.8232 8.0365 0.9994 -0.0337 0.0091 0.3839 0.1597
6.0724 -41.3018 -16.8404 0.0126 -0.9992 0.0389 0.4183 0.5602
-13.8616 8.0339 22.1091 -0.9811 -0.0045 0.1932 0.6525 0.7032
-13.8616 8.0339 22.1091 -0.8329 -0.0123 0.5533 0.6644 0.1968
-11.7889 -33.6599 23.2790 -0.9928 0.0050 0.1198 0.1586 0.6381
-11.7889 -33.6599 23.2790 -0.7512 0.0171 0.6599 0.6516 0.4559
-3.8407 41.0122 -2.4507 0.0231 0.9997 0.0126 0.5885 0.6447
-14.6979 19.8835 -15.9343 -0.9997 0.0086 -0.0242 0.8890 0.6296
4.4612 38.3844 -24.0465 0.0150 0.7423 -0.6699 0.1455 0.6148
4.7692 -41.4253 22.2050 -0.0199 -0.4869 0.8732 0.5487 0.5042
14.2723 37.5325 -12.3563 0.9999 -0.0116 -0.0056 0.2571 0.0186
7.5005 -41.4313 3.8187 0.0217 -0.9990 -0.0385 0.4272 0.6886
14.6462 0.1841 6.6052 1.0000 0.0018 -0.0065 0.3750 0.2507
-14.5257 22.0469 5.9252 -0.9993 0.0155 0.0350 0.7531 0.6161
-6.3114 -41.5753 -6.7382 -0.0622 -0.9981 0.0032 0.3413 0.6230
6.6912 19.3800 -24.1477 0.0310 0.0532 -0.9981 0.1323 0.1397
14.6414 31.8521 19.9823 0.9964 0.0354 0.0771 0.4581 0.0539
-6.6861 -22.7326 -24.6456 0.0181 -0.0056 -0.9998 0.0491 0.4014
-14.0870 33.5760 -8.6459 -0.1511 0.5062 0.8491 0.0110 0.5538
-14.0870 33.5760 -8.6459 -0.1852 0.5515 0.8134 0.0955 0.5211
-14.7292 1.0833 -16.4788 -0.9999 0.0132 -0.0067 0.8924 0.7464
12.5402 -14.9270 -24.0038 0.0860 -0.0017 -0.9963 0.1686 0.3529
4.7162 -41.0102 -23.4560 -0.0050 -0.6837 -0.7297 0.4099 0.5191
4.7162 -41.0102 -23.4560 0.1231 0.3781 -0.9175 0.1200 0.5150
14.7669 -30.6816 16.6336 0.9978 -0.0495 0.0435 0.4373 0.4425
14.3498 -13.4778 -9.0676 0.9995 0.0009 -0.0316 0.2776 0.3356
-5.4966 1.7137 -24.6251 0.0284 0.0079 -0.9996 0.0565 0.2495
-1.3013 -41.4680 -15.9290 0.0122 -0.9999 -0.0082 0.3725 0.5658
3.8687 -41.5657 14.9814 0.0210 -0.9998 -0.0032 0.4046 0.7580
-14.7421 15.3986 -13.9763 -1.0000 0.0000 -0.0073 0.8768 0.6574
-14.6503 1.8852 -4.4654 -0.9990 -0.0357 0.0271 0.8177 0.7414
14.2944 -39.9659 -1.5163 0.9915 -0.1299 -0.0048 0.3245 0.5002
-14.7592 -0.6902 -10.2549 -1.0000 0.0073 0.0014 0.8537 0.7574
13.0039 -40.7523 -21.1675 0.3540 -0.9351 0.0139 0.4614 0.5333
14.7901 23.1131 15.4833 0.9998 0.0128 0.0134 0.4302 0.1082
-11.9368 -41.1776 6.4638 -0.4778 -0.8785 0.0049 0.3064 0.7050
-11.1244 -40.6597 22.2966 0.1071 0.3085 0.9452 0.0313 0.5898
-11.1244 -40.6597 22.2966 0.1032 0.7046 0.7020 0.1213 0.5198
13.9220 3.5908 -23.1676 0.9684 -0.0085 -0.2491 0.1900 0.2295
-7.4719 40.9268 15.7241 0.0290 0.9996 0.0007 0.6110 0.7576
13.1365 39.9767 -23.2432 -0.0188 0.0819 -0.9965 0.1723 0.0117
-7.4613 -41.2741 22.4719 0.0382 -0.6889 0.7238 0.3342 0.8045
-7.4613 -41.2741 22.4719 0.0107 -0.0161 0.9998 0.0275 0.5670
14.8275 24.8585 15.3518 0.9965 0.0828 -0.0064 0.4294 0.0973
13.8122 -40.9002 7.1444 0.6208 -0.7838 -0.0149 0.4664 0.7092
-5.9329 41.2295 -23.5625 0.0081 0.2575 -0.9663 0.0538 0.0039
13.2639 39.7290 23.0630 0.1443 0.7336 0.6640 0.4822 0.8033
5.7708 -41.1947 22.1814 -0.0047 0.3458 0.9383 0.5424 0.5027
5.7708 -41.1947 22.1814 0.0028 0.7054 0.7088 0.1206 0.6248
-12.8179 -40.0477 11.2385 -0.7964 -0.6019 0.0590 0.3009 0.7347
14.7007 6.8631 7.7077 0.9973 0.0713 0.0147 0.3818 0.2092
13.7725 8.6654 -23.5819 0.9077 -0.0206 -0.4192 0.1874 0.1980
13.7725 8.6654 -23.5819 0.6983 -0.0228 -0.7154 0.1763 0.2063
-10.6968 -41.5549 21.9628 -0.4551 -0.8891 -0.0496 0.3141 0.8013
14.6037 23.3981 9.3822 0.9999 0.0090 -0.0113 0.3923 0.1064
14.7375 -11.0014 9.8358 0.9915 -0.1162 0.0578 0.3951 0.3202
0.0042 -41.6526 12.9583 0.0510 -0.9987 -0.0024 0.3806 0.7454
6.5399 -21.4475 -24.3009 0.0268 -0.0185 -0.9995 0.1313 0.3934
-14.7902 -8.6153 -11.0407 -1.0000 0.0057 0.0034 0.8586 0.8067
2.0452 -41.3764 -5.5386 0.0251 -0.9997 -0.0042 0.3933 0.6304
-10.0236 -41.5269 4.5727 0.0040 -0.9999 0.0106 0.3183 0.6933
-14.0385 -1.7858 19.5498 -0.9983 -0.0003 0.0591 0.6685 0.7642
10.4512 -41.6907 18.6860 0.0066 -1.0000 0.0025 0.4455 0.7810
-11.7589 -19.4281 22.8153 -0.9526 -0.0187 0.3037 0.1614 0.5496
-13.2761 32.9352 6.4171 0.4473 0.4126 -0.7935 0.0177 0.6195
6.5267 -4.8002 24.1656 0.1032 -0.0297 0.9942 0.5377 0.2765
14.6995 -28.8910 20.1708 0.9956 -0.0183 0.0919 0.4593 0.4314
-13.6674 38.9126 12.5328 0.1389 0.9901 0.0199 0.0790 0.5464
-14.3569 4.2506 11.3871 -0.9994 0.0107 0.0320 0.7192 0.7267
14.6853 -8.8498 8.1312 0.9915 0.0761 -0.1056 0.3845 0.3068
5.0077 -41.2507 -22.9341 0.0075 -0.9948 -0.1016 0.4117 0.5223
-10.8627 39.2809 23.3963 -0.1353 0.6208 0.7722 0.6321 0.8053
-10.8627 39.2809 23.3963 -0.1022 0.4206 0.9015 0.1731 0.6626
14.2368 -38.5624 -14.2739 0.9987 -0.0493 -0.0109 0.2452 0.4915
14.5580 5.4257 1.2282 0.9998 0.0154 -0.0108 0.3416 0.2181
14.0556 13.0344 -21.4741 0.9993 -0.0073 -0.0363 0.2005 0.1708
-7.8461 -41.3341 22.4350 0.0215 -0.2701 0.9626 0.0272 0.5694
-7.8461 -41.3341 22.4350 0.0085 -0.7483 0.6633 0.3318 0.8043
-14.0496 33.0690 6.5708 -0.3707 0.4801 -0.7950 0.0129 0.6187
-14.0496 33.0690 6.5708 -0.4134 0.5335 -0.7379 0.0953 0.6157
-11.4683 21.4758 23.5054 -0.7183 -0.0094 0.6957 0.6496 0.1132
14.4050 -30.8743 -1.8486 0.9879 0.0291 -0.1526 0.3225 0.4437
9.9784 -41.1240 22.1977 -0.0280 0.2516 0.9674 0.5163 0.5023
9.9784 -41.1240 22.1977 -0.0993 0.6139 0.7831 0.1207 0.6509
14.3741 -17.3344 -10.3090 0.9996 0.0058 -0.0275 0.2699 0.3595
-14.7791 -7.5170 -13.6947 -1.0000 0.0088 0.0008 0.8751 0.7999
-13.0322 39.1447 10.6973 -0.9856 -0.0968 -0.1386 0.2706 0.5901
-13.0322 39.1447 10.6973 -0.5922 -0.8045 -0.0456 0.1505 0.6793
-1.6357 40.8945 5.0272 0.0257 0.9996 0.0108 0.5748 0.6912
-14.7824 5.1383 -12.9102 -1.0000 0.0031 -0.0011 0.8702 0.7212
14.5069 -33.8947 20.9721 0.9959 -0.0192 0.0886 0.4643 0.4625
11.7777 -41.6540 20.2825 0.0962 -0.9949 -0.0289 0.4538 0.7909
-13.8016 29.0007 -0.2833 0.4992 0.8664 0.0073 0.0937 0.5731
-11.7712 -16.7041 -24.4759 -0.1816 -0.0093 -0.9833 0.0175 0.3639
1.2312 -41.5614 19.7478 0.0570 -0.9983 -0.0144 0.3882 0.7876
-14.1628 -19.6788 -23.6225 -0.7909 -0.0606 -0.6090 0.0027 0.3824
13.5372 -21.9134 -23.8502 0.1827 -0.0022 -0.9832 0.1748 0.3963
-12.6454 39.4285 17.5694 -0.9947 0.0982 0.0316 0.2724 0.5474
12.0333 -41.7247 21.6943 -0.0005 -0.9958 0.0917 0.4553 0.7997
14.5520 21.9240 7.3971 0.9989 0.0290 -0.0362 0.3799 0.1156
-13.6216 -39.3716 17.9058 -0.9226 -0.3831 0.0463 0.6787 0.9978
-13.6216 -39.3716 17.9058 -0.2219 -0.9750 0.0109 0.2959 0.7761
13.8979 13.7913 -23.4980 0.9595 -0.0084 -0.2815 0.1879 0.1661
13.8979 13.7913 -23.4980 0.8061 -0.0142 -0.5917 0.1771 0.1744
-14.2865 36.6175 14.5449 -0.9996 0.0272 0.0102 0.6996 0.5256
-1.9759 -40.6493 21.5774 -0.0702 -0.8358 0.5445 0.1292 0.6057
-1.9759 -40.6493 21.5774 -0.0492 -0.0459 0.9977 0.0023 0.5729
-11.8051 15.8952 23.0014 -0.3542 -0.0081 0.9351 0.6517 0.1479
-4.3655 -40.9897 22.1754 -0.0875 0.3608 0.9285 0.0293 0.5478
-4.3655 -40.9897 22.1754 0.0528 0.8727 0.4854 0.1206 0.5618
-9.1773 -41.5660 -2.0189 -0.0205 -0.9998 0.0029 0.3235 0.6523
14.5751 -19.5979 21.8602 0.9276 -0.0148 0.3733 0.4698 0.3736
-13.3177 -39.3436 20.1050 -0.0579 -0.9802 -0.1892 0.2978 0.7898
7.4611 -14.0402 -24.3419 0.0710 -0.0251 -0.9972 0.1370 0.3474
-8.3868 -40.6346 -23.4327 -0.1251 -0.9230 -0.3639 0.0623 0.6220
-8.3868 -40.6346 -23.4327 -0.1410 -0.9426 -0.3028 0.3284 0.5192
14.9267 13.7670 17.1226 0.9987 0.0192 -0.0462 0.4404 0.1663
14.6969 -18.7454 11.3470 0.9993 -0.0188 0.0321 0.4045 0.3683
3.6082 -41.3549 -16.9949 0.0064 -0.9998 -0.0200 0.4030 0.5592
-13.1361 -8.8619 -24.1788 -0.2884 0.0019 -0.9575 0.0090 0.3152
14.1475 39.9494 -21.2659 0.8660 0.5001 0.0052 0.4767 0.5277
14.1475 39.9494 -21.2659 0.9490 0.3154 -0.0041 0.2018 0.0035
11.1033 40.4412 -23.3327 0.0867 0.1081 -0.9903 0.1597 0.0088
11.1033 40.4412 -23.3327 0.1121 0.7622 -0.6375 0.4956 0.5149
-14.2283 -39.3289 -2.9384 -0.0353 -0.9993 -0.0140 0.2921 0.6466
14.3115 22.1702 -6.5952 0.9998 0.0162 -0.0120 0.2930 0.1140
6.4974 -41.0582 -23.4797 -0.0679 0.7054 -0.7055 0.1311 0.5153
6.4974 -41.0582 -23.4797 -0.0613 -0.6444 -0.7622 0.4209 0.5189
-4.2811 -41.5954 3.0629 0.0167 -0.9999 0.0033 0.3540 0.6839
14.3384 12.1510 -7.8094 0.9999 0.0086 -0.0135 0.2854 0.1763
-11.3021 -41.5491 -2.0458 -0.2189 -0.9757 0.0056 0.3103 0.6521
-14.4645 4.1493 8.4326 -0.9979 0.0598 0.0245 0.7375 0.7274
5.9176 9.7134 -24.0707 0.1555 0.0187 -0.9877 0.1275 0.1997
-11.9538 -40.8802 -23.3684 0.1615 -0.6227 -0.7656 0.0627 0.6442
-11.9538 -40.8802 -23.3684 -0.0064 -0.1788 -0.9839 0.0499 0.6116
-14.8355 -35.1454 -2.6904 -0.9981 -0.0590 0.0177 0.8067 0.9716
14.6532 -1.8923 21.9866 0.9922 -0.0200 0.1226 0.4706 0.2636
-0.2416 -41.2266 -23.5526 0.0214 -0.9567 -0.2902 0.3791 0.5185
-13.4207 29.6834 2.7792 0.2163 0.8540 -0.4732 0.0914 0.5921
14.3734 5.5204 -8.0884 0.9993 0.0123 -0.0341 0.2837 0.2175
14.7017 -31.6122 18.9903 0.9995 -0.0247 0.0195 0.4520 0.4483
4.3046 40.7003 -23.4398 -0.0184 0.6975 -0.7164 0.5379 0.5142
3.8264 -41.4688 1.8402 -0.0147 -0.9991 -0.0406 0.4043 0.6763
10.7477 18.4377 -24.1087 0.0184 -0.0058 -0.9998 0.1575 0.1455
3.9359 -40.5577 21.8253 0.1162 -0.8605 0.4961 0.1307 0.5690
-7.5510 39.0425 23.5308 0.0080 0.7161 0.6979 0.6115 0.8062
-14.2434 9.0862 15.8132 -0.9983 0.0193 0.0550 0.6917 0.6967
-6.7681 -26.0015 23.7965 -0.0511 -0.0074 0.9987 0.6204 0.4083
14.6504 -15.3122 4.4638 0.9958 0.0650 -0.0646 0.3617 0.3470
-12.3932 39.9479 22.9309 -0.5119 -0.3297 0.7932 0.1772 0.6721
6.4607 -40.2484 -23.8061 -0.0156 -0.5417 -0.8404 0.1308 0.5103
-14.7038 2.7957 -0.5171 -0.9968 -0.0780 0.0185 0.7932 0.7358
-2.1860 -26.2889 -24.4781 0.0369 -0.0085 -0.9993 0.0771 0.4235
9.3439 12.7771 -24.1926 0.0419 0.0550 -0.9976 0.1487 0.1807
0.1458 -41.6569 8.1638 0.0333 -0.9990 0.0282 0.3815 0.7156
-13.0343 29.5811 -3.4704 -0.9915 0.1206 0.0482 0.2112 0.6781
-13.0343 29.5811 -3.4704 -0.5238 0.8229 0.2200 0.0890 0.5532
4.4582 -41.6564 16.3817 -0.0519 -0.9986 -0.0046 0.4083 0.7667
14.4660 4.6190 -3.4032 0.9998 0.0058 -0.0204 0.3128 0.2231
14.3979 -31.6681 -2.0373 1.0000 -0.0068 -0.0027 0.3213 0.4486
14.6788 -26.2610 6.4492 0.9997 -0.0204 0.0108 0.3740 0.4150
14.0761 24.0117 -19.9526 0.9997 -0.0193 -0.0146 0.2099 0.1026
-14.5307 29.0058 -16.6493 -0.9987 0.0132 -0.0495 0.8934 0.5729
13.6753 -21.4240 22.7818 0.3858 -0.0033 0.9226 0.4933 0.3799
-13.7439 -4.3781 22.1316 -0.9241 -0.0096 0.3820 0.6524 0.7804
-13.7439 -4.3781 22.1316 -0.6674 -0.0051 0.7447 0.6637 0.2739
9.1836 -40.6783 21.9114 -0.1395 -0.7942 0.5915 0.1313 0.5364
14.4566 -33.6265 21.6253 0.9821 -0.0142 0.1879 0.4683 0.4608
-11.7480 -0.9240 22.8198 -0.6059 -0.0056 0.7956 0.6513 0.2524
-13.5949 25.3887 22.6809 -0.6157 -0.0038 0.7879 0.6628 0.0889
-14.5632 23.1343 4.2117 -0.9998 0.0052 0.0189 0.7638 0.6094
11.6398 3.1656 -24.0886 0.0544 0.0058 -0.9985 0.1630 0.2404
14.6363 23.6522 12.8618 0.9959 0.0849 -0.0304 0.4139 0.1048
-13.1139 -39.3475 -20.3860 -0.9660 -0.2584 0.0055 0.1998 0.7061
-1.6279 -1.6312 -24.5174 0.0339 0.0001 -0.9994 0.0806 0.2703
-0.3469 -24.0314 -24.4324 0.0286 -0.0127 -0.9995 0.0885 0.4095
14.2966 16.1030 -8.4593 0.9991 0.0129 -0.0393 0.2814 0.1517
11.7871 -39.5759 22.9574 0.1055 -0.1211 0.9870 0.5050 0.4927
13.9923 3.2846 -21.6441 0.9987 -0.0075 -0.0505 0.1994 0.2314
-11.4377 35.5027 23.2734 -0.7733 0.0490 -0.6321 0.1082 0.5450
-11.4377 35.5027 23.2734 -0.8462 0.1002 0.5234 0.0726 0.6353
2.1170 -26.1597 -24.3496 0.0217 -0.0047 -0.9998 0.1038 0.4227
12.9349 -41.5409 22.1625 0.2026 -0.7045 0.6802 0.4609 0.8026
12.9349 -41.5409 22.1625 -0.1198 -0.0835 0.9893 0.4979 0.5049
14.7443 -31.1141 18.5078 0.9982 -0.0518 0.0313 0.4490 0.4452
0.4679 1.3198 24.4491 -0.0449 -0.0120 0.9989 0.5754 0.2385
14.4520 -25.8972 -6.5505 0.9996 0.0008 -0.0290 0.2932 0.4128
14.4273 -26.1200 -1.3617 0.9946 -0.0092 0.1035 0.3255 0.4142
14.3424 -0.3115 -9.1207 0.9996 -0.0033 -0.0287 0.2773 0.2538
-14.5860 -36.4939 3.5261 -0.9973 -0.0720 0.0158 0.7680 0.9800
-14.5959 28.2231 -12.3346 -1.0000 0.0045 0.0052 0.8666 0.5777
-13.7647 27.2663 -23.7265 -0.8415 0.0214 -0.5399 0.0051 0.0907
-13.7647 27.2663 -23.7265 -0.9694 0.0161 -0.2449 0.9374 0.5837
14.9192 -14.5980 15.1290 0.9995 0.0106 -0.0301 0.4280 0.3425
8.8933 -25.2476 -24.1568 0.0498 -0.0190 -0.9986 0.1459 0.4170
6.9931 40.6622 0.2848 0.0382 0.9993 0.0051 0.5211 0.6617
-5.1320 -41.5592 8.9455 -0.0104 -0.9999 -0.0085 0.3487 0.7204
14.7041 -31.3618 5.1575 0.9996 -0.0283 -0.0040 0.3660 0.4467
-14.4239 -39.1211 1.1415 -0.5287 -0.8487 0.0120 0.2909 0.6719
-14.4239 -39.1211 1.1415 -0.9263 -0.3749 0.0379 0.7829 0.9963
14.1098 30.7863 -22.8580 0.9998 -0.0151 -0.0153 0.1919 0.0605
11.5605 -41.7423 21.1116 0.0507 -0.9980 -0.0379 0.4524 0.7961
-11.0908 -25.3513 23.4098 -0.1401 0.0422 0.9892 0.6472 0.4043
-14.3193 33.1790 -8.5045 -0.4603 0.5307 0.7117 0.0969 0.5220
-14.3193 33.1790 -8.5045 -0.8133 0.3845 0.4367 0.8428 0.5469
14.6687 20.2623 9.2127 0.9989 -0.0415 -0.0238 0.3912 0.1259
14.1788 12.2538 -15.2074 0.9998 0.0136 -0.0139 0.2394 0.1757
14.7078 22.1892 11.6228 0.9957 -0.0806 -0.0466 0.4062 0.1139
4.3469 39.7201 23.0198 0.0287 0.5393 0.8416 0.5376 0.8030
4.3469 39.7201 23.0198 -0.0081 0.3157 0.9488 0.1758 0.5680
13.8608 34.7987 -23.7342 0.7073 0.0264 -0.7064 0.1768 0.0438
-11.1643 -4.9022 23.3791 -0.3162 -0.0054 0.9487 0.6477 0.2772
-0.3768 11.6262 24.5319 -0.0569 -0.0141 0.9983 0.5806 0.1744
14.7552 -28.7243 8.6658 0.9662 -0.0792 0.2454 0.3878 0.4303
14.0526 -28.7177 -20.7802 0.9980 0.0043 -0.0623 0.2048 0.4303
-14.0700 1.9010 18.6205 -0.9994 -0.0345 0.0097 0.6742 0.7413
-13.6312 36.2353 -23.5738 -0.9715 0.0225 -0.2358 0.9365 0.5279
14.6882 -26.4236 5.8841 0.9996 -0.0096 -0.0269 0.3705 0.4160
-14.7716 -14.9545 -2.8643 -0.9998 0.0088 0.0165 0.8078 0.8461
9.8367 -41.5424 9.8420 0.0389 -0.9989 -0.0280 0.4417 0.7260
-13.8633 -10.9304 21.6776 -0.9838 -0.0007 0.1791 0.6552 0.8211
-14.7188 7.3096 -3.8746 -0.9999 0.0046 0.0114 0.8140 0.7077
-6.7123 41.0346 1.4707 0.0186 0.9998 0.0100 0.6063 0.6691
14.6568 17.4286 8.5930 0.9998 -0.0153 -0.0119 0.3873 0.1435
4.6465 -41.6324 12.7992 0.0065 -0.9998 -0.0209 0.4094 0.7444
-9.7199 -40.2757 21.9865 0.0666 -0.8532 0.5173 0.1317 0.6539
-9.7199 -40.2757 21.9865 0.0239 -0.4429 0.8963 0.0337 0.5811
-14.0033 31.9319 -7.2415 0.1265 0.7315 0.6700 0.0950 0.5298
14.3551 10.8031 -7.7145 1.0000 0.0041 -0.0069 0.2860 0.1847
13.6019 -31.4279 -23.8959 0.3530 -0.0015 -0.9356 0.1752 0.4554
-14.7531 -18.2878 0.0601 -0.9997 0.0106 0.0200 0.7896 0.8668
11.9046 39.8036 22.4684 -0.0394 0.9872 0.1545 0.4906 0.7996
7.4409 -41.5199 5.9669 0.0213 -0.9993 -0.0299 0.4268 0.7019
9.9337 17.3905 -24.0222 -0.0168 -0.0547 -0.9984 0.1524 0.1520
-14.2230 -6.9953 14.7567 -0.9993 -0.0041 0.0380 0.6982 0.7966
14.3921 39.5091 1.0101 0.9635 0.2679 -0.0004 0.3402 0.0063
0.1775 -41.6176 7.6660 -0.0434 -0.9969 -0.0655 0.3817 0.7125
-12.6537 -40.4248 1.6885 -0.9865 -0.1639 0.0034 0.1931 0.5689
-12.6537 -40.4248 1.6885 -0.7904 -0.6125 0.0118 0.3019 0.6753
-13.3029 31.2066 -6.6247 0.0985 0.7636 0.6381 0.0906 0.5336
-14.2222 -21.7071 15.6903 -0.9982 -0.0036 0.0605 0.6924 0.8881
-13.6141 30.3886 -23.9187 -0.2967 -0.0862 -0.9511 0.0061 0.0712
-13.6141 30.3886 -23.9187 -0.8857 0.0017 -0.4642 0.9386 0.5643
-12.9768 37.6697 -24.3071 -0.3586 -0.0685 -0.9310 0.0100 0.0260
-14.7317 18.0878 -14.8923 -0.9999 0.0066 -0.0084 0.8825 0.6407
-14.7650 -12.3994 -3.3652 -0.9999 0.0060 0.0157 0.8109 0.8302
13.7663 37.6505 -23.9685 0.4500 -0.0027 -0.8930 0.1762 0.0261
14.3500 32.7092 -2.7263 0.9999 -0.0100 -0.0125 0.3170 0.0485
-11.8649 -12.2091 22.7365 -0.8588 0.0021 0.5123 0.6520 0.3226
9.4325 -27.8198 23.5795 0.1130 -0.0174 0.9934 0.5197 0.4196
14.9617 -15.2302 17.8962 0.9999 -0.0029 0.0160 0.4452 0.3465
14.5744 -8.4602 7.5635 0.9995 -0.0255 -0.0166 0.3810 0.3044
-9.4334 -41.4838 19.0824 0.1305 -0.9903 0.0468 0.3219 0.7834
14.7451 26.8244 18.3609 0.9995 -0.0221 -0.0212 0.4481 0.0851
4.8201 40.8037 -10.6530 0.0284 0.9995 0.0152 0.5347 0.5937
14.5603 -21.6455 1.8604 0.9897 -0.1403 0.0274 0.3455 0.3863
7.7171 39.8535 -23.3849 0.0978 -0.0607 -0.9933 0.1386 0.0124
14.7339 5.7160 10.0474 0.9998 -0.0049 -0.0179 0.3964 0.2163
14.1407 27.5661 -17.9702 0.9998 -0.0129 -0.0139 0.2223 0.0805
-12.4710 -40.5387 10.6902 -0.8950 -0.4459 0.0091 0.1924 0.5129
-12.4710 -40.5387 10.6902 -0.8458 -0.5334 -0.0107 0.3031 0.7313
4.7078 -41.6328 20.0110 0.0116 -0.9999 0.0033 0.4098 0.7892
-5.8548 -41.3444 -21.5097 0.0262 -0.9992 -0.0295 0.3442 0.5312
-11.5289 -26.0282 23.3325 -0.4770 0.0135 0.8788 0.6499 0.4085
4.4414 19.2834 24.7159 0.0353 -0.0058 0.9994 0.5507 0.1269
14.6992 6.7334 11.4553 0.9982 0.0543 -0.0235 0.4051 0.2100
12.2036 40.5041 -23.0639 0.1075 0.8925 -0.4380 0.4888 0.5166
14.7232 -5.1218 6.9700 0.9993 0.0377 0.0044 0.3773 0.2836
0.4528 -9.2833 -24.4502 0.0375 -0.0115 -0.9992 0.0935 0.3178
14.3842 -28.5965 -9.3568 0.9999 -0.0103 -0.0086 0.2758 0.4295
-14.7254 -36.5852 -11.1382 -0.9956 -0.0934 0.0025 0.8592 0.9805
-5.1870 -41.5397 -9.4559 0.0072 -1.0000 -0.0031 0.3483 0.6061
-12.8398 -39.9531 10.5976 -0.9459 -0.2121 -0.2454 0.1961 0.5135
-12.8398 -39.9531 10.5976 -0.7447 -0.6467 -0.1647 0.3008 0.7307
-12.7298 39.7325 16.8458 -0.9967 -0.0465 0.0668 0.2743 0.5519
14.8473 19.7375 13.7931 0.9992 0.0398 0.0018 0.4197 0.1291
-6.4411 41.0565 -2.3914 0.0130 0.9998 0.0143 0.6046 0.6451
-13.2388 38.8418 14.1944 -0.1130 0.9935 0.0102 0.0763 0.5567
-4.9346 10.9955 -24.6159 0.0223 0.0078 -0.9997 0.0600 0.1918
-9.1897 -6.5812 -24.6798 -0.0115 0.0049 -0.9999 0.0336 0.3010
-14.0900 -39.1983 5.9411 -0.0643 -0.9963 0.0567 0.2930 0.7018
14.5935 36.2272 22.6622 0.9998 0.0202 0.0014 0.4748 0.0267
-12.1610 -10.4278 -24.3668 -0.1752 0.0093 -0.9845 0.0151 0.3249
0.4880 -41.4787 -1.2608 0.0129 -0.9999 -0.0078 0.3836 0.6570
-11.8055 -35.1538 23.2985 -0.9983 0.0097 0.0571 0.1584 0.6473
-11.8055 -35.1538 23.2985 -0.7522 0.0168 0.6587 0.6517 0.4652
-12.9522 30.9396 4.2936 -0.9957 0.0758 -0.0524 0.2196 0.6299
14.4282 -7.9886 22.2880 0.8140 -0.0172 0.5806 0.4886 0.2964
-6.7807 -9.6530 -24.7037 0.0186 0.0025 -0.9998 0.0485 0.3201
6.4074 40.7641 -22.8369 0.0426 0.9991 -0.0023 0.5248 0.5180
4.7147 -40.1855 -23.8285 0.0211 -0.4257 -0.9046 0.1200 0.5099
14.1351 39.8801 5.1335 0.6686 0.7436 0.0068 0.4768 0.6918
14.7041 -14.3902 10.2488 0.9997 0.0082 0.0225 0.3976 0.3413
13.9435 -37.2032 -23.5697 0.9762 0.0005 -0.2167 0.1875 0.4830
-7.2820 -41.5940 4.3085 -0.1265 -0.9919 -0.0069 0.3353 0.6916
-13.7357 -30.7476 21.5499 -0.9768 -0.0139 0.2139 0.6560 0.9442
14.2055 -39.8702 -10.1528 0.9773 -0.2108 -0.0224 0.2708 0.4996
-13.5989 8.3317 22.4427 -0.7375 -0.0100 0.6752 0.6628 0.1949
-14.7371 16.7797 -14.9840 -1.0000 0.0002 -0.0087 0.8831 0.6489
8.3235 40.5104 10.1200 -0.0145 0.9996 0.0230 0.5129 0.7228
14.7646 13.5491 13.6112 0.9986 0.0519 -0.0133 0.4185 0.1676
14.3483 10.9279 -8.1623 0.9998 0.0074 -0.0203 0.2832 0.1839
-6.5882 41.3628 -14.8082 0.0432 0.9989 0.0200 0.6056 0.5679
-0.8007 -41.6449 15.4150 0.0060 -1.0000 0.0005 0.3756 0.7607
14.4789 -33.2431 6.3078 0.9998 -0.0031 -0.0206 0.3731 0.4584
-7.3072 25.6148 -24.6190 -0.0163 0.0025 -0.9999 0.0453 0.1009
-7.4015 -41.4999 2.1997 -0.0410 -0.9990 -0.0189 0.3346 0.6785
-11.8211 40.9183 22.1810 -0.1181 0.9912 0.0598 0.6381 0.7978
-12.9487 38.8806 9.3603 -0.8991 0.4308 -0.0778 0.2690 0.5984
-12.9487 38.8806 9.3603 -0.4639 0.8702 -0.1660 0.0745 0.5267
-14.6544 -19.9510 5.2312 -0.9995 0.0090 0.0299 0.7574 0.8771
13.7349 18.1516 23.3644 0.3080 -0.0179 0.9512 0.4929 0.1339
-13.8227 -38.9561 -5.7511 0.3142 -0.9267 -0.2059 0.2947 0.6291
-13.8129 -39.2506 -19.5904 0.3041 -0.9526 0.0083 0.2947 0.5431
1.3413 -41.4720 3.6485 0.0307 -0.9993 -0.0229 0.3889 0.6875
-14.4508 1.9129 3.8777 -0.9991 -0.0320 0.0270 0.7659 0.7413
-14.6371 -35.9997 3.2690 -0.9965 -0.0809 0.0222 0.7696 0.9769
-14.1823 38.6395 11.5401 -0.9847 0.1742 0.0102 0.7182 0.5130
-8.4455 16.3769 24.0368 -0.2588 0.0165 0.9658 0.6308 0.1449
-13.1455 39.4589 12.0782 -0.7617 0.4838 0.4310 0.2726 0.5815
-14.1299 38.9086 20.5774 -0.9885 0.1511 0.0010 0.6621 0.5113
14.7451 -33.0499 16.8066 0.9987 -0.0501 0.0005 0.4384 0.4572
-11.5210 20.0998 23.4024 -0.8186 -0.0132 0.5743 0.6499 0.1218
-13.9465 29.1899 0.2842 0.4852 0.8727 -0.0543 0.0946 0.5766
-13.9465 29.1899 0.2842 0.9216 0.3300 -0.2043 0.1776 0.6778
14.6830 2.9561 8.8101 0.9998 0.0175 -0.0100 0.3887 0.2334
14.7710 18.6263 9.6304 0.9953 0.0966 -0.0107 0.3938 0.1361
-4.6225 40.9351 8.6127 0.0254 0.9996 0.0082 0.5933 0.7134
14.2840 23.4109 -7.3513 0.9998 0.0075 -0.0167 0.2883 0.1063
-11.7755 -39.1625 22.7432 -0.1998 -0.9416 0.2709 0.3074 0.8062
-11.7755 -39.1625 22.7432 -0.9139 -0.3892 0.1153 0.1619 0.6723
-11.7755 -39.1625 22.7432 -0.1874 -0.2961 0.9366 0.6515 0.4901
14.3958 25.7640 0.9027 0.9998 0.0112 -0.0159 0.3396 0.0917
-12.9547 -39.1096 -4.6749 -0.7714 -0.6362 -0.0163 0.3000 0.6358
-12.9547 -39.1096 -4.6749 -0.9880 -0.1536 -0.0141 0.2013 0.6084
14.6314 11.3335 8.0146 0.9999 -0.0130 -0.0052 0.3838 0.1814
-14.5227 -36.6258 5.9892 -0.9973 -0.0608 0.0402 0.7527 0.9808
-9.6849 2.2374 -24.6611 -0.0619 0.0064 -0.9981 0.0305 0.2462
14.2886 -36.9793 -14.6963 0.9995 -0.0244 -0.0223 0.2426 0.4816
10.4723 -41.6845 16.8344 0.0090 -0.9999 -0.0121 0.4456 0.7695
-7.8233 -40.3472 21.8505 0.0130 -0.7357 0.6772 0.1309 0.6421
-7.8233 -40.3472 21.8505 0.0503 -0.4736 0.8793 0.0041 0.6093
6.8237 -39.5278 23.1909 0.0028 -0.7481 0.6636 0.4230 0.8090
2.9995 -41.4083 22.1819 -0.0286 -0.6877 0.7254 0.3992 0.8027
-14.7533 -0.0289 -13.3340 -1.0000 0.0092 -0.0011 0.8728 0.7533
14.1740 1.7670 -16.5806 0.9997 -0.0005 -0.0259 0.2309 0.2408
13.6843 -41.2115 15.1669 0.6627 -0.7483 -0.0298 0.4656 0.7591
13.6843 -41.2115 15.1669 0.8709 -0.4914 0.0059 0.4282 0.5079
8.1126 40.2892 15.3424 0.0566 0.9981 0.0262 0.5142 0.7553
-14.7475 11.7810 -7.6502 -1.0000 0.0031 0.0082 0.8375 0.6799
9.8126 -5.1796 23.7982 0.1672 -0.0115 0.9859 0.5173 0.2789
13.7314 -16.6089 -23.6327 0.9914 -0.0108 -0.1306 0.1871 0.3550
13.7314 -16.6089 -23.6327 0.7599 -0.0116 -0.6500 0.1760 0.3633
5.2283 40.7287 3.3361 0.0378 0.9992 -0.0156 0.5321 0.6807
-14.3796 24.2400 12.8008 -0.9997 -0.0048 0.0229 0.7104 0.6025
14.6342 32.4388 17.2913 0.9996 0.0270 -0.0091 0.4414 0.0502
-3.5678 39.1370 23.3505 0.0130 0.3991 0.9168 0.1722 0.6172
-3.5678 39.1370 23.3505 -0.0086 0.8044 0.5940 0.5868 0.8050
-13.9532 -39.1523 6.3327 0.3485 -0.9373 -0.0074 0.2938 0.7042
3.7697 38.7901 23.9875 -0.0086 0.8255 0.5643 0.5412 0.8090
6.4940 1.4937 24.2775 0.0874 -0.0055 0.9962 0.5379 0.2374
-0.7535 -26.8308 -24.4191 0.0306 -0.0006 -0.9995 0.0860 0.4269
-2.4649 40.9728 -2.2547 0.0284 0.9995 0.0106 0.5799 0.6459
-8.1656 11.6061 -24.6426 -0.0197 0.0085 -0.9998 0.0399 0.1880
-14.3634 34.6882 8.6315 -0.9983 0.0526 -0.0256 0.7363 0.5376
-6.7836 40.3900 23.0865 0.0640 0.8392 0.5400 0.6068 0.8034
-14.1753 36.4386 -10.1258 -0.8747 0.1915 0.4451 0.8529 0.5267
-14.1753 36.4386 -10.1258 -0.4703 0.3152 0.8243 0.0115 0.5360
14.8628 10.7750 14.6226 0.9991 -0.0174 -0.0379 0.4248 0.1849
5.2257 -41.4047 -0.5084 0.0193 -0.9997 -0.0137 0.4130 0.6617
-14.7302 17.6106 -7.7298 -1.0000 0.0063 -0.0011 0.8380 0.6437
14.7014 -24.2604 5.5682 0.9983 -0.0573 0.0064 0.3686 0.4026
11.4512 -28.0942 -23.9397 0.0873 -0.0223 -0.9959 0.1618 0.4347
-13.3232 -39.1237 -15.1319 0.4189 -0.9078 0.0208 0.2978 0.5708
5.0708 -41.1290 -23.5078 -0.0728 -0.9205 -0.3839 0.4121 0.5187
5.0708 -41.1290 -23.5078 -0.0583 0.4373 -0.8974 0.1222 0.5157
-6.4424 -41.5745 5.6579 0.0127 -0.9999 -0.0053 0.3405 0.7000
-13.2174 -39.2478 15.3335 -0.9203 -0.3886 0.0446 0.1420 0.6876
-13.2174 -39.2478 15.3335 -0.6878 -0.7252 -0.0323 0.2984 0.7601
10.4765 -6.1251 23.6388 0.1887 -0.0082 0.9820 0.5132 0.2848
-8.9241 -41.5405 3.2348 0.0302 -0.9993 0.0199 0.3251 0.6850
14.4241 -38.3160 12.4959 0.9968 -0.0794 0.0081 0.4116 0.4900
14.2198 29.2979 -10.4416 0.9996 -0.0258 0.0072 0.2690 0.0697
-12.8573 36.7427 -0.4541 -0.9998 0.0189 0.0052 0.2557 0.6594
3.6778 39.2795 23.1401 -0.0113 0.6400 0.7683 0.5418 0.8037
3.6778 39.2795 23.1401 -0.0100 0.3060 0.9520 0.1731 0.5722
10.0705 -41.2510 1.6390 0.0667 -0.9975 -0.0244 0.4431 0.6750
-11.4998 -23.9429 23.3348 -0.4404 0.0029 0.8978 0.6498 0.3955
14.7507 15.3002 14.7381 0.9967 0.0324 -0.0739 0.4255 0.1567
14.7525 -4.1901 21.0659 0.9936 -0.0017 0.1126 0.4649 0.2779
-1.1050 40.6891 15.8262 0.0315 0.9991 0.0291 0.5715 0.7583
-14.1035 16.1013 18.5644 -0.9981 0.0028 0.0608 0.6746 0.6531
14.4887 -16.8566 -5.3451 0.9998 -0.0027 -0.0199 0.3007 0.3566
14.7545 -13.3895 9.0286 0.9999 -0.0058 -0.0109 0.3901 0.3350
-2.3928 -40.2459 22.3654 -0.0301 -0.6618 0.7491 0.1341 0.6083
-2.3928 -40.2459 22.3654 -0.0025 -0.3943 0.9190 0.0367 0.6327
-0.7598 -41.3731 -18.7480 0.0232 -0.9993 -0.0292 0.3758 0.5483
1.9992 40.9337 -8.6973 0.0369 0.9993 0.0062 0.5522 0.6059
13.6581 -20.2179 -23.7933 0.6293 0.0131 -0.7770 0.1756 0.3858
-14.6983 -37.5717 -5.9998 -0.9989 -0.0471 0.0087 0.8272 0.9867
14.3346 -17.0000 -11.4252 0.9991 0.0166 -0.0386 0.2629 0.3575
-11.8755 -9.6730 22.7129 -0.8722 0.0116 0.4891 0.1053 0.6418
-11.8755 -9.6730 22.7129 -0.6099 0.0007 0.7924 0.6521 0.3068
2.8224 10.2303 24.6392 0.0044 -0.0085 1.0000 0.5608 0.1831
10.9755 39.3808 -23.1378 0.1441 -0.0356 -0.9889 0.1589 0.0154
14.2188 31.0910 -12.3743 1.0000 -0.0017 0.0000 0.2570 0.0586
14.2534 -18.5850 -14.8668 0.9995 0.0063 -0.0325 0.2415 0.3673
-13.0810 -38.9864 -6.5362 -0.5020 -0.8649 0.0064 0.2993 0.6242
4.6789 -40.8079 21.4520 -0.0883 -0.2487 0.9645 0.0266 0.6173
4.6789 -40.8079 21.4520 -0.0716 0.7979 0.5985 0.1161 0.6180
-14.3605 -36.0630 -22.9210 -0.9889 -0.0183 -0.1471 0.9324 0.9773
-14.2947 30.4170 17.8035 -0.9986 -0.0003 0.0534 0.6793 0.5641
14.8420 8.6265 20.8405 0.9974 -0.0044 0.0722 0.4635 0.1982
4.9609 -41.2855 -20.2460 0.0088 -0.9997 -0.0245 0.4114 0.5390
4.4237 -40.7153 21.4536 -0.0113 -0.9139 0.4058 0.1284 0.5660
4.4237 -40.7153 21.4536 -0.0551 -0.1863 0.9809 0.0271 0.6189
-1.5350 41.1459 -17.4532 0.0492 0.9988 0.0012 0.5742 0.5514
-8.0847 -24.8865 23.7162 -0.0850 -0.0075 0.9964 0.6285 0.4014
-14.1899 -5.3895 15.9329 -0.9996 -0.0034 0.0290 0.6909 0.7866
-12.9097 -40.3267 -17.3787 -0.9444 -0.3285 0.0110 0.1937 0.6874
-12.3761 41.3575 -12.2579 -0.5467 0.8367 0.0319 0.6415 0.5837
14.5896 33.5850 15.0243 0.9995 0.0303 -0.0048 0.4273 0.0431
14.0614 40.0472 -5.7146 0.5474 0.8368 0.0126 0.4772 0.6244
-14.4440 30.8799 -6.3676 -0.6765 0.5984 0.4292 0.0977 0.5352
1.9015 -40.6589 -23.4619 0.0679 -0.3075 -0.9491 0.1025 0.5128
-11.1199 12.4650 -24.4332 -0.0975 0.0009 -0.9952 0.0216 0.1826
-13.1778 -39.1577 -20.5176 -0.1083 -0.9849 0.1352 0.2987 0.5373
-13.1778 -39.1577 -20.5176 -0.9521 -0.3051 0.0219 0.2010 0.7069
14.4685 30.9924 6.0495 0.9999 -0.0055 -0.0129 0.3715 0.0592
13.4425 -15.8330 -23.9033 0.2634 -0.0013 -0.9647 0.1742 0.3585
12.9754 40.1480 18.0518 0.0158 0.9997 0.0170 0.4840 0.7721
-14.6740 8.8285 -19.1429 -0.9997 0.0135 -0.0211 0.9089 0.6983
14.6786 15.6183 6.8701 0.9986 0.0180 -0.0491 0.3766 0.1547
-14.5631 16.0180 -20.3979 -0.9948 0.0103 -0.1009 0.9167 0.6536
14.3301 14.9107 -6.7944 1.0000 0.0030 -0.0050 0.2917 0.1591
10.7363 -41.1095 -22.4736 0.0691 -0.9957 0.0612 0.4473 0.5252
14.1680 9.9959 -17.0697 0.9998 -0.0062 -0.0182 0.2279 0.1897
-3.5931 40.6012 -23.5191 0.0238 0.0686 -0.9974 0.0683 0.0078
-4.8306 10.0157 24.1879 -0.2952 0.0187 0.9553 0.6083 0.1845
-14.5939 24.8990 -16.7307 -0.9990 0.0193 -0.0394 0.8939 0.5984
-13.8239 39.1729 -13.5079 -0.0434 0.9985 0.0348 0.0591 0.5879
-13.9175 4.1047 21.8927 -0.9630 -0.0091 0.2695 0.6539 0.7276
14.4846 23.7921 6.7926 0.9998 -0.0013 -0.0185 0.3762 0.1039
-14.4790 31.2635 5.9441 -0.9778 0.1660 -0.1276 0.7530 0.5588
14.8040 -9.4736 20.8137 0.9877 -0.0057 0.1560 0.4633 0.3107
14.6399 -33.6498 19.4163 0.9990 -0.0089 0.0445 0.4546 0.4609
-7.7471 -2.9328 23.8989 -0.1126 -0.0241 0.9933 0.6264 0.2649
-12.7557 40.2228 -23.1000 -0.7099 -0.0917 -0.6983 0.0114 0.0101
8.1931 40.6821 -11.7716 0.0570 0.9984 -0.0033 0.5137 0.5868
-13.1320 -39.2980 19.8646 -0.1702 -0.9809 -0.0945 0.2989 0.7883
-14.0788 32.0123 22.2469 -0.9388 -0.0152 0.3440 0.6517 0.5542
-12.9833 32.0519 5.7811 -0.5578 0.5364 -0.6333 0.0886 0.6107
-12.9833 32.0519 5.7811 -0.9546 0.1514 -0.2567 0.2265 0.6206
-12.8263 36.8625 5.8189 -0.9995 0.0295 -0.0066 0.2564 0.6204
-13.5491 39.1302 -11.4371 0.0088 0.9591 0.2830 0.0574 0.6008
-5.5847 -39.3097 23.2210 0.0014 -0.8149 0.5796 0.3458 0.8092
12.0160 39.9430 -23.2982 0.0678 -0.1655 -0.9839 0.1654 0.0119
13.9156 -37.9201 22.4838 0.6742 0.0003 0.7386 0.4918 0.4824
-4.0659 21.6654 24.1312 0.1843 -0.0103 0.9828 0.6036 0.1121
-1.5467 40.4939 19.6362 0.0392 0.9975 0.0596 0.5742 0.7820
5.7242 -39.9380 22.3911 -0.0035 -0.8933 0.4494 0.4161 0.8040
5.7242 -39.9380 22.3911 0.0302 -0.4096 0.9118 0.1236 0.6748
3.7967 16.8294 -24.3355 0.0519 -0.0246 -0.9983 0.1143 0.1555
-14.1914 -5.9312 15.1799 -0.9996 0.0072 0.0277 0.6956 0.7900
-14.7399 -1.6777 -6.1668 -1.0000 0.0018 0.0085 0.8283 0.7636
2.5281 -39.3148 23.3507 -0.0051 -0.6044 0.7967 0.3963 0.8100
2.9830 37.9522 -24.3422 0.0223 0.2438 -0.9696 0.1092 0.0242
14.7130 13.9530 11.5884 0.9966 0.0817 -0.0047 0.4060 0.1651
-14.5508 -30.9588 -22.2778 -0.9923 -0.0042 -0.1236 0.9284 0.9456
-12.9371 38.9420 14.1393 -0.6091 0.7928 0.0210 0.0745 0.5564
-6.9217 -41.5885 13.8521 -0.0709 -0.9944 0.0779 0.3375 0.7509
-13.2731 -38.9343 -2.4439 0.3481 -0.9372 0.0230 0.2981 0.6497
14.9592 -16.2719 16.5086 0.9999 -0.0106 -0.0051 0.4365 0.3529
-14.3867 1.3507 9.3115 -0.9958 0.0865 0.0299 0.7321 0.7448
8.2994 0.2301 -24.2318 0.0162 -0.0082 -0.9998 0.1423 0.2587
-7.0930 -41.5753 6.8949 -0.0863 -0.9934 0.0761 0.3365 0.7077
-14.7852 -21.7767 0.2361 -0.9998 0.0084 0.0207 0.7885 0.8885
-13.9765 -38.7242 14.9671 -0.9882 -0.1368 0.0694 0.6969 0.9938
14.1408 -39.4516 -18.0388 0.9962 -0.0824 -0.0276 0.2218 0.4970
14.4874 12.9117 0.2473 0.9998 0.0112 -0.0175 0.3355 0.1716
-13.0563 -35.2703 22.3628 -0.4066 0.0140 0.9135 0.6594 0.4659
-14.2547 -2.9347 13.4556 -0.9994 0.0063 0.0348 0.7063 0.7714
-13.7040 -9.1606 -23.9362 -0.5523 0.0101 -0.8336 0.0055 0.3170
-14.9332 -30.8332 -6.2099 -1.0000 -0.0015 0.0079 0.8286 0.9448
-14.6730 -37.4256 -16.8830 -0.9996 -0.0173 -0.0211 0.8949 0.9857
14.3263 -0.9481 -10.0222 0.9999 0.0035 -0.0155 0.2717 0.2577
14.4513 14.5446 22.7964 0.6898 -0.0158 0.7238 0.4885 0.1563
14.4513 14.5446 22.7964 0.8976 -0.0053 0.4407 0.4756 0.1614
13.3562 -36.8487 -23.8811 -0.1647 -0.0183 -0.9862 0.1737 0.4891
7.2414 40.4314 -23.5376 0.0140 0.0736 -0.9972 0.1357 0.0088
0.7889 41.0347 -13.4114 0.0355 0.9992 0.0159 0.5597 0.5766
-10.8302 -40.4527 22.1457 0.2634 0.1717 0.9493 0.0326 0.5880
-8.2460 -0.4035 23.8560 -0.1298 -0.0032 0.9915 0.6295 0.2492
14.1594 37.2929 -19.6614 0.9997 -0.0078 -0.0211 0.2117 0.0200
14.4126 28.9567 2.4828 0.9995 0.0301 -0.0137 0.3494 0.0719
13.9696 0.1015 -21.6746 0.9989 0.0170 -0.0439 0.1992 0.2512
-7.8760 41.0357 2.7818 0.0128 0.9999 0.0108 0.6136 0.6772
3.8457 -40.6678 21.5501 0.0135 -0.9115 0.4110 0.1290 0.5696
14.8557 -4.8720 13.3329 0.9988 -0.0400 0.0270 0.4168 0.2821
-14.2493 -18.7130 14.9885 -0.9990 0.0131 0.0423 0.6968 0.8694
14.0712 9.6842 -19.8245 0.9993 -0.0139 -0.0356 0.2107 0.1916
-13.9762 17.3127 20.9723 -0.9986 -0.0010 0.0520 0.6596 0.6455
14.6291 -26.8650 7.2268 0.9993 -0.0364 0.0010 0.3789 0.4188
-10.0630 40.9783 17.4732 0.0334 0.9993 0.0195 0.6272 0.7685
14.6094 -18.9805 3.0516 0.9977 0.0375 -0.0557 0.3529 0.3698
14.8183 -0.7088 12.2611 0.9977 0.0680 -0.0003 0.4101 0.2562
-13.1406 32.0658 5.9313 -0.0514 0.6083 -0.7920 0.0896 0.6117
-13.1406 32.0658 5.9313 -0.5971 0.4469 -0.6662 0.2266 0.6197
14.5443 -26.3792 3.3747 0.9964 -0.0794 0.0303 0.3549 0.4158
11.4442 39.1765 -22.9664 0.0980 -0.3717 -0.9232 0.1618 0.0166
11.4442 39.1765 -22.9664 0.1527 0.6771 -0.7198 0.1522 0.6582
-14.7377 1.1005 -12.3943 -0.9999 0.0161 0.0007 0.8670 0.7463
14.4757 -37.5197 15.8699 0.9949 -0.0944 0.0365 0.4326 0.4850
14.7552 3.7879 12.8304 0.9984 0.0534 -0.0200 0.4137 0.2283
-14.2050 36.9557 8.5881 -0.8066 0.1444 -0.5732 0.0119 0.5945
7.1611 25.8738 24.5506 0.0789 -0.0022 0.9969 0.5338 0.0859
-8.2236 -3.4339 -24.7112 0.0037 -0.0020 -1.0000 0.0396 0.2815
14.4448 2.9232 -4.7828 0.9996 0.0083 -0.0284 0.3042 0.2336
-14.2925 23.2526 16.0748 -0.9995 -0.0071 0.0318 0.6901 0.6086
-14.4104 -36.8634 8.5210 -0.9974 -0.0631 0.0360 0.7370 0.9823
14.1088 30.3506 -20.4204 0.9996 -0.0108 -0.0245 0.2070 0.0632
-5.9884 40.0566 -23.7172 0.0614 0.1327 -0.9893 0.0535 0.0112
14.1759 22.1915 -12.7543 0.9998 -0.0092 -0.0166 0.2547 0.1139
14.5731 -24.6207 1.2999 0.9997 0.0119 0.0203 0.3420 0.4048
12.4511 -17.5689 -23.9895 0.0908 -0.0041 -0.9959 0.1681 0.3693
8.8917 -41.5681 9.4387 0.0230 -0.9995 -0.0217 0.4358 0.7235
-13.1482 34.0212 -8.8837 -0.5391 0.4333 0.7223 0.0051 0.5510
-13.1482 34.0212 -8.8837 -0.8342 0.2831 0.4732 0.2388 0.7118
-14.7444 -36.4300 -4.1353 -0.9975 -0.0699 -0.0066 0.8157 0.9796
-11.7295 27.2121 23.0694 -0.5802 0.0110 0.8144 0.6512 0.0776
14.4209 -36.3969 1.9895 0.9915 -0.1280 -0.0228 0.3463 0.4780
6.8295 -26.4682 -24.2327 0.0630 -0.0113 -0.9979 0.1331 0.4246
2.7171 -40.7156 -23.4113 -0.0018 -0.5716 -0.8205 0.1076 0.5132
14.0592 24.8010 -22.2137 0.9999 -0.0095 -0.0087 0.1959 0.0977
-1.8552 41.1589 -16.1443 0.0452 0.9989 0.0097 0.5761 0.5596
13.9304 -34.1812 -23.5041 0.9842 0.0044 -0.1769 0.1879 0.4643
1.2905 40.8313 4.3152 0.0462 0.9989 0.0068 0.5566 0.6867
14.6263 33.4327 18.5534 0.9990 0.0203 -0.0407 0.4493 0.0440
-14.2952 33.6097 17.7243 -0.9995 -0.0011 0.0305 0.6798 0.5443
-14.5501 -39.0828 -2.5933 -0.8600 -0.5102 0.0056 0.2901 0.6487
-14.5501 -39.0828 -2.5933 -0.9960 -0.0878 0.0143 0.8061 0.9960
14.8750 12.8940 13.0102 0.9990 0.0432 -0.0121 0.4148 0.1717
14.5347 -9.1651 -3.4853 0.9999 0.0091 -0.0049 0.3123 0.3088
5.2356 -41.3235 -7.2762 0.0272 -0.9994 -0.0224 0.4131 0.6196
14.3479 -25.2931 -11.5028 0.9997 0.0229 -0.0093 0.2625 0.4090
-5.2484 40.8461 15.4002 0.0322 0.9986 0.0420 0.5972 0.7556
-14.1414 -36.1192 -23.9126 -0.7722 -0.0126 -0.6353 0.0028 0.4846
-14.1414 -36.1192 -23.9126 -0.9717 -0.0159 -0.2356 0.9386 0.9776
-6.4586 20.3206 -24.6381 0.0073 -0.0023 -1.0000 0.0505 0.1338
-14.3676 -38.9042 5.2191 -0.9785 -0.2042 0.0286 0.7575 0.9949
14.6644 -29.7288 7.7804 0.9933 -0.1156 -0.0011 0.3823 0.4366
14.3707 -23.9614 -10.8889 0.9988 -0.0325 -0.0378 0.2663 0.4007
-13.8739 -11.5879 -23.9204 -0.5909 0.0161 -0.8066 0.0044 0.3321
-14.1938 -7.8192 15.8341 -0.9994 -0.0016 0.0339 0.6915 0.8017
-9.4796 4.4688 -24.6571 -0.0553 0.0003 -0.9985 0.0318 0.2323
-4.1003 40.5006 22.2581 0.0722 0.9884 0.1338 0.5901 0.7983
-9.6795 -33.2202 -24.4661 -0.0360 -0.0119 -0.9993 0.0305 0.4666
-6.4570 -41.5497 -5.5754 -0.0633 -0.9980 -0.0060 0.3404 0.6302
-12.1829 6.1409 22.7460 -0.2053 -0.0064 0.9787 0.6540 0.2085
-7.1918 7.1043 23.9886 -0.0649 0.0179 0.9977 0.6230 0.2025
14.8210 -23.2319 10.0395 0.9972 -0.0727 0.0196 0.3963 0.3962
12.5410 -34.1821 -23.7282 0.0347 -0.0198 -0.9992 0.1686 0.4726
-14.2964 31.5903 -6.9745 -0.7818 0.4407 0.4410 0.8333 0.5568
-14.2964 31.5903 -6.9745 -0.5587 0.6218 0.5488 0.0968 0.5315
-13.1875 -39.2541 15.8968 -0.9197 -0.3903 0.0432 0.1419 0.6841
-13.1875 -39.2541 15.8968 -0.3989 -0.9107 -0.1077 0.2986 0.7636
-14.8832 -30.8325 -2.1266 -0.9998 -0.0010 0.0177 0.8032 0.9448
10.9638 -41.7049 17.5864 0.0146 -0.9998 -0.0108 0.4487 0.7741
-10.4015 -41.7049 22.1112 0.3688 -0.9276 0.0592 0.3159 0.8023
-14.8334 -14.2452 -10.5921 -0.9999 0.0103 0.0025 0.8558 0.8417
-14.8911 -31.1993 -14.1942 -0.9997 -0.0099 -0.0203 0.8782 0.9470
-11.7000 -21.1133 23.0636 -0.9605 0.0041 0.2782 0.1599 0.5601
14.3162 9.7281 -9.4431 0.9996 0.0019 -0.0267 0.2753 0.1914
-7.2157 40.9758 12.1718 -0.0255 0.9988 0.0421 0.6095 0.7356
1.0603 38.7413 -23.7886 0.0163 0.6391 -0.7689 0.1471 0.5936
-13.4296 17.6323 22.7138 -0.4012 -0.0091 0.9160 0.6618 0.1371
-14.3054 -19.8868 13.7172 -0.9991 0.0062 0.0427 0.7047 0.8767
-13.3097 -39.4952 21.0317 -0.0260 -0.9996 0.0120 0.2978 0.7956
-12.6183 41.1341 -15.3442 -0.9814 0.1917 -0.0079 0.2830 0.7519
-12.6183 41.1341 -15.3442 -0.8463 0.5326 -0.0058 0.6430 0.5646
2.1602 -41.5263 6.0612 -0.0311 -0.9994 0.0174 0.3940 0.7025
-13.0111 -38.8852 1.0149 -0.2324 -0.9717 -0.0419 0.2997 0.6712
-11.1526 38.8537 23.8287 -0.0673 0.4287 0.9009 0.6476 0.0052
-11.1526 38.8537 23.8287 -0.0759 0.7769 0.6250 0.6339 0.8080
14.2600 -17.6314 -13.1496 0.9998 0.0052 -0.0189 0.2522 0.3614
-10.8828 -32.0818 23.5261 -0.0917 0.0178 0.9956 0.6459 0.4461
12.3689 38.9595 23.8323 -0.0643 0.8597 0.5067 0.4877 0.8080
14.4123 22.2414 22.9813 0.7421 -0.0202 0.6700 0.4887 0.1085
14.4123 22.2414 22.9813 0.8802 -0.0112 0.4745 0.4768 0.1136
14.2089 23.7751 -10.3592 0.9995 -0.0224 -0.0227 0.2696 0.1041
-3.6432 22.0319 24.3843 -0.4121 -0.0710 0.9084 0.6009 0.1098
-13.6298 -21.3661 21.9771 -0.8924 -0.0058 0.4511 0.6534 0.8859
-13.6298 -21.3661 21.9771 -0.8574 -0.0316 0.5137 0.6630 0.3795
-13.5672 -32.0090 21.9398 -0.9331 -0.0160 0.3593 0.6536 0.9521
-14.1853 -18.6853 -23.6935 -0.6429 -0.0140 -0.7658 0.0025 0.3762
-14.1853 -18.6853 -23.6935 -0.9721 0.0145 -0.2340 0.9372 0.8693
14.9371 -10.8208 17.5145 0.9999 -0.0013 0.0122 0.4428 0.3191
14.3554 -18.6126 -11.3786 0.9996 0.0079 -0.0275 0.2632 0.3675
14.6085 -35.9009 5.7935 0.9580 -0.2707 0.0944 0.3700 0.4749
-13.8606 38.9544 -11.1265 -0.2102 0.7730 0.5985 0.0594 0.6027
9.9991 40.6519 -19.4446 0.0373 0.9992 -0.0172 0.5025 0.5391
13.9241 -40.8355 13.4947 0.8526 -0.5225 0.0049 0.4671 0.7487
13.9241 -40.8355 13.4947 0.9057 -0.4239 -0.0016 0.4178 0.5056
-10.0064 -41.5756 15.5940 0.0215 -0.9998 0.0022 0.3184 0.7618
14.9292 -2.7519 18.2796 1.0000 -0.0061 -0.0021 0.4476 0.2689
-11.4963 39.5516 23.1105 -0.8857 0.0615 0.4602 0.1092 0.5198
-11.4963 39.5516 23.1105 -0.4066 0.0570 0.9118 0.1748 0.6665
14.8830 14.4319 19.2226 0.9996 -0.0043 0.0272 0.4534 0.1621
6.4412 -41.3457 -3.7468 0.0281 -0.9995 -0.0169 0.4206 0.6416
1.3587 40.5481 17.9944 0.1545 0.9876 0.0260 0.5562 0.7718
8.3882 16.7783 24.3556 0.1070 -0.0164 0.9941 0.5262 0.1424
13.9361 39.9978 9.1050 0.5133 0.8582 0.0027 0.4780 0.7165
-14.2209 33.7523 -19.5465 -0.9933 0.0354 -0.1097 0.9114 0.5434
14.4730 24.4003 4.9843 0.9998 -0.0093 -0.0178 0.3649 0.1002
-13.9030 -39.1034 -9.8010 0.2206 -0.9586 -0.1801 0.2942 0.6039
7.5903 -41.2398 -15.6848 0.0490 -0.9988 -0.0091 0.4277 0.5674
13.2367 -41.3838 10.8894 0.4023 -0.9147 -0.0380 0.4628 0.7325
10.2334 12.3758 24.0305 0.1608 -0.0213 0.9868 0.5147 0.1698
-6.0801 16.4462 24.2045 -0.0562 -0.0903 0.9943 0.6161 0.1445
-12.5390 -40.2423 12.1626 -0.9052 -0.4232 0.0383 0.0868 0.6444
-12.5390 -40.2423 12.1626 -0.8247 -0.5557 0.1054 0.3026 0.7404
0.7193 -41.5329 4.1924 0.0493 -0.9988 -0.0072 0.3850 0.6909
-10.4579 -27.2656 -24.5788 -0.0556 -0.0186 -0.9983 0.0257 0.4296
3.2652 20.7135 -24.3475 0.0252 -0.0065 -0.9997 0.1110 0.1314
-14.7000 -36.7549 -13.4664 -0.9969 -0.0781 -0.0106 0.8737 0.9816
-14.2329 34.2665 7.5217 -0.9377 0.1973 -0.2861 0.7432 0.5402
-14.2329 34.2665 7.5217 -0.5965 0.4018 -0.6948 0.0117 0.6113
-1.6373 16.1720 24.5009 -0.0764 -0.0052 0.9971 0.5885 0.1462
-0.7647 40.9449 -4.9331 0.0178 0.9998 0.0073 0.5694 0.6293
14.9155 -18.1945 16.1819 0.9997 -0.0239 0.0019 0.4345 0.3649
-14.6221 -8.0886 2.3539 -0.9997 0.0038 0.0246 0.7753 0.8034
-14.1996 -14.0065 15.2858 -0.9997 -0.0088 0.0218 0.6950 0.8402
-14.7309 16.1207 -10.6956 -0.9998 0.0100 -0.0187 0.8564 0.6530
-4.9144 39.1895 23.3645 0.0629 0.3550 0.9327 0.1725 0.6256
-13.0904 30.6305 -5.6116 -0.9770 0.1576 0.1435 0.2177 0.6914
13.3534 35.9986 -23.9464 0.1223 0.0014 -0.9925 0.1737 0.0364
-9.7523 -41.4581 11.1522 0.0616 -0.9980 -0.0144 0.3199 0.7342
-14.4048 -38.9808 3.3115 -0.9505 -0.3090 0.0330 0.7694 0.9954
14.9034 -20.3094 18.3145 0.9994 -0.0021 0.0341 0.4478 0.3780
14.8262 -26.5940 16.8165 0.9997 -0.0176 0.0147 0.4385 0.4171
-14.0803 -33.4489 -24.0384 -0.4909 0.0012 -0.8712 0.0032 0.4680
-14.0803 -33.4489 -24.0384 -0.8667 0.0074 -0.4988 0.9394 0.9610
11.1201 -9.5871 23.4909 0.2042 -0.0249 0.9786 0.5092 0.3063
14.3534 28.1752 -4.4677 0.9998 0.0062 -0.0184 0.3062 0.0767
5.7537 -40.9783 -23.4561 0.0617 0.4174 -0.9066 0.1264 0.5148
-14.0027 -0.4965 -23.6542 -0.6158 0.0055 -0.7878 0.0036 0.2632
2.3379 -39.6018 -24.1138 0.0324 -0.2239 -0.9741 0.1052 0.5062
-5.4218 41.3880 -23.3871 0.0836 0.9169 -0.3902 0.5983 0.5146
-14.7699 -4.1791 -15.9729 -1.0000 0.0040 -0.0025 0.8892 0.7791
-13.5271 32.1017 5.8455 0.1022 0.5927 -0.7989 0.0920 0.6111
-13.5271 32.1017 5.8455 0.0788 0.4778 -0.8749 0.0161 0.6247
-14.4891 -37.6155 5.3332 -0.9973 -0.0673 0.0309 0.7568 0.9869
6.8016 -41.6065 13.1589 0.0379 -0.9985 -0.0389 0.4228 0.7466
2.2171 40.9302 -10.4714 0.0084 0.9997 0.0231 0.5508 0.5948
14.9378 -1.1039 18.5991 0.9999 -0.0066 0.0159 0.4495 0.2587
-14.7243 1.8849 -13.9282 -0.9998 -0.0177 -0.0014 0.8765 0.7414
-11.4496 -20.6660 -24.4788 -0.1570 -0.0050 -0.9876 0.0195 0.3886
5.7355 -40.6085 21.7856 -0.0420 -0.9653 0.2579 0.1305 0.5578
12.0546 40.3549 -6.3297 0.0838 0.9964 0.0106 0.4897 0.6206
13.8136 -2.9906 -23.4279 0.9536 -0.0045 -0.3010 0.1883 0.2704
-5.5987 36.6981 -24.4926 0.0022 0.0257 -0.9997 0.0559 0.0320
-8.7947 -2.4197 23.7554 -0.1455 -0.0118 0.9893 0.6330 0.2617
7.8803 2.0238 24.1519 0.0970 -0.0081 0.9953 0.5293 0.2341
13.6347 25.0073 -23.6795 0.4725 -0.0110 -0.8812 0.1754 0.1047
-14.6131 -37.8286 -0.7800 -0.9984 -0.0527 0.0214 0.7948 0.9883
-5.5549 -41.5440 16.2763 -0.0128 -0.9999 -0.0098 0.3460 0.7660
-11.3548 -11.6396 23.3004 -0.3529 -0.0062 0.9357 0.6489 0.3190
-14.6656 -1.4028 -0.9253 -0.9998 0.0078 0.0174 0.7957 0.7619
0.0416 -41.5500 18.1366 0.1049 -0.9940 0.0323 0.3808 0.7776
-11.3176 -7.3336 23.3183 -0.4193 0.0027 0.9078 0.6486 0.2923
0.9239 -3.4604 -24.4284 0.0308 -0.0008 -0.9995 0.0964 0.2816
-2.7942 -28.7899 -24.4808 0.0275 -0.0087 -0.9996 0.0733 0.4390
13.8533 39.8595 -23.2847 0.2510 0.6664 -0.7020 0.4785 0.5152
13.8533 39.8595 -23.2847 0.1535 0.1401 -0.9782 0.1768 0.0124
14.5484 -29.0646 2.0100 0.9926 -0.0970 -0.0735 0.3464 0.4325
-14.7233 9.9756 -12.7384 -1.0000 0.0033 -0.0032 0.8691 0.6911
6.1842 -18.3555 -24.3184 0.0309 -0.0034 -0.9995 0.1291 0.3742
0.3683 -41.5616 1.4513 0.0286 -0.9994 -0.0198 0.3828 0.6739
-4.6681 -41.5616 -4.8812 0.0032 -1.0000 -0.0083 0.3515 0.6345
11.2826 19.9440 -24.0958 0.0180 0.0077 -0.9998 0.1608 0.1362
14.6382 7.0990 8.5120 0.9998 0.0166 -0.0059 0.3868 0.2077
14.6699 3.9732 4.8621 0.9999 0.0124 -0.0043 0.3642 0.2271
-12.2536 40.8897 19.7343 -0.4861 0.8737 0.0169 0.6408 0.7826
2.2028 -41.3317 -19.0819 0.0030 -0.9997 -0.0258 0.3943 0.5463
-14.2460 38.6616 15.9729 -0.9571 0.2898 -0.0028 0.6907 0.5129
14.3390 -37.5436 21.5757 0.9966 -0.0540 0.0620 0.4680 0.4852
14.3646 -35.7740 -8.9526 0.9996 -0.0261 -0.0125 0.2783 0.4742
-14.6048 30.5158 -13.6640 -0.9999 0.0121 -0.0106 0.8749 0.5635
3.3322 -41.5148 4.2045 -0.0168 -0.9998 -0.0052 0.4013 0.6910
-12.3633 15.1020 -24.3049 -0.0957 -0.0026 -0.9954 0.0138 0.1663
-13.0695 29.7889 2.7887 -0.6121 0.6824 -0.3996 0.0892 0.5921
14.6726 -5.2856 5.1433 1.0000 -0.0010 0.0030 0.3659 0.2847
14.6823 -29.5732 9.6817 0.9918 0.0677 -0.1083 0.3941 0.4356
14.8994 18.6616 16.7293 0.9984 -0.0369 -0.0437 0.4379 0.1358
14.7661 13.0260 14.6467 0.9985 0.0443 0.0327 0.4250 0.1709
-1.4938 -33.2093 23.9387 -0.0182 -0.0274 0.9995 0.5876 0.4531
-13.0576 -39.2711 19.0031 -0.4447 -0.8955 0.0193 0.2994 0.7830
14.3922 3.1899 -7.8176 0.9996 0.0019 -0.0289 0.2854 0.2320
7.3824 40.7355 -23.3761 0.0219 0.8937 -0.4481 0.5187 0.5146
14.7410 -31.2163 9.8249 0.9997 -0.0016 -0.0225 0.3950 0.4458
14.5449 -30.6461 3.3239 0.9998 -0.0031 0.0200 0.3546 0.4423
14.2352 32.2163 -8.2764 0.9992 0.0365 -0.0189 0.2825 0.0516
14.8105 8.7807 14.8529 0.9991 -0.0413 -0.0073 0.4263 0.1972
14.6844 -19.9436 6.2913 0.9928 0.1193 0.0034 0.3730 0.3758
5.0673 29.9425 24.6720 0.0322 0.0173 0.9993 0.5468 0.0606
14.6666 -8.0289 6.1580 0.9998 -0.0067 -0.0181 0.3722 0.3017
7.0242 -41.2295 22.1595 0.0283 0.6071 0.7941 0.1205 0.6326
-4.5911 10.7472 24.2160 -0.1811 0.0891 0.9794 0.6068 0.1799
14.3816 -5.8136 -9.0992 0.9996 0.0024 -0.0285 0.2774 0.2879
14.3821 39.3606 6.6857 0.9998 0.0175 0.0040 0.3755 0.0072
14.7079 -10.1582 7.0954 0.9961 0.0808 -0.0342 0.3780 0.3149
-13.1635 32.5123 6.2137 -0.0309 0.5314 -0.8465 0.0898 0.6134
14.3323 33.4823 -4.3665 0.9999 0.0027 -0.0132 0.3068 0.0437
-9.3592 41.0846 -1.6198 0.0437 0.9990 0.0115 0.6228 0.6499
14.5182 -12.2224 -3.0958 0.9998 0.0007 -0.0203 0.3147 0.3278
-12.1077 41.1176 1.4484 -0.3537 0.9353 0.0135 0.6399 0.6689
-1.6951 -41.1561 22.2772 0.0272 0.3989 0.9166 0.0283 0.5312
-8.7595 41.5571 -23.4431 0.0502 0.8618 -0.5047 0.6191 0.5142
-14.6485 -15.9768 -20.7036 -0.9944 0.0030 -0.1057 0.9186 0.8524
-13.1041 32.8217 6.4057 -0.8543 0.2313 -0.4654 0.2313 0.6168
-13.1041 32.8217 6.4057 0.0946 0.5037 -0.8587 0.0894 0.6146
-13.1041 32.8217 6.4057 -0.7823 0.2263 -0.5804 0.0188 0.6202
-14.7218 7.9903 -13.3981 -1.0000 0.0028 -0.0044 0.8732 0.7035
14.3019 -33.4284 -15.2109 0.9992 -0.0084 -0.0390 0.2394 0.4596
8.4129 -31.1150 23.5907 0.1005 -0.0260 0.9946 0.5260 0.4401
-10.4772 -40.4074 22.0413 0.2268 -0.7308 0.6438 0.1321 0.6586
-10.4772 -40.4074 22.0413 0.1630 0.3015 0.9394 0.0329 0.5858
14.8967 16.1896 18.8920 0.9999 0.0136 0.0080 0.4514 0.1512
14.1396 -12.3841 -17.4529 0.9993 0.0042 -0.0361 0.2255 0.3288
-14.6663 14.2958 -1.0843 -0.9999 0.0046 0.0133 0.7967 0.6643
-13.4903 39.0620 9.4002 0.8823 -0.1509 0.4458 0.2384 0.8070
-13.4903 39.0620 9.4002 -0.9253 0.3783 -0.0255 0.2292 0.8046
14.4904 -29.8488 -5.2419 0.9998 -0.0047 -0.0215 0.3014 0.4373
-9.1654 34.7500 24.1624 -0.0692 -0.0072 0.9976 0.6353 0.0307
-10.4870 -41.6186 17.0872 0.0731 -0.9968 -0.0319 0.3154 0.7710
13.8703 10.3195 23.1552 0.4173 -0.0205 0.9086 0.4921 0.1826
4.3528 8.9761 -24.2498 -0.0021 -0.0668 -0.9978 0.1177 0.2043
6.1228 -41.2965 -12.4705 0.0465 -0.9989 0.0037 0.4186 0.5873
-14.2684 14.9138 14.6898 -0.9991 -0.0428 -0.0045 0.6987 0.6605
-14.3304 -8.9806 11.9379 -0.9992 -0.0010 0.0410 0.7158 0.8090
7.4496 -41.6699 14.5713 -0.0345 -0.9992 -0.0194 0.4269 0.7554
5.6186 40.6171 6.7063 0.0312 0.9994 0.0157 0.5297 0.7016
-5.1365 -29.2639 23.8432 -0.0452 -0.0088 0.9989 0.6102 0.4286
-2.0235 38.7299 23.9701 0.0012 0.7387 0.6740 0.5772 0.8089
-14.6080 8.7736 2.8353 -0.9997 0.0025 0.0227 0.7723 0.6986
14.8297 -25.9667 17.9621 0.9998 0.0111 0.0146 0.4456 0.4132
-14.6104 7.4373 -20.3636 -0.9990 0.0185 -0.0414 0.9165 0.7069
-6.3768 -40.5152 -23.6623 0.0181 -0.6923 -0.7213 0.3409 0.5178
-6.3768 -40.5152 -23.6623 0.0200 -0.3629 -0.9316 0.0510 0.5119
-11.5980 37.3285 23.1763 -0.1625 -0.1005 0.9816 0.0736 0.6239
12.5489 -41.6552 22.1326 -0.1123 0.0947 0.9892 0.5003 0.5056
12.5489 -41.6552 22.1326 0.0027 -0.9312 0.3645 0.4586 0.8024
14.8352 22.5373 17.7595 0.9983 -0.0250 0.0533 0.4443 0.1117
-13.3165 29.3729 -3.3316 -0.2490 0.9317 0.2644 0.0907 0.5541
-11.2407 32.0927 23.9168 -0.3838 -0.0253 0.9231 0.6482 0.0472
3.0225 -41.1759 -23.4569 -0.0414 -0.1717 -0.9843 0.1095 0.5160
3.0225 -41.1759 -23.4569 0.0006 -0.9365 -0.3507 0.3993 0.5191
14.9010 -8.5125 19.1097 0.9984 -0.0456 0.0339 0.4527 0.3047
-13.0517 3.1071 -24.1288 -0.3160 0.0131 -0.9487 0.0096 0.2408
14.7081 10.9976 6.0233 0.9983 0.0144 -0.0560 0.3714 0.1835
-6.8180 40.9610 13.1439 -0.0191 0.9994 -0.0272 0.6070 0.7416
14.6183 6.0895 2.5368 0.9986 -0.0180 -0.0495 0.3497 0.2140
3.0389 3.3503 -24.2434 0.1099 0.0823 -0.9905 0.1096 0.2393
-6.3573 -39.1956 23.3716 0.0129 -0.4461 0.8949 0.6178 0.4903
-6.3573 -39.1956 23.3716 0.0352 -0.7756 0.6302 0.3410 0.8101
-13.8193 24.6235 22.4326 -0.9091 -0.0347 0.4152 0.6505 0.6001
-13.8193 24.6235 22.4326 -0.7285 -0.0087 0.6850 0.6642 0.0937
10.0145 40.6472 -23.2131 0.0566 0.9981 -0.0246 0.5024 0.5156
-0.8776 -5.9681 24.2663 -0.1378 -0.0441 0.9895 0.5837 0.2838
4.6916 -37.9824 -24.1042 0.0408 -0.0470 -0.9981 0.1198 0.4962
14.6519 -6.2235 3.0572 0.9998 -0.0108 -0.0142 0.3529 0.2905
-14.5289 -4.9454 5.7114 -0.9996 0.0024 0.0290 0.7545 0.7839
13.9636 32.5872 23.6233 0.4306 -0.0255 0.9022 0.4915 0.0442
14.4620 36.5981 14.6179 0.9990 0.0442 -0.0100 0.4248 0.0244
-10.0404 41.4483 -23.6013 -0.0237 0.4668 -0.8841 0.0283 0.0025
-10.0404 41.4483 -23.6013 0.0362 0.6621 -0.7486 0.6270 0.5132
-0.5005 -4.5972 24.3183 -0.0579 -0.0202 0.9981 0.5814 0.2753
14.0946 31.3364 -21.9538 1.0000 -0.0035 0.0057 0.1975 0.0571
14.7299 -6.0846 7.3492 0.9995 -0.0135 -0.0291 0.3796 0.2896
-13.7066 -39.4881 4.0745 -0.1286 -0.9743 0.1851 0.2954 0.6902
0.3354 -41.5325 1.9416 0.0412 -0.9988 0.0247 0.3826 0.6769
-13.5588 32.9428 -24.0616 -0.5771 0.0260 -0.8162 0.0064 0.0554
-13.5588 32.9428 -24.0616 -0.9596 -0.0018 -0.2812 0.9395 0.5484
-14.0997 29.6858 21.9425 -0.9923 -0.0207 0.1219 0.6536 0.5686
8.1377 -41.6632 19.7296 -0.0209 -0.9997 0.0121 0.4311 0.7875
13.2157 -41.6301 17.2185 0.2520 -0.9676 -0.0180 0.4627 0.7719
5.3307 40.4605 16.0262 0.0495 0.9988 -0.0020 0.5315 0.7595
14.7244 10.2158 13.3288 0.9983 0.0473 -0.0350 0.4168 0.1883
5.0473 40.8344 -22.3635 0.0479 0.9988 -0.0039 0.5332 0.5209
6.9892 -41.6164 12.1506 -0.0172 -0.9998 0.0129 0.4240 0.7404
14.8210 9.2920 14.4970 0.9997 -0.0237 -0.0097 0.4240 0.1941
2.5127 11.5465 24.6446 -0.0062 -0.0096 0.9999 0.5627 0.1749
-6.0776 -40.9805 22.3192 0.0563 0.4313 0.9004 0.0294 0.5584
-6.0776 -40.9805 22.3192 0.0691 0.8749 0.4794 0.1215 0.5512
-13.1725 37.9120 -10.6134 -0.3692 0.3591 0.8572 0.0053 0.5268
-12.7772 40.4091 11.0616 -0.8140 0.5809 -0.0049 0.6440 0.7287
-12.7772 40.4091 11.0616 -0.9835 0.1806 0.0031 0.2785 0.5878
-11.1619 39.0723 23.5330 -0.0896 0.7366 0.6703 0.6340 0.8062
10.2114 -41.6352 12.9953 0.0156 -0.9995 -0.0279 0.4440 0.7456
-7.6634 2.7852 -24.6797 0.0195 -0.0025 -0.9998 0.0430 0.2428
-13.8355 39.2626 -20.7402 -0.5268 0.8494 -0.0314 0.0592 0.5430
13.3701 -41.6545 20.8705 0.4755 -0.8797 -0.0000 0.4637 0.7946
-13.8998 0.4658 21.7629 -0.9968 -0.0032 0.0793 0.6547 0.7503
13.6898 -40.6448 -7.0805 0.5405 -0.8412 -0.0159 0.4656 0.6208
3.8496 40.6462 10.0853 0.0262 0.9996 -0.0075 0.5407 0.7226
14.6602 -0.9691 6.2798 0.9998 0.0148 -0.0142 0.3730 0.2578
12.9986 -41.7389 21.2700 0.0830 -0.9965 0.0023 0.4613 0.7970
14.6973 -26.3511 7.1181 0.9972 -0.0658 -0.0349 0.3782 0.4156
12.5373 32.6774 -23.9714 0.0454 0.0135 -0.9989 0.1686 0.0570
13.5093 -30.4663 -23.9298 0.1878 0.0064 -0.9822 0.1746 0.4495
14.6621 26.3342 13.5778 0.9996 0.0064 -0.0287 0.4183 0.0881
-8.1402 41.5715 -23.2301 0.0590 0.9880 -0.1429 0.6152 0.5155
-14.2283 37.9803 -14.7494 -0.9968 0.0800 0.0038 0.8816 0.5171
0.7444 -41.4362 -16.1559 0.0228 -0.9997 -0.0127 0.3852 0.5644
14.7897 9.1314 9.5580 0.9996 -0.0111 -0.0273 0.3933 0.1951
10.0281 -41.1870 -23.1517 0.0492 -0.9823 -0.1805 0.4429 0.5210
0.2902 -40.6824 21.9731 -0.0242 -0.8770 0.4800 0.1317 0.5917
14.7611 -1.3345 11.5623 0.9990 -0.0118 -0.0440 0.4058 0.2601
13.3789 40.0516 20.3002 0.2127 0.9765 0.0352 0.4815 0.7861
-14.2792 10.4229 -22.4119 -0.9740 0.0026 -0.2266 0.9292 0.6884
-14.6963 -0.7835 -3.0849 -0.9998 0.0102 0.0156 0.8091 0.7580
1.8896 40.9499 -19.9697 0.0476 0.9985 0.0279 0.5529 0.5358
-3.5102 38.4925 24.1536 -0.0009 0.3810 0.9246 0.6001 0.0075
-3.5102 38.4925 24.1536 -0.0071 0.6687 0.7435 0.5864 0.8100
-0.6528 40.9830 -9.2804 0.0340 0.9993 0.0157 0.5687 0.6022
8.0010 7.4482 -24.2297 0.0145 0.0264 -0.9995 0.1404 0.2138
1.9438 40.7668 5.9648 0.0596 0.9982 0.0095 0.5525 0.6970
10.0204 16.4268 -24.0591 -0.0526 0.0530 -0.9972 0.1530 0.1580
14.4534 21.9057 1.0855 0.9998 0.0055 -0.0174 0.3407 0.1157
-13.4628 -39.3375 18.4947 0.2289 -0.9699 0.0834 0.2969 0.7798
14.2375 39.7057 12.2803 0.7730 0.6343 0.0031 0.4761 0.7362
14.6614 -0.5595 22.1437 0.9531 -0.0133 0.3024 0.4716 0.2553
-12.9124 30.1966 -2.3759 -0.9987 0.0477 0.0191 0.2150 0.6713
5.7527 -41.6046 11.4817 -0.0075 -1.0000 -0.0003 0.4163 0.7362
-12.3163 40.8792 13.3921 -0.4460 0.8950 0.0052 0.6412 0.7431
-13.6451 35.2040 -23.6161 -0.9712 0.0224 -0.2373 0.9367 0.5344
-6.7620 41.1417 -23.5875 0.0474 0.2020 -0.9782 0.0487 0.0044
4.3250 20.9763 -24.3296 0.2385 -0.0177 -0.9710 0.1176 0.1297
-14.7563 -30.8559 3.2324 -0.9996 -0.0028 0.0283 0.7699 0.9449
-4.4887 -41.3284 22.1281 0.0094 -0.9722 0.2341 0.3527 0.8024
14.6225 -25.4751 0.3463 0.9985 -0.0345 -0.0420 0.3361 0.4101
14.1847 8.3359 -15.7867 0.9999 -0.0118 -0.0057 0.2358 0.2000
14.8075 -15.4405 11.4045 0.9992 0.0247 -0.0299 0.4048 0.3478
-1.7956 2.9228 24.3237 -0.1367 0.0286 0.9902 0.5895 0.2285
14.4345 -27.6298 -9.6043 0.9999 -0.0164 0.0015 0.2743 0.4235
14.9350 11.2069 15.3708 0.9985 0.0343 0.0436 0.4295 0.1822
-7.7899 22.6693 24.0865 -0.0755 -0.0226 0.9969 0.6267 0.1058
-11.5248 13.1536 23.3531 -0.7861 -0.0036 0.6181 0.6499 0.1650
-11.5248 13.1536 23.3531 -0.8661 0.0019 0.4999 0.1130 0.6729
-14.4874 29.7276 3.1696 -0.9646 0.2426 -0.1039 0.7703 0.5684
-14.4874 29.7276 3.1696 -0.6966 0.6493 -0.3052 0.0980 0.5945
13.2986 -11.0226 -23.9357 0.1241 -0.0088 -0.9922 0.1733 0.3286
1.2675 -41.4509 1.6781 0.0612 -0.9981 -0.0006 0.3884 0.6753
-14.5292 -38.6263 -20.1680 -0.9985 -0.0407 -0.0352 0.9153 0.9932
-13.1272 39.1127 -11.6740 -0.4130 0.9072 0.0802 0.0548 0.5993
14.6969 -12.1036 12.5225 0.9982 -0.0570 0.0185 0.4118 0.3270
14.1477 20.2582 -13.3671 0.9998 -0.0049 -0.0169 0.2509 0.1259
13.7030 6.4828 -23.6212 0.8748 0.0077 -0.4845 0.1871 0.2115
13.7030 6.4828 -23.6212 0.4039 0.0016 -0.9148 0.1758 0.2198
14.7013 -28.5983 10.0209 0.9910 0.0135 -0.1335 0.3962 0.4296
14.2790 11.5950 -10.7852 0.9997 0.0083 -0.0250 0.2669 0.1798
7.8747 23.6078 -24.2091 0.0337 0.0004 -0.9994 0.1396 0.1134
-1.2840 40.3396 21.8241 0.0672 0.9948 0.0772 0.5726 0.7956
5.2491 -41.4886 1.7403 0.0069 -0.9992 -0.0390 0.4132 0.6757
14.8382 19.6961 15.6448 0.9943 -0.0262 -0.1030 0.4312 0.1294
3.9634 -39.9086 22.3509 0.0893 -0.5647 0.8205 0.1340 0.5688
3.9634 -39.9086 22.3509 -0.0042 -0.8985 0.4389 0.4052 0.8038
3.9634 -39.9086 22.3509 -0.0432 -0.4123 0.9100 0.1238 0.6857
4.8848 -41.1468 -23.4253 -0.1819 -0.8100 -0.5575 0.4109 0.5193
5.6357 40.7470 -3.8809 0.0417 0.9991 0.0032 0.5296 0.6358
13.4101 21.3488 -23.7885 0.3732 0.0317 -0.9272 0.1740 0.1274
14.5423 15.4706 3.4865 0.9998 0.0063 -0.0192 0.3556 0.1557
3.1879 -41.3482 -7.2335 0.0064 -1.0000 -0.0056 0.4004 0.6199
-10.9650 -35.2136 23.5867 -0.0869 0.0147 0.9961 0.6464 0.4656
14.0173 18.5526 -22.3037 0.9999 0.0040 -0.0141 0.1953 0.1365
-14.6015 28.6518 1.2722 -1.0000 -0.0063 0.0056 0.7821 0.5751
-2.3624 9.1615 -24.5466 0.0321 0.0015 -0.9995 0.0760 0.2032
-8.2181 41.0584 -0.3306 0.0079 1.0000 0.0012 0.6157 0.6579
3.8078 -41.5754 15.5496 0.0041 -1.0000 0.0008 0.4042 0.7615
1.9651 25.5469 24.7139 -0.0178 0.0070 0.9998 0.5661 0.0879
7.3098 8.4556 24.3275 0.1050 -0.0185 0.9943 0.5329 0.1942
9.0332 -41.1350 -11.6926 0.0788 -0.9969 0.0018 0.4367 0.5922
-0.2712 11.0320 -24.4754 0.0331 0.0008 -0.9995 0.0890 0.1916
-6.6305 -41.4814 -9.9338 -0.0231 -0.9997 0.0028 0.3394 0.6031
-0.8266 -31.1660 -24.4083 0.0272 -0.0083 -0.9996 0.0855 0.4538
-6.1410 -41.0749 -23.6633 -0.0050 -0.2217 -0.9751 0.0525 0.5154
-14.2878 -21.0602 -23.3336 -0.8453 0.0307 -0.5335 0.0019 0.3910
-14.2878 -21.0602 -23.3336 -0.9752 0.0050 -0.2214 0.9350 0.8840
13.8626 40.0390 6.7370 0.4405 0.8978 0.0052 0.4785 0.7018
9.7079 -41.5597 22.1902 -0.0148 -0.8618 0.5070 0.4409 0.8028
9.7079 -41.5597 22.1902 0.0135 -0.1878 0.9821 0.5180 0.5050
-10.9384 -41.5465 1.5712 -0.0065 -1.0000 0.0058 0.3126 0.6746
13.6728 -32.2271 -23.8659 0.3885 0.0024 -0.9214 0.1757 0.4604
13.6927 7.6060 -23.6232 0.8724 -0.0158 -0.4885 0.1871 0.2045
13.6927 7.6060 -23.6232 0.4358 -0.0257 -0.8997 0.1758 0.2128
10.1935 -35.6280 23.2918 0.1075 -0.0302 0.9937 0.5149 0.4681
12.0051 -41.5327 12.0103 0.0509 -0.9981 -0.0342 0.4552 0.7395
-14.0431 38.6834 -10.9267 -0.0949 0.6314 0.7696 0.0605 0.6040
-14.0431 38.6834 -10.9267 -0.5339 0.2194 0.8166 0.0107 0.5220
-14.0431 38.6834 -10.9267 -0.8742 0.2877 0.3913 0.8579 0.5127
-6.3516 41.0172 2.4391 0.0184 0.9998 0.0090 0.6041 0.6751
-1.6280 29.8172 24.5899 -0.0527 -0.0006 0.9986 0.5884 0.0614
-14.5286 30.6103 -15.8772 -0.9987 0.0254 -0.0448 0.8886 0.5629
2.6524 -41.3873 -5.6506 0.0057 -0.9999 -0.0107 0.3970 0.6297
14.6871 -23.4566 8.3942 0.9978 0.0660 -0.0103 0.3861 0.3976
-13.0903 32.9176 -8.0466 -0.9605 0.1915 0.2021 0.2319 0.7066
-13.0903 32.9176 -8.0466 -0.7698 0.3865 0.5080 0.0048 0.5579
9.4895 -12.6233 23.7418 0.1456 -0.0030 0.9893 0.5193 0.3252
10.6594 -21.3460 -24.0872 0.0628 -0.0059 -0.9980 0.1569 0.3928
6.8242 40.6052 6.2698 0.0584 0.9983 0.0078 0.5222 0.6989
-9.4714 -24.1967 23.5696 -0.1171 -0.0155 0.9930 0.6372 0.3971
6.1242 -41.7011 15.7996 0.0071 -0.9999 0.0137 0.4186 0.7630
-11.3689 41.7131 -17.0216 0.0900 0.9957 0.0240 0.6353 0.5541
-13.0427 33.5540 6.6084 -0.9219 0.1591 -0.3534 0.2359 0.6155
-13.0427 33.5540 6.6084 -0.6799 0.2356 -0.6944 0.0191 0.6157
-14.0962 37.5390 -10.5371 -0.5972 0.3436 0.7247 0.0110 0.5292
9.6766 19.9105 -24.1022 0.0633 -0.0768 -0.9950 0.1508 0.1364
-4.0147 -21.2264 23.9582 -0.0565 -0.0106 0.9983 0.6032 0.3786
6.8405 -41.3851 1.0049 0.0177 -0.9994 -0.0293 0.4231 0.6711
-14.4257 34.8201 -17.2605 -0.9995 0.0259 -0.0165 0.8972 0.5367
13.4664 -20.4136 -23.8738 0.2347 0.0006 -0.9721 0.1744 0.3870
-11.2034 -24.5353 -24.5415 -0.1111 0.0119 -0.9937 0.0210 0.4126
10.8757 -32.5307 -23.9194 0.0842 -0.0234 -0.9962 0.1583 0.4623
13.6398 -39.1694 22.6562 0.4690 0.0145 0.8831 0.4935 0.4901
-13.4453 -38.9924 2.1328 0.1185 -0.9873 -0.1056 0.2970 0.6781
-11.9280 41.7483 -19.4488 -0.1823 0.9832 0.0048 0.6387 0.5390
-11.6259 41.1979 3.7885 -0.0912 0.9958 0.0080 0.6369 0.6835
-13.2011 -38.9394 -11.2188 -0.1382 -0.9903 -0.0119 0.2985 0.5951
3.0257 -41.5342 6.7128 -0.0175 -0.9998 -0.0129 0.3994 0.7066
-8.2392 33.8979 -24.5306 -0.0102 0.0144 -0.9998 0.0395 0.0494
-10.8152 41.1597 0.5632 0.0679 0.9976 0.0098 0.6318 0.6634
-11.1554 39.5549 23.3485 -0.2806 0.2144 0.9356 0.1748 0.6644
14.5372 4.8995 22.5081 0.6962 -0.0110 0.7178 0.4879 0.2163
14.5372 4.8995 22.5081 0.8863 0.0101 0.4629 0.4738 0.2214
-0.5755 41.0886 -15.5366 0.0382 0.9987 0.0329 0.5682 0.5634
14.0130 -40.1822 -13.7101 0.8298 -0.5577 -0.0197 0.4676 0.5796
10.2238 40.5844 -11.8220 0.0670 0.9977 0.0075 0.5011 0.5864
-6.2579 41.1547 -7.7541 0.0329 0.9993 0.0176 0.6035 0.6117
-13.8737 -4.3594 21.8182 -0.9510 -0.0067 0.3091 0.6544 0.7802
-8.0485 5.4646 -24.7078 -0.0129 -0.0028 -0.9999 0.0407 0.2262
-12.9145 -39.1195 -1.2897 -0.9611 -0.2757 -0.0184 0.2012 0.5874
-14.7023 21.4949 -8.4769 -0.9999 0.0098 -0.0074 0.8426 0.6196
14.2310 34.2815 -15.0080 0.9999 -0.0082 -0.0063 0.2407 0.0388
-6.5301 10.6821 -24.6465 0.0185 0.0101 -0.9998 0.0501 0.1937
-13.1578 -39.2166 -17.9932 -0.4509 -0.8922 -0.0250 0.2988 0.5530
-13.1578 -39.2166 -17.9932 -0.9797 -0.2002 0.0075 0.2006 0.6912
-14.7168 14.5232 -15.3902 -0.9998 0.0101 -0.0143 0.8856 0.6629
14.7849 -4.1284 12.1619 0.9916 -0.0952 -0.0870 0.4095 0.2775
14.0682 0.2627 -20.1083 0.9995 0.0061 -0.0304 0.2090 0.2502
4.9750 33.7648 -24.3133 0.0329 0.0006 -0.9995 0.1216 0.0503
14.7615 -3.5645 9.8462 0.9996 0.0129 -0.0236 0.3951 0.2740
14.7938 -32.2824 14.4185 0.9994 -0.0343 0.0016 0.4236 0.4525
-7.8877 -5.7271 23.8213 -0.0921 -0.0071 0.9957 0.6273 0.2823
-14.3396 -15.9244 -22.8580 -0.9602 0.0170 -0.2789 0.9320 0.8521
14.9459 0.3548 18.7898 0.9995 -0.0026 0.0305 0.4507 0.2496
14.8334 -30.2497 14.4176 0.9999 -0.0147 -0.0077 0.4236 0.4398
14.5067 35.4896 13.7532 0.9988 0.0473 -0.0097 0.4194 0.0312
3.2460 -40.4598 22.1479 0.0571 -0.5540 0.8305 0.1327 0.5733
-14.0892 -1.6228 17.7788 -0.9971 0.0008 0.0759 0.6795 0.7632
8.7286 -41.1801 -8.1366 0.0639 -0.9979 -0.0131 0.4348 0.6143
10.2136 40.3205 15.4654 0.0451 0.9987 0.0258 0.5011 0.7560
14.6375 -25.5496 2.0154 0.9978 -0.0177 -0.0632 0.3465 0.4106
-14.5578 26.6108 -16.7778 -0.9988 0.0179 -0.0451 0.8942 0.5878
-5.9445 -0.8355 24.1113 -0.0629 -0.0100 0.9980 0.6152 0.2519
-14.0662 -1.2221 18.8249 -1.0000 -0.0008 -0.0034 0.6730 0.7607
14.4798 -13.4707 -4.8962 0.9998 0.0019 -0.0204 0.3035 0.3355
-13.4563 -39.3900 10.1393 -0.2081 -0.9422 -0.2625 0.2969 0.7279
11.5482 4.3619 23.6132 0.2184 -0.0146 0.9757 0.5065 0.2196
-12.6597 40.8531 -1.4561 -0.7853 0.6190 0.0104 0.6433 0.6509
-12.6597 40.8531 -1.4561 -0.8863 0.4630 0.0094 0.2812 0.6656
-14.7332 14.4357 -6.8918 -0.9999 0.0025 0.0101 0.8328 0.6634
14.1021 12.7845 -19.9362 0.9996 -0.0036 -0.0277 0.2100 0.1724
-11.8112 -33.3135 22.6030 -0.1983 0.0093 0.9801 0.6517 0.4537
-11.8112 -33.3135 22.6030 -0.6084 0.0206 0.7933 0.0190 0.5490
-13.8402 -39.2313 11.5558 -0.3832 -0.9117 0.1481 0.2945 0.7367
14.8053 0.3984 11.9124 0.9995 0.0275 -0.0132 0.4080 0.2493
-11.4738 36.6138 23.1404 -0.0710 -0.0565 0.9959 0.0729 0.6284
-12.7009 40.6247 5.5601 -0.9569 0.2903 0.0112 0.2798 0.6220
-14.5310 -0.7088 5.3550 -0.9996 0.0058 0.0271 0.7567 0.7576
3.7732 -41.5967 18.3093 -0.0613 -0.9979 -0.0227 0.4040 0.7786
2.1935 -41.3733 -1.8406 -0.0022 -1.0000 -0.0093 0.3942 0.6534
14.1570 0.9827 -16.8977 0.9994 -0.0147 -0.0324 0.2289 0.2457
-8.7371 -41.4578 9.6241 -0.0013 -0.9996 0.0287 0.3263 0.7247
-14.6310 24.7862 -15.8889 -0.9991 0.0198 -0.0368 0.8887 0.5991
6.3452 -41.5294 8.1214 -0.0243 -0.9997 -0.0003 0.4200 0.7153
-14.9550 -28.8940 -8.6743 -1.0000 -0.0022 0.0033 0.8439 0.9327
14.1186 -40.1265 22.2334 0.7022 -0.2653 0.6607 0.4905 0.4961
14.1186 -40.1265 22.2334 0.9639 -0.2335 0.1279 0.4721 0.5012
2.4493 4.1891 -24.3777 0.1504 0.0037 -0.9886 0.1059 0.2341
-13.7611 -26.9010 21.5839 -0.9747 -0.0072 0.2232 0.6558 0.9203
-8.4686 -31.2853 23.7115 -0.0549 -0.0093 0.9984 0.6309 0.4411
14.9176 -4.3299 18.8964 0.9998 -0.0029 0.0204 0.4514 0.2787
14.2557 1.8109 -13.1017 0.9997 0.0018 -0.0259 0.2525 0.2406
-7.7257 -41.4491 3.2785 -0.0887 -0.9960 0.0089 0.3325 0.6852
14.3959 -24.7046 -0.7205 0.9999 -0.0103 0.0098 0.3295 0.4054
3.3804 -41.2720 -21.2024 0.0036 -0.9999 -0.0153 0.4016 0.5331
13.1662 30.9885 -23.9581 0.2161 -0.0351 -0.9757 0.1725 0.0675
-14.2442 37.8109 -16.3620 -0.9964 0.0847 -0.0101 0.8916 0.5182
6.3887 23.7537 -24.2539 0.0275 -0.0053 -0.9996 0.1304 0.1125
14.8042 8.8246 11.8754 0.9984 -0.0245 -0.0502 0.4078 0.1970
-8.4398 -40.1438 22.5109 -0.0453 -0.9404 0.3370 0.1350 0.6459
-8.4398 -40.1438 22.5109 0.0269 -0.6063 0.7948 0.3281 0.8048
-8.2382 4.1257 -24.6999 -0.0251 -0.0011 -0.9997 0.0395 0.2345
13.4613 32.3390 -23.9460 0.2463 -0.0259 -0.9688 0.1743 0.0591
-4.8183 -41.4872 -17.9051 -0.0185 -0.9998 -0.0025 0.3506 0.5536
14.4919 -7.6767 -3.5461 0.9996 -0.0145 -0.0232 0.3119 0.2995
8.9120 39.6731 22.9662 -0.0130 0.3283 0.9445 0.1755 0.5397
8.9120 39.6731 22.9662 0.0132 0.7399 0.6725 0.5092 0.8027
-14.5821 3.3795 5.2018 -0.9990 0.0327 0.0314 0.7576 0.7321
-5.9727 -41.5188 20.0652 -0.0037 -0.9994 0.0356 0.3434 0.7896
-13.4716 -39.0410 -2.8708 0.4896 -0.8720 -0.0008 0.2968 0.6470
14.6649 -6.8166 1.6346 0.9997 -0.0059 -0.0252 0.3441 0.2942
1.3485 -41.4720 22.1217 0.0384 -0.9989 0.0258 0.3889 0.8023
14.3525 -4.8503 -9.7415 0.9995 0.0067 -0.0320 0.2734 0.2820
-14.7447 -9.6733 -2.8668 -0.9999 0.0041 0.0147 0.8078 0.8133
-7.9609 -41.3926 6.5264 -0.1204 -0.9926 0.0174 0.3311 0.7054
2.5080 17.6359 24.7149 -0.0130 -0.0053 0.9999 0.5627 0.1371
-2.4716 38.9417 23.6696 0.0047 0.8266 0.5628 0.5800 0.8070
14.4942 36.8577 21.7832 0.9979 0.0342 -0.0542 0.4693 0.0227
0.2152 -41.5299 3.4176 0.0005 -1.0000 -0.0025 0.3819 0.6861
-11.7807 -31.8961 23.2426 -0.9948 0.0124 0.1012 0.1588 0.6271
-11.7807 -31.8961 23.2426 -0.6708 0.0302 0.7411 0.6515 0.4449
-1.6684 -40.5665 21.7442 0.0023 -0.9610 0.2764 0.1302 0.6038
5.4782 -10.1315 24.1850 0.0898 -0.0213 0.9957 0.5442 0.3097
-13.2945 -13.5590 -24.1619 -0.2851 0.0057 -0.9585 0.0081 0.3444
14.6051 -25.1720 1.3158 0.9997 -0.0221 0.0098 0.3421 0.4083
-14.7384 -5.6684 -5.1412 -1.0000 0.0044 0.0067 0.8219 0.7884
9.0994 15.7620 24.2601 0.1233 -0.0197 0.9922 0.5217 0.1487
-13.0976 -29.5363 22.3365 -0.4008 -0.0085 0.9161 0.6597 0.4303
-13.5132 38.8573 9.0056 0.2060 0.8362 -0.5083 0.0780 0.5245
-13.5132 38.8573 9.0056 0.7012 0.3820 -0.6020 0.2610 0.8046
-13.5132 38.8573 9.0056 0.9431 -0.2274 -0.2427 0.2372 0.8046
-13.5132 38.8573 9.0056 -0.9399 0.3081 -0.1474 0.2279 0.8070
14.5270 -34.5951 -0.8792 0.9998 -0.0096 0.0197 0.3285 0.4668
-4.6022 15.8545 -24.5976 0.0192 0.0057 -0.9998 0.0621 0.1616
-8.4341 -41.3712 22.3779 0.0113 -0.9276 0.3733 0.3281 0.8039
14.6414 27.8938 22.7021 0.9549 -0.0004 0.2970 0.4750 0.0785
-13.5885 -5.5229 22.2593 -0.5696 -0.0116 0.8219 0.6627 0.2810
-10.6729 -16.4477 -24.6669 -0.1190 -0.0094 -0.9928 0.0243 0.3623
14.4513 -6.1975 -5.8264 0.9998 -0.0053 -0.0214 0.2977 0.2903
13.3053 -40.8005 -4.7625 0.1611 -0.9867 -0.0213 0.4633 0.6352
14.3603 8.3517 -6.6839 0.9997 0.0070 -0.0231 0.2924 0.1999
-13.1225 -39.2078 -17.1752 -0.7273 -0.6862 0.0150 0.2990 0.5581
-13.1225 -39.2078 -17.1752 -0.9973 -0.0613 0.0398 0.2007 0.6861
7.1185 -41.2918 -6.5227 0.0429 -0.9990 -0.0120 0.4248 0.6243
14.9053 22.2913 15.8310 0.9942 0.0611 -0.0883 0.4323 0.1133
-11.3568 -12.3575 -24.5400 -0.1643 0.0135 -0.9863 0.0201 0.3369
1.0994 -41.3111 -22.8125 0.0052 -0.9991 0.0420 0.3874 0.5231
-14.1919 10.3248 17.6638 -0.9988 -0.0224 0.0446 0.6802 0.6890
-11.3732 -41.6382 -21.4381 -0.1227 -0.9923 -0.0142 0.3099 0.5316
14.3904 -20.8436 -10.0098 0.9999 0.0092 -0.0131 0.2717 0.3814
-13.9575 -39.3182 -9.4674 0.3045 -0.9237 -0.2324 0.2938 0.6060
-13.0916 30.0191 -4.9321 -0.9768 0.1743 0.1242 0.2139 0.6872
-13.0916 30.0191 -4.9321 -0.3221 0.8185 0.4757 0.0893 0.5442
-13.0370 -39.0160 4.7035 -0.1091 -0.9361 0.3345 0.2995 0.6941
-14.5179 -5.2518 -22.0332 -0.9867 -0.0010 -0.1624 0.9269 0.7858
-13.2414 38.8933 11.6427 -0.2594 0.9657 -0.0066 0.0764 0.5409
14.8721 -21.6947 16.5571 0.9999 -0.0142 0.0068 0.4368 0.3866
14.5842 -35.9223 18.6370 0.9977 -0.0518 0.0427 0.4498 0.4751
4.5756 40.7942 -3.5607 0.0369 0.9993 -0.0012 0.5362 0.6378
-11.0029 -41.4795 -23.2599 0.0643 -0.7588 -0.6481 0.3122 0.5203
-11.0029 -41.4795 -23.2599 -0.0186 -0.2491 -0.9683 0.0461 0.6175
14.1957 10.0058 -15.1264 0.9996 0.0152 -0.0248 0.2399 0.1896
-14.6565 19.1482 -1.1044 -0.9999 -0.0018 0.0118 0.7968 0.6341
-7.3798 -26.8908 23.7660 -0.0526 -0.0031 0.9986 0.6242 0.4138
2.8623 -22.7161 -24.3710 0.0299 -0.0100 -0.9995 0.1085 0.4013
14.5819 -32.5854 1.9789 1.0000 -0.0053 0.0084 0.3462 0.4543
14.3176 -7.8781 -11.1449 0.9998 -0.0042 -0.0211 0.2647 0.3008
6.1521 -9.9555 -24.3465 0.0151 -0.0268 -0.9995 0.1289 0.3220
-9.8113 18.2840 23.8911 -0.0793 0.0139 0.9968 0.6393 0.1331
14.0520 28.6324 -21.4613 0.9998 -0.0019 -0.0185 0.2006 0.0739
14.7937 11.6717 12.0657 0.9991 -0.0255 -0.0332 0.4089 0.1793
-12.9286 29.6157 1.7194 -0.9991 -0.0417 -0.0018 0.2114 0.6459
14.8372 -26.9681 16.0195 0.9995 -0.0099 0.0292 0.4335 0.4194
9.3529 40.4688 9.1006 0.0528 0.9986 0.0089 0.5065 0.7165
14.6572 -14.1551 3.1444 0.9970 -0.0550 0.0539 0.3535 0.3398
-11.8783 -14.6525 22.7092 -0.6479 -0.0190 0.7615 0.6521 0.3378
14.8461 22.9394 13.3874 0.9968 0.0661 -0.0445 0.4171 0.1092
13.7029 -33.6443 -23.9002 0.4805 0.0471 -0.8757 0.1758 0.4692
14.7597 20.6524 16.0523 0.9944 -0.1026 -0.0258 0.4337 0.1235
-11.5041 -40.8400 -23.2171 0.2067 -0.6527 -0.7289 0.0636 0.6414
-11.5041 -40.8400 -23.2171 0.2857 -0.0813 -0.9549 0.0501 0.6144
1.6820 38.7734 23.9612 -0.0021 0.7683 0.6401 0.5542 0.8088
6.3116 15.0036 -24.1872 0.0220 0.1357 -0.9905 0.1299 0.1669
14.9406 8.4570 16.3859 0.9997 -0.0173 0.0194 0.4358 0.1993
4.4207 -25.8901 -24.3017 0.0180 0.0086 -0.9998 0.1182 0.4210
1.4741 40.8193 6.8301 0.0257 0.9996 0.0094 0.5555 0.7024
11.5005 -13.4444 23.3726 0.2303 0.0160 0.9730 0.5068 0.3303
5.4234 -40.8644 -23.3448 -0.0334 0.1834 -0.9825 0.1244 0.5141
14.1075 -3.8758 -17.4961 0.9995 -0.0153 -0.0291 0.2252 0.2759
-14.5626 25.4385 3.6862 -0.9999 0.0018 0.0149 0.7670 0.5950
-14.4891 -39.2520 -19.9086 -0.5483 -0.8363 -0.0022 0.2905 0.5411
-14.4891 -39.2520 -19.9086 -0.9909 -0.1320 -0.0257 0.9137 0.9971
14.2765 -38.0784 21.9290 0.8381 -0.0011 0.5455 0.4896 0.4834
14.2765 -38.0784 21.9290 0.9905 -0.0394 0.1320 0.4702 0.4885
14.1447 -28.3592 -19.1916 0.9987 0.0076 -0.0504 0.2147 0.4281
14.3836 -29.4600 -12.5608 0.9989 -0.0306 -0.0368 0.2559 0.4349
13.9097 -10.2118 -21.9638 0.9986 -0.0050 -0.0529 0.1974 0.3153
-12.4660 41.0309 -3.3750 -0.4191 0.9078 0.0177 0.6421 0.6389
14.6254 -4.6739 10.4995 0.9968 -0.0779 -0.0154 0.3992 0.2809
8.0587 -3.0156 -24.3107 0.0260 0.0110 -0.9996 0.1408 0.2789
-13.8432 19.8177 -23.6905 -0.7398 -0.0158 -0.6726 0.0046 0.1369
-13.8432 19.8177 -23.6905 -0.9541 0.0032 -0.2995 0.9372 0.6300
-13.0625 -39.8135 -22.9092 -0.9313 -0.3171 -0.1794 0.1969 0.7218
-13.0625 -39.8135 -22.9092 -0.8199 -0.5576 0.1299 0.2994 0.5225
11.0217 -12.7536 23.4631 0.2018 0.0021 0.9794 0.5098 0.3260
14.7853 -21.2993 12.5099 0.9991 0.0021 -0.0422 0.4117 0.3842
14.1364 2.2023 22.8593 0.6738 -0.0134 0.7388 0.4904 0.2330
-2.6519 -23.3431 -24.5182 0.0333 -0.0078 -0.9994 0.0742 0.4052
-13.2854 27.3690 22.8465 -0.2740 0.0032 0.9617 0.6609 0.0766
14.6530 20.7436 13.1318 0.9977 0.0649 -0.0181 0.4156 0.1229
-14.1878 -39.2808 -7.9264 0.3729 -0.9275 0.0267 0.2924 0.6156
-14.1878 -39.2808 -7.9264 0.8777 -0.4526 0.1574 0.1696 0.6852
14.1091 -0.5881 -18.3572 0.9997 -0.0163 -0.0197 0.2199 0.2555
3.4662 12.7945 -24.3195 0.0263 -0.0938 -0.9952 0.1122 0.1806
11.1304 -23.0272 -24.0419 0.0846 -0.0142 -0.9963 0.1599 0.4032
-12.9522 29.8345 1.2420 -0.9995 0.0310 0.0029 0.2128 0.6489
-4.4406 3.2205 -24.5839 0.0288 0.0003 -0.9996 0.0631 0.2401
14.5204 22.9863 7.5770 0.9991 0.0246 -0.0348 0.3810 0.1090
-14.5030 18.9953 7.9465 -0.9997 -0.0122 0.0221 0.7406 0.6351
-11.6058 -34.7180 23.5072 -0.4403 0.0193 0.8976 0.6504 0.4625
14.2404 -14.1463 -14.0360 0.9995 0.0020 -0.0317 0.2467 0.3397
13.8585 -0.0428 -23.2854 0.9650 -0.0030 -0.2622 0.1892 0.2521
14.6600 7.3172 6.5541 0.9998 0.0159 -0.0118 0.3747 0.2063
10.7890 -40.9829 -12.2838 0.0951 -0.9955 0.0057 0.4476 0.5885
-13.9363 10.5289 21.8391 -0.9927 -0.0076 0.1206 0.6542 0.6877
14.5300 -3.9148 0.5685 0.9991 0.0422 -0.0012 0.3375 0.2761
14.3158 -0.3955 -10.7288 0.9999 0.0011 -0.0161 0.2673 0.2543
12.6058 -3.5084 23.2365 0.2300 -0.0145 0.9731 0.4999 0.2685
13.2677 13.4985 23.3895 0.2534 -0.0229 0.9671 0.4958 0.1628
-8.1582 -40.4309 21.8245 0.0601 -0.5067 0.8600 0.1307 0.6442
-8.1582 -40.4309 21.8245 0.0603 -0.2293 0.9715 0.0036 0.6114
-8.1582 -40.4309 21.8245 0.0840 0.5454 0.8339 0.1184 0.5382
14.4766 -33.8442 4.7195 0.9918 -0.1275 -0.0070 0.3633 0.4622
-1.2084 -41.3150 -20.5846 0.0229 -0.9994 -0.0249 0.3730 0.5369
-13.1669 -37.6317 22.3214 -0.6234 -0.0078 0.7819 0.6601 0.4806
5.9278 -41.6228 12.8141 -0.0129 -0.9977 -0.0659 0.4174 0.7445
14.0618 -2.2943 -19.9921 0.9997 0.0018 -0.0235 0.2097 0.2661
14.3118 34.8125 -6.0473 0.9998 -0.0057 -0.0210 0.2964 0.0355
14.6866 24.5103 22.3371 0.9973 0.0062 0.0727 0.4728 0.0995
-10.1644 40.8815 21.6245 0.0670 0.9965 0.0508 0.6278 0.7943
12.8786 -41.5362 12.9942 0.1108 -0.9933 -0.0329 0.4606 0.7456
7.8695 20.5921 -24.1650 0.0565 -0.0082 -0.9984 0.1396 0.1321
-13.6970 -39.3469 2.6780 0.2106 -0.7914 -0.5738 0.2954 0.6815
13.7571 13.5933 -23.6658 0.5682 -0.0063 -0.8228 0.1762 0.1756
-3.6280 4.9229 24.2287 0.0637 -0.0411 0.9971 0.6008 0.2161
10.0819 19.1576 -24.0463 0.0105 0.0432 -0.9990 0.1533 0.1410
14.6735 3.3178 6.0889 0.9980 0.0057 -0.0631 0.3718 0.2312
14.6770 -2.5932 4.5870 0.9999 0.0040 -0.0117 0.3625 0.2679
-2.7739 7.8925 24.1698 -0.1780 0.0666 0.9818 0.5955 0.1976
13.5792 -30.8129 22.7366 0.3809 -0.0106 0.9245 0.4939 0.4382
-12.9480 32.4630 -4.9621 -0.9997 0.0196 0.0130 0.2291 0.6874
8.4816 -41.1995 -21.1676 0.0396 -0.9992 0.0062 0.4333 0.5333
3.6584 -41.5927 21.0945 -0.0278 -0.9988 0.0411 0.4033 0.7959
2.5259 2.8801 -24.3673 0.0654 0.0263 -0.9975 0.1064 0.2422
8.8242 40.6485 -9.2953 0.0627 0.9980 -0.0060 0.5098 0.6021
14.5977 -21.4075 0.1344 0.9989 0.0466 -0.0084 0.3348 0.3849
14.8164 15.9418 14.8843 0.9968 -0.0644 -0.0470 0.4265 0.1527
14.7245 -23.5892 9.6211 0.9958 -0.0910 -0.0103 0.3937 0.3984
-8.2616 41.1211 -4.9070 0.0175 0.9996 0.0226 0.6160 0.6294
14.6708 10.9095 9.3243 0.9989 0.0446 -0.0131 0.3919 0.1840
14.2858 25.9632 -4.0945 0.9994 -0.0015 -0.0332 0.3085 0.0905
14.1171 19.3310 -14.7418 0.9999 0.0040 -0.0164 0.2423 0.1317
5.8715 -41.6436 14.5110 -0.1303 -0.9912 -0.0233 0.4171 0.7550
-13.1175 39.5229 10.4034 -0.8411 0.5165 -0.1606 0.2730 0.5919
-13.6780 38.9790 18.6046 0.2620 0.9648 -0.0214 0.0791 0.5841
-13.9166 17.3197 -23.5793 -0.8399 0.0026 -0.5427 0.0042 0.1525
-13.9166 17.3197 -23.5793 -0.9605 0.0145 -0.2780 0.9365 0.6455
-13.2919 -39.2706 18.0292 0.0739 -0.9881 0.1348 0.2979 0.7769
-14.1640 38.8026 -11.2845 -0.5702 0.7104 0.4125 0.0613 0.6017
-14.1640 38.8026 -11.2845 -0.9787 0.1838 0.0912 0.8601 0.5120
14.1304 28.5528 -19.4136 0.9996 -0.0060 -0.0262 0.2133 0.0744
8.7742 13.9518 24.2525 0.1098 -0.0219 0.9937 0.5238 0.1600
4.9389 -30.7498 23.8724 0.0623 -0.0308 0.9976 0.5476 0.4378
5.0908 -41.3862 22.2347 -0.0116 -0.1551 0.9878 0.5467 0.5039
14.2522 11.3703 -12.1525 0.9997 0.0115 -0.0211 0.2584 0.1812
-0.9458 -39.4593 23.1818 -0.0062 -0.7893 0.6140 0.3747 0.8089
-14.6947 7.5431 -18.3082 -0.9995 0.0179 -0.0267 0.9037 0.7063
14.2796 31.5555 -8.7799 0.9997 0.0177 -0.0173 0.2794 0.0557
0.9066 -32.2961 -24.3514 0.0292 -0.0080 -0.9995 0.0963 0.4608
13.6955 9.6929 -23.6898 0.5921 -0.0019 -0.8059 0.1758 0.1999
12.3705 -40.8550 -7.3003 0.0941 -0.9955 -0.0146 0.4574 0.6195
7.5615 -24.0515 -24.2424 0.0386 -0.0055 -0.9992 0.1377 0.4096
-11.6067 39.1252 22.9688 -0.8903 0.3551 0.2852 0.1101 0.5224
-11.6067 39.1252 22.9688 -0.4224 0.0189 0.9062 0.1721 0.6672
-14.6803 12.8715 -1.8072 -0.9999 0.0020 0.0142 0.8012 0.6731
8.2859 -11.6979 23.8871 0.1142 -0.0027 0.9935 0.5268 0.3194
8.1478 10.5647 24.2807 0.1119 -0.0092 0.9937 0.5277 0.1810
14.4183 5.3025 -5.8769 0.9999 0.0063 -0.0154 0.2974 0.2189
-14.6405 -6.9855 -20.3769 -0.9959 0.0036 -0.0908 0.9166 0.7966
-8.8254 38.0641 -24.4402 -0.0083 0.0459 -0.9989 0.0358 0.0235
-8.8254 38.0641 -24.4402 0.0104 0.5198 -0.8542 0.1430 0.5322
5.5287 19.5830 -24.1613 -0.0032 0.0803 -0.9968 0.1250 0.1384
-8.1510 -41.5621 -2.8056 0.0612 -0.9981 0.0095 0.3299 0.6474
-9.6018 -41.4964 12.9335 0.0605 -0.9976 -0.0340 0.3209 0.7452
-12.6474 40.8236 1.1676 -0.4899 0.8715 0.0192 0.6432 0.6672
-12.6474 40.8236 1.1676 -0.9216 0.3879 0.0141 0.2811 0.6493
14.6234 -8.7151 6.6616 0.9985 -0.0151 0.0521 0.3753 0.3060
10.0381 5.2705 -24.1777 0.0510 0.0036 -0.9987 0.1531 0.2274
10.2400 10.3627 -24.1231 0.0076 -0.0113 -0.9999 0.1543 0.1957
3.4773 40.4635 17.2967 0.0685 0.9972 0.0295 0.5430 0.7674
-12.1386 -41.1546 -1.9170 -0.6496 -0.7603 0.0078 0.3051 0.6529
14.1283 -27.0837 22.3945 0.7491 -0.0104 0.6624 0.4905 0.4150
13.8530 40.0387 3.4366 0.3019 0.9533 -0.0041 0.4785 0.6813
14.4897 18.1169 1.7325 0.9998 0.0082 -0.0206 0.3447 0.1392
14.0336 -9.3224 -19.6972 0.9988 -0.0035 -0.0481 0.2115 0.3098
-7.8870 -23.6944 -24.6535 0.0036 -0.0024 -1.0000 0.0417 0.4074
14.4361 36.8412 12.9207 0.9991 0.0417 -0.0046 0.4142 0.0228
-13.0431 -39.2720 8.8380 -0.3155 -0.9180 0.2404 0.2995 0.7198
-1.1940 40.9645 -5.4631 0.0370 0.9993 0.0095 0.5720 0.6260
-13.3661 -38.9958 0.0843 0.1067 -0.9935 0.0402 0.2975 0.6654
-5.7463 -41.4533 -18.1461 0.0049 -0.9998 -0.0205 0.3448 0.5521
9.1452 -21.0519 -24.2181 0.0553 -0.0554 -0.9969 0.1475 0.3910
13.6061 40.0804 14.2474 0.3300 0.9439 0.0098 0.4800 0.7485
-0.2869 -41.5905 8.9993 0.0070 -0.9999 0.0148 0.3788 0.7208
14.0849 -8.2389 -18.4389 0.9993 0.0052 -0.0375 0.2193 0.3030
-11.8341 -37.1137 23.1371 -0.9904 0.0295 -0.1353 0.1594 0.6595
5.9339 -11.2401 24.1172 0.0910 -0.0128 0.9958 0.5414 0.3166
-13.0487 -39.0142 -3.9520 -0.5992 -0.7982 -0.0618 0.2995 0.6403
-13.0487 -39.0142 -3.9520 -0.8740 -0.4834 -0.0497 0.2019 0.6039
-9.0225 38.5086 24.1307 -0.0141 0.6436 0.7652 0.6207 0.8099
-9.0225 38.5086 24.1307 -0.0521 0.1175 0.9917 0.6344 0.0074
8.6758 -40.6978 -23.5682 -0.0142 -0.2848 -0.9585 0.1446 0.5131
-12.3855 40.8029 15.2087 -0.6670 0.7450 -0.0024 0.6416 0.7544
14.5703 5.3153 2.4075 0.9985 -0.0126 -0.0529 0.3489 0.2188
-8.2308 -41.3855 -22.6401 0.0265 -0.9994 -0.0235 0.3294 0.5241
13.9190 10.6177 -23.3480 0.9691 -0.0159 -0.2462 0.1888 0.1858
-14.6801 12.5511 -17.0961 -1.0000 -0.0028 -0.0091 0.8962 0.6751
10.3451 39.3882 -23.1457 0.0261 -0.1707 -0.9850 0.1550 0.0153
10.3451 39.3882 -23.1457 0.0485 0.5406 -0.8399 0.1511 0.6513
-8.4593 -1.2962 -24.6948 0.0028 0.0084 -1.0000 0.0381 0.2682
14.9198 -1.7090 16.3796 0.9998 -0.0013 -0.0182 0.4357 0.2624
-7.1373 -41.4369 14.5700 -0.0435 -0.9990 0.0074 0.3362 0.7554
14.8196 -4.4744 12.7179 0.9969 -0.0060 -0.0782 0.4130 0.2796
1.0595 41.0470 -16.0346 0.0437 0.9990 0.0032 0.5580 0.5603
14.4613 -19.2068 0.2760 0.9995 -0.0308 0.0045 0.3357 0.3712
-14.6670 26.9110 -4.3381 -0.9999 0.0115 0.0073 0.8169 0.5859
-14.7710 -6.3746 -16.8778 -0.9999 0.0046 -0.0098 0.8949 0.7928
10.1585 -41.0823 -18.1202 0.0954 -0.9954 0.0083 0.4437 0.5522
5.5440 -16.2306 -24.3385 0.0300 -0.0188 -0.9994 0.1251 0.3610
-14.6131 23.0059 0.9338 -0.9999 0.0077 0.0146 0.7842 0.6102
-14.2074 -15.2539 15.0758 -0.9991 -0.0002 0.0414 0.6963 0.8479
-12.2765 32.1549 22.9262 -0.1880 -0.0107 0.9821 0.6546 0.0469
-9.1770 -22.4563 -24.6471 -0.0190 -0.0068 -0.9998 0.0336 0.3997
-14.5998 28.1837 -11.4586 -0.9999 -0.0020 -0.0124 0.8612 0.5780
5.1045 40.6685 7.5577 0.0407 0.9992 -0.0037 0.5329 0.7069
-2.6518 40.4987 21.5552 0.0370 0.9966 0.0733 0.5811 0.7939
-0.0282 40.8460 5.1893 0.0365 0.9991 0.0201 0.5648 0.6922
14.5099 -20.4104 -1.8815 0.9955 0.0946 0.0020 0.3223 0.3787
-2.4265 3.2811 24.1434 -0.1506 0.1628 0.9751 0.5934 0.2263
-11.2290 -41.5782 -5.8306 -0.1771 -0.9842 -0.0003 0.3108 0.6286
13.9169 -36.5251 -23.6364 0.9621 0.0114 -0.2724 0.1870 0.4788
13.9169 -36.5251 -23.6364 0.7538 -0.0111 -0.6570 0.1772 0.4871
-13.4444 -39.3955 17.9650 0.2327 -0.9708 0.0588 0.2970 0.7765
9.6530 22.5100 -24.1618 0.0348 0.0174 -0.9992 0.1507 0.1202
3.4064 10.6808 -24.3509 0.0979 0.0073 -0.9952 0.1118 0.1937
-7.8354 7.7579 -24.6769 0.0078 0.0131 -0.9999 0.0420 0.2119
14.3386 -25.0952 -10.0368 0.9997 -0.0028 -0.0229 0.2716 0.4078
-10.4714 -24.9248 23.4421 -0.1061 0.0258 0.9940 0.6434 0.4016
-14.3840 -14.9960 11.3754 -0.9991 0.0065 0.0422 0.7193 0.8463
14.1614 -26.9427 -18.5850 0.9991 0.0081 -0.0417 0.2184 0.4193
0.4881 4.8030 -24.4385 0.0331 -0.0024 -0.9995 0.0937 0.2303
14.6915 -25.3236 6.0795 0.9960 -0.0451 -0.0771 0.3717 0.4092
14.6138 -24.9762 5.2421 0.9878 -0.1448 -0.0577 0.3665 0.4070
-14.1830 -36.3334 13.5943 -0.9969 -0.0377 0.0687 0.7055 0.9790
-9.1448 -17.5505 23.6054 -0.1001 0.0146 0.9949 0.6351 0.3558
-0.1522 -31.2409 24.0140 -0.0112 -0.0254 0.9996 0.5792 0.4409
-6.9843 -39.4067 23.1772 0.0414 -0.7437 0.6672 0.3372 0.8089
14.0765 19.2220 -18.9331 0.9999 0.0091 -0.0067 0.2163 0.1324
-6.6925 40.9275 14.6626 0.0093 0.9995 0.0291 0.6062 0.7510
-14.9157 -31.1418 -4.1812 -0.9999 -0.0012 0.0121 0.8159 0.9467
14.6053 -34.5758 18.0495 0.9972 -0.0723 0.0200 0.4461 0.4667
14.8050 -16.2453 20.5246 0.9915 -0.0056 0.1301 0.4615 0.3528
-11.8530 -35.6832 22.5913 -0.5233 -0.0110 0.8521 0.0193 0.5637
14.5486 1.6069 -0.5610 0.9998 0.0087 -0.0158 0.3305 0.2418
5.9578 -41.5223 9.7441 0.0148 -0.9987 -0.0496 0.4176 0.7254
-12.6325 40.7124 7.0074 -0.6107 0.7919 0.0029 0.6431 0.7035
-12.6325 40.7124 7.0074 -0.9112 0.4117 0.0167 0.2804 0.6130
-1.9928 -1.1586 24.0691 -0.1998 -0.0117 0.9798 0.5907 0.2539
5.3443 -41.5614 19.1359 -0.0570 -0.9980 -0.0285 0.4138 0.7838
-3.8115 -31.9668 23.8835 -0.0364 -0.0104 0.9993 0.6020 0.4454
-11.4122 -0.3784 23.3045 -0.6455 -0.0081 0.7638 0.6492 0.2491
-13.5871 -39.0445 -0.7027 0.2465 -0.9683 0.0411 0.2961 0.6605
-11.4257 40.9235 22.6491 -0.0073 0.9959 0.0906 0.6356 0.8007
14.8270 7.0021 20.4505 0.9981 -0.0079 0.0616 0.4610 0.2083
-8.6879 41.4413 -14.3322 0.0461 0.9982 0.0380 0.6186 0.5708
14.1655 12.7170 -16.5894 1.0000 0.0048 -0.0084 0.2308 0.1728
-3.7454 -40.3864 22.0015 -0.0616 -0.9216 0.3833 0.1318 0.6167
-14.6627 4.3422 0.9201 -0.9999 0.0044 0.0148 0.7842 0.7262
-14.1541 -35.9360 14.2720 -0.9971 -0.0390 0.0658 0.7013 0.9765
1.7285 -41.6113 13.0653 0.0059 -0.9999 -0.0098 0.3913 0.7460
0.5422 -14.9512 -24.4293 0.0503 0.0048 -0.9987 0.0940 0.3530
-7.6777 41.4230 -15.2998 0.0499 0.9984 0.0249 0.6123 0.5648
-12.2824 -32.4424 22.4936 -0.2025 0.0098 0.9792 0.6546 0.4483
14.0046 19.2397 -23.2431 0.9672 0.0027 -0.2538 0.1895 0.1322
14.4940 -31.1835 -4.8249 0.9999 -0.0036 -0.0158 0.3040 0.4456
14.6606 30.0928 22.6596 0.9865 0.0067 0.1637 0.4748 0.0648
-5.3448 11.4413 24.0349 -0.0721 -0.1029 0.9921 0.6115 0.1756
14.5695 -22.2440 0.0263 0.9905 -0.0807 -0.1114 0.3341 0.3901
-14.6121 28.6975 -0.6040 -0.9791 0.2032 0.0059 0.7937 0.5748
-14.0246 1.6837 18.0408 -0.9995 -0.0290 0.0130 0.6778 0.7427
-3.6369 -41.3930 21.7891 -0.0280 -0.9870 0.1580 0.3580 0.8003
-0.3548 -41.2094 22.2291 0.0686 0.6712 0.7381 0.1209 0.5867
14.7695 27.3872 19.7071 0.9995 0.0026 0.0306 0.4564 0.0816
-6.2792 -41.4256 21.2879 -0.0237 -0.9890 0.1463 0.3415 0.7972
14.3753 35.0091 -2.9161 0.9983 0.0315 -0.0487 0.3158 0.0342
-8.4376 2.8376 23.8046 -0.0956 -0.0066 0.9954 0.6307 0.2291
5.4631 40.7174 0.9956 0.0466 0.9989 -0.0034 0.5307 0.6661
-14.3033 38.4173 17.1772 -0.9919 0.1254 0.0222 0.6832 0.5144
-14.2109 34.9899 7.9464 -0.9070 0.2221 -0.3577 0.7406 0.5357
-11.6663 38.9097 23.4767 -0.8814 0.4568 0.1203 0.1069 0.5238
-11.6663 38.9097 23.4767 -0.7385 0.5898 0.3267 0.6371 0.8058
-14.2774 10.8997 15.4601 -0.9993 -0.0064 0.0382 0.6939 0.6854
-12.0480 -41.4041 -19.7376 -0.5159 -0.8566 -0.0060 0.3057 0.5422
-9.3367 -12.8238 -24.7313 -0.0273 0.0123 -0.9996 0.0326 0.3398
-1.3624 41.0141 -9.7213 0.0471 0.9988 0.0130 0.5731 0.5995
-14.3628 10.2516 12.3182 -0.9996 0.0025 0.0291 0.7134 0.6894
-13.3512 -39.2804 -21.3060 -0.0019 -0.9887 0.1500 0.2976 0.5324
8.3797 11.9821 24.2566 0.1156 -0.0152 0.9932 0.5262 0.1722
-9.9095 -41.4687 9.5159 0.0267 -0.9996 0.0098 0.3190 0.7240
14.2863 -22.2470 -13.3735 0.9998 0.0054 -0.0205 0.2508 0.3901
14.4246 36.0937 5.8540 0.9993 0.0280 -0.0266 0.3703 0.0275
-14.5772 32.1026 -13.8711 -0.9996 0.0268 -0.0106 0.8762 0.5536
14.0008 15.9350 -23.1746 0.9941 -0.0060 -0.1087 0.1899 0.1528
3.8745 40.8518 -20.1861 0.0383 0.9993 -0.0056 0.5405 0.5345
8.5718 -40.7994 21.7013 -0.1023 -0.5767 0.8105 0.1300 0.5402
8.5718 -40.7994 21.7013 -0.2063 0.3004 0.9312 0.5250 0.5003
14.8668 1.8712 14.3032 0.9999 -0.0089 0.0054 0.4228 0.2402
14.6355 19.9723 8.2175 0.9995 -0.0306 -0.0007 0.3850 0.1277
-14.2551 38.2372 9.0339 -0.7974 0.2248 -0.5600 0.0116 0.5866
-14.2551 38.2372 9.0339 -0.9966 0.0804 -0.0167 0.7338 0.5155
13.9668 -6.9563 -21.2840 0.9984 -0.0094 -0.0559 0.2017 0.2950
-14.5309 17.5282 -20.5504 -0.9904 0.0032 -0.1384 0.9177 0.6442
9.7543 -41.7032 18.9051 0.0059 -1.0000 0.0034 0.4412 0.7823
-14.7464 -4.9768 -6.5432 -1.0000 0.0030 0.0076 0.8306 0.7841
13.8177 -39.7830 -23.8021 0.7969 -0.5194 -0.3085 0.4664 0.5169
13.8177 -39.7830 -23.8021 0.9801 -0.1263 -0.1534 0.1860 0.4991
13.8177 -39.7830 -23.8021 0.4677 -0.2251 -0.8547 0.1766 0.5074
14.7449 -20.7184 4.3965 0.9982 0.0596 0.0033 0.3613 0.3806
14.6450 -8.5154 3.5369 0.9990 -0.0173 0.0419 0.3559 0.3047
-14.7929 -8.6594 -15.1446 -1.0000 0.0076 -0.0024 0.8841 0.8070
4.7172 -40.6604 21.5878 -0.0334 -0.8766 0.4800 0.1293 0.5641
9.6386 -32.6387 -24.0044 0.0711 -0.0249 -0.9972 0.1506 0.4630
14.7118 13.4791 21.5829 0.9978 -0.0068 0.0654 0.4681 0.1680
7.1405 29.6865 24.5559 0.0656 0.0114 0.9978 0.5339 0.0622
14.1940 3.3477 -15.1042 0.9993 0.0075 -0.0371 0.2401 0.2310
-13.2494 34.6872 7.2605 -0.2954 0.3998 -0.8677 0.0178 0.6086
-1.6084 -3.6840 -24.5155 0.0335 0.0021 -0.9994 0.0807 0.2830
-13.2629 -17.0331 -24.1760 -0.3132 -0.0018 -0.9497 0.0082 0.3660
14.8086 13.6378 16.1342 0.9931 0.0748 -0.0906 0.4342 0.1671
-0.6360 40.8224 9.0875 0.0337 0.9994 0.0123 0.5686 0.7164
-11.5084 -41.6350 -23.1279 -0.1183 -0.9050 -0.4086 0.3090 0.5211
14.6584 9.1819 7.1123 0.9987 0.0178 -0.0473 0.3781 0.1948
-14.4561 -39.2885 -10.9941 -0.7019 -0.7121 0.0156 0.2907 0.5965
14.4123 38.9617 -0.3085 1.0000 0.0085 -0.0014 0.3320 0.0097
14.5656 -31.3975 20.8966 0.9925 -0.0043 0.1223 0.4638 0.4470
14.3535 6.7774 -8.0004 0.9982 0.0348 -0.0488 0.2842 0.2097
-14.1877 15.4874 17.3798 -0.9964 0.0229 0.0821 0.6819 0.6569
14.7365 -35.1586 6.7234 0.9925 -0.1139 0.0439 0.3757 0.4703
14.4826 31.1510 4.7342 0.9997 -0.0234 -0.0073 0.3634 0.0582
5.7301 -41.6070 13.7019 -0.0748 -0.9972 -0.0072 0.4162 0.7500
-7.0015 28.7069 -24.6101 -0.0078 0.0060 -1.0000 0.0472 0.0817
13.9507 39.9795 11.9502 0.5196 0.8544 0.0057 0.4779 0.7342
11.2396 40.5498 -22.3520 0.0487 0.9988 0.0076 0.4948 0.5210
1.2185 40.6154 14.1340 0.0287 0.9995 0.0136 0.5570 0.7478
6.9250 38.3284 -24.0554 0.0288 0.4414 -0.8968 0.1337 0.0219
6.9250 38.3284 -24.0554 -0.0045 0.6758 -0.7371 0.1454 0.6301
8.6190 -41.0881 -23.5244 -0.0295 -0.0687 -0.9972 0.1442 0.5155
8.6190 -41.0881 -23.5244 0.0013 -0.9061 -0.4230 0.4341 0.5186
0.7266 41.0416 -15.5088 0.0309 0.9991 0.0284 0.5601 0.5635
6.0586 -41.2977 -10.7591 0.0291 -0.9995 -0.0145 0.4182 0.5980
14.6701 -13.4316 3.6737 0.9996 -0.0287 -0.0008 0.3568 0.3353
14.7925 14.2183 15.3300 0.9952 -0.0753 0.0622 0.4292 0.1634
-4.9479 41.2192 -11.5431 0.0349 0.9989 0.0309 0.5954 0.5882
1.7157 40.9246 -10.9477 0.0208 0.9996 0.0184 0.5539 0.5919
6.3822 17.4825 24.5495 0.0868 -0.0171 0.9961 0.5386 0.1380
8.4450 11.9644 -24.1631 -0.0149 -0.0861 -0.9962 0.1432 0.1858
-14.7329 12.5280 -6.1381 -0.9999 0.0030 0.0109 0.8281 0.6753
-14.5708 -37.1155 -19.9018 -0.9988 -0.0119 -0.0471 0.9136 0.9838
6.2653 -41.1721 -23.2729 0.0611 -0.9877 -0.1442 0.4195 0.5202
-5.7742 6.8792 24.0834 -0.0719 0.0273 0.9970 0.6142 0.2039
-8.5697 -41.5775 -12.9508 0.0158 -0.9999 0.0010 0.3273 0.5844
-14.3859 29.0441 12.5476 -0.9998 0.0033 0.0214 0.7120 0.5726
-13.9551 10.1632 21.0694 -0.9988 -0.0076 0.0478 0.6590 0.6900
14.8533 22.0585 18.7334 0.9995 0.0247 -0.0203 0.4504 0.1147
14.6351 -22.6564 3.1239 0.9938 0.1074 -0.0288 0.3534 0.3926
14.8671 14.9355 18.2106 0.9992 -0.0115 0.0395 0.4471 0.1590
-8.2551 6.9336 -24.6959 -0.0220 0.0084 -0.9997 0.0394 0.2170
-0.9061 -41.3923 -19.3951 0.0020 -1.0000 -0.0094 0.3749 0.5443
13.0193 33.7972 -23.9175 0.0471 0.0076 -0.9989 0.1716 0.0501
-13.9954 -5.3802 19.8309 -0.9979 -0.0082 0.0649 0.6667 0.7866
3.7897 40.6130 -23.5128 0.0365 0.7473 -0.6635 0.5411 0.5138
3.7897 40.6130 -23.5128 0.0064 0.0704 -0.9975 0.1142 0.0077
4.2314 40.8424 -23.2251 -0.0036 0.9482 -0.3175 0.5383 0.5156
-14.5976 22.5316 -17.4274 -0.9990 0.0138 -0.0430 0.8983 0.6131
-11.5553 30.3108 23.1332 -0.9999 0.0026 -0.0171 0.1090 0.5772
-11.5553 30.3108 23.1332 -0.3331 0.0318 0.9424 0.0945 0.6408
14.6546 12.4589 22.3530 0.9635 -0.0073 0.2675 0.4729 0.1744
-14.2131 -39.3276 -14.9792 0.3784 -0.9257 -0.0033 0.2922 0.5718
-13.7398 2.2748 22.2168 -0.9039 -0.0002 0.4277 0.6519 0.7390
-13.7398 2.2748 22.2168 -0.6429 -0.0133 0.7659 0.6637 0.2326
14.7487 -23.8344 7.0526 0.9941 0.1082 0.0104 0.3778 0.3999
-13.1245 31.7468 -6.9962 -0.9686 0.1865 0.1642 0.2246 0.7001
11.9590 38.6347 24.1432 0.0174 0.6403 0.7679 0.4903 0.8100
11.9590 38.6347 24.1432 0.0486 0.4823 0.8746 0.5040 0.0066
-13.7631 -39.4120 -2.3824 0.4402 -0.8501 -0.2891 0.2950 0.6500
14.4254 -21.8811 -8.3268 0.9998 0.0173 -0.0084 0.2822 0.3878
14.2454 22.3098 -8.6625 0.9995 0.0040 -0.0309 0.2801 0.1132
14.6316 -27.2287 8.0545 0.9977 0.0453 -0.0498 0.3840 0.4210
14.2980 22.5332 -6.1253 0.9999 0.0166 -0.0026 0.2959 0.1118
14.5353 -22.3587 -2.3559 0.9997 0.0227 -0.0124 0.3193 0.3908
13.6580 3.2463 -23.6819 0.8890 0.0023 -0.4579 0.1868 0.2316
13.6580 3.2463 -23.6819 0.4130 0.0199 -0.9105 0.1756 0.2399
14.7624 14.7744 20.9064 0.9978 0.0013 0.0664 0.4639 0.1600
9.7969 -41.3175 22.2351 0.0061 0.0273 0.9996 0.5174 0.5035
-11.7890 7.8870 22.9117 -0.4151 -0.0103 0.9097 0.6516 0.1977
-10.3028 -41.4680 -22.6479 0.1086 -0.9940 -0.0163 0.3165 0.5241
14.2968 5.2658 -11.1359 0.9998 0.0039 -0.0195 0.2647 0.2191
2.3100 14.6834 24.6902 -0.0136 -0.0114 0.9998 0.5639 0.1554
-13.0322 39.2660 11.1182 -0.4425 -0.8598 0.2550 0.1505 0.6819
-10.4371 -40.1307 22.5201 0.1411 -0.7623 0.6317 0.1351 0.6583
7.8481 -10.5342 23.9445 0.1067 -0.0268 0.9939 0.5295 0.3122
14.5979 -4.4196 0.5230 0.9947 0.1029 -0.0022 0.3372 0.2793
-14.6753 -36.6107 -0.9284 -0.9961 -0.0832 0.0298 0.7957 0.9807
-2.1001 13.8588 24.4433 -0.0852 -0.0080 0.9963 0.5913 0.1606
4.4986 -25.6723 24.0264 0.0637 -0.0191 0.9978 0.5503 0.4063
5.2937 -19.8382 24.0654 0.0820 -0.0124 0.9966 0.5454 0.3700
-14.5440 30.2772 -5.6795 -0.9959 0.0886 0.0176 0.8253 0.5650
-14.5440 30.2772 -5.6795 -0.7370 0.5727 0.3589 0.0983 0.5395
1.1550 40.8744 -3.4327 0.0255 0.9996 0.0114 0.5574 0.6386
9.1183 6.1666 24.0804 0.1374 -0.0115 0.9905 0.5216 0.2084
-14.6023 11.8159 2.5545 -0.9998 0.0023 0.0204 0.7741 0.6797
-14.7599 2.4642 -9.6508 -0.9991 -0.0432 0.0058 0.8499 0.7378
-5.7614 2.5366 24.0350 -0.0729 0.0128 0.9973 0.6141 0.2309
7.2791 18.7309 24.4923 0.0928 -0.0230 0.9954 0.5331 0.1303
14.7128 -30.5717 19.1142 0.9984 -0.0201 0.0528 0.4527 0.4418
-12.2513 27.6571 22.9214 -0.1832 -0.0022 0.9831 0.6544 0.0748
14.2534 -38.5604 -11.8934 0.9985 -0.0532 -0.0122 0.2600 0.4915
2.7841 -41.5549 7.0962 -0.0353 -0.9964 -0.0768 0.3979 0.7090
14.6105 20.9274 12.0048 0.9974 0.0684 -0.0207 0.4086 0.1218
-8.2928 -11.9848 -24.7267 -0.0004 0.0077 -1.0000 0.0391 0.3346
14.2502 24.1519 -8.5720 0.9998 -0.0019 -0.0216 0.2807 0.1017
1.5136 6.7196 24.5584 -0.0333 -0.0150 0.9993 0.5689 0.2049
14.3855 -18.6362 -7.6082 0.9996 -0.0165 -0.0213 0.2867 0.3676
11.7259 -41.6389 22.0166 0.0275 -0.9364 0.3499 0.4534 0.8017
11.7259 -41.6389 22.0166 0.0238 -0.2862 0.9579 0.5054 0.5055
14.8771 -0.6788 15.0355 0.9980 0.0452 -0.0438 0.4274 0.2560
14.7300 -20.5687 7.5402 0.9983 0.0561 -0.0186 0.3808 0.3797
-14.1634 1.4383 16.1151 -0.9975 0.0622 0.0335 0.6898 0.7442
5.1643 -40.7864 21.5064 -0.1140 0.0522 0.9921 0.0267 0.6143
14.1720 21.6563 -10.8848 0.9997 0.0072 -0.0228 0.2663 0.1172
-14.5662 -39.0299 -18.0765 -0.9701 -0.2423 -0.0143 0.9023 0.9957
-4.8203 -41.0025 -23.6548 -0.0289 -0.0136 -0.9995 0.0607 0.5149
-14.7546 -33.3216 3.0152 -0.9995 -0.0126 0.0303 0.7712 0.9602
14.3070 -34.6716 -13.8732 0.9997 -0.0121 -0.0226 0.2477 0.4673
14.6843 29.7635 20.2796 0.9979 0.0227 0.0612 0.4600 0.0668
7.2825 -40.9038 -23.4834 -0.2224 0.4512 -0.8643 0.1359 0.5143
-14.2446 -1.5690 14.7357 -1.0000 0.0092 -0.0011 0.6984 0.7629
-13.9321 -29.8346 -24.0794 -0.4916 0.0180 -0.8706 0.0041 0.4455
-14.2543 25.0125 17.4666 -0.9986 -0.0107 0.0526 0.6814 0.5977
-12.7204 -39.5665 21.6025 -0.7729 -0.3059 0.5560 0.0381 0.5997
-12.7204 -39.5665 21.6025 -0.6635 -0.7375 0.1257 0.3015 0.7991
14.2810 8.1897 -11.2418 0.9998 0.0033 -0.0190 0.2641 0.2009
3.9371 -41.2177 -23.3393 0.0049 -0.9843 -0.1765 0.4050 0.5198
-14.6540 2.6914 2.2225 -0.9953 -0.0951 0.0171 0.7761 0.7364
-12.7975 39.6348 -3.1644 -0.9997 0.0235 0.0032 0.2737 0.6762
-14.5479 -24.5642 -22.2787 -0.9879 0.0057 -0.1553 0.9284 0.9058
1.0893 41.0377 -18.0496 0.0479 0.9988 0.0092 0.5578 0.5477
-14.0164 -38.9292 13.9462 -0.8384 -0.5416 0.0621 0.2934 0.7515
-14.0164 -38.9292 13.9462 -0.9592 -0.2790 0.0446 0.7033 0.9951
4.8906 38.3378 24.3381 -0.0100 0.2298 0.9732 0.5479 0.0084
14.3597 20.6629 -3.1761 0.9998 0.0033 -0.0190 0.3142 0.1234
-11.7627 -25.8085 22.7583 -0.9999 0.0023 -0.0106 0.1618 0.5893
7.6563 11.1670 -24.1084 -0.0062 -0.0395 -0.9992 0.1383 0.1907
14.8570 -4.0241 13.7652 0.9970 -0.0429 0.0645 0.4195 0.2768
-13.9190 38.4105 -10.7722 0.0578 0.5377 0.8411 0.0597 0.6049
-13.9190 38.4105 -10.7722 -0.3492 0.3162 0.8821 0.0099 0.5237
14.7550 12.1502 10.8596 0.9982 -0.0410 -0.0436 0.4014 0.1763
-13.8750 14.6341 22.2150 -0.9906 0.0039 0.1366 0.6519 0.6622
-13.8750 14.6341 22.2150 -0.7777 -0.0168 0.6284 0.6645 0.1558
7.8385 40.3440 13.5058 0.0782 0.9969 0.0089 0.5159 0.7439
-6.3031 40.8619 18.1200 -0.0359 0.9991 0.0222 0.6038 0.7725
-13.6308 -20.2110 22.0521 -0.9145 -0.0179 0.4043 0.6529 0.8788
-13.6308 -20.2110 22.0521 -0.6071 -0.0032 0.7946 0.6630 0.3723
14.5809 -14.1160 1.8480 0.9975 0.0310 -0.0641 0.3454 0.3395
4.5633 -41.6673 17.0017 -0.0054 -1.0000 0.0035 0.4089 0.7705
14.3343 17.1119 -6.4525 0.9999 0.0037 -0.0157 0.2938 0.1455
2.7103 40.7311 9.5138 0.0426 0.9989 0.0178 0.5478 0.7190
12.5808 -5.6151 -24.0579 0.0831 -0.0030 -0.9965 0.1689 0.2950
6.0745 24.6560 24.6428 0.0683 -0.0048 0.9977 0.5405 0.0935
14.0156 17.6837 -23.0888 0.9985 -0.0004 -0.0556 0.1904 0.1419
14.6517 -33.3291 3.7200 0.9646 -0.2575 -0.0569 0.3571 0.4590
-8.9841 9.6166 -24.6520 -0.0423 0.0123 -0.9990 0.0348 0.2003
11.7224 -41.4292 9.2569 0.0606 -0.9974 -0.0400 0.4534 0.7224
-2.0330 -41.4816 -11.6376 0.0166 -0.9999 -0.0010 0.3679 0.5925
-1.3253 -7.2128 24.0990 -0.1843 0.0094 0.9828 0.5865 0.2915
11.7461 40.2550 15.2589 0.0415 0.9988 0.0253 0.4916 0.7548
-12.5844 39.3048 22.3882 -0.9970 -0.0742 0.0218 0.2716 0.5174
-12.5844 39.3048 22.3882 -0.8113 -0.0424 0.5832 0.1732 0.6733
13.9530 -31.2838 -22.6342 0.9985 0.0097 -0.0543 0.1933 0.4462
14.4831 22.3772 3.0918 0.9998 0.0090 -0.0167 0.3532 0.1127
5.8415 40.5114 14.3660 0.0495 0.9967 0.0646 0.5283 0.7492
11.6257 38.1333 -23.9926 0.0349 0.2186 -0.9752 0.1629 0.0231
-11.1296 -33.8383 23.5475 -0.0982 0.0203 0.9950 0.6475 0.4570
14.0838 -40.3066 -5.4422 0.7281 -0.6845 -0.0358 0.4681 0.6310
14.5815 -27.5074 9.5360 0.9993 -0.0171 0.0332 0.3932 0.4228
14.2825 27.9034 -5.7394 0.9988 -0.0115 -0.0469 0.2983 0.0784
12.6812 -26.1304 23.0012 0.2223 -0.0001 0.9750 0.4995 0.4091
4.2917 -41.3412 -15.7483 0.0228 -0.9997 -0.0128 0.4072 0.5670
7.3621 -41.1118 -23.4659 -0.0521 -0.8939 -0.4453 0.4263 0.5190
-14.7667 7.9878 -8.3986 -1.0000 0.0027 0.0072 0.8422 0.7035
-12.8895 -39.3946 6.9349 -0.4673 -0.8667 -0.1743 0.3005 0.7079
7.5855 13.1392 24.3640 0.0998 -0.0218 0.9948 0.5311 0.1650
-10.4431 -30.4027 23.5430 -0.1131 0.0202 0.9934 0.6432 0.4357
14.7735 -28.5349 2.8660 0.9942 -0.0976 -0.0443 0.3518 0.4292
-11.5134 11.9341 23.3459 -0.6505 -0.0018 0.7595 0.6498 0.1725
14.8457 -21.8168 14.0296 0.9992 0.0017 -0.0410 0.4211 0.3874
-12.9654 34.7736 7.0804 -0.9774 0.0866 -0.1928 0.2435 0.6126
-12.9654 34.7736 7.0804 -0.7699 0.2658 -0.5802 0.0196 0.6081
14.0127 -13.7818 22.6684 0.5650 -0.0089 0.8251 0.4912 0.3324
5.3246 -41.3325 -17.4284 0.0195 -0.9998 0.0095 0.4137 0.5565
0.4731 27.2641 24.6792 -0.0261 0.0006 0.9997 0.5754 0.0773
-10.5729 -41.2669 -23.3175 -0.0191 -0.2878 -0.9575 0.0475 0.6202
-2.5834 40.8040 13.0116 0.0323 0.9992 0.0247 0.5807 0.7408
14.7576 -21.4617 5.9101 0.9894 -0.1444 -0.0175 0.3707 0.3852
-0.3816 -41.4170 22.2500 -0.0334 -0.8537 0.5197 0.3782 0.8031
10.6727 17.8607 -24.0524 -0.0898 -0.0553 -0.9944 0.1570 0.1491
-8.0152 40.9164 17.3453 0.0504 0.9980 0.0388 0.6144 0.7677
14.6244 -16.7814 3.6422 0.9974 0.0142 -0.0710 0.3566 0.3561
-13.0042 14.0534 22.7801 -0.2084 -0.0124 0.9780 0.6591 0.1594
14.6025 -34.8627 0.8136 0.9967 -0.0397 -0.0706 0.3390 0.4685
14.6708 -5.9482 5.5713 0.9999 -0.0105 0.0104 0.3686 0.2888
-13.0472 -39.0175 -9.3558 -0.5883 -0.8086 0.0113 0.2995 0.6067
-12.5884 39.2326 21.8602 -0.9993 -0.0333 0.0152 0.2712 0.5207
-12.5884 39.2326 21.8602 -0.7801 0.6086 0.1453 0.0723 0.6044
-12.5884 39.2326 21.8602 -0.8713 0.4861 0.0669 0.2036 0.7341
10.4087 40.5369 -10.7449 0.0734 0.9971 0.0212 0.4999 0.5931
-6.2388 -40.5049 21.7031 -0.0076 -0.6423 0.7664 0.1300 0.6322
-6.2388 -40.5049 21.7031 0.1226 -0.0247 0.9922 0.0032 0.5994
14.8005 -6.3078 12.4829 0.9979 -0.0597 0.0239 0.4115 0.2910
9.8357 -41.0812 -13.8893 0.0827 -0.9966 0.0061 0.4417 0.5785
14.1291 -14.5254 -17.8962 0.9993 0.0025 -0.0363 0.2227 0.3421
14.0642 28.1848 -23.2690 0.9810 -0.0018 -0.1940 0.1893 0.0766
6.0987 40.5516 9.9889 0.0049 1.0000 -0.0060 0.5267 0.7220
-7.5925 -41.4073 22.2786 -0.0003 -0.9566 0.2913 0.3334 0.8033
4.9105 39.3003 23.1632 0.0217 0.3686 0.9293 0.1732 0.5645
4.9105 39.3003 23.1632 0.0102 0.6045 0.7966 0.5341 0.8039
14.8457 9.7830 16.4823 0.9919 0.0765 0.1014 0.4364 0.1910
-11.5054 5.2284 23.2614 -0.6819 -0.0083 0.7314 0.6498 0.2142
9.8862 40.6310 -20.3529 0.0292 0.9992 -0.0257 0.5032 0.5334
-1.4318 -41.5573 5.7933 0.0046 -0.9999 -0.0102 0.3717 0.7009
14.8486 -24.9833 7.4546 0.9967 -0.0744 -0.0326 0.3803 0.4071
13.9553 32.9047 -23.6861 0.9653 -0.0108 -0.2610 0.1867 0.0473
13.9553 32.9047 -23.6861 0.6432 -0.0265 -0.7652 0.1774 0.0556
-14.5931 27.7799 1.6656 -0.9999 -0.0057 0.0091 0.7796 0.5805
-13.6437 -39.2307 -9.2959 0.3213 -0.9465 0.0291 0.2958 0.6071
-12.9028 32.7476 5.3185 -0.9972 0.0468 -0.0580 0.2309 0.6235
14.1842 13.5390 -13.6459 0.9998 0.0069 -0.0184 0.2491 0.1677
4.6924 -41.6748 15.2405 -0.0239 -0.9995 -0.0184 0.4097 0.7596
-14.8139 -24.9303 0.3253 -0.9998 0.0074 0.0209 0.7879 0.9081
13.3869 -41.6285 19.8278 0.4962 -0.8681 -0.0143 0.4638 0.7881
-11.7254 -37.2702 22.7534 -0.9627 0.0833 -0.2575 0.1618 0.6605
-11.7254 -37.2702 22.7534 -0.5977 0.1139 0.7936 0.0185 0.5736
-7.7249 40.9668 9.1699 -0.0101 0.9999 0.0097 0.6126 0.7169
-14.8547 -33.8229 -1.4961 -0.9996 -0.0218 0.0196 0.7993 0.9634
5.4863 13.1862 24.5541 0.0775 -0.0206 0.9968 0.5442 0.1647
-14.6810 -36.6669 -15.9729 -0.9979 -0.0601 -0.0229 0.8892 0.9810
14.7126 -20.2693 10.7629 0.9996 -0.0250 0.0133 0.4008 0.3778
14.3881 35.7773 -2.0153 0.9977 0.0566 -0.0374 0.3214 0.0295
14.4536 -36.5875 20.0250 0.9970 -0.0702 0.0341 0.4584 0.4792
-2.6105 40.9154 5.2836 0.0262 0.9996 0.0107 0.5808 0.6928
6.0748 4.4250 -24.2942 0.0176 -0.0222 -0.9996 0.1284 0.2326
14.6534 -25.1251 0.5780 0.9991 -0.0338 -0.0258 0.3375 0.4080
-14.3741 35.2467 -12.0138 -0.9980 0.0593 0.0211 0.8646 0.5341
12.4323 -41.6859 20.1063 -0.0397 -0.9991 -0.0175 0.4578 0.7898
14.2352 24.0865 -9.4591 0.9998 -0.0070 -0.0196 0.2752 0.1021
2.4786 -41.2266 22.2203 0.0272 0.2403 0.9703 0.5629 0.5029
-11.8254 -6.6694 22.7311 -0.8722 0.0116 0.4891 0.1052 0.6231
-11.8254 -6.6694 22.7311 -0.6115 0.0021 0.7912 0.6518 0.2882
13.5488 -13.3997 22.8747 0.3043 -0.0166 0.9524 0.4941 0.3300
-2.7236 -26.6969 23.9859 -0.0411 -0.0036 0.9991 0.5952 0.4126
-12.8214 39.1275 -24.1936 -0.3336 0.7211 -0.6072 0.0529 0.5215
-14.6194 -20.0251 -21.1298 -0.9960 0.0042 -0.0898 0.9213 0.8776
7.3329 -40.9372 21.6214 -0.0180 0.8280 0.5605 0.1171 0.6345
13.1818 30.3070 -23.9131 0.1615 0.0230 -0.9866 0.1726 0.0718
6.9920 -41.2648 -11.2031 0.0384 -0.9993 -0.0000 0.4240 0.5952
-13.8812 29.3569 1.2638 0.5075 0.8437 -0.1752 0.0942 0.5827
13.3693 38.8990 23.8851 0.3943 0.2175 0.8929 0.4952 0.0049
13.3693 38.8990 23.8851 0.0762 0.7686 0.6352 0.4815 0.8084
-0.3901 -41.2973 -20.5543 0.0096 -0.9991 -0.0417 0.3781 0.5371
-9.7793 -4.3219 -24.6724 -0.0593 0.0025 -0.9982 0.0299 0.2870
-14.3820 29.9668 -4.7515 -0.9038 0.4147 0.1061 0.8195 0.5669
-14.3820 29.9668 -4.7515 -0.6633 0.6556 0.3609 0.0973 0.5453
11.3210 -31.9057 -23.8885 0.0940 -0.0195 -0.9954 0.1610 0.4584
5.8238 4.5914 24.3956 0.0789 -0.0255 0.9966 0.5421 0.2182
-0.5368 -41.0409 22.0688 0.0510 0.8410 0.5387 0.1199 0.5856
2.7057 -41.3685 -12.8616 0.0168 -0.9999 -0.0002 0.3974 0.5849
3.9047 8.0134 -24.2359 0.0236 0.0636 -0.9977 0.1149 0.2103
1.0589 -41.6300 13.4129 -0.0944 -0.9953 -0.0208 0.3871 0.7482
-2.6355 -19.1838 24.0553 -0.0552 -0.0044 0.9985 0.5947 0.3659
-5.3627 10.3599 23.9001 -0.2019 -0.0075 0.9794 0.6116 0.1823
1.5969 -15.1663 -24.3803 0.0255 0.0142 -0.9996 0.1006 0.3544
14.8646 -9.0118 19.0571 0.9993 0.0149 0.0347 0.4524 0.3078
-11.9150 -40.9473 18.8361 -0.8490 -0.5281 0.0168 0.3065 0.7819
-13.8983 -2.7718 21.7496 -0.9799 0.0004 0.1995 0.6548 0.7704
14.6577 0.0595 5.0122 0.9998 -0.0129 0.0148 0.3651 0.2514
-14.2300 -22.7861 15.3963 -0.9984 -0.0085 0.0565 0.6943 0.8948
14.0979 -31.7514 -20.2974 0.9983 0.0042 -0.0576 0.2078 0.4492
6.9194 -36.4699 -24.0796 0.0434 -0.0360 -0.9984 0.1337 0.4868
6.7608 -41.4310 3.3533 0.0241 -0.9997 -0.0096 0.4226 0.6857
-8.0824 -41.5750 -5.8832 0.0314 -0.9995 -0.0011 0.3303 0.6283
-2.3174 0.4467 24.1860 -0.1838 -0.2162 0.9589 0.5927 0.2439
-11.5787 36.4524 23.5275 -0.9452 -0.0005 -0.3265 0.1066 0.5391
-13.5686 -39.0515 -7.4361 0.0587 -0.9983 0.0067 0.2962 0.6186
-13.2423 -39.4446 -22.4606 -0.4450 -0.8913 0.0867 0.2983 0.5253
-13.2423 -39.4446 -22.4606 -0.9086 -0.4171 -0.0212 0.1992 0.7190
14.1171 -1.3222 -17.2732 0.9992 0.0029 -0.0403 0.2266 0.2600
-11.7626 9.6749 22.9384 -0.5692 -0.0073 0.8222 0.6514 0.1866
14.3517 31.3871 -1.9318 0.9999 -0.0059 -0.0131 0.3219 0.0567
14.6869 31.3937 18.9811 0.9991 0.0216 -0.0366 0.4519 0.0567
14.2891 -38.2645 -10.3531 0.9991 -0.0375 -0.0173 0.2696 0.4896
-14.7211 17.5394 -10.4513 -0.9998 0.0084 -0.0179 0.8549 0.6441
14.3578 -30.6492 22.0306 0.7492 -0.0052 0.6624 0.4891 0.4372
14.3578 -30.6492 22.0306 0.9632 -0.0025 0.2688 0.4709 0.4423
14.8559 -10.6212 12.1564 0.9999 -0.0153 0.0058 0.4095 0.3178
14.9247 2.8007 16.3764 0.9994 -0.0031 -0.0359 0.4357 0.2344
-12.5992 -39.9025 7.8799 -0.9691 -0.2459 0.0213 0.1964 0.5304
14.4896 38.1906 18.1563 0.9971 0.0524 0.0560 0.4468 0.0145
14.1734 26.7546 -11.5394 1.0000 -0.0011 -0.0073 0.2622 0.0855
-12.5094 -14.9459 -24.3333 -0.2060 0.0014 -0.9785 0.0129 0.3530
12.4359 -39.9019 -23.6138 0.0541 -0.1679 -0.9843 0.1680 0.5081
-12.9676 -39.2595 9.7393 -0.4822 -0.7709 -0.4163 0.3000 0.7254
14.3277 -0.2720 -9.7551 0.9998 0.0015 -0.0174 0.2733 0.2535
2.7659 -3.0176 -24.2887 0.0794 0.0715 -0.9943 0.1079 0.2789
-14.3956 29.3442 1.7509 -0.8723 0.4862 -0.0525 0.7791 0.5708
-14.3956 29.3442 1.7509 -0.5584 0.8168 -0.1448 0.0974 0.5857
-0.1604 -41.4346 -17.2047 0.0207 -0.9993 -0.0301 0.3796 0.5579
-14.7418 2.4614 -7.6717 -0.9988 -0.0474 0.0088 0.8376 0.7378
14.4661 0.8563 -4.4972 0.9998 0.0046 -0.0192 0.3060 0.2465
-12.9549 39.3458 -15.0961 -0.9706 0.2406 -0.0022 0.2719 0.7504
-14.4373 28.0802 -20.0202 -0.9911 0.0248 -0.1307 0.9144 0.5786
-3.6988 -41.3222 -23.1586 0.0022 -0.9960 -0.0894 0.3576 0.5209
3.3146 0.2739 24.4952 0.0292 -0.0090 0.9995 0.5577 0.2450
5.6480 -1.7248 -24.2503 -0.0084 0.0467 -0.9989 0.1258 0.2708
14.1706 -40.5088 5.4226 0.7235 -0.6902 -0.0154 0.4686 0.6985
14.1706 -40.5088 5.4226 0.9571 -0.2896 -0.0017 0.3676 0.5036
-0.2378 -16.8764 24.1936 -0.0595 -0.0130 0.9981 0.5798 0.3516
-14.0343 19.5030 -23.0848 -0.9584 0.0090 -0.2854 0.9334 0.6319
13.6191 0.7533 23.0835 0.2759 -0.0156 0.9611 0.4936 0.2420
-5.1806 40.8941 11.8449 -0.0007 0.9999 0.0169 0.5968 0.7335
14.7198 9.5680 9.6509 0.9879 0.1339 -0.0777 0.3939 0.1924
-14.2266 -7.7135 14.4893 -0.9995 -0.0058 0.0324 0.6999 0.8011
3.3351 -41.5627 6.1614 -0.0152 -0.9998 -0.0130 0.4013 0.7031
-12.8961 35.3701 -3.5757 -0.9999 0.0112 0.0066 0.2472 0.6788
2.1533 -41.5494 20.4198 -0.0004 -0.9997 -0.0262 0.3939 0.7918
14.1004 24.9107 -19.4702 0.9999 -0.0038 -0.0134 0.2129 0.0970
14.4960 -20.6170 -7.3978 0.9983 -0.0366 -0.0453 0.2880 0.3800
-14.3124 35.4229 8.4363 -0.8495 0.1106 -0.5159 0.0112 0.6041
-14.3124 35.4229 8.4363 -0.9767 0.1214 -0.1769 0.7375 0.5330
1.7703 39.8336 23.0322 -0.0377 0.6548 0.7549 0.5536 0.8031
1.7703 39.8336 23.0322 0.0020 0.3060 0.9520 0.1765 0.5840
-13.0701 38.6540 22.8213 -0.2609 0.4635 0.8468 0.6595 0.0065
-13.0701 38.6540 22.8213 -0.0298 0.8226 0.5678 0.0753 0.6104
14.8959 6.5939 18.9236 0.9997 0.0081 0.0251 0.4516 0.2108
-4.7396 -7.9353 24.0327 -0.0578 -0.0039 0.9983 0.6077 0.2960
14.5259 -8.8525 -4.8704 0.9998 -0.0028 -0.0184 0.3037 0.3068
-6.6811 -41.5875 -2.2181 -0.0605 -0.9982 -0.0055 0.3390 0.6511
-12.8923 34.0149 -1.1667 -1.0000 0.0075 0.0065 0.2387 0.6638
14.5510 36.9118 23.0195 0.9553 0.0066 0.2956 0.4770 0.0224
-13.1829 37.6459 8.2496 -0.4971 0.2948 -0.8161 0.0183 0.5903
-13.1829 37.6459 8.2496 0.0240 0.5294 -0.8481 0.0760 0.5198
14.7949 3.2199 11.4493 0.9874 0.1531 -0.0392 0.4051 0.2318
-7.1575 40.7197 19.8519 0.0365 0.9987 0.0359 0.6091 0.7833
5.0267 39.0686 23.3338 0.0227 0.7762 0.6301 0.5334 0.8049
14.8690 -29.0626 8.0615 0.9908 -0.1139 0.0732 0.3840 0.4324
-14.0099 -39.3647 -5.3858 0.2523 -0.9569 -0.1442 0.2935 0.6314
-14.3941 19.0803 11.8922 -0.9996 -0.0003 0.0278 0.7160 0.6346
8.7273 -41.6059 11.0137 0.0167 -0.9997 -0.0175 0.4348 0.7333
-12.7587 -40.4456 -9.5280 -0.9761 -0.2169 0.0118 0.1930 0.6386
-14.3752 -39.3118 -8.1996 -0.3499 -0.9361 0.0370 0.2912 0.6139
8.4824 -39.3051 23.2960 0.0724 -0.0661 0.9952 0.5256 0.4910
8.4824 -39.3051 23.2960 0.0230 -0.5884 0.8082 0.4333 0.8096
14.6906 -32.2534 19.4239 0.9979 -0.0414 0.0502 0.4547 0.4523
0.1509 40.8587 1.2337 0.0283 0.9996 0.0041 0.5637 0.6676
-14.5561 2.4557 -21.2242 -0.9959 -0.0049 -0.0907 0.9219 0.7379
-11.7210 41.0041 15.0294 -0.1482 0.9890 0.0013 0.6375 0.7533
14.5841 -17.1917 6.0343 0.9968 -0.0559 -0.0566 0.3714 0.3587
-11.4882 -39.2640 22.5804 -0.3485 -0.9150 0.2033 0.3092 0.8052
-11.4882 -39.2640 22.5804 -0.5474 -0.5867 0.5967 0.0400 0.5921
14.1395 -40.5153 3.9454 0.7507 -0.6605 -0.0133 0.4684 0.6894
6.1307 -41.6949 18.6660 0.0105 -0.9999 0.0036 0.4187 0.7809
0.2889 -41.4457 -4.3277 0.0271 -0.9996 0.0034 0.3824 0.6380
7.9736 -39.1780 -23.9224 0.0387 -0.0447 -0.9982 0.1402 0.5036
-8.3705 -25.6514 -24.6469 0.0007 -0.0118 -0.9999 0.0387 0.4195
11.8807 -28.5086 23.1484 0.2058 -0.0236 0.9783 0.5045 0.4239
-10.3648 34.7211 -24.4811 -0.0194 0.0050 -0.9998 0.0263 0.0443
5.8755 -21.6333 23.9826 0.0897 -0.0171 0.9958 0.5418 0.3812
14.0672 39.3088 -23.2357 0.9479 0.0310 -0.3171 0.1895 0.0075
14.0672 39.3088 -23.2357 0.5218 0.1454 -0.8406 0.1781 0.0158
-13.6142 -26.1417 21.9423 -0.8664 -0.0051 0.4993 0.6536 0.9156
-13.6142 -26.1417 21.9423 -0.7995 -0.0072 0.6006 0.6629 0.4092
0.8838 -41.5753 6.9448 0.0594 -0.9975 -0.0375 0.3861 0.7080
9.7659 39.7615 22.8056 0.0589 0.8495 0.5243 0.5039 0.8017
-5.1704 -25.5317 23.8671 -0.0412 0.0012 0.9991 0.6104 0.4054
-11.9971 39.2375 -24.2691 0.5725 0.2532 -0.7798 0.0161 0.0163
-11.9971 39.2375 -24.2691 0.3440 0.6602 -0.6677 0.0478 0.5210
-7.8422 15.6250 -24.6096 0.0126 -0.0048 -0.9999 0.0419 0.1630
14.2028 25.8946 -12.3399 0.9998 0.0091 -0.0154 0.2573 0.0909
-14.2928 33.9097 15.1207 -0.9997 0.0045 0.0261 0.6960 0.5424
14.2531 12.3746 -11.2289 0.9995 0.0133 -0.0288 0.2642 0.1749
14.8811 8.8881 16.2115 0.9939 0.0133 -0.1092 0.4347 0.1966
14.4389 -19.3641 -6.5958 0.9969 0.0788 -0.0033 0.2930 0.3722
14.1250 16.6942 23.1562 0.5741 -0.0184 0.8186 0.4905 0.1429
-4.8819 -41.3311 -23.1234 -0.0089 -0.9943 -0.1058 0.3502 0.5211
14.1751 -37.3269 -18.1355 0.9992 -0.0139 -0.0377 0.2212 0.4838
14.7684 -6.7673 9.5360 0.9996 -0.0200 -0.0205 0.3932 0.2939
5.2599 40.2025 20.6843 0.0364 0.9970 0.0690 0.5319 0.7885
-14.7658 9.1582 -13.8374 -0.9996 -0.0083 0.0276 0.8760 0.6962
-14.4608 9.6237 8.7479 -0.9997 -0.0020 0.0246 0.7356 0.6933
-11.9314 -26.8207 22.5531 -0.4071 -0.0042 0.9134 0.6524 0.4134
14.5638 -14.4015 0.5780 0.9999 0.0105 0.0076 0.3375 0.3413
14.4111 -23.0779 -9.8590 0.9997 -0.0034 -0.0238 0.2727 0.3952
-4.2414 -41.5656 -3.5810 0.0156 -0.9999 0.0034 0.3542 0.6426
4.8293 -41.3688 -14.6449 0.0204 -0.9997 0.0144 0.4106 0.5738
-14.4975 29.5483 7.6323 -0.9998 0.0053 0.0195 0.7425 0.5695
5.7170 40.6572 4.9265 0.0489 0.9988 0.0056 0.5291 0.6905
1.6760 40.7229 -23.4883 0.0274 0.1205 -0.9923 0.1011 0.0070
14.7709 -10.3230 10.4487 0.9994 -0.0097 -0.0329 0.3989 0.3160
-6.9762 15.9505 -24.6236 -0.0006 0.0026 -1.0000 0.0473 0.1610
-11.5241 -31.2350 23.4451 -0.3969 0.0233 0.9175 0.6499 0.4408
-12.9581 29.3662 0.2535 -0.9737 0.2262 0.0257 0.2098 0.6550
14.5425 18.6577 5.3803 0.9997 0.0033 -0.0248 0.3674 0.1359
14.7023 -27.7811 7.7802 0.9922 0.1250 0.0001 0.3823 0.4245
14.7195 -16.3512 5.8353 0.9992 0.0004 -0.0390 0.3702 0.3534
14.7586 -11.2130 8.6975 0.9966 -0.0817 -0.0067 0.3880 0.3215
14.4909 3.4212 -2.6326 0.9998 0.0101 -0.0162 0.3176 0.2306
-13.5278 -9.5481 22.2752 -0.5688 -0.0061 0.8225 0.6624 0.3060
-13.6450 -38.9672 1.8836 0.1486 -0.9863 -0.0714 0.2958 0.6766
7.9981 21.4707 -24.1160 0.0642 -0.0119 -0.9979 0.1404 0.1267
-12.3997 -40.0609 21.7763 -0.8114 -0.4070 0.4196 0.1874 0.7320
-12.3997 -40.0609 21.7763 -0.7702 -0.3020 0.5617 0.0351 0.5977
-12.3997 -40.0609 21.7763 -0.8441 -0.5338 0.0514 0.3035 0.8002
14.2119 27.5855 -12.0211 0.9999 -0.0095 -0.0132 0.2592 0.0804
14.2103 -4.1468 -14.8186 0.9988 -0.0043 -0.0486 0.2418 0.2776
14.7735 -8.3996 11.2903 0.9978 0.0001 -0.0670 0.4041 0.3040
3.4220 -41.3570 -5.1361 0.0238 -0.9997 -0.0044 0.4018 0.6329
1.8202 -41.3895 -2.9683 0.0182 -0.9998 -0.0092 0.3919 0.6464
-13.5127 32.7383 6.1945 -0.2256 0.5495 -0.8044 0.0919 0.6133
-13.5127 32.7383 6.1945 0.3121 0.4475 -0.8380 0.0162 0.6208
-1.6729 -41.4877 -9.1752 0.0186 -0.9998 -0.0050 0.3702 0.6078
-11.2634 8.9619 23.4624 -0.3537 -0.0134 0.9353 0.6483 0.1910
-14.8710 -19.0547 -6.8152 -0.9999 0.0111 0.0101 0.8323 0.8716
14.3849 36.1856 -0.2822 0.9983 0.0582 -0.0017 0.3322 0.0269
5.5302 -41.6317 16.5162 -0.0084 -0.9997 0.0231 0.4149 0.7675
13.5410 -40.5568 -14.8034 0.4967 -0.8671 -0.0386 0.4647 0.5728
6.4469 20.0444 24.5899 0.0791 -0.0076 0.9968 0.5382 0.1221
-9.0712 22.3121 23.9783 -0.1770 -0.0440 0.9832 0.6347 0.1080
-0.5332 -39.7175 22.7151 0.0069 -0.8904 0.4551 0.3772 0.8060
-14.2815 -20.8757 14.4631 -0.9990 0.0041 0.0440 0.7001 0.8829
-8.6628 -41.2115 -23.2930 -0.0062 0.2483 -0.9687 0.0478 0.6320
6.2189 40.6823 2.1050 0.0575 0.9983 0.0128 0.5260 0.6730
14.6326 -29.5721 8.6142 0.9921 -0.0567 0.1117 0.3875 0.4356
2.2378 -41.5717 20.9353 -0.0309 -0.9976 0.0623 0.3945 0.7950
-12.9653 31.2062 4.8517 -0.7441 0.5546 -0.3725 0.0885 0.6050
-12.9653 31.2062 4.8517 -0.9798 0.1592 -0.1215 0.2213 0.6264
3.9213 22.6539 24.7247 0.0236 -0.0092 0.9997 0.5539 0.1059
14.7248 -33.9034 13.1131 0.9989 -0.0467 0.0013 0.4154 0.4625
-13.7058 -39.0018 -6.4809 -0.1161 -0.9923 0.0432 0.2954 0.6246
14.3725 -18.9871 -8.7137 1.0000 -0.0012 -0.0092 0.2798 0.3698
13.3453 -40.9023 -0.3156 0.1090 -0.9935 -0.0335 0.4635 0.6629
-11.7609 2.8113 22.8775 -0.6209 -0.0150 0.7837 0.6514 0.2292
12.6290 -3.6636 -24.0514 0.0824 0.0019 -0.9966 0.1692 0.2829
14.2154 31.9880 -10.2362 0.9998 0.0141 -0.0117 0.2703 0.0530
-1.9743 -3.1522 24.1066 -0.1626 0.0559 0.9851 0.5906 0.2663
2.0643 -41.6148 18.0194 -0.0663 -0.9974 0.0292 0.3934 0.7768
14.4496 -1.7097 -4.9275 0.9997 0.0016 -0.0248 0.3033 0.2624
-13.9113 -39.1437 13.4456 -0.5794 -0.8146 0.0259 0.2941 0.7484
-13.9113 -39.1437 13.4456 -0.8862 -0.4631 0.0122 0.7064 0.9964
-14.5482 -14.3906 -21.9078 -0.9979 0.0009 -0.0654 0.9261 0.8426
8.3849 -41.0506 21.9990 -0.0364 0.8505 0.5247 0.1195 0.6410
2.0391 3.1665 24.5326 -0.0115 -0.0133 0.9998 0.5656 0.2270
1.3318 -41.6011 12.2605 -0.0373 -0.9989 -0.0287 0.3888 0.7410
-13.6059 -1.1522 -23.9213 -0.5391 0.0019 -0.8423 0.0061 0.2673
14.7664 13.2461 5.9187 0.9931 0.0175 -0.1156 0.3707 0.1695
11.1255 17.2834 -24.1105 -0.0014 0.0098 -1.0000 0.1598 0.1527
7.6826 -30.8788 -24.1668 0.0438 -0.0142 -0.9989 0.1384 0.4520
-14.7856 4.0651 -14.5440 -0.9991 0.0269 -0.0317 0.8803 0.7279
14.5336 24.7812 7.1061 0.9995 -0.0265 -0.0157 0.3781 0.0978
-13.7336 -39.3848 -1.8294 0.3745 -0.9097 0.1794 0.2952 0.6535
1.8613 40.7790 9.4496 0.0028 0.9995 0.0315 0.5530 0.7186
14.7352 -27.3588 10.4796 0.9979 0.0024 -0.0642 0.3991 0.4219
-11.7782 -30.3863 23.0252 -0.9906 0.0022 -0.1370 0.1601 0.6177
14.6597 1.2350 6.3144 0.9996 -0.0252 0.0086 0.3732 0.2441
-4.9582 -38.6498 23.6498 0.0010 -0.2639 0.9645 0.6091 0.4869
-14.0694 10.2795 19.3590 -0.9974 -0.0148 0.0700 0.6696 0.6893
14.6723 0.9668 7.7494 0.9990 0.0347 -0.0274 0.3821 0.2458
-11.7256 -26.8333 23.1458 -0.9971 0.0088 0.0758 0.1594 0.5956
-11.7256 -26.8333 23.1458 -0.7142 0.0115 0.6999 0.6512 0.4135
-11.7820 20.0053 23.0478 -0.7334 0.0043 0.6798 0.6515 0.1224
12.5248 34.5218 24.0438 0.1801 -0.0276 0.9833 0.5004 0.0321
-14.2679 1.8718 10.7723 -0.9979 -0.0518 0.0384 0.7230 0.7415
14.6977 23.4989 13.2519 0.9754 0.2001 -0.0925 0.4163 0.1058
14.2055 18.5444 -12.0170 0.9997 0.0132 -0.0216 0.2593 0.1366
-14.6783 25.2294 -4.8331 -1.0000 0.0054 0.0028 0.8200 0.5963
-12.7179 40.4799 8.0197 -0.9850 0.1712 -0.0210 0.2789 0.6067
14.2701 -34.8734 -16.0287 0.9997 -0.0002 -0.0247 0.2343 0.4686
14.4767 -29.7286 21.5866 0.9853 -0.0149 0.1702 0.4681 0.4366
11.4605 39.6218 22.9313 -0.0148 0.7332 0.6799 0.4934 0.8024
-14.7799 8.0139 -11.1719 -1.0000 0.0046 -0.0019 0.8594 0.7033
10.1931 -40.9611 -23.5032 0.1651 -0.0098 -0.9862 0.1540 0.5147
10.1931 -40.9611 -23.5032 0.0683 -0.8471 -0.5271 0.4439 0.5188
2.4641 -41.3864 -15.7467 0.0277 -0.9994 -0.0194 0.3959 0.5670
-3.7752 18.7560 24.3631 -0.1111 0.0946 0.9893 0.6018 0.1301
-14.3611 -17.9701 12.2972 -0.9990 0.0067 0.0449 0.7135 0.8648
-2.6655 40.6519 18.4717 0.0483 0.9980 0.0407 0.5812 0.7747
6.6828 20.8208 -24.2556 0.0020 -0.0569 -0.9984 0.1322 0.1307
14.1033 21.4699 -15.8923 0.9999 -0.0025 -0.0133 0.2352 0.1184
0.2871 25.6445 24.6699 -0.0373 -0.0030 0.9993 0.5765 0.0873
-12.8278 -39.6817 -23.6670 -0.8947 -0.3128 -0.3188 0.1978 0.7265
-12.8278 -39.6817 -23.6670 -0.6998 -0.7000 0.1424 0.3008 0.5178
2.6430 -25.8662 24.1165 0.0255 -0.0177 0.9995 0.5619 0.4075
14.3295 32.0284 -4.8065 0.9999 -0.0059 -0.0132 0.3041 0.0528
14.5140 -34.2481 3.3697 0.9971 0.0731 0.0205 0.3549 0.4647
-1.6001 -10.6223 24.1829 -0.0618 -0.0125 0.9980 0.5882 0.3127
-14.7620 -36.1353 -15.5694 -0.9961 -0.0817 -0.0327 0.8867 0.9777
14.6802 -35.4725 5.9028 0.9992 -0.0268 -0.0303 0.3706 0.4723
-14.0789 -37.4837 14.7581 -0.9968 -0.0398 0.0695 0.6982 0.9861
14.0931 -38.2046 -19.7538 0.9989 -0.0134 -0.0448 0.2112 0.4893
-13.9447 -31.3822 18.4771 -0.9972 -0.0173 0.0723 0.6751 0.9482
-2.5671 41.0156 -23.5243 0.0094 0.1425 -0.9898 0.0747 0.0052
-11.4854 -18.1369 23.2851 -0.4952 0.0060 0.8688 0.6497 0.3594
14.8081 -26.5189 12.6379 0.9995 -0.0017 -0.0302 0.4125 0.4166
14.5193 -26.7350 -3.5426 1.0000 0.0044 -0.0030 0.3119 0.4180
-12.5809 12.7243 -24.2730 -0.1108 -0.0056 -0.9938 0.0125 0.1810
14.8823 -26.4792 15.3414 1.0000 -0.0048 0.0036 0.4293 0.4164
-14.2504 37.5104 8.7859 -0.7470 0.1775 -0.6407 0.0116 0.5911
-14.2504 37.5104 8.7859 -0.9984 0.0196 -0.0533 0.7354 0.5200
14.3764 39.3065 10.7040 0.9856 0.1693 -0.0016 0.4005 0.0075
-12.9735 -39.5200 7.7356 -0.5510 -0.8333 -0.0453 0.2999 0.7129
-14.0612 -3.8549 19.1267 -0.9997 -0.0058 0.0233 0.6711 0.7771
14.5954 -17.2111 5.1141 0.9992 0.0191 0.0346 0.3657 0.3588
-7.4623 -16.6277 -24.6800 0.0222 -0.0009 -0.9998 0.0443 0.3635
-6.2661 -41.4916 -15.3998 0.0085 -0.9998 0.0184 0.3416 0.5691
3.7676 -41.4718 3.0446 -0.0198 -0.9995 -0.0253 0.4040 0.6838
-1.1120 -41.5242 1.6490 0.0063 -0.9998 -0.0205 0.3736 0.6751
8.2237 -41.2291 -7.1556 0.0581 -0.9982 -0.0164 0.4317 0.6204
9.9294 -40.0689 22.6465 -0.0634 -0.6995 0.7118 0.4423 0.8056
-4.0003 -40.5144 21.5633 -0.0023 -0.9124 0.4093 0.1291 0.6183
-10.6990 -40.6782 -23.1834 0.1102 -0.8171 -0.5659 0.0638 0.6364
-10.6990 -40.6782 -23.1834 -0.0987 -0.3986 -0.9118 0.0511 0.6194
14.0708 29.8193 -21.5557 0.9997 -0.0229 -0.0129 0.2000 0.0665
-14.7156 -36.8438 -10.2614 -0.9997 -0.0238 -0.0056 0.8537 0.9821
-13.8793 7.9774 -23.7410 -0.6485 -0.0167 -0.7610 0.0044 0.2105
14.3369 5.2382 -9.0862 0.9995 0.0125 -0.0296 0.2775 0.2193
14.6208 -28.6236 -0.1476 0.9986 0.0465 -0.0235 0.3330 0.4297
5.2827 -41.3573 -13.0721 0.0373 -0.9992 -0.0125 0.4134 0.5836
-12.7195 40.8774 -12.6959 -0.9746 0.2237 -0.0135 0.2814 0.7355
-14.1713 -35.2491 14.3914 -0.9972 -0.0271 0.0690 0.7005 0.9722
-14.7619 -10.5937 -4.3137 -0.9999 0.0065 0.0082 0.8168 0.8190
-6.0348 -41.4742 -13.3313 0.0029 -0.9999 0.0119 0.3431 0.5820
13.4418 -41.2448 22.2371 0.2656 -0.6370 0.7236 0.4641 0.8031
13.4418 -41.2448 22.2371 0.3364 -0.1787 0.9246 0.4947 0.5030
-13.0052 -39.1476 -11.9017 -0.9686 -0.2484 0.0084 0.2011 0.6533
2.4057 -41.3954 22.2569 0.0155 0.1943 0.9808 0.5633 0.5040
2.4057 -41.3954 22.2569 0.1506 -0.7738 0.6153 0.3955 0.8032
-10.0370 41.4684 -13.6548 0.0560 0.9973 0.0468 0.6270 0.5751
3.6637 40.9054 -17.3612 0.0383 0.9993 0.0048 0.5418 0.5520
-14.6239 26.4941 -15.2488 -0.9993 0.0161 -0.0351 0.8847 0.5885
14.2746 30.1250 -6.7173 0.9995 -0.0155 -0.0270 0.2922 0.0646
-7.8494 -41.4270 4.6370 -0.1106 -0.9938 0.0055 0.3318 0.6937
2.8917 40.8077 -0.9750 0.0409 0.9991 -0.0097 0.5466 0.6539
-4.7585 -41.2499 22.2757 0.0602 -0.4322 0.8998 0.0277 0.5502
-4.7585 -41.2499 22.2757 0.0508 -0.5254 0.8493 0.3510 0.8033
-1.3167 -40.8893 21.8970 0.1167 0.9173 0.3808 0.1189 0.5807
-14.7117 -21.8445 3.7025 -0.9996 0.0081 0.0259 0.7669 0.8889
-12.8726 39.8906 10.5124 -0.9331 0.3581 -0.0329 0.2753 0.5912
1.8723 -40.6136 21.6162 -0.0137 -0.9045 0.4262 0.1294 0.5818
12.1243 -41.0068 -23.2275 0.2159 -0.9418 -0.2576 0.4559 0.5205
13.6154 -19.2416 -23.8250 0.5083 0.0116 -0.8611 0.1753 0.3797
-12.9332 39.0462 10.0995 -0.9320 0.3434 -0.1158 0.2700 0.5938
-12.9332 39.0462 10.0995 -0.8291 0.5491 -0.1055 0.0744 0.5313
14.3022 6.5928 -8.9332 0.9999 0.0099 -0.0141 0.2784 0.2108
14.1189 -34.4128 -19.9146 0.9987 -0.0045 -0.0500 0.2102 0.4657
-13.9530 21.9879 21.9905 -0.9736 -0.0076 0.2279 0.6533 0.6165
14.8329 -11.8541 12.0074 0.9937 -0.0752 0.0828 0.4086 0.3255
-13.8545 -7.6988 -23.8379 -0.5885 0.0046 -0.8085 0.0046 0.3080
14.7132 -23.3944 5.9723 0.9955 0.0944 0.0026 0.3711 0.3972
13.9108 26.7541 -23.5203 0.8744 -0.0108 -0.4851 0.1878 0.0855
13.9108 26.7541 -23.5203 0.8298 -0.0387 -0.5568 0.1771 0.0938
-7.5497 -14.9199 23.7780 -0.1097 -0.0345 0.9934 0.6252 0.3394
8.1403 -11.8394 -24.2727 0.0453 0.0043 -0.9990 0.1413 0.3337
14.6983 25.4768 17.0836 0.9876 0.1484 -0.0513 0.4401 0.0935
10.3860 -26.6372 -24.0316 0.0705 -0.0056 -0.9975 0.1552 0.4257
4.6065 -20.3653 24.1085 0.0636 -0.0158 0.9979 0.5497 0.3733
-13.9161 25.7526 22.3283 -0.9252 -0.0317 0.3780 0.6512 0.5931
-13.9161 25.7526 22.3283 -0.7473 -0.0149 0.6643 0.6648 0.0866
-11.5604 27.3127 23.4307 -0.9752 0.0377 0.2180 0.1072 0.5959
-13.4397 -38.9573 0.9926 0.0021 -0.9999 -0.0131 0.2970 0.6710
-12.3003 -40.7788 11.7292 -0.8971 -0.4403 0.0365 0.0835 0.6471
-12.3003 -40.7788 11.7292 -0.8133 -0.5794 0.0524 0.3041 0.7377
-12.8281 -39.8677 -6.5787 -0.9870 -0.1607 0.0063 0.1966 0.6203
-11.0976 -39.4481 23.0116 -0.3657 -0.8353 0.4106 0.3116 0.8079
-5.8254 40.8663 17.1268 -0.0204 0.9991 -0.0375 0.6008 0.7664
14.6295 -4.4715 3.3129 0.9982 0.0455 -0.0380 0.3545 0.2796
-10.7162 -38.4714 23.6458 -0.0660 -0.1275 0.9896 0.6449 0.4858
-14.2833 33.6772 -8.8152 -0.4036 0.4994 0.7666 0.0122 0.5532
-14.2833 33.6772 -8.8152 -0.3988 0.5058 0.7649 0.0967 0.5200
-14.2833 33.6772 -8.8152 -0.8567 0.2995 0.4200 0.8447 0.5438
-12.9535 36.2007 7.6021 -0.7801 0.1931 -0.5951 0.0197 0.5992
-12.9535 36.2007 7.6021 -0.9861 0.0524 -0.1580 0.2523 0.6093
-12.1388 -41.0922 1.0505 -0.6551 -0.7555 0.0126 0.3051 0.6714
14.2171 32.2626 -11.7502 1.0000 -0.0032 -0.0001 0.2609 0.0513
5.1346 -41.5372 7.3462 0.0191 -0.9998 -0.0040 0.4125 0.7105
-1.1302 -41.5042 -1.3354 0.0199 -0.9998 -0.0064 0.3735 0.6565
-14.6208 -26.5095 -21.3870 -0.9974 0.0011 -0.0716 0.9229 0.9179
14.1773 -3.6369 -15.5827 0.9991 -0.0155 -0.0386 0.2371 0.2744
-9.9180 22.9188 23.8718 -0.0869 -0.0210 0.9960 0.6399 0.1043
14.4873 1.8229 -2.6436 0.9996 -0.0052 -0.0273 0.3175 0.2405
-11.4716 -20.4394 23.3092 -0.4667 0.0096 0.8844 0.6496 0.3737
14.3733 0.3816 -8.4985 0.9993 -0.0053 -0.0365 0.2811 0.2494
-14.5159 -2.9278 5.9178 -0.9996 0.0022 0.0293 0.7532 0.7713
-8.1322 -33.1791 23.7303 -0.0400 0.0009 0.9992 0.6288 0.4529
3.8099 -0.2341 -24.2276 0.0092 -0.0216 -0.9997 0.1144 0.2616
3.7378 -19.0558 -24.3707 -0.0512 0.0203 -0.9985 0.1139 0.3785
14.8646 1.1426 20.0640 0.9970 0.0014 0.0774 0.4586 0.2447
14.5760 -29.6657 1.8903 0.9935 0.0826 -0.0778 0.3457 0.4362
-13.6374 31.6695 5.4872 -0.0997 0.7032 -0.7039 0.0927 0.6089
-14.5742 31.2830 -11.4876 -0.9994 0.0339 0.0044 0.8614 0.5587
-10.0792 -3.2478 -24.6432 -0.0998 0.0211 -0.9948 0.0280 0.2803
14.1982 39.8684 -1.8177 0.7968 0.6041 0.0103 0.4764 0.6486
-12.9420 31.5322 4.7674 -0.9984 0.0444 -0.0361 0.2233 0.6269
-11.5664 34.5339 23.6566 -0.9678 -0.0132 0.2512 0.1058 0.5510
13.5912 -41.3698 22.0722 0.4427 -0.7278 0.5237 0.4650 0.8020
13.5912 -41.3698 22.0722 0.6623 -0.1707 0.7296 0.4938 0.5038
13.5912 -41.3698 22.0722 0.8906 -0.3849 0.2423 0.4711 0.5089
6.3038 -41.4089 22.2258 0.0118 -0.2266 0.9739 0.5391 0.5041
0.9102 0.6063 -24.4207 0.0360 0.0041 -0.9993 0.0963 0.2563
-13.8847 3.5816 -23.6944 -0.6650 0.0349 -0.7460 0.0044 0.2379
2.9532 39.7707 23.0134 0.0847 0.2932 0.9523 0.1761 0.5767
-2.2049 4.8796 -24.5318 0.0321 -0.0053 -0.9995 0.0770 0.2298
13.9962 40.1969 -19.8840 0.8663 0.4995 0.0053 0.2104 0.0020
13.9962 40.1969 -19.8840 0.7005 0.7136 0.0082 0.4776 0.5363
-14.5795 18.8520 -19.5341 -0.9987 0.0088 -0.0497 0.9114 0.6360
14.3977 38.3230 -0.1826 0.9996 -0.0273 0.0028 0.3328 0.0136
-2.7046 2.4226 24.2511 -0.0865 0.0668 0.9940 0.5951 0.2316
-14.6666 21.0352 -1.8871 -0.9999 0.0033 0.0131 0.8017 0.6224
14.7414 12.7851 9.5519 0.9979 -0.0605 -0.0222 0.3933 0.1724
0.6057 -40.9216 -23.5925 0.1508 0.1652 -0.9747 0.0944 0.5144
13.9879 13.9388 -23.1878 0.9872 -0.0056 -0.1592 0.1898 0.1652
-13.8936 2.3259 21.8899 -0.9693 -0.0045 0.2460 0.6539 0.7387
-8.3631 41.2351 -9.2968 0.0328 0.9991 0.0283 0.6166 0.6021
-13.1392 39.1511 -14.4008 -0.3212 0.9469 0.0162 0.0549 0.5824
14.7377 -18.9530 20.8298 0.9916 -0.0108 0.1290 0.4634 0.3696
14.4175 2.9436 -6.1637 1.0000 -0.0015 -0.0080 0.2956 0.2335
-4.8798 -41.5544 -5.7147 -0.0002 -1.0000 -0.0008 0.3502 0.6293
14.3020 23.9886 -5.3108 0.9997 -0.0002 -0.0260 0.3009 0.1027
14.3027 -7.9143 -11.9034 0.9997 0.0006 -0.0252 0.2600 0.3010
14.8061 -4.5848 20.4486 0.9938 -0.0074 0.1109 0.4610 0.2803
-14.4705 -16.7021 9.4823 -0.9992 0.0078 0.0395 0.7310 0.8569
4.0767 -40.7079 -23.4482 0.0416 -0.1548 -0.9871 0.1160 0.5131
1.4864 -40.8585 21.6052 0.0358 0.9124 0.4076 0.1170 0.5982
-14.1100 -5.8552 -23.4492 -0.9394 0.0082 -0.3428 0.9357 0.7895
14.7262 -15.6527 9.1346 0.9992 0.0365 -0.0188 0.3907 0.3491
14.1245 14.4546 -18.7554 0.9998 0.0059 -0.0196 0.2174 0.1620
14.0376 -11.4516 -19.6416 0.9987 0.0018 -0.0519 0.2119 0.3230
0.0656 40.9707 -9.9126 0.0201 0.9997 0.0123 0.5642 0.5983
6.3854 10.8766 24.4485 0.0856 -0.0068 0.9963 0.5386 0.1791
14.3911 -34.6578 -10.0568 0.9995 -0.0285 -0.0155 0.2714 0.4672
-14.6427 -36.5648 0.5930 -0.9972 -0.0713 0.0232 0.7863 0.9804
-10.9681 -41.4140 22.3669 -0.2914 -0.6633 0.6893 0.3124 0.8039
14.3085 18.9909 -7.2509 0.9998 0.0096 -0.0145 0.2889 0.1338
-0.4713 18.0407 24.5904 -0.0662 -0.0051 0.9978 0.5812 0.1346
-14.3946 26.2329 12.5037 -0.9998 -0.0012 0.0221 0.7122 0.5901
-11.7677 40.7362 23.1187 -0.2038 0.4489 0.8700 0.1821 0.6682
-11.7677 40.7362 23.1187 -0.2334 0.8507 0.4709 0.6377 0.8036
14.2311 15.8067 -11.1380 0.9982 0.0532 -0.0261 0.2647 0.1536
-11.5425 33.6331 23.6781 -0.9701 -0.0028 0.2425 0.1056 0.5566
-5.7348 22.9246 24.2530 -0.0588 -0.0048 0.9983 0.6139 0.1042
-9.5044 -41.2613 -23.3461 0.0295 -0.5460 -0.8372 0.3215 0.5198
-9.5044 -41.2613 -23.3461 0.0485 0.4441 -0.8947 0.0475 0.6268
-8.6972 -41.4774 21.9155 0.0085 -0.9996 0.0288 0.3265 0.8011
13.6774 37.9656 -23.9207 0.2369 0.2607 -0.9359 0.1757 0.0242
-13.0644 13.4750 -24.2266 -0.3195 -0.0063 -0.9476 0.0095 0.1764
14.5260 25.2584 5.3872 0.9994 0.0010 -0.0347 0.3674 0.0948
2.0663 -20.6168 -24.4064 0.0277 -0.0050 -0.9996 0.1035 0.3882
-13.7796 10.4804 22.2832 -0.8672 -0.0064 0.4980 0.6515 0.6880
-13.7796 10.4804 22.2832 -0.7294 -0.0113 0.6839 0.6639 0.1816
14.4232 -29.1360 -8.7893 0.9993 0.0148 -0.0350 0.2793 0.4329
14.0622 22.5461 -19.9492 0.9999 -0.0033 -0.0123 0.2100 0.1117
13.6738 14.3148 -23.6906 0.3988 0.0158 -0.9169 0.1757 0.1711
-13.3767 36.8134 22.8955 -0.2777 -0.0272 0.9603 0.6614 0.0179
14.1550 6.8902 -17.4092 1.0000 -0.0070 0.0015 0.2257 0.2090
-4.0616 -40.2103 22.2410 -0.0326 -0.7670 0.6409 0.1333 0.6187
-4.0616 -40.2103 22.2410 -0.0800 -0.5299 0.8443 0.3553 0.8031
-11.5471 30.6539 23.1251 -0.9973 0.0147 -0.0726 0.1091 0.5751
-11.5471 30.6539 23.1251 -0.2889 0.0022 0.9573 0.0945 0.6386
13.2612 40.3467 -11.6398 0.1468 0.9890 0.0206 0.4822 0.5876
13.6817 39.2392 23.3589 0.1771 0.7588 0.6268 0.4796 0.8051
6.4976 -41.2847 -15.6525 0.0343 -0.9992 -0.0217 0.4209 0.5676
-7.7567 40.5568 22.9347 0.0699 0.7757 0.6272 0.6128 0.8025
4.3003 39.2398 23.1903 -0.0246 0.6229 0.7819 0.5379 0.8040
-10.1621 -40.5044 22.0295 0.1156 0.3101 0.9437 0.0323 0.5838
-10.1621 -40.5044 22.0295 0.0180 0.8246 0.5654 0.1197 0.5258
-9.4620 -30.3986 23.6545 -0.0883 0.0050 0.9961 0.6371 0.4356
0.8959 -41.4347 -14.1238 0.0213 -0.9998 0.0059 0.3861 0.5771
10.8015 -40.9952 -8.0180 0.0954 -0.9954 -0.0108 0.4477 0.6150
14.8016 24.9278 16.8687 0.9957 0.0839 -0.0390 0.4388 0.0969
9.3646 -5.5988 -24.2338 0.0552 0.0031 -0.9985 0.1489 0.2949
1.5329 39.0444 23.4264 0.0168 0.8047 0.5934 0.5551 0.8055
-12.2649 40.9123 16.7530 -0.3862 0.9224 -0.0044 0.6408 0.7640
13.6620 -39.5659 -23.9263 0.2229 -0.0542 -0.9733 0.1756 0.5060
10.1777 40.6045 -21.0633 0.0393 0.9992 -0.0109 0.5014 0.5290
-14.2969 35.2503 17.6821 -0.9980 0.0016 0.0634 0.6801 0.5341
-5.3618 -41.0003 -23.6596 0.0199 0.0169 -0.9997 0.0574 0.5149
-13.4580 -38.7459 21.5387 -0.9798 -0.0736 0.1862 0.6561 0.9940
-13.9738 -39.1324 -8.6930 0.4377 -0.8757 0.2040 0.2937 0.6108
-13.9738 -39.1324 -8.6930 0.8789 -0.4492 0.1604 0.1705 0.6804
6.2079 -6.3968 -24.3207 0.0794 0.0409 -0.9960 0.1293 0.2999
14.4682 -24.5305 -6.5555 0.9996 -0.0138 -0.0231 0.2932 0.4043
-1.6854 40.9596 -3.3457 0.0304 0.9995 0.0089 0.5751 0.6391
14.7565 -24.5696 9.5333 0.9880 -0.0089 0.1543 0.3932 0.4045
-14.7384 -36.5692 -6.3758 -0.9938 -0.1115 -0.0020 0.8296 0.9804
-9.0716 41.3858 -12.4956 0.0341 0.9988 0.0345 0.6210 0.5823
-11.4448 37.3359 23.2106 -0.8264 -0.4214 -0.3734 0.1085 0.5336
-11.4448 37.3359 23.2106 -0.2843 -0.1555 0.9461 0.0727 0.6239
-3.0024 40.9536 1.0316 0.0238 0.9997 0.0081 0.5833 0.6663
14.6648 25.6904 11.2636 0.9991 -0.0262 -0.0328 0.4039 0.0922
13.9698 -35.9394 22.4445 0.6807 -0.0046 0.7325 0.4915 0.4701
-2.2220 8.1600 24.3786 -0.2121 0.0236 0.9770 0.5921 0.1960
-13.0166 -38.9340 -1.1952 -0.3054 -0.9509 -0.0499 0.2997 0.6574
-13.0166 -38.9340 -1.1952 -0.8798 -0.4751 -0.0178 0.2024 0.5868
-9.0310 -41.5684 -17.5565 0.0176 -0.9998 -0.0134 0.3244 0.5557
-4.3996 12.0925 -24.5937 0.0228 0.0017 -0.9997 0.0633 0.1850
8.1551 -16.7228 23.8096 0.1031 -0.0125 0.9946 0.5276 0.3506
-1.3527 6.3526 -24.5066 0.0357 -0.0046 -0.9994 0.0823 0.2206
-5.7187 40.9622 8.3397 0.0222 0.9997 0.0084 0.6002 0.7117
-13.0174 33.8195 -8.5324 -0.9396 0.1893 0.2850 0.2375 0.7096
0.0515 7.6838 -24.4638 0.0335 -0.0026 -0.9994 0.0910 0.2124
14.8784 8.6472 18.3448 1.0000 0.0035 -0.0070 0.4480 0.1981
14.4729 -20.5948 -0.3140 0.9956 0.0788 0.0514 0.3320 0.3798
-13.6651 -36.7625 20.1310 -0.9957 -0.0387 0.0836 0.6648 0.9816
-13.2834 -38.9971 -13.8568 0.2589 -0.9624 0.0826 0.2980 0.5787
11.9041 -40.9697 -22.0689 0.1365 -0.9894 0.0492 0.4545 0.5277
6.3850 -15.2075 -24.3733 0.0611 -0.0568 -0.9965 0.1304 0.3546
14.7269 20.1885 21.3806 0.9988 0.0019 0.0494 0.4668 0.1263
14.1637 -18.4777 -17.3264 0.9993 0.0060 -0.0373 0.2263 0.3667
-11.6838 41.1733 5.6026 -0.1405 0.9900 0.0127 0.6372 0.6947
-7.0551 -41.5390 -14.3120 0.0537 -0.9986 0.0023 0.3367 0.5759
-14.0528 -5.8087 18.9225 -0.9994 -0.0021 0.0359 0.6724 0.7892
14.3941 4.2380 -7.6989 0.9996 0.0031 -0.0294 0.2861 0.2255
-3.9377 38.8218 23.8460 -0.0008 0.7781 0.6281 0.5891 0.8081
2.7944 40.9256 -19.9383 0.0590 0.9980 0.0207 0.5472 0.5360
13.9494 -29.8725 -22.4591 0.9981 0.0087 -0.0606 0.1944 0.4375
6.7773 40.4347 14.6187 0.0018 0.9983 0.0583 0.5225 0.7508
-13.1075 -38.9818 5.0226 -0.0162 -0.9992 -0.0360 0.2991 0.6961
2.5141 -40.6329 21.7656 -0.0924 -0.9190 0.3833 0.1304 0.5778
4.6367 -41.1701 -23.3031 0.0815 -0.9409 -0.3287 0.4094 0.5200
-1.7675 41.1169 -23.4365 -0.0066 0.4407 -0.8976 0.0797 0.0046
-1.7675 41.1169 -23.4365 0.0506 0.7204 -0.6917 0.5756 0.5143
10.8511 39.7409 22.7048 0.0254 0.9527 0.3029 0.4972 0.8010
-11.5664 31.0116 23.5611 -0.9999 -0.0045 -0.0128 0.1064 0.5729
-11.5664 31.0116 23.5611 -0.8045 -0.0281 0.5932 0.6502 0.0540
14.8516 19.0517 18.1814 0.9989 -0.0145 -0.0450 0.4469 0.1334
14.6792 1.0886 5.3178 0.9994 -0.0274 0.0212 0.3670 0.2451
14.8205 -15.9704 12.2539 0.9995 -0.0123 -0.0291 0.4101 0.3511
14.7646 -13.4667 10.6492 0.9986 -0.0488 0.0191 0.4001 0.3355
14.4310 -37.2167 5.3858 0.9998 -0.0013 -0.0203 0.3674 0.4831
-3.7038 19.7674 24.1311 -0.2487 0.0817 0.9651 0.6013 0.1238
-11.1077 41.5320 -23.5822 -0.0402 0.8420 -0.5379 0.6336 0.5134
-11.1077 41.5320 -23.5822 -0.0992 0.3246 -0.9406 0.0216 0.0020
-13.1620 39.1662 -15.2327 -0.1509 0.9881 0.0304 0.0550 0.5772
8.9959 21.3143 -24.1846 -0.0441 0.0175 -0.9989 0.1466 0.1276
14.2215 13.3058 -11.9129 0.9995 -0.0032 -0.0314 0.2599 0.1691
-8.7300 41.3622 -23.6259 0.0404 0.6868 -0.7257 0.6189 0.5131
-8.7300 41.3622 -23.6259 0.0413 0.3401 -0.9395 0.0364 0.0030
-12.5050 -40.7280 -5.0180 -0.8043 -0.5940 0.0183 0.3028 0.6337
-13.9525 11.4980 -23.6475 -0.5425 0.0162 -0.8399 0.0040 0.1887
-13.9525 11.4980 -23.6475 -0.9362 0.0075 -0.3514 0.9369 0.6817
-14.7087 1.8515 -8.6502 -0.9998 -0.0192 0.0084 0.8437 0.7416
-8.7387 15.5750 23.8432 -0.2786 -0.0990 0.9553 0.6326 0.1499
2.2076 -41.1070 -23.5658 -0.0014 0.3681 -0.9298 0.1044 0.5156
2.2076 -41.1070 -23.5658 0.0185 -0.8460 -0.5328 0.3943 0.5184
14.1442 -0.6516 -16.7654 0.9990 0.0012 -0.0451 0.2297 0.2559
14.7605 -16.1901 9.4700 0.9976 0.0642 0.0262 0.3928 0.3524
2.5883 24.5998 24.7359 -0.0115 0.0038 0.9999 0.5622 0.0938
-0.6610 -41.6111 20.0412 0.0370 -0.9990 0.0266 0.3765 0.7894
-14.6473 1.3216 -19.6989 -0.9981 -0.0080 -0.0613 0.9124 0.7449
-12.2330 17.0109 22.8935 -0.1741 -0.0171 0.9846 0.6543 0.1410
-11.0048 -41.5648 -23.0405 0.1374 -0.9905 0.0020 0.3122 0.5217
14.7616 -16.6347 10.4317 1.0000 0.0019 -0.0059 0.3988 0.3552
1.8705 -40.9813 -23.5139 0.0280 0.1714 -0.9848 0.1023 0.5148
14.4175 23.5850 23.0036 0.7582 -0.0140 0.6519 0.4887 0.1001
-13.4211 -39.0936 15.5397 -0.0228 -0.9995 -0.0212 0.2971 0.7614
3.7262 -9.6807 -24.3639 -0.0055 -0.0065 -1.0000 0.1138 0.3203
14.7329 -10.6243 6.8166 0.9992 -0.0285 -0.0277 0.3763 0.3178
9.0141 -40.9478 -23.5633 -0.0417 -0.0260 -0.9988 0.1467 0.5146
-11.2212 -40.6527 -23.3219 0.0286 -0.8184 -0.5739 0.3108 0.5199
-11.2212 -40.6527 -23.3219 0.1593 -0.7128 -0.6830 0.0629 0.6396
-14.1776 -32.4672 -23.8545 -0.8559 0.0083 -0.5172 0.0026 0.4619
-14.1776 -32.4672 -23.8545 -0.8714 -0.0049 -0.4905 0.9382 0.9549
6.1260 10.7014 -24.0364 0.1302 -0.0300 -0.9910 0.1287 0.1936
-14.6200 24.2479 -16.3607 -0.9987 0.0222 -0.0452 0.8916 0.6024
-13.0220 -39.2757 -13.3626 -0.9882 -0.1517 0.0231 0.2003 0.6624
14.2984 36.8971 -7.8497 0.9998 -0.0139 -0.0129 0.2852 0.0225
14.4280 -36.2608 20.8835 0.9973 -0.0487 0.0543 0.4637 0.4772
14.6693 -13.0281 12.0818 0.9931 0.0487 -0.1065 0.4090 0.3328
-7.9869 32.8735 24.2241 -0.0689 -0.0107 0.9976 0.6279 0.0424
-5.7760 -41.5622 3.9814 -0.0262 -0.9992 0.0307 0.3447 0.6896
-14.0492 1.3312 19.3026 -0.9990 0.0013 0.0438 0.6700 0.7449
10.5161 22.1064 -23.9581 0.1504 -0.0367 -0.9879 0.1560 0.1227
-10.2524 40.7712 23.0555 0.0398 0.9630 0.2665 0.6283 0.8032
-11.3986 -39.7594 -24.3880 0.0176 -0.5006 -0.8655 0.3097 0.5133
-11.3986 -39.7594 -24.3880 -0.0337 -0.1998 -0.9793 0.0198 0.5072
5.3309 40.4766 16.5687 0.0111 0.9987 0.0507 0.5315 0.7629
14.5825 7.4272 2.0203 0.9996 0.0215 -0.0193 0.3465 0.2057
-13.1857 2.3680 22.6162 -0.2952 -0.0104 0.9554 0.6602 0.2320
14.3003 19.7350 -6.5011 0.9998 -0.0005 -0.0188 0.2935 0.1292
7.4927 -15.0776 -24.2563 0.0728 -0.0397 -0.9966 0.1372 0.3538
-13.0703 -39.3912 3.3425 -0.3357 -0.9408 -0.0470 0.2993 0.6856
14.5366 18.4968 4.6455 0.9999 0.0093 -0.0135 0.3628 0.1369
-4.2682 -39.0503 -24.4075 0.0269 -0.0986 -0.9948 0.0641 0.5028
0.6202 40.7661 9.7699 0.0788 0.9968 0.0103 0.5608 0.7206
14.7220 -26.0740 10.4355 0.9908 0.0170 -0.1346 0.3988 0.4139
4.5723 40.7666 1.4834 0.0344 0.9994 0.0084 0.5362 0.6691
3.4167 -41.3892 -14.5897 0.0195 -0.9994 0.0295 0.4018 0.5742
-12.5929 41.0423 -7.7841 -0.8739 0.4857 0.0202 0.2824 0.7049
-12.5929 41.0423 -7.7841 -0.7082 0.7059 0.0126 0.6429 0.6115
-9.5026 -38.5315 23.6913 -0.0198 -0.2049 0.9786 0.6374 0.4862
0.6235 -41.5525 14.0184 -0.0416 -0.9991 -0.0024 0.3844 0.7520
-14.8129 -27.6260 0.9959 -0.9997 0.0042 0.0220 0.7838 0.9248
-12.9350 39.4109 12.2444 -0.8179 0.1508 0.5552 0.2723 0.5805
14.7065 29.5152 16.8598 0.9997 0.0198 -0.0136 0.4387 0.0684
1.9848 40.6368 13.3216 -0.0412 0.9982 0.0434 0.5523 0.7427
-14.3155 3.2748 12.9893 -0.9997 0.0017 0.0256 0.7092 0.7328
14.2522 -40.1226 12.1883 0.9633 -0.2683 0.0079 0.4097 0.5012
14.4181 33.8283 4.1034 0.9981 0.0325 -0.0518 0.3594 0.0416
-4.6457 -41.5245 -11.1422 0.0161 -0.9998 -0.0095 0.3517 0.5956
14.4220 33.4945 4.9600 0.9996 -0.0046 0.0277 0.3648 0.0436
3.0313 40.5463 -23.5054 -0.0268 -0.0208 -0.9994 0.1095 0.0081
13.5836 -39.8138 -23.9002 0.0448 -0.5799 -0.8135 0.4650 0.5163
13.5836 -39.8138 -23.9002 -0.1915 -0.2253 -0.9553 0.1751 0.5076
13.4221 -38.5807 -23.9037 -0.2417 -0.0084 -0.9703 0.1741 0.4999
-14.7135 -15.0724 0.2670 -0.9997 0.0093 0.0213 0.7883 0.8468
-11.6529 27.9257 23.1071 -0.6083 0.0290 0.7931 0.6507 0.0731
-11.9570 37.5009 23.1432 -0.1747 -0.0683 0.9823 0.6526 0.0136
-11.9570 37.5009 23.1432 -0.1228 -0.0649 0.9903 0.0759 0.6229
-13.5222 -33.3368 21.9975 -0.9359 -0.0184 0.3519 0.6532 0.9603
-13.5222 -33.3368 21.9975 -0.6170 0.0034 0.7870 0.6623 0.4539
14.6123 -18.8071 4.8848 0.9982 -0.0592 0.0019 0.3643 0.3687
14.7363 -20.4649 3.0345 0.9994 0.0116 -0.0318 0.3528 0.3790
1.5824 -41.5870 11.2074 -0.0514 -0.9987 -0.0034 0.3904 0.7345
-13.7140 -5.0505 -23.8589 -0.5328 0.0159 -0.8461 0.0054 0.2915
-14.0532 8.6007 -23.3893 -0.9502 0.0047 -0.3116 0.9353 0.6997
-13.1701 39.3764 -20.7960 -0.1972 0.9799 0.0317 0.0551 0.5426
-7.9994 -40.9705 22.4246 0.0499 0.4483 0.8925 0.0294 0.5704
-13.5194 6.7268 22.5102 -0.5893 -0.0088 0.8079 0.6623 0.2049
7.2753 40.3866 16.4112 0.0654 0.9975 0.0265 0.5194 0.7619
14.6491 -6.7139 5.9611 0.9991 -0.0154 -0.0388 0.3710 0.2935
12.5025 36.8153 24.1120 0.1355 -0.0268 0.9904 0.5006 0.0179
13.9937 10.1751 -22.0316 0.9987 -0.0099 -0.0495 0.1970 0.1886
14.6938 -11.9171 6.2822 0.9992 0.0401 0.0067 0.3730 0.3259
-0.3835 22.5943 -24.4496 0.0321 -0.0053 -0.9995 0.0883 0.1197
-14.7791 -6.2413 -15.1931 -1.0000 0.0052 0.0004 0.8844 0.7919
1.3795 40.3155 -23.4200 0.0216 0.0259 -0.9994 0.0993 0.0096
7.4592 24.5476 24.5181 0.0856 -0.0111 0.9963 0.5319 0.0941
-2.6189 11.1848 -24.5528 0.0292 0.0019 -0.9996 0.0744 0.1906
11.3488 -19.2369 23.3268 0.2010 -0.0151 0.9795 0.5078 0.3663
-13.8873 -39.3956 3.3606 -0.4196 -0.9077 -0.0069 0.2942 0.6857
14.6491 -29.9256 -0.4737 0.9988 -0.0482 0.0036 0.3310 0.4378
14.6046 13.1513 5.2193 0.9943 0.0019 -0.1067 0.3664 0.1701
1.7359 -41.5967 11.5815 -0.0216 -0.9993 -0.0295 0.3913 0.7368
6.7947 20.1318 -24.1822 0.0141 -0.0649 -0.9978 0.1329 0.1350
14.2997 -18.1280 -12.7000 0.9985 0.0183 -0.0524 0.2550 0.3645
-13.1591 -39.0665 9.4710 -0.0680 -0.9917 -0.1094 0.2988 0.7237
-13.1992 38.2792 22.9867 -0.3072 0.1909 0.9323 0.6603 0.0088
-12.9531 31.5948 5.2256 -0.9770 0.1504 -0.1514 0.2237 0.6241
14.8393 3.4736 14.1784 0.9983 0.0381 -0.0435 0.4221 0.2302
-14.1716 5.5447 17.3212 -0.9990 -0.0120 0.0439 0.6823 0.7187
-14.5538 -34.9564 -21.1674 -0.9979 -0.0306 -0.0568 0.9215 0.9704
-14.6191 -22.2095 -21.2671 -0.9961 0.0054 -0.0886 0.9221 0.8912
-11.4754 10.1523 23.3811 -0.6284 -0.0066 0.7779 0.6496 0.1836
3.1417 5.9908 -24.2211 0.1103 -0.0485 -0.9927 0.1102 0.2229
-13.1490 39.3093 -19.3913 -0.4834 0.8739 0.0507 0.0549 0.5513
13.9769 39.9259 15.4624 0.5578 0.8299 0.0052 0.4777 0.7560
14.9180 10.2316 15.8125 0.9995 0.0102 0.0307 0.4322 0.1882
-12.6470 -40.8274 -16.0694 -0.8966 -0.4425 0.0165 0.1906 0.6792
-12.6470 -40.8274 -16.0694 -0.7340 -0.6791 -0.0012 0.3020 0.5650
-13.7395 39.2580 -15.6432 -0.1084 0.9940 0.0144 0.0586 0.5746
5.8757 -41.6789 17.8732 0.0268 -0.9992 -0.0296 0.4171 0.7759
14.0087 30.8629 -23.3671 0.9501 -0.0029 -0.3120 0.1887 0.0600
14.0087 30.8629 -23.3671 0.8361 -0.0185 -0.5483 0.1777 0.0683
-13.2102 39.4416 -21.6135 -0.2392 0.9705 0.0305 0.0553 0.5375
5.0178 40.4971 14.9635 0.0394 0.9982 0.0450 0.5334 0.7529
-8.5764 -25.4055 23.6601 -0.1014 0.0009 0.9948 0.6316 0.4046
-8.5602 -17.3904 -24.7085 0.0136 0.0056 -0.9999 0.0375 0.3682
14.5550 26.2436 7.8432 0.9999 0.0042 -0.0105 0.3827 0.0887
-13.2207 -39.0827 -15.8971 -0.2312 -0.9729 0.0042 0.2984 0.5660
3.5718 -40.9963 -23.5396 -0.0702 0.2241 -0.9720 0.1129 0.5149
9.8464 23.5502 -24.1323 0.0496 0.0091 -0.9987 0.1519 0.1137
13.8624 8.1888 23.1299 0.4327 -0.0172 0.9014 0.4921 0.1958
14.4177 -5.6064 -7.5429 0.9998 0.0013 -0.0218 0.2871 0.2867
-0.1331 16.8072 24.6071 -0.0595 -0.0057 0.9982 0.5791 0.1422
3.1932 39.8628 -23.5397 -0.0256 0.1221 -0.9922 0.1105 0.0124
-11.5369 18.3541 23.4077 -0.7629 -0.0059 0.6465 0.6500 0.1326
-13.2859 35.1052 -9.5281 -0.1237 0.4142 0.9017 0.0060 0.5443
-8.4011 -40.7654 -23.1184 -0.1339 -0.8759 -0.4636 0.0642 0.6221
-8.4011 -40.7654 -23.1184 -0.0603 -0.3465 -0.9361 0.0506 0.6337
-12.0072 41.7317 -22.9914 -0.2652 0.9406 -0.2118 0.6392 0.5170
-14.4280 32.2363 6.6035 -0.9333 0.2279 -0.2776 0.7489 0.5528
-7.6989 41.3985 -23.5382 0.0575 0.3863 -0.9206 0.0428 0.0028
-7.6989 41.3985 -23.5382 0.0294 0.6515 -0.7581 0.6125 0.5136
13.7664 -30.2842 -23.7696 0.9241 0.0141 -0.3818 0.1862 0.4400
13.7664 -30.2842 -23.7696 0.5037 0.0175 -0.8637 0.1762 0.4483
-14.5589 -28.9931 -22.2777 -0.9911 -0.0013 -0.1330 0.9284 0.9333
14.6346 0.8529 3.4550 0.9984 0.0057 -0.0555 0.3554 0.2465
-12.1787 1.0564 22.6927 -0.2119 -0.0146 0.9772 0.6540 0.2401
-2.8567 -41.4175 -19.1033 0.0278 -0.9984 -0.0492 0.3628 0.5461
-1.8849 40.8695 7.7640 0.0266 0.9996 0.0104 0.5763 0.7082
8.2612 40.6732 -10.1378 0.0538 0.9985 0.0072 0.5133 0.5969
-5.1419 -22.9556 -24.6017 0.0286 -0.0056 -0.9996 0.0587 0.4028
-0.3420 -23.5192 24.1143 -0.0334 -0.0173 0.9993 0.5804 0.3929
14.8671 7.0077 16.4066 0.9990 0.0334 -0.0288 0.4359 0.2083
3.1376 40.7195 6.5564 0.0346 0.9990 0.0296 0.5451 0.7007
-12.9740 39.1991 11.5151 -0.9505 0.1390 -0.2779 0.2710 0.5850
-12.9740 39.1991 11.5151 -0.6428 -0.6808 -0.3510 0.1509 0.6844
14.3540 -37.8842 -7.1826 0.9996 -0.0280 -0.0108 0.2893 0.4873
-14.3179 36.7549 -14.1592 -0.9973 0.0730 0.0127 0.8780 0.5247
-14.3757 -39.1615 2.3272 -0.9439 -0.3288 0.0297 0.7755 0.9965
-14.3757 -39.1615 2.3272 -0.4132 -0.9106 -0.0028 0.2912 0.6793
14.7614 -4.1647 9.2554 0.9941 -0.1076 -0.0126 0.3915 0.2777
-7.8600 -40.7862 -23.2355 -0.2200 -0.8282 -0.5154 0.0635 0.6187
-11.7374 1.1242 22.8595 -0.6151 -0.0120 0.7884 0.6512 0.2397
-13.6592 -39.0688 7.3717 0.0028 -0.9997 -0.0256 0.2957 0.7107
4.8439 -41.4739 3.8514 0.0314 -0.9994 0.0135 0.4107 0.6888
-14.6044 29.3248 -13.2707 -1.0000 -0.0007 0.0045 0.8724 0.5709
-14.0787 1.9242 17.2137 -0.9985 -0.0306 0.0455 0.6830 0.7412
-14.3905 2.4420 10.9338 -0.9934 -0.1085 0.0365 0.7220 0.7380
-13.7086 0.5284 22.2292 -0.6942 -0.0098 0.7197 0.6635 0.2434
-12.7103 40.2236 17.4778 -0.9839 0.1769 0.0257 0.2773 0.5479
-14.4453 14.3041 9.2243 -0.9997 -0.0021 0.0255 0.7326 0.6642
14.5156 -21.6423 -2.0190 0.9950 -0.0970 -0.0225 0.3214 0.3863
-14.5053 1.8852 1.3562 -0.9992 -0.0365 0.0151 0.7815 0.7414
9.7225 36.0753 -24.1046 0.0528 0.0046 -0.9986 0.1511 0.0359
14.8630 -6.9686 19.8910 0.9985 0.0121 0.0541 0.4576 0.2951
-14.7546 -2.9315 -17.3832 -0.9998 0.0063 -0.0163 0.8980 0.7714
14.6331 -25.2660 10.1031 0.9852 0.0372 -0.1674 0.3967 0.4088
-13.8869 37.8455 22.6027 -0.7304 0.0302 0.6824 0.6646 0.0115
12.1010 28.3496 23.9847 0.2343 -0.0241 0.9719 0.5031 0.0705
3.9567 6.5789 -24.3100 0.0203 0.0129 -0.9997 0.1153 0.2192
-8.2594 40.5791 22.9570 0.0800 0.7778 0.6234 0.6159 0.8026
14.4524 -37.4610 -0.0872 0.9990 -0.0435 -0.0038 0.3334 0.4846
13.0491 40.4814 -22.4305 0.1503 0.9869 -0.0594 0.4835 0.5205
14.0805 26.3978 -20.1089 0.9998 -0.0061 -0.0179 0.2090 0.0878
-12.8515 39.7282 9.5009 -0.9955 0.0665 -0.0672 0.2742 0.5975
14.4155 -27.2427 -8.1050 1.0000 -0.0042 -0.0069 0.2836 0.4211
-11.8669 -17.9431 22.6508 -0.8885 -0.0157 0.4586 0.1625 0.5404
-11.8669 -17.9431 22.6508 -0.6185 -0.0114 0.7857 0.6520 0.3582
-14.6953 23.2268 -14.0101 -0.9999 0.0115 -0.0035 0.8770 0.6088
14.4202 2.8125 -5.6941 0.9999 0.0054 -0.0154 0.2986 0.2343
4.7624 40.7974 -23.3545 0.0014 0.7978 -0.6030 0.5350 0.5148
14.3862 -34.0182 -2.4388 0.9999 -0.0156 0.0008 0.3188 0.4632
2.6815 40.9551 -17.7423 0.0457 0.9989 0.0080 0.5479 0.5496
-11.6610 -31.9011 22.6983 -0.9466 -0.0030 -0.3225 0.1622 0.6271
-11.6610 -31.9011 22.6983 -0.5600 -0.0128 0.8284 0.0181 0.5402
14.2811 -15.7003 -12.9622 0.9998 -0.0031 -0.0195 0.2534 0.3494
-5.0453 41.0869 -6.4551 0.0237 0.9996 0.0159 0.5960 0.6198
-10.5673 -39.8435 22.7480 -0.1124 -0.7475 0.6546 0.3149 0.8062
-10.5673 -39.8435 22.7480 0.0944 -0.6297 0.7711 0.1365 0.6591
-10.5673 -39.8435 22.7480 -0.3542 -0.1644 0.9206 0.0364 0.5863
14.4450 36.1258 7.2257 0.9995 0.0307 0.0034 0.3789 0.0273
6.9971 -41.3176 -5.3973 0.0332 -0.9993 -0.0144 0.4240 0.6313
-12.1786 -39.3577 22.2971 -0.0226 -0.9158 0.4011 0.3049 0.8034
3.2617 -41.6315 10.6148 -0.0475 -0.9973 -0.0566 0.4008 0.7308
2.4017 -41.5658 9.0535 -0.0286 -0.9991 0.0311 0.3955 0.7211
-14.5488 -36.2375 -20.4068 -0.9975 -0.0278 -0.0656 0.9168 0.9784
-1.2258 -41.3227 -23.0587 0.0019 -0.9988 -0.0487 0.3729 0.5215
14.7732 -28.3465 2.3728 0.9965 -0.0620 -0.0562 0.3487 0.4280
-11.3927 -13.6927 23.2824 -0.3615 0.0076 0.9324 0.6491 0.3318
-0.5858 -40.8634 -23.7711 0.1409 -0.0118 -0.9900 0.0870 0.5141
14.5377 -18.5347 8.7907 0.9926 -0.1147 -0.0394 0.3886 0.3670
-3.8995 16.9401 24.3589 -0.0500 -0.0740 0.9960 0.6025 0.1414
-14.6312 17.5500 0.9174 -0.9999 -0.0001 0.0145 0.7843 0.6441
14.4697 25.7554 22.9973 0.7702 -0.0102 0.6377 0.4884 0.0866
7.2543 -41.2617 -12.5686 0.0478 -0.9988 0.0056 0.4256 0.5867
-6.2743 -41.1172 22.3957 0.0569 0.4338 0.8992 0.0285 0.5597
14.1093 -40.4813 -0.1368 0.7537 -0.6570 -0.0173 0.4682 0.6640
-14.3143 24.8648 15.5793 -0.9996 -0.0058 0.0278 0.6931 0.5986
14.6726 -7.8047 7.6970 0.9955 -0.0946 -0.0036 0.3818 0.3003
-14.7160 -37.7741 -10.2954 -0.9991 -0.0420 -0.0008 0.8539 0.9879
-4.2024 -19.4894 -24.5978 0.0316 -0.0041 -0.9995 0.0646 0.3812
-1.0536 -13.1452 24.1689 -0.0782 -0.0158 0.9968 0.5848 0.3284
14.4584 -30.2565 -7.6774 0.9999 0.0027 -0.0143 0.2862 0.4399
-10.8961 34.8471 24.0251 -0.0992 -0.0190 0.9949 0.6460 0.0301
-11.7135 33.7330 23.0994 -0.2839 -0.0075 0.9588 0.6511 0.0371
8.9899 -28.6699 -24.1352 0.0615 -0.0271 -0.9977 0.1465 0.4383
14.6339 -11.1258 10.4545 0.9961 -0.0781 -0.0423 0.3989 0.3210
14.8388 18.3457 15.8723 0.9974 0.0389 -0.0598 0.4326 0.1378
-6.7045 -40.0795 22.3279 0.0647 -0.8374 0.5428 0.1339 0.6351
1.4557 40.5106 18.7895 0.1544 0.9875 0.0324 0.5556 0.7767
13.7493 40.3077 -15.5841 0.3920 0.9199 0.0112 0.4792 0.5631
14.2639 -28.1643 -15.8474 0.9996 0.0097 -0.0278 0.2355 0.4269
-14.2897 37.3390 12.8303 -0.9978 0.0648 0.0165 0.7102 0.5211
14.8192 -22.8491 9.3409 0.9984 -0.0240 -0.0521 0.3920 0.3938
2.6116 -35.1102 -24.2645 0.0339 -0.0220 -0.9992 0.1069 0.4783
1.7830 -6.9231 -24.3010 0.0991 0.0004 -0.9951 0.1018 0.3031
4.8577 -41.3425 -5.3418 0.0087 -0.9999 -0.0137 0.4108 0.6316
13.2527 -41.6889 21.9145 0.3267 -0.8845 0.3330 0.4629 0.8010
7.9456 -41.2296 -17.2718 0.0557 -0.9984 0.0134 0.4299 0.5575
-1.2237 -41.2163 -23.6728 0.0166 -0.8618 -0.5069 0.3730 0.5177
2.0711 -41.3801 -6.0280 0.0364 -0.9993 -0.0029 0.3934 0.6274
-7.3042 -36.4124 23.7383 -0.0166 -0.0101 0.9998 0.6237 0.4730
-3.1264 11.9665 24.2213 -0.1510 -0.0632 0.9865 0.5977 0.1723
-14.7195 8.4017 -17.7994 -0.9995 0.0117 -0.0309 0.9006 0.7009
14.5395 28.9734 9.3898 0.9998 0.0099 -0.0167 0.3923 0.0717
13.3302 -40.9599 1.4744 0.1740 -0.9843 -0.0283 0.4634 0.6740
-7.8951 17.3676 24.0523 -0.1654 0.0135 0.9861 0.6274 0.1388
14.3821 32.8211 -0.1121 1.0000 -0.0036 -0.0061 0.3332 0.0478
-14.7094 3.8875 -18.9121 -0.9995 -0.0011 -0.0309 0.9075 0.7290
-13.3799 -30.9187 -24.2154 -0.1549 0.0040 -0.9879 0.0075 0.4523
9.8562 39.5392 23.0030 0.0253 0.6633 0.7479 0.5034 0.8029
9.8562 39.5392 23.0030 0.0058 0.3387 0.9409 0.1747 0.5338
-12.9716 31.5438 -4.6985 -1.0000 0.0034 0.0061 0.2234 0.6858
0.6061 40.8963 -23.5124 0.0232 0.1451 -0.9891 0.0944 0.0059
0.6061 40.8963 -23.5124 0.0043 0.6840 -0.7294 0.5608 0.5138
-11.3956 17.5131 23.5258 -0.4065 -0.0124 0.9136 0.6491 0.1379
-13.5403 33.9366 6.9431 -0.1999 0.4877 -0.8498 0.0160 0.6133
-12.6896 26.5445 -24.3661 -0.1270 -0.0036 -0.9919 0.0118 0.0951
13.0889 40.4710 -15.5221 0.1504 0.9884 0.0200 0.4833 0.5634
8.2695 -41.6390 21.9010 -0.0385 -0.9873 0.1539 0.4320 0.8010
14.0549 -33.0734 -21.1414 0.9984 0.0023 -0.0562 0.2025 0.4574
-3.7116 -41.5733 4.9996 0.0068 -1.0000 0.0031 0.3575 0.6959
-5.9353 41.0876 -5.0712 0.0180 0.9997 0.0169 0.6015 0.6284
2.1726 40.7141 8.6517 0.0737 0.9973 -0.0029 0.5511 0.7137
-13.4572 -39.2329 -24.3736 -0.0618 0.0351 -0.9975 0.0070 0.5039
-11.7616 -19.9847 22.7885 -0.9425 -0.0090 0.3341 0.1616 0.5531
-12.9220 30.6877 -0.2432 -0.9998 -0.0048 0.0191 0.2181 0.6581
-14.4163 4.5979 9.3273 -0.9994 0.0166 0.0310 0.7320 0.7246
4.1978 -39.1668 23.4470 0.0059 -0.3618 0.9323 0.5522 0.4901
4.1978 -39.1668 23.4470 -0.0014 -0.5265 0.8502 0.4066 0.8106
14.2475 -10.3764 -13.7313 0.9995 -0.0013 -0.0313 0.2486 0.3163
-5.0948 33.2576 -24.5433 0.0080 0.0129 -0.9999 0.0590 0.0534
14.1954 39.9293 -11.9762 0.9464 0.3228 -0.0085 0.2595 0.0037
14.1954 39.9293 -11.9762 0.6365 0.7713 0.0059 0.4764 0.5855
-14.6892 15.1961 -16.2094 -0.9998 0.0032 -0.0179 0.8907 0.6587
-0.8330 -41.5647 21.2857 0.0130 -0.9975 0.0696 0.3754 0.7971
13.0824 -39.2512 -23.6930 -0.1765 -0.1052 -0.9787 0.1720 0.5041
14.3797 35.4474 4.6491 0.9995 -0.0136 -0.0277 0.3628 0.0315
-14.7662 -33.6340 -17.3825 -0.9990 -0.0206 -0.0398 0.8980 0.9622
-12.8047 38.9145 0.1354 -0.9998 0.0201 -0.0008 0.2692 0.6557
-14.0482 33.2723 22.3339 -0.7930 -0.0176 0.6090 0.6656 0.0399
-14.0482 33.2723 22.3339 -0.9418 -0.0027 0.3362 0.6512 0.5464
-13.0735 -5.3874 22.5333 -0.2737 -0.0140 0.9617 0.6595 0.2802
-13.9487 3.9649 21.2551 -0.9985 -0.0118 0.0533 0.6579 0.7285
-14.5650 -19.5035 7.7105 -0.9993 0.0090 0.0370 0.7420 0.8744
-8.6904 -40.4160 21.8705 0.0582 -0.5221 0.8509 0.1310 0.6475
-8.6904 -40.4160 21.8705 0.0857 0.3281 0.9407 0.0329 0.5747
-8.6904 -40.4160 21.8705 0.0726 0.5347 0.8419 0.1187 0.5349
-7.0479 -41.5234 -9.4651 0.0926 -0.9957 0.0096 0.3368 0.6060
8.9033 -40.1668 -23.8395 0.0305 -0.2518 -0.9673 0.1460 0.5098
-8.9061 -2.4376 -24.7032 -0.0362 0.0088 -0.9993 0.0353 0.2753
-14.4312 3.1854 9.8616 -0.9993 -0.0002 0.0376 0.7287 0.7333
6.1480 40.0103 22.5896 0.0742 0.9385 0.3371 0.5264 0.8003
-14.6606 17.1383 -1.9342 -0.9999 0.0005 0.0120 0.8020 0.6466
14.7578 -28.2776 11.1749 0.9995 -0.0024 -0.0310 0.4034 0.4276
14.2100 12.6629 -12.8244 0.9996 0.0158 -0.0212 0.2542 0.1731
14.7420 -24.6268 10.7654 0.9919 -0.0010 -0.1272 0.4009 0.4049
14.5416 -33.9722 0.1358 0.9948 0.0080 -0.1011 0.3348 0.4630
14.7469 0.3624 8.9345 0.9985 -0.0366 -0.0399 0.3895 0.2496
14.8554 -2.8683 13.6221 0.9988 0.0395 0.0290 0.4186 0.2696
0.3614 -1.9832 24.3898 -0.0376 -0.0158 0.9992 0.5760 0.2590
14.2044 2.1851 -15.1264 0.9996 0.0073 -0.0265 0.2399 0.2382
-4.0022 -41.5794 0.3277 0.0161 -0.9998 -0.0081 0.3557 0.6669
13.7739 -31.1526 -23.7851 0.8796 0.0161 -0.4755 0.1861 0.4454
13.7739 -31.1526 -23.7851 0.5266 0.0179 -0.8499 0.1763 0.4537
-5.6359 28.0921 24.3257 -0.0705 -0.0137 0.9974 0.6133 0.0721
14.7940 0.0629 14.7981 0.9986 0.0019 -0.0530 0.4259 0.2514
14.4501 -30.0574 0.3741 0.9959 -0.0734 0.0523 0.3363 0.4386
-8.8488 41.6527 -21.8962 0.0574 0.9955 0.0756 0.6196 0.5238
-2.5257 27.6739 -24.5157 0.0317 -0.0098 -0.9994 0.0750 0.0881
-14.2029 -2.4005 14.2215 -0.9938 -0.0533 0.0979 0.7016 0.7681
13.8409 -8.7903 -23.2303 0.9962 -0.0069 -0.0864 0.1896 0.3064
8.0357 40.6502 -5.4422 0.0552 0.9984 0.0101 0.5147 0.6261
-14.7406 -0.1848 -6.6829 -0.9999 0.0115 0.0084 0.8315 0.7543
5.4251 5.6021 -24.3197 0.0145 0.0038 -0.9999 0.1244 0.2253
8.9840 -41.1775 -17.7281 0.0697 -0.9975 0.0084 0.4364 0.5547
-12.6688 -40.3779 3.2004 -0.9815 -0.1910 0.0085 0.1934 0.5595
-12.6688 -40.3779 3.2004 -0.7747 -0.6323 0.0035 0.3018 0.6847
-13.5316 -1.4232 22.3836 -0.5513 -0.0129 0.8342 0.6624 0.2555
4.4775 -41.6358 13.7853 -0.0143 -0.9998 0.0106 0.4084 0.7505
2.4982 -10.1912 -24.3563 0.0229 -0.0037 -0.9997 0.1062 0.3235
-13.8544 -39.1580 -1.1612 0.1387 -0.9715 0.1924 0.2945 0.6576
13.8710 -26.7455 -23.3048 0.9965 0.0038 -0.0838 0.1891 0.4180
14.1336 0.4520 -17.2644 0.9997 -0.0122 -0.0230 0.2266 0.2490
-13.8216 -38.9155 16.7321 -0.9850 -0.1572 0.0709 0.6860 0.9950
1.9625 40.2717 20.1573 0.2544 0.9624 0.0958 0.5524 0.7852
-9.1333 -7.3400 23.6467 -0.1348 -0.0104 0.9908 0.6351 0.2923
-11.4650 -41.2680 22.2950 -0.3150 -0.4389 0.8415 0.0276 0.5919
-11.4650 -41.2680 22.2950 -0.5180 -0.8357 0.1824 0.3093 0.8034
-3.8350 20.4473 24.0820 -0.2406 -0.0192 0.9704 0.6021 0.1196
-0.7622 -39.8981 22.4247 0.0892 -0.3955 0.9141 0.0389 0.6225
-0.7622 -39.8981 22.4247 0.0087 -0.7696 0.6384 0.3758 0.8042
-0.3448 -20.2766 -24.4630 0.0294 -0.0060 -0.9995 0.0885 0.3861
12.8178 -19.6931 -23.9488 0.1144 -0.0037 -0.9934 0.1703 0.3825
14.5841 12.5380 5.0591 0.9996 -0.0132 -0.0244 0.3654 0.1739
14.2749 14.6286 -10.4770 0.9998 0.0080 -0.0192 0.2688 0.1609
14.5392 34.9388 21.5605 0.9992 0.0184 -0.0365 0.4679 0.0347
-4.5194 18.4573 -24.5901 0.0198 -0.0061 -0.9998 0.0626 0.1454
-13.7540 -2.3109 22.1459 -0.9398 -0.0038 0.3418 0.6523 0.7675
-13.7540 -2.3109 22.1459 -0.7028 -0.0143 0.7112 0.6638 0.2611
5.1396 -4.9317 -24.3380 0.0376 0.0030 -0.9993 0.1226 0.2908
14.4528 19.8476 0.8401 0.9997 0.0056 -0.0217 0.3392 0.1285
-14.4494 14.0151 -21.6352 -0.9994 0.0207 -0.0288 0.9244 0.6660
-7.3834 -40.8712 22.3394 0.0512 0.4484 0.8924 0.0300 0.5665
-7.3834 -40.8712 22.3394 0.0720 0.8642 0.4980 0.1216 0.5430
14.6170 -32.6134 20.1390 0.9967 -0.0338 0.0738 0.4591 0.4545
14.4095 -8.2994 -7.7958 0.9996 -0.0056 -0.0279 0.2855 0.3034
-14.5280 -15.9798 -22.2293 -0.9859 0.0052 -0.1673 0.9281 0.8525
-11.8151 -31.7543 22.5980 -0.3806 -0.0090 0.9247 0.6517 0.4441
-11.8151 -31.7543 22.5980 -0.5471 -0.0127 0.8370 0.0191 0.5393
0.8716 -22.6841 24.1679 -0.0198 -0.0145 0.9997 0.5729 0.3877
14.4839 -30.8366 -5.6727 0.9998 0.0016 -0.0187 0.2987 0.4435
-14.5692 1.8203 -20.8528 -0.9968 -0.0208 -0.0775 0.9196 0.7418
-6.2796 -25.5734 23.8264 -0.0472 -0.0016 0.9989 0.6173 0.4056
14.7687 -25.4030 19.2922 0.9984 0.0043 0.0565 0.4538 0.4097
14.0249 30.2179 23.5346 0.4786 -0.0202 0.8778 0.4911 0.0589
-9.1006 -40.7115 22.2979 0.0484 0.7518 0.6576 0.1213 0.5324
-12.2032 40.1665 -23.5068 -0.5969 -0.1482 -0.7885 0.0148 0.0105
-12.6948 -39.5903 7.3361 -0.9551 -0.2962 0.0013 0.1983 0.5338
-12.6948 -39.5903 7.3361 -0.5390 -0.8282 -0.1538 0.3017 0.7104
-13.0280 -39.5110 -14.8304 -0.9848 -0.1701 0.0341 0.1988 0.6715
-13.0365 -39.5110 -23.8532 -0.1719 -0.3594 0.9172 0.2123 0.8070
-13.0365 -39.5110 -23.8532 -0.5293 -0.7642 0.3686 0.2995 0.5166
-14.0882 -22.3798 17.5225 -0.9974 -0.0056 0.0716 0.6811 0.8922
7.4371 -41.6407 21.3725 -0.0143 -0.9997 0.0217 0.4268 0.7977
-11.5168 23.5350 23.4903 -0.8704 -0.0148 0.4921 0.1068 0.6193
-11.5168 23.5350 23.4903 -0.7263 -0.0078 0.6873 0.6499 0.1004
-13.0093 30.0231 -3.7619 -0.9924 0.1121 0.0515 0.2139 0.6800
-8.0721 -7.1553 -24.6818 0.0154 0.0215 -0.9996 0.0405 0.3046
1.6472 -40.7424 21.5095 0.0291 -0.5644 0.8250 0.1288 0.5832
1.6472 -40.7424 21.5095 -0.0150 0.2402 0.9706 0.0270 0.6362
14.6500 13.7115 7.2951 0.9965 0.0058 0.0833 0.3793 0.1666
5.3163 40.8111 -23.3200 0.0293 0.9557 -0.2929 0.5316 0.5150
8.1754 -7.3115 23.9420 0.1068 -0.0013 0.9943 0.5275 0.2921
14.7709 9.4463 8.5669 0.9986 0.0492 -0.0180 0.3872 0.1931
-12.4350 39.3898 -23.2982 -0.6081 0.2961 -0.7366 0.0134 0.0153
-12.4350 39.3898 -23.2982 -0.4638 0.6469 -0.6053 0.0505 0.5271
14.2433 27.7377 -10.8281 0.9999 -0.0107 -0.0126 0.2666 0.0794
-10.7359 -9.5323 -24.5877 -0.1302 0.0071 -0.9915 0.0240 0.3194
-14.8949 -32.8890 -3.0144 -0.9998 -0.0102 0.0152 0.8087 0.9576
-14.2879 23.6424 -21.9550 -0.9921 0.0163 -0.1240 0.9264 0.6062
11.4649 -16.6751 23.3440 0.2243 -0.0160 0.9744 0.5070 0.3503
3.2293 -41.6310 16.4816 0.1169 -0.9931 0.0136 0.4006 0.7673
14.3532 36.1013 3.1045 0.9999 0.0123 -0.0068 0.3532 0.0274
13.6596 -13.9811 -23.7731 0.9293 0.0117 -0.3692 0.1862 0.3387
13.6596 -13.9811 -23.7731 0.5434 0.0001 -0.8395 0.1756 0.3470
-12.3118 -41.1392 -10.9870 -0.6620 -0.7494 0.0066 0.3040 0.5966
-5.3596 -41.5649 11.4145 -0.0223 -0.9997 0.0097 0.3472 0.7358
-14.0539 -39.0678 11.6800 -0.7148 -0.6975 0.0511 0.2932 0.7374
12.8850 10.0974 -23.9766 0.2057 0.0019 -0.9786 0.1708 0.1974
-13.4599 -39.3426 20.9248 -0.8418 -0.5387 0.0345 0.2969 0.7949
-13.4599 -39.3426 20.9248 -0.9913 -0.0928 0.0932 0.6599 0.9977
-14.0607 -6.1419 18.2595 -0.9993 0.0033 0.0378 0.6765 0.7913
-0.3102 -41.3085 -22.8056 -0.0041 -0.9985 0.0546 0.3786 0.5231
-14.3703 32.6489 -8.1213 -0.5002 0.5763 0.6463 0.0973 0.5243
-14.3703 32.6489 -8.1213 -0.8811 0.3159 0.3519 0.8404 0.5502
2.2704 -41.4525 -0.4377 -0.0368 -0.9991 -0.0231 0.3947 0.6621
14.7033 18.3690 13.8195 0.9984 0.0375 -0.0424 0.4198 0.1377
10.8895 40.4743 -7.8619 0.0850 0.9963 0.0098 0.4969 0.6111
-11.6569 -35.5015 23.4770 -0.7346 0.0182 0.6783 0.6507 0.4673
14.4924 -31.2348 21.5506 0.9814 -0.0020 0.1919 0.4679 0.4459
-12.9089 30.2642 1.6054 -0.9965 0.0800 -0.0245 0.2154 0.6466
-5.9776 15.7941 -24.6214 0.0115 0.0118 -0.9999 0.0535 0.1620
14.7691 5.5509 21.9828 0.9905 -0.0046 0.1374 0.4706 0.2173
-13.1169 29.2750 1.7820 -0.4641 0.8522 -0.2418 0.0895 0.5859
-11.9002 38.4042 23.2482 -0.2859 -0.1115 0.9517 0.6523 0.0080
-11.9002 38.4042 23.2482 -0.2497 0.7932 0.5554 0.0680 0.6130
-1.2150 7.3074 24.4260 -0.0528 -0.0115 0.9985 0.5858 0.2013
-13.1862 33.7121 6.7842 -0.1012 0.4080 -0.9073 0.0182 0.6147
14.7953 22.6958 14.8101 0.9998 0.0145 0.0111 0.4260 0.1108
12.8968 4.4837 23.3015 0.2422 -0.0155 0.9701 0.4981 0.2188
13.7102 -4.5665 -23.6734 0.9192 0.0011 -0.3939 0.1868 0.2802
13.7102 -4.5665 -23.6734 0.6252 -0.0154 -0.7803 0.1759 0.2885
-3.1539 -41.5288 -7.6830 0.0181 -0.9998 -0.0062 0.3610 0.6171
9.0253 -38.7107 -23.8905 0.0572 -0.0317 -0.9979 0.1468 0.5007
-12.9864 -39.1039 -8.0316 -0.9972 -0.0682 0.0317 0.2013 0.6293
-14.3825 13.0890 11.2914 -0.9995 -0.0005 0.0313 0.7198 0.6718
13.9497 21.6744 -23.3873 0.9264 -0.0010 -0.3764 0.1886 0.1171
13.9497 21.6744 -23.3873 0.8572 -0.0003 -0.5150 0.1774 0.1254
-4.0853 40.5619 21.3810 0.0458 0.9972 0.0589 0.5900 0.7928
7.7762 -41.3187 22.1984 -0.0196 0.0718 0.9972 0.5300 0.5035
7.7762 -41.3187 22.1984 -0.0371 0.5446 0.8379 0.1207 0.6373
14.9211 -16.5656 18.6135 0.9993 -0.0182 0.0328 0.4496 0.3548
10.9393 -41.6655 15.8165 0.0324 -0.9993 -0.0199 0.4485 0.7631
-12.9468 30.7389 -4.5675 -0.9957 0.0762 0.0535 0.2184 0.6850
14.6691 28.8253 14.3226 0.9996 0.0104 -0.0276 0.4230 0.0727
13.8119 -19.7565 -23.5498 0.9942 0.0145 -0.1065 0.1876 0.3746
13.8119 -19.7565 -23.5498 0.8386 0.0079 -0.5447 0.1765 0.3829
-13.9271 -20.4773 -23.8673 -0.6340 -0.0058 -0.7733 0.0041 0.3874
-13.8298 29.0222 0.5394 0.4715 0.8786 -0.0758 0.0939 0.5782
-13.8298 29.0222 0.5394 0.9247 0.3234 -0.2006 0.1765 0.6794
-12.7576 40.7008 -21.6366 -0.9779 0.2079 0.0197 0.2803 0.7910
14.7185 -30.5302 9.2081 0.9984 0.0492 -0.0280 0.3912 0.4416
-7.6097 -40.6030 21.8824 0.0826 0.7397 0.6678 0.1188 0.5416
14.2587 25.6212 -5.2909 0.9998 0.0158 -0.0074 0.3011 0.0926
4.7857 21.0798 -24.0876 0.2226 -0.0117 -0.9748 0.1204 0.1291
-9.1459 -22.8157 23.6416 -0.1098 0.0013 0.9940 0.6351 0.3885
-13.3148 35.4721 -9.6862 -0.0591 0.3796 0.9233 0.0062 0.5420
3.2796 7.7179 -24.3673 0.1724 0.0119 -0.9850 0.1111 0.2121
-12.9782 38.9525 20.1246 -0.2604 0.9655 0.0074 0.0747 0.5936
11.3246 21.6317 -24.0774 -0.0342 0.0214 -0.9992 0.1611 0.1257
-13.3990 -20.3832 22.2226 -0.5271 -0.0074 0.8498 0.6616 0.3734
3.2812 -40.7057 -23.4219 -0.0214 -0.4487 -0.8934 0.1111 0.5131
-14.3483 -35.9278 11.0819 -0.9977 -0.0421 0.0525 0.7211 0.9764
0.7480 -41.6349 17.8749 -0.0218 -0.9997 0.0075 0.3852 0.7759
13.6719 -27.6297 -23.8332 0.5278 0.0120 -0.8493 0.1756 0.4318
-10.8197 -18.6836 -24.5952 -0.1572 -0.0099 -0.9875 0.0234 0.3762
14.2046 30.8946 -15.5290 0.9999 -0.0075 -0.0085 0.2374 0.0598
14.3194 -11.3166 -11.4066 0.9994 -0.0151 -0.0315 0.2631 0.3221
-13.8814 39.1464 -11.8480 -0.1949 0.9797 0.0474 0.0595 0.5982
14.8699 9.4521 19.9030 0.9997 -0.0251 0.0008 0.4576 0.1931
14.5867 19.5381 9.2725 0.9998 0.0107 -0.0140 0.3916 0.1304
14.2251 24.5123 -10.2185 0.9999 0.0117 -0.0075 0.2704 0.0995
13.1050 40.5228 -19.8686 0.1498 0.9887 -0.0084 0.4832 0.5364
-14.2029 13.4696 17.7908 -0.9988 -0.0082 0.0487 0.6794 0.6694
14.5870 -0.6075 1.0046 0.9998 0.0014 -0.0203 0.3402 0.2556
-14.6729 7.3030 -0.1743 -0.9999 0.0034 0.0168 0.7910 0.7078
-0.3833 40.9623 -7.8477 0.0300 0.9995 -0.0024 0.5670 0.6111
-6.6079 40.1759 23.2218 0.0599 0.5110 0.8575 0.6057 0.8042
-6.6079 40.1759 23.2218 0.0199 0.2686 0.9630 0.1786 0.6361
-4.4584 -41.0820 -23.6810 -0.0825 -0.1369 -0.9871 0.0630 0.5154
-3.4679 -41.2982 22.2676 -0.0372 -0.9342 0.3547 0.3590 0.8032
-3.4679 -41.2982 22.2676 -0.0829 -0.0996 0.9916 0.0274 0.5422
14.7214 -4.2702 8.2295 0.9850 -0.1702 -0.0301 0.3851 0.2784
14.6983 -0.3969 9.6826 0.9992 0.0027 -0.0396 0.3941 0.2543
14.7436 -12.5012 7.4669 0.9974 0.0722 -0.0083 0.3804 0.3295
4.3071 -41.3628 -5.8417 0.0162 -0.9997 0.0184 0.4073 0.6285
14.7870 -28.3728 17.0838 0.9988 -0.0433 0.0234 0.4401 0.4282
3.4328 40.6301 13.8764 -0.0067 0.9999 0.0076 0.5433 0.7462
-13.8922 -35.3193 17.9440 -0.9964 -0.0296 0.0790 0.6784 0.9727
-13.4148 -39.6970 -23.9842 -0.1422 -0.3599 0.9221 0.2112 0.8093
-13.4148 -39.6970 -23.9842 -0.3542 -0.6864 0.6352 0.2972 0.5158
5.1515 6.4601 -24.3116 0.0034 -0.0050 -1.0000 0.1227 0.2200
14.6694 -4.3009 4.8713 1.0000 -0.0011 0.0011 0.3642 0.2785
14.1293 3.3081 -17.3117 0.9998 0.0106 -0.0196 0.2264 0.2313
14.4215 -36.1967 -3.7719 0.9973 -0.0608 0.0412 0.3105 0.4768
13.9877 -15.8478 22.6632 0.5544 -0.0061 0.8322 0.4914 0.3452
-14.6614 22.8582 -16.0938 -0.9993 0.0061 -0.0376 0.8900 0.6111
14.1366 -0.0007 -16.9475 0.9995 -0.0098 -0.0307 0.2286 0.2518
1.0347 40.7365 -23.5165 0.0426 -0.0174 -0.9989 0.0971 0.0069
14.7369 -13.2912 7.3320 0.9999 0.0057 -0.0157 0.3795 0.3344
11.0888 40.3764 6.8484 0.0648 0.9979 0.0037 0.4957 0.7025
1.8488 40.9990 -18.4287 0.0571 0.9983 -0.0139 0.5531 0.5454
11.1020 -41.0647 -2.1683 0.0931 -0.9954 -0.0222 0.4496 0.6514
14.4107 -35.9331 -5.0685 0.9993 -0.0363 -0.0118 0.3024 0.4751
14.7183 4.2406 22.1745 0.9403 -0.0095 0.3402 0.4718 0.2255
-14.6134 27.7156 -14.9933 -0.9994 0.0192 -0.0272 0.8831 0.5809
14.6888 25.9922 18.0802 0.9966 0.0672 -0.0474 0.4463 0.0903
14.2396 28.1418 -9.7896 0.9970 0.0771 -0.0083 0.2731 0.0769
7.9686 -26.2785 23.7382 0.0910 -0.0123 0.9958 0.5288 0.4100
13.8999 -14.8029 -22.1424 0.9974 0.0057 -0.0717 0.1963 0.3438
14.2449 33.5627 -9.2144 0.9999 -0.0137 -0.0099 0.2767 0.0432
-14.5761 -4.9985 3.9990 -0.9997 0.0008 0.0252 0.7651 0.7842
4.4096 -26.9465 -24.3125 0.0146 -0.0058 -0.9999 0.1181 0.4276
-14.2703 26.9505 17.5143 -0.9987 -0.0121 0.0489 0.6811 0.5856
14.3169 -30.7340 -14.6092 0.9989 0.0146 -0.0441 0.2431 0.4428
13.2976 -38.8931 22.7854 0.2266 -0.0273 0.9736 0.4956 0.4884
-1.3155 40.9232 -23.5349 -0.0109 0.1904 -0.9816 0.0825 0.0058
-1.3155 40.9232 -23.5349 0.0352 0.5168 -0.8554 0.5728 0.5136
-10.4754 39.0890 23.6147 -0.0222 0.6630 0.7483 0.6297 0.8067
14.0173 19.8738 -22.0696 0.9999 -0.0034 -0.0117 0.1968 0.1283
-13.1669 -38.9578 -3.1388 -0.0798 -0.9942 0.0716 0.2987 0.6453
-14.7172 19.4873 -6.6361 -1.0000 0.0044 0.0051 0.8312 0.6320
4.3979 -41.4350 1.3671 -0.0092 -0.9983 -0.0568 0.4079 0.6733
14.6600 -29.2186 0.1740 0.9963 -0.0460 0.0721 0.3350 0.4334
8.0849 -41.1918 -23.3082 0.0190 -0.9386 -0.3444 0.4308 0.5200
11.0338 -41.7488 21.6720 -0.0084 -0.9983 0.0585 0.4491 0.7995
-14.4971 20.4390 -20.6227 -0.9869 0.0150 -0.1609 0.9181 0.6261
0.9815 41.0108 -19.8915 0.0619 0.9981 -0.0016 0.5585 0.5363
-14.8232 -35.9087 -13.3848 -0.9987 -0.0492 -0.0115 0.8731 0.9763
-11.4091 -41.4202 19.2202 -0.3920 -0.9199 0.0128 0.3097 0.7843
-5.2895 39.1169 23.4182 0.0313 0.5178 0.8549 0.5975 0.8055
-5.2895 39.1169 23.4182 0.0863 0.2319 0.9689 0.1721 0.6279
14.8362 13.4203 11.2874 0.9972 0.0746 -0.0031 0.4041 0.1684
-13.6268 -39.2899 16.7486 -0.1168 -0.9928 -0.0271 0.2959 0.7689
2.5770 40.8938 -7.2356 0.0410 0.9990 0.0153 0.5486 0.6149
-8.6876 40.9924 11.7924 0.0453 0.9990 0.0065 0.6186 0.7332
14.8877 12.6222 14.0175 0.9977 0.0618 0.0260 0.4211 0.1734
-14.0435 38.9354 14.9330 -0.3593 0.9332 -0.0077 0.0813 0.5613
5.3774 -41.5951 21.5059 -0.0184 -0.9994 0.0310 0.4140 0.7985
-14.3823 30.7173 4.6717 -0.9379 0.2933 -0.1850 0.7609 0.5622
-14.3823 30.7173 4.6717 -0.5871 0.6488 -0.4841 0.0973 0.6038
-13.8094 39.1322 -12.5432 -0.0169 0.9999 -0.0020 0.0591 0.5939
-13.5166 9.7132 22.5475 -0.5445 -0.0100 0.8387 0.6623 0.1863
14.4457 -26.5475 -8.6617 0.9999 0.0151 -0.0009 0.2801 0.4168
-0.7889 41.1121 -19.1283 0.0479 0.9989 0.0001 0.5695 0.5410
-14.1322 -33.1466 15.5555 -0.9972 -0.0189 0.0718 0.6933 0.9592
1.4391 -41.4827 21.1470 -0.0290 -0.9964 0.0802 0.3895 0.7963
-14.2714 -6.8598 13.4922 -0.9992 -0.0022 0.0391 0.7061 0.7958
14.8635 16.4449 16.9085 0.9998 -0.0110 -0.0169 0.4390 0.1496
-7.3938 21.3669 -24.6411 -0.0053 0.0158 -0.9999 0.0447 0.1273
-12.7263 39.1272 18.7203 -0.9379 0.3461 0.0247 0.2705 0.5402
-12.7263 39.1272 18.7203 -0.8350 0.5503 -0.0024 0.0731 0.5849
-13.3722 -39.1621 9.0085 0.0489 -0.9900 0.1324 0.2975 0.7208
-8.4834 -41.4034 11.9591 -0.1264 -0.9920 0.0011 0.3278 0.7392
-14.7446 -26.4021 3.5453 -0.9997 0.0059 0.0256 0.7679 0.9172
-5.0316 38.5966 24.0863 0.0043 0.6456 0.7637 0.5959 0.8096
-10.7076 31.7220 23.9739 -0.1099 -0.0247 0.9936 0.6448 0.0495
14.6371 -21.4211 1.1207 0.9997 -0.0213 -0.0100 0.3409 0.3849
1.7123 -11.8326 -24.3593 0.0335 -0.0067 -0.9994 0.1013 0.3337
-13.3761 39.4563 -21.0049 -0.0290 0.9996 -0.0020 0.0564 0.5413
-10.3443 41.6456 -21.1547 0.0738 0.9973 -0.0003 0.6289 0.5284
-14.2523 -39.2847 -6.0965 0.2448 -0.9685 -0.0457 0.2920 0.6270
9.8694 39.1094 23.1580 -0.0078 0.8285 0.5600 0.5033 0.8038
9.8694 39.1094 23.1580 0.0034 0.3429 0.9394 0.1720 0.5337
13.9726 -40.3005 -11.9247 0.7576 -0.6524 -0.0202 0.4674 0.5907
-0.1568 -40.6937 21.5446 -0.2284 -0.8249 0.5170 0.1290 0.5944
5.0078 38.9588 -23.5952 0.0243 0.1473 -0.9888 0.1218 0.0180
-13.1142 39.5224 11.2126 -0.9163 0.3922 0.0810 0.2730 0.5869
14.6947 -32.7503 9.6226 0.9965 -0.0284 -0.0787 0.3937 0.4554
-13.3198 -39.0482 -19.5349 -0.1347 -0.9902 -0.0359 0.2978 0.5434
14.5889 -18.0767 21.8771 0.9482 -0.0086 0.3177 0.4699 0.3642
-4.6132 22.6081 24.2614 0.0789 -0.0452 0.9959 0.6070 0.1062
-14.3057 -39.2120 0.1621 -0.2164 -0.9759 0.0273 0.2916 0.6659
-10.6382 19.4166 23.7617 -0.2071 -0.0266 0.9780 0.6444 0.1260
-11.8608 -11.3850 22.7400 -0.8612 0.0018 0.5082 0.6520 0.3175
6.3988 -41.2497 -21.4778 0.0110 -0.9999 -0.0059 0.4203 0.5314
6.8250 -41.2823 -22.9835 -0.0458 -0.9743 -0.2206 0.4230 0.5220
-14.2850 36.2929 -10.3985 -0.9834 0.0986 0.1522 0.8546 0.5276
1.7056 -41.4130 -7.4322 0.0675 -0.9977 -0.0019 0.3912 0.6187
-14.4311 23.5730 10.2226 -0.9998 -0.0067 0.0196 0.7264 0.6066
7.7373 -28.7903 -24.1941 0.0381 -0.0130 -0.9992 0.1388 0.4390
4.7083 -41.4975 3.3622 0.0196 -0.9998 -0.0020 0.4098 0.6857
-1.9132 -2.2282 24.0958 -0.2554 0.0062 0.9668 0.5902 0.2605
14.3546 27.7874 -1.4825 0.9998 -0.0034 -0.0190 0.3247 0.0791
14.8212 -5.9111 20.3945 0.9964 0.0028 0.0849 0.4607 0.2886
14.7358 -9.8823 9.9540 1.0000 0.0090 -0.0002 0.3958 0.3132
14.6821 -2.6864 5.6768 0.9999 0.0057 -0.0124 0.3692 0.2685
14.2610 39.6106 -14.5156 0.9943 0.1056 -0.0170 0.2437 0.0056
-14.6274 -28.5206 -21.2751 -0.9980 -0.0039 -0.0636 0.9222 0.9304
-0.0773 -41.6733 11.6465 0.0199 -0.9998 -0.0046 0.3801 0.7372
10.4885 40.4564 -1.1761 0.0771 0.9970 0.0052 0.4994 0.6526
-9.2873 17.4339 23.8440 -0.0099 -0.0934 0.9956 0.6360 0.1383
-13.9310 5.5523 21.8935 -0.9658 -0.0041 0.2594 0.6539 0.7186
-13.9310 5.5523 21.8935 -0.8640 -0.0195 0.5031 0.6649 0.2122
7.0407 40.7454 -19.7281 0.0405 0.9991 -0.0134 0.5209 0.5373
-14.0329 34.8407 22.4003 -0.9330 -0.0061 0.3598 0.6507 0.5366
-14.0329 34.8407 22.4003 -0.7120 -0.0161 0.7020 0.6655 0.0302
14.9274 22.4677 16.5438 0.9986 0.0465 -0.0270 0.4368 0.1122
0.1982 -39.7781 22.5594 -0.0008 -0.8195 0.5730 0.3818 0.8051
1.4779 -8.4387 -24.4348 0.0895 0.0133 -0.9959 0.0999 0.3126
14.8544 -26.0744 14.1151 0.9997 0.0018 -0.0250 0.4217 0.4139
13.8528 27.4883 -23.6410 0.8740 -0.0107 -0.4858 0.1870 0.0810
13.8528 27.4883 -23.6410 0.6705 -0.0556 -0.7398 0.1768 0.0893
14.2760 -17.6528 -13.9380 1.0000 0.0015 -0.0080 0.2473 0.3615
0.8467 -41.6586 15.5495 -0.0979 -0.9952 0.0047 0.3858 0.7615
14.2536 -25.8186 -15.6007 0.9996 0.0046 -0.0284 0.2370 0.4123
14.6693 -34.0168 16.4735 0.9989 -0.0379 0.0269 0.4363 0.4632
-14.6754 21.0597 -11.0077 -0.9999 0.0113 -0.0103 0.8584 0.6223
14.3668 21.2957 -2.8223 0.9997 -0.0012 -0.0230 0.3164 0.1195
14.0752 -40.4195 20.0219 0.9711 -0.2359 0.0377 0.4584 0.5030
14.0015 -33.8983 22.4214 0.6517 -0.0038 0.7585 0.4913 0.4574
14.3884 14.1006 -4.2293 0.9997 0.0201 -0.0164 0.3077 0.1642
14.4823 3.0512 -3.4561 0.9997 0.0043 -0.0227 0.3125 0.2329
-13.0289 30.1375 3.3339 -0.7066 0.6100 -0.3586 0.0889 0.5955
13.6734 39.6929 22.7357 0.3991 0.8425 0.3619 0.4796 0.8012
-13.2534 32.4383 -7.9134 -0.7548 0.4164 0.5068 0.0058 0.5609
-13.2534 32.4383 -7.9134 0.1350 0.6433 0.7536 0.0903 0.5256
7.3600 40.6238 3.4262 0.0486 0.9988 0.0063 0.5189 0.6812
-14.7717 -28.2414 2.9191 -0.9996 0.0018 0.0268 0.7718 0.9287
14.6614 -22.1596 6.5485 0.9930 -0.1139 -0.0301 0.3746 0.3895
14.3750 -25.5871 -8.9493 0.9993 0.0213 -0.0301 0.2783 0.4108
-3.3481 20.5770 24.4195 -0.3223 -0.0489 0.9454 0.5991 0.1188
14.3223 21.3904 -5.6176 0.9998 0.0220 0.0036 0.2990 0.1189
4.9183 22.7867 -24.1622 0.1454 -0.0822 -0.9859 0.1212 0.1185
14.5817 -8.7098 1.7383 0.9987 -0.0269 -0.0441 0.3447 0.3059
-14.6974 -34.9700 3.6961 -0.9986 -0.0445 0.0287 0.7670 0.9705
-11.8612 -15.5188 22.6998 -0.4537 -0.0187 0.8910 0.6520 0.3432
5.8580 40.5145 -23.4966 -0.0183 0.1353 -0.9906 0.1271 0.0083
-13.1104 36.9629 8.0194 -0.5467 0.2324 -0.8044 0.0187 0.5945
-12.3264 -6.5789 22.5843 -0.1896 -0.0087 0.9818 0.6549 0.2876
-12.9996 -39.1960 -3.4231 -0.8362 -0.5379 -0.1074 0.2998 0.6436
-12.9996 -39.1960 -3.4231 -0.9275 -0.3737 -0.0071 0.2008 0.6007
-12.2179 -40.5329 17.9110 -0.8064 -0.5902 0.0373 0.3046 0.7762
-8.5721 -39.7398 22.8235 -0.0018 -0.6801 0.7331 0.3273 0.8067
-9.7968 -14.0300 23.5166 -0.1333 -0.0007 0.9911 0.6392 0.3339
6.7245 -28.6574 -24.2173 0.0285 -0.0149 -0.9995 0.1325 0.4382
4.9825 1.1158 -24.2813 0.0119 -0.0444 -0.9989 0.1216 0.2532
14.6298 -15.0250 7.6866 0.9966 0.0809 -0.0150 0.3817 0.3452
14.9557 2.6896 17.7740 1.0000 0.0016 -0.0026 0.4444 0.2351
13.9045 -30.4321 -23.4324 0.9769 0.0130 -0.2133 0.1883 0.4410
-13.8822 37.9350 -10.5723 -0.2490 0.3586 0.8997 0.0097 0.5267
10.4648 -4.8861 23.6521 0.1691 -0.0202 0.9854 0.5133 0.2771
-14.5083 0.0554 -21.9829 -0.9902 0.0094 -0.1397 0.9266 0.7528
-14.0459 -1.3731 18.2647 -0.9997 -0.0004 0.0260 0.6764 0.7617
-12.7547 39.4951 7.4141 -0.9991 0.0394 -0.0182 0.2728 0.6105
2.2323 40.8457 -0.4009 0.0279 0.9996 0.0047 0.5507 0.6574
14.7656 -20.0110 10.3291 0.9981 -0.0545 0.0297 0.3981 0.3762
-11.4683 35.0066 23.2722 -0.9540 0.0547 0.2947 0.1082 0.5480
-11.4683 35.0066 23.2722 -0.8228 0.0327 0.5674 0.0728 0.6384
-12.2305 -41.2903 -22.4229 -0.5364 -0.8438 0.0134 0.3045 0.5255
14.1472 7.1741 -16.2655 0.9995 0.0193 -0.0257 0.2329 0.2072
14.6447 23.8662 12.0944 0.9978 0.0529 0.0399 0.4091 0.1035
-13.1466 -38.9631 -0.5493 0.0023 -0.9982 -0.0597 0.2989 0.6614
14.1677 7.8755 -15.2523 0.9990 0.0062 -0.0431 0.2392 0.2029
0.7519 40.0603 22.9124 0.0556 0.7311 0.6800 0.5599 0.8023
-4.6517 -2.1776 -24.6205 0.0322 -0.0005 -0.9995 0.0618 0.2736
14.0495 -13.8036 -19.6389 0.9987 0.0060 -0.0514 0.2119 0.3376
14.8252 -19.5378 19.4701 0.9988 -0.0111 0.0481 0.4550 0.3732
-4.9165 -41.0008 22.2501 0.0499 0.7244 0.6876 0.1210 0.5584
14.3133 18.6177 -6.7964 0.9998 0.0116 -0.0129 0.2917 0.1361
14.6240 29.9163 13.1902 0.9995 0.0090 -0.0294 0.4159 0.0659
14.6334 16.2000 9.0375 0.9992 0.0277 0.0282 0.3901 0.1511
14.8697 -2.3990 12.9217 0.9993 0.0365 0.0035 0.4143 0.2667
14.0717 19.6473 -19.7014 0.9998 0.0111 -0.0155 0.2115 0.1297
-14.1690 35.4482 22.0434 -0.9672 -0.0037 0.2539 0.6530 0.5328
-13.1969 -39.3217 7.2469 -0.4730 -0.8771 -0.0838 0.2985 0.7099
-14.7114 14.5031 -16.6781 -0.9998 0.0174 -0.0132 0.8936 0.6630
-12.5545 38.6926 -24.5058 -0.2079 0.1307 -0.9694 0.0126 0.0196
13.3055 -39.7540 -23.6483 -0.4399 -0.1462 -0.8861 0.1734 0.5072
-14.6854 2.4054 -2.3678 -0.9867 -0.1610 0.0214 0.8047 0.7382
3.6812 40.8361 -10.5127 0.0463 0.9989 0.0105 0.5417 0.5946
-11.7829 17.3222 23.0225 -0.5854 -0.0139 0.8106 0.6515 0.1390
-14.7508 6.4432 -6.2492 -0.9999 0.0035 0.0106 0.8288 0.7131
7.5237 -36.7645 23.4863 0.0713 -0.0428 0.9965 0.5315 0.4752
-2.9204 40.9612 0.1434 0.0263 0.9996 0.0106 0.5828 0.6608
1.1672 -41.4895 2.9278 0.0698 -0.9975 -0.0083 0.3878 0.6830
-7.4304 40.9154 12.8780 0.0071 1.0000 0.0035 0.6108 0.7400
14.3834 38.0974 3.0233 0.9999 -0.0158 -0.0012 0.3527 0.0150
-1.6755 -5.6739 24.1902 -0.0393 -0.0869 0.9954 0.5887 0.2820
-8.8078 16.8313 23.7589 -0.1727 0.0364 0.9843 0.6330 0.1421
-13.5650 38.8777 9.3790 0.4101 0.9117 0.0260 0.0784 0.5268
-13.5650 38.8777 9.3790 0.8073 -0.3795 0.4519 0.2373 0.8069
-13.5650 38.8777 9.3790 -0.9366 0.3352 -0.1019 0.2281 0.8047
-3.7902 -41.0959 -23.7384 -0.0945 -0.1558 -0.9833 0.0671 0.5155
-3.7902 -41.0959 -23.7384 -0.0434 -0.7099 -0.7030 0.3570 0.5173
3.9590 -11.1655 24.2931 0.0797 -0.0154 0.9967 0.5537 0.3161
-7.5642 19.1122 23.9422 -0.0783 0.0185 0.9968 0.6253 0.1279
2.5467 40.6479 11.9392 0.0556 0.9985 0.0024 0.5488 0.7341
-14.4463 27.6065 9.9938 -0.9998 0.0018 0.0222 0.7278 0.5816
-13.5122 38.6625 8.8831 -0.0542 0.6277 -0.7766 0.0780 0.5237
-13.5122 38.6625 8.8831 0.7012 0.3820 -0.6020 0.2610 0.8058
-10.6624 -7.0422 -24.6105 -0.1193 0.0009 -0.9929 0.0244 0.3039
10.0065 40.5304 -23.4109 0.1061 0.7832 -0.6126 0.5024 0.5144
10.0065 40.5304 -23.4109 0.0696 0.1266 -0.9895 0.1529 0.0082
-14.6235 25.8766 -10.7043 -0.9999 0.0109 -0.0125 0.8565 0.5923
0.8161 -41.5074 10.5428 0.0414 -0.9990 -0.0145 0.3856 0.7304
13.8758 6.2621 -23.3120 0.8928 0.0047 -0.4504 0.1891 0.2129
-8.4646 -40.9041 -23.0714 -0.0453 0.1883 -0.9811 0.0497 0.6333
-12.2397 -1.3334 22.6444 -0.1921 -0.0142 0.9813 0.6544 0.2550
-12.9924 33.0600 -7.6512 -0.9896 0.1032 0.1002 0.2328 0.7041
-13.8197 -39.0683 2.2499 0.3682 -0.8996 -0.2350 0.2947 0.6788
5.7822 -41.6813 19.4064 -0.0618 -0.9981 -0.0005 0.4165 0.7855
-7.0422 41.2939 -11.5575 0.0359 0.9989 0.0293 0.6084 0.5881
-12.0859 41.1631 -2.6774 -0.2572 0.9663 0.0101 0.6397 0.6433
-13.6656 -17.9043 22.0435 -0.9051 -0.0109 0.4252 0.6530 0.8644
-13.6656 -17.9043 22.0435 -0.6017 -0.0097 0.7986 0.6632 0.3580
13.8141 -6.0095 -23.4340 0.9943 0.0051 -0.1067 0.1883 0.2892
13.8141 -6.0095 -23.4340 0.8390 0.0099 -0.5440 0.1765 0.2975
-11.0332 41.7401 -22.9101 0.0172 0.9989 -0.0439 0.6332 0.5175
13.0873 17.0598 -23.9585 0.2139 -0.0016 -0.9768 0.1720 0.1541
11.3583 -6.9394 23.4897 0.2010 -0.0121 0.9795 0.5077 0.2898
14.4652 -37.8199 7.4152 0.9985 -0.0519 -0.0198 0.3800 0.4869
-14.5356 10.2314 -21.1257 -0.9981 0.0164 -0.0601 0.9213 0.6896
12.8484 -37.5244 -23.6454 -0.1956 -0.0122 -0.9806 0.1705 0.4933
2.5260 -41.4956 5.1248 0.0176 -0.9996 -0.0215 0.3963 0.6967
-11.7644 -29.0962 22.9953 -0.9949 -0.0019 -0.1008 0.1603 0.6097
-14.7202 -6.4989 -2.2930 -0.9999 0.0053 0.0163 0.8042 0.7935
-14.3679 -39.3586 -15.2716 -0.0866 -0.9962 0.0031 0.2913 0.5699
-13.9705 15.1609 -23.5081 -0.8384 0.0082 -0.5450 0.0038 0.1659
-13.9705 15.1609 -23.5081 -0.9652 0.0067 -0.2614 0.9361 0.6589
-8.0453 22.3896 -24.6111 -0.0190 0.0087 -0.9998 0.0407 0.1210
-11.9903 38.5904 22.9417 -0.4768 0.3054 0.8243 0.1688 0.6696
-11.9903 38.5904 22.9417 -0.1426 0.8117 0.5664 0.0686 0.6111
-14.4164 -31.6838 11.5451 -0.9983 -0.0104 0.0568 0.7182 0.9501
4.0371 -24.3696 -24.3096 0.0275 -0.0099 -0.9996 0.1158 0.4116
4.6094 36.5658 -24.3229 0.0295 0.0089 -0.9995 0.1193 0.0329
-12.1696 -40.8313 13.7796 -0.8829 -0.4665 0.0539 0.0832 0.6344
-12.1696 -40.8313 13.7796 -0.7732 -0.6331 0.0384 0.3049 0.7505
1.6899 -41.3882 -11.9980 0.0197 -0.9998 0.0015 0.3911 0.5903
14.6294 -32.7632 5.8426 0.9897 -0.0507 0.1335 0.3703 0.4554
-11.4147 19.2202 23.5334 -0.5609 -0.0017 0.8279 0.6492 0.1272
14.5987 -14.4520 6.5229 0.9913 -0.1158 -0.0620 0.3745 0.3416
0.4373 -41.3282 -23.1019 0.0199 -0.9927 -0.1188 0.3833 0.5213
12.4674 -41.1441 4.2254 0.0915 -0.9947 -0.0465 0.4580 0.6911
-5.5177 -41.5897 0.0924 -0.0011 -1.0000 -0.0011 0.3463 0.6654
14.4300 -22.4987 -0.4052 0.9936 -0.1113 -0.0188 0.3314 0.3916
10.1105 40.1932 18.4136 0.0254 0.9977 0.0621 0.5018 0.7744
-14.4948 17.0787 7.4153 -0.9997 -0.0051 0.0222 0.7439 0.6470
-13.1147 29.0982 0.0044 -0.8699 0.4930 0.0165 0.2082 0.6565
-13.1147 29.0982 0.0044 -0.5373 0.8429 -0.0301 0.0895 0.5748
-1.1564 -41.1039 22.2423 0.0227 0.4083 0.9126 0.0286 0.5278
-1.1564 -41.1039 22.2423 0.0868 0.7734 0.6279 0.1210 0.5817
-13.0160 11.2203 22.7400 -0.1885 -0.0135 0.9820 0.6592 0.1770
14.7600 -1.7881 9.5344 0.9991 -0.0194 -0.0375 0.3932 0.2629
5.0917 -40.3947 22.0673 -0.1299 -0.7898 0.5994 0.1322 0.5618
14.3684 39.3693 -5.6224 0.9998 0.0191 -0.0078 0.2990 0.0071
-0.9073 -40.4273 22.2226 0.1294 -0.4051 0.9051 0.0356 0.6234
4.8095 20.1674 -24.0944 0.1403 0.0213 -0.9899 0.1206 0.1348
14.8835 -11.4075 14.7341 0.9988 0.0060 -0.0494 0.4255 0.3227
-11.7890 41.7488 -17.0269 -0.1144 0.9932 0.0202 0.6379 0.5541
-14.2399 33.2097 -20.5690 -0.9981 0.0225 -0.0573 0.9178 0.5467
-14.1065 38.9114 11.8806 -0.3776 0.9255 -0.0305 0.0817 0.5424
-14.1065 38.9114 11.8806 -0.9601 0.2796 -0.0030 0.7161 0.5113
13.7309 6.0522 23.1158 0.2611 -0.0226 0.9650 0.4930 0.2091
-10.2577 -40.8841 22.4500 -0.0187 0.1811 0.9833 0.0300 0.5844
-10.2577 -40.8841 22.4500 0.0093 0.5698 0.8218 0.1223 0.5252
14.7358 -34.5791 7.3582 0.9959 -0.0534 0.0730 0.3797 0.4667
2.4528 40.2696 21.0112 -0.0100 0.9989 0.0453 0.5494 0.7905
-14.7694 9.5203 -9.7481 -1.0000 0.0026 0.0047 0.8505 0.6940
-1.7539 18.8071 -24.5224 0.0306 0.0013 -0.9995 0.0798 0.1432
-14.4426 1.3422 7.5601 -0.9961 0.0828 0.0307 0.7430 0.7448
-14.7032 -4.1625 -19.3693 -0.9981 0.0072 -0.0611 0.9103 0.7790
13.8082 20.9970 -23.6349 0.8777 -0.0089 -0.4791 0.1871 0.1213
13.8082 20.9970 -23.6349 0.5297 0.0227 -0.8479 0.1765 0.1296
-0.0262 40.2187 22.7761 0.0632 0.9050 0.4207 0.5648 0.8015
-14.4405 -7.0390 8.8111 -0.9995 0.0033 0.0321 0.7352 0.7969
0.3260 21.5937 -24.4310 0.0310 0.0061 -0.9995 0.0927 0.1259
-14.5466 -6.2918 -21.2488 -0.9977 0.0026 -0.0683 0.9220 0.7922
14.6756 15.9316 8.5819 0.9999 0.0038 0.0161 0.3873 0.1528
-5.9873 14.9748 -24.6329 0.0125 0.0075 -0.9999 0.0535 0.1670
8.4693 -41.3728 22.2202 -0.0115 0.0628 0.9980 0.5257 0.5038
13.9821 -38.7186 -21.9869 0.9992 -0.0104 -0.0387 0.1973 0.4925
14.1205 -21.0173 -18.7692 0.9990 0.0034 -0.0441 0.2173 0.3824
9.6200 38.7910 23.9652 -0.0097 0.8233 0.5675 0.5048 0.8089
14.7908 1.1476 11.8873 0.9978 -0.0611 -0.0266 0.4078 0.2447
14.6033 6.7380 22.3249 0.8735 0.0122 0.4867 0.4727 0.2099
8.5981 -26.4428 -24.1609 0.0605 -0.0149 -0.9981 0.1441 0.4245
12.7693 1.0759 -24.0460 0.1868 0.0059 -0.9824 0.1700 0.2534
14.2467 36.8524 -15.1554 0.9999 -0.0070 -0.0112 0.2398 0.0228
14.2315 14.3869 -12.3241 0.9992 -0.0194 -0.0353 0.2573 0.1624
1.6558 40.4833 17.3916 0.0529 0.9947 0.0881 0.5543 0.7680
-12.8858 33.0516 3.7480 -0.9999 0.0092 -0.0055 0.2328 0.6333
4.2009 2.4398 24.4699 0.0541 -0.0110 0.9985 0.5522 0.2315
-2.5247 18.4308 24.4465 -0.0701 -0.0099 0.9975 0.5940 0.1322
-14.2650 28.6872 -21.4345 -0.9952 0.0123 -0.0972 0.9232 0.5749
12.8739 -21.7294 22.9615 0.2254 -0.0040 0.9743 0.4983 0.3817
-11.6088 -10.5096 23.1578 -0.7103 -0.0043 0.7039 0.6504 0.3120
-12.3128 -40.9049 -0.2556 -0.8017 -0.5976 0.0102 0.3040 0.6633
14.4991 8.1754 -0.6000 0.9997 0.0075 -0.0244 0.3302 0.2010
-13.7471 -11.5509 21.9804 -0.9086 -0.0130 0.4176 0.6533 0.8249
-13.7471 -11.5509 21.9804 -0.7796 -0.0022 0.6262 0.6637 0.3185
6.9587 8.4903 -24.1746 -0.0064 0.0487 -0.9988 0.1339 0.2073
-13.1436 -38.9510 -7.7857 -0.5004 -0.8658 -0.0062 0.2989 0.6165
14.1123 2.1729 -18.8890 0.9993 -0.0065 -0.0357 0.2165 0.2383
-12.5981 41.1014 -10.0120 -0.6493 0.7600 0.0283 0.6429 0.5977
2.5881 -5.6319 24.4321 -0.0240 -0.0119 0.9996 0.5622 0.2817
-13.7548 -39.4419 2.8493 -0.2429 -0.9382 -0.2466 0.2951 0.6826
14.2135 39.6470 20.2968 0.5959 0.8025 0.0312 0.4763 0.7861
14.2135 39.6470 20.2968 0.9050 0.4248 -0.0253 0.4601 0.0054
-4.4297 41.3445 -23.2779 0.0629 0.9555 -0.2883 0.5921 0.5152
14.2921 -32.7111 -16.5570 0.9998 -0.0150 -0.0138 0.2310 0.4551
14.7414 5.1687 21.4520 0.9995 -0.0131 0.0280 0.4673 0.2197
0.5589 -9.0854 24.3256 -0.0415 -0.0098 0.9991 0.5748 0.3032
14.7900 -25.8232 19.2439 0.9983 0.0193 0.0559 0.4535 0.4123
13.9318 -40.6998 2.3262 0.6682 -0.7438 -0.0169 0.4671 0.6793
-5.9473 -41.5641 12.8823 -0.0068 -0.9998 -0.0177 0.3436 0.7449
14.3742 23.5328 -2.7822 0.9998 0.0018 -0.0217 0.3167 0.1056
-14.6358 22.2682 -16.8967 -0.9989 0.0118 -0.0465 0.8950 0.6147
-12.7645 -38.8503 22.5402 -0.3997 -0.0697 0.9140 0.6576 0.4882
-7.2865 -30.9725 23.7634 -0.0313 -0.0024 0.9995 0.6236 0.4392
4.1177 -10.7873 -24.3345 0.0065 -0.0128 -0.9999 0.1163 0.3272
-12.8367 37.9258 -2.8874 -0.9997 0.0249 0.0042 0.2630 0.6745
9.8879 -41.0578 -23.5062 0.1672 -0.9032 -0.3953 0.4420 0.5188
9.8879 -41.0578 -23.5062 0.1638 -0.4900 -0.8562 0.1521 0.5153
14.8544 16.6928 15.8145 0.9990 -0.0432 0.0121 0.4322 0.1481
-14.2504 30.3899 4.0109 -0.3645 0.7893 -0.4942 0.0965 0.5997
13.8348 -17.1167 -22.8063 0.9954 0.0063 -0.0961 0.1922 0.3582
-12.5161 -39.9886 20.6155 -0.8430 -0.5376 0.0158 0.3028 0.7930
14.5602 34.3097 13.5447 0.9994 0.0338 -0.0098 0.4181 0.0386
-14.6246 27.2844 -10.2309 -0.9998 0.0028 -0.0195 0.8535 0.5836
12.6506 -40.9124 -23.1566 0.2890 -0.9147 -0.2825 0.4592 0.5209
-3.0950 -40.2765 22.3136 -0.0992 -0.5183 0.8494 0.3613 0.8035
-3.0950 -40.2765 22.3136 -0.0889 -0.7644 0.6386 0.1338 0.6127
-3.0950 -40.2765 22.3136 -0.0452 -0.4617 0.8859 0.0365 0.6370
14.8049 -5.2671 11.8380 0.9977 0.0475 -0.0483 0.4075 0.2846
-11.4792 -3.7663 23.2194 -0.6666 -0.0096 0.7453 0.6496 0.2701
-5.2762 -35.6756 -24.4683 0.0176 -0.0089 -0.9998 0.0579 0.4818
1.8916 20.6330 -24.3899 0.0327 0.0043 -0.9995 0.1024 0.1319
3.4494 40.3135 20.0155 0.0499 0.9963 0.0697 0.5432 0.7843
-3.9162 -37.0058 23.7511 -0.0058 -0.0517 0.9986 0.6026 0.4767
-14.6411 24.4801 -11.3831 -0.9999 0.0127 0.0118 0.8607 0.6010
-5.4118 41.2444 -23.5671 -0.0081 0.0054 -1.0000 0.0570 0.0038
-5.4118 41.2444 -23.5671 0.0986 0.7898 -0.6054 0.5982 0.5134
-12.9478 -39.4301 -3.1028 -0.9841 -0.1772 0.0141 0.1993 0.5987
-11.7335 -25.9034 23.1217 -0.9968 0.0013 0.0803 0.1595 0.5898
-11.7335 -25.9034 23.1217 -0.7135 0.0132 0.7005 0.6512 0.4077
7.0869 -41.2715 -17.0186 0.0477 -0.9987 0.0196 0.4246 0.5591
14.6217 -21.8794 5.1946 0.9898 -0.1367 -0.0408 0.3662 0.3878
8.1748 22.4820 -24.1799 0.0324 -0.0310 -0.9990 0.1415 0.1204
-12.9287 -39.1412 -0.2394 -0.8357 -0.5490 -0.0148 0.3002 0.6634
-12.9287 -39.1412 -0.2394 -0.9828 -0.1829 0.0262 0.2011 0.5809
-14.3431 -39.3573 -16.9540 0.0226 -0.9997 -0.0062 0.2914 0.5595
-14.6550 -35.9167 -18.5267 -0.9982 -0.0462 -0.0385 0.9051 0.9764
14.8215 -8.6930 20.5151 0.9947 0.0181 0.1011 0.4614 0.3058
-9.7474 -11.6744 -24.6903 -0.0340 0.0056 -0.9994 0.0301 0.3327
8.9934 13.4719 -24.1360 0.1020 0.0615 -0.9929 0.1466 0.1764
-14.3013 -11.1041 12.6307 -0.9991 0.0042 0.0422 0.7115 0.8222
-14.7156 21.2576 -14.2854 -1.0000 0.0085 -0.0052 0.8787 0.6210
-14.6933 9.5988 -17.2875 -1.0000 0.0080 0.0050 0.8974 0.6935
-13.5503 31.9860 -24.0346 -0.4627 -0.0626 -0.8843 0.0065 0.0613
-13.5503 31.9860 -24.0346 -0.9467 0.0115 -0.3219 0.9393 0.5544
-6.3585 -41.5386 -8.8603 -0.0713 -0.9973 -0.0150 0.3410 0.6098
8.8917 -40.9160 21.8199 -0.2283 0.3114 0.9225 0.5230 0.5010
8.8917 -40.9160 21.8199 -0.1637 0.7806 0.6033 0.1184 0.6442
14.3549 10.5170 -7.1995 1.0000 0.0017 -0.0063 0.2892 0.1865
6.6722 -41.4399 4.0312 0.0045 -0.9997 -0.0248 0.4220 0.6899
14.6640 16.4878 22.3824 0.9639 -0.0023 0.2661 0.4731 0.1493
6.2637 14.4170 -24.2735 0.0284 0.0772 -0.9966 0.1296 0.1705
-10.8004 41.5949 -15.1770 0.0755 0.9963 0.0401 0.6317 0.5656
-14.4870 27.9111 -17.8496 -0.9996 0.0194 -0.0222 0.9009 0.5797
14.7591 -6.9147 12.2507 0.9999 0.0065 -0.0114 0.4101 0.2948
-11.6215 4.1479 -24.3740 -0.1523 -0.0003 -0.9883 0.0184 0.2343
-7.9394 -40.8880 -23.1028 -0.1979 -0.7171 -0.6683 0.0643 0.6192
-7.9394 -40.8880 -23.1028 -0.0688 0.5201 -0.8514 0.0498 0.6365
14.3174 35.0489 -3.5929 1.0000 0.0066 0.0003 0.3116 0.0340
14.3369 -34.9761 -12.2877 0.9998 -0.0150 -0.0162 0.2576 0.4692
14.3989 -33.2456 -11.5842 0.9998 -0.0134 -0.0177 0.2619 0.4584
-14.6423 28.8237 -9.2531 -0.9998 0.0164 -0.0060 0.8475 0.5740
-11.2427 23.1418 23.6809 -0.4258 -0.0128 0.9047 0.6482 0.1029
-11.7485 6.9940 22.9421 -0.8210 -0.0065 0.5709 0.6513 0.2032
-14.1801 -9.8421 15.3530 -0.9994 0.0241 0.0252 0.6945 0.8143
0.5060 -41.5680 6.1271 0.0289 -0.9993 -0.0244 0.3837 0.7029
-13.3945 -39.3985 21.5755 -0.6596 -0.6916 0.2943 0.2973 0.7989
-13.3945 -39.3985 21.5755 -0.9660 -0.1156 0.2313 0.6559 0.9980
-14.2814 8.6919 14.9458 -0.9993 -0.0026 0.0368 0.6971 0.6991
14.1174 33.7467 -21.8717 1.0000 -0.0043 0.0013 0.1980 0.0421
-11.8819 -18.1507 -24.4354 -0.1717 -0.0117 -0.9851 0.0168 0.3729
-14.3652 25.3067 13.6411 -0.9997 -0.0043 0.0237 0.7052 0.5959
14.3496 -35.5692 -10.7727 0.9998 -0.0188 -0.0117 0.2670 0.4729
13.9069 9.0674 -23.2976 0.9706 -0.0109 -0.2404 0.1891 0.1955
-0.9209 40.9703 -7.9127 0.0401 0.9992 0.0075 0.5703 0.6107
-14.2007 -39.3964 -21.2486 -0.0724 -0.9973 -0.0084 0.2923 0.5328
-13.6716 -39.1670 -13.1787 0.3854 -0.9219 -0.0402 0.2956 0.5829
-14.0425 35.8983 8.0949 -0.5940 0.2343 -0.7696 0.0129 0.6011
-14.0425 35.8983 8.0949 -0.8976 0.2280 -0.3773 0.7396 0.5300
-14.5984 26.8088 -11.6084 -0.9999 0.0126 0.0029 0.8621 0.5865
14.3921 15.3729 -3.8168 0.9997 -0.0037 -0.0232 0.3102 0.1563
-11.5696 -41.2694 21.4548 -0.5080 -0.8602 0.0435 0.3087 0.7982
-13.5932 -39.2377 -17.0553 0.1512 -0.9884 0.0161 0.2961 0.5588
7.8159 40.4148 11.7117 0.0439 0.9986 0.0301 0.5160 0.7327
13.5130 -35.5610 22.7291 0.3690 -0.0026 0.9294 0.4943 0.4677
-12.8683 -38.9753 2.0930 -0.4529 -0.8914 0.0160 0.3006 0.6779
-12.8683 -38.9753 2.0930 -0.9819 -0.1870 -0.0316 0.2021 0.5664
-13.0633 11.7302 -24.2088 -0.3337 -0.0012 -0.9427 0.0095 0.1872
-10.0149 -33.3910 23.6224 -0.0779 0.0160 0.9968 0.6405 0.4542
14.9038 17.3084 14.3194 0.9988 0.0333 -0.0355 0.4229 0.1442
6.9651 40.7638 -13.3724 0.0424 0.9991 0.0096 0.5213 0.5768
0.9263 40.7115 13.0067 0.0774 0.9966 0.0292 0.5589 0.7408
9.4604 13.7238 -24.0736 0.0372 0.1318 -0.9906 0.1495 0.1748
-14.0449 39.0537 -11.5650 -0.3366 0.9062 0.2558 0.0605 0.6000
-14.0449 39.0537 -11.5650 -0.9004 0.4351 0.0064 0.8618 0.5104
14.5726 -34.5823 20.1298 0.9974 -0.0416 0.0583 0.4591 0.4667
4.6589 6.6136 -24.2940 -0.0388 -0.0568 -0.9976 0.1196 0.2190
14.5429 11.2995 2.5783 0.9998 0.0108 -0.0185 0.3500 0.1816
-4.5145 11.2995 24.1382 -0.1232 0.0630 0.9904 0.6063 0.1765
14.5192 2.6424 -1.0224 0.9998 0.0144 -0.0170 0.3276 0.2354
-6.4735 10.3890 23.9064 -0.0286 -0.0226 0.9993 0.6185 0.1821
-14.0538 39.1331 -19.5149 -0.5586 0.8294 -0.0077 0.0606 0.5506
-14.0538 39.1331 -19.5149 -0.9791 0.1999 -0.0380 0.9112 0.5099
5.1024 -41.6269 20.2636 0.0016 -1.0000 0.0073 0.4123 0.7908
-14.6702 8.9998 -0.5439 -0.9998 0.0050 0.0169 0.7933 0.6972
-14.5771 30.9806 -9.9449 -0.9991 0.0422 0.0104 0.8518 0.5606
0.8838 -40.7942 -23.5083 0.1023 0.1101 -0.9886 0.0962 0.5137
-11.7928 11.4185 22.9341 -0.9008 0.0102 0.4342 0.1310 0.6812
-11.7928 11.4185 22.9341 -0.6101 -0.0083 0.7923 0.6516 0.1757
14.8788 -20.3664 14.7595 0.9997 -0.0039 -0.0249 0.4257 0.3784
5.3100 -41.6590 17.3232 0.0066 -1.0000 -0.0041 0.4136 0.7725
-13.8531 21.8463 -23.6690 -0.9399 0.0062 -0.3414 0.9371 0.6174
-12.2417 40.9042 18.2188 -0.1606 0.9870 0.0080 0.6407 0.7731
-3.0247 11.1708 24.2469 -0.1546 0.0474 0.9868 0.5971 0.1773
13.3927 37.2805 23.9592 0.3169 -0.0089 0.9484 0.4951 0.0150
8.9413 -23.6285 -24.1881 0.0553 -0.0168 -0.9983 0.1462 0.4070
6.1362 -41.6966 15.1068 -0.1136 -0.9934 -0.0143 0.4187 0.7587
14.8641 -23.9820 17.2029 1.0000 0.0057 0.0065 0.4409 0.4009
-14.1165 33.1786 -21.5014 -0.9872 0.0513 -0.1509 0.9236 0.5469
-14.8045 -9.9112 -12.9218 -1.0000 0.0077 0.0013 0.8703 0.8147
-7.2792 40.9973 4.7602 0.0084 0.9999 0.0145 0.6099 0.6895
14.6113 -32.0882 1.2803 0.9999 -0.0037 -0.0113 0.3419 0.4512
14.0590 -2.2299 -20.3081 0.9993 -0.0006 -0.0373 0.2077 0.2657
-14.1854 -17.5652 15.9604 -0.9991 0.0058 0.0425 0.6908 0.8623
-2.7104 40.8799 9.1181 0.0278 0.9996 0.0092 0.5815 0.7166
-8.0761 -41.5709 -15.6978 0.0207 -0.9998 -0.0028 0.3304 0.5673
-14.5758 14.8099 3.6063 -0.9998 -0.0024 0.0205 0.7675 0.6611
-11.8179 19.2139 23.0190 -0.5460 0.0016 0.8378 0.6517 0.1273
-11.8318 38.0359 23.2034 -0.2021 -0.1174 0.9723 0.6518 0.0103
-11.8318 38.0359 23.2034 -0.3750 -0.1593 0.9132 0.0751 0.6196
-12.9196 38.0359 -10.3644 -0.7356 0.2956 0.6095 0.0037 0.5261
-12.9196 38.0359 -10.3644 -0.9967 0.0472 0.0654 0.2637 0.7210
14.6362 -17.5321 6.9655 0.9980 -0.0175 -0.0608 0.3772 0.3608
-13.8379 20.7675 -23.7191 -0.7198 -0.0118 -0.6941 0.0047 0.1310
-13.8379 20.7675 -23.7191 -0.9584 0.0050 -0.2855 0.9374 0.6241
13.8166 -11.3380 -23.1857 0.9969 -0.0099 -0.0781 0.1898 0.3223
14.3678 -39.1252 10.8995 0.9957 -0.0929 0.0053 0.4017 0.4950
-13.9899 -39.1121 12.7112 -0.6344 -0.7727 0.0232 0.2936 0.7438
-12.6005 -39.8394 9.3035 -0.9685 -0.2402 -0.0657 0.1968 0.5216
14.3531 -10.1975 -10.0919 0.9995 0.0098 -0.0296 0.2712 0.3152
-14.4681 -11.4820 8.5325 -0.9994 0.0057 0.0352 0.7369 0.8245
3.2372 -10.4004 24.3587 0.0424 -0.0159 0.9990 0.5582 0.3113
-13.3884 34.0266 -24.1400 -0.5620 -0.0051 -0.8271 0.0075 0.0486
-13.3468 -39.2620 16.4538 -0.0795 -0.9951 -0.0590 0.2976 0.7671
8.6274 21.8439 -24.1535 -0.0278 -0.0101 -0.9996 0.1443 0.1244
14.2192 30.2985 -9.1229 0.9993 -0.0337 -0.0166 0.2772 0.0635
14.2997 -23.0150 -13.6516 0.9999 0.0092 -0.0144 0.2491 0.3949
4.6584 4.8773 -24.3287 -0.0182 -0.0280 -0.9994 0.1196 0.2298
-9.4979 41.6038 -18.9786 0.0600 0.9977 0.0319 0.6236 0.5420
-8.6728 -6.2965 -24.6759 0.0129 -0.0029 -0.9999 0.0368 0.2992
-13.5082 19.1316 22.6836 -0.4923 -0.0107 0.8704 0.6622 0.1278
8.3933 15.5470 24.3323 0.1113 -0.0201 0.9936 0.5261 0.1501
14.7146 -30.5443 8.0403 0.9994 0.0108 -0.0334 0.3839 0.4417
14.6206 -9.5464 4.4364 0.9992 0.0182 -0.0349 0.3615 0.3111
-10.3837 -41.3903 -23.2930 0.0584 -0.7735 -0.6310 0.3160 0.5201
-10.3837 -41.3903 -23.2930 -0.0265 -0.2371 -0.9711 0.0467 0.6214
-3.7185 14.0993 -24.5840 0.0258 -0.0006 -0.9997 0.0676 0.1725
-13.6544 30.4506 4.2263 0.3104 0.7958 -0.5199 0.0928 0.6011
2.5587 22.0753 24.7244 -0.0163 -0.0057 0.9999 0.5624 0.1095
-13.3916 -39.1282 -20.3743 0.1158 -0.9898 0.0832 0.2973 0.5382
14.7853 4.4139 12.3897 0.9998 -0.0164 -0.0126 0.4109 0.2244
3.1258 40.7014 10.7043 0.0141 0.9999 0.0013 0.5452 0.7264
-14.6798 14.9590 -17.2284 -0.9997 0.0186 -0.0129 0.8970 0.6602
-5.5688 15.7586 24.1045 -0.0522 -0.1016 0.9935 0.6129 0.1488
14.6734 -3.0305 5.0059 1.0000 -0.0077 -0.0038 0.3651 0.2707
-13.0898 -8.7976 22.4894 -0.2666 -0.0055 0.9638 0.6596 0.3014
2.8733 39.0375 23.3742 0.0100 0.8263 0.5631 0.5468 0.8052
-7.6063 -40.7260 -23.5118 -0.0232 -0.6954 -0.7182 0.3333 0.5187
-7.6063 -40.7260 -23.5118 -0.2503 -0.8723 -0.4200 0.0618 0.6172
-7.6063 -40.7260 -23.5118 -0.9242 -0.2448 -0.2933 0.2209 0.8046
-7.6063 -40.7260 -23.5118 -0.3540 -0.0367 -0.9345 0.0434 0.5132
3.3168 40.7945 -1.7117 0.0386 0.9991 0.0158 0.5440 0.6493
-4.8526 20.2228 24.1597 0.0436 -0.0422 0.9982 0.6084 0.1210
-13.8610 -12.6828 21.6972 -0.9653 -0.0119 0.2610 0.6551 0.8320
12.2272 -41.4793 10.9021 0.0543 -0.9975 -0.0443 0.4566 0.7326
14.8027 14.5739 14.2891 0.9951 0.0606 -0.0781 0.4228 0.1612
-12.8002 38.4423 4.3848 -0.9997 0.0211 0.0092 0.2663 0.6293
14.3776 37.6559 -0.4923 0.9991 -0.0426 0.0039 0.3309 0.0178
-14.6221 -0.6299 1.1801 -0.9998 0.0099 0.0191 0.7826 0.7571
-13.5589 39.3997 -19.3534 0.0610 0.9921 0.1092 0.0575 0.5516
13.8401 -4.5486 -23.1121 0.9926 -0.0155 -0.1201 0.1903 0.2801
-7.8217 -41.4320 13.8723 -0.0538 -0.9980 0.0326 0.3319 0.7511
8.7114 -5.4657 -24.2699 0.0257 -0.0015 -0.9997 0.1448 0.2941
9.7276 -41.7005 18.0700 0.0203 -0.9998 -0.0009 0.4410 0.7772
-3.0118 41.1765 -12.5246 0.0461 0.9989 0.0119 0.5833 0.5821
4.4144 -41.0839 -23.5708 0.2075 0.2903 -0.9342 0.1181 0.5155
4.4144 -41.0839 -23.5708 0.0983 -0.6176 -0.7803 0.4080 0.5184
-13.5949 38.0050 -23.5884 -0.9706 0.0319 -0.2386 0.9366 0.5169
-11.7431 38.6149 23.1613 -0.9785 0.2055 0.0181 0.1089 0.5256
-11.7431 38.6149 23.1613 -0.6267 0.4161 0.6589 0.1689 0.6680
-11.7431 38.6149 23.1613 -0.5914 0.5317 0.6062 0.0670 0.6125
3.9078 40.3718 18.7522 0.0516 0.9970 0.0580 0.5403 0.7765
-14.5366 27.2649 5.3291 -0.9999 -0.0020 0.0166 0.7568 0.5837
2.2759 -41.2661 -21.8728 0.0053 -0.9999 0.0093 0.3947 0.5289
-8.3266 9.5900 -24.6427 -0.0116 0.0108 -0.9999 0.0389 0.2005
14.6713 18.4114 22.4413 0.9591 -0.0057 0.2831 0.4734 0.1374
-14.3783 -39.2995 -4.3303 -0.3890 -0.9212 0.0022 0.2912 0.6379
8.2928 19.1587 -24.1028 0.0339 0.0499 -0.9982 0.1422 0.1410
-14.7741 -6.6295 -13.0638 -1.0000 0.0059 -0.0010 0.8711 0.7943
-13.0791 39.0294 11.8272 -0.8488 -0.5186 -0.1026 0.2699 0.5831
-13.0791 39.0294 11.8272 -0.7170 0.6889 0.1065 0.0753 0.5420
0.4214 39.9405 23.0554 0.0433 0.3069 0.9508 0.1772 0.5924
0.4214 39.9405 23.0554 0.0500 0.7058 0.7067 0.5620 0.8032
10.8854 34.4356 24.2512 0.0850 -0.0014 0.9964 0.5106 0.0327
-13.7715 -39.2202 -5.2411 0.5215 -0.8403 -0.1483 0.2950 0.6323
-13.9555 30.1302 3.5086 0.0135 0.8972 -0.4414 0.0947 0.5966
-2.1085 9.4537 24.3637 -0.1055 -0.0335 0.9939 0.5914 0.1879
-10.8845 38.9521 -24.0000 0.0644 0.3243 -0.9437 0.0230 0.0180
4.2816 32.3134 24.6364 0.0173 0.0246 0.9995 0.5517 0.0459
-12.9209 -39.2187 6.1249 -0.3218 -0.9432 -0.0823 0.3003 0.7029
-3.3224 22.2936 24.4527 -0.1197 -0.0144 0.9927 0.5989 0.1081
9.6918 -35.0175 -23.9507 0.0839 -0.0056 -0.9965 0.1509 0.4777
-12.9927 15.6879 -24.2480 -0.2812 0.0021 -0.9596 0.0099 0.1626
-12.9488 38.9338 21.6413 -0.1813 0.9827 0.0385 0.0745 0.6030
-14.6510 22.9630 -11.2714 -0.9999 0.0090 0.0075 0.8600 0.6104
-0.3972 39.2426 23.2655 -0.0017 0.7326 0.6807 0.5671 0.8045
-0.3972 39.2426 23.2655 0.0135 0.2326 0.9725 0.1728 0.5975
-8.7916 -28.1077 -24.6019 -0.0136 -0.0228 -0.9996 0.0360 0.4348
-7.4880 -41.0707 -23.5543 -0.2785 -0.5689 -0.7738 0.3340 0.5185
-7.4880 -41.0707 -23.5543 -0.8801 -0.2525 -0.4021 0.2212 0.8067
-7.4880 -41.0707 -23.5543 -0.3187 -0.0270 -0.9475 0.0441 0.5154
-14.9617 -26.9474 -10.4948 -1.0000 0.0013 -0.0002 0.8552 0.9206
13.8953 38.7986 -23.5052 0.4475 0.2992 -0.8427 0.1770 0.0190
-14.7142 15.9465 -16.1318 -0.9995 -0.0185 -0.0244 0.8902 0.6540
14.8280 -29.6927 15.7151 0.9997 0.0144 0.0201 0.4316 0.4364
-14.2076 -30.6952 14.9533 -0.9976 -0.0116 0.0676 0.6970 0.9439
14.2839 31.4331 -7.8055 0.9998 -0.0170 -0.0101 0.2854 0.0565
-14.6427 28.7986 -6.8506 -0.9995 0.0304 0.0031 0.8325 0.5742
14.8796 -9.2445 19.9870 0.9985 0.0292 0.0463 0.4582 0.3093
14.3236 28.6287 -3.2753 1.0000 0.0076 -0.0011 0.3136 0.0739
14.3949 8.4568 -5.2257 0.9997 0.0096 -0.0210 0.3015 0.1993
-14.5510 30.0382 4.4848 -0.9889 0.1378 -0.0554 0.7621 0.5665
-14.7417 14.0675 -10.8862 -0.9999 0.0067 -0.0150 0.8576 0.6657
14.3237 -38.8000 -6.5069 0.9987 -0.0492 -0.0090 0.2935 0.4930
-6.5575 -11.9039 -24.6971 0.0214 0.0030 -0.9998 0.0499 0.3341
14.2181 30.1705 -12.3340 1.0000 0.0035 -0.0010 0.2573 0.0643
-5.3117 13.6096 -24.6228 0.0200 -0.0023 -0.9998 0.0577 0.1755
-14.4785 33.8212 -12.8606 -0.9983 0.0548 0.0207 0.8699 0.5429
14.6255 15.9627 10.1195 0.9998 0.0178 -0.0055 0.3968 0.1526
-14.2412 20.9503 16.8876 -0.9983 -0.0116 0.0565 0.6850 0.6229
-14.1838 37.6948 -10.7016 -0.6018 0.3419 0.7217 0.0116 0.5282
-14.1838 37.6948 -10.7016 -0.9759 0.1126 0.1872 0.8565 0.5189
-11.5754 -17.3029 23.1735 -0.7516 -0.0021 0.6597 0.6502 0.3542
-14.6770 24.6010 -7.4290 -1.0000 0.0070 -0.0067 0.8361 0.6003
13.7529 -40.3321 -16.6483 0.6022 -0.7980 -0.0232 0.4660 0.5614
14.3671 39.2681 18.4364 0.9701 0.2347 0.0617 0.4485 0.0078
-13.0005 34.7200 -9.0418 -0.7932 0.2889 0.5360 0.0042 0.5467
-13.0005 34.7200 -9.0418 -0.9840 0.0936 0.1513 0.2431 0.7128
-14.5898 21.4294 -18.5581 -0.9992 0.0145 -0.0361 0.9053 0.6200
14.3100 -30.5864 -16.1797 1.0000 0.0066 0.0007 0.2334 0.4419
-6.4189 -27.2825 -24.5917 0.0192 -0.0159 -0.9997 0.0508 0.4297
-1.4421 -11.2257 -24.5235 0.0430 -0.0020 -0.9991 0.0817 0.3299
-2.1413 40.5872 19.8471 0.0954 0.9950 0.0289 0.5779 0.7833
-14.2663 -15.4329 13.9333 -0.9988 0.0032 0.0498 0.7034 0.8491
14.3688 34.9383 4.4960 0.9986 0.0388 -0.0348 0.3619 0.0347
13.6743 -2.3383 23.0065 0.2690 -0.0170 0.9630 0.4933 0.2612
-11.8564 -19.5283 22.6256 -0.6351 -0.0158 0.7723 0.6520 0.3681
14.4226 7.2630 -4.7586 0.9997 0.0125 -0.0200 0.3044 0.2067
14.7312 9.1832 11.1559 0.9979 0.0624 -0.0151 0.4033 0.1947
-14.6760 16.5234 -17.7240 -0.9994 0.0017 -0.0359 0.9001 0.6505
14.9431 1.7910 18.8143 0.9993 0.0021 0.0383 0.4509 0.2407
2.5983 -19.6458 24.2256 0.0199 -0.0216 0.9996 0.5621 0.3688
5.4524 40.7459 -2.3688 0.0375 0.9992 0.0164 0.5307 0.6452
14.6940 -3.8250 6.3464 0.9997 -0.0079 -0.0210 0.3734 0.2756
-8.6113 -32.1693 23.7035 -0.0576 0.0055 0.9983 0.6318 0.4466
9.6677 40.3858 -23.4495 0.0567 0.0729 -0.9957 0.1508 0.0091
3.3463 40.8644 -9.1211 0.0571 0.9983 0.0084 0.5438 0.6032
14.0449 22.3574 -21.3467 0.9999 -0.0048 -0.0117 0.2013 0.1129
-9.8767 -39.6789 22.8732 0.0178 -0.7621 0.6472 0.1372 0.6548
-9.8767 -39.6789 22.8732 0.0317 -0.7318 0.6807 0.3192 0.8070
14.8641 -3.8634 14.9858 0.9988 -0.0123 -0.0466 0.4271 0.2758
-12.0667 -8.3329 -24.3783 -0.1693 -0.0021 -0.9856 0.0157 0.3119
4.7881 -41.3631 -11.4746 0.0254 -0.9995 0.0204 0.4103 0.5935
5.8863 40.4849 15.0331 0.0511 0.9981 0.0339 0.5280 0.7533
9.5842 38.4009 24.3296 0.0160 0.1610 0.9868 0.5187 0.0080
9.5842 38.4009 24.3296 0.0104 0.5054 0.8628 0.5050 0.8111
14.3737 37.8637 23.3395 0.7529 0.0190 0.6579 0.4890 0.0114
14.3737 37.8637 23.3395 0.8881 0.0109 0.4596 0.4790 0.0165
-11.5065 8.8444 23.3217 -0.6887 -0.0120 0.7249 0.6498 0.1917
5.9809 40.7474 -6.0842 0.0372 0.9993 0.0077 0.5274 0.6221
14.1591 8.8511 -16.9454 0.9997 0.0059 -0.0239 0.2286 0.1968
14.7715 24.5274 19.8919 0.9988 0.0098 0.0470 0.4576 0.0994
-9.2972 -41.4277 21.3428 0.0905 -0.9954 -0.0299 0.3228 0.7975
-11.9570 -38.6097 -24.3929 -0.0114 0.0415 -0.9991 0.0164 0.5001
14.2518 13.3869 -11.1653 0.9995 -0.0042 -0.0320 0.2646 0.1686
-14.1846 38.6970 13.4973 -0.9771 0.2124 -0.0129 0.7061 0.5126
5.7365 -40.8111 21.5868 -0.1317 0.0881 0.9874 0.0265 0.6108
5.7365 -40.8111 21.5868 0.0313 0.6251 0.7799 0.1169 0.6246
8.4781 39.1232 23.1626 0.0105 0.3585 0.9335 0.1721 0.5424
8.4781 39.1232 23.1626 0.0113 0.7880 0.6156 0.5119 0.8039
4.6351 -41.3809 -3.5035 0.0152 -0.9996 -0.0239 0.4094 0.6431
-14.2563 25.8657 -21.8401 -0.9929 0.0133 -0.1183 0.9257 0.5924
-13.3997 27.7859 -24.0598 -0.4989 0.0166 -0.8665 0.0074 0.0874
14.5935 11.3888 5.4177 0.9959 0.0288 -0.0856 0.3676 0.1810
-14.3988 -38.4707 6.1450 -0.9939 -0.1043 0.0352 0.7518 0.9922
14.7933 -16.3389 11.1672 0.9993 -0.0315 -0.0208 0.4033 0.3534
14.4455 -3.6183 -5.7119 0.9997 0.0082 -0.0232 0.2984 0.2743
14.2020 25.1587 -10.0382 0.9997 -0.0104 -0.0203 0.2716 0.0955
-2.3741 41.1823 -15.7717 0.0546 0.9984 0.0130 0.5794 0.5619
7.7746 -25.3821 -24.2220 0.0498 -0.0123 -0.9987 0.1390 0.4179
14.6803 12.6616 6.9944 0.9989 -0.0216 0.0414 0.3774 0.1731
-13.1880 -39.3608 17.7811 -0.4947 -0.8629 0.1038 0.2986 0.7754
6.1873 -41.6086 21.7479 -0.0227 -0.9861 0.1644 0.4190 0.8000
-12.5877 40.5211 19.2148 -0.7659 0.6419 0.0353 0.6428 0.7793
-12.5877 40.5211 19.2148 -0.9491 0.3145 0.0156 0.2792 0.5372
14.4476 -35.5137 -3.9358 0.9993 -0.0368 -0.0092 0.3095 0.4725
-11.6961 -21.9871 23.0901 -0.9695 0.0091 0.2451 0.1597 0.5655
-11.6961 -21.9871 23.0901 -0.7588 0.0179 0.6511 0.6510 0.3834
-8.3106 -41.1824 22.4765 0.0038 -0.0076 1.0000 0.0281 0.5723
7.9728 -41.2150 -9.4735 0.0690 -0.9975 -0.0129 0.4301 0.6060
1.1713 -41.6270 16.3022 0.0222 -0.9997 0.0094 0.3878 0.7662
14.5496 -9.6650 -1.8549 0.9997 0.0038 -0.0231 0.3224 0.3119
13.8469 15.1277 -23.5994 0.8720 -0.0039 -0.4894 0.1873 0.1578
13.8469 15.1277 -23.5994 0.4410 -0.0077 -0.8975 0.1767 0.1661
-14.5645 26.7473 3.5304 -0.9999 -0.0027 0.0146 0.7680 0.5869
-3.3331 14.5773 24.3367 -0.1011 0.0243 0.9946 0.5990 0.1561
-8.7726 -41.5476 14.9012 0.0288 -0.9990 -0.0356 0.3260 0.7575
-13.0691 -12.6265 22.4809 -0.2710 -0.0056 0.9626 0.6595 0.3252
-6.5361 -41.5278 -12.7809 0.0467 -0.9988 -0.0125 0.3399 0.5854
14.5064 3.9939 -1.5995 0.9998 0.0035 -0.0200 0.3240 0.2270
14.7387 -20.9032 6.0889 0.9971 0.0758 -0.0002 0.3718 0.3817
13.8019 -10.0567 -23.5133 0.9960 -0.0103 -0.0885 0.1878 0.3143
13.8019 -10.0567 -23.5133 0.7634 0.0112 -0.6459 0.1765 0.3226
14.6677 -4.3613 11.4259 0.9965 -0.0509 -0.0668 0.4050 0.2789
14.7327 11.1184 10.7923 0.9962 0.0215 -0.0844 0.4010 0.1827
12.5220 31.9261 23.9715 0.2128 -0.0263 0.9767 0.5005 0.0483
14.3735 33.6169 -1.9216 0.9999 -0.0089 -0.0116 0.3220 0.0429
14.2785 -21.6036 -14.2604 0.9999 0.0060 -0.0146 0.2453 0.3861
5.8866 -27.6853 23.8849 0.0736 -0.0217 0.9971 0.5417 0.4188
-14.2143 -27.0555 15.3615 -0.9978 -0.0076 0.0656 0.6945 0.9213
-14.2938 30.1513 3.6242 -0.4238 0.8034 -0.4183 0.0968 0.5973
14.3458 27.7138 -3.7572 0.9997 0.0181 0.0178 0.3106 0.0796
-12.5325 -39.6833 21.7995 -0.7517 -0.2628 0.6048 0.0374 0.5985
-12.5325 -39.6833 21.7995 -0.6807 -0.6176 0.3941 0.3027 0.8003
14.1670 23.1723 -11.0937 0.9998 -0.0075 -0.0184 0.2650 0.1078
-7.4973 -41.2297 -23.4341 -0.0473 -0.8319 -0.5528 0.3340 0.5192
-7.4973 -41.2297 -23.4341 -0.9162 -0.2472 -0.3152 0.2205 0.8077
-7.4973 -41.2297 -23.4341 0.0256 0.5165 -0.8559 0.0477 0.6393
-4.2594 39.3665 23.2607 0.0413 0.2895 0.9563 0.1736 0.6215
-7.4949 40.7363 21.3545 0.0851 0.9959 0.0307 0.6112 0.7926
14.4993 -14.0712 22.1737 0.7183 -0.0016 0.6957 0.4882 0.3342
14.4993 -14.0712 22.1737 0.9728 -0.0005 0.2317 0.4718 0.3393
14.0501 1.5657 -20.2697 0.9989 -0.0054 -0.0455 0.2080 0.2421
14.2023 -33.0629 -18.3930 0.9988 -0.0064 -0.0486 0.2196 0.4573
4.2621 40.7700 -1.9875 0.0328 0.9990 0.0313 0.5381 0.6476
14.7403 20.7751 14.9101 0.9990 -0.0340 -0.0276 0.4266 0.1227
-14.2084 -39.3476 -10.7388 0.2965 -0.9536 0.0515 0.2923 0.5981
-12.6015 39.2827 21.0788 -0.9993 -0.0269 0.0248 0.2715 0.5256
-12.6015 39.2827 21.0788 -0.8539 0.5193 0.0354 0.0724 0.5995
-14.3055 -8.3225 -22.7970 -0.9612 -0.0191 -0.2751 0.9316 0.8049
7.6299 -41.3985 1.8886 0.0450 -0.9988 -0.0192 0.4280 0.6766
11.5860 15.3364 -24.0583 0.0823 -0.0093 -0.9966 0.1627 0.1648
14.5664 -17.9624 -0.0676 0.9992 -0.0236 0.0318 0.3335 0.3635
-12.7856 -39.6481 4.3652 -0.9580 -0.2517 0.1372 0.1980 0.5522
-12.7856 -39.6481 4.3652 -0.6493 -0.7605 -0.0105 0.3011 0.6920
14.0568 -34.3396 -21.1014 0.9986 -0.0034 -0.0534 0.2028 0.4652
-2.2034 -39.2153 -24.3212 0.0327 -0.1317 -0.9907 0.0770 0.5038
14.8610 -24.5548 14.5882 0.9999 -0.0026 -0.0120 0.4246 0.4044
-0.2959 -41.4560 22.1035 -0.0093 -0.9889 0.1481 0.3787 0.8022
14.4486 34.1857 7.5716 0.9992 0.0409 -0.0002 0.3810 0.0394
-9.1311 11.3402 23.8749 -0.0948 -0.0216 0.9953 0.6350 0.1762
14.3549 35.3923 -3.9744 0.9996 -0.0152 0.0256 0.3092 0.0319
-1.9668 4.9052 24.3686 -0.2817 -0.0489 0.9583 0.5905 0.2162
-12.8668 -39.7311 -3.6063 -0.9802 -0.1977 -0.0101 0.1974 0.6018
-13.9177 -19.9392 20.0794 -0.9977 -0.0047 0.0683 0.6652 0.8771
4.5687 -41.0674 22.0252 -0.0173 0.8620 0.5067 0.1196 0.6173
14.4135 34.7646 6.3284 0.9992 -0.0318 0.0232 0.3733 0.0358
1.1055 -13.1880 24.3075 -0.0353 -0.0111 0.9993 0.5714 0.3287
-12.7309 -40.3461 -2.5576 -0.9724 -0.2332 -0.0041 0.1936 0.5953
-12.7309 -40.3461 -2.5576 -0.8126 -0.5826 0.0115 0.3014 0.6490
-14.2311 17.5755 16.5212 -0.9980 0.0011 0.0636 0.6873 0.6439
14.1811 3.7289 -15.3941 0.9994 0.0051 -0.0345 0.2383 0.2286
14.6840 -32.0079 8.2551 0.9814 0.0028 0.1917 0.3852 0.4507
14.6749 -25.5198 7.0057 0.9915 -0.1244 -0.0383 0.3775 0.4104
11.5295 -41.6940 19.6755 0.1055 -0.9942 -0.0194 0.4522 0.7871
-13.4537 -39.2102 8.4985 -0.2454 -0.9693 -0.0157 0.2969 0.7177
0.8072 -41.5891 19.8215 -0.0620 -0.9974 0.0367 0.3856 0.7880
-13.6127 31.4049 5.2290 0.5208 0.4728 -0.7108 0.1597 0.6820
-13.6127 31.4049 5.2290 0.0053 0.7027 -0.7114 0.0926 0.6073
13.9809 40.1805 -18.0155 0.6984 0.7157 0.0056 0.4777 0.5480
-13.1796 29.5375 2.5252 -0.3597 0.8292 -0.4279 0.0899 0.5905
14.3277 32.0743 23.3121 0.8250 -0.0025 0.5651 0.4892 0.0474
-7.8313 -23.2902 23.7587 -0.0675 -0.0035 0.9977 0.6270 0.3914
13.1661 23.5616 -23.9056 0.3714 -0.0082 -0.9284 0.1725 0.1137
-13.9184 11.7259 21.9555 -0.9578 -0.0047 0.2874 0.6535 0.6803
14.1573 25.1416 -14.1709 0.9998 -0.0086 -0.0174 0.2459 0.0956
12.6243 -29.4431 -23.8062 -0.0104 -0.0070 -0.9999 0.1691 0.4431
-9.7374 -15.7461 -24.7140 -0.0163 -0.0065 -0.9998 0.0302 0.3580
-14.6281 13.5815 1.2551 -0.9998 0.0009 0.0192 0.7822 0.6687
-10.4090 -30.2031 -24.4995 -0.0483 -0.0242 -0.9985 0.0260 0.4478
-4.4779 -41.5734 18.6211 -0.0048 -0.9997 0.0246 0.3527 0.7806
0.0148 -41.5602 6.0902 -0.0069 -0.9999 -0.0145 0.3807 0.7027
0.2836 -41.1863 22.1879 -0.0087 0.5507 0.8346 0.1207 0.5907
-14.7441 9.2572 -16.1949 -0.9993 0.0061 -0.0380 0.8906 0.6956
6.0979 -41.1202 -23.4777 0.0853 0.5047 -0.8591 0.1286 0.5157
6.0979 -41.1202 -23.4777 0.0469 -0.8945 -0.4445 0.4185 0.5189
14.1358 16.6106 -14.4567 0.9999 0.0022 -0.0150 0.2441 0.1486
13.3790 -7.6505 -23.9569 0.4473 0.0082 -0.8943 0.1738 0.3077
-11.4804 -19.3749 23.2998 -0.4911 0.0036 0.8711 0.6496 0.3671
-14.4679 -39.3241 -15.9983 -0.3456 -0.9384 -0.0055 0.2906 0.5654
-14.4679 -39.3241 -15.9983 -0.8732 -0.4872 -0.0091 0.8894 0.9975
14.3297 29.2863 -4.9302 0.9998 0.0020 -0.0191 0.3033 0.0698
14.9169 19.6133 16.3012 0.9912 0.1246 -0.0438 0.4353 0.1299
-5.4061 -40.5881 21.5860 0.1240 -0.1417 0.9821 0.0026 0.5943
-5.4061 -40.5881 21.5860 0.1534 0.6786 0.7183 0.1169 0.5553
-14.5503 -16.7919 7.4157 -0.9993 0.0101 0.0350 0.7439 0.8575
5.9713 40.3621 17.7033 0.0279 0.9971 0.0703 0.5275 0.7699
-13.6529 -39.4344 -24.2161 -0.6208 -0.3489 -0.7021 0.0058 0.5052
-13.6529 -39.4344 -24.2161 -0.6703 -0.6115 -0.4205 0.2957 0.5143
2.8330 40.3754 19.6845 -0.0591 0.9959 0.0687 0.5470 0.7823
0.4078 -12.3680 -24.4277 0.0541 0.0013 -0.9985 0.0932 0.3370
13.6370 -5.6829 -23.7012 0.7141 -0.0212 -0.6998 0.1754 0.2954
-10.4701 -41.6818 21.3213 -0.0956 -0.9954 0.0055 0.3155 0.7974
14.7132 6.0547 9.0398 0.9998 0.0195 -0.0023 0.3901 0.2142
12.0112 39.1245 -23.0655 -0.1380 0.3284 -0.9344 0.1653 0.0170
12.0112 39.1245 -23.0655 -0.0987 0.7873 -0.6086 0.1516 0.6617
13.6115 39.3803 -23.3022 -0.1218 0.1942 -0.9734 0.1753 0.0154
13.6115 39.3803 -23.3022 -0.2265 0.7058 -0.6712 0.1501 0.6716
14.9140 -7.9562 16.0938 0.9999 0.0038 -0.0105 0.4340 0.3013
-13.8881 -37.3621 -24.1958 -0.4779 0.0202 -0.8782 0.0044 0.4923
7.5626 -14.3065 23.9425 0.0958 -0.0336 0.9948 0.5313 0.3356
-8.3580 -41.4121 12.9099 -0.0946 -0.9954 0.0152 0.3286 0.7451
13.8865 -22.4981 -22.8797 0.9982 0.0032 -0.0602 0.1917 0.3916
4.2152 -41.5296 3.8617 0.0234 -0.9997 -0.0003 0.4068 0.6888
-14.7670 7.6489 -15.5973 -0.9999 0.0020 -0.0111 0.8869 0.7056
14.7884 -29.4903 12.4679 0.9995 0.0032 -0.0302 0.4114 0.4351
14.0445 23.8364 -21.8768 0.9999 -0.0122 -0.0106 0.1980 0.1037
14.4115 31.8516 2.9527 0.9996 0.0090 -0.0280 0.3523 0.0539
-11.3102 13.9672 23.4877 -0.3190 -0.0238 0.9475 0.6486 0.1599
-11.7316 -40.6308 22.3008 -0.2963 0.1404 0.9447 0.0315 0.5936
14.1384 15.9006 -14.5071 0.9999 0.0119 -0.0120 0.2438 0.1530
-14.5348 1.4304 3.5475 -0.9952 0.0953 0.0226 0.7679 0.7443
4.7331 -41.3511 -16.8176 0.0367 -0.9993 0.0096 0.4100 0.5603
-13.7781 31.2107 -6.4704 0.0815 0.7773 0.6238 0.0936 0.5346
14.6672 -5.5481 5.8408 0.9998 -0.0043 -0.0187 0.3702 0.2863
-13.9302 -39.3515 -21.9092 -0.0108 -0.9987 0.0497 0.2940 0.5287
8.8760 -40.4720 22.2054 -0.0454 -0.5380 0.8417 0.4357 0.8029
8.8760 -40.4720 22.2054 -0.0707 -0.8105 0.5814 0.1331 0.5383
14.5293 -23.8583 -4.0028 0.9999 -0.0033 -0.0150 0.3091 0.4001
13.6299 -39.1215 -23.9320 0.1260 0.0012 -0.9920 0.1754 0.5033
14.7925 7.9597 11.4583 0.9992 -0.0361 -0.0177 0.4052 0.2023
14.7415 3.1828 9.2130 0.9963 -0.0795 -0.0320 0.3912 0.2320
-14.5324 32.6084 -12.6029 -0.9988 0.0453 0.0186 0.8683 0.5505
10.4433 -41.6502 22.0534 0.0199 -0.8131 0.5818 0.4455 0.8019
-3.5441 7.6724 24.1894 -0.0339 0.0795 0.9963 0.6003 0.1990
4.0814 -41.6369 19.1422 -0.0351 -0.9993 0.0141 0.4059 0.7838
11.3549 -25.2332 -23.9983 0.0801 -0.0190 -0.9966 0.1612 0.4169
1.1766 -6.8569 -24.4449 0.1335 0.0165 -0.9909 0.0980 0.3027
-14.6912 -2.4070 -2.0574 -0.9999 0.0064 0.0153 0.8027 0.7681
-11.6723 -34.3492 22.7371 -0.9302 0.0039 -0.3670 0.1619 0.6423
-11.6723 -34.3492 22.7371 -0.5861 0.0265 0.8098 0.0182 0.5554
-14.2714 34.2148 -9.1591 -0.8838 0.2647 0.3858 0.8469 0.5405
-14.2714 34.2148 -9.1591 -0.4931 0.4417 0.7495 0.0121 0.5498
-10.2225 27.0324 23.9036 -0.1133 -0.0207 0.9933 0.6418 0.0787
-0.2663 -41.4589 -8.7244 0.0253 -0.9997 -0.0053 0.3789 0.6106
-14.0589 36.7913 8.3690 -0.7521 0.1807 -0.6338 0.0128 0.5956
14.5582 -22.0469 3.0580 0.9995 0.0224 -0.0218 0.3529 0.3888
2.6509 40.7432 7.8882 0.0275 0.9995 0.0154 0.5481 0.7089
14.2458 -40.1216 13.2019 0.9643 -0.2648 0.0027 0.4160 0.5012
14.3728 14.7190 -4.4067 0.9998 0.0065 -0.0209 0.3066 0.1603
14.5363 -16.2724 -2.7361 0.9999 0.0015 -0.0160 0.3169 0.3529
-13.5234 -39.1509 -13.7816 0.2898 -0.9552 0.0610 0.2965 0.5792
-5.9659 -34.9173 23.7834 -0.0249 -0.0136 0.9996 0.6154 0.4637
-5.1351 -19.4963 23.8876 -0.0794 0.0012 0.9968 0.6102 0.3679
-14.2023 -3.6364 15.7484 -0.9996 0.0021 0.0266 0.6921 0.7757
-13.7791 -0.5561 22.1417 -0.9451 -0.0094 0.3266 0.6523 0.7566
-13.7791 -0.5561 22.1417 -0.7156 -0.0096 0.6984 0.6639 0.2502
-14.2221 -1.8732 14.3990 -0.9989 -0.0439 0.0182 0.7005 0.7648
13.9807 -34.5551 -22.5062 0.9987 -0.0030 -0.0518 0.1941 0.4666
9.1159 10.0423 24.1473 0.1348 -0.0213 0.9906 0.5216 0.1843
7.9812 40.5362 -23.5124 0.0166 0.5978 -0.8015 0.5150 0.5138
7.9812 40.5362 -23.5124 0.0272 0.0947 -0.9951 0.1403 0.0082
-13.4114 39.0356 9.2341 0.9902 0.1314 -0.0480 0.2383 0.8060
-13.1302 -6.7872 -24.1908 -0.3291 0.0019 -0.9443 0.0091 0.3023
-9.4483 -40.3809 21.9273 -0.0005 -0.5273 0.8497 0.1314 0.6522
-9.4483 -40.3809 21.9273 0.0794 0.2635 0.9614 0.0331 0.5794
-13.7022 -39.0436 -24.3668 -0.3682 -0.0603 -0.9278 0.0055 0.5028
13.3392 -40.7736 -6.6993 0.2174 -0.9760 -0.0119 0.4635 0.6232
13.3975 -40.2034 -23.6327 0.1482 -0.6626 -0.7342 0.4638 0.5180
13.3975 -40.2034 -23.6327 -0.4094 -0.1462 -0.9006 0.1739 0.5100
14.7425 -19.3956 10.1132 0.9971 0.0055 -0.0765 0.3968 0.3724
13.7103 11.8324 -23.6769 0.5824 -0.0126 -0.8128 0.1759 0.1866
-14.1521 38.8922 17.1190 -0.6810 0.7323 0.0008 0.0820 0.5749
-14.1521 38.8922 17.1190 -0.9365 0.3506 0.0058 0.6836 0.5114
-11.3925 -41.4090 20.1801 -0.3851 -0.9223 0.0327 0.3098 0.7903
-14.6812 -35.9300 1.4957 -0.9958 -0.0894 0.0221 0.7807 0.9765
14.3285 14.2384 -7.6445 1.0000 -0.0005 -0.0014 0.2864 0.1633
-5.1712 -10.8682 -24.6614 0.0303 0.0004 -0.9995 0.0585 0.3277
-11.5611 28.5321 23.4219 -0.9819 -0.0056 0.1893 0.1072 0.5883
-11.5803 33.7358 23.4826 -0.9999 0.0087 0.0142 0.1069 0.5559
13.8066 -8.6464 22.8650 0.4804 -0.0107 0.8770 0.4925 0.3004
14.6704 -0.3756 3.9751 0.9997 -0.0054 -0.0253 0.3586 0.2542
14.5067 13.3873 1.7133 0.9997 0.0021 -0.0229 0.3446 0.1686
1.9988 -41.4333 2.3357 0.0102 -0.9999 -0.0135 0.3930 0.6794
-12.1779 39.3464 -23.5416 -0.6651 0.3209 -0.6743 0.0150 0.0156
-12.1779 39.3464 -23.5416 -0.3277 0.9350 -0.1357 0.0489 0.5256
-5.6714 40.6904 20.5531 0.0696 0.9964 0.0488 0.5999 0.7877
3.5947 40.9005 -22.4069 0.0431 0.9990 -0.0137 0.5423 0.5207
14.5603 -19.6153 -0.4797 0.9967 -0.0417 0.0699 0.3310 0.3737
2.2518 -41.4649 22.0750 -0.0170 -0.9995 0.0256 0.3946 0.8020
-11.8756 -13.8480 22.7257 -0.6484 -0.0106 0.7612 0.6521 0.3328
13.5885 1.1796 -23.7613 0.4999 0.0066 -0.8660 0.1751 0.2528
-12.1387 -40.5797 -23.6541 0.1293 -0.6710 -0.7301 0.0609 0.6453
-1.8489 -41.4775 -15.2102 0.0129 -0.9999 -0.0051 0.3691 0.5703
14.3251 -14.8108 -11.5023 0.9994 -0.0178 -0.0280 0.2625 0.3439
14.3054 39.6365 -10.6975 0.9875 0.1575 -0.0087 0.2675 0.0055
10.2731 -41.6738 15.0774 0.0284 -0.9994 -0.0175 0.4444 0.7586
-13.7424 29.0068 -1.3978 0.3095 0.9481 0.0732 0.0934 0.5661
-13.1592 -38.9473 -7.0998 -0.1149 -0.9934 -0.0019 0.2988 0.6207
-5.2331 -40.4612 21.6463 -0.0012 -0.8643 0.5030 0.1296 0.6260
-10.9861 -41.5619 -0.6664 -0.0208 -0.9998 0.0060 0.3123 0.6607
-6.4118 -6.3750 23.8111 -0.1332 -0.0016 0.9911 0.6181 0.2863
14.3944 -32.9171 -2.2218 0.9999 -0.0063 -0.0086 0.3201 0.4564
5.3841 -41.2990 -16.7509 0.0362 -0.9990 0.0267 0.4140 0.5607
14.5314 -30.7934 -2.5520 0.9956 -0.0193 0.0918 0.3181 0.4432
14.6000 -7.0037 1.1331 0.9975 -0.0258 -0.0660 0.3410 0.2953
-14.2399 -39.3457 -17.9773 0.2987 -0.9542 0.0176 0.2921 0.5531
-14.9476 -28.8268 -12.3162 -0.9999 -0.0063 -0.0108 0.8665 0.9323
8.4813 40.6742 -12.7118 0.0553 0.9983 0.0161 0.5119 0.5809
-4.2318 -24.6256 23.9078 -0.0480 -0.0047 0.9988 0.6046 0.3997
-14.7820 -33.8856 1.6649 -0.9994 -0.0227 0.0249 0.7796 0.9637
-14.0079 37.6995 8.5669 -0.5410 0.2503 -0.8029 0.0131 0.5899
9.2420 16.5840 -24.1960 0.2315 0.0101 -0.9728 0.1481 0.1570
-0.3246 28.7737 24.6559 -0.0369 0.0020 0.9993 0.5803 0.0679
-13.1142 -39.0033 -3.5054 -0.3967 -0.9171 -0.0403 0.2991 0.6431
-13.1142 -39.0033 -3.5054 -0.8741 -0.4735 0.1080 0.2020 0.6012
-11.9927 -24.8734 22.5346 -0.3791 -0.0043 0.9254 0.6528 0.4013
-14.5997 -17.9722 -21.2284 -0.9961 0.0044 -0.0884 0.9219 0.8648
-14.2074 -7.1980 15.1475 -0.9996 0.0035 0.0294 0.6958 0.7979
14.8522 -3.1872 14.4754 0.9999 -0.0100 -0.0104 0.4239 0.2716
-11.7314 -29.5258 23.2090 -0.6963 0.0268 0.7172 0.6512 0.4302
6.2405 15.2553 24.5374 0.0756 -0.0157 0.9970 0.5395 0.1519
13.9296 -15.5530 -21.7888 0.9973 0.0004 -0.0735 0.1985 0.3485
-11.8031 -41.2430 14.3073 -0.5633 -0.8262 0.0047 0.3072 0.7538
-11.1723 7.0112 23.4735 -0.3385 -0.0142 0.9409 0.6477 0.2031
14.5013 26.5803 6.5655 0.9988 0.0341 -0.0359 0.3747 0.0866
-12.1098 -40.8824 14.3065 -0.8983 -0.4375 0.0401 0.0829 0.6311
-12.1098 -40.8824 14.3065 -0.7690 -0.6388 0.0235 0.3053 0.7538
11.9357 -40.8824 -17.2052 0.1191 -0.9929 0.0048 0.4547 0.5579
8.1877 18.7555 24.4062 0.0944 -0.0254 0.9952 0.5274 0.1301
13.4202 -41.0329 3.9667 0.1932 -0.9803 -0.0409 0.4640 0.6895
-11.9057 -8.5465 22.6920 -0.3781 0.0023 0.9258 0.6523 0.2998
3.6738 40.6645 8.9977 0.0325 0.9994 -0.0111 0.5418 0.7158
-0.5309 -11.8163 24.2445 -0.0634 -0.0121 0.9979 0.5816 0.3201
-5.0136 40.9342 10.5586 0.0264 0.9996 0.0118 0.5958 0.7255
-13.1609 35.4227 -9.6262 -0.5559 0.3307 0.7626 0.0052 0.5423
-13.6197 -39.1965 19.3793 -0.9940 -0.0746 0.0805 0.6695 0.9968
-13.6197 -39.1965 19.3793 -0.2919 -0.9557 0.0379 0.2959 0.7853
14.7834 -5.6872 9.3175 0.9942 0.1068 -0.0144 0.3919 0.2872
-2.5898 39.9392 23.1484 0.0312 0.3274 0.9444 0.1772 0.6111
14.3239 -6.6176 -11.0124 0.9996 0.0011 -0.0279 0.2655 0.2929
-9.0049 16.5692 -24.5879 -0.0619 0.0043 -0.9981 0.0347 0.1571
14.4658 -31.6193 -6.7129 0.9999 -0.0003 -0.0120 0.2922 0.4483
14.7241 30.8432 19.5717 0.9989 0.0274 0.0378 0.4556 0.0601
14.5807 -31.0293 6.0942 0.9975 -0.0485 0.0515 0.3718 0.4447
-14.4635 -36.2131 8.1022 -0.9974 -0.0619 0.0374 0.7396 0.9782
-13.7109 29.1661 1.3895 0.5356 0.8151 -0.2208 0.0932 0.5835
-13.7109 29.1661 1.3895 0.9409 0.2869 -0.1802 0.1774 0.6847
-11.5702 32.0497 23.4552 -0.9685 -0.0229 -0.2479 0.1070 0.5664
-14.6400 20.0501 0.3159 -0.9999 0.0019 0.0143 0.7880 0.6285
14.7672 -20.8640 8.3945 0.9974 -0.0703 0.0180 0.3861 0.3815
-12.8413 -39.4956 20.7108 -0.6552 -0.7554 0.0029 0.3007 0.7936
14.3439 35.7528 -4.6106 0.9998 -0.0041 -0.0169 0.3053 0.0296
-11.8136 -34.1281 23.0906 -0.9902 0.0048 -0.1397 0.1597 0.6410
14.6350 32.3519 22.5005 0.9989 0.0103 0.0466 0.4738 0.0507
14.8061 -25.5031 8.5752 0.9994 -0.0356 -0.0014 0.3872 0.4103
-14.2846 20.4250 15.7454 -0.9994 -0.0030 0.0358 0.6921 0.6262
-13.1728 39.3125 11.6572 -0.6931 -0.6123 -0.3804 0.2717 0.5841
-13.1728 39.3125 11.6572 -0.6445 -0.6718 -0.3651 0.1496 0.6852
-11.8993 -38.7866 22.8373 -0.9786 -0.1861 0.0877 0.1613 0.6699
-11.8993 -38.7866 22.8373 -0.5227 -0.0265 0.8521 0.6522 0.4878
-13.3514 -39.4743 21.4939 -0.3610 -0.9230 0.1333 0.2976 0.7984
-14.7406 -6.2803 -18.8550 -0.9994 0.0045 -0.0354 0.9071 0.7922
2.1297 -5.3103 -24.3628 0.0118 -0.0244 -0.9996 0.1039 0.2931
-12.4176 -23.6800 -24.3455 -0.1610 0.0048 -0.9869 0.0135 0.4073
10.3252 -41.5909 11.8876 0.0166 -0.9992 -0.0373 0.4447 0.7387
-11.5551 7.5678 23.2437 -0.7890 -0.0098 0.6144 0.6501 0.1997
-14.2356 37.1248 18.2910 -0.9981 0.0138 0.0597 0.6763 0.5224
-13.7635 37.2041 22.7225 -0.5795 -0.0034 0.8149 0.6638 0.0155
-6.8207 -41.5766 -0.0788 -0.0953 -0.9946 0.0413 0.3382 0.6644
14.5241 6.7896 0.5880 0.9993 -0.0125 -0.0351 0.3376 0.2096
14.0517 -7.6674 -19.7139 0.9994 0.0028 -0.0346 0.2114 0.2995
-9.9232 41.6948 -23.1928 0.0384 0.9816 -0.1868 0.6263 0.5158
-14.5295 -3.0728 -21.2403 -0.9986 0.0033 -0.0523 0.9220 0.7722
-0.5766 -41.4768 -6.2005 0.0220 -0.9998 -0.0021 0.3770 0.6263
-13.9810 -6.2380 -23.7149 -0.5643 0.0225 -0.8253 0.0038 0.2989
-13.9810 -6.2380 -23.7149 -0.8884 0.0173 -0.4587 0.9373 0.7919
14.8974 1.6132 15.8505 0.9981 -0.0025 -0.0620 0.4325 0.2418
14.0306 -24.1356 22.5473 0.6190 -0.0087 0.7854 0.4911 0.3967
0.3550 41.0401 -21.6392 0.0638 0.9977 0.0242 0.5624 0.5254
-14.6635 26.3273 -8.3416 -0.9999 0.0027 -0.0130 0.8418 0.5895
14.7428 -18.5713 5.5396 0.9853 -0.1609 -0.0567 0.3684 0.3672
-12.6962 -40.0866 10.1596 -0.9511 -0.2830 -0.1240 0.1952 0.5162
-12.6962 -40.0866 10.1596 -0.8334 -0.5420 -0.1079 0.3017 0.7280
-14.6817 20.1214 -11.7686 -0.9999 0.0067 0.0146 0.8631 0.6281
-6.2812 -41.2006 -23.5553 -0.0150 -0.8668 -0.4984 0.3415 0.5185
14.4894 -35.2364 0.2402 0.9976 -0.0551 -0.0425 0.3354 0.4708
11.6103 -36.9796 23.0827 0.1422 -0.0219 0.9896 0.5061 0.4765
-14.2797 4.5118 13.9676 -0.9996 0.0084 0.0282 0.7031 0.7251
-14.2566 12.2452 15.7689 -0.9982 0.0349 0.0490 0.6920 0.6770
-0.2152 24.2976 -24.4671 0.0283 -0.0049 -0.9996 0.0893 0.1091
-13.0775 -39.2590 22.2833 -0.8717 -0.2260 0.4348 0.6515 0.9971
-13.0775 -39.2590 22.2833 -0.1839 -0.9470 0.2633 0.2993 0.8033
-13.0775 -39.2590 22.2833 -0.5390 -0.1121 0.8348 0.6596 0.4907
0.1869 -26.6628 24.0632 -0.0498 0.0042 0.9988 0.5771 0.4124
-12.9023 39.2536 10.0722 -0.8807 -0.3283 -0.3414 0.2713 0.5940
-12.9023 39.2536 10.0722 -0.5523 -0.7942 -0.2533 0.1513 0.6754
-5.8454 40.8071 18.5319 0.0684 0.9962 0.0546 0.6009 0.7751
-14.3774 9.3767 11.8355 -0.9996 0.0004 0.0291 0.7164 0.6949
1.7637 8.3019 24.5967 -0.0291 -0.0168 0.9994 0.5673 0.1951
12.8394 -40.4371 22.4857 -0.0583 -0.4693 0.8811 0.4985 0.4980
12.8394 -40.4371 22.4857 0.0168 -0.5465 0.8373 0.4604 0.8046
-14.3176 30.8137 -6.0361 -0.7610 0.5387 0.3614 0.0969 0.5373
-14.8911 -34.7155 -5.3360 -0.9992 -0.0393 0.0092 0.8231 0.9689
14.7123 4.6392 7.6185 0.9999 -0.0068 0.0140 0.3813 0.2230
4.5564 17.5170 -24.3171 0.0293 -0.0102 -0.9995 0.1190 0.1512
14.2858 39.7151 2.8563 0.7476 0.6641 0.0014 0.4758 0.6777
14.2858 39.7151 2.8563 0.8907 0.4546 0.0006 0.3517 0.0050
-3.5833 -41.5755 6.2548 0.0002 -1.0000 -0.0035 0.3583 0.7037
-4.1410 -41.5489 -1.5430 0.0094 -0.9998 -0.0160 0.3548 0.6553
10.1444 -27.6160 -24.0646 0.0738 -0.0029 -0.9973 0.1537 0.4317
14.4762 -36.5615 6.6963 0.9991 -0.0154 -0.0384 0.3756 0.4790
11.7255 19.5701 -24.0448 0.0885 -0.0110 -0.9960 0.1636 0.1385
-14.0967 12.9579 19.0112 -0.9968 0.0180 0.0781 0.6718 0.6726
14.4545 -27.3595 -6.8878 0.9995 0.0096 -0.0287 0.2911 0.4219
4.1187 2.6366 -24.3170 0.0217 0.0715 -0.9972 0.1163 0.2437
-12.8302 -39.4635 20.2040 -0.6650 -0.7456 -0.0416 0.3008 0.7904
-14.7126 13.0703 -16.2330 -0.9996 0.0067 -0.0260 0.8908 0.6719
14.5239 14.0668 2.2531 0.9998 0.0014 -0.0221 0.3479 0.1644
4.5421 23.4782 -24.3230 0.0745 -0.0437 -0.9963 0.1189 0.1142
-13.8397 25.0119 -23.5472 -0.9599 0.0119 -0.2800 0.9363 0.5977
-9.1018 4.3025 23.7923 -0.1258 -0.0243 0.9918 0.6349 0.2200
13.6362 -41.3888 21.8769 0.6372 -0.7625 0.1120 0.4653 0.8008
13.6362 -41.3888 21.8769 0.9064 -0.3934 0.1538 0.4699 0.5090
-11.7418 -28.2553 22.8230 -0.9855 -0.0212 0.1681 0.1614 0.6045
-14.2380 2.3307 14.3201 -0.9903 -0.1339 0.0366 0.7010 0.7387
14.7153 23.5972 21.2346 0.9994 0.0061 0.0352 0.4659 0.1052
14.6556 -2.0731 3.7112 0.9986 -0.0060 -0.0521 0.3570 0.2647
14.8593 -2.1122 11.6203 0.9989 0.0478 -0.0006 0.4062 0.2649
0.7219 40.6042 17.0697 0.0548 0.9983 0.0206 0.5601 0.7660
14.2075 -15.4225 -15.3995 0.9995 0.0059 -0.0300 0.2382 0.3477
-14.2023 13.5774 15.3228 -0.9998 0.0016 0.0193 0.6947 0.6688
14.6989 -1.4235 7.5784 0.9995 0.0063 -0.0312 0.3810 0.2607
-14.5091 26.7373 -18.1688 -0.9996 0.0222 -0.0152 0.9029 0.5870
9.3143 -6.3976 23.8252 0.1160 -0.0188 0.9931 0.5204 0.2865
-14.7616 -2.2754 -9.4065 -1.0000 0.0024 0.0029 0.8484 0.7673
-5.6587 41.0768 -3.9877 0.0153 0.9999 0.0078 0.5998 0.6351
-12.2646 -39.8470 21.9557 -0.3714 -0.0028 0.9285 0.0364 0.5969
-12.2646 -39.8470 21.9557 -0.6402 -0.6340 0.4338 0.3043 0.8013
14.4437 24.7128 2.7502 0.9998 0.0144 -0.0164 0.3510 0.0982
-14.4162 21.4492 10.9093 -0.9998 0.0036 0.0203 0.7222 0.6198
-11.1818 -1.5733 23.3948 -0.3143 -0.0112 0.9493 0.6478 0.2565
-14.5045 3.2043 -21.5419 -0.9896 0.0311 -0.1403 0.9238 0.7332
-5.4069 -27.0274 23.8613 -0.0483 -0.0066 0.9988 0.6119 0.4147
14.6745 -0.2427 9.0854 0.9933 0.1147 -0.0125 0.3904 0.2533
13.2264 25.5328 -23.9207 0.3041 -0.0089 -0.9526 0.1729 0.1014
-0.0734 40.9472 -8.4294 0.0183 0.9998 0.0118 0.5651 0.6075
-14.0330 -39.1769 -0.2695 0.3540 -0.9333 0.0602 0.2933 0.6632
-13.0173 37.5396 8.0788 -0.9260 0.1763 -0.3339 0.2606 0.6064
-13.0173 37.5396 8.0788 -0.6391 0.2219 -0.7364 0.0193 0.5909
14.5354 -34.4320 5.4291 0.9957 0.0833 -0.0413 0.3677 0.4658
-9.3419 -39.8845 22.6880 -0.1075 -0.7968 0.5946 0.1361 0.6515
-9.3419 -39.8845 22.6880 -0.0072 -0.6630 0.7486 0.3225 0.8059
-13.1657 39.3489 10.3478 -0.9138 0.1378 -0.3821 0.2719 0.5923
-13.1657 39.3489 10.3478 -0.5841 -0.7780 -0.2317 0.1497 0.6771
-11.8137 -5.7591 22.7390 -0.6079 0.0054 0.7940 0.6517 0.2825
-14.5809 30.2859 -7.8168 -0.9983 0.0565 0.0164 0.8385 0.5649
-14.2317 38.6948 14.8354 -0.7803 0.6253 -0.0101 0.0825 0.5607
-14.2317 38.6948 14.8354 -0.9978 0.0592 -0.0306 0.6978 0.5127
-9.1280 -40.8393 -23.0563 0.0608 0.0890 -0.9942 0.0501 0.6292
-1.5263 -40.7930 21.7494 0.0170 0.8438 0.5364 0.1179 0.5794
-1.5263 -40.7930 21.7494 0.4296 0.2820 0.8579 0.1949 0.7383
-12.8989 35.9892 -5.0406 -0.9998 0.0201 0.0075 0.2510 0.6879
-13.1160 24.3828 22.8892 -0.2118 -0.0023 0.9773 0.6598 0.0952
14.0915 -40.6613 8.4116 0.9210 -0.3887 0.0260 0.3862 0.5045
14.0915 -40.6613 8.4116 0.6500 -0.7600 0.0005 0.4681 0.7171
14.5699 26.1529 8.9468 0.9998 0.0097 -0.0201 0.3895 0.0893
14.2712 -40.1236 9.8390 0.9705 -0.2410 0.0095 0.3951 0.5012
-11.4542 41.2661 -2.9207 -0.0180 0.9996 0.0214 0.6358 0.6418
14.7311 6.9973 12.9875 0.9965 0.0704 -0.0453 0.4147 0.2083
-2.3661 -40.5621 21.6351 -0.0619 -0.9733 0.2212 0.1296 0.6082
-2.3661 -40.5621 21.6351 -0.0626 -0.4751 0.8777 0.0028 0.5754
1.8633 40.2375 20.9153 0.0806 0.9957 0.0460 0.5530 0.7899
-1.8324 -41.4792 -13.3482 0.0163 -0.9999 0.0001 0.3692 0.5819
10.3405 40.5260 -9.5247 0.0770 0.9970 0.0046 0.5003 0.6007
-11.5265 -30.0890 23.4148 -0.4065 0.0275 0.9132 0.6499 0.4337
-13.9791 -3.1995 20.3957 -0.9979 -0.0048 0.0647 0.6632 0.7730
-14.4432 30.1455 9.7770 -0.9997 0.0024 0.0249 0.7292 0.5658
-5.6410 -40.6989 21.7423 0.0836 0.8238 0.5607 0.1179 0.5539
-12.3319 -12.6558 22.5659 -0.2153 -0.0023 0.9765 0.6549 0.3254
-7.0156 -41.1705 22.4686 0.0598 0.1037 0.9928 0.0282 0.5643
13.8907 -29.1968 22.5652 0.6466 -0.0144 0.7627 0.4920 0.4282
14.4372 39.3408 17.7932 0.9844 0.1669 0.0548 0.4445 0.0073
14.4372 39.3408 17.7932 0.8362 0.5479 0.0242 0.4749 0.7705
-11.8462 41.2610 -23.5440 -0.1665 0.2743 -0.9471 0.0171 0.0037
14.3105 12.9300 -9.2836 0.9997 0.0044 -0.0255 0.2762 0.1715
-14.6884 23.0225 -12.5324 -0.9998 0.0081 0.0203 0.8678 0.6101
14.3184 2.5886 -10.1336 0.9998 -0.0009 -0.0179 0.2710 0.2357
14.0994 -23.6384 -19.3462 0.9986 0.0057 -0.0528 0.2137 0.3987
-14.7772 -19.9221 -19.3935 -0.9978 0.0019 -0.0668 0.9105 0.8770
-8.8442 -41.2802 22.4724 0.0174 -0.1925 0.9811 0.0275 0.5756
-8.8442 -41.2802 22.4724 0.0027 -0.5367 0.8438 0.3256 0.8045
-14.2530 29.0138 -20.6627 -0.9944 0.0213 -0.1033 0.9184 0.5728
14.2336 -12.6933 22.4694 0.6852 -0.0038 0.7284 0.4898 0.3256
-11.7249 -36.0765 22.6847 -0.7481 0.0144 0.6634 0.0185 0.5662
-13.4564 20.4879 22.7426 -0.4726 -0.0172 0.8811 0.6619 0.1194
14.5261 -29.1682 21.2541 0.9907 -0.0210 0.1345 0.4660 0.4331
-7.1539 -41.5610 16.7954 0.0114 -0.9999 0.0070 0.3361 0.7692
-10.6754 40.4315 23.3150 -0.0127 0.0616 0.9980 0.1802 0.6614
-11.1039 37.3514 24.0438 -0.1615 0.0123 0.9868 0.6473 0.0146
14.4253 -36.8746 18.8242 0.9986 -0.0514 0.0123 0.4509 0.4810
-14.2802 29.5921 2.3921 -0.4381 0.8320 -0.3402 0.0967 0.5897
14.7174 -8.8971 10.5733 0.9998 0.0036 -0.0206 0.3997 0.3071
4.0043 16.4852 -24.2875 0.1267 -0.0954 -0.9873 0.1156 0.1577
-14.5582 29.4548 -15.9490 -0.9990 0.0190 -0.0406 0.8891 0.5701
-14.8503 -23.1181 -2.4235 -0.9998 0.0091 0.0184 0.8050 0.8968
-14.6345 23.5567 -0.8202 -0.9999 0.0057 0.0153 0.7951 0.6067
-14.2458 -38.8925 8.9360 -0.9876 -0.1521 0.0386 0.7344 0.9949
10.6464 -36.0348 -23.8430 0.0879 -0.0353 -0.9955 0.1568 0.4841
14.8245 23.7801 18.2925 0.9996 0.0038 0.0264 0.4476 0.1040
1.3559 -39.7899 22.5457 0.0061 -0.8181 0.5751 0.3890 0.8050
-7.8114 40.9834 5.5422 0.0112 0.9999 0.0002 0.6132 0.6944
-14.3774 36.0752 -17.5851 -0.9955 0.0734 -0.0594 0.8992 0.5289
4.6549 40.0998 22.3882 0.0256 0.9854 0.1685 0.5357 0.7991
14.3849 24.8889 -1.8561 0.9996 0.0208 -0.0164 0.3224 0.0971
-14.1591 -16.5888 16.3667 -0.9987 0.0043 0.0501 0.6882 0.8562
4.3667 -41.4064 -2.9081 0.0124 -0.9998 -0.0123 0.4077 0.6468
6.2402 -41.2950 -19.2155 0.0209 -0.9996 -0.0174 0.4193 0.5454
14.3460 39.4782 -8.1003 0.9955 0.0941 -0.0086 0.2836 0.0065
14.8470 -6.1086 19.7299 0.9981 -0.0029 0.0608 0.4566 0.2898
14.8938 -20.7100 15.6811 1.0000 -0.0020 -0.0075 0.4314 0.3805
14.4115 -38.3650 13.3950 0.9971 -0.0749 -0.0121 0.4172 0.4903
-4.1095 -12.0783 -24.6256 0.0348 -0.0027 -0.9994 0.0651 0.3352
-3.3220 3.0345 24.1028 -0.0272 0.0799 0.9964 0.5989 0.2278
14.5725 -14.3057 5.3128 0.9997 0.0074 -0.0222 0.3670 0.3407
4.7488 40.7383 -1.5630 0.0287 0.9995 0.0101 0.5351 0.6502
-1.2538 2.8457 -24.4949 0.0326 0.0008 -0.9995 0.0829 0.2424
9.0315 40.3914 14.6644 0.0344 0.9991 0.0229 0.5085 0.7511
6.1423 -41.3712 -1.2314 0.0175 -0.9998 -0.0138 0.4187 0.6572
14.7460 -13.9573 7.6639 0.9976 -0.0577 -0.0377 0.3816 0.3386
1.6371 40.7195 10.1089 0.0020 0.9999 0.0156 0.5544 0.7227
-13.5950 -39.4769 2.8887 0.1789 -0.9200 -0.3488 0.2961 0.6828
-14.5882 5.1663 3.7832 -0.9991 0.0119 0.0409 0.7664 0.7210
14.2915 -9.9454 -12.4040 0.9996 0.0011 -0.0268 0.2569 0.3136
6.5456 12.2780 24.4436 0.0870 -0.0143 0.9961 0.5376 0.1704
-11.5581 29.9728 23.5246 -0.9999 0.0041 0.0100 0.1066 0.5793
-11.5581 29.9728 23.5246 -0.7937 -0.0137 0.6081 0.6501 0.0604
-12.7905 22.1478 -24.3130 -0.2560 -0.0052 -0.9667 0.0112 0.1225
13.8908 -40.7862 4.7544 0.6623 -0.7491 -0.0155 0.4669 0.6944
-14.2016 1.8191 12.9767 -0.9994 -0.0192 0.0288 0.7093 0.7418
-2.1280 -41.5589 19.3161 -0.0128 -0.9995 0.0301 0.3673 0.7849
6.2370 -39.9464 22.3559 -0.0826 -0.5530 0.8290 0.1340 0.5547
6.2370 -39.9464 22.3559 -0.0018 -0.8892 0.4574 0.4193 0.8038
6.2370 -39.9464 22.3559 0.0754 -0.4401 0.8948 0.1235 0.6716
-13.8261 -8.1284 21.8788 -0.9612 -0.0124 0.2756 0.6540 0.8037
-13.8261 -8.1284 21.8788 -0.8254 -0.0111 0.5644 0.6642 0.2972
-14.5334 -2.4855 -21.9916 -0.9908 0.0037 -0.1354 0.9266 0.7686
-5.4215 40.6965 -23.5737 0.0096 0.1445 -0.9895 0.0570 0.0072
-12.3407 38.8226 22.7309 -0.4039 0.2101 0.8904 0.1702 0.6717
-3.0551 12.7526 24.3372 -0.1011 -0.0507 0.9936 0.5973 0.1674
14.8260 -23.1739 17.9399 0.9997 0.0070 0.0225 0.4454 0.3958
14.7471 -15.5586 8.0823 0.9905 0.1355 0.0256 0.3842 0.3485
-14.5485 20.9713 5.9725 -0.9996 0.0122 0.0253 0.7528 0.6228
14.1775 39.8588 -19.8773 0.9906 0.1367 -0.0080 0.2104 0.0041
-0.1628 -40.8422 21.6302 -0.0521 0.8835 0.4655 0.1172 0.5879
-8.1252 -39.3085 23.3013 -0.0000 -0.6665 0.7455 0.3301 0.8097
-14.1748 21.5680 17.9106 -0.9974 -0.0125 0.0708 0.6786 0.6191
8.0741 29.9764 24.4874 0.0814 0.0069 0.9967 0.5281 0.0604
-0.4260 -41.3920 -18.2223 0.0275 -0.9983 -0.0513 0.3779 0.5516
-14.6665 20.9332 -16.6356 -0.9992 0.0158 -0.0367 0.8933 0.6230
14.1026 39.8146 17.5512 0.6374 0.7704 0.0147 0.4770 0.7690
14.7258 -6.8862 8.1382 0.9990 -0.0357 -0.0267 0.3845 0.2946
-13.5731 -39.3720 17.5939 -0.2524 -0.9630 -0.0945 0.2962 0.7742
13.6192 -0.5419 -23.7504 0.8811 0.0179 -0.4726 0.1863 0.2552
13.6192 -0.5419 -23.7504 0.4504 0.0203 -0.8926 0.1753 0.2635
-11.8320 -21.4347 22.6533 -0.6269 0.0128 0.7790 0.6518 0.3799
12.9231 38.2626 24.1167 0.2283 0.0614 0.9717 0.4980 0.0089
-11.5912 34.8286 23.4451 -0.9755 0.0052 -0.2197 0.1071 0.5491
-14.6356 -15.0112 3.8188 -0.9997 0.0103 0.0242 0.7662 0.8464
-8.6100 39.4428 23.4338 0.0478 0.1481 0.9878 0.1741 0.6486
-8.5696 14.3230 23.7660 -0.1917 -0.0315 0.9809 0.6316 0.1577
-1.9191 23.0722 -24.5098 0.0282 -0.0066 -0.9996 0.0787 0.1167
8.4666 -13.5951 -24.2498 0.0694 -0.0123 -0.9975 0.1433 0.3446
14.7846 -26.1318 9.0550 0.9863 -0.1196 0.1134 0.3902 0.4142
-13.2674 39.3715 -20.1612 0.5186 0.8495 0.0973 0.0557 0.5466
3.2998 -20.0303 -24.3666 0.0102 -0.0054 -0.9999 0.1112 0.3846
-14.2000 -37.2203 12.9354 -0.9973 -0.0450 0.0574 0.7096 0.9845
8.2194 -41.2048 -15.6210 0.0604 -0.9982 -0.0039 0.4316 0.5678
14.7845 10.4245 10.6762 0.9955 0.0723 -0.0620 0.4003 0.1870
-12.6963 34.4435 -24.4561 -0.2077 -0.0117 -0.9781 0.0118 0.0460
14.8541 0.8828 14.7342 0.9990 -0.0423 0.0128 0.4255 0.2463
-11.5722 -32.6912 23.4656 -0.5326 0.0267 0.8459 0.6502 0.4499
14.3350 -39.3954 11.8521 0.9951 -0.0988 0.0065 0.4076 0.4967
2.3446 -1.5351 24.4754 -0.0376 -0.0151 0.9992 0.5637 0.2562
14.4550 -21.6610 -5.7553 0.9985 -0.0454 -0.0313 0.2982 0.3864
-12.8536 18.3949 -24.2700 -0.2641 0.0003 -0.9645 0.0108 0.1458
14.1302 16.4747 -15.8176 0.9999 0.0101 -0.0045 0.2356 0.1494
-14.3888 -36.6684 9.7029 -0.9975 -0.0587 0.0393 0.7297 0.9810
-11.8120 -20.7623 22.6604 -0.9313 0.0005 0.3643 0.1624 0.5579
-11.8120 -20.7623 22.6604 -0.5272 0.0062 0.8497 0.6517 0.3757
14.1397 2.3721 -17.8079 0.9997 0.0091 -0.0222 0.2233 0.2371
14.8506 -0.9047 13.4688 0.9980 0.0598 -0.0204 0.4177 0.2574
14.7799 -18.4290 12.2678 0.9981 -0.0114 -0.0607 0.4102 0.3664
-8.1387 -4.0894 23.8164 -0.1144 -0.0212 0.9932 0.6289 0.2721
-1.0470 -41.4834 -5.5593 0.0182 -0.9998 0.0068 0.3741 0.6303
-13.7333 39.0085 22.2466 -0.1426 0.9408 0.3075 0.0794 0.6068
4.3790 40.8697 -15.5359 0.0374 0.9991 0.0204 0.5374 0.5634
0.1633 -41.6595 11.1590 0.0677 -0.9974 -0.0247 0.3816 0.7342
14.5125 -25.8718 -3.1435 1.0000 -0.0017 -0.0019 0.3144 0.4126
-1.1410 40.4114 20.6759 0.0090 0.9972 0.0747 0.5717 0.7884
0.4204 40.9160 -5.3590 0.0433 0.9991 -0.0016 0.5620 0.6266
-13.4010 38.5176 -24.2049 -0.6437 0.1518 -0.7501 0.0074 0.0207
-13.4010 38.5176 -24.2049 -0.9545 0.0782 -0.2878 0.9404 0.5138
-13.7585 -9.7626 22.0034 -0.9524 -0.0055 0.3046 0.6532 0.8138
-13.7585 -9.7626 22.0034 -0.7693 -0.0084 0.6389 0.6638 0.3074
0.8306 39.2913 23.2268 0.0223 0.2273 0.9736 0.1731 0.5899
-11.8713 -41.4031 -11.7083 -0.4091 -0.9125 0.0076 0.3068 0.5921
2.3501 -28.2299 24.0709 0.0244 -0.0239 0.9994 0.5637 0.4222
-1.9065 -41.3568 -19.8280 0.0116 -0.9991 -0.0398 0.3687 0.5416
-12.7242 39.0562 21.3725 -0.6631 0.7475 0.0389 0.0731 0.6013
-12.7242 39.0562 21.3725 -0.8713 0.4861 0.0669 0.2025 0.7371
4.1630 -18.0779 24.1698 0.0647 -0.0080 0.9979 0.5524 0.3591
11.3125 -41.1269 -23.1209 0.1099 -0.9888 0.1010 0.4509 0.5212
14.1719 26.5460 -13.3796 0.9999 -0.0031 -0.0128 0.2508 0.0868
-13.5220 32.6739 -24.0939 -0.5712 -0.0145 -0.8207 0.0066 0.0570
-13.1133 -39.4284 -18.9772 -0.9813 -0.1922 -0.0054 0.1993 0.6973
-2.5922 -40.7718 21.6277 -0.0349 0.8864 0.4615 0.1172 0.5728
14.8198 18.0994 17.6686 0.9997 0.0179 0.0188 0.4438 0.1393
14.4562 -37.1343 16.9510 0.9932 -0.1125 0.0289 0.4393 0.4826
14.2999 39.6087 16.4698 0.9695 0.2443 -0.0216 0.4363 0.0056
14.2999 39.6087 16.4698 0.7296 0.6838 0.0007 0.4757 0.7623
13.8350 -39.0016 -23.7959 0.9653 -0.0241 -0.2601 0.1861 0.4942
13.8350 -39.0016 -23.7959 0.5869 0.0099 -0.8096 0.1767 0.5025
2.6999 -41.6228 13.9396 -0.0414 -0.9987 -0.0287 0.3973 0.7515
14.3380 15.9646 -6.0793 0.9998 -0.0011 -0.0182 0.2962 0.1526
-14.1875 -6.5075 15.9205 -0.9996 0.0022 0.0273 0.6910 0.7936
6.1143 -41.3261 -5.6798 0.0207 -0.9998 -0.0068 0.4186 0.6295
-13.9068 -39.0127 -6.3109 0.5611 -0.8277 0.0101 0.2941 0.6256
14.6645 13.1801 7.8582 0.9982 0.0188 -0.0565 0.3828 0.1699
-12.6431 40.8036 2.0899 -0.9284 0.3713 0.0130 0.2809 0.6436
14.6714 28.6865 22.3137 0.9998 0.0045 0.0179 0.4726 0.0735
14.3073 7.3350 -8.2992 0.9997 0.0029 -0.0249 0.2824 0.2062
4.0681 24.7021 24.7327 0.0214 0.0029 0.9998 0.5530 0.0932
5.7771 -40.9513 21.7830 0.0171 0.9438 0.3300 0.1181 0.6248
2.1095 40.9425 -11.8110 0.0364 0.9992 0.0188 0.5515 0.5865
-12.9588 -23.0206 22.4013 -0.2674 -0.0029 0.9636 0.6588 0.3898
-12.9756 32.3968 -6.3395 -0.9992 0.0229 0.0341 0.2287 0.6960
14.1535 -6.2430 -17.4686 0.9988 0.0015 -0.0493 0.2254 0.2906
14.7526 -21.0607 3.8368 0.9886 -0.1386 -0.0592 0.3578 0.3827
14.6627 7.9718 7.0110 0.9995 -0.0232 -0.0196 0.3775 0.2023
-5.2922 9.7807 23.9520 -0.3208 0.0650 0.9449 0.6112 0.1859
-13.7354 -38.5255 18.3994 -0.9955 -0.0558 0.0766 0.6756 0.9926
9.3576 26.4341 -24.1439 0.0475 0.0004 -0.9989 0.1488 0.0958
14.1515 23.4197 -13.3646 0.9998 -0.0087 -0.0170 0.2509 0.1063
0.8704 -24.9062 -24.3914 0.0204 -0.0149 -0.9997 0.0961 0.4149
5.5654 7.6066 -24.2308 0.0302 0.0888 -0.9956 0.1253 0.2128
-12.7816 40.6958 -6.0577 -0.8623 0.5063 0.0072 0.6440 0.6223
-12.7816 40.6958 -6.0577 -0.9996 0.0275 0.0042 0.2803 0.6942
-0.4332 40.8733 2.9511 0.0259 0.9997 0.0007 0.5673 0.6783
-8.2757 -41.1710 -23.2921 -0.1947 -0.5220 -0.8304 0.3291 0.5201
-8.2757 -41.1710 -23.2921 -0.0276 0.2837 -0.9585 0.0481 0.6345
-12.7570 -40.2920 -4.9105 -0.9812 -0.1930 -0.0006 0.1940 0.6099
-13.3775 -38.9944 -13.0784 0.3382 -0.9407 0.0275 0.2974 0.5836
13.8155 -32.2636 -23.7458 0.9356 0.0199 -0.3524 0.1864 0.4523
13.8155 -32.2636 -23.7458 0.6569 0.0004 -0.7540 0.1765 0.4606
14.6252 -22.8985 6.7189 0.9986 0.0523 -0.0067 0.3757 0.3941
14.0274 -21.5744 -20.6323 0.9983 0.0024 -0.0582 0.2057 0.3859
13.0387 39.5315 23.2121 -0.0997 0.6419 0.7602 0.4836 0.8042
6.5759 40.6654 1.2710 0.0379 0.9993 0.0058 0.5237 0.6678
-12.3119 -2.9946 22.6108 -0.1710 -0.0136 0.9852 0.6548 0.2653
-13.0422 30.2848 -4.6877 -0.9902 0.1130 0.0821 0.2156 0.6857
14.2993 38.0838 -9.6457 0.9998 -0.0137 -0.0107 0.2740 0.0151
14.7755 -18.6769 9.8210 0.9860 -0.0959 -0.1364 0.3950 0.3679
4.0625 11.4436 -24.2416 0.0596 0.0256 -0.9979 0.1159 0.1890
-14.1478 -23.5129 -23.7969 -0.7078 0.0130 -0.7063 0.0027 0.4062
-14.1478 -23.5129 -23.7969 -0.9302 0.0084 -0.3670 0.9379 0.8993
14.4623 -30.1511 -6.2978 0.9999 -0.0018 -0.0148 0.2948 0.4392
-10.0886 -39.8240 -24.3240 0.0196 -0.4746 -0.8800 0.0280 0.5076
-10.0886 -39.8240 -24.3240 0.0299 -0.6668 -0.7446 0.3179 0.5137
-4.8430 -31.1262 -24.4996 0.0186 -0.0106 -0.9998 0.0606 0.4536
13.5333 -26.2892 -23.7941 0.1203 -0.0150 -0.9926 0.1748 0.4235
13.7122 -41.3230 20.1307 0.6954 -0.7187 -0.0022 0.4658 0.7900
13.7122 -41.3230 20.1307 0.9113 -0.4118 0.0051 0.4591 0.5086
-10.0578 22.0770 23.8593 0.2364 -0.0519 0.9703 0.6408 0.1095
5.1423 40.6374 9.2665 0.0435 0.9990 0.0132 0.5327 0.7175
-11.6585 -32.6319 22.7035 -0.9199 0.0031 -0.3921 0.1621 0.6317
-11.6585 -32.6319 22.7035 -0.6037 0.0136 0.7971 0.0181 0.5448
3.9084 40.8668 -12.1490 0.0446 0.9986 0.0270 0.5403 0.5844
-13.2129 -39.2309 13.8305 -0.6381 -0.7698 0.0162 0.2984 0.7508
11.5113 -41.2752 5.2280 0.0793 -0.9955 -0.0510 0.4521 0.6973
-13.3868 38.7181 9.0645 0.3524 0.9056 -0.2360 0.0773 0.5249
-13.3868 38.7181 9.0645 0.7012 0.3820 -0.6020 0.2618 0.8055
-11.8142 -33.2463 23.0604 -0.9896 0.0005 -0.1439 0.1599 0.6355
-7.4711 -18.0288 -24.6937 0.0228 0.0040 -0.9997 0.0442 0.3722
14.3089 22.7281 -5.0514 0.9997 0.0063 -0.0239 0.3025 0.1106
14.8569 1.2128 15.3640 0.9989 -0.0123 -0.0447 0.4294 0.2443
14.6819 0.6624 22.1125 0.9759 -0.0129 0.2180 0.4714 0.2477
-14.7170 19.8908 -8.4705 -1.0000 0.0077 -0.0047 0.8426 0.6295
14.8080 -25.1782 18.3221 0.9994 -0.0231 0.0266 0.4478 0.4083
-9.1286 2.7533 -24.6385 -0.0182 0.0061 -0.9998 0.0339 0.2430
-1.3957 -1.2378 24.3395 -0.2252 -0.0172 0.9742 0.5870 0.2544
11.3591 -17.5232 -24.0839 0.0717 0.0022 -0.9974 0.1613 0.3690
0.0996 -40.4083 22.1616 -0.0832 -0.6271 0.7745 0.1328 0.5928
0.0996 -40.4083 22.1616 -0.0376 -0.4416 0.8964 0.0357 0.6172
4.9964 40.7189 5.2613 0.0467 0.9989 -0.0095 0.5336 0.6926
-14.1412 1.8234 15.1718 -0.9995 0.0038 0.0328 0.6957 0.7418
14.7823 22.9000 12.1160 0.9986 0.0377 -0.0367 0.4092 0.1095
-14.8375 -14.2458 -12.5344 -1.0000 0.0093 0.0016 0.8679 0.8417
-14.5340 8.4166 5.7910 -0.9996 -0.0038 0.0263 0.7540 0.7008
-3.0129 -0.4634 24.1115 0.0390 -0.0154 0.9991 0.5970 0.2496
2.7281 -41.3377 22.2357 0.0401 -0.7133 0.6997 0.3975 0.8030
2.7281 -41.3377 22.2357 0.0152 0.1578 0.9874 0.5613 0.5036
-12.7703 30.2346 -24.3756 -0.4078 0.0303 -0.9126 0.0113 0.0722
14.5371 -24.7631 -1.4031 0.9942 -0.0367 0.1011 0.3252 0.4057
-12.3249 -4.7418 22.5929 -0.1817 -0.0064 0.9833 0.6549 0.2762
14.3772 -14.0672 -10.3531 0.9998 0.0168 -0.0117 0.2696 0.3392
12.6873 -11.3342 23.0998 0.2227 -0.0145 0.9748 0.4994 0.3171
7.9622 40.3083 17.3729 0.0345 0.9987 0.0371 0.5151 0.7679
14.6056 -30.5950 4.5329 0.9926 0.0236 -0.1189 0.3621 0.4420
14.7121 1.5635 4.2586 0.9987 0.0023 -0.0501 0.3604 0.2421
14.8637 -2.5651 20.1224 0.9967 -0.0047 0.0811 0.4590 0.2678
-12.9726 37.9756 8.2244 -0.9709 0.1037 -0.2160 0.2634 0.6055
-12.9726 37.9756 8.2244 -0.6437 0.3753 -0.6669 0.0196 0.5882
8.7796 -7.6570 23.8762 0.1130 -0.0022 0.9936 0.5237 0.2943
13.9220 -18.5359 -21.9673 0.9969 0.0107 -0.0785 0.1974 0.3670
6.5215 -0.7232 24.2465 0.0997 -0.0160 0.9949 0.5378 0.2512
-14.5015 -34.5332 -22.2533 -0.9940 -0.0300 -0.1053 0.9283 0.9678
-14.6105 28.5585 -14.2457 -0.9999 0.0114 -0.0072 0.8785 0.5757
-12.9430 29.7122 2.4126 -0.9985 -0.0551 0.0042 0.2120 0.6416
-12.9430 29.7122 2.4126 -0.6711 0.6685 -0.3206 0.0884 0.5898
-12.1818 -40.6734 15.7044 -0.9072 -0.4204 0.0161 0.0842 0.6224
-12.1818 -40.6734 15.7044 -0.8032 -0.5957 -0.0010 0.3048 0.7625
14.7331 -13.1089 5.3031 0.9985 -0.0408 -0.0377 0.3669 0.3333
11.3730 13.0602 23.8420 0.2027 -0.0244 0.9789 0.5076 0.1655
14.0816 1.7619 -19.3499 0.9987 -0.0086 -0.0499 0.2137 0.2409
3.3034 1.8406 -24.3374 0.0304 -0.0221 -0.9993 0.1112 0.2487
2.7297 -3.7626 24.4570 -0.0102 -0.0115 0.9999 0.5613 0.2701
-14.3601 20.7285 13.1641 -0.9996 -0.0003 0.0269 0.7081 0.6243
7.9821 1.1398 -24.2547 0.0225 -0.0108 -0.9997 0.1403 0.2530
-14.1007 4.7578 18.6414 -0.9986 -0.0021 0.0537 0.6741 0.7236
0.9817 40.7240 9.0387 0.0292 0.9994 0.0178 0.5585 0.7161
14.6940 7.8118 22.1463 0.9519 0.0098 0.3062 0.4716 0.2033
-9.3252 -41.4974 6.6715 0.0285 -0.9996 0.0051 0.3226 0.7063
5.1598 -40.0161 22.3591 -0.0305 -0.3471 0.9373 0.1231 0.6783
-8.8347 -15.9772 23.6284 -0.1019 -0.0010 0.9948 0.6332 0.3460
-11.5775 35.4293 23.6206 -0.9942 -0.0006 0.1080 0.1060 0.5454
-12.8711 19.3278 22.8741 -0.1734 -0.0143 0.9847 0.6583 0.1266
0.3328 -41.5746 17.3012 -0.0196 -0.9998 -0.0016 0.3826 0.7724
14.6115 -5.2742 0.4215 0.9994 -0.0098 -0.0340 0.3366 0.2846
-14.6431 13.8295 -19.2325 -0.9991 0.0090 -0.0418 0.9095 0.6672
-5.5940 -41.1484 22.3688 0.0913 0.0804 0.9926 0.0283 0.5554
2.8405 -41.3645 -8.6714 -0.0043 -1.0000 0.0001 0.3982 0.6110
-13.3893 -27.0449 -24.1805 -0.2107 0.0120 -0.9775 0.0075 0.4282
-14.0608 -7.9738 18.4004 -0.9984 -0.0022 0.0562 0.6756 0.8027
-13.7791 -35.9904 -24.2162 -0.2578 0.0182 -0.9660 0.0050 0.4838
-14.1539 38.8780 -15.6047 -0.8594 0.5113 0.0093 0.0612 0.5749
-14.1539 38.8780 -15.6047 -0.9963 0.0864 -0.0012 0.8869 0.5115
-13.1473 32.3966 -7.7204 -0.7474 0.4332 0.5038 0.0051 0.5611
-13.1473 32.3966 -7.7204 -0.8646 0.3323 0.3770 0.2287 0.7046
-14.0842 21.9174 -22.8383 -0.9640 0.0131 -0.2657 0.9319 0.6169
0.8104 -40.1387 -23.9217 0.0348 -0.5118 -0.8584 0.0957 0.5096
10.7453 -14.4354 23.5357 0.1889 -0.0060 0.9820 0.5115 0.3364
0.0422 40.4183 20.9440 0.0420 0.9973 0.0605 0.5643 0.7901
4.0679 -40.9704 -23.5446 0.0263 0.2997 -0.9537 0.1160 0.5147
14.4741 -33.7416 3.5425 0.9911 -0.1313 -0.0219 0.3560 0.4615
2.0268 -41.3961 -13.0036 0.0301 -0.9995 0.0129 0.3932 0.5840
-9.2197 -28.5969 23.6575 -0.0859 0.0194 0.9961 0.6356 0.4244
-1.8383 -41.2842 22.3156 -0.0083 -0.0043 1.0000 0.0275 0.5321
-1.8383 -41.2842 22.3156 -0.0063 -0.7856 0.6187 0.3691 0.8035
-12.9404 32.0578 5.2084 -0.9961 0.0474 -0.0743 0.2266 0.6242
-12.0917 41.2459 -5.8213 -0.2886 0.9568 0.0350 0.6398 0.6237
-9.5639 41.3904 -23.6492 0.0130 0.2750 -0.9614 0.0312 0.0029
-9.5639 41.3904 -23.6492 0.0237 0.7301 -0.6829 0.6241 0.5129
14.6587 -12.9847 4.3449 0.9993 -0.0125 -0.0364 0.3609 0.3325
-11.6484 -37.5607 23.5493 -0.4416 0.0127 0.8971 0.6507 0.4801
-3.8490 -40.7781 21.5604 -0.0058 0.8074 0.5899 0.1168 0.5650
3.4395 -41.2695 -22.7267 0.0070 -0.9994 -0.0346 0.4019 0.5236
14.7493 -15.3958 7.1042 0.9937 0.1122 0.0061 0.3781 0.3475
8.9134 -41.2557 22.2006 -0.0173 0.3555 0.9345 0.5229 0.5031
-12.8273 40.0155 -15.7876 -0.9821 0.1885 0.0006 0.2760 0.7547
13.8417 -26.9361 -23.6318 0.9935 0.0070 -0.1137 0.1871 0.4192
13.8417 -26.9361 -23.6318 0.7609 0.0022 -0.6489 0.1767 0.4275
9.4075 13.4342 24.1740 0.1273 -0.0199 0.9917 0.5198 0.1632
0.0762 -41.0131 -23.6787 0.1368 0.0214 -0.9904 0.0912 0.5150
-6.0884 41.4184 -23.4604 0.0226 0.4898 -0.8715 0.0528 0.0027
-6.0884 41.4184 -23.4604 0.0636 0.9784 -0.1968 0.6025 0.5141
-5.1225 -23.6653 23.8719 -0.0471 -0.0058 0.9989 0.6101 0.3938
-14.5122 -21.1809 -22.3281 -0.9877 0.0056 -0.1561 0.9287 0.8848
-2.0163 32.9521 24.5620 -0.0361 0.0160 0.9992 0.5908 0.0419
-14.4446 -39.1503 -21.9288 -0.9978 -0.0306 -0.0594 0.9262 0.9965
-14.4446 -39.1503 -21.9288 -0.8556 -0.5157 -0.0448 0.2908 0.5286
3.0164 40.6402 12.5327 0.0484 0.9988 0.0107 0.5459 0.7378
-13.8520 -39.1563 12.1511 -0.1971 -0.9795 0.0418 0.2945 0.7404
-4.4940 -39.8242 22.4547 -0.0032 -0.5208 0.8537 0.1346 0.6214
-4.4940 -39.8242 22.4547 -0.0245 -0.7735 0.6333 0.3526 0.8044
-14.1901 38.6421 21.8697 -0.9727 0.1558 0.1721 0.6540 0.5130
-13.0561 -39.2474 -14.5425 -0.9805 -0.1940 0.0319 0.2005 0.6698
-14.4329 12.9521 9.6411 -0.9996 0.0009 0.0279 0.7300 0.6726
-14.7412 10.9276 -16.0235 -0.9991 0.0082 -0.0417 0.8895 0.6852
-6.9635 -41.5664 15.5014 0.0160 -0.9977 -0.0658 0.3373 0.7612
5.1599 40.8650 -16.5059 0.0365 0.9993 0.0018 0.5325 0.5573
-11.3920 39.2073 23.3707 -0.8377 0.4679 0.2815 0.1076 0.5219
-11.3920 39.2073 23.3707 -0.3109 0.2931 0.9041 0.1726 0.6658
-11.3920 39.2073 23.3707 -0.0674 0.7182 0.6926 0.6354 0.8052
14.1101 11.7608 -19.3051 0.9996 -0.0072 -0.0290 0.2140 0.1787
-12.8640 39.9413 -11.6515 -0.9895 0.1438 0.0147 0.2756 0.7290
-13.7302 -39.2260 9.5939 -0.0060 -0.9953 -0.0962 0.2952 0.7245
-3.6793 -28.5566 23.9255 -0.0459 -0.0109 0.9989 0.6012 0.4242
14.4274 -35.1424 -6.8027 0.9992 -0.0386 -0.0141 0.2917 0.4702
14.5370 -21.9892 -0.7195 0.9922 -0.1219 -0.0267 0.3295 0.3885
-13.6986 38.9331 11.6663 0.1242 0.9923 -0.0010 0.0792 0.5410
14.3120 -21.2353 -12.9649 0.9987 -0.0000 -0.0503 0.2534 0.3838
14.5873 -32.0222 8.6296 0.9980 -0.0586 0.0244 0.3876 0.4508
14.4024 38.0424 14.4865 0.9997 0.0203 -0.0095 0.4240 0.0154
-3.2781 6.1069 24.2033 0.0328 -0.0651 0.9973 0.5987 0.2087
14.9226 -9.6019 18.5850 0.9995 0.0092 0.0308 0.4494 0.3115
-10.3363 21.5080 23.8983 -0.0348 -0.0118 0.9993 0.6425 0.1130
-14.6730 26.7051 -6.9200 -1.0000 0.0079 -0.0023 0.8330 0.5872
14.5852 -12.9114 0.8618 0.9981 -0.0186 0.0584 0.3393 0.3321
7.4819 -41.4261 22.1978 0.0150 -0.6347 0.7726 0.4271 0.8028
7.4819 -41.4261 22.1978 0.0252 -0.0824 0.9963 0.5318 0.5042
14.1723 -40.5150 7.7193 0.9258 -0.3781 0.0021 0.3819 0.5036
14.7789 -17.0199 7.3973 0.9971 -0.0514 -0.0567 0.3799 0.3576
-13.0701 -33.5874 -24.2576 -0.0946 0.0156 -0.9954 0.0094 0.4689
-14.3472 28.4952 14.3677 -0.9997 0.0042 0.0221 0.7007 0.5760
-14.6118 15.5520 1.9336 -0.9998 -0.0001 0.0197 0.7779 0.6565
-14.0572 37.0414 -21.1091 -0.9934 0.0249 -0.1120 0.9212 0.5229
2.1992 -41.5689 10.9927 -0.0181 -0.9981 -0.0582 0.3942 0.7332
-14.2829 28.3187 17.6282 -0.9990 -0.0098 0.0440 0.6804 0.5771
2.6761 -41.3720 -7.4433 0.0009 -0.9999 0.0141 0.3972 0.6186
14.5525 -35.0609 19.0249 0.9990 -0.0433 0.0145 0.4522 0.4697
-0.0781 -41.4702 21.3997 0.0435 -0.9986 0.0294 0.3801 0.7978
3.9474 40.6204 11.5535 0.0335 0.9983 0.0470 0.5401 0.7317
-13.3851 -38.0422 22.0173 -0.9663 -0.0582 0.2508 0.6531 0.9896
-13.3851 -38.0422 22.0173 -0.7943 -0.0272 0.6069 0.6615 0.4831
2.2944 -16.8011 24.2780 0.0188 -0.0177 0.9997 0.5640 0.3511
8.6600 40.7003 -23.2655 0.0292 0.9986 0.0433 0.5108 0.5153
8.9582 -14.2974 23.7953 0.1165 -0.0231 0.9929 0.5226 0.3356
-7.9735 41.2054 -8.0422 0.0231 0.9994 0.0267 0.6142 0.6099
1.8949 -41.1991 22.2296 0.0294 0.3074 0.9511 0.5665 0.5028
1.8949 -41.1991 22.2296 -0.0006 0.5976 0.8018 0.1209 0.6007
5.0311 -41.5918 18.1098 0.0136 -0.9995 0.0282 0.4118 0.7774
-14.6628 15.4116 -1.6837 -0.9999 0.0055 0.0111 0.8004 0.6574
-13.2125 30.7929 4.6264 -0.4345 0.7283 -0.5298 0.0901 0.6036
-2.7733 -39.8155 22.5352 -0.0144 -0.8580 0.5134 0.3633 0.8049
-2.7733 -39.8155 22.5352 -0.0095 -0.3742 0.9273 0.0394 0.6350
-10.7614 41.6917 -21.1023 0.0725 0.9974 0.0016 0.6315 0.5288
-11.0705 -40.3003 22.4560 0.2338 -0.8242 0.5157 0.1347 0.6623
-11.0705 -40.3003 22.4560 -0.1624 -0.3982 0.9028 0.0336 0.5895
12.5198 -39.2254 -23.6323 -0.0183 -0.0114 -0.9998 0.1685 0.5039
-10.6947 -41.1192 22.4850 -0.0539 0.0716 0.9960 0.0285 0.5871
14.3669 -38.8058 -1.5492 0.9983 -0.0578 -0.0063 0.3243 0.4930
-5.1020 -41.6101 1.8312 -0.0061 -0.9999 -0.0129 0.3489 0.6762
14.3895 29.0771 0.6964 0.9999 0.0128 -0.0073 0.3383 0.0711
-13.8833 30.2176 -5.0136 0.1330 0.8467 0.5152 0.0942 0.5437
14.5642 26.6660 12.3195 0.9974 0.0717 0.0076 0.4105 0.0861
7.0543 14.1160 24.4425 0.0915 -0.0252 0.9955 0.5344 0.1590
6.0802 40.0029 -23.4608 0.0021 0.0215 -0.9998 0.1285 0.0115
14.3906 35.0815 8.1997 0.9999 -0.0057 -0.0107 0.3849 0.0338
-14.0023 -39.1969 8.1324 -0.1376 -0.9903 -0.0208 0.2935 0.7154
14.7742 -0.2550 11.5868 0.9997 0.0226 0.0039 0.4060 0.2534
2.3982 -40.7753 -23.3740 0.0226 0.0168 -0.9996 0.1056 0.5135
-10.3352 -41.5419 -0.8281 0.0070 -1.0000 0.0039 0.3163 0.6597
14.5281 -27.7726 0.4610 0.9991 0.0386 0.0194 0.3368 0.4244
14.8160 10.1073 14.1030 0.9986 0.0051 -0.0529 0.4216 0.1890
-13.2901 -39.7458 -24.3839 -0.2581 -0.0930 -0.9616 0.0081 0.5071
-13.2901 -39.7458 -24.3839 -0.5136 -0.6939 -0.5047 0.2980 0.5133
-14.0108 2.7089 19.9462 -0.9982 -0.0057 0.0602 0.6660 0.7363
-13.7710 16.8584 22.4072 -0.7602 -0.0093 0.6496 0.6639 0.1419
2.2701 -41.3506 -8.2991 0.0360 -0.9993 -0.0019 0.3947 0.6133
3.0922 -41.5469 10.0320 -0.0453 -0.9984 -0.0331 0.3998 0.7272
-14.8261 -18.3275 -4.0507 -0.9998 0.0109 0.0184 0.8151 0.8671
-14.4829 32.9151 -10.5309 -0.9982 0.0572 0.0198 0.8554 0.5486
14.6501 -21.1258 -1.3627 0.9999 0.0142 -0.0059 0.3255 0.3831
14.4783 -37.9226 8.8637 0.9971 -0.0762 -0.0052 0.3890 0.4875
-14.5192 -0.9865 -21.1780 -0.9985 0.0059 -0.0549 0.9216 0.7593
-12.0433 23.0128 -24.3807 -0.0734 -0.0059 -0.9973 0.0158 0.1171
14.2468 4.1713 -13.3059 0.9997 0.0002 -0.0263 0.2512 0.2259
-14.5250 -12.7698 -22.1042 -0.9861 0.0032 -0.1659 0.9273 0.8325
12.3425 -26.2765 -23.8866 0.0782 -0.0012 -0.9969 0.1674 0.4234
-10.7547 40.8062 22.9683 0.1051 0.9772 0.1843 0.6315 0.8027
6.1904 -41.3038 -7.5463 0.0110 -0.9998 -0.0135 0.4190 0.6179
14.5396 -3.7910 -1.4206 0.9998 0.0077 -0.0194 0.3251 0.2754
14.2795 -7.0742 22.5216 0.7346 -0.0182 0.6783 0.4895 0.2907
-14.5719 -16.4653 -21.3573 -0.9961 0.0030 -0.0883 0.9227 0.8555
-6.5319 13.2488 -24.6406 0.0078 -0.0061 -1.0000 0.0501 0.1778
-11.5809 41.4425 -8.6890 -0.0211 0.9993 0.0305 0.6366 0.6059
14.5671 -3.3250 2.0005 0.9992 -0.0409 -0.0023 0.3464 0.2725
13.0302 -41.2244 6.7178 0.1444 -0.9883 -0.0484 0.4615 0.7066
-12.8444 -39.2452 5.5352 -0.4370 -0.8845 -0.1633 0.3007 0.6992
-12.8444 -39.2452 5.5352 -0.9605 -0.2779 0.0153 0.2005 0.5450
14.7403 0.6532 21.4053 0.9959 -0.0019 0.0907 0.4670 0.2478
-0.0752 41.0956 -16.1142 0.0408 0.9991 0.0148 0.5651 0.5598
-1.2088 -40.5032 22.2309 -0.0086 -0.9939 0.1098 0.1333 0.6010
-1.2088 -40.5032 22.2309 0.0738 -0.3911 0.9174 0.0351 0.6253
-14.7815 3.5306 -9.6794 -0.9999 -0.0101 0.0034 0.8501 0.7312
-13.1353 30.6627 -5.8995 -0.2508 0.7876 0.5629 0.0896 0.5381
-13.1353 30.6627 -5.8995 -0.9634 0.1996 0.1790 0.2179 0.6932
14.6285 1.8270 3.7107 0.9959 0.0127 -0.0897 0.3570 0.2405
-14.7077 4.1604 -1.7358 -0.9999 0.0073 0.0145 0.8007 0.7273
8.2900 25.0271 24.4529 0.0959 -0.0108 0.9953 0.5268 0.0912
14.1532 2.9482 -16.5041 0.9995 0.0193 -0.0236 0.2314 0.2335
-7.1002 41.1429 -6.1514 0.0239 0.9992 0.0315 0.6087 0.6217
-11.5406 38.9999 23.5982 -0.6887 0.7052 0.1684 0.1061 0.5232
-11.5406 38.9999 23.5982 -0.3082 0.7523 0.5823 0.6363 0.8066
8.2847 8.0868 24.2080 0.1205 -0.0168 0.9926 0.5268 0.1964
-7.5594 -13.8874 -24.7280 0.0190 -0.0078 -0.9998 0.0437 0.3464
-12.9142 34.2886 6.6031 -0.9823 0.0949 -0.1615 0.2404 0.6155
-2.3017 35.9861 -24.4776 0.0142 0.0160 -0.9998 0.0764 0.0365
12.9295 40.0560 21.5055 -0.0191 0.9981 0.0587 0.4843 0.7936
-7.2216 14.7134 -24.6401 -0.0109 0.0084 -0.9999 0.0458 0.1687
14.4036 -36.7389 3.9272 0.9901 -0.1401 -0.0066 0.3584 0.4801
14.3935 1.7374 -7.9047 0.9995 0.0016 -0.0309 0.2848 0.2410
14.7388 2.7204 8.1555 0.9993 0.0377 -0.0059 0.3846 0.2349
6.8611 5.1127 24.3235 0.0926 -0.0214 0.9955 0.5356 0.2149
-13.1582 6.9348 -24.1542 -0.3447 -0.0155 -0.9386 0.0089 0.2170
13.3808 -41.3516 12.3049 0.5951 -0.8026 -0.0415 0.4637 0.7413
-13.3205 -39.4379 3.9455 0.1168 -0.9797 0.1626 0.2978 0.6894
-7.9316 12.3684 24.0099 -0.0899 -0.0147 0.9958 0.6276 0.1698
-14.4454 30.2991 -17.6199 -0.9986 0.0252 -0.0462 0.8995 0.5648
-14.7217 7.7354 -16.9994 -0.9996 0.0226 -0.0156 0.8956 0.7051
-6.7235 -22.6339 23.8042 -0.0459 -0.0039 0.9989 0.6201 0.3874
-14.2243 37.5742 -17.6342 -0.9970 0.0661 -0.0406 0.8996 0.5196
-12.9314 -38.9389 1.1206 -0.3768 -0.9005 -0.2172 0.3002 0.6718
-12.9314 -38.9389 1.1206 -0.9594 -0.2819 0.0002 0.2024 0.5724
3.6858 40.8973 -18.3836 0.0611 0.9976 -0.0335 0.5417 0.5457
-14.4029 34.0425 12.9743 -0.9995 0.0073 0.0311 0.7093 0.5416
-5.3335 41.3236 -15.6927 0.0404 0.9991 0.0136 0.5978 0.5624
-5.3669 -41.5728 17.9741 -0.0176 -0.9998 0.0028 0.3472 0.7766
-14.5391 21.1059 -19.8122 -0.9984 0.0125 -0.0546 0.9131 0.6220
-11.3900 36.9525 23.1707 -0.5123 -0.0977 0.8532 0.0723 0.6263
-14.1829 -20.0178 16.2742 -0.9980 0.0009 0.0636 0.6888 0.8776
-1.5690 41.1537 -19.6745 0.0543 0.9985 0.0026 0.5744 0.5376
13.6000 -8.8239 -23.7428 0.7441 0.0080 -0.6680 0.1752 0.3150
13.9455 -3.0370 -22.7766 0.9781 -0.0272 -0.2062 0.1924 0.2707
14.6313 -21.1053 2.8199 0.9876 -0.1569 -0.0089 0.3515 0.3830
-2.6956 10.5224 24.3414 -0.0958 0.0011 0.9954 0.5950 0.1813
-3.2123 19.4878 24.4075 -0.2171 0.0363 0.9755 0.5983 0.1256
13.8341 14.9265 23.2662 0.3784 -0.0226 0.9254 0.4923 0.1539
-5.9175 -37.3971 23.7268 0.0032 -0.0337 0.9994 0.6151 0.4791
-14.4640 21.4477 7.6886 -0.9994 0.0190 0.0288 0.7422 0.6198
14.0842 21.0545 -17.8304 1.0000 0.0011 -0.0098 0.2231 0.1210
14.2132 -28.8118 -17.7160 0.9991 0.0133 -0.0393 0.2238 0.4309
14.2914 24.6788 -5.7481 0.9996 0.0201 -0.0212 0.2982 0.0984
14.8876 -7.6566 14.4860 0.9997 0.0053 -0.0236 0.4240 0.2994
-13.4111 -39.1073 -9.1490 0.5032 -0.8623 0.0568 0.2972 0.6080
7.5094 18.0467 24.4492 0.0947 -0.0191 0.9953 0.5316 0.1345
10.3088 40.4995 -5.8179 0.0778 0.9969 0.0109 0.5005 0.6238
8.9021 38.8285 23.8871 -0.0051 0.9141 0.4055 0.5093 0.8084
14.6337 5.0120 3.2612 0.9988 -0.0070 -0.0483 0.3542 0.2207
14.8343 -23.4370 18.7922 0.9991 0.0299 0.0310 0.4507 0.3975
-9.1399 -26.6219 23.6125 -0.0901 -0.0002 0.9959 0.6351 0.4122
14.8809 17.7924 18.0962 0.9993 0.0298 -0.0210 0.4464 0.1412
-14.5718 2.7191 6.4983 -0.9941 -0.1061 0.0206 0.7496 0.7362
-13.4861 -39.5188 3.7959 0.1695 -0.9849 0.0358 0.2967 0.6884
-3.7810 -41.5764 4.0315 0.0165 -0.9998 0.0065 0.3571 0.6899
14.6084 -27.0731 3.6568 0.9910 0.1327 -0.0193 0.3567 0.4201
7.3702 -33.7184 -24.1335 0.0491 -0.0150 -0.9987 0.1365 0.4697
-14.7289 -36.5882 -2.2832 -0.9982 -0.0543 0.0249 0.8041 0.9805
-14.4313 5.5319 8.6621 -0.9997 -0.0046 0.0226 0.7361 0.7188
-14.4028 11.2337 10.8379 -0.9996 0.0032 0.0295 0.7226 0.6833
-8.1380 -19.9282 -24.6837 0.0195 -0.0247 -0.9995 0.0401 0.3840
-11.4000 -40.4933 22.3116 0.2735 -0.7939 0.5431 0.1338 0.6643
-11.4000 -40.4933 22.3116 -0.1285 0.1260 0.9837 0.0324 0.5915
14.0298 -40.7095 9.6819 0.6380 -0.7700 -0.0076 0.4678 0.7250
14.0298 -40.7095 9.6819 0.9204 -0.3903 0.0213 0.3941 0.5048
-2.2065 -41.3448 22.2416 -0.0082 -0.8040 0.5946 0.3668 0.8031
-8.6626 -27.4443 -24.6166 -0.0057 -0.0183 -0.9998 0.0368 0.4307
-13.3803 33.3670 6.5678 -0.2409 0.5326 -0.8114 0.0911 0.6156
-13.3803 33.3670 6.5678 0.2113 0.4280 -0.8787 0.0170 0.6168
14.3950 -7.2521 -8.4810 0.9997 -0.0034 -0.0256 0.2812 0.2969
-3.8284 21.8003 24.2034 -0.5532 -0.0964 0.8274 0.6021 0.1112
-0.9814 -40.7929 21.4964 0.0871 0.9232 0.3743 0.1164 0.5828
-0.9814 -40.7929 21.4964 0.2299 -0.0759 0.9703 0.1949 0.7349
13.5844 -18.3599 -23.8290 0.4937 0.0035 -0.8696 0.1751 0.3742
-14.0596 38.9710 12.3289 -0.4324 0.9016 -0.0128 0.0814 0.5451
13.9497 -27.5206 -22.3190 0.9977 0.0055 -0.0681 0.1952 0.4229
5.8291 -41.5844 10.4814 0.0175 -0.9995 -0.0279 0.4168 0.7300
-3.3703 -41.5646 18.7902 -0.0012 -0.9995 0.0317 0.3596 0.7816
13.7542 -37.2062 -23.8266 0.4627 0.0210 -0.8863 0.1762 0.4914
-13.4701 30.4401 4.2996 -0.0355 0.8348 -0.5494 0.0917 0.6015
-10.1268 -41.5315 1.7044 -0.0023 -1.0000 0.0042 0.3176 0.6754
2.2284 -8.3243 -24.3153 0.0573 0.0267 -0.9980 0.1045 0.3119
-11.7629 -29.3218 22.6414 -0.9675 -0.0056 0.2526 0.1625 0.6111
-11.7629 -29.3218 22.6414 -0.5852 0.0041 0.8109 0.0187 0.5242
-1.7065 40.0021 23.0655 0.0622 0.7489 0.6597 0.5752 0.8033
-1.7065 40.0021 23.0655 0.0342 0.2772 0.9602 0.1776 0.6056
-14.7056 -7.6030 -1.2455 -0.9998 0.0039 0.0209 0.7977 0.8004
-14.6696 11.3242 -18.4522 -0.9985 -0.0059 -0.0538 0.9046 0.6828
-11.1839 39.6949 -23.8944 -0.0523 0.1735 -0.9834 0.0212 0.0134
-3.8863 39.7147 -23.6689 0.0035 0.1547 -0.9880 0.0665 0.0133
4.6765 19.7132 -24.1598 0.1446 0.1792 -0.9731 0.1197 0.1376
14.8793 12.8518 19.3288 0.9992 0.0049 0.0401 0.4541 0.1719
-12.9102 29.2687 -24.2983 -0.4646 0.0336 -0.8849 0.0104 0.0782
-7.3946 -4.4037 -24.6938 0.0169 -0.0138 -0.9998 0.0447 0.2875
-9.5468 21.2343 23.7164 -0.1708 0.0518 0.9839 0.6376 0.1147
-12.4023 40.9214 9.0382 -0.5670 0.8235 0.0194 0.6417 0.7161
-14.7627 -14.3058 -19.3544 -0.9985 0.0068 -0.0548 0.9102 0.8421
-9.1326 21.1299 23.9893 -0.3160 0.0524 0.9473 0.6350 0.1154
14.1560 11.3130 -17.4465 0.9998 0.0014 -0.0215 0.2255 0.1815
-14.3660 -28.8538 12.6585 -0.9985 -0.0037 0.0554 0.7113 0.9325
-12.1814 41.0471 4.2314 -0.3688 0.9295 0.0082 0.6403 0.6862
14.6622 -6.5515 4.5782 0.9998 -0.0195 -0.0016 0.3624 0.2925
14.3014 -35.2824 22.0032 0.8108 -0.0138 0.5852 0.4894 0.4660
14.3014 -35.2824 22.0032 0.8915 -0.0199 0.4527 0.4707 0.4711
-2.1378 -8.8975 24.0982 -0.0850 0.0505 0.9951 0.5916 0.3020
-13.3030 39.1863 -16.6896 -0.0498 0.9984 0.0282 0.0559 0.5681
14.0628 19.0210 -20.4661 0.9995 0.0116 -0.0297 0.2067 0.1336
2.3622 40.5760 17.4335 -0.0414 0.9958 0.0816 0.5499 0.7683
-7.0593 17.3043 -24.6272 0.0054 0.0035 -1.0000 0.0468 0.1526
-4.7256 -40.5507 -23.6199 -0.1578 -0.3174 -0.9351 0.0613 0.5121
-4.7256 -40.5507 -23.6199 -0.0086 -0.7459 -0.6660 0.3512 0.5180
-4.2991 -16.5383 23.9903 -0.0591 -0.0203 0.9980 0.6050 0.3495
1.5659 -35.4192 23.8327 0.0225 -0.0527 0.9984 0.5686 0.4668
-12.1549 41.3563 -9.3059 -0.4187 0.9076 0.0316 0.6402 0.6021
-13.6438 28.3933 -23.8687 -0.7322 0.0177 -0.6809 0.0059 0.0836
14.2272 -30.5889 -17.9528 0.9987 0.0055 -0.0497 0.2224 0.4419
11.1290 -41.5986 12.3499 0.0385 -0.9988 -0.0317 0.4497 0.7416
-12.0810 18.7733 -24.3473 -0.0888 -0.0054 -0.9960 0.0156 0.1434
14.2723 33.2766 -7.2531 0.9996 -0.0104 -0.0265 0.2889 0.0450
-4.2801 41.1279 -9.4653 0.0296 0.9992 0.0278 0.5912 0.6011
-5.9201 -5.6318 23.9359 -0.0927 -0.0346 0.9951 0.6151 0.2817
-10.2834 40.9448 19.3547 0.0527 0.9985 0.0165 0.6285 0.7802
-13.7666 -39.1926 13.6665 -0.0206 -0.9992 -0.0337 0.2950 0.7498
13.8383 40.2240 -12.0079 0.4396 0.8981 0.0132 0.4786 0.5853
13.4473 -40.4962 22.5059 0.1307 -0.4572 0.8797 0.4947 0.4984
14.0143 7.8302 -21.2001 0.9996 -0.0011 -0.0291 0.2022 0.2032
13.9670 -40.6402 21.8160 0.9269 -0.3688 0.0690 0.4695 0.5044
13.9956 -32.4547 -22.0924 0.9983 0.0068 -0.0572 0.1966 0.4535
-13.0885 5.0910 -24.1380 -0.3464 -0.0139 -0.9380 0.0093 0.2285
13.8522 -40.8366 21.9600 0.6228 -0.3571 0.6962 0.4922 0.5005
13.8522 -40.8366 21.9600 0.9009 -0.3880 0.1943 0.4704 0.5056
14.0666 25.5331 -21.2045 0.9999 0.0043 -0.0116 0.2022 0.0931
14.8445 -1.3758 12.1975 0.9984 -0.0244 -0.0511 0.4098 0.2604
4.9459 0.2562 24.4094 0.0737 -0.0093 0.9972 0.5476 0.2451
9.9246 -40.7037 22.0628 -0.0717 -0.7479 0.6599 0.1322 0.5318
9.9246 -40.7037 22.0628 -0.1543 -0.3025 0.9406 0.5166 0.4997
3.7439 -38.3837 23.5814 0.0277 -0.0673 0.9974 0.5550 0.4853
-14.6838 2.4847 -19.4714 -0.9987 -0.0106 -0.0491 0.9110 0.7377
14.1925 28.0963 -12.9427 0.9999 -0.0105 -0.0098 0.2535 0.0772
13.7524 -10.8975 22.8631 0.4199 -0.0148 0.9075 0.4928 0.3144
2.4251 -40.8014 21.5021 0.1127 0.2645 0.9578 0.0266 0.6313
2.4251 -40.8014 21.5021 0.0084 0.8963 0.4434 0.1164 0.6040
-13.1357 31.4129 -6.6804 -0.9767 0.1571 0.1461 0.2226 0.6981
14.3652 37.7372 -4.1245 0.9999 -0.0088 -0.0115 0.3083 0.0173
-11.1838 -40.9189 -23.1193 0.0933 0.0579 -0.9940 0.0496 0.6164
14.6935 -25.4522 20.4648 0.9947 -0.0075 0.1022 0.4611 0.4100
-11.8339 -16.2966 22.6976 -0.9028 -0.0054 0.4301 0.1622 0.5301
-11.8339 -16.2966 22.6976 -0.5021 -0.0183 0.8646 0.6518 0.3480
-11.6429 32.8296 23.1098 -0.2711 -0.0103 0.9625 0.6507 0.0427
-11.6429 32.8296 23.1098 -0.3005 -0.0116 0.9537 0.0950 0.6251
12.0949 -41.4291 22.0595 -0.0246 -0.1611 0.9866 0.5031 0.5042
13.6608 -32.9221 -23.8809 0.4090 0.0242 -0.9122 0.1756 0.4647
14.0034 -5.1281 -20.4937 0.9991 -0.0066 -0.0430 0.2066 0.2837
10.9314 40.5965 -23.1135 0.0686 0.9945 -0.0793 0.4967 0.5163
-14.1228 -14.9709 -23.6225 -0.9603 0.0034 -0.2789 0.9368 0.8462
-1.3831 -40.5954 21.6127 -0.0034 -0.9776 0.2102 0.1294 0.6021
-1.3831 -40.5954 21.6127 -0.0607 0.0143 0.9981 0.0026 0.5692
-1.3831 -40.5954 21.6127 -0.1246 0.6239 0.7715 0.1171 0.5803
-1.3831 -40.5954 21.6127 0.3854 0.2045 0.8998 0.1961 0.7374
-13.0523 -39.4418 -23.2983 -0.4108 -0.9115 -0.0218 0.2994 0.5200
-13.0523 -39.4418 -23.2983 -0.8774 -0.3351 -0.3432 0.1992 0.7242
-7.9212 39.2016 23.4137 0.0370 0.1741 0.9840 0.1726 0.6443
-7.9212 39.2016 23.4137 0.0082 0.6031 0.7976 0.6138 0.8054
-14.5001 19.9799 8.5274 -0.9994 0.0143 0.0316 0.7370 0.6290
7.0042 40.7287 -10.4770 0.0365 0.9993 0.0092 0.5211 0.5948
-12.5081 41.1153 -23.4635 -0.5610 0.1505 -0.8140 0.0129 0.0046
-8.2765 -19.0530 -24.7097 0.0038 -0.0110 -0.9999 0.0392 0.3785
14.0945 3.6162 -19.3945 0.9996 0.0089 -0.0251 0.2134 0.2293
14.2246 11.4805 -13.3068 0.9995 0.0156 -0.0275 0.2512 0.1805
-11.5724 35.5728 23.4453 -0.8725 0.0369 -0.4871 0.1071 0.5445
14.7316 23.4028 11.7242 0.9976 0.0685 -0.0121 0.4068 0.1064
-4.5336 -41.5171 -15.2309 0.0155 -0.9997 -0.0164 0.3524 0.5702
-4.8480 41.3534 -21.7827 0.0544 0.9965 0.0634 0.5947 0.5245
-14.8438 -30.6508 -0.0572 -0.9998 -0.0008 0.0219 0.7903 0.9436
-14.6689 20.0218 -16.8681 -0.9994 0.0120 -0.0331 0.8948 0.6287
-8.9328 -41.5099 4.6292 0.0478 -0.9987 0.0192 0.3250 0.6936
4.5950 -41.6539 14.7686 -0.0415 -0.9989 -0.0231 0.4091 0.7566
-12.9742 39.2831 -13.5507 -0.9655 0.2603 -0.0024 0.2715 0.7408
-14.8211 -32.8325 0.6551 -0.9997 -0.0083 0.0236 0.7859 0.9572
14.5120 -20.4788 -0.8141 0.9979 0.0474 0.0449 0.3289 0.3791
-13.3368 -29.5881 -24.2060 -0.1738 0.0059 -0.9848 0.0078 0.4440
8.0497 40.2669 16.5035 0.0238 0.9997 0.0014 0.5146 0.7625
-6.6220 -40.3684 21.8137 -0.0129 -0.7692 0.6389 0.1307 0.6346
-6.6220 -40.3684 21.8137 0.0820 -0.4784 0.8743 0.0040 0.6018
-14.5943 -28.7422 8.1352 -0.9991 -0.0012 0.0423 0.7394 0.9318
5.6033 26.5246 24.6503 0.0486 0.0005 0.9988 0.5435 0.0819
-14.7980 -10.5948 -10.2520 -1.0000 0.0071 0.0026 0.8537 0.8190
-9.6342 41.1657 -5.5679 0.0513 0.9983 0.0260 0.6245 0.6253
-13.0223 -20.8903 22.4069 -0.2944 -0.0084 0.9557 0.6592 0.3765
14.1746 -30.4127 -18.8880 0.9984 0.0042 -0.0568 0.2166 0.4408
-8.8941 -41.4809 17.8108 0.0021 -0.9945 0.1052 0.3253 0.7755
-4.4747 -41.1401 22.2895 0.0902 -0.0717 0.9933 0.0284 0.5485
11.4970 -40.9107 -10.3442 0.0977 -0.9952 -0.0052 0.4520 0.6006
14.6592 10.2730 22.2968 0.9580 -0.0040 0.2869 0.4725 0.1880
7.8740 26.4605 24.4926 0.0693 -0.0086 0.9976 0.5294 0.0822
6.2712 -41.6177 19.7904 0.0071 -0.9996 0.0283 0.4195 0.7878
5.7238 40.6367 10.5483 0.0596 0.9982 -0.0099 0.5290 0.7255
-13.9920 39.1361 -14.2757 -0.8825 0.4702 -0.0110 0.8787 0.5099
-13.9920 39.1361 -14.2757 -0.6496 0.7603 0.0068 0.0602 0.5831
14.3012 39.5426 -12.7714 0.9943 0.1062 -0.0100 0.2546 0.0061
-5.3003 -41.5709 6.3211 -0.0001 -1.0000 0.0020 0.3476 0.7041
-14.1638 -17.8597 16.4658 -0.9984 0.0081 0.0551 0.6876 0.8641
7.7988 28.1926 -24.2158 0.0406 -0.0016 -0.9992 0.1391 0.0849
14.2424 -16.7126 -14.6457 0.9994 0.0102 -0.0316 0.2429 0.3557
-10.0978 20.0532 23.8942 -0.1026 -0.0124 0.9946 0.6410 0.1221
-12.8413 -37.2645 22.4574 -0.2709 0.0259 0.9623 0.6581 0.4783
14.5770 -21.2474 21.7784 0.9527 -0.0097 0.3036 0.4693 0.3839
-8.1755 -41.4259 5.6017 0.0770 -0.9968 0.0193 0.3297 0.6997
-14.3486 17.9891 13.4759 -0.9996 -0.0033 0.0281 0.7062 0.6413
-13.0118 31.5289 5.3632 -0.3964 0.6288 -0.6690 0.0888 0.6081
-13.0118 31.5289 5.3632 -0.9134 0.2962 -0.2794 0.2233 0.6232
-11.9083 35.4090 23.0656 -0.1617 -0.0220 0.9866 0.6523 0.0266
-11.9083 35.4090 23.0656 -0.0171 -0.0558 0.9983 0.0756 0.6359
-1.2904 -18.9268 24.1317 -0.0509 -0.0100 0.9987 0.5863 0.3643
1.5229 -40.9727 21.9663 0.0309 0.9246 0.3798 0.1193 0.5984
1.8254 39.2634 23.2105 0.0354 0.6773 0.7348 0.5533 0.8042
1.8254 39.2634 23.2105 -0.0169 0.2915 0.9564 0.1730 0.5837
9.6636 40.6266 -13.2273 0.0543 0.9982 0.0247 0.5046 0.5777
3.4829 40.2334 21.0507 0.0287 0.9961 0.0831 0.5430 0.7907
11.8696 6.7577 23.5833 0.2121 -0.0174 0.9771 0.5045 0.2047
0.7895 -39.9299 22.4223 0.0030 -0.6713 0.7412 0.3855 0.8042
0.7895 -39.9299 22.4223 0.0055 -0.3653 0.9309 0.0387 0.6129
-14.3973 32.0616 -19.3135 -0.9924 0.0312 -0.1191 0.9100 0.5539
-14.3064 -39.2869 -6.8625 0.0019 -0.9999 0.0102 0.2916 0.6222
-11.4815 -41.3709 4.5128 -0.3122 -0.9497 0.0227 0.3092 0.6929
-13.9502 33.2102 -22.5034 -0.9803 0.0257 -0.1960 0.9298 0.5467
-14.0129 25.2148 -22.8712 -0.9684 0.0186 -0.2485 0.9321 0.5964
-11.6668 -33.4463 22.7245 -0.9332 -0.0030 -0.3593 0.1620 0.6367
-6.7093 12.6781 24.1195 -0.0627 -0.0724 0.9954 0.6200 0.1679
14.7898 -17.1866 10.1178 0.9997 0.0218 0.0086 0.3968 0.3586
7.8277 15.0246 -24.1523 0.0286 0.0386 -0.9988 0.1393 0.1667
1.7895 40.7344 10.5788 0.0279 0.9996 -0.0086 0.5535 0.7257
-13.0289 32.7259 -24.2484 -0.3468 -0.0150 -0.9378 0.0097 0.0567
-14.6404 -36.5914 -17.5543 -0.9987 -0.0366 -0.0345 0.8991 0.9806
6.3127 -40.9823 -23.3733 0.0085 0.4803 -0.8771 0.1299 0.5148
-13.4252 -13.6997 22.3108 -0.5470 -0.0078 0.8371 0.6617 0.3318
-4.3226 40.9771 2.7424 0.0206 0.9998 0.0015 0.5915 0.6770
-0.2679 -24.5654 24.0948 -0.0290 -0.0255 0.9993 0.5800 0.3994
1.0740 40.9445 -23.4643 0.0455 0.9047 -0.4235 0.5579 0.5141
1.0740 40.9445 -23.4643 0.0720 0.2983 -0.9517 0.0974 0.0056
14.5195 -27.5798 -1.8536 0.9995 -0.0114 0.0280 0.3224 0.4232
-3.2425 -40.7590 21.5541 -0.0241 0.7650 0.6436 0.1167 0.5688
14.6796 21.4150 12.4940 0.9952 -0.0863 -0.0457 0.4116 0.1187
-13.4931 28.8671 -0.1649 -0.0631 0.9979 -0.0129 0.0918 0.5738
8.2232 -41.3939 3.1996 0.0386 -0.9988 -0.0287 0.4317 0.6847
-12.2969 -41.1645 -12.7433 -0.5803 -0.8144 0.0056 0.3041 0.5856
12.2847 39.7726 22.7445 -0.1218 0.8838 0.4517 0.4883 0.8013
-10.6154 39.4191 23.3599 -0.0871 0.5885 0.8038 0.6306 0.8051
-10.6154 39.4191 23.3599 -0.0251 0.0846 0.9961 0.1739 0.6610
0.8927 -41.4981 21.3092 0.0047 -1.0000 0.0035 0.3861 0.7973
1.4516 40.4155 20.3427 0.1590 0.9830 0.0920 0.5556 0.7863
-11.9185 -34.5705 22.5670 -0.1362 -0.0116 0.9906 0.6524 0.4616
-11.9185 -34.5705 22.5670 -0.5838 0.0153 0.8118 0.0197 0.5568
-14.2131 -17.4328 -23.4288 -0.9678 0.0243 -0.2504 0.9356 0.8615
14.7890 -1.7626 12.0706 0.9983 0.0236 -0.0531 0.4090 0.2628
7.3669 -41.3922 1.1758 0.0208 -0.9995 -0.0257 0.4263 0.6722
-14.2410 -3.7415 14.1187 -0.9995 -0.0095 0.0287 0.7022 0.7764
-14.2363 -20.7808 15.4016 -0.9985 0.0014 0.0539 0.6942 0.8823
10.4398 20.1399 -24.0317 0.0368 0.0003 -0.9993 0.1556 0.1349
14.1890 28.7187 -11.1957 1.0000 -0.0076 -0.0022 0.2644 0.0733
13.4814 25.6976 -23.7590 0.5058 -0.0272 -0.8622 0.1745 0.1004
-13.4996 38.8510 9.2396 0.6975 0.7163 -0.0212 0.0780 0.5259
-13.4996 38.8510 9.2396 0.8845 -0.4186 0.2059 0.2371 0.8060
-13.0632 31.2752 5.1487 -0.4042 0.6845 -0.6067 0.0891 0.6068
-13.0632 31.2752 5.1487 -0.7959 0.4767 -0.3731 0.2217 0.6246
9.2814 -40.8535 21.8973 -0.2310 0.3211 0.9185 0.5206 0.5006
9.2814 -40.8535 21.8973 -0.1386 0.6505 0.7467 0.1189 0.6466
-6.2506 23.7327 -24.6039 0.0136 -0.0122 -0.9998 0.0518 0.1126
-7.2037 -19.8814 23.7929 -0.0503 0.0009 0.9987 0.6231 0.3703
5.4925 -41.6262 15.5893 -0.0249 -0.9997 -0.0028 0.4147 0.7617
-13.9499 39.2126 -18.2758 -0.4552 0.8903 0.0143 0.0599 0.5583
-14.5338 -19.4552 -22.1006 -0.9957 0.0020 -0.0931 0.9273 0.8741
14.1069 -4.9389 -17.0132 0.9984 0.0439 -0.0353 0.2282 0.2825
14.3622 7.8997 22.7345 0.6188 -0.0148 0.7854 0.4890 0.1976
14.3622 7.8997 22.7345 0.8713 -0.0069 0.4906 0.4752 0.2027
14.6772 21.0011 22.4597 0.8652 -0.0258 0.5008 0.4871 0.1162
14.6772 21.0011 22.4597 0.9672 -0.0082 0.2540 0.4735 0.1213
-13.8128 -39.1871 -11.0149 0.4691 -0.8799 0.0760 0.2947 0.5964
-12.9963 5.9215 22.7011 -0.2037 -0.0076 0.9790 0.6591 0.2099
-5.8845 -4.1383 24.0102 -0.0638 -0.0305 0.9975 0.6149 0.2724
-14.7007 -37.4175 -3.3599 -0.9969 -0.0777 0.0113 0.8108 0.9857
14.5412 -32.2859 0.4105 0.9940 0.0201 -0.1075 0.3365 0.4525
-14.8263 -36.0013 -9.2442 -0.9925 -0.1224 -0.0016 0.8474 0.9769
-11.7430 3.8316 22.9088 -0.6343 -0.0080 0.7731 0.6513 0.2229
-11.5659 28.9450 23.1855 -0.9844 0.0100 0.1754 0.1087 0.5857
12.8721 26.6316 -23.9468 0.0619 -0.0007 -0.9981 0.1707 0.0946
-14.7670 -4.9626 -12.6070 -1.0000 0.0046 -0.0014 0.8683 0.7840
11.2289 40.6049 -18.7798 0.0404 0.9992 -0.0079 0.4948 0.5432
-6.4637 -38.7395 23.6000 0.0022 -0.3656 0.9308 0.6185 0.4875
-12.6935 -39.2965 22.4527 -0.3614 -0.2345 0.9024 0.6572 0.4909
-12.6935 -39.2965 22.4527 -0.1180 -0.9264 0.3576 0.3017 0.8044
-0.1471 41.0444 -14.4920 0.0351 0.9993 0.0097 0.5655 0.5698
-14.6405 5.6091 1.7415 -0.9998 0.0053 0.0199 0.7791 0.7183
-6.6259 -41.0784 -23.6581 -0.0132 -0.0617 -0.9980 0.0495 0.5154
3.3856 -41.4518 -1.0783 0.0159 -0.9994 -0.0319 0.4016 0.6581
-11.4948 -15.7419 23.2590 -0.5656 0.0058 0.8246 0.6497 0.3445
-11.3809 41.1503 7.3378 0.0129 0.9998 0.0155 0.6353 0.7055
14.1463 21.7256 -13.5338 0.9999 -0.0076 -0.0155 0.2498 0.1168
-14.0061 -39.3473 -9.1151 0.2042 -0.9721 0.1157 0.2935 0.6082
-14.0061 -39.3473 -9.1151 0.8791 -0.4485 0.1610 0.1692 0.6778
-14.4699 -38.9210 1.9966 -0.9758 -0.2168 0.0272 0.7775 0.9950
0.7810 40.8562 0.1048 0.0162 0.9998 0.0103 0.5598 0.6606
-14.2286 -1.0081 14.3218 -0.9996 0.0029 0.0278 0.7009 0.7594
14.4116 -38.7043 14.2494 0.9951 -0.0985 -0.0006 0.4225 0.4924
0.4813 -41.4959 20.3503 -0.0668 -0.9966 0.0483 0.3836 0.7913
-0.9397 -41.3845 22.2652 -0.0336 -0.7666 0.6413 0.3747 0.8032
10.3439 -0.4769 23.7942 0.1695 -0.0197 0.9853 0.5140 0.2497
0.3603 -41.4629 -5.2431 0.0236 -0.9997 0.0050 0.3828 0.6323
-9.3818 8.7711 23.8130 -0.1054 -0.0040 0.9944 0.6366 0.1922
-6.7350 38.0529 -24.4441 0.0001 0.2310 -0.9730 0.0488 0.0236
14.0118 -4.0474 -22.1842 0.9991 -0.0324 -0.0263 0.1961 0.2770
-3.6447 -41.5005 -11.9427 0.0108 -0.9999 -0.0036 0.3579 0.5906
6.6635 40.7341 -7.8586 0.0331 0.9994 0.0042 0.5232 0.6111
-11.1114 40.9833 21.6029 0.0530 0.9972 0.0521 0.6337 0.7942
14.6617 1.5372 7.3737 0.9990 -0.0418 -0.0145 0.3798 0.2423
14.8437 -27.5344 18.2582 0.9964 -0.0560 0.0635 0.4474 0.4229
14.8154 -17.8416 8.7917 0.9896 -0.1427 0.0164 0.3886 0.3627
-3.0234 41.0429 -6.5275 0.0337 0.9994 0.0126 0.5834 0.6193
13.0025 -40.2150 -23.5091 -0.1324 -0.2234 -0.9657 0.1715 0.5101
-13.8354 38.9787 17.4524 0.1208 0.9918 -0.0406 0.0800 0.5770
14.0903 6.6367 -19.4512 0.9986 0.0102 -0.0527 0.2131 0.2106
-14.2792 -33.6939 -23.6601 -0.9493 -0.0050 -0.3142 0.9370 0.9626
-12.8315 39.0250 -6.9956 -0.9996 0.0259 0.0067 0.2699 0.7000
14.2967 1.7158 -11.5720 0.9998 0.0019 -0.0216 0.2620 0.2412
8.6478 14.9017 24.2855 0.1136 -0.0223 0.9933 0.5245 0.1541
9.7356 -21.0447 23.5619 0.1424 -0.0141 0.9897 0.5178 0.3775
-4.0631 -40.6596 21.4715 -0.0139 -0.4538 0.8910 0.0022 0.5859
-4.0631 -40.6596 21.4715 0.0095 0.5963 0.8027 0.1162 0.5637
14.5516 -29.0268 9.2615 0.9999 0.0004 0.0144 0.3915 0.4322
14.8714 2.4371 15.4283 0.9995 -0.0047 -0.0323 0.4298 0.2367
-5.9592 20.5057 24.2499 -0.0281 -0.0915 0.9954 0.6153 0.1193
10.2076 -4.0493 23.7182 0.1433 -0.0301 0.9892 0.5149 0.2719
-13.6067 -29.2150 21.9399 -0.9373 -0.0091 0.3484 0.6536 0.9347
-13.6067 -29.2150 21.9399 -0.7418 -0.0065 0.6706 0.6629 0.4283
14.6969 -3.4855 21.4928 0.9918 -0.0036 0.1276 0.4675 0.2735
-7.3190 40.6859 22.5594 0.1015 0.9911 0.0867 0.6101 0.8001
13.5468 -40.8473 -1.2415 0.3360 -0.9415 -0.0274 0.4648 0.6571
-14.5932 30.8100 -12.3780 -0.9998 0.0210 0.0050 0.8669 0.5617
9.6741 -40.8208 21.9845 -0.2309 0.1453 0.9621 0.5182 0.5004
-14.7721 10.2647 -15.2164 -0.9999 0.0045 -0.0135 0.8845 0.6894
7.2249 40.7653 -14.4615 0.0388 0.9992 0.0129 0.5197 0.5700
13.6870 18.5098 -23.7395 0.5514 -0.0029 -0.8343 0.1757 0.1451
14.8012 24.6775 18.8594 0.9994 0.0135 0.0332 0.4512 0.0984
9.7489 -41.7039 21.9249 -0.0226 -0.9703 0.2409 0.4411 0.8011
8.9321 -18.1304 23.7203 0.1133 -0.0102 0.9935 0.5228 0.3594
14.2284 5.7904 22.8155 0.6586 -0.0097 0.7525 0.4899 0.2107
-6.4136 16.4405 -24.6208 0.0103 0.0032 -0.9999 0.0508 0.1579
14.3780 -22.5925 22.1538 0.8267 -0.0158 0.5624 0.4889 0.3871
14.3780 -22.5925 22.1538 0.8912 -0.0068 0.4536 0.4716 0.3922
4.8766 40.8400 -12.6972 0.0399 0.9991 0.0119 0.5343 0.5810
14.0050 11.9387 -22.2596 0.9987 -0.0171 -0.0474 0.1956 0.1776
14.4847 -22.5462 -5.6421 0.9996 0.0198 -0.0206 0.2989 0.3919
3.1104 -17.7489 -24.3691 0.0209 -0.0027 -0.9998 0.1100 0.3704
-11.9628 -20.3702 22.5659 -0.3415 -0.0013 0.9399 0.6526 0.3733
-6.3049 40.9061 15.8675 0.0753 0.9961 0.0462 0.6038 0.7585
14.6659 -31.0589 20.1349 0.9962 -0.0131 0.0859 0.4591 0.4448
14.5306 -25.1344 4.7465 0.9850 -0.1699 0.0310 0.3634 0.4080
1.6795 -41.5314 7.2830 0.0094 -0.9994 -0.0330 0.3910 0.7101
14.7809 3.0790 10.5453 0.9980 -0.0585 -0.0242 0.3995 0.2327
-14.6676 2.6399 0.7510 -0.9949 -0.0993 0.0155 0.7853 0.7367
-14.1345 29.1756 -0.4750 -0.1129 0.9934 0.0202 0.0958 0.5719
11.8778 40.0023 20.7563 -0.0332 0.9964 0.0785 0.4908 0.7889
-14.6014 29.5231 -11.8850 -1.0000 -0.0011 -0.0071 0.8638 0.5697
-13.7356 24.4114 -23.8851 -0.4654 -0.0143 -0.8850 0.0053 0.1084
-13.7356 24.4114 -23.8851 -0.9474 0.0148 -0.3198 0.9384 0.6014
0.7276 -40.2923 22.2731 -0.0238 -0.5387 0.8421 0.1335 0.5889
0.7276 -40.2923 22.2731 -0.0180 -0.3916 0.9200 0.0364 0.6133
14.2613 19.2998 -8.8795 0.9997 0.0073 -0.0253 0.2788 0.1319
14.3228 -24.4848 -11.3293 0.9998 -0.0104 -0.0189 0.2635 0.4040
-3.8064 40.6253 19.9816 0.0305 0.9985 0.0446 0.5883 0.7841
-12.5792 41.2479 -14.0336 -0.9207 0.3901 -0.0064 0.2837 0.7438
-12.5792 41.2479 -14.0336 -0.6766 0.7359 0.0253 0.6428 0.5727
-10.7682 -37.0413 23.6317 -0.0684 0.0114 0.9976 0.6452 0.4769
-10.0121 -32.2441 23.6026 -0.0807 0.0098 0.9967 0.6405 0.4471
-14.1982 37.4472 21.8967 -0.9903 0.0061 0.1386 0.6539 0.5204
14.7411 8.9849 8.7270 0.9989 -0.0439 -0.0163 0.3882 0.1960
-5.4920 40.9534 9.3767 0.0229 0.9997 0.0050 0.5987 0.7182
14.3444 -22.1641 -12.1338 0.9992 -0.0068 -0.0394 0.2585 0.3896
13.7159 -17.5962 -23.6567 0.7405 0.0112 -0.6720 0.1759 0.3695
-1.7379 -30.7032 23.9760 -0.0337 -0.0149 0.9993 0.5891 0.4375
-13.7682 -39.2621 14.9430 -0.2473 -0.9683 -0.0361 0.2950 0.7577
9.1499 -24.4379 23.6285 0.1288 0.0014 0.9917 0.5214 0.3986
1.4513 -41.2801 22.2691 0.0308 0.2847 0.9581 0.5693 0.5033
1.4513 -41.2801 22.2691 -0.0217 0.5200 0.8539 0.1212 0.5979
13.8887 22.8799 -23.5149 0.9181 0.0058 -0.3962 0.1878 0.1096
13.8887 22.8799 -23.5149 0.7953 -0.0004 -0.6062 0.1770 0.1179
-5.2699 -41.2994 22.2757 0.0559 -0.4362 0.8981 0.0274 0.5534
-5.2699 -41.2994 22.2757 0.0007 -0.9857 0.1687 0.3478 0.8033
-14.2569 -19.6126 15.0171 -0.9989 0.0048 0.0458 0.6966 0.8750
14.0489 7.4931 -20.0095 0.9992 0.0055 -0.0389 0.2096 0.2052
-2.5182 41.1524 -13.5737 0.0520 0.9986 0.0136 0.5803 0.5756
-13.4749 31.0207 5.0745 0.5258 0.4730 -0.7069 0.1605 0.6844
-13.4749 31.0207 5.0745 -0.1799 0.7566 -0.6286 0.0917 0.6064
3.2369 40.8386 -3.3235 0.0283 0.9996 0.0038 0.5445 0.6393
3.3620 -28.6492 -24.3088 0.0245 -0.0136 -0.9996 0.1116 0.4382
1.2476 -41.4352 -5.1817 0.0439 -0.9990 0.0059 0.3883 0.6326
-14.9270 -33.0202 -6.0491 -0.9999 -0.0114 0.0059 0.8276 0.9584
-13.4502 35.7732 -24.1329 -0.6865 0.0017 -0.7271 0.0071 0.0378
-11.4351 41.3244 -4.9704 -0.0187 0.9994 0.0297 0.6357 0.6290
-11.7946 -22.3045 22.7120 -0.9723 0.0121 0.2333 0.1621 0.5675
-11.7946 -22.3045 22.7120 -0.5746 0.0030 0.8185 0.6516 0.3853
14.9530 -14.4664 16.4296 0.9998 0.0128 -0.0135 0.4361 0.3417
10.1776 22.8829 -24.1177 0.0960 -0.0224 -0.9951 0.1539 0.1179
-11.6719 41.7313 -20.7604 0.0419 0.9991 0.0014 0.6372 0.5309
3.6978 40.6895 6.7266 0.0260 0.9994 0.0219 0.5416 0.7017
3.9193 40.8798 -15.0447 0.0447 0.9990 0.0033 0.5403 0.5664
11.7742 -41.6035 14.7138 0.0333 -0.9992 -0.0217 0.4537 0.7563
-14.1342 32.3473 -7.6670 -0.1591 0.6794 0.7163 0.0958 0.5272
14.8239 22.4450 15.4545 0.9952 0.0622 -0.0753 0.4300 0.1123
-12.1752 40.8803 21.7790 -0.3759 0.9265 0.0194 0.6403 0.7953
8.3472 38.7963 -23.6420 0.0874 0.2942 -0.9518 0.1426 0.0190
8.3472 38.7963 -23.6420 0.0165 0.6390 -0.7690 0.1480 0.6389
-11.2572 -41.5705 -8.1641 -0.1814 -0.9834 0.0068 0.3106 0.6141
5.8411 40.5202 12.9548 0.0366 0.9986 -0.0394 0.5283 0.7404
-5.4938 6.8938 -24.6447 0.0256 -0.0023 -0.9997 0.0565 0.2173
13.6862 17.1568 -23.7246 0.4565 -0.0109 -0.8896 0.1757 0.1535
-14.1050 8.7225 18.3417 -0.9985 -0.0059 0.0542 0.6760 0.6989
5.2627 40.6321 8.2533 0.0427 0.9988 0.0251 0.5319 0.7112
-14.7675 -5.1907 -8.8972 -1.0000 0.0035 0.0052 0.8453 0.7854
-6.0742 -40.0689 22.3285 -0.0050 -0.7225 0.6913 0.1339 0.6312
-7.0943 -40.4621 -23.7426 0.0024 -0.6631 -0.7485 0.3365 0.5173
-7.0943 -40.4621 -23.7426 0.0155 -0.5111 -0.8594 0.0466 0.5116
-2.3936 -41.5695 8.6973 -0.0087 -1.0000 0.0035 0.3657 0.7189
14.5415 20.0868 5.4751 0.9996 0.0092 -0.0270 0.3680 0.1270
5.5602 -41.3522 -6.6866 0.0223 -0.9995 -0.0201 0.4151 0.6233
13.0831 -40.7296 -16.0560 0.3052 -0.9521 -0.0183 0.4619 0.5651
14.8897 18.0628 17.2246 0.9972 -0.0129 0.0741 0.4410 0.1396
-14.0121 30.6327 -22.4185 -0.9762 0.0216 -0.2158 0.9293 0.5628
2.4326 40.6270 -23.5064 -0.0186 0.0279 -0.9994 0.1058 0.0076
-13.9977 27.7373 22.2903 -0.9924 -0.0257 0.1207 0.6514 0.5808
-13.9977 27.7373 22.2903 -0.7534 -0.0170 0.6573 0.6653 0.0743
13.7659 -15.6012 -23.5908 0.9910 -0.0117 -0.1331 0.1873 0.3488
13.7659 -15.6012 -23.5908 0.8393 -0.0061 -0.5437 0.1762 0.3571
3.7270 -14.6311 24.2561 0.0648 -0.0220 0.9977 0.5551 0.3376
9.3196 -40.3277 22.3216 -0.0765 -0.6033 0.7938 0.4385 0.8036
3.1947 -40.7209 21.5434 0.0597 -0.9785 0.1976 0.1290 0.5736
-14.3521 22.3515 13.5392 -0.9997 -0.0038 0.0255 0.7058 0.6142
-14.3290 10.5879 13.4595 -0.9997 -0.0006 0.0260 0.7063 0.6873
-14.6857 14.6054 -3.2280 -0.9999 0.0064 0.0124 0.8100 0.6624
-8.5649 -29.5591 23.7064 -0.0543 0.0123 0.9984 0.6315 0.4304
-14.7599 4.9981 -15.9527 -0.9999 -0.0110 0.0033 0.8891 0.7221
9.6989 40.5976 -12.4060 0.0515 0.9987 0.0064 0.5043 0.5828
-14.2171 -10.8216 14.6449 -0.9999 -0.0055 0.0113 0.6989 0.8204
-12.9486 38.5140 -24.4027 -0.2632 0.1587 -0.9516 0.0102 0.0207
-11.3265 37.0333 23.2760 -0.7313 -0.1020 -0.6744 0.1081 0.5354
-11.3265 37.0333 23.2760 -0.7957 -0.1417 0.5889 0.0719 0.6258
14.1704 14.2137 23.0569 0.6016 -0.0144 0.7987 0.4902 0.1584
-14.4608 -39.2636 -18.6596 -0.4883 -0.8720 -0.0346 0.2907 0.5489
-14.4608 -39.2636 -18.6596 -0.8966 -0.4426 0.0153 0.9059 0.9972
-13.1729 33.2849 6.6677 0.1037 0.5014 -0.8590 0.0898 0.6163
-13.1729 33.2849 6.6677 -0.1486 0.3525 -0.9240 0.0183 0.6174
14.1246 39.9764 -3.2562 0.6810 0.7323 0.0065 0.4768 0.6397
14.6759 5.1903 6.3673 0.9974 0.0140 -0.0702 0.3735 0.2196
-14.3072 -38.8235 7.4475 -0.9892 -0.1423 0.0339 0.7437 0.9944
-13.5931 -35.0420 21.7171 -0.9714 -0.0333 0.2352 0.6550 0.9709
14.1577 -2.5686 -16.4939 0.9994 -0.0064 -0.0344 0.2314 0.2678
14.3154 34.7148 23.3928 0.6501 -0.0169 0.7596 0.4893 0.0309
14.3154 34.7148 23.3928 0.8673 -0.0134 0.4975 0.4793 0.0361
4.0399 -28.6781 23.9905 0.0552 -0.0267 0.9981 0.5532 0.4249
-12.8701 35.0623 1.3671 -0.9999 0.0105 0.0026 0.2453 0.6481
-13.9886 39.0732 20.1760 -0.4095 0.9123 -0.0077 0.0810 0.5939
-14.0043 -39.3144 -23.9676 -0.6894 -0.2388 -0.6838 0.0036 0.5045
-14.0043 -39.3144 -23.9676 -0.5587 -0.7909 -0.2497 0.2935 0.5159
-14.0043 -39.3144 -23.9676 -0.9076 -0.2116 -0.3627 0.9389 0.9975
-13.1986 -38.9603 -12.7895 -0.2407 -0.9703 0.0245 0.2985 0.5854
-6.2075 40.9150 14.5624 0.0366 0.9990 0.0267 0.6032 0.7504
-11.4656 0.6039 23.2335 -0.8134 -0.0029 0.5817 0.6496 0.2429
-14.3740 -4.4028 10.5981 -0.9994 0.0043 0.0349 0.7241 0.7805
14.1926 22.4014 -11.1896 1.0000 0.0017 -0.0073 0.2644 0.1126
14.7577 -0.1821 13.0688 1.0000 -0.0016 0.0019 0.4152 0.2529
-14.7090 -31.5998 -19.2989 -0.9987 -0.0144 -0.0493 0.9099 0.9495
0.1243 -41.5088 19.1298 0.0157 -0.9994 0.0318 0.3813 0.7837
14.7970 12.8343 11.3637 0.9980 -0.0522 -0.0345 0.4046 0.1721
-13.9079 -39.1160 14.7366 -0.9687 -0.2385 0.0690 0.6984 0.9963
-13.9079 -39.1160 14.7366 -0.7295 -0.6839 0.0095 0.2941 0.7564
-11.8387 -38.5260 23.3739 -0.9591 -0.0777 0.2722 0.1580 0.6683
-11.8387 -38.5260 23.3739 -0.5928 -0.1788 0.7853 0.6519 0.4861
-14.2999 3.0634 14.1234 -0.9997 -0.0072 0.0237 0.7022 0.7341
1.5446 -40.3999 22.2057 0.0678 -0.7326 0.6773 0.1331 0.5839
1.5446 -40.3999 22.2057 0.1056 -0.3093 0.9451 0.0358 0.6082
-1.5038 -23.6488 24.0714 -0.0462 -0.0150 0.9988 0.5876 0.3937
-11.3721 33.2824 23.8618 -0.6282 -0.0349 0.7772 0.6490 0.0399
-2.4319 12.0031 24.4132 -0.1473 -0.0254 0.9888 0.5934 0.1721
2.6105 -41.6248 12.5020 -0.0042 -0.9999 -0.0154 0.3968 0.7425
7.4535 40.7736 -15.7803 0.0441 0.9990 0.0052 0.5183 0.5618
-14.8321 -20.6791 -2.7352 -0.9998 0.0106 0.0177 0.8070 0.8817
3.0349 17.4301 -24.3593 0.0318 0.0029 -0.9995 0.1095 0.1518
-12.1181 -40.6146 19.8465 -0.8485 -0.5292 -0.0019 0.3052 0.7882
-13.5662 29.1159 -2.4951 0.0093 0.9794 0.2018 0.0923 0.5593
14.1747 17.1163 -13.0148 0.9997 -0.0086 -0.0223 0.2531 0.1454
-14.1689 38.8417 9.2300 -0.2928 0.8621 -0.4135 0.0821 0.5259
-14.1689 38.8417 9.2300 -0.8124 0.2815 -0.5106 0.0121 0.5828
-14.1689 38.8417 9.2300 -0.9893 0.1459 0.0070 0.7326 0.5117
13.6376 -11.1817 -23.7393 0.7633 0.0141 -0.6459 0.1754 0.3296
-13.0476 0.3396 22.6141 -0.1778 -0.0186 0.9839 0.6594 0.2446
13.9950 4.0490 22.9958 0.4684 -0.0091 0.8835 0.4913 0.2215
-2.9272 41.0117 -4.1427 0.0303 0.9995 0.0126 0.5828 0.6342
4.7003 40.5076 15.9124 0.0239 0.9990 0.0376 0.5354 0.7588
14.3582 26.4439 -0.8655 0.9999 0.0044 -0.0167 0.3286 0.0875
9.6325 2.5956 -24.1907 0.0394 0.0012 -0.9992 0.1505 0.2440
14.5841 11.9935 5.5474 0.9933 -0.0156 -0.1143 0.3684 0.1773
14.0597 -3.5971 -19.6070 0.9998 -0.0151 -0.0150 0.2121 0.2742
-11.7688 -30.7879 23.2195 -0.9966 0.0151 0.0816 0.1589 0.6202
-11.7688 -30.7879 23.2195 -0.6606 0.0201 0.7504 0.6514 0.4380
14.4719 35.2790 5.9981 1.0000 -0.0035 -0.0088 0.3712 0.0326
14.5134 -33.6252 5.8535 0.9986 -0.0346 0.0411 0.3703 0.4608
4.2248 -40.8276 21.4242 -0.0385 -0.1772 0.9834 0.0264 0.6201
4.2248 -40.8276 21.4242 -0.0583 0.8287 0.5566 0.1159 0.6152
-12.7464 -40.4211 -7.6444 -0.9863 -0.1646 0.0083 0.1932 0.6269
-12.7464 -40.4211 -7.6444 -0.8644 -0.5026 0.0108 0.3013 0.6173
7.4411 40.7722 -16.8298 0.0488 0.9988 -0.0100 0.5184 0.5553
-5.5131 40.7722 16.0530 0.0010 0.9987 0.0500 0.5989 0.7597
-14.3222 -25.8385 13.5707 -0.9986 -0.0003 0.0537 0.7056 0.9137
14.6543 -18.4460 3.9217 0.9997 0.0047 -0.0248 0.3583 0.3665
13.4153 -14.8415 -23.9068 0.1523 0.0011 -0.9883 0.1741 0.3524
-14.1359 30.3129 20.9322 -0.9995 -0.0144 0.0295 0.6599 0.5648
6.9651 -41.4818 22.1742 0.0093 -0.6579 0.7531 0.4238 0.8027
-12.1555 39.3179 -24.2713 0.0072 0.8841 -0.4673 0.0488 0.5210
14.4579 32.8364 4.2930 0.9996 0.0193 -0.0207 0.3606 0.0477
11.7736 39.3378 -23.0411 0.0260 -0.3975 -0.9172 0.1638 0.0156
7.7067 -20.4176 23.8221 0.0995 -0.0186 0.9949 0.5304 0.3736
-13.8568 -39.2131 8.9729 -0.0691 -0.9974 -0.0202 0.2944 0.7206
9.7460 -25.6798 -24.1063 0.0664 -0.0210 -0.9976 0.1512 0.4197
-13.3161 30.5245 -5.7477 0.2027 0.7800 0.5921 0.0907 0.5391
14.2078 15.4907 -12.3808 0.9981 0.0509 -0.0349 0.2570 0.1555
-0.0905 36.2857 24.5027 -0.0099 0.0545 0.9985 0.5789 0.0212
-0.5856 -13.1344 24.2275 -0.0854 -0.0138 0.9962 0.5819 0.3283
7.2975 -41.3148 -3.6399 0.0353 -0.9990 -0.0258 0.4259 0.6422
-11.7947 -38.9816 23.2017 -0.9295 -0.3337 0.1571 0.1590 0.6711
-11.7947 -38.9816 23.2017 -0.6218 -0.3286 0.7109 0.6516 0.4890
-9.9174 41.5952 -18.2691 0.0683 0.9975 0.0164 0.6262 0.5464
14.6845 24.3135 12.8686 0.9994 -0.0273 -0.0222 0.4139 0.1007
-11.5319 33.2133 23.2837 -0.9988 -0.0446 -0.0184 0.1081 0.5592
-14.3447 8.9655 -22.1377 -0.9751 0.0013 -0.2217 0.9275 0.6974
9.4726 40.6721 -17.9049 0.0338 0.9994 -0.0044 0.5057 0.5486
-14.1776 -10.1377 16.1168 -0.9994 0.0051 0.0347 0.6898 0.8162
14.8687 23.4367 17.1725 0.9972 0.0554 -0.0504 0.4407 0.1062
-14.4400 33.1295 8.9399 -0.9997 0.0233 -0.0025 0.7344 0.5472
-13.1077 38.8902 17.1981 -0.0222 0.9995 -0.0208 0.0755 0.5754
-13.3275 -39.3859 3.0099 0.3264 -0.8743 -0.3593 0.2977 0.6836
-3.1089 9.7661 24.2971 -0.0467 -0.0589 0.9972 0.5976 0.1860
-4.4635 6.7329 24.1954 -0.0723 0.0278 0.9970 0.6060 0.2049
7.5281 40.2285 19.0386 0.0355 0.9977 0.0585 0.5178 0.7782
-13.2516 -38.8340 22.1553 -0.9247 -0.1423 0.3531 0.6523 0.9945
-13.2516 -38.8340 22.1553 -0.6457 -0.0426 0.7624 0.6607 0.4881
14.9350 -11.7808 16.5514 0.9999 0.0008 -0.0115 0.4368 0.3250
-13.5033 38.1185 8.5356 -0.0304 0.5335 -0.8453 0.0780 0.5216
-13.5033 38.1185 8.5356 -0.3229 0.3224 -0.8898 0.0163 0.5873
-4.3640 7.3825 24.1491 -0.0853 0.0610 0.9945 0.6054 0.2008
10.6418 39.8557 22.2476 0.0296 0.9851 0.1693 0.4985 0.7982
-13.9289 -24.6711 -24.0216 -0.5367 -0.0045 -0.8438 0.0041 0.4134
14.5805 11.6884 4.8013 0.9998 0.0093 -0.0158 0.3638 0.1792
14.7903 -6.2815 11.0256 0.9999 -0.0165 -0.0034 0.4025 0.2909
13.7605 -24.4808 -23.7102 0.9508 0.0078 -0.3098 0.1866 0.4040
13.7605 -24.4808 -23.7102 0.4253 0.0131 -0.9050 0.1762 0.4123
-1.3100 24.2847 24.5846 -0.0563 -0.0057 0.9984 0.5864 0.0958
-5.5364 -41.4140 -19.9998 -0.0040 -0.9991 -0.0415 0.3462 0.5405
11.0836 16.1072 -24.1237 0.0386 0.0090 -0.9992 0.1596 0.1600
14.4901 15.9699 1.1577 0.9998 0.0063 -0.0211 0.3411 0.1526
9.3335 -41.1185 -9.7146 0.0818 -0.9966 -0.0080 0.4386 0.6045
-2.7096 -41.3672 -19.9344 0.0270 -0.9988 -0.0409 0.3637 0.5410
5.5510 40.5464 12.2489 0.0587 0.9981 0.0189 0.5301 0.7360
14.0276 16.9272 -21.8897 0.9998 -0.0008 -0.0182 0.1979 0.1466
-14.7406 -7.3014 -3.6752 -0.9999 0.0059 0.0084 0.8128 0.7985
7.2198 40.7367 -22.6174 0.0333 0.9994 0.0084 0.5197 0.5193
14.1075 18.3236 -16.5459 0.9999 0.0090 -0.0080 0.2311 0.1379
-14.6132 28.8225 -2.1424 -0.9717 0.2337 0.0331 0.8033 0.5740
-14.6132 28.8225 -2.1424 -0.8414 0.5187 0.1516 0.0988 0.5615
-1.3416 -41.4449 22.1111 -0.0483 -0.9488 0.3121 0.3722 0.8023
-2.1899 -17.6553 24.0888 -0.0542 -0.0082 0.9985 0.5919 0.3564
-2.6504 -41.3457 -20.7309 0.0230 -0.9994 -0.0240 0.3641 0.5360
13.4795 -41.1687 9.0140 0.6048 -0.7963 -0.0100 0.4643 0.7209
13.9730 -39.7460 22.4271 0.7294 -0.0154 0.6839 0.4914 0.4937
-11.6706 -36.2987 22.7707 -0.9141 -0.0015 -0.4055 0.1617 0.6545
-11.6706 -36.2987 22.7707 -0.8032 0.0338 0.5947 0.0182 0.5676
-14.2870 6.8372 14.3652 -0.9994 -0.0091 0.0332 0.7007 0.7107
1.2825 5.0875 24.5243 -0.0476 -0.0124 0.9988 0.5703 0.2151
-11.8788 -10.5558 22.7066 -0.6123 -0.0009 0.7906 0.6521 0.3123
2.9874 -41.6133 7.7503 -0.0029 -0.9996 -0.0286 0.3991 0.7130
14.7905 8.3908 15.3047 0.9972 0.0165 -0.0728 0.4291 0.1997
14.1610 39.5073 22.8804 0.4484 0.7866 0.4245 0.4766 0.8021
-10.4681 -41.7440 22.3046 0.2526 -0.9667 0.0413 0.3155 0.8035
-10.4681 -41.7440 22.3046 -0.3002 -0.1418 0.9433 0.2463 0.8052
-5.7994 -41.5604 10.8517 -0.0079 -0.9999 0.0085 0.3445 0.7323
14.5425 -26.5068 1.6068 0.9972 0.0468 -0.0591 0.3439 0.4166
-13.5911 -30.4780 21.9442 -0.9361 -0.0121 0.3516 0.6536 0.9426
-13.5911 -30.4780 21.9442 -0.6260 -0.0008 0.7798 0.6628 0.4361
0.0175 -41.1733 -23.6605 0.0892 -0.4030 -0.9108 0.0908 0.5160
0.0175 -41.1733 -23.6605 0.0461 -0.9230 -0.3819 0.3807 0.5178
7.5430 39.4229 -23.5100 0.0576 0.2156 -0.9748 0.1376 0.0151
10.6879 13.3330 -24.1005 0.0338 0.0218 -0.9992 0.1571 0.1772
-14.8673 -16.9051 -12.4045 -0.9999 0.0111 0.0001 0.8671 0.8582
-14.4700 25.1363 8.8976 -0.9998 -0.0042 0.0207 0.7347 0.5969
-14.7733 -9.2831 -7.1161 -0.9999 0.0075 0.0074 0.8342 0.8108
13.8169 21.7744 -23.6084 0.6543 0.0074 -0.7562 0.1765 0.1248
14.7713 -27.1284 19.2642 0.9979 -0.0257 0.0589 0.4537 0.4204
-10.9006 -41.5655 -4.1192 0.0141 -0.9999 0.0048 0.3128 0.6392
-14.5570 2.9928 7.5837 -0.9993 -0.0155 0.0353 0.7428 0.7345
13.9721 -40.3396 -8.4762 0.7315 -0.6818 -0.0051 0.4674 0.6122
14.0803 11.0079 -20.0132 0.9993 -0.0106 -0.0349 0.2096 0.1834
13.6851 -40.6998 -4.2382 0.5591 -0.8290 -0.0151 0.4656 0.6385
14.4307 36.1938 8.3231 0.9999 0.0083 -0.0066 0.3857 0.0269
13.9121 -6.2860 -22.3740 0.9976 -0.0015 -0.0698 0.1949 0.2909
8.9506 -1.7836 23.9603 0.1207 -0.0214 0.9925 0.5227 0.2578
4.5453 6.1332 24.5317 0.0641 -0.0189 0.9978 0.5500 0.2086
14.4771 9.7377 -1.1847 0.9997 0.0029 -0.0227 0.3266 0.1913
-6.0775 -41.3274 -23.1653 0.0208 -0.9869 -0.1602 0.3428 0.5209
14.4428 37.6959 18.7160 0.9910 0.0730 0.1123 0.4503 0.0175
13.2826 40.2195 -2.8287 0.2284 0.9736 0.0071 0.4821 0.6423
-13.1333 29.1310 -1.8708 -0.9128 0.4069 0.0353 0.2084 0.6682
-13.1333 29.1310 -1.8708 -0.3517 0.9214 0.1652 0.0896 0.5632
-9.5719 -9.0175 -24.7018 -0.0493 0.0034 -0.9988 0.0312 0.3162
13.7287 -1.6511 -23.6090 0.9123 0.0069 -0.4095 0.1872 0.2621
13.7287 -1.6511 -23.6090 0.7675 -0.0035 -0.6411 0.1760 0.2704
7.1919 -41.3655 -0.2739 0.0275 -0.9995 -0.0143 0.4253 0.6631
14.7515 -27.3343 8.9185 0.9972 0.0243 0.0709 0.3894 0.4217
-12.8259 -39.3339 6.3398 -0.7377 -0.6711 -0.0736 0.3008 0.7042
14.6799 2.0392 5.9656 0.9999 -0.0099 -0.0126 0.3710 0.2391
-13.0199 -39.8711 -23.9912 -0.1889 -0.3590 0.9140 0.2101 0.8069
-13.0199 -39.8711 -23.9912 -0.2946 -0.6524 0.6983 0.2996 0.5157
-14.4608 31.9434 7.6751 -0.9997 0.0231 0.0038 0.7423 0.5546
10.1309 -33.2124 -23.9520 0.0712 -0.0300 -0.9970 0.1536 0.4665
14.8869 -10.6940 19.0997 0.9988 -0.0144 0.0476 0.4526 0.3183
-13.1520 -3.1832 -24.1610 -0.3151 0.0048 -0.9491 0.0089 0.2799
-2.6247 38.8319 -23.7981 0.0075 0.6478 -0.7618 0.1470 0.5707
-2.6247 38.8319 -23.7981 -0.0119 0.1281 -0.9917 0.0744 0.0188
-13.2019 38.2947 8.6541 -0.6206 0.4580 -0.6365 0.0181 0.5862
-13.2019 38.2947 8.6541 0.0432 0.5499 -0.8341 0.0761 0.5223
-14.2254 29.1788 18.6524 -0.9983 -0.0098 0.0569 0.6740 0.5718
-9.7981 39.8284 23.3566 -0.0092 0.1357 0.9907 0.1765 0.6559
-11.7224 -19.3308 23.0109 -0.9780 -0.0229 0.2074 0.1602 0.5490
-11.7224 -19.3308 23.0109 -0.7661 0.0051 0.6427 0.6511 0.3668
8.4451 40.4383 13.2675 -0.0624 0.9975 0.0337 0.5121 0.7424
14.3848 38.0399 8.7198 0.9998 0.0185 -0.0026 0.3881 0.0154
7.9114 -41.2454 -18.0005 0.0551 -0.9985 0.0054 0.4297 0.5530
-4.7203 -0.5016 -24.6215 0.0299 0.0040 -0.9995 0.0613 0.2632
-9.7346 41.6316 -20.2822 0.0593 0.9982 -0.0030 0.6251 0.5339
-5.9599 26.6502 -24.6124 0.0137 0.0061 -0.9999 0.0536 0.0945
5.1900 39.7836 22.9503 0.0151 0.6242 0.7811 0.5324 0.8026
5.1900 39.7836 22.9503 0.0269 0.3899 0.9205 0.1762 0.5628
14.3206 -3.3061 -10.8039 0.9997 -0.0007 -0.0244 0.2668 0.2724
14.1280 25.1628 -16.3372 0.9999 -0.0119 -0.0100 0.2324 0.0954
8.9639 39.8365 22.7824 0.0288 0.8885 0.4581 0.5089 0.8015
-13.9470 -39.1604 -14.6823 0.2512 -0.9676 0.0260 0.2939 0.5736
13.8846 -9.5378 -22.5535 0.9980 -0.0081 -0.0626 0.1938 0.3111
6.0000 -40.6935 21.6118 -0.0093 -0.8983 0.4392 0.1294 0.5562
6.0000 -40.6935 21.6118 -0.0226 0.0910 0.9956 0.0273 0.6091
13.4694 -1.4636 -23.8502 0.4161 0.0296 -0.9089 0.1744 0.2692
14.3970 38.0155 12.3932 0.9995 0.0310 -0.0030 0.4110 0.0155
4.5085 40.5847 12.2111 0.0382 0.9990 0.0236 0.5366 0.7358
3.4710 -41.1844 22.1784 0.0404 0.7222 0.6905 0.1206 0.6105
3.4710 -41.1844 22.1784 0.0045 0.2939 0.9558 0.5567 0.5027
14.6792 -11.9749 4.2377 0.9989 0.0039 -0.0477 0.3603 0.3262
14.3370 36.5612 1.2558 0.9998 0.0168 0.0048 0.3417 0.0246
14.7550 -21.0247 20.4438 0.9952 -0.0105 0.0974 0.4610 0.3825
14.4211 -25.4221 -7.4504 0.9996 -0.0094 -0.0248 0.2876 0.4098
14.2014 26.2077 -11.7462 0.9992 0.0387 -0.0098 0.2609 0.0889
14.6471 1.5662 22.2545 0.8001 -0.0180 0.5996 0.4873 0.2370
14.6471 1.5662 22.2545 0.9422 -0.0163 0.3348 0.4723 0.2421
14.2444 25.1592 -9.0292 0.9998 0.0042 -0.0210 0.2778 0.0955
14.9402 0.8257 17.1331 0.9998 -0.0041 -0.0196 0.4404 0.2467
14.8342 -10.5185 19.9397 0.9973 -0.0224 0.0693 0.4579 0.3172
6.9404 40.4882 12.9475 0.0752 0.9971 -0.0144 0.5215 0.7404
-13.0143 39.5314 10.0516 -0.9371 0.0921 -0.3368 0.2730 0.5941
-11.4779 -39.0789 23.4316 -0.1341 -0.7024 0.6990 0.3092 0.8105
-11.4779 -39.0789 23.4316 -0.3711 -0.3018 0.8782 0.6496 0.4896
14.8673 17.6884 18.9383 0.9998 0.0167 0.0047 0.4516 0.1419
1.7659 -40.5596 21.9744 0.0541 -0.9184 0.3919 0.1317 0.5825
-13.4730 -39.1832 -18.9020 0.3262 -0.9414 -0.0855 0.2968 0.5474
4.2970 22.1587 24.6999 0.0460 -0.0072 0.9989 0.5516 0.1090
-14.0391 35.4692 -9.6382 -0.2386 0.3961 0.8867 0.0107 0.5420
3.2018 -41.3914 -3.7757 0.0174 -0.9998 -0.0131 0.4005 0.6414
-14.2360 29.4073 -2.9301 -0.0586 0.9660 0.2520 0.0964 0.5566
14.7219 2.5051 6.4624 0.9994 -0.0139 -0.0307 0.3741 0.2362
-13.9123 -16.8016 20.3792 -0.9976 -0.0050 0.0686 0.6633 0.8576
-1.8664 -16.2248 24.1175 -0.0457 -0.0082 0.9989 0.5899 0.3475
3.2589 -41.3644 -9.8575 0.0101 -0.9994 0.0330 0.4008 0.6036
-14.5207 30.0701 5.8775 -0.9997 0.0186 0.0156 0.7534 0.5663
9.6254 -41.6915 20.1818 -0.0060 -1.0000 0.0010 0.4404 0.7903
14.7216 -31.1792 8.9241 0.9980 -0.0449 -0.0440 0.3894 0.4456
14.7615 13.8113 6.2463 0.9957 0.0629 -0.0679 0.3728 0.1660
-13.7234 -34.1606 20.5046 -0.9966 -0.0340 0.0750 0.6625 0.9655
4.0431 40.6947 8.0651 0.0334 0.9992 0.0229 0.5395 0.7100
-6.9887 40.7603 18.8936 -0.0069 0.9990 0.0437 0.6080 0.7773
-11.7008 -20.3252 23.0476 -0.9736 0.0012 0.2285 0.1600 0.5552
-11.7008 -20.3252 23.0476 -0.7525 0.0064 0.6585 0.6510 0.3730
6.6606 -41.1065 -23.3755 0.4949 -0.8595 -0.1281 0.4220 0.5196
14.8053 21.5987 15.2366 0.9977 -0.0558 -0.0397 0.4286 0.1176
10.7718 -27.2777 23.4059 0.1662 -0.0122 0.9860 0.5113 0.4162
-12.9084 39.5888 12.5105 -0.9986 0.0272 0.0454 0.2734 0.5788
14.3376 33.7304 -4.8844 0.9999 -0.0051 -0.0107 0.3036 0.0422
-12.2749 -41.2225 -17.0607 -0.6266 -0.7793 0.0080 0.3043 0.5588
14.7849 7.9820 13.9656 0.9989 -0.0470 0.0048 0.4207 0.2022
-6.6078 7.5502 23.9944 -0.0548 0.0476 0.9974 0.6194 0.1998
12.0018 40.3184 5.5444 0.0746 0.9972 0.0005 0.4900 0.6944
14.5927 -32.3999 6.3501 0.9946 -0.1034 -0.0023 0.3734 0.4532
14.2531 33.3460 23.4241 0.7335 -0.0138 0.6795 0.4897 0.0395
-7.9635 -41.2336 -23.3260 -0.1917 -0.4991 -0.8451 0.0477 0.6364
-7.9635 -41.2336 -23.3260 -0.1892 -0.5278 -0.8280 0.3311 0.5199
11.9740 9.7339 23.6181 0.2229 -0.0219 0.9746 0.5039 0.1862
-13.2482 -39.1297 -18.6852 -0.1400 -0.9887 -0.0534 0.2982 0.5487
14.2424 31.1841 -10.3034 0.9997 -0.0116 -0.0194 0.2699 0.0580
14.7703 -21.1660 7.2537 0.9990 -0.0415 0.0187 0.3790 0.3834
-14.1856 8.4897 16.8770 -0.9973 0.0425 0.0592 0.6851 0.7004
-6.4899 -40.1445 -24.0226 0.0116 -0.6162 -0.7875 0.3402 0.5155
7.9522 11.2620 24.3006 0.1067 -0.0053 0.9943 0.5289 0.1767
14.1806 -5.4693 -15.1352 0.9991 0.0164 -0.0397 0.2399 0.2858
-14.6116 11.8653 -20.0317 -0.9925 -0.0089 -0.1218 0.9145 0.6794
-10.8497 -40.7992 22.3963 -0.0855 0.2779 0.9568 0.0305 0.5881
-10.8497 -40.7992 22.3963 0.0570 0.7143 0.6976 0.1220 0.5215
14.6541 25.6676 12.1390 0.9998 0.0168 0.0047 0.4094 0.0923
4.7126 15.3522 -24.1767 0.0163 0.0798 -0.9967 0.1200 0.1647
-12.9682 30.9761 -3.0514 -0.9999 -0.0130 0.0089 0.2199 0.6755
-14.8362 -35.8508 -6.9615 -0.9962 -0.0872 0.0066 0.8332 0.9760
14.7433 -8.7777 21.0698 0.9875 0.0106 0.1572 0.4649 0.3064
10.5764 33.9060 -24.0710 0.0542 0.0043 -0.9985 0.1564 0.0494
-1.8291 -40.9360 22.1203 0.0295 0.8400 0.5417 0.1202 0.5776
-4.0348 -26.0787 23.9219 -0.0469 0.0036 0.9989 0.6034 0.4088
-5.8228 -41.2107 -23.5122 0.0086 -0.9532 -0.3023 0.3444 0.5187
-11.9487 -41.1777 10.7597 -0.4757 -0.8796 0.0022 0.3063 0.7317
-13.7583 28.4872 22.5839 -0.6550 -0.0055 0.7556 0.6638 0.0697
14.8568 9.0100 17.2425 0.9998 0.0046 0.0185 0.4411 0.1958
-0.4900 39.0258 23.4995 -0.0063 0.8060 0.5919 0.5677 0.8060
14.2149 33.1277 -16.0216 0.9999 -0.0067 -0.0075 0.2344 0.0459
-3.6989 26.1421 -24.5478 0.0292 0.0070 -0.9995 0.0677 0.0976
10.7489 20.8012 -24.0221 -0.1087 0.0399 -0.9933 0.1575 0.1308
14.3257 21.7712 -4.7137 0.9998 0.0078 -0.0173 0.3046 0.1165
14.5938 19.8840 7.0084 0.9986 0.0304 -0.0444 0.3775 0.1282
-13.8993 38.9552 -21.9228 -0.9819 0.1078 -0.1558 0.9262 0.5110
14.7698 -13.7550 9.3894 1.0000 -0.0049 0.0033 0.3923 0.3373
14.5496 -16.7760 21.9859 0.9432 -0.0039 0.3323 0.4706 0.3561
14.6655 -11.0875 6.2937 0.9989 -0.0454 -0.0123 0.3731 0.3207
-11.7796 20.7961 23.0466 -0.5717 -0.0085 0.8204 0.6515 0.1175
-1.7947 26.8976 -24.4823 0.0264 0.0008 -0.9996 0.0795 0.0929
-9.0701 -41.2401 -23.3029 0.0676 0.3204 -0.9449 0.0476 0.6295
7.1376 -17.2867 -24.2734 0.0376 0.0070 -0.9993 0.1350 0.3676
14.6725 6.7323 9.8221 0.9995 0.0190 -0.0238 0.3950 0.2100
-14.2325 -39.3590 -13.4991 0.1766 -0.9842 -0.0160 0.2921 0.5810
-13.3091 1.4962 22.5628 -0.4537 -0.0085 0.8911 0.6610 0.2374
-4.8232 -40.2304 22.2057 -0.0318 -0.7719 0.6350 0.1331 0.6234
-2.1942 -41.5540 3.7149 0.0134 -0.9999 -0.0024 0.3669 0.6879
-0.2700 -41.4425 -10.9568 0.0249 -0.9997 -0.0029 0.3789 0.5968
14.7694 22.9925 16.2795 0.9908 0.1125 -0.0753 0.4351 0.1089
5.7441 -41.5402 5.0197 0.0030 -0.9976 -0.0696 0.4163 0.6960
-13.2842 36.6118 -24.2166 -0.3774 0.0101 -0.9260 0.0081 0.0326
-13.1575 39.1154 -12.6537 -0.3196 0.9475 0.0078 0.0550 0.5932
-2.8163 -40.5107 21.6077 -0.0991 -0.9917 0.0817 0.1294 0.6110
-2.8163 -40.5107 21.6077 -0.0744 -0.4118 0.9082 0.0031 0.5782
-8.2931 -41.5723 1.0506 0.0401 -0.9992 -0.0015 0.3290 0.6714
-13.5954 33.9713 -23.9257 -0.7252 0.0266 -0.6880 0.0062 0.0490
-13.5954 33.9713 -23.9257 -0.9700 0.0157 -0.2426 0.9387 0.5420
14.5878 -4.6945 7.8742 0.9978 -0.0581 0.0334 0.3829 0.2810
-13.3270 38.6708 -10.9638 0.1354 0.6028 0.7863 0.0561 0.6037
8.2801 40.5321 7.2060 0.0346 0.9994 0.0067 0.5131 0.7047
-4.3996 -41.3026 -22.5809 0.0077 -1.0000 0.0028 0.3532 0.5245
11.2365 -19.5640 -24.0997 0.0832 -0.0072 -0.9965 0.1605 0.3817
-14.1500 3.9506 17.8107 -0.9989 0.0142 0.0450 0.6793 0.7286
5.3862 -41.6099 10.0862 0.0523 -0.9972 -0.0531 0.4140 0.7275
2.6691 -41.4131 -1.8049 -0.0327 -0.9993 -0.0183 0.3971 0.6536
-14.2689 -5.2372 13.5201 -0.9991 0.0047 0.0429 0.7059 0.7857
-14.3150 11.5662 14.2532 -0.9996 0.0039 0.0272 0.7014 0.6813
-13.2581 31.9284 -7.4576 -0.6796 0.4924 0.5438 0.0058 0.5640
-13.2581 31.9284 -7.4576 0.1482 0.7135 0.6848 0.0904 0.5285
-11.1781 28.8942 23.8335 -0.3286 -0.0259 0.9441 0.6478 0.0671
6.4038 16.8946 24.5386 0.0805 -0.0103 0.9967 0.5385 0.1417
14.4269 13.3232 -2.7669 0.9997 0.0152 -0.0174 0.3167 0.1690
14.3330 25.9128 -2.6173 0.9991 -0.0299 -0.0293 0.3177 0.0908
14.8968 6.6719 17.5346 0.9997 0.0220 -0.0106 0.4429 0.2104
-6.8125 20.2051 24.1126 -0.1275 -0.0561 0.9903 0.6206 0.1211
-12.0251 41.7403 -22.1292 -0.2592 0.9658 -0.0044 0.6393 0.5224
14.6485 -18.6117 1.5810 1.0000 -0.0052 0.0046 0.3438 0.3675
14.1840 39.8465 -16.4101 0.9872 0.1587 -0.0176 0.2320 0.0042
14.1840 39.8465 -16.4101 0.8629 0.5054 -0.0056 0.4765 0.5579
-14.4265 0.4857 8.5944 -0.9994 0.0109 0.0315 0.7365 0.7501
14.8711 8.6130 19.9084 0.9993 0.0004 0.0364 0.4577 0.1983
9.5833 39.9589 21.6890 0.0355 0.9945 0.0986 0.5051 0.7947
-14.6173 4.4581 3.3326 -0.9995 0.0141 0.0275 0.7692 0.7254
-14.5678 10.2845 4.4111 -0.9997 0.0023 0.0232 0.7625 0.6892
13.8786 32.0033 -23.7129 0.6784 -0.0609 -0.7322 0.1769 0.0612
14.7801 -0.9089 9.3245 0.9977 0.0649 -0.0186 0.3919 0.2575
14.2621 -0.0436 -13.0197 0.9997 0.0025 -0.0252 0.2530 0.2521
9.6538 -14.9595 -24.1733 0.0507 -0.0027 -0.9987 0.1507 0.3531
8.8424 -21.6571 -24.1904 0.0477 -0.0251 -0.9985 0.1456 0.3947
12.8542 40.1237 19.5812 0.0254 0.9989 0.0388 0.4847 0.7816
-12.9016 31.1716 0.5410 -0.9999 0.0048 0.0137 0.2211 0.6532
-13.4629 -39.0960 -19.6923 0.3476 -0.9372 0.0290 0.2969 0.5425
14.5234 -13.7793 1.1235 0.9997 0.0022 0.0237 0.3409 0.3375
14.8109 -31.6968 16.6014 0.9996 -0.0246 0.0136 0.4371 0.4488
11.5215 18.8118 23.9513 0.1954 -0.0198 0.9805 0.5067 0.1298
-5.3773 40.8847 14.3209 0.0439 0.9987 0.0246 0.5980 0.7489
-6.5826 -0.1211 -24.6703 0.0193 0.0048 -0.9998 0.0498 0.2609
1.7159 -13.1495 -24.3533 0.0302 0.0049 -0.9995 0.1013 0.3418
14.7028 -19.7883 7.7023 0.9927 0.1140 -0.0393 0.3818 0.3748
3.1752 -5.9732 -24.3900 -0.0178 -0.0149 -0.9997 0.1104 0.2972
-14.2869 36.3499 8.8900 -0.9991 0.0326 -0.0260 0.7347 0.5272
-13.3658 -39.2063 16.0472 -0.1097 -0.9802 -0.1645 0.2975 0.7646
-13.3232 37.7396 -24.1701 -0.4959 -0.0249 -0.8680 0.0079 0.0256
14.7383 -9.9246 7.8340 0.9976 0.0486 -0.0494 0.3826 0.3135
-14.6972 -1.2801 -18.9834 -0.9988 0.0063 -0.0488 0.9079 0.7611
3.4064 -41.3880 -13.4386 0.0043 -1.0000 -0.0025 0.4017 0.5813
-12.9308 -39.4281 21.3608 -0.5105 -0.8596 0.0226 0.3002 0.7976
11.5445 -30.4562 -23.8930 0.0875 -0.0119 -0.9961 0.1624 0.4494
-2.2723 -41.1449 22.2897 0.0227 0.4212 0.9067 0.0283 0.5348
14.1376 21.3242 -12.9545 0.9999 -0.0067 -0.0083 0.2534 0.1193
13.9607 -0.2894 22.9505 0.5073 -0.0143 0.8616 0.4915 0.2485
11.0670 22.5501 -24.0139 -0.0103 -0.0334 -0.9994 0.1595 0.1200
-13.2251 -39.2496 18.4589 -0.1690 -0.9834 0.0666 0.2984 0.7796
-2.4120 25.1133 -24.5258 0.0276 0.0081 -0.9996 0.0757 0.1040
-4.6814 40.9076 12.0803 0.0185 0.9998 0.0107 0.5937 0.7350
14.4718 -19.8508 -3.7788 0.9980 0.0630 -0.0057 0.3105 0.3752
-14.2063 12.5375 16.2839 -0.9990 0.0248 0.0363 0.6888 0.6752
4.0921 -18.2840 -24.3711 -0.0135 0.0120 -0.9998 0.1161 0.3737
-12.9259 29.3872 1.5201 -0.9998 0.0071 0.0173 0.2100 0.6471
-12.9259 29.3872 1.5201 -0.6441 0.7523 -0.1385 0.0883 0.5843
12.5519 -41.0573 2.2792 0.0921 -0.9952 -0.0340 0.4586 0.6790
14.3049 -19.5811 -13.0573 0.9986 0.0090 -0.0524 0.2528 0.3735
14.8766 5.6114 15.2998 0.9988 0.0316 -0.0386 0.4290 0.2169
14.4248 -24.6399 -8.5490 0.9992 -0.0269 -0.0282 0.2808 0.4050
-9.7859 -35.6827 23.6595 -0.0404 -0.0004 0.9992 0.6391 0.4685
-14.2443 -5.8241 -22.9338 -0.9625 0.0075 -0.2711 0.9325 0.7893
-11.4856 25.8693 23.5555 -0.6518 -0.0156 0.7583 0.6497 0.0859
2.1641 40.9819 -20.4609 0.0576 0.9982 0.0148 0.5512 0.5328
4.1228 -40.9312 21.5907 -0.0287 0.9202 0.3905 0.1169 0.6146
-14.5151 26.8724 -17.5845 -0.9993 0.0211 -0.0312 0.8992 0.5861
12.8786 39.2982 -23.1412 -0.1619 -0.0664 -0.9846 0.1707 0.0159
12.8786 39.2982 -23.1412 -0.2180 0.7036 -0.6763 0.1511 0.6671
3.0556 4.7871 -24.1793 0.1331 -0.0285 -0.9907 0.1097 0.2304
-14.4206 34.3702 -18.4666 -0.9935 0.0443 -0.1045 0.9047 0.5395
14.1314 34.3769 -20.7486 0.9998 0.0025 -0.0175 0.2050 0.0382
-14.4668 11.7277 8.5570 -0.9997 0.0020 0.0261 0.7368 0.6803
-11.5251 3.8700 23.2290 -0.7877 -0.0038 0.6161 0.6499 0.2227
-5.3290 8.8313 24.0156 -0.1260 0.0095 0.9920 0.6114 0.1918
-14.6252 -38.8787 -6.4689 -0.9959 -0.0899 0.0085 0.8302 0.9948
-14.3694 35.8393 -13.3462 -0.9978 0.0633 0.0196 0.8729 0.5304
-14.7154 -12.5132 -0.6631 -0.9998 0.0068 0.0202 0.7941 0.8309
-4.1402 -35.1689 23.8250 -0.0196 -0.0312 0.9993 0.6040 0.4653
5.4119 -41.3097 -15.8738 0.0271 -0.9994 -0.0238 0.4142 0.5662
-13.8016 38.9330 10.7181 0.0646 0.9971 -0.0392 0.0798 0.5351
10.2172 40.6503 -18.7044 0.0374 0.9993 -0.0032 0.5011 0.5437
-6.5416 14.7833 24.0547 -0.0675 0.1024 0.9925 0.6189 0.1548
0.3639 -23.1490 -24.4316 0.0194 -0.0107 -0.9998 0.0929 0.4040
-14.3426 17.8307 -21.3126 -0.9941 0.0102 -0.1077 0.9224 0.6423
14.8246 19.7708 17.4577 0.9968 0.0798 -0.0021 0.4424 0.1289
-14.0563 -17.8858 -23.8048 -0.5571 0.0077 -0.8304 0.0033 0.3713
-14.9471 -25.6511 -13.3046 -0.9999 0.0015 -0.0108 0.8726 0.9126
14.4490 -22.7999 -7.7542 0.9997 0.0150 -0.0173 0.2858 0.3935
13.7328 -36.6277 -23.8485 0.4732 -0.0336 -0.8803 0.1760 0.4878
14.2355 -21.3573 -15.8179 0.9994 0.0039 -0.0332 0.2356 0.3846
-8.8081 40.5547 -23.8174 0.0185 0.1391 -0.9901 0.0359 0.0081
-14.1450 -25.3154 16.5699 -0.9975 -0.0058 0.0700 0.6870 0.9105
4.4282 40.7974 -8.9858 0.0392 0.9992 0.0029 0.5371 0.6041
-14.3633 -39.2219 -0.6685 -0.5073 -0.8610 0.0362 0.2913 0.6607
10.5164 38.3400 24.3244 0.0411 0.1210 0.9918 0.5129 0.0084
-13.2597 -39.3593 -23.5367 -0.1232 -0.9924 0.0015 0.2982 0.5186
-12.7886 38.3863 5.6701 -0.9996 0.0267 0.0064 0.2659 0.6213
-10.6314 -41.5277 4.2027 -0.0029 -1.0000 0.0064 0.3145 0.6910
-11.8454 -25.5763 -24.4507 -0.1576 0.0013 -0.9875 0.0171 0.4191
0.6983 -40.5969 22.0774 0.0185 -0.7390 0.6734 0.1323 0.5891
8.6933 20.7908 24.3878 0.1085 -0.0044 0.9941 0.5243 0.1175
-14.3742 31.2506 13.1115 -0.9996 -0.0068 0.0257 0.7085 0.5589
14.7753 -5.2003 14.0002 0.9999 -0.0108 -0.0094 0.4210 0.2841
7.2123 -41.6580 20.2064 -0.0209 -0.9998 0.0078 0.4254 0.7904
3.6882 -16.2625 -24.3692 0.0140 -0.0164 -0.9998 0.1136 0.3612
14.7250 -25.6012 3.8162 0.9952 -0.0651 0.0724 0.3577 0.4109
-6.1145 14.1923 24.1609 -0.0704 0.0600 0.9957 0.6163 0.1585
4.1739 -21.1905 -24.3569 0.0198 -0.0111 -0.9997 0.1166 0.3918
11.9704 -27.2326 23.1675 0.2145 -0.0143 0.9766 0.5039 0.4160
14.2742 -40.0252 -3.2081 0.9834 -0.1814 -0.0093 0.3140 0.5006
10.1268 6.7545 23.9313 0.1734 -0.0144 0.9848 0.5154 0.2047
8.7867 -27.9600 -24.1513 0.0557 0.0002 -0.9984 0.1453 0.4339
-14.4532 7.3181 8.6085 -0.9997 -0.0095 0.0234 0.7365 0.7077
-2.3404 -21.9372 24.0385 -0.0461 -0.0045 0.9989 0.5928 0.3830
5.1400 -18.2341 -24.3612 0.0361 0.0010 -0.9993 0.1226 0.3734
-12.7001 31.2456 -24.3526 -0.2524 -0.0294 -0.9672 0.0117 0.0659
-13.4510 38.8741 15.9318 0.0541 0.9983 -0.0219 0.0777 0.5675
1.3311 -41.4332 -2.7359 0.0665 -0.9973 -0.0326 0.3888 0.6478
-13.8492 29.8309 22.5188 -0.6736 -0.0064 0.7391 0.6644 0.0613
14.4371 -36.4456 5.6241 0.9876 -0.1548 0.0249 0.3689 0.4783
-12.6218 39.3665 19.6808 -0.9953 -0.0966 0.0086 0.2720 0.5343
14.7565 15.0661 12.5777 0.9941 0.1080 -0.0123 0.4121 0.1582
14.3783 -27.5978 -11.6272 0.9995 0.0155 -0.0257 0.2617 0.4233
-14.1854 34.8846 -9.4575 -0.5966 0.3686 0.7128 0.0116 0.5456
3.7368 15.2829 -24.3167 0.1031 0.0381 -0.9939 0.1139 0.1651
-5.2406 40.9735 5.7846 0.0149 0.9999 0.0041 0.5972 0.6959
-7.4259 13.2193 24.0726 -0.1405 -0.0085 0.9900 0.6244 0.1645
0.2252 -41.6081 9.8568 0.0856 -0.9961 -0.0233 0.3820 0.7261
-9.2193 -40.2515 22.0078 0.0294 -0.7555 0.6545 0.1319 0.6508
14.5065 -26.7049 -1.8662 0.9974 0.0014 0.0720 0.3223 0.4178
14.3208 -24.2013 -12.8317 0.9999 0.0094 -0.0131 0.2542 0.4022
7.7336 -41.5618 22.0789 -0.0401 -0.8574 0.5131 0.4286 0.8021
-12.7940 39.6575 15.4779 -0.9986 0.0387 0.0362 0.2738 0.5604
-14.0948 29.2246 -1.5539 0.2070 0.9775 0.0414 0.0956 0.5652
-14.3098 19.8727 -21.3722 -0.9941 0.0129 -0.1080 0.9228 0.6296
-8.5084 -28.0865 23.6920 -0.0699 0.0156 0.9974 0.6312 0.4213
9.5883 -41.3705 4.1901 0.0616 -0.9972 -0.0425 0.4402 0.6909
14.7564 -22.3715 8.4072 0.9989 -0.0041 -0.0466 0.3862 0.3909
-1.6695 38.8197 -23.8124 0.0075 0.1743 -0.9847 0.0803 0.0188
-1.6695 38.8197 -23.8124 0.0037 0.6380 -0.7700 0.1469 0.5767
14.7720 7.7622 14.7435 0.9926 0.0903 -0.0815 0.4256 0.2036
12.1083 39.3900 23.1219 -0.0940 0.6760 0.7309 0.4894 0.8036
12.1083 39.3900 23.1219 -0.0490 0.3698 0.9278 0.1737 0.5198
-0.6087 39.9602 -23.5854 0.0278 0.1970 -0.9800 0.0869 0.0118
14.3889 -15.4307 22.2972 0.7295 -0.0056 0.6839 0.4889 0.3426
14.8083 23.6353 19.2712 0.9995 0.0087 0.0297 0.4537 0.1049
12.0913 38.5059 -23.8175 0.0516 0.3757 -0.9253 0.1658 0.0208
12.0913 38.5059 -23.8175 0.0147 0.6619 -0.7494 0.1469 0.6622
-14.1998 35.8913 -9.9386 -0.9115 0.2097 0.3537 0.8517 0.5301
-14.1998 35.8913 -9.9386 -0.5371 0.3351 0.7741 0.0117 0.5394
14.3241 30.5569 -5.0182 0.9999 0.0004 -0.0148 0.3028 0.0619
14.0640 -2.7223 -22.3173 0.9953 -0.0285 -0.0927 0.1952 0.2687
-13.3044 -39.0947 -16.6064 0.1654 -0.9861 0.0156 0.2979 0.5616
-12.0843 -39.4548 -24.4201 0.0192 -0.1035 -0.9944 0.0156 0.5053
14.3790 7.4102 -6.8919 0.9992 0.0229 -0.0336 0.2911 0.2058
13.8994 16.9789 -23.5205 0.9396 -0.0021 -0.3424 0.1878 0.1463
13.8994 16.9789 -23.5205 0.7552 0.0065 -0.6555 0.1771 0.1546
14.8796 3.7341 19.7900 0.9976 0.0036 0.0689 0.4569 0.2286
-11.4568 41.0111 19.8089 -0.0441 0.9990 0.0024 0.6358 0.7830
-12.9668 -26.7726 22.3812 -0.1981 -0.0024 0.9802 0.6589 0.4131
-8.0625 20.6362 24.1367 -0.0233 -0.0147 0.9996 0.6284 0.1184
-14.8753 -33.2343 -13.9578 -0.9996 -0.0151 -0.0223 0.8767 0.9597
-13.3486 30.0080 -5.0535 0.0442 0.8510 0.5233 0.0909 0.5434
2.8023 40.5202 15.2510 0.0608 0.9977 0.0288 0.5472 0.7547
14.5806 -11.6462 22.0034 0.9609 -0.0082 0.2768 0.4707 0.3242
-5.7158 -15.6372 23.9188 -0.0737 -0.0293 0.9968 0.6138 0.3439
0.7786 -41.4911 9.3963 0.0217 -0.9997 -0.0103 0.3854 0.7232
-14.2932 -35.2125 -23.4682 -0.9759 -0.0294 -0.2160 0.9358 0.9720
-14.1664 -0.9565 -23.2285 -0.9585 0.0031 -0.2850 0.9343 0.7591
-5.4560 40.5870 22.3399 0.0331 0.9960 0.0835 0.5985 0.7988
14.8251 -27.9175 13.3018 0.9995 -0.0039 -0.0320 0.4166 0.4253
11.8566 39.1194 23.3203 -0.1086 0.8071 0.5803 0.4909 0.8049
-13.5056 10.9721 22.5799 -0.5282 -0.0159 0.8490 0.6622 0.1785
-11.7893 -32.8059 23.2367 -0.9891 0.0083 0.1471 0.1588 0.6327
4.8983 -3.9043 24.3480 0.0791 -0.0223 0.9966 0.5478 0.2710
-5.0006 -41.1614 22.3344 0.0546 -0.0157 0.9984 0.0282 0.5517
-3.3971 -40.5255 21.5563 -0.0122 -0.9152 0.4029 0.1291 0.6146
-3.3971 -40.5255 21.5563 -0.0579 -0.3916 0.9183 0.0030 0.5818
14.8235 -1.2170 12.6199 0.9999 0.0150 0.0037 0.4124 0.2594
8.2626 -41.6985 15.1077 -0.0159 -0.9996 -0.0228 0.4319 0.7587
-7.4196 38.2817 -24.3389 0.0132 0.5768 -0.8168 0.1437 0.5409
-7.4196 38.2817 -24.3389 0.0006 0.4190 -0.9080 0.0446 0.0222
1.5485 -41.4228 -9.1134 0.0379 -0.9993 0.0023 0.3902 0.6082
5.3949 -41.0489 -23.5303 0.0006 -0.5903 -0.8072 0.4141 0.5186
5.3949 -41.0489 -23.5303 0.0005 0.1923 -0.9813 0.1242 0.5152
-14.5780 23.1634 -18.1319 -0.9997 0.0118 -0.0224 0.9026 0.6092
14.6752 1.1433 8.3851 0.9995 0.0220 -0.0224 0.3861 0.2447
-14.2728 -39.2065 1.7157 -0.2423 -0.9700 -0.0206 0.2919 0.6755
-14.0802 -39.2065 1.6862 0.2742 -0.9611 -0.0337 0.2931 0.6753
14.5298 -22.2392 2.0318 0.9992 0.0123 -0.0375 0.3466 0.3900
-12.6886 35.9962 -24.4614 -0.1803 -0.0002 -0.9836 0.0118 0.0364
11.7286 -21.0723 -24.0241 0.0843 -0.0201 -0.9962 0.1636 0.3911
-11.6167 -14.4204 -24.5185 -0.1755 0.0033 -0.9845 0.0185 0.3497
-12.1953 23.2957 22.9451 -0.1764 -0.0008 0.9843 0.6541 0.1019
14.3530 33.6308 -3.7998 0.9996 0.0078 -0.0270 0.3103 0.0428
-11.8231 40.8398 22.9042 -0.0956 0.9692 0.2268 0.6381 0.8023
14.0662 0.1750 -19.5397 0.9991 0.0108 -0.0407 0.2125 0.2507
-4.4463 -41.2371 -23.5192 -0.0215 -0.9271 -0.3741 0.3529 0.5187
8.1901 31.9273 -24.2015 0.0441 0.0014 -0.9990 0.1416 0.0617
-2.5744 17.2735 -24.5455 0.0262 0.0043 -0.9996 0.0747 0.1528
-12.5147 41.3124 -16.5347 -0.8373 0.5468 0.0073 0.6424 0.5572
7.1669 -1.1287 -24.2355 -0.0006 0.0220 -0.9998 0.1352 0.2671
-11.7982 -2.0330 22.7858 -0.5994 -0.0051 0.8005 0.6516 0.2593
-14.4627 29.1688 1.2411 -0.8856 0.4620 -0.0478 0.7822 0.5719
-14.4627 29.1688 1.2411 -0.8328 0.5479 -0.0790 0.0978 0.5825
14.7832 -0.1059 10.1762 0.9981 -0.0365 -0.0496 0.3972 0.2525
7.8378 -34.5374 -24.1032 0.0563 -0.0152 -0.9983 0.1394 0.4748
2.3233 30.0748 24.6962 -0.0036 0.0124 0.9999 0.5639 0.0598
-14.5709 8.4547 -19.9781 -0.9994 0.0327 -0.0146 0.9141 0.7006
3.0841 40.1415 22.1835 0.0425 0.9913 0.1247 0.5454 0.7978
-13.1824 -39.0325 -14.5214 -0.1785 -0.9823 0.0572 0.2986 0.5746
9.1379 -24.7128 -24.1630 0.0542 -0.0207 -0.9983 0.1475 0.4137
4.2508 -41.4766 22.1652 -0.0165 -0.4877 0.8729 0.5519 0.5045
4.2508 -41.4766 22.1652 0.0090 -0.8931 0.4498 0.4070 0.8026
4.5277 40.8301 -20.2557 0.0242 0.9997 0.0098 0.5365 0.5340
14.9288 4.4054 18.8183 0.9993 0.0095 0.0358 0.4509 0.2244
14.1069 4.4253 -18.8180 0.9995 -0.0075 -0.0291 0.2170 0.2243
-10.9029 -40.8073 -23.1115 0.1623 -0.6620 -0.7318 0.0643 0.6376
-10.9029 -40.8073 -23.1115 -0.0331 0.0294 -0.9990 0.0503 0.6181
-14.5116 25.8757 6.7871 -0.9998 -0.0012 0.0177 0.7478 0.5923
1.7403 -41.5280 19.3056 -0.0049 -0.9999 0.0116 0.3914 0.7848
7.1710 -41.3510 -1.5615 0.0300 -0.9995 -0.0098 0.4251 0.6551
8.8095 -33.8995 -24.0268 0.0753 -0.0169 -0.9970 0.1454 0.4708
13.6464 40.3795 -18.5738 0.3677 0.9299 0.0100 0.4798 0.5445
14.8520 9.5514 13.6374 0.9988 0.0476 -0.0111 0.4187 0.1925
-11.6626 -33.8465 23.4235 -0.7028 0.0230 0.7110 0.6508 0.4571
-12.7974 40.2355 -18.4560 -0.9806 0.1960 0.0085 0.2774 0.7713
10.7933 -23.8451 -24.0608 0.0768 -0.0149 -0.9969 0.1578 0.4083
3.4777 40.7737 3.1463 0.0153 0.9999 -0.0026 0.5430 0.6795
-14.4332 29.5214 -19.7844 -0.9921 0.0338 -0.1207 0.9129 0.5697
14.4636 34.2663 9.6406 0.9990 -0.0017 -0.0448 0.3939 0.0389
-13.9565 -39.1927 -17.3394 0.1581 -0.9872 0.0207 0.2938 0.5571
14.9038 -12.6964 18.4460 0.9996 0.0138 0.0262 0.4486 0.3307
-14.7771 -24.8466 -19.1295 -0.9984 -0.0041 -0.0570 0.9088 0.9076
-5.1892 26.3961 -24.5923 0.0304 0.0075 -0.9995 0.0584 0.0961
14.5421 -3.8224 2.4971 0.9993 0.0248 -0.0263 0.3495 0.2756
7.2578 -2.3543 24.1445 0.1094 -0.0131 0.9939 0.5332 0.2613
-8.1409 -41.3546 -23.2084 0.0934 -0.3559 -0.9298 0.0469 0.6353
-8.1409 -41.3546 -23.2084 -0.0507 -0.7085 -0.7039 0.3300 0.5206
12.9565 40.5392 -18.1453 0.1351 0.9908 0.0082 0.4841 0.5471
-14.2287 32.5439 18.7056 -0.9985 -0.0000 0.0546 0.6737 0.5509
14.8743 25.0990 17.6893 0.9945 0.0927 -0.0492 0.4439 0.0958
-13.0645 39.0452 -11.1575 -0.5198 0.8367 0.1723 0.0544 0.6025
-13.0645 39.0452 -11.1575 -0.6174 0.4154 0.6680 0.0046 0.5198
-13.0645 39.0452 -11.1575 -0.9599 0.2097 0.1862 0.2700 0.7259
-14.7365 -36.5898 -9.2705 -0.9963 -0.0863 -0.0047 0.8476 0.9806
5.8768 -41.4390 22.2237 0.0042 -0.1497 0.9887 0.5418 0.5042
5.8768 -41.4390 22.2237 -0.0050 -0.9377 0.3475 0.4171 0.8030
-5.3868 31.6665 24.3813 -0.0599 -0.0041 0.9982 0.6118 0.0499
12.0498 -41.6354 16.3831 0.0253 -0.9994 -0.0238 0.4554 0.7667
14.8779 -14.5491 19.9101 0.9959 0.0049 0.0906 0.4577 0.3422
1.3047 40.7112 11.6206 -0.0454 0.9987 0.0248 0.5565 0.7321
-14.7124 8.7625 -17.0281 -0.9989 0.0081 -0.0457 0.8958 0.6987
-0.5029 38.1948 24.3381 -0.0041 0.2763 0.9611 0.5814 0.0093
4.7764 -41.5951 11.1788 0.0158 -0.9992 0.0357 0.4102 0.7343
-0.8005 40.9351 -3.1939 0.0282 0.9995 0.0104 0.5696 0.6401
-3.6543 -19.7578 24.0047 -0.0550 -0.0107 0.9984 0.6010 0.3695
14.7605 -7.8630 10.0341 0.9998 -0.0178 -0.0092 0.3963 0.3007
2.7613 -23.7488 24.1525 0.0238 -0.0174 0.9996 0.5611 0.3943
14.0863 17.0015 -19.6960 0.9997 0.0001 -0.0244 0.2115 0.1462
8.9362 17.4079 -24.2064 0.1445 0.0347 -0.9889 0.1462 0.1519
14.2051 -40.2766 -2.4466 0.7673 -0.6412 -0.0095 0.4688 0.6496
14.2051 -40.2766 -2.4466 0.9590 -0.2835 -0.0064 0.3187 0.5021
14.8440 7.6893 16.4144 0.9987 -0.0408 0.0309 0.4360 0.2040
-3.3539 -40.4862 -23.8527 -0.0240 -0.2951 -0.9552 0.0698 0.5117
-2.3087 32.8355 -24.4988 0.0198 0.0065 -0.9998 0.0763 0.0560
-14.4716 27.9400 -18.8982 -0.9996 0.0176 -0.0206 0.9074 0.5795
-13.6280 25.8036 -23.9662 -0.6054 0.0075 -0.7959 0.0060 0.0997
-9.5349 38.8129 -24.0113 0.0131 0.1744 -0.9846 0.0314 0.0189
-9.5349 38.8129 -24.0113 0.0215 0.5122 -0.8586 0.1457 0.5278
8.8849 40.7006 -15.2926 0.0496 0.9987 0.0095 0.5094 0.5649
14.8065 12.0287 15.4129 0.9975 0.0587 0.0388 0.4297 0.1771
14.8284 -29.9078 13.6439 0.9998 -0.0075 -0.0204 0.4187 0.4377
14.4151 -18.0390 -8.3509 0.9996 -0.0247 -0.0142 0.2820 0.3639
-12.9326 -39.3905 2.8534 -0.7163 -0.4178 -0.5590 0.1996 0.5616
-14.7201 15.1290 -14.7998 -0.9997 -0.0060 -0.0219 0.8819 0.6591
-10.2702 -18.5497 23.4908 -0.1432 0.0105 0.9896 0.6421 0.3620
10.0684 -41.5722 11.1151 0.0303 -0.9991 -0.0291 0.4431 0.7339
-14.2140 8.0321 16.6667 -0.9986 0.0105 0.0517 0.6864 0.7032
14.6441 -35.6080 10.9735 0.9983 -0.0589 -0.0016 0.4021 0.4731
14.0282 -15.2590 -20.2354 0.9984 0.0053 -0.0564 0.2082 0.3467
-5.1778 40.9580 7.7021 0.0216 0.9997 0.0121 0.5968 0.7078
-8.5173 14.1407 -24.6515 -0.0291 0.0075 -0.9995 0.0377 0.1722
14.6196 -35.7388 12.6900 0.9974 -0.0713 0.0075 0.4128 0.4739
14.2630 15.7008 -9.8806 0.9991 0.0323 -0.0260 0.2725 0.1542
3.6797 -40.8565 21.4112 -0.0051 -0.1399 0.9901 0.0263 0.6235
3.6797 -40.8565 21.4112 -0.0224 0.8753 0.4830 0.1158 0.6118
6.8017 -40.5156 22.0133 -0.0184 -0.8294 0.5584 0.1319 0.5512
6.8017 -40.5156 22.0133 0.0914 -0.4076 0.9086 0.1200 0.6681
-14.5249 6.0218 5.4106 -0.9995 -0.0058 0.0318 0.7563 0.7157
14.3367 39.6094 5.9709 0.9639 0.2660 0.0079 0.3711 0.0056
14.3367 39.6094 5.9709 0.7866 0.6175 0.0087 0.4755 0.6970
-14.3273 7.5559 -22.2225 -0.9755 0.0024 -0.2199 0.9281 0.7062
-13.0186 -39.3875 18.2981 -0.6919 -0.7088 0.1371 0.2996 0.7786
-4.3439 -39.2104 23.3650 -0.0060 -0.4581 0.8889 0.6053 0.4904
-4.3439 -39.2104 23.3650 -0.0168 -0.8238 0.5666 0.3536 0.8101
10.8170 29.1568 -24.0688 0.0545 -0.0006 -0.9985 0.1579 0.0789
-7.0063 -41.5039 -4.4540 -0.0423 -0.9990 -0.0109 0.3370 0.6372
14.6330 -24.5234 0.5398 0.9982 0.0228 -0.0551 0.3373 0.4042
14.2211 25.7625 -10.3410 0.9999 -0.0084 -0.0097 0.2697 0.0917
14.2001 29.4132 -14.4744 0.9999 -0.0099 -0.0084 0.2440 0.0690
14.1305 32.6900 -20.2582 0.9997 -0.0207 -0.0144 0.2080 0.0486
-6.9282 41.0460 0.5079 0.0130 0.9999 0.0047 0.6077 0.6631
-13.3677 -39.4911 11.0697 -0.5522 -0.8270 0.1052 0.2975 0.7336
-2.3864 6.9543 24.3228 -0.1467 -0.0390 0.9884 0.5931 0.2035
14.5423 -23.6373 21.8108 0.9503 -0.0144 0.3111 0.4695 0.3987
13.7418 -23.7747 -23.7776 0.9400 -0.0070 -0.3410 0.1862 0.3996
13.7418 -23.7747 -23.7776 0.2896 -0.0392 -0.9564 0.1761 0.4079
14.3856 31.1717 0.3881 0.9998 -0.0135 -0.0164 0.3364 0.0581
14.7299 -23.0854 20.5691 0.9946 -0.0133 0.1028 0.4618 0.3953
8.3200 -40.9240 21.6965 -0.1737 0.3145 0.9332 0.5266 0.5010
8.3200 -40.9240 21.6965 -0.0643 0.8886 0.4542 0.1176 0.6406
14.3458 20.1818 -5.2749 0.9999 0.0079 -0.0147 0.3012 0.1264
14.3618 -30.3523 -11.7237 0.9999 0.0012 -0.0149 0.2611 0.4405
-13.0803 -38.8914 -1.9315 -0.3354 -0.9416 0.0296 0.2993 0.6528
9.0415 -36.4076 -23.9597 0.0663 -0.0407 -0.9970 0.1469 0.4864
-12.7998 -39.4286 5.0263 -0.9807 -0.1936 0.0271 0.1993 0.5481
-14.2328 -9.8259 14.1449 -0.9992 0.0076 0.0401 0.7020 0.8142
-10.6274 -41.6433 22.2690 -0.3941 -0.8900 0.2295 0.3145 0.8033
-10.6274 -41.6433 22.2690 -0.3002 -0.1418 0.9433 0.2469 0.8062
-0.5989 39.9687 23.0944 0.0143 0.7719 0.6356 0.5683 0.8034
-0.5989 39.9687 23.0944 0.0077 0.2442 0.9697 0.1773 0.5988
-11.3490 27.2549 23.6877 -0.5518 -0.0210 0.8337 0.6488 0.0773
14.7795 6.1261 13.7430 0.9979 -0.0640 -0.0098 0.4194 0.2137
14.7659 25.7477 19.7432 0.9997 0.0119 0.0233 0.4566 0.0918
-13.5047 39.1237 -12.9864 0.0461 0.9987 0.0237 0.0572 0.5912
-14.4647 4.6650 7.1306 -0.9994 0.0239 0.0264 0.7456 0.7242
-0.6025 41.0639 -13.1037 0.0268 0.9996 0.0060 0.5684 0.5785
-6.6076 21.1020 24.2465 -0.2599 -0.0195 0.9654 0.6194 0.1156
14.3560 -33.7253 21.9642 0.8081 -0.0132 0.5889 0.4891 0.4563
14.3560 -33.7253 21.9642 0.9581 -0.0104 0.2861 0.4705 0.4614
0.0688 29.3272 -24.4474 0.0256 -0.0018 -0.9997 0.0911 0.0778
-12.8580 -39.7607 -7.7314 -0.9806 -0.1954 0.0141 0.1973 0.6274
3.6767 10.0598 -24.3108 0.0671 -0.0118 -0.9977 0.1135 0.1976
-14.2457 23.3703 17.2932 -0.9983 -0.0106 0.0572 0.6825 0.6079
-8.4335 -38.6791 23.6333 -0.0004 -0.3701 0.9290 0.6307 0.4871
14.2739 -39.7602 -5.4732 0.9985 -0.0550 -0.0069 0.2999 0.4989
14.3278 -10.6096 -11.0730 0.9996 0.0062 -0.0282 0.2651 0.3178
2.4667 40.9739 -22.2166 0.0510 0.9986 0.0101 0.5493 0.5218
-11.3162 -41.6407 -16.1012 -0.1189 -0.9929 0.0052 0.3102 0.5648
14.6256 31.3010 13.9081 0.9997 0.0143 -0.0214 0.4204 0.0573
8.9955 2.4788 24.0422 0.1338 -0.0173 0.9909 0.5224 0.2313
-13.1439 -39.2479 6.0657 -0.1107 -0.9916 -0.0669 0.2989 0.7025
-2.2761 -41.2856 -22.6263 0.0053 -0.9996 0.0274 0.3664 0.5242
14.8368 -2.1798 13.3694 0.9998 0.0196 0.0089 0.4170 0.2654
-13.4476 0.0225 -24.0172 -0.4797 0.0083 -0.8774 0.0071 0.2600
2.4984 -41.0094 -23.5265 0.0484 0.2427 -0.9689 0.1062 0.5150
14.5799 -31.8736 2.8170 0.9980 0.0502 -0.0386 0.3515 0.4499
-13.0169 -39.0495 -2.9205 -0.7195 -0.6915 0.0645 0.2997 0.6467
-13.0169 -39.0495 -2.9205 -0.8937 -0.4381 0.0970 0.2017 0.5975
-7.5038 -33.8915 23.7485 -0.0261 -0.0009 0.9997 0.6249 0.4573
-14.3768 14.8739 11.7530 -0.9994 -0.0075 0.0336 0.7169 0.6607
-13.4608 26.6507 -24.0451 -0.4552 0.0118 -0.8903 0.0070 0.0945
14.5434 0.5543 -0.8905 0.9997 0.0031 -0.0228 0.3284 0.2484
12.6897 1.6161 23.3135 0.2263 -0.0153 0.9739 0.4994 0.2367
-13.8766 -5.4873 21.7715 -0.9978 -0.0075 0.0664 0.6546 0.7872
-14.4747 2.4820 8.3998 -0.9916 -0.1251 0.0338 0.7378 0.7377
-5.9278 -10.1136 23.9468 -0.0713 -0.0323 0.9969 0.6151 0.3096
7.7131 -40.2011 -23.8410 -0.0083 -0.3322 -0.9432 0.1386 0.5100
-11.5422 29.2933 23.5503 -0.9719 -0.0155 0.2350 0.1064 0.5835
-11.5422 29.2933 23.5503 -0.7789 -0.0028 0.6271 0.6500 0.0646
14.1853 20.5970 -11.8139 0.9998 0.0060 -0.0195 0.2605 0.1238
14.0457 -0.8332 -20.3942 0.9989 -0.0027 -0.0462 0.2072 0.2570
14.3631 25.7417 -1.3919 0.9998 0.0194 -0.0111 0.3253 0.0918
4.5679 -41.6554 18.7142 0.0550 -0.9985 0.0034 0.4089 0.7812
-14.3716 34.3337 -9.4739 -0.9724 0.1355 0.1902 0.8488 0.5398
-14.2386 14.5814 17.2475 -0.9979 0.0047 0.0646 0.6828 0.6625
14.3184 -18.7107 22.3548 0.6492 -0.0123 0.7605 0.4893 0.3630
14.3184 -18.7107 22.3548 0.8772 -0.0143 0.4799 0.4729 0.3681
-13.1913 1.2321 -24.1197 -0.3190 0.0136 -0.9477 0.0087 0.2525
13.0145 12.4715 -23.9616 0.2235 -0.0012 -0.9747 0.1716 0.1826
5.3737 40.7242 -1.2931 0.0279 0.9996 0.0107 0.5312 0.6519
14.7880 14.3984 16.3138 0.9980 -0.0284 -0.0557 0.4353 0.1623
14.1474 14.8048 -15.1360 0.9999 0.0127 -0.0093 0.2399 0.1598
-0.3392 -15.1189 24.2291 -0.0873 -0.0173 0.9960 0.5804 0.3407
3.1319 -41.6803 14.2292 0.0132 -0.9992 -0.0369 0.4000 0.7533
14.6192 14.0581 7.7156 0.9998 0.0215 0.0020 0.3819 0.1644
14.9330 17.4987 15.5658 0.9995 0.0044 0.0317 0.4307 0.1431
14.0542 21.6800 -20.4961 0.9999 -0.0042 -0.0156 0.2066 0.1171
-13.8541 30.8880 4.7015 0.5280 0.4731 -0.7052 0.1582 0.6852
-13.8541 30.8880 4.7015 0.1272 0.7680 -0.6277 0.0941 0.6040
14.2295 26.2611 -8.9368 0.9992 0.0377 -0.0119 0.2784 0.0886
7.7824 -40.7494 21.6372 -0.0985 -0.5915 0.8003 0.1296 0.5451
-12.7645 39.0604 16.9151 -0.9708 0.2369 0.0370 0.2701 0.5514
-12.7645 39.0604 16.9151 -0.5607 0.8280 -0.0032 0.0734 0.5736
14.8870 10.4933 19.1592 0.9996 -0.0137 -0.0266 0.4530 0.1866
9.1538 3.3306 24.0400 0.1341 -0.0216 0.9907 0.5214 0.2260
-13.0815 39.2903 -17.8729 -0.3289 0.9440 0.0264 0.0545 0.5608
-14.7602 -27.8841 -19.1075 -0.9986 -0.0071 -0.0516 0.9087 0.9264
2.1914 -41.6335 16.6835 -0.0302 -0.9995 0.0104 0.3942 0.7685
14.8414 -24.4825 13.7417 0.9995 0.0006 -0.0301 0.4193 0.4040
14.0553 29.2572 -22.1294 0.9999 -0.0159 0.0053 0.1964 0.0700
-14.7063 -37.7534 -7.8781 -0.9990 -0.0447 0.0055 0.8389 0.9878
-14.1948 -4.7295 14.7977 -0.9997 -0.0186 0.0177 0.6980 0.7825
7.1898 39.0227 23.3269 0.0131 0.8420 0.5394 0.5199 0.8049
14.1570 -7.3830 -16.6421 0.9994 -0.0110 -0.0330 0.2305 0.2977
-11.7384 26.1584 23.0885 -0.5995 0.0147 0.8002 0.6512 0.0841
14.6105 3.2602 3.4826 0.9973 -0.0083 -0.0732 0.3556 0.2316
-7.7027 -18.3861 23.7491 -0.0728 0.0137 0.9972 0.6262 0.3610
-14.3165 14.7819 13.0430 -0.9986 -0.0219 0.0486 0.7089 0.6613
12.3963 -12.5923 -24.0192 0.0856 -0.0046 -0.9963 0.1677 0.3384
-5.6939 -41.5394 -15.0927 -0.0261 -0.9995 -0.0172 0.3452 0.5710
14.3154 -4.3999 -10.9381 0.9996 0.0018 -0.0265 0.2660 0.2792
10.5944 39.9943 21.0538 0.0226 0.9941 0.1064 0.4988 0.7908
14.6147 -29.6639 9.0928 0.9943 0.0994 -0.0374 0.3905 0.4362
-13.2248 30.8850 -6.2487 -0.1591 0.7668 0.6219 0.0901 0.5360
-14.2174 -13.2795 14.8639 -0.9995 0.0010 0.0306 0.6976 0.8357
-14.1041 1.2564 17.5430 -0.9960 0.0380 0.0806 0.6809 0.7453
14.9342 14.7504 17.5426 0.9995 0.0090 -0.0294 0.4430 0.1601
4.3996 14.7636 -24.3190 0.0506 0.0978 -0.9939 0.1180 0.1684
-5.7281 -6.4831 23.9856 -0.1262 0.0272 0.9916 0.6139 0.2870
13.2067 40.2507 10.1592 0.1911 0.9816 0.0035 0.4825 0.7231
-13.4311 39.5233 -20.3427 0.0472 0.9985 0.0287 0.0567 0.5454
8.0913 -41.6299 12.7342 -0.0129 -0.9997 -0.0194 0.4308 0.7440
14.1922 -20.5927 -16.8393 0.9992 0.0048 -0.0385 0.2293 0.3798
-8.0101 -41.0266 -23.1973 -0.0978 0.6537 -0.7504 0.0490 0.6361
14.6496 8.2241 5.4547 0.9995 0.0030 -0.0323 0.3678 0.2007
-13.9732 -16.5091 -23.8349 -0.4419 0.0001 -0.8971 0.0038 0.3627
14.7621 -17.4521 11.5946 0.9995 -0.0253 -0.0212 0.4060 0.3603
7.5470 -39.9309 22.4961 -0.0565 -0.8340 0.5489 0.4275 0.8047
0.1566 -41.4900 0.9455 -0.0164 -0.9979 -0.0626 0.3815 0.6707
13.7504 -35.6112 -23.8631 0.6663 -0.0279 -0.7452 0.1761 0.4814
-12.9724 39.0477 11.2980 -0.9392 0.3388 -0.0550 0.2700 0.5864
-12.9724 39.0477 11.2980 -0.5730 0.8184 -0.0433 0.0747 0.5387
14.6379 -23.3751 0.6547 0.9998 -0.0100 -0.0192 0.3380 0.3971
-9.6999 -18.5712 -24.6875 -0.0254 -0.0125 -0.9996 0.0304 0.3755
-14.2597 26.9306 -21.6552 -0.9955 0.0110 -0.0940 0.9245 0.5858
-13.3364 -39.1622 5.6051 -0.1967 -0.9658 -0.1689 0.2977 0.6997
-13.0275 -39.0834 -12.5570 -0.6238 -0.7808 0.0351 0.2996 0.5868
-13.0275 -39.0834 -12.5570 -0.9895 -0.1431 0.0213 0.2015 0.6574
14.4315 -7.3966 -6.4057 0.9998 0.0067 -0.0187 0.2941 0.2978
-3.9133 -5.4632 24.0952 -0.0631 -0.0060 0.9980 0.6026 0.2807
-12.5263 -28.9578 -24.3243 -0.1291 -0.0193 -0.9914 0.0128 0.4401
1.8484 40.9364 -23.3847 0.0621 0.9904 -0.1237 0.5531 0.5146
1.8484 40.9364 -23.3847 0.0376 0.4113 -0.9107 0.1022 0.0057
-13.7580 -39.0041 0.0860 0.2750 -0.9603 0.0467 0.2951 0.6654
14.2575 -39.7772 -8.1640 0.9926 -0.1205 -0.0151 0.2832 0.4990
-14.1329 38.9516 -16.8025 -0.8411 0.5408 0.0100 0.0611 0.5674
-14.1329 38.9516 -16.8025 -0.9522 0.3055 0.0018 0.8944 0.5111
13.0519 -26.9251 -23.8475 0.0509 0.0168 -0.9986 0.1718 0.4275
14.1738 11.5118 -16.2976 0.9998 0.0124 -0.0150 0.2327 0.1803
1.9704 40.6694 13.8491 -0.0126 0.9997 -0.0202 0.5524 0.7460
1.4049 -41.4666 -1.4849 0.0712 -0.9975 -0.0030 0.3893 0.6556
-8.6362 -41.4859 8.4758 0.0042 -1.0000 -0.0029 0.3269 0.7175
-13.8242 29.1947 0.8436 0.4600 0.8588 -0.2253 0.0939 0.5801
-13.8242 29.1947 0.8436 0.9377 0.2945 -0.1844 0.1776 0.6813
12.3649 -41.6497 17.4803 0.0249 -0.9997 -0.0084 0.4574 0.7735
1.0932 -41.4203 -9.3995 0.0143 -0.9999 -0.0072 0.3874 0.6064
14.8825 -19.3149 18.6205 0.9993 -0.0004 0.0368 0.4497 0.3719
-14.1468 29.2211 0.4271 0.0101 0.9955 -0.0938 0.0959 0.5775
14.5160 30.7482 9.0706 0.9998 0.0128 -0.0162 0.3903 0.0607
5.1804 -41.5510 9.1047 0.0162 -0.9998 -0.0121 0.4128 0.7214
14.6854 -9.5758 5.5540 0.9993 0.0206 -0.0305 0.3685 0.3113
-9.5512 8.5319 -24.6117 -0.0857 0.0064 -0.9963 0.0313 0.2071
14.6757 25.6894 15.7325 0.9977 0.0662 -0.0127 0.4317 0.0922
-9.8407 38.2593 24.1124 -0.0630 0.0700 0.9956 0.6395 0.0089
6.4408 -41.1308 -23.4138 0.0793 -0.8955 -0.4378 0.4206 0.5193
-12.9826 -39.7742 -24.4425 -0.0350 -0.0496 -0.9982 0.0100 0.5073
-12.9826 -39.7742 -24.4425 -0.1880 -0.5725 -0.7981 0.2999 0.5129
14.4677 38.8758 23.1261 0.6075 0.3457 0.7152 0.4884 0.0051
14.4677 38.8758 23.1261 0.6110 0.5266 0.5911 0.4747 0.8036
14.4677 38.8758 23.1261 0.9463 0.1225 0.2993 0.4777 0.0102
10.3271 40.6323 -15.6033 0.0519 0.9986 0.0135 0.5004 0.5629
14.8422 11.2722 13.7906 0.9987 -0.0305 -0.0410 0.4197 0.1818
3.5282 40.5276 16.1297 0.0106 0.9989 0.0447 0.5427 0.7602
2.3956 40.8424 -2.1360 0.0413 0.9988 0.0254 0.5497 0.6466
2.7645 40.8424 -3.9468 0.0268 0.9996 -0.0028 0.5474 0.6354
1.6775 -41.4837 6.4392 0.0100 -0.9999 -0.0134 0.3910 0.7049
14.7255 4.0773 8.8392 0.9999 0.0152 -0.0010 0.3889 0.2265
-14.1149 -39.1174 9.1650 -0.6873 -0.7260 0.0215 0.2928 0.7218
-14.4239 33.2738 -17.7873 -0.9999 -0.0063 -0.0138 0.9005 0.5463
-12.9292 31.5897 -2.6079 -0.9994 0.0332 0.0105 0.2237 0.6728
-13.3512 -39.2547 17.0763 -0.0796 -0.9948 -0.0629 0.2976 0.7710
14.0921 -2.3317 -19.3572 0.9994 0.0041 -0.0336 0.2136 0.2663
-1.4830 -41.4828 -9.7288 0.0208 -0.9998 -0.0054 0.3713 0.6044
-14.2907 37.1673 9.3733 -0.9983 0.0232 -0.0529 0.7317 0.5222
-10.3392 -26.8416 23.4998 -0.0993 -0.0007 0.9951 0.6425 0.4135
-13.1005 -39.4048 21.4470 0.1668 -0.9853 0.0379 0.2991 0.7981
14.3358 39.6775 -4.9631 0.8069 0.5906 -0.0006 0.4755 0.6291
14.3358 39.6775 -4.9631 0.9834 0.1813 -0.0083 0.3031 0.0052
-2.9366 40.4772 -23.5457 0.0089 0.2091 -0.9779 0.0724 0.0085
13.8701 18.3260 -23.5410 0.8918 0.0162 -0.4522 0.1876 0.1379
13.8701 18.3260 -23.5410 0.7364 0.0024 -0.6765 0.1769 0.1462
-13.5666 -8.1102 22.2550 -0.7362 -0.0101 0.6767 0.6626 0.2971
-13.1392 34.1279 6.9850 -0.4286 0.3987 -0.8107 0.0185 0.6121
-14.7248 11.6690 -12.5298 -1.0000 0.0018 0.0071 0.8678 0.6806
-8.1543 -41.4543 9.9866 -0.0842 -0.9962 -0.0229 0.3299 0.7269
14.3838 37.7919 4.9130 1.0000 0.0045 -0.0051 0.3645 0.0169
-13.5568 13.2357 22.5698 -0.5732 -0.0070 0.8194 0.6625 0.1644
-2.4320 41.2066 -18.5671 0.0604 0.9982 0.0042 0.5797 0.5445
-14.4895 1.4462 5.5257 -0.9953 0.0946 0.0221 0.7556 0.7442
14.3699 -32.2457 -13.4456 0.9996 -0.0000 -0.0273 0.2504 0.4522
-14.2904 35.8070 15.7567 -1.0000 -0.0005 -0.0053 0.6920 0.5306
14.4275 3.9698 -5.3104 0.9999 -0.0002 -0.0162 0.3009 0.2271
14.7154 13.5119 8.3703 0.9957 0.0381 -0.0840 0.3860 0.1678
13.1559 40.2248 0.2700 0.1678 0.9858 0.0070 0.4828 0.6616
-14.4113 33.4489 -8.9134 -0.9567 0.1901 0.2202 0.8454 0.5453
-14.5637 1.9326 -1.4993 -0.9991 -0.0338 0.0266 0.7993 0.7411
2.8400 40.0550 22.7009 0.0753 0.9431 0.3240 0.5470 0.8010
-14.6526 26.2008 -14.3241 -0.9998 0.0174 -0.0078 0.8790 0.5903
-14.2845 29.2879 1.1210 -0.1639 0.9792 -0.1193 0.0967 0.5818
-12.0596 40.9473 11.9013 -0.1791 0.9836 0.0211 0.6396 0.7339
3.9127 27.5911 24.7006 0.0094 0.0004 1.0000 0.5540 0.0752
-1.0014 -41.2741 -22.2115 0.0048 -0.9999 0.0125 0.3743 0.5268
13.1976 34.5120 -23.9235 0.0395 -0.0192 -0.9990 0.1727 0.0456
-14.7488 2.3864 -14.9762 -0.9988 -0.0497 -0.0013 0.8830 0.7383
-7.6321 38.1430 24.2361 -0.0472 0.0607 0.9970 0.6257 0.0096
2.5830 -41.4765 3.9666 0.0114 -0.9998 -0.0146 0.3966 0.6895
14.1802 2.8062 -15.4897 0.9993 0.0146 -0.0337 0.2377 0.2344
14.7369 -32.6617 18.2305 0.9989 -0.0132 0.0445 0.4472 0.4548
6.2569 -40.7685 -23.4001 -0.0244 -0.6198 -0.7844 0.1296 0.5135
14.9255 17.6175 15.2228 0.9910 0.1209 -0.0574 0.4286 0.1423
-14.3388 -11.2772 -22.8328 -0.9646 0.0103 -0.2634 0.9319 0.8232
14.4948 31.9504 9.6287 0.9997 0.0245 -0.0069 0.3938 0.0532
-11.7803 -17.3390 22.7892 -0.9394 0.0218 0.3421 0.1616 0.5366
-11.7803 -17.3390 22.7892 -0.8516 0.0019 0.5242 0.6515 0.3545
8.7656 -41.6856 20.0101 -0.0263 -0.9996 0.0085 0.4350 0.7892
-14.5908 28.1893 -15.3863 -0.9993 0.0153 -0.0344 0.8856 0.5779
-8.7682 21.1507 -24.5949 -0.0488 0.0032 -0.9988 0.0362 0.1287
13.9971 34.8478 -23.5162 0.9318 0.0118 -0.3628 0.1878 0.0352
2.5590 -41.5925 19.1900 -0.0421 -0.9983 0.0398 0.3965 0.7841
-14.0340 38.9447 14.2707 -0.3200 0.9469 0.0311 0.0813 0.5572
14.0801 -1.3992 -22.2102 0.9969 0.0784 -0.0049 0.1959 0.2605
4.3456 -41.3301 -17.6067 0.0020 -1.0000 -0.0043 0.4076 0.5554
4.4451 -19.0674 -24.4112 0.0187 0.0018 -0.9998 0.1183 0.3786
-5.5425 -19.0542 23.8566 -0.0616 -0.0097 0.9981 0.6127 0.3651
8.2619 -40.4974 22.1274 -0.0319 -0.8653 0.5002 0.1326 0.5421
-13.2133 -39.5929 10.4969 -0.5734 -0.7862 -0.2304 0.2984 0.7301
14.2298 -37.8492 -16.1072 0.9994 -0.0257 -0.0246 0.2338 0.4870
-14.7583 10.6018 -13.4344 -0.9996 -0.0023 0.0288 0.8735 0.6873
13.9038 -13.1679 -21.9233 0.9978 0.0074 -0.0664 0.1977 0.3337
3.2757 40.8669 -23.2746 0.0592 0.9242 -0.3772 0.5443 0.5153
14.0871 39.8384 13.6691 0.6936 0.7203 0.0074 0.4771 0.7449
-12.7868 -39.5650 19.2193 -0.7998 -0.5974 0.0584 0.3011 0.7843
4.9548 -40.8952 21.6013 -0.0527 0.8726 0.4856 0.1170 0.6197
14.2388 26.5152 -7.2288 0.9995 0.0240 -0.0181 0.2890 0.0870
-14.5944 1.1858 1.2372 -0.9975 0.0679 0.0174 0.7823 0.7458
-14.0788 -3.3230 -23.5850 -0.6378 -0.0126 -0.7701 0.0032 0.2808
-14.0788 -3.3230 -23.5850 -0.9595 -0.0039 -0.2818 0.9365 0.7738
14.0556 39.3739 23.0796 0.5045 0.4853 0.7141 0.4909 0.0020
14.0556 39.3739 23.0796 0.3292 0.6950 0.6392 0.4773 0.8034
13.9018 39.8853 20.0314 0.4606 0.8872 0.0284 0.4782 0.7844
-14.5160 33.5940 -14.1031 -0.9990 0.0455 0.0035 0.8776 0.5444
-13.9914 -27.0062 -24.0103 -0.5759 0.0094 -0.8175 0.0037 0.4280
-13.0896 29.3745 -2.8242 -0.6750 0.7211 0.1563 0.0893 0.5573
14.4350 16.8114 -1.7818 0.9998 0.0075 -0.0174 0.3229 0.1473
-13.3116 -18.5714 -24.1546 -0.2933 -0.0010 -0.9560 0.0079 0.3755
-7.6544 8.8226 -24.6729 -0.0109 0.0043 -0.9999 0.0431 0.2053
12.0121 16.6938 23.7867 0.2383 -0.0224 0.9709 0.5036 0.1429
-12.7542 -39.6341 9.9917 -0.9521 -0.2552 -0.1687 0.1981 0.5173
-12.7542 -39.6341 9.9917 -0.6377 -0.6461 -0.4195 0.3013 0.7269
14.2709 -19.8354 -14.4488 0.9999 0.0025 -0.0103 0.2441 0.3751
14.7777 -12.7903 8.7927 0.9983 0.0572 -0.0125 0.3886 0.3313
-12.9516 31.0206 -2.0446 -1.0000 -0.0041 0.0078 0.2201 0.6693
-12.9292 36.3881 -8.8142 -0.9991 0.0315 0.0296 0.2535 0.7114
14.6628 -33.0137 3.0482 0.9906 -0.1093 -0.0825 0.3529 0.4570
-14.7780 6.2162 -10.2388 -1.0000 0.0016 0.0037 0.8536 0.7145
14.3996 33.6037 1.9191 1.0000 -0.0017 -0.0045 0.3459 0.0430
14.6712 -34.7569 14.3728 0.9985 -0.0543 -0.0019 0.4233 0.4678
14.0528 -3.8632 -20.1658 0.9991 -0.0159 -0.0382 0.2086 0.2758
14.5958 25.4643 10.1197 0.9996 0.0070 -0.0275 0.3968 0.0936
2.2760 40.9641 -18.7269 0.0593 0.9979 -0.0252 0.5505 0.5435
-0.6081 40.9118 -1.6828 0.0330 0.9994 0.0135 0.5684 0.6495
-12.5419 40.7678 8.2969 -0.8138 0.5802 0.0323 0.6426 0.7115
-11.9290 -41.4729 -23.1987 -0.2244 -0.3489 -0.9099 0.0462 0.6117
-11.9290 -41.4729 -23.1987 -0.4188 -0.9044 -0.0814 0.3064 0.5207
-14.1412 -38.7464 -23.9565 -0.7192 -0.0632 -0.6919 0.0028 0.5009
-14.1412 -38.7464 -23.9565 -0.9561 -0.0739 -0.2834 0.9388 0.9940
-1.9579 40.7357 14.9525 0.0329 0.9992 0.0228 0.5768 0.7528
-1.4936 -38.7001 23.6377 0.0003 -0.2621 0.9650 0.5876 0.4872
2.7592 -8.8868 24.3956 0.0105 -0.0114 0.9999 0.5611 0.3019
6.6980 -40.8812 -23.3190 -0.1804 -0.2090 -0.9611 0.1323 0.5142
6.6980 -40.8812 -23.3190 0.9421 0.1845 -0.2801 0.2549 0.8057
4.6959 -40.7958 -23.3669 0.0508 -0.1222 -0.9912 0.1199 0.5137
14.9141 7.3602 15.1149 0.9991 0.0253 -0.0332 0.4279 0.2061
-4.9054 23.1678 -24.5781 0.0144 -0.0052 -0.9999 0.0602 0.1161
-14.4582 6.3186 7.7491 -0.9996 -0.0109 0.0255 0.7418 0.7139
8.0350 -41.6799 18.3185 -0.0220 -0.9997 0.0101 0.4305 0.7787
2.0134 40.5746 17.0105 -0.0565 0.9949 0.0833 0.5521 0.7656
14.8428 -26.8226 18.2777 0.9994 0.0104 0.0341 0.4475 0.4185
-3.8167 36.3542 24.4167 -0.0288 0.0320 0.9991 0.6020 0.0208
14.3927 -36.7315 -3.9011 0.9999 -0.0060 -0.0094 0.3097 0.4801
13.4678 8.5867 -23.7724 0.4004 -0.0157 -0.9162 0.1744 0.2067
12.1109 39.2775 -23.0264 -0.0920 0.0246 -0.9955 0.1659 0.0160
-6.8130 -14.5732 -24.6884 0.0340 -0.0178 -0.9993 0.0483 0.3507
-11.7530 12.4801 22.9915 -0.9008 0.0102 0.4342 0.1307 0.6746
-11.7530 12.4801 22.9915 -0.8372 -0.0049 0.5468 0.6513 0.1691
-12.6001 40.2740 22.3675 -0.9931 0.1138 0.0273 0.2776 0.5176
-11.6988 41.2374 -0.7361 -0.0805 0.9967 0.0103 0.6373 0.6553
14.8056 -28.6304 7.0925 0.9924 0.1228 -0.0065 0.3780 0.4298
-13.7926 12.3036 22.2837 -0.9222 -0.0173 0.3864 0.6515 0.6767
-13.7926 12.3036 22.2837 -0.7621 -0.0059 0.6474 0.6640 0.1702
-5.3723 -39.7973 22.5017 0.0205 -0.5744 0.8183 0.1349 0.6268
-5.3723 -39.7973 22.5017 0.0145 -0.8257 0.5639 0.3472 0.8047
-12.9563 8.8502 -24.1908 -0.2292 -0.0009 -0.9734 0.0102 0.2051
14.4090 21.9709 -1.1997 0.9998 -0.0000 -0.0220 0.3265 0.1153
-14.0155 -39.1807 7.1341 -0.0311 -0.9995 -0.0024 0.2935 0.7092
-4.0641 -41.2973 22.2049 0.0208 -0.1954 0.9805 0.0274 0.5459
-4.0641 -41.2973 22.2049 0.0066 -0.9662 0.2577 0.3553 0.8029
-14.2562 25.0977 -21.2417 -0.9946 0.0189 -0.1024 0.9220 0.5972
14.5914 19.1930 10.1174 0.9974 0.0712 0.0143 0.3968 0.1325
14.6707 -32.4362 4.8437 0.9994 0.0337 0.0087 0.3640 0.4534
14.7113 -18.0571 5.4872 0.9944 0.1013 -0.0315 0.3680 0.3640
11.2511 24.9476 24.1039 0.1752 -0.0152 0.9844 0.5084 0.0917
4.0882 -40.3390 22.0404 0.0807 -0.6765 0.7320 0.1321 0.5681
-14.2842 37.1639 15.3509 -0.9997 0.0162 -0.0174 0.6946 0.5222
-7.3464 41.0044 5.9351 -0.0078 0.9999 -0.0141 0.6103 0.6968
14.2925 -40.0898 3.6622 0.9826 -0.1859 -0.0026 0.3567 0.5010
-14.5177 -35.8622 7.2898 -0.9972 -0.0634 0.0396 0.7447 0.9760
14.3415 21.0955 -6.1700 0.9998 0.0094 -0.0148 0.2956 0.1207
-13.4502 -39.0403 -6.7007 0.1093 -0.9938 0.0222 0.2970 0.6232
7.2819 -6.7767 -24.2481 0.0017 0.0450 -0.9990 0.1359 0.3022
-14.7495 11.4166 -11.7207 -0.9998 0.0072 -0.0189 0.8628 0.6822
14.0819 -2.9751 -19.0513 0.9995 -0.0221 -0.0203 0.2155 0.2703
-11.6398 -41.4249 -3.7320 -0.4027 -0.9153 0.0039 0.3082 0.6417
-8.0694 13.1928 23.8937 -0.1859 0.0451 0.9815 0.6284 0.1647
14.6647 -5.9038 5.0953 1.0000 -0.0047 -0.0072 0.3656 0.2885
14.7811 -11.2906 11.2090 0.9946 0.0228 -0.1015 0.4036 0.3220
-4.9191 -40.7555 21.6275 0.1288 0.8315 0.5404 0.1172 0.5584
14.8877 6.7190 13.8052 0.9988 0.0194 -0.0454 0.4197 0.2101
14.9160 -3.1114 16.5441 0.9999 -0.0055 -0.0161 0.4368 0.2712
-14.7648 10.8544 -9.5150 -1.0000 0.0043 0.0017 0.8491 0.6857
-11.7450 24.4009 23.1128 -0.8761 -0.0127 0.4819 0.1092 0.6140
-11.7450 24.4009 23.1128 -0.6661 0.0098 0.7458 0.6513 0.0950
-14.5770 16.4320 3.7289 -0.9998 -0.0010 0.0215 0.7668 0.6510
-13.9951 -39.3322 -12.8402 0.2975 -0.9539 -0.0388 0.2936 0.5850
-8.9162 41.0543 1.9828 0.0236 0.9997 0.0057 0.6200 0.6722
-10.7121 41.2837 -6.4809 0.1083 0.9937 0.0273 0.6312 0.6196
14.0351 -5.0436 -19.3841 0.9996 -0.0125 -0.0262 0.2135 0.2832
-10.4650 41.1006 7.9348 0.0428 0.9990 0.0116 0.6297 0.7092
2.7826 -41.5663 9.5265 -0.0168 -0.9990 0.0425 0.3979 0.7241
2.1555 38.8203 -23.6977 0.0255 0.1482 -0.9886 0.1041 0.0188
2.1555 38.8203 -23.6977 0.0186 0.6859 -0.7275 0.1476 0.6004
1.3222 40.2359 21.7316 0.0596 0.9932 0.1004 0.5564 0.7950
13.5656 -40.4060 -20.7481 0.6363 -0.7711 -0.0227 0.4649 0.5359
-4.3619 15.2275 24.1724 -0.0736 0.0691 0.9949 0.6054 0.1521
7.0681 40.5900 9.6856 0.1333 0.9907 -0.0264 0.5207 0.7201
-12.8205 39.2465 9.7804 -0.9897 0.0749 -0.1222 0.2713 0.5958
-10.3565 -17.4944 -24.6821 -0.0842 -0.0155 -0.9963 0.0263 0.3688
5.0826 38.7292 24.0721 -0.0017 0.7704 0.6375 0.5330 0.8095
-14.5010 28.0995 7.5575 -0.9998 -0.0000 0.0198 0.7430 0.5785
-13.1438 31.1536 -6.4492 -0.9250 0.2759 0.2613 0.2210 0.6967
14.8479 21.6312 16.7899 0.9973 -0.0715 0.0187 0.4383 0.1174
-14.7080 -5.3041 -1.9406 -0.9999 0.0057 0.0156 0.8020 0.7861
10.6794 -8.6135 23.5962 0.1770 -0.0158 0.9841 0.5119 0.3002
-0.2401 -40.6014 -23.6725 0.1732 -0.0841 -0.9813 0.0892 0.5125
-14.7244 4.9724 -14.7069 -0.9995 0.0199 -0.0231 0.8814 0.7222
5.8446 40.5716 13.5883 0.0371 0.9993 -0.0007 0.5283 0.7444
-12.7433 40.5258 -14.2658 -0.9847 0.1735 -0.0155 0.2792 0.7452
-14.6973 5.7199 -1.6724 -0.9999 0.0010 0.0168 0.8004 0.7176
-12.5631 -40.1486 -24.0541 -0.4401 -0.8850 0.1523 0.3025 0.5154
14.8049 -22.4407 19.6750 0.9983 -0.0313 0.0493 0.4562 0.3913
-11.5305 24.6537 23.4930 -0.6784 -0.0118 0.7346 0.6500 0.0935
10.6301 -41.4392 7.2911 0.0659 -0.9971 -0.0370 0.4466 0.7102
14.5453 3.0799 0.2893 0.9998 0.0062 -0.0196 0.3357 0.2327
-14.5282 -10.4787 -22.0564 -0.9890 0.0111 -0.1476 0.9270 0.8183
0.1101 -20.4009 24.1789 -0.0338 -0.0168 0.9993 0.5776 0.3735
-14.0245 39.0142 -20.8369 -0.9684 0.2375 -0.0758 0.9195 0.5107
-7.0677 -39.7732 22.7487 0.0536 -0.7524 0.6566 0.3366 0.8062
-7.0677 -39.7732 22.7487 0.1068 -0.7428 0.6609 0.1365 0.6374
13.1756 -34.6351 -23.7268 -0.2787 -0.0039 -0.9604 0.1726 0.4754
1.5955 28.4566 24.6972 -0.0122 0.0051 0.9999 0.5684 0.0698
-12.8988 37.2124 7.5773 -0.9736 0.0722 -0.2166 0.2586 0.6095
14.4010 -29.6277 -11.3648 0.9994 -0.0358 0.0024 0.2633 0.4360
11.8431 20.6450 23.9130 0.2319 -0.0160 0.9726 0.5047 0.1184
14.6076 -26.0232 9.7769 0.9991 -0.0223 0.0366 0.3947 0.4136
14.8685 4.6543 14.8815 0.9985 -0.0176 -0.0520 0.4264 0.2229
-14.5167 18.7512 -20.6184 -0.9876 0.0083 -0.1566 0.9181 0.6366
-11.3837 36.5181 23.1470 -0.5433 0.0156 0.8394 0.0723 0.6290
14.8461 -2.2724 12.4989 0.9978 0.0645 -0.0128 0.4116 0.2659
-13.1868 39.4287 11.7414 -0.8180 0.5751 0.0140 0.2724 0.5836
8.3224 -41.2722 -3.6370 0.0628 -0.9979 -0.0185 0.4323 0.6422
9.2386 39.6058 -23.2321 0.0804 0.0041 -0.9968 0.1481 0.0140
-14.7031 -3.9428 -2.1948 -0.9999 0.0059 0.0132 0.8036 0.7776
-7.2177 40.9822 9.5845 -0.0074 1.0000 0.0055 0.6095 0.7195
-14.8428 -17.6200 -17.4699 -0.9997 0.0066 -0.0217 0.8985 0.8627
14.5946 -9.1658 1.2262 1.0000 -0.0013 0.0061 0.3416 0.3088
-13.7853 30.9095 -6.0443 0.0933 0.8054 0.5854 0.0936 0.5372
-14.4270 35.4839 -15.7944 -0.9987 0.0503 -0.0054 0.8881 0.5326
14.8171 -8.9425 11.9314 0.9983 0.0199 -0.0541 0.4081 0.3074
11.0675 -4.3876 23.5962 0.1815 -0.0241 0.9831 0.5095 0.2740
-13.6972 -32.9677 21.5471 -0.9779 -0.0243 0.2077 0.6560 0.9580
14.4380 -35.0517 21.6286 0.9815 -0.0272 0.1894 0.4684 0.4697
14.6289 -22.8089 5.4252 0.9897 0.1424 0.0154 0.3677 0.3936
-13.4424 -39.1663 -15.9655 0.3906 -0.9205 -0.0070 0.2970 0.5656
-3.7125 41.0565 -5.8255 0.0246 0.9996 0.0119 0.5877 0.6237
12.4899 34.8573 -23.9620 0.0485 -0.0081 -0.9988 0.1683 0.0435
-14.0653 22.0647 19.6223 -0.9983 -0.0117 0.0575 0.6680 0.6160
-11.7316 15.0195 23.0231 -0.6274 -0.0102 0.7787 0.6512 0.1534
-10.9335 -41.5118 6.1756 -0.1521 -0.9883 0.0113 0.3126 0.7032
1.0322 -41.6558 14.3038 -0.0870 -0.9960 -0.0195 0.3870 0.7537
-11.4392 38.3376 23.9391 -0.4161 0.0585 0.9074 0.6494 0.0084
14.6611 -7.7604 1.9777 0.9993 -0.0237 -0.0304 0.3462 0.3000
14.0593 26.6788 -22.7463 1.0000 0.0003 0.0015 0.1926 0.0860
14.8469 -14.6218 13.0705 0.9990 0.0163 -0.0423 0.4152 0.3427
14.5601 -36.1305 8.1144 0.9987 -0.0181 -0.0478 0.3844 0.4764
14.4678 27.8590 5.4326 0.9997 0.0120 -0.0195 0.3677 0.0787
11.1673 -41.0062 -4.7594 0.0942 -0.9954 -0.0168 0.4500 0.6353
13.5195 -17.6098 -23.8593 0.4781 -0.0046 -0.8783 0.1747 0.3696
-13.4686 22.7473 -23.9938 -0.4068 -0.0036 -0.9135 0.0070 0.1187
5.6731 -40.4359 22.1626 -0.1474 -0.7973 0.5853 0.1328 0.5582
5.6731 -40.4359 22.1626 0.0397 -0.4216 0.9059 0.1205 0.6751
-5.1207 22.1512 -24.5814 0.0193 0.0103 -0.9998 0.0589 0.1224
13.4273 -32.2895 -23.9094 -0.0366 -0.0105 -0.9993 0.1741 0.4608
-11.1228 -39.8916 22.5125 -0.2386 -0.6727 0.7004 0.3114 0.8048
-11.1228 -39.8916 22.5125 -0.4971 -0.1986 0.8447 0.0361 0.5898
-14.2288 -9.2074 14.1275 -0.9991 -0.0008 0.0417 0.7022 0.8104
-3.0901 -41.1623 -23.7146 -0.0154 -0.8497 -0.5271 0.3614 0.5175
-3.0901 -41.1623 -23.7146 -0.0174 -0.4952 -0.8686 0.0715 0.5159
14.6018 -6.7821 21.9776 0.9918 -0.0056 0.1279 0.4705 0.2940
13.5447 -2.1482 -23.8273 0.6341 0.0097 -0.7732 0.1749 0.2735
14.5963 -36.6986 15.2950 0.9976 -0.0694 0.0034 0.4290 0.4799
6.4856 -41.4237 1.5336 0.0461 -0.9981 -0.0412 0.4209 0.6744
14.5567 -24.6793 3.1058 0.9972 -0.0522 -0.0528 0.3532 0.4052
-14.2780 15.3502 16.5260 -0.9986 0.0142 0.0512 0.6872 0.6577
-13.2214 -24.5022 22.2879 -0.3966 -0.0009 0.9180 0.6605 0.3990
-5.8769 41.0734 -4.4469 0.0158 0.9999 -0.0008 0.6011 0.6323
2.3164 40.6999 10.4203 0.0347 0.9994 -0.0034 0.5502 0.7247
13.6941 -39.9944 -23.7654 0.4940 -0.6603 -0.5656 0.4657 0.5171
13.6941 -39.9944 -23.7654 0.3996 -0.3786 -0.8348 0.1758 0.5087
-11.7395 36.9582 -24.4372 0.0258 0.0035 -0.9997 0.0177 0.0304
14.3994 -11.4400 -8.8577 0.9997 -0.0002 -0.0256 0.2789 0.3229
1.3968 -41.4614 22.2873 0.0363 -0.9979 0.0533 0.3892 0.8034
1.3968 -41.4614 22.2873 0.0320 -0.0465 0.9984 0.5696 0.5044
-14.2407 30.5758 -20.3599 -0.9943 0.0294 -0.1025 0.9165 0.5631
12.7781 3.0051 -24.0292 0.2076 0.0145 -0.9781 0.1701 0.2414
-14.1342 38.3748 -10.9034 -0.5337 0.2518 0.8073 0.0113 0.5240
-14.1342 38.3748 -10.9034 -0.9485 0.1713 0.2665 0.8577 0.5146
10.3202 21.6370 24.1923 0.1372 -0.0119 0.9905 0.5142 0.1122
-14.4291 -35.0908 10.3941 -0.9980 -0.0330 0.0530 0.7254 0.9712
-14.3106 -39.0818 6.1422 -0.9878 -0.1529 0.0309 0.7518 0.9960
-14.3106 -39.0818 6.1422 -0.4376 -0.8982 0.0423 0.2916 0.7030
14.7057 -7.0609 7.4389 0.9992 -0.0369 -0.0124 0.3802 0.2957
-13.5243 -39.1927 -9.7657 0.2353 -0.9679 -0.0887 0.2965 0.6042
-14.7605 -1.4833 -14.7093 -1.0000 0.0054 -0.0020 0.8814 0.7624
-4.7208 -41.4995 -12.8459 -0.0001 -1.0000 0.0066 0.3512 0.5850
-6.3110 40.7549 20.3114 -0.0122 0.9975 0.0697 0.6038 0.7862
-14.4650 33.2118 -16.1754 -0.9993 0.0067 -0.0362 0.8905 0.5467
13.8881 40.0540 -0.6394 0.2997 0.9540 0.0107 0.4783 0.6559
-0.7978 -40.6338 21.4793 -0.0180 -0.9497 0.3127 0.1286 0.5984
-0.7978 -40.6338 21.4793 0.1827 -0.1056 0.9775 0.1959 0.7338
7.1413 -41.5641 9.1492 -0.0186 -0.9997 -0.0175 0.4249 0.7217
14.4715 -19.8254 -7.1414 0.9981 0.0585 -0.0197 0.2896 0.3750
-1.4879 -39.8204 22.5374 -0.0003 -0.8687 0.4954 0.3713 0.8049
-1.4879 -39.8204 22.5374 0.0407 -0.3940 0.9182 0.0394 0.6270
14.6588 33.9275 19.1317 0.9989 0.0355 0.0317 0.4528 0.0410
-13.8654 -6.6589 21.8053 -0.9742 -0.0056 0.2257 0.6544 0.7945
-12.8823 36.9815 -6.7253 -0.9996 0.0258 0.0059 0.2572 0.6984
14.7569 18.3301 14.7693 0.9970 0.0658 -0.0400 0.4257 0.1379
-14.4151 1.9593 5.0523 -0.9990 -0.0376 0.0262 0.7586 0.7410
14.3627 -14.7917 -9.7925 0.9998 0.0023 -0.0220 0.2731 0.3437
14.6576 -11.3305 4.5495 0.9996 0.0256 -0.0098 0.3622 0.3222
-13.7989 -39.2552 -3.4427 0.3557 -0.9345 0.0108 0.2948 0.6435
3.6057 -41.4303 0.3408 0.0134 -0.9999 0.0018 0.4030 0.6670
14.0135 9.1898 -21.2326 0.9995 -0.0053 -0.0312 0.2020 0.1947
14.5342 -35.9117 19.3026 0.9966 -0.0697 0.0433 0.4539 0.4750
14.8107 -18.7607 10.7183 0.9971 -0.0291 0.0702 0.4006 0.3684
-6.2785 41.2769 -12.9526 0.0460 0.9981 0.0404 0.6036 0.5794
13.8686 -28.4205 -23.5148 0.9676 -0.0075 -0.2523 0.1878 0.4284
14.7019 25.4699 12.9381 0.9996 0.0288 0.0063 0.4144 0.0935
14.4972 -31.8347 -4.4431 0.9999 -0.0046 -0.0147 0.3063 0.4497
14.0721 -40.5508 18.1679 0.9324 -0.3613 0.0017 0.4469 0.5038
-6.0462 -40.7146 -23.5867 0.0076 0.0057 -1.0000 0.0531 0.5132
14.7157 11.0526 21.3977 0.9971 0.0054 0.0753 0.4669 0.1831
-13.9228 16.8133 21.9874 -0.9929 -0.0024 0.1192 0.6533 0.6487
13.9211 -19.9063 -22.1360 0.9976 0.0082 -0.0694 0.1964 0.3755
-14.5068 7.3703 6.5339 -0.9996 -0.0097 0.0267 0.7493 0.7073
14.5990 28.5651 12.2792 0.9992 -0.0127 -0.0372 0.4103 0.0743
0.9853 36.7375 -24.4078 0.0204 0.0142 -0.9997 0.0968 0.0318
-7.2446 39.9554 23.2906 -0.0004 0.2082 0.9781 0.1773 0.6401
-2.0183 -41.5386 1.0104 0.0260 -0.9996 -0.0062 0.3680 0.6711
13.3327 -40.7389 -8.9657 0.1989 -0.9800 -0.0103 0.4634 0.6091
-13.9691 -25.2657 -23.9980 -0.5579 0.0081 -0.8299 0.0039 0.4171
-14.2295 35.4994 -19.7585 -0.9987 0.0158 -0.0492 0.9128 0.5325
14.1637 39.4645 -22.8656 0.9925 0.0372 -0.1163 0.1918 0.0065
-13.0394 39.0260 10.8293 -0.9785 0.1918 0.0762 0.2699 0.5893
-13.0394 39.0260 10.8293 -0.7410 0.6712 0.0222 0.0751 0.5358
1.1128 40.1731 22.6159 0.0406 0.9914 0.1245 0.5577 0.8005
-10.6759 41.1365 4.8744 0.0573 0.9983 0.0047 0.6310 0.6902
14.3788 37.5386 -1.7610 0.9993 -0.0382 0.0045 0.3230 0.0185
2.7039 -40.9013 21.7137 0.0507 0.9424 0.3306 0.1177 0.6057
-14.0866 -8.4605 -23.6040 -0.6830 -0.0209 -0.7301 0.0031 0.3127
-14.0866 -8.4605 -23.6040 -0.9603 -0.0722 -0.2696 0.9367 0.8057
14.6310 11.4627 8.9224 0.9998 -0.0175 -0.0075 0.3894 0.1806
-14.8519 -15.5773 -13.6870 -0.9999 0.0096 -0.0030 0.8750 0.8500
-11.7418 40.4896 23.2531 -0.1507 -0.0022 0.9886 0.1806 0.6680
11.3989 -41.1748 2.6439 0.0844 -0.9959 -0.0330 0.4514 0.6813
3.2104 -12.5549 24.3312 0.0457 -0.0149 0.9988 0.5583 0.3247
14.3117 36.3612 -2.2595 0.9999 0.0108 -0.0110 0.3199 0.0258
9.5153 40.6015 -8.3532 0.0735 0.9973 0.0060 0.5055 0.6080
-13.7036 22.1402 22.5463 -0.9111 -0.0091 0.4122 0.6498 0.6155
-13.7036 22.1402 22.5463 -0.6553 -0.0056 0.7554 0.6635 0.1091
-12.8360 37.3775 1.0924 -0.9998 0.0181 0.0037 0.2596 0.6498
-12.6983 -39.6793 7.8194 -0.9127 -0.4084 -0.0113 0.1978 0.5308
-12.6983 -39.6793 7.8194 -0.4841 -0.8750 -0.0059 0.3016 0.7134
13.6091 -40.6229 -12.3593 0.4831 -0.8753 -0.0199 0.4651 0.5880
14.5932 -8.5821 4.0164 0.9993 -0.0152 0.0330 0.3589 0.3052
-6.5041 40.9631 11.8743 0.0416 0.9970 0.0654 0.6050 0.7337
-3.0345 -12.9333 24.1091 -0.0445 -0.0056 0.9990 0.5972 0.3271
14.7530 -6.1700 13.3744 0.9996 0.0123 -0.0263 0.4171 0.2902
7.0141 40.6162 4.9045 0.0347 0.9988 0.0351 0.5210 0.6904
9.2824 -40.7074 -23.5572 -0.0099 -0.2090 -0.9779 0.1484 0.5131
13.8093 -39.9601 -23.5258 0.7508 -0.6355 -0.1801 0.4664 0.5186
13.8093 -39.9601 -23.5258 0.9773 -0.1996 -0.0710 0.1877 0.5002
13.7752 40.3354 -21.0453 0.3597 0.9331 -0.0057 0.4790 0.5291
13.7850 -18.5028 -23.5821 0.9948 0.0199 -0.0994 0.1874 0.3668
13.7850 -18.5028 -23.5821 0.8079 0.0123 -0.5892 0.1763 0.3751
14.5482 -29.9453 4.2351 0.9985 0.0096 -0.0546 0.3603 0.4379
-11.2386 5.1363 23.4250 -0.3615 -0.0092 0.9323 0.6481 0.2148
14.7026 -34.0539 15.4650 0.9993 -0.0346 0.0129 0.4301 0.4635
14.5650 -16.3328 -0.4887 1.0000 0.0025 -0.0061 0.3309 0.3533
12.5722 -9.9494 -24.0230 0.0847 -0.0082 -0.9964 0.1688 0.3219
-13.3235 -38.9621 -4.7097 0.4232 -0.9061 -0.0013 0.2978 0.6356
-12.9110 31.4957 3.9409 -0.9991 0.0363 -0.0238 0.2231 0.6321
-11.4978 34.9430 23.8384 -0.9068 -0.0352 0.4202 0.1046 0.5484
-11.4978 34.9430 23.8384 -0.6031 -0.0319 0.7970 0.6497 0.0295
14.2123 10.5771 -14.1975 0.9994 0.0175 -0.0300 0.2457 0.1861
5.9343 -41.5171 6.4583 0.0262 -0.9996 0.0043 0.4174 0.7050
-3.2864 -41.5755 7.5124 -0.0071 -1.0000 0.0064 0.3601 0.7115
-14.2991 -12.9363 13.0098 -0.9990 0.0069 0.0441 0.7091 0.8335
-14.5391 -22.8518 -22.2424 -0.9932 0.0073 -0.1163 0.9282 0.8952
5.6795 39.2241 23.1834 0.0265 0.6353 0.7718 0.5293 0.8040
5.6795 39.2241 23.1834 0.0167 0.4099 0.9120 0.1727 0.5597
-13.1975 39.3029 12.0966 -0.8126 -0.1343 0.5671 0.2716 0.5814
-14.2058 -3.4592 15.0719 -0.9994 -0.0079 0.0345 0.6963 0.7746
14.7414 3.8547 6.6518 0.9989 -0.0000 -0.0468 0.3753 0.2279
14.6765 -12.6666 12.0436 0.9755 -0.1531 0.1578 0.4088 0.3305
-9.8036 0.4211 -24.6439 -0.0883 -0.0007 -0.9961 0.0297 0.2575
-12.4689 41.4795 -22.4205 -0.6330 0.7740 -0.0144 0.6421 0.5206
0.6459 -40.7419 21.4867 0.0906 -0.8898 0.4473 0.1286 0.5894
0.6459 -40.7419 21.4867 -0.0780 -0.3711 0.9253 0.0270 0.6424
0.6459 -40.7419 21.4867 0.0358 0.8563 0.5152 0.1163 0.5929
-14.8031 -36.2131 -7.7488 -0.9932 -0.1166 0.0016 0.8381 0.9782
-14.2129 -39.2341 2.4409 -0.2272 -0.9737 -0.0159 0.2922 0.6800
-14.7287 -0.6400 -5.3390 -0.9999 0.0082 0.0127 0.8231 0.7571
14.7132 0.3891 7.8173 0.9969 -0.0671 -0.0402 0.3825 0.2494
-9.6683 -41.2327 22.4903 0.0053 -0.0638 0.9979 0.0278 0.5807
14.8047 24.0412 14.9228 0.9998 -0.0170 0.0096 0.4267 0.1024
-0.1454 -41.6122 15.5318 0.1107 -0.9938 0.0088 0.3797 0.7614
-14.6999 7.0093 -18.8523 -0.9980 0.0021 -0.0631 0.9071 0.7096
-3.1399 27.7581 24.4957 -0.0633 -0.0077 0.9980 0.5978 0.0742
14.5020 -27.6394 21.7497 0.9661 -0.0139 0.2580 0.4691 0.4236
14.3324 -38.8526 18.0683 0.9941 -0.1064 0.0228 0.4462 0.4933
14.3291 36.7499 -0.4706 0.9998 0.0170 -0.0049 0.3310 0.0234
14.0414 14.1007 -21.9276 0.9994 0.0037 -0.0352 0.1977 0.1642
-14.1338 -10.3827 17.1005 -0.9986 -0.0018 0.0529 0.6837 0.8177
-11.6257 -41.0140 22.3487 -0.7194 -0.5458 0.4297 0.3083 0.8037
-11.6257 -41.0140 22.3487 -0.4088 -0.1538 0.8996 0.0291 0.5929
-11.6257 -41.0140 22.3487 -0.8114 -0.4070 0.4196 0.1839 0.7380
14.5537 -30.6854 0.9578 0.9911 0.0574 -0.1198 0.3399 0.4425
10.5005 21.2781 -23.9666 0.1318 0.0259 -0.9909 0.1559 0.1279
-12.2174 -32.9062 -24.3251 -0.0791 -0.0133 -0.9968 0.0147 0.4646
2.1902 -41.2948 -22.6497 0.0238 -0.9993 -0.0277 0.3942 0.5241
-3.9603 -2.6547 24.1098 -0.0103 -0.0089 0.9999 0.6029 0.2632
14.6775 -28.0759 1.2268 0.9939 -0.0269 -0.1071 0.3416 0.4263
5.9135 11.3310 -24.1165 0.1320 -0.1139 -0.9847 0.1274 0.1897
-14.1066 -38.9350 12.5502 -0.8489 -0.5272 0.0379 0.2929 0.7428
-14.1066 -38.9350 12.5502 -0.9957 -0.0799 0.0467 0.7120 0.9951
-6.0618 19.1367 24.0845 -0.0737 0.0519 0.9959 0.6160 0.1278
-13.1948 -39.1379 -17.4779 -0.4210 -0.9039 0.0754 0.2986 0.5562
-1.8082 -41.6086 13.1502 -0.0085 -0.9999 -0.0100 0.3693 0.7466
2.6356 7.0257 -24.3744 0.0821 -0.0276 -0.9962 0.1071 0.2164
-11.5004 41.0193 17.7802 -0.0568 0.9983 0.0098 0.6361 0.7704
14.6583 -16.9862 1.8877 0.9981 -0.0196 0.0577 0.3457 0.3574
-1.7294 -40.3557 -23.8921 0.0185 -0.2944 -0.9555 0.0799 0.5109
-9.7867 -19.9411 23.5741 -0.1378 -0.0127 0.9904 0.6391 0.3706
-0.3620 40.3916 21.7434 0.0226 0.9957 0.0896 0.5669 0.7951
6.3812 -41.5343 8.5981 -0.0115 -0.9999 -0.0033 0.4202 0.7183
-11.1999 24.9457 23.7316 -0.3651 -0.0161 0.9308 0.6479 0.0917
0.4200 -40.7016 21.6126 0.1193 -0.9475 0.2966 0.1294 0.5908
1.6826 40.9826 -14.7308 0.0414 0.9991 0.0097 0.5542 0.5684
14.7824 7.2058 21.0346 0.9991 -0.0173 0.0384 0.4647 0.2070
-11.0557 -41.2581 -23.3123 -0.0310 0.1298 -0.9911 0.0475 0.6172
-11.8960 -38.5316 23.1703 -0.9865 -0.0617 0.1517 0.1592 0.6683
14.4714 25.3272 4.2207 0.9997 0.0053 -0.0253 0.3602 0.0944
14.6994 -25.8957 3.0936 0.9880 -0.1529 -0.0202 0.3532 0.4128
1.9117 40.7807 5.0348 0.0398 0.9991 0.0139 0.5527 0.6912
2.1345 40.1911 22.5173 0.0520 0.9738 0.2214 0.5513 0.7999
6.0857 -17.8144 24.0065 0.0913 -0.0088 0.9958 0.5405 0.3574
-10.6180 -41.5907 14.5423 -0.0129 -0.9998 -0.0167 0.3146 0.7552
13.8237 -29.2503 -23.6016 0.8920 0.0082 -0.4519 0.1873 0.4336
-8.9289 11.9063 -24.6277 -0.0523 0.0036 -0.9986 0.0352 0.1861
2.2717 40.8605 -4.6862 0.0338 0.9994 0.0057 0.5505 0.6308
2.3586 -41.3609 -9.6281 0.0417 -0.9988 0.0249 0.3952 0.6050
5.3294 -41.4783 22.1300 0.0125 -0.9377 0.3473 0.4137 0.8024
14.4536 15.4925 -0.7764 0.9998 0.0048 -0.0192 0.3291 0.1555
-13.0206 -10.8134 22.4983 -0.1584 -0.0014 0.9874 0.6592 0.3139
-5.4615 30.3631 -24.5920 0.0036 0.0163 -0.9999 0.0567 0.0714
14.3522 12.0591 -7.0955 0.9998 0.0058 -0.0192 0.2898 0.1769
13.7305 5.2499 -23.6080 0.8965 -0.0052 -0.4430 0.1872 0.2192
13.7305 5.2499 -23.6080 0.4046 0.0059 -0.9145 0.1760 0.2275
-11.8736 -39.6155 22.1436 -0.3647 -0.1623 0.9169 0.0378 0.5945
7.5293 -35.6107 -24.0828 0.0477 -0.0361 -0.9982 0.1375 0.4814
-13.6117 -13.0460 22.1528 -0.8795 -0.0087 0.4758 0.6523 0.8342
-13.6117 -13.0460 22.1528 -0.6928 -0.0088 0.7211 0.6629 0.3278
-12.2417 39.1469 -24.4688 0.2122 0.2572 -0.9428 0.0146 0.0168
-12.2417 39.1469 -24.4688 -0.1304 0.7188 -0.6829 0.0493 0.5198
5.8670 -41.2193 -22.9714 0.0114 -0.9965 -0.0830 0.4170 0.5221
13.8962 -31.6248 22.5347 0.5782 -0.0125 0.8158 0.4919 0.4433
3.3082 -18.4847 -24.3409 0.0281 -0.0055 -0.9996 0.1112 0.3750
-3.0012 -38.6434 23.6567 -0.0016 -0.2161 0.9764 0.5969 0.4869
-14.5173 -9.0137 -22.0248 -0.9879 0.0027 -0.1553 0.9268 0.8092
-14.5321 9.5463 -20.2149 -0.9964 0.0095 -0.0845 0.9156 0.6938
14.4135 38.4149 21.4085 0.9976 0.0426 -0.0546 0.4670 0.0131
-8.9477 -18.4501 23.6563 -0.0994 0.0241 0.9948 0.6339 0.3614
-3.6892 40.7879 15.1985 0.0391 0.9990 0.0205 0.5875 0.7544
12.8610 6.8538 -23.9912 0.2354 -0.0018 -0.9719 0.1706 0.2175
-14.4714 -39.0997 0.2251 -0.5588 -0.8289 0.0245 0.2906 0.6662
-14.4714 -39.0997 0.2251 -0.9319 -0.3609 0.0372 0.7886 0.9962
8.3014 38.7507 24.0096 0.0205 0.8142 0.5802 0.5130 0.8091
14.1149 31.9614 -20.4028 0.9997 -0.0110 -0.0216 0.2071 0.0532
14.5878 -32.7947 6.9344 0.9908 -0.0548 -0.1239 0.3770 0.4556
-14.4040 16.9540 11.2595 -0.9996 -0.0056 0.0267 0.7200 0.6478
4.5282 -35.0094 -24.2007 0.0350 -0.0246 -0.9991 0.1188 0.4777
-13.9409 -8.2837 20.4364 -0.9983 -0.0038 0.0576 0.6629 0.8046
-6.5660 -21.3515 23.8208 -0.0522 -0.0033 0.9986 0.6191 0.3794
-8.7386 40.7966 22.8100 0.0772 0.9365 0.3420 0.6189 0.8017
8.0433 40.7442 -16.0544 0.0487 0.9988 -0.0019 0.5146 0.5601
-3.2958 40.7575 16.0599 0.0409 0.9988 0.0255 0.5851 0.7597
-3.2425 40.9869 -1.4534 0.0260 0.9996 0.0105 0.5848 0.6509
2.8373 8.6714 -24.3877 0.1010 -0.0019 -0.9949 0.1083 0.2062
-11.7948 -31.4955 23.0493 -0.9998 0.0127 -0.0144 0.1600 0.6246
11.8354 -41.1882 22.1804 0.0196 -0.3205 0.9470 0.5047 0.5027
8.8302 40.3520 16.4239 -0.0224 0.9994 0.0277 0.5097 0.7620
-12.6962 40.1882 19.0858 -0.9935 0.1127 0.0143 0.2771 0.5380
-4.8202 19.3937 24.1513 -0.0516 -0.0114 0.9986 0.6082 0.1262
5.8923 -41.2991 -9.6017 0.0311 -0.9994 0.0150 0.4172 0.6052
-14.8712 -17.7389 -14.5281 -0.9999 0.0111 -0.0063 0.8802 0.8634
8.9559 -41.4955 22.2028 -0.0057 -0.2406 0.9706 0.5226 0.5046
11.7565 17.9063 -24.0417 0.0754 0.0103 -0.9971 0.1637 0.1488
14.7667 -23.3877 10.6938 0.9993 -0.0312 -0.0199 0.4004 0.3972
-13.3370 -22.8241 -24.1823 -0.2329 0.0081 -0.9725 0.0078 0.4020
-14.5983 29.3688 -4.2561 -0.7768 0.5439 0.3175 0.0987 0.5484
-14.5983 29.3688 -4.2561 -0.9768 0.2085 0.0489 0.8164 0.5706
0.1538 40.7722 -23.5367 0.1096 0.5473 -0.8298 0.5637 0.5136
0.1538 40.7722 -23.5367 -0.0079 0.0740 -0.9972 0.0916 0.0067
13.9198 -32.3266 -23.4705 0.9793 0.0145 -0.2018 0.1881 0.4527
13.5817 38.7736 -23.5947 -0.0128 0.6808 -0.7323 0.1483 0.6714
13.5817 38.7736 -23.5947 0.0521 0.4009 -0.9147 0.1751 0.0191
-5.9306 -40.9964 -23.6641 0.0016 0.1210 -0.9927 0.0538 0.5149
14.1966 22.6131 -10.0927 0.9997 -0.0040 -0.0262 0.2712 0.1113
-13.0175 -39.4099 20.6117 -0.1365 -0.9879 -0.0742 0.2997 0.7929
14.3576 33.7022 -3.0935 0.9999 -0.0120 -0.0094 0.3147 0.0424
-14.5355 1.8846 -0.2509 -0.9996 -0.0229 0.0186 0.7915 0.7414
14.6559 -22.6257 7.4641 0.9956 -0.0783 -0.0512 0.3803 0.3924
-4.0090 -41.0804 22.2442 -0.0444 0.1012 0.9939 0.0287 0.5456
-4.0090 -41.0804 22.2442 0.0698 0.7471 0.6610 0.1210 0.5640
4.4142 -7.9846 24.3192 0.0763 -0.0110 0.9970 0.5509 0.2963
-14.3215 29.0051 15.4670 -0.9998 0.0039 0.0175 0.6938 0.5729
2.7639 40.9589 -13.8775 0.0433 0.9991 -0.0005 0.5474 0.5737
3.1019 40.8805 -21.1754 0.0523 0.9986 0.0108 0.5453 0.5283
10.9079 39.4782 23.0234 0.0082 0.5174 0.8557 0.4968 0.8030
10.9079 39.4782 23.0234 -0.0253 0.3720 0.9279 0.1743 0.5273
-10.5198 41.0118 15.5555 0.0256 0.9996 0.0097 0.6300 0.7566
14.1360 31.3124 -19.6415 0.9996 -0.0063 -0.0272 0.2119 0.0572
7.0613 21.9737 24.5256 0.0889 0.0050 0.9960 0.5344 0.1101
14.2569 6.0420 -12.9783 0.9998 0.0016 -0.0215 0.2533 0.2143
-13.7387 -39.2953 4.4940 0.3926 -0.8476 0.3570 0.2952 0.6928
14.8486 -29.1962 15.3420 0.9996 -0.0124 0.0270 0.4293 0.4333
14.2330 -3.9189 -14.1321 0.9995 0.0008 -0.0305 0.2461 0.2762
2.1787 -41.5300 9.8428 0.0356 -0.9988 0.0333 0.3941 0.7260
-2.0097 -40.7827 21.6931 -0.0439 0.8459 0.5315 0.1176 0.5764
3.6159 40.9015 -12.8628 0.0481 0.9987 0.0186 0.5421 0.5800
6.8574 -39.2292 23.3852 0.0225 -0.5213 0.8531 0.4232 0.8102
6.8574 -39.2292 23.3852 0.0397 -0.2456 0.9686 0.5357 0.4905
14.1308 32.9194 -23.0136 0.9930 -0.0102 -0.1179 0.1909 0.0472
-12.8206 24.0593 -24.3326 -0.2580 -0.0094 -0.9661 0.0110 0.1106
-13.8381 -39.0705 -8.6855 0.1751 -0.9665 0.1877 0.2946 0.6109
-14.6738 10.1675 -1.0897 -0.9999 0.0032 0.0153 0.7967 0.6900
14.8461 9.2107 12.1746 0.9976 0.0314 -0.0612 0.4096 0.1946
14.7451 7.3368 13.8092 0.9948 0.0818 -0.0600 0.4198 0.2062
6.2435 -3.1817 24.2432 0.0981 -0.0205 0.9950 0.5395 0.2665
9.7972 2.3038 23.9037 0.1456 -0.0199 0.9891 0.5174 0.2324
-12.9255 17.2919 -24.2564 -0.2692 0.0048 -0.9631 0.0103 0.1526
-0.9651 -8.4962 24.2539 -0.1049 0.0210 0.9943 0.5843 0.2995
-14.6837 1.8980 -6.0221 -0.9995 -0.0298 0.0092 0.8274 0.7413
-11.7566 -24.6965 22.7093 -0.9969 -0.0036 0.0783 0.1621 0.5823
-11.7566 -24.6965 22.7093 -0.5942 -0.0012 0.8043 0.6514 0.4002
13.4110 29.1283 -23.9178 0.0355 0.0044 -0.9994 0.1740 0.0791
14.8041 4.1003 14.3417 0.9985 -0.0016 -0.0554 0.4231 0.2263
-2.6686 -6.3919 24.1550 -0.0074 -0.0329 0.9994 0.5949 0.2864
-14.2976 -22.7823 14.0938 -0.9987 -0.0051 0.0516 0.7024 0.8947
14.2216 38.1995 -17.3466 0.9998 -0.0048 -0.0183 0.2261 0.0144
14.7099 -15.8349 6.1942 0.9997 0.0030 -0.0260 0.3724 0.3502
-14.5484 -4.4706 -21.1577 -0.9974 0.0071 -0.0714 0.9215 0.7809
-6.8245 -7.0460 23.7747 -0.1064 0.0610 0.9925 0.6207 0.2905
3.0295 40.4813 16.6560 0.0609 0.9980 0.0158 0.5458 0.7634
3.9556 -41.5756 14.2211 -0.0039 -0.9998 0.0193 0.4051 0.7532
14.3441 -28.8868 -13.7251 0.9993 -0.0108 -0.0357 0.2486 0.4313
-7.0591 40.9550 11.6459 -0.0143 0.9998 -0.0115 0.6085 0.7323
9.1843 -37.1431 -23.9284 0.0648 -0.0302 -0.9974 0.1478 0.4910
13.9424 -38.2637 -23.4699 0.9894 -0.0169 -0.1441 0.1881 0.4896
4.6742 -7.6843 -24.3590 0.0091 0.0004 -1.0000 0.1197 0.3079
10.3616 3.5160 23.8559 0.1762 -0.0144 0.9843 0.5139 0.2248
14.2504 14.9389 -12.0253 0.9994 0.0192 -0.0295 0.2592 0.1590
-14.1748 33.6036 21.9777 -0.9869 -0.0081 0.1610 0.6534 0.5443
14.5234 -19.1396 6.4834 0.9963 -0.0861 0.0051 0.3742 0.3708
-14.6707 9.5196 -18.2496 -0.9985 0.0082 -0.0548 0.9034 0.6940
14.7923 20.1497 12.2177 0.9917 0.1282 -0.0116 0.4099 0.1266
-10.2925 -27.6456 23.5216 -0.1126 0.0145 0.9935 0.6423 0.4185
-11.3398 -41.3884 9.0229 -0.2554 -0.9668 -0.0023 0.3101 0.7209
-2.6185 7.2132 24.2942 -0.1114 0.0691 0.9914 0.5946 0.2019
-10.9104 41.1610 -23.7297 -0.0632 0.2397 -0.9688 0.0229 0.0043
-12.9717 39.2936 -16.5858 -0.3435 0.9385 0.0355 0.0538 0.5688
-12.9717 39.2936 -16.5858 -0.9808 0.1947 0.0050 0.2715 0.7597
14.4128 2.5675 -6.7441 0.9999 0.0051 -0.0149 0.2920 0.2359
-4.0446 22.3793 24.1356 -0.1943 -0.0959 0.9762 0.6034 0.1076
-11.2609 -9.4056 23.3341 -0.2749 -0.0054 0.9615 0.6483 0.3052
6.2539 26.9802 24.6171 0.0602 -0.0141 0.9981 0.5394 0.0790
-13.4045 -39.4601 20.4535 -0.3810 -0.9155 -0.1290 0.2973 0.7920
-7.8103 -41.4851 20.6362 -0.0179 -0.9919 0.1255 0.3320 0.7931
-13.0565 33.1016 6.4446 -0.9080 0.1696 -0.3830 0.2331 0.6165
-13.0565 33.1016 6.4446 -0.8285 0.2129 -0.5179 0.0190 0.6185
-6.5522 -41.4912 -13.9994 0.0381 -0.9993 -0.0018 0.3398 0.5778
14.5267 27.2499 11.8411 0.9989 0.0465 0.0021 0.4075 0.0825
14.5938 -36.1495 9.1593 0.9986 -0.0486 -0.0203 0.3909 0.4765
7.0255 38.5948 24.1889 -0.0035 0.6552 0.7555 0.5209 0.8103
14.2023 21.0639 -10.6777 0.9993 0.0186 -0.0310 0.2676 0.1209
14.2767 26.4055 -5.4135 0.9997 -0.0139 -0.0223 0.3003 0.0877
-2.3704 38.2413 24.2923 -0.0149 0.3777 0.9258 0.5930 0.0090
-12.8491 -39.2418 2.4955 -0.9395 -0.2924 -0.1783 0.2005 0.5639
-14.3241 -37.6618 9.2846 -0.9965 -0.0747 0.0372 0.7323 0.9872
14.6413 6.0312 4.3217 0.9999 0.0092 -0.0133 0.3608 0.2143
14.8704 17.6314 16.4432 1.0000 -0.0041 0.0025 0.4361 0.1422
14.8646 17.8018 15.1095 0.9748 0.2021 -0.0941 0.4279 0.1412
-11.8296 -36.0687 23.1048 -0.9843 -0.0010 -0.1766 0.1596 0.6530
13.4567 -13.2424 -23.8957 0.3266 0.0007 -0.9451 0.1743 0.3424
14.5723 -10.5293 -0.3932 0.9999 -0.0017 -0.0154 0.3315 0.3173
-14.1774 -27.6928 -23.8296 -0.7040 0.0015 -0.7102 0.0026 0.4322
-14.1774 -27.6928 -23.8296 -0.9064 0.0133 -0.4222 0.9381 0.9253
14.1962 39.7831 8.7761 0.7388 0.6739 0.0043 0.4764 0.7145
-13.1903 35.8119 -9.8009 -0.4560 0.3231 0.8292 0.0054 0.5399
2.9117 28.3670 -24.3774 0.0254 0.0027 -0.9997 0.1088 0.0838
14.9203 9.0536 16.5809 0.9986 0.0412 0.0330 0.4370 0.1955
7.5530 -19.3557 -24.2801 0.0316 0.0060 -0.9995 0.1376 0.3804
13.6709 -41.2577 16.7348 0.8979 -0.4401 -0.0060 0.4380 0.5082
-9.1287 -41.5720 -3.8909 -0.0092 -1.0000 0.0000 0.3238 0.6407
14.6300 -12.3686 3.1909 0.9993 0.0086 -0.0367 0.3538 0.3287
-8.8948 -21.7007 23.6409 -0.1060 0.0010 0.9944 0.6336 0.3816
10.3858 -17.5194 23.5489 0.1591 -0.0194 0.9871 0.5137 0.3556
14.7363 -26.9828 20.1237 0.9960 -0.0113 0.0891 0.4590 0.4195
-9.5014 20.8655 23.7969 -0.3297 0.1629 0.9299 0.6373 0.1170
-13.2675 35.2056 -24.2261 -0.4318 -0.0094 -0.9019 0.0082 0.0413
14.5631 -28.3577 0.5063 0.9996 0.0292 -0.0039 0.3371 0.4281
14.5528 21.1219 6.5193 0.9996 0.0175 -0.0201 0.3745 0.1205
14.6215 14.4640 8.8543 0.9985 0.0504 -0.0232 0.3890 0.1619
14.6898 26.4636 14.5691 0.9995 -0.0238 -0.0230 0.4245 0.0873
14.5280 -18.1073 2.3460 0.9988 0.0135 0.0465 0.3485 0.3644
-11.4482 41.3865 -6.5545 -0.0156 0.9993 0.0326 0.6358 0.6192
6.4856 40.6067 9.4260 0.0070 0.9999 -0.0115 0.5243 0.7185
3.5977 -4.9604 -24.3926 0.0152 0.0087 -0.9998 0.1130 0.2909
-14.0158 -39.3668 -11.8069 0.2837 -0.9586 0.0250 0.2935 0.5915
-11.7928 -18.7752 22.7658 -0.9306 -0.0092 0.3659 0.1618 0.5455
-11.7928 -18.7752 22.7658 -0.8452 -0.0014 0.5345 0.6516 0.3634
14.8591 -19.6990 14.1053 0.9990 -0.0086 -0.0436 0.4216 0.3742
-14.5507 -10.1237 -21.2562 -0.9965 0.0066 -0.0838 0.9221 0.8161
-14.3016 32.1536 6.1577 -0.9296 0.2216 -0.2944 0.7517 0.5533
-6.0271 -11.0408 23.9165 -0.0784 -0.0006 0.9969 0.6158 0.3153
14.4620 33.7335 4.4543 0.9991 0.0166 -0.0379 0.3616 0.0422
13.4441 -12.3578 -23.9025 0.2921 -0.0095 -0.9563 0.1742 0.3369
6.4398 -6.1515 24.1342 0.0992 -0.0174 0.9949 0.5383 0.2849
4.2930 -41.2657 -22.8783 0.0187 -0.9965 -0.0810 0.4072 0.5227
14.4830 26.0205 5.3853 0.9989 0.0340 -0.0318 0.3674 0.0901
-10.5551 -22.9347 23.4555 -0.1278 -0.0024 0.9918 0.6439 0.3892
14.8342 -30.5433 15.6398 0.9997 -0.0223 0.0113 0.4311 0.4416
-13.8725 23.6094 -23.5146 -0.9607 0.0164 -0.2770 0.9361 0.6064
14.6707 -3.8436 4.3806 0.9996 0.0019 -0.0270 0.3612 0.2757
14.0390 -19.0545 -20.2712 0.9983 0.0038 -0.0575 0.2080 0.3702
14.7622 -3.4110 20.9354 0.9933 -0.0036 0.1153 0.4641 0.2730
14.3841 -36.7228 -6.0953 0.9998 -0.0157 -0.0123 0.2961 0.4800
3.1326 40.7736 5.1249 0.0255 0.9996 0.0122 0.5451 0.6918
-14.7298 -10.0296 -19.3591 -0.9986 0.0049 -0.0525 0.9103 0.8155
-11.7188 -30.8308 22.8647 -0.9455 -0.0017 -0.3257 0.1611 0.6205
-5.2625 -14.4205 23.9889 -0.0596 -0.0146 0.9981 0.6110 0.3363
-11.5340 32.5952 23.6980 -0.9671 -0.0025 0.2544 0.1055 0.5630
-11.5340 32.5952 23.6980 -0.6395 -0.0319 0.7681 0.6500 0.0441
8.6564 4.6639 24.1292 0.1240 -0.0163 0.9921 0.5245 0.2177
-13.4125 38.9789 21.9579 0.1383 0.9901 0.0241 0.0774 0.6050
-14.2897 2.6261 -22.6128 -0.9672 0.0234 -0.2531 0.9305 0.7368
9.8596 -40.7321 -23.5510 0.0759 -0.1907 -0.9787 0.1520 0.5133
14.4010 30.3025 23.1955 0.6882 -0.0182 0.7253 0.4888 0.0584
14.4010 30.3025 23.1955 0.8843 -0.0074 0.4668 0.4781 0.0635
-4.0102 19.2664 24.1918 -0.0833 0.1865 0.9789 0.6032 0.1270
-14.4978 13.2177 7.1014 -0.9997 0.0011 0.0240 0.7458 0.6710
-11.7808 -23.3512 22.7012 -0.9949 -0.0150 0.0999 0.1622 0.5740
-11.7808 -23.3512 22.7012 -0.5901 -0.0156 0.8072 0.6515 0.3918
-2.2583 40.6250 -23.4983 0.0041 0.0527 -0.9986 0.0766 0.0076
-14.2088 -24.8452 -23.6725 -0.7830 0.0088 -0.6219 0.0024 0.4145
-14.2088 -24.8452 -23.6725 -0.9686 0.0095 -0.2484 0.9371 0.9076
8.2569 2.9224 -24.2182 0.0234 0.0091 -0.9997 0.1420 0.2420
3.3984 40.8809 -19.3573 0.0517 0.9985 -0.0169 0.5435 0.5396
-14.7555 9.7384 -7.6718 -1.0000 0.0028 0.0091 0.8376 0.6926
-13.0322 -38.8958 1.9589 -0.1694 -0.9735 0.1535 0.2996 0.6770
-11.6778 37.8797 23.3895 -0.9780 -0.1739 -0.1148 0.1074 0.5302
-11.8791 -38.1485 22.7856 -0.9971 0.0685 -0.0332 0.1616 0.6660
-11.8791 -38.1485 22.7856 -0.5953 0.0836 0.7991 0.6521 0.4838
-11.8791 -38.1485 22.7856 -0.5900 0.1324 0.7965 0.0195 0.5791
-0.1370 -41.5235 20.0565 0.1665 -0.9855 0.0327 0.3797 0.7895
-14.7138 13.6776 -12.1396 -1.0000 0.0069 0.0044 0.8654 0.6681
-14.2716 -14.4764 13.7895 -0.9989 0.0027 0.0468 0.7043 0.8431
-12.9980 29.3743 -0.8740 -0.9696 0.2435 0.0222 0.2099 0.6620
-13.7689 23.3191 22.4665 -0.9104 -0.0224 0.4132 0.6503 0.6082
-13.7689 23.3191 22.4665 -0.7053 0.0006 0.7089 0.6639 0.1018
14.5507 -20.8653 -5.8985 0.9988 -0.0363 -0.0324 0.2973 0.3815
8.4509 -41.5612 22.1370 -0.0342 -0.7790 0.6261 0.4331 0.8024
0.8298 -40.6501 21.7180 0.0735 -0.9868 0.1442 0.1301 0.5883
-14.5627 -11.6700 -21.3120 -0.9966 0.0052 -0.0820 0.9224 0.8257
-14.7303 13.8760 -14.7533 -0.9999 0.0085 -0.0145 0.8816 0.6669
-6.8329 -7.9012 23.8919 -0.0729 0.0438 0.9964 0.6208 0.2958
11.2260 7.8274 -24.0942 0.0588 0.0030 -0.9983 0.1604 0.2115
-6.5249 -41.5342 1.3352 -0.0724 -0.9972 -0.0177 0.3400 0.6731
6.2493 40.4318 16.0631 0.0687 0.9976 -0.0052 0.5258 0.7598
13.3400 -41.4685 14.2676 0.4536 -0.8907 -0.0293 0.4635 0.7535
-14.3546 -39.3581 -9.5027 -0.3099 -0.9504 -0.0277 0.2913 0.6058
2.1236 -10.7381 24.3654 -0.0135 -0.0114 0.9998 0.5651 0.3134
-14.4573 12.1013 -20.7601 -0.9965 0.0076 -0.0837 0.9190 0.6779
-14.7197 11.9507 -5.0500 -0.9999 0.0021 0.0123 0.8213 0.6789
-14.7317 9.0869 -5.4070 -0.9999 0.0029 0.0119 0.8236 0.6967
-14.7480 -3.3188 -7.2217 -1.0000 0.0014 0.0068 0.8348 0.7738
13.9802 12.5540 -23.1200 0.9911 -0.0156 -0.1325 0.1903 0.1738
2.8256 -40.9299 -23.4955 0.0326 0.3245 -0.9453 0.1082 0.5145
-13.2830 -0.6449 -24.0991 -0.3006 0.0083 -0.9537 0.0081 0.2641
14.0928 -40.1959 -9.7101 0.7378 -0.6750 -0.0077 0.4681 0.6045
14.0928 -40.1959 -9.7101 0.9338 -0.3570 -0.0258 0.2736 0.5016
5.9109 -39.6256 23.0093 -0.0062 -0.8745 0.4850 0.4173 0.8079
14.8747 1.7800 13.3776 0.9993 0.0192 -0.0336 0.4171 0.2408
14.8085 -0.6513 11.1203 0.9979 -0.0355 -0.0539 0.4031 0.2559
9.8780 -10.4685 23.6947 0.1562 -0.0169 0.9876 0.5169 0.3118
-12.9147 33.3948 -3.5859 -0.9999 0.0124 0.0104 0.2349 0.6789
14.3448 -1.5620 -8.9969 0.9998 0.0050 -0.0207 0.2780 0.2615
6.7933 21.7361 -24.2429 0.0437 0.0022 -0.9990 0.1329 0.1250
-13.8510 38.5462 22.5904 -0.6117 0.2491 0.7509 0.6644 0.0071
-12.7712 -39.8937 17.3006 -0.8740 -0.4780 0.0871 0.1380 0.6754
-12.7712 -39.8937 17.3006 -0.7849 -0.6195 0.0065 0.3012 0.7724
14.8053 -29.2111 17.9799 0.9993 0.0116 0.0369 0.4457 0.4334
-14.8806 -18.3712 -10.4140 -0.9999 0.0124 0.0016 0.8547 0.8673
-0.9153 -41.5906 8.3477 -0.0206 -0.9998 -0.0008 0.3749 0.7167
-3.6923 40.6506 19.1153 0.0451 0.9972 0.0602 0.5876 0.7787
-14.2384 -1.9870 15.2887 -0.9993 -0.0375 0.0079 0.6949 0.7655
-1.5283 40.5854 18.7270 0.0282 0.9977 0.0623 0.5741 0.7763
-13.8499 -28.5681 20.2949 -0.9973 -0.0077 0.0736 0.6638 0.9307
-11.7428 -27.7751 22.7634 -0.9571 0.0332 0.2878 0.1618 0.6015
8.0957 -40.7574 -23.5402 0.0247 -0.1504 -0.9883 0.1410 0.5134
14.6355 -11.7905 3.6916 0.9988 -0.0021 -0.0481 0.3569 0.3251
-8.5218 40.9726 14.8402 0.0386 0.9992 0.0061 0.6176 0.7521
-14.2283 35.6839 18.5916 -0.9987 0.0027 0.0511 0.6744 0.5314
-1.6200 0.3996 24.3108 -0.1571 -0.0597 0.9858 0.5884 0.2442
-3.3150 37.9780 24.3621 -0.0167 0.2005 0.9795 0.5989 0.0107
14.5141 -22.3872 1.5700 0.9987 -0.0097 0.0492 0.3437 0.3910
14.4282 -0.2360 -6.1778 0.9997 -0.0064 -0.0240 0.2955 0.2533
-12.8673 -40.4619 -21.1391 -0.9750 -0.2223 -0.0062 0.1929 0.7108
-12.8673 -40.4619 -21.1391 -0.8300 -0.5577 0.0087 0.3006 0.5335
-14.0177 31.2936 5.1135 -0.1531 0.7475 -0.6464 0.0951 0.6066
-14.8942 -24.9615 -4.0202 -0.9999 0.0069 0.0152 0.8149 0.9083
-10.5237 -25.9117 23.5058 -0.1092 0.0203 0.9938 0.6437 0.4077
14.5209 -30.2436 3.7867 1.0000 -0.0074 0.0051 0.3575 0.4398
-14.7019 11.7977 -17.9326 -0.9999 0.0007 -0.0132 0.9014 0.6798
-11.5942 -30.0402 -24.4223 -0.0939 -0.0166 -0.9954 0.0186 0.4468
3.8808 -41.3906 -10.3785 0.0232 -0.9997 -0.0115 0.4047 0.6003
-11.5267 -4.9784 23.1779 -0.6915 0.0084 0.7223 0.6499 0.2776
14.4862 -9.7624 -3.5869 0.9991 -0.0319 -0.0272 0.3117 0.3125
13.6987 -29.0752 -23.8311 0.8843 0.0061 -0.4668 0.1858 0.4325
13.6987 -29.0752 -23.8311 0.4016 0.0035 -0.9158 0.1758 0.4408
1.6726 40.9569 -21.7471 0.0553 0.9974 0.0462 0.5542 0.5248
-14.1982 -2.5131 15.4958 -0.9999 -0.0102 0.0093 0.6937 0.7688
4.6637 10.3780 24.5787 0.0565 -0.0059 0.9984 0.5493 0.1822
1.8444 40.7147 12.1475 0.0366 0.9993 -0.0035 0.5531 0.7354
-14.4022 30.4390 11.3821 -0.9998 -0.0007 0.0199 0.7192 0.5640
14.5391 9.4741 1.2644 0.9997 0.0097 -0.0217 0.3418 0.1929
13.8153 12.9412 -23.5891 0.7676 -0.0150 -0.6408 0.1765 0.1797
14.7249 4.1071 8.0938 0.9991 -0.0174 -0.0379 0.3842 0.2263
-7.7145 -41.1521 -23.3902 -0.0883 0.4592 -0.8839 0.0482 0.6379
-14.5825 21.1797 3.7268 -0.9999 0.0032 0.0156 0.7668 0.6215
14.8024 -2.8849 10.9717 0.9987 -0.0181 -0.0475 0.4021 0.2697
0.5873 -18.6652 -24.4484 0.0257 -0.0026 -0.9997 0.0943 0.3761
-3.7630 28.9796 -24.5666 0.0289 0.0008 -0.9996 0.0673 0.0800
-14.0104 29.3205 0.9426 0.1238 0.9692 -0.2130 0.0950 0.5807
-7.6389 40.9335 11.7161 -0.0014 1.0000 0.0086 0.6121 0.7327
9.3509 -41.2025 22.1796 -0.0131 0.3962 0.9181 0.5202 0.5028
9.3509 -41.2025 22.1796 -0.0742 0.6310 0.7722 0.1206 0.6470
14.4329 -37.8208 17.0551 0.9979 -0.0641 0.0131 0.4399 0.4869
-12.9820 38.3322 8.4710 -0.9694 0.1724 -0.1748 0.2656 0.6039
-12.9820 38.3322 8.4710 -0.6153 0.4517 -0.6461 0.0195 0.5860
-12.9820 38.3322 8.4710 -0.4481 0.6247 -0.6394 0.0747 0.5212
14.7678 -30.5920 11.2032 0.9997 0.0075 -0.0243 0.4036 0.4419
-5.7153 35.3178 24.3663 -0.0503 0.0084 0.9987 0.6138 0.0272
-7.1696 -14.2010 23.8649 -0.1009 -0.0230 0.9946 0.6229 0.3350
-14.6958 18.5474 -16.3759 -0.9997 0.0111 -0.0218 0.8917 0.6379
-9.0348 -40.6774 -23.1102 -0.0629 -0.9268 -0.3704 0.0643 0.6260
-9.0348 -40.6774 -23.1102 0.0074 -0.3212 -0.9470 0.0511 0.6297
14.8040 -31.8362 15.4030 0.9988 -0.0328 0.0356 0.4297 0.4497
11.6727 10.3038 -24.0639 0.0636 0.0022 -0.9980 0.1632 0.1961
14.6261 -29.8763 2.8937 0.9995 -0.0126 0.0285 0.3519 0.4375
-13.4858 -39.1620 14.6088 0.5995 -0.7995 -0.0372 0.2967 0.7556
14.4909 -34.8953 -1.7488 0.9965 -0.0131 -0.0823 0.3231 0.4687
-2.4819 22.3767 -24.5152 0.0235 -0.0062 -0.9997 0.0753 0.1210
-3.7576 -41.5600 -0.9073 0.0151 -0.9998 -0.0141 0.3572 0.6592
14.0903 18.6547 -18.5500 0.9998 0.0159 -0.0072 0.2187 0.1359
-10.3901 -41.4811 -23.1798 0.0984 -0.9401 -0.3265 0.3160 0.5208
-7.4408 -36.3496 -24.4845 -0.0020 -0.0034 -1.0000 0.0444 0.4860
-12.8164 39.0692 15.2112 -0.8402 0.5416 0.0284 0.0737 0.5631
-9.7927 13.1564 23.7925 -0.1301 0.0094 0.9915 0.6392 0.1649
14.0684 -5.0622 -18.2738 0.9992 0.0084 -0.0398 0.2204 0.2833
14.7281 8.6613 7.5684 0.9974 -0.0046 -0.0723 0.3810 0.1980
14.9171 -7.6045 18.1689 1.0000 0.0042 0.0083 0.4469 0.2991
13.9510 38.2778 -23.6597 0.9441 0.0118 -0.3293 0.1869 0.0139
13.9510 38.2778 -23.6597 0.5066 0.2697 -0.8189 0.1774 0.0222
-10.6374 41.1289 2.4912 0.0623 0.9980 0.0039 0.6307 0.6754
-12.2381 40.9981 6.8239 -0.4306 0.9025 0.0107 0.6407 0.7023
14.4368 -9.1499 -6.2786 0.9991 -0.0252 -0.0335 0.2949 0.3087
-14.2258 -10.3025 14.9038 -0.9996 0.0179 0.0232 0.6973 0.8172
-13.7693 -22.8982 21.7025 -0.9342 -0.0089 0.3565 0.6551 0.8955
14.8303 -22.3346 18.3974 0.9992 -0.0333 0.0209 0.4483 0.3906
14.1461 39.8334 7.2356 0.6769 0.7360 -0.0011 0.4767 0.7049
-12.7484 -40.5334 -10.8715 -0.9749 -0.2226 0.0097 0.1925 0.6469
-12.7484 -40.5334 -10.8715 -0.8330 -0.5532 0.0125 0.3013 0.5973
-0.9076 4.3788 24.4100 -0.0519 -0.0142 0.9986 0.5839 0.2195
-3.7632 -41.2078 -23.6194 -0.0248 -0.8657 -0.4999 0.3572 0.5181
-8.5505 41.0333 3.7792 0.0275 0.9996 0.0093 0.6178 0.6834
-14.0627 -9.2327 -23.3119 -0.9428 -0.0161 -0.3329 0.9348 0.8105
-11.9697 -18.8395 22.5934 -0.3434 -0.0185 0.9390 0.6527 0.3638
-14.6022 -38.9916 -5.3119 -0.9644 -0.2645 0.0049 0.8230 0.9955
-14.6022 -38.9916 -5.3119 -0.8224 -0.5684 0.0229 0.2898 0.6318
8.3010 -19.6060 23.7775 0.1143 -0.0150 0.9933 0.5267 0.3686
14.0021 40.0846 -10.4822 0.6458 0.7635 0.0003 0.4776 0.5948
-14.3952 2.0019 6.0468 -0.9980 -0.0583 0.0241 0.7524 0.7407
-6.6088 -40.8192 -23.6075 0.0045 0.1281 -0.9918 0.0496 0.5138
14.5408 1.8841 -1.1569 0.9998 0.0122 -0.0173 0.3268 0.2401
13.8472 -1.3664 -23.3346 0.9609 0.0111 -0.2767 0.1889 0.2603
14.5124 29.1278 8.1449 0.9997 0.0098 -0.0212 0.3846 0.0708
3.5488 -41.1463 -23.5290 -0.0815 -0.0707 -0.9942 0.1127 0.5158
3.5488 -41.1463 -23.5290 -0.0070 -0.9406 -0.3395 0.4026 0.5186
5.1099 -41.5395 5.5021 -0.0374 -0.9956 -0.0862 0.4123 0.6990
-13.7650 -39.2195 14.3425 0.0789 -0.9951 -0.0588 0.2950 0.7540
14.9119 10.5094 19.5546 0.9998 -0.0006 0.0176 0.4555 0.1865
-14.7327 15.7004 -12.6633 -0.9993 -0.0003 0.0369 0.8687 0.6556
14.4997 20.6748 3.5549 0.9998 0.0056 -0.0186 0.3560 0.1233
14.6070 -25.4034 21.1300 0.9914 -0.0141 0.1299 0.4653 0.4097
-14.2149 -39.2378 2.9863 -0.4191 -0.9076 -0.0255 0.2922 0.6834
14.0431 20.1706 -20.4702 0.9998 0.0031 -0.0220 0.2067 0.1265
14.7655 -31.7796 15.9197 0.9986 -0.0500 0.0153 0.4329 0.4493
-7.7894 -8.6650 -24.7135 0.0077 0.0121 -0.9999 0.0423 0.3140
13.4706 -41.1051 6.1982 0.3917 -0.9196 -0.0289 0.4643 0.7034
10.5340 -41.4785 8.3465 0.0507 -0.9983 -0.0279 0.4460 0.7167
-12.8627 36.4838 7.0748 -0.9957 0.0433 -0.0824 0.2541 0.6126
8.9360 0.5440 24.0221 0.1313 -0.0175 0.9912 0.5228 0.2433
-14.7384 11.1281 -6.3035 -0.9999 0.0026 0.0109 0.8291 0.6840
14.3224 3.6704 -9.9984 0.9998 0.0018 -0.0219 0.2718 0.2290
-12.8903 31.2817 2.1034 -0.9999 0.0146 -0.0051 0.2218 0.6435
14.3657 -38.9401 0.5376 0.9978 -0.0659 -0.0028 0.3373 0.4938
-3.3971 -41.6071 14.5328 -0.0138 -0.9999 -0.0013 0.3594 0.7552
-14.0277 39.0023 17.8961 -0.4085 0.9125 -0.0233 0.0812 0.5797
-13.0305 -5.1098 -24.2214 -0.3125 0.0083 -0.9499 0.0097 0.2919
-12.6548 -40.2041 5.2471 -0.9821 -0.1856 0.0311 0.1945 0.5468
14.7082 3.3382 22.1674 0.8540 -0.0039 0.5202 0.4869 0.2260
14.7082 3.3382 22.1674 0.9667 -0.0138 0.2555 0.4717 0.2311
-13.9211 -39.1812 -16.4380 0.1482 -0.9890 0.0005 0.2940 0.5627
-11.3158 -41.5730 -10.0892 -0.1630 -0.9866 0.0085 0.3102 0.6021
1.1806 40.6814 12.2914 0.0167 0.9997 0.0201 0.5573 0.7363
14.3560 18.3599 22.9913 0.6193 -0.0082 0.7851 0.4891 0.1326
14.3560 18.3599 22.9913 0.8679 -0.0083 0.4967 0.4768 0.1377
8.1829 20.0507 24.4373 0.1000 -0.0100 0.9949 0.5274 0.1221
14.5258 29.0293 8.8139 0.9997 0.0134 -0.0205 0.3887 0.0714
-13.4529 -39.1085 12.5786 -0.1735 -0.9847 0.0150 0.2969 0.7430
-5.3657 -13.9160 -24.6560 0.0325 -0.0124 -0.9994 0.0573 0.3466
5.4190 40.7608 -5.6042 0.0244 0.9997 0.0081 0.5309 0.6251
-14.2243 -4.0986 14.7609 -0.9998 -0.0164 0.0117 0.6982 0.7786
8.1235 1.3081 24.1283 0.1026 -0.0117 0.9947 0.5278 0.2386
-1.2303 1.0854 24.3503 -0.0685 -0.0075 0.9976 0.5859 0.2400
13.2475 40.3808 -22.9390 0.1956 0.9000 -0.3895 0.4823 0.5174
13.2429 40.2501 -5.7927 0.1608 0.9869 0.0119 0.4823 0.6239
14.3995 35.0794 2.7149 0.9997 0.0245 0.0044 0.3508 0.0338
11.4695 39.0903 -23.0473 0.0643 0.7754 -0.6282 0.1517 0.6583
14.1474 37.5699 -23.0470 0.9992 0.0076 -0.0383 0.1907 0.0183
-7.1459 -41.5974 3.0475 -0.1252 -0.9920 -0.0191 0.3361 0.6838
-1.0451 -41.5974 18.4672 -0.0475 -0.9988 0.0152 0.3741 0.7796
-7.9187 -41.5776 10.7043 -0.1515 -0.9876 -0.0401 0.3313 0.7314
-9.0559 -41.4006 -23.1861 0.0265 -0.9589 -0.2826 0.3243 0.5207
-11.5610 -9.4976 23.1986 -0.5711 0.0027 0.8209 0.6501 0.3057
-7.2069 18.9779 -24.6129 0.0083 -0.0032 -1.0000 0.0459 0.1422
-0.0589 -40.0307 22.3410 -0.0131 -0.4283 0.9036 0.0381 0.6182
-0.0589 -40.0307 22.3410 -0.0105 -0.5725 0.8198 0.3802 0.8037
14.8263 2.0109 11.9975 0.9968 0.0768 -0.0201 0.4085 0.2393
-0.2034 -39.3746 -24.2327 0.0332 -0.1360 -0.9902 0.0894 0.5048
-12.9130 33.5671 6.0699 -0.9942 0.0629 -0.0867 0.2360 0.6188
-14.4554 15.8532 8.9982 -0.9997 -0.0027 0.0233 0.7340 0.6546
-14.1134 33.0107 -8.2377 -0.1860 0.6062 0.7733 0.0957 0.5236
-3.9784 23.4950 -24.5647 0.0233 -0.0069 -0.9997 0.0659 0.1141
-8.7728 -41.4117 20.7612 -0.0403 -0.9989 0.0220 0.3260 0.7939
-4.2660 -27.7146 -24.5337 0.0257 -0.0137 -0.9996 0.0642 0.4324
-11.4975 37.1009 23.1696 -0.0843 -0.0679 0.9941 0.0730 0.6254
14.7501 -10.4651 10.1090 0.9979 0.0086 -0.0637 0.3968 0.3169
-4.8273 -23.8015 -24.5882 0.0300 -0.0073 -0.9995 0.0607 0.4080
-14.7158 10.3168 -17.7442 -0.9999 0.0016 -0.0105 0.9002 0.6890
14.2960 14.8847 -9.2347 0.9996 0.0143 -0.0251 0.2766 0.1593
12.5824 -5.7257 23.2082 0.2303 -0.0134 0.9730 0.5001 0.2823
-9.5408 -41.5608 17.5957 0.0695 -0.9974 0.0214 0.3213 0.7742
14.6597 28.6677 21.7086 0.9999 0.0146 0.0075 0.4689 0.0736
-13.8716 10.4424 -23.7248 -0.5555 0.0215 -0.8312 0.0045 0.1952
14.2040 35.7657 -17.7042 0.9998 -0.0025 -0.0205 0.2239 0.0295
11.1284 -41.2520 22.1017 0.0154 -0.1168 0.9930 0.5091 0.5031
14.4456 11.8453 -2.8979 0.9998 0.0054 -0.0183 0.3159 0.1782
14.0344 20.7583 -21.3174 0.9999 -0.0068 -0.0149 0.2015 0.1228
-14.5961 -36.5528 -19.0714 -0.9992 -0.0291 -0.0286 0.9085 0.9803
-13.1012 -39.3577 16.9306 -0.8871 -0.4557 0.0728 0.1413 0.6777
-13.1012 -39.3577 16.9306 -0.5064 -0.8614 -0.0384 0.2991 0.7701
5.2848 -41.4874 4.1357 0.0076 -1.0000 -0.0036 0.4134 0.6906
-14.4234 9.4144 10.2180 -0.9996 0.0010 0.0278 0.7265 0.6946
-5.4727 41.0290 -1.0114 0.0173 0.9998 0.0088 0.5986 0.6536
-8.5743 -10.0235 -24.7125 -0.0021 0.0040 -1.0000 0.0374 0.3224
-7.8348 40.4262 23.1610 0.0162 0.2637 0.9645 0.1802 0.6437
-7.8348 40.4262 23.1610 0.0683 0.8402 0.5379 0.6133 0.8039
13.7463 22.5611 -23.6265 0.4177 0.0091 -0.9085 0.1761 0.1199
6.7410 -7.3692 -24.3167 0.0349 0.0376 -0.9987 0.1326 0.3059
-11.5369 -40.8511 22.3902 -0.1679 0.1078 0.9799 0.0302 0.5924
-14.7573 -1.8368 -12.7705 -1.0000 0.0015 0.0004 0.8693 0.7646
5.6297 -41.4727 4.5440 -0.0109 -0.9984 -0.0552 0.4155 0.6931
13.8615 -12.3354 -22.4517 0.9975 -0.0010 -0.0702 0.1944 0.3285
-7.3185 20.5055 24.0571 0.0333 0.0326 0.9989 0.6238 0.1193
7.7430 4.7245 -24.2669 0.0274 -0.0058 -0.9996 0.1388 0.2308
14.7805 -17.9181 9.2857 0.9943 -0.0940 -0.0495 0.3917 0.3632
13.6503 -40.2331 -22.1807 0.7317 -0.6802 -0.0436 0.4654 0.5270
-1.5422 -24.3534 24.0525 -0.0471 -0.0200 0.9987 0.5879 0.3981
14.7402 -3.9258 10.8522 0.9910 -0.1269 0.0420 0.4014 0.2762
-14.5763 -35.9598 5.6839 -0.9976 -0.0598 0.0342 0.7546 0.9766
-12.1567 29.5304 22.9470 -0.1950 -0.0007 0.9808 0.6538 0.0632
-12.1567 29.5304 22.9470 -0.3194 0.0244 0.9473 0.0982 0.6456
13.7531 24.3532 23.4741 0.2825 -0.0327 0.9587 0.4928 0.0953
14.2298 -12.1568 -14.3502 0.9995 0.0012 -0.0325 0.2448 0.3274
-10.3834 -14.4371 -24.6967 -0.0822 0.0029 -0.9966 0.0261 0.3498
-12.6043 40.9802 -4.8260 -0.6804 0.7328 0.0109 0.6429 0.6299
-12.7827 40.4954 1.2972 -0.9791 0.2035 0.0067 0.2790 0.6485
14.6034 31.1633 21.6693 0.9998 0.0193 -0.0093 0.4686 0.0581
-2.9973 41.1119 -10.4083 0.0433 0.9987 0.0250 0.5832 0.5952
3.1473 13.2855 24.6701 0.0166 -0.0161 0.9997 0.5587 0.1641
3.6196 -40.4278 -23.6460 -0.0012 -0.6200 -0.7846 0.1132 0.5114
14.3461 -34.1035 -13.2386 0.9993 -0.0271 -0.0253 0.2517 0.4638
-14.2317 30.2792 18.5773 -0.9982 -0.0004 0.0607 0.6745 0.5650
10.0035 40.6541 -17.1531 0.0416 0.9991 0.0013 0.5024 0.5533
14.1947 -14.5796 -15.7283 0.9996 0.0034 -0.0283 0.2362 0.3424
-12.1311 -39.1292 22.6826 -0.3025 -0.1020 0.9477 0.6537 0.4899
-12.1311 -39.1292 22.6826 -0.1908 -0.5106 0.8384 0.3052 0.8058
11.9931 -40.8658 -14.5404 0.1178 -0.9930 0.0013 0.4551 0.5745
-9.3094 41.2574 -8.5630 0.0370 0.9987 0.0348 0.6225 0.6067
14.9061 -7.8351 19.2831 0.9992 0.0055 0.0389 0.4538 0.3005
14.7869 9.0208 11.5641 0.9952 0.0624 -0.0752 0.4058 0.1958
-11.7511 -27.8234 23.1312 -0.9999 0.0010 -0.0168 0.1595 0.6018
-11.7511 -27.8234 23.1312 -0.7195 0.0097 0.6944 0.6513 0.4196
-14.1729 6.3929 17.4710 -0.9986 -0.0023 0.0532 0.6814 0.7134
-12.5218 -40.5962 7.4096 -0.9828 -0.1819 0.0316 0.1921 0.5333
-12.5218 -40.5962 7.4096 -0.8557 -0.5172 0.0178 0.3027 0.7109
-10.7856 -40.1043 -24.0985 0.0283 -0.7593 -0.6502 0.3135 0.5151
-13.9194 -34.7694 -24.1321 -0.4195 0.0139 -0.9077 0.0042 0.4762
14.5484 35.6951 23.0130 0.9042 -0.0077 0.4270 0.4770 0.0300
14.5923 8.2227 3.3686 0.9997 0.0140 -0.0179 0.3549 0.2007
-1.2066 41.0367 -11.4278 0.0474 0.9985 0.0263 0.5721 0.5889
6.9075 -40.7915 21.4889 -0.0275 -0.8244 0.5653 0.1286 0.5505
6.9075 -40.7915 21.4889 0.1489 0.1628 0.9754 0.0267 0.6035
6.9075 -40.7915 21.4889 0.0052 0.6134 0.7898 0.1163 0.6319
-14.5552 25.2622 -17.6025 -0.9993 0.0226 -0.0285 0.8994 0.5961
-14.7180 -36.1641 -0.6577 -0.9967 -0.0764 0.0261 0.7940 0.9779
13.9815 5.6742 -21.9836 0.9987 -0.0006 -0.0510 0.1973 0.2166
-14.1626 -39.3423 -4.6600 -0.1756 -0.9845 -0.0056 0.2925 0.6359
6.0822 6.9789 -24.2936 0.0238 0.0531 -0.9983 0.1285 0.2167
1.3981 -40.6461 21.5842 0.0508 -0.9539 0.2959 0.1292 0.5848
1.3981 -40.6461 21.5842 0.0376 -0.4325 0.9009 0.0276 0.6377
-14.3392 31.2213 14.2365 -0.9995 -0.0005 0.0327 0.7015 0.5591
4.2458 -41.5890 10.1622 -0.0232 -0.9927 -0.1185 0.4069 0.7280
14.4420 -37.3157 1.8378 0.9998 0.0011 0.0187 0.3454 0.4837
-13.3159 -38.9999 -3.4865 0.2530 -0.9674 0.0042 0.2978 0.6432
-13.2357 30.2982 3.9419 -0.4237 0.7863 -0.4497 0.0902 0.5993
1.2160 40.6136 16.0248 0.0026 0.9989 0.0460 0.5571 0.7595
14.6872 -34.6151 10.8761 0.9992 -0.0367 -0.0148 0.4015 0.4669
3.0318 -41.0371 22.0563 0.0410 0.8495 0.5260 0.1198 0.6078
-12.1743 -41.2009 -7.4409 -0.5814 -0.8136 0.0083 0.3049 0.6186
-12.1742 20.9141 22.9450 -0.1673 -0.0060 0.9859 0.6540 0.1167
-7.0609 -41.3973 22.3175 0.0435 -0.9397 0.3393 0.3367 0.8036
-14.7780 -7.6265 -9.2417 -1.0000 0.0054 0.0052 0.8474 0.8005
-0.8689 40.5163 19.9351 -0.0166 0.9971 0.0747 0.5700 0.7838
0.5590 -39.2344 23.3991 -0.0054 -0.6590 0.7521 0.3840 0.8103
0.5590 -39.2344 23.3991 -0.0044 -0.4251 0.9051 0.5748 0.4905
-3.5766 -41.0229 22.2626 -0.0489 0.0928 0.9945 0.0291 0.5429
-3.5766 -41.0229 22.2626 -0.0123 0.8809 0.4732 0.1211 0.5667
13.9711 -17.1936 -21.1756 0.9973 0.0033 -0.0727 0.2023 0.3587
-14.7563 6.8778 -14.4433 -0.9994 -0.0147 0.0326 0.8797 0.7104
14.4388 33.6625 6.0680 0.9997 0.0213 -0.0151 0.3717 0.0426
12.7857 -24.2189 -23.8840 0.0812 -0.0103 -0.9966 0.1701 0.4106
-14.6505 9.5193 -19.6236 -0.9943 -0.0002 -0.1069 0.9119 0.6940
14.0617 25.6936 -23.2197 0.9715 -0.0076 -0.2370 0.1896 0.0921
14.0617 25.6936 -23.2197 0.8322 -0.0384 -0.5532 0.1781 0.1004
14.4264 34.0629 8.9822 0.9996 0.0233 -0.0181 0.3898 0.0401
14.7839 -31.4207 11.9004 0.9998 -0.0106 -0.0187 0.4079 0.4471
-14.5192 27.8438 -17.0956 -0.9988 0.0154 -0.0460 0.8962 0.5801
14.4057 38.8932 1.7866 1.0000 -0.0074 0.0037 0.3450 0.0101
8.0924 -41.2045 -12.4488 0.0707 -0.9975 0.0041 0.4309 0.5875
3.2512 -40.8637 -23.4273 -0.0263 0.4169 -0.9086 0.1109 0.5141
14.1373 -40.4049 15.7339 0.9083 -0.4183 0.0013 0.4317 0.5029
-13.1704 -38.9302 -8.5427 -0.0999 -0.9942 0.0404 0.2987 0.6118
5.2189 -41.1780 -23.3510 -0.0585 -0.9736 -0.2205 0.4130 0.5197
14.5297 27.5498 11.0323 0.9992 0.0389 0.0037 0.4025 0.0806
13.7486 -40.5682 -9.7797 0.6461 -0.7632 -0.0100 0.4660 0.6041
13.7338 -6.8630 -23.5886 0.7282 -0.0029 -0.6854 0.1760 0.3028
11.7529 -26.8711 -23.9412 0.0743 0.0012 -0.9972 0.1637 0.4271
8.2406 -39.9913 22.4818 -0.0520 -0.5391 0.8407 0.1348 0.5422
8.2406 -39.9913 22.4818 -0.0674 -0.7934 0.6049 0.4318 0.8046
-11.6491 -16.7587 23.1008 -0.9245 0.0048 0.3812 0.1597 0.5330
-11.6491 -16.7587 23.1008 -0.7131 -0.0024 0.7010 0.6507 0.3509
14.7234 -21.3199 10.7322 0.9995 0.0158 -0.0268 0.4006 0.3843
6.6840 -41.0788 -23.4963 0.0076 0.6675 -0.7446 0.1322 0.5154
6.6840 -41.0788 -23.4963 0.3321 -0.9025 -0.2744 0.4221 0.5188
6.6840 -41.0788 -23.4963 0.9421 0.1845 -0.2801 0.2537 0.8046
-9.4672 -36.9042 -24.4556 -0.0270 0.0037 -0.9996 0.0318 0.4895
14.7623 3.9837 11.6390 0.9989 -0.0466 -0.0081 0.4063 0.2271
6.6232 40.7824 -18.3904 0.0405 0.9991 -0.0153 0.5234 0.5456
-13.6087 29.9954 -23.8897 -0.5171 -0.0655 -0.8534 0.0061 0.0737
14.1797 7.7395 -17.1734 0.9998 -0.0005 -0.0182 0.2272 0.2037
14.6309 34.7602 18.9627 0.9985 0.0399 0.0387 0.4518 0.0358
-11.5853 32.6762 23.5034 -0.9998 -0.0036 0.0171 0.1067 0.5625
12.0724 -41.6612 18.2850 0.0213 -0.9998 -0.0064 0.4556 0.7785
14.6883 1.9537 7.1285 0.9991 -0.0424 -0.0036 0.3782 0.2397
12.8580 -0.9167 23.2212 0.2249 -0.0189 0.9742 0.4984 0.2524
-14.4688 -39.2221 -2.7898 -0.7235 -0.6902 0.0115 0.2906 0.6475
14.4716 -8.4463 -3.6092 0.9994 0.0325 -0.0079 0.3115 0.3043
14.5749 33.2414 12.8216 0.9997 0.0176 -0.0195 0.4136 0.0452
-11.7564 0.0017 22.8352 -0.5923 -0.0130 0.8056 0.6514 0.2467
14.2569 -38.5267 20.8447 0.9961 -0.0885 -0.0069 0.4635 0.4913
-7.5862 10.2982 -24.6714 -0.0104 0.0063 -0.9999 0.0435 0.1961
6.1734 40.6878 -0.4803 0.0380 0.9993 0.0047 0.5262 0.6569
-12.4864 -40.6225 8.3452 -0.9818 -0.1894 0.0172 0.1919 0.5275
-12.4864 -40.6225 8.3452 -0.8531 -0.5214 0.0184 0.3030 0.7167
-3.0309 20.5032 -24.5547 0.0297 0.0112 -0.9995 0.0718 0.1327
14.0880 18.0392 -19.7426 0.9998 0.0054 -0.0185 0.2112 0.1397
-0.5571 -7.2118 -24.4979 0.0325 0.0009 -0.9995 0.0872 0.3049
14.5647 -29.3498 3.9766 0.9775 -0.2107 -0.0071 0.3587 0.4342
13.1788 -40.7202 -13.6011 0.1787 -0.9839 -0.0032 0.4625 0.5803
3.0872 39.2605 23.1556 0.0203 0.6744 0.7381 0.5454 0.8038
3.0872 39.2605 23.1556 0.0711 0.3001 0.9512 0.1729 0.5759
-14.6449 -4.4579 0.9855 -0.9998 0.0034 0.0218 0.7838 0.7809
6.0338 22.0516 -24.2705 -0.0712 -0.0096 -0.9974 0.1282 0.1231
12.5836 38.6389 24.1062 0.0451 0.5645 0.8242 0.4864 0.8097
12.5836 38.6389 24.1062 0.1375 0.1674 0.9762 0.5001 0.0066
1.6670 26.6856 -24.4195 0.0247 0.0036 -0.9997 0.1010 0.0943
-7.3902 -39.5909 -24.3895 0.0177 -0.5353 -0.8445 0.3346 0.5133
-7.3902 -39.5909 -24.3895 0.0176 -0.1825 -0.9830 0.0447 0.5062
-11.5205 32.2169 23.1417 -0.3215 -0.0054 0.9469 0.0943 0.6289
14.7729 -24.5372 4.6395 0.9849 -0.1728 -0.0133 0.3628 0.4043
14.7514 7.9293 9.3821 0.9990 -0.0384 -0.0232 0.3923 0.2025
14.0349 -40.3706 20.8325 0.9727 -0.2321 0.0058 0.4634 0.5027
14.7871 2.1431 9.7393 0.9991 0.0413 -0.0113 0.3945 0.2385
14.1198 25.5921 -17.7664 0.9999 -0.0101 -0.0119 0.2235 0.0928
-13.9316 13.0289 21.9355 -0.9906 -0.0009 0.1365 0.6536 0.6722
14.7016 -14.7452 8.3539 0.9920 -0.1078 -0.0651 0.3859 0.3435
6.1514 28.2794 24.6448 0.0588 0.0014 0.9983 0.5401 0.0709
10.7973 -40.2450 22.5535 -0.0521 -0.6585 0.7508 0.4477 0.8050
-7.5510 40.9148 14.7505 0.0272 0.9996 0.0031 0.6115 0.7516
6.6192 -41.3259 22.2355 0.0291 0.5408 0.8406 0.1210 0.6301
6.6192 -41.3259 22.2355 0.0183 -0.1552 0.9877 0.5372 0.5035
-14.6800 -36.1944 0.5581 -0.9944 -0.1019 0.0269 0.7865 0.9781
10.8996 -20.3935 -24.1104 0.0834 -0.0306 -0.9960 0.1584 0.3869
-10.0505 15.2320 23.8143 -0.0967 -0.0222 0.9951 0.6408 0.1520
0.7086 40.9418 -7.8654 0.0050 0.9999 0.0144 0.5602 0.6110
-13.0565 15.6449 22.7982 -0.2200 -0.0228 0.9752 0.6594 0.1495
14.2609 -19.5740 -13.7257 0.9998 0.0036 -0.0209 0.2486 0.3735
-14.5514 24.6169 -18.4366 -0.9994 0.0167 -0.0298 0.9045 0.6002
-12.9281 -39.1691 -0.7407 -1.0000 0.0037 -0.0038 0.2009 0.5840
-14.2101 6.7127 16.6570 -0.9992 -0.0065 0.0387 0.6864 0.7114
-11.0976 28.2479 -24.4626 -0.0545 -0.0001 -0.9985 0.0217 0.0846
14.8307 3.2791 12.5804 0.9997 -0.0179 -0.0168 0.4121 0.2314
-14.6613 21.8457 -16.1884 -0.9992 0.0127 -0.0386 0.8906 0.6174
14.3430 36.8993 2.0778 0.9998 -0.0165 -0.0066 0.3469 0.0225
14.6577 24.9130 13.3107 0.9992 0.0376 0.0149 0.4167 0.0970
-12.5290 40.5303 23.0494 -0.5365 -0.2717 0.7990 0.1808 0.6729
-12.5290 40.5303 23.0494 -0.9709 0.2393 0.0112 0.2792 0.5133
-14.1861 -8.8899 15.8821 -0.9996 -0.0061 0.0290 0.6912 0.8084
-13.0237 37.4049 -10.2133 -0.7272 0.2635 0.6338 0.0044 0.5300
-4.2564 23.1509 24.2936 0.0278 -0.1628 0.9863 0.6047 0.1028
14.6116 -26.5449 0.1140 0.9994 0.0049 0.0357 0.3347 0.4168
-12.3389 -40.2353 19.3116 -0.8419 -0.5389 0.0263 0.3039 0.7849
14.7212 -28.0190 2.9046 0.9939 0.1103 0.0041 0.3520 0.4260
-14.4859 29.5022 -17.3062 -0.9980 0.0240 -0.0583 0.8975 0.5698
-1.5153 41.1153 -14.8158 0.0520 0.9985 0.0173 0.5740 0.5678
-14.7762 -22.6774 -19.3024 -0.9981 -0.0031 -0.0608 0.9099 0.8941
-14.6330 1.3418 -1.1802 -0.9971 0.0737 0.0209 0.7973 0.7448
14.6910 -30.2531 6.0346 0.9996 0.0197 0.0179 0.3714 0.4398
-14.1737 -39.2052 5.1906 -0.4168 -0.9079 0.0438 0.2925 0.6971
-12.7415 39.2678 16.3343 -0.9966 0.0719 0.0399 0.2714 0.5551
-3.6189 -40.6468 21.4914 -0.0400 -0.2330 0.9716 0.0023 0.5831
14.8259 8.2890 20.6189 0.9992 -0.0263 0.0303 0.4621 0.2003
-12.9126 -39.4799 -4.6052 -0.9881 -0.1537 -0.0110 0.1990 0.6080
-9.0799 39.1437 23.4708 0.0549 0.7522 0.6566 0.6210 0.8058
-9.0799 39.1437 23.4708 -0.0122 0.1234 0.9923 0.1722 0.6515
1.6311 -39.4667 23.2019 -0.0101 -0.7962 0.6050 0.3907 0.8090
14.2084 -6.0367 -15.8802 0.9998 0.0104 -0.0139 0.2352 0.2893
14.0818 -4.2345 -18.1973 0.9995 -0.0153 -0.0287 0.2208 0.2781
-2.8738 41.2607 -21.6530 0.0607 0.9980 0.0176 0.5825 0.5253
-8.0761 41.4901 -18.4332 0.0552 0.9982 0.0250 0.6148 0.5454
10.7242 -41.1901 -23.2354 0.0100 -0.9628 -0.2699 0.4472 0.5204
-12.0146 -30.3111 22.5300 -0.1899 0.0001 0.9818 0.6530 0.4351
-12.0146 -30.3111 22.5300 -0.4164 -0.0060 0.9092 0.0203 0.5303
8.8746 38.6197 24.1800 -0.0041 0.7689 0.6393 0.5095 0.8102
-14.2493 -26.6670 -23.6305 -0.9573 0.0120 -0.2889 0.9368 0.9189
-14.2398 -22.2496 -23.5349 -0.8586 0.0455 -0.5107 0.0022 0.3984
-14.2398 -22.2496 -23.5349 -0.9696 0.0014 -0.2447 0.9362 0.8914
14.9324 -9.7123 16.9399 1.0000 0.0049 -0.0067 0.4392 0.3122
5.9309 -39.4131 23.2973 0.0095 -0.4698 0.8827 0.5414 0.4917
5.9309 -39.4131 23.2973 0.0024 -0.6601 0.7511 0.4174 0.8096
4.4259 39.0598 23.3424 -0.0141 0.8043 0.5941 0.5371 0.8050
-14.7800 -36.3459 -6.0712 -0.9908 -0.1354 0.0025 0.8277 0.9790
-0.0222 39.8726 23.0978 0.0461 0.3109 0.9493 0.1767 0.5952
1.2235 -7.3327 -24.4508 0.1268 0.0181 -0.9918 0.0983 0.3057
-14.2958 12.6495 14.4062 -0.9987 0.0347 0.0376 0.7004 0.6745
14.7399 8.7831 21.4860 0.9934 0.0242 0.1126 0.4675 0.1972
9.6681 -40.9585 -23.5882 0.0876 -0.0907 -0.9920 0.1508 0.5147
-14.6260 -24.3844 -21.2591 -0.9971 0.0017 -0.0758 0.9221 0.9047
14.6109 17.6635 6.8491 0.9976 0.0097 -0.0689 0.3765 0.1420
-7.6603 -41.4957 8.2721 -0.0247 -0.9988 -0.0424 0.3329 0.7163
14.6745 -21.4744 8.0674 0.9984 -0.0537 0.0169 0.3841 0.3853
-12.8751 -39.0576 5.0974 -0.2822 -0.9424 -0.1797 0.3005 0.6965
-12.8751 -39.0576 5.0974 -0.9799 -0.1995 0.0026 0.2016 0.5477
2.7553 5.9594 -24.3582 0.2151 -0.0290 -0.9762 0.1078 0.2231
8.3843 39.6712 22.9516 -0.0360 0.8264 0.5619 0.5125 0.8026
8.3843 39.6712 22.9516 0.0064 0.3576 0.9339 0.1755 0.5429
14.8647 15.6985 17.3387 0.9959 0.0160 -0.0888 0.4417 0.1542
13.9836 -25.5626 -21.5365 0.9980 0.0090 -0.0630 0.2001 0.4107
-8.9279 -41.5664 -7.8275 0.0029 -1.0000 -0.0006 0.3251 0.6162
14.6818 -21.1585 1.9549 0.9918 -0.1276 0.0049 0.3461 0.3833
4.5081 40.7537 0.3367 0.0361 0.9993 -0.0009 0.5366 0.6620
-13.0314 33.9445 6.7774 -0.7428 0.2841 -0.6063 0.0192 0.6133
-11.7239 -25.0767 23.1152 -0.9964 0.0059 0.0845 0.1596 0.5847
-11.7239 -25.0767 23.1152 -0.7304 0.0063 0.6830 0.6512 0.4026
-13.2153 36.2519 -9.9833 -0.3892 0.3223 0.8630 0.0056 0.5372
-13.0658 -39.5535 -16.2896 -0.9840 -0.1773 0.0168 0.1986 0.6806
-0.4336 12.1418 -24.4812 0.0335 -0.0007 -0.9994 0.0880 0.1847
-12.0751 7.6599 -24.3094 -0.1372 -0.0001 -0.9905 0.0156 0.2125
0.9062 -40.8497 21.6479 0.0373 0.9118 0.4090 0.1173 0.5946
-14.5681 -13.0227 5.7116 -0.9996 0.0084 0.0286 0.7545 0.8341
-4.8591 -41.5567 -2.8114 0.0074 -0.9999 0.0155 0.3504 0.6474
-14.4915 22.8193 6.8601 -0.9997 -0.0039 0.0261 0.7473 0.6113
-1.4917 39.1839 23.2829 0.0086 0.8215 0.5702 0.5739 0.8046
-1.4917 39.1839 23.2829 0.0198 0.2495 0.9682 0.1725 0.6043
-8.3121 -41.5826 19.0369 -0.0913 -0.9958 0.0100 0.3289 0.7832
-6.6761 -7.2939 -24.6562 0.0194 0.0178 -0.9997 0.0492 0.3054
-14.3817 32.0015 -7.5079 -0.8118 0.4083 0.4175 0.8366 0.5543
-14.3817 32.0015 -7.5079 -0.5052 0.6298 0.5901 0.0973 0.5282
14.3321 -28.9863 22.1035 0.7342 -0.0218 0.6786 0.4892 0.4269
14.3321 -28.9863 22.1035 0.8984 -0.0054 0.4392 0.4713 0.4320
6.7548 38.8239 -23.6037 -0.0068 0.1631 -0.9866 0.1327 0.0188
6.7548 38.8239 -23.6037 -0.0104 0.6698 -0.7425 0.1482 0.6290
-13.0506 -14.6006 22.4690 -0.2144 -0.0126 0.9767 0.6594 0.3374
-7.7959 40.9806 -23.7230 0.0570 0.2500 -0.9666 0.0422 0.0054
6.7722 -19.5286 -24.3012 0.0203 -0.0017 -0.9998 0.1328 0.3815
-12.7798 -39.3729 9.3518 -0.8578 -0.5127 0.0373 0.3011 0.7230
-12.7798 -39.3729 9.3518 -0.9118 -0.3997 -0.0948 0.1997 0.5213
-12.8668 -39.1435 -24.4310 -0.0370 0.0390 -0.9986 0.0107 0.5034
-14.7692 4.6939 -7.5167 -1.0000 0.0005 0.0078 0.8367 0.7240
-8.7211 20.3377 24.0691 -0.0955 -0.0661 0.9932 0.6325 0.1203
6.7108 27.3960 24.5958 0.0725 -0.0094 0.9973 0.5366 0.0764
9.3787 -2.7243 -24.2272 0.0622 0.0008 -0.9981 0.1490 0.2770
6.8674 -12.2072 -24.3142 0.0172 0.0115 -0.9998 0.1334 0.3360
12.6137 40.2613 12.3551 0.0546 0.9984 0.0110 0.4862 0.7367
14.5939 -4.4472 -0.3692 0.9991 0.0364 -0.0238 0.3316 0.2795
-13.8164 -19.1730 21.6497 -0.9878 -0.0058 0.1556 0.6554 0.8723
-14.0799 28.3345 -22.3430 -0.9753 0.0227 -0.2195 0.9288 0.5770
-14.3887 4.3483 -22.0210 -0.9816 0.0164 -0.1901 0.9268 0.7261
-14.7919 -8.4965 -13.4185 -0.9999 0.0103 -0.0010 0.8734 0.8060
-11.2885 2.6971 23.3941 -0.3777 -0.0015 0.9259 0.6484 0.2299
0.0073 40.9440 -5.1040 0.0306 0.9995 0.0030 0.5646 0.6282
-14.0418 -3.7778 18.3743 -0.9997 -0.0014 0.0234 0.6758 0.7766
-12.4192 -40.7728 -23.4575 -0.0133 -0.6959 -0.7181 0.0621 0.6471
-12.4192 -40.7728 -23.4575 -0.6911 -0.4808 -0.5397 0.1910 0.7252
14.4569 33.1389 9.4840 0.9997 0.0235 -0.0095 0.3929 0.0459
0.5885 -41.4472 -5.8132 0.0275 -0.9996 -0.0090 0.3842 0.6287
-10.1656 -40.8765 -23.1545 0.0080 0.0800 -0.9968 0.0499 0.6227
4.9891 16.6905 24.6357 0.0592 -0.0185 0.9981 0.5473 0.1430
-13.9256 -28.6145 -24.0606 -0.4684 0.0020 -0.8835 0.0041 0.4380
14.2112 24.5550 23.2246 0.6481 -0.0220 0.7613 0.4900 0.0941
14.7235 -32.5003 16.2796 0.9994 -0.0324 -0.0087 0.4351 0.4538
14.7655 20.4531 17.4807 0.9958 0.0294 -0.0861 0.4426 0.1247
-14.6428 28.2323 -4.5799 -0.9997 0.0216 0.0060 0.8184 0.5777
-14.6722 23.2844 -2.9815 -0.9999 0.0050 0.0127 0.8085 0.6084
14.6107 -11.3710 2.5044 0.9982 -0.0019 -0.0606 0.3495 0.3225
14.3220 29.7791 -3.6102 1.0000 -0.0013 -0.0059 0.3115 0.0667
-13.3963 39.3412 -19.3714 0.3194 0.9423 0.1003 0.0565 0.5515
6.8615 -41.5302 5.6928 -0.0111 -0.9992 -0.0396 0.4232 0.7002
14.3575 3.3819 -8.7013 0.9994 0.0023 -0.0338 0.2799 0.2308
8.3456 -41.1954 -14.1044 0.0742 -0.9972 0.0043 0.4324 0.5772
-4.4324 12.9111 24.2739 -0.0593 -0.0583 0.9965 0.6058 0.1665
14.1647 13.6518 -15.0300 0.9999 0.0115 -0.0084 0.2405 0.1670
14.9241 4.9422 16.2742 0.9996 0.0130 -0.0258 0.4351 0.2211
-10.7226 -28.7563 23.4799 -0.1233 0.0118 0.9923 0.6449 0.4254
7.2406 -40.7427 21.5764 -0.0720 -0.7687 0.6355 0.1292 0.5485
-10.3779 -2.4696 -24.5836 -0.1181 0.0204 -0.9928 0.0262 0.2755
-14.2151 38.7069 18.0684 -0.9806 0.1934 0.0305 0.6777 0.5126
2.4856 38.3203 -24.1619 0.0213 0.4630 -0.8861 0.1061 0.0220
2.4856 38.3203 -24.1619 0.0220 0.6907 -0.7228 0.1448 0.6025
-14.3198 1.2206 11.5986 -0.9972 0.0660 0.0339 0.7179 0.7456
-4.7396 -40.6435 21.4942 0.0661 -0.4736 0.8782 0.0023 0.5901
-4.7396 -40.6435 21.4942 0.1082 0.6655 0.7385 0.1163 0.5595
-9.3870 40.6277 23.0877 0.1283 0.4560 0.8807 0.1814 0.6534
-9.3870 40.6277 23.0877 0.0861 0.6641 0.7427 0.6230 0.8034
-14.1633 -39.2869 -16.9480 0.3957 -0.9184 -0.0054 0.2925 0.5595
14.9463 -14.1142 18.1669 0.9998 0.0166 0.0126 0.4469 0.3395
-14.0677 32.1674 5.9434 -0.0996 0.4800 -0.8716 0.0128 0.6243
-14.0677 32.1674 5.9434 -0.2240 0.5435 -0.8090 0.0954 0.6118
8.7141 -27.0706 -24.1453 0.0620 0.0015 -0.9981 0.1448 0.4284
-4.0994 -41.3836 -20.5128 0.0119 -0.9991 -0.0405 0.3551 0.5374
14.7605 -8.9694 9.4500 1.0000 0.0002 0.0078 0.3927 0.3076
-14.1988 -12.3902 15.7270 -0.9996 0.0045 0.0286 0.6922 0.8302
14.2257 39.4491 -17.3345 0.9988 0.0482 -0.0100 0.2262 0.0066
10.7187 -36.8935 -23.8139 0.0836 -0.0269 -0.9961 0.1573 0.4894
14.1872 -10.9411 -15.6653 0.9995 0.0025 -0.0319 0.2366 0.3198
-0.2079 40.5310 18.9980 0.0273 0.9985 0.0467 0.5659 0.7780
-3.3064 -4.1899 24.1164 -0.0044 -0.0016 1.0000 0.5988 0.2727
14.0187 -3.3310 22.8583 0.5789 -0.0179 0.8152 0.4912 0.2674
14.1332 19.4690 -13.4215 0.9998 0.0089 -0.0192 0.2505 0.1308
14.0877 -1.8040 -22.2204 1.0000 0.0008 -0.0060 0.1958 0.2630
-7.7716 2.2593 23.8901 -0.0945 0.0255 0.9952 0.6266 0.2327
11.2224 39.6739 -23.2426 0.0423 -0.3442 -0.9379 0.1604 0.0135
3.7366 12.2930 24.6336 0.0314 -0.0166 0.9994 0.5551 0.1703
5.4985 -41.4726 3.5831 0.0255 -0.9997 -0.0020 0.4147 0.6871
-13.5880 14.9738 22.5748 -0.5776 -0.0184 0.8161 0.6627 0.1536
14.5599 -35.5802 17.5014 0.9996 -0.0082 0.0269 0.4427 0.4729
-14.6900 1.1662 -4.4346 -0.9992 0.0362 0.0182 0.8175 0.7459
2.1406 -40.8683 -23.4398 0.1080 0.3158 -0.9426 0.1040 0.5141
-13.0200 38.8891 16.1298 -0.3465 0.9380 -0.0058 0.0750 0.5688
-0.7479 -41.6282 14.0738 -0.0228 -0.9997 -0.0070 0.3759 0.7523
-10.2189 -41.6084 -16.1916 0.0229 -0.9997 -0.0055 0.3170 0.5642
-12.9992 39.6628 -22.3331 -0.7077 0.7029 -0.0716 0.0540 0.5331
-12.9992 39.6628 -22.3331 -0.9804 0.1967 -0.0144 0.2738 0.7954
5.4069 -2.4242 24.3284 0.0860 -0.0156 0.9962 0.5447 0.2618
-13.9748 12.1578 20.9197 -0.9985 -0.0001 0.0545 0.6599 0.6776
-13.4099 -14.8690 -24.1298 -0.3563 -0.0035 -0.9344 0.0073 0.3525
14.3321 12.1975 -8.4549 0.9998 0.0052 -0.0172 0.2814 0.1760
-11.9177 -23.5917 22.5965 -0.5574 -0.0121 0.8302 0.6524 0.3933
14.7867 -24.9417 11.7471 0.9995 -0.0035 -0.0328 0.4070 0.4068
-13.9216 -12.9289 20.5187 -0.9983 -0.0047 0.0575 0.6624 0.8335
-14.6981 4.9563 -18.7003 -0.9991 0.0130 -0.0394 0.9062 0.7223
14.6015 -15.7398 1.2884 0.9987 0.0115 -0.0501 0.3420 0.3496
-14.2642 -30.3936 -23.7283 -0.7721 0.0347 -0.6346 0.0020 0.4490
-14.2642 -30.3936 -23.7283 -0.9766 0.0013 -0.2151 0.9374 0.9420
-12.2659 40.8048 23.0798 -0.2987 0.9490 0.1007 0.6408 0.8034
-12.2659 40.8048 23.0798 -0.0716 0.4565 0.8869 0.1825 0.6713
3.7724 40.8048 -4.5308 0.0337 0.9994 -0.0069 0.5412 0.6318
-14.4220 -39.3260 -17.9027 -0.8942 -0.4471 -0.0197 0.9012 0.9976
-14.4220 -39.3260 -17.9027 -0.3037 -0.9527 -0.0130 0.2909 0.5536
14.2655 -30.3606 -15.2997 0.9999 0.0054 -0.0125 0.2389 0.4405
14.5494 -24.8293 2.4547 0.9992 0.0390 -0.0096 0.3492 0.4061
10.6896 -24.6126 -24.0491 0.0664 -0.0183 -0.9976 0.1571 0.4131
8.7960 14.4535 -24.1965 0.1983 0.0586 -0.9784 0.1453 0.1703
8.0659 -39.6332 23.0748 -0.0066 -0.7469 0.6649 0.4307 0.8083
-14.9250 -22.4889 -13.7947 -0.9999 0.0071 -0.0084 0.8757 0.8929
-14.2586 4.9774 14.6305 -0.9995 -0.0051 0.0316 0.6990 0.7222
9.0196 14.9393 -24.0930 0.1360 -0.0267 -0.9903 0.1467 0.1673
7.6171 -40.8515 21.5467 -0.1010 -0.5694 0.8158 0.1290 0.5461
7.6171 -40.8515 21.5467 -0.0522 0.7459 0.6640 0.1167 0.6363
7.6171 -40.8515 21.5467 -0.1685 0.3038 0.9377 0.5310 0.5006
13.5789 -27.3772 22.7960 0.3861 -0.0107 0.9224 0.4939 0.4169
14.5074 -25.0571 -4.2490 0.9999 -0.0068 -0.0147 0.3075 0.4075
-12.6408 41.2915 -23.2109 -0.9732 0.2298 -0.0109 0.2840 0.8008
-12.6408 41.2915 -23.2109 -0.5672 0.8147 -0.1205 0.6432 0.5157
-12.6408 41.2915 -23.2109 -0.7998 0.2062 -0.5638 0.0121 0.0035
13.6796 35.7079 -23.8744 0.5281 0.0348 -0.8485 0.1757 0.0382
-13.7682 -39.2253 16.5602 -0.5192 -0.8490 0.0982 0.2950 0.7678
-13.7682 -39.2253 16.5602 -0.9727 -0.2224 0.0658 0.6870 0.9969
14.6683 -18.0568 4.6470 0.9997 0.0013 -0.0254 0.3628 0.3640
14.1068 32.3995 -22.0495 0.9999 -0.0107 0.0052 0.1969 0.0505
10.5451 9.0427 23.8980 0.1802 -0.0215 0.9834 0.5128 0.1905
14.8900 -16.8634 14.1839 0.9991 -0.0079 -0.0419 0.4221 0.3566
14.9289 16.1143 17.8393 0.9997 0.0149 -0.0207 0.4448 0.1517
-13.8414 -13.0098 -23.9455 -0.4778 0.0037 -0.8784 0.0047 0.3410
13.8859 39.9303 18.3236 0.4529 0.8913 0.0226 0.4783 0.7738
-11.5364 34.4057 23.1634 -0.9536 0.0344 0.2993 0.1088 0.5518
-11.5364 34.4057 23.1634 -0.4741 0.0412 0.8795 0.6500 0.0329
-11.5364 34.4057 23.1634 -0.8082 -0.0150 0.5887 0.0733 0.6421
3.2114 -40.6134 22.0401 0.0457 -0.8244 0.5642 0.1321 0.5735
-13.7766 15.2369 -23.8061 -0.6899 0.0036 -0.7239 0.0051 0.1654
11.3534 -35.4290 -23.8026 0.0890 -0.0306 -0.9956 0.1612 0.4803
14.2479 32.3878 -7.4774 0.9993 0.0172 -0.0319 0.2875 0.0505
-13.4163 -35.5591 22.1131 -0.9302 -0.0384 0.3651 0.6525 0.9741
-13.4163 -35.5591 22.1131 -0.5914 0.0096 0.8063 0.6617 0.4677
-12.7671 40.8166 -10.0377 -0.9643 0.2645 0.0137 0.2810 0.7190
-8.9298 -41.4241 19.8685 -0.1132 -0.9932 0.0282 0.3251 0.7883
3.9943 30.3903 -24.3474 0.0293 0.0013 -0.9996 0.1155 0.0712
14.4458 -19.4693 -4.9167 0.9992 0.0360 -0.0150 0.3034 0.3728
-13.2186 30.2662 -5.3722 -0.2669 0.7918 0.5493 0.0901 0.5414
-12.1497 8.5286 22.7808 -0.3837 -0.0094 0.9234 0.6538 0.1937
1.6793 40.9885 -17.3340 0.0468 0.9989 0.0040 0.5542 0.5522
14.6602 -7.8945 8.5366 0.9968 -0.0660 -0.0444 0.3870 0.3009
-14.1585 9.1583 16.7306 -0.9985 0.0069 0.0549 0.6860 0.6962
14.7518 5.8357 12.6382 0.9983 -0.0573 -0.0098 0.4125 0.2155
-4.2188 -7.9198 -24.6115 0.0263 0.0097 -0.9996 0.0645 0.3093
-9.5319 -32.9018 23.6564 -0.0725 0.0159 0.9972 0.6375 0.4512
0.7249 20.4183 24.6687 -0.0391 -0.0023 0.9992 0.5738 0.1198
14.8773 12.9800 16.1665 0.9980 0.0173 -0.0611 0.4344 0.1711
-14.7599 9.4086 -12.1830 -0.9995 0.0122 -0.0295 0.8657 0.6947
12.9389 -41.6439 17.0320 0.0300 -0.9995 -0.0046 0.4610 0.7707
14.3613 -7.0277 -9.6055 0.9996 -0.0050 -0.0291 0.2742 0.2955
-5.3720 -40.9882 22.2693 0.0645 0.4698 0.8804 0.0293 0.5540
-5.3720 -40.9882 22.2693 0.0436 0.8813 0.4705 0.1212 0.5555
14.3145 -9.0853 -10.9462 0.9997 0.0024 -0.0238 0.2659 0.3083
5.4242 -41.1846 -23.3886 0.0136 -0.9473 -0.3202 0.4143 0.5195
-14.4664 23.9200 -20.4627 -0.9887 0.0164 -0.1489 0.9171 0.6045
4.4843 -41.1631 -23.4993 0.4089 -0.3856 -0.8271 0.1185 0.5159
4.4843 -41.1631 -23.4993 0.1920 -0.9130 -0.3601 0.4084 0.5188
14.2862 -12.7527 -12.4393 1.0000 0.0054 -0.0009 0.2566 0.3311
14.8205 8.8287 13.3670 0.9990 -0.0421 0.0118 0.4170 0.1969
11.9580 -41.0375 -0.1146 0.0933 -0.9952 -0.0301 0.4549 0.6641
14.7817 13.6067 9.3889 0.9974 0.0590 -0.0409 0.3923 0.1673
-8.0423 4.7276 23.9063 -0.0896 -0.0170 0.9958 0.6283 0.2173
13.0924 40.2352 2.6392 0.1678 0.9858 -0.0019 0.4832 0.6763
-14.0568 -2.6906 18.6609 -0.9996 -0.0040 -0.0296 0.6740 0.7699
10.8303 -41.0618 -23.4000 0.0691 -0.2477 -0.9664 0.1580 0.5153
10.8303 -41.0618 -23.4000 -0.0203 -0.7823 -0.6225 0.4479 0.5194
14.5485 -10.5482 1.9322 0.9998 -0.0118 -0.0151 0.3460 0.3174
-12.8321 38.5780 -5.1554 -0.9997 0.0256 0.0052 0.2671 0.6886
14.7202 -27.6395 5.6835 0.9974 0.0706 0.0149 0.3693 0.4236
-13.1163 38.4142 -10.8129 0.1097 0.5691 0.8150 0.0547 0.6047
-13.1163 38.4142 -10.8129 -0.5331 0.3918 0.7498 0.0049 0.5237
0.9842 -28.1965 -24.3692 0.0259 -0.0045 -0.9997 0.0968 0.4354
2.3974 13.1306 -24.3806 0.0402 -0.0035 -0.9992 0.1056 0.1785
-5.9409 -41.5329 12.0131 -0.0085 -0.9999 -0.0121 0.3436 0.7395
-12.7145 38.8405 22.5764 -0.3266 0.4324 0.8405 0.1703 0.6741
-12.7145 38.8405 22.5764 -0.1995 0.8761 0.4390 0.0731 0.6088
14.7127 24.7700 13.9207 0.9889 0.0920 -0.1169 0.4205 0.0979
-8.0343 -27.4228 23.7229 -0.0762 0.0032 0.9971 0.6282 0.4171
-14.7542 -36.7158 -3.3732 -0.9990 -0.0449 0.0059 0.8109 0.9813
14.5225 -5.1598 -2.6968 0.9998 0.0020 -0.0212 0.3172 0.2839
13.6972 16.0936 -23.6894 0.4036 -0.0256 -0.9146 0.1758 0.1601
-14.6238 2.7308 4.3618 -0.9943 -0.1034 0.0270 0.7628 0.7362
-14.2146 -17.2509 15.1044 -0.9990 0.0120 0.0439 0.6961 0.8604
14.6812 14.3769 22.3128 0.9761 -0.0045 0.2173 0.4726 0.1625
-5.6921 30.9642 -24.5766 -0.0087 0.0173 -0.9998 0.0553 0.0677
-14.5664 -39.0872 -3.9163 -0.8285 -0.5599 0.0048 0.2900 0.6405
-14.5664 -39.0872 -3.9163 -0.9943 -0.1063 0.0129 0.8143 0.9961
-14.2947 22.0710 -21.2401 -0.9914 0.0130 -0.1304 0.9220 0.6160
-12.1668 3.4982 22.7261 -0.2226 -0.0143 0.9748 0.6539 0.2250
0.2055 21.4550 24.6468 -0.0532 -0.0053 0.9986 0.5770 0.1134
-11.7570 39.7856 -23.7676 -0.3940 0.1955 -0.8981 0.0176 0.0128
4.9577 39.9758 -23.5223 0.0388 0.0848 -0.9956 0.1215 0.0117
14.5210 -11.7908 1.5664 0.9994 -0.0175 0.0286 0.3437 0.3251
-13.1394 -39.3614 8.3289 -0.4586 -0.8815 0.1124 0.2989 0.7166
14.1776 39.7209 18.1591 0.9014 0.4259 0.0784 0.4468 0.0049
14.1776 39.7209 18.1591 0.6614 0.7493 0.0322 0.4765 0.7728
-13.2762 39.2820 11.8924 -0.9942 -0.0874 0.0630 0.2715 0.5827
-13.2762 39.2820 11.8924 -0.6459 -0.6676 -0.3704 0.1490 0.6867
-13.4270 -38.9418 -1.2990 0.4932 -0.8695 0.0274 0.2971 0.6568
-13.9382 36.0972 -22.2021 -0.9855 0.0225 -0.1682 0.9279 0.5288
5.7083 40.6062 9.1064 0.0433 0.9990 0.0116 0.5291 0.7165
-13.4651 39.1122 9.2320 0.8142 0.5685 -0.1176 0.2387 0.8060
-13.4651 39.1122 9.2320 -0.9367 0.3346 -0.1030 0.2295 0.8056
-14.6329 -38.5413 -5.3187 -0.9979 -0.0640 0.0112 0.8230 0.9927
-12.3093 -40.2912 -23.9580 0.1249 -0.6890 -0.7140 0.0590 0.6464
-12.3093 -40.2912 -23.9580 -0.6333 -0.4834 -0.6043 0.1940 0.7283
-12.3093 -40.2912 -23.9580 -0.1721 -0.8469 -0.5032 0.3041 0.5159
-8.4458 -41.5689 -10.8249 0.0085 -1.0000 0.0036 0.3281 0.5976
-7.2614 41.4719 -19.1645 0.0534 0.9985 0.0137 0.6097 0.5408
7.9515 40.6855 -21.3912 0.0400 0.9992 0.0038 0.5152 0.5270
-10.3097 14.5046 -24.4970 -0.0867 0.0038 -0.9962 0.0266 0.1700
-13.5017 -15.9038 22.2132 -0.6139 -0.0140 0.7892 0.6622 0.3455
14.5804 -19.3246 2.0875 0.9986 0.0419 0.0309 0.3469 0.3719
14.0766 29.4673 -23.1552 0.9878 -0.0094 -0.1555 0.1900 0.0687
2.3837 0.8018 -24.3538 0.0892 -0.0382 -0.9953 0.1055 0.2551
-7.6308 -41.5409 -4.1397 0.0594 -0.9982 0.0064 0.3331 0.6391
1.7802 40.8640 -2.8017 0.0160 0.9999 0.0020 0.5535 0.6425
14.1930 24.1328 -12.3029 0.9996 -0.0223 -0.0168 0.2575 0.1018
10.5246 -40.1971 -23.7450 0.0653 -0.2136 -0.9747 0.1561 0.5099
2.3162 -14.7950 24.3140 0.0020 -0.0159 0.9999 0.5639 0.3387
-11.6467 -14.6311 23.0954 -0.9083 -0.0001 0.4183 0.1597 0.5198
-11.6467 -14.6311 23.0954 -0.8038 -0.0101 0.5948 0.6507 0.3376
7.3723 -40.4976 -23.6394 -0.0445 -0.4843 -0.8737 0.1365 0.5118
1.8432 40.8590 -1.8857 0.0234 0.9997 0.0074 0.5532 0.6482
7.5517 40.4658 9.5077 0.0559 0.9983 0.0188 0.5177 0.7190
14.2797 35.1771 -7.9109 0.9998 -0.0102 -0.0164 0.2848 0.0332
9.0848 -41.0216 22.0089 -0.0996 0.7089 0.6982 0.1195 0.6454
7.3034 38.8146 23.9564 0.0105 0.8695 0.4937 0.5192 0.8088
6.7902 -3.5937 -24.3246 0.0147 -0.0172 -0.9997 0.1329 0.2824
-14.1697 -0.5460 16.4175 -0.9993 0.0040 0.0372 0.6879 0.7565
5.6625 -41.1193 -23.4787 -0.0099 -0.6950 -0.7190 0.4158 0.5189
5.6625 -41.1193 -23.4787 0.0513 -0.4571 -0.8879 0.1259 0.5157
7.9889 -23.0181 23.7535 0.1040 -0.0069 0.9946 0.5286 0.3898
-12.9621 39.4510 -18.5504 -0.7813 0.6225 0.0461 0.0538 0.5566
-12.9621 39.4510 -18.5504 -0.9769 0.2124 0.0220 0.2725 0.7719
-14.3178 -39.3364 -21.5856 -0.4382 -0.8971 -0.0565 0.2916 0.5307
-13.5680 21.5990 -23.9529 -0.4331 -0.0020 -0.9014 0.0064 0.1259
-14.7711 -16.4970 -19.4230 -0.9979 0.0032 -0.0646 0.9107 0.8557
0.8988 40.8406 2.6995 0.0350 0.9994 -0.0039 0.5590 0.6767
-12.4590 -41.0399 -18.3983 -0.7212 -0.6927 0.0054 0.3031 0.5505
-11.7998 -2.6618 22.7729 -0.4787 -0.0135 0.8779 0.6516 0.2632
-0.7587 41.1031 -23.3399 0.0654 0.9397 -0.3358 0.5693 0.5149
14.3007 -1.9604 -11.6069 0.9997 0.0012 -0.0230 0.2618 0.2640
-4.8883 40.0222 23.2076 0.0663 0.3290 0.9420 0.1777 0.6254
14.2185 31.8107 -13.3962 1.0000 -0.0049 -0.0028 0.2507 0.0541
-11.5555 31.2735 23.1309 -0.9922 0.1122 -0.0549 0.1090 0.5712
-11.5555 31.2735 23.1309 -0.3117 -0.0121 0.9501 0.0945 0.6348
11.0569 38.8829 -23.4333 0.0770 0.7108 -0.6992 0.1493 0.6558
7.4888 40.4689 14.9447 0.1116 0.9935 0.0201 0.5181 0.7528
6.5370 -41.5887 10.1383 -0.0319 -0.9985 -0.0451 0.4212 0.7279
8.9768 -41.6345 12.6929 0.0043 -0.9997 -0.0255 0.4363 0.7437
-0.5663 40.8819 1.7621 0.0297 0.9996 0.0012 0.5681 0.6709
14.4189 39.3422 22.7345 0.6426 0.7006 0.3103 0.4750 0.8012
14.4189 39.3422 22.7345 0.9440 0.3233 0.0656 0.4752 0.0073
-12.9983 32.6903 6.1223 -0.9589 0.1260 -0.2544 0.2305 0.6185
-12.5787 40.1551 22.7797 -0.9973 0.0386 0.0628 0.2769 0.5150
-12.5787 40.1551 22.7797 -0.7758 -0.2806 0.5651 0.1785 0.6732
14.0899 23.3714 -18.1817 0.9999 -0.0099 -0.0110 0.2209 0.1066
14.4688 6.9286 -2.6788 0.9997 0.0091 -0.0211 0.3173 0.2088
-14.4191 -38.8220 4.3661 -0.9807 -0.1933 0.0290 0.7628 0.9944
-13.5866 39.0807 -23.4141 -0.4322 0.8959 -0.1026 0.0577 0.5263
-13.5866 39.0807 -23.4141 -0.9635 0.0888 -0.2525 0.9355 0.5103
9.8102 40.4836 3.3304 0.0623 0.9980 0.0066 0.5036 0.6806
14.6705 11.1170 10.3795 0.9964 0.0114 -0.0836 0.3985 0.1827
-14.7440 15.5474 -8.0706 -1.0000 0.0043 0.0038 0.8401 0.6565
1.1680 41.0213 -15.0917 0.0399 0.9987 0.0320 0.5574 0.5661
2.9610 -41.3639 -16.5994 0.0181 -0.9998 -0.0117 0.3990 0.5617
14.4021 -29.7310 -1.7280 0.9999 -0.0109 0.0082 0.3232 0.4366
-14.2225 1.8508 12.0437 -0.9988 -0.0392 0.0305 0.7151 0.7416
1.9001 40.3799 18.0820 0.0692 0.9933 0.0923 0.5528 0.7723
-13.2190 38.8726 12.3858 -0.1475 0.9887 0.0269 0.0762 0.5455
-14.7624 -2.9850 -14.3981 -1.0000 0.0014 0.0028 0.8794 0.7717
14.4092 9.6438 -4.3288 0.9998 -0.0000 -0.0208 0.3070 0.1919
-14.7757 6.3212 -13.1979 -0.9992 0.0171 -0.0356 0.8720 0.7139
14.2192 -35.4968 -17.5323 0.9993 -0.0090 -0.0369 0.2250 0.4724
14.3956 27.8182 23.1360 0.6794 -0.0240 0.7334 0.4888 0.0738
14.3956 27.8182 23.1360 0.8705 -0.0056 0.4921 0.4777 0.0789
13.5776 37.1574 -23.9331 0.3028 -0.0763 -0.9500 0.1751 0.0292
14.7474 27.6483 17.6201 0.9999 0.0009 -0.0137 0.4435 0.0800
-11.5171 2.9350 23.2308 -0.7160 -0.0072 0.6981 0.6499 0.2285
2.3047 -40.4234 22.0864 -0.0203 -0.6996 0.7143 0.1324 0.5791
2.3047 -40.4234 22.0864 0.1391 -0.2968 0.9448 0.0356 0.6035
13.6098 -3.3889 -23.7584 0.6626 0.0015 -0.7489 0.1753 0.2812
14.6759 3.5186 4.0017 0.9986 0.0028 -0.0534 0.3588 0.2299
-10.3234 8.5456 23.6582 -0.1846 -0.0099 0.9828 0.6425 0.1936
-11.6532 -39.2366 23.2077 -0.2911 -0.9139 0.2830 0.3081 0.8091
-11.6532 -39.2366 23.2077 -0.8657 -0.4770 0.1520 0.1590 0.6727
-11.6532 -39.2366 23.2077 -0.6187 -0.3285 0.7136 0.6507 0.4906
14.7143 6.4490 8.5110 0.9986 0.0524 0.0115 0.3868 0.2117
13.4541 -9.9873 -23.9231 0.4706 0.0005 -0.8823 0.1743 0.3222
13.7436 -26.4367 -23.7449 0.5428 0.0148 -0.8397 0.1761 0.4244
-4.9565 -41.4640 -17.2035 -0.0072 -1.0000 -0.0040 0.3498 0.5579
-13.2892 34.1386 22.8563 -0.2374 -0.0148 0.9713 0.6609 0.0345
5.9091 39.5061 -23.5234 0.0246 0.1082 -0.9938 0.1274 0.0146
6.1978 -41.3653 -1.8329 0.0144 -0.9999 0.0026 0.4191 0.6535
-14.2238 -19.1154 15.5976 -0.9984 0.0058 0.0557 0.6930 0.8719
0.1298 -40.7157 21.8007 -0.0771 -0.9713 0.2249 0.1306 0.5927
13.7045 -21.6837 -23.7998 0.8875 0.0182 -0.4604 0.1860 0.3866
13.7045 -21.6837 -23.7998 0.3122 0.0006 -0.9500 0.1759 0.3949
-12.9825 36.3813 -9.7918 -0.6987 0.2333 0.6763 0.0041 0.5363
-12.9825 36.3813 -9.7918 -0.9542 0.1316 0.2686 0.2534 0.7174
-12.4635 -41.0296 -14.0438 -0.8705 -0.4922 0.0042 0.1894 0.6667
-12.4635 -41.0296 -14.0438 -0.6356 -0.7720 0.0008 0.3031 0.5776
14.7099 -11.5316 9.0617 0.9870 -0.1519 0.0527 0.3903 0.3235
13.3441 -31.5397 -23.8937 -0.2042 -0.0017 -0.9789 0.1736 0.4561
-1.7139 -40.4919 22.1025 -0.0337 -0.9890 0.1437 0.1325 0.6041
-6.1415 -41.5535 -10.5876 -0.0529 -0.9986 -0.0005 0.3424 0.5990
-1.5267 41.0941 -13.2122 0.0453 0.9989 0.0115 0.5741 0.5778
-10.9626 -41.5204 20.3686 -0.3021 -0.9528 0.0302 0.3124 0.7914
13.9698 36.8091 -23.6366 0.9468 -0.0038 -0.3218 0.1870 0.0230
13.9698 36.8091 -23.6366 0.5619 -0.0671 -0.8245 0.1775 0.0313
6.1062 -41.2966 -13.8498 0.0304 -0.9994 0.0143 0.4185 0.5788
14.0964 30.7473 -21.5169 0.9999 -0.0132 -0.0058 0.2002 0.0607
-12.8780 -39.0809 4.7341 -0.4095 -0.8607 0.3025 0.3005 0.6943
-12.8780 -39.0809 4.7341 -0.9630 -0.2432 0.1165 0.2015 0.5500
14.3383 -39.4608 2.7294 0.9975 -0.0705 -0.0031 0.3509 0.4971
13.8854 11.6643 -23.4641 0.9619 -0.0017 -0.2734 0.1881 0.1793
13.8854 11.6643 -23.4641 0.7694 -0.0101 -0.6387 0.1770 0.1876
14.2600 38.5147 -14.8864 0.9999 -0.0015 -0.0161 0.2414 0.0124
14.2800 -40.0890 0.6639 0.9816 -0.1908 -0.0033 0.3381 0.5010
14.5524 30.9324 10.9209 0.9996 0.0121 -0.0262 0.4018 0.0596
-13.3345 -39.3484 17.6876 0.0475 -0.9962 -0.0733 0.2977 0.7748
-6.4604 41.1038 -5.6443 0.0234 0.9994 0.0252 0.6048 0.6248
-11.8891 41.0845 7.7273 -0.2524 0.9675 0.0164 0.6385 0.7079
-13.4639 37.8342 -24.0621 -0.6305 -0.0395 -0.7752 0.0070 0.0250
-13.4639 37.8342 -24.0621 -0.9570 0.0230 -0.2891 0.9395 0.5180
14.6941 -23.0815 8.6860 0.9939 -0.0775 -0.0790 0.3879 0.3953
-4.8190 -41.1760 -23.5941 -0.0577 -0.3320 -0.9415 0.0607 0.5160
-4.8190 -41.1760 -23.5941 0.0194 -0.7177 -0.6961 0.3506 0.5182
-2.1414 -41.3265 -23.0938 0.0018 -0.9989 -0.0460 0.3673 0.5213
-12.5702 40.4238 21.5805 -0.8320 0.5538 -0.0334 0.6427 0.7940
-12.5702 40.4238 21.5805 -0.9562 0.2920 0.0192 0.2786 0.5224
14.4229 20.6649 22.9245 0.8774 -0.0095 0.4797 0.4764 0.1234
-13.1550 -38.9597 0.0300 -0.1070 -0.9931 0.0479 0.2988 0.6650
9.0008 40.6995 -23.3687 0.0451 0.4861 -0.8727 0.1466 0.0072
9.0008 40.6995 -23.3687 0.0383 0.9993 0.0042 0.5087 0.5147
7.1489 40.5164 13.5939 0.1293 0.9913 -0.0262 0.5202 0.7444
-3.9630 41.1390 -23.5663 0.0295 0.8183 -0.5740 0.5892 0.5135
-3.9630 41.1390 -23.5663 0.0299 -0.0595 -0.9978 0.0660 0.0044
-13.4983 -39.2278 9.7166 0.1788 -0.9143 -0.3634 0.2967 0.7252
14.5960 -22.4833 4.7334 0.9979 0.0640 -0.0017 0.3634 0.3916
5.6893 -40.7741 -23.3847 -0.0422 -0.2332 -0.9715 0.1260 0.5135
14.2263 31.4269 -11.4382 1.0000 -0.0031 -0.0047 0.2629 0.0565
14.7910 19.4207 14.6724 0.9999 0.0044 0.0135 0.4251 0.1311
14.3589 14.4662 -5.4607 0.9997 0.0165 -0.0182 0.3000 0.1619
14.1568 -5.3059 -16.6747 0.9975 0.0586 -0.0398 0.2303 0.2848
14.6313 -11.7676 7.3504 0.9997 0.0230 0.0011 0.3796 0.3250
-12.1581 13.2214 22.8274 -0.2154 -0.0159 0.9764 0.6539 0.1645
6.1915 20.8500 24.6092 0.0718 0.0071 0.9974 0.5398 0.1171
-12.4742 -34.9274 22.4864 -0.1784 0.0060 0.9839 0.6558 0.4638
-6.0488 -41.5788 14.5039 -0.0544 -0.9959 0.0721 0.3430 0.7550
14.2155 18.8652 -10.9606 0.9997 0.0110 -0.0225 0.2658 0.1346
14.3172 -11.2090 22.4050 0.7591 -0.0036 0.6510 0.4893 0.3164
-13.4687 -3.7379 22.3778 -0.5459 -0.0109 0.8377 0.6620 0.2699
13.9011 -40.8901 11.6662 0.6416 -0.7660 -0.0387 0.4670 0.7374
13.9011 -40.8901 11.6662 0.9060 -0.4231 0.0145 0.4065 0.5059
14.6447 -32.3048 3.8871 0.9982 0.0549 -0.0244 0.3581 0.4526
-14.5159 24.4693 6.4573 -0.9998 -0.0040 0.0204 0.7498 0.6011
-10.6760 -40.8962 -23.1390 -0.0436 0.3408 -0.9391 0.0498 0.6195
-12.4122 -40.7975 6.8255 -0.8721 -0.4893 0.0051 0.1908 0.5370
-12.4122 -40.7975 6.8255 -0.6681 -0.7441 -0.0009 0.3034 0.7073
14.8670 -6.2851 14.3248 0.9971 0.0381 -0.0657 0.4230 0.2909
-5.4840 -39.7475 -24.2586 0.0110 -0.5261 -0.8503 0.3465 0.5141
-14.0234 39.1120 -12.7828 -0.1565 0.9873 0.0288 0.0604 0.5924
-14.0234 39.1120 -12.7828 -0.8947 0.4466 0.0027 0.8694 0.5101
14.1686 27.5056 -15.1671 0.9999 -0.0119 -0.0093 0.2397 0.0809
7.0739 -41.0711 -23.5148 -0.2859 0.3048 -0.9085 0.1346 0.5154
7.0739 -41.0711 -23.5148 -0.0954 -0.9287 -0.3583 0.4245 0.5187
-8.3641 -40.1860 22.3661 -0.0295 -0.9725 0.2311 0.1341 0.6454
-12.2753 34.6499 22.9507 -0.1771 -0.0168 0.9841 0.6546 0.0314
11.1673 -41.7060 21.9474 0.0308 -0.8869 0.4609 0.4500 0.8013
-13.1149 -38.9861 -12.0001 -0.5740 -0.8188 0.0098 0.2991 0.5903
14.8283 16.5885 14.0872 0.9952 -0.0876 -0.0448 0.4215 0.1487
14.6288 -10.6220 3.5264 1.0000 0.0059 -0.0080 0.3559 0.3178
-3.9561 6.4048 24.1922 -0.0049 -0.0060 1.0000 0.6029 0.2069
-0.3709 40.6934 14.5910 0.0305 0.9992 0.0253 0.5669 0.7506
-14.4481 25.8565 -20.3100 -0.9869 0.0246 -0.1597 0.9162 0.5924
9.4955 -9.6310 23.7703 0.1420 -0.0197 0.9897 0.5193 0.3066
1.1026 12.5791 24.6246 -0.0397 -0.0140 0.9991 0.5714 0.1685
-12.5867 40.6421 15.5572 -0.6295 0.7770 -0.0080 0.6428 0.7566
-12.5867 40.6421 15.5572 -0.9087 0.4158 0.0373 0.2799 0.5599
14.4348 37.7915 16.4016 0.9994 0.0247 -0.0224 0.4359 0.0169
-14.6119 -39.0817 -7.8998 -0.7038 -0.7103 0.0020 0.2897 0.6158
-14.6119 -39.0817 -7.8998 -0.9965 -0.0836 0.0018 0.8391 0.9960
12.8695 4.8471 -23.9922 0.2376 0.0066 -0.9713 0.1707 0.2300
4.3080 40.8985 -16.3943 0.0404 0.9992 0.0078 0.5378 0.5580
-1.0479 41.1279 -20.9966 0.0596 0.9981 0.0140 0.5711 0.5294
-14.8013 -30.6535 1.6372 -0.9996 -0.0022 0.0264 0.7798 0.9437
-12.5503 -40.7852 -8.8868 -0.8147 -0.5796 0.0178 0.3026 0.6096
-11.7183 38.6512 23.7020 -0.9659 0.2018 0.1619 0.1055 0.5254
-11.7183 38.6512 23.7020 -0.6529 -0.0054 0.7574 0.6511 0.0065
3.3168 15.8845 24.6985 0.0188 -0.0093 0.9998 0.5577 0.1480
-6.5408 40.6375 21.2096 0.0140 0.9978 0.0648 0.6053 0.7917
-10.8194 38.2193 -24.3984 0.0219 0.5124 -0.8584 0.1433 0.5198
-10.8194 38.2193 -24.3984 0.0285 0.2318 -0.9724 0.0234 0.0226
9.2253 -41.1972 -4.1926 0.0834 -0.9964 -0.0159 0.4379 0.6388
14.0835 -0.6173 -19.4061 0.9994 -0.0136 -0.0315 0.2133 0.2557
4.5627 28.3103 24.7038 0.0184 -0.0008 0.9998 0.5499 0.0708
-0.7430 19.9417 -24.4832 0.0335 0.0071 -0.9994 0.0861 0.1362
8.1463 -41.7014 16.6261 -0.0312 -0.9995 0.0031 0.4312 0.7682
14.1305 1.4410 -18.1278 0.9998 -0.0035 -0.0210 0.2213 0.2429
0.2377 31.7515 24.6443 -0.0209 0.0167 0.9996 0.5768 0.0494
-7.9490 40.9595 10.6599 0.0217 0.9997 0.0100 0.6140 0.7262
4.7297 35.2842 24.5429 0.0148 0.0386 0.9991 0.5489 0.0274
2.0375 -41.4582 22.2630 0.0402 0.0533 0.9978 0.5656 0.5044
2.0375 -41.4582 22.2630 0.0184 -0.9949 0.0989 0.3932 0.8032
-14.1290 -34.4324 -23.9684 -0.7499 -0.0103 -0.6615 0.0029 0.4741
-14.1290 -34.4324 -23.9684 -0.9029 -0.0054 -0.4299 0.9389 0.9671
9.5664 16.4039 -24.0498 0.2206 0.0653 -0.9732 0.1501 0.1582
-13.9618 38.9158 9.4497 -0.2411 0.9692 -0.0495 0.0808 0.5272
-5.5191 -41.5817 -3.6003 0.0084 -1.0000 0.0009 0.3463 0.6425
1.9292 -40.8477 21.5599 -0.0047 0.3599 0.9330 0.0263 0.6344
1.9292 -40.8477 21.5599 0.0036 0.9274 0.3739 0.1168 0.6009
11.6358 40.3319 10.0189 0.0552 0.9985 0.0055 0.4923 0.7222
-14.5895 -34.9100 7.0352 -0.9985 -0.0371 0.0395 0.7462 0.9701
14.7124 -12.8112 5.7338 0.9993 0.0365 0.0019 0.3696 0.3314
-13.7161 17.4599 -23.8376 -0.6468 0.0046 -0.7627 0.0054 0.1516
14.8977 15.3825 19.0659 0.9997 0.0004 0.0249 0.4524 0.1562
-11.7424 36.5707 23.1353 -0.2027 -0.0419 0.9783 0.6513 0.0194
-11.7424 36.5707 23.1353 -0.0233 -0.0552 0.9982 0.0745 0.6287
14.2327 -40.1651 14.3663 0.9665 -0.2566 0.0033 0.4232 0.5014
5.3893 8.8298 -24.2080 0.0762 -0.0180 -0.9969 0.1242 0.2052
14.1911 -32.0843 -18.6306 0.9986 -0.0001 -0.0533 0.2182 0.4512
-0.7440 -41.6001 11.3361 -0.0434 -0.9987 -0.0253 0.3759 0.7353
14.0353 40.1106 -15.6913 0.7486 0.6630 -0.0021 0.4774 0.5624
14.7717 -16.2437 8.8489 0.9996 0.0267 0.0017 0.3889 0.3528
11.7589 40.1635 18.1904 0.0198 0.9990 0.0409 0.4915 0.7730
-14.7202 6.1115 -14.0618 -0.9998 0.0103 -0.0156 0.8774 0.7152
14.8571 14.3692 17.0075 0.9898 0.0454 -0.1353 0.4396 0.1625
-13.3807 -25.6404 22.1927 -0.5927 -0.0135 0.8053 0.6615 0.4061
14.7320 -31.7801 7.8242 0.9998 0.0193 0.0080 0.3826 0.4493
-8.4879 -30.6397 23.7242 -0.0556 -0.0076 0.9984 0.6310 0.4371
14.5023 -25.6654 4.7856 0.9998 -0.0196 -0.0069 0.3637 0.4113
-13.1515 -39.1854 -19.4883 -0.6294 -0.7770 -0.0129 0.2988 0.5437
-13.1515 -39.1854 -19.4883 -0.9829 -0.1837 -0.0076 0.2008 0.7005
11.6868 -40.8564 -23.3999 0.0827 -0.3024 -0.9496 0.1633 0.5140
-8.5923 40.8213 21.2083 0.0627 0.9972 0.0402 0.6180 0.7917
-12.9956 3.8263 22.6824 -0.1632 -0.0101 0.9865 0.6591 0.2229
-14.1168 38.9341 21.8003 -0.6041 0.7662 0.2189 0.0818 0.6040
-14.1168 38.9341 21.8003 -0.9421 0.2876 0.1725 0.6545 0.5112
-3.9259 5.7991 24.2347 -0.0148 0.0158 0.9998 0.6027 0.2107
-4.4210 40.6580 19.7630 0.0479 0.9977 0.0480 0.5921 0.7827
14.6375 -12.0065 8.9450 0.9993 0.0371 -0.0002 0.3895 0.3264
-4.4665 40.7241 18.3917 0.0264 0.9982 0.0545 0.5924 0.7742
-2.1168 -41.5562 4.9664 0.0087 -1.0000 -0.0047 0.3674 0.6957
14.7907 -32.3019 13.7109 0.9996 -0.0278 -0.0068 0.4192 0.4526
14.9462 19.5043 16.9129 0.9918 0.1176 0.0502 0.4391 0.1306
-13.3664 -39.1370 -17.4889 0.2098 -0.9763 0.0530 0.2975 0.5562
-14.5283 9.7857 6.0913 -0.9997 -0.0001 0.0246 0.7521 0.6923
-13.2669 -20.4656 -24.1725 -0.2894 0.0056 -0.9572 0.0082 0.3873
-14.7563 -15.6154 -1.5818 -0.9998 0.0096 0.0183 0.7998 0.8502
-13.9839 -39.3918 -23.7279 -0.3954 -0.9159 -0.0694 0.2936 0.5174
-6.4834 40.9754 8.8672 0.0161 0.9998 0.0068 0.6049 0.7150
-6.3752 -40.6625 21.7940 0.0958 0.4337 0.8959 0.0022 0.6003
-6.3752 -40.6625 21.7940 0.0777 0.8645 0.4965 0.1182 0.5493
-12.3859 -26.7620 -24.3611 -0.1749 0.0052 -0.9846 0.0137 0.4264
-13.8029 -17.3968 21.7621 -0.9659 -0.0057 0.2588 0.6547 0.8613
4.5685 11.5833 24.5899 0.0564 -0.0117 0.9983 0.5499 0.1747
-9.7514 29.9342 -24.5224 -0.0391 0.0025 -0.9992 0.0301 0.0741
3.4492 7.0363 24.5857 0.0042 -0.0177 0.9998 0.5569 0.2030
-14.5309 -10.7301 6.3683 -0.9996 0.0060 0.0286 0.7504 0.8198
14.8701 -22.6967 17.2539 0.9996 -0.0125 0.0269 0.4412 0.3929
1.5966 -41.6163 15.5179 0.0068 -1.0000 0.0038 0.3905 0.7613
-14.6947 22.9369 -6.5274 -1.0000 0.0087 -0.0022 0.8305 0.6106
14.4225 11.9073 22.7819 0.6794 -0.0132 0.7336 0.4887 0.1727
14.4225 11.9073 22.7819 0.8808 -0.0128 0.4733 0.4755 0.1778
-5.6258 41.2547 -12.1551 0.0309 0.9995 0.0046 0.5996 0.5844
-3.5513 -33.9150 -24.4481 0.0229 -0.0108 -0.9997 0.0686 0.4709
14.2226 9.4241 -14.0867 0.9998 0.0040 -0.0218 0.2464 0.1932
-12.7746 40.6784 -3.7035 -0.8627 0.5057 0.0050 0.6440 0.6369
-12.7746 40.6784 -3.7035 -0.9993 0.0379 0.0031 0.2802 0.6796
9.6713 11.2202 24.0916 0.1400 -0.0190 0.9900 0.5182 0.1770
-12.8935 39.7349 12.1617 -0.9447 0.3064 0.1168 0.2743 0.5810
5.8518 -41.1365 -23.4669 0.0193 -0.7840 -0.6205 0.4169 0.5190
3.4392 -41.3526 22.2291 0.0039 -0.1037 0.9946 0.5569 0.5037
-14.6228 -25.8661 7.3331 -0.9993 0.0035 0.0379 0.7444 0.9139
-13.3854 -38.9797 -11.6699 0.3495 -0.9367 0.0209 0.2974 0.5923
14.5571 -23.9194 1.1385 0.9996 0.0143 0.0242 0.3410 0.4005
-2.8270 -14.0430 -24.5688 0.0316 -0.0089 -0.9995 0.0731 0.3474
14.6868 24.1059 11.5053 0.9983 0.0538 0.0208 0.4054 0.1020
14.3678 9.1835 -6.4155 0.9998 0.0000 -0.0174 0.2941 0.1947
-3.7059 40.9160 8.0795 0.0273 0.9996 0.0103 0.5876 0.7101
7.3286 15.9534 24.4548 0.0940 -0.0130 0.9955 0.5327 0.1476
13.7785 2.3220 -23.4751 0.9050 -0.0002 -0.4255 0.1880 0.2374
13.7785 2.3220 -23.4751 0.8644 0.0002 -0.5027 0.1763 0.2457
6.5563 -39.1745 -23.9657 0.0235 -0.0883 -0.9958 0.1314 0.5036
14.8198 6.2683 12.3981 0.9997 0.0059 -0.0254 0.4110 0.2129
14.4775 -10.5810 -4.6394 0.9998 0.0091 -0.0167 0.3051 0.3176
-14.5194 -14.3950 7.5911 -0.9994 0.0082 0.0333 0.7428 0.8426
-14.4227 -20.2077 11.2560 -0.9990 0.0072 0.0441 0.7200 0.8787
1.0002 40.9115 -5.9833 0.0211 0.9997 0.0120 0.5584 0.6227
14.4431 8.9693 -2.7133 0.9997 0.0054 -0.0219 0.3171 0.1961
14.2380 -7.9385 -13.9239 0.9995 0.0025 -0.0326 0.2474 0.3012
1.3063 -41.4076 -13.0121 0.0216 -0.9997 0.0135 0.3887 0.5840
-4.6543 4.2580 24.1604 -0.0459 -0.0359 0.9983 0.6072 0.2202
-1.0484 37.9698 -24.4130 0.0157 0.2340 -0.9721 0.0842 0.0241
14.8755 -18.9481 17.5383 1.0000 -0.0048 0.0034 0.4429 0.3696
-14.2797 15.9371 16.0824 -0.9988 0.0162 0.0457 0.6900 0.6541
-3.1621 39.3991 23.2484 -0.0007 0.2396 0.9709 0.1738 0.6147
-14.7410 -11.9941 -2.3997 -0.9998 0.0051 0.0200 0.8049 0.8277
-14.2222 -8.6582 14.4621 -0.9996 -0.0078 0.0278 0.7001 0.8070
13.2091 -39.9843 22.7488 0.0372 -0.5246 0.8506 0.4627 0.8062
13.2091 -39.9843 22.7488 0.1285 -0.2083 0.9696 0.4962 0.4952
5.7567 40.7954 -19.6075 0.0371 0.9993 -0.0075 0.5288 0.5381
-4.6349 13.5723 24.2576 -0.0636 0.0046 0.9980 0.6071 0.1623
14.7287 -0.0325 13.8177 0.9966 -0.0819 -0.0010 0.4198 0.2520
4.2673 40.4558 16.4846 0.0241 0.9977 0.0629 0.5381 0.7624
-14.1407 38.9354 -18.2094 -0.9734 0.2285 -0.0157 0.9031 0.5112
-9.1051 -14.0496 -24.7359 -0.0091 -0.0049 -0.9999 0.0341 0.3474
11.2787 -1.2895 23.5846 0.2193 -0.0155 0.9755 0.5082 0.2547
-3.9276 -41.4761 -18.3833 0.0112 -0.9996 -0.0278 0.3561 0.5506
14.6419 -5.9621 1.0849 0.9993 0.0069 -0.0365 0.3407 0.2889
14.6943 23.8832 13.7809 0.9891 0.0617 -0.1337 0.4196 0.1034
14.8143 -24.8624 12.9036 0.9996 0.0018 -0.0281 0.4141 0.4063
14.1194 23.8964 -15.7500 0.9999 -0.0089 -0.0126 0.2361 0.1033
7.6187 -41.0366 -23.6012 -0.0861 0.2360 -0.9679 0.1380 0.5152
7.6187 -41.0366 -23.6012 -0.0445 -0.7992 -0.5994 0.4279 0.5182
9.8700 27.9007 24.3327 0.1124 -0.0092 0.9936 0.5169 0.0733
-12.0639 41.6633 -17.5829 -0.4025 0.9153 0.0128 0.6396 0.5506
-9.3921 41.0605 5.4462 0.0506 0.9987 0.0058 0.6230 0.6938
-14.7653 -3.9493 -10.1215 -1.0000 0.0030 -0.0005 0.8529 0.7777
14.5924 35.9621 18.7032 0.9979 0.0473 0.0442 0.4502 0.0283
14.3591 37.3584 0.7436 0.9994 -0.0346 0.0002 0.3386 0.0196
14.2787 -40.1379 5.9706 0.9832 -0.1825 0.0019 0.3711 0.5013
5.4847 -41.6252 15.0688 -0.0255 -0.9995 -0.0190 0.4146 0.7585
-11.7690 10.5087 22.9413 -0.6958 -0.0107 0.7182 0.6514 0.1814
-13.1481 -18.3926 22.3967 -0.3067 -0.0104 0.9517 0.6600 0.3610
-7.4062 -21.6562 23.7728 -0.0650 -0.0031 0.9979 0.6243 0.3813
14.7421 -11.6944 21.0778 0.9917 -0.0027 0.1286 0.4649 0.3245
8.1862 38.3885 24.3538 -0.0059 0.5979 0.8015 0.5137 0.8113
8.1862 38.3885 24.3538 0.0228 0.0312 0.9993 0.5274 0.0081
14.9186 -13.6528 19.1788 0.9990 0.0164 0.0411 0.4531 0.3367
0.8120 -41.0403 22.1068 -0.0108 0.7471 0.6646 0.1202 0.5940
-0.3106 -41.6431 16.7207 0.0624 -0.9980 0.0000 0.3786 0.7688
-11.0730 38.5076 23.9994 -0.1178 0.2295 0.9662 0.6471 0.0074
14.5620 -15.5333 -0.0422 0.9999 0.0042 -0.0148 0.3337 0.3484
-11.3429 41.0637 12.0772 -0.0693 0.9975 0.0160 0.6351 0.7350
14.5454 -28.9872 1.2424 0.9983 -0.0537 0.0226 0.3417 0.4320
-14.7865 3.1713 -15.3292 -0.9998 0.0016 -0.0205 0.8852 0.7334
-5.4408 -41.5307 15.4107 -0.0217 -0.9997 0.0076 0.3467 0.7606
1.5008 -41.5432 18.0505 -0.0050 -0.9994 0.0336 0.3899 0.7770
-7.5043 20.0082 24.0531 -0.0267 -0.0924 0.9954 0.6249 0.1223
8.3155 -20.7222 -24.2673 0.0376 -0.0195 -0.9991 0.1424 0.3889
-13.6912 4.6862 22.3174 -0.8787 -0.0077 0.4774 0.6513 0.7240
-13.6912 4.6862 22.3174 -0.6198 -0.0155 0.7846 0.6634 0.2176
14.7073 2.4187 21.7792 0.9984 -0.0051 0.0555 0.4693 0.2368
-13.9347 -9.2466 -23.7065 -0.7121 0.0146 -0.7019 0.0041 0.3176
-13.9347 -9.2466 -23.7065 -0.9513 -0.0189 -0.3078 0.9373 0.8106
-0.1331 38.7259 -23.8344 0.0216 0.1997 -0.9796 0.0898 0.0194
-0.1331 38.7259 -23.8344 0.0238 0.6637 -0.7476 0.1468 0.5862
14.1429 4.2081 -16.6330 0.9997 -0.0113 -0.0207 0.2306 0.2257
4.5611 -39.8581 22.4967 -0.0244 -0.9014 0.4323 0.4089 0.8047
8.1283 13.4687 -24.2313 0.0622 0.0024 -0.9981 0.1412 0.1764
2.6543 23.1549 -24.3723 0.0268 -0.0054 -0.9996 0.1072 0.1162
14.2681 24.7414 -7.5594 0.9999 0.0087 -0.0144 0.2870 0.0980
-14.7257 -4.6642 -3.9621 -0.9999 0.0046 0.0096 0.8146 0.7821
-14.6158 4.4782 -20.4192 -0.9947 0.0059 -0.1022 0.9169 0.7253
-13.9083 34.7297 7.5108 -0.4127 0.4000 -0.8183 0.0138 0.6084
-2.5573 5.7695 24.1060 -0.2147 -0.1069 0.9708 0.5942 0.2108
14.3605 19.7091 -3.8497 0.9999 0.0144 -0.0056 0.3100 0.1293
11.7360 -3.6479 -24.0985 0.0539 0.0021 -0.9985 0.1636 0.2828
-13.8140 3.4235 22.0767 -0.8895 -0.0067 0.4570 0.6528 0.7319
-12.3612 -40.3087 15.1199 -0.9035 -0.4280 0.0227 0.0864 0.6260
-12.3612 -40.3087 15.1199 -0.7982 -0.5964 -0.0850 0.3037 0.7588
-12.1624 38.8332 -24.5141 0.2382 0.1579 -0.9583 0.0151 0.0188
-14.4806 33.9117 -15.4928 -0.9994 0.0238 -0.0243 0.8862 0.5424
-13.2991 28.9639 -1.2526 -0.3364 0.9391 0.0701 0.0906 0.5670
13.7610 -34.2585 -23.8877 0.6385 0.0234 -0.7693 0.1762 0.4730
14.7679 -12.8739 10.6719 0.9996 -0.0281 -0.0077 0.4003 0.3318
-4.4326 28.3026 -24.5826 0.0227 -0.0101 -0.9997 0.0631 0.0842
-3.2912 -4.7077 24.1147 -0.0556 0.0340 0.9979 0.5987 0.2760
14.6302 -7.4209 5.7254 0.9993 -0.0064 -0.0377 0.3695 0.2979
-2.7308 41.2397 -20.8848 0.0607 0.9981 0.0118 0.5816 0.5301
6.8777 40.5520 8.8825 0.0567 0.9984 -0.0088 0.5219 0.7151
7.0188 -41.2955 -14.5188 0.0462 -0.9989 -0.0011 0.4242 0.5746
-11.2505 -26.7923 23.4010 -0.1602 0.0078 0.9871 0.6482 0.4132
-14.1222 -39.3488 -2.5416 -0.0817 -0.9917 -0.0991 0.2928 0.6491
3.5388 8.5646 24.6143 0.0212 -0.0133 0.9997 0.5563 0.1935
3.1286 -41.5900 11.7823 -0.0039 -0.9999 -0.0125 0.4000 0.7381
-13.7476 20.0795 22.4831 -0.9059 0.0064 0.4235 0.6502 0.6284
-13.7476 20.0795 22.4831 -0.6665 -0.0091 0.7455 0.6637 0.1219
12.6201 -41.6877 22.0377 0.0185 -0.9719 0.2345 0.4590 0.8018
14.6108 -4.4697 22.0697 0.8444 -0.0226 0.5352 0.4875 0.2745
14.6108 -4.4697 22.0697 0.9906 -0.0082 0.1366 0.4711 0.2796
14.5512 -7.7333 -1.1613 0.9997 0.0007 -0.0226 0.3267 0.2999
-14.7051 -9.9221 -0.8816 -0.9998 0.0040 0.0215 0.7954 0.8148
-14.5739 14.6606 -20.3695 -0.9883 0.0020 -0.1524 0.9166 0.6620
-1.0373 -28.5603 24.0265 -0.0361 -0.0090 0.9993 0.5847 0.4242
-12.8598 -39.6031 14.8116 -0.7753 -0.6308 -0.0310 0.3006 0.7569
-13.1044 -39.2033 -15.5561 -0.7794 -0.6249 0.0449 0.2991 0.5682
-13.1044 -39.2033 -15.5561 -0.9850 -0.1701 0.0293 0.2007 0.6761
13.1945 39.9904 22.7472 0.1222 0.9184 0.3762 0.4826 0.8013
1.9106 11.3390 -24.4024 0.0342 0.0027 -0.9994 0.1025 0.1896
2.0435 -18.1915 -24.4129 0.0292 0.0082 -0.9995 0.1034 0.3732
2.0175 -41.3910 -4.4643 -0.0026 -1.0000 -0.0012 0.3931 0.6371
-13.3060 33.7984 -8.8535 -0.2838 0.4873 0.8259 0.0061 0.5524
-13.3060 33.7984 -8.8535 0.0733 0.5307 0.8444 0.0906 0.5198
-14.4248 13.4561 -20.9368 -0.9951 0.0118 -0.0984 0.9201 0.6695
-14.5267 -38.8940 -0.1267 -0.9939 -0.1077 0.0230 0.7907 0.9949
14.7300 -7.5150 8.9966 0.9969 -0.0670 -0.0414 0.3899 0.2985
-1.9854 -6.5516 -24.5444 0.0310 0.0045 -0.9995 0.0783 0.3008
-14.1642 -39.1880 0.7411 0.0644 -0.9979 -0.0077 0.2925 0.6695
4.3719 40.8644 -13.4516 0.0494 0.9988 0.0067 0.5374 0.5763
7.5515 17.2259 -24.2446 0.0273 0.0076 -0.9996 0.1376 0.1531
-14.3265 -39.3833 -12.4054 -0.2235 -0.9747 -0.0088 0.2915 0.5877
5.9631 8.7269 24.4660 0.0861 -0.0135 0.9962 0.5412 0.1925
1.6593 -23.2538 -24.4051 0.0253 -0.0106 -0.9996 0.1010 0.4046
13.4267 -32.9990 -23.9128 -0.2377 0.0028 -0.9713 0.1741 0.4652
8.1832 -8.2785 -24.3096 0.0440 -0.0115 -0.9990 0.1415 0.3116
-13.0746 30.2698 -5.1496 -0.9803 0.1444 0.1345 0.2155 0.6886
10.4380 -23.0437 -24.0970 0.0735 -0.0155 -0.9972 0.1555 0.4033
-4.0858 8.7743 -24.6031 0.0296 0.0031 -0.9996 0.0653 0.2056
-12.4326 -40.6987 4.9178 -0.7574 -0.6525 -0.0246 0.3033 0.6954
14.3355 39.4651 13.2085 0.9610 0.2767 -0.0012 0.4160 0.0065
14.6391 -7.3273 4.0566 0.9997 -0.0228 0.0025 0.3592 0.2974
-8.3452 41.4713 -15.6679 0.0583 0.9979 0.0274 0.6165 0.5625
14.3683 -39.1314 6.9086 0.9967 -0.0807 -0.0026 0.3769 0.4950
-4.3324 -19.1167 23.9676 -0.0687 0.0029 0.9976 0.6052 0.3655
2.1812 -41.3594 -6.8694 0.0547 -0.9985 -0.0100 0.3941 0.6222
-11.9683 -41.1626 8.3370 -0.5587 -0.8294 -0.0025 0.3062 0.7167
-14.3778 35.6195 10.8986 -0.9993 0.0334 -0.0151 0.7222 0.5318
14.2939 -12.9689 -10.5655 0.9995 0.0116 -0.0302 0.2683 0.3324
-14.7178 -2.6075 -3.9895 -0.9999 0.0038 0.0120 0.8148 0.7694
14.7545 -14.8693 9.3979 0.9999 -0.0073 -0.0156 0.3924 0.3442
-14.0173 -39.1894 9.6736 -0.4245 -0.9053 -0.0122 0.2934 0.7250
-14.4098 -9.2001 9.8749 -0.9993 0.0019 0.0376 0.7286 0.8103
-13.2236 29.7414 -4.5113 -0.2391 0.9017 0.3603 0.0901 0.5468
0.2763 39.1065 23.3949 0.0188 0.7302 0.6830 0.5629 0.8053
-7.4720 -8.7871 23.8758 -0.1182 -0.0360 0.9923 0.6247 0.3013
-0.5179 -40.7424 21.4200 -0.1320 -0.6350 0.7611 0.1282 0.5967
-0.5179 -40.7424 21.4200 -0.0514 0.8452 0.5320 0.1159 0.5857
-0.5179 -40.7424 21.4200 0.1717 -0.0926 0.9808 0.1952 0.7320
14.5803 -29.6340 5.4793 0.9984 -0.0249 -0.0498 0.3680 0.4360
1.9652 -41.6204 14.8726 -0.0105 -0.9999 -0.0134 0.3928 0.7573
14.1620 28.8440 -17.5918 0.9999 -0.0109 -0.0127 0.2246 0.0725
14.6371 32.1209 15.5385 0.9997 0.0246 -0.0088 0.4305 0.0522
14.0682 -39.6473 -19.8356 0.9865 -0.1586 -0.0398 0.2107 0.4982
14.6363 18.8308 7.0898 0.9991 0.0073 -0.0419 0.3780 0.1348
-8.3765 39.0424 23.5368 0.0158 0.7070 0.7070 0.6167 0.8062
14.8116 8.4116 12.4251 0.9992 -0.0403 -0.0052 0.4112 0.1995
13.1199 -40.6814 -18.7153 0.3408 -0.9401 -0.0039 0.4621 0.5485
-11.7637 38.4208 23.3115 -0.9972 0.0040 0.0746 0.1079 0.5268
-11.7637 38.4208 23.3115 -0.3950 -0.1828 0.9003 0.6514 0.0079
-11.7637 38.4208 23.3115 -0.4777 0.6501 0.5909 0.0672 0.6134
-11.7637 38.4208 23.3115 -0.4236 -0.1745 0.8889 0.0747 0.6172
-11.5292 -28.9697 23.3778 -0.4300 0.0217 0.9026 0.6499 0.4267
14.2094 5.8693 -15.0508 0.9997 -0.0052 -0.0218 0.2404 0.2153
7.3687 6.7147 24.2929 0.1063 -0.0138 0.9942 0.5325 0.2050
-12.6192 41.2785 -21.1909 -0.9350 0.3543 0.0148 0.2839 0.7883
-12.6192 41.2785 -21.1909 -0.7836 0.6211 0.0129 0.6430 0.5282
-12.7443 39.9875 5.4034 -0.9990 0.0431 0.0131 0.2759 0.6230
14.6410 -9.9835 2.9528 0.9998 -0.0084 -0.0180 0.3523 0.3139
10.6723 -41.6962 20.4905 -0.0152 -0.9998 -0.0154 0.4469 0.7922
-13.1964 -11.1758 -24.1755 -0.2310 0.0068 -0.9729 0.0087 0.3296
-11.5771 28.1003 23.2267 -0.9763 0.0261 0.2149 0.1084 0.5910
-4.3061 -41.5379 -8.4890 0.0151 -0.9998 -0.0093 0.3538 0.6121
2.6125 40.1660 -23.4674 -0.0370 0.0616 -0.9974 0.1069 0.0105
-6.2983 -27.7351 23.8065 -0.0448 -0.0078 0.9990 0.6174 0.4191
14.0199 15.2828 -22.2837 0.9997 0.0012 -0.0255 0.1955 0.1568
14.6247 -9.1752 2.3443 0.9984 -0.0186 -0.0541 0.3485 0.3088
-14.7721 -36.0707 -3.6422 -0.9979 -0.0645 0.0083 0.8126 0.9773
14.8203 18.0099 11.0447 0.9972 0.0753 -0.0017 0.4026 0.1399
-0.4694 14.4120 24.5693 -0.0613 -0.0106 0.9981 0.5812 0.1571
-2.8162 -41.1554 22.3080 0.0008 0.2143 0.9768 0.0283 0.5382
7.3180 40.5421 10.8957 0.1673 0.9858 0.0122 0.5191 0.7276
12.4999 40.4637 -13.7566 0.0674 0.9974 0.0257 0.4869 0.5744
14.7214 20.2328 16.6523 0.9961 0.0875 -0.0098 0.4374 0.1261
4.4129 40.8701 -14.0879 0.0485 0.9988 0.0006 0.5372 0.5724
-7.0087 20.8752 24.0199 -0.2364 0.0433 0.9707 0.6219 0.1170
-3.6698 1.5423 24.1750 -0.0351 -0.0330 0.9988 0.6011 0.2371
14.8674 -27.5097 17.8418 0.9988 -0.0421 0.0253 0.4448 0.4228
13.2940 37.6660 -23.9594 0.0211 0.0301 -0.9993 0.1733 0.0260
-6.7772 22.0554 24.1514 -0.1438 -0.0166 0.9895 0.6204 0.1096
6.3438 38.7999 23.9407 -0.0189 0.9346 0.3552 0.5252 0.8087
9.6552 3.8431 -24.1950 0.0409 -0.0052 -0.9991 0.1507 0.2362
0.6991 -41.1604 -23.5994 0.0550 -0.9538 -0.2953 0.3849 0.5182
0.6991 -41.1604 -23.5994 0.1178 0.0596 -0.9912 0.0950 0.5159
-7.4278 -38.2768 23.7286 0.0030 -0.1212 0.9926 0.6245 0.4846
1.1503 -41.5008 5.4857 0.0368 -0.9993 -0.0040 0.3877 0.6989
14.7984 -28.6288 3.5642 0.9982 -0.0485 -0.0365 0.3561 0.4297
-11.5214 37.5043 23.8810 -0.6169 -0.0021 0.7870 0.6499 0.0136
-14.2174 13.7345 16.5629 -0.9996 -0.0267 0.0040 0.6870 0.6678
14.4080 30.0792 4.7088 0.9997 -0.0205 -0.0158 0.3632 0.0649
13.5709 -41.2632 13.4561 0.6414 -0.7666 -0.0299 0.4649 0.7485
1.3809 40.9780 -12.7829 0.0362 0.9989 0.0293 0.5560 0.5805
-14.0416 30.9251 22.2954 -0.7859 -0.0111 0.6183 0.6656 0.0545
-14.0416 30.9251 22.2954 -0.9714 -0.0206 0.2364 0.6514 0.5609
9.7377 -30.1543 -24.0413 0.0765 -0.0121 -0.9970 0.1512 0.4475
-13.1701 29.9881 -23.9980 -0.4838 0.0047 -0.8751 0.0088 0.0737
14.5932 4.1605 2.9937 0.9985 -0.0075 -0.0550 0.3525 0.2260
-12.2002 39.5899 -23.4167 -0.6409 0.1075 -0.7600 0.0149 0.0141
14.5166 -25.7299 0.9316 0.9937 -0.1074 0.0312 0.3397 0.4117
-14.7140 -37.6705 -13.4722 -0.9995 -0.0306 -0.0077 0.8737 0.9873
-13.2105 36.7850 -10.1884 -0.3796 0.3322 0.8635 0.0055 0.5338
14.5209 34.6552 11.3901 0.9996 0.0208 -0.0215 0.4047 0.0364
-11.7365 13.5331 23.0010 -0.9008 0.0102 0.4342 0.1306 0.6681
-11.7365 13.5331 23.0010 -0.7343 -0.0034 0.6788 0.6512 0.1626
-0.8702 -15.0075 24.1600 -0.0811 -0.0119 0.9966 0.5837 0.3400
-14.3109 37.2251 17.4080 -0.9992 0.0093 0.0382 0.6818 0.5218
-11.7251 -29.0316 22.7930 -0.9984 -0.0216 0.0527 0.1616 0.6093
3.0643 -41.3715 -6.6732 -0.0032 -0.9996 -0.0270 0.3996 0.6234
-7.9518 41.5188 -20.9316 0.0589 0.9983 -0.0027 0.6140 0.5298
-13.8258 -15.2155 21.7536 -0.9580 -0.0042 0.2869 0.6548 0.8477
-8.9488 40.4181 23.2179 0.0420 0.3461 0.9373 0.1801 0.6507
-10.1966 -41.2265 -23.3392 -0.0254 0.1246 -0.9919 0.0477 0.6225
14.3848 -25.8387 22.0343 0.8403 -0.0163 0.5419 0.4889 0.4073
14.3848 -25.8387 22.0343 0.9030 -0.0097 0.4294 0.4709 0.4124
4.5066 40.8774 -17.5106 0.0387 0.9991 -0.0175 0.5366 0.5511
5.1804 -40.7870 -23.3778 -0.0055 -0.5136 -0.8580 0.1229 0.5136
4.0042 40.6810 9.4454 0.0351 0.9994 0.0015 0.5397 0.7186
-11.6442 26.7678 23.2085 -0.9637 0.0390 0.2641 0.1086 0.5992
-11.6442 26.7678 23.2085 -0.8249 0.0173 0.5651 0.6507 0.0803
-14.5892 -13.1696 -21.1587 -0.9962 0.0049 -0.0867 0.9215 0.8350
3.2356 -41.0546 -23.5058 -0.0956 -0.1654 -0.9816 0.1108 0.5153
-2.4057 30.5900 -24.5169 0.0260 0.0054 -0.9996 0.0757 0.0700
9.6001 40.5122 0.9326 0.0677 0.9977 0.0050 0.5049 0.6657
-4.1190 40.7090 18.7672 0.0305 0.9979 0.0573 0.5902 0.7766
4.2335 15.5694 -24.1625 0.1427 0.0481 -0.9886 0.1170 0.1634
-14.1366 -21.3664 -23.6228 -0.8594 0.0557 -0.5083 0.0028 0.3929
-5.7013 41.1485 -8.7955 0.0301 0.9993 0.0229 0.6000 0.6053
-14.1647 37.3147 20.5321 -0.9999 0.0100 0.0020 0.6623 0.5212
-12.8102 40.4149 -11.6515 -0.9904 0.1381 -0.0074 0.2785 0.7290
11.3567 -25.5726 23.3015 0.1865 0.0079 0.9824 0.5077 0.4056
-10.2696 -41.5698 -19.1795 0.0477 -0.9987 -0.0163 0.3167 0.5456
14.7742 -24.4321 8.9108 0.9982 0.0571 0.0208 0.3893 0.4037
14.6387 -35.9922 3.2392 0.9896 -0.1405 -0.0294 0.3541 0.4755
-6.1713 -9.4436 23.9553 -0.0655 -0.0185 0.9977 0.6166 0.3054
-10.7616 -41.5102 10.3708 -0.0576 -0.9983 -0.0131 0.3137 0.7293
-13.6928 -39.2492 17.4997 -0.7284 -0.6843 0.0329 0.2955 0.7736
-13.6928 -39.2492 17.4997 -0.9573 -0.2849 0.0488 0.6812 0.9971
14.7671 18.5212 15.2981 0.9967 0.0419 -0.0695 0.4290 0.1367
-14.5955 19.6485 2.9986 -0.9998 -0.0009 0.0177 0.7713 0.6310
3.1544 40.7905 0.9946 0.0316 0.9995 0.0013 0.5450 0.6661
4.2560 -41.6603 18.1854 -0.0586 -0.9983 0.0019 0.4070 0.7779
14.3235 -28.1139 -14.0155 0.9994 0.0144 -0.0319 0.2468 0.4265
-14.1066 38.9364 16.3559 -0.4558 0.8893 -0.0375 0.0817 0.5702
-14.4931 29.2502 2.1270 -0.9541 0.2908 -0.0715 0.7767 0.5714
-14.4931 29.2502 2.1270 -0.7982 0.5893 -0.1247 0.0980 0.5880
13.9027 20.1343 -23.4455 0.8755 -0.0098 -0.4832 0.1882 0.1267
-11.6743 41.0993 9.7395 -0.1205 0.9925 0.0197 0.6372 0.7204
2.0479 -41.5809 8.3915 -0.0326 -0.9995 -0.0029 0.3933 0.7170
-11.7683 -24.0236 22.6989 -0.9954 -0.0173 0.0938 0.1622 0.5782
-11.7683 -24.0236 22.6989 -0.5806 -0.0059 0.8142 0.6514 0.3960
-1.9475 -19.2197 -24.5225 0.0323 -0.0023 -0.9995 0.0786 0.3796
13.8868 37.4887 -23.7942 0.8922 0.0043 -0.4516 0.1861 0.0188
13.8868 37.4887 -23.7942 0.6797 -0.1552 -0.7169 0.1770 0.0271
2.5517 -41.3510 -18.2722 0.0118 -0.9998 -0.0153 0.3964 0.5513
-4.6739 -40.7152 -23.5751 -0.1266 -0.0640 -0.9899 0.0616 0.5132
5.1159 -40.9248 -23.3912 -0.0011 0.4772 -0.8788 0.1225 0.5145
6.9700 39.6714 22.9710 0.0483 0.8413 0.5384 0.5213 0.8027
6.9700 39.6714 22.9710 0.0114 0.3912 0.9202 0.1755 0.5517
-11.7804 6.0451 22.8950 -0.6017 -0.0055 0.7987 0.6515 0.2091
-12.8955 -39.1485 0.3747 -0.9692 -0.2420 0.0458 0.2011 0.5770
-12.8139 -39.5152 2.0153 -0.9886 -0.1504 -0.0010 0.1988 0.5669
14.8533 -8.7131 13.0581 0.9997 -0.0041 -0.0235 0.4151 0.3060
-10.0448 9.9516 23.7235 -0.1771 -0.0077 0.9842 0.6407 0.1849
-7.9231 14.2377 24.0362 -0.2132 -0.0041 0.9770 0.6275 0.1582
14.7761 6.9240 21.6199 0.9983 0.0018 0.0576 0.4683 0.2088
-12.6445 -40.1963 -23.6825 -0.8144 -0.3721 -0.4452 0.1946 0.7266
-12.6445 -40.1963 -23.6825 -0.6097 -0.5771 -0.5433 0.3020 0.5177
-12.5142 -40.1765 13.1263 -0.9126 -0.4047 0.0571 0.0873 0.6384
-12.5142 -40.1765 13.1263 -0.8045 -0.5923 0.0436 0.3028 0.7464
-2.7359 40.9309 4.1184 0.0252 0.9997 0.0073 0.5816 0.6855
14.2282 -33.8583 -17.5722 0.9992 -0.0119 -0.0375 0.2247 0.4622
-11.5502 31.8811 23.1381 -0.2668 0.0068 0.9637 0.0945 0.6310
-14.7364 7.1544 -17.3722 -0.9997 0.0137 -0.0214 0.8979 0.7087
1.7645 40.4074 19.6484 0.2505 0.9657 0.0691 0.5536 0.7820
1.8954 -38.7980 23.6003 0.0108 -0.2244 0.9744 0.5665 0.4878
-14.3029 35.8279 17.0065 -1.0000 -0.0049 -0.0074 0.6843 0.5305
-11.1748 10.1312 -24.4271 -0.1119 0.0016 -0.9937 0.0212 0.1971
-4.1772 -17.0792 -24.5945 0.0313 0.0004 -0.9995 0.0647 0.3663
-11.8162 -36.4581 23.3172 -0.9973 0.0079 0.0726 0.1583 0.6554
-11.8162 -36.4581 23.3172 -0.7558 0.0248 0.6543 0.6517 0.4733
-0.4278 40.3240 22.4912 0.0613 0.9824 0.1762 0.5673 0.7997
-1.3910 40.2716 22.7288 0.0352 0.9184 0.3940 0.5733 0.8012
-14.4733 17.8651 8.6478 -0.9997 -0.0103 0.0238 0.7362 0.6421
-3.7704 41.1960 -13.0818 0.0365 0.9993 0.0116 0.5880 0.5786
14.3842 -37.5451 -4.8181 0.9997 -0.0224 -0.0090 0.3040 0.4852
-3.0194 -5.1965 24.1768 -0.0749 0.0111 0.9971 0.5971 0.2790
14.6094 -26.4957 21.0755 0.9906 -0.0075 0.1362 0.4649 0.4165
14.1952 14.8314 -13.5657 0.9994 0.0139 -0.0307 0.2496 0.1596
10.6758 -41.5163 22.1660 0.0526 -0.6915 0.7205 0.4469 0.8026
10.6758 -41.5163 22.1660 0.1003 0.0412 0.9941 0.5119 0.5047
-11.7267 -41.2864 16.1322 -0.6123 -0.7906 0.0103 0.3077 0.7651
11.5417 -41.6796 19.0994 0.0401 -0.9992 0.0001 0.4523 0.7836
14.5697 37.5732 22.6757 0.9995 0.0085 -0.0300 0.4749 0.0183
-14.7794 -6.8797 -10.8053 -1.0000 0.0063 0.0011 0.8571 0.7959
14.5051 -32.8516 6.3110 0.9895 -0.1366 0.0483 0.3732 0.4560
14.4387 -12.6730 -6.9682 0.9997 -0.0051 -0.0234 0.2906 0.3306
-11.7615 -30.1840 22.6468 -0.9565 -0.0331 0.2897 0.1625 0.6165
-11.7615 -30.1840 22.6468 -0.4268 0.0006 0.9043 0.0187 0.5296
13.7709 19.1318 -23.6593 0.8704 0.0137 -0.4921 0.1869 0.1329
13.7709 19.1318 -23.6593 0.7331 -0.0110 -0.6800 0.1763 0.1412
14.1155 26.4327 -18.5178 0.9997 -0.0141 -0.0205 0.2189 0.0875
3.0912 20.9279 24.7301 -0.0032 0.0001 1.0000 0.5591 0.1166
14.9209 -8.4648 18.1863 0.9998 -0.0006 0.0186 0.4470 0.3044
-7.6036 -41.5407 19.4581 0.0266 -0.9993 0.0280 0.3333 0.7858
1.9735 40.7661 7.4636 0.0685 0.9976 0.0108 0.5523 0.7063
2.7381 -41.6053 18.6615 -0.0041 -0.9997 0.0241 0.3976 0.7808
-14.4324 31.9523 10.1047 -0.9999 0.0010 0.0146 0.7272 0.5546
14.2249 20.6801 -9.9535 0.9996 0.0076 -0.0273 0.2721 0.1233
14.2869 -29.4287 -16.0078 0.9999 0.0154 -0.0072 0.2345 0.4347
12.9688 19.2060 -23.9480 0.0873 0.0090 -0.9961 0.1713 0.1407
-6.4786 -18.4439 23.8253 -0.0541 -0.0040 0.9985 0.6186 0.3613
14.7340 3.6617 10.2082 1.0000 0.0050 -0.0071 0.3974 0.2291
5.1593 -12.8531 24.1755 0.0835 -0.0127 0.9964 0.5462 0.3266
14.3492 9.6521 -8.4634 0.9998 -0.0005 -0.0214 0.2813 0.1918
-12.7307 40.5001 13.9115 -0.6736 0.7390 0.0060 0.6437 0.7464
-12.7307 40.5001 13.9115 -0.9850 0.1704 0.0254 0.2790 0.5701
4.8463 -39.4536 23.2596 -0.0061 -0.7323 0.6810 0.4107 0.8094
4.3408 -41.4787 4.7477 0.0097 -0.9999 -0.0069 0.4075 0.6944
14.6703 3.4857 5.6723 1.0000 0.0052 0.0010 0.3692 0.2302
2.2348 40.2519 19.6944 0.0278 0.9978 0.0598 0.5507 0.7823
4.1976 7.2873 -24.3592 -0.0253 0.0287 -0.9993 0.1168 0.2148
14.7680 -10.2304 20.9521 0.9925 -0.0103 0.1222 0.4642 0.3154
-13.5158 39.3215 -18.5604 0.0708 0.9950 0.0706 0.0572 0.5565
14.6349 24.6676 10.6861 0.9989 0.0137 -0.0456 0.4004 0.0985
14.3528 20.2311 -3.8076 0.9999 0.0113 -0.0100 0.3103 0.1261
14.1640 16.0630 -12.8513 0.9995 0.0176 -0.0253 0.2541 0.1520
-14.8233 -12.3468 -12.8433 -1.0000 0.0083 0.0020 0.8698 0.8299
-4.4477 -40.5273 21.5353 -0.0433 -0.9272 0.3720 0.1289 0.6211
-4.4477 -40.5273 21.5353 0.0256 -0.4101 0.9117 0.0030 0.5883
-12.9368 39.5184 -18.0418 -0.9751 0.2212 0.0130 0.2729 0.7687
14.4129 -14.1883 -7.9724 0.9994 0.0154 -0.0319 0.2844 0.3400
14.8884 0.0201 15.7218 0.9982 0.0118 -0.0589 0.4317 0.2517
-14.7295 1.1670 -8.5745 -0.9997 0.0224 0.0057 0.8432 0.7459
14.6310 0.2364 22.2235 0.8059 -0.0189 0.5918 0.4874 0.2452
14.6310 0.2364 22.2235 0.9167 -0.0068 0.3995 0.4721 0.2503
14.8722 11.3120 14.7816 0.9943 -0.0571 -0.0901 0.4258 0.1815
14.1744 -16.4620 -16.6447 0.9994 0.0052 -0.0336 0.2305 0.3541
14.8650 -28.0684 15.8930 0.9993 -0.0253 0.0258 0.4327 0.4263
-14.8378 -13.9649 -14.1167 -1.0000 0.0075 -0.0021 0.8777 0.8399
11.8066 -16.0292 23.2718 0.2394 -0.0124 0.9708 0.5049 0.3463
-5.7512 -41.5421 -13.9525 -0.0329 -0.9990 0.0318 0.3448 0.5781
1.5629 40.8110 2.4992 0.0300 0.9995 0.0062 0.5549 0.6754
-13.9920 -39.3264 4.1009 -0.4518 -0.8916 0.0303 0.2936 0.6903
12.5826 -24.8623 23.0208 0.2212 0.0010 0.9752 0.5001 0.4012
1.8545 8.8496 -24.4102 0.0294 -0.0006 -0.9996 0.1022 0.2051
13.6512 -34.7579 -23.9595 0.2146 -0.0232 -0.9764 0.1755 0.4761
13.9785 -39.6072 -21.7584 0.9918 -0.1189 -0.0461 0.1987 0.4980
-11.6435 -11.6560 23.1078 -0.7270 -0.0023 0.6867 0.6507 0.3191
-12.6844 -39.6529 6.7516 -0.9702 -0.2407 0.0283 0.1979 0.5374
-13.2967 -1.5895 -24.1037 -0.3951 0.0039 -0.9186 0.0080 0.2700
-12.5458 -0.7178 -24.2350 -0.1650 0.0066 -0.9863 0.0127 0.2646
14.5517 -13.2874 -0.8633 0.9999 -0.0038 -0.0151 0.3286 0.3344
-14.2389 -0.2717 14.1173 -0.9994 -0.0005 0.0337 0.7022 0.7548
14.5127 2.2582 -2.2448 0.9997 -0.0049 -0.0257 0.3200 0.2378
14.5431 24.3244 8.0301 0.9994 -0.0063 -0.0344 0.3839 0.1006
5.7778 39.0245 23.3807 0.0122 0.9133 0.4070 0.5287 0.8052
14.7650 -7.5191 11.2597 0.9998 -0.0019 -0.0184 0.4039 0.2985
-14.0334 -16.7530 18.4965 -0.9980 -0.0010 0.0625 0.6750 0.8573
14.1250 0.2083 -17.9475 0.9999 -0.0090 -0.0125 0.2224 0.2505
-13.2515 32.0786 -24.1971 -0.3619 -0.0309 -0.9317 0.0083 0.0607
4.3823 -39.5125 -24.0053 0.0608 -0.2608 -0.9635 0.1179 0.5057
13.6939 -21.0182 -23.7912 0.8845 0.0121 -0.4664 0.1861 0.3824
13.6939 -21.0182 -23.7912 0.5040 0.0203 -0.8635 0.1758 0.3907
14.6682 -9.4052 6.0723 0.9989 0.0381 0.0277 0.3717 0.3103
-13.4664 29.2881 2.0809 0.1369 0.9170 -0.3746 0.0916 0.5877
14.5972 23.7833 9.8126 0.9998 0.0044 -0.0182 0.3949 0.1040
14.2856 -26.7244 -14.5918 0.9995 0.0093 -0.0289 0.2433 0.4179
7.6550 35.8953 24.4418 0.0354 0.0249 0.9991 0.5307 0.0236
14.3823 18.0698 -3.9413 0.9998 0.0121 -0.0144 0.3094 0.1395
6.7112 40.3787 15.9862 0.0437 0.9990 -0.0034 0.5229 0.7593
6.8460 -39.9291 22.4270 -0.0461 -0.8138 0.5793 0.4231 0.8042
-13.6938 39.2779 -16.9644 -0.0674 0.9975 0.0209 0.0583 0.5664
0.6148 41.0476 -20.5276 0.0529 0.9986 0.0031 0.5608 0.5323
8.7339 40.6742 -20.0571 0.0328 0.9993 -0.0169 0.5103 0.5353
14.2948 -38.5521 19.9877 0.9942 -0.0990 0.0420 0.4582 0.4914
-5.7947 40.3141 23.0826 0.0533 0.7086 0.7036 0.6006 0.8034
12.5327 -41.0095 22.1627 -0.0453 -0.2948 0.9545 0.5004 0.5016
-11.6287 -36.4019 23.5317 -0.4637 0.0210 0.8857 0.6506 0.4729
-13.1866 38.8730 10.6545 -0.3039 0.9504 -0.0659 0.0760 0.5347
-12.6721 41.1931 -22.4895 -0.9561 0.2928 0.0077 0.2834 0.7963
14.8185 -11.3533 13.6038 0.9971 0.0035 -0.0759 0.4185 0.3224
8.2052 40.6168 -2.6876 0.0562 0.9984 0.0076 0.5136 0.6432
14.2032 9.1136 -14.8715 0.9996 -0.0018 -0.0264 0.2415 0.1952
-11.8160 -35.1165 23.0920 -0.9885 0.0091 -0.1511 0.1597 0.6471
14.8923 -12.8539 14.8552 0.9994 0.0059 -0.0347 0.4263 0.3317
-14.4709 -26.5312 10.7629 -0.9988 -0.0005 0.0496 0.7231 0.9180
-11.8315 -37.5673 23.3540 -0.9964 0.0344 0.0769 0.1581 0.6623
-11.8315 -37.5673 23.3540 -0.7317 0.0219 0.6812 0.6518 0.4802
-11.7879 -4.8253 22.7532 -0.6078 0.0032 0.7941 0.6516 0.2767
-14.0778 38.4351 8.8609 -0.2213 0.5687 -0.7922 0.0815 0.5236
-14.0778 38.4351 8.8609 -0.7053 0.2712 -0.6550 0.0127 0.5853
14.3790 32.0131 -0.5680 0.9999 -0.0085 -0.0109 0.3304 0.0529
-13.0426 29.9621 -4.4354 -0.9913 0.1054 0.0784 0.2136 0.6841
14.5873 21.9734 8.0035 0.9980 0.0344 -0.0533 0.3837 0.1153
-2.3552 -41.6092 17.1171 -0.0103 -0.9998 0.0142 0.3659 0.7712
14.6400 -31.8508 6.2740 0.9991 -0.0058 -0.0416 0.3729 0.4498
14.7156 6.0423 7.9389 0.9999 0.0070 0.0099 0.3833 0.2143
1.0484 -41.4840 0.5321 0.0725 -0.9973 -0.0078 0.3871 0.6682
-12.7175 -39.8389 18.3840 -0.8088 -0.5789 0.1036 0.3015 0.7791
6.8469 -19.5816 23.9301 0.0969 -0.0122 0.9952 0.5357 0.3684
14.3382 -35.8214 -12.4304 1.0000 -0.0029 -0.0090 0.2567 0.4744
-13.5254 -39.0261 -8.2389 0.2060 -0.9783 0.0208 0.2965 0.6136
6.1121 -26.2859 -24.3122 0.0492 -0.0039 -0.9988 0.1287 0.4235
9.7988 -11.3894 -24.1816 0.0579 -0.0044 -0.9983 0.1516 0.3309
14.4918 35.6593 11.8335 0.9990 0.0432 -0.0057 0.4075 0.0302
-14.5963 29.0272 2.5968 -0.9931 0.1129 -0.0327 0.7738 0.5727
-13.7497 34.1653 22.6634 -0.5505 -0.0132 0.8347 0.6637 0.0344
-13.0887 -6.5651 22.5087 -0.2816 -0.0100 0.9595 0.6596 0.2875
0.8154 -18.1384 24.2343 -0.0289 -0.0152 0.9995 0.5732 0.3594
-14.4621 -39.2539 -5.6009 -0.8808 -0.4735 0.0027 0.8248 0.9971
-14.4621 -39.2539 -5.6009 -0.2578 -0.9660 -0.0213 0.2907 0.6300
-14.1385 9.6163 18.2784 -0.9975 -0.0274 0.0658 0.6764 0.6934
14.8633 -27.7982 14.4779 0.9998 -0.0069 -0.0189 0.4239 0.4246
14.6804 -27.5621 6.8501 0.9962 0.0860 0.0149 0.3765 0.4231
-7.9216 -34.8235 23.7394 -0.0321 -0.0034 0.9995 0.6275 0.4631
14.1835 26.9249 -9.3107 1.0000 0.0010 -0.0052 0.2761 0.0845
14.6001 -21.5908 3.8470 0.9858 -0.1595 -0.0525 0.3579 0.3860
-5.7828 -41.2968 22.3505 0.0861 -0.2308 0.9692 0.0274 0.5566
-5.7828 -41.2968 22.3505 0.0690 -0.8496 0.5229 0.3446 0.8038
-14.5239 -7.2966 -22.0046 -0.9886 0.0026 -0.1509 0.9267 0.7985
-14.3416 29.1941 -1.5443 0.0157 0.9993 0.0335 0.0971 0.5652
14.0120 39.7262 21.8084 0.5024 0.8616 0.0732 0.4775 0.7955
12.0045 -14.6948 23.2399 0.2455 -0.0092 0.9694 0.5037 0.3380
4.8586 40.7094 2.7852 0.0335 0.9994 -0.0092 0.5344 0.6772
11.0286 39.1890 23.1451 -0.0743 0.7074 0.7029 0.4961 0.8038
11.0286 39.1890 23.1451 -0.0351 0.3750 0.9264 0.1725 0.5265
14.0219 -6.3978 -19.7154 0.9998 0.0116 -0.0184 0.2114 0.2916
14.4526 18.0735 0.1187 0.9997 0.0102 -0.0226 0.3347 0.1395
-14.7156 -31.4056 4.5941 -0.9994 -0.0046 0.0330 0.7614 0.9483
-14.7567 -7.2554 -6.6469 -1.0000 0.0054 0.0070 0.8313 0.7982
-14.2473 13.6180 -22.4944 -0.9704 0.0040 -0.2413 0.9298 0.6685
-14.8546 -16.6465 -8.0748 -0.9999 0.0113 0.0054 0.8401 0.8566
-7.7278 21.1026 24.1082 0.0522 0.0291 0.9982 0.6263 0.1155
14.6344 18.5797 12.0799 0.9972 0.0743 -0.0094 0.4090 0.1363
13.6367 -19.5229 22.7965 0.3615 -0.0086 0.9323 0.4935 0.3680
14.2348 39.7151 10.4164 0.9440 0.3298 0.0057 0.3987 0.0050
14.2348 39.7151 10.4164 0.7172 0.6968 0.0111 0.4761 0.7247
14.4802 -33.6132 -5.3320 0.9998 -0.0133 -0.0123 0.3008 0.4607
5.3224 -41.5887 5.9744 0.0276 -0.9996 -0.0117 0.4136 0.7020
2.3284 -41.3984 -14.3740 0.0284 -0.9994 0.0182 0.3950 0.5755
5.0665 -28.3957 -24.2680 0.0243 -0.0239 -0.9994 0.1222 0.4366
14.6799 -26.6459 8.1750 0.9942 -0.1045 -0.0255 0.3848 0.4174
-14.3204 -14.0563 -22.8425 -0.9641 0.0065 -0.2653 0.9319 0.8405
-14.3373 -39.3068 -2.4573 -0.3961 -0.9179 0.0225 0.2915 0.6496
14.8428 11.7264 14.2317 0.9967 -0.0439 -0.0685 0.4224 0.1789
-2.6494 41.2442 -22.6186 0.0725 0.9972 -0.0176 0.5811 0.5193
13.8700 1.3722 -23.2709 0.9692 -0.0072 -0.2462 0.1893 0.2433
2.4126 -41.4158 -2.7429 -0.0264 -0.9996 0.0077 0.3956 0.6478
2.7548 40.6225 13.6251 0.0303 0.9988 0.0389 0.5475 0.7446
-0.4404 17.2592 -24.4784 0.0341 0.0019 -0.9994 0.0879 0.1528
-14.1822 37.4444 -19.0920 -0.9984 0.0410 -0.0393 0.9086 0.5204
14.0714 -17.9466 22.5771 0.5837 -0.0106 0.8119 0.4908 0.3582
-9.6287 -40.6547 -23.1866 0.0980 -0.3641 -0.9262 0.0513 0.6260
-9.6287 -40.6547 -23.1866 -0.0132 -0.9179 -0.3967 0.0638 0.6297
14.6232 -35.0644 8.8653 0.9970 -0.0024 -0.0780 0.3890 0.4697
6.4843 40.5712 10.5409 0.0055 0.9997 0.0254 0.5243 0.7254
4.7135 -41.6502 10.5388 0.0134 -0.9997 -0.0183 0.4099 0.7303
2.3870 40.5909 16.2888 0.0863 0.9962 0.0140 0.5498 0.7612
-14.7171 19.4556 -12.7902 -0.9998 0.0075 0.0173 0.8694 0.6322
-12.3560 39.3336 22.7080 -0.5844 -0.1219 0.8023 0.1734 0.6718
14.6308 -5.9577 1.7945 0.9999 0.0126 0.0006 0.3451 0.2888
14.2021 -25.6510 -17.2299 0.9994 0.0063 -0.0353 0.2269 0.4112
3.4100 39.8988 22.9373 0.0196 0.8350 0.5499 0.5434 0.8025
3.4100 39.8988 22.9373 0.0261 0.3003 0.9535 0.1769 0.5738
14.3151 -35.8539 -14.2705 0.9998 -0.0025 -0.0206 0.2453 0.4746
14.6579 -1.1852 4.9277 1.0000 0.0053 0.0008 0.3646 0.2592
14.8539 15.9591 19.4636 0.9973 0.0131 0.0729 0.4549 0.1526
-14.4801 1.9937 -21.9670 -0.9847 0.0104 -0.1739 0.9265 0.7408
14.7136 -18.1062 8.1551 0.9924 -0.1205 0.0240 0.3846 0.3643
14.6861 2.7277 10.1843 0.9995 -0.0289 -0.0106 0.3972 0.2349
-9.3356 -25.8523 23.6025 -0.0855 0.0184 0.9962 0.6363 0.4074
14.0351 28.5951 23.4916 0.5797 -0.0204 0.8145 0.4911 0.0690
-10.2079 -40.3291 -23.7850 -0.0129 -0.8856 -0.4643 0.0601 0.6333
-10.2079 -40.3291 -23.7850 -0.0363 -0.8427 -0.5372 0.3171 0.5170
-13.5293 -36.8620 21.6365 -0.9784 -0.0346 0.2037 0.6555 0.9822
-14.5536 28.6348 4.6138 -0.9998 -0.0001 0.0192 0.7613 0.5752
14.8266 -7.7049 20.3472 0.9947 0.0053 0.1031 0.4604 0.2997
14.5264 12.5200 2.3547 0.9998 0.0064 -0.0197 0.3486 0.1740
-14.7170 1.8048 -16.2426 -0.9999 -0.0129 -0.0059 0.8909 0.7419
-14.2348 37.6927 -12.4631 -0.9980 0.0621 0.0095 0.8674 0.5189
-14.3382 27.2201 15.0224 -0.9998 0.0009 0.0216 0.6966 0.5840
14.1050 29.1404 -20.0858 0.9994 -0.0041 -0.0336 0.2091 0.0707
-7.3645 2.7687 23.9058 -0.0859 -0.0007 0.9963 0.6241 0.2295
6.1208 -24.9199 23.9152 0.0825 -0.0140 0.9965 0.5403 0.4016
14.8814 14.7098 14.9142 0.9985 0.0525 -0.0167 0.4266 0.1604
0.3491 -40.8516 21.6911 0.0034 0.8883 0.4592 0.1176 0.5911
-6.7301 -29.8545 23.7779 -0.0327 -0.0028 0.9995 0.6201 0.4322
-13.3732 31.1333 -24.0594 -0.3765 -0.0793 -0.9230 0.0076 0.0666
-9.5020 16.6631 23.8127 0.0427 -0.0200 0.9989 0.6373 0.1431
14.1276 35.0918 -20.7841 0.9999 -0.0010 -0.0147 0.2048 0.0337
14.6537 -30.1623 2.0800 0.9995 0.0292 -0.0152 0.3469 0.4393
13.0272 14.6121 -23.9609 0.2302 -0.0006 -0.9731 0.1716 0.1693
14.3873 -8.6988 -8.4117 0.9996 -0.0006 -0.0274 0.2817 0.3059
14.7465 -23.8507 3.0327 0.9978 -0.0453 -0.0489 0.3528 0.4000
14.8389 19.2593 19.3721 0.9992 -0.0021 0.0404 0.4543 0.1321
14.7135 12.2407 8.3955 0.9982 -0.0489 -0.0335 0.3861 0.1757
-13.8898 39.0844 20.5895 0.1349 0.9909 0.0001 0.0804 0.5965
-14.5968 -22.3486 7.5295 -0.9993 0.0065 0.0369 0.7432 0.8920
2.3539 39.9634 23.0043 0.0457 0.8836 0.4660 0.5500 0.8029
2.3539 39.9634 23.0043 0.0347 0.3142 0.9487 0.1773 0.5804
-14.5229 22.9901 -19.6646 -0.9987 0.0127 -0.0493 0.9122 0.6103
6.6703 40.7504 -23.3780 0.0256 0.8866 -0.4617 0.5232 0.5146
2.7818 -40.7237 21.5862 -0.0413 -0.9826 0.1811 0.1293 0.5762
14.2929 39.6105 14.9261 0.7134 0.7007 0.0070 0.4758 0.7527
14.2929 39.6105 14.9261 0.9691 0.2468 -0.0036 0.4267 0.0056
-0.9989 38.3459 -24.2017 0.0166 0.6071 -0.7945 0.1445 0.5808
-5.0487 -22.5698 23.8869 -0.0522 -0.0097 0.9986 0.6097 0.3870
3.3734 -41.6078 18.5762 0.0009 -1.0000 -0.0094 0.4015 0.7803
14.6604 26.6021 11.0129 0.9967 0.0657 -0.0487 0.4024 0.0865
14.1953 11.3323 -14.0733 0.9996 0.0111 -0.0265 0.2465 0.1814
-12.8619 40.0962 -20.2048 -0.9762 0.2159 0.0196 0.2765 0.7821
6.6492 -41.1485 -23.1929 -0.5279 -0.2896 -0.7984 0.1320 0.5159
6.6492 -41.1485 -23.1929 0.0929 -0.9296 -0.3567 0.4219 0.5207
-14.6766 18.2864 -3.0896 -0.9999 -0.0019 0.0133 0.8092 0.6395
-14.5393 20.2132 7.1942 -0.9997 0.0122 0.0228 0.7452 0.6275
10.9334 -29.7252 -23.9494 0.0831 -0.0155 -0.9964 0.1586 0.4449
-6.3924 -32.1303 23.7843 -0.0323 -0.0037 0.9995 0.6180 0.4464
3.0928 25.0573 -24.3733 0.0299 -0.0041 -0.9995 0.1099 0.1044
-12.2849 40.8063 20.9500 -0.7407 0.6714 0.0226 0.6410 0.7901
1.3392 38.2965 24.3079 0.0051 0.1246 0.9922 0.5700 0.0087
1.3392 38.2965 24.3079 -0.0064 0.5905 0.8070 0.5563 0.8110
-4.6466 40.2366 23.0759 0.0562 0.8232 0.5649 0.5935 0.8033
-4.6466 40.2366 23.0759 0.0503 0.4702 0.8811 0.1790 0.6239
-13.0071 -39.1733 5.5350 -0.2208 -0.9498 -0.2215 0.2997 0.6992
13.9600 26.4287 23.4813 0.4676 -0.0237 0.8836 0.4915 0.0824
6.9034 -40.9811 -23.4280 -0.4260 0.0940 -0.8998 0.1336 0.5148
-13.1393 21.9269 22.8706 -0.2211 -0.0048 0.9752 0.6600 0.1104
-12.6196 39.2350 -24.0496 -0.1980 0.9680 -0.1541 0.0517 0.5224
-12.9866 39.2483 -12.1685 -0.6652 0.7466 0.0115 0.0539 0.5962
-12.9866 39.2483 -12.1685 -0.9842 0.1768 -0.0063 0.2713 0.7322
1.0096 -40.6526 -23.5164 0.0583 -0.3719 -0.9265 0.0970 0.5128
-5.8093 39.4981 23.3843 0.0258 0.2049 0.9784 0.1744 0.6311
-11.5701 33.2658 23.1387 -0.9801 -0.0730 0.1845 0.1090 0.5589
-11.5701 33.2658 23.1387 -0.3093 -0.0114 0.9509 0.6502 0.0400
-11.5701 33.2658 23.1387 -0.3030 -0.0126 0.9529 0.0946 0.6224
14.8764 -26.1228 16.3033 0.9996 -0.0181 0.0231 0.4353 0.4142
-13.1926 -39.2496 4.3578 -0.0249 -0.8524 0.5222 0.2986 0.6919
-0.6249 -40.8091 21.5168 -0.0096 0.8787 0.4772 0.1165 0.5850
-2.6435 -41.5757 18.5869 -0.0102 -0.9996 0.0262 0.3641 0.7804
-4.5092 -9.2729 24.0415 -0.0469 -0.0177 0.9987 0.6063 0.3043
-12.4314 -8.8731 22.5510 -0.1790 -0.0000 0.9839 0.6556 0.3018
-5.3100 -41.5625 5.2385 -0.0094 -1.0000 0.0007 0.3476 0.6974
-14.5019 -39.1961 -6.7867 -0.7732 -0.6342 0.0062 0.2904 0.6227
-14.5019 -39.1961 -6.7867 -0.8792 -0.4765 0.0063 0.8321 0.9967
-0.9447 -35.3556 23.8655 -0.0002 -0.0489 0.9988 0.5842 0.4664
-0.0128 -41.6602 13.7022 0.0588 -0.9983 0.0041 0.3805 0.7500
3.5777 -41.4308 0.6801 -0.0051 -1.0000 0.0085 0.4028 0.6691
14.2737 10.3689 -11.1139 0.9998 0.0030 -0.0213 0.2649 0.1874
5.4367 40.0699 22.3969 0.0392 0.9917 0.1221 0.5308 0.7991
13.8558 39.1858 -23.3881 0.2384 0.3012 -0.9233 0.1768 0.0166
-5.5882 41.2962 -13.7180 0.0411 0.9984 0.0394 0.5993 0.5747
14.3537 9.6817 -7.6704 1.0000 0.0003 -0.0068 0.2863 0.1916
-14.6653 5.2385 -19.7535 -0.9987 0.0114 -0.0502 0.9127 0.7206
14.0917 25.5548 -19.5135 0.9998 0.0074 -0.0157 0.2127 0.0930
1.5417 40.5892 13.5200 0.0014 0.9999 0.0118 0.5550 0.7439
-13.8855 32.0892 22.5117 -0.7354 -0.0101 0.6776 0.6646 0.0473
-11.5591 -27.1157 -24.4852 -0.1161 -0.0113 -0.9932 0.0188 0.4286
7.4316 -41.2583 -23.1555 -0.0186 -0.9675 -0.2522 0.4267 0.5209
-7.0682 21.2632 23.9903 -0.1515 -0.0247 0.9882 0.6222 0.1146
-2.9449 16.1383 -24.5632 0.0259 0.0039 -0.9997 0.0724 0.1598
14.4482 36.3235 9.9532 0.9994 0.0347 -0.0092 0.3958 0.0261
14.3449 15.4114 -7.5561 0.9999 0.0028 -0.0102 0.2870 0.1560
-11.3191 -41.4542 17.1162 -0.3264 -0.9452 -0.0012 0.3102 0.7712
14.8922 -19.5716 17.1235 0.9998 0.0180 -0.0019 0.4404 0.3735
-14.6210 -5.6578 2.0818 -0.9997 0.0018 0.0240 0.7770 0.7883
14.6428 -30.9546 1.5595 0.9999 -0.0079 -0.0084 0.3436 0.4442
-14.1404 -7.4534 17.0496 -0.9986 0.0010 0.0519 0.6840 0.7995
14.1527 14.4429 -16.1617 0.9999 0.0111 -0.0046 0.2335 0.1621
-12.8505 -39.2175 1.1939 -0.9741 -0.2259 -0.0053 0.2006 0.5720
13.2089 40.2189 5.0406 0.1668 0.9860 -0.0053 0.4825 0.6912
-14.7583 12.0847 -10.1580 -1.0000 0.0044 -0.0043 0.8531 0.6780
-0.4377 41.0979 -17.8432 0.0424 0.9991 -0.0011 0.5673 0.5490
-5.3781 -12.4450 23.9786 -0.0638 0.0074 0.9979 0.6117 0.3240
8.1196 40.7047 -19.3177 0.0364 0.9993 -0.0116 0.5141 0.5399
-13.6129 -39.0785 5.4980 0.1124 -0.9935 0.0165 0.2960 0.6990
0.6711 32.9195 -24.4286 0.0248 0.0026 -0.9997 0.0948 0.0555
-13.8601 29.4855 1.9840 0.2038 0.9199 -0.3351 0.0941 0.5871
5.3609 13.8814 -24.3046 0.0278 0.0154 -0.9995 0.1240 0.1738
-11.5018 22.5329 23.5001 -0.7185 -0.0084 0.6955 0.6498 0.1067
-14.7489 -35.8459 -1.4753 -0.9977 -0.0649 0.0190 0.7991 0.9759
0.4360 38.2296 -24.2599 0.0170 0.6624 -0.7489 0.1442 0.5897
0.4360 38.2296 -24.2599 0.0179 0.4326 -0.9014 0.0934 0.0225
0.9489 40.9561 -9.6849 0.0230 0.9997 0.0033 0.5587 0.5997
13.5711 -5.5285 22.9821 0.2786 -0.0131 0.9603 0.4939 0.2811
9.4147 17.5469 -24.0542 0.1602 -0.0478 -0.9859 0.1492 0.1511
-14.6127 -17.0754 5.5350 -0.9995 0.0112 0.0293 0.7556 0.8593
14.1115 16.8002 -18.3264 0.9999 0.0087 -0.0109 0.2200 0.1474
14.8130 13.5956 10.1845 0.9971 0.0732 -0.0182 0.3972 0.1673
3.0551 -41.4153 1.2065 0.0061 -0.9998 -0.0180 0.3995 0.6723
-7.6611 -12.2451 23.7875 -0.0998 0.0168 0.9949 0.6259 0.3228
-8.3697 -35.4644 23.7194 -0.0360 -0.0063 0.9993 0.6303 0.4671
-12.9027 -39.6915 -10.2512 -0.9856 -0.1686 0.0144 0.1977 0.6431
7.0385 -41.1331 -23.3265 -0.1185 -0.9152 -0.3852 0.4243 0.5199
13.9357 34.0630 -23.6848 0.8840 0.0155 -0.4672 0.1867 0.0401
13.9357 34.0630 -23.6848 0.6940 0.0201 -0.7197 0.1773 0.0484
14.7503 28.7219 18.9857 0.9998 0.0161 -0.0113 0.4519 0.0733
8.7639 22.4632 24.3779 0.1020 -0.0044 0.9948 0.5238 0.1071
8.8543 18.0789 24.3262 0.1105 -0.0160 0.9937 0.5233 0.1343
-12.1876 -41.1524 -4.8636 -0.6526 -0.7576 0.0155 0.3048 0.6346
-14.4747 28.7418 -17.7499 -0.9993 0.0181 -0.0339 0.9003 0.5745
-13.6450 -39.2189 -15.8839 -0.1077 -0.9941 0.0112 0.2958 0.5661
-13.3109 39.2474 -23.0026 -0.2361 0.9509 -0.2001 0.0560 0.5289
-14.6002 -31.7343 -21.3958 -0.9985 -0.0066 -0.0545 0.9229 0.9504
6.4787 40.5781 -23.4754 -0.0098 0.3493 -0.9370 0.1309 0.0079
1.4430 40.8075 7.7424 0.0026 0.9997 0.0240 0.5556 0.7080
14.4098 4.9201 -6.9023 0.9998 0.0065 -0.0176 0.2910 0.2212
-14.3311 -39.3690 -14.4053 -0.0520 -0.9986 -0.0083 0.2915 0.5753
-14.7042 21.0817 -12.5739 -0.9998 0.0062 0.0205 0.8681 0.6221
14.7211 -29.7348 19.3291 0.9988 -0.0125 0.0484 0.4541 0.4366
1.2000 -40.9739 -23.5332 0.0535 0.1412 -0.9885 0.0981 0.5148
-1.2610 -40.7836 21.6134 0.2639 0.7790 0.5688 0.1171 0.5811
-1.2610 -40.7836 21.6134 0.3976 0.2613 0.8796 0.1949 0.7367
-1.2326 14.8698 -24.5115 0.0327 0.0002 -0.9995 0.0830 0.1677
4.3349 -3.9061 -24.3469 0.0126 0.0344 -0.9993 0.1176 0.2844
-4.4081 2.0907 24.1709 -0.0509 0.0569 0.9971 0.6057 0.2337
-14.5917 24.4517 1.7981 -0.9999 0.0045 0.0144 0.7788 0.6012
14.5640 -14.4373 5.9380 0.9992 0.0390 -0.0014 0.3708 0.3415
7.1956 40.0756 21.3517 0.0376 0.9961 0.0792 0.5199 0.7926
10.6335 -7.2610 23.6084 0.1768 -0.0025 0.9842 0.5122 0.2918
14.7623 7.4193 12.3910 0.9978 -0.0665 -0.0016 0.4110 0.2057
-5.4776 -41.6081 2.8840 -0.0038 -0.9999 0.0127 0.3465 0.6828
14.6879 -0.6152 7.4715 0.9986 0.0484 -0.0221 0.3804 0.2556
14.8314 -12.9881 13.4183 0.9967 0.0269 -0.0767 0.4173 0.3325
13.8243 -25.3809 -23.6187 0.9385 0.0149 -0.3450 0.1872 0.4096
14.5892 26.8186 10.2619 0.9985 0.0448 -0.0305 0.3977 0.0851
6.2405 -41.6925 13.2527 -0.0066 -0.9985 -0.0535 0.4193 0.7472
-13.6104 38.8711 14.4012 0.1185 0.9929 0.0063 0.0786 0.5580
2.5447 19.2826 24.7203 -0.0196 -0.0017 0.9998 0.5625 0.1269
3.6108 39.0812 23.3051 -0.0027 0.7549 0.6558 0.5422 0.8048
-12.8870 33.7991 5.4604 -0.9999 0.0146 -0.0079 0.2374 0.6226
-13.8891 20.8757 22.1594 -0.9197 0.0052 0.3927 0.6522 0.6234
7.2642 -3.9951 -24.3062 0.0005 -0.0353 -0.9994 0.1358 0.2849
14.8318 0.9726 13.6667 0.9992 -0.0262 -0.0306 0.4189 0.2458
14.2087 -0.1480 -15.1124 0.9995 -0.0005 -0.0307 0.2400 0.2527
14.5939 15.7839 6.2169 0.9971 0.0259 -0.0715 0.3726 0.1537
2.4451 -0.9211 -24.2438 0.1446 -0.0123 -0.9894 0.1059 0.2658
-14.0878 3.2933 18.8495 -0.9976 -0.0002 0.0690 0.6728 0.7327
-13.7485 1.5697 22.2062 -0.9080 0.0010 0.4190 0.6519 0.7434
-13.7485 1.5697 22.2062 -0.6683 -0.0037 0.7439 0.6637 0.2369
-10.4386 41.3895 -11.2791 0.0659 0.9972 0.0347 0.6295 0.5898
-14.5184 0.6264 -21.2016 -0.9983 0.0004 -0.0582 0.9217 0.7493
-10.3739 -41.5984 22.3564 0.2009 -0.7495 0.6308 0.3161 0.8038
-10.3739 -41.5984 22.3564 -0.3002 -0.1418 0.9433 0.2472 0.8046
-12.9457 -1.3723 22.6074 -0.1999 -0.0157 0.9797 0.6587 0.2552
14.4998 -25.7446 -1.5030 0.9770 -0.0714 0.2011 0.3246 0.4118
0.5188 40.3091 -23.4623 0.0330 0.0413 -0.9986 0.0939 0.0096
14.1338 10.0446 -18.1645 0.9994 -0.0087 -0.0320 0.2211 0.1894
-13.2894 33.2838 -8.5314 -0.5223 0.4424 0.7291 0.0060 0.5556
-13.2894 33.2838 -8.5314 0.0810 0.5473 0.8330 0.0905 0.5218
9.2079 -29.2896 -24.0924 0.0682 -0.0286 -0.9973 0.1479 0.4421
-14.2939 21.9465 15.6124 -0.9995 -0.0069 0.0304 0.6929 0.6167
-9.4589 -7.9899 -24.6971 -0.0259 0.0106 -0.9996 0.0319 0.3098
-8.5972 2.1880 -24.6852 -0.0317 0.0049 -0.9995 0.0372 0.2465
-8.5686 0.0977 -24.6831 -0.0113 0.0050 -0.9999 0.0374 0.2595
14.4979 -35.6587 6.9999 0.9844 -0.1640 0.0635 0.3774 0.4734
2.4025 -41.1833 -23.4377 0.0011 -0.9397 -0.3420 0.3955 0.5192
-6.8053 18.6315 -24.6175 0.0029 -0.0009 -1.0000 0.0484 0.1443
7.1462 40.5737 5.7971 0.0481 0.9988 0.0133 0.5202 0.6959
1.0310 -41.5164 8.1283 0.0553 -0.9968 0.0583 0.3870 0.7154
-3.0214 -18.7951 24.0251 -0.0601 0.0060 0.9982 0.5971 0.3635
4.8378 40.6398 -23.4629 0.0354 0.0925 -0.9951 0.1207 0.0075
4.8378 40.6398 -23.4629 0.0104 0.5687 -0.8224 0.5345 0.5141
12.1387 40.2664 -23.2560 0.1370 0.5997 -0.7884 0.4892 0.5154
12.1387 40.2664 -23.2560 0.0674 0.1120 -0.9914 0.1661 0.0099
-14.1192 -39.3205 -8.4229 0.0087 -0.9988 0.0491 0.2928 0.6125
-14.1192 -39.3205 -8.4229 0.8780 -0.4518 0.1582 0.1693 0.6821
-14.6606 23.3124 -16.0320 -0.9993 0.0166 -0.0344 0.8896 0.6083
-7.1916 -39.0647 23.4694 0.0045 -0.5790 0.8153 0.3359 0.8107
-7.1916 -39.0647 23.4694 0.0087 -0.3956 0.9184 0.6230 0.4895
-14.0024 -26.1407 -23.9919 -0.5596 0.0226 -0.8285 0.0037 0.4226
-6.8914 -32.0454 -24.5190 0.0034 -0.0130 -0.9999 0.0478 0.4593
14.6577 -15.2287 2.2630 0.9995 -0.0137 0.0297 0.3480 0.3465
-13.4697 28.9754 -23.9941 -0.5607 0.0600 -0.8259 0.0070 0.0800
13.9721 -37.3855 -22.3685 0.9992 -0.0010 -0.0388 0.1949 0.4842
-14.2156 4.6891 16.0021 -0.9993 -0.0017 0.0375 0.6905 0.7240
10.0327 -19.0545 23.5642 0.1505 -0.0241 0.9883 0.5159 0.3651
-14.2788 23.7799 -21.2187 -0.9925 0.0156 -0.1210 0.9218 0.6054
-13.5094 -28.0132 22.0591 -0.6942 -0.0066 0.7197 0.6623 0.4208
14.6848 -21.5185 9.1855 0.9995 0.0284 -0.0126 0.3910 0.3856
-12.4679 -41.0480 -20.6102 -0.7492 -0.6623 0.0059 0.3031 0.5368
14.7298 3.7656 21.5694 0.9983 -0.0049 0.0580 0.4680 0.2284
-14.0488 27.4306 21.7363 -0.9971 -0.0188 0.0742 0.6549 0.5827
-6.1481 40.9573 11.1912 0.0142 0.9999 0.0044 0.6028 0.7295
-14.5043 3.5166 8.3389 -0.9987 0.0232 0.0449 0.7381 0.7313
14.7694 6.3019 11.2417 0.9972 0.0693 -0.0274 0.4038 0.2127
-5.3177 40.9770 5.0604 0.0088 1.0000 0.0046 0.5977 0.6914
5.1522 40.7609 -4.4135 0.0295 0.9996 -0.0037 0.5326 0.6325
-9.5560 -40.0515 22.4255 -0.0005 -0.8539 0.5204 0.1345 0.6528
14.7806 23.7153 16.7890 0.9961 0.0341 -0.0811 0.4383 0.1044
-14.7051 6.4728 -2.0146 -0.9999 0.0024 0.0145 0.8025 0.7129
13.9048 -21.1767 -22.5297 0.9979 0.0054 -0.0647 0.1939 0.3834
6.0878 -41.0210 22.0039 0.0220 0.8573 0.5143 0.1195 0.6268
14.1625 -22.1858 -17.7920 0.9992 0.0039 -0.0403 0.2234 0.3897
14.7577 -28.0249 18.8485 0.9981 -0.0354 0.0503 0.4511 0.4260
-14.7529 13.1450 -8.7205 -1.0000 0.0030 0.0050 0.8442 0.6714
-14.0979 -4.5103 17.6075 -0.9980 0.0009 0.0633 0.6805 0.7812
-5.7622 -41.5119 -16.7150 0.0380 -0.9991 -0.0181 0.3447 0.5610
14.5215 -37.5076 14.8058 0.9958 -0.0918 0.0027 0.4260 0.4849
13.7488 -26.0650 -23.7419 0.6961 0.0029 -0.7179 0.1761 0.4221
-12.8526 39.0451 9.1605 -0.9823 0.1865 0.0193 0.2700 0.5996
10.7717 14.7051 -24.1243 0.0130 -0.0202 -0.9997 0.1576 0.1687
8.9050 -22.9845 -24.2035 0.0501 -0.0068 -0.9987 0.1460 0.4030
12.9063 21.8097 -23.9557 0.1858 0.0009 -0.9826 0.1709 0.1246
-14.5869 23.7366 -17.4237 -0.9993 0.0159 -0.0339 0.8982 0.6056
14.6966 10.3804 10.2071 0.9899 0.0897 -0.1101 0.3974 0.1873
14.7050 -26.5162 9.0461 0.9955 -0.0702 0.0638 0.3902 0.4166
4.9586 17.8452 24.6675 0.0599 -0.0189 0.9980 0.5475 0.1358
-13.4594 38.8233 9.6041 0.2206 0.9750 -0.0254 0.0777 0.5282
-1.4827 40.9008 3.7240 0.0247 0.9997 0.0043 0.5738 0.6831
-10.1650 -41.5958 -12.8009 0.0154 -0.9999 0.0077 0.3174 0.5853
-13.2380 39.0070 -11.2866 -0.0048 0.8990 0.4380 0.0555 0.6017
-13.2380 39.0070 -11.2866 -0.5991 0.4211 0.6810 0.0057 0.5200
-13.4325 5.4722 22.5328 -0.4784 -0.0150 0.8780 0.6618 0.2127
-14.5137 11.9014 6.6088 -0.9997 0.0025 0.0234 0.7489 0.6792
-8.0652 38.8239 -23.9691 0.0398 0.1042 -0.9938 0.0406 0.0188
-8.0652 38.8239 -23.9691 0.0019 0.5469 -0.8372 0.1460 0.5369
-13.2283 38.4373 -24.3594 -0.4323 0.1021 -0.8959 0.0085 0.0212
14.4395 -32.4004 -0.4185 0.9988 0.0018 0.0494 0.3313 0.4532
-12.9869 -39.0391 -5.9065 -0.5215 -0.8532 0.0064 0.2998 0.6281
-12.9869 -39.0391 -5.9065 -0.9643 -0.2647 0.0119 0.2017 0.6161
14.3701 36.9566 3.4129 0.9998 -0.0106 -0.0155 0.3552 0.0221
-14.2336 -6.2709 14.4995 -0.9989 0.0077 0.0467 0.6998 0.7921
-13.9258 -39.1765 -15.7502 0.1803 -0.9835 0.0110 0.2940 0.5670
-6.2227 39.0539 23.4969 0.0071 0.8095 0.5871 0.6033 0.8060
13.4465 -40.8541 22.3067 0.2853 -0.3593 0.8885 0.4947 0.5006
13.5839 -25.2627 -23.8518 0.2883 -0.0043 -0.9575 0.1751 0.4171
-8.6462 -41.5743 -0.5712 0.0218 -0.9998 0.0020 0.3268 0.6613
14.2234 27.3895 -7.1713 0.9999 -0.0038 -0.0167 0.2894 0.0816
10.5962 -30.4919 23.3635 0.1543 -0.0211 0.9878 0.5124 0.4362
14.5648 -18.8657 8.1352 0.9983 -0.0490 0.0319 0.3845 0.3691
-6.7511 -41.3445 -23.1713 0.0032 -0.9758 -0.2185 0.3386 0.5208
14.3692 10.2981 -6.2145 0.9998 -0.0003 -0.0199 0.2953 0.1878
5.1963 -24.8812 -24.2799 0.0020 0.0029 -1.0000 0.1230 0.4148
-6.2197 -41.4289 -19.4350 0.0234 -0.9993 -0.0302 0.3419 0.5441
-2.8646 8.4572 24.1726 -0.0846 -0.0531 0.9950 0.5961 0.1941
-14.8733 -21.7677 -4.5357 -0.9998 0.0101 0.0145 0.8181 0.8884
-11.9081 -25.7719 22.5879 -0.6076 -0.0098 0.7942 0.6523 0.4069
-14.2612 33.4727 7.0524 -0.9413 0.2052 -0.2682 0.7461 0.5451
-14.2612 33.4727 7.0524 -0.6487 0.4148 -0.6381 0.0116 0.6162
-14.2612 33.4727 7.0524 -0.5432 0.5104 -0.6666 0.0966 0.6186
14.4963 37.2542 17.7938 0.9984 0.0324 -0.0462 0.4445 0.0203
13.9088 5.1874 -23.2404 0.9667 -0.0023 -0.2558 0.1895 0.2196
14.4928 -36.2379 -0.2672 0.9998 -0.0213 0.0010 0.3323 0.4770
14.7686 -10.2920 8.8153 1.0000 -0.0005 -0.0031 0.3887 0.3158
8.9536 -41.1069 -23.4839 0.0071 -0.9494 -0.3141 0.4362 0.5189
-11.7481 8.8316 22.9447 -0.6410 -0.0041 0.7675 0.6513 0.1918
-3.4898 -10.0885 24.0634 -0.0532 -0.0024 0.9986 0.6000 0.3094
14.4008 13.0001 -4.7785 0.9997 0.0124 -0.0198 0.3042 0.1710
13.9478 -5.1925 -22.2361 0.9986 -0.0349 -0.0407 0.1957 0.2841
14.7497 29.2207 19.6585 0.9992 0.0189 0.0340 0.4561 0.0702
12.9571 38.9923 23.8152 0.0170 0.7603 0.6493 0.4841 0.8079
14.6272 -27.1270 2.5239 0.9933 0.1155 -0.0006 0.3496 0.4204
-2.8921 -41.5316 -2.6887 0.0193 -0.9998 -0.0008 0.3626 0.6481
-13.1272 39.3662 -22.7931 -0.4344 0.8534 -0.2880 0.0548 0.5302
-13.1272 39.3662 -22.7931 -0.5454 0.4156 -0.7279 0.0091 0.0155
-8.0165 -8.9928 23.7721 -0.1335 -0.0337 0.9905 0.6281 0.3026
-13.1806 -38.9231 -5.6468 -0.0824 -0.9964 0.0188 0.2986 0.6298
-14.3085 29.6999 17.2509 -0.9998 -0.0033 0.0179 0.6827 0.5686
4.1701 -41.3409 -10.8225 0.0252 -0.9995 -0.0186 0.4065 0.5976
-14.8002 -36.1041 -14.3788 -0.9950 -0.0976 -0.0198 0.8793 0.9775
-3.2235 41.2417 -23.3978 0.0560 0.8554 -0.5150 0.5846 0.5145
-14.0326 5.1249 -23.5210 -0.7431 -0.0185 -0.6690 0.0035 0.2283
-14.0326 5.1249 -23.5210 -0.9712 0.0033 -0.2382 0.9361 0.7213
14.6929 -6.4616 6.5120 0.9985 -0.0096 -0.0536 0.3744 0.2920
-0.6822 -41.5295 2.0655 -0.0049 -1.0000 0.0027 0.3763 0.6777
14.6815 -35.1004 16.4011 0.9974 -0.0642 0.0336 0.4359 0.4700
14.8248 -11.4613 19.9770 0.9979 0.0026 0.0646 0.4581 0.3230
-11.8111 -7.7323 22.7819 -0.8722 0.0116 0.4891 0.1049 0.6297
-11.8111 -7.7323 22.7819 -0.8605 0.0134 0.5093 0.6517 0.2948
-13.9381 -39.2287 -18.4765 0.1323 -0.9911 0.0155 0.2939 0.5500
14.8974 -15.0261 19.6966 0.9976 -0.0050 0.0684 0.4564 0.3452
-10.6958 41.3613 -9.5048 0.0871 0.9958 0.0272 0.6311 0.6008
9.3732 20.6192 -24.2103 0.0175 -0.0606 -0.9980 0.1489 0.1320
-13.9008 9.3144 -23.7283 -0.5845 0.0111 -0.8113 0.0043 0.2022
-13.9008 9.3144 -23.7283 -0.9091 -0.0038 -0.4166 0.9374 0.6953
14.3369 -16.0542 -10.9172 0.9991 0.0169 -0.0402 0.2661 0.3516
-13.8099 -20.6154 21.6282 -0.9700 -0.0138 0.2427 0.6555 0.8813
-12.8124 39.1338 14.1288 -0.9974 -0.0631 0.0338 0.2706 0.5688
-12.8124 39.1338 14.1288 -0.8375 0.5457 0.0275 0.0737 0.5563
14.6679 16.7339 9.5095 0.9981 -0.0522 -0.0334 0.3930 0.1478
-13.8251 -10.2731 -23.9087 -0.6037 0.0344 -0.7965 0.0048 0.3240
14.7665 -18.4123 7.7182 0.9906 -0.1168 0.0711 0.3819 0.3662
14.3573 39.3052 19.6998 0.9747 0.2233 -0.0051 0.4564 0.0075
-7.4886 -40.4582 21.7842 0.0649 0.1232 0.9903 0.0035 0.6072
14.8896 11.7346 18.8214 0.9999 0.0019 -0.0117 0.4509 0.1789
13.9714 -1.5428 -21.6806 0.9979 0.0107 0.0638 0.1992 0.2614
14.0549 -30.3259 -20.8752 0.9981 0.0062 -0.0618 0.2042 0.4403
14.6479 -13.9157 11.0589 0.9989 0.0009 0.0467 0.4027 0.3383
-14.1178 -38.3213 13.2797 -0.9958 -0.0730 0.0561 0.7074 0.9913
14.8996 -4.6423 15.8102 0.9995 0.0035 -0.0308 0.4322 0.2807
14.6843 -15.9931 21.2189 0.9854 -0.0024 0.1702 0.4658 0.3512
13.7517 -40.0834 22.6116 0.4702 -0.2461 0.8475 0.4928 0.4958
-14.6001 -11.1755 3.8558 -0.9997 0.0070 0.0249 0.7660 0.8226
0.4553 -5.4997 -24.4550 0.0394 0.0059 -0.9992 0.0935 0.2943
-5.2901 -41.5575 -7.9779 0.0094 -0.9999 -0.0091 0.3477 0.6153
14.8536 17.6348 12.5489 0.9969 0.0779 -0.0105 0.4119 0.1422
14.3957 30.6506 1.5366 0.9994 -0.0304 -0.0165 0.3435 0.0613
-11.3383 34.5308 23.9424 -0.5642 -0.0320 0.8250 0.6488 0.0321
14.2466 -27.1645 -16.1876 0.9996 0.0077 -0.0289 0.2333 0.4206
14.7130 27.6170 15.5159 0.9998 0.0047 -0.0206 0.4304 0.0802
14.6007 21.9550 9.6054 0.9991 0.0215 0.0357 0.3936 0.1154
-14.5818 -0.7204 -20.5807 -0.9961 0.0038 -0.0884 0.9179 0.7576
-11.7926 -28.6122 22.6164 -0.9496 -0.0438 0.3103 0.1627 0.6067
-11.7926 -28.6122 22.6164 -0.4177 0.0084 0.9086 0.6516 0.4245
-11.7926 -28.6122 22.6164 -0.4466 0.0084 0.8947 0.0189 0.5198
-14.4346 34.0141 -17.3530 -0.9998 0.0034 -0.0188 0.8978 0.5417
-1.6240 40.9153 1.1341 0.0295 0.9996 0.0052 0.5747 0.6670
3.7384 -6.1329 24.3838 0.0707 -0.0161 0.9974 0.5551 0.2848
10.6327 0.9647 23.7777 0.1792 -0.0159 0.9837 0.5122 0.2407
13.6101 2.0860 -23.7334 0.4902 0.0160 -0.8715 0.1753 0.2471
-12.6066 41.2378 -19.4177 -0.9788 0.2044 0.0162 0.2836 0.7773
-12.6066 41.2378 -19.4177 -0.8025 0.5965 0.0157 0.6430 0.5392
14.7414 8.6338 10.0360 0.9998 -0.0184 -0.0047 0.3963 0.1982
-12.7756 40.3730 9.4355 -0.8265 0.5629 0.0006 0.6440 0.7186
-12.7756 40.3730 9.4355 -0.9924 0.1153 -0.0420 0.2783 0.5979
-2.7941 -41.5076 -8.8027 0.0170 -0.9998 -0.0083 0.3632 0.6101
-14.0067 -12.9796 19.0549 -0.9983 -0.0028 0.0584 0.6715 0.8338
14.1993 12.0293 -13.8565 0.9997 0.0112 -0.0195 0.2478 0.1771
5.5540 40.7799 -10.3760 0.0312 0.9995 0.0105 0.5301 0.5954
14.8437 14.6835 16.7708 0.9982 -0.0261 -0.0533 0.4382 0.1606
-3.9149 23.6555 24.3836 -0.0960 -0.0458 0.9943 0.6026 0.0997
9.5696 15.4897 -24.0830 0.0370 -0.0370 -0.9986 0.1502 0.1638
2.6066 40.9702 -16.2821 0.0462 0.9989 0.0001 0.5484 0.5587
14.7505 13.5960 15.1405 0.9997 -0.0118 0.0211 0.4280 0.1673
-11.5466 36.2584 23.8531 -0.9945 -0.0178 0.1034 0.1046 0.5403
-11.5466 36.2584 23.8531 -0.5720 -0.0144 0.8202 0.6501 0.0214
13.7740 20.2545 -23.6742 0.6455 0.0071 -0.7637 0.1763 0.1342
13.9374 22.5090 23.3505 0.4479 -0.0221 0.8938 0.4917 0.1068
0.1396 -41.3819 22.3126 0.0516 0.4642 0.8842 0.0269 0.5198
0.1396 -41.3819 22.3126 0.0204 0.5359 0.8440 0.1214 0.5898
0.1396 -41.3819 22.3126 -0.0471 -0.6519 0.7569 0.3814 0.8035
-14.2339 -16.4650 14.5748 -0.9985 0.0062 0.0537 0.6994 0.8555
12.9554 -33.1633 -23.7568 -0.1786 -0.0165 -0.9838 0.1712 0.4662
8.6222 -41.7222 16.0058 -0.0156 -0.9998 -0.0099 0.4341 0.7643
9.0840 -41.7222 16.5376 0.0153 -0.9999 -0.0053 0.4370 0.7676
-14.6777 3.7730 -0.1079 -0.9998 0.0075 0.0192 0.7906 0.7297
-11.8295 23.7943 23.0537 -0.4189 -0.0075 0.9080 0.6518 0.0988
-1.2612 -41.5121 1.1951 0.0286 -0.9994 -0.0216 0.3727 0.6723
14.5692 -20.6911 0.7278 0.9923 0.0773 -0.0965 0.3385 0.3804
14.3389 39.4513 9.3861 0.9421 0.3350 0.0154 0.3923 0.0066
5.5213 40.8212 -14.5222 0.0350 0.9993 0.0089 0.5303 0.5697
14.6874 1.6374 5.6541 0.9997 -0.0118 0.0236 0.3691 0.2416
13.8587 24.0507 -23.5528 0.8988 -0.0144 -0.4382 0.1876 0.1023
13.8587 24.0507 -23.5528 0.4634 -0.0034 -0.8861 0.1768 0.1106
-8.1265 40.8542 18.8528 0.0651 0.9972 0.0362 0.6151 0.7771
14.1726 28.6842 -9.9074 0.9995 0.0319 0.0050 0.2724 0.0735
4.1435 19.5027 -24.3118 0.0938 0.0373 -0.9949 0.1164 0.1389
11.3887 -10.3554 23.4112 0.2087 -0.0184 0.9778 0.5075 0.3111
14.4106 -36.6018 2.9722 0.9874 -0.1566 -0.0213 0.3524 0.4793
-6.2896 -2.7786 -24.6705 0.0258 -0.0003 -0.9997 0.0516 0.2774
14.4629 14.6475 -0.5518 0.9998 0.0021 -0.0209 0.3305 0.1608
-6.6567 39.2301 23.3977 -0.0087 0.2550 0.9669 0.1728 0.6364
4.0371 -41.3462 -18.4364 0.0059 -1.0000 -0.0062 0.4056 0.5503
14.5402 6.0169 1.7693 0.9985 -0.0266 -0.0485 0.3449 0.2144
14.6805 26.3333 22.4193 0.9973 0.0028 0.0737 0.4733 0.0882
-7.2135 4.0905 23.9639 -0.0835 -0.0220 0.9963 0.6231 0.2213
14.2098 7.5510 -14.8024 0.9992 0.0129 -0.0377 0.2419 0.2049
14.1752 19.7606 -11.6195 0.9996 0.0086 -0.0251 0.2617 0.1290
14.6119 -35.8464 2.2173 0.9885 -0.1427 -0.0499 0.3477 0.4746
-13.3340 29.7093 22.8228 -0.2330 0.0067 0.9725 0.6612 0.0621
13.8600 -24.5610 -23.3994 0.9844 0.0096 -0.1757 0.1885 0.4045
-11.5538 -2.9668 23.1399 -0.7929 -0.0070 0.6093 0.6501 0.2651
-8.5901 41.5125 -17.0014 0.0608 0.9981 0.0118 0.6180 0.5543
7.2164 40.7261 -20.6661 0.0435 0.9990 -0.0097 0.5198 0.5315
-11.4023 36.8470 23.9596 -0.5093 -0.0029 0.8606 0.6492 0.0177
12.5780 -40.7933 -11.2561 0.1094 -0.9940 -0.0037 0.4587 0.5949
-14.4123 30.7460 -19.5955 -0.9928 0.0356 -0.1144 0.9117 0.5621
-14.4079 22.5802 11.2253 -0.9998 -0.0021 0.0200 0.7202 0.6128
14.4153 24.5137 0.4411 0.9998 0.0169 -0.0133 0.3367 0.0995
-14.9436 -30.4708 -10.4838 -1.0000 -0.0060 -0.0029 0.8551 0.9425
14.5236 -18.8314 -2.8507 0.9996 -0.0172 -0.0217 0.3162 0.3689
-5.9535 -41.5196 -12.2345 0.0030 -0.9998 -0.0190 0.3436 0.5888
10.5078 -22.2191 23.4297 0.1607 -0.0105 0.9869 0.5130 0.3848
14.1532 -39.8939 -12.2087 0.9811 -0.1931 -0.0135 0.2581 0.4998
14.1667 38.3562 23.5622 0.6208 0.1001 0.7775 0.4902 0.0083
14.4810 -28.4249 -6.2514 0.9998 0.0017 -0.0206 0.2951 0.4285
-14.6909 19.9407 -10.7382 -0.9999 0.0083 -0.0120 0.8567 0.6292
-14.4191 8.1186 10.4123 -0.9996 -0.0050 0.0261 0.7252 0.7027
-9.6529 19.0501 23.8363 -0.0584 -0.0062 0.9983 0.6383 0.1283
14.2770 -29.4921 -15.0345 0.9997 -0.0037 -0.0224 0.2405 0.4351
-11.6694 -41.2623 19.5895 -0.6079 -0.7938 0.0183 0.3080 0.7866
2.3998 40.8151 1.7806 0.0213 0.9996 0.0190 0.5497 0.6710
-11.2250 -41.6224 -12.9886 -0.1339 -0.9909 0.0124 0.3108 0.5841
-13.2540 32.8463 -8.2402 -0.7546 0.3897 0.5279 0.0058 0.5583
-13.2540 32.8463 -8.2402 0.1111 0.5974 0.7942 0.0903 0.5236
-11.2018 12.1240 23.4895 -0.3070 -0.0093 0.9517 0.6479 0.1714
-13.0674 39.3608 11.3699 -0.8957 -0.4149 -0.1598 0.2720 0.5859
-13.0674 39.3608 11.3699 -0.5902 -0.8029 -0.0840 0.1503 0.6835
13.7411 29.7928 -23.9120 0.4743 0.0669 -0.8778 0.1761 0.0750
-2.2652 20.4998 24.4903 -0.0647 -0.0127 0.9978 0.5924 0.1193
-13.9930 39.1712 -17.0204 -0.6222 0.7827 0.0121 0.0602 0.5661
8.5527 -41.5491 7.4906 0.0255 -0.9994 -0.0227 0.4337 0.7114
-12.3974 41.0334 -1.1911 -0.4455 0.8952 0.0139 0.6417 0.6525
-14.3310 5.8867 12.7175 -0.9995 -0.0111 0.0303 0.7109 0.7166
14.6044 -29.2275 3.2024 0.9900 -0.1389 -0.0261 0.3538 0.4335
4.1966 -41.2271 22.2036 0.0015 0.2208 0.9753 0.5522 0.5029
4.1966 -41.2271 22.2036 0.0102 0.7355 0.6775 0.1208 0.6150
14.7990 -28.8012 16.0614 0.9989 -0.0194 0.0434 0.4338 0.4308
-13.9459 38.9764 11.9787 -0.0632 0.9977 -0.0228 0.0807 0.5430
-4.3430 -40.7678 21.5577 0.0430 0.7907 0.6107 0.1167 0.5619
-13.4622 -39.0769 2.5613 0.3239 -0.8454 -0.4247 0.2969 0.6808
-2.5904 -41.4687 -16.9153 0.0113 -0.9999 -0.0082 0.3645 0.5597
-13.9057 12.7492 -23.6617 -0.6710 0.0016 -0.7414 0.0043 0.1809
14.7410 20.2074 14.6835 0.9975 0.0700 -0.0081 0.4252 0.1262
-11.5683 34.7371 23.1281 -0.5004 0.0477 0.8645 0.6502 0.0308
-11.5683 34.7371 23.1281 -0.8098 -0.0133 0.5865 0.0734 0.6401
14.3304 18.9235 -6.0303 0.9994 0.0116 -0.0327 0.2965 0.1342
-14.1242 -7.0483 -23.4826 -0.9296 0.0138 -0.3683 0.9359 0.7970
14.8867 -19.4406 16.1262 1.0000 -0.0049 -0.0005 0.4342 0.3726
-12.8455 -40.5430 -23.0495 -0.8893 -0.3332 -0.3133 0.1924 0.7226
-12.8455 -40.5430 -23.0495 -0.8174 -0.5760 0.0073 0.3007 0.5216
14.3165 -23.7852 -12.2063 0.9998 -0.0033 -0.0211 0.2581 0.3996
-13.8732 31.0818 22.5126 -0.6661 -0.0113 0.7458 0.6645 0.0535
14.8137 11.7029 12.7043 0.9986 -0.0434 -0.0309 0.4129 0.1791
-10.6760 41.1876 -3.2275 0.0851 0.9962 0.0212 0.6310 0.6399
14.4177 -16.4512 -8.6927 0.9997 0.0020 -0.0260 0.2799 0.3541
14.5300 -34.9257 7.9409 0.9946 -0.0689 0.0773 0.3833 0.4689
14.3324 36.2728 23.4039 0.6592 -0.0102 0.7519 0.4892 0.0213
14.3324 36.2728 23.4039 0.8710 -0.0060 0.4912 0.4794 0.0264
5.9946 -41.3807 -2.9637 0.0216 -0.9997 -0.0136 0.4178 0.6464
14.5762 33.6847 19.8587 0.9955 0.0449 0.0833 0.4574 0.0425
-14.0389 34.4777 -9.1618 -0.2032 0.4570 0.8660 0.0107 0.5482
14.7127 15.2625 10.0714 0.9995 0.0210 -0.0225 0.3965 0.1570
14.0532 -26.4314 -20.6180 0.9981 0.0082 -0.0605 0.2058 0.4161
-14.2226 32.2106 -20.0279 -0.9949 0.0306 -0.0957 0.9144 0.5530
12.7677 -27.7151 22.9701 0.2193 -0.0156 0.9755 0.4989 0.4190
-14.2669 -18.9660 14.5174 -0.9993 0.0084 0.0376 0.6997 0.8710
14.7441 10.7746 11.3298 0.9997 -0.0179 0.0192 0.4044 0.1849
-14.3204 19.3468 14.5664 -0.9996 -0.0011 0.0297 0.6994 0.6329
-14.7890 -10.1837 -17.2438 -0.9998 0.0065 -0.0173 0.8971 0.8164
14.7227 -16.8158 6.3595 0.9835 -0.1538 -0.0951 0.3735 0.3563
14.4976 36.1767 19.2684 0.9963 0.0532 0.0670 0.4537 0.0270
-12.4973 37.6911 -24.4892 -0.1677 -0.0269 -0.9855 0.0130 0.0259
14.4138 -13.3090 -7.6109 0.9995 -0.0026 -0.0304 0.2866 0.3345
-14.3606 1.9085 7.4181 -0.9992 -0.0324 0.0224 0.7439 0.7413
13.9072 40.2736 -22.0025 0.5283 0.8486 -0.0274 0.4782 0.5232
-14.0679 3.8554 -23.3901 -0.8418 0.0114 -0.5396 0.0032 0.2362
-14.0679 3.8554 -23.3901 -0.9714 0.0143 -0.2369 0.9353 0.7292
-14.2541 -39.3459 -16.4150 0.2894 -0.9572 -0.0071 0.2920 0.5628
2.5843 -41.5607 19.8003 -0.0379 -0.9991 0.0202 0.3966 0.7879
-2.3337 -41.2321 -23.5795 -0.0043 -0.9761 -0.2172 0.3661 0.5183
-1.7389 -41.1207 -23.7653 -0.0071 -0.3428 -0.9394 0.0799 0.5157
-1.7389 -41.1207 -23.7653 -0.0022 -0.7013 -0.7128 0.3698 0.5171
-5.9656 8.7130 -24.6522 0.0198 0.0043 -0.9998 0.0536 0.2060
-12.9061 30.1302 0.1882 -0.9981 0.0613 0.0037 0.2146 0.6554
-12.5950 41.2126 -17.6348 -0.9807 0.1953 0.0049 0.2835 0.7662
-12.5950 41.2126 -17.6348 -0.8194 0.5732 0.0083 0.6429 0.5503
6.3365 38.3620 24.3467 -0.0055 0.0868 0.9962 0.5389 0.0083
6.3365 38.3620 24.3467 -0.0096 0.5790 0.8153 0.5252 0.8112
6.6149 40.5116 11.7864 -0.1096 0.9924 0.0557 0.5235 0.7332
14.8860 13.1114 17.6409 0.9998 -0.0135 0.0166 0.4436 0.1703
1.0071 18.0924 -24.4257 0.0349 0.0021 -0.9994 0.0969 0.1477
3.4219 -41.6436 14.8049 0.1238 -0.9921 0.0192 0.4018 0.7569
-13.4661 -22.4544 22.1832 -0.6259 -0.0096 0.7798 0.6620 0.3863
14.2291 17.2612 -10.1292 0.9997 -0.0067 -0.0253 0.2710 0.1445
-14.5293 -6.8036 5.7870 -0.9996 0.0026 0.0275 0.7540 0.7954
14.5488 35.9789 17.8938 0.9987 0.0300 -0.0405 0.4452 0.0282
-11.7223 -17.8784 23.0033 -0.9595 0.0080 0.2816 0.1603 0.5400
-11.7223 -17.8784 23.0033 -0.7618 0.0028 0.6479 0.6511 0.3578
3 9223 675 8348
3 10046 297 1125
3 8751 4796 7963
3 8348 7911 9223
3 8250 9518 7474
3 3422 8857 6423
3 6730 4655 3878
3 1634 2690 497
3 1263 910 2113
3 4673 4855 9670
3 7811 2504 2581
3 4275 6500 9893
3 8817 2560 7074
3 4481 4812 5442
3 5374 1227 8097
3 7898 9700 4942
3 259 1293 5150
3 3047 4995 175
3 5723 4330 4170
3 8919 2084 9691
3 8780 10062 2139
3 3019 286 6271
3 1571 5020 4706
3 8945 7707 5244
3 6946 8594 5338
3 7660 5767 3807
3 7897 6378 9171
3 8416 7831 7704
3 9543 1871 3983
3 6968 9852 2545
3 6725 2453 3941
3 9744 9390 7394
3 6216 9695 5975
3 3158 3845 1227
3 7697 9051 3937
3 1337 5899 9686
3 8740 8507 6232
3 6079 3276 7995
3 1125 6808 3730
3 2137 4316 3895
3 3943 9023 8590
3 6355 5506 4446
3 7617 6338 3893
3 1617 8728 8045
3 9062 2102 8623
3 9781 9618 10120
3 3235 4465 7192
3 2262 6169 9821
3 9343 6776 8078
3 7244 9656 9528
3 4299 5855 4565
3 207 3788 6114
3 2209 4939 959
3 6836 7160 7179
3 1865 112 713
3 5138 8048 2420
3 6369 337 2565
3 9360 1457 8484
3 7498 4351 3172
3 2417 5057 547
3 4796 9501 2446
3 6467 1221 8913
3 9858 4939 5374
3 8695 4940 3042
3 5869 7181 5911
3 6508 4098 4835
3 5338 2560 35
3 2444 592 8104
3 5133 7626 2565
3 3892 958 7893
3 4492 8104 4051
3 4490 5357 8427
3 1452 93 7221
3 7772 5448 3081
3 8947 7863 3062
3 9231 993 3440
3 6012 7455 2247
3 6476 4484 8132
3 5374 4939 1227
3 7878 2729 5701
3 3974 1777 3215
3 4165 867 213
3 7495 5893 3771
3 1522 7144 1181
3 7893 2915 114
3 5091 9829 418
3 9195 5991 8347
3 4208 8759 2381
3 6776 875 8078
3 3181 1857 3777
3 2005 8034 3937
3 8219 8079 4465
3 8292 5859 7192
3 9179 5767 7343
3 8639 7131 5869
3 8817 35 2560
3 2779 2113 4413
3 2247 6663 7147
3 4902 7298 910
3 1513 5448 7665
3 5231 8113 3469
3 9117 9392 9119
3 5522 4228 1478
3 3895 5877 2137
3 6994 9518 8250
3 2294 8506 6789
3 7705 7895 7418
3 4663 8045 8728
3 9700 3047 5608
3 1515 2719 7008
3 4994 2059 174
3 2777 8555 5464
3 5979 7584 9210
3 8113 3603 9970
3 8184 7784 8235
3 9545 9893 5880
3 9893 9960 6495
3 6345 9809 5106
3 552 4142 4120
3 2692 9287 10112
3 5155 6982 4861
3 9781 134 5426
3 1516 2379 1624
3 3906 3670 3801
3 5619 7911 8348
3 4830 2277 6354
3 7485 9852 6968
3 7095 7363 424
3 7919 9799 445
3 7254 7735 696
3 1221 103 8184
3 9438 6607 715
3 3099 4518 7811
3 7008 2719 1054
3 279 6036 7816
3 9287 2362 6785
3 3730 8436 5878
3 5911 8639 5869
3 2494 2736 5194
3 5397 244 4617
3 6286 6153 4330
3 918 3353 3801
3 1153 6497 8576
3 9852 4774 4750
3 1656 2521 5135
3 213 6964 171
3 8589 2811 4379
3 4120 657 7411
3 5654 3539 2416
3 6380 6355 657
3 2565 7626 8072
3 7191 7781 7997
3 2407 4439 121
3 250 9975 4097
3 17 7363 7095
3 99 4616 2067
3 1856 1683 6
3 99 9224 7272
3 8064 229 4980
3 3401 6501 6497
3 8219 6395 154
3 8673 3616 5961
3 6609 1094 7562
3 424 7363 17
3 4991 9541 5008
3 8091 6114 6157
3 4675 4965 3881
3 7752 317 9747
3 3729 8484 8462
3 3296 3290 4579
3 10120 10015 6857
3 8072 7626 8611
3 5224 10103 8354
3 7407 2560 5338
3 4885 5233 4142
3 317 7103 364
3 2887 5224 7144
3 1972 592 2444
3 7455 7705 7418
3 1513 8611 8751
3 6209 1699 8477
3 1679 5856 4375
3 8113 9970 5853
3 592 1972 5133
3 3754 2024 591
3 5541 4861 2696
3 7635 3635 7584
3 9445 8662 7723
3 4979 9960 1086
3 5389 2472 9462
3 5194 4212 5397
3 4026 6540 6047
3 4501 6216 8590
3 3062 4658 3651
3 2387 2416 3539
3 9220 4569 547
3 5728 8525 3016
3 8416 17 6051
3 7772 9231 6934
3 4576 1133 3062
3 7617 3893 7720
3 7690 4965 4675
3 3878 4655 989
3 35 3726 5338
3 1981 4809 8136
3 6994 7 8381
3 1133 2245 8947
3 4774 4650 4547
3 9518 4565 7474
3 7455 2545 4750
3 8064 766 4736
3 9829 8867 3806
3 3846 1873 6365
3 9544 9690 2113
3 3884 10116 451
3 8676 732 1861
3 8817 3462 3726
3 5037 6286 2309
3 229 9814 7272
3 7817 9372 1113
3 3806 4140 127
3 3843 7595 1555
3 2871 6473 4441
3 4474 1668 538
3 7719 2416 4399
3 2060 9700 10020
3 6026 7297 7667
3 7666 1205 4565
3 142 9674 802
3 8354 1184 7485
3 2052 1022 8199
3 2298 7705 6429
3 2084 5608 5819
3 6799 9332 115
3 1778 7890 6152
3 3234 7963 5718
3 116 4535 6210
3 5842 5225 8200
3 7095 7178 17
3 5767 7660 7562
3 3251 5899 292
3 9128 9851 6747
3 8219 7690 6395
3 103 8030 8184
3 9074 363 5230
3 4937 9357 2381
3 1221 3132 8913
3 6848 1493 5868
3 10062 2298 2139
3 2581 4037 7459
3 6210 6010 4203
3 989 2729 25
3 8072 6730 2565
3 7665 5448 1038
3 10106 8692 4566
3 3941 2917 10013
3 8594 7407 5338
3 9245 1867 424
3 6500 4275 4347
3 8693 2499 3754
3 3814 9807 888
3 8780 9843 8594
3 8751 1972 2444
3 6789 9196 2294
3 1555 9166 6080
3 6079 1185 3276
3 3726 7131 5338
3 3878 3702 6730
3 3801 2278 7582
3 2969 3660 4902
3 3846 4051 1873
3 6787 3462 8817
3 294 8381 7
3 207 9360 1215
3 3843 460 8899
3 121 5138 2420
3 4547 2482 4774
3 780 5073 8576
3 4375 10076 7190
3 7760 9224 99
3 115 9332 99
3 748 4472 765
3 9749 9674 9225
3 6720 9278 8091
3 6270 6855 6881
3 1469 3881 4965
3 8429 432 2496
3 2811 9751 4379
3 7456 2904 6662
3 3569 5954 4632
3 3788 9751 76
3 6378 7897 7394
3 8695 3843 1555
3 991 7104 2190
3 9820 6982 1226
3 5109 4284 8899
3 7169 5225 5842
3 3651 2313 10098
3 1133 5468 6657
3 6730 8072 4655
3 6934 9231 3440
3 2499 5468 1133
3 1215 4379 207
3 1019 5608 2770
3 8611 1972 8751
3 7382 1003 9688
3 6423 8354 7485
3 4464 5019 3237
3 7147 3878 8857
3 7619 8354 7878
3 4142 6380 4120
3 7455 77 3422
3 7109 3814 888
3 8408 9825 1118
3 2878 5915 8247
3 2839 3103 8886
3 989 25 3878
3 4400 7301 7617
3 1513 8751 3234
3 184 4334 3392
3 7676 8555 10112
3 8947 2245 8444
3 419 8030 5619
3 9588 5231 3469
3 1480 6962 8056
3 6787 9580 3462
3 1197 2872 8135
3 10112 8555 3357
3 7956 4773 532
3 945 7191 1228
3 7103 4212 5194
3 25 8857 3878
3 4208 9580 6787
3 9747 4849 7752
3 7715 3929 3261
3 8914 4097 8927
3 9914 9201 4031
3 2989 8590 6216
3 6968 7455 6423
3 9773 3500 843
3 5877 9119 2137
3 9023 7817 1656
3 7301 4400 5006
3 9501 4796 8751
3 3539 3797 2387
3 1100 3440 9598
3 8207 791 9636
3 957 9696 1218
3 2545 7455 6968
3 335 9805 6209
3 8759 4208 3797
3 114 8759 8579
3 4942 9700 8919
3 6026 3469 5853
3 8720 9519 532
3 8247 993 2878
3 10098 1859 2024
3 10062 297 2298
3 5718 3081 3234
3 2434 672 4658
3 3895 4316 1932
3 5436 4422 3496
3 8439 787 9379
3 6896 1003 8276
3 1212 733 7760
3 5916 7845 3573
3 2805 3771 5893
3 6657 5468 2294
3 9991 4280 8815
3 3235 9541 4991
3 2596 4346 4274
3 76 9751 2811
3 8611 7626 1972
3 1038 5701 7665
3 6468 4170 6465
3 8886 6488 728
3 6114 3788 3067
3 40 4825 628
3 5548 942 4164
3 7103 7322 8504
3 8655 3721 8556
3 6128 9877 1084
3 5397 4617 5194
3 4446 3357 1729
3 3728 1503 5308
3 244 1267 4617
3 5135 2521 7817
3 7665 4655 8072
3 5619 10076 7911
3 8590 1656 4501
3 5915 2446 8444
3 5135 1267 244
3 4535 3764 1406
3 3357 2692 10112
3 1639 3500 200
3 7190 10076 9588
3 7878 8857 2729
3 964 4451 4448
3 3603 8113 5231
3 5206 9023 3943
3 3906 7582 8010
3 8780 297 10062
3 8454 1328 3656
3 6934 5180 7772
3 3234 3081 5448
3 6429 7455 4750
3 9636 9809 4835
3 8266 4228 9392
3 1665 335 7127
3 5766 9117 9119
3 4547 2139 2482
3 4142 6717 4885
3 3892 8579 5654
3 1263 2969 910
3 7148 9124 9882
3 4650 348 4214
3 7074 2560 7407
3 297 8780 6946
3 8695 6080 4940
3 99 9332 4616
3 103 5231 9588
3 8506 9598 6789
3 4658 672 7169
3 5619 9588 10076
3 189 6506 6709
3 419 5619 8348
3 2758 2434 7863
3 7910 5855 4299
3 9975 6128 8927
3 460 3843 250
3 8947 3062 1133
3 1133 4576 2499
3 4736 6610 4140
3 8771 1275 8011
3 2434 4658 7863
3 2137 4228 8047
3 9773 843 6210
3 4720 2596 3165
3 5893 7495 4937
3 813 2190 4792
3 5903 6497 6501
3 5870 17 7178
3 7843 9357 7495
3 4472 2089 9929
3 3937 9051 2288
3 8815 4675 3881
3 1729 2777 8010
3 8010 7411 1729
3 697 7178 991
3 8728 788 8440
3 7963 3234 8751
3 4998 117 93
3 3943 8590 8749
3 8554 8576 5073
3 2381 5893 4937
3 5344 4940 5926
3 2381 7181 2079
3 2968 2278 1317
3 5701 7619 7878
3 9220 9881 4569
3 10046 4132 7241
3 8857 25 2729
3 5536 7221 5134
3 8447 9601 7289
3 1505 8267 8293
3 5819 6456 1405
3 5608 9174 5819
3 8354 10103 1184
3 4940 6080 5926
3 3422 6423 7455
3 2533 2966 2896
3 4650 4214 8944
3 5332 7997 7781
3 8857 7878 8354
3 2482 2139 4750
3 584 1181 4334
3 10047 3483 536
3 6960 6781 8675
3 4404 395 9575
3 5006 6649 1322
3 6525 3367 9611
3 8184 8030 7784
3 6776 9991 875
3 1995 419 8348
3 2318 674 2966
3 3469 7190 9588
3 1679 1542 7667
3 8983 7456 6662
3 6395 7690 9383
3 4980 8215 4243
3 1315 6812 3350
3 8623 186 9062
3 7200 9882 9124
3 5842 4658 7169
3 9332 4552 4616
3 5701 2729 989
3 7190 1679 4375
3 8011 7595 8771
3 8611 7665 8072
3 5081 9550 2609
3 2139 5868 8780
3 5878 10046 1125
3 7343 5767 8079
3 7178 7104 991
3 5030 8867 8969
3 3261 3929 1267
3 9930 9942 1717
3 4576 3062 3651
3 6369 2565 10004
3 7802 9231 7772
3 2102 9062 5859
3 9519 8720 7
3 7474 7498 8250
3 5701 989 7665
3 9781 9728 9618
3 2309 5194 5037
3 4720 9257 2512
3 1135 4773 2930
3 9843 4591 8594
3 7619 5224 8354
3 1238 3881 9740
3 10032 5058 9742
3 1027 4547 4650
3 3237 2013 3157
3 8504 6216 4501
3 741 5056 2416
3 5975 9695 5943
3 9855 8771 3473
3 4170 6468 539
3 2878 993 9298
3 6430 7200 3730
3 3862 7536 4649
3 6338 1001 3893
3 6286 6575 6465
3 1642 6153 6286
3 989 4655 7665
3 5819 1405 2084
3 5522 2873 4228
3 7377 8314 3147
3 5877 5766 9119
3 6465 4170 1642
3 316 5143 4729
3 3943 7301 5206
3 8314 5979 3147
3 4617 1267 5194
3 2285 9256 6338
3 4391 1398 265
3 2416 2387 741
3 8579 8759 3539
3 9881 2074 7109
3 3829 8814 2972
3 297 10046 2298
3 5135 244 5397
3 1656 8590 9023
3 7480 1415 8041
3 10047 536 2323
3 3805 2555 9830
3 4975 184 8566
3 7772 8566 2224
3 2494 5194 5332
3 7969 1398 63
3 2317 2176 5419
3 2309 5332 5194
3 8588 593 5698
3 10076 4375 5856
3 5397 4212 7103
3 7910 4299 2896
3 6865 4529 7109
3 5133 1972 7626
3 8030 9588 5619
3 9881 6649 5006
3 6467 8200 1221
3 7802 9298 9231
3 8780 8594 6946
3 1478 8266 6740
3 154 9383 8542
3 337 1994 592
3 780 8576 6497
3 6740 5522 1478
3 77 7455 6012
3 4280 9991 9061
3 5798 9890 2648
3 3651 3754 4576
3 6209 4363 4766
3 1457 2904 7456
3 1038 7619 5701
3 7192 9541 3235
3 2502 3661 1084
3 6337 2629 4522
3 2190 8161 8570
3 269 1454 7131
3 2969 1263 9450
3 1038 3392 7144
3 6789 5915 9196
3 3422 7147 8857
3 4939 7778 959
3 6501 4348 5903
3 7704 1515 17
3 9298 7963 2878
3 7768 1791 9689
3 4774 9852 7485
3 255 2244 3213
3 213 6557 2983
3 5325 7498 3172
3 3858 9257 3165
3 5486 6085 7450
3 6169 1317 3416
3 1404 6455 1920
3 4796 5915 2878
3 9445 1058 5357
3 5522 3660 1185
3 2482 4750 4774
3 297 6946 5338
3 5448 1513 3234
3 327 4795 3569
3 273 7691 250
3 7241 2298 10046
3 2101 3846 1624
3 4975 9733 10124
3 7582 3906 3801
3 5390 2220 9854
3 9601 539 7289
3 9772 5091 418
3 1022 2052 9510
3 8554 3099 2063
3 9134 2719 443
3 7411 8886 5821
3 9332 6799 4552
3 5150 1293 7987
3 5037 593 3483
3 3473 8771 6764
3 3929 727 10054
3 5448 7772 2224
3 4855 5767 3202
3 9023 5206 2292
3 2972 2292 1322
3 8330 5698 10054
3 7647 5013 187
3 1137 184 5448
3 8941 3648 3783
3 8010 7582 9445
3 8348 675 1995
3 2871 6943 3400
3 2804 8268 8740
3 2896 9949 9222
3 1995 8030 419
3 1215 3238 4379
3 3507 6473 2871
3 3764 4535 482
3 10076 5856 7911
3 1202 1631 8559
3 103 9588 8030
3 2277 6624 3009
3 4379 3238 5926
3 6490 1543 9395
3 1330 2362 4353
3 3801 3670 918
3 1793 3862 6175
3 1699 7407 8477
3 5338 1125 297
3 8462 2106 3729
3 7963 4796 2878
3 5224 7619 1038
3 2770 5608 3047
3 3047 9700 4995
3 7 8720 4342
3 4379 5926 8589
3 2559 2059 6533
3 7485 6968 6423
3 8276 8148 3236
3 348 4774 7485
3 171 2472 6557
3 532 9519 2103
3 1054 3775 424
3 5915 2245 9196
3 532 2103 7956
3 2758 3069 2434
3 4750 2545 9852
3 6657 2294 2245
3 9408 10050 4537
3 2139 4547 5868
3 3215 5902 4720
3 4351 7498 7474
3 2139 2298 4750
3 4750 2298 6429
3 4272 6934 1100
3 5614 5441 6005
3 8811 9744 5189
3 1105 10009 6711
3 2904 1457 9360
3 7343 3738 9179
3 3805 3807 2555
3 6855 180 7399
3 3648 8815 6362
3 5109 460 6672
3 9657 5055 593
3 9877 9438 2502
3 2533 9329 3438
3 2285 8590 2989
3 4911 2509 3008
3 7221 9987 2668
3 5482 8102 3103
3 1995 7641 7784
3 1561 4192 4830
3 8387 1406 5361
3 5228 9449 9450
3 918 3670 10112
3 9445 7582 2968
3 5915 3748 8247
3 1221 3603 103
3 8034 2005 7179
3 4998 398 967
3 9949 2896 2966
3 5718 7802 7772
3 398 1275 967
3 7384 5138 7691
3 6497 5903 780
3 8683 1873 1994
3 5224 1038 7144
3 4565 9518 6994
3 1542 1679 3469
3 9445 2839 8010
3 7890 5073 780
3 6258 7709 7635
3 3276 1185 9450
3 348 7485 1184
3 8477 8594 4591
3 8282 3973 5985
3 2499 8693 9462
3 6337 9805 335
3 6465 1642 6286
3 2294 9196 2245
3 3220 2505 3988
3 1184 10103 5224
3 6209 7127 335
3 8477 7407 8594
3 1184 5224 2887
3 374 202 4522
3 4658 5842 3651
3 7131 8639 269
3 1267 7817 1113
3 1699 5056 741
3 9881 4529 6649
3 4342 294 7
3 9298 993 9231
3 5135 5397 4501
3 1267 5135 7817
3 9372 7817 5378
3 4569 9881 5006
3 1267 5698 4738
3 2416 7719 5654
3 2401 3916 1546
3 8899 8892 3843
3 7897 5189 9744
3 9830 2555 4673
3 5454 1591 6761
3 9728 9781 5426
3 1206 7297 791
3 2446 9501 2925
3 2204 5371 3214
3 8692 10106 8207
3 5870 9686 9229
3 7563 127 4140
3 8542 9179 154
3 9740 6362 1238
3 6662 7999 8941
3 8091 6157 6720
3 9224 7267 7272
3 117 5549 6683
3 8927 4097 9975
3 8267 192 3871
3 398 9166 1555
3 790 145 4351
3 7500 2382 8655
3 4051 8104 592
3 3469 1679 7190
3 2565 6730 10004
3 5431 5151 6302
3 1263 9690 1404
3 4097 6672 250
3 2502 3764 3661
3 2387 6787 741
3 8555 7676 5464
3 8892 7595 3843
3 881 3660 2969
3 294 5155 8381
3 2319 1995 675
3 5878 1125 3730
3 4650 4774 348
3 5663 7381 6390
3 6169 2968 1317
3 7802 5718 9298
3 1665 1493 6848
3 2896 5743 2533
3 3213 3416 255
3 7144 8724 2887
3 2262 9821 9822
3 138 9754 6048
3 1413 2288 9051
3 7144 1793 8724
3 5221 5679 9488
3 1027 4650 8944
3 6657 2245 1133
3 7667 1542 6026
3 1478 4228 8266
3 3651 10098 3754
3 6994 9519 7
3 7127 6209 1493
3 1778 8164 7890
3 8056 1912 8779
3 445 9799 4297
3 6465 6575 8170
3 353 8170 6575
3 8566 6457 9733
3 7781 4849 5332
3 6575 5037 10047
3 1503 7321 3460
3 5037 4738 593
3 3081 5718 7772
3 8867 2067 3806
3 4552 6799 3806
3 6960 453 695
3 8170 6468 6465
3 7104 7178 7095
3 2880 9171 9750
3 958 1894 2915
3 8047 4228 1928
3 1528 5087 2104
3 3780 8676 6782
3 2703 4855 3202
3 4465 3235 8219
3 6270 6881 9383
3 8938 4964 9391
3 5532 6764 5614
3 3805 128 7660
3 6808 1125 5338
3 8570 697 991
3 9061 9991 6076
3 3440 3748 9598
3 4861 1503 3460
3 5013 7647 5184
3 6720 10009 9278
3 9388 8235 6348
3 6114 8078 9360
3 2512 3220 4720
3 5426 5233 3448
3 2811 8589 9166
3 9222 7910 2896
3 9388 1561 3132
3 1995 2319 7641
3 5969 8642 8610
3 1106 7971 5073
3 2983 9495 6177
3 6964 4272 1100
3 8235 7784 6348
3 7804 9507 1859
3 4353 2362 964
3 6177 7913 6962
3 8354 6423 8857
3 3748 6789 9598
3 3353 1317 2278
3 9822 7956 2262
3 2582 5162 7331
3 3496 7093 3157
3 6787 7407 1699
3 4591 9843 6209
3 9636 5922 8692
3 482 116 3661
3 5522 4902 3660
3 5394 4631 9157
3 1580 6210 4535
3 6079 2873 5522
3 7772 5180 3428
3 7804 1859 10098
3 5361 9723 698
3 3726 35 8817
3 265 3260 4391
3 1571 9966 3168
3 1642 4170 4330
3 5410 5310 9301
3 1150 10005 1373
3 9462 2294 5468
3 8724 4214 2887
3 6019 8724 1793
3 8500 778 548
3 1793 6175 6019
3 8684 6468 353
3 2761 8164 1778
3 8477 4591 6209
3 6380 5233 6355
3 9462 2472 8506
3 2446 5915 4796
3 3261 1113 9372
3 4346 4720 5902
3 4547 1027 6848
3 6787 8817 7074
3 2962 1202 4820
3 9843 5868 1493
3 8484 1215 9360
3 8905 3862 1793
3 6867 5916 2420
3 1860 1212 5030
3 5332 2309 6286
3 3805 7660 3807
3 6076 9991 6776
3 9460 5644 2476
3 503 6905 9742
3 4675 8815 4280
3 5925 1803 6656
3 1818 6054 8711
3 8506 2294 9462
3 1202 5223 4820
3 6856 9904 5985
3 6764 7594 5441
3 922 8241 3199
3 4820 9825 2962
3 9975 5138 4439
3 1084 2950 8914
3 287 6567 1987
3 7641 6348 7784
3 5291 10120 5223
3 910 7298 2113
3 8668 6456 5819
3 1406 1580 4535
3 1181 3392 4334
3 3044 9733 6457
3 3862 8905 7536
3 5905 6175 1665
3 591 8693 3754
3 6019 5905 1027
3 7665 8611 1513
3 8811 7327 1337
3 9261 3428 9175
3 6468 8170 353
3 10047 5037 3483
3 5869 2079 7181
3 5713 9457 3303
3 3428 6457 7772
3 5868 9843 8780
3 2804 7697 8047
3 8268 1928 4228
3 7804 10098 8200
3 3044 9961 9136
3 7418 7895 6178
3 8667 3157 7093
3 775 7995 7762
3 6740 8266 9117
3 5819 9174 1019
3 6789 3748 5915
3 9914 4031 8814
3 5541 8381 5155
3 9744 7460 9390
3 5225 3603 8200
3 9372 7715 3261
3 2696 2533 5541
3 6787 3797 4208
3 7784 8030 1995
3 1221 8184 8235
3 1391 1093 2966
3 2319 132 1428
3 1269 2459 5295
3 8010 5464 3906
3 9278 10009 9343
3 2751 1810 2968
3 8811 414 7327
3 7161 3644 9822
3 8566 1137 2224
3 8723 9749 2988
3 5568 2830 7618
3 6662 8609 8983
3 2103 2751 7956
3 3787 1543 6490
3 128 7562 7660
3 1018 4464 3431
3 3878 7147 6663
3 5325 8662 1810
3 6012 2247 7147
3 7147 3422 77
3 9438 3984 2502
3 9510 2261 10050
3 7709 8276 1694
3 256 3599 8097
3 2499 4576 3754
3 6098 1362 5980
3 539 6468 8684
3 6019 8944 8724
3 2950 3661 1639
3 3714 2268 2629
3 4548 5947 6062
3 5332 9747 2494
3 5905 6019 6175
3 10054 5698 3929
3 1027 5905 1665
3 5377 7714 9371
3 7255 7235 9432
3 9617 2351 4546
3 314 2741 9157
3 5378 7817 9023
3 546 5056 9219
3 1181 584 2269
3 741 6787 1699
3 9173 3771 5640
3 5868 4547 6848
3 5654 7719 3892
3 5056 1699 6209
3 1019 9174 5608
3 2005 5394 5814
3 7617 7720 4400
3 446 1001 6338
3 1182 10050 5109
3 8079 7467 8292
3 2830 2948 6362
3 6348 7641 1428
3 6151 779 5902
3 6005 4284 2382
3 3843 7384 273
3 1392 6525 2319
3 7704 6638 1515
3 6624 1392 3009
3 1285 5136 8683
3 7214 1391 7546
3 5360 6720 1422
3 9157 2741 5394
3 3788 76 3067
3 1631 5013 7831
3 3290 964 9287
3 7895 7241 6178
3 4998 1452 2811
3 9949 674 9222
3 428 3155 6
3 250 7691 5138
3 1150 3850 10028
3 1555 7595 8011
3 4940 5344 3042
3 1330 3531 255
3 9462 5468 2499
3 2444 8104 8751
3 7778 4939 9858
3 1465 2052 1548
3 184 1038 5448
3 4222 7685 3924
3 993 8247 3748
3 8913 1431 7804
3 6128 1084 8914
3 9438 314 3984
3 3500 1639 843
3 200 1022 2950
3 7956 2751 2262
3 5431 3218 7846
3 8268 2804 1928
3 539 9601 1647
3 5842 2313 3651
3 3023 5909 4712
3 1665 6848 1027
3 9450 1185 881
3 4214 1184 2887
3 1228 6016 7489
3 7987 8054 5442
3 2966 1093 2318
3 5804 8960 9431
3 6355 5233 5506
3 1100 9598 6964
3 502 7781 7191
3 5378 9201 727
3 3962 9427 6654
3 8293 1497 1885
3 3797 6787 2387
3 5793 6258 3315
3 2292 5378 9023
3 4645 8955 4184
3 4400 2417 547
3 6392 5992 3411
3 1322 6649 2972
3 4464 174 1723
3 6209 9843 1493
3 9728 3448 1635
3 536 3483 259
3 9344 7457 9727
3 9432 4493 6050
3 443 5184 7647
3 6114 3067 5134
3 2962 8408 1821
3 9061 9383 4280
3 5389 591 582
3 6114 9360 207
3 2565 592 5133
3 875 9991 3648
3 5741 129 2903
3 2067 4552 3806
3 6306 1857 3181
3 1330 6006 3531
3 8811 3363 414
3 2943 9387 1843
3 8506 2472 171
3 3059 1506 4196
3 3042 7384 8695
3 7297 6026 791
3 8798 1391 2966
3 1561 9388 4192
3 325 491 6144
3 1137 8566 184
3 1022 200 8005
3 674 9949 2966
3 5073 7971 9543
3 9507 582 2024
3 1639 116 843
3 10054 4594 4164
3 9096 5073 7890
3 5206 7301 5006
3 1429 5909 3023
3 3127 10083 8336
3 5911 9357 3152
3 2292 2972 8814
3 3392 1038 184
3 1580 1406 8387
3 3185 584 4334
3 6373 286 3724
3 2873 6079 8507
3 2925 2758 2446
3 4522 2475 374
3 8944 4214 8724
3 1398 4788 1399
3 4170 3260 265
3 8395 6627 7522
3 1185 6079 5522
3 9488 590 9442
3 7127 1493 1665
3 8839 5107 8696
3 1399 3147 4706
3 353 6575 10047
3 5006 4400 2711
3 1591 8484 1457
3 3236 48 8276
3 8839 8696 4253
3 4649 6175 3862
3 5630 8330 6679
3 8588 6050 9657
3 3157 3431 4464
3 5718 7963 9298
3 4822 4801 5736
3 3302 3025 8342
3 2472 5389 6557
3 9136 8664 9164
3 9521 6673 192
3 3775 3343 8860
3 8913 5797 5969
3 5019 1695 3237
3 3237 3157 4464
3 8438 6982 8370
3 3008 2509 3300
3 335 4649 3714
3 7362 1431 8610
3 2771 174 1018
3 5926 9166 8589
3 8779 1865 1071
3 1405 9691 2084
3 591 5389 8693
3 7134 7451 7997
3 5448 2224 1137
3 1392 6624 3367
3 4192 6348 4830
3 3462 2079 3726
3 3069 243 2379
3 2967 6105 5798
3 9134 1553 2719
3 3353 2278 3801
3 3260 1647 1988
3 1647 3260 4170
3 8447 7289 9217
3 2323 536 5150
3 200 2950 1639
3 4164 5804 10054
3 3240 8005 200
3 347 5727 7053
3 1406 2288 5361
3 4729 5143 2732
3 192 8267 1505
3 4649 1665 6175
3 3416 3213 9821
3 3152 938 5911
3 1249 9773 6210
3 1454 6808 7131
3 3218 6010 7846
3 2351 7380 8387
3 6337 4363 6209
3 10009 6720 5360
3 5698 593 4738
3 7380 1580 8387
3 2292 4031 5378
3 1207 3350 2862
3 335 1665 4649
3 6267 789 4653
3 5296 6255 3061
3 7956 9822 4773
3 3648 8941 875
3 8500 7707 778
3 76 2811 5536
3 6964 8506 171
3 548 2804 5909
3 3779 1546 8722
3 4962 229 8064
3 9987 6535 1422
3 7760 99 2067
3 5909 1429 548
3 4673 2555 3807
3 1690 5229 10124
3 6362 9740 2830
3 8078 875 7999
3 4243 1074 4980
3 5766 7298 4902
3 9450 9449 7995
3 6761 9452 5454
3 6587 8637 7450
3 7459 3508 7811
3 9450 6455 7449
3 9688 1003 3884
3 10032 822 9179
3 4297 7816 958
3 4522 2629 2268
3 1647 4170 539
3 539 8684 7289
3 7289 8684 9217
3 6599 7255 6388
3 3400 6943 9960
3 7760 5030 1212
3 5055 3483 593
3 5143 5055 9657
3 7099 2203 8937
3 132 2319 6525
3 3500 9773 9473
3 4043 3438 9329
3 3301 6257 2277
3 4830 6348 9611
3 1428 7641 2319
3 3462 9580 4208
3 9495 5389 582
3 3240 200 3500
3 8436 3730 7200
3 6808 5338 7131
3 213 867 4272
3 1647 9601 1988
3 1339 1126 696
3 1639 3661 116
3 2079 5869 3726
3 8905 1793 9521
3 1413 548 3778
3 5911 269 8639
3 6232 8507 7995
3 8200 10098 5842
3 1920 6455 9450
3 9179 3738 154
3 8667 3431 3157
3 8899 7594 6764
3 5378 4031 9201
3 8219 3235 7690
3 4501 1656 5135
3 3309 9897 3138
3 4594 727 9201
3 3158 6178 9124
3 8749 8590 2285
3 7536 3714 4649
3 4253 4522 3378
3 959 7778 10004
3 8815 3648 9991
3 9462 8693 5389
3 1364 9822 9821
3 5548 4164 4594
3 9881 9220 2074
3 5737 4793 1497
3 2381 2079 3462
3 9854 2220 7254
3 1022 8005 8199
3 10004 6730 3702
3 3428 6934 4272
3 5223 9074 5291
3 1503 4861 6982
3 4851 2693 5419
3 2024 3754 10098
3 5134 6157 6114
3 4363 6337 202
3 5143 316 5055
3 2582 8553 5162
3 4998 9166 398
3 1555 6080 8695
3 9219 5056 2855
3 7582 2278 2968
3 3416 1317 3353
3 9754 5675 9164
3 6209 9805 6337
3 8892 6764 7595
3 2969 9450 881
3 4353 4448 3675
3 3276 9450 7995
3 8339 7446 6813
3 2269 6838 2895
3 3367 6624 4830
3 3721 8655 4537
3 1580 7380 8295
3 3301 3880 6257
3 5361 2288 1413
3 8759 114 2805
3 347 6775 4636
3 9611 6348 1428
3 4855 4673 3807
3 8542 503 5058
3 3132 1561 6354
3 482 4535 116
3 4214 348 1184
3 7991 6492 2917
3 7460 813 9390
3 3659 6 1683
3 1249 4746 9773
3 418 5741 9772
3 10124 9733 3044
3 843 116 6210
3 6232 7995 775
3 5091 6327 9829
3 3764 2005 1406
3 192 8905 9521
3 7705 7241 7895
3 192 1505 8905
3 8668 5819 1019
3 5893 8759 2805
3 6896 7709 6258
3 3428 5180 6934
3 8276 48 1694
3 451 9688 3884
3 3771 2805 5640
3 8444 2245 5915
3 3315 7377 7969
3 6575 6286 5037
3 6764 8771 7595
3 9727 7457 9348
3 4729 259 316
3 8913 7804 6467
3 7697 548 9051
3 2632 9175 2659
3 875 8941 7999
3 6036 7463 240
3 5640 1563 9173
3 3929 7715 5378
3 2292 5206 1322
3 9501 8751 8104
3 6717 6479 1635
3 9914 8814 3829
3 2930 3644 7161
3 8078 6114 8091
3 4446 1729 6355
3 6865 9812 5162
3 8381 4299 4565
3 6479 1118 9825
3 3378 5107 8839
3 9237 2855 4363
3 9806 4363 5735
3 5194 4738 5037
3 4342 8720 4773
3 5532 3473 6764
3 2811 9166 4998
3 4579 3290 2692
3 547 2711 4400
3 1729 657 6355
3 6369 7778 337
3 3315 7969 6926
3 888 9807 4651
3 9507 7913 6177
3 5698 8330 8588
3 3438 8760 8798
3 8798 8760 3762
3 8892 8899 6764
3 5441 7594 8899
3 3367 4830 9611
3 5792 6601 1347
3 8570 991 2190
3 9501 8104 4492
3 3473 5532 2177
3 7328 9618 9728
3 8011 1275 398
3 8217 8629 3880
3 6380 4142 5233
3 9670 2703 6935
3 417 9830 4673
3 2644 138 4556
3 9010 5157 5741
3 184 4975 3185
3 1860 5030 8969
3 2988 9225 7761
3 453 6327 2903
3 2402 1909 8923
3 7761 732 8723
3 3807 5767 4855
3 2060 4995 9700
3 4413 2113 8045
3 7418 6178 2247
3 4537 10050 2261
3 7890 8164 2761
3 516 7898 8439
3 4433 3042 3623
3 9068 6706 2113
3 1153 3508 3401
3 1330 4353 6006
3 8914 9510 4097
3 1548 6174 4139
3 9751 3788 207
3 1497 8293 8267
3 10009 6776 9343
3 4546 698 9723
3 5107 7536 3372
3 5814 4063 7179
3 1413 9051 548
3 6673 3871 192
3 3778 5361 1413
3 2804 548 7697
3 5244 1429 3023
3 3780 1909 2402
3 3983 4518 3099
3 9521 1793 1522
3 9217 7139 8447
3 6019 1027 8944
3 5737 9521 2895
3 6673 9521 5737
3 1988 9348 3260
3 5056 6209 4766
3 6362 8815 1238
3 7144 3392 1181
3 5189 3363 8811
3 3804 5956 4253
3 9431 1141 6679
3 1268 1114 3262
3 3225 6255 3131
3 5228 9450 7449
3 5548 9914 5846
3 942 3962 7937
3 10124 3185 4975
3 8917 765 4472
3 8079 8219 3738
3 8815 3881 1238
3 4363 3216 718
3 6934 3440 1100
3 4565 1678 7666
3 6026 5853 6345
3 3165 9257 4720
3 8899 4284 5441
3 9495 582 9507
3 8899 460 5109
3 10105 145 790
3 7804 1431 8779
3 8250 9519 6994
3 6672 460 250
3 7214 859 3008
3 2095 1087 5054
3 294 4342 5155
3 2966 2533 3438
3 5225 7169 9970
3 9735 9864 2832
3 2143 2204 3214
3 132 6525 9611
3 2895 4793 5737
3 9521 1522 2269
3 923 7130 9890
3 5737 1497 8267
3 1341 3059 1205
3 6673 5737 3871
3 6174 3155 3323
3 802 7309 2333
3 4980 749 8064
3 4577 6799 115
3 1158 7124 2713
3 1505 7536 8905
3 8447 7139 9344
3 6525 1392 3367
3 6663 3702 3878
3 8684 353 2323
3 2268 1514 3378
3 732 2422 8723
3 6337 335 2629
3 1514 7536 5107
3 8749 7617 3943
3 8295 6602 1580
3 3218 3901 6010
3 5698 1267 3929
3 2285 6338 8749
3 6602 7846 6010
3 4522 4253 2475
3 1227 4939 2209
3 1994 1873 592
3 3778 9723 5361
3 4766 2855 5056
3 6076 6270 9061
3 8588 9657 593
3 959 3702 6663
3 6478 8115 9626
3 4801 888 4651
3 4773 8720 532
3 3213 2244 3531
3 5846 5333 942
3 2668 5134 7221
3 5229 9301 6838
3 2972 28 9427
3 718 3216 202
3 1333 4999 9078
3 482 3661 3764
3 1263 1404 1920
3 4074 5471 6587
3 9822 1364 7161
3 9524 8903 1028
3 2269 1522 1181
3 5536 5134 76
3 3762 8760 3438
3 9427 9914 3829
3 4165 713 9904
3 7109 9812 6865
3 2696 9329 2533
3 6683 93 117
3 6926 2115 5793
3 3168 7134 5723
3 9829 6327 8867
3 7801 129 3642
3 8969 8867 6327
3 7139 7987 6701
3 2732 874 4493
3 9241 9974 7866
3 2323 353 10047
3 9960 6943 2871
3 2277 4830 6624
3 1221 8235 9388
3 5797 3132 6354
3 7103 2494 364
3 1159 5885 10015
3 2024 1859 9507
3 582 591 2024
3 9618 7328 5223
3 630 9994 9356
3 5109 6672 1182
3 7997 4330 5723
3 7357 2767 9592
3 6935 3112 9670
3 4446 5506 5426
3 822 2703 3202
3 4788 4520 1399
3 6701 7987 5442
3 5150 536 259
3 5441 5614 6764
3 9217 8684 2323
3 3240 3500 9473
3 347 9473 5727
3 8583 719 3683
3 5585 7764 7235
3 837 1293 4729
3 8715 9180 7235
3 6143 1896 1684
3 9385 5812 3901
3 3901 5812 4746
3 4738 5194 1267
3 1580 6602 6010
3 8293 7953 5734
3 3661 2950 1084
3 1497 4793 2895
3 5734 1505 8293
3 4164 942 5804
3 1885 2895 6627
3 8034 8047 7697
3 8736 8339 1770
3 5431 7846 5151
3 3929 5378 727
3 3152 9357 7843
3 9806 3813 4363
3 6720 6157 5134
3 6654 7201 3962
3 10018 7161 7006
3 3720 10024 8837
3 4095 8778 1320
3 8814 4031 2292
3 4766 4363 2855
3 10020 9700 7898
3 4942 8919 9691
3 9821 3213 1364
3 3797 3539 8759
3 8507 8268 2873
3 3440 993 3748
3 6621 6232 775
3 1576 2702 8370
3 2632 867 6341
3 121 2636 2407
3 337 592 2565
3 4861 5541 5155
3 5472 5118 7449
3 77 6012 7147
3 10004 3702 959
3 5485 4422 6586
3 2659 3428 4272
3 2269 584 6838
3 4569 2711 547
3 4651 5736 4801
3 713 9600 1071
3 2719 1553 3775
3 1873 4051 592
3 7321 3762 4043
3 8200 3603 1221
3 2805 114 2915
3 9611 1428 132
3 3132 1221 9388
3 2318 1093 1391
3 6490 8462 3787
3 4120 6380 657
3 5797 3996 5969
3 8212 5201 370
3 2277 6642 5797
3 5308 1503 6982
3 1769 8790 2340
3 3296 4579 134
3 9592 1259 4537
3 8011 398 1555
3 1548 7357 1465
3 1452 5536 2811
3 1497 2895 1885
3 8723 2422 3780
3 552 187 1118
3 6627 2895 7130
3 9893 6500 9960
3 6962 2983 6177
3 9890 5798 2877
3 5793 7790 9077
3 6005 7500 5532
3 134 8661 3296
3 918 10112 6785
3 8178 9249 8876
3 5151 7846 6602
3 7987 1293 4226
3 7764 7210 7235
3 1871 8309 6098
3 4203 4746 1249
3 9617 1468 4951
3 7570 9723 3778
3 2362 57 918
3 6048 2341 8664
3 5229 1690 5410
3 9742 8885 10032
3 590 797 6478
3 5767 7467 8079
3 417 9670 5740
3 9011 3181 6524
3 3670 5464 7676
3 8740 5909 2804
3 8034 2959 2271
3 202 374 718
3 3670 7676 10112
3 7591 4741 7368
3 7863 8947 8444
3 2629 335 3714
3 202 3216 4363
3 9390 813 8304
3 8740 8268 8507
3 9383 4675 4280
3 6711 6855 1105
3 9219 2855 9237
3 942 5548 5846
3 4594 9914 5548
3 7995 9449 5228
3 6679 1141 5901
3 7762 6621 775
3 5471 8637 6587
3 9667 8006 887
3 7109 2074 3814
3 5118 5472 4073
3 5485 9303 4422
3 3069 2379 7634
3 4773 1135 4004
3 5230 4575 3037
3 4492 4051 3846
3 2153 1867 9245
3 2896 4299 8381
3 9136 9164 5410
3 2533 5743 8381
3 9432 7744 7255
3 2950 1022 9510
3 778 3778 548
3 813 7460 2190
3 790 4351 1341
3 1468 9617 7570
3 7033 7776 9012
3 4226 8211 7987
3 4520 4788 7969
3 7762 7995 5228
3 7953 1885 6627
3 7450 6456 8668
3 6867 2420 2776
3 7450 6085 6587
3 3496 2773 5436
3 1626 9151 4288
3 9890 2877 923
3 8696 5107 3372
3 3623 6867 4433
3 5846 9914 5333
3 2925 2101 243
3 8566 9733 4975
3 5087 1528 405
3 4522 2268 3378
3 2074 9220 3814
3 6223 4462 4875
3 202 6337 4522
3 5736 4651 9807
3 4616 4552 2067
3 4425 3963 3014
3 9179 5058 10032
3 1635 5223 7328
3 2751 6169 2262
3 9166 5926 6080
3 399 39 6006
3 5549 4795 327
3 9855 1275 8771
3 2101 9501 4492
3 2635 9858 8097
3 9278 8078 8091
3 1765 4336 7330
3 2634 6083 558
3 9301 1382 6838
3 1522 1793 7144
3 5134 3067 76
3 5734 7953 8395
3 6338 7617 8749
3 4004 4342 4773
3 1514 3714 7536
3 243 3069 2925
3 6464 2930 10018
3 8438 981 3854
3 3238 3729 5344
3 3762 859 7214
3 4627 2882 5052
3 9113 6649 4529
3 7322 5943 9695
3 6177 9495 9507
3 7937 3962 8694
3 3623 3042 5344
3 3323 3155 428
3 6138 8556 3721
3 698 2351 8387
3 7937 1141 5804
3 5166 4436 9808
3 3962 942 9427
3 2351 698 4546
3 364 9747 317
3 2925 3069 2758
3 2001 3323 428
3 6457 8566 7772
3 9617 4546 7570
3 7338 7627 5993
3 5909 8740 4712
3 4203 1249 6210
3 6010 3901 4203
3 5151 6602 8295
3 7762 5952 6621
3 7455 6429 7705
3 9727 1988 9601
3 7181 2381 9357
3 2381 8759 5893
3 6701 1197 7457
3 2832 8395 7522
3 5433 3032 557
3 3121 5383 5368
3 9201 9914 4594
3 1624 3846 6365
3 1150 5943 7322
3 3730 6808 1454
3 6557 5389 9495
3 7103 8504 5397
3 4848 501 7751
3 6982 3854 5308
3 2966 3438 8798
3 7675 3762 2507
3 9329 7321 4043
3 4330 6153 1642
3 7635 7709 1694
3 3531 2440 1364
3 2588 3761 5119
3 6051 17 5870
3 337 7778 1994
3 3251 5211 10015
3 9987 6683 327
3 363 6051 4575
3 8324 7831 8416
3 5155 4342 4004
3 213 9600 4165
3 9550 9391 5054
3 10032 8885 822
3 1505 5734 2832
3 8602 9176 5334
3 9670 4855 2703
3 6430 269 4899
3 9175 3428 2659
3 7817 2521 1656
3 5464 3670 3906
3 3813 9237 4363
3 2247 7455 7418
3 9709 5811 5093
3 7074 7407 6787
3 695 6781 6960
3 1860 453 6960
3 5150 7139 9217
3 2732 5143 874
3 9261 3044 6457
3 8458 3728 5657
3 3343 4754 8860
3 1337 8570 8161
3 6838 7130 2895
3 5106 9809 9636
3 5911 7181 9357
3 8395 7953 6627
3 8056 7913 7804
3 5954 3569 7918
3 6372 8998 4679
3 4653 8212 6267
3 5608 8919 9700
3 4965 7690 4991
3 4991 1469 4965
3 7538 9746 654
3 1821 187 5013
3 7205 2632 9126
3 5157 129 5741
3 6005 5532 5614
3 4765 9029 3451
3 9544 2779 8440
3 4801 4822 2097
3 1454 269 6430
3 5008 9541 6402
3 1071 8264 1480
3 57 255 3353
3 9383 9061 6270
3 2382 4284 5109
3 9431 8960 1141
3 6010 6210 1580
3 7593 7292 8115
3 5162 4629 6865
3 6138 3721 4174
3 9427 28 6654
3 2102 7467 8917
3 9727 9601 8447
3 3378 1514 5107
3 2067 5030 7760
3 4577 99 9814
3 4981 1075 4472
3 4018 4821 718
3 5151 8295 2351
3 3644 4773 9822
3 1202 5013 1631
3 3714 1514 2268
3 1293 259 4729
3 5541 2533 8381
3 6059 8171 7319
3 6464 2176 2317
3 3240 9473 347
3 5797 6354 2277
3 7235 9180 5585
3 1322 5206 5006
3 5735 718 4821
3 6388 7744 8330
3 5155 1226 6982
3 5263 1557 1815
3 4736 4962 8064
3 9576 9709 5093
3 8507 6079 7995
3 7901 6921 471
3 1468 1279 7292
3 4546 9723 7570
3 548 1429 8500
3 1468 7292 1767
3 9987 6720 2668
3 9442 4808 9488
3 8394 117 1275
3 8437 2420 2242
3 4636 6174 8199
3 6478 5461 3614
3 7292 9626 8115
3 590 4712 9442
3 6457 3428 9261
3 8556 7500 8655
3 8945 3023 4712
3 9473 4746 5727
3 7707 8500 1429
3 1182 6672 9510
3 428 6 3659
3 2382 7500 6005
3 8945 590 7707
3 8556 5532 7500
3 5993 7627 4775
3 2959 8034 6836
3 5244 3023 8945
3 6621 5952 4808
3 428 3659 155
3 6232 4712 8740
3 4929 5340 7767
3 3185 4334 184
3 8006 7906 887
3 5485 8667 7093
3 1018 174 4464
3 2877 7522 923
3 3762 7214 7546
3 6740 4902 5522
3 5737 8267 3871
3 2895 9521 2269
3 7130 1382 5011
3 923 7522 7130
3 8293 1885 7953
3 3762 7321 2507
3 9219 9237 3813
3 2832 7522 2877
3 6105 2832 2877
3 8736 1956 7974
3 4902 6740 9117
3 1197 5035 4391
3 4575 5230 363
3 2005 3937 2288
3 10058 5085 6407
3 5011 4065 2648
3 273 7384 7691
3 4446 5426 134
3 1860 6960 8675
3 3300 2509 4911
3 3892 7893 114
3 964 2362 9287
3 8217 3880 3301
3 859 4911 3008
3 6717 3448 4885
3 9670 417 4673
3 8913 3132 5797
3 1233 9696 6888
3 6890 8746 2870
3 6962 7913 8056
3 4196 1205 3059
3 3880 8642 7949
3 7205 9961 9261
3 7201 6654 4184
3 4196 4565 1205
3 2317 2693 1135
3 8955 729 8694
3 2972 9427 3829
3 9598 8506 6964
3 4379 9751 207
3 9812 4801 842
3 4565 5855 1678
3 4391 7457 1197
3 8676 3780 732
3 1275 9855 8394
3 7498 5325 9519
3 1542 3469 6026
3 880 3916 4656
3 2190 7460 8161
3 7617 7301 3943
3 2670 695 453
3 2362 1330 57
3 5360 1422 5788
3 7209 6658 3014
3 9341 1629 1315
3 1629 6588 1315
3 7723 585 5357
3 5106 6026 6345
3 867 2659 4272
3 9519 5325 2103
3 5223 8559 9074
3 6006 3568 4350
3 7357 2261 1465
3 9510 6672 4097
3 7675 859 3762
3 1135 2693 1226
3 3452 7767 5340
3 8324 6051 363
3 1856 6 3155
3 7913 9507 7804
3 6642 6257 3996
3 4636 8199 3240
3 8246 1285 2635
3 2226 8016 9390
3 1391 8798 7546
3 9125 325 4911
3 4593 5969 3996
3 7546 8798 3762
3 7781 502 4849
3 6302 287 5431
3 6838 1382 7130
3 6354 1561 4830
3 5361 698 8387
3 2968 1810 9445
3 9386 1372 501
3 138 4288 2724
3 4849 9747 5332
3 7522 6627 7130
3 9735 6105 2967
3 7535 1956 8736
3 7488 6015 5758
3 6732 7532 2645
3 8395 2832 5734
3 8745 9651 3720
3 8955 4645 729
3 5921 2250 8694
3 4875 9864 9735
3 590 8945 4712
3 265 1399 5723
3 9442 4712 6621
3 2832 6105 9735
3 34 5491 10038
3 6856 5985 2890
3 1624 6365 1516
3 186 6402 9062
3 887 5118 4073
3 7382 8148 8276
3 4200 7775 763
3 2379 1516 9214
3 3711 5370 4014
3 2832 9864 1505
3 1729 3357 8555
3 1635 3448 6717
3 5011 3153 7835
3 9772 2903 5091
3 2680 1978 9831
3 6258 8314 3315
3 4065 2967 5798
3 9179 822 3202
3 8542 9383 6881
3 4253 3378 8839
3 9735 6906 7974
3 5441 4284 6005
3 3008 1391 7214
3 134 4579 4446
3 7328 9728 1635
3 1874 3150 7462
3 9742 5058 503
3 5035 8604 4391
3 328 2872 1197
3 9343 8078 9278
3 6144 491 6921
3 2067 8867 5030
3 3804 8043 7875
3 4911 859 9125
3 180 6588 1629
3 9432 6050 7744
3 8295 7380 2351
3 7570 778 1279
3 5969 4593 8642
3 6906 8339 8736
3 2475 718 374
3 10054 727 4594
3 797 5461 6478
3 9626 7292 1279
3 2983 6557 9495
3 10018 1311 6464
3 4712 6232 6621
3 6642 3996 5797
3 590 5679 797
3 1141 8960 5804
3 4350 6205 8890
3 2398 8114 8237
3 5221 5952 7762
3 5228 7449 5118
3 5804 942 7937
3 3660 881 1185
3 9771 5052 2882
3 10046 5878 8436
3 7054 7865 3895
3 4746 9473 9773
3 9249 155 6788
3 5006 2711 4569
3 6836 3174 3683
3 8381 5743 2896
3 2805 2915 1894
3 7987 7139 5150
3 9344 9727 8447
3 2903 2670 453
3 6782 3643 851
3 7804 1912 8056
3 1337 8161 8811
3 4792 8304 813
3 5532 8556 2177
3 1722 8060 5844
3 327 6683 5549
3 1631 7831 8559
3 117 967 1275
3 7241 7705 2298
3 2177 4795 3283
3 453 1860 8969
3 10097 4090 6579
3 3780 2422 732
3 287 3218 5431
3 4858 9923 441
3 1857 8885 4425
3 5085 3004 6441
3 1430 8924 4570
3 5676 6913 6187
3 7570 3778 778
3 8199 6174 1548
3 3202 5767 9179
3 1548 2052 8199
3 5058 9179 8542
3 4087 8635 2773
3 5506 5233 5426
3 8664 9136 9961
3 4636 3240 347
3 259 3483 5055
3 8393 7713 6376
3 1835 7148 9882
3 2732 4493 557
3 4694 3032 5433
3 5143 9657 874
3 8370 6982 9820
3 4929 7767 1688
3 7200 4132 10046
3 7093 9303 5485
3 7093 3496 4422
3 9689 1791 3496
3 4227 10095 477
3 7321 2696 3460
3 5921 729 3695
3 1695 5019 321
3 6837 2582 3695
3 6654 2972 8864
3 4132 7200 9124
3 34 3399 5491
3 7446 3153 5310
3 6838 584 5229
3 4372 4767 9666
3 4529 9881 7109
3 2877 5798 6105
3 4253 4462 3804
3 151 9362 2864
3 959 6663 2209
3 7875 7484 3804
3 7835 3153 7446
3 2097 9029 4801
3 9864 3372 1505
3 1218 9696 3995
3 6837 729 4645
3 2648 4065 5798
3 8864 6649 9113
3 213 2983 9600
3 718 2475 5956
3 7875 558 6024
3 5454 3787 8462
3 446 6338 9256
3 8630 3300 9394
3 8768 4513 6692
3 2989 6216 5420
3 7949 6257 3880
3 8610 1431 5969
3 6551 9131 7227
3 1856 6174 4636
3 4272 6964 213
3 9809 9970 4500
3 8212 1835 9882
3 9624 6567 228
3 8924 2762 3894
3 4606 562 2339
3 2106 3623 5344
3 171 6557 213
3 7707 1429 5244
3 9488 5952 5221
3 6621 4808 9442
3 4165 9600 713
3 8938 9391 9550
3 6589 5292 5679
3 9542 8885 9742
3 4087 9524 1028
3 6521 9545 8051
3 7762 5228 7906
3 6701 7457 7139
3 7634 9647 3069
3 8565 9632 4352
3 5194 2736 7103
3 6587 6085 5486
3 4729 2732 837
3 874 9657 6050
3 3283 5549 8394
3 2703 822 6935
3 3603 5231 103
3 5657 7767 8458
3 8330 6050 8588
3 2101 4492 3846
3 9735 2967 8602
3 6785 10112 9287
3 6654 28 2972
3 9113 6865 4629
3 842 6139 9812
3 8309 2926 6098
3 4629 8553 8864
3 2724 9754 138
3 5735 4363 718
3 2648 9890 5011
3 7778 6369 10004
3 4556 9126 2644
3 7205 4556 9961
3 7974 1956 9985
3 8821 9470 2115
3 6120 2011 4014
3 3032 2732 557
3 9826 4139 3323
3 1465 9510 2052
3 9747 364 2494
3 4018 3352 2096
3 4018 7484 7875
3 3762 3438 4043
3 5976 7970 4220
3 2379 243 1624
3 3915 4467 7776
3 8161 9744 8811
3 6345 5853 9970
3 5461 5292 4130
3 63 6926 7969
3 6478 3614 8115
3 6478 9626 7707
3 182 8595 6182
3 4391 9989 1398
3 9301 5229 5410
3 8848 3296 8661
3 7906 5228 887
3 7627 7338 8006
3 5008 1469 4991
3 10120 1241 9781
3 9668 4074 551
3 1141 8694 5901
3 4962 4140 4577
3 1265 1570 2567
3 6257 7949 4593
3 6935 6306 3112
3 2401 1546 3779
3 9394 325 8630
3 8642 4328 7362
3 5333 9914 9427
3 7898 4942 8439
3 9735 6223 4875
3 2113 6706 8045
3 6856 6341 9904
3 4208 2381 3462
3 7835 5334 9176
3 2925 9501 2101
3 6679 7202 5370
3 2967 9176 8602
3 10009 6076 6776
3 6837 3695 729
3 6711 180 6855
3 4196 7474 4565
3 187 552 7647
3 321 1723 2559
3 6606 8887 1537
3 9825 1635 6479
3 9240 722 1498
3 8060 1722 6921
3 471 6921 1722
3 6249 4053 2992
3 9178 9960 4979
3 7221 5536 1452
3 8696 3372 9864
3 4998 967 117
3 6683 7221 93
3 1546 3916 880
3 8923 2924 8401
3 3974 3215 1869
3 8097 569 8246
3 2382 5109 9408
3 791 6026 5106
3 129 1745 3642
3 9821 6169 3416
3 9210 3635 2996
3 9600 2983 6962
3 7233 7182 6723
3 321 5019 4464
3 10020 6532 2060
3 9276 8561 1517
3 1135 6464 2317
3 6767 2897 3399
3 2411 8768 4627
3 7131 3726 5869
3 2632 2659 867
3 8860 8016 2226
3 5184 443 2719
3 8041 9451 5201
3 5442 8054 8211
3 5480 6926 63
3 1197 8135 5035
3 7227 9131 6222
3 1197 6701 5442
3 8581 6556 8137
3 9744 8161 7460
3 9348 1988 9727
3 7498 9519 8250
3 9851 5814 6747
3 3804 4018 5956
3 4767 4372 5675
3 108 9617 4951
3 4065 5011 7835
3 3352 7875 2578
3 7179 7160 8034
3 4951 1468 1767
3 4795 2177 9550
3 4449 696 9128
3 9550 2177 8556
3 7707 590 6478
3 10050 1182 9510
3 3804 7484 4018
3 8052 2762 6552
3 6607 4439 49
3 2247 6178 3158
3 2203 7099 7786
3 5074 4441 4036
3 5229 3185 10124
3 4228 2873 8268
3 7762 7906 8006
3 7974 6223 9735
3 2209 2247 3158
3 887 5228 5118
3 2713 7124 1648
3 1856 4636 6775
3 4184 6654 8864
3 8864 2972 6649
3 4422 9303 7093
3 2741 6747 5814
3 9632 9668 4352
3 2222 1932 4316
3 1480 8056 8779
3 3451 9576 4765
3 3372 7536 1505
3 5836 1230 5509
3 453 8969 6327
3 6679 8330 9431
3 7362 7517 1431
3 9124 6178 4132
3 763 64 9214
3 634 5169 6606
3 5325 2751 2103
3 9029 4765 4801
3 3147 4520 7377
3 8655 2382 9408
3 6138 4174 1259
3 7918 3569 4795
3 7457 9344 7139
3 837 4226 1293
3 7672 9838 1756
3 8555 2777 1729
3 5136 3924 8683
3 5054 4795 9550
3 5727 4746 5812
3 6788 8876 9249
3 557 9432 7210
3 2271 8047 8034
3 8330 5630 6388
3 584 3185 5229
3 9117 8266 9392
3 5151 2351 6261
3 10000 8858 3655
3 108 7020 6261
3 9890 7130 5011
3 3523 179 1145
3 1468 7570 1279
3 7103 2736 2494
3 3642 695 7801
3 7801 2903 129
3 392 9345 6179
3 4266 585 6385
3 5679 5292 5461
3 2804 8047 1928
3 10005 7752 1373
3 9961 3044 9261
3 6306 6935 1857
3 9182 7593 3614
3 6935 822 8885
3 2369 767 3084
3 1227 3845 8097
3 6658 7368 4936
3 8955 3962 7201
3 4645 8864 8553
3 5679 5221 6589
3 5758 6655 9330
3 5291 9074 5230
3 41 9425 8649
3 8819 8670 2176
3 9632 8565 2799
3 9542 9742 3014
3 3236 8148 7382
3 551 8565 4352
3 5093 6184 4765
3 4150 7612 194
3 8602 6906 9735
3 7109 4801 9812
3 6270 6076 10009
3 9126 6341 6856
3 1842 9386 4310
3 5675 2724 4767
3 9961 6048 8664
3 5310 3153 9301
3 9695 8504 7322
3 2126 7446 5310
3 414 3363 5189
3 8779 1912 7804
3 1118 6479 552
3 1506 3059 4351
3 3070 5340 4929
3 5956 2475 4253
3 9229 4575 5870
3 9987 7221 6683
3 8736 1770 2126
3 7635 8314 6258
3 6813 7446 2126
3 6258 5793 9077
3 10098 2313 5842
3 9989 4391 8604
3 4288 2890 5985
3 5035 8135 8604
3 4812 5085 6441
3 5334 8339 6906
3 5334 7835 7446
3 5150 9217 2323
3 9804 4047 2369
3 8927 6128 8914
3 3300 4911 9394
3 1767 7593 2339
3 4142 552 6479
3 2903 9772 5741
3 1279 778 9626
3 7195 2454 5686
3 8837 10024 2973
3 7776 108 562
3 6551 7227 9725
3 2930 6464 1135
3 3121 2852 747
3 8157 7672 2383
3 2962 9825 8408
3 3794 2973 10024
3 8553 6837 4645
3 503 8542 6881
3 3314 8347 5390
3 6187 6913 2136
3 1311 5119 3761
3 4629 8864 9113
3 2798 4414 3960
3 5184 6638 7704
3 6174 1856 3155
3 2277 3009 3301
3 7863 8444 2758
3 8370 2702 981
3 7368 4741 7352
3 6551 4732 1596
3 7554 5657 6537
3 5360 180 6711
3 4593 3996 6257
3 3659 1683 7053
3 4801 7109 888
3 174 2059 1723
3 9385 3901 3218
3 6302 5151 6261
3 558 8043 2634
3 4881 6417 3072
3 7831 8324 363
3 1469 5008 9740
3 2948 3348 6362
3 10058 5247 4385
3 5630 6679 5370
3 4608 6537 5657
3 3854 6376 9184
3 8245 324 865
3 10120 9618 5223
3 6378 4754 3074
3 1506 7474 4196
3 9647 2434 3069
3 6855 6270 1105
3 7368 8467 7591
3 8046 503 6881
3 8399 1582 3072
3 7890 8525 9096
3 922 8824 484
3 1207 1422 6535
3 328 1197 5442
3 4615 8865 4385
3 6535 4632 1207
3 5442 4812 328
3 4881 1582 5954
3 1690 10124 3044
3 5509 1230 6036
3 7053 5727 5812
3 9838 471 1756
3 5429 7156 2727
3 325 9394 4911
3 471 9838 7901
3 9125 5844 8060
3 4746 4203 3901
3 2411 4328 8642
3 1987 3218 287
3 7948 7535 2126
3 8694 3962 8955
3 9287 2692 3290
3 9674 142 6995
3 1071 1480 8779
3 1770 6813 2126
3 9176 2967 4065
3 255 57 1330
3 3893 1001 446
3 4222 1516 7685
3 562 108 4951
3 7843 7495 3771
3 1767 7292 7593
3 7535 3655 3045
3 9626 778 7707
3 4875 8696 9864
3 2760 9359 9030
3 3152 1415 938
3 922 484 8241
3 2096 4821 4018
3 3539 5654 8579
3 9689 450 7768
3 4645 4184 8864
3 3730 1454 6430
3 5162 8916 7331
3 8553 4629 5162
3 6867 3623 6688
3 3157 2013 3496
3 4184 8955 7201
3 7634 9214 9647
3 8264 9600 6962
3 1865 8779 7215
3 4192 9388 6348
3 5491 1865 7215
3 6376 5657 9184
3 3452 7321 1503
3 1400 6365 8683
3 3070 9125 5340
3 695 2670 7801
3 9011 3112 6306
3 890 2535 6033
3 6257 6642 2277
3 154 6395 9383
3 4391 9348 7457
3 5013 1202 2962
3 9809 6345 9970
3 6145 8217 8631
3 2095 1134 8838
3 9408 4537 8655
3 6855 7399 8046
3 3738 7343 8079
3 3323 4139 6174
3 6154 9385 1987
3 8642 3880 2411
3 7003 2713 5353
3 1621 1101 1799
3 8241 9359 2760
3 2758 8444 2446
3 1158 8938 5081
3 1832 8178 9624
3 4500 7169 672
3 6048 9754 2341
3 5853 3469 8113
3 3699 4279 9808
3 5134 2668 6720
3 64 6508 672
3 8983 1591 1457
3 39 2440 3531
3 424 2226 9245
3 9164 2341 9754
3 7322 7103 317
3 1226 4004 1135
3 8397 4358 9345
3 2063 1153 8554
3 553 4351 10105
3 3706 3699 2716
3 2582 6837 8553
3 1517 1576 8819
3 8207 9636 8692
3 4451 9513 7990
3 2682 5063 4803
3 7450 8637 5471
3 70 7146 9786
3 5486 7450 8668
3 9688 2021 7382
3 981 5504 6376
3 6865 9113 4529
3 3673 7948 5310
3 8609 6662 2948
3 3452 2507 7321
3 3854 6982 8438
3 5935 5289 9557
3 1442 1390 9165
3 4462 8043 3804
3 8971 2913 6759
3 1477 1815 1557
3 3460 2696 4861
3 7875 6024 2578
3 1150 1373 7525
3 8736 7974 6906
3 424 1867 2153
3 558 7875 8043
3 6025 618 2579
3 8211 4226 4481
3 7255 7744 6388
3 6655 1944 9330
3 621 4725 6029
3 7467 5767 7562
3 3070 5844 9125
3 8630 325 6144
3 4140 3806 6799
3 9970 3603 5225
3 1094 7467 7562
3 8157 8216 9838
3 7675 2507 5340
3 9125 8060 6921
3 3880 8629 8768
3 8216 6144 6921
3 3004 8135 6441
3 9989 8604 8135
3 6112 1623 7631
3 5480 5085 10058
3 1342 1206 791
3 4385 3041 4615
3 10038 5491 5787
3 9176 4065 7835
3 8043 4462 6223
3 250 3843 273
3 7474 1506 4351
3 3669 7462 8049
3 1134 2095 9391
3 2261 7357 9592
3 6906 8602 5334
3 2261 9510 1465
3 3794 6919 7064
3 9600 8264 1071
3 3473 3283 9855
3 964 3296 4451
3 7020 6302 6261
3 1285 8246 5136
3 8097 3599 324
3 2903 6327 5091
3 6782 1909 3780
3 5189 880 414
3 7336 2116 9077
3 3357 4446 2692
3 2579 9029 2097
3 9450 1263 1920
3 9542 3963 4425
3 6084 7612 6025
3 5766 7865 7298
3 684 1033 4775
3 5189 1546 880
3 9667 887 4073
3 3496 2013 3237
3 9557 5162 6184
3 10030 376 1006
3 1563 5640 6036
3 1105 6270 10009
3 8436 7200 10046
3 9576 3451 4150
3 5233 4885 3448
3 3037 5291 5230
3 4316 2137 2271
3 9074 8559 363
3 3673 4227 477
3 8339 6813 1770
3 7399 180 1629
3 8467 8046 7591
3 1838 3335 1688
3 4653 789 8041
3 3935 7790 5793
3 1315 6588 6812
3 8078 7999 2904
3 9877 9975 4439
3 4385 5247 3041
3 8914 2950 9510
3 4481 6407 4812
3 8309 7971 1106
3 8041 8414 4653
3 4899 789 6267
3 6407 4481 4226
3 6653 2684 7374
3 837 2732 3032
3 8286 5659 7980
3 8394 9855 3283
3 9261 9175 7205
3 3872 1596 8767
3 5109 10050 9408
3 9488 4808 5952
3 2724 4288 9666
3 7148 3158 9124
3 7517 136 1431
3 9165 1390 2990
3 4174 4537 1259
3 942 5333 9427
3 8642 4593 7949
3 1415 7843 9173
3 7528 269 938
3 8838 7624 2095
3 5221 7762 8006
3 2798 8564 9797
3 4556 7205 9126
3 3496 2020 9689
3 3099 8554 3983
3 1226 5155 4004
3 8199 8005 3240
3 8610 8642 7362
3 5640 2805 1894
3 269 7528 7480
3 445 9255 7919
3 4700 3873 4977
3 376 5162 9557
3 10117 8145 7768
3 3695 2582 609
3 376 10030 7331
3 1868 1471 9407
3 6184 3992 5935
3 7331 10030 609
3 1987 9385 3218
3 6811 5694 469
3 6537 3657 7554
3 5543 3200 8240
3 561 5250 8407
3 7205 9175 2632
3 4835 9809 4500
3 7200 6430 6267
3 10028 3523 1150
3 4951 1767 2339
3 6932 228 7020
3 9544 4941 9690
3 1471 1868 5201
3 1745 5535 5157
3 5433 557 7764
3 310 541 6003
3 4200 9214 1516
3 6775 1683 1856
3 6596 5388 7902
3 9695 6216 8504
3 5899 3412 2104
3 6788 6154 8876
3 298 1159 5467
3 9340 1832 3894
3 6711 10009 5360
3 880 4656 414
3 3296 964 3290
3 7033 796 6784
3 6261 2351 9617
3 9624 228 796
3 3894 1832 7033
3 3172 553 6499
3 3112 5740 9670
3 8865 8821 2115
3 6535 9987 327
3 3950 4632 5954
3 5676 4527 9182
3 9092 8804 1187
3 4812 6407 5085
3 4462 8696 4875
3 7902 7786 6296
3 6926 5793 3315
3 2583 2065 3523
3 6001 1904 7840
3 9576 5093 4765
3 5766 3895 7865
3 9717 5993 4775
3 550 6586 4422
3 9214 7634 2379
3 550 4422 5436
3 503 8046 6905
3 4658 3062 7863
3 1499 7950 4087
3 1028 7523 2310
3 3496 3237 2020
3 5476 9903 3563
3 7764 557 7210
3 6417 4881 7918
3 7591 8046 7399
3 8216 6921 7901
3 7672 8157 9838
3 9994 7944 9966
3 4474 8546 1668
3 1756 471 6222
3 5956 4018 718
3 4253 8696 4462
3 3384 2763 3791
3 5168 9378 9132
3 6836 3683 719
3 7525 1373 9387
3 1945 3850 4557
3 3153 5011 9301
3 5020 5723 1399
3 469 7968 8765
3 502 7191 945
3 2890 2644 6856
3 9820 2693 8370
3 5504 981 2702
3 5921 3695 609
3 1006 376 9557
3 7331 8916 376
3 4653 5201 8212
3 9132 9378 7045
3 6856 2644 9126
3 243 2101 1624
3 9970 7169 4500
3 6788 5812 6154
3 9031 4548 5728
3 5081 6138 1259
3 6775 347 7053
3 4570 4467 9538
3 3200 4606 6868
3 4606 2339 6868
3 6589 5221 7338
3 5523 8228 3673
3 5995 8858 5393
3 1500 5558 8650
3 7768 9349 9524
3 9379 6049 516
3 516 10020 7898
3 8736 2126 7535
3 6572 5393 1458
3 64 9647 9214
3 8097 9858 5374
3 3591 4726 8126
3 9407 1804 6295
3 3004 9989 8135
3 9068 4086 5609
3 4812 8135 328
3 8135 2872 328
3 2670 2903 7801
3 633 8022 9378
3 3301 8631 8217
3 8703 6551 3872
3 7255 8715 7235
3 7384 3843 8695
3 1869 8547 3199
3 6083 6024 558
3 1255 3711 8715
3 3531 2244 255
3 5788 1422 2862
3 5157 5535 129
3 9357 4937 7495
3 5156 2680 2537
3 129 5535 1745
3 8264 6962 1480
3 5740 3112 9011
3 5136 8246 3924
3 2776 2420 8048
3 8282 713 112
3 1540 5658 3845
3 8324 8416 6051
3 376 8916 5162
3 222 9651 8745
3 3950 4410 1315
3 4820 5223 1635
3 4150 3451 7612
3 2383 8703 3872
3 471 5844 7227
3 7227 5844 3335
3 3872 8767 2383
3 9395 4364 1942
3 1948 8462 6490
3 7296 2961 2824
3 9126 2632 6341
3 3348 3783 6362
3 2402 8923 2189
3 3147 1399 4520
3 9151 9666 4288
3 5899 1337 6573
3 618 6025 7612
3 8467 6658 7209
3 63 1398 9989
3 1548 2767 7357
3 3072 7624 8399
3 5011 1382 9301
3 4632 3350 1207
3 7215 8779 1431
3 7948 2126 5310
3 3037 4575 9229
3 5870 697 8570
3 5247 4226 4694
3 9985 8764 8043
3 1071 1865 713
3 693 6798 2295
3 3894 7033 9012
3 3924 5222 4222
3 8178 8876 3957
3 6302 6567 287
3 8292 7192 8079
3 9783 4358 6003
3 108 7776 6784
3 9012 4467 8924
3 9985 9526 8764
3 2339 7593 9182
3 6402 9541 9062
3 2136 6913 5676
3 6341 867 9904
3 4653 8414 5201
3 2578 2096 3352
3 5935 9557 6184
3 1254 7627 9631
3 5157 2536 1745
3 4801 4765 842
3 4803 7162 5022
3 1475 8288 711
3 1626 5082 603
3 2065 5975 5943
3 7223 1278 5544
3 609 2582 7331
3 6139 5162 9812
3 7875 3352 4018
3 7753 5396 1540
3 6048 4556 138
3 7920 2065 8231
3 7765 1832 9340
3 3523 5943 1150
3 8789 6536 1551
3 6628 6759 4172
3 562 4951 2339
3 7321 9329 2696
3 9125 859 7675
3 6537 6431 3657
3 8240 3200 4527
3 5420 5975 7920
3 5189 2880 1546
3 5253 5443 8022
3 2634 5443 6083
3 9386 501 4310
3 957 1218 8936
3 3673 8228 7535
3 9136 1690 3044
3 8043 7974 9985
3 4130 5292 5993
3 9838 8216 7901
3 575 9526 9985
3 3655 8858 5995
3 2767 5081 1259
3 8703 7672 1756
3 6267 6430 4899
3 3556 4585 4229
3 2773 7768 9524
3 4170 265 5723
3 9268 3296 8848
3 4731 469 8765
3 4493 874 6050
3 6788 7053 5812
3 8876 6154 1987
3 6841 1915 4761
3 6261 9617 108
3 6535 3569 4632
3 8276 7709 6896
3 4713 7352 4741
3 571 8921 1668
3 6601 3497 7082
3 1723 321 4464
3 429 2291 4595
3 5787 7290 919
3 4627 6692 2882
3 1945 4557 1843
3 1372 7751 501
3 2943 7525 9387
3 5901 8694 1646
3 399 6006 4350
3 4448 4451 3675
3 3644 2930 4773
3 1431 8913 5969
3 4795 5054 6417
3 2177 3283 3473
3 7775 9103 8513
3 3014 9742 7209
3 5063 2682 8561
3 136 7517 6841
3 9173 7843 3771
3 2816 561 9937
3 910 2969 4902
3 5289 10030 1006
3 2579 3451 9029
3 3451 2579 618
3 6219 9262 736
3 484 3030 8241
3 9184 5657 3728
3 9154 153 8393
3 5247 6407 4226
3 9666 9151 1442
3 7535 8228 5523
3 7220 893 4846
3 7612 6084 194
3 7535 7948 3673
3 3655 575 3045
3 552 4120 7411
3 8896 2000 8534
3 6747 2741 4449
3 3764 4631 5394
3 7831 5013 5184
3 672 2434 9647
3 5334 7446 8339
3 6222 9131 6551
3 8211 8054 7987
3 9392 4228 2137
3 6441 8135 4812
3 9083 2961 6692
3 4732 1196 1596
3 5812 9385 6154
3 3199 8824 922
3 3659 7053 6788
3 2222 6882 6725
3 1683 6775 7053
3 8715 7255 6599
3 6567 3957 1987
3 2692 4446 4579
3 7744 6050 8330
3 228 6567 6302
3 4627 4328 2411
3 1781 1769 3049
3 1717 9942 4266
3 6994 8381 4565
3 8034 7160 6836
3 9170 9116 10024
3 4627 7362 4328
3 8416 7704 17
3 8034 7697 3937
3 57 3353 918
3 4820 1635 9825
3 10018 2930 7161
3 6607 3314 715
3 7209 9742 6905
3 5419 8670 4851
3 711 5935 3992
3 8186 9758 8315
3 8837 5901 3720
3 715 7254 314
3 2189 8401 5685
3 194 8023 634
3 733 1212 1860
3 2799 2623 9632
3 9797 8564 550
3 551 4074 6587
3 9679 9979 4914
3 3014 3963 9542
3 4425 8885 9542
3 5162 6139 6184
3 4918 292 5087
3 7517 5052 9771
3 10015 5291 3037
3 2021 3236 7382
3 8016 8860 4754
3 5189 7897 2880
3 5354 2094 1975
3 7979 4523 7176
3 5302 4152 354
3 8661 134 9781
3 8220 8375 2763
3 3251 9229 5899
3 8860 2226 3775
3 796 6932 6784
3 1594 5881 9177
3 7020 228 6302
3 7929 1158 2767
3 8240 4527 2397
3 5679 590 9488
3 2536 9832 1745
3 5221 8006 7338
3 8649 3421 7013
3 3181 3777 6524
3 3777 4665 2680
3 8556 6138 2609
3 7732 9193 6370
3 2454 858 7712
3 8746 6890 2818
3 6588 5788 6812
3 2454 2870 9832
3 2862 1422 1207
3 8246 8375 8220
3 4372 3673 5410
3 5480 63 9989
3 5340 9125 7675
3 6390 4726 9441
3 9383 7690 4675
3 6551 1756 6222
3 1688 3335 5844
3 8911 3505 61
3 8768 8629 8217
3 4471 749 4980
3 6692 7296 1915
3 7761 8723 2988
3 4577 115 99
3 6460 6996 2332
3 6388 1255 6599
3 6402 2830 5008
3 3045 1956 7535
3 5585 8715 6029
3 4537 4174 3721
3 154 3738 8219
3 5410 1690 9136
3 4351 145 10105
3 5187 710 7858
3 7290 2984 136
3 569 8097 324
3 2897 3684 112
3 2970 8540 1271
3 6606 194 634
3 9928 4238 3980
3 4222 5222 7750
3 8949 7775 4200
3 6811 763 7775
3 672 9647 64
3 2644 2890 138
3 4835 4500 6508
3 8282 9904 713
3 8765 1700 9721
3 5308 3854 3728
3 6184 6139 842
3 9557 5289 1006
3 851 8923 6782
3 5370 3711 1002
3 8246 8220 3924
3 1871 7971 8309
3 8015 5959 9709
3 9753 7389 298
3 3655 5995 575
3 3973 4288 5985
3 1305 4288 3973
3 180 5788 6588
3 1422 6720 9987
3 5480 3004 5085
3 5442 8211 4481
3 6048 9961 4556
3 259 5055 316
3 1516 2503 4200
3 93 1452 4998
3 981 8438 8370
3 9184 3728 3854
3 4694 5433 1799
3 7095 2153 7104
3 2454 7712 6890
3 7765 8178 1832
3 7421 4566 8692
3 1101 3041 5247
3 3915 9538 4467
3 9624 3957 6567
3 1843 4557 2943
3 10005 1150 317
3 1915 2882 6692
3 3220 3988 1869
3 153 315 9446
3 7033 1832 10118
3 902 469 712
3 1731 83 8756
3 6932 7020 6784
3 2397 4527 5676
3 9721 9232 4098
3 4792 2190 7104
3 5176 330 1444
3 8203 4390 8546
3 1444 9232 5176
3 6868 9182 4527
3 5657 4255 4608
3 1364 2440 39
3 2625 8136 6073
3 6286 4330 7997
3 3656 6519 4707
3 424 3775 2226
3 9904 867 4165
3 6921 325 9125
3 9725 7561 6551
3 6551 7561 8286
3 2406 3036 1838
3 9683 6410 6032
3 6606 1537 5587
3 222 2906 3377
3 6948 9516 5250
3 4352 9668 551
3 8370 4851 8670
3 8692 5922 9232
3 2383 7672 8703
3 8677 1537 1229
3 7804 8200 6467
3 1236 6224 8481
3 2040 4526 7282
3 7997 5332 6286
3 7575 8824 3199
3 5728 9096 8525
3 7297 1206 7667
3 8876 1987 3957
3 6784 7776 7033
3 1832 9624 10118
3 9826 3323 2001
3 4570 6552 1430
3 4606 3200 5543
3 3348 6662 3783
3 2767 1548 4139
3 7997 7451 7191
3 9249 2001 155
3 8900 9249 7765
3 155 3659 6788
3 8178 3957 9624
3 3160 9232 9721
3 1081 6537 6163
3 4575 6051 5870
3 5461 797 5679
3 2116 6896 6258
3 7394 9390 4754
3 7890 780 6152
3 8858 10000 1458
3 7627 9667 9631
3 1028 2310 4087
3 8635 4087 3960
3 2773 3496 7768
3 5478 3118 306
3 1563 5836 10097
3 1799 7764 5585
3 5523 477 10000
3 1915 6841 9771
3 9248 7618 186
3 3412 1528 2104
3 9526 575 5995
3 5457 8937 6082
3 7384 3042 4433
3 3037 9229 3251
3 2171 1596 1196
3 3845 1835 1540
3 6881 6855 8046
3 5788 2862 6812
3 5804 8330 10054
3 5054 9391 2095
3 9314 2559 6533
3 1364 3213 3531
3 8971 6572 2913
3 4140 6799 4577
3 4902 9117 5766
3 3777 1857 4425
3 9011 6306 3181
3 4413 4663 2779
3 8023 194 5254
3 8875 6596 6296
3 647 5090 3490
3 3895 5766 5877
3 4090 515 16
3 6184 842 4765
3 1415 3152 7843
3 9718 3087 1031
3 5684 7712 7195
3 9212 4099 7991
3 9279 1159 298
3 747 2852 7202
3 405 5211 4918
3 5901 8837 6679
3 719 2453 6725
3 6537 4608 6163
3 708 9143 1734
3 4423 4099 9212
3 3980 2898 9368
3 240 2932 5509
3 6205 5100 4336
3 556 2795 6001
3 7006 1364 39
3 3350 4632 3950
3 6222 471 7227
3 7480 7528 1415
3 6814 261 5131
3 405 4918 5087
3 4918 5211 3251
3 5983 1211 9393
3 7753 370 1868
3 112 3399 2897
3 9877 6128 9975
3 4851 8370 2693
3 4439 5138 121
3 2923 2818 6890
3 3032 4694 837
3 1431 990 7215
3 980 3086 1978
3 1226 2693 9820
3 850 3642 2818
3 8923 1909 6782
3 6781 695 3642
3 4139 9826 7929
3 9592 4537 2261
3 7420 5886 2705
3 5543 3915 4606
3 7920 9256 5420
3 8690 9132 7045
3 2798 9797 8635
3 3959 685 7010
3 155 2001 428
3 5436 9797 550
3 1956 3045 575
3 9666 1442 9165
3 9985 1956 575
3 6896 9079 1003
3 9256 2285 5420
3 8971 6759 6401
3 7584 5979 8314
3 7612 3451 618
3 7957 8788 823
3 6386 8241 3030
3 5289 5921 609
3 902 712 763
3 1646 8694 2250
3 1399 265 1398
3 3083 8407 8136
3 10106 791 8207
3 321 925 3634
3 5093 3992 6184
3 560 6544 4543
3 2860 2906 3075
3 5770 5959 1229
3 2341 9164 8664
3 6655 6015 1486
3 5975 5420 6216
3 8513 6811 7775
3 1537 8677 5587
3 3377 1524 222
3 5921 3075 2250
3 6641 10059 9540
3 1040 8364 334
3 9330 1842 4310
3 2876 6857 5885
3 8240 9538 5543
3 1821 8408 187
3 1723 9892 2559
3 3200 6868 4527
3 3614 7593 8115
3 7538 8848 7253
3 2113 7298 9068
3 7451 1228 7191
3 10118 796 7033
3 10015 5885 6857
3 7008 424 17
3 557 4493 9432
3 4132 6178 7241
3 1668 8921 4408
3 4409 8922 1329
3 7336 3118 5478
3 1159 10015 6461
3 9717 70 4130
3 7517 7362 5052
3 6499 5325 3172
3 3293 4231 4498
3 3283 4795 5549
3 5983 1919 1211
3 4310 501 944
3 1254 9631 7009
3 6674 9866 2926
3 1002 3711 6388
3 10058 6407 5247
3 5880 6495 9178
3 7290 5787 2984
3 5420 2285 2989
3 5340 2507 3452
3 6208 5100 909
3 6388 5630 1002
3 5437 601 997
3 8745 3720 1646
3 7178 697 5870
3 2383 8767 8157
3 6628 4172 1390
3 9725 3036 8286
3 424 2153 7095
3 2411 3880 8768
3 763 9214 4200
3 138 2890 4288
3 10095 6759 2913
3 3673 5310 5410
3 4242 2709 191
3 9171 801 9750
3 1884 7078 8244
3 958 3892 445
3 2209 6663 2247
3 9112 1927 5609
3 9132 3896 5168
3 561 8407 1475
3 5169 8887 6606
3 1390 2654 6628
3 8043 6223 7974
3 3655 5523 10000
3 9068 7865 4086
3 3412 8567 1528
3 292 5899 5087
3 10015 3037 3251
3 1255 6388 3711
3 3121 5368 2011
3 5383 3121 6406
3 392 3692 6170
3 5370 1002 5630
3 7980 2970 6293
3 5443 2634 8764
3 6401 9526 8971
3 1236 8481 3054
3 3335 1838 9725
3 7815 3803 7086
3 6293 2041 6224
3 8401 2189 8923
3 7535 5523 3655
3 6692 4627 8768
3 938 269 5911
3 7865 9068 7298
3 6905 8046 8467
3 7054 10013 4086
3 4694 1799 1101
3 1682 1198 2824
3 6417 7918 4795
3 7929 2767 4139
3 3350 6812 2862
3 6120 4014 7202
3 3251 292 4918
3 1563 1415 9173
3 7389 5792 1347
3 3867 9597 3252
3 1896 3528 654
3 9526 5634 7045
3 1141 7937 8694
3 1516 4222 2503
3 228 6932 796
3 7776 562 3915
3 1958 545 9804
3 6784 7020 108
3 5089 9090 3867
3 5787 7215 990
3 5119 7006 399
3 2512 3858 9046
3 1430 2762 8924
3 9538 8240 2397
3 3353 255 3416
3 8819 2176 9276
3 9851 7926 5814
3 4116 4473 6920
3 4087 7950 3960
3 9360 8078 2904
3 8370 8670 1576
3 2816 5250 561
3 2625 5921 5289
3 2830 9740 5008
3 3973 8282 560
3 3348 2948 6662
3 8288 5289 5935
3 5393 8858 1458
3 893 1235 853
3 1458 10000 477
3 3642 1745 8746
3 2924 8923 851
3 2188 5686 8067
3 2870 2454 6890
3 1546 2880 8722
3 1031 4112 9718
3 4631 3764 2502
3 314 7254 696
3 4570 9538 2397
3 2136 6732 5200
3 8900 7765 9340
3 1648 8900 2713
3 41 70 1033
3 70 6920 7146
3 2622 7009 9631
3 7765 9249 8178
3 3959 2623 2799
3 8635 4414 2798
3 2005 3764 5394
3 2984 5787 990
3 9850 2062 1509
3 3496 1791 7768
3 6921 491 325
3 7767 7554 3657
3 4351 3059 1341
3 6258 9077 2116
3 4490 5182 10071
3 1285 1994 9858
3 4226 837 4694
3 3792 6259 3267
3 5585 9180 8715
3 1596 3872 6551
3 1621 1799 5585
3 2171 3054 4512
3 1799 5433 7764
3 639 3038 2684
3 8398 1978 2680
3 136 2984 990
3 1756 6551 8703
3 9134 8595 182
3 6029 8715 621
3 2626 9338 6853
3 2852 2011 6120
3 2990 10095 4227
3 6801 1145 7091
3 8401 2924 5685
3 9771 2882 1915
3 5587 5959 8015
3 4150 5435 9576
3 8303 4398 7211
3 8212 9882 7200
3 9960 6500 3400
3 6841 4761 136
3 5325 6385 8662
3 1777 3974 8241
3 1227 2209 3158
3 8504 4501 5397
3 6544 9063 5082
3 1503 8458 3452
3 2943 3850 1150
3 6032 1882 8301
3 8407 3080 8136
3 6948 9709 5959
3 4098 9636 4835
3 3720 5901 1646
3 6170 4783 2599
3 1458 477 2913
3 1842 9330 1944
3 9516 3080 5250
3 6948 5038 1578
3 1073 4020 505
3 5945 6434 2458
3 4255 6376 7713
3 4732 6551 8286
3 3657 1837 2406
3 8418 5520 352
3 3036 5487 288
3 6224 1196 6293
3 1606 1271 8540
3 1196 1236 2171
3 1196 6224 1236
3 2824 6196 7296
3 1228 1670 6016
3 6882 2222 4316
3 5052 7362 4627
3 9083 6692 4513
3 2297 6767 919
3 5991 1339 7735
3 8273 2917 2453
3 3998 1709 1727
3 4862 2980 3684
3 1241 8848 9781
3 7082 3497 5321
3 4474 538 6015
3 7538 7253 9393
3 1486 1944 6655
3 8467 7209 6905
3 4390 8203 7943
3 7384 4433 2776
3 5814 7926 1435
3 9636 4098 9232
3 7003 2762 8052
3 2973 3794 7064
3 5543 9538 3915
3 8924 4467 4570
3 2288 1406 2005
3 4467 9012 7776
3 8330 5804 9431
3 2271 2137 8047
3 9182 3614 5461
3 3569 6535 327
3 3174 931 5140
3 5993 6589 7338
3 4227 4372 9165
3 684 4775 1254
3 2773 8635 5436
3 7768 450 10117
3 3758 1702 2218
3 853 9945 893
3 609 10030 5289
3 1694 48 3236
3 1894 6036 5640
3 1383 8282 112
3 1475 3992 9937
3 2654 6401 6628
3 3992 5093 5811
3 2059 9892 1723
3 925 2997 3634
3 3431 8667 1018
3 1475 9937 561
3 711 3992 1475
3 4703 9446 9419
3 2113 2779 9544
3 787 7000 6049
3 7008 17 1515
3 7253 1241 2876
3 5983 2876 1919
3 6857 1241 10120
3 3894 5353 9340
3 1745 9832 2870
3 9393 1211 7082
3 10118 9624 796
3 6365 1873 8683
3 7195 858 2454
3 4448 4353 964
3 9686 5870 8570
3 4425 4936 3777
3 8567 405 1528
3 6658 4425 3014
3 7933 4665 4936
3 4566 803 4491
3 948 8688 7540
3 1623 3903 6556
3 3233 803 4566
3 2242 1634 8437
3 5995 5393 6572
3 505 8110 1442
3 194 6084 5254
3 9245 4792 2153
3 938 1415 7528
3 7045 9378 8764
3 2609 6138 5081
3 4725 621 5368
3 2634 8043 8764
3 4014 2011 3711
3 3016 8525 2761
3 7202 2852 6120
3 3684 2980 560
3 1516 6365 1400
3 6224 2041 177
3 5714 784 6919
3 6401 2654 9526
3 9928 3038 639
3 1383 112 3684
3 2990 6759 10095
3 7272 8215 229
3 2824 2961 1682
3 4243 8215 2088
3 8768 8217 8158
3 3673 4372 4227
3 8421 8418 352
3 4227 9165 2990
3 9526 6572 8971
3 5757 6376 5504
3 4776 9682 1890
3 4543 3973 560
3 2816 5811 9709
3 3684 6767 4862
3 6948 5770 2662
3 4150 194 6606
3 9846 9105 10122
3 9378 5443 8764
3 2104 5087 5899
3 2011 2852 3121
3 1680 5476 4442
3 1145 4309 2583
3 5684 2923 7712
3 2680 9831 2537
3 8746 2818 3642
3 2818 2923 850
3 6494 4713 4741
3 3417 7149 671
3 4936 4665 3777
3 7327 6122 6573
3 2624 8790 264
3 5426 3448 9728
3 6658 8467 7368
3 414 4656 7086
3 9941 4485 3668
3 1582 4881 3072
3 2369 2588 1958
3 8259 4229 8567
3 6461 10015 5211
3 8398 4665 980
3 7920 5975 2065
3 6807 2768 10036
3 2406 1688 3657
3 9407 6032 8301
3 1670 1228 355
3 2334 2824 1198
3 288 5487 6437
3 4761 7290 136
3 9885 6814 10101
3 14 7290 4761
3 2926 1106 6674
3 8418 2172 5520
3 5836 6207 10097
3 6508 4500 672
3 9330 4310 5758
3 8727 1616 970
3 538 4408 3809
3 5828 8546 15
3 8454 3850 511
3 1158 7929 9826
3 9249 8900 1648
3 5985 9904 8282
3 10028 8454 179
3 2724 5675 9754
3 175 2770 3047
3 8924 3894 9012
3 9526 5995 6572
3 8799 3776 3627
3 477 5523 3673
3 6296 7786 7099
3 6459 8866 6536
3 6544 2980 4862
3 5504 2702 5757
3 9102 3910 3374
3 9336 2549 349
3 1626 5018 5082
3 4231 5793 2115
3 448 7631 7790
3 9717 4130 5993
3 9119 9392 2137
3 7969 4788 1398
3 5495 5009 4242
3 931 3174 7179
3 70 4775 1033
3 5993 5292 6589
3 7010 2623 3959
3 114 8579 3892
3 278 1028 8903
3 3041 3838 9338
3 8186 7486 1981
3 5585 3838 1621
3 8288 8407 3083
3 4014 5370 7202
3 2913 477 10095
3 5368 3711 2011
3 1578 4691 9516
3 8407 8288 1475
3 990 1431 136
3 931 7926 2987
3 5770 8897 1578
3 1235 7220 191
3 6890 7712 2923
3 9863 2763 3384
3 7712 858 7195
3 10104 4665 7933
3 3915 562 4606
3 7591 1629 9341
3 9945 3896 9132
3 2654 4846 5634
3 1229 5959 8677
3 5435 5587 8015
3 2310 1499 4087
3 8635 9797 5436
3 7857 3441 6252
3 1336 2148 6396
3 8903 9349 7768
3 8567 2255 405
3 6406 747 6911
3 6029 3838 5585
3 4512 8767 2171
3 6853 4725 5383
3 5689 2960 9082
3 1211 1919 7082
3 5926 3238 5344
3 2876 5983 7253
3 2876 5885 1919
3 9438 4439 6607
3 3669 9513 9268
3 3669 9268 8848
3 1305 5018 1626
3 4845 1638 4954
3 6759 2990 4172
3 5770 1889 5959
3 8375 8245 3791
3 2588 5119 399
3 8015 9709 5435
3 5410 9164 4372
3 2898 832 3865
3 6841 7517 9771
3 1810 2751 5325
3 560 1383 3684
3 2851 8215 7609
3 2106 1948 6688
3 1215 8484 3729
3 2968 6169 2751
3 7723 1058 9445
3 9674 9749 802
3 9225 2988 9749
3 2255 5211 405
3 9234 2274 7433
3 1837 3657 3620
3 4688 3792 1144
3 8540 2040 1606
3 4670 5526 6069
3 6196 1915 7296
3 7538 7082 5321
3 654 3528 8848
3 4592 4761 1915
3 3950 5954 1582
3 1994 7778 9858
3 14 5306 4238
3 1144 5306 4761
3 112 1865 5491
3 4862 6767 5883
3 4592 6196 4688
3 8399 4410 1582
3 1144 4592 4688
3 2176 8670 5419
3 2176 6464 1311
3 7685 1400 3924
3 2121 5306 6604
3 8393 6376 6002
3 4862 3978 6549
3 3792 832 8432
3 6734 7396 8095
3 2503 4222 8949
3 2948 2830 5568
3 4179 2352 6112
3 3374 6007 8052
3 6007 948 2713
3 5461 5676 9182
3 7336 9077 7790
3 6868 2339 9182
3 6912 6919 3794
3 2973 7064 6679
3 9441 5694 6390
3 2106 5344 3729
3 6759 6628 6401
3 8319 2161 3365
3 2625 6073 3075
3 4991 7690 3235
3 2310 1785 5026
3 4990 7796 6399
3 3641 1283 2259
3 9524 9349 8903
3 8546 5759 15
3 5201 3533 1471
3 1715 3197 6800
3 3523 1145 2583
3 9666 4767 2724
3 791 5106 9636
3 1390 4172 2990
3 5476 6406 6911
3 5491 7215 5787
3 9516 6948 1578
3 5368 5383 4725
3 7202 6919 784
3 6015 6655 5758
3 6853 5476 1680
3 4060 9373 7046
3 10024 9116 6912
3 6617 6137 9267
3 9206 9079 9536
3 7124 2001 1648
3 8455 1488 3810
3 1537 8887 5169
3 6852 3168 9966
3 3180 8231 2583
3 5449 7541 6641
3 9030 6386 3030
3 8041 1415 6579
3 7627 8006 9667
3 8554 1153 8576
3 6418 8038 8628
3 2870 8746 1745
3 2454 9832 1977
3 317 7752 10005
3 355 7134 3168
3 2454 1977 3087
3 2189 5685 7196
3 9082 3054 5689
3 9314 321 2559
3 8547 3988 2505
3 7276 2189 8066
3 2654 8110 505
3 5649 4355 7352
3 4513 3055 9083
3 1198 4688 2334
3 9324 8787 9548
3 2980 6544 560
3 8041 789 7480
3 478 7060 7261
3 3222 7425 7327
3 3430 9796 8821
3 4747 6335 5746
3 9930 553 10105
3 6273 6374 3211
3 2115 6926 8865
3 9202 2068 1537
3 6555 9554 1442
3 1461 1932 2222
3 2334 6196 2824
3 4615 9338 135
3 9127 905 5705
3 7462 900 8049
3 4372 9164 5675
3 8441 10012 6965
3 1617 6350 917
3 9962 8561 9276
3 1932 7054 3895
3 6725 1461 2222
3 6773 1613 3668
3 1835 3158 7148
3 9165 4372 9666
3 1098 823 2308
3 4316 2271 6882
3 6773 4523 1613
3 9686 8570 1337
3 3606 5211 2255
3 2250 3075 2906
3 2959 6882 2271
3 7006 5119 10018
3 4992 9928 639
3 2816 3992 5811
3 2680 9011 6524
3 10104 7933 7352
3 4244 4691 6666
3 10104 980 4665
3 719 6725 2959
3 2654 4020 1073
3 2168 1053 3865
3 4761 4592 1144
3 8708 5986 777
3 979 2684 6653
3 9928 4992 1412
3 4063 5814 1435
3 9936 3991 2815
3 3620 4107 1837
3 3303 8233 5713
3 3215 6151 5902
3 3399 34 6767
3 3490 1229 647
3 4936 4425 6658
3 7275 8067 4395
3 2454 3087 5686
3 7815 7633 3803
3 7276 2402 2189
3 1682 7696 62
3 4631 2502 3984
3 4572 7223 2378
3 6112 4498 4179
3 8432 1144 3792
3 2121 6604 3980
3 4238 2121 3980
3 4090 10097 6207
3 9826 2001 1158
3 9078 4999 8306
3 2496 432 6709
3 4179 5428 9470
3 8259 354 4229
3 3441 6695 6252
3 3038 9928 3980
3 4238 5306 2121
3 3838 6029 6853
3 3924 1400 8683
3 4116 4733 4221
3 6461 5211 3606
3 2684 979 639
3 3959 7951 1500
3 14 4761 5306
3 1254 7009 684
3 8628 8145 386
3 2310 7523 278
3 5885 1159 9279
3 4979 2591 9178
3 7202 7064 6919
3 6259 3792 1682
3 6521 2597 9545
3 6143 1684 1772
3 9513 3296 9268
3 10024 3720 9651
3 8559 5223 1202
3 1241 6857 2876
3 6479 6717 4142
3 8848 1241 7253
3 5564 6824 5987
3 5435 9709 9576
3 5082 5018 1305
3 256 3845 5658
3 4395 8067 9718
3 5253 6083 5443
3 1646 2250 2906
3 2068 8349 4670
3 1646 2906 222
3 8288 3083 2625
3 4435 567 8636
3 9858 2635 1285
3 6362 3783 3648
3 726 5781 6491
3 4015 305 1324
3 1107 6537 1081
3 6606 5435 4150
3 5959 1889 6948
3 1578 6666 4691
3 6549 3252 9063
3 1198 3792 4688
3 1688 3070 4929
3 8481 6224 5689
3 6149 2172 3085
3 5689 2150 7695
3 9725 7227 3335
3 1688 7767 3657
3 3916 4395 9347
3 832 3267 3865
3 5306 1144 8432
3 1412 14 9928
3 229 4962 9814
3 8848 3528 1896
3 4435 7961 2391
3 180 5360 5788
3 3950 1315 3350
3 8609 1591 8983
3 6006 4353 3675
3 763 6811 902
3 7235 7210 9432
3 9550 8556 2609
3 5353 8900 9340
3 948 3488 2713
3 2762 1430 6552
3 2337 2030 402
3 8715 6599 1255
3 7658 1040 4131
3 2397 5676 6187
3 112 5491 3399
3 7352 7933 4936
3 973 5714 6919
3 1331 5714 3563
3 6406 6853 5383
3 3038 3980 9368
3 4952 4242 5009
3 7202 6679 7064
3 8525 7890 2761
3 919 6767 34
3 1412 7290 14
3 10116 1003 9206
3 9103 7775 8949
3 5082 4543 6544
3 505 4020 2654
3 6948 1889 5770
3 6948 2816 9709
3 4924 6559 9202
3 5757 1576 1517
3 6062 2795 556
3 8516 8031 1700
3 1626 4288 1305
3 1442 6883 505
3 2654 1390 8110
3 4846 1073 90
3 8288 5935 711
3 4691 5098 3080
3 2662 5770 1578
3 7220 1235 893
3 9945 8340 3005
3 4364 9395 1543
3 6572 1458 2913
3 5128 527 6745
3 8567 3275 8259
3 1331 9903 6911
3 9783 1297 3847
3 747 7202 784
3 5467 2429 3556
3 1374 2337 7903
3 3086 980 1030
3 3916 2401 7275
3 7143 1387 5649
3 2503 8949 4200
3 3620 3657 1107
3 7082 7538 9393
3 8777 5309 9228
3 9897 3309 5867
3 7980 5659 2970
3 8227 1078 1040
3 3239 6125 5255
3 5417 410 2385
3 4741 9341 4410
3 1857 6935 8885
3 3568 3176 5895
3 1442 9151 6555
3 90 1998 1814
3 1651 3232 8799
3 3838 3041 1621
3 621 3711 5368
3 6853 6029 4725
3 6573 3412 5899
3 3006 10122 3897
3 8567 3412 3275
3 4989 2615 2512
3 4585 3606 2255
3 1978 8398 980
3 7591 9341 4741
3 2813 567 2391
3 7322 317 1150
3 569 324 8245
3 8823 3136 8949
3 7961 7374 2391
3 4688 6196 2334
3 6524 3777 2680
3 1457 7456 8983
3 205 5166 7886
3 8304 4792 9245
3 1578 5038 2662
3 4670 8349 6724
3 15 6903 1191
3 9102 800 3910
3 3809 6015 538
3 5676 5461 4130
3 9030 9359 6386
3 177 4747 2150
3 3267 832 3792
3 4775 7627 1254
3 9554 710 5187
3 4592 1915 6196
3 8236 5897 1067
3 8690 5634 9945
3 8561 8638 5063
3 5419 2693 2317
3 10122 6559 4924
3 1228 7134 355
3 5758 4310 944
3 8800 871 5111
3 4222 7750 7741
3 6604 5306 8432
3 4543 1305 3973
3 5883 2549 3978
3 481 6056 2164
3 6376 3854 981
3 4919 8192 3324
3 3490 5090 6518
3 6312 6809 3143
3 7961 7084 6653
3 3490 8897 5770
3 7134 7997 5723
3 1305 4543 5082
3 7750 8220 2763
3 2189 7196 5687
3 2030 8402 402
3 8067 5686 9718
3 8953 9347 2660
3 3967 7149 2340
3 471 1722 5844
3 2660 4395 8335
3 3049 7815 3916
3 5859 8292 2102
3 2680 5156 9011
3 7618 253 2227
3 9232 5922 9636
3 9928 14 4238
3 9062 9541 5859
3 8286 7561 9725
3 1540 1835 8212
3 2001 9249 1648
3 603 5082 9597
3 5599 7220 90
3 9348 4391 3260
3 919 7290 1412
3 7192 4465 8079
3 1682 3792 1198
3 10038 5787 919
3 6552 2397 6187
3 6514 267 5832
3 6883 1442 9554
3 3794 10024 6912
3 4140 4962 4736
3 2961 7296 6692
3 5082 3252 9597
3 3556 2429 4585
3 4585 2255 4229
3 9013 921 5263
3 5954 7918 4881
3 1155 2727 9938
3 1638 905 1418
3 2960 5689 7695
3 62 6259 1682
3 7374 4265 4702
3 2255 8567 4229
3 62 7696 6834
3 5669 1822 1448
3 2559 9892 2059
3 9748 1738 2549
3 5772 3494 2547
3 1804 3143 5658
3 61 3505 6260
3 4451 3296 9513
3 8095 6017 6734
3 2898 6604 832
3 6410 6534 515
3 5608 2084 8919
3 3980 6604 2898
3 8765 9721 4731
3 2535 890 4354
3 9112 2229 1927
3 10122 7844 6115
3 8398 2680 4665
3 6549 9063 6544
3 4387 7914 916
3 9446 1081 6163
3 5609 10013 9112
3 5595 4213 466
3 4713 5649 7352
3 6556 9073 7631
3 6033 2535 1388
3 528 9024 4169
3 1107 6431 6537
3 4756 8353 2279
3 6045 2070 6771
3 5814 5394 2741
3 354 3275 5302
3 2557 2647 298
3 7253 5983 9393
3 5321 9746 7538
3 8848 8661 9781
3 8320 1318 631
3 7539 6491 5781
3 8986 8953 9421
3 4395 5492 8335
3 264 8790 1781
3 7903 6033 1374
3 5686 3087 9718
3 9421 2660 8335
3 5073 9543 8554
3 7327 6573 1337
3 6207 5836 6807
3 1727 1709 10057
3 3998 8107 7425
3 4355 1387 2534
3 245 2022 8866
3 8049 9513 3669
3 2431 4107 3620
3 9364 9841 812
3 5844 3070 1688
3 8418 8421 3085
3 3477 5829 2410
3 2153 4792 7104
3 1388 8737 6033
3 2022 5764 8866
3 1053 2168 5670
3 3291 7431 8437
3 3036 5659 8286
3 8110 1390 1442
3 891 980 10104
3 7459 6474 3508
3 2171 8767 1596
3 7084 5883 2297
3 8550 9579 5466
3 6653 7374 7961
3 70 9717 4775
3 2041 6293 1271
3 10097 6579 1563
3 90 1073 1998
3 1435 931 4063
3 4244 5668 7405
3 3960 4414 8635
3 2310 5026 5559
3 8022 5443 9378
3 2378 5473 4572
3 9475 4138 5957
3 2391 7374 4702
3 6832 7695 5746
3 177 5689 6224
3 4845 6530 1638
3 6259 3506 3865
3 9127 6833 1344
3 4439 2407 49
3 6559 10122 6115
3 9127 1418 905
3 3442 7844 10122
3 9524 4087 2773
3 7039 2727 5033
3 3506 6819 3865
3 5345 2727 1155
3 9280 1448 1532
3 2143 5023 1286
3 7045 8764 9526
3 10038 919 34
3 4615 8821 8865
3 3873 7463 279
3 6604 8432 832
3 5250 3080 8407
3 560 8282 1383
3 8231 2065 2583
3 6919 6912 973
3 6912 9116 9050
3 4297 9799 7919
3 1347 9279 7389
3 1259 9592 2767
3 7685 1516 1400
3 10120 5291 10015
3 7532 2136 7146
3 10116 3884 1003
3 4297 7919 8230
3 4921 7990 8049
3 1030 980 891
3 8334 402 8985
3 9347 4395 2660
3 8335 5492 4112
3 4955 2385 5366
3 8692 9232 1444
3 2291 4662 2385
3 5895 3176 410
3 4355 10104 7352
3 5414 5302 3668
3 4395 9718 5492
3 7425 8107 6656
3 3924 8220 7750
3 1159 6461 3606
3 9100 1530 7143
3 6049 7000 8619
3 6579 4090 8041
3 6437 3036 2406
3 8737 8111 1374
3 1033 9425 41
3 5549 117 8394
3 6552 4570 2397
3 8737 1388 7142
3 553 3172 4351
3 789 4899 7480
3 4231 3293 3935
3 6417 393 1087
3 5793 4231 3935
3 603 6555 9151
3 2943 4557 3850
3 1998 1073 505
3 3477 2410 9682
3 9123 367 7071
3 6818 3505 1155
3 8385 9891 3812
3 2406 1837 4107
3 135 3832 3430
3 9846 4114 344
3 4442 3563 8130
3 2684 3038 9368
3 553 9930 1717
3 6016 1670 4475
3 6015 3809 1486
3 1228 7451 7134
3 9994 9966 1571
3 9966 7944 6852
3 919 1412 2297
3 355 3168 1670
3 6069 6724 6045
3 8662 9445 1810
3 4747 8682 7586
3 4670 8182 7644
3 1243 5678 6336
3 9127 1344 1418
3 2684 4265 7374
3 1147 8882 7779
3 1576 5757 2702
3 9945 9132 8690
3 2730 5089 1738
3 315 9419 9446
3 5705 3731 5429
3 3168 5020 1571
3 2926 9866 7840
3 572 1192 8573
3 9440 8922 572
3 1230 5836 1563
3 8573 1192 6520
3 871 6540 2593
3 3252 5082 9063
3 2625 5289 8288
3 2860 3075 6073
3 9711 4093 9579
3 8212 7200 6267
3 3085 8421 230
3 6517 2000 8896
3 5770 1229 3490
3 8886 7411 8010
3 979 4992 639
3 204 4303 6214
3 8772 3865 6819
3 5959 5587 8677
3 3330 1613 6629
3 4152 1863 3556
3 5892 9871 197
3 6679 8837 2973
3 3887 1612 3239
3 900 4011 2291
3 9454 7560 8109
3 1524 9783 3847
3 4797 5417 4955
3 5353 2762 7003
3 3488 1158 2713
3 2713 8900 5353
3 4734 3420 2287
3 8903 8038 6418
3 6125 4011 9097
3 5023 7541 4567
3 8581 241 306
3 402 8334 4111
3 4921 2291 429
3 7197 1281 410
3 263 8985 1439
3 918 6785 2362
3 6033 7903 890
3 1781 3049 8953
3 1230 1563 6036
3 5509 9819 5836
3 3916 7275 4395
3 8246 569 8245
3 6926 5480 8865
3 6268 6710 5897
3 9338 2626 9054
3 5816 4874 4428
3 891 10104 4355
3 3684 2897 6767
3 7633 3049 2340
3 3803 7633 2340
3 7814 6688 1948
3 5476 3563 4442
3 4726 6390 5312
3 2073 1210 8428
3 5187 5009 5495
3 6494 4756 9100
3 8397 2599 8345
3 3072 6417 1087
3 8126 8516 2845
3 5054 393 6417
3 5669 1448 1080
3 5339 8794 8094
3 4112 5492 9718
3 2907 8111 8428
3 7140 3339 6774
3 9336 2942 8854
3 633 9378 5168
3 3845 3158 1835
3 8010 2777 5464
3 5119 1311 10018
3 761 7164 8179
3 5689 3054 8481
3 3897 333 5169
3 177 2150 5689
3 7696 1682 2961
3 61 6833 9127
3 3054 2171 1236
3 1344 5678 1243
3 2150 4747 5746
3 8489 8586 5755
3 7224 2235 905
3 5345 8911 5705
3 5961 8785 8027
3 1243 6336 2098
3 2235 7224 6530
3 5033 7156 5429
3 4098 6508 9721
3 5705 8911 9127
3 7084 2297 979
3 979 6653 7084
3 7836 9004 5148
3 3136 9103 8949
3 3160 9721 1700
3 7607 323 2836
3 4702 7521 2391
3 9597 6555 603
3 2243 8350 8862
3 8136 2625 3083
3 979 2297 4992
3 1581 8336 9195
3 367 9938 2727
3 5305 8729 10107
3 4435 7084 7961
3 2727 7039 367
3 5616 3028 1740
3 349 567 2942
3 5916 6867 7814
3 2297 1412 4992
3 5669 5305 5181
3 3729 3238 1215
3 6418 1785 278
3 9425 1033 684
3 7540 1568 9089
3 8045 4524 1617
3 2136 5676 4130
3 6549 5790 3867
3 2113 9690 1263
3 4086 7865 7054
3 9614 2102 1815
3 7142 1529 4755
3 6662 8941 3783
3 1387 4355 5649
3 931 1435 7926
3 9814 4962 4577
3 6609 765 1094
3 5634 9526 2654
3 8399 2836 646
3 1582 4410 3950
3 8953 2660 9421
3 3049 3916 9347
3 8790 1769 1781
3 2340 7149 3417
3 8715 3711 621
3 8048 5138 7384
3 6725 6882 2959
3 3865 3267 6259
3 1448 3767 9058
3 3941 1932 1461
3 1331 747 784
3 3832 9067 3430
3 9368 2898 3865
3 8583 3174 5140
3 8130 973 7433
3 7179 3174 6836
3 973 3563 5714
3 4096 6726 4828
3 7521 7203 2813
3 3559 6284 9116
3 1646 222 8745
3 6143 3669 1896
3 7984 1684 3887
3 9059 7203 4702
3 349 2942 9336
3 1814 5599 90
3 2813 2391 7521
3 7840 6098 2926
3 8773 5669 2167
3 9489 4011 6125
3 3612 9060 2585
3 6336 7587 1836
3 8648 3402 7990
3 5883 6767 2297
3 7014 5731 1425
3 9157 4631 3984
3 5587 5435 6606
3 49 2407 3314
3 5746 7695 2150
3 5677 5746 6335
3 1344 6833 5678
3 6515 1817 3495
3 8882 1147 4510
3 7224 905 1638
3 3886 5298 8657
3 8911 61 9127
3 5098 1981 3080
3 4029 2236 3517
3 6559 6724 9202
3 3442 8626 898
3 4244 5512 10127
3 3731 4028 2840
3 7039 5033 7071
3 3896 9945 3005
3 1374 489 2337
3 8106 9905 1698
3 5775 2424 6570
3 646 4410 8399
3 7360 8729 5786
3 510 5786 5305
3 1158 9089 4964
3 8181 4669 6068
3 7108 9775 2028
3 6002 9154 8393
3 6068 4748 8181
3 7001 10126 8181
3 8535 6666 8897
3 1079 341 4702
3 315 153 9154
3 8385 8729 7360
3 449 2787 5731
3 5669 8773 5305
3 9941 1863 4152
3 3556 1863 5467
3 9252 3819 723
3 3847 9651 222
3 6428 9748 1667
3 9543 3983 8554
3 3366 574 726
3 7270 7300 1130
3 9206 1003 9079
3 2340 3049 1769
3 2340 8790 2624
3 6418 345 1785
3 1613 3330 9941
3 5353 3894 2762
3 8041 4090 16
3 5658 3599 256
3 948 3910 800
3 4718 2316 6452
3 5181 5305 10107
3 1345 5825 2750
3 7737 2750 5825
3 4596 7516 8132
3 278 7523 1028
3 9769 7014 9891
3 5051 7142 6570
3 4179 4498 118
3 7360 5786 9938
3 7360 367 5352
3 9989 3004 5480
3 1425 2028 3812
3 2168 3865 8772
3 9775 3812 2028
3 1053 1079 9368
3 6818 510 8773
3 8242 3465 6669
3 5829 8301 1882
3 4702 4265 2684
3 7591 7399 1629
3 7000 6619 8619
3 1509 8230 3179
3 7624 7867 6979
3 8933 4402 5696
3 1302 9210 2996
3 8440 4941 9544
3 9151 1626 603
3 9096 5728 556
3 3136 4131 8513
3 1315 4410 9341
3 2229 4524 8045
3 6911 9903 5476
3 973 9050 6284
3 4921 8049 900
3 7433 4442 8130
3 4797 4955 8492
3 7368 7352 4936
3 6284 9234 7433
3 4741 4410 6494
3 9839 8328 8540
3 6494 9100 5649
3 8694 729 5921
3 2860 6073 6650
3 4732 8286 7980
3 5634 8690 7045
3 9345 9783 3377
3 6770 8213 953
3 4700 5341 6807
3 6385 5325 6499
3 238 279 9850
3 4358 3663 1051
3 9915 2087 6475
3 1738 5790 3978
3 3078 105 829
3 10079 9848 8280
3 1638 1418 4954
3 9942 8427 585
3 9336 9748 2549
3 4271 7858 2164
3 9579 6594 5025
3 9938 367 7360
3 2340 1039 3803
3 5758 944 7488
3 9440 572 8573
3 9741 8186 8315
3 4747 7586 6335
3 4111 1029 402
3 4953 6989 4844
3 5677 6832 5746
3 3518 1597 4028
3 905 4028 5705
3 5521 6002 1887
3 5512 8535 10127
3 1155 510 6818
3 1155 3505 8911
3 6045 6724 2070
3 5181 9775 1822
3 8897 3490 6518
3 9819 6807 5836
3 4670 647 2068
3 5187 6470 9554
3 6390 5694 5663
3 7532 6732 2136
3 7489 945 1228
3 1838 1688 2406
3 4396 1757 5482
3 9701 871 8800
3 8246 2635 8097
3 6148 8480 332
3 6376 4255 5657
3 7554 7767 5657
3 5305 8773 510
3 2787 7339 5731
3 4028 905 2235
3 5429 5345 5705
3 5345 1155 8911
3 8821 9796 9470
3 1708 9193 2378
3 1556 9152 3341
3 1448 1822 1532
3 3341 9152 6132
3 1822 5669 5181
3 2236 6531 3517
3 7071 367 7039
3 3365 8193 8319
3 1571 5979 7820
3 9368 3865 1053
3 1111 6428 3837
3 9110 2587 6095
3 2727 5345 5429
3 2098 1344 1243
3 4954 1344 2098
3 9658 7199 5339
3 556 5728 4548
3 687 9434 4232
3 7203 9059 8350
3 1638 6530 7224
3 2684 9368 4702
3 2337 402 7903
3 5429 3731 2840
3 9078 8118 7803
3 3359 861 2833
3 1890 1175 4776
3 8269 3403 1235
3 7944 8204 6852
3 6674 1106 9096
3 6470 6883 9554
3 2549 7084 349
3 5786 8729 5305
3 8269 2709 3403
3 7862 1556 3341
3 9280 7754 8180
3 756 2603 829
3 3563 973 8130
3 7281 4610 7813
3 2502 1084 9877
3 9658 1210 2073
3 712 64 763
3 7433 973 6284
3 973 6912 9050
3 3072 1087 7624
3 8118 7926 9851
3 4011 900 3150
3 8636 7084 4435
3 2068 9202 6724
3 4670 6518 647
3 429 7990 4921
3 3568 6006 3675
3 2654 1073 4846
3 8985 9420 8334
3 402 8402 1439
3 5883 7084 2549
3 7624 1087 2095
3 2424 5242 6570
3 9823 7824 5891
3 2243 8862 105
3 8953 8986 1781
3 3049 9347 8953
3 1781 8986 264
3 5649 4713 6494
3 7086 3222 7327
3 6897 866 4704
3 8306 8118 9078
3 3252 6549 3867
3 2795 894 7408
3 7084 8636 349
3 8854 2942 2243
3 5140 8273 8583
3 3978 5790 6549
3 1700 7968 8516
3 5717 1801 4718
3 1667 9336 8854
3 5302 3275 3668
3 1890 8940 3384
3 3606 4585 2429
3 1159 3606 2429
3 6518 5090 647
3 6724 5526 4670
3 654 9228 1570
3 2291 4921 900
3 5366 9489 4955
3 3046 4035 1520
3 3559 9170 541
3 8345 4890 5632
3 3837 8489 1111
3 8586 3837 4382
3 105 3078 3837
3 3837 6428 105
3 9550 5081 8938
3 5407 1 4190
3 9748 9336 1667
3 8489 9748 1111
3 4169 9024 679
3 448 3293 4498
3 9748 6428 1111
3 264 9763 2624
3 2030 673 5339
3 7815 7086 4656
3 4615 3041 9338
3 7815 3049 7633
3 3222 7086 3803
3 3517 9434 10078
3 5201 8414 8041
3 49 3314 6607
3 7755 1581 8347
3 7822 7520 3484
3 4276 1820 7558
3 5033 5429 2840
3 8279 861 2587
3 3731 5705 4028
3 2841 2587 9110
3 1146 7586 7282
3 2098 6336 1836
3 688 8882 9435
3 6990 4954 2098
3 1418 1344 4954
3 6853 1680 2626
3 6470 1814 6883
3 9109 3358 5033
3 1231 8340 853
3 2587 2841 1598
3 5352 7281 7813
3 8660 4843 9266
3 3668 4485 5414
3 3241 9084 1224
3 9116 9170 3559
3 6284 9050 9116
3 191 8269 1235
3 5352 8385 7360
3 5786 510 9938
3 8994 5242 8111
3 4358 8397 3257
3 2369 1958 9804
3 9280 9775 7108
3 9775 5181 3812
3 6517 7643 2000
3 7143 5649 9100
3 1464 5209 1008
3 2068 647 1229
3 8309 1106 2926
3 41 7013 6920
3 2287 5558 5027
3 9962 767 1801
3 1785 2310 278
3 7589 6951 7669
3 4756 1530 9100
3 386 8145 9205
3 8628 8038 8903
3 4473 2645 6920
3 8111 8737 8994
3 1056 6208 6870
3 8114 5781 726
3 3675 4451 7990
3 3675 7990 3402
3 8472 769 6308
3 8242 4093 9058
3 9915 7486 8186
3 9536 9079 5478
3 1362 3472 5980
3 8794 5339 1041
3 4435 2391 567
3 3078 4382 3837
3 8534 2000 7643
3 5073 9096 1106
3 6666 8535 5512
3 1550 7624 8838
3 3983 1871 5980
3 9762 263 3966
3 5668 7994 7405
3 8854 6651 105
3 8678 7219 8131
3 5553 7282 8682
3 39 399 7006
3 6610 7563 4140
3 2089 9013 9929
3 1179 4703 1739
3 7161 1364 7006
3 1509 6800 9850
3 1509 3179 4308
3 7462 3669 6143
3 5723 5020 3168
3 177 2040 5553
3 1709 3998 671
3 686 4844 6989
3 263 7648 3966
3 3517 6531 4232
3 9943 4566 4491
3 9938 510 1155
3 1772 7984 4514
3 7586 8682 7282
3 7408 7687 7412
3 4264 3484 7520
3 1598 10078 1558
3 4297 958 445
3 6530 4845 4233
3 9434 3517 4232
3 1738 3978 2549
3 9274 829 105
3 2225 2424 1974
3 3517 10078 1598
3 6036 1894 7816
3 3837 8586 8489
3 3275 354 8259
3 3966 7648 1439
3 39 3531 6006
3 6385 6499 1717
3 8994 5051 6570
3 668 9848 10079
3 2833 8660 3359
3 2727 7156 5033
3 5033 3358 7071
3 7813 2144 5352
3 10107 8729 8385
3 1210 2907 8428
3 9123 7071 3358
3 642 804 1737
3 7813 2787 2144
3 4455 7339 6835
3 8385 5352 9769
3 7389 9279 298
3 925 321 9314
3 7108 2028 7754
3 7014 9769 2144
3 3812 7014 1425
3 4131 5694 6811
3 3812 10107 8385
3 1101 5247 4694
3 6533 8618 9314
3 5731 7339 4455
3 9280 7108 7754
3 3856 4194 9135
3 1532 9775 9280
3 1822 9775 1532
3 9059 1079 1449
3 9059 341 1079
3 1229 1537 2068
3 4924 333 3897
3 4130 9786 2136
3 5027 8081 4734
3 5346 4455 6132
3 9280 5616 8242
3 9202 1537 4924
3 685 1500 9426
3 567 349 8636
3 4702 9368 1079
3 6458 1264 8126
3 7723 8662 6385
3 5644 2505 2615
3 2538 7881 2232
3 1158 2001 7124
3 4114 10122 1232
3 2713 7003 6007
3 2942 567 2243
3 6073 4809 3366
3 9033 3504 2584
3 6666 5512 4244
3 1668 8546 5828
3 2070 6115 5796
3 5920 6207 10036
3 7943 4345 4390
3 5828 1191 571
3 8683 1994 1285
3 5577 2346 4332
3 4485 4152 5414
3 4229 354 3556
3 1896 654 1684
3 4514 1874 1772
3 3239 1612 3613
3 4350 2588 399
3 2144 2787 449
3 1329 8455 4409
3 3341 8526 999
3 541 310 3559
3 6003 541 1297
3 3377 6650 7982
3 8935 5564 829
3 1907 901 4382
3 8114 574 8237
3 2662 5038 6948
3 726 6073 3366
3 2512 2505 3220
3 643 1710 3641
3 1158 4964 8938
3 958 7816 1894
3 4702 7203 7521
3 2136 5200 6187
3 8032 854 1156
3 1500 685 3959
3 3374 948 6007
3 8145 8903 7768
3 5759 6215 6047
3 1003 7382 8276
3 4899 269 7480
3 5558 2287 8650
3 4411 5078 2460
3 8203 8546 4474
3 4955 9489 8492
3 2385 4595 2291
3 7082 1919 6601
3 9228 5309 1570
3 6122 4612 3275
3 3402 8648 7197
3 2030 2337 489
3 3410 3222 3417
3 1439 7648 263
3 7378 8824 7575
3 4409 8455 3810
3 7903 1029 890
3 8573 1329 9440
3 6520 1329 8573
3 9994 10033 9356
3 15 5759 6903
3 4231 2115 118
3 1039 3417 3222
3 6565 8685 2929
3 2115 5428 118
3 3176 7197 410
3 4336 1765 9804
3 1439 8985 402
3 4113 1231 343
3 4138 7048 9644
3 5755 4382 901
3 191 7220 5599
3 8340 1231 3005
3 3897 10122 4924
3 10122 3006 1232
3 728 443 7647
3 16 515 6534
3 8660 9266 3457
3 9769 9891 8385
3 1550 2836 7867
3 5346 5731 4455
3 3855 3989 7030
3 2216 6410 515
3 712 4731 6508
3 2144 9769 5352
3 5242 8428 8111
3 985 4271 3703
3 6648 8180 9152
3 5577 4332 7056
3 2098 1836 7779
3 7779 688 6990
3 6724 8349 2068
3 5181 10107 3812
3 4633 8421 2431
3 8458 7767 3452
3 4731 9721 6508
3 3028 7862 3969
3 3456 7988 3358
3 8350 2243 8879
3 8879 2243 2813
3 5415 5496 1300
3 5113 1686 3727
3 2587 1558 8279
3 8353 4756 6494
3 7222 5036 8036
3 2243 6651 8854
3 8227 1969 3046
3 5887 7419 2649
3 2280 5775 4755
3 7281 7988 4610
3 7281 9123 7988
3 1576 8670 8819
3 9325 823 8788
3 5352 367 9123
3 9203 5652 6391
3 7644 6518 4670
3 6822 47 4343
3 5352 9123 7281
3 5755 8586 4382
3 1998 505 6883
3 8513 9103 3136
3 6601 1919 1347
3 8218 3985 8448
3 6601 5792 8781
3 9763 2340 2624
3 1570 1684 654
3 654 9746 5321
3 1772 1874 7462
3 489 673 2030
3 4656 3916 7815
3 1896 3669 8848
3 7327 414 7086
3 3617 1568 7540
3 4612 6122 6773
3 8350 8879 7203
3 7149 1709 671
3 581 2073 8428
3 3668 1613 9941
3 7096 7979 4923
3 402 1029 7903
3 2907 1210 9658
3 549 65 206
3 3727 1686 7062
3 2929 6556 3903
3 757 3903 2352
3 7631 448 6112
3 7040 757 2352
3 6494 646 8353
3 6293 2970 1271
3 7814 6867 6688
3 1087 393 5054
3 556 6001 9866
3 581 3356 7094
3 1147 1836 7587
3 118 4498 4231
3 2040 8328 2275
3 6990 2098 7779
3 7779 1836 1147
3 9123 3358 7988
3 6132 9152 5346
3 4233 4845 688
3 3457 3359 8660
3 449 7014 2144
3 861 8279 4599
3 756 8453 5089
3 5731 7014 449
3 5406 2795 6062
3 1079 1053 5670
3 2243 567 2813
3 8273 1463 8082
3 3812 9891 7014
3 256 8097 3845
3 4610 9265 1938
3 3978 4862 5883
3 5476 6853 6406
3 6163 4608 4255
3 3657 6431 1107
3 9338 3838 6853
3 6911 747 1331
3 1653 490 9888
3 2741 314 7410
3 9304 7486 9402
3 352 2431 8421
3 5616 9280 8180
3 8526 9570 6415
3 7378 484 8824
3 3028 3969 3465
3 7179 4063 931
3 4754 6378 7394
3 6920 7013 4116
3 6648 9152 1556
3 6073 8136 4809
3 583 2726 5474
3 9058 3767 8242
3 583 5025 2726
3 4748 2985 7055
3 2566 3085 230
3 7300 9593 139
3 8242 3767 1448
3 5027 4734 2287
3 5025 3525 962
3 1952 9465 1016
3 8106 9418 5796
3 386 3000 345
3 1550 2705 47
3 8242 6669 4093
3 4093 9833 3525
3 8569 1278 6046
3 3654 5986 4359
3 4702 341 9059
3 6594 3525 5025
3 5098 3679 6214
3 5390 8347 5991
3 1126 9128 696
3 2172 288 6437
3 105 6651 2243
3 8879 2813 7203
3 9058 4093 9711
3 7405 4691 4244
3 10126 8534 7643
3 8181 10126 7643
3 2954 960 9274
3 3556 354 4152
3 2567 5309 5362
3 9097 4011 3150
3 3887 4514 7984
3 541 9170 1297
3 9489 6125 8492
3 4964 9089 1568
3 7394 7897 9744
3 982 7717 3340
3 6428 1667 8854
3 9089 1158 3488
3 9102 6732 7154
3 9740 3881 1469
3 829 901 1907
3 9738 1568 3617
3 4221 8080 7270
3 5568 2343 6761
3 1345 3065 5564
3 6549 6544 4862
3 5478 306 9536
3 5089 5790 1738
3 765 8917 1094
3 9391 4964 7065
3 8994 8737 5051
3 1738 9748 5755
3 8685 8137 2929
3 1539 2155 8150
3 7790 3293 448
3 240 5509 6036
3 7607 6822 4343
3 5658 1540 6295
3 9622 600 8317
3 8480 9642 4510
3 5089 2730 756
3 9470 5428 2115
3 5809 3848 6416
3 2614 8094 3191
3 5428 4179 118
3 1737 4092 9760
3 8111 2907 1374
3 1597 2840 4028
3 6265 1062 9115
3 8517 10011 1380
3 9064 6880 8344
3 7754 2028 1425
3 8821 135 3430
3 7558 1820 2050
3 1737 1820 4276
3 1039 3222 3803
3 7754 1425 5346
3 2049 3946 3341
3 1621 3041 1101
3 6629 3093 3560
3 9109 5033 2840
3 1613 4523 7979
3 1598 1558 2587
3 4169 679 2678
3 3442 9846 6957
3 4610 7988 3456
3 1159 2429 5467
3 642 4599 8977
3 9279 1347 5885
3 343 1231 853
3 8462 1591 5454
3 5346 1425 5731
3 4776 6312 1804
3 7486 9304 9924
3 5357 1058 7723
3 1717 6499 553
3 5714 1331 784
3 6662 2904 7999
3 2546 5255 9097
3 8940 9739 9863
3 3969 6669 3465
3 6703 3403 2709
3 4595 2385 7197
3 8180 6648 5616
3 1556 3028 6648
3 10028 3850 8454
3 1740 8242 5616
3 8242 1448 9280
3 2486 6619 6272
3 1297 9170 3847
3 7990 9513 8049
3 4982 1443 6618
3 8096 4027 962
3 3465 8242 1740
3 2477 7001 8181
3 893 5634 4846
3 1481 751 5297
3 787 970 5978
3 710 6555 9597
3 9834 6670 4430
3 1868 370 5201
3 3696 4804 4202
3 1054 424 7008
3 901 2730 5755
3 9274 6671 8935
3 4089 9579 5025
3 6494 4410 646
3 755 4517 5998
3 2836 8399 6979
3 6594 4093 3525
3 1482 5668 4332
3 2301 2934 8083
3 4748 6068 6770
3 4748 2477 8181
3 8039 7430 1041
3 2223 8094 1439
3 3599 5658 3143
3 8351 9058 9711
3 3966 1439 8094
3 6049 6532 516
3 8036 5036 2612
3 3078 829 1907
3 997 6148 8571
3 3867 5790 5089
3 600 431 9641
3 3624 2995 4311
3 7324 4388 917
3 1008 5209 5998
3 2291 4011 9489
3 489 1374 2907
3 900 7462 3150
3 3617 3302 1550
3 5478 2116 7336
3 9350 3612 2585
3 9073 6556 8581
3 2385 4662 5366
3 7867 7624 1550
3 6556 7631 1623
3 3830 1866 3463
3 7990 429 8648
3 410 1281 2385
3 5339 673 489
3 3867 710 9597
3 1958 4350 8890
3 2369 4047 767
3 3084 3761 2588
3 6205 3568 5895
3 7540 3302 3617
3 861 6095 2587
3 1175 6809 4776
3 1537 333 4924
3 6704 6957 9846
3 5759 4345 6215
3 9819 5509 2932
3 4600 7062 8978
3 4516 4843 642
3 9993 9065 1960
3 324 3599 865
3 3341 3946 8526
3 4720 4346 2596
3 3377 2906 2860
3 6650 6073 726
3 10122 9105 3442
3 865 3599 3143
3 6996 6460 7267
3 310 6284 3559
3 7433 5632 4442
3 802 2333 142
3 830 5142 3190
3 9265 4610 3456
3 6266 9266 4843
3 6835 6132 4455
3 801 6680 7310
3 6835 1938 7557
3 8180 7754 5346
3 3028 5616 6648
3 8526 5778 7739
3 333 1537 5169
3 3526 9834 4430
3 4429 6669 3969
3 960 8037 6671
3 9570 2159 6415
3 3232 6379 9267
3 3465 1740 3028
3 8096 3969 2159
3 5372 2203 7786
3 179 7247 7091
3 872 2594 5112
3 1216 6397 2343
3 9479 7654 388
3 7739 5778 555
3 1578 8897 6666
3 386 3817 9919
3 149 1739 4815
3 9612 7222 8550
3 2726 6107 962
3 962 4181 2726
3 962 6107 5025
3 9702 8801 6519
3 3036 9725 1838
3 5025 6107 2726
3 3330 6629 3560
3 5309 102 5362
3 4514 3887 5255
3 9090 5089 8453
3 3257 8345 5632
3 1051 3663 3257
3 6003 1051 310
3 6543 8623 1477
3 4345 5759 4390
3 7750 5222 3924
3 9871 1803 5925
3 3967 2340 9763
3 1803 4923 7176
3 2575 2947 4069
3 671 3998 3410
3 4152 5302 5414
3 1863 3560 5467
3 1557 5852 1724
3 1347 1919 5885
3 765 6609 4737
3 9990 5792 9084
3 229 8215 4980
3 1008 5998 7608
3 6570 7142 5775
3 7410 696 4449
3 961 8550 7222
3 2172 6437 4107
3 2279 8353 646
3 1996 6056 4240
3 1273 3946 2049
3 7179 2005 5814
3 7282 5553 2040
3 1041 7430 8794
3 8880 4511 3494
3 1041 7199 2073
3 3089 7614 7658
3 2682 5521 1887
3 4843 4516 6266
3 5772 2547 8697
3 666 9434 8698
3 8279 1558 10078
3 6536 285 5964
3 3705 7162 4015
3 3765 7694 3474
3 8583 3683 3174
3 5339 489 9658
3 4599 2833 861
3 2603 2730 901
3 4131 3136 3089
3 8345 3257 8397
3 8978 7062 1879
3 10078 9434 666
3 3359 9110 6095
3 5632 7433 2274
3 257 4828 2859
3 7862 517 6415
3 3525 4429 962
3 8083 1564 2301
3 2538 8491 4089
3 5897 8236 643
3 6975 223 9281
3 8083 8039 1041
3 7658 4131 3089
3 8458 1503 3728
3 3403 6703 343
3 5466 9579 4089
3 6266 4516 7558
3 2538 2232 9252
3 9579 4093 6594
3 5466 8491 2538
3 105 6428 8854
3 6003 1297 9783
3 9651 3847 10024
3 8550 5466 9612
3 9415 8999 6466
3 5599 1814 5187
3 5495 191 5599
3 9623 5032 2205
3 4633 2431 1107
3 7540 800 1651
3 5311 1369 2658
3 9863 9739 7750
3 2280 322 5775
3 1974 2424 6141
3 8870 5262 9951
3 1550 6822 2836
3 6835 7339 1938
3 9975 250 5138
3 3232 7670 8799
3 2787 7813 4610
3 7862 3028 1556
3 1907 4382 3078
3 9402 8237 9304
3 8114 726 574
3 3341 6835 9047
3 7270 6137 6617
3 6920 70 41
3 8650 2287 3420
3 5013 2962 1821
3 9945 5634 893
3 3403 343 853
3 7557 9047 6835
3 9570 7739 4027
3 4093 6669 9833
3 6276 9015 3380
3 6415 2159 3969
3 1274 4898 1653
3 2050 1820 1274
3 7056 4332 5668
3 3046 1969 5502
3 853 1235 3403
3 4133 9905 5796
3 6045 6771 6069
3 9333 5923 2561
3 7055 2477 4748
3 1709 7149 4604
3 3998 7425 3410
3 3417 1039 2340
3 4604 2211 10057
3 6629 7979 7096
3 671 3410 3417
3 8218 410 5417
3 5051 8737 7142
3 4731 712 469
3 182 7244 946
3 5925 5653 9871
3 4152 4485 9941
3 2567 5362 6961
3 6125 9097 5255
3 7739 962 4027
3 8096 2159 9570
3 999 7862 3341
3 4027 8096 9570
3 2726 4181 7739
3 9040 932 5364
3 4089 8491 5466
3 8036 961 7222
3 4089 583 5474
3 8526 5256 5778
3 7687 113 1904
3 9232 3160 5176
3 5036 7222 9612
3 1884 8244 5176
3 5474 2726 555
3 2106 8462 1948
3 8550 2953 8861
3 8428 5242 581
3 4517 3552 8901
3 6570 5242 8994
3 7065 4964 1568
3 2279 646 2836
3 9441 7968 469
3 306 3758 1708
3 3118 7336 9073
3 105 8862 2954
3 3061 5263 5296
3 748 765 8063
3 6579 1415 1563
3 323 2279 2836
3 8453 7737 9090
3 1814 1998 6883
3 8935 3051 1754
3 6489 3552 637
3 4974 8806 3115
3 8890 545 1958
3 642 2833 4599
3 9054 2626 1680
3 2030 2223 1439
3 7753 1540 370
3 4431 4823 447
3 4271 5187 7858
3 8031 8516 1884
3 6002 1517 1887
3 5339 2223 2030
3 5259 1633 5266
3 4078 7539 2398
3 6492 10013 2917
3 6284 310 9234
3 5838 10056 4638
3 9760 1604 1190
3 8350 9712 9578
3 9274 105 2954
3 7339 2787 4610
3 4473 6617 2645
3 3508 1153 2063
3 4703 1107 1081
3 5755 9748 8489
3 1981 9758 8186
3 1938 7339 4610
3 4517 1974 6141
3 3557 6011 2284
3 1927 8045 6706
3 1509 4297 8230
3 6148 601 8480
3 7405 8033 3679
3 8650 9426 1500
3 9152 8180 5346
3 9899 7367 5605
3 6132 6835 3341
3 2062 9850 279
3 8571 2403 9038
3 9034 7347 8701
3 9203 467 1707
3 8698 9434 8881
3 999 517 7862
3 7558 4516 4276
3 953 5576 6770
3 3494 4511 7346
3 6724 6559 2070
3 5576 2985 4748
3 3969 7862 6415
3 344 6704 9846
3 8096 4429 3969
3 10071 8804 299
3 5576 4748 6770
3 953 2345 5576
3 9783 1524 3377
3 3075 5921 2625
3 4523 6773 7176
3 3668 4612 6773
3 3560 1863 3330
3 7443 8874 2885
3 5100 6205 909
3 4350 3568 6205
3 5025 583 4089
3 9887 3632 2348
3 1765 4047 9804
3 2546 1874 4514
3 3402 7197 3176
3 829 2603 901
3 1540 5396 6295
3 9708 7486 9915
3 8094 4603 3966
3 8889 1165 4603
3 10057 8107 1727
3 3275 3412 6122
3 6656 8107 5925
3 2385 1281 7197
3 3330 1863 9941
3 8107 3998 1727
3 8492 6125 3239
3 581 1564 1041
3 8052 9102 3374
3 9839 2970 288
3 8578 4069 9722
3 2378 9206 9536
3 7408 894 6344
3 306 3118 8581
3 8454 511 1487
3 8081 9594 7271
3 9612 1608 5036
3 1374 6033 8737
3 8145 8628 8903
3 9252 9612 2538
3 4396 5482 3103
3 9252 2232 3819
3 8628 5237 6418
3 8221 5355 2131
3 7790 3935 3293
3 2705 3302 8342
3 8581 3118 9073
3 6370 6565 4578
3 8865 5480 10058
3 5775 7142 4755
3 492 3768 7908
3 1487 511 1945
3 5998 5775 322
3 9866 6674 556
3 4900 2238 3708
3 3941 7054 1932
3 4325 8920 1176
3 8094 2223 5339
3 7943 9993 4345
3 9962 3761 3084
3 8204 4475 1670
3 177 5553 8682
3 1191 5828 15
3 7105 4173 96
3 8638 9962 5717
3 9848 8915 4600
3 3563 9903 1331
3 2750 8453 3065
3 3727 668 5113
3 7288 1378 4133
3 3847 222 1524
3 7463 6036 279
3 5927 7564 1409
3 5564 3065 829
3 1150 7525 2943
3 960 6671 9274
3 191 2709 8269
3 6067 2933 8150
3 1820 1737 1190
3 2953 8550 961
3 1306 2748 9888
3 1190 1737 9760
3 6002 5521 1324
3 10073 4707 8801
3 5980 3472 7884
3 5759 8546 4390
3 6520 1192 9703
3 8801 4707 6519
3 1737 4516 642
3 8526 517 999
3 7558 1939 9266
3 5755 2730 1738
3 6415 517 8526
3 6435 5944 5947
3 1753 8367 4581
3 3243 3667 3582
3 3341 9047 2049
3 7971 1871 9543
3 6131 1306 4314
3 9887 2348 9925
3 7055 2985 5576
3 2821 9887 9925
3 756 2730 2603
3 9266 6266 7558
3 8658 2677 954
3 7377 3315 8314
3 3790 3887 1570
3 8039 8988 3191
3 4560 3007 2709
3 3940 2647 2557
3 4449 2741 7410
3 7197 8648 4595
3 7425 3222 3410
3 5321 6601 8777
3 3143 1804 6312
3 3758 241 8581
3 5694 4131 6710
3 1702 8685 6565
3 5719 5833 6598
3 9945 853 8340
3 9073 7336 7790
3 2220 5390 5991
3 9765 6370 4578
3 9441 469 5694
3 9887 2821 1652
3 8889 4603 8094
3 555 5778 9925
3 2348 3632 5794
3 9925 5778 2821
3 1568 9738 7065
3 5879 9253 2817
3 7881 2538 4089
3 6390 7381 5312
3 3121 747 6406
3 2885 8498 4984
3 9451 16 3533
3 555 7941 5474
3 4202 723 3819
3 4343 1007 7607
3 8550 8861 9579
3 4343 47 1007
3 4926 6067 481
3 7564 5927 4804
3 1134 9391 7065
3 9090 1476 7858
3 47 6822 1550
3 2933 1345 8150
3 1476 9090 5825
3 5100 6208 4336
3 8794 7430 8039
3 9064 8344 8978
3 4439 9438 9877
3 6491 7539 7560
3 9407 6295 7753
3 5843 767 7164
3 8638 8561 9962
3 4757 5432 5130
3 5524 9889 480
3 4078 9402 9708
3 574 3366 4809
3 1051 3257 310
3 8660 2833 642
3 574 4809 9924
3 4726 5312 8422
3 439 2616 3672
3 147 2885 8874
3 6069 5526 6724
3 5904 8475 8270
3 9418 8214 8762
3 2613 6671 8037
3 7316 5036 9277
3 7670 9267 9590
3 5796 6115 7288
3 2694 2772 7725
3 9277 5036 5927
3 4642 7962 8367
3 7608 5998 322
3 278 8903 6418
3 139 1785 345
3 9193 7732 466
3 3859 8051 1484
3 3331 7242 1560
3 2612 5036 7316
3 1190 1274 1820
3 6671 3051 8935
3 388 9293 9828
3 5668 10127 7002
3 3591 9441 4726
3 467 8033 7994
3 4244 10127 5668
3 8526 3946 1273
3 1604 1178 1190
3 829 9274 8935
3 5778 5256 1652
3 962 4429 8096
3 2750 7737 8453
3 669 1817 7693
3 4210 1782 8475
3 5425 3475 3936
3 5173 9660 5621
3 7881 369 8498
3 5297 5633 5638
3 3424 2232 7881
3 7984 1772 1684
3 9612 5466 2538
3 9782 767 4047
3 2073 7199 9658
3 8777 6601 8781
3 6928 5621 9869
3 654 5321 9228
3 102 8777 8781
3 3356 581 2424
3 4604 7149 3967
3 1439 8402 2030
3 2614 8988 7520
3 7704 7831 5184
3 7739 4181 962
3 2333 7309 44
3 9925 369 7941
3 1066 5095 5297
3 5794 369 2348
3 8874 4202 147
3 7078 736 8244
3 2612 7316 4642
3 555 2726 7739
3 448 4498 6112
3 3819 2232 147
3 1653 1178 490
3 5778 1652 2821
3 2226 8304 9245
3 5998 6514 755
3 9090 7737 5825
3 8244 9273 330
3 7859 6824 5564
3 8039 2934 8988
3 2880 7897 9171
3 7520 7822 3956
3 3191 8794 8039
3 6514 5998 5209
3 7858 710 9090
3 5801 9158 1338
3 6811 8513 4131
3 3191 8094 8794
3 2164 7858 4926
3 1879 7062 1686
3 8765 7968 1700
3 3233 6904 330
3 7845 5916 7814
3 8762 6771 2070
3 6771 8762 8214
3 5832 5631 7061
3 3359 6095 861
3 3761 9276 1311
3 2851 1269 9014
3 7146 2136 9786
3 1604 9760 4092
3 997 601 6148
3 4213 4572 466
3 4718 8638 5717
3 3817 386 1277
3 8882 688 7779
3 310 5632 2274
3 710 9554 6555
3 4263 430 8701
3 4454 4952 985
3 669 2548 1817
3 9170 10024 3847
3 6086 6616 1879
3 3354 8593 5304
3 2915 7893 958
3 4804 723 4202
3 7739 9570 8526
3 7125 8734 2676
3 1652 5256 8526
3 153 7713 8393
3 5036 1608 5927
3 533 6393 2995
3 9252 1608 9612
3 4846 90 7220
3 9399 4445 8755
3 5927 7317 9277
3 2284 7316 7317
3 8862 8350 9578
3 1804 9407 4695
3 5260 4581 8367
3 7461 1306 490
3 267 5631 5832
3 7486 9708 9402
3 9559 5791 4249
3 1178 4898 1274
3 1175 782 6809
3 799 4561 655
3 2801 3672 8192
3 9178 289 4094
3 4332 2346 954
3 2747 3632 9887
3 8245 8375 8246
3 4309 3180 2583
3 2284 6011 5260
3 751 8593 3354
3 9605 3244 9672
3 5081 2767 1158
3 1273 1652 8526
3 8342 3025 3776
3 2049 9047 7557
3 7908 3768 4357
3 4092 8343 6879
3 1274 1190 1178
3 7941 7881 5474
3 8498 3424 7881
3 6131 6879 5638
3 4984 8498 5794
3 4324 3615 384
3 480 4760 5524
3 6979 8399 7624
3 1653 4898 1178
3 3633 2748 956
3 1156 7590 4082
3 7443 2885 4984
3 5200 8052 6187
3 4221 4473 4116
3 4984 5794 7443
3 3424 2885 147
3 8145 10117 9205
3 147 2232 3424
3 3244 7661 4597
3 8159 9605 7420
3 7564 4804 3696
3 8657 8105 3886
3 7288 6115 3442
3 469 902 6811
3 6454 9973 9466
3 3523 2065 5943
3 8598 5141 9889
3 7986 9957 2155
3 1097 3768 2649
3 3065 8453 756
3 4490 8427 9942
3 9198 8522 879
3 4264 7520 8988
3 481 2164 4926
3 6295 1804 5658
3 5066 5925 10057
3 3484 9650 2197
3 4247 3103 2839
3 8935 2963 5564
3 10057 1709 4604
3 9658 489 2907
3 585 7723 6385
3 8865 10058 4385
3 6800 1509 4308
3 5987 1539 8150
3 6122 7327 7425
3 3205 8747 8463
3 9995 6712 197
3 909 6205 5895
3 9846 10122 4114
3 7560 9454 9246
3 8686 1827 1523
3 9943 9931 4566
3 1176 3356 2225
3 5781 8114 2398
3 8237 4078 2398
3 5843 1801 767
3 9924 1981 7486
3 9990 9084 3241
3 5339 7199 1041
3 9276 2176 1311
3 298 2647 9753
3 1670 3168 8204
3 6149 9839 2172
3 9701 6903 427
3 654 8848 7538
3 3533 16 6534
3 1517 8819 9276
3 7980 1196 4732
3 6300 3472 8750
3 2658 334 5311
3 7982 9345 3377
3 1517 6002 5757
3 6293 1196 7980
3 642 4843 8660
3 4276 4516 1737
3 9345 4025 8275
3 4443 5116 385
3 7062 8915 9848
3 786 7236 7653
3 6086 26 4869
3 4314 1306 7461
3 4869 8978 6616
3 9009 2995 3624
3 9045 97 4404
3 7564 3696 3624
3 3475 7693 1817
3 7317 1409 5164
3 3463 1866 9399
3 5424 95 1755
3 667 8697 2547
3 5424 1755 8327
3 4641 6671 2613
3 10069 5164 3338
3 1753 9511 8613
3 953 8213 9417
3 1482 2173 5668
3 2431 3620 1107
3 1191 6903 9701
3 4764 527 5128
3 97 9045 6582
3 8448 3985 5417
3 3241 2647 6928
3 9753 5792 7389
3 3656 1328 6519
3 6179 7982 3692
3 6650 726 6491
3 4923 3093 7096
3 2348 369 9925
3 2197 9650 3585
3 5892 9478 2557
3 6656 6122 7425
3 4069 8933 2575
3 5792 9753 1224
3 7881 4089 5474
3 5321 3497 6601
3 8498 2885 3424
3 9871 4923 1803
3 7443 7477 1065
3 8503 7743 9767
3 369 7881 7941
3 1772 7462 6143
3 5794 3632 5094
3 7941 555 9925
3 7477 7443 5794
3 7564 3624 4311
3 9009 3624 3696
3 6815 1304 4437
3 2546 4514 5255
3 2378 306 1708
3 427 6903 5759
3 5366 4662 2291
3 7154 6732 6379
3 5341 4700 6298
3 6920 2645 7532
3 5200 9102 8052
3 5493 5529 4757
3 4926 1476 6067
3 3617 1550 8838
3 4271 4952 5009
3 1464 6514 5209
3 4930 8920 7429
3 4733 8080 4221
3 9593 5026 139
3 7135 9158 6416
3 710 3867 9090
3 679 528 7040
3 8367 1753 4642
3 2933 1476 5825
3 8367 7962 2284
3 4642 7316 7962
3 2284 5260 8367
3 1754 3051 6671
3 1825 9743 2694
3 330 5176 8244
3 5564 2963 7859
3 2070 6559 6115
3 3065 756 829
3 4930 2301 1564
3 8710 7279 1625
3 8701 1923 9380
3 3830 4502 8327
3 8697 8880 5772
3 4026 734 2593
3 2750 3065 1345
3 3765 3463 5113
3 4560 2709 7810
3 8475 1782 8270
3 6508 64 712
3 4332 968 2801
3 5697 6889 2100
3 4186 4325 1176
3 2274 9234 310
3 952 8109 7560
3 1734 9143 5290
3 3356 2424 2225
3 9314 8618 925
3 7991 4099 4423
3 1801 5717 9962
3 6141 5775 5998
3 3664 6332 5780
3 5632 310 3257
3 6532 10020 516
3 7461 490 1178
3 5152 4138 7769
3 8344 805 8978
3 2836 6822 7607
3 6298 4700 4977
3 723 1608 9252
3 3819 147 4202
3 1737 804 8343
3 898 1378 7288
3 7908 267 492
3 1608 723 4804
3 331 1146 7282
3 953 9417 8105
3 4151 1409 4311
3 5164 1409 4151
3 1179 4633 1107
3 1754 6671 4641
3 703 835 5606
3 4314 7461 6879
3 515 4090 5920
3 385 7443 4443
3 9034 6515 7347
3 8701 7347 4263
3 9888 490 1306
3 9036 9288 2329
3 5639 9767 3615
3 2756 9539 8778
3 1178 1604 7461
3 6631 1381 3077
3 956 8617 5633
3 5094 3632 955
3 1041 2073 581
3 8498 369 5794
3 2597 4275 9893
3 2614 7520 8889
3 7478 5095 1066
3 5116 3696 385
3 4923 7979 7176
3 8874 7443 385
3 2330 5355 2034
3 6424 3193 6011
3 4612 3668 3275
3 6910 2131 1089
3 9478 5892 197
3 1613 7979 6629
3 2589 149 7211
3 1066 751 3354
3 2716 6397 1216
3 1224 2647 3241
3 1564 581 4930
3 1112 7725 6329
3 7556 2145 9743
3 5795 5095 7478
3 9782 4057 7330
3 7962 7316 2284
3 9228 5321 8777
3 9511 1753 4581
3 6961 102 9869
3 281 7419 9604
3 7859 2963 1754
3 352 5520 4107
3 8429 9458 1484
3 4871 758 7598
3 8648 429 4595
3 909 764 6208
3 1737 8343 4092
3 2796 198 1300
3 6121 4240 2891
3 4235 7323 8071
3 2649 46 5887
3 9198 5447 8522
3 6509 6630 4156
3 755 6514 5832
3 2352 4179 7040
3 1539 7859 759
3 4578 3903 757
3 2301 4930 9310
3 1444 7421 8692
3 1041 1564 8083
3 7972 9198 7024
3 8342 7420 2705
3 4646 6329 7725
3 2677 9251 2616
3 9905 8106 5796
3 8821 4615 135
3 1008 46 2649
3 1498 5477 9070
3 1097 5141 8522
3 8150 5564 5987
3 8838 1134 9738
3 5939 7105 2077
3 8001 3936 3475
3 5250 2816 6948
3 1817 2548 3495
3 8400 7024 4866
3 4237 7927 4704
3 9089 948 7540
3 9338 9054 135
3 6007 7003 8052
3 2987 8118 8306
3 4600 8280 9848
3 1887 1517 8561
3 9031 5728 3016
3 6947 8345 2599
3 7062 9848 3727
3 948 3374 3910
3 8437 2636 121
3 6956 3007 4560
3 2987 7926 8118
3 467 7527 8033
3 2894 655 1384
3 8503 9064 4869
3 715 314 9438
3 5140 931 2987
3 9183 6226 7567
3 9284 104 2315
3 4999 8273 5140
3 2709 6956 6703
3 6879 7461 1604
3 6470 5187 1814
3 5927 1608 4804
3 927 5652 4919
3 8369 8705 8319
3 5303 6393 533
3 9851 7803 8118
3 3442 9105 9846
3 1409 7317 5927
3 4151 4311 2034
3 3552 4517 755
3 8133 6249 7355
3 1499 2310 5559
3 7055 7001 2477
3 5116 533 9009
3 3696 8874 385
3 5164 10069 3557
3 1224 9753 2647
3 370 1540 8212
3 318 1090 7403
3 7860 1112 7598
3 3692 392 6179
3 4468 1825 3468
3 2694 9743 2145
3 6170 8275 392
3 2228 9696 689
3 5309 8777 102
3 5467 3560 298
3 7267 7609 8215
3 1803 7176 6773
3 5653 3284 9871
3 5066 1381 6631
3 3568 3402 3176
3 8988 2934 4264
3 5925 5066 6631
3 4566 9931 10106
3 8275 4025 392
3 8241 6386 9359
3 5066 1166 4302
3 7982 8741 4187
3 6773 6122 6656
3 3696 4202 8874
3 4324 2329 5251
3 751 1481 5304
3 9009 3696 5116
3 5366 2291 9489
3 2034 2995 6393
3 9650 2934 2301
3 8221 2131 3338
3 4107 5520 2172
3 4069 2947 6502
3 9737 2651 9429
3 4222 8823 8949
3 5633 8617 6131
3 5164 4151 3338
3 4532 1089 5624
3 5987 6824 7859
3 4581 5260 3193
3 8613 7860 1753
3 6387 9705 3193
3 1825 4468 9743
3 6360 8647 7445
3 4581 3193 9511
3 9300 7598 6329
3 431 600 9622
3 5026 1785 139
3 5312 7381 5663
3 4393 5425 9380
3 2062 279 7816
3 7223 4572 1278
3 8001 3475 1817
3 3727 9848 668
3 1008 2649 3768
3 3494 5772 8880
3 332 4525 6148
3 1755 8406 3639
3 5544 9206 7223
3 4926 7858 1476
3 5113 668 7694
3 7917 5328 267
3 6067 1476 2933
3 581 5242 2424
3 8685 1702 8581
3 7288 4133 5796
3 803 9599 5183
3 9079 6896 2116
3 7867 2836 6979
3 5447 7908 4357
3 1702 3758 8581
3 3903 1623 2352
3 9102 5200 6732
3 4677 4832 2357
3 8522 5447 4357
3 2146 110 2100
3 7024 879 8598
3 7991 7287 6492
3 1887 8561 2682
3 7810 4242 7052
3 5282 3621 3370
3 6115 7844 3442
3 2155 481 6067
3 2932 7463 3873
3 2164 6056 3678
3 6616 8978 1879
3 8137 6556 2929
3 3776 3025 3302
3 6121 4428 4454
3 1651 7154 3232
3 8977 804 642
3 7743 8503 3664
3 9875 8702 7135
3 956 2748 8617
3 2817 9253 8294
3 1169 9135 2282
3 1974 4974 4186
3 3678 3703 2164
3 7540 8688 800
3 4869 26 8503
3 9064 4489 5639
3 954 968 4332
3 8052 6552 6187
3 6056 481 2155
3 5638 1481 5297
3 5095 956 5297
3 8718 3927 6236
3 4211 8476 814
3 7013 41 8649
3 6765 2029 8847
3 1782 4210 3886
3 3421 4733 4116
3 4832 1017 9466
3 8522 4357 3768
3 3468 1825 8086
3 7616 5141 1097
3 2025 3621 9573
3 8988 2614 3191
3 299 5357 10071
3 7540 3627 3776
3 3776 7661 3244
3 4271 2164 3703
3 571 1668 5828
3 800 8688 948
3 2413 7822 2197
3 1996 3703 3678
3 871 9701 427
3 6215 4345 9993
3 6207 5920 4090
3 1130 6137 7270
3 3936 8001 9380
3 8327 4502 3765
3 3495 7347 6515
3 4186 9018 4325
3 5237 345 6418
3 5356 9429 8149
3 3557 2284 5164
3 9428 6394 5304
3 1380 5065 4301
3 2131 6910 10069
3 2034 4311 2995
3 1817 6515 8001
3 9737 6394 9428
3 2584 3654 1882
3 3193 1825 9511
3 6910 6387 6424
3 2995 9009 533
3 6631 3077 5925
3 10057 2211 1166
3 7317 7316 9277
3 735 6400 7797
3 2963 8935 1754
3 16 9451 8041
3 811 4646 2145
3 8802 5112 10074
3 6852 8204 3168
3 9517 8382 4040
3 1911 2645 6617
3 4198 6928 3940
3 1911 6732 2645
3 7884 3983 5980
3 9683 3533 6534
3 5227 9468 9995
3 8422 1283 8285
3 1056 2888 6208
3 8613 9511 1825
3 6122 3412 6573
3 7725 7860 2694
3 3463 1637 1686
3 5601 1177 2162
3 7432 1950 3380
3 2594 409 5112
3 6514 1464 492
3 2527 4531 4457
3 1539 7986 2155
3 2763 8375 3791
3 6370 9193 2218
3 8150 1345 5564
3 3705 1324 5521
3 6623 3687 236
3 7288 3442 898
3 168 4999 7758
3 6141 5998 4517
3 3441 9766 3024
3 5832 3552 755
3 7647 552 5821
3 9767 9064 8503
3 9765 757 7229
3 97 4558 4588
3 10073 408 4707
3 427 5759 871
3 7797 6400 3390
3 8167 4919 9203
3 1707 467 7994
3 2197 3585 2413
3 6131 4314 6879
3 2709 3007 6956
3 6458 8422 8285
3 8283 9639 3672
3 492 1464 1008
3 7968 9441 3591
3 1531 4919 1482
3 9655 9685 3694
3 8806 4974 6489
3 2589 6124 638
3 8179 4823 4431
3 7492 1177 1826
3 3084 2588 2369
3 1958 2588 4350
3 5173 197 6712
3 9060 8238 8035
3 6179 9345 7982
3 5142 9454 8109
3 769 6558 2015
3 281 3123 1097
3 1941 7686 4730
3 9198 7972 7917
3 4166 3982 7972
3 1634 497 3127
3 7917 7908 5447
3 2705 5886 47
3 9089 3488 948
3 454 1545 7004
3 7065 9738 1134
3 800 9102 1651
3 8517 1165 3956
3 9102 2844 1651
3 8871 6100 6040
3 2784 8940 4985
3 7094 3356 1176
3 2301 3585 9650
3 7822 3484 2197
3 2934 8039 8083
3 4930 7094 8920
3 7507 8368 5537
3 9084 5792 1224
3 10057 1166 5066
3 7154 6379 3232
3 9869 9990 6928
3 6773 6656 1803
3 1165 2210 4603
3 1130 7300 3000
3 2934 3484 4264
3 2819 4325 9018
3 2400 8218 8448
3 5176 8031 1884
3 515 5920 2216
3 4997 7601 6042
3 3883 4191 6844
3 2557 9478 8058
3 8572 4534 5626
3 7566 10059 5371
3 6147 4526 8572
3 2528 8317 600
3 8572 2040 2275
3 9034 8001 6515
3 9380 1923 4393
3 4364 8472 1942
3 2378 9536 306
3 9839 6149 5290
3 8755 9878 10051
3 3692 7982 4187
3 1176 2225 1974
3 2145 2772 2694
3 5251 2329 2652
3 1180 8653 8883
3 5645 6892 811
3 3354 4444 1066
3 8382 9517 7445
3 751 1066 5297
3 3747 936 5453
3 8386 1669 6783
3 8869 4252 7923
3 5980 1871 6098
3 9470 7040 4179
3 4444 3354 5304
3 8869 1979 5129
3 8626 9972 1378
3 8785 3921 10094
3 985 3703 1996
3 9743 4468 7556
3 811 8869 5645
3 4311 1409 7564
3 9737 2331 6394
3 6086 6783 8503
3 985 1996 4240
3 6892 6329 4646
3 2034 5355 8221
3 2034 8221 3338
3 7860 7725 1112
3 8150 2155 6067
3 9705 50 3468
3 5624 50 4532
3 2132 8149 7403
3 3193 5260 6011
3 9705 8086 3193
3 4235 3126 7323
3 3707 8626 655
3 3886 4210 5298
3 6910 6424 6011
3 3557 10069 6910
3 9198 879 7024
3 8657 953 8105
3 2735 7638 2342
3 1697 1782 3886
3 4691 3080 9516
3 9767 4489 9064
3 2364 5129 7471
3 8647 8990 7445
3 6424 6387 3193
3 8806 6489 637
3 3719 7323 5328
3 8617 2748 1306
3 3719 5596 8071
3 4443 7443 1065
3 2216 5043 6963
3 5631 267 5328
3 1680 4442 4890
3 1870 6225 6569
3 4282 5496 637
3 7994 2173 1707
3 4235 7061 3126
3 1739 3522 1179
3 6056 2155 9957
3 4866 5524 947
3 8322 1811 4506
3 2424 5775 6141
3 8940 3046 9739
3 3324 8192 3672
3 836 4335 5534
3 2677 5299 4211
3 2801 968 954
3 8617 1306 6131
3 6236 9107 6810
3 5680 5521 5022
3 7164 2316 4718
3 9097 3150 1874
3 3613 3790 1265
3 573 6328 5636
3 2557 298 3560
3 7598 758 7860
3 7741 9739 5502
3 5502 9739 3046
3 2742 3821 3855
3 4282 1300 5496
3 2218 1702 6565
3 9889 5141 7616
3 6509 7429 433
3 7140 4621 7957
3 9428 1295 9737
3 7223 9206 2378
3 9541 7192 5859
3 8917 7467 1094
3 6460 43 2851
3 2102 8917 1815
3 4930 581 7094
3 2694 8613 1825
3 9073 7790 7631
3 1362 6098 7840
3 198 7072 5415
3 3089 3136 8823
3 5304 1295 9428
3 3468 8086 9705
3 179 10081 7247
3 6329 7598 1112
3 1950 7598 9300
3 5304 1481 1295
3 7725 2145 4646
3 2131 10069 3338
3 2316 7164 761
3 3338 4151 2034
3 7993 7393 2404
3 1300 10014 2796
3 7403 8149 318
3 318 2651 4799
3 7986 1539 759
3 3925 4252 2364
3 8086 1825 3193
3 1904 6001 7412
3 9154 1324 315
3 7061 5631 3126
3 952 9708 9915
3 4194 6947 2599
3 9418 8762 5796
3 1378 1698 4133
3 1782 1697 8270
3 3768 492 1008
3 8270 1697 1377
3 9321 814 8476
3 2678 9875 4169
3 4809 1981 9924
3 279 238 3873
3 5515 5962 8870
3 281 1097 7419
3 799 655 3442
3 2705 1550 3302
3 6761 2343 9452
3 5009 5187 4271
3 8701 8001 9034
3 6040 6100 9672
3 4392 95 5424
3 9380 8001 8701
3 3765 4502 3830
3 8327 1755 3830
3 7818 2449 6595
3 3126 5328 7323
3 7678 5408 5862
3 7884 5365 4518
3 4240 6121 985
3 3679 5098 7405
3 2933 5825 1345
3 9639 6421 4607
3 7146 6920 7532
3 5395 8755 65
3 3886 8105 1697
3 511 3850 1945
3 9786 4130 70
3 814 2677 4211
3 1334 6504 4056
3 8275 8397 9345
3 6617 9267 1911
3 3887 1684 1570
3 8320 4872 8035
3 3377 2860 6650
3 6475 952 9915
3 6276 5016 4587
3 9269 1015 8303
3 7811 3508 3099
3 204 3679 7527
3 8315 9758 1981
3 9804 545 4336
3 6761 8609 5568
3 7270 6617 4221
3 4116 7013 3421
3 386 9205 5545
3 1381 10012 3077
3 3735 4760 480
3 7300 139 3000
3 5925 8107 10057
3 5303 533 4443
3 9737 1295 2651
3 6312 4776 6809
3 238 4977 3873
3 8933 8578 7012
3 4411 816 9919
3 1848 384 2544
3 9429 5356 2331
3 5505 2819 198
3 2132 5356 8149
3 9445 5357 4247
3 3552 7061 637
3 7616 3735 480
3 8149 9429 318
3 6359 9692 8646
3 6928 2647 3940
3 6387 6910 4532
3 50 8989 3468
3 4532 6910 1089
3 6011 3557 6910
3 50 9705 6387
3 8058 6928 4198
3 6961 7499 1265
3 6328 6972 7359
3 3186 5384 5595
3 8901 3552 6489
3 8035 8238 8320
3 293 6300 3685
3 7556 4468 9692
3 2871 3337 9960
3 7860 8613 2694
3 8371 2458 6942
3 3468 8989 8646
3 7647 5821 728
3 4468 3468 8646
3 3791 8245 782
3 3585 2301 9310
3 811 1979 8869
3 1874 2546 9097
3 4251 7004 281
3 6037 9193 1708
3 2145 1979 811
3 198 2819 9018
3 7346 4511 4262
3 4510 1147 332
3 3699 9808 4436
3 7725 2772 2145
3 3765 3830 3463
3 1950 6276 3380
3 6370 9765 7732
3 622 6582 304
3 392 4025 9345
3 6892 6276 9300
3 1097 2649 7419
3 7420 8342 8159
3 8392 6262 1918
3 757 9765 4578
3 4143 5955 6874
3 3442 6957 799
3 9971 6453 9375
3 3776 8159 8342
3 3387 6156 2357
3 1378 898 8626
3 1698 9905 4133
3 8883 1601 8386
3 4974 4517 8901
3 9469 4666 3585
3 6597 5561 500
3 4666 9722 6502
3 6825 7052 4454
3 5796 8762 2070
3 267 6514 492
3 4082 2695 9461
3 3982 3719 5328
3 8187 4549 5524
3 5668 7002 7056
3 6300 8750 3685
3 5098 4691 7405
3 7527 9479 204
3 6214 4303 5098
3 2894 1384 8808
3 7468 1637 3463
3 3982 7917 7972
3 5272 3549 6915
3 1625 2661 4032
3 9300 6329 6892
3 1879 1686 6086
3 9604 10008 281
3 2343 2227 1216
3 1115 1091 2831
3 3388 6262 4871
3 758 4871 7985
3 1918 6262 3388
3 7229 8084 8390
3 7598 1950 4871
3 9041 7012 8578
3 29 8222 9317
3 5987 7859 1539
3 8889 8094 2614
3 8441 5653 10012
3 4069 6502 9722
3 2891 4240 9957
3 9041 2672 9310
3 4807 5816 6121
3 1173 9965 1921
3 4092 6879 1604
3 3257 3663 4358
3 9321 5800 6874
3 1283 6268 2259
3 6379 6732 1911
3 4706 3147 5979
3 9356 10033 7820
3 1471 3533 9683
3 8422 5312 1283
3 3776 3302 7540
3 939 1304 1960
3 4166 7972 7024
3 7270 9593 7300
3 5629 8519 78
3 9190 6123 4230
3 8081 5027 9594
3 3656 179 8454
3 4302 1166 8518
3 9183 7567 5372
3 8522 3768 1097
3 4404 9575 8968
3 623 3390 6583
3 4386 5152 6963
3 7917 5447 9198
3 2557 3560 3093
3 4358 9783 9345
3 10081 1716 7247
3 6294 3796 9649
3 1734 6149 3085
3 7377 4520 7969
3 187 8408 1118
3 3635 7635 1694
3 630 9066 9994
3 2218 6565 6370
3 8572 4526 2040
3 643 3360 5130
3 1606 177 2041
3 7272 9814 99
3 2652 2329 4800
3 7282 4526 331
3 2330 2034 6393
3 7052 4242 4952
3 533 5116 4443
3 96 6130 7366
3 8478 4040 8382
3 4985 6167 2784
3 5671 2166 4282
3 433 7429 5505
3 8557 4040 8478
3 9692 4468 8646
3 8920 7094 1176
3 5599 5187 5495
3 8728 8440 4663
3 3533 5201 9451
3 5304 8593 751
3 8598 879 5141
3 4413 8045 4663
3 2845 8516 7968
3 1011 8426 394
3 8084 528 8390
3 9605 8159 3776
3 5623 7445 8990
3 1090 2132 7403
3 5479 7923 3925
3 1979 2145 7556
3 1700 7337 3160
3 8869 7923 1712
3 5113 7694 3765
3 9246 7982 7560
3 6219 8285 1710
3 8869 5129 4252
3 4974 1974 4517
3 1097 1545 7616
3 637 3592 3115
3 2166 1300 4282
3 5645 6276 6892
3 7061 3552 5832
3 6276 1950 9300
3 6276 5645 5016
3 5801 9133 3979
3 3380 4587 7656
3 3115 3592 4186
3 7162 5680 5022
3 9133 8702 8
3 8679 786 3090
3 7405 7994 8033
3 6630 2796 10014
3 4205 5179 1952
3 1952 9375 6453
3 8386 9878 8883
3 9064 8978 4869
3 8626 2356 4831
3 3115 8806 637
3 4597 7661 3776
3 5415 3592 5496
3 5022 2682 4803
3 4190 3882 5407
3 6283 7019 7004
3 6256 9675 6391
3 9446 4255 153
3 3244 9605 3776
3 9264 9437 9239
3 3615 4324 5251
3 8294 9253 1584
3 6751 6845 4190
3 8262 6201 5096
3 5297 956 5633
3 5179 4205 8475
3 8791 680 4997
3 5904 9375 5179
3 1952 4676 8201
3 6493 1 1811
3 4587 9015 6276
3 3622 8869 1712
3 9284 3902 104
3 545 8890 6205
3 767 9962 3084
3 3380 9015 4587
3 8261 8433 1671
3 6063 4194 2599
3 1786 2282 4194
3 7445 5623 8382
3 6359 6987 5479
3 50 6387 4532
3 4242 191 5495
3 4799 9035 8478
3 5479 6987 4842
3 2364 4252 5129
3 3549 8808 773
3 4841 9517 4040
3 4695 4776 1804
3 4952 4271 985
3 4252 3925 7923
3 3622 5645 8869
3 2687 2463 7656
3 5016 5645 3622
3 2284 7317 5164
3 3160 7337 8031
3 8627 9466 9973
3 9465 1952 6453
3 9025 3386 3707
3 4205 2336 8050
3 2162 3575 8147
3 676 7075 2192
3 7560 7539 4078
3 8889 7520 3956
3 8682 4747 177
3 8318 5939 2077
3 799 6957 4561
3 4313 2674 1776
3 3030 6434 9030
3 8318 4620 5327
3 8362 4190 6493
3 3956 1165 8889
3 2947 5696 2238
3 5413 2979 8434
3 1811 8392 4506
3 1 8392 1811
3 3639 1427 1866
3 3388 1950 7432
3 2315 2353 1725
3 4999 1333 7758
3 864 6751 8322
3 7985 4871 5407
3 4871 1950 3388
3 3882 7985 5407
3 7982 6650 7560
3 5892 2557 3093
3 7164 4718 5843
3 2041 1271 1606
3 4325 2819 8920
3 4866 9889 5524
3 9304 574 9924
3 9889 4866 8598
3 952 4078 9708
3 4402 5537 5696
3 9310 4930 7429
3 4551 8514 1407
3 7154 2844 9102
3 5505 8920 2819
3 6055 1015 8028
3 5595 4838 3186
3 6617 4473 4221
3 345 5237 386
3 5173 8058 9478
3 281 10008 4251
3 6951 8928 9590
3 3370 3187 1170
3 1130 3000 816
3 6928 8058 5621
3 6137 1130 816
3 4549 1173 8400
3 7616 1545 454
3 7669 6951 4411
3 5609 4086 10013
3 3719 4730 5596
3 7254 715 9854
3 8215 2851 2088
3 4597 9672 3244
3 1265 3790 1570
3 972 8851 6075
3 9407 7753 1868
3 925 8618 1443
3 5639 6880 9064
3 2352 1623 6112
3 6801 4309 1145
3 9683 6534 6410
3 9722 4666 8578
3 8853 1115 6421
3 1974 4186 1176
3 1545 3123 281
3 5299 2677 8658
3 9942 585 4266
3 8146 7490 3864
3 5515 6978 4041
3 9909 4041 249
3 6801 7091 1716
3 8270 1377 5904
3 3776 8799 4597
3 1651 3627 7540
3 2329 4324 2258
3 9289 9673 2180
3 1777 8241 2760
3 2025 6283 3621
3 6298 9649 5341
3 1097 3123 1545
3 6032 1471 9683
3 4396 5357 299
3 9379 787 6049
3 4524 2229 3554
3 3554 6684 6350
3 4266 6385 1717
3 9590 5261 7670
3 5141 879 8522
3 4666 2413 3585
3 6972 6875 4683
3 5496 3592 637
3 1300 198 5415
3 198 9018 7072
3 3737 3708 3904
3 2460 6137 816
3 3093 6629 7096
3 9414 5226 4900
3 8123 6895 4389
3 8517 3956 7822
3 5925 3077 5653
3 4186 4974 3115
3 6961 9869 5621
3 4764 2864 9362
3 2413 2947 7822
3 3817 4002 9919
3 9517 4841 6360
3 5609 6706 9068
3 3555 6358 178
3 2970 5659 288
3 8901 6489 4974
3 2410 4359 8708
3 3592 7072 4186
3 2238 4900 6755
3 782 3384 3791
3 7429 8920 5505
3 2672 3585 9310
3 9469 8578 4666
3 2768 6963 5043
3 267 7908 7917
3 2100 9965 5697
3 9498 9979 9679
3 306 241 3758
3 8701 2077 4393
3 8317 2528 4644
3 3639 8406 9899
3 5161 4173 7105
3 6565 2929 4578
3 1329 8922 9440
3 7445 9517 6360
3 5022 5521 2682
3 65 4445 9399
3 5479 9692 6359
3 7471 7556 9692
3 5129 1979 7471
3 4169 3848 8390
3 7560 4078 952
3 9246 8741 7982
3 7471 9692 5479
3 7656 7432 3380
3 4587 588 4045
3 7326 10109 4055
3 9095 3163 4559
3 952 839 8109
3 7656 2463 7432
3 4976 3499 9901
3 1686 1637 7468
3 4600 8915 7062
3 4205 1952 8201
3 6874 3435 4143
3 5179 8475 5904
3 773 6304 3549
3 3057 3920 5671
3 2357 6156 4677
3 6163 4255 9446
3 1668 4408 538
3 9375 5904 9971
3 6540 871 6047
3 655 4561 1384
3 5251 2652 1296
3 1996 3678 6056
3 4560 7810 6825
3 6032 2584 1882
3 8807 4560 6825
3 1180 4024 8653
3 1 5407 6262
3 8322 8362 6493
3 439 2801 2677
3 7601 4997 5413
3 6751 864 680
3 9251 8283 2616
3 871 5759 6047
3 4607 6421 1115
3 8475 4205 2195
3 6845 6751 680
3 9957 7986 2891
3 4026 6215 9993
3 2336 6162 3434
3 9321 8476 2196
3 2686 7678 5862
3 2687 5863 2674
3 6262 8392 1
3 7164 767 8179
3 7046 4704 7927
3 3724 9065 1301
3 5895 410 909
3 6121 4454 985
3 8702 5801 1338
3 7279 5499 5671
3 456 1304 6815
3 8558 8479 9036
3 8990 51 5623
3 2453 719 8583
3 319 5624 1089
3 9310 7429 9041
3 4842 6987 6359
3 7471 5479 2364
3 1527 1798 3907
3 7556 7471 1979
3 1711 4040 5408
3 2719 1515 5184
3 588 3622 1712
3 4971 1421 152
3 6509 4156 6093
3 6093 4156 4042
3 3434 8050 2336
3 5262 854 9951
3 5112 409 10074
3 8838 9738 3617
3 3864 2936 6839
3 5653 3077 10012
3 6582 9045 304
3 2238 5696 5537
3 9267 6379 1911
3 9094 4558 97
3 939 8222 29
3 6892 4646 811
3 5546 7588 10043
3 772 9643 6303
3 9919 3000 386
3 5596 2661 8071
3 9461 1156 4082
3 7589 8928 6951
3 6376 5757 6002
3 5490 594 1962
3 5237 8628 386
3 6062 5947 5406
3 4082 5547 10087
3 2861 441 1551
3 9919 816 3000
3 7090 1131 1776
3 1811 8322 6493
3 6815 734 456
3 3211 2485 6273
3 8071 7323 3719
3 2891 7986 3883
3 102 8781 9990
3 5986 9784 2215
3 8322 6751 8362
3 4190 1 6493
3 6844 8792 2891
3 8109 839 5142
3 1107 4703 1179
3 8103 6475 2087
3 10040 4273 7864
3 7822 2947 8517
3 7279 4235 1625
3 4332 1531 1482
3 8653 2217 1669
3 1333 1554 943
3 2238 8517 2947
3 6086 1686 10051
3 9128 1126 7803
3 2672 8578 9469
3 8581 8137 8685
3 4866 7024 8598
3 4107 6437 2406
3 5891 7824 5175
3 5505 198 2796
3 433 5505 2796
3 8167 1482 4919
3 5780 7818 2544
3 6283 9057 1103
3 5524 4760 3735
3 725 6219 1710
3 8192 4919 1531
3 9573 5282 9729
3 9018 4186 7072
3 4251 9289 2180
3 2817 9133 8747
3 3621 6283 3187
3 9604 9289 4251
3 3982 8400 1941
3 7479 9583 5732
3 3984 314 9157
3 9672 4597 6040
3 8516 8126 1264
3 4251 10008 9604
3 5537 8431 4983
3 3214 5023 2143
3 6965 3284 8441
3 6965 5227 9995
3 1380 4301 8517
3 7755 7431 3291
3 197 3284 9995
3 8578 8933 4069
3 736 9273 8244
3 8781 5792 9990
3 3568 3675 3402
3 4336 545 6205
3 1173 7686 8400
3 9909 9057 4041
3 2187 2180 9673
3 9491 1818 8711
3 1758 5268 4699
3 6291 9199 5947
3 4041 2187 5962
3 2180 2187 6283
3 2187 6099 5962
3 8400 4166 7024
3 9590 5078 6951
3 8799 3627 1651
3 5524 4549 947
3 9965 1174 7437
3 1941 8400 7686
3 4282 637 4235
3 1156 854 8929
3 1625 8071 2661
3 9469 3585 2672
3 9573 3621 5282
3 6137 2460 9267
3 4683 3735 454
3 8179 8121 761
3 3482 627 1725
3 7670 3232 9267
3 3735 7616 454
3 9650 3484 2934
3 2100 110 9965
3 6170 3692 5046
3 4187 9246 9454
3 4057 9782 4047
3 1179 8421 4633
3 5327 5939 8318
3 2077 8701 9621
3 8480 601 9642
3 6130 96 4173
3 4393 2077 7105
3 7544 5327 704
3 4393 1923 8701
3 3765 3474 8327
3 6129 7069 7367
3 4187 8741 9246
3 6509 433 6630
3 5413 4997 680
3 8434 7601 5413
3 9370 7359 6972
3 1780 3243 166
3 3015 2760 9030
3 9193 6037 2218
3 6283 4251 2180
3 6042 2306 4997
3 6915 3549 6304
3 2817 9054 5879
3 186 8623 9248
3 6487 3310 193
3 3707 655 9025
3 6155 2336 518
3 3534 9546 3287
3 9971 5904 1377
3 4578 2929 3903
3 2173 1482 8167
3 8201 4676 518
3 6391 1903 8044
3 5719 6598 6155
3 4040 7922 4841
3 5623 318 4799
3 1531 2801 8192
3 4971 4860 6630
3 1296 5639 5251
3 4842 7923 5479
3 9321 8718 9251
3 3925 2364 5479
3 3672 2801 439
3 4971 6630 10014
3 1711 7922 4040
3 4952 4454 7052
3 5638 5633 6131
3 5415 7072 3592
3 6783 6086 8386
3 3126 5631 5328
3 1918 6158 8392
3 7678 8681 5408
3 4045 588 7679
3 8747 3205 2817
3 3622 4587 5016
3 3927 9321 5955
3 5179 9375 1952
3 8792 2307 9405
3 9429 2331 9737
3 4800 9288 9036
3 2329 9288 4800
3 6874 5800 2196
3 9655 2174 5273
3 6844 2891 3883
3 681 8792 6844
3 8478 8382 4799
3 8202 9741 8315
3 9800 8904 3514
3 6710 6268 5663
3 3859 6521 8051
3 2516 4362 8992
3 6870 6208 764
3 1056 1523 2888
3 2528 5438 4644
3 8237 574 9304
3 4472 1075 2089
3 10011 8517 2238
3 8993 1200 5751
3 8400 947 4549
3 197 5173 9478
3 1174 6323 161
3 8708 1276 2410
3 7820 10033 1571
3 864 8322 4506
3 5362 102 6961
3 3284 5653 8441
3 9459 998 5096
3 454 7004 6972
3 2463 4313 3034
3 4506 2792 2979
3 6875 5636 8187
3 2792 4506 6158
3 2306 8791 4997
3 680 864 4506
3 4190 8362 6751
3 5571 3110 7177
3 6869 7492 1826
3 4240 6056 9957
3 3667 1780 2515
3 909 410 764
3 5816 4807 9405
3 970 7914 5978
3 899 8996 8699
3 4873 8138 5841
3 4860 4971 152
3 8792 9405 4807
3 4860 152 9584
3 4551 6889 8187
3 9560 7437 1174
3 7012 9041 9190
3 7510 4121 7027
3 9454 5142 830
3 6374 1303 3211
3 6590 8122 3381
3 917 6350 3697
3 8710 1625 4032
3 1384 4561 8808
3 8807 6825 772
3 6040 4597 8799
3 4001 1662 7668
3 4411 6951 5078
3 6502 2413 4666
3 386 5545 1277
3 6875 6972 573
3 2316 4507 6452
3 8569 3818 1278
3 3902 2044 926
3 1776 9295 7090
3 5046 3692 4187
3 2687 7656 4045
3 2258 4324 384
3 7539 5781 2398
3 588 1712 8680
3 4213 5384 4572
3 5395 4461 3795
3 8681 1711 5408
3 7678 589 8681
3 4567 6054 1818
3 4703 9419 1739
3 4587 3622 588
3 9828 4013 6940
3 4332 2801 1531
3 7004 4251 6283
3 1016 4676 1952
3 7264 8853 7605
3 6155 6162 2336
3 10014 1300 1421
3 152 1421 2166
3 3156 9655 3694
3 3976 965 1644
3 4869 6616 6086
3 9078 1554 1333
3 6047 6215 4026
3 8347 2910 7755
3 7408 6001 2795
3 9739 7741 7750
3 4730 3982 1941
3 4730 9560 5596
3 5979 1571 4706
3 735 7797 409
3 2162 8147 3920
3 3434 6873 8050
3 7510 7027 4042
3 6411 4230 3576
3 409 2594 735
3 1455 2620 7569
3 3239 1318 8448
3 1265 631 3613
3 3708 9467 9414
3 1921 7686 1173
3 6875 8187 5524
3 3940 2557 4198
3 7388 9755 4377
3 9128 6747 4449
3 1960 1304 456
3 8368 7507 98
3 102 9990 9869
3 2947 2413 6502
3 4683 6875 3735
3 2593 6540 4026
3 3390 6400 8419
3 573 6972 6328
3 6972 4683 454
3 9590 8928 5261
3 2678 9470 3430
3 403 6252 3031
3 8463 3832 3205
3 5282 9370 9729
3 5801 3979 6326
3 9054 3832 135
3 9289 9604 9673
3 5655 9190 9041
3 5919 8003 3027
3 9045 3656 4707
3 5186 4076 4889
3 6816 6400 735
3 637 7061 4235
3 3163 5399 4559
3 9133 5801 8702
3 7584 8314 7635
3 1152 4935 8893
3 1156 8929 7590
3 8799 7670 8871
3 10003 936 10002
3 4032 5499 8710
3 5638 1295 1481
3 5963 6100 8871
3 3575 2162 1177
3 3982 4166 8400
3 782 865 6809
3 3000 139 345
3 4411 9919 4002
3 8406 1755 95
3 8701 430 9621
3 8568 4002 3817
3 2077 9621 8318
3 5666 6066 6936
3 8406 95 7367
3 8936 9770 957
3 7125 2676 1427
3 7294 4303 204
3 2449 9295 1776
3 5408 4040 8557
3 6630 433 2796
3 7431 2910 2636
3 4042 4156 4860
3 6825 7810 7052
3 556 6674 9096
3 772 6825 9643
3 3386 2356 8626
3 9639 4607 3672
3 8503 26 6086
3 8128 7605 9251
3 5571 7177 3582
3 4483 8131 5964
3 7166 4506 2979
3 220 6576 1643
3 8997 5571 3582
3 4832 9466 8627
3 2217 6967 3664
3 1140 6944 3975
3 3927 4417 6236
3 4677 1017 4832
3 7653 7243 786
3 3667 2515 6042
3 4428 9643 4454
3 5413 7166 2979
3 2709 4242 7810
3 9405 1292 5816
3 9555 8002 6846
3 3110 7662 5896
3 3667 6042 7601
3 3664 8503 6783
3 1131 5191 4313
3 8084 757 528
3 474 166 2526
3 5358 6744 2999
3 2449 2329 2258
3 7601 8997 3667
3 4971 10014 1421
3 8303 149 4815
3 4799 8382 5623
3 2792 6201 1672
3 6158 1918 9264
3 4882 9546 3534
3 2376 235 8154
3 5816 1292 2514
3 3832 8463 9067
3 2678 3430 9067
3 9321 2677 814
3 9454 830 4187
3 7330 3514 9782
3 9402 4078 8237
3 1981 5098 8315
3 8686 2230 9236
3 4255 7713 153
3 6755 10011 2238
3 6756 6965 10012
3 2947 2575 5696
3 1921 4730 7686
3 1264 7078 8516
3 8716 1455 599
3 1040 7658 7614
3 6710 4131 1040
3 4156 6630 4860
3 9414 9467 5226
3 8077 8495 6294
3 6688 3623 2106
3 7279 5671 4282
3 9509 4273 8142
3 1318 3239 3613
3 1170 5282 3370
3 4644 4619 8317
3 1866 1427 549
3 9660 4403 3558
3 3085 2172 8418
3 4510 332 8480
3 431 4511 9641
3 7544 4173 5161
3 96 4393 7105
3 5326 4619 4644
3 4127 7089 649
3 8560 6933 2320
3 3613 1612 3887
3 2025 7019 6283
3 8126 2845 3591
3 3575 1177 7137
3 3463 1686 5113
3 7741 8823 4222
3 823 9194 3339
3 6889 5697 4549
3 9057 6283 2187
3 8462 8484 1591
3 573 5636 6875
3 1220 6082 8937
3 8699 8519 7359
3 3699 9291 5322
3 5454 5166 3787
3 3187 3370 3621
3 4041 5962 5515
3 2187 9673 6099
3 2936 7174 6668
3 5639 4489 9767
3 6972 7004 9729
3 8390 528 4169
3 7601 5571 8997
3 7229 757 8084
3 7422 9567 7662
3 1013 1662 5384
3 5663 5694 6710
3 5176 3160 8031
3 6093 9041 6509
3 5261 8871 7670
3 5384 4213 5595
3 3243 3582 166
3 5281 5896 8606
3 8434 463 5571
3 463 8262 5096
3 2514 1292 9405
3 701 8557 1775
3 4045 7679 2687
3 5328 7917 3982
3 4807 2891 8792
3 7656 4587 4045
3 7177 166 3582
3 5817 2515 1780
3 4730 3719 3982
3 6953 9811 7448
3 8070 8138 2526
3 3733 9403 390
3 7121 3249 2630
3 3641 2259 5897
3 5873 5272 6915
3 9079 2116 5478
3 2817 3205 9054
3 272 9731 2254
3 8044 6639 9203
3 3089 8823 7741
3 2025 9729 7004
3 5809 8390 3848
3 7605 6236 7264
3 9552 5719 2376
3 4103 6018 5268
3 1651 2844 7154
3 6623 221 965
3 6714 7049 9328
3 2418 7302 6162
3 2196 5800 9321
3 1584 9281 8294
3 8205 3844 9323
3 6061 4143 3435
3 9251 2677 9321
3 4549 8187 6889
3 7857 7732 9765
3 9057 9909 10125
3 284 8788 4621
3 5312 5663 1283
3 6576 2894 3549
3 6889 4551 1407
3 2951 2769 844
3 9436 5806 9238
3 8626 3707 3386
3 6162 7302 3434
3 2376 8154 9552
3 5629 6328 8519
3 7510 425 7030
3 8126 4726 8422
3 9584 152 9896
3 2936 3864 7174
3 568 3885 1806
3 7664 425 7510
3 1520 4035 2054
3 4282 4235 7279
3 3576 1239 5666
3 8904 4823 9782
3 8893 6123 5655
3 1959 4377 7973
3 7027 4121 6093
3 197 9871 3284
3 9446 4703 1081
3 4983 3708 2157
3 2690 2420 5916
3 9660 3558 7499
3 7502 8716 9736
3 3682 8560 5127
3 9467 3708 7610
3 8492 8448 4797
3 320 6255 3225
3 1570 5309 2567
3 2529 601 5437
3 5460 5186 9319
3 9896 2166 8147
3 7891 594 1828
3 8300 5607 6130
3 8440 2779 4663
3 8578 2672 9041
3 1961 649 5865
3 1421 1300 2166
3 179 8968 9575
3 5290 6149 1734
3 708 3298 3593
3 9724 9575 5060
3 10081 9575 9724
3 679 9024 528
3 6326 9158 5801
3 4630 6931 2810
3 1131 4313 1776
3 3835 8256 1937
3 998 4017 5096
3 6827 10086 1013
3 2526 2863 8070
3 6158 9264 2792
3 3110 7422 7662
3 5896 2863 3110
3 2515 9404 6042
3 1780 3667 3243
3 9404 2306 6042
3 8961 4315 570
3 2544 7743 3664
3 9036 1776 8558
3 474 5817 166
3 6303 9643 4428
3 7541 3214 6641
3 7606 625 1138
3 2258 384 2449
3 2173 7994 5668
3 1103 10125 844
3 6622 3386 9025
3 2544 384 7743
3 6825 4454 9643
3 2673 5862 701
3 2329 2449 9036
3 701 5408 8557
3 4906 5776 6777
3 9323 3294 9281
3 5272 6576 3549
3 8626 3442 655
3 2861 1551 6536
3 6873 2195 4205
3 8031 7337 1700
3 6421 9639 8283
3 1115 2561 4836
3 2463 2687 2674
3 8274 7369 6886
3 4359 5986 8708
3 8718 9321 3927
3 10051 1686 7468
3 5315 2428 262
3 6332 6451 3305
3 3710 8461 5834
3 6323 2908 2746
3 9965 7437 1921
3 330 7421 1444
3 196 2518 4715
3 3917 4143 3534
3 5078 9267 2460
3 2460 816 4411
3 9590 9267 5078
3 78 8699 7642
3 8514 4551 5636
3 3287 3917 3534
3 6046 4001 8569
3 9470 9796 3430
3 6162 6155 6598
3 2453 2917 3941
3 40 9599 330
3 3789 9875 7135
3 9951 5515 8870
3 7206 5293 9713
3 422 5805 7825
3 4015 1324 3705
3 4700 2932 3873
3 5417 4797 8448
3 8433 2978 1671
3 8434 8262 463
3 7560 6650 6491
3 9276 3761 9962
3 5266 1633 5813
3 3514 1827 8686
3 9828 6482 388
3 4718 5063 8638
3 5437 997 6791
3 1320 4260 85
3 1981 8136 3080
3 5733 7654 8044
3 3746 5529 4356
3 5636 6328 5629
3 8552 5124 899
3 480 9889 7616
3 3869 5823 2430
3 2864 8124 151
3 4534 8572 2275
3 9573 9729 2025
3 9909 249 10125
3 5604 8893 3003
3 9660 6712 6786
3 3613 631 1318
3 5515 9951 10100
3 5227 6965 4901
3 3233 4566 7421
3 9494 2069 4389
3 7040 9470 2678
3 5994 303 1917
3 3034 1918 2463
3 2842 7579 8358
3 7820 1302 9066
3 5407 4871 6262
3 7166 680 4506
3 5425 3936 9380
3 2695 8032 9461
3 594 6480 1828
3 5161 5327 7544
3 5439 835 703
3 8032 9951 854
3 6130 4173 7544
3 997 8571 7075
3 9065 9317 939
3 3163 8419 6400
3 6400 4438 3163
3 5595 466 7732
3 9447 8154 3630
3 518 4205 8201
3 518 4676 6155
3 9649 4386 5341
3 4001 6046 1662
3 947 8400 4866
3 2162 3057 5601
3 7177 3110 166
3 5817 1780 166
3 5841 2991 7606
3 5823 4033 2118
3 2863 2526 166
3 2932 240 7463
3 7606 2991 8070
3 1138 5872 5841
3 1061 4660 8260
3 206 9399 1866
3 4404 97 4588
3 9993 1960 4026
3 782 8245 865
3 4548 6435 5947
3 6121 2891 4807
3 9509 7530 1034
3 830 3190 6170
3 5183 1359 3581
3 7803 9851 9128
3 3205 3832 9054
3 844 1170 1103
3 5546 10043 10086
3 1757 4396 9092
3 4783 6206 6063
3 6346 443 728
3 2062 4297 1509
3 425 9230 7030
3 5183 4491 803
3 9210 7584 3635
3 1708 3758 6037
3 5537 2157 2238
3 9479 7527 467
3 4032 2661 9560
3 1063 7387 4833
3 7743 3615 9767
3 1303 2997 3211
3 2651 318 9429
3 4313 2463 2674
3 9560 2661 5596
3 6212 7818 2474
3 4607 3324 3672
3 8514 78 7579
3 4235 8071 1625
3 9599 803 3233
3 8102 6065 6488
3 5043 10036 2768
3 2157 5537 4983
3 8154 6944 3630
3 1628 9759 7189
3 9358 7825 1009
3 6156 3387 5720
3 2275 8328 5290
3 1020 6743 1628
3 4882 3435 2419
3 2699 4882 2419
3 7499 6961 9660
3 4923 9871 3093
3 3594 2466 3308
3 9414 4900 3708
3 2336 4205 518
3 2746 2908 7825
3 1921 9560 4730
3 2377 5720 6623
3 7437 9560 1921
3 798 1282 6561
3 1918 7432 2463
3 9990 3241 6928
3 5047 5499 161
3 3737 4362 3708
3 5806 6200 9238
3 8355 1962 594
3 5161 5939 5327
3 5326 4644 702
3 5440 6792 594
3 5606 835 5439
3 3472 1362 8750
3 5939 5161 7105
3 10100 9197 249
3 1078 8364 1040
3 463 7422 5571
3 5571 7601 8434
3 3887 3239 5255
3 7089 5865 649
3 8209 9640 8951
3 4873 5817 474
3 7171 5831 3875
3 236 965 5974
3 8358 81 422
3 2948 5568 8609
3 4815 9419 8303
3 4402 7507 5537
3 1013 5384 1225
3 8368 8431 5537
3 3573 4745 8998
3 6660 5272 5873
3 5696 2575 8933
3 899 7359 9370
3 4042 9584 7510
3 2991 5841 8138
3 625 8070 7171
3 2894 8808 3549
3 9041 7429 6509
3 5840 1643 8469
3 2745 5840 8469
3 2991 8138 8070
3 5337 5871 6914
3 4428 6121 5816
3 5841 5336 4873
3 8552 899 9370
3 2589 230 3522
3 6291 5944 4059
3 8227 3046 1078
3 8519 6328 7359
3 6437 5487 3036
3 1173 4549 9965
3 7614 3089 7741
3 5493 4757 7404
3 5499 1177 5601
3 3057 5671 5499
3 7669 4411 4002
3 4121 5655 6093
3 334 8364 2054
3 5879 1680 3856
3 1669 2217 3664
3 5524 3735 6875
3 8187 5636 4551
3 5652 9203 4919
3 2166 5671 3920
3 2801 954 2677
3 6839 5604 8069
3 4359 2410 5829
3 1706 2524 9895
3 3305 7226 7818
3 8514 5629 78
3 7027 6093 4042
3 7605 8283 9251
3 7090 9295 2449
3 5534 5273 3404
3 9281 223 9323
3 771 6571 291
3 5955 4143 3927
3 8154 9447 2698
3 5499 7279 8710
3 1826 5499 5047
3 3773 2146 2100
3 9041 6093 5655
3 1731 4567 4596
3 236 5974 6945
3 2259 6268 5897
3 2792 9239 6201
3 680 7166 5413
3 4015 7162 978
3 5682 1585 2982
3 5831 5896 5281
3 3909 3182 839
3 5490 5440 594
3 7527 3679 8033
3 388 5733 9293
3 8386 6086 10051
3 3866 8068 1828
3 6791 7075 3161
3 5607 7068 6130
3 7367 7069 5605
3 4121 7510 7428
3 1557 6543 1477
3 3003 4935 3989
3 8069 3821 3864
3 33 4461 5588
3 1710 5130 725
3 2851 43 1269
3 7285 5583 7611
3 2400 8448 3612
3 152 2166 9896
3 1917 4369 6413
3 7428 1152 4121
3 4901 6965 6756
3 4983 8431 8368
3 9929 8917 4472
3 9929 9013 5263
3 4828 2504 5365
3 9377 2227 253
3 9660 5173 6712
3 8560 8326 9755
3 3920 8147 2166
3 3821 8069 3855
3 6477 5127 8560
3 8218 9350 6870
3 4107 2431 352
3 1710 8285 3641
3 764 410 8218
3 8368 3288 4983
3 7428 7510 7030
3 1669 8386 1601
3 7579 2842 8514
3 4823 8179 9782
3 757 7040 528
3 6158 4506 8392
3 3033 4312 1485
3 113 7840 1904
3 9437 1918 3034
3 9729 9370 6972
3 3848 4169 3789
3 9875 2678 9067
3 2845 7968 3591
3 1918 3388 7432
3 1485 5806 9436
3 9875 9067 8702
3 9057 2187 4041
3 9437 9264 1918
3 110 2146 9358
3 2118 2430 5823
3 4041 6978 249
3 1174 110 6323
3 3926 6252 3586
3 9067 8463 8
3 2100 6889 3773
3 9025 220 6622
3 9461 8032 1156
3 7035 570 231
3 10043 1662 1013
3 8514 5636 5629
3 5720 3387 6623
3 6046 1278 4572
3 9292 1730 185
3 6195 7365 670
3 238 9850 6999
3 1719 7965 6320
3 2863 166 3110
3 2526 8138 474
3 6744 8820 5534
3 3182 3190 5142
3 9373 6897 4704
3 9273 628 4825
3 6744 5358 8820
3 6914 6303 4428
3 4101 2743 4685
3 5872 1138 625
3 78 8519 8699
3 5780 2544 3664
3 5803 5191 1131
3 2427 6410 8666
3 6886 6999 9850
3 4082 7590 5547
3 9546 2699 9448
3 5251 5639 3615
3 7332 4048 1834
3 5457 6082 9001
3 998 407 4017
3 3558 4403 5583
3 9995 3284 6965
3 7611 5583 6712
3 8560 2320 6477
3 3385 720 2489
3 2842 9358 3773
3 10125 1103 9057
3 2054 5864 9627
3 3821 9476 8146
3 7750 2763 9863
3 3989 8069 3003
3 8227 7741 5502
3 1067 1040 8236
3 8954 9764 3717
3 2443 2712 5493
3 4121 1152 8893
3 8545 10125 9197
3 5261 8928 855
3 5047 161 2746
3 1152 7428 5567
3 5567 4935 1152
3 6477 8368 5127
3 110 1174 9965
3 3773 6889 1407
3 4230 3270 3576
3 6411 98 4402
3 1673 8951 4696
3 8933 7012 9190
3 7510 9584 7664
3 9190 5655 6123
3 8032 3432 10100
3 2430 2118 10089
3 1427 6977 7125
3 6452 5063 4718
3 702 4644 5438
3 4361 7774 5376
3 3548 6931 6941
3 1960 9065 939
3 8327 3474 5424
3 456 734 4026
3 9584 4042 4860
3 8940 9863 3384
3 3033 1485 9436
3 1124 2619 1599
3 7654 6639 8044
3 304 408 622
3 3664 6967 6332
3 8893 5655 4121
3 5862 5408 701
3 1707 2173 8167
3 927 4607 2831
3 434 8451 6851
3 5806 1485 5190
3 3920 3057 2162
3 4437 1304 29
3 384 1848 6595
3 9567 463 5096
3 384 3615 7743
3 5499 5601 3057
3 6582 9094 97
3 7549 2697 9566
3 8997 3582 3667
3 3630 1140 9555
3 9025 2894 6576
3 5272 6660 8469
3 965 221 1644
3 8002 5839 6899
3 8165 2217 4024
3 8129 7090 2449
3 5955 9321 6874
3 7422 463 9567
3 8070 5896 5831
3 8606 5096 4017
3 8419 3163 9095
3 3407 8403 2708
3 9655 3156 9333
3 6384 8205 9323
3 6914 4428 5337
3 8138 4873 474
3 6661 5872 625
3 5841 5872 5336
3 1138 5841 7606
3 9552 2698 5833
3 5833 5719 9552
3 2699 9546 4882
3 978 305 4015
3 4704 7046 9373
3 6723 305 7233
3 4803 6452 4507
3 9284 848 225
3 8300 6130 7544
3 8202 8315 7294
3 8390 5809 9766
3 9994 1571 10033
3 6809 865 3143
3 5020 1399 4706
3 4982 6618 2485
3 4717 708 1567
3 8893 4935 3003
3 676 6481 3161
3 4935 5567 3989
3 1961 5865 9899
3 649 9004 7326
3 704 8300 7544
3 1171 9730 745
3 5086 7738 2539
3 3211 4982 2485
3 5127 8368 98
3 2296 3821 2742
3 9230 6164 3823
3 6332 8165 2524
3 4396 4247 5357
3 2007 8027 3564
3 7662 9567 8606
3 6413 4917 1917
3 638 3085 2566
3 2467 8984 5682
3 8147 7664 9896
3 7422 3110 5571
3 6433 4682 7834
3 6942 3030 8371
3 9555 9447 3630
3 7674 339 1450
3 9025 655 2894
3 8070 625 7606
3 4101 2361 1824
3 8147 4917 1358
3 236 2377 6623
3 7097 3823 6164
3 839 6475 3909
3 5047 6869 1826
3 9407 1471 6032
3 4518 3983 7884
3 6933 9334 3904
3 161 6323 2746
3 9112 10013 6492
3 8103 2087 4237
3 6786 6712 5583
3 4032 9560 1174
3 5531 9577 7785
3 8058 4198 2557
3 9916 5075 7136
3 2959 6836 719
3 4060 6584 9577
3 2179 6123 8893
3 403 3031 7159
3 5384 3186 1225
3 5697 9965 4549
3 2999 6744 4417
3 5384 6046 4572
3 8126 8422 6458
3 7004 1545 281
3 5358 3287 836
3 9311 8552 5282
3 466 5473 9193
3 3435 7354 6061
3 7004 7019 2025
3 9078 3977 1554
3 5833 2418 6162
3 8391 8358 7579
3 4318 7036 4541
3 2835 5282 844
3 3977 7803 1126
3 4983 3288 3708
3 8540 2970 9839
3 1776 9036 2449
3 8010 2839 8886
3 6323 110 2908
3 5190 1485 4312
3 5191 5803 5807
3 1318 8238 3612
3 8238 9060 3612
3 1515 6638 5184
3 7735 1339 696
3 9350 8218 2400
3 8320 631 1265
3 5417 2385 4955
3 5896 8070 2863
3 5417 3985 8218
3 4727 496 81
3 7834 8020 5917
3 1643 6576 5272
3 625 7171 3875
3 4745 3573 7845
3 3708 4362 2516
3 8070 5831 7171
3 7030 5567 7428
3 98 3576 3682
3 9448 9556 9546
3 425 7664 8147
3 236 3687 965
3 2320 6933 3288
3 3270 10026 8743
3 8154 235 6944
3 965 3687 6623
3 2179 5604 6839
3 4230 8933 9190
3 8702 9067 8
3 98 7507 4402
3 3270 6668 7174
3 7229 7857 9765
3 8 8463 8747
3 1103 3187 6283
3 4402 8933 4230
3 9197 10125 249
3 8545 9197 10100
3 5365 2859 4828
3 8 8747 9133
3 830 5046 4187
3 3855 8069 3989
3 8131 6459 6536
3 10075 5123 4530
3 9358 2146 3773
3 5452 3514 8686
3 2936 6123 2179
3 9236 4185 3902
3 7874 8545 10089
3 388 6482 204
3 1170 3187 1103
3 8884 8624 824
3 1013 1225 6827
3 3856 6947 4194
3 10086 10043 1013
3 4082 731 1713
3 6391 8044 9203
3 2831 1091 5652
3 1826 1177 5499
3 3324 4607 927
3 1115 2831 4607
3 8853 7264 2174
3 7609 7267 6460
3 1055 6458 8285
3 161 5499 4032
3 8437 121 2420
3 3522 1739 149
3 8358 9358 2842
3 3698 4077 7145
3 7226 2474 7818
3 4764 5128 8124
3 3404 5273 9107
3 7814 4745 7845
3 288 5659 3036
3 4545 7469 8552
3 3432 8032 2695
3 330 9599 3233
3 9803 1096 3285
3 7354 3435 4882
3 5864 1957 9776
3 8224 1643 5840
3 9575 10081 179
3 8871 6040 8799
3 2418 5833 2698
3 1020 836 3287
3 4336 6208 2888
3 5452 338 9800
3 5813 8103 4237
3 9479 467 6639
3 2069 1151 2590
3 7611 6712 9468
3 6712 9995 9468
3 8716 599 9736
3 179 3523 10028
3 6668 6123 2936
3 2179 8893 5604
3 5607 8300 704
3 9476 3821 6738
3 1962 8355 8068
3 9899 8406 7367
3 5341 2768 6807
3 4976 8847 2595
3 9027 10026 9476
3 8121 2316 761
3 3351 4679 9395
3 9027 1151 10123
3 3482 5274 627
3 1358 6413 6164
3 627 8121 1725
3 5452 8686 4421
3 2410 1890 9682
3 1960 456 4026
3 1009 110 9358
3 5357 585 8427
3 2951 31 2769
3 4890 6947 3856
3 9135 9253 5879
3 9281 3294 3601
3 7664 9584 9896
3 9095 3390 8419
3 839 952 6475
3 4024 2217 8653
3 8202 6482 7046
3 6201 8262 1672
3 9318 4888 5398
3 6858 8606 4017
3 2695 1713 4819
3 9317 8222 939
3 6164 9230 1358
3 3856 9135 5879
3 630 9356 7820
3 7588 7668 1662
3 7385 9293 1903
3 5458 9065 3724
3 5365 7884 6300
3 7492 6869 2746
3 6332 6967 2217
3 5974 3976 6945
3 2794 870 3407
3 9540 6476 1818
3 6268 1283 5663
3 6244 9556 6847
3 1643 5272 8469
3 10100 9951 8032
3 3163 4438 30
3 3976 5974 965
3 6400 6816 4438
3 5282 1170 844
3 3634 1695 321
3 9764 9918 3717
3 2997 4982 3211
3 7820 5979 9210
3 1443 8618 6618
3 4982 925 1443
3 220 9025 6576
3 8225 3976 1644
3 7818 6595 1848
3 2784 4035 3046
3 9968 4908 7469
3 3737 3904 9334
3 4154 1123 5602
3 3875 5281 4155
3 5219 1898 7080
3 625 3875 2361
3 5573 9006 9687
3 3020 6272 3345
3 8008 9403 3608
3 2769 9311 2835
3 161 4032 1174
3 8236 1040 2443
3 2908 110 1009
3 9682 4776 3477
3 2951 7874 2118
3 6219 1055 8285
3 6827 1225 7067
3 4318 785 7036
3 7588 1662 10043
3 2698 9552 8154
3 2744 8962 6899
3 10049 407 9459
3 8016 4754 9390
3 4402 4230 6411
3 4386 2768 5341
3 6706 5609 1927
3 98 3682 5127
3 4819 3432 2695
3 9731 5803 1761
3 8179 767 9782
3 2712 640 5493
3 8358 422 7825
3 883 8443 7976
3 6201 5807 9459
3 782 1175 1890
3 3789 4169 9875
3 9390 8304 2226
3 7874 10089 2118
3 8002 1140 8223
3 6433 7834 5917
3 1140 3975 8223
3 4917 8147 3575
3 4917 3575 1917
3 3848 3789 6416
3 3988 8547 1869
3 1823 8020 1005
3 1358 9230 8147
3 1067 6710 1040
3 3866 9423 4943
3 1961 9899 5605
3 8068 6664 1962
3 9423 1802 5147
3 8734 4630 9186
3 8750 1362 472
3 8103 1633 3182
3 9399 206 65
3 2742 2539 2296
3 8215 7272 7267
3 7076 4380 3601
3 4461 212 4256
3 7825 9358 8358
3 2215 9784 2584
3 1258 4727 8996
3 7579 78 7642
3 1777 6151 3215
3 5865 7089 9899
3 8482 4082 10087
3 8482 731 4082
3 5879 9054 1680
3 7468 8755 10051
3 1169 9253 9135
3 1707 8167 9203
3 8285 1283 3641
3 8755 5395 3795
3 3182 3909 8103
3 6995 7268 9674
3 6807 9819 2932
3 1917 3575 7137
3 4358 1051 6003
3 9660 8856 5583
3 3324 927 4919
3 6839 2936 2179
3 8146 9476 10026
3 9086 4080 176
3 9262 9273 736
3 6421 8283 7605
3 6032 6410 2427
3 6546 6212 2474
3 8069 5604 3003
3 4377 1959 7388
3 6164 4369 1917
3 9008 5465 6647
3 7354 3534 6061
3 9334 6933 724
3 1466 9443 6483
3 9649 6298 8077
3 2743 6661 4685
3 3434 7302 2418
3 8129 2449 7818
3 6999 6298 238
3 7330 4057 1765
3 8188 8965 4868
3 2585 7854 5241
3 1324 305 9269
3 3299 648 1962
3 9899 1427 3639
3 9494 5666 6860
3 10026 3270 7490
3 3093 9871 5892
3 10123 6860 4216
3 3576 5666 6936
3 5550 7883 2914
3 9350 2400 3612
3 7137 1177 7492
3 10013 7054 3941
3 7348 9033 6963
3 2746 6869 5047
3 9158 7135 1338
3 1324 9269 8303
3 7236 6055 7653
3 472 1362 7840
3 2405 2856 3532
3 7076 9147 3732
3 10037 5994 7492
3 2102 8292 7467
3 2040 177 1606
3 9693 4696 9640
3 3708 3288 3904
3 7630 9212 9415
3 696 7410 314
3 3708 2238 2157
3 4890 4442 5632
3 5281 6858 407
3 1823 2360 8020
3 6661 625 2361
3 5337 4428 4874
3 2636 8437 7431
3 8050 6873 4205
3 6810 2174 7264
3 785 6244 6847
3 7907 6667 9195
3 1823 1005 4102
3 6236 7605 8128
3 2743 4315 8961
3 6300 7884 3472
3 8326 8560 3682
3 5602 1123 5917
3 5198 716 4785
3 7732 4661 5595
3 3534 7354 4882
3 2087 9915 4237
3 3305 5780 6332
3 6162 6598 5833
3 1848 2544 7818
3 4763 9361 9724
3 6639 467 9203
3 1264 6458 1055
3 9459 5803 9731
3 3773 1407 2842
3 6037 3758 2218
3 9766 7229 8390
3 6743 1020 3287
3 1287 8810 8417
3 6416 9766 5809
3 1338 7135 8702
3 5096 6201 9459
3 6244 9546 9556
3 5754 5351 10049
3 6558 9940 7756
3 6899 5839 2744
3 4685 2361 4101
3 6786 8856 9660
3 5751 3558 8298
3 2516 5582 7284
3 5583 4403 9660
3 4362 8248 8992
3 1265 2567 6961
3 9574 5501 3263
3 8298 3558 5583
3 7091 1145 179
3 249 6978 10100
3 2489 4362 7973
3 6413 4369 6164
3 568 2 1036
3 1716 7091 7247
3 2404 8572 5626
3 431 4262 4511
3 5803 1131 1761
3 2029 3593 8847
3 3161 7075 676
3 193 3310 3555
3 8355 594 7891
3 5489 5606 5439
3 7125 6977 4127
3 5896 7662 8606
3 1056 6870 2585
3 8218 6870 764
3 4685 6661 2361
3 5839 8002 8223
3 8391 4727 81
3 1474 3450 3710
3 248 7796 7212
3 5281 8606 6858
3 1713 2695 4082
3 3875 5831 5281
3 730 6827 7067
3 3027 8003 4397
3 3989 5567 7030
3 8998 4745 4679
3 1088 8296 7230
3 8699 7359 899
3 5072 5270 7724
3 3190 4783 6170
3 1839 9793 496
3 4461 33 3795
3 10037 258 8173
3 10075 1450 3900
3 5421 9158 1308
3 7758 9415 168
3 7162 4803 5274
3 2951 10125 8545
3 388 204 9479
3 9078 7803 3977
3 7717 10083 5948
3 1739 9419 4815
3 7174 7490 3270
3 2474 7226 2794
3 1308 6326 3926
3 1015 9269 6723
3 1591 8609 6761
3 5957 8296 9475
3 30 5399 3163
3 189 432 8051
3 1187 1757 9092
3 9655 5273 9685
3 8053 9007 5574
3 3864 6839 8069
3 6271 286 6373
3 2561 1115 3478
3 724 6933 7388
3 2616 439 2677
3 9066 630 7820
3 3096 5382 4423
3 939 29 1304
3 7820 9210 1302
3 4056 6504 5246
3 2997 925 4982
3 7605 8853 6421
3 5617 7249 2511
3 3580 8804 5182
3 5273 2174 9107
3 3597 5458 3724
3 8666 2216 6963
3 4985 1890 2410
3 8619 6532 6049
3 8442 848 9284
3 3534 4143 6061
3 3199 3974 1869
3 5644 9460 2505
3 1706 9895 7119
3 4008 1169 1786
3 6933 3904 3288
3 4396 299 8804
3 272 4993 9731
3 1149 3345 5978
3 7788 4711 2212
3 8470 6661 2743
3 6846 8002 6899
3 6374 3725 1303
3 9269 305 6723
3 8303 1015 4398
3 8315 5098 4303
3 3522 230 8421
3 204 6214 3679
3 9230 2742 3855
3 986 9665 6831
3 3345 6619 5978
3 6738 9027 9476
3 3308 3272 8035
3 1339 943 1554
3 7097 5072 3885
3 7330 4336 2888
3 7825 2908 1009
3 8967 2266 9865
3 8755 4445 65
3 2266 8967 6542
3 9133 4380 6014
3 6230 1143 7993
3 3477 4776 4695
3 3162 594 6792
3 4427 8068 3866
3 6860 10123 2069
3 619 8547 9460
3 8743 1239 3576
3 2237 3227 4050
3 457 3294 6375
3 4101 1743 4315
3 6927 2676 8734
3 8963 6847 6900
3 7035 8961 570
3 4811 4383 1720
3 7977 4153 1991
3 496 4727 1258
3 7579 7642 8996
3 7818 390 8129
3 4154 5602 3874
3 6936 8326 3682
3 8606 9567 5096
3 1491 2489 720
3 7490 7174 3864
3 8755 7468 9399
3 9239 2792 9264
3 6062 556 4548
3 9459 407 998
3 9195 943 5991
3 7614 7741 8227
3 7284 3708 2516
3 1990 5281 407
3 7816 4297 2062
3 6170 5046 830
3 1662 6046 5384
3 8243 7699 5266
3 7453 5551 7274
3 6295 5396 7753
3 8121 8179 4431
3 9893 6495 5880
3 9370 5282 8552
3 5198 163 5849
3 3385 6274 720
3 5991 7735 2220
3 4507 5274 4803
3 1903 6391 9675
3 4819 10100 3432
3 8163 9218 8679
3 8301 5829 9407
3 9458 2496 3828
3 1903 5733 8044
3 9895 4024 3607
3 8165 4024 9895
3 6828 731 8482
3 9333 2561 3478
3 8853 3478 1115
3 7825 86 2746
3 5823 9918 31
3 3672 2616 8283
3 2951 8545 7874
3 3085 3593 3298
3 8173 2513 7098
3 9403 8129 390
3 7431 7755 2910
3 2842 1407 8514
3 4230 6123 6668
3 9583 4335 836
3 2449 384 6595
3 643 3641 5897
3 1761 7090 8129
3 7411 657 1729
3 7492 2746 10037
3 4201 82 4609
3 3576 98 6411
3 5805 82 8191
3 8143 6325 300
3 86 5919 2746
3 1713 5834 4819
3 1258 8528 1839
3 5473 2378 9193
3 1866 1755 3639
3 3576 3270 8743
3 5529 725 5432
3 6978 5515 10100
3 6791 997 7075
3 4722 9005 4055
3 6469 9815 2086
3 5583 8856 6786
3 5834 731 1474
3 8068 8355 7891
3 8068 4427 3299
3 4722 8346 7836
3 2769 31 4545
3 7896 1258 8996
3 5751 4872 7499
3 7825 5805 86
3 1026 4970 2667
3 8545 10100 10089
3 2088 1074 4243
3 7927 9741 8202
3 714 5588 10040
3 857 5854 4896
3 4545 8552 9311
3 7097 6164 303
3 5432 725 5130
3 9060 8019 1549
3 2253 5311 4671
3 2266 212 9865
3 3664 6783 1669
3 5994 3242 5270
3 351 2935 43
3 6195 13 8396
3 4718 1801 5843
3 2127 1906 3050
3 5652 927 2831
3 2524 1706 6332
3 4457 4531 3653
3 737 8863 4990
3 8303 9419 315
3 4890 8345 6947
3 2489 6721 8248
3 5917 8020 2360
3 1055 7078 1264
3 4315 2743 4101
3 1884 8516 7078
3 9282 4398 3479
3 2296 4530 4384
3 272 5754 4993
3 1815 1477 9614
3 7727 4286 6758
3 1520 2054 1078
3 2326 7572 6212
3 9230 425 8147
3 2254 3148 272
3 7404 4757 3360
3 7040 2678 679
3 3618 6929 9596
3 3630 6944 1140
3 303 5270 7097
3 4541 7464 6659
3 9555 1140 8002
3 6091 1534 6305
3 9839 288 2172
3 2315 1725 9284
3 7503 4060 9577
3 338 225 447
3 7740 225 848
3 8421 1179 3522
3 338 4823 8904
3 8996 7642 8699
3 5834 1713 731
3 4440 9492 9793
3 2859 5365 293
3 2320 8368 6477
3 690 6886 8124
3 4970 975 2667
3 3682 3576 6936
3 8143 7896 1261
3 5124 8552 7469
3 2430 10089 8461
3 9361 1716 10081
3 2584 9784 5986
3 3746 248 9262
3 81 4609 82
3 8996 5124 7896
3 8003 5919 86
3 455 9969 9534
3 4588 8260 5848
3 1036 9493 3885
3 3288 8368 2320
3 81 82 5805
3 9562 2468 1533
3 8993 8298 5583
3 1479 2468 5946
3 5989 6907 2322
3 1200 8993 2466
3 4033 31 2951
3 1962 6664 3299
3 6961 5621 9660
3 4055 4127 7326
3 3887 3790 3613
3 5502 1969 8227
3 3869 8461 8426
3 3586 6695 1308
3 1078 2270 8364
3 10026 7490 8146
3 3441 5421 6695
3 3855 7030 9230
3 586 3409 3097
3 6639 7654 9479
3 1560 7385 3331
3 5754 8984 5351
3 338 8904 9800
3 4707 408 304
3 8443 5699 7976
3 9575 395 5848
3 8442 447 7740
3 3941 1461 6725
3 7264 6236 6810
3 4315 1743 4680
3 2561 5923 4836
3 2839 9445 4247
3 5918 2361 5603
3 5603 2361 3875
3 2450 6433 8443
3 5399 30 9320
3 978 7162 4457
3 3885 5072 1806
3 2673 701 1775
3 8128 9251 8718
3 1671 2978 2791
3 3360 4757 5130
3 6236 8128 8718
3 1123 4154 7976
3 1917 7137 5994
3 2217 8165 6332
3 1628 7189 1020
3 2141 1083 5188
3 3287 5358 3917
3 1882 3654 4359
3 7441 9235 9537
3 2589 3522 149
3 870 2794 6451
3 6451 7226 3305
3 8191 8003 86
3 6504 6195 8396
3 7572 7615 3396
3 5357 4490 10071
3 7036 6847 8963
3 6219 725 2847
3 3947 1510 3911
3 2466 3594 1200
3 4573 6496 2363
3 8191 82 8003
3 2888 1523 7330
3 5343 3640 4573
3 5897 6710 1067
3 6272 6619 3345
3 2539 3823 5086
3 2395 3020 808
3 3020 1149 808
3 10037 3914 3242
3 3598 3020 2395
3 8940 1890 4985
3 8209 5651 7067
3 3823 7097 5086
3 9493 1036 9235
3 9065 5458 9317
3 8912 357 2046
3 1828 6480 9423
3 3299 6664 8068
3 1354 5290 708
3 6219 7078 1055
3 1239 8743 4216
3 9399 7468 3463
3 516 8439 9379
3 5805 422 81
3 5898 5762 10019
3 7914 808 5978
3 8391 7579 4727
3 3418 9186 1253
3 9027 10123 4216
3 8045 1927 2229
3 3926 3586 1308
3 494 8600 1692
3 5773 10070 2441
3 5395 65 212
3 3795 9878 8755
3 2742 9230 3823
3 338 5452 225
3 7610 3708 7284
3 104 9572 4304
3 251 7119 9895
3 6542 1253 5773
3 33 1180 8883
3 9915 8186 9741
3 389 7119 251
3 4966 8835 2396
3 3514 5452 9800
3 4237 9915 9741
3 472 7840 113
3 2590 1151 745
3 9693 4661 7732
3 4567 7541 6054
3 3050 9403 2127
3 9731 1761 2254
3 570 4315 4680
3 4230 6668 3270
3 4155 5281 1990
3 8443 883 2450
3 5917 1123 6433
3 5351 8984 2467
3 9766 3441 7229
3 251 1397 4080
3 3404 4417 6744
3 9583 9759 4724
3 6298 535 8077
3 4993 5754 10049
3 4783 3190 6206
3 10036 6207 6807
3 2015 3573 6372
3 7849 4109 6059
3 8459 3382 3609
3 447 4823 338
3 4431 447 8442
3 6475 8103 3909
3 8315 4303 7294
3 8687 7162 5274
3 7385 4013 9293
3 4060 7046 6940
3 6885 2435 7529
3 3479 7236 2141
3 1083 940 119
3 3823 2539 2742
3 5751 8298 8993
3 4377 6469 2086
3 1948 4679 7814
3 2825 9926 6298
3 7973 3385 2489
3 8248 6721 3640
3 7738 4530 2296
3 2776 4433 6867
3 8448 8492 3239
3 3514 8904 9782
3 9183 7786 9619
3 9282 7211 4398
3 3127 8336 1581
3 4426 7369 8274
3 2427 2584 6032
3 7837 5147 10110
3 6933 8560 7388
3 6480 594 3162
3 5953 3227 4418
3 6481 676 2192
3 5605 5488 1961
3 3385 4377 2086
3 4943 9423 5147
3 1056 2585 2230
3 638 2566 2589
3 3610 3383 9146
3 4123 5965 3274
3 3700 4377 9755
3 9850 6800 3197
3 3024 5421 3441
3 225 7740 447
3 8795 7239 6590
3 7857 7229 3441
3 5124 8996 899
3 6252 3732 9147
3 3979 6014 3926
3 3024 9158 5421
3 9736 599 3700
3 6416 3789 7135
3 9878 8386 10051
3 3139 610 6432
3 5315 3297 8982
3 5745 1535 4769
3 7833 4680 1743
3 6790 629 6553
3 5813 866 6897
3 8653 1669 1601
3 1046 8139 3423
3 5246 1786 4194
3 1872 7502 5700
3 4194 4056 5246
3 157 1720 9810
3 6256 4836 4117
3 258 2513 8173
3 8743 10026 4216
3 5946 2468 9523
3 4993 9459 9731
3 1761 8129 9403
3 407 6858 4017
3 7426 8891 4024
3 6277 3694 3994
3 8175 975 7583
3 1839 496 1258
3 7834 1005 8020
3 6738 2296 4384
3 7469 4545 9968
3 9107 2174 6810
3 7067 5651 1473
3 8482 10087 6828
3 8146 3864 3821
3 1474 3710 5834
3 10089 10100 8461
3 2856 4201 9523
3 3927 4143 2999
3 8461 3869 2430
3 9640 4696 8951
3 3027 258 5919
3 6413 1358 4917
3 4727 7579 8996
3 6886 9850 3197
3 2637 9948 5125
3 4908 1261 5124
3 81 8358 8391
3 4751 9443 607
3 1617 4524 6350
3 258 10037 5919
3 6043 9159 3536
3 917 971 1617
3 8528 1258 8143
3 8320 7499 4872
3 5621 8058 5173
3 7569 6469 4377
3 2465 3640 5343
3 9493 5086 7097
3 2489 8248 4362
3 4057 4047 1765
3 7735 7254 2220
3 8644 9 19
3 4102 1005 1744
3 6409 7206 5732
3 1131 7090 1761
3 3242 5994 10037
3 3285 8365 4533
3 7738 2296 2539
3 1282 2666 6561
3 3140 2905 435
3 8191 86 5805
3 6320 5218 7079
3 6433 1123 5699
3 5390 715 3314
3 2667 8954 3717
3 9986 9678 1325
3 6492 6684 3554
3 5699 1123 7976
3 883 7976 4810
3 1282 8669 8810
3 5867 289 2591
3 300 6325 700
3 4397 8003 82
3 8984 5754 272
3 9918 9764 31
3 9596 8014 7674
3 7975 1990 4811
3 7453 3717 1011
3 9362 3197 1715
3 1455 3700 599
3 4818 7413 8423
3 4397 2856 3027
3 5115 6902 2586
3 2468 9969 1533
3 5965 4818 8423
3 7896 5124 1261
3 8528 8143 300
3 496 5946 4609
3 7081 700 7888
3 1473 730 7067
3 8852 8599 1462
3 300 9677 8528
3 7046 7927 8202
3 4771 1180 714
3 6766 5042 4723
3 6014 3979 9133
3 4803 5063 6452
3 9494 6895 9456
3 7479 5732 9685
3 7393 1926 831
3 1253 6542 8967
3 5700 6066 5666
3 4588 5848 4404
3 8883 9878 3795
3 6492 3554 9112
3 234 1459 7106
3 1104 5188 1083
3 2174 3478 8853
3 2971 176 7426
3 2443 7404 8236
3 1862 8456 9693
3 3001 4505 8704
3 9865 3625 8967
3 1666 4024 262
3 4283 3407 2708
3 6975 9253 1169
3 1872 5700 9494
3 2910 3314 2636
3 3085 3298 1734
3 3856 1680 4890
3 1584 9253 6975
3 8142 4256 7530
3 7530 9509 8142
3 3020 3345 1149
3 5773 3227 1034
3 2794 7226 6451
3 2091 6212 6546
3 2999 4417 3927
3 19 2610 1701
3 3724 286 3597
3 8851 972 5186
3 3597 286 3019
3 5538 9856 5931
3 1299 636 4922
3 785 6847 7036
3 5539 5932 5097
3 7233 305 978
3 1234 5681 8530
3 6256 1091 4836
3 434 3331 9675
3 1491 6970 7883
3 9770 8936 2143
3 8993 5583 2517
3 8320 1265 7499
3 3272 9060 8035
3 4362 9334 7973
3 4421 3902 9284
3 3594 8035 4872
3 7973 9334 724
3 7569 3700 1455
3 4545 9311 2769
3 2769 2835 844
3 9599 1359 5183
3 4384 1151 6738
3 3977 1126 1554
3 3914 8173 6794
3 7441 1450 10075
3 5946 496 9793
3 5986 3654 2584
3 9456 2272 7502
3 1462 3224 8175
3 2408 9099 329
3 5666 9494 5700
3 9033 8666 6963
3 6274 9815 6970
3 8528 9793 1839
3 6325 3224 700
3 4397 82 4201
3 5351 407 10049
3 10023 3450 1674
3 1990 407 5351
3 2359 9188 1525
3 2599 8397 6170
3 226 4568 4826
3 5449 8711 7541
3 5219 227 1898
3 2640 22 5745
3 4415 3140 435
3 3834 4681 6317
3 1744 1005 7834
3 5554 4123 4486
3 2380 9492 7081
3 5889 8325 716
3 2456 5578 5970
3 2450 435 6433
3 614 6392 9619
3 6860 1239 4216
3 5970 156 2490
3 1168 9856 3834
3 4825 330 9273
3 5142 839 3182
3 6895 9494 4389
3 262 2299 5315
3 6326 1308 9158
3 5637 8243 5266
3 9424 2789 2437
3 7472 8734 7125
3 1802 6480 2191
3 7973 724 1959
3 648 4427 9003
3 8847 3593 3085
3 3384 782 1890
3 4427 648 3299
3 9003 4943 5147
3 7836 10111 4722
3 6451 7119 870
3 6999 8466 2825
3 4605 4567 1731
3 434 5789 996
3 9693 8704 4696
3 7119 6451 1706
3 3926 6326 3979
3 6236 4417 9107
3 721 2790 2708
3 2794 6546 2474
3 6738 3821 2296
3 9 2091 3429
3 404 2725 6408
3 8142 4461 4256
3 212 4461 5395
3 638 6124 2595
3 3795 33 8883
3 836 8820 5358
3 6206 5259 7699
3 9331 9984 4896
3 8239 8403 2720
3 5739 3601 457
3 7089 4127 6977
3 6212 1262 7818
3 3732 3926 7076
3 4886 6211 4968
3 7575 8547 619
3 6975 1169 4008
3 6695 5421 1308
3 4380 8294 9281
3 7818 5780 3305
3 7388 8560 9755
3 232 4541 7036
3 9837 7464 4541
3 6432 610 6317
3 1866 3830 1755
3 7079 2450 883
3 6167 4035 2784
3 2078 311 53
3 1040 7614 8227
3 9456 6895 8123
3 459 5451 5691
3 7729 4934 1124
3 8425 3148 2254
3 3885 9493 7097
3 2452 9910 8490
3 5270 303 5994
3 9459 5807 5803
3 3532 2856 9523
3 8982 3297 714
3 8461 4819 5834
3 9311 5282 2835
3 2856 4397 4201
3 9793 8528 9677
3 7883 4573 1491
3 5729 5075 9916
3 8143 1258 7896
3 65 9865 212
3 4838 9693 9640
3 5412 3195 7120
3 3853 455 2621
3 5266 7699 5259
3 5343 20 2465
3 8175 7583 1462
3 6708 3101 6733
3 3360 8236 7404
3 8430 8948 1611
3 3900 1171 745
3 9456 1872 9494
3 5350 2036 5729
3 2585 9060 7854
3 5372 7786 9183
3 251 9895 1397
3 2347 924 1600
3 5123 4384 4530
3 4362 3737 9334
3 7945 1831 9678
3 5899 9229 9686
3 4838 7067 3186
3 9293 4013 9828
3 5733 388 7654
3 9534 7689 9492
3 568 1806 4824
3 4024 8891 3607
3 4507 2316 8121
3 7441 5086 9493
3 4840 441 2861
3 725 5529 3746
3 4337 7182 7653
3 7441 7738 5086
3 1324 9154 6002
3 8028 6723 7182
3 4216 10026 9027
3 303 6164 1917
3 836 9759 9583
3 7097 5270 5072
3 9494 6860 2069
3 5666 1239 6860
3 1151 9027 6738
3 253 7618 9248
3 253 2017 9377
3 7653 7182 7243
3 1605 7406 2633
3 4337 8028 7182
3 1015 6055 4398
3 8303 315 1324
3 8346 9004 7836
3 1560 4833 7785
3 6391 5652 1091
3 2405 2513 258
3 3532 2513 2405
3 4440 9677 300
3 3017 2254 8008
3 7609 6460 2851
3 2666 1287 272
3 9793 7689 1479
3 5682 8984 272
3 4483 5964 285
3 2467 4811 5351
3 10049 9459 4993
3 3401 6497 1153
3 9235 7441 9493
3 6410 2216 8666
3 3608 3050 1906
3 1479 5946 9793
3 9793 9492 7689
3 5745 22 1535
3 6317 610 3834
3 1719 883 4810
3 1397 176 4080
3 3594 4872 5751
3 4415 22 3140
3 8490 2363 1414
3 8991 8995 8378
3 435 2905 6433
3 4680 5539 570
3 1898 436 7080
3 7502 6066 5700
3 7441 9537 1450
3 6066 9755 6936
3 7503 9373 4060
3 628 248 7212
3 5898 10019 8014
3 8716 3971 2620
3 2543 2715 8761
3 716 2202 5889
3 2889 9 1085
3 9155 5115 6541
3 9577 8243 5637
3 4818 8123 7413
3 7413 2590 8423
3 4440 300 7081
3 5071 10045 937
3 5243 8123 5554
3 1802 2191 7393
3 1490 1359 40
3 1217 7785 6584
3 8346 7326 9004
3 3866 1828 9423
3 10110 1926 2207
3 4215 2586 9188
3 7330 1523 3514
3 9902 65 549
3 2118 4033 2951
3 3733 390 1262
3 5586 8425 3017
3 3092 176 2971
3 8426 1011 3869
3 31 9764 4545
3 3869 1011 9918
3 1078 3046 1520
3 549 206 1866
3 3710 3450 6110
3 9693 8456 9996
3 1171 2848 9730
3 9968 1261 4908
3 3746 2847 725
3 8968 3656 9045
3 7421 6904 3233
3 5534 3404 6744
3 5273 5534 4335
3 2999 4143 3917
3 5350 339 7674
3 7883 5550 6760
3 6089 5483 1419
3 2999 3917 5358
3 9001 7121 2630
3 1959 724 7388
3 9424 2437 7702
3 3287 6244 6743
3 1437 4724 1628
3 844 10125 2951
3 3390 623 7797
3 466 4572 5473
3 1601 8883 8653
3 2685 8982 239
3 6613 3491 7058
3 9142 5166 5454
3 3612 8448 1318
3 1261 6325 8143
3 5061 7113 6907
3 40 628 1490
3 9677 4440 9793
3 8804 10071 5182
3 3197 151 6886
3 2621 6613 3853
3 3650 6287 4217
3 5115 2380 6902
3 5847 8274 9396
3 10037 2746 5919
3 4420 2457 7583
3 7888 700 3224
3 4609 81 496
3 20 3307 2465
3 5130 1710 643
3 2054 2270 1078
3 5124 7469 4908
3 808 1149 5978
3 1151 4384 745
3 4811 1990 5351
3 7304 6562 8074
3 1904 7412 7687
3 8417 8810 2246
3 394 10023 3553
3 7447 4383 4811
3 6952 7447 2467
3 7472 4055 9005
3 5978 6619 7000
3 3971 2272 4486
3 31 4033 5823
3 9403 3050 3608
3 5978 7000 787
3 8461 6110 8426
3 1325 9678 1831
3 3971 9986 2620
3 9899 7089 6977
3 2982 6952 5682
3 6902 8852 9188
3 5451 5586 5691
3 3834 9856 4681
3 8142 5588 4461
3 4256 212 2266
3 7530 4256 2266
3 5246 4008 1786
3 714 1180 33
3 8442 7740 848
3 5243 9456 8123
3 1757 6734 2046
3 2363 9910 20
3 8121 627 4507
3 2428 1666 262
3 1473 5651 8209
3 1034 5953 3908
3 6482 6940 7046
3 4838 5595 9693
3 8123 4389 7413
3 1180 4771 2299
3 8397 8275 6170
3 714 3297 4771
3 9293 5733 1903
3 2311 7274 4458
3 7413 2069 2590
3 9815 6469 2850
3 1795 119 3596
3 7324 917 3697
3 9262 6219 2847
3 9262 2847 3746
3 3607 8891 7426
3 6578 4283 3429
3 1806 7724 4824
3 9644 7769 4138
3 2443 334 2658
3 1441 4122 602
3 2708 8403 721
3 6212 7572 1262
3 7724 5270 3242
3 9926 826 8077
3 6416 9158 9766
3 4530 7738 7441
3 3733 1262 7572
3 7572 3396 3733
3 8442 8121 4431
3 1237 3183 5626
3 7674 8014 5350
3 2192 7075 9038
3 7233 978 3653
3 4531 2527 6052
3 7211 6124 2589
3 6940 6482 9828
3 2884 3646 5451
3 8405 459 2066
3 8077 602 8495
3 1450 5350 3900
3 6794 8173 7098
3 920 6691 6760
3 2639 9856 1168
3 2465 8992 3640
3 8505 2491 3958
3 3700 9755 9736
3 4711 7788 1797
3 2240 629 9044
3 9523 4201 4609
3 9736 9755 6066
3 5043 2216 10036
3 6433 2905 3140
3 1213 1325 1831
3 9678 9986 6539
3 6433 5699 8443
3 9171 6378 3074
3 7447 4811 2467
3 604 6758 8505
3 7499 3558 5751
3 1806 5072 7724
3 8127 3853 3524
3 2112 9313 7098
3 2086 6274 3385
3 2286 3844 7239
3 8417 2246 8139
3 3418 1253 8967
3 6931 4630 8734
3 2286 457 6375
3 455 9492 6541
3 7470 8101 7515
3 4486 4123 4778
3 824 10031 3706
3 627 5274 4507
3 5965 8423 1901
3 7883 6496 4573
3 140 7515 8205
3 2689 9602 1124
3 9968 4545 8954
3 7081 300 700
3 2685 5315 8982
3 1526 4105 4327
3 4123 5554 5965
3 7211 149 8303
3 2069 10123 1151
3 4080 5849 251
3 716 4080 2202
3 2 9537 1036
3 7426 1397 3607
3 1180 2299 262
3 1450 339 5350
3 5465 56 4458
3 2830 6402 186
3 9815 2850 5550
3 870 7119 2720
3 2592 2452 8490
3 6765 485 2029
3 1262 390 7818
3 3831 6347 8085
3 1724 4791 2017
3 3287 9546 6244
3 9 2326 2091
3 3224 6325 1261
3 1701 7572 8644
3 5554 8123 4818
3 6794 8365 3914
3 2272 3971 7502
3 9155 2380 5115
3 2254 1761 9403
3 8623 2102 9614
3 1870 6569 4601
3 3017 8008 5586
3 2935 1269 43
3 895 2448 7966
3 2586 6176 5115
3 4386 9649 5152
3 6779 2448 7113
3 801 3074 6680
3 7888 3224 8599
3 1533 2112 9562
3 5406 894 2795
3 3224 1261 8175
3 4416 436 4839
3 3493 9342 5615
3 943 6667 7758
3 4682 6433 6318
3 8336 3344 982
3 2467 5682 6952
3 1026 2667 3717
3 3958 1585 4394
3 9537 9235 1036
3 8175 2667 975
3 3971 4778 9986
3 9183 9619 6392
3 8175 1261 9968
3 1168 610 3139
3 9534 9492 455
3 7729 2221 9602
3 4283 6546 3407
3 6578 3429 2091
3 6578 6546 4283
3 21 1168 3139
3 9596 7674 568
3 3796 8495 7230
3 7173 3130 5204
3 6536 8789 285
3 6546 6578 2091
3 2380 7081 7888
3 6902 7888 8599
3 2586 4215 3491
3 5906 5551 7453
3 4679 4745 7814
3 6902 8599 8852
3 6212 2091 2326
3 8599 3224 1462
3 8686 1056 2230
3 5017 1906 2127
3 3396 2127 3733
3 10023 8426 6110
3 1451 3697 6684
3 7572 9 8644
3 5626 4534 1237
3 6372 4679 3351
3 9395 4679 1948
3 3826 1549 8019
3 7927 4237 9741
3 7503 5637 6897
3 6482 7294 204
3 6256 5789 9675
3 4426 9374 2952
3 7793 7677 2725
3 3308 7711 3594
3 6391 1091 6256
3 5848 4660 1521
3 4117 4836 5923
3 4763 9724 5060
3 3900 6104 2848
3 1325 6469 7569
3 4117 5789 6256
3 4836 1091 1115
3 8017 5318 2642
3 1318 8320 8238
3 3625 9865 65
3 5534 8820 836
3 1102 826 9926
3 5994 7137 7492
3 1523 1827 3514
3 3994 7088 5923
3 6471 4460 3340
3 4377 3700 7569
3 6682 8982 7864
3 7886 9142 9452
3 5290 9143 708
3 3640 6721 4573
3 2952 7369 4426
3 3594 7711 8035
3 6760 1414 2363
3 6466 4460 8337
3 4707 304 9045
3 9984 9331 239
3 2 7674 9537
3 2595 6124 9282
3 6496 7883 6760
3 4531 7106 3653
3 9615 3536 9159
3 3479 4398 6055
3 568 4824 9596
3 8018 5160 9910
3 5751 1200 3594
3 7973 4377 3385
3 4050 9186 4630
3 4740 2135 8595
3 9736 6066 7502
3 1828 8068 7891
3 9003 3866 4943
3 9456 5243 4486
3 4486 5243 5554
3 6252 403 7857
3 9133 8294 4380
3 7864 4273 9509
3 714 33 5588
3 2086 9815 6274
3 5953 1034 3227
3 3532 9523 2468
3 9147 7076 3601
3 4404 8968 9045
3 9986 1325 2620
3 4389 2069 7413
3 5554 4818 5965
3 7106 4531 7152
3 1104 1083 119
3 223 6975 6384
3 4888 4588 5398
3 4588 4558 5398
3 6384 5246 140
3 5185 5459 3598
3 6936 9755 8326
3 3491 2621 6176
3 5539 231 570
3 3876 8085 254
3 602 8077 826
3 3580 1187 8804
3 4827 4839 227
3 4839 436 1898
3 7447 9810 1720
3 2590 745 9730
3 3589 9144 7945
3 2740 1396 2178
3 9155 9492 2380
3 2127 9403 3733
3 2272 9456 4486
3 7615 707 8405
3 1462 1525 8852
3 10075 4530 7441
3 1589 5542 9927
3 8804 9092 4396
3 9492 4440 7081
3 7966 2457 895
3 6678 6074 5854
3 6206 3190 1633
3 5123 3900 745
3 2299 4771 3297
3 7426 176 1397
3 920 6760 2283
3 9926 535 6298
3 5813 1633 8103
3 916 7914 970
3 4305 7583 4970
3 4388 7324 8769
3 6569 9039 4601
3 7583 1525 1462
3 7370 4420 4305
3 3717 9918 1011
3 877 4423 9055
3 9895 2524 8165
3 7453 1011 5906
3 10019 2036 5350
3 444 9665 636
3 9963 9331 4896
3 2359 4892 3491
3 1560 7242 4833
3 8461 10100 4819
3 394 8426 10023
3 1282 1287 2666
3 7396 6734 6485
3 4824 7724 3242
3 6488 8886 8102
3 8954 2667 8175
3 7618 2830 186
3 1502 6797 9122
3 3407 2720 8403
3 2889 2790 6571
3 2982 9810 6952
3 6659 4207 9353
3 4548 9031 6435
3 3926 6014 7076
3 7274 5989 6713
3 1287 2093 272
3 8173 3914 10037
3 6408 6817 4126
3 9918 5823 3869
3 3640 8992 8248
3 20 3271 3307
3 8686 1523 1056
3 2585 6870 9350
3 4573 2363 20
3 6970 1491 720
3 5566 1313 6352
3 5263 1815 9929
3 2192 9038 2403
3 7391 309 7238
3 4488 4623 8678
3 7945 9144 3476
3 6253 2207 4692
3 5550 2914 9815
3 1036 3885 568
3 4778 4123 3589
3 5529 5493 640
3 1244 3853 1124
3 3450 10023 6110
3 8209 7067 4838
3 6539 7945 9678
3 8365 3242 3914
3 3274 5965 8761
3 1453 9313 8643
3 7067 1225 3186
3 2914 7883 6970
3 5114 3255 5117
3 7966 2359 1525
3 6931 6088 2810
3 6902 2380 7888
3 2620 1455 8716
3 9969 1244 1599
3 9188 2359 4215
3 9857 2322 6907
3 3491 6176 2586
3 2112 2513 9562
3 7370 4970 2165
3 5188 1104 9901
3 6963 5152 7769
3 9963 2428 2685
3 3995 8025 260
3 4163 9984 7603
3 8423 2590 1901
3 1901 2590 9730
3 1585 5552 4394
3 911 8505 6758
3 3333 9241 7807
3 7079 883 6320
3 8144 6344 5175
3 4704 866 4237
3 2848 6104 5729
3 4145 4533 8365
3 9675 5789 434
3 5149 5411 7916
3 7370 2165 6713
3 9156 9720 5318
3 8297 5252 6976
3 4024 1666 7426
3 1139 8430 7136
3 975 4970 7583
3 4368 2428 120
3 4420 7583 4305
3 5729 2036 7136
3 1026 7453 6713
3 2254 9403 8008
3 8643 1396 2846
3 272 3148 8425
3 7625 5936 524
3 6561 2666 8425
3 798 6269 473
3 1168 21 2639
3 5682 272 2093
3 2066 459 5017
3 7257 2639 5744
3 5586 6269 8425
3 4335 9583 7479
3 19 1701 8644
3 4008 6384 6975
3 4609 5946 9523
3 1085 2708 2889
3 2884 2058 3646
3 2443 1040 334
3 4541 9353 1437
3 9033 7348 3504
3 6743 6244 4318
3 8202 7294 6482
3 8352 6891 8908
3 7935 6749 2766
3 5521 5680 3705
3 5739 9147 3601
3 3732 6252 3926
3 6584 4013 1217
3 1562 291 6793
3 7303 8758 6504
3 4380 7076 6014
3 1659 2078 2408
3 6851 8451 6608
3 6322 163 4785
3 9710 4744 5888
3 8076 1741 8189
3 9107 4417 3404
3 4722 10109 7326
3 2610 19 771
3 9976 7303 1334
3 3877 8360 373
3 5672 10072 9342
3 1533 2619 2112
3 9186 3418 9902
3 6888 8025 1233
3 9902 6927 9186
3 8967 3625 3418
3 6542 7530 2266
3 3573 8998 6372
3 6721 2489 4573
3 5595 4661 9693
3 6541 9492 9155
3 3491 4215 2359
3 8952 1674 3450
3 3853 8127 1124
3 8425 798 6561
3 7877 4880 2689
3 3853 9969 455
3 2165 1026 6713
3 9952 3545 66
3 9188 8852 1525
3 3545 9952 1983
3 8954 8175 9968
3 5552 5682 2093
3 2053 493 6780
3 9129 3952 66
3 1088 1336 6396
3 6970 720 6274
3 5550 2850 1213
3 3650 5497 6287
3 1014 7213 8706
3 4681 9856 5538
3 4457 7162 8687
3 9144 1213 3476
3 1325 7569 2620
3 7182 7233 7243
3 3554 2229 9112
3 6055 8028 4337
3 4145 1453 4533
3 4136 8665 9086
3 8716 7502 3971
3 2720 7119 389
3 258 3027 2856
3 3285 1096 5898
3 5848 8260 4660
3 5484 5864 5071
3 4784 2759 1951
3 5518 4356 375
3 2405 258 2856
3 836 7189 9759
3 3589 6539 4778
3 1450 9537 7674
3 4486 4778 3971
3 9766 9158 3024
3 2468 1479 9534
3 6375 9323 3844
3 233 504 5570
3 2286 5739 457
3 9969 2468 9534
3 3742 2178 1396
3 6973 420 5170
3 6204 1467 5257
3 3294 9323 6375
3 1467 2592 1414
3 2395 808 7914
3 6298 4977 238
3 1725 2353 3482
3 2452 2592 9615
3 8364 2270 2054
3 455 6541 6176
3 6063 2599 4783
3 2848 1171 3900
3 6028 8850 5185
3 8100 7365 6195
3 8954 4545 9764
3 2311 1014 3798
3 2642 5318 9720
3 9996 3001 8704
3 2846 7505 4854
3 6613 2621 3491
3 920 4405 214
3 5965 1901 8761
3 444 8380 6831
3 6469 1325 2850
3 823 7140 7957
3 5315 2299 3297
3 1525 7583 2457
3 4368 2971 2428
3 2354 7387 2375
3 2586 6902 9188
3 7426 1666 2971
3 1525 2457 7966
3 10045 4035 6167
3 906 4922 6089
3 970 787 8727
3 5691 5017 459
3 2325 1092 9168
3 7113 4420 9857
3 2053 6780 9687
3 8704 4505 4696
3 5756 2543 8761
3 4145 6794 1607
3 2543 5756 1193
3 6408 3543 3149
3 3459 7113 5061
3 6451 6332 1706
3 2720 3407 870
3 1983 9952 3952
3 9322 10025 8085
3 2513 3532 9562
3 4541 6743 4318
3 5432 4757 5529
3 9482 2715 2642
3 5960 4698 3206
3 9562 3532 2468
3 6320 7965 226
3 7098 2513 2112
3 4305 4970 7370
3 2322 7370 6713
3 7965 5578 226
3 4884 10113 3530
3 7113 9857 6907
3 4394 5552 8417
3 7942 1440 2700
3 1599 2619 1533
3 8706 7771 3166
3 8508 2879 8634
3 5350 5729 6104
3 6581 2866 4589
3 1396 8643 9313
3 3274 2986 9716
3 6244 785 4318
3 5729 9020 2848
3 1459 3090 7106
3 3705 5680 7162
3 7993 2207 1926
3 8042 4022 1237
3 7088 4117 5923
3 9675 3331 1903
3 3255 1929 9551
3 3255 8544 5550
3 9144 8085 10025
3 3073 8357 1794
3 4185 1203 566
3 6807 2932 4700
3 9144 10025 9551
3 6723 8028 1015
3 124 5294 5484
3 2784 3046 8940
3 73 8863 4863
3 6760 6691 1414
3 6199 5077 651
3 4405 5114 214
3 5626 8412 2404
3 8229 3530 10113
3 1929 5550 1213
3 1213 2850 1325
3 1841 9533 2552
3 4749 10113 7155
3 9745 2394 9533
3 3907 7782 1527
3 9003 4427 3866
3 2676 549 1427
3 3877 7981 912
3 745 4384 5123
3 6977 1427 9899
3 2657 9885 10101
3 6198 984 1127
3 5826 1763 4912
3 7472 4689 4876
3 9608 6235 4418
3 8847 2775 638
3 4887 6199 7184
3 9720 9482 2642
3 3831 8085 3876
3 8193 2438 7158
3 8912 7828 6017
3 4518 5365 7811
3 5290 8328 9839
3 6614 1763 1270
3 346 6422 4476
3 4884 1440 7942
3 4463 2553 9774
3 1361 984 6198
3 1975 9897 5867
3 9640 8209 4838
3 8365 3618 4824
3 640 2712 2658
3 9900 8017 1611
3 9857 4420 2322
3 2322 4420 7370
3 8365 3285 3618
3 5650 6199 4887
3 895 2457 4420
3 7689 9534 1479
3 3355 10045 6167
3 7771 3459 5061
3 455 6176 2621
3 6974 6195 670
3 895 4420 7113
3 4892 2359 2448
3 2448 2359 7966
3 7274 2311 3798
3 2448 895 7113
3 5615 9342 10072
3 6695 3586 6252
3 2112 3742 1396
3 4024 1180 262
3 1026 3717 7453
3 8643 1595 1453
3 2202 8665 94
3 5849 8239 389
3 4521 8403 9789
3 6110 8461 3710
3 3608 5586 8008
3 9756 8174 1492
3 9333 2174 9655
3 4058 5945 6018
3 6322 4785 7899
3 721 8403 4521
3 3601 4380 9281
3 2708 1085 4283
3 1396 9313 2112
3 6220 4698 5960
3 5732 4724 6409
3 9044 3414 9856
3 7787 3681 5097
3 2754 1982 6553
3 4283 1085 3429
3 6269 5977 473
3 5273 4335 7479
3 8810 1287 1282
3 1599 1533 9969
3 5125 9948 5508
3 1628 6743 4541
3 5365 6300 293
3 4724 9759 1628
3 5691 1906 5017
3 9160 6044 3826
3 7854 9060 1549
3 20 5343 4573
3 20 9910 5160
3 3825 8018 2452
3 9060 3272 8019
3 2165 4970 1026
3 2282 1786 1169
3 2004 8582 4260
3 3571 2802 9048
3 2322 6713 5989
3 9323 223 6384
3 293 257 2859
3 6613 7058 3524
3 7058 3491 4892
3 6372 6308 2015
3 1244 1124 1599
3 6176 6541 5115
3 3076 2774 8396
3 1414 6691 920
3 2201 346 3141
3 5160 3271 20
3 2584 8666 9033
3 254 8085 9144
3 1240 5989 7274
3 6774 2160 6316
3 6901 10031 8624
3 8706 9342 3493
3 4892 2448 6779
3 1172 9699 5376
3 4623 3250 8678
3 4119 6888 246
3 9551 10025 5117
3 8177 6240 6769
3 6970 9815 2914
3 1193 2848 9020
3 5550 1929 3255
3 801 9171 3074
3 7268 9225 9674
3 8713 8376 4267
3 1607 1453 4145
3 6248 4903 5234
3 9156 5318 8017
3 2441 10070 4050
3 2066 3396 7615
3 7945 6539 3589
3 2619 1124 4934
3 9572 7940 7529
3 8017 9916 1611
3 5923 9333 3156
3 8273 2453 8583
3 9396 8274 690
3 7785 9577 6584
3 8451 996 6608
3 1536 4416 4839
3 6553 2240 2754
3 330 6904 7421
3 4356 5529 1618
3 9916 8017 1193
3 10091 1492 5232
3 5977 3079 950
3 5097 5932 3415
3 3900 5350 6104
3 3718 1021 6758
3 156 5970 7965
3 40 1359 9599
3 3149 3543 7070
3 3197 9362 151
3 4197 7051 5570
3 8810 8669 2246
3 1021 1046 3715
3 1451 6684 7287
3 7572 2326 9
3 4934 2178 3742
3 5637 5813 6897
3 8294 9133 2817
3 6063 6206 4194
3 3407 6546 2794
3 389 8239 2720
3 1658 9789 2542
3 9281 1584 6975
3 9724 9361 10081
3 2230 2585 5241
3 1203 5241 566
3 707 7615 1701
3 2127 3396 2066
3 3476 1213 1831
3 214 7345 920
3 1359 7263 73
3 2283 6760 5550
3 8328 2040 8540
3 8018 9910 2452
3 8544 5114 4405
3 831 5147 7393
3 5117 1319 5114
3 7502 1872 9456
3 8347 3314 2910
3 7914 4387 1692
3 1193 5756 2848
3 2986 3274 8761
3 5898 6929 3285
3 5542 3784 9927
3 9646 2893 5762
3 576 6075 986
3 239 9331 2685
3 459 8405 1933
3 9178 4094 1593
3 8850 6028 1511
3 4996 2881 2955
3 2395 1692 2563
3 1607 6794 7098
3 2353 5274 3482
3 2563 8932 9628
3 6090 1420 3949
3 2685 2428 5315
3 9313 1453 1607
3 1526 4327 9921
3 6758 604 3718
3 7098 9313 1607
3 5977 950 473
3 3826 9978 7854
3 5617 525 8053
3 2363 6496 6760
3 7058 4892 6779
3 2619 4934 3742
3 1124 2221 7729
3 9086 176 3092
3 5615 3524 7058
3 120 2428 9963
3 656 10091 7250
3 6124 7211 9282
3 638 2775 3085
3 6713 7453 7274
3 1674 219 3553
3 3450 1474 8210
3 10072 8127 3524
3 935 6553 1116
3 7287 6684 6492
3 1535 22 4415
3 436 2451 7080
3 5960 226 5578
3 2491 3449 3958
3 4583 1096 9803
3 6203 8795 7070
3 7070 7677 6203
3 1628 4541 1437
3 4573 2489 1491
3 3524 3853 6613
3 9663 1014 2311
3 3166 5989 1240
3 1240 3798 8706
3 5906 219 4458
3 7058 6779 3459
3 7058 3459 7771
3 4126 9996 404
3 5906 1011 394
3 404 6408 4126
3 8153 5359 7877
3 1750 7115 8171
3 9996 8456 1862
3 5347 5725 5791
3 1441 1102 2952
3 4613 7070 4893
3 3900 5123 10075
3 4671 5311 1602
3 8365 6794 4145
3 6922 5563 377
3 6044 7018 892
3 6539 9986 4778
3 8499 1967 5077
3 8018 3271 5160
3 5648 4340 1433
3 9020 5729 9916
3 6963 2768 4386
3 4178 6635 6581
3 8460 6109 3610
3 8544 2283 5550
3 9745 4000 8305
3 9284 225 5452
3 6634 6313 6763
3 8761 1901 5756
3 2421 6545 8316
3 1213 9551 1929
3 2315 4304 8687
3 1109 6193 1110
3 563 1044 9072
3 3618 9596 4824
3 214 5114 1319
3 8687 2353 2315
3 3255 5114 8544
3 1453 1595 9803
3 4237 866 5813
3 5451 459 2884
3 1967 651 5077
3 3653 7243 7233
3 5077 6199 3104
3 6450 6313 8499
3 7125 4127 4055
3 2208 6959 4722
3 2282 9135 4194
3 9563 2717 9209
3 2700 4589 4344
3 6439 2478 4162
3 8413 8930 6377
3 8205 7515 24
3 5756 9730 2848
3 3876 9716 2986
3 8122 6590 7239
3 3571 9048 5359
3 5501 9574 9644
3 9482 2986 2715
3 3423 8139 9472
3 10070 9186 4050
3 2714 3108 5000
3 7314 5518 3808
3 3294 457 3601
3 10040 8982 714
3 3555 484 193
3 6239 3970 4344
3 5789 7088 3994
3 7088 5789 4117
3 8430 6976 8948
3 5829 3477 4695
3 2584 2427 8666
3 2213 3681 7787
3 4770 1536 1242
3 6229 4863 8194
3 7159 7732 7857
3 272 8425 2666
3 5552 2093 1287
3 3092 2971 4368
3 6790 7721 4711
3 2869 6264 7424
3 7058 7771 3493
3 1720 4383 7447
3 9 3429 1085
3 2491 8505 911
3 387 5335 2650
3 7243 3653 3090
3 224 3626 9218
3 4177 651 1967
3 5762 2036 10019
3 643 8236 3360
3 4185 566 2044
3 7771 5061 3166
3 5650 1841 3104
3 653 2552 2394
3 8153 7877 9406
3 2216 5920 10036
3 8948 9167 5500
3 9916 1193 9020
3 3166 6907 5989
3 7942 8377 4884
3 5061 6907 3166
3 4458 7037 9663
3 652 1361 6198
3 9976 7699 8076
3 3031 9147 2286
3 9423 6480 1802
3 5117 3255 9551
3 4373 6331 4925
3 7326 4127 649
3 7183 3486 4144
3 3104 6199 5650
3 6070 9076 5257
3 6504 8758 8100
3 2343 6397 2716
3 3802 6088 4003
3 920 8544 4405
3 4887 7184 1270
3 1034 7864 9509
3 2715 2543 2642
3 3455 9720 9156
3 920 2283 8544
3 7236 3479 6055
3 268 4528 1424
3 3840 8007 1534
3 9337 7729 9602
3 4708 9684 9818
3 9669 8592 4054
3 5691 5586 3608
3 1361 652 4178
3 2202 9086 8665
3 736 7078 6219
3 9122 9342 7213
3 4880 5359 9602
3 1901 9730 5756
3 8226 6301 4499
3 163 8239 5849
3 9472 1280 3423
3 7136 2036 2893
3 3681 2213 3178
3 1242 1536 4839
3 4768 7257 5744
3 9856 2639 7257
3 2240 6553 629
3 4912 6614 2506
3 2889 2708 2790
3 6779 7113 3459
3 6203 7677 7159
3 1361 1440 1127
3 3742 2112 2619
3 3414 5931 9856
3 3681 6035 5097
3 231 5539 5097
3 7183 6198 3486
3 4824 3242 8365
3 5584 3968 2215
3 3031 8795 7159
3 3493 5615 7058
3 1127 1440 4884
3 3759 4784 7637
3 2764 6702 670
3 7213 9342 8706
3 7400 5000 3108
3 3486 6198 1127
3 5012 6797 8651
3 4458 9663 2311
3 1319 5117 10025
3 6322 8239 163
3 6981 9242 5203
3 3476 1831 7945
3 9026 2058 2884
3 4817 9646 1096
3 6954 707 2610
3 7274 5551 5906
3 2846 1396 5232
3 9014 2088 2851
3 291 1562 2610
3 2740 7729 9337
3 3450 8210 8952
3 1335 9337 1252
3 3109 3680 6750
3 2452 9615 9159
3 2178 4934 2740
3 7479 9685 5273
3 3553 10023 1674
3 2740 4934 7729
3 3536 6983 6043
3 9527 4961 4030
3 9693 7732 1862
3 892 7018 566
3 2986 8761 2715
3 3001 1673 4505
3 5771 9978 3826
3 4207 6409 9353
3 5771 6044 216
3 9948 1037 1335
3 3911 8931 7716
3 5203 1270 7184
3 3653 978 4457
3 3808 5271 9872
3 2883 8753 7513
3 9602 2221 1124
3 6075 576 4076
3 1511 6028 9628
3 8425 2254 3017
3 9236 2230 1203
3 6427 7351 7335
3 2239 3831 3876
3 1172 5376 7774
3 4722 7326 8346
3 8600 2563 1692
3 179 3656 8968
3 6052 2527 4304
3 3834 610 1168
3 1841 8499 3104
3 7257 4768 2754
3 4916 3546 1242
3 4876 4689 5196
3 7136 5075 5729
3 5059 527 4764
3 5673 3952 9129
3 3449 157 1585
3 6350 4524 3554
3 2491 157 3449
3 3548 4003 6931
3 6931 4003 6088
3 9186 6927 8734
3 9745 5475 2394
3 3414 1797 2018
3 94 4136 9921
3 9810 1585 157
3 3449 1585 3958
3 251 5849 389
3 708 4717 1354
3 7682 1816 7600
3 2237 6038 2810
3 8139 1021 3718
3 5147 831 10110
3 4833 7242 6851
3 1618 375 4356
3 4060 6940 6584
3 1083 9218 7153
3 6745 9396 690
3 8490 9910 2363
3 9628 3912 1511
3 3573 2690 5916
3 8931 8601 7716
3 359 45 2909
3 2230 5241 1203
3 6929 8014 9596
3 9551 1213 9144
3 8490 1414 2592
3 1673 4696 4505
3 3798 1240 7274
3 3096 6780 1451
3 4075 4588 4888
3 214 1319 9322
3 9803 1595 2846
3 9144 3589 9716
3 586 3802 4003
3 10019 5350 8014
3 7324 3697 2721
3 4055 10109 4722
3 3994 6750 9263
3 1037 2740 9337
3 1521 9575 5848
3 3646 5586 5451
3 5584 3504 5462
3 5359 9964 9602
3 9720 3455 9482
3 9577 5637 7503
3 3589 4123 3274
3 2721 1451 6780
3 10040 5588 4273
3 9926 2825 1102
3 5269 1933 8849
3 857 9984 4163
3 9964 9337 9602
3 6608 1063 4833
3 13 6195 6974
3 6584 6940 4013
3 1692 4387 8770
3 1692 2395 7914
3 4056 4194 6206
3 9395 1948 6490
3 7674 2 568
3 2893 1139 7136
3 1244 9969 3853
3 1252 9337 9964
3 9443 6507 6483
3 798 8425 6269
3 4061 1359 73
3 2689 8127 10072
3 623 409 7797
3 2471 8679 9218
3 6322 8403 8239
3 2735 2342 5070
3 9901 3499 2595
3 8948 9156 9900
3 9019 10072 3278
3 1193 8017 2543
3 3902 4185 2044
3 4887 9533 5650
3 7886 9719 205
3 6017 8095 6346
3 3433 3964 9120
3 777 5986 2215
3 10113 7682 3246
3 1763 9533 1270
3 3103 4247 4396
3 7189 836 1020
3 9167 6976 5252
3 3433 3035 3964
3 678 3263 5501
3 196 9296 1350
3 9485 2879 8508
3 1701 7615 7572
3 3278 10072 5672
3 4770 1242 3546
3 6797 8152 3107
3 8706 3166 1240
3 8797 6422 346
3 485 708 3593
3 1585 5682 5552
3 7473 7307 2105
3 5259 6206 1633
3 216 892 5241
3 1924 4957 6538
3 566 7018 6044
3 8965 6864 4868
3 6044 5771 3826
3 7854 9978 5771
3 45 3536 9615
3 9226 9322 838
3 5202 4144 6980
3 6826 1541 9802
3 254 9716 3876
3 8014 6929 5898
3 7153 9870 940
3 6980 4144 8229
3 2504 7811 5365
3 9609 5099 6765
3 8155 7529 8188
3 9322 1319 10025
3 8939 3891 5594
3 5232 1396 2637
3 6941 6931 8734
3 1037 1396 2740
3 4583 6871 4817
3 7250 691 2802
3 7133 2193 2653
3 5232 5508 10091
3 3877 373 8832
3 5773 1034 6542
3 2825 6298 6999
3 2637 1396 1037
3 8376 8713 181
3 8948 6976 9167
3 4050 6038 2237
3 1102 8466 7369
3 8982 4550 239
3 1933 5269 9026
3 4896 5854 1789
3 6929 3618 3285
3 5854 857 5724
3 2952 9444 1441
3 1933 8405 8849
3 8651 6097 8797
3 6851 4634 4833
3 8669 1282 798
3 1343 9563 6398
3 6702 5105 7809
3 5140 8306 4999
3 9719 9452 2343
3 8274 5847 9374
3 7384 2776 8048
3 6483 9713 1466
3 9413 3264 5981
3 6859 6981 3167
3 4340 1394 3063
3 5889 2202 94
3 4589 2866 6239
3 8732 3063 1394
3 4839 1898 227
3 629 3414 9044
3 1242 4839 4827
3 8265 5888 387
3 6590 7070 8795
3 4850 9561 2569
3 3530 3486 1127
3 3133 8140 183
3 3800 10119 7537
3 4589 4178 6581
3 8948 9900 1611
3 6571 2790 9710
3 9122 5672 9342
3 7225 5108 9326
3 5077 3104 8499
3 5762 5898 9646
3 7811 2581 7459
3 4827 9130 4916
3 7965 1719 156
3 4744 6425 7111
3 8505 3958 4394
3 7947 6571 5888
3 5960 4568 226
3 5906 394 3553
3 5732 7206 3109
3 9795 7650 5001
3 6171 224 2293
3 5140 2987 8306
3 1032 3322 7320
3 6044 7839 566
3 3876 2986 1655
3 4267 3831 2239
3 2592 1467 5612
3 8958 566 7839
3 24 7239 3844
3 4589 2700 4178
3 7152 2293 234
3 6716 4613 6866
3 566 5241 892
3 3565 4735 7600
3 3135 3328 8141
3 6897 9373 7503
3 9026 2884 1933
3 6634 8499 6313
3 6396 401 1088
3 9377 8884 2227
3 4022 4106 9161
3 8035 7711 3308
3 5376 9778 4361
3 7393 2191 2404
3 9533 5826 9745
3 5269 8849 53
3 3285 4533 1453
3 356 5612 45
3 1560 1217 4013
3 3548 6941 7632
3 2394 5475 653
3 5852 1973 5172
3 4344 3970 7942
3 6763 2920 1949
3 9076 3395 4806
3 4178 2700 1361
3 4323 5928 7791
3 1925 7051 4197
3 8895 7916 5411
3 7505 2846 2414
3 8403 6322 9789
3 6571 9710 5888
3 3694 9685 5732
3 937 10045 3355
3 7345 214 1924
3 6538 1414 7345
3 3395 9076 2759
3 1276 4217 4985
3 6678 4105 6074
3 6339 7311 8012
3 1252 9964 5359
3 691 2138 1252
3 7877 5359 4880
3 5484 5071 937
3 9406 9019 3278
3 4896 9984 857
3 9472 8669 473
3 5204 3130 1787
3 691 7250 2138
3 7637 838 5641
3 5232 5125 5508
3 8174 7505 2414
3 8174 8836 7505
3 1335 1037 9337
3 10072 9019 2689
3 1124 8127 2689
3 4160 7246 4105
3 2637 1037 9948
3 10072 3524 5615
3 4327 2697 10006
3 2054 4035 10045
3 5359 8153 7640
3 4270 9397 8809
3 2054 10045 5864
3 88 9948 1335
3 838 9322 6347
3 1252 2138 88
3 9122 4710 5672
3 5672 4710 3278
3 4710 9406 3278
3 4476 7213 1014
3 3455 6111 1655
3 3770 2553 4267
3 5278 7506 8152
3 6035 9836 231
3 6035 3681 3178
3 9156 5500 3455
3 1116 5779 935
3 4356 7796 3746
3 8430 1611 9916
3 5518 1340 3808
3 3844 2286 6375
3 3002 8389 9008
3 9810 2982 1585
3 629 4711 1797
3 5252 8297 4528
3 3515 1757 1187
3 9130 67 4916
3 8679 2471 786
3 9716 3589 3274
3 6984 8958 7839
3 7673 6981 2570
3 219 1674 6647
3 1725 8121 8442
3 8017 9900 9156
3 4361 9352 6253
3 3827 9635 5320
3 4876 7632 7472
3 3085 2775 8847
3 7472 7125 4055
3 8483 5367 1603
3 9646 4817 6922
3 6973 7015 4794
3 4957 1924 9226
3 988 5777 6614
3 1354 4534 2275
3 7051 2846 4854
3 7688 6523 1076
3 2955 2714 5000
3 640 2658 8316
3 4450 3319 5163
3 2658 2712 2443
3 5508 9948 88
3 9803 2846 1925
3 1453 9803 3285
3 1925 4197 4583
3 2239 1655 4295
3 9406 4710 8153
3 4144 5202 7183
3 2846 1595 8643
3 2414 2846 5232
3 4331 7482 201
3 3493 7771 8706
3 356 2592 5612
3 7345 1414 920
3 5445 2802 9653
3 8700 326 5042
3 8396 7470 3076
3 8376 5967 6694
3 8706 3798 1014
3 3685 5070 2342
3 8017 2642 2543
3 5641 3759 7637
3 9226 214 9322
3 8077 535 9926
3 6097 6797 1502
3 8424 7809 5174
3 4922 636 5483
3 8932 2563 8600
3 7637 4957 838
3 2725 7677 3543
3 8053 7716 9007
3 3911 7716 3947
3 8296 5152 3796
3 9628 3598 2395
3 3504 5584 2215
3 8374 6677 2114
3 3713 1834 1357
3 5617 3947 7716
3 906 5618 5015
3 8229 2057 6980
3 7698 1466 8029
3 2019 5097 3415
3 7788 2018 1797
3 2563 9628 2395
3 2476 619 9460
3 1110 8076 3437
3 7716 8601 495
3 7087 4009 4287
3 5691 3608 1906
3 8316 1618 640
3 7070 4613 3149
3 6035 231 5097
3 9167 8934 5500
3 9044 9856 2240
3 9586 5960 2456
3 2754 2240 7257
3 9178 6495 9960
3 1343 6398 3079
3 6922 4817 6871
3 4056 6206 7699
3 5777 2506 6614
3 2721 3697 1451
3 5826 9533 1763
3 5266 5813 5637
3 7304 8826 3206
3 2846 7051 1925
3 9048 1204 691
3 7506 5359 7640
3 4267 2239 4295
3 8053 7249 5617
3 6384 4008 5246
3 7250 2802 656
3 670 2249 2764
3 6044 892 216
3 6866 1355 4062
3 5279 3264 677
3 7640 4710 7506
3 7344 4077 1891
3 5359 7506 3571
3 1655 2986 9482
3 5278 9988 123
3 6028 3598 9628
3 1926 10110 831
3 5500 5527 7283
3 3073 1794 6404
3 7280 6404 1794
3 9351 1586 5196
3 9352 4361 9778
3 1741 1110 4856
3 6253 4692 4361
3 1602 5294 1705
3 4880 9602 2689
3 6959 2551 4722
3 8100 8758 7303
3 1655 9482 3455
3 5196 7981 3461
3 1299 906 8753
3 9159 3825 2452
3 5771 5241 7854
3 7303 6504 1334
3 4050 4630 6038
3 6976 1139 8297
3 7470 140 3076
3 7037 3141 346
3 4895 5171 5681
3 2066 5017 2127
3 493 2053 9006
3 8769 2721 6780
3 9802 1541 4496
3 4496 4030 4961
3 7283 6111 3455
3 8769 7324 2721
3 377 3173 101
3 4110 9568 3840
3 3908 7603 6682
3 1096 4583 4817
3 8297 9646 5367
3 7991 8082 9212
3 1502 9122 7213
3 9916 7136 8430
3 1924 214 9226
3 9776 5311 9627
3 7325 5612 6204
3 9687 6780 3096
3 6189 3095 9487
3 5158 1705 124
3 101 3173 2119
3 4267 4463 8713
3 7345 1924 6538
3 6108 7505 7623
3 120 9963 4896
3 7353 2185 3201
3 2471 9218 1083
3 7699 1334 4056
3 1088 7230 1336
3 6408 3149 1736
3 8379 311 1659
3 2884 459 1933
3 4126 3001 9996
3 838 4957 9226
3 5232 2637 5125
3 9472 473 1280
3 6571 771 2889
3 9048 1252 5359
3 5849 4080 5198
3 2689 9019 7877
3 1117 3952 8725
3 2240 9856 7257
3 3206 4826 5960
3 2081 5465 8389
3 6111 4295 1655
3 6757 6220 9586
3 2458 6018 5945
3 4394 8417 604
3 1463 8273 168
3 5283 5860 5331
3 7509 5279 2194
3 8153 4710 7640
3 7877 9019 9406
3 8140 8930 183
3 3108 2714 827
3 1949 6634 6763
3 6422 8797 6097
3 8357 1693 1794
3 7126 7320 8587
3 2749 3574 2154
3 1693 45 359
3 3107 4710 9122
3 5012 5278 8152
3 1967 8499 6634
3 4710 8152 7506
3 119 1795 1104
3 4295 6111 3770
3 628 9273 9262
3 2042 3149 4613
3 3796 6294 8495
3 1433 3125 2920
3 6377 3327 3931
3 1139 2893 8297
3 786 2471 7236
3 9571 4976 9901
3 2566 230 2589
3 6055 4337 7653
3 2595 3499 4976
3 7509 8281 5648
3 1951 6070 6371
3 219 5906 3553
3 6439 4891 6821
3 5650 9533 1841
3 330 4825 40
3 254 9144 9716
3 1256 3409 586
3 5570 504 4197
3 8752 4494 4504
3 311 8379 9026
3 56 9635 7037
3 5500 8934 5527
3 4689 9005 2551
3 3173 504 233
3 4854 7505 5570
3 4307 5531 2354
3 6976 8430 1139
3 3328 8656 3932
3 8942 2237 2038
3 7603 7112 5724
3 2866 2921 3133
3 2857 1393 5003
3 9713 5293 8029
3 9292 6344 5406
3 1437 9353 4724
3 8357 3536 45
3 8405 2066 7615
3 7912 3891 8939
3 8379 9215 9026
3 1280 950 6398
3 4458 6647 5465
3 9615 356 45
3 5612 1467 6204
3 1949 2920 6580
3 6167 9139 5513
3 6888 9696 2228
3 1603 377 7545
3 563 9072 7325
3 10091 656 1649
3 183 2866 3133
3 4957 6371 6070
3 7470 8396 8374
3 8930 3970 6239
3 7942 3970 9798
3 2881 1649 2714
3 9263 1356 5874
3 3427 7531 2281
3 3177 4207 6659
3 5097 2019 7787
3 2700 1440 1361
3 5958 2523 7747
3 2754 4768 3544
3 10091 2138 7250
3 6697 8615 7306
3 1862 7732 7793
3 183 8930 2866
3 6425 4744 1658
3 4985 2410 1276
3 721 4521 1658
3 5552 1287 8417
3 2151 996 5874
3 9475 6908 6991
3 9977 8122 8101
3 1633 3190 3182
3 2663 1148 3138
3 8797 7537 8651
3 1127 984 1361
3 8152 6797 5012
3 5012 9988 5278
3 10091 5508 2138
3 8102 8886 3103
3 2909 9954 359
3 5172 1973 4621
3 8483 4528 8297
3 1967 6634 4177
3 5171 421 5681
3 5166 312 1543
3 1096 9646 5898
3 9236 1203 4185
3 104 4304 2315
3 1725 8442 9284
3 2630 3249 6596
3 7501 9988 9104
3 9122 6797 3107
3 8152 4710 3107
3 3073 5170 4894
3 7854 1549 3826
3 2138 5508 88
3 1424 793 3175
3 7491 2909 3362
3 7839 6044 6984
3 4496 1541 4030
3 4961 3395 9802
3 4868 6803 2766
3 233 5570 6108
3 6371 7637 1951
3 7537 9104 8651
3 6538 6070 1467
3 4197 6871 4583
3 2201 3800 8797
3 5641 6347 3759
3 7921 6830 2152
3 4304 2527 8687
3 6347 4784 3759
3 4870 53 8849
3 9774 3111 4463
3 239 7603 9984
3 3362 5612 7325
3 1397 9895 3607
3 6371 4957 7637
3 8325 4327 4785
3 9248 8623 6543
3 7152 6171 2293
3 8679 3090 1459
3 6765 4976 9609
3 9616 7129 3394
3 5660 1046 3423
3 1815 8917 9929
3 5263 921 5296
3 9014 1269 5295
3 8704 9693 9996
3 5296 921 9013
3 7309 9884 350
3 1104 1795 9901
3 6646 1673 3001
3 2290 4333 6382
3 9038 7075 8571
3 4126 2080 8388
3 7993 2404 6230
3 4692 7993 1143
3 638 2595 8847
3 9922 689 9770
3 5147 1802 7393
3 7393 7993 1926
3 8257 3565 7600
3 7424 2026 3590
3 3177 6659 9837
3 7793 7732 7159
3 827 3786 9992
3 691 1252 9048
3 4367 9774 7622
3 1256 586 4003
3 604 8505 4394
3 6265 6745 1062
3 6320 883 1719
3 5578 7965 5970
3 911 2455 2491
3 793 1424 8483
3 691 1204 2802
3 5367 9646 6922
3 504 3173 5563
3 3697 6350 6684
3 88 1335 1252
3 4583 9803 1925
3 660 9873 6058
3 3891 4360 9756
3 1467 1414 6538
3 4660 5060 1521
3 3551 7491 1044
3 1693 359 7651
3 8744 1794 7651
3 1234 2044 5681
3 1492 8174 5232
3 3201 7592 6334
3 8622 6643 8331
3 2414 5232 8174
3 8721 5847 9396
3 9615 2592 356
3 6108 7623 9664
3 8357 45 1693
3 3141 7037 9635
3 7491 9954 2909
3 9756 4360 8836
3 7491 3551 5392
3 7623 7505 8836
3 7637 4784 1951
3 656 2802 5445
3 4476 9663 346
3 7037 346 9663
3 2042 4613 6644
3 3891 7912 4360
3 6731 2737 7262
3 6347 9322 8085
3 4476 1014 9663
3 7578 7629 8305
3 3362 7325 9072
3 9954 7651 359
3 2542 7899 7111
3 9099 7256 6077
3 9827 1368 2568
3 8708 777 1312
3 3048 1222 2108
3 8851 1419 5483
3 9572 6052 4304
3 7629 9745 8305
3 3395 4961 4806
3 7115 2657 10101
3 6954 2610 1562
3 2078 53 4870
3 4477 6189 10010
3 1110 3437 1937
3 6859 988 9242
3 6859 9302 770
3 3246 8229 10113
3 7677 7793 7159
3 7230 8296 3796
3 4458 7274 5906
3 7632 4876 1256
3 1256 4876 3461
3 6269 9215 3079
3 4126 6817 2080
3 3328 3135 6821
3 3596 2608 5569
3 185 1730 4480
3 5411 8076 7699
3 9774 2553 7283
3 9921 4136 1526
3 6659 7464 9837
3 9609 9571 5099
3 6762 7508 5647
3 6612 6698 6245
3 6239 2866 8930
3 1393 8185 252
3 2893 2036 5762
3 163 5198 4785
3 2945 5099 9571
3 8847 4976 6765
3 3478 2174 9333
3 5570 7051 4854
3 3766 8332 6119
3 2920 3125 3134
3 6922 6871 5563
3 6367 2108 7770
3 2185 1592 3201
3 7230 8495 1336
3 178 6358 8371
3 504 6871 4197
3 2714 1649 656
3 6763 6313 6450
3 6763 6450 5427
3 5198 4080 716
3 7853 10035 10093
3 2802 1204 9048
3 5661 3964 3035
3 1359 1490 7212
3 3786 827 9653
3 10091 2881 1492
3 3844 8205 24
3 3063 1433 4340
3 3786 9653 123
3 8024 4118 9240
3 7159 7857 403
3 1423 9906 252
3 6580 6634 1949
3 6108 9664 233
3 6983 3536 8357
3 8744 6681 7280
3 1794 8744 7280
3 7912 2749 9664
3 9161 9529 3060
3 8377 7942 5245
3 4891 3328 6821
3 2207 9352 6958
3 4494 7475 3169
3 9533 4887 1270
3 8836 8174 9756
3 9954 7491 5392
3 9242 6981 6859
3 6707 148 122
3 4049 7333 9413
3 1973 4482 284
3 3769 2581 6726
3 9954 7688 849
3 2738 7574 4913
3 8734 7472 7632
3 8189 8100 7303
3 8405 707 8849
3 7283 2553 3770
3 9290 860 3184
3 8930 8140 3327
3 1063 5874 1356
3 3891 9756 6843
3 1588 1622 400
3 9988 8651 9104
3 7938 7687 4180
3 1359 7212 7263
3 7213 4476 1502
3 9076 563 5257
3 181 199 6694
3 7622 4672 4367
3 1290 6826 1726
3 8982 6682 4550
3 6070 6538 4957
3 6694 8918 7151
3 1459 8163 8679
3 2759 9076 6070
3 9452 9719 7886
3 4105 1526 1789
3 9649 8077 6294
3 9854 715 5390
3 1343 8379 1064
3 9496 7110 935
3 7722 2869 2213
3 6983 8357 3073
3 3109 6750 3694
3 9008 6647 3002
3 8278 4189 1199
3 4080 9086 2202
3 1102 2825 8466
3 9496 5779 1116
3 67 3546 4916
3 5960 5578 2456
3 4157 1025 4329
3 7110 4406 6263
3 2120 6245 2523
3 9444 7621 1441
3 9365 6419 8959
3 4827 5958 9130
3 9147 5739 2286
3 3786 7501 9992
3 216 5241 5771
3 9284 5452 4421
3 4061 1188 1359
3 3571 7506 5278
3 5500 9156 8948
3 1757 6065 8102
3 7602 3551 1044
3 8822 2530 158
3 2909 5612 3362
3 4061 5404 3516
3 5592 8965 6403
3 3811 8859 5320
3 3074 4754 3343
3 5681 1507 4895
3 8095 1470 6346
3 7769 7348 6963
3 2759 4784 9802
3 2160 8884 7007
3 123 2802 3571
3 7742 847 7757
3 5404 6229 5381
3 4910 2812 7935
3 3031 6252 9147
3 6070 5257 1467
3 4149 5589 5369
3 2909 45 5612
3 3800 3021 6462
3 9778 5376 2838
3 2572 7622 3602
3 8297 5367 8483
3 3362 9072 7491
3 2759 9802 3395
3 3076 140 2774
3 4722 10111 2208
3 6450 8499 1841
3 7573 4000 5826
3 5278 123 3571
3 140 5246 2774
3 6097 1502 6422
3 3527 9527 4030
3 2955 2881 2714
3 3763 9992 7501
3 2530 9104 7537
3 7916 8895 6305
3 10082 10096 3485
3 9992 3763 3108
3 7037 4458 56
3 5563 3173 377
3 8376 3831 4267
3 2759 6070 1951
3 9527 3527 563
3 4030 847 1044
3 5570 7505 6108
3 6346 6488 6017
3 3770 6111 7283
3 2749 233 9664
3 5563 6871 504
3 5188 9282 3479
3 9664 7623 8836
3 9093 3021 3800
3 377 5367 6922
3 4258 9933 7111
3 3228 4857 4064
3 7513 906 5015
3 493 8769 6780
3 4870 6954 2078
3 5888 8265 7947
3 9664 8836 4360
3 5294 1602 5966
3 6564 7892 3811
3 5203 9242 6614
3 2869 3178 2213
3 5149 3631 3437
3 8640 929 2409
3 9561 4850 6140
3 8389 5465 9008
3 5574 4652 8053
3 1965 607 7698
3 6553 1982 3951
3 8725 3952 5673
3 4105 6766 9270
3 3246 4907 4850
3 721 1658 9710
3 4744 9710 1658
3 3694 6277 3156
3 4996 1492 2881
3 5958 4827 3207
3 226 5218 6320
3 19 9 2889
3 2610 707 1701
3 6277 5923 3156
3 6851 7242 3331
3 3680 3109 9713
3 8795 3031 2286
3 612 9302 2570
3 6305 9577 5531
3 7515 8101 8122
3 3437 8076 5149
3 4695 9407 5829
3 10022 268 3175
3 2570 9302 7673
3 9007 7716 495
3 6974 670 1519
3 4267 4295 3770
3 3331 434 6851
3 3685 8750 9934
3 8258 4189 587
3 2511 7249 8053
3 8098 738 1592
3 7501 123 9988
3 4886 5265 9433
3 4329 1025 3503
3 2714 5445 827
3 3108 827 9992
3 9988 5012 8651
3 7703 8099 7269
3 2810 6038 4630
3 2714 656 5445
3 3786 123 7501
3 9902 2676 6927
3 1649 2881 10091
3 7774 4361 4692
3 1507 566 8958
3 6089 5618 906
3 3902 4421 9236
3 810 1234 8530
3 5710 3413 9315
3 7639 36 7700
3 4504 9778 2838
3 4052 4189 8278
3 9635 9093 3141
3 4689 7472 9005
3 2044 1507 5681
3 5752 986 2328
3 7940 9572 104
3 6291 5947 5944
3 2810 586 2237
3 9215 6269 2058
3 3111 8713 4463
3 6404 6681 5450
3 7283 3455 5500
3 5320 2901 3811
3 5014 5617 2511
3 1360 4010 7170
3 1253 9186 10070
3 3073 4894 6983
3 1419 1512 3948
3 5641 838 6347
3 1705 5349 1142
3 6398 5660 1280
3 4858 441 9366
3 9835 4960 1369
3 6843 3485 3891
3 10096 6058 5594
3 7736 8991 9292
3 817 6843 2955
3 786 7243 3090
3 849 8744 9954
3 6886 7369 8466
3 3757 6462 3827
3 4136 120 1789
3 2595 9282 5188
3 4784 6347 3406
3 2725 1862 7793
3 8827 5958 3207
3 8622 847 3503
3 3206 6220 7304
3 6583 3390 9095
3 6075 8851 8206
3 2031 6186 10016
3 3504 7348 5462
3 9934 8750 472
3 4613 5217 6866
3 2688 8614 2511
3 9710 2790 721
3 5060 9575 1521
3 4076 972 6075
3 5186 972 4076
3 986 9114 576
3 8721 9396 2734
3 3331 7385 1903
3 5245 6830 8377
3 5450 9917 6973
3 6694 3831 8376
3 421 810 8530
3 3173 233 2119
3 181 8713 1947
3 810 2044 1234
3 9917 6681 1076
3 6422 1502 4476
3 660 738 5528
3 9653 2802 123
3 8651 6797 6097
3 5462 7348 7769
3 2119 7545 101
3 1947 4333 2602
3 5851 109 3745
3 9635 56 5320
3 563 9076 9527
3 827 5445 9653
3 9574 3289 3968
3 7970 1916 4037
3 2201 8797 346
3 2421 1369 6545
3 1286 440 9922
3 6778 1846 2175
3 8332 8575 6119
3 6119 7545 3766
3 3908 1367 7112
3 7989 329 2338
3 2931 709 4672
3 5369 9522 4149
3 507 6938 977
3 6694 6347 3831
3 6269 3646 2058
3 4906 7575 2981
3 4458 219 6647
3 4054 8830 9669
3 1172 6230 9699
3 54 9824 1586
3 988 6614 9242
3 7526 9365 8959
3 3574 7912 8939
3 6246 7981 3877
3 4996 6843 9756
3 5463 3409 1256
3 8074 8826 7304
3 4217 9139 6167
3 1160 5589 8934
3 8316 6545 1618
3 5347 400 1622
3 3134 3125 1433
3 3134 1433 6820
3 2685 9331 9963
3 1043 8946 2883
3 120 3092 4368
3 4418 6235 9169
3 3596 5569 1795
3 7280 6681 6404
3 9141 6564 2901
3 2409 6462 7892
3 5851 150 3629
3 8098 2185 7353
3 8930 3327 6377
3 8388 3001 4126
3 3760 9233 5347
3 7155 10113 8377
3 4003 7632 1256
3 9756 1492 4996
3 9571 9901 1795
3 252 8185 4622
3 6821 2478 6439
3 2478 1434 4162
3 6821 1434 2478
3 3164 2597 6521
3 4916 1242 4827
3 4976 9571 9609
3 604 8417 8139
3 3715 6758 1021
3 6553 935 6790
3 5889 9921 8325
3 5594 3891 3485
3 2491 2455 5971
3 10068 8726 7747
3 8331 9021 6117
3 1507 8958 4895
3 1424 3175 268
3 6536 8866 4840
3 8297 2893 9646
3 2119 2749 2154
3 849 6681 8744
3 1489 1508 1685
3 4030 1044 3527
3 7325 6204 563
3 5070 3685 9934
3 6872 3551 7602
3 4806 9527 9076
3 1044 7491 9072
3 7287 5382 3096
3 8744 7651 9954
3 9802 4784 3406
3 3766 7545 2119
3 3574 2749 7912
3 7757 6523 7688
3 7688 9954 5392
3 4360 7912 9664
3 9873 3574 8939
3 3763 7501 9104
3 3602 8934 2572
3 2493 6438 4161
3 3763 9104 2530
3 6462 10119 3800
3 2119 233 2749
3 6763 5427 7509
3 563 6204 5257
3 8713 3111 6382
3 4067 6830 2797
3 7515 140 7470
3 6694 7151 3406
3 1291 5884 5683
3 7688 3551 6872
3 6382 8134 2290
3 8305 7573 7578
3 4857 3228 6746
3 7622 9774 3602
3 9527 4806 4961
3 2506 7262 4912
3 4064 1590 9873
3 2394 2552 9533
3 3602 5527 8934
3 4423 7287 7991
3 8934 9167 5252
3 3265 7940 8965
3 7632 6941 8734
3 3406 6347 6694
3 6239 4344 4589
3 2114 8101 8374
3 908 1833 9589
3 9548 8787 1552
3 9873 660 4064
3 3800 2201 3141
3 7263 7212 7796
3 6334 7592 2782
3 7353 6334 3204
3 7092 7392 3498
3 3631 5149 9481
3 6709 3740 6636
3 4421 8686 9236
3 586 2810 3802
3 7981 6246 5463
3 2955 5000 817
3 9613 5000 1010
3 1172 1143 6230
3 7774 1143 1172
3 1592 10082 3201
3 1312 6937 3650
3 3108 3763 8822
3 6193 5914 4856
3 1846 5882 1880
3 5444 3310 6487
3 7291 770 9302
3 2572 4672 7622
3 7212 1490 628
3 6058 9873 5594
3 817 5000 9613
3 2488 5850 10022
3 5004 2194 5279
3 4327 8325 9921
3 203 913 9481
3 1251 6698 6612
3 4711 629 6790
3 497 2690 3573
3 6077 520 5053
3 7785 2354 5531
3 2006 5252 5850
3 996 8451 434
3 2375 4110 3840
3 8336 3340 7907
3 6269 5586 3646
3 6363 8981 1902
3 2523 5958 5122
3 3298 708 1734
3 4833 7387 2354
3 2151 1063 6608
3 10022 3175 3638
3 4826 4568 5960
3 3964 5661 387
3 7239 24 8122
3 5525 8549 3542
3 2249 2479 8189
3 9976 8076 8189
3 1659 2408 329
3 1705 5158 5349
3 307 1955 2075
3 6954 4870 8849
3 2553 4463 4267
3 1794 1693 7651
3 3201 10082 7592
3 421 8530 5681
3 307 10119 9953
3 1010 5000 7400
3 6403 421 5592
3 9917 5450 6681
3 2044 566 1507
3 6728 7596 3342
3 2931 2572 5076
3 5776 3212 6487
3 1603 5367 377
3 8822 3763 2530
3 6726 4220 3769
3 1424 4528 8483
3 793 8483 1603
3 847 1541 3503
3 6382 3111 8134
3 1590 4857 2154
3 847 7742 7602
3 3228 4064 660
3 6999 6886 8466
3 2154 8332 3766
3 6746 3228 9981
3 9452 9142 5454
3 4052 8278 2290
3 6843 817 10082
3 2290 4672 709
3 8474 9981 5528
3 2838 6331 8752
3 329 9099 172
3 6690 7245 1792
3 5185 3598 6028
3 1280 473 950
3 8934 2006 1160
3 1032 9870 7153
3 7749 2105 3645
3 10082 3485 6843
3 8163 234 2293
3 4550 6682 7603
3 2141 7236 2471
3 7721 6790 7110
3 9628 8932 3912
3 4052 709 4331
3 709 2931 5076
3 2810 6088 3802
3 2212 4711 7721
3 3096 1451 7287
3 5850 5252 268
3 3948 5618 6089
3 2971 1666 2428
3 1603 7545 793
3 6245 5940 6096
3 3952 1117 6554
3 5958 7747 5674
3 3541 8918 6694
3 6757 4285 7304
3 9902 549 2676
3 8139 2246 9472
3 9021 1025 8621
3 6681 849 1076
3 1044 563 3527
3 2899 1389 8918
3 8621 1025 7077
3 847 4030 1541
3 1726 6826 9802
3 4672 2290 8134
3 181 5967 8376
3 8229 4144 3530
3 2388 1586 9824
3 2182 9168 8088
3 1076 6523 6973
3 2551 9005 4722
3 2344 7015 6973
3 4189 8258 1199
3 5667 810 421
3 2046 357 6065
3 7783 5369 1160
3 9750 8722 2880
3 5493 7404 2443
3 8895 8243 9577
3 8076 1110 1741
3 1658 4521 9789
3 9977 6677 9185
3 6793 2408 1562
3 1343 1064 9563
3 9215 2058 9026
3 199 3541 6694
3 6017 7828 6734
3 1350 6396 196
3 2602 4333 1199
3 2338 8754 7989
3 8396 2774 6504
3 793 7545 3537
3 4367 4672 8134
3 4907 4735 1035
3 3418 3625 9902
3 3625 65 9902
3 5997 1162 10021
3 6750 1356 9263
3 2141 5188 3479
3 1034 7530 6542
3 9901 2595 5188
3 3766 2119 2154
3 3131 1973 5852
3 6466 3248 7630
3 3827 3021 9093
3 4857 8332 2154
3 9212 8082 1463
3 2480 7970 5976
3 5528 738 8474
3 6843 4996 2955
3 7892 6462 3757
3 1365 8980 7832
3 2075 4598 3259
3 7592 9613 2782
3 3250 6027 2935
3 10022 5850 268
3 5320 56 5465
3 9981 660 5528
3 7592 817 9613
3 2488 2006 5850
3 935 5779 9496
3 8151 793 6823
3 9093 9635 3827
3 351 7219 8678
3 9141 6211 6564
3 9996 1862 2725
3 43 6460 2332
3 9981 8575 6746
3 158 7400 8822
3 8332 4857 6746
3 1797 3414 629
3 10006 4258 7899
3 2042 9140 6817
3 494 1692 8770
3 3248 9483 3637
3 9876 6160 6632
3 1354 2275 5290
3 6526 7868 617
3 660 6058 10096
3 7537 8797 3800
3 5120 3142 1883
3 7261 301 8614
3 5660 9563 6448
3 1869 3215 3220
3 6758 3253 7727
3 911 9587 2455
3 10082 817 7592
3 2481 6280 10067
3 9778 1587 9352
3 7774 4692 1143
3 2207 7993 4692
3 5949 7063 8099
3 10096 10082 738
3 738 10082 1592
3 2185 8098 1592
3 3485 10096 5594
3 7757 6872 7742
3 602 826 1441
3 9981 3228 660
3 8124 2864 4764
3 8934 5252 2006
3 9006 2053 9687
3 9365 2488 3638
3 526 4660 1061
3 1299 4922 906
3 6872 7757 7688
3 8753 2883 2691
3 9946 7512 8614
3 9504 1010 3259
3 4889 9319 5186
3 6119 705 3537
3 2154 3574 1590
3 6119 8575 705
3 705 2464 3537
3 771 19 2889
3 6974 8374 13
3 6645 6211 2043
3 4064 4857 1590
3 876 926 5667
3 6396 4122 2518
3 4544 1370 7060
3 9873 8939 5594
3 8575 8332 6746
3 645 7524 2325
3 10119 6462 9953
3 8163 2293 9218
3 8319 8705 2161
3 6988 7044 4206
3 5773 1253 10070
3 2441 4050 3227
3 8721 3722 5847
3 3596 9870 5385
3 375 1618 6545
3 3827 8859 3757
3 6361 9221 6166
3 5385 9286 7340
3 8851 1512 1419
3 7283 5527 3602
3 248 628 9262
3 5589 2572 8934
3 203 9481 5690
3 3111 9774 8134
3 485 5099 4199
3 6368 1163 7526
3 9774 7283 3602
3 3800 3141 9093
3 5152 9649 3796
3 4046 8258 2899
3 8356 9522 5369
3 3952 9952 66
3 6263 7721 7110
3 903 6507 9443
3 1389 2281 8918
3 5293 7206 6409
3 6264 2869 7722
3 1983 2755 3545
3 3060 9529 2704
3 1569 1046 1136
3 3688 7482 8356
3 8134 9774 4367
3 2388 1704 1586
3 5591 4794 7015
3 9339 7173 8510
3 1930 9339 8074
3 8075 2523 5122
3 8099 7703 7748
3 2739 6383 1070
3 3201 6334 7353
3 2488 10022 3638
3 4598 137 9504
3 9365 7783 1160
3 608 2671 846
3 137 2782 9504
3 1463 168 9212
3 3259 1010 7400
3 4598 4124 137
3 7353 9315 8098
3 7400 158 307
3 1590 3574 9873
3 1594 190 5881
3 660 10096 738
3 7748 9162 8099
3 2075 7400 307
3 401 9475 1088
3 5513 124 937
3 9953 6462 1858
3 7742 6872 7602
3 2774 5246 6504
3 7602 1044 847
3 3827 6462 3021
3 7151 9802 3406
3 9263 996 3994
3 181 1947 2602
3 1160 2006 2488
3 9802 4496 4961
3 8189 5914 2249
3 6439 7613 4891
3 3968 3713 2215
3 943 1339 5991
3 6997 1120 8311
3 3876 1655 2239
3 8331 9595 7757
3 6804 7916 6305
3 377 101 7545
3 10119 2530 7537
3 8930 8413 3970
3 7482 3688 4938
3 6087 1356 2128
3 5589 4149 2572
3 8373 9798 3970
3 7783 9365 1163
3 6419 8151 3095
3 9996 2725 404
3 3291 8437 1634
3 2690 1634 2242
3 6608 4634 6851
3 6694 5967 181
3 1063 2151 5874
3 1622 1588 4322
3 1163 6368 4628
3 8053 525 7716
3 6590 3381 4893
3 2246 8669 9472
3 7111 6425 2542
3 9351 2551 6959
3 55 9778 4504
3 5674 9130 5958
3 4003 3548 7632
3 9706 9306 6442
3 5484 1957 5864
3 876 7940 926
3 7060 9946 301
3 1076 849 7688
3 4138 9475 7048
3 3619 1614 109
3 2917 8273 8082
3 4457 8687 2527
3 8102 5482 1757
3 9496 4261 3701
3 8965 5667 6403
3 7529 2435 9572
3 6185 7879 5774
3 7688 5392 3551
3 8474 738 8098
3 7153 940 1083
3 3206 4698 6220
3 4614 3122 2055
3 9021 6643 1025
3 709 5076 4331
3 4046 2899 3541
3 3064 4162 1434
3 1199 4333 8278
3 8918 8088 1290
3 9595 6523 7757
3 9802 7151 1726
3 1726 7151 8918
3 2857 4622 1393
3 4333 1947 6382
3 5404 73 6229
3 9504 9613 1010
3 6950 3116 137
3 7063 9315 8834
3 3413 8098 9315
3 1947 8713 6382
3 1432 6762 5647
3 7063 3204 3116
3 1070 8299 5711
3 4598 2075 3961
3 6685 8577 1976
3 6826 1290 4329
3 3351 1942 6372
3 9315 9788 5710
3 3413 8474 8098
3 7981 5196 1704
3 7541 8711 6054
3 3409 10021 3097
3 8205 6384 140
3 4359 5829 1882
3 9981 3413 5710
3 5166 9142 7886
3 158 2530 10119
3 2608 7340 6893
3 2464 705 3094
3 6195 6504 8100
3 2945 5569 852
3 7048 5501 9644
3 7652 2038 10021
3 8122 24 7515
3 7083 4907 3246
3 7892 3757 3811
3 819 5279 7509
3 4149 5076 2572
3 8101 7470 8374
3 9412 9574 3263
3 5821 552 7411
3 7509 2194 8281
3 8532 896 5707
3 2552 653 1841
3 728 6488 6346
3 6991 2857 7048
3 3713 7332 1834
3 4542 1993 4012
3 4913 7574 5827
3 819 7509 5427
3 7629 1833 4049
3 6830 4081 1816
3 5 8987 4269
3 5427 6450 5475
3 4452 7092 1955
3 9745 5826 4000
3 3175 793 8151
3 7578 2737 6731
3 1736 6817 6408
3 9120 5888 4744
3 2716 9719 2343
3 1562 2078 6954
3 3058 5664 7313
3 4373 8464 7702
3 3199 8241 3974
3 4893 5217 4613
3 9699 6230 2838
3 55 1587 9778
3 5196 2551 9351
3 1704 5196 1586
3 268 5252 4528
3 9776 1957 5484
3 5628 6939 4758
3 4344 7942 2700
3 9707 1046 6448
3 2344 6973 3745
3 4144 3486 3530
3 7306 8615 1250
3 5170 5450 6973
3 9979 7355 10114
3 6973 9917 1076
3 6409 4724 9353
3 8122 9977 3381
3 8908 6696 8352
3 6277 3994 5923
3 104 3902 926
3 257 7638 4096
3 4794 5591 420
3 2342 7638 293
3 1768 7921 2152
3 7424 3178 2869
3 3537 7545 6119
3 6777 484 7378
3 926 7940 104
3 7159 8795 6203
3 9587 911 6758
3 7703 934 7748
3 9789 6322 2542
3 4138 5152 5957
3 6052 7152 4531
3 3680 9713 2128
3 3503 1541 6826
3 7534 7291 8813
3 10113 4749 7682
3 3246 7682 7083
3 4672 2572 2931
3 5589 1160 5369
3 4628 1685 4938
3 9352 2207 6253
3 3870 9694 7700
3 2704 6230 3060
3 4373 1630 8524
3 2569 2057 8229
3 4494 8752 7475
3 1704 2388 912
3 770 7043 6859
3 8356 4331 9522
3 1290 1726 8918
3 4611 9389 8249
3 3466 611 9561
3 5170 3073 5450
3 1035 3048 4907
3 6980 2057 2569
3 3775 1054 2719
3 2510 8974 69
3 6450 1841 653
3 137 4124 6950
3 1163 9365 7526
3 3626 224 3322
3 3116 3204 137
3 7757 8622 8331
3 4708 9818 5044
3 1721 6523 9595
3 6543 2017 253
3 2075 3259 7400
3 6545 6039 1340
3 109 7015 2344
3 529 150 9595
3 2900 2080 6817
3 5588 8142 4273
3 5667 2044 810
3 4081 6830 4067
3 7757 847 8622
3 7400 3108 8822
3 7892 8640 2409
3 307 158 10119
3 1858 6462 2409
3 9315 7353 8834
3 6039 6545 1369
3 7269 6950 3498
3 3638 3175 6419
3 4000 7573 8305
3 4049 9745 7629
3 5854 5724 326
3 3095 8959 6419
3 9979 9324 9548
3 9589 6731 7262
3 1986 4160 9270
3 8859 3811 3757
3 7899 4785 4327
3 7106 3090 3653
3 1659 311 2078
3 5914 2149 2764
3 7578 7573 2737
3 3268 7371 605
3 3631 3835 3437
3 613 8424 5174
3 4441 5074 2007
3 2569 8229 3246
3 8964 2464 3094
3 6254 2459 4623
3 2679 5949 9162
3 6305 5531 6091
3 908 1910 7043
3 3094 705 8575
3 9565 2464 8964
3 1819 2384 4590
3 3694 5732 3109
3 6697 9497 8725
3 3079 5977 6269
3 8074 6562 7726
3 7087 5940 6245
3 7304 4285 7726
3 4009 6442 4287
3 2523 6245 10068
3 9497 1117 8725
3 6237 1787 9339
3 2952 1102 7369
3 1046 1569 3715
3 5710 8575 9981
3 7726 6562 7304
3 9339 1930 6237
3 3715 3253 6758
3 9021 8331 6643
3 9168 1082 2325
3 4046 199 181
3 1416 437 4715
3 4067 8257 4081
3 7531 468 2182
3 8278 4333 2290
3 2734 6265 9115
3 6334 2782 137
3 3498 8162 7092
3 1163 4938 3688
3 5907 1489 1685
3 3413 9981 8474
3 2782 9613 9504
3 3259 4598 9504
3 3723 3039 1423
3 8834 7353 3204
3 1336 602 2148
3 4598 3961 8162
3 7340 8776 6893
3 201 1508 1313
3 4933 7145 4452
3 2608 3596 7340
3 6643 3503 1025
3 3745 6973 1721
3 5099 2945 852
3 9505 3955 3142
3 9522 5076 4149
3 5450 3073 6404
3 4504 4494 55
3 6377 8373 8413
3 7077 1025 4157
3 1340 8597 5271
3 7613 8656 3328
3 8356 5369 3688
3 1627 4542 1746
3 307 4452 1955
3 4322 3932 1099
3 3227 2237 4225
3 4269 5542 1360
3 6189 8959 3095
3 6745 8124 5128
3 9644 5584 5462
3 420 6973 4794
3 473 8669 798
3 1395 3537 2464
3 7864 8982 10040
3 8495 602 1336
3 5592 6864 8965
3 2901 5320 2081
3 5320 5465 2081
3 8575 5710 7107
3 7256 7295 5159
3 636 1696 5483
3 120 4136 3092
3 1877 6264 4407
3 9837 4541 232
3 9487 3095 6823
3 5683 9565 8964
3 6419 3175 8151
3 5683 8964 7107
3 4622 8185 1393
3 7107 3094 8575
3 7827 6444 4816
3 771 291 2610
3 2110 3701 5950
3 4199 1567 485
3 5196 3461 4876
3 9694 3870 9042
3 2838 5376 9699
3 8524 6331 4373
3 190 85 8582
3 5044 4199 5099
3 6117 150 529
3 5648 8281 4340
3 4329 1290 4157
3 3503 6643 8622
3 529 9595 8331
3 9168 1092 4157
3 2182 8918 7011
3 9589 7262 908
3 252 9906 1393
3 2142 4753 6013
3 8855 3453 4614
3 9627 334 2054
3 1160 2488 9365
3 5949 9788 7063
3 1394 2493 8732
3 1858 2409 8363
3 3999 3784 3151
3 996 5789 3994
3 3204 6334 137
3 3961 7092 8162
3 9365 3638 6419
3 6826 4329 3503
3 6823 793 3537
3 8717 4635 7138
3 5405 509 5591
3 5667 8965 876
3 5518 375 6545
3 1395 9565 5884
3 6189 4477 4019
3 6039 1369 8597
3 6117 9021 8621
3 8196 8512 7409
3 7514 1858 8363
3 908 7262 1910
3 4868 6864 5592
3 4452 307 7514
3 5953 1367 3908
3 6339 6299 9294
3 150 5851 9595
3 6399 4356 9669
3 5566 1402 587
3 8964 3094 7107
3 4893 7070 6590
3 5274 2353 8687
3 1334 7699 9976
3 1789 120 4896
3 2473 3317 1986
3 2602 4046 181
3 2215 2584 3504
3 5937 9411 5001
3 2857 6991 1423
3 5484 937 124
3 5683 7107 9853
3 7512 2511 8614
3 94 8665 4136
3 1394 4340 8281
3 3579 444 636
3 7152 6052 2435
3 6408 2725 3543
3 2871 3400 3507
3 6866 4062 7175
3 5279 819 5475
3 7118 91 5951
3 8206 5483 1696
3 5981 9745 4049
3 5950 3701 7117
3 5475 6450 653
3 5600 3264 5279
3 3626 7153 9218
3 2293 224 9218
3 5062 6591 5990
3 2194 1394 8281
3 1083 2141 2471
3 91 7306 1250
3 819 5427 5475
3 2249 670 8100
3 2809 1876 5287
3 846 9853 9162
3 4258 10006 7549
3 2679 9788 5949
3 7513 8329 2883
3 9503 3245 6166
3 678 5501 5003
3 5462 7769 9644
3 8795 2286 7239
3 8726 10068 6698
3 3596 119 940
3 4863 7728 5561
3 7107 5710 2679
3 6893 8776 5716
3 3542 7809 8424
3 9777 2392 2480
3 852 5240 8733
3 6425 1658 2542
3 8834 3204 7063
3 4162 3064 8731
3 6220 5960 9586
3 9788 9315 7063
3 5584 9574 3968
3 7304 6220 6757
3 1402 2281 587
3 6265 9396 6745
3 1618 5529 640
3 3541 199 4046
3 3713 3289 9574
3 8373 6377 4323
3 8258 4046 2602
3 6471 8337 4460
3 3264 5600 5981
3 6950 4124 3498
3 4378 1830 3619
3 3498 7392 7703
3 7187 934 4635
3 7269 3116 6950
3 3511 7015 1614
3 5175 7824 8144
3 3511 1830 8446
3 4049 9413 5981
3 9824 912 2388
3 587 4189 5566
3 1092 7524 8621
3 6189 6988 10010
3 1970 5820 8825
3 1188 3581 1359
3 7063 3116 7269
3 8196 7894 8512
3 7529 3265 8188
3 1955 7092 2075
3 1441 826 1102
3 926 2044 5667
3 5404 4061 73
3 1763 6614 4912
3 7947 8265 6793
3 586 9422 2237
3 2843 6885 8155
3 2435 2938 6171
3 9574 9412 7332
3 8336 7907 9195
3 7954 1395 5884
3 311 9026 5269
3 4124 8162 3498
3 828 8672 6778
3 8363 929 4933
3 6117 529 8331
3 7748 8818 9162
3 4010 1589 5192
3 6233 80 5455
3 2731 5555 5216
3 5039 3409 8190
3 9953 1858 7514
3 9140 2900 6817
3 4157 8088 9168
3 2083 2016 5942
3 9853 2679 9162
3 5569 2945 1795
3 7514 307 9953
3 9707 6448 9563
3 8076 5411 5149
3 7512 5014 2511
3 5914 6193 1109
3 6448 1046 5660
3 8299 7597 9480
3 1357 1834 907
3 1534 6091 3840
3 4423 9212 3248
3 5884 9565 5683
3 8256 9053 1937
3 4234 7387 1063
3 3347 4968 5239
3 877 3096 4423
3 7228 8956 6849
3 5411 8243 8895
3 6677 8374 1519
3 728 5821 8886
3 2679 5710 9788
3 507 1619 4006
3 846 8818 5430
3 9162 5949 8099
3 777 2215 1312
3 9853 7107 2679
3 1833 6731 9589
3 7747 8726 5674
3 1366 5690 9481
3 6973 6523 1721
3 8831 5455 2437
3 8524 4611 8249
3 8464 4373 4925
3 7475 8249 3169
3 109 5851 3619
3 8752 4504 2838
3 9824 4495 3170
3 8446 2241 509
3 4895 8958 6984
3 1999 1070 6383
3 8088 8918 2182
3 9487 6823 3561
3 1614 7015 109
3 3561 7044 6988
3 5196 4689 2551
3 9687 3096 5573
3 1395 2464 9565
3 201 4052 4331
3 2038 2532 8942
3 4460 8999 9415
3 8548 6383 8577
3 8872 5469 7952
3 6823 3537 1395
3 9185 6677 7809
3 3227 4225 522
3 2927 8108 4590
3 5430 608 846
3 5573 3096 877
3 6859 7043 5777
3 1833 7578 6731
3 5997 2827 5039
3 2108 1222 6513
3 2569 3246 4850
3 6403 5667 421
3 5149 7916 9481
3 5102 7031 4039
3 6463 2135 5562
3 608 9480 1291
3 3835 3631 913
3 203 6307 3321
3 4452 7392 7092
3 4423 5382 7287
3 3498 7703 7269
3 8616 7145 4933
3 3699 9719 2716
3 7106 7152 234
3 6564 6211 8640
3 7153 3626 3322
3 7340 3596 5385
3 3346 1194 739
3 5660 6398 9563
3 9286 5385 9870
3 7138 4077 833
3 5418 6901 8624
3 7785 1217 1560
3 7291 3467 8813
3 5475 9745 5981
3 1847 977 7043
3 2608 6893 5240
3 7306 91 7118
3 5874 996 9263
3 7172 5656 1365
3 8099 7063 7269
3 7187 277 7452
3 3701 7110 9496
3 8827 5122 5958
3 7335 1567 6427
3 3091 9933 4258
3 846 2671 9853
3 929 8640 2826
3 833 8717 7138
3 1685 1508 4938
3 7673 9302 3167
3 7452 7748 934
3 1216 2227 8884
3 1787 7173 9339
3 8959 6189 6368
3 1567 8042 4717
3 1222 6116 2016
3 3945 7745 3105
3 5275 2797 3879
3 9285 9561 6140
3 8258 2281 1389
3 4331 5076 9522
3 2598 1728 1566
3 2281 2055 3427
3 8257 5942 2016
3 8918 3541 2899
3 7559 4614 3453
3 2290 709 4052
3 7482 4331 8356
3 5851 3745 1721
3 6988 9487 3561
3 7245 2691 9795
3 1830 1614 3619
3 5483 6089 4922
3 8189 2479 8100
3 3265 8965 8188
3 1999 5884 1070
3 670 7365 8100
3 1816 4749 7155
3 6823 1395 7954
3 7015 8446 5405
3 4378 7659 8446
3 9374 4426 8274
3 6886 690 8274
3 3167 6981 7673
3 277 8818 7452
3 8621 7077 1092
3 8260 4588 578
3 5848 395 4404
3 1042 9946 1370
3 1061 8260 578
3 8254 5238 8411
3 636 6909 3579
3 4550 7603 239
3 3600 8256 3835
3 4136 1789 1526
3 2883 9947 1043
3 7938 2161 5070
3 7145 8616 3698
3 5555 4715 2518
3 1676 413 6729
3 7964 4209 4781
3 3629 150 7524
3 4652 7261 2688
3 9374 7734 7621
3 8254 1676 2384
3 1291 7597 8299
3 5711 2739 1070
3 1348 1119 5137
3 6305 8895 9577
3 7387 4234 3839
3 3827 5320 8859
3 293 7638 257
3 1291 5683 2671
3 1046 9707 6020
3 4013 7385 1560
3 9921 5889 94
3 5122 8827 8075
3 2120 8511 5205
3 7110 6790 935
3 168 8273 4999
3 3713 1357 6937
3 6361 3245 2260
3 6866 7175 3521
3 7549 9566 3091
3 7332 3713 9574
3 4261 9496 7305
3 9162 8818 846
3 4933 929 2826
3 485 6765 5099
3 9836 6035 3178
3 4933 7514 8363
3 3328 4891 7613
3 3718 604 8139
3 2120 5205 7087
3 3079 9215 1343
3 2927 1732 8541
3 4945 1930 8074
3 10068 7747 2523
3 1732 4085 6729
3 4370 468 5820
3 3650 8708 1312
3 8548 8577 6685
3 7044 3561 7954
3 8299 5884 1291
3 5683 9853 2671
3 5497 8707 6937
3 3561 6823 7954
3 4781 540 7964
3 7044 1999 8548
3 4206 7044 8548
3 5912 9790 7150
3 1721 9595 5851
3 6690 3579 6909
3 468 9168 2182
3 608 5430 9480
3 1092 2325 7524
3 3932 8656 1099
3 150 6117 7524
3 7940 876 8965
3 7809 6677 1519
3 2149 7773 9787
3 1935 4207 7423
3 4452 7514 4933
3 1416 2731 3744
3 6211 1840 8640
3 4968 6211 5239
3 3436 2519 6526
3 2843 2435 6885
3 9053 7773 2149
3 8000 8616 1840
3 3629 3619 5851
3 6745 527 1062
3 5791 4083 400
3 5152 8296 5957
3 929 8363 2409
3 5724 4163 7603
3 5406 598 9292
3 3968 3289 3713
3 1082 9168 4370
3 5463 3461 7981
3 7111 7899 4258
3 8007 9568 4447
3 5890 4708 7240
3 6682 7864 1034
3 6564 3811 2901
3 4785 716 8325
3 6804 1366 9481
3 6091 5531 4307
3 4136 9086 3092
3 4105 7246 7571
3 3555 3310 5444
3 9563 9209 8404
3 9574 5584 9644
3 7727 3253 3715
3 2237 9422 2038
3 329 7989 1659
3 1567 4022 8042
3 5600 5279 5475
3 7452 934 7187
3 465 1902 617
3 5941 9780 6529
3 4287 6442 5940
3 7424 6264 1877
3 1902 6172 1892
3 4538 5 9608
3 9661 7850 5409
3 2199 3029 4412
3 3908 6682 1034
3 5003 5501 2857
3 4635 8717 7187
3 8029 4207 7698
3 6829 4234 6087
3 5279 677 5004
3 4207 3177 7423
3 7138 4635 7392
3 1092 7077 4157
3 4938 1508 201
3 4925 6331 2946
3 80 6233 4373
3 80 7702 2437
3 5455 4611 6233
3 6331 2838 2946
3 373 5456 8832
3 7475 8752 8249
3 4840 2861 6536
3 2697 7549 10006
3 5434 4956 8195
3 7111 9120 4744
3 5761 4628 6189
3 8825 4829 9661
3 2152 6830 9798
3 1312 3713 6937
3 4206 6685 2426
3 6991 6908 1423
3 8825 5820 3122
3 1433 2920 6763
3 5802 2241 4973
3 9475 8296 1088
3 2920 2865 6580
3 4189 4052 201
3 7954 5884 1999
3 6614 1270 5203
3 1389 2899 8258
3 4652 5574 878
3 8162 4124 4598
3 8446 1830 4378
3 7628 2253 4671
3 8093 903 4751
3 833 4077 7344
3 3619 645 4378
3 4938 1163 4628
3 4077 3698 1891
3 9148 7060 9484
3 6352 1313 1508
3 1937 3437 3835
3 9505 6574 2820
3 6349 6150 7568
3 5513 3355 6167
3 4968 740 8384
3 1748 6351 1272
3 7044 7954 1999
3 9638 2739 6729
3 1070 5884 8299
3 5711 8299 9480
3 10017 6381 2027
3 8596 1676 6729
3 6060 2256 9801
3 8818 7748 7452
3 1816 7155 8377
3 8596 2927 4590
3 4753 8739 1082
3 857 4163 5724
3 4960 8597 1369
3 8541 5430 2927
3 1789 5854 6074
3 7989 8379 1659
3 7011 8918 2281
3 8082 7991 2917
3 9627 5864 9776
3 8088 4157 1290
3 6057 743 8714
3 3701 2110 4406
3 9480 7597 1291
3 2253 4969 4281
3 7796 4990 7263
3 1732 5711 9480
3 1340 5271 3808
3 7621 9444 9374
3 9161 3183 4022
3 2946 2838 8464
3 5239 6645 3347
3 2927 8596 1732
3 5158 5283 5349
3 7526 8959 6368
3 1291 2671 608
3 2728 1472 9354
3 8359 3169 9389
3 3095 8151 6823
3 6939 6436 1931
3 1021 8139 1046
3 3169 8249 9389
3 4103 5268 1758
3 3397 2853 4515
3 7334 4781 1976
3 7315 4209 6685
3 8548 1999 6383
3 4477 10010 4206
3 5533 5050 1864
3 1968 1976 8577
3 1222 2016 5163
3 5711 6729 2739
3 8640 7892 6564
3 9500 6165 5857
3 4816 2938 1943
3 8825 3122 6440
3 2242 2420 2690
3 443 6346 1470
3 9977 2114 6677
3 6817 1736 2042
3 8194 5381 6229
3 6558 497 3573
3 9480 5430 8541
3 6685 4206 8548
3 6353 8742 1288
3 1312 2215 3713
3 8587 224 7126
3 1840 2826 8640
3 8100 2479 2249
3 2927 277 8108
3 1366 6804 8007
3 8108 7795 882
3 3529 7356 9286
3 8108 277 7795
3 4370 6013 1082
3 4708 5044 7240
3 1340 6039 8597
3 6193 4856 1110
3 9669 4990 6399
3 1199 8258 2602
3 4189 201 1313
3 5864 10045 5071
3 9571 1795 2945
3 4225 8942 3922
3 9808 4279 5322
3 3227 522 4418
3 781 4829 7559
3 5192 7576 7112
3 7311 7576 2335
3 6339 9294 5042
3 160 362 4317
3 7392 4452 7138
3 312 9808 4364
3 6308 769 2015
3 2606 5900 6597
3 6678 5854 8700
3 6221 6299 6339
3 8249 8752 6331
3 8371 5810 845
3 912 7981 1704
3 7112 7603 3908
3 4611 5455 372
3 9681 3793 7585
3 3170 3877 9824
3 3793 8026 2484
3 2128 1356 3680
3 6096 8090 92
3 53 311 5269
3 7397 7219 9883
3 3590 2026 1877
3 7295 9827 1971
3 5732 9583 4724
3 9566 7571 2092
3 6750 3994 3694
3 9827 6728 9416
3 6211 4886 9433
3 1508 1489 6357
3 2241 4867 509
3 2344 3745 109
3 6140 4850 4907
3 8813 3467 6366
3 4893 7483 4062
3 3381 9977 7483
3 611 2569 9561
3 295 770 7291
3 7806 6324 7291
3 3530 1127 4884
3 1783 3128 9464
3 2426 4019 4206
3 7529 7940 3265
3 3048 6140 4907
3 8468 5910 9505
3 2435 6052 9572
3 6246 8190 3409
3 795 8515 7356
3 7015 5405 5591
3 1833 7629 7578
3 8189 7303 9976
3 3961 2075 7092
3 5331 5860 6287
3 7699 8243 5411
3 8155 1943 2843
3 5280 2241 5802
3 8616 2826 1840
3 1891 3698 8000
3 3322 224 8587
3 795 3529 7320
3 69 795 2510
3 7531 3427 468
3 6330 6840 2919
3 6399 7796 4356
3 1676 8596 2384
3 5430 8818 277
3 4626 3223 2010
3 6988 6189 9487
3 7031 3645 9500
3 7796 248 3746
3 7466 4931 6013
3 10001 2082 7789
3 4225 2237 8942
3 3964 387 5888
3 7652 10021 3934
3 4418 1367 5953
3 5265 8000 9433
3 9052 8830 4054
3 2739 9638 8577
3 9927 1747 8287
3 526 5060 4660
3 5966 5484 5294
3 8287 2335 126
3 1402 4614 2055
3 6937 8707 3650
3 8168 6231 1600
3 1237 4534 1354
3 4912 7262 2737
3 291 6571 7947
3 5777 1910 7262
3 8700 5854 326
3 7613 6439 4739
3 5311 9776 1602
3 4322 1099 1622
3 1567 708 485
3 5518 7314 8592
3 6729 5711 1732
3 4635 934 7392
3 5724 7112 7576
3 9638 6729 413
3 2493 4161 8732
3 587 2281 8258
3 8616 4933 2826
3 8411 413 1676
3 8360 3877 3170
3 8000 1840 9433
3 9824 54 4495
3 1128 2412 2701
3 1876 2809 6315
3 2384 8596 4590
3 92 8090 5940
3 6608 996 2151
3 2520 5951 91
3 6529 9780 6443
3 4406 7110 3701
3 6096 92 6612
3 91 6527 2520
3 7306 9497 6697
3 6245 6698 10068
3 5940 8090 6096
3 4814 6591 5062
3 5286 2110 2808
3 7628 1142 6197
3 8596 4085 1732
3 823 7329 2308
3 1569 6939 4944
3 7173 5204 8510
3 2783 6008 6985
3 10006 7899 4327
3 4613 6716 6644
3 1732 9480 8541
3 8404 9209 809
3 7070 3543 7677
3 1402 8855 4614
3 5205 4009 7087
3 9396 6265 2734
3 2952 9374 9444
3 3427 2055 3122
3 940 9870 3596
3 4079 8551 2956
3 3516 1188 4061
3 7531 7011 2281
3 5294 124 1705
3 7356 5716 8776
3 3336 1985 130
3 7809 1519 6702
3 9947 8329 7513
3 1313 5566 4189
3 3637 4423 3248
3 4973 8446 7659
3 168 9415 9212
3 2765 6802 5280
3 18 6992 130
3 234 8163 1459
3 522 9608 4418
3 2458 845 5268
3 8805 5988 2251
3 7207 4412 4137
3 10021 2827 5997
3 2764 2793 6702
3 1589 126 5192
3 2688 7261 8614
3 2426 9790 3219
3 913 3631 9481
3 1968 8577 5238
3 6171 7152 2435
3 9634 4019 2426
3 9017 3058 3502
3 8832 4470 3877
3 372 8359 4611
3 4209 7315 4781
3 6233 4611 1630
3 5455 80 2437
3 3691 4218 9983
3 9389 4611 8359
3 1032 7153 3322
3 598 5406 5947
3 3562 5907 9634
3 8739 2325 1082
3 10010 6988 4206
3 2335 7576 5192
3 3127 7755 1634
3 4059 8995 7736
3 6305 1534 6804
3 8411 1676 8254
3 9795 2691 8946
3 10085 820 1774
3 3433 9933 3194
3 6728 3852 6949
3 8265 2568 3628
3 3219 5050 9634
3 645 3629 7524
3 7286 7344 1891
3 690 8124 6745
3 2717 1064 8754
3 3698 8616 8000
3 2691 7245 6909
3 3511 1614 1830
3 9827 2568 6728
3 326 7311 5042
3 6503 8255 2919
3 4234 1063 1356
3 6211 9141 2043
3 2260 3245 2550
3 9270 4160 4105
3 8946 6280 2481
3 4652 2688 2511
3 6735 5381 5900
3 8508 1936 8620
3 9354 3035 2728
3 8411 8577 413
3 8074 7726 4945
3 2135 6182 8595
3 2542 6322 7899
3 3194 9933 3091
3 934 7703 7392
3 1466 9713 8029
3 6352 897 8855
3 578 4588 4075
3 5924 540 4947
3 8206 1696 986
3 3540 6357 7364
3 4628 6368 6189
3 8739 3142 645
3 3128 5581 8156
3 3122 5820 3427
3 8338 4079 8289
3 795 69 8515
3 5120 7409 2365
3 8833 9297 930
3 478 878 9056
3 2511 8053 4652
3 6065 357 6017
3 1237 1354 8042
3 2328 986 6831
3 468 4370 9168
3 9684 7172 9363
3 5820 1970 3481
3 5820 3481 4370
3 9491 5449 6641
3 3409 5463 6246
3 336 6427 1298
3 5158 124 5513
3 9665 1696 636
3 882 1819 4590
3 6802 4867 2241
3 5857 4039 9500
3 3098 3722 8721
3 9801 8254 6060
3 7783 1163 3688
3 4868 8155 8188
3 8206 8851 5483
3 5937 5752 9411
3 9422 3097 10021
3 8155 7827 1943
3 8446 7015 3511
3 8597 4960 5271
3 7295 1368 9827
3 9548 8757 4914
3 2927 5430 277
3 5280 7934 2765
3 1416 7604 7165
3 8374 8396 13
3 3419 3453 8855
3 1360 7170 4269
3 7524 6117 8621
3 4269 7170 5
3 4867 5591 509
3 2938 4816 7126
3 4450 2941 1914
3 6859 3167 9302
3 6330 3389 6840
3 6357 1489 7364
3 5777 988 6859
3 1984 3389 1968
3 7534 6894 7291
3 6702 1519 670
3 6077 7256 5159
3 7600 7083 7682
3 4077 4452 7145
3 3688 5369 7783
3 9433 1840 6211
3 2181 3286 6299
3 6991 7048 9475
3 7129 4879 3394
3 564 3231 5908
3 3999 4697 1855
3 3314 2407 2636
3 10083 7717 982
3 924 6715 8168
3 1805 2853 3397
3 1789 6074 4105
3 8373 5108 2867
3 2234 1194 3521
3 8577 9638 413
3 1250 8615 6697
3 4059 7391 8995
3 7755 3291 1634
3 2426 6685 4209
3 4261 7305 7117
3 6096 6612 6245
3 2697 4327 4105
3 4564 6297 4584
3 521 2728 5763
3 2809 1352 7873
3 6676 1788 6238
3 5050 5434 3562
3 1627 2717 8754
3 6939 1931 4944
3 5924 1518 540
3 1343 9215 8379
3 4019 5761 6189
3 9353 4541 6659
3 6398 950 3079
3 4062 7483 8549
3 2140 3319 6228
3 7043 770 295
3 5820 468 3427
3 9585 5726 2669
3 5581 8289 2956
3 1630 4611 8524
3 201 7482 4938
3 4925 2946 8464
3 4816 795 7126
3 4470 2484 8190
3 1630 4373 6233
3 3877 912 9824
3 3466 9561 9285
3 3540 3836 8689
3 1394 2194 5004
3 5907 1685 5761
3 1222 3048 1035
3 8689 6352 3540
3 897 6352 8689
3 5761 4019 9634
3 3540 6352 1508
3 362 3836 3540
3 6476 7516 4596
3 3562 9634 5050
3 3091 9566 3266
3 8531 7568 5656
3 5569 2608 5240
3 4306 6349 8531
3 3194 3035 3433
3 3035 3194 5139
3 3035 9354 5335
3 2532 2038 7652
3 8849 707 6954
3 1685 4628 5761
3 3628 1368 7256
3 2408 6793 9099
3 9294 9376 4723
3 326 7576 7311
3 7187 8717 277
3 9475 401 6908
3 4622 2857 1423
3 6700 4039 5857
3 6700 3741 1819
3 9296 6908 1350
3 5600 5475 5981
3 6700 6165 3741
3 1394 9908 2493
3 7682 4749 1816
3 9500 4039 7031
3 5174 5105 2793
3 6396 2518 196
3 4067 5942 8257
3 6766 8700 5042
3 8717 4039 7795
3 7334 540 4781
3 1245 5068 59
3 4159 1316 462
3 7749 5799 2105
3 8577 6383 2739
3 7307 6503 2919
3 2042 1736 3149
3 4122 2148 602
3 5914 8189 4856
3 4062 8549 5525
3 4879 470 3266
3 1356 6087 4234
3 7964 1518 2426
3 2110 5286 4406
3 9706 6034 9306
3 2110 5950 3436
3 6314 3590 1877
3 7344 7286 5530
3 4217 6167 4985
3 2149 1109 9053
3 9120 7111 3433
3 1518 9790 2426
3 6301 5628 4758
3 1787 3130 7173
3 3347 740 4968
3 5207 2219 5912
3 9934 113 7687
3 1351 2110 6363
3 1976 1968 7334
3 5713 9046 9457
3 2512 9257 3858
3 903 9443 4751
3 9977 9185 8549
3 3219 9634 2426
3 4447 9568 6715
3 5347 9233 3040
3 8549 9185 3542
3 8254 3741 6060
3 7645 936 3747
3 4989 2512 9046
3 6059 4109 182
3 1518 7150 9790
3 3760 4739 9233
3 8190 2484 5039
3 2256 1984 9801
3 2426 4209 7964
3 6729 4085 8596
3 9940 8472 9808
3 5099 852 5044
3 2094 2007 3564
3 7850 4931 7466
3 8855 1402 5566
3 7334 8255 358
3 6218 8689 362
3 2704 8464 6230
3 5783 3922 5702
3 9661 4829 8338
3 9661 5409 8828
3 8254 2384 1819
3 8464 2838 6230
3 358 564 4947
3 8527 2484 4470
3 8527 2788 8829
3 540 1518 7964
3 3282 2436 2788
3 9540 10059 4601
3 8377 10113 4884
3 358 8255 3231
3 4739 3760 7613
3 5238 8577 8411
3 400 5347 5791
3 2581 2504 4828
3 2142 8457 4753
3 3425 9187 9629
3 8678 6241 4488
3 5263 3061 320
3 913 203 3600
3 3334 4816 4292
3 1883 8196 7409
3 3453 3419 7559
3 8338 781 4079
3 2412 9258 658
3 2935 6027 1269
3 7618 2227 5568
3 8595 9134 443
3 1747 9927 3784
3 7397 9070 5477
3 44 7309 350
3 4171 554 8620
3 7112 1367 5192
3 7559 2061 781
3 3619 3629 645
3 5660 3423 1280
3 7047 8012 2335
3 9484 478 9056
3 7659 4378 2365
3 6106 4719 4949
3 6752 1645 9398
3 73 7263 8863
3 5497 8062 5936
3 6766 6678 8700
3 7286 1891 5265
3 4115 2650 5335
3 1136 1046 6020
3 2697 4105 7571
3 2375 4307 2354
3 7571 9566 2697
3 7262 2506 5777
3 5777 7043 1910
3 2408 2078 1562
3 8855 9260 3419
3 9849 5265 8384
3 7819 1746 4542
3 7340 9286 7356
3 3109 7206 9713
3 2055 2281 1402
3 2956 8551 5581
3 1877 4407 5285
3 3722 9374 5847
3 4886 4968 8384
3 2328 8380 5752
3 9997 5204 1787
3 9307 7869 6443
3 8733 5240 4306
3 6645 5239 6211
3 2522 8074 8510
3 4068 3567 4176
3 8721 2734 5753
3 476 512 1807
3 7716 525 5617
3 8029 5293 4207
3 7175 9752 1288
3 792 9297 8833
3 9464 1246 7850
3 636 1299 6909
3 3142 3955 1883
3 3722 3098 5938
3 6440 3122 4614
3 2404 8412 3060
3 9424 7702 3502
3 8527 4470 3282
3 9017 3502 9384
3 9191 9042 415
3 3650 1276 8708
3 80 4373 7702
3 8249 6331 8524
3 6749 2812 4292
3 7466 1881 8828
3 2812 8974 3334
3 2766 7827 4868
3 9629 3184 860
3 1943 2938 2435
3 5347 1622 3760
3 8833 2142 792
3 6831 8380 2328
3 6734 7828 8912
3 4590 8108 882
3 5999 5048 4657
3 6937 1357 907
3 9302 612 3467
3 882 7795 4039
3 2241 5280 6802
3 9297 4931 1246
3 1567 4199 6427
3 7320 3322 8587
3 6444 7827 6749
3 5890 2786 9684
3 7126 224 6171
3 1819 882 6700
3 7138 4452 4077
3 8380 9411 5752
3 7320 7126 795
3 6735 5900 2606
3 986 1696 9665
3 8840 8208 9111
3 8641 1048 7930
3 3266 2092 4879
3 1519 8374 6974
3 2143 8936 2204
3 9752 7175 5525
3 3245 659 2550
3 1547 3317 9376
3 9053 1109 1110
3 9099 6793 3628
3 9714 4542 1627
3 3704 7819 4195
3 4159 1986 3317
3 8404 9707 9563
3 7773 3056 5174
3 2149 2793 2764
3 7967 1627 1746
3 6020 9707 8404
3 6071 7307 2919
3 6909 1299 8753
3 8592 9669 5518
3 465 7868 9305
3 7117 3701 4261
3 1891 8000 5265
3 1728 4096 7638
3 9503 659 3245
3 3091 4258 7549
3 340 3361 2276
3 8195 3562 5434
3 470 1189 9757
3 362 3540 7364
3 5139 3194 3266
3 5912 7150 5207
3 3723 1423 4072
3 6472 9290 3184
3 7334 1968 3389
3 6793 291 7947
3 2276 3364 2219
3 1757 2046 6065
3 2276 1762 4643
3 9233 4739 2492
3 6528 92 5940
3 7038 8234 4290
3 7341 2423 1689
3 4781 7315 1976
3 4947 564 7150
3 8255 7334 6330
3 1902 1892 6363
3 8195 1489 5907
3 358 4947 7334
3 5966 9776 5484
3 4863 9845 7728
3 1976 7315 6685
3 5555 2731 4715
3 4115 2568 2650
3 3741 8254 1819
3 5238 1984 1968
3 2256 3389 1984
3 2704 9017 9384
3 6230 2404 3060
3 9017 6605 3058
3 9181 6840 2256
3 7313 3502 3058
3 9424 3502 7313
3 4470 8190 3877
3 4470 8832 2436
3 3529 1032 7320
3 9870 1032 9286
3 3650 8707 5497
3 4306 6893 5716
3 7894 2267 4909
3 7172 274 9363
3 7559 6440 4614
3 4829 8825 6440
3 1350 401 6396
3 5280 5802 8512
3 509 5405 8446
3 9017 2564 7639
3 3566 5039 416
3 1162 3934 10021
3 6749 4292 6444
3 9335 860 3753
3 8316 2658 2421
3 7652 5702 2532
3 58 8460 7921
3 6165 9500 4789
3 7256 1368 7295
3 9187 6218 9629
3 897 9260 8855
3 4010 5 7170
3 9927 8287 126
3 326 5724 7576
3 9868 4667 856
3 2470 520 1993
3 986 5752 9114
3 3628 2568 1368
3 7194 5323 5913
3 4338 3368 5530
3 8012 7311 2335
3 5791 5725 2928
3 5690 1366 2347
3 3840 6091 4307
3 7158 1728 694
3 8656 7613 1099
3 6282 5642 452
3 1783 9661 8338
3 4083 6192 5929
3 8711 5449 9491
3 6221 6339 8012
3 4667 4289 9983
3 7613 1622 1099
3 8384 9221 9849
3 6866 5217 4893
3 4723 5042 9294
3 2182 7011 7531
3 3105 5704 3945
3 2681 2064 7122
3 4723 3317 2473
3 1064 8379 7989
3 4947 7150 5924
3 2265 2260 1183
3 4105 6678 6766
3 8384 5265 4886
3 1189 4879 6665
3 3521 1194 3346
3 930 3535 8457
3 3346 6644 6716
3 7773 5174 9787
3 8255 6330 2919
3 2092 7571 3394
3 4370 3481 8828
3 3082 809 9209
3 1931 6436 6238
3 4571 5704 9932
3 3226 974 4640
3 4062 1355 4893
3 8981 6363 2110
3 1984 5238 8254
3 7873 6315 2809
3 8195 160 4317
3 924 2347 4447
3 7873 1352 6364
3 1641 7959 2008
3 8410 6591 4814
3 4019 4477 4206
3 5363 4932 9039
3 8254 9801 1984
3 6939 6676 6238
3 3939 6676 6939
3 4909 5280 6194
3 4946 2064 5533
3 8830 737 4990
3 3184 9629 160
3 5207 564 8302
3 7827 8155 4868
3 1508 6357 3540
3 2867 2037 8373
3 6702 2793 5105
3 564 5908 8302
3 8302 340 2276
3 6466 8999 4460
3 2975 1284 8805
3 9867 6925 6251
3 3068 5102 3368
3 9894 342 8515
3 5498 5307 2858
3 2276 3361 5593
3 5912 1201 3219
3 4947 540 7334
3 1741 4856 8189
3 781 2061 4079
3 6503 7473 5126
3 8256 3519 10016
3 7334 3389 6330
3 6503 7307 7473
3 2061 7559 3419
3 3142 5120 4378
3 3645 7031 5102
3 6060 3741 6165
3 2037 9798 8373
3 2256 4789 9181
3 7758 1333 943
3 6840 3389 2256
3 9055 4423 3637
3 8459 3609 10061
3 937 3355 5513
3 6165 6700 5857
3 5216 6863 2731
3 1600 924 8168
3 9149 8906 5665
3 7795 277 8717
3 4789 2256 6060
3 8906 9149 8829
3 3128 3379 9464
3 4829 6440 7559
3 3793 8829 7585
3 8829 2788 8906
3 645 2325 8739
3 2241 8446 4973
3 1986 9270 2473
3 1554 1126 1339
3 7042 1986 4159
3 6013 4370 8828
3 8828 1970 9661
3 2347 1366 8007
3 6077 5053 9099
3 2092 3394 4879
3 6297 1663 4686
3 5053 172 9099
3 3266 3194 3091
3 3342 3852 6728
3 7952 1370 4544
3 2338 329 172
3 5053 2470 2338
3 7518 59 5580
3 4893 1355 6866
3 7028 1194 2234
3 2117 2998 4678
3 809 4499 8404
3 1189 470 4879
3 9998 3716 5205
3 3436 8981 2110
3 3535 3142 8739
3 4009 6034 9706
3 4813 7873 6364
3 1818 4596 4567
3 9088 7909 6512
3 7806 783 1880
3 160 3105 7745
3 7291 9302 3467
3 7364 1489 8195
3 4986 2556 9757
3 79 9520 4134
3 7727 3715 1569
3 2728 3035 5139
3 3433 7111 9933
3 5910 8468 3535
3 1035 6116 1222
3 5139 3266 5763
3 7483 4893 3381
3 615 7958 7998
3 617 7868 465
3 7805 5088 1323
3 1942 3351 9395
3 5335 387 5661
3 1809 1954 5662
3 9607 68 8361
3 2181 6221 7047
3 5704 4956 5434
3 4643 4946 5533
3 3219 9790 5912
3 564 358 3231
3 5288 3647 2912
3 5434 5050 5704
3 9490 5498 2858
3 10031 824 8624
3 2615 4989 9328
3 1864 5050 1201
3 4907 7083 4735
3 5040 9726 794
3 7827 4816 1943
3 3231 8255 6503
3 1246 4931 7850
3 340 5126 2123
3 7952 4544 2733
3 3097 9422 586
3 6885 7529 8155
3 5409 7466 8828
3 2333 6995 142
3 2140 7770 6513
3 1589 1360 5542
3 2919 6840 6071
3 1970 8825 9661
3 2108 6513 7770
3 7261 4652 478
3 5702 3934 5783
3 9946 8614 301
3 9547 2390 9876
3 7060 301 7261
3 2733 9148 7799
3 5470 1043 1371
3 2061 3419 8551
3 7240 852 8733
3 2883 8329 9947
3 7766 5875 4667
3 5174 2793 9787
3 6486 6412 5519
3 2764 2249 5914
3 1547 6795 3317
3 3286 1349 9376
3 1547 2957 6795
3 7930 3636 4772
3 5690 6307 203
3 2412 9502 2234
3 8337 2012 3690
3 3502 7702 9384
3 3058 6605 5664
3 2789 9424 7313
3 7408 8501 4180
3 36 415 7700
3 4338 7286 9221
3 2867 7225 5446
3 3368 5102 5530
3 4564 5159 1971
3 5910 4678 6574
3 5349 5283 3658
3 5598 3587 1348
3 520 6077 464
3 3842 2837 2350
3 7042 5996 9616
3 5973 9028 74
3 9752 5525 3542
3 5938 7734 3722
3 3220 3215 4720
3 2338 172 5053
3 5348 3039 3723
3 2717 9563 1064
3 8754 9714 1627
3 6173 8409 1893
3 8689 3836 362
3 6013 4931 2142
3 1993 4542 9714
3 4828 6726 2581
3 7967 2717 1627
3 2650 2568 8265
3 8972 5029 615
3 2994 9354 1472
3 8265 387 2650
3 617 8981 3436
3 7967 1746 1245
3 3716 5662 4009
3 362 7364 4317
3 1788 6676 3939
3 4317 7364 8195
3 9998 1809 5662
3 4944 7727 1569
3 3628 6793 8265
3 1880 783 1846
3 3026 5214 10093
3 1847 7043 295
3 7805 1323 6288
3 5785 7805 9260
3 8512 5802 7409
3 4079 2061 8551
3 8338 4829 781
3 5590 7073 1829
3 6545 1340 5518
3 8739 8457 3535
3 9932 5704 2681
3 2253 3397 9835
3 3425 5785 9187
3 362 9629 6218
3 4643 1762 2214
3 5791 2928 4249
3 8512 6194 5280
3 2681 1353 5818
3 9169 5192 1367
3 4269 3151 5542
3 7240 8733 5890
3 9559 4249 3743
3 3321 6307 1600
3 5126 6625 6503
3 6625 5126 7798
3 3286 9294 6299
3 2778 1423 6908
3 8754 2338 9714
3 6231 8168 4580
3 2219 3364 4643
3 6071 2105 7307
3 1600 6307 5690
3 1349 271 1547
3 2123 3361 340
3 5908 3231 6625
3 4719 1316 4159
3 2032 280 72
3 6071 6840 9181
3 4195 4584 6854
3 6353 1288 5760
3 3394 7571 4160
3 3082 6842 809
3 8591 4586 7186
3 2142 8833 930
3 7571 7246 4160
3 3282 2788 8527
3 6605 2540 5664
3 9099 3628 7256
3 8190 6246 3877
3 6439 2492 4739
3 9977 8101 2114
3 5763 470 2556
3 4927 59 9216
3 930 5774 3535
3 7349 2508 5646
3 5628 3939 6939
3 617 3436 6526
3 5029 9305 615
3 7038 7228 3230
3 6442 9779 5940
3 185 5891 5175
3 9798 6830 5245
3 5628 6301 512
3 4039 6700 882
3 6728 2568 4115
3 4499 4758 1136
3 9671 6806 8803
3 1472 7636 5178
3 5761 9634 5907
3 5062 554 4171
3 9247 4571 9932
3 977 908 7043
3 8828 1881 6013
3 9629 860 3425
3 3466 9285 6367
3 5102 8717 833
3 470 9757 2556
3 5335 9354 7596
3 1136 6939 1569
3 92 1251 6612
3 9335 5088 7821
3 1369 2421 2658
3 9416 6728 6949
3 1201 5050 3219
3 1619 1847 295
3 2812 3334 4292
3 7466 5409 7850
3 9531 2812 4910
3 1883 3955 9505
3 4292 4816 6444
3 4671 1602 7628
3 8289 9163 8338
3 7934 5280 4909
3 5240 852 5569
3 1730 2027 4480
3 6349 8515 6150
3 4948 4574 9022
3 4007 3336 7172
3 3128 9163 8289
3 3593 2029 485
3 2365 4973 7659
3 5928 6191 7791
3 5785 3425 7821
3 7791 8373 4323
3 6071 9181 3860
3 3860 2105 6071
3 4022 3183 1237
3 6923 5288 3953
3 3119 9247 9932
3 6191 886 7791
3 3860 4789 9500
3 2681 5533 2064
3 9630 862 5069
3 3860 9181 4789
3 8829 2484 8527
3 8942 5702 3922
3 8906 7312 5665
3 9384 7702 2704
3 7701 1496 8539
3 2038 9422 10021
3 5533 1864 4643
3 5783 3934 2415
3 7286 5265 9849
3 6361 2265 4338
3 4538 9608 522
3 361 8742 2412
3 2532 5702 8942
3 4990 9669 8830
3 9411 444 1792
3 3645 3860 9500
3 4418 9169 1367
3 4643 1864 2219
3 522 4225 4538
3 8195 5907 3562
3 5120 2365 4378
3 5753 3098 8721
3 9221 8384 6166
3 5092 400 4083
3 1762 8452 5593
3 8373 7791 886
3 2663 774 9897
3 4110 2375 9652
3 9714 2470 1993
3 4833 4634 6608
3 7809 5105 5174
3 5159 464 6077
3 5042 7311 6339
3 3317 6795 4949
3 6288 4134 9520
3 464 4584 4195
3 5785 897 6218
3 4927 6217 59
3 9787 2793 2149
3 8855 5566 6352
3 1245 1746 5068
3 1370 9946 7060
3 6217 3082 9209
3 3248 9212 7630
3 8226 4499 809
3 4879 7129 6665
3 9209 1245 6217
3 9270 6766 2473
3 613 5174 3056
3 4580 4864 6231
3 4735 7083 7600
3 3436 5950 2519
3 5802 4973 2365
3 164 2372 5031
3 5031 2372 10055
3 7228 6849 6736
3 7552 7905 9547
3 1877 2026 7424
3 8195 4956 5704
3 6850 6592 6737
3 5990 1446 1376
3 8872 7952 2733
3 1370 1565 5469
3 6364 5210 4813
3 3101 6197 4648
3 8663 9654 6585
3 4287 5940 7087
3 3611 3119 89
3 5837 5031 10055
3 8510 8074 9339
3 4758 4499 6301
3 9932 3192 3119
3 7698 9443 1466
3 8620 1936 3590
3 3405 635 9958
3 4289 3210 9983
3 4289 9148 3210
3 478 9484 7060
3 5530 5102 7344
3 3521 7175 2234
3 2276 5207 8302
3 2728 521 1472
3 8361 8445 7114
3 5207 7150 564
3 5760 74 6353
3 658 9502 2412
3 2219 1201 5912
3 2214 5818 1353
3 2105 3860 3645
3 4115 7596 6728
3 4946 1353 7122
3 4584 6297 9254
3 5324 6923 3953
3 2263 6190 1183
3 8842 5088 9335
3 5053 520 2470
3 478 4652 878
3 2214 4946 4643
3 5159 4584 464
3 5593 3513 1762
3 7150 1518 5924
3 8302 5908 340
3 2342 293 3685
3 2276 8452 1762
3 3361 3647 5593
3 7175 8742 361
3 5774 930 6185
3 6013 1881 7466
3 5799 2123 4782
3 7798 5908 6625
3 5593 3647 5288
3 6625 3231 6503
3 7799 9148 4289
3 2123 3888 2912
3 3945 6472 7745
3 9415 7758 6667
3 5875 7766 2500
3 4638 10056 1852
3 9297 792 4931
3 1851 7551 4637
3 8812 1164 7180
3 3470 1043 5470
3 9547 7208 3470
3 6194 8512 7894
3 5446 1768 2867
3 4289 3578 5031
3 7034 3578 4289
3 5031 8872 7799
3 4927 5646 6842
3 8195 5704 3105
3 4012 4195 7819
3 9415 6667 4460
3 982 3344 10083
3 3839 6829 5598
3 7444 4106 4022
3 7938 5070 9934
3 2109 7518 9138
3 6349 5716 8515
3 7789 776 2975
3 9684 4708 5890
3 5044 852 7240
3 4701 6041 9275
3 5704 5533 2681
3 9715 4986 9757
3 856 1309 9868
3 8966 9867 6251
3 8551 3419 9260
3 8021 7444 4022
3 9798 5245 7942
3 2142 4931 792
3 7700 415 3870
3 7057 1495 9681
3 3317 4723 9376
3 1385 9694 9042
3 6749 7827 2766
3 6034 4009 9654
3 3230 7998 8234
3 1256 3461 5463
3 1816 8377 6830
3 8523 3954 3295
3 3922 7207 4137
3 3535 8468 3142
3 8457 2142 930
3 2820 7218 4459
3 4966 1610 6707
3 663 3332 3277
3 8409 4813 1893
3 3048 9285 6140
3 7872 4814 5062
3 2653 2193 2641
3 2199 3922 5783
3 10083 3344 8336
3 663 2783 6985
3 1902 8981 617
3 9187 5785 6218
3 9681 8026 3793
3 7770 2304 6367
3 7087 6245 2120
3 2304 7770 2140
3 3120 2462 8584
3 6238 6436 6939
3 9260 5581 8551
3 8289 4079 2956
3 5622 7939 1934
3 9859 2267 7894
3 5815 2169 8975
3 8689 6218 897
3 4479 2706 7100
3 2820 5067 7680
3 130 8805 18
3 519 1298 274
3 3060 8412 9161
3 1943 2435 2843
3 7904 7551 1851
3 8271 8898 3636
3 8208 4223 8641
3 5581 9260 7805
3 7894 8196 6136
3 6251 4928 8966
3 2510 795 3334
3 2975 1365 10001
3 4320 2617 2433
3 7487 2564 2704
3 9761 9043 3923
3 415 36 8898
3 8907 2789 7313
3 5703 7806 2653
3 4988 9913 794
3 5469 1565 7952
3 8828 3481 1970
3 4141 5982 1844
3 2219 1864 1201
3 4753 8457 8739
3 9547 2723 2390
3 9868 2722 4293
3 7207 3922 2199
3 6632 6160 3443
3 1353 2681 7122
3 6367 9285 3048
3 862 7218 5416
3 7904 7766 4293
3 3565 8257 2016
3 5288 3513 5593
3 2199 5783 2415
3 4294 2723 7905
3 10016 3056 8256
3 3840 4307 2375
3 6027 2459 1269
3 4567 4605 5023
3 3131 5852 3225
3 3250 2935 8678
3 8987 5 4137
3 9185 7809 3542
3 4158 5982 1796
3 5933 7034 5875
3 4580 2051 9508
3 5335 5661 3035
3 5888 9120 3964
3 7798 340 5908
3 9260 897 5785
3 9547 3470 7552
3 2276 2219 5207
3 160 9629 362
3 7047 2335 8287
3 5386 9794 3325
3 9296 1416 7165
3 3142 4378 645
3 5598 1148 9652
3 5324 3953 7928
3 9376 9294 3286
3 2181 1349 3286
3 7621 4122 1441
3 182 4109 9134
3 7504 2109 834
3 3105 160 8195
3 6560 2628 10092
3 9209 2717 7967
3 9254 2638 6854
3 9209 7967 1245
3 6842 8226 809
3 1136 6020 8404
3 6299 6221 2181
3 6641 5371 10059
3 10088 6898 1438
3 2389 4709 1735
3 512 476 5628
3 7245 9795 9411
3 9115 5753 2734
3 7745 6472 160
3 512 6620 3426
3 9115 1062 577
3 5102 833 7344
3 1148 5598 1348
3 9706 6442 4009
3 7998 8972 615
3 6472 4571 9247
3 4084 6917 6998
3 7869 6529 6443
3 6166 8384 7029
3 9868 7766 4667
3 444 3579 6690
3 9607 7946 4326
3 2130 5990 1376
3 9221 7286 9849
3 6831 9665 444
3 986 6075 8206
3 2234 9502 7028
3 2928 5725 5347
3 4789 6060 6165
3 5540 5799 7749
3 3513 2214 1762
3 6690 6909 7245
3 2312 9525 5324
3 3647 2123 2912
3 4643 3364 2276
3 1619 295 6324
3 2518 7734 5555
3 5530 7286 4338
3 8384 740 1195
3 3521 3346 6716
3 6909 8753 2691
3 5938 170 5555
3 4753 1082 6013
3 6324 1880 1619
3 5593 8452 2276
3 4338 9221 6361
3 2105 5799 7473
3 3555 178 3030
3 2260 2265 6361
3 5703 2175 1846
3 8144 7824 9623
3 6886 151 8124
3 3888 2123 5799
3 3578 164 5031
3 2733 4544 9148
3 8873 5838 4638
3 2251 5481 8805
3 7894 4909 6194
3 3183 8412 5626
3 7487 9161 4772
3 6733 3658 5331
3 7952 1565 1370
3 7483 9977 8549
3 7126 6171 2938
3 2704 9161 7487
3 7585 8829 9149
3 3782 4988 596
3 5665 2541 7585
3 4470 2436 3282
3 932 9040 6568
3 8537 2540 7700
3 2812 6749 7935
3 4544 7060 9148
3 3210 9148 9484
3 5067 6574 4678
3 7585 9149 5665
3 10029 313 5692
3 3535 4678 5910
3 2267 8973 9530
3 7799 8872 2733
3 9483 863 3209
3 8872 5031 5837
3 10102 9499 2439
3 2500 7904 1851
3 3999 1855 1747
3 7356 3529 795
3 2143 1286 9922
3 3578 7034 164
3 4697 8987 9250
3 4637 5469 8872
3 9499 7879 2439
3 856 4667 247
3 18 5481 7351
3 3151 4697 3999
3 3753 9290 7925
3 4571 6472 3945
3 9247 5423 7925
3 4207 5293 6409
3 8908 4110 242
3 2473 6766 4723
3 3839 4234 6829
3 7698 4207 1935
3 9652 4972 242
3 1746 7819 5068
3 3590 1936 7424
3 1109 2149 5914
3 5158 5860 5283
3 59 5068 5580
3 5704 5050 5533
3 5712 1878 6708
3 2492 9907 9233
3 1401 2508 7349
3 8863 7263 4990
3 6665 2783 7882
3 5137 1119 1779
3 5513 5860 5158
3 476 3939 5628
3 7759 1663 8089
3 5029 465 9305
3 6217 1245 59
3 3816 6513 1222
3 1807 3939 476
3 7122 2064 4946
3 8234 7998 1640
3 3690 2012 2370
3 4986 9715 7882
3 6340 8496 4686
3 6287 5860 5513
3 8972 465 5029
3 1893 5210 6364
3 7038 3230 8234
3 4508 9022 7102
3 4290 4469 7038
3 7552 3470 5470
3 1353 4946 2214
3 3192 9932 2681
3 2500 7766 7904
3 340 7798 5126
3 8488 8592 9872
3 4686 1663 6340
3 1735 7681 2389
3 6340 7759 2289
3 4782 7473 5799
3 1681 9052 302
3 2214 5288 5818
3 9259 1129 7838
3 6854 2638 4802
3 7386 9275 4129
3 3039 9906 1423
3 4687 7759 8089
3 1971 8089 1663
3 9868 4293 7766
3 4323 6377 3931
3 2412 1128 9258
3 7314 3808 9872
3 9835 5271 4960
3 10102 1246 9464
3 987 10084 969
3 3128 8156 9520
3 3521 6716 6866
3 2550 1183 2260
3 613 6186 6510
3 2046 6734 8912
3 507 977 1847
3 6752 8908 951
3 9286 1032 3529
3 7534 2653 7806
3 7821 3425 860
3 2854 7454 4484
3 2663 951 4972
3 2501 1852 3833
3 9531 8974 2812
3 2827 10021 3409
3 1980 9085 1771
3 886 856 247
3 7034 4667 5875
3 3227 5773 2441
3 4459 7543 5236
3 3184 160 6472
3 10067 1771 5215
3 1323 5088 8842
3 5192 9169 6235
3 1360 1589 4010
3 2808 2110 1351
3 4195 4012 464
3 5146 3145 8878
3 9363 1298 9818
3 6427 336 7351
3 2181 7047 8055
3 8042 1354 4717
3 1121 6998 5153
3 6632 5144 9876
3 164 7034 5933
3 5423 1004 7880
3 8312 1121 1310
3 1534 8007 6804
3 7132 2302 5079
3 4678 3535 5774
3 165 5934 2501
3 7194 1805 3376
3 7702 8464 2704
3 1047 9913 3782
3 2032 7350 280
3 7057 7585 8538
3 8026 5040 5039
3 9191 8271 3781
3 8026 9681 5040
3 7585 7057 9681
3 2540 6605 7700
3 4719 4159 4949
3 8709 8842 9327
3 462 4684 5560
3 3317 4949 4159
3 6229 73 4863
3 4129 9275 6041
3 2439 7879 6185
3 1310 1121 2723
3 3833 10056 2373
3 9150 3990 6181
3 2722 9868 1309
3 4322 1588 5929
3 3266 9566 2092
3 5092 1588 400
3 10016 6186 613
3 6917 9558 5153
3 886 8310 856
3 8509 607 1965
3 4515 9872 9835
3 1602 9776 5966
3 966 3277 762
3 8816 7386 2483
3 3048 2108 6367
3 5763 2728 5139
3 3590 6314 7872
3 3590 7872 4171
3 1640 8493 8234
3 1953 1808 513
3 72 1438 7800
3 2523 8511 2120
3 7852 1953 513
3 3939 1807 9999
3 5968 8652 963
3 8973 2267 994
3 313 7435 994
3 795 4816 3334
3 6893 4306 5240
3 3334 8974 2510
3 69 8974 7436
3 9872 5271 9835
3 8472 9940 769
3 10084 7402 2498
3 6778 2175 2641
3 8672 2977 6778
3 9297 1246 2439
3 274 7172 3336
3 3137 1963 4978
3 7409 5802 2365
3 4897 4772 4106
3 1326 6796 5808
3 9043 9761 1386
3 7585 2541 8538
3 36 2564 8898
3 596 3923 9043
3 794 3566 416
3 7207 2199 4412
3 1385 9680 1494
3 10029 8652 6446
3 1543 3787 5166
3 7396 1470 8095
3 2140 6513 3816
3 5446 7225 9326
3 10052 6227 3320
3 6372 1942 6308
3 6185 930 9297
3 5 6235 9608
3 7746 2111 4038
3 2303 7534 6366
3 10039 2806 5730
3 6558 3573 2015
3 8289 5581 3128
3 2415 1162 2199
3 8012 7047 6221
3 2031 6510 6186
3 7409 5120 1883
3 5288 2214 3513
3 9505 3142 8468
3 824 2716 1216
3 2263 6705 8197
3 6231 3501 3519
3 5126 7473 4782
3 1937 9053 1110
3 5423 9247 3119
3 2853 1805 7194
3 3512 5167 6240
3 7581 9532 3124
3 8842 9335 9327
3 3018 3068 3405
3 4782 2123 5126
3 7102 7880 1004
3 4039 8717 5102
3 7168 8735 9912
3 5818 6923 4129
3 2469 4709 2389
3 7805 5785 5088
3 9335 7821 860
3 4129 3192 5818
3 9216 5646 4927
3 1136 8404 4499
3 320 3061 6255
3 7998 3230 8972
3 9654 4009 9208
3 74 5760 5973
3 8754 1064 7989
3 2265 6190 4338
3 3704 2071 6103
3 275 9671 1574
3 7636 1472 521
3 9326 3391 1157
3 2109 10121 3292
3 4813 5210 1893
3 1663 4564 1971
3 7038 8956 7228
3 554 5062 5990
3 1993 520 464
3 9654 616 6034
3 4758 6939 1136
3 6217 6842 3082
3 3716 4009 5205
3 7687 7938 9934
3 4678 5774 2117
3 987 9499 3379
3 5730 5768 10039
3 2439 1246 10102
3 987 2806 10084
3 2498 2814 9944
3 969 9499 987
3 5948 10083 6769
3 4134 6288 7157
3 9944 7879 2498
3 7925 9049 9327
3 9752 8424 1946
3 9207 8730 7361
3 5236 1883 4459
3 4106 7444 8119
3 537 9283 7832
3 9818 9684 9363
3 9161 4106 4772
3 2094 5354 2007
3 4571 3945 5704
3 3636 4509 3781
3 7861 4701 89
3 9726 9681 9761
3 9761 9681 1386
3 8538 1495 7057
3 1298 6427 4199
3 3192 6041 7861
3 3223 4626 2643
3 3647 3361 2123
3 5688 3405 8333
3 7335 2251 8021
3 3119 7861 89
3 7231 3888 5799
3 9532 7581 3119
3 5540 7231 5799
3 6937 506 8062
3 2912 3888 7231
3 7600 1816 8257
3 1846 2837 3842
3 2994 4066 3342
3 3029 743 6057
3 6949 4687 9416
3 7749 3018 9958
3 3098 5753 5938
3 6563 4419 6930
3 2037 2152 9798
3 2957 1272 6351
3 2483 7386 7168
3 2665 89 4701
3 1547 9376 1349
3 8753 906 7513
3 2071 8116 7504
3 2122 5010 4176
3 9982 7692 3690
3 7998 7958 1640
3 8333 8632 5688
3 8493 4852 1574
3 4715 437 196
3 8494 1641 2008
3 6301 6842 6675
3 5002 7232 5572
3 470 5763 3266
3 3426 6620 5010
3 8970 7350 6008
3 8970 209 5996
3 8956 8803 3371
3 6592 8409 6737
3 8253 2756 9485
3 1416 3744 7604
3 3394 4160 9616
3 9795 2481 7650
3 6737 8409 6173
3 9481 7916 6804
3 9309 9138 7819
3 1189 7882 9715
3 4326 3342 4066
3 659 2263 2550
3 7028 8383 1194
3 1470 4740 443
3 68 4066 5178
3 1223 9080 4277
3 5688 635 3405
3 7636 521 4257
3 7650 2481 169
3 7819 3704 9309
3 1401 6675 5646
3 8496 9625 4686
3 8926 821 7542
3 4217 1276 3650
3 313 6924 7435
3 2484 8829 3793
3 3636 3781 8271
3 7700 6605 9017
3 3566 7005 1162
3 9530 4909 2267
3 7291 6894 7806
3 3229 4224 8625
3 987 597 5730
3 523 1800 3405
3 5311 334 9627
3 6396 2148 4122
3 7734 2518 7621
3 2628 4466 6446
3 9568 8007 3840
3 5001 9411 9795
3 2643 4626 4787
3 2576 8521 5984
3 3340 7717 3129
3 475 4928 10
3 1298 4199 5044
3 7894 6136 9859
3 2797 6830 7921
3 6992 336 3756
3 9983 4218 247
3 3068 3018 7749
3 7218 9630 9861
3 6190 523 3068
3 9326 4218 3391
3 8197 6705 2803
3 6166 7029 9503
3 8435 8748 5319
3 5236 8196 1883
3 7805 8156 5581
3 2550 2263 1183
3 8816 4701 9275
3 9714 2338 2470
3 3785 1294 2327
3 2814 7186 4586
3 2665 3124 9532
3 7680 5597 7218
3 2857 5501 7048
3 9335 3753 9327
3 6190 3068 3368
3 5088 5785 7821
3 5288 2912 3953
3 196 1416 9296
3 6288 8156 7805
3 5288 6923 5818
3 1752 9676 9474
3 2234 7175 361
3 8338 9163 3128
3 7861 6041 4701
3 1162 2415 3934
3 1162 5300 2199
3 4721 3029 5300
3 6041 3192 4129
3 2820 6574 5067
3 2056 59 7518
3 2723 1121 2390
3 1035 4735 3565
3 5982 7386 1796
3 8338 3128 1783
3 860 9290 3753
3 8946 1043 3470
3 5818 3192 2681
3 3248 863 9483
3 5 4538 4137
3 10102 3379 9499
3 7231 5540 9958
3 6850 8957 1447
3 8946 2691 2883
3 1855 1577 1748
3 10056 3833 1852
3 616 8663 7960
3 7851 3426 9081
3 5662 9208 4009
3 3939 9999 1788
3 9835 1369 2253
3 8373 3970 8413
3 6288 8868 7157
3 2439 6185 9297
3 9411 1792 7245
3 9290 6472 9247
3 5934 5876 2501
3 5031 7799 4289
3 2501 2373 165
3 4289 4667 7034
3 7749 3645 3068
3 7717 5948 5167
3 3119 7581 5423
3 5692 2267 9859
3 3542 8424 9752
3 5469 4637 7551
3 1946 8424 613
3 1934 8766 1895
3 6136 8196 5968
3 247 4667 9983
3 8709 9049 8272
3 6349 4306 5716
3 342 9894 6925
3 7168 4508 3124
3 863 3248 6466
3 5890 8733 4306
3 9250 4137 4412
3 5511 7856 3584
3 4058 4103 1758
3 1880 6324 7806
3 3056 7773 8256
3 3600 3835 913
3 8816 9275 7386
3 2335 5192 126
3 4058 6018 4103
3 8473 4657 9645
3 274 3336 519
3 1119 6829 2128
3 9540 9491 6641
3 2800 72 7915
3 5080 10053 8415
3 336 1298 3756
3 89 2665 3611
3 7168 7386 8735
3 7534 7133 2653
3 1183 6190 2265
3 3336 6992 3756
3 8460 58 1157
3 7351 6992 18
3 9216 59 2056
3 4657 5048 9645
3 1971 9827 9416
3 7838 5048 2803
3 6447 7128 3689
3 1757 3515 5403
3 271 2181 1272
3 5580 5068 9138
3 6356 9940 1072
3 10088 280 7350
3 2975 776 1284
3 7930 4772 8208
3 5936 3841 2349
3 9525 7808 4158
3 5910 6574 9505
3 7819 4542 4012
3 5067 2998 8591
3 9199 598 5947
3 2564 9017 2704
3 7487 3636 8898
3 3587 6829 1119
3 5040 9681 9726
3 7390 4058 1758
3 3409 5039 2827
3 5137 42 1348
3 1356 6750 3680
3 5646 6675 6842
3 1157 3391 2371
3 2498 7402 1426
3 4853 8494 2008
3 884 7909 9088
3 1902 465 8972
3 9525 7386 6923
3 6585 9654 9208
3 3816 5163 2140
3 6227 5079 2302
3 2009 7960 8663
3 9483 9055 3637
3 5996 7042 5560
3 4586 2998 2117
3 3953 2912 7928
3 9520 79 3128
3 7231 9037 7928
3 6310 9208 6754
3 6675 5010 6620
3 8166 38 8709
3 7165 2778 9296
3 274 1298 9363
3 3343 3604 3074
3 6925 9867 342
3 994 2267 313
3 8966 475 6150
3 9861 9630 195
3 7436 6925 1307
3 9958 5540 7749
3 5525 7175 4062
3 7639 2564 36
3 1494 7700 1385
3 9958 3018 3405
3 6937 907 976
3 8714 9250 6057
3 9944 2814 2117
3 5702 7652 3934
3 6182 6463 9364
3 6166 3245 6361
3 523 5999 1800
3 6017 6488 6065
3 2016 6116 1035
3 7879 9944 2117
3 5692 9859 6136
3 7216 6722 5708
3 2117 5774 7879
3 8987 4137 9250
3 6908 401 1350
3 1880 4006 1619
3 7850 1783 9464
3 8061 4006 3842
3 9233 9907 3040
3 7680 5067 8591
3 7218 9861 5236
3 6231 3321 1600
3 7925 7880 9049
3 2928 4071 4249
3 1426 7402 4182
3 9118 8979 2389
3 7310 6680 3604
3 9244 4298 1068
3 4016 5307 5498
3 5324 7928 2312
3 8089 1971 9416
3 9525 4158 1796
3 6297 4564 1663
3 2354 7785 4833
3 6447 9625 7128
3 6734 499 6485
3 10067 6280 7208
3 4687 8089 9416
3 3744 2731 6863
3 2605 499 6734
3 5791 6918 4083
3 380 2571 2314
3 9547 7905 2723
3 5996 5560 10088
3 886 6191 8310
3 2556 4257 5763
3 2665 2483 7168
3 7518 4188 2056
3 3587 5598 6829
3 9118 4948 9022
3 5996 209 7129
3 1752 4865 3292
3 4574 9091 7880
3 6842 6217 4927
3 6301 8226 6842
3 275 2558 6806
3 6160 2390 1121
3 396 8502 884
3 3230 6172 1902
3 6585 4374 8663
3 4508 282 4148
3 7861 3119 3192
3 641 5319 23
3 7375 4349 8585
3 834 9309 3704
3 5646 2508 1401
3 4469 4290 9671
3 5102 3068 3645
3 9654 8663 616
3 9080 1953 7852
3 2867 2152 2037
3 2797 5275 1813
3 6753 1953 3990
3 5662 3716 9998
3 6949 7759 4687
3 969 10084 2498
3 3923 9726 9761
3 4621 7140 5172
3 2370 2012 8337
3 79 9211 7939
3 100 3464 1426
3 6412 3674 9630
3 6344 8144 7408
3 7734 9374 3722
3 7907 3340 6667
3 4134 7157 8766
3 9091 7023 7880
3 133 3933 1257
3 7646 6197 3101
3 3342 7596 2994
3 9327 3753 7925
3 9505 4459 1883
3 9568 8352 6715
3 5108 8373 886
3 8352 8168 6715
3 2373 2501 3833
3 1272 2957 271
3 6106 462 1316
3 1272 8055 1748
3 6795 2957 1045
3 2665 4701 8816
3 8473 3171 9471
3 2312 7808 9525
3 7218 7543 4459
3 1349 2181 271
3 3209 863 6466
3 8515 69 1307
3 9958 9037 7231
3 3011 1059 7186
3 5560 7042 462
3 313 2267 5692
3 2147 1800 5999
3 3368 4338 6190
3 1307 69 7436
3 8515 1307 9894
3 1316 4719 6106
3 1913 2940 9271
3 8021 2251 7444
3 6466 7692 9982
3 8641 7930 8208
3 8197 6190 2263
3 9474 4188 1752
3 7386 4129 6923
3 3229 794 1047
3 2134 10041 6752
3 1792 444 6690
3 5982 8735 7386
3 4072 1423 2778
3 169 6445 5215
3 242 4110 9652
3 6985 2032 5620
3 5769 5010 2133
3 5048 270 4371
3 6861 1980 3443
3 1059 6281 7186
3 1577 1855 3373
3 5646 9216 7349
3 9958 635 5688
3 7880 7102 4574
3 6243 8166 8272
3 3393 380 2314
3 5178 2994 1472
3 4290 8234 8493
3 6511 1575 9087
3 3011 2814 2498
3 8748 4647 5045
3 3102 4257 5693
3 6620 512 6301
3 3379 79 5730
3 8445 8435 5319
3 5446 58 7921
3 8972 3230 1902
3 7376 5572 7260
3 7049 7645 3747
3 6736 6172 7228
3 7228 6172 3230
3 4023 2425 23
3 4115 5335 7596
3 7996 699 4326
3 884 9088 4374
3 6248 1208 4903
3 7194 8488 2853
3 969 7879 9499
3 438 9768 949
3 6997 6192 4083
3 6918 5791 9559
3 10067 6445 169
3 7596 9354 2994
3 8925 3689 7870
3 6160 1121 5153
3 8257 1816 4081
3 4447 2347 8007
3 8166 3898 38
3 2071 6854 4802
3 8515 5716 7356
3 8776 7340 7356
3 2701 6353 74
3 7939 9211 1934
3 1288 8742 7175
3 6510 5760 1946
3 3501 2031 3519
3 8868 1323 8842
3 6861 9085 1980
3 7208 9876 1771
3 5069 6412 9630
3 9876 2390 6160
3 8878 3446 5146
3 3445 5742 6633
3 8156 6288 9520
3 5048 5999 270
3 2803 4371 8197
3 8620 5990 2130
3 7604 4250 7165
3 1162 5997 3566
3 3199 8547 7575
3 7293 9204 371
3 3538 3295 3954
3 8987 3151 4269
3 3922 4538 4225
3 2128 6829 6087
3 7085 7838 1129
3 3124 4508 7581
3 5542 3151 3784
3 7925 9290 9247
3 6705 2263 659
3 5423 7581 1004
3 4802 9200 6547
3 4012 1993 464
3 683 2033 7180
3 1385 7700 9694
3 5347 4071 2928
3 5039 2484 8026
3 7649 7349 4188
3 282 4508 7168
3 2483 2665 8816
3 7102 1004 4508
3 7518 2109 4188
3 3119 3611 9532
3 7251 2958 1742
3 7168 3124 2665
3 7494 6342 5936
3 9118 9022 4148
3 9791 7823 579
3 9816 10052 1913
3 2161 2735 5070
3 2675 5002 3567
3 8311 6192 6997
3 1771 9085 6861
3 9081 5769 2133
3 5942 1813 5275
3 71 9840 383
3 2009 8663 4374
3 5620 762 6626
3 1447 6592 6850
3 4171 7872 5062
3 5049 8735 5982
3 5215 6445 10067
3 8380 444 9411
3 1796 7386 9525
3 9049 8709 9327
3 1895 5622 1934
3 6466 8337 3690
3 10029 9792 6924
3 7436 8974 995
3 6288 1323 8868
3 7887 6446 4466
3 9818 1298 5044
3 6924 9792 6250
3 3379 10102 9464
3 7402 10084 2806
3 10 2010 5656
3 2412 8742 6353
3 1307 6925 9894
3 7887 8009 8290
3 8531 6349 7568
3 4326 3398 7996
3 8531 5656 2786
3 3326 5213 559
3 100 530 4070
3 4864 9508 3501
3 1288 9752 1946
3 4988 9726 596
3 9684 2786 5656
3 9191 3781 595
3 9042 3870 415
3 3671 6739 7188
3 8256 7773 9053
3 7216 3820 2158
3 8805 5481 18
3 794 416 5040
3 5300 1162 4721
3 1557 5263 320
3 3411 9183 6392
3 5416 3734 10080
3 7351 336 6992
3 7700 9017 7639
3 2251 7335 5481
3 7808 2312 9430
3 3029 6057 9250
3 2469 4148 9912
3 5988 1284 8738
3 237 8738 87
3 7880 7925 5423
3 6281 6748 3734
3 9872 4515 2853
3 1284 776 5177
3 282 7168 9912
3 9912 8735 5049
3 1375 1445 8956
3 2807 1735 9244
3 7100 6009 2807
3 6891 9568 4110
3 9912 4148 282
3 9525 6923 5324
3 9532 3611 2665
3 7188 6739 2965
3 4574 488 9091
3 10083 3127 6558
3 38 8868 8709
3 6103 2071 7504
3 3292 4865 2109
3 38 3898 7157
3 6414 9037 9958
3 1045 2957 6351
3 2135 4740 1470
3 3747 9328 7049
3 9616 1986 7042
3 462 7042 4159
3 2312 7928 9037
3 9676 380 3393
3 6898 10088 3022
3 10088 5560 3022
3 2998 5067 4678
3 3658 5283 5331
3 9409 7493 2675
3 10088 8970 5996
3 8709 8272 8166
3 6414 9958 5688
3 6004 1294 1260
3 60 1759 7829
3 1574 4290 8493
3 3785 8166 6243
3 9845 8863 737
3 7342 2133 1615
3 7023 9049 7880
3 8272 9049 7023
3 1128 74 9028
3 3102 7636 4257
3 9486 5178 3102
3 7349 7649 10108
3 9150 10064 7022
3 1575 6511 661
3 8803 8956 4469
3 1164 2806 10039
3 9840 2327 383
3 3857 1164 8812
3 8232 2158 4070
3 4863 8863 9845
3 5561 6597 4863
3 4928 475 8966
3 4743 4296 5625
3 5103 8009 7887
3 3782 9913 4988
3 3509 10092 195
3 5968 8196 5236
3 8271 415 8898
3 2786 5890 8531
3 8193 1657 2438
3 5738 423 1888
3 7186 2814 3011
3 4668 2683 3258
3 5900 8194 6597
3 5597 7680 8591
3 7553 5199 3712
3 4022 7335 8021
3 4022 1567 7335
3 6324 295 7291
3 237 87 6319
3 1880 5882 3842
3 4969 2253 7628
3 1426 3464 3011
3 1004 7581 4508
3 9022 4508 4148
3 8979 4148 2469
3 7746 1735 4709
3 4988 794 9726
3 8062 506 4005
3 4038 9430 1161
3 3171 8473 5307
3 8868 8842 8709
3 7900 4419 6563
3 9791 4519 3269
3 524 4878 7625
3 2735 2161 8705
3 4171 8620 3590
3 3898 8166 3489
3 4963 488 4574
3 5513 9139 4217
3 9138 5068 7819
3 6243 8272 7023
3 9052 4054 302
3 5982 4158 7808
3 9138 9309 2109
3 8256 3321 3519
3 1855 8055 1747
3 5972 7853 1314
3 2109 4865 1752
3 3292 380 1752
3 2111 4141 1844
3 2134 4580 10041
3 3321 8256 3600
3 8197 523 6190
3 5858 3616 1849
3 4141 2111 2469
3 3577 9794 5386
3 2347 1600 5690
3 5982 7808 1844
3 6181 7341 9150
3 2438 1657 1566
3 616 9306 6034
3 3321 3600 203
3 523 8197 4371
3 3010 6916 8632
3 1581 9195 8347
3 2807 6009 4963
3 5049 8420 2469
3 9616 4160 1986
3 951 8908 242
3 2481 9795 8946
3 4371 2803 5048
3 5049 5982 4141
3 9625 9254 4686
3 3127 497 6558
3 5990 6591 1446
3 4374 9088 2009
3 699 3342 4326
3 6310 396 884
3 6620 6301 6675
3 7021 8502 396
3 4584 5159 4564
3 7129 9616 5996
3 9607 641 7946
3 169 2481 10067
3 3781 4509 1048
3 596 9043 9192
3 8898 2564 7487
3 5890 4306 8531
3 4218 3691 3391
3 524 2349 4878
3 5103 4466 3913
3 5416 5069 862
3 7650 169 5937
3 195 10092 5968
3 1844 4038 2111
3 650 7005 3566
3 10 7568 475
3 2554 4096 1728
3 8580 5195 6009
3 3247 1854 7383
3 2289 7759 6949
3 2289 699 7580
3 5159 7295 1971
3 52 7823 2607
3 5968 963 6136
3 5555 170 5216
3 5348 3723 4072
3 1423 252 4622
3 8509 4751 607
3 488 1260 6202
3 2152 2867 1768
3 3010 8333 9471
3 6854 3704 4195
3 365 10007 692
3 7928 2912 7231
3 6547 3292 2442
3 7555 1681 302
3 2965 6739 10080
3 9840 3489 2327
3 5937 5001 7650
3 4715 2731 1416
3 6202 9091 488
3 159 1161 9430
3 6693 6127 2156
3 2393 4376 6247
3 3470 6280 8946
3 7408 8144 8501
3 4134 9211 79
3 3101 5984 7646
3 8846 5104 3208
3 6106 1045 3458
3 10080 3734 6748
3 2412 2234 361
3 4580 9508 4864
3 3743 6862 9559
3 3820 4135 624
3 7277 5511 5041
3 9676 7649 9474
3 6739 7259 10080
3 3405 3068 523
3 7681 1735 2807
3 8333 2147 8473
3 1060 5611 7101
3 2803 6705 9259
3 7850 9661 1783
3 2321 9227 2874
3 2252 1024 5557
3 4148 8979 9118
3 9671 275 6806
3 2806 1164 7402
3 2858 5307 7085
3 2469 9912 5049
3 512 3426 7851
3 9757 1189 9715
3 663 3277 4986
3 5929 1588 5092
3 2389 8979 2469
3 9486 3102 5693
3 2133 2757 6180
3 7208 9547 9876
3 3990 6309 6753
3 3588 2423 7375
3 4278 2133 6180
3 5101 2393 9785
3 4928 8291 2010
3 3102 5178 7636
3 2367 4928 6251
3 6924 313 10029
3 5045 5693 4257
3 7683 143 5163
3 9486 5693 4647
3 2010 10 4928
3 6319 87 5177
3 3277 966 8748
3 5178 9486 68
3 650 3566 2849
3 342 6150 8515
3 5929 5092 4083
3 6250 4805 7887
3 9254 6297 4686
3 1309 856 8310
3 4459 9505 2820
3 3405 1800 8333
3 5144 1980 9876
3 4044 9111 8894
3 8877 5742 3445
3 1747 3784 3999
3 3029 2199 5300
3 4721 7005 4798
3 4038 1161 4298
3 9669 4356 5518
3 4259 7800 4684
3 3489 8166 3785
3 5742 8877 3144
3 8333 1800 2147
3 2607 6772 52
3 5192 6235 4010
3 6017 357 8912
3 9211 4134 8766
3 8055 7047 8287
3 1934 9211 8766
3 9927 126 1589
3 1748 8055 1855
3 4625 8290 8009
3 2756 4095 8634
3 1855 3295 6930
3 7681 9118 2389
3 3898 8766 7157
3 4218 5108 247
3 1260 3785 6243
3 9101 6031 4497
3 6243 7023 6202
3 2109 9309 834
3 4188 9216 2056
3 2393 1573 2562
3 270 5999 523
3 2312 9037 6414
3 9471 6285 3010
3 4182 7402 3857
3 8473 2147 4657
3 3489 9840 3898
3 9785 488 5195
3 7194 8592 8488
3 5891 4480 7248
3 3857 7402 1164
3 3144 6633 5742
3 461 9959 3686
3 3281 6213 2875
3 7414 360 276
3 9860 5635 744
3 4374 6585 884
3 2147 5999 4657
3 7871 530 3857
3 3277 2556 4986
3 6009 488 4963
3 5498 6285 4016
3 983 7180 2033
3 1260 1294 3785
3 2129 8956 3371
3 4948 9118 7681
3 9208 5662 1954
3 5275 7876 5942
3 1953 9080 1223
3 1954 6754 9208
3 7342 2757 2133
3 983 8232 7871
3 8654 4563 6405
3 2814 4586 2117
3 7871 4125 983
3 79 3379 3128
3 6250 9792 10029
3 8766 3898 9840
3 5103 7887 4466
3 963 10029 5692
3 4070 2158 100
3 6133 8065 664
3 1895 7992 7141
3 10039 3662 683
3 7273 7496 5610
3 507 1847 1619
3 3785 2327 3489
3 6510 5973 5760
3 10016 3519 2031
3 5236 7543 7218
3 1369 5311 2253
3 5760 1288 1946
3 8738 8119 7444
3 290 1784 6772
3 2349 1845 2976
3 383 2327 2562
3 9326 5108 4218
3 6466 7630 9415
3 8805 1985 2975
3 9982 3209 6466
3 743 3029 4721
3 5656 7172 9684
3 4007 1985 3336
3 3636 7487 4772
3 1047 794 9913
3 365 3649 7141
3 9591 215 2031
3 2107 1527 7782
3 4223 5277 1048
3 2304 2140 6228
3 6004 2393 2562
3 9568 6891 8352
3 6340 1663 7759
3 4137 4538 3922
3 2706 2264 3256
3 4010 6235 5
3 2289 6949 699
3 4709 2111 7746
3 6202 7023 9091
3 9645 7085 5307
3 7085 9645 7838
3 3699 4436 205
3 3595 9071 1327
3 1477 8623 9614
3 6774 6316 5172
3 6285 6993 3010
3 5307 8473 9645
3 1844 7808 9430
3 6106 6795 1045
3 1072 9808 5322
3 6483 6507 903
3 9377 2017 1266
3 7518 5580 9138
3 9430 2312 6414
3 5693 5045 4647
3 7397 8131 7219
3 9794 3550 125
3 1086 3337 2871
3 2459 6027 3250
3 2071 3704 6854
3 10108 2675 3567
3 2358 1214 7909
3 8803 4469 9671
3 9200 4802 3774
3 3131 6255 4624
3 7681 2807 4963
3 4963 4574 4948
3 3990 1953 1223
3 9259 6705 659
3 1779 6483 903
3 8013 7376 7342
3 519 3756 1298
3 4787 3306 2643
3 2371 3391 3691
3 2295 5314 693
3 963 5692 6136
3 5153 6998 6917
3 7444 2251 5988
3 5101 4376 2393
3 159 5212 9549
3 8460 1157 6109
3 2902 2099 4555
3 1899 8840 9111
3 9296 2778 6908
3 488 9785 1260
3 8125 3117 486
3 5101 5195 8580
3 1504 9299 2706
3 2807 9244 7100
3 1346 1068 7955
3 3609 2370 3129
3 4762 3879 2797
3 3269 1161 9549
3 9430 6414 159
3 4709 2469 2111
3 2806 987 5730
3 2393 6004 9785
3 5768 5730 7939
3 7218 2820 7680
3 6197 7646 4969
3 10067 7208 1771
3 1622 7613 3760
3 6280 3470 7208
3 8232 4070 530
3 4798 7005 650
3 743 3954 8714
3 9847 768 8645
3 1771 9876 1980
3 3443 5153 9558
3 5446 1157 58
3 290 2607 9553
3 6633 3144 5145
3 2469 8420 4141
3 4135 2965 6748
3 3269 9549 9791
3 6722 1733 5708
3 8591 2998 4586
3 7165 4072 2778
3 2371 6109 1157
3 8620 2130 2321
3 6930 5579 1855
3 6667 943 9195
3 3375 8775 7234
3 9490 7085 1129
3 4016 3171 5307
3 4802 6547 2442
3 7180 983 8812
3 1142 5349 2604
3 8812 4125 3857
3 7180 1164 10039
3 271 2957 1547
3 4141 8420 5049
3 2109 7504 10121
3 4188 2109 1752
3 5715 7649 9676
3 9398 2134 6752
3 7225 2867 5108
3 1615 2133 2122
3 762 7841 3332
3 2556 5045 4257
3 7838 2803 9259
3 7193 7663 7415
3 8168 8352 9844
3 1615 5002 5572
3 2462 9860 744
3 4254 7731 8793
3 391 1363 2461
3 2327 1294 2562
3 5730 597 3379
3 2829 276 360
3 9081 3426 5769
3 3426 5010 5769
3 4580 8168 9844
3 10099 1573 4147
3 7114 8445 5319
3 5555 7734 5938
3 2375 7387 3839
3 7022 6309 3990
3 6113 1905 1024
3 5416 5597 3734
3 7157 8868 38
3 3464 100 3820
3 8591 3734 5597
3 2518 4122 7621
3 1426 4182 100
3 2958 7259 6739
3 9410 8117 4714
3 2158 6064 7216
3 3444 6161 5154
3 10092 2628 6446
3 5514 4168 6796
3 6197 2604 4648
3 596 9726 3923
3 3336 3756 519
3 4281 3376 1805
3 5561 1681 7555
3 6861 5215 1771
3 3671 1742 2958
3 3690 7692 6466
3 5481 7335 7351
3 983 4125 8812
3 8592 7314 9872
3 9630 3674 195
3 5519 8774 1963
3 1365 5656 3223
3 2498 7879 969
3 2033 3662 6343
3 5331 5497 5936
3 2072 3921 8785
3 3538 162 10034
3 6353 2701 2412
3 7939 5730 79
3 4376 4497 6031
3 4281 4969 7646
3 3993 2031 215
3 8176 71 2918
3 3519 3321 6231
3 488 6009 5195
3 3520 1289 1609
3 6715 924 4447
3 4298 9244 1735
3 1260 6243 6202
3 613 3056 10016
3 7733 8803 2558
3 7580 699 7996
3 1068 4479 9244
3 1456 9794 3066
3 4949 6795 6106
3 4376 5101 9299
3 7882 1189 6665
3 6547 9200 3972
3 209 2783 6665
3 5379 3930 3520
3 4963 4948 7681
3 9956 2264 2706
3 2314 9409 3393
3 7349 9216 4188
3 3214 7541 5023
3 8361 68 8445
3 4298 3269 7955
3 5381 6735 5404
3 276 661 7414
3 5635 7663 7193
3 2858 7085 9490
3 2911 275 2828
3 8803 6806 2558
3 3280 9227 2321
3 4519 579 1346
3 9087 4853 2008
3 6181 3990 4277
3 2122 4176 3567
3 884 9208 6310
3 8502 7909 884
3 1735 7746 4298
3 1895 8766 7992
3 7638 2735 694
3 4038 1844 9430
3 1470 7481 5562
3 9471 8333 8473
3 4371 270 523
3 5166 205 4436
3 1436 2834 6484
3 6734 1757 5403
3 6142 8449 7885
3 2562 1294 6004
3 9791 9553 7823
3 3752 4563 1997
3 3570 4453 692
3 3256 1504 2706
3 4100 1573 10099
3 7100 9244 4479
3 5565 4478 7547
3 9299 6009 7100
3 4298 7746 4038
3 9204 9935 9490
3 3411 974 3226
3 1068 4298 7955
3 5163 143 5517
3 122 148 7390
3 7100 2706 9299
3 159 6916 290
3 9956 1068 1346
3 4298 1161 3269
3 7120 6768 5412
3 5517 143 8976
3 1068 2706 4479
3 5079 6227 10052
3 6150 342 8966
3 8966 342 9867
3 8062 5497 6937
3 3842 5882 1846
3 9955 6498 4466
3 4805 6446 7887
3 6133 5103 8065
3 215 9508 514
3 3816 1222 5163
3 9271 2940 1677
3 130 1985 8805
3 475 7568 6150
3 8632 6916 159
3 3151 8987 4697
3 215 9591 9508
3 3365 2161 4180
3 650 2849 1326
3 3820 624 3464
3 9161 8412 3183
3 8271 9191 415
3 4509 3636 7930
3 4456 5284 2447
3 3842 4006 1880
3 5708 1733 3824
3 3 8232 2014
3 3011 2498 1426
3 5172 7140 6774
3 5007 7251 1742
3 4364 9808 8472
3 2350 2837 1846
3 2653 2641 5703
3 530 4182 3857
3 7580 3689 7128
3 8925 6447 3689
3 159 6414 8632
3 682 5208 3755
3 8633 8093 4751
3 289 42 5137
3 2641 2193 7133
3 1577 3373 4259
3 10121 7504 8116
3 6993 7032 9935
3 7534 8813 6366
3 4802 8116 2071
3 3292 10121 2442
3 10092 8652 5968
3 9652 1148 4972
3 1784 290 6916
3 2160 2200 6901
3 9535 5069 7259
3 2303 7133 7534
3 2442 8116 4802
3 10029 963 8652
3 1742 5084 5007
3 6412 9477 5519
3 4125 7871 3857
3 5703 783 7806
3 3022 5560 4684
3 2169 5815 381
3 9474 7649 4188
3 2783 209 6008
3 8748 5045 3277
3 6285 9471 4016
3 4563 1829 6118
3 3879 6127 8843
3 4068 7349 10108
3 6577 6719 7434
3 23 2646 8712
3 8445 68 9486
3 2675 3693 5373
3 3379 597 987
3 9146 6127 3879
3 8803 7733 3371
3 1575 661 276
3 363 8559 7831
3 699 6949 3342
3 7141 71 8176
3 9645 5048 7838
3 5010 1401 4176
3 8785 10094 2094
3 8435 4647 8748
3 4257 521 5763
3 1257 215 133
3 9381 6718 3616
3 4066 68 9607
3 4864 3501 6231
3 196 437 1416
3 133 215 514
3 951 1645 6752
3 4250 4072 7165
3 886 247 5108
3 7383 9254 9625
3 9250 4412 3029
3 6861 3443 9558
3 3820 100 2158
3 8232 530 7871
3 8337 6471 2370
3 1142 1602 1705
3 5212 9553 9791
3 4250 7604 3744
3 5264 6486 5519
3 3223 8980 1365
3 3734 8591 7186
3 7217 9514 7550
3 4625 5103 6133
3 3223 5656 2010
3 1365 4007 7172
3 5988 8738 7444
3 100 4182 530
3 8055 1272 2181
3 130 6992 3336
3 5656 7568 10
3 1980 5144 3443
3 4969 7628 6197
3 2014 1733 3
3 3458 1045 1577
3 2033 2014 983
3 1846 783 5703
3 828 4877 8672
3 2014 8232 983
3 4456 2447 1326
3 7278 7252 7041
3 9637 6687 4693
3 1047 5276 3229
3 8580 6009 9299
3 2487 992 3851
3 3458 1577 4259
3 7806 6894 7534
3 10121 8116 2442
3 5380 3693 6311
3 2604 6197 1142
3 380 3292 2571
3 6004 1260 9785
3 9861 5968 5236
3 9922 5765 689
3 5622 5768 7939
3 6777 7378 4906
3 6884 8793 4562
3 2175 5703 2641
3 2783 663 7882
3 7992 9840 71
3 3277 5045 2556
3 9785 5195 5101
3 1575 4853 9087
3 3740 6709 6506
3 397 6309 7022
3 5101 8580 9299
3 1346 579 2264
3 7141 3649 1895
3 3510 8117 1417
3 1214 7415 662
3 10007 5021 3570
3 4278 9081 2133
3 71 383 3942
3 7832 6522 537
3 3755 2558 2911
3 7789 2233 2035
3 8291 4928 2367
3 5381 8194 5900
3 4654 2014 2033
3 237 8119 8738
3 9535 9967 5069
3 9283 537 2082
3 10080 6748 2965
3 7555 302 5248
3 624 4135 6748
3 6550 4453 2183
3 5768 5622 3649
3 3671 7188 5084
3 4798 162 743
3 1553 4109 3775
3 1581 7755 3127
3 4654 6343 2183
3 5416 10080 7259
3 365 7141 8888
3 5708 7188 4135
3 7777 825 4270
3 2033 6343 4654
3 1636 8449 6687
3 5768 4453 6550
3 1050 1573 4254
3 6412 5069 9967
3 7141 7992 71
3 7397 5477 6459
3 1050 3942 1573
3 486 1332 4562
3 3942 383 2562
3 9885 2657 7167
3 3117 1332 486
3 3942 8793 6884
3 2393 6247 8112
3 10048 8774 9477
3 284 4621 1973
3 9477 8774 5519
3 5808 8471 162
3 5610 9028 5973
3 2264 9956 1346
3 7756 9940 6356
3 6247 4376 6031
3 9207 9939 2664
3 3256 579 7823
3 7731 4100 5402
3 6600 8449 9101
3 1119 1348 3587
3 9471 3171 4016
3 7361 3010 6993
3 6247 9101 1636
3 8112 6292 4147
3 6287 5513 4217
3 1504 5565 4503
3 3595 1327 4419
3 8620 554 5990
3 9071 7826 4966
3 8778 4095 2756
3 6292 10099 4147
3 8632 8333 3010
3 7800 6898 4684
3 1660 915 4539
3 2531 840 7547
3 6510 1946 613
3 7398 3605 9069
3 4574 7102 9022
3 9603 3933 133
3 2039 4167 1764
3 381 5815 1677
3 5212 9791 9549
3 8908 6891 4110
3 1645 951 2663
3 5598 9652 3839
3 2032 6985 7350
3 7265 5197 6159
3 2675 7493 3693
3 6463 9841 9364
3 1346 7955 3269
3 9204 461 3686
3 2604 3658 6733
3 1129 5611 7293
3 3371 3279 2129
3 9671 4290 1574
3 2129 1375 8956
3 2433 9817 9272
3 6103 7504 834
3 2128 9713 6483
3 2822 3863 7017
3 2358 5635 1214
3 7293 620 461
3 8521 7194 3376
3 3277 7841 762
3 9486 8435 8445
3 1913 10052 3320
3 641 9607 7114
3 7021 2358 8502
3 7992 8766 9840
3 8065 5103 3913
3 664 3665 210
3 8120 1853 6101
3 7050 8520 2205
3 2366 6250 7887
3 8291 4626 2010
3 6522 7832 3306
3 7186 6281 3734
3 6748 1059 624
3 8232 3 6064
3 4654 1460 3824
3 7646 3376 4281
3 1733 6064 3
3 683 7180 10039
3 7832 9283 10001
3 692 5768 3649
3 6064 2158 8232
3 3492 9514 6522
3 4135 3820 7216
3 4654 3824 1733
3 8119 237 4897
3 5768 6550 3662
3 6498 3913 4466
3 2704 9529 9161
3 4223 8208 8840
3 2183 6343 6550
3 3662 10039 5768
3 4805 10029 6446
3 483 5625 4296
3 10034 162 8471
3 9950 9637 4693
3 4100 10099 5402
3 10034 8471 8563
3 2264 579 3256
3 4254 1573 4100
3 1460 5199 508
3 3398 7946 1538
3 7870 7996 3398
3 4066 2994 5178
3 1012 1077 818
3 6340 7128 8496
3 217 9935 9204
3 8793 3942 1050
3 9299 1504 4376
3 7870 3689 7996
3 7219 351 9883
3 8112 1573 2393
3 7025 7780 742
3 4693 6687 8449
3 8055 8287 1747
3 3010 7361 1784
3 1855 4697 8523
3 7870 2939 885
3 3154 1790 1764
3 9553 5212 159
3 7361 6993 9935
3 3129 6471 3340
3 9254 7383 1854
3 9443 7698 607
3 2977 1846 6778
3 2016 1035 3565
3 4478 7823 52
3 2314 7493 9409
3 3704 6103 834
3 381 2940 5516
3 8785 5961 5858
3 9200 6640 1703
3 4167 2571 1703
3 3332 7841 3277
3 6113 9860 1905
3 190 8582 2004
3 6311 3693 7493
3 7663 2823 6878
3 9486 4647 8435
3 5557 2823 7663
3 7022 3990 9150
3 7032 6993 5498
3 8654 5021 4563
3 806 8846 5400
3 2643 7832 3223
3 483 9439 8950
3 6486 9098 6560
3 4021 4743 6498
3 8065 6498 2949
3 205 9719 3699
3 9477 6412 4714
3 4897 4106 8119
3 1888 2707 664
3 6449 5709 2099
3 1733 2014 4654
3 1559 776 2035
3 4772 4897 8894
3 542 1899 9111
3 8208 4772 8894
3 87 1284 5177
3 3319 2140 5163
3 10048 9477 4714
3 1157 5446 9326
3 4456 6092 5284
3 5721 7625 4321
3 889 5861 7731
3 3146 6146 10044
3 7876 5275 8843
3 5021 3712 3570
3 4562 8793 5861
3 7188 4432 7026
3 5248 5972 1314
3 4453 3570 2183
3 7005 4721 1162
3 4693 6142 5750
3 7731 5402 889
3 5175 6344 9292
3 6748 6281 1059
3 7163 1675 3861
3 4497 4376 4503
3 7728 8830 9052
3 42 1148 1348
3 2349 2976 8671
3 2607 290 6772
3 8521 2576 9768
3 4497 4503 6600
3 7251 3510 1417
3 8592 7194 5913
3 8496 7128 9625
3 2706 1068 9956
3 74 1128 2701
3 5747 3454 7826
3 380 9676 1752
3 3942 6884 2918
3 7408 7412 6001
3 9409 5715 3393
3 2675 5715 9409
3 760 5104 1122
3 9028 5610 1128
3 6884 4562 1332
3 7915 72 2396
3 6722 6064 1733
3 5319 8748 4023
3 3501 9591 2031
3 6778 7133 5080
3 209 6665 7129
3 2641 7133 6778
3 7826 3595 5747
3 1321 4959 9603
3 6696 6752 10041
3 7438 6420 1403
3 6778 5080 8415
3 1417 2958 7251
3 5611 620 7293
3 7114 9607 8361
3 5010 6675 1401
3 3588 391 1689
3 4326 4066 9607
3 3942 2562 1573
3 9150 1689 10064
3 9845 737 8830
3 2643 3306 7832
3 4625 8009 5103
3 5235 8120 2707
3 4466 2628 9955
3 8290 2366 7887
3 8208 8894 9111
3 1985 4007 1365
3 5402 10099 6292
3 1636 8112 6247
3 5110 3981 426
3 9410 4714 9535
3 5083 5301 3938
3 889 486 5861
3 5861 486 4562
3 7580 6340 2289
3 2045 3471 6000
3 7731 4254 4100
3 7646 8521 3376
3 624 1059 3011
3 1813 4067 2797
3 8691 5561 7555
3 2090 544 3316
3 2374 3198 7645
3 1997 2918 1332
3 3258 3510 5007
3 3774 9794 3577
3 1997 8888 2918
3 3397 4515 9835
3 6600 9101 4497
3 5561 7728 1681
3 3397 4281 1805
3 5948 6769 5167
3 4460 6667 3340
3 8691 6798 500
3 6343 3662 6550
3 7921 8460 4762
3 7216 5708 4135
3 7141 8176 8888
3 4905 498 2664
3 2033 683 3662
3 8632 6414 5688
3 7395 4054 8592
3 5208 7829 3279
3 9485 8508 8620
3 3987 5041 9648
3 3217 6971 6707
3 7059 9398 1645
3 5498 9490 7032
3 9934 472 113
3 1997 1332 3752
3 3993 3933 6510
3 3774 3577 9200
3 8888 8176 2918
3 6714 4742 1069
3 462 6106 4684
3 5726 873 3799
3 3550 9794 3774
3 2918 6884 1332
3 6311 2314 3899
3 7915 5197 7265
3 5380 6311 3899
3 5715 2675 10108
3 4068 1401 7349
3 9002 4716 3572
3 6008 209 8970
3 2828 3755 2911
3 2829 360 6877
3 7902 2186 614
3 8995 2445 8378
3 7909 8502 2358
3 280 1438 72
3 7216 6064 6722
3 6739 3671 2958
3 7946 3398 4326
3 9204 7379 217
3 5556 3863 2822
3 6985 6626 3332
3 499 8543 812
3 776 7789 2035
3 1989 2828 7016
3 3755 1989 682
3 6485 499 812
3 4563 5021 365
3 3649 5622 1895
3 2370 6471 3129
3 3129 5167 10061
3 2183 6279 4654
3 6279 1460 4654
3 1992 8925 7870
3 6446 8652 10092
3 461 620 5611
3 6854 4584 9254
3 10092 3509 6560
3 692 4453 5768
3 7921 1768 5446
3 7383 9625 6447
3 508 3408 1460
3 4281 3397 2253
3 6640 3325 4167
3 10001 1365 7832
3 5329 3868 8465
3 6522 3306 4787
3 9935 7032 9490
3 10077 3043 9172
3 4563 8888 1997
3 7876 2083 5942
3 9603 5249 2577
3 3101 4648 6733
3 5562 2135 1470
3 8112 1636 6292
3 537 2233 2082
3 889 2273 8125
3 2233 9514 2035
3 6603 946 7244
3 7885 8449 6600
3 8793 1050 4254
3 4554 3751 7848
3 4147 1573 8112
3 7163 3861 3117
3 4503 4376 1504
3 5137 903 4094
3 162 3538 3954
3 2273 3117 8125
3 9637 889 5402
3 6687 9637 6292
3 5121 818 1186
3 2321 2130 3280
3 52 2886 1248
3 2273 889 9950
3 682 60 5208
3 4469 8956 7038
3 9950 889 9637
3 6250 10029 4805
3 8894 4897 237
3 8093 4094 903
3 9549 1161 159
3 1048 4509 7930
3 3566 5997 5039
3 2834 5258 6484
3 4319 2432 5722
3 4580 5249 514
3 840 4503 7547
3 2571 3292 3972
3 579 4519 9791
3 9553 159 290
3 1072 9940 9808
3 2571 3972 1703
3 6916 3010 1784
3 4519 1346 3269
3 8415 10053 2433
3 6566 5165 4104
3 4684 6106 3458
3 1327 9071 7800
3 6285 5498 6993
3 4684 6898 3022
3 1675 5110 426
3 6733 5331 6708
3 4021 9955 6560
3 9146 1664 3610
3 8712 7946 641
3 5620 6626 6985
3 2163 2107 10060
3 5319 641 7114
3 7185 8835 4728
3 4023 762 6615
3 2918 71 3942
3 1460 6183 8786
3 3509 6412 6486
3 7259 5069 5416
3 6512 7909 1214
3 2822 2829 6877
3 8719 173 7016
3 8835 4183 4728
3 862 9630 7218
3 884 6585 9208
3 23 8712 641
3 3990 1223 4277
3 7889 37 9606
3 8585 6290 4903
3 3588 1689 2423
3 9606 6278 5330
3 1773 1572 7442
3 3674 3509 195
3 3343 4109 7849
3 5177 776 2902
3 9283 2082 10001
3 87 8738 1284
3 9514 2233 537
3 4648 2604 6733
3 9243 3492 665
3 4743 4021 9098
3 7789 2975 10001
3 4223 1048 8641
3 5284 543 2324
3 3689 7580 7996
3 9514 3492 9243
3 8730 2664 6772
3 7866 2076 544
3 4714 9967 9535
3 6708 3736 3101
3 5867 1086 5354
3 5039 5040 416
3 514 5249 9603
3 1326 3652 650
3 7259 2958 1417
3 1417 9535 7259
3 762 4023 966
3 9508 2051 514
3 3258 5007 4668
3 3933 5973 6510
3 5021 10007 365
3 8073 7266 9002
3 5379 8183 1248
3 9898 9950 4693
3 5402 6292 9637
3 10060 2646 2163
3 9250 8714 8523
3 8177 6769 7756
3 2273 9950 9898
3 6308 1942 8472
3 1749 2248 9355
3 1875 6955 841
3 9585 6405 6118
3 6247 6031 9101
3 8160 5815 8975
3 60 3071 173
3 2874 9227 3280
3 5984 8608 2576
3 7252 10090 7041
3 6708 5331 5375
3 2170 382 5517
3 9101 8449 1636
3 4167 3325 1764
3 2571 4167 2039
3 4135 7188 2965
3 3899 2571 5380
3 7026 5007 5084
3 7493 2314 6311
3 6486 5613 9098
3 4246 8786 6078
3 5715 9676 3393
3 3752 3117 5590
3 9207 7361 9935
3 10108 7649 5715
3 9813 2601 7258
3 10007 3570 692
3 3712 2183 3570
3 692 3649 365
3 7427 3986 508
3 9439 5613 5264
3 7885 3981 5110
3 1460 6279 5199
3 4432 2600 7026
3 2669 6405 9585
3 4478 3256 7823
3 5611 7497 7101
3 6985 6008 7350
3 5936 7625 7494
3 6180 2757 7342
3 1559 2035 9514
3 4787 6134 6522
3 3706 2716 824
3 7358 10035 7853
3 6279 2183 3712
3 7832 8980 3223
3 6449 7217 3666
3 6133 4786 4625
3 5738 6498 4743
3 7547 4503 5565
3 5750 7885 5110
3 4759 4044 6319
3 5519 1963 5264
3 9312 7932 9515
3 5330 6278 4381
3 7120 1750 6768
3 4478 1504 3256
3 253 9248 6543
3 3225 1557 320
3 371 9204 9490
3 6254 5295 2459
3 8786 10044 2600
3 2600 5894 4668
3 4563 365 8888
3 5726 5301 873
3 6182 2135 6463
3 7396 7481 1470
3 9884 3605 7398
3 5750 5110 1675
3 9207 217 9939
3 4623 2459 3250
3 2083 2156 7683
3 3938 7073 5083
3 4580 6696 10041
3 3373 5579 6930
3 3686 9939 7379
3 6389 9768 8608
3 2433 2617 8415
3 7625 2618 4321
3 1060 7101 9959
3 5517 4450 5163
3 6109 2371 3610
3 8125 486 889
3 3454 6707 1610
3 7553 5021 8277
3 2156 2083 6693
3 8415 4877 828
3 3752 1332 3117
3 1148 2663 4972
3 1615 2122 3567
3 7406 4091 2939
3 72 2800 2032
3 4986 7882 663
3 7194 8521 9768
3 6878 7415 7663
3 8253 2321 2874
3 9485 2756 8634
3 6022 8533 9539
3 7265 2800 7915
3 7416 1759 173
3 3066 3154 1456
3 10061 3609 3129
3 10065 5635 2358
3 2638 1854 3550
3 3550 1854 125
3 4596 83 1731
3 3933 9603 4959
3 8013 7342 1615
3 3828 8307 6248
3 3325 9200 5386
3 3247 8925 1992
3 2133 5010 2122
3 391 2461 10064
3 6949 3852 3342
3 6640 4167 1703
3 5913 5323 7395
3 4176 1401 4068
3 5002 2675 5373
3 6292 1636 6687
3 5565 1504 4478
3 8843 6127 6693
3 6510 2031 3993
3 7555 5248 8691
3 8277 5021 2669
3 4296 9439 483
3 2604 5349 3658
3 565 3408 2231
3 6597 8194 4863
3 2669 5726 7318
3 9768 5323 7194
3 4790 4339 7978
3 6522 9514 537
3 6405 2669 8654
3 9808 312 5166
3 3799 873 146
3 1940 1675 7163
3 4219 8950 9439
3 9898 4693 1940
3 5083 7073 8645
3 211 9514 9243
3 2975 1985 1365
3 1966 5627 7519
3 1321 1849 9620
3 3129 7717 5167
3 7318 8277 2669
3 3340 8336 982
3 3986 3408 508
3 6600 840 7885
3 2669 5021 8654
3 4401 10044 4705
3 5301 6135 9016
3 148 3918 308
3 4580 9844 6696
3 5301 1829 3938
3 6693 2083 7876
3 5942 4067 1813
3 8120 9515 1853
3 4959 7496 7273
3 9897 868 2663
3 8786 4432 5708
3 6485 9841 5562
3 9841 6463 5562
3 1248 2886 3043
3 8796 6072 7547
3 3229 5276 4224
3 5861 8793 7731
3 8712 2646 1538
3 3373 1327 4259
3 1829 4563 3752
3 9897 774 3138
3 4580 2134 9512
3 3138 774 2663
3 3510 7442 632
3 2039 4602 5380
3 7736 9199 6291
3 195 5968 9861
3 5380 2571 2039
3 8465 3137 7620
3 5373 5165 6566
3 9071 72 7800
3 4023 8748 966
3 9145 3382 8459
3 2257 7620 1572
3 8783 1905 3997
3 7193 7415 1214
3 7645 1069 2374
3 8786 928 10044
3 8415 828 6778
3 1965 7698 1935
3 1989 3755 2828
3 3279 7733 5208
3 2558 275 2911
3 5007 7026 4668
3 7251 5007 3510
3 9813 1460 3408
3 2184 2231 8605
3 2433 10053 9817
3 5815 8160 4618
3 6689 4044 4759
3 5625 5738 4743
3 2683 4668 4401
3 4978 632 1922
3 2664 2886 6772
3 2781 7278 760
3 8763 4245 4777
3 7547 4478 8796
3 6600 4503 840
3 8774 10048 4978
3 5590 1829 3752
3 7041 10090 4618
3 143 2156 5401
3 4044 6689 542
3 6072 1609 2531
3 3987 750 5507
3 6092 1900 4291
3 9204 7293 461
3 7218 5597 5416
3 7885 840 2531
3 7293 371 1129
3 2525 6577 5034
3 4450 1914 3319
3 5708 3824 1460
3 7496 4959 9620
3 7299 7401 5695
3 5750 6142 7885
3 146 7812 4300
3 3933 4959 7273
3 5301 6118 1829
3 8976 2170 5517
3 1583 7318 3799
3 7823 9553 2607
3 10083 6558 7756
3 5750 1940 4693
3 5314 2295 3196
3 9508 9591 3501
3 6118 6405 4563
3 9955 2628 6560
3 8536 9847 3981
3 1940 7163 9898
3 9967 4714 6412
3 3247 1992 3203
3 1045 6351 1748
3 9153 7427 7553
3 7128 6340 7580
3 5121 742 7577
3 2227 2343 5568
3 7427 508 7553
3 5264 1963 2386
3 2638 9254 1854
3 7007 8884 9377
3 7007 5024 6316
3 8277 7318 1583
3 6696 9844 8352
3 4219 2386 1632
3 3972 3292 6547
3 1327 6930 4419
3 1681 7728 9052
3 1572 1922 7442
3 9935 217 9207
3 9439 4296 5613
3 624 3011 3464
3 9528 6603 7244
3 3258 2683 7792
3 5867 3309 289
3 4193 1108 32
3 7193 1214 5635
3 744 10065 2462
3 682 1989 3071
3 7830 1760 7417
3 7542 1057 8926
3 1023 167 7017
3 3304 8057 378
3 9860 6113 7663
3 5635 10065 744
3 9172 9732 10077
3 2664 8730 9207
3 3567 4068 10108
3 1363 391 3588
3 9911 3447 5866
3 3712 5021 7553
3 8730 1784 7361
3 1248 8796 52
3 368 8574 6727
3 3439 8775 3375
3 8065 3913 6498
3 5830 3861 1675
3 5625 423 5738
3 3117 2273 7163
3 5083 8073 5301
3 146 873 9016
3 5590 3117 3861
3 7442 7792 1773
3 6102 1766 3666
3 4300 2785 8574
3 3879 4762 1664
3 10044 6146 4705
3 3492 6522 665
3 5830 1675 426
3 1963 8774 4978
3 644 9108 1749
3 5313 6094 9528
3 4693 8449 6142
3 2941 4450 5517
3 5177 4555 4759
3 5084 1742 3671
3 10044 5894 2600
3 2849 794 3229
3 543 5748 2324
3 9959 461 1060
3 1609 8536 3981
3 3861 7073 5590
3 2386 9439 5264
3 9535 1417 9410
3 7073 3861 5830
3 3510 3258 7792
3 7792 7442 3510
3 4108 7059 9897
3 7163 2273 9898
3 9098 5613 4296
3 10034 6563 3538
3 5199 6279 3712
3 1664 4762 8460
3 2425 4023 6615
3 1167 7842 2937
3 2974 4716 768
3 3736 2090 3316
3 5972 302 4054
3 52 6772 2886
3 3674 6412 3509
3 1438 280 10088
3 3203 7542 125
3 1119 2128 1779
3 4668 5894 4401
3 5323 9768 7395
3 8620 2321 9485
3 1764 1456 3154
3 4602 3693 5380
3 5936 8062 3841
3 7232 7706 3198
3 3066 9794 125
3 2425 2163 2646
3 2939 7870 1538
3 694 2735 8705
3 1905 8487 1024
3 6566 5002 5373
3 3071 1989 7016
3 360 7414 6877
3 9885 6081 261
3 3567 5002 1615
3 7358 7395 9768
3 3566 794 2849
3 3325 9794 1456
3 1764 3325 1456
3 6626 762 3332
3 8719 8485 8782
3 1072 559 1436
3 6289 6887 7260
3 7427 9153 3986
3 2324 5748 7847
3 1284 5988 8805
3 5213 2200 2160
3 7217 7550 3666
3 4920 8659 9369
3 2753 936 10003
3 423 483 9842
3 3666 1766 6449
3 4618 10090 1677
3 7789 2082 2233
3 4246 7258 6611
3 7217 2902 1559
3 664 8065 2949
3 1559 9514 7217
3 4553 7847 5748
3 4364 1543 312
3 6689 4759 5132
3 2099 2902 6449
3 4705 6146 5822
3 4978 10048 632
3 2937 8775 3439
3 5331 6287 5497
3 7728 9845 8830
3 4618 4920 7041
3 4878 2349 8671
3 6611 8943 5784
3 9098 4021 6560
3 2601 6611 7258
3 2655 9364 8543
3 5562 7481 7396
3 9367 3254 3986
3 2047 5511 7277
3 3439 9367 3986
3 9271 9816 1913
3 2231 2601 565
3 500 5561 8691
3 9662 1583 3799
3 483 5235 9842
3 3799 7318 5726
3 9485 2321 8253
3 7258 6078 6183
3 1289 8536 1609
3 5301 5726 9585
3 4714 8117 10048
3 4246 5784 928
3 7553 8277 9153
3 8459 10061 3512
3 9153 8277 1583
3 5936 2349 524
3 7059 1645 2663
3 2937 7842 8775
3 3938 1829 7073
3 8645 768 7266
3 4742 2374 1069
3 5165 3693 4104
3 10061 5167 3512
3 426 9847 8645
3 6772 1784 8730
3 768 9847 8536
3 1675 1940 5750
3 8131 6241 8678
3 7017 167 8486
3 7733 2558 3755
3 2531 7547 6072
3 1714 753 5707
3 3071 60 682
3 8488 9872 2853
3 7830 6213 3281
3 3686 7379 9204
3 378 3828 5234
3 8659 144 9369
3 4555 5177 2902
3 4241 483 4128
3 3665 664 2707
3 8894 237 6319
3 8625 4224 8841
3 2849 3229 8625
3 6498 9955 4021
3 7188 5708 4432
3 4705 5822 2257
3 4291 1900 543
3 7628 1602 1142
3 3879 1664 9146
3 7683 5163 2083
3 5507 750 7671
3 3709 3146 928
3 7889 5822 4834
3 9312 2892 1052
3 3652 162 4798
3 1691 2198 10027
3 9974 2076 7866
3 1326 2849 4456
3 1922 632 7442
3 8659 8975 144
3 5375 5331 5936
3 6240 5167 6769
3 4268 8605 6333
3 8592 5913 7395
3 8117 3510 632
3 8775 7842 7234
3 107 9316 2447
3 9153 1583 1167
3 1167 1583 9662
3 4401 5894 10044
3 8160 8975 8659
3 3986 9153 2937
3 7204 3987 9648
3 508 5199 7553
3 3907 1605 7782
3 8574 368 487
3 499 2655 8543
3 9016 873 5301
3 5301 9585 6118
3 3933 3993 1257
3 8608 3316 6389
3 1916 7438 7434
3 146 9662 3799
3 3677 2785 3676
3 8645 7266 5083
3 7577 9172 498
3 1566 1728 2438
3 3774 2638 3550
3 1077 498 4905
3 10077 6000 5379
3 498 9172 3043
3 3981 7885 2531
3 2875 6213 7830
3 7511 753 1714
3 3774 4802 2638
3 3208 941 8603
3 3520 6072 8183
3 8645 5830 426
3 6094 3195 5412
3 9656 9364 2655
3 2314 2571 3899
3 7273 5610 3933
3 6485 5562 7396
3 7017 3863 5556
3 9847 426 3981
3 7017 2829 2822
3 5557 7663 2252
3 5611 1060 461
3 2072 1908 9512
3 4602 2039 580
3 7025 818 3686
3 1759 60 173
3 7350 8970 10088
3 2655 5313 9656
3 6615 5620 2800
3 6615 2163 2425
3 8585 3588 7375
3 4740 8595 443
3 8645 7073 5830
3 1850 6719 6577
3 5709 4424 4555
3 542 6689 5749
3 211 9243 665
3 1900 8625 8841
3 6319 4044 8894
3 10077 1248 3043
3 371 9490 1129
3 10077 3052 6000
3 9620 4959 1321
3 3666 7550 211
3 6577 2525 1850
3 2849 8625 6092
3 8183 6072 1248
3 632 10048 8117
3 1538 7870 3398
3 2937 9153 1167
3 7812 9016 6135
3 193 484 6777
3 5258 1661 4540
3 500 2606 6597
3 5784 2573 5782
3 2308 2834 1098
3 746 8943 6611
3 5627 75 5064
3 2107 8372 10060
3 750 7807 7671
3 487 4300 8574
3 6955 2085 841
3 7842 1167 9662
3 818 5121 1012
3 406 10063 3928
3 2184 8943 746
3 7244 6182 9364
3 9400 3965 3815
3 746 6611 2231
3 4300 6135 3815
3 2874 6022 8253
3 8605 2231 3408
3 8520 7050 3113
3 487 368 7842
3 4582 4790 2305
3 4905 2664 9939
3 6135 4300 7812
3 173 8719 896
3 4877 8415 2617
3 5722 2432 10090
3 4716 7266 768
3 6053 9610 366
3 2257 4401 4705
3 4668 7026 2600
3 3928 9355 406
3 9662 487 7842
3 1935 8509 1965
3 1266 2017 4791
3 1577 1045 1748
3 1557 1724 2017
3 6560 3509 6486
3 6898 7800 1438
3 9200 3325 6640
3 9884 7309 3605
3 8465 7620 5330
3 1677 2940 381
3 8117 9410 1417
3 4104 3693 4602
3 4401 1773 2683
3 946 6059 182
3 7260 6714 8233
3 4904 32 3120
3 8585 4349 6290
3 3588 8585 1363
3 5264 5613 6486
3 8608 5984 3316
3 3987 5507 6342
3 308 3918 3217
3 1000 7657 2487
3 3751 4554 4424
3 3137 1632 2386
3 423 9842 1888
3 3203 1057 7542
3 4434 6053 5835
3 6449 2902 7217
3 3369 7401 9581
3 9514 211 7550
3 9633 5329 9569
3 1605 1654 5845
3 10115 2993 7329
3 9813 3408 565
3 1790 580 1764
3 5708 1460 8786
3 9328 3747 5644
3 542 9111 4044
3 4434 3965 9400
3 10044 928 3146
3 3736 7671 9241
3 3217 6969 308
3 8943 4582 2495
3 7663 5635 9860
3 1098 1436 559
3 7358 4054 7395
3 1773 7792 2683
3 1209 8308 8902
3 7016 8485 8719
3 8486 167 1023
3 7983 8172 6333
3 1024 2252 6113
3 7829 5208 60
3 3279 3371 7733
3 3375 7234 8004
3 9367 841 2085
3 949 6389 544
3 2134 3921 9512
3 8004 7234 2922
3 498 2886 2664
3 5375 4341 6708
3 5972 4054 7358
3 5712 4341 5375
3 3986 2937 3439
3 1875 841 8004
3 4690 7983 6955
3 1855 5579 3373
3 3981 2531 1609
3 6696 8908 6752
3 5386 9200 3577
3 6072 8796 1248
3 5131 8024 9240
3 8574 2785 3677
3 498 1012 7577
3 146 9016 7812
3 7234 7842 368
3 2186 7902 3026
3 4972 951 242
3 644 2922 7234
3 7234 368 6727
3 2630 5457 9001
3 7763 2125 1410
3 6342 5375 5936
3 5034 4366 3686
3 3610 1664 8460
3 2663 868 7059
3 7277 5041 411
3 2781 1122 2048
3 3189 3131 6242
3 9512 3921 2072
3 5379 6000 1966
3 6566 4104 580
3 7376 8013 5572
3 1609 6072 3520
3 1714 7655 8719
3 4456 2849 6092
3 1572 1773 2257
3 5808 3652 1326
3 949 1049 438
3 7932 1853 9515
3 2902 776 1559
3 5784 37 928
3 5235 2707 9842
3 6101 1853 3750
3 438 1049 7358
3 665 6522 6134
3 4791 5172 5024
3 6333 2085 7983
3 7278 7041 760
3 3254 2085 8605
3 8321 4339 3088
3 1724 5852 4791
3 8563 6796 7924
3 5342 3100 1812
3 5248 302 5972
3 8607 9920 6426
3 2432 9271 10090
3 5709 4555 2099
3 1922 7620 4978
3 2633 8372 1605
3 6449 4424 5709
3 7542 3154 3066
3 4554 5132 4555
3 5749 5132 4554
3 4759 4555 5132
3 6092 8625 1900
3 885 4091 1057
3 9920 6955 2922
3 8607 4690 9920
3 6278 106 3100
3 2205 8501 9623
3 7026 5084 7188
3 841 3439 3375
3 841 3375 8004
3 9400 3318 3572
3 10090 9271 1677
3 2922 1875 8004
3 7373 6275 606
3 6389 949 9768
3 4967 106 6278
3 2785 4300 3965
3 4 5401 2156
3 487 9662 4300
3 3572 3318 6135
3 9108 7234 6727
3 3815 3318 9400
3 5121 7577 1012
3 6135 9002 3572
3 7379 9939 217
3 3052 7577 742
3 42 3309 3138
3 9002 6135 8073
3 7059 868 9897
3 3138 1148 42
3 4859 5765 9922
3 8866 9366 4840
3 4487 6242 3131
3 1501 1966 6000
3 5137 4094 289
3 6021 7416 896
3 1849 1321 5858
3 7266 8073 5083
3 8843 5275 3879
3 768 8536 8059
3 7497 1850 2525
3 10002 3212 5776
3 5610 5973 3933
3 5373 3693 5165
3 412 5722 7252
3 5713 6714 9046
3 6183 9813 7258
3 8605 3408 3254
3 1888 664 2949
3 2156 6127 915
3 1436 8177 6356
3 6611 2601 2231
3 1538 7946 8712
3 2257 1773 4401
3 9367 3439 841
3 7620 3137 4978
3 6689 5132 5749
3 8925 3247 6447
3 6447 3247 7383
3 5235 9515 8120
3 9633 4219 1632
3 6078 7258 4246
3 6487 3212 5845
3 7671 1878 5712
3 1077 9939 818
3 3665 2707 6101
3 7932 3750 1853
3 8177 1436 6240
3 1077 4905 9939
3 1632 8465 3868
3 2085 3254 9367
3 3408 3986 3254
3 9939 3686 818
3 1257 3993 215
3 5858 1321 2577
3 1677 5815 4618
3 4480 2027 6381
3 4759 6319 5177
3 8450 7763 717
3 5284 6092 4291
3 4555 4424 4554
3 717 7847 7931
3 5317 8902 6637
3 5234 4903 6290
3 6506 754 3740
3 4108 10094 7237
3 289 9178 2591
3 1214 662 6512
3 9291 3706 10031
3 107 6796 9316
3 3954 8523 8714
3 3676 2785 3965
3 8523 4697 9250
3 9369 144 8603
3 6126 8459 4540
3 3699 3706 9291
3 3572 4716 2974
3 6727 8574 3677
3 7099 8937 5457
3 2916 9582 2248
3 3965 5835 5643
3 8634 4095 8092
3 4914 8757 9679
3 4690 8607 3928
3 5510 3329 5104
3 9291 10031 2200
3 4095 85 1594
3 8603 941 9369
3 143 7683 2156
3 5064 4245 9189
3 9108 6727 3677
3 7577 3052 9732
3 8520 3113 8313
3 9075 1790 7308
3 3965 4300 3815
3 9732 9172 7577
3 580 2039 1764
3 6356 8177 7756
3 3318 3815 6135
3 6000 3052 2045
3 9002 7266 4716
3 8796 4478 52
3 1410 3349 5028
3 580 7232 6566
3 7185 5197 7915
3 4104 4602 580
3 5572 7232 4847
3 4847 2374 4742
3 7889 4834 3709
3 9732 3052 10077
3 9539 7548 1320
3 689 9696 9770
3 4424 6449 6102
3 6449 1766 6102
3 8450 717 7931
3 7355 9498 8133
3 3751 4424 6102
3 7847 3749 7931
3 7931 2125 8450
3 752 2495 4582
3 717 7763 2324
3 4291 543 5284
3 7730 131 7684
3 928 7889 3709
3 6955 9920 4690
3 2922 6955 1875
3 2184 8605 4268
3 7237 9398 7059
3 5412 9528 6094
3 7025 4366 6577
3 2525 5034 7497
3 182 6182 7244
3 514 2051 4580
3 9768 2576 8608
3 928 37 7889
3 2186 7198 614
3 4582 2184 4268
3 3512 6240 8459
3 1132 5627 1095
3 9108 3677 3676
3 7807 974 5992
3 6101 2707 8120
3 742 7780 11
3 6426 2922 644
3 6146 3146 4834
3 5208 7733 3755
3 8783 8487 1905
3 5556 1023 7017
3 1320 85 4095
3 8323 27 3447
3 4366 5034 6577
3 8233 3303 6289
3 4834 5822 6146
3 261 6814 9885
3 7853 5972 7358
3 3208 8603 5400
3 3043 2886 498
3 544 2076 1049
3 6358 3555 1798
3 1703 3972 9200
3 5379 1248 10077
3 1888 2949 5738
3 3316 5984 3101
3 6135 5301 8073
3 6693 7876 8843
3 2047 7277 2780
3 3471 1501 6000
3 5137 1779 903
3 7252 5722 10090
3 614 9619 7902
3 4241 9312 5235
3 9569 992 9633
3 1632 3868 9633
3 4296 4743 9098
3 10035 7358 1049
3 5992 6392 614
3 412 7252 7278
3 5322 4279 3699
3 2124 7932 9312
3 544 2090 7866
3 6603 5412 946
3 2797 7921 4762
3 559 5213 1098
3 423 5625 483
3 4128 7657 1000
3 7625 4878 2618
3 6183 1460 9813
3 1289 1966 7519
3 4204 4779 8763
3 746 2231 2184
3 4366 7025 3686
3 8844 2248 9582
3 8624 8884 5418
3 6316 2160 7007
3 498 1077 1012
3 5024 7007 1266
3 9920 2922 6426
3 8607 6426 1749
3 3520 3930 1966
3 3928 10063 3088
3 3572 2002 4434
3 7983 2085 6955
3 5163 2016 2083
3 1749 9108 3676
3 2198 626 10027
3 1289 3520 1966
3 3652 4798 650
3 27 5782 2573
3 2574 5643 3221
3 2600 4432 8786
3 7983 3088 8172
3 3572 2974 2002
3 6333 8605 2085
3 2574 3221 2916
3 7050 4915 3113
3 9512 5249 4580
3 1095 5627 1966
3 9582 2916 3822
3 6930 3295 6563
3 6459 8131 7397
3 9610 3822 2916
3 366 5643 5835
3 4300 9662 146
3 1057 3203 1992
3 1908 2577 5249
3 5984 8521 7646
3 5845 8926 7406
3 173 3071 7016
3 3740 7439 5316
3 5235 483 4241
3 8950 4128 483
3 5572 4847 4742
3 11 2045 3052
3 5032 9623 1774
3 8059 8536 1289
3 162 3652 5808
3 7599 6593 1049
3 7025 742 1186
3 7417 6023 7830
3 2916 3221 9610
3 3822 4146 9582
3 2627 4088 6986
3 9355 8844 1408
3 5643 3676 3965
3 366 5835 6053
3 9369 941 3208
3 1408 406 9355
3 3208 5104 760
3 7855 5510 3890
3 5627 1964 75
3 3471 8341 9137
3 8321 8562 8284
3 812 9841 6485
3 3676 5643 2574
3 366 3221 5643
3 4175 4088 6699
3 3851 992 1812
3 7406 2939 2633
3 7794 4434 2002
3 4434 9400 3572
3 2949 6498 5738
3 3295 1855 8523
3 2707 1888 9842
3 9369 760 4920
3 8607 1749 9355
3 932 6226 3226
3 2305 9886 27
3 2974 768 8059
3 5835 3965 4434
3 4540 6484 5258
3 4601 10059 1870
3 9213 4790 4987
3 7807 750 974
3 8172 3088 9213
3 4381 5329 8465
3 9940 6558 769
3 8172 4268 6333
3 9606 5822 7889
3 717 2324 7847
3 10060 8372 2939
3 1057 1992 885
3 2386 1963 3137
3 8782 7511 8719
3 6708 4341 5712
3 5706 2004 6805
3 3995 1233 8025
3 6022 9539 2756
3 9606 37 296
3 7710 283 2355
3 1689 9150 7341
3 7657 2752 2487
3 8233 6289 7260
3 1660 4270 8809
3 125 1854 3247
3 7866 2090 9241
3 4640 974 750
3 4640 9648 3226
3 7494 7625 5721
3 2295 6798 6596
3 2257 5822 1886
3 1632 3137 8465
3 8785 5858 1908
3 1908 5249 9512
3 6615 2107 2163
3 6798 8691 5248
3 6487 1544 5776
3 4920 8160 8659
3 9439 2386 4219
3 4847 7232 2374
3 807 5401 4
3 6741 2992 1660
3 3520 8183 5379
3 825 9698 6275
3 5858 2577 1908
3 9137 6030 869
3 7782 8372 2107
3 9880 8846 7372
3 1718 8612 9308
3 1749 3676 2631
3 9659 9734 7978
3 6426 644 1749
3 3088 4790 9213
3 2447 5284 2324
3 4241 4128 9312
3 644 7234 9108
3 9316 1326 2447
3 9659 4339 8321
3 7390 148 308
3 8844 9355 2248
3 2892 9312 4128
3 7204 9648 4640
3 5314 500 693
3 7671 7807 9241
3 8471 5808 6796
3 500 5314 2656
3 2631 3676 2574
3 6986 3822 9874
3 3954 743 162
3 2752 4128 8950
3 8459 6126 9145
3 2248 2631 2574
3 7355 9979 9498
3 2487 2752 992
3 9213 4987 8172
3 3221 366 9610
3 1687 9659 8321
3 3919 3273 6699
3 9679 8910 9498
3 4987 4268 8172
3 3919 7794 4536
3 7855 3890 3312
3 2601 9813 565
3 4536 4659 2002
3 4246 6611 5784
3 1098 5213 3339
3 6296 7099 8875
3 9528 9656 5313
3 752 2573 2495
3 7780 1403 11
3 824 1216 8884
3 9189 7519 5064
3 8341 6030 9137
3 4109 1553 9134
3 1403 6030 8341
3 8529 3217 7924
3 869 6030 5387
3 11 3052 742
3 6420 6030 1403
3 2324 7763 2447
3 9862 4950 9346
3 173 896 7416
3 1812 9569 5342
3 3997 32 1108
3 2252 7663 6113
3 9959 7101 5034
3 7542 3066 125
3 2445 7238 815
3 32 2462 3120
3 10065 2358 7021
3 7849 3604 3343
3 9240 7319 10101
3 10094 3921 7237
3 7780 7025 7438
3 3131 4624 4487
3 1992 7870 885
3 2045 11 3471
3 2577 1321 9603
3 3907 5444 1654
3 3604 6680 3074
3 6798 5248 1314
3 7244 9364 9656
3 6596 7902 6296
3 9364 812 8543
3 9398 3921 2134
3 6081 1219 261
3 7599 2076 9974
3 7763 8450 2125
3 9316 6796 1326
3 5041 3987 7494
3 4674 5782 27
3 760 7041 4920
3 4790 3088 4339
3 750 3987 7204
3 3343 3775 4109
3 2002 2974 8059
3 7978 2305 4790
3 2611 534 7730
3 5131 261 8024
3 5028 5514 1410
3 3154 821 1650
3 7308 10002 9075
3 9874 9610 6053
3 3822 4088 4146
3 1411 2124 9312
3 8198 4967 9453
3 7706 9075 936
3 12 7900 10034
3 2916 2248 2574
3 2002 4659 7794
3 1410 5514 7763
3 3822 9610 9874
3 4146 4088 7718
3 9070 3604 7849
3 3890 5104 8846
3 4618 8160 4920
3 3616 5858 5961
3 7198 6593 7599
3 7123 9879 3013
3 1403 7780 7438
3 1966 3930 5379
3 9606 5330 1886
3 5354 2871 4441
3 7826 3454 1610
3 9569 5329 5342
3 3564 8785 2094
3 6516 8169 5267
3 7372 8846 806
3 807 4 7373
3 6796 4168 7924
3 4932 2868 5005
3 8497 1691 2944
3 1886 5822 9606
3 9328 4989 6714
3 1728 7158 2438
3 3736 6708 1878
3 6615 762 5620
3 6023 2875 7830
3 1905 9860 32
3 8341 11 1403
3 8341 3471 11
3 7265 6615 2800
3 1314 7853 10093
3 1069 7645 6714
3 1620 8562 406
3 8786 6183 6078
3 5214 7902 5388
3 296 5575 6278
3 531 4236 5930
3 7782 1605 8372
3 2646 10060 1538
3 3088 7983 4690
3 7655 5707 896
3 1327 3373 6930
3 8943 2184 4582
3 4958 4967 5575
3 8950 4219 9633
3 4540 914 6126
3 2834 1436 1098
3 4381 6278 3100
3 1072 5322 559
3 750 7204 4640
3 8251 3349 1410
3 1000 2892 4128
3 2295 6596 7121
3 9312 9515 5235
3 2445 4664 8378
3 5782 4674 37
3 5866 1897 3944
3 8284 7936 6188
3 4779 2002 8059
3 4777 4204 8763
3 1897 9886 6652
3 8562 8321 10063
3 8563 8471 6796
3 309 8252 2710
3 4915 7533 3106
3 693 500 6798
3 5412 8171 946
3 4582 4987 4790
3 3114 1687 8321
3 406 2300 1620
3 9355 3928 8607
3 3088 10063 8321
3 9879 3268 2868
3 4582 4268 4987
3 8612 266 9308
3 7519 9189 1289
3 1964 111 6168
3 6053 4434 7794
3 9874 7794 6986
3 4915 5422 7533
3 1527 6358 1798
3 9652 2375 3839
3 1660 2992 4270
3 2834 6742 1661
3 9697 3268 605
3 5034 7101 7497
3 4088 4175 2964
3 6901 5418 2160
3 869 1095 9137
3 4088 2206 1408
3 2631 2248 1749
3 6516 7438 1579
3 8533 7548 9539
3 9457 9046 1483
3 1654 5444 6487
3 8902 1108 4193
3 5572 8013 1615
3 4837 111 6516
3 2368 9581 4248
3 3188 8131 4483
3 7440 1108 8902
3 4482 1973 3131
3 2423 7341 7375
3 7645 7706 936
3 32 9860 2462
3 2461 1363 8585
3 1484 8051 8429
3 9874 6053 7794
3 6358 6159 5197
3 9679 8757 84
3 1751 7121 9001
3 2781 760 1122
3 5510 2048 3329
3 4037 4220 7970
3 2854 4601 9039
3 6742 2834 2308
3 1095 869 1132
3 9121 2205 8520
3 2305 752 4582
3 7718 9582 4146
3 5028 8251 8529
3 2892 1000 2487
3 9039 5005 2854
3 2627 6986 3919
3 7494 5721 411
3 5391 3480 3944
3 2200 3326 5322
3 992 2752 9633
3 2308 2993 6742
3 760 9369 3208
3 3584 7856 3313
3 7657 4128 2752
3 4779 4536 2002
3 452 5824 141
3 1408 9582 7718
3 5387 1964 1132
3 2094 10094 4108
3 743 4721 4798
3 4248 9581 5064
3 7826 1610 4966
3 2200 10031 6901
3 9137 1501 3471
3 125 3247 3203
3 8866 6459 245
3 1132 1964 5627
3 4419 7900 3595
3 742 5121 1186
3 3268 9879 7371
3 1132 869 5387
3 7232 5002 6566
3 1650 8926 3212
3 8845 9879 7123
3 2981 2753 4906
3 7620 1922 1572
3 825 6548 9698
3 8778 9539 1320
3 5317 7440 8902
3 1966 1501 1095
3 3332 663 6985
3 7116 4365 4484
3 2800 5620 2032
3 2573 752 27
3 7319 8171 7115
3 7978 4339 9659
3 9308 8562 1620
3 3709 4834 3146
3 1411 1052 8252
3 2300 1408 2206
3 7049 6714 7645
3 3928 3088 4690
3 9886 3447 27
3 7777 4270 2992
3 8809 915 1660
3 6484 8459 6240
3 4 6275 7373
3 7849 1498 9070
3 3686 9959 5034
3 5712 5375 6342
3 9308 1620 1718
3 1408 7718 4088
3 8634 2879 9485
3 7924 5028 8529
3 6548 8133 9698
3 7794 4659 4536
3 8529 8251 6969
3 4381 8465 5330
3 3480 1687 3114
3 266 8612 5824
3 2300 406 1408
3 9582 1408 8844
3 10035 6593 10093
3 4088 3822 6986
3 4091 885 2939
3 8132 4365 7116
3 7533 5422 4175
3 845 122 5268
3 6168 7708 3159
3 5330 2257 1886
3 6563 10034 7900
3 7756 6769 10083
3 1650 821 8926
3 7599 9974 7198
3 7232 1790 7706
3 111 6420 7438
3 2445 815 6321
3 3944 626 2198
3 9770 9696 957
3 107 2447 7763
3 6726 3849 9777
3 9189 8059 1289
3 6652 9734 5391
3 5391 3944 4780
3 9603 133 514
3 544 6389 3316
3 1049 949 544
3 1812 992 9569
3 1095 1501 9137
3 928 8786 4246
3 3480 7684 218
3 5267 7708 6168
3 3333 9974 9241
3 4639 706 1812
3 9897 1975 2094
3 9734 9659 1687
3 2425 2646 23
3 5810 8371 6358
3 6637 8308 2497
3 896 8532 6021
3 5391 9734 1687
3 5784 8943 2573
3 4742 7260 5572
3 7358 9768 438
3 6234 218 3905
3 5961 4036 8673
3 4904 3120 8584
3 4193 32 1209
3 7260 4742 6714
3 2573 8943 2495
3 10035 1049 6593
3 5041 7494 411
3 1086 5867 4979
3 27 752 2305
3 3114 9032 7476
3 7434 6719 9382
3 8284 9032 3114
3 7511 8782 3739
3 9698 606 6275
3 8132 7516 6476
3 6942 6434 3030
3 7299 4245 9581
3 4536 4779 4204
3 3273 3919 4536
3 4777 7299 5695
3 5064 9581 4245
3 2752 8950 9633
3 1052 1411 9312
3 1049 2076 7599
3 7533 4175 6699
3 1052 2892 2487
3 2396 8835 7185
3 3159 9704 1964
3 6275 4 8809
3 9648 5041 3584
3 5267 6168 4837
3 5387 6420 111
3 2964 1718 2206
3 5387 6030 6420
3 5824 2611 266
3 3159 7708 3053
3 6188 7730 8284
3 8169 6966 5267
3 2399 208 9453
3 3208 5400 8846
3 2964 2206 4088
3 3326 559 5322
3 8284 8562 7936
3 6796 107 5514
3 8133 6548 4053
3 37 5784 5782
3 2630 8875 5457
3 4381 5342 5329
3 3329 2048 1122
3 9633 3868 5329
3 1718 1620 2300
3 6516 111 7438
3 296 4674 283
3 4204 3273 4536
3 626 3944 3480
3 5363 2868 4932
3 9075 7706 1790
3 10002 7308 1650
3 4037 4883 4220
3 6699 3106 7533
3 3100 5342 4381
3 9382 1916 7434
3 283 4674 8323
3 9886 2305 6652
3 6718 1849 3616
3 1897 3447 9886
3 5330 7620 2257
3 3217 5747 7900
3 753 2580 5707
3 1687 3480 5391
3 2017 6543 1557
3 3921 9398 7237
3 9453 4639 8198
3 6986 7794 3919
3 5706 6805 8533
3 3997 1905 32
3 2756 8253 6022
3 7440 8783 3997
3 6699 4088 2627
3 9000 9885 7167
3 6484 6240 1436
3 1779 2128 6483
3 5776 10003 10002
3 5695 0 4777
3 1098 9194 823
3 9862 2392 8263
3 9704 75 1964
3 7936 266 6188
3 1657 8193 5494
3 5642 820 9106
3 4175 5422 2964
3 6344 894 5406
3 6699 2627 3919
3 4779 8059 8763
3 6686 9862 9346
3 823 10115 7329
3 7355 6249 10114
3 4777 4245 7299
3 0 4915 3106
3 9346 3053 7708
3 8562 9308 7936
3 6652 4780 1897
3 6001 7840 9866
3 8562 10063 406
3 6876 904 5930
3 1964 5387 111
3 3212 8926 5845
3 3154 7542 821
3 4791 5024 1266
3 5268 6018 2458
3 1654 1605 3907
3 3316 3101 3736
3 5776 1544 6777
3 7116 3268 9697
3 3454 5747 3217
3 4248 9704 3487
3 9911 8497 4664
3 8809 9397 6275
3 6278 9606 296
3 7319 7849 6059
3 722 4118 245
3 6459 5477 245
3 8678 2935 351
3 1057 4091 8926
3 8612 1718 141
3 7684 131 3905
3 9382 4037 1916
3 7050 5032 6282
3 5707 2580 6505
3 8307 1208 6248
3 85 190 1594
3 8612 141 5824
3 7059 4108 7237
3 6248 5234 3828
3 5707 7655 1714
3 7329 2993 2308
3 7655 896 8719
3 6709 432 189
3 3739 753 7511
3 10064 1689 391
3 1812 4034 3851
3 1154 6593 7198
3 378 8057 3828
3 8902 4193 1209
3 6290 4349 7375
3 7777 2992 4053
3 10093 6593 1154
3 2206 1718 2300
3 6707 8835 4966
3 3584 5041 5511
3 3217 8529 6969
3 10042 1052 3851
3 9453 7710 2355
3 4484 4601 2854
3 7575 4906 7378
3 9564 1247 9106
3 7050 5422 4915
3 23 5319 4023
3 2939 1538 10060
3 1247 452 9106
3 7454 7116 4484
3 1544 6487 193
3 208 6321 5503
3 12 10034 8563
3 4204 0 3273
3 452 5422 7050
3 4780 6652 5391
3 141 1718 2964
3 2981 7575 619
3 5507 5712 6342
3 7123 3013 3889
3 10003 4906 2753
3 4674 27 8323
3 1052 2487 3851
3 208 2399 6321
3 2374 7232 3198
3 5510 5104 3890
3 3013 9879 2868
3 8603 144 5400
3 7924 4168 5514
3 4958 296 283
3 4108 9897 2094
3 5514 107 7763
3 7924 12 8563
3 3339 9194 1098
3 614 7198 5992
3 4248 75 9704
3 5064 75 4248
3 5028 3349 8251
3 1714 8719 7511
3 580 1790 7232
3 7260 6887 7376
3 8087 3369 9581
3 9241 2090 3736
3 915 8809 2156
3 8233 6714 5713
3 7376 6887 6289
3 5064 7519 5627
3 9455 6516 8366
3 2611 6188 266
3 3411 5992 974
3 1186 818 7025
3 8520 7401 3369
3 3053 9704 3159
3 1154 7198 2186
3 458 106 8198
3 5005 7454 2854
3 4037 2581 4883
3 4967 6278 5575
3 5824 1247 9564
3 6342 7494 3987
3 7434 7438 6577
3 266 7936 9308
3 296 37 4674
3 7970 2480 8169
3 5976 6726 2480
3 10114 6249 2992
3 6316 5024 5172
3 8809 4 2156
3 7730 9032 8284
3 4053 825 7777
3 9564 7066 534
3 825 9397 4270
3 1579 7438 1916
3 5503 7465 7565
3 2200 5213 3326
3 4236 6234 3547
3 3273 0 3106
3 7066 9564 9106
3 946 8171 6059
3 9862 2480 2392
3 5322 9291 2200
3 7684 3480 7476
3 1650 7308 3154
3 5453 619 2476
3 6563 3295 3538
3 3547 5930 4236
3 2981 5453 2753
3 2160 5418 8884
3 9463 7066 8040
3 3217 6707 3454
3 7476 9032 7684
3 4728 4183 6707
3 2355 8323 9911
3 458 3100 106
3 6603 9528 5412
3 8040 2718 9463
3 246 6888 2023
3 9922 9770 2143
3 7476 3480 3114
3 7115 1750 2657
3 5214 1314 10093
3 2007 5354 4441
3 1812 458 4639
3 706 4034 1812
3 9581 2368 8087
3 6637 8902 8308
3 6505 2580 753
3 2228 5765 2023
3 10101 6814 5131
3 141 2964 5422
3 7978 9734 2305
3 2611 7730 6188
3 2496 6709 6636
3 2355 283 8323
3 4480 5891 185
3 1108 7440 3997
3 3740 8784 7439
3 6596 3249 7121
3 8313 0 5695
3 7900 7924 3217
3 2505 2512 2615
3 3106 6699 3273
3 2718 6876 9463
3 4245 8763 9189
3 5575 296 4958
3 10017 2027 1730
3 7708 6966 6686
3 2305 9734 6652
3 9911 8323 3447
3 2399 2355 9911
3 6707 845 4728
3 1730 8991 8378
3 3851 2710 10042
3 9648 3584 932
3 3487 9704 3053
3 8763 8059 9189
3 8875 7099 5457
3 5961 5074 4036
3 7710 4967 4958
3 3114 8321 8284
3 904 5220 3772
3 7900 12 7924
3 10101 7319 7115
3 218 626 3480
3 7198 3333 5992
3 6686 6966 9862
3 8313 4915 0
3 7158 694 8705
3 2944 1691 10027
3 3905 218 7684
3 9346 4950 9506
3 1122 5104 3329
3 4053 6548 825
3 6234 4236 626
3 1566 8263 9777
3 10085 7824 9823
3 8198 106 4967
3 8673 9381 3616
3 9455 8366 1916
3 534 2611 5824
3 8366 1579 1916
3 1849 7496 9620
3 9401 10027 531
3 5193 534 7066
3 8875 2630 6596
3 5514 5028 7924
3 2710 7565 309
3 3012 1379 4239
3 5453 2476 3747
3 3889 8845 7123
3 6876 131 5193
3 6168 3159 1964
3 5354 1975 5867
3 3311 3889 3013
3 2868 3268 5005
3 6516 9455 8169
3 1798 5444 3907
3 5074 5961 8027
3 3447 1897 5866
3 5005 3268 7454
3 5363 3013 2868
3 4180 2161 7938
3 8263 2392 9777
3 3944 1897 4780
3 9979 9548 4914
3 1812 3100 458
3 1286 5023 4605
3 8582 85 4260
3 6636 3740 5316
3 5193 7066 9463
3 2368 3487 9506
3 1209 32 4904
3 2496 9458 8429
3 6798 1314 6596
3 452 141 5422
3 6714 4989 9046
3 2368 4248 3487
3 2591 4979 5867
3 8193 3369 8087
3 9106 820 8040
3 9823 3012 3772
3 7116 9697 8132
3 10066 5494 8087
3 6275 9397 825
3 3217 3918 148
3 823 9325 9980
3 1661 5258 2834
3 9862 8169 2480
3 6569 6225 933
3 4639 5503 706
3 9506 4950 10066
3 7849 7319 9240
3 8252 10042 2710
3 9240 10101 5131
3 1436 6356 1072
3 7465 6321 815
3 6969 8251 308
3 9039 4932 5005
3 8133 4053 6249
3 5852 1557 3225
3 5503 4639 208
3 2107 6615 7265
3 7198 9974 3333
3 5695 7401 8313
3 7915 2396 7185
3 1774 820 6282
3 2228 2023 6888
3 7826 9071 3595
3 7671 5712 5507
3 7390 1758 4699
3 3113 4915 8313
3 4118 722 9240
3 3595 7900 5747
3 9346 7708 6686
3 8313 7401 8520
3 6536 5964 8131
3 5765 2228 689
3 1818 9491 9540
3 3226 9648 932
3 1498 7849 9240
3 7730 534 5193
3 0 4204 4777
3 7308 1790 3154
3 5193 131 7730
3 8366 6516 1579
3 5642 9106 452
3 2718 904 6876
3 8040 820 2718
3 8025 6888 4119
3 722 5477 1498
3 5267 4837 6516
3 4664 6321 2399
3 3212 10002 1650
3 694 1728 7638
3 2003 5707 6505
3 7438 7025 6577
3 4239 5930 904
3 9960 3337 1086
3 6966 7708 5267
3 8533 4260 1320
3 1320 7548 8533
3 189 9545 5880
3 626 218 6234
3 8040 7066 9106
3 8193 9121 3369
3 8027 8785 3564
3 8995 8991 7736
3 4540 8459 6484
3 7800 4259 1327
3 7465 815 7238
3 3026 7902 5214
3 10027 626 531
3 9453 2355 2399
3 1657 8263 1566
3 5866 2198 1691
3 4664 2399 9911
3 5866 3944 2198
3 7710 4958 283
3 2186 3026 1154
3 9121 8193 3365
3 4441 6473 7458
3 1247 5824 452
3 1552 8757 9548
3 9366 5764 4858
3 6241 8131 3188
3 9366 441 4840
3 9377 1266 7007
3 2396 72 4966
3 4639 458 8198
3 1774 6282 5032
3 936 9075 10002
3 534 5824 9564
3 3339 2160 6774
3 2718 820 904
3 8497 2944 1730
3 9453 4967 7710
3 6282 820 5642
3 10115 823 9980
3 6768 1750 8171
3 6726 2554 3849
3 6358 5197 5810
3 379 6289 3303
3 6381 1379 7248
3 904 820 5220
3 6168 111 4837
3 9292 9199 7736
3 8866 5764 9366
3 9679 84 8910
3 5197 7185 5810
3 3828 8057 3304
3 7401 7299 9581
3 5172 4791 5852
3 4966 72 9071
3 3547 6234 3905
3 5268 122 4699
3 7140 823 3339
3 4482 3131 3189
3 479 5930 4239
3 7970 9455 1916
3 3339 5213 2160
3 3736 1878 7671
3 7684 9032 7730
3 9823 3772 10085
3 3012 7248 1379
3 9506 3487 3053
3 1691 9911 5866
3 7465 7238 7565
3 4239 1379 479
3 8497 1730 4664
3 7565 3851 4034
3 452 7050 6282
3 4950 9862 8263
3 10027 9401 2944
3 5992 3333 7807
3 1233 3995 9696
3 10042 8252 1052
3 1750 9000 7167
3 1218 3995 260
3 245 5477 722
3 3583 3311 3013
3 7238 309 7565
3 6707 4183 8835
3 8169 9862 6966
3 8171 5412 6768
3 5810 7185 4728
3 1527 6159 6358
3 7645 3198 7706
3 6226 9183 3411
3 4596 1818 6476
3 932 3584 5364
3 9885 9000 6081
3 3583 3013 5363
3 9623 8501 8144
3 3196 2295 7121
3 7116 7454 3268
3 2710 3851 7565
3 3369 9121 8520
3 8087 5494 8193
3 8369 8319 8193
3 9619 7786 7902
3 8910 8133 9498
3 9328 5644 2615
3 4441 7458 4036
3 2003 6505 188
3 4752 8508 8634
3 6805 4260 8533
3 8087 2368 9506
3 6159 1527 2107
3 1286 8756 440
3 1731 8756 1286
3 1286 4605 1731
3 8132 83 4596
3 3508 2063 3099
3 8909 83 8132
3 6596 1314 5388
3 7565 4034 706
3 8995 7391 7238
3 2944 10017 1730
3 6321 4664 2445
3 5388 1314 5214
3 6225 1870 7566
3 4180 8501 9121
3 8193 7158 8369
3 148 6971 3217
3 1657 10066 4950
3 10066 8087 9506
3 3547 131 6876
3 9506 3053 9346
3 2480 6726 9777
3 8169 9455 7970
3 3849 2598 1566
3 1908 2072 8785
3 5074 8027 2007
3 5193 9463 6876
3 1691 8497 9911
3 531 479 9401
3 9121 3365 4180
3 8757 1552 442
3 626 4236 531
3 845 2458 8371
3 9121 8501 2205
3 5220 820 10085
3 4239 3772 3012
3 2597 9893 9545
3 3859 3164 6521
3 6805 2004 4260
3 3226 6226 3411
3 3030 484 3555
3 1798 3555 5444
3 8926 4091 7406
3 2633 2939 8372
3 178 8371 3030
3 5234 6290 378
3 9046 3858 1483
3 2981 619 5453
3 4728 845 5810
3 2753 5453 936
3 193 6777 1544
3 5845 7406 1605
3 5494 10066 1657
3 3769 4883 2581
3 4180 7687 7408
3 2554 1728 2598
3 4096 4828 257
3 8378 4664 1730
3 3849 1566 9777
3 208 4639 9453
3 4037 9382 8674
3 7238 2445 8995
3 8263 1657 4950
3 6726 4096 2554
3 3849 2554 2598
3 8991 1730 9292
3 7957 4621 8788
3 4220 4883 3769
3 4220 6726 5976
3 6707 6971 148
3 4484 6476 4601
3 4484 4365 8132
3 7824 1774 9623
3 2205 5032 7050
3 6321 7465 5503
3 3772 5220 10085
3 1870 10059 7566
3 3026 10093 1154
3 122 845 6707
3 5930 3547 6876
3 6381 9401 1379
3 10017 2944 9401
3 10085 1774 7824
3 1654 6487 5845
3 8705 8369 7158
3 6381 7248 4480
3 7736 6291 4059
3 2458 6434 6942
3 2476 5644 3747
3 7248 9823 5891
3 3905 131 3547
3 7565 706 5503
3 4906 10003 5776
3 5354 1086 2871
3 3772 4239 904
3 3012 9823 7248
3 432 8429 8051
3 2107 7265 6159
3 3309 42 289
3 4684 3458 4259
3 5175 9292 185
3 3195 6094 5313
3 5930 479 531
3 1379 9401 479
3 6641 3214 5371
3 7167 2657 1750
3 10017 9401 6381
3 8051 9545 189
3 2496 8307 3828
3 4601 6476 9540
3 8547 2505 9460
3 3304 9458 3828
3 4699 122 7390
3 9292 598 9199
