ply
format ascii 1.0
comment TextureFile obj_000007.png
element vertex 10392
property float x
property float y
property float z
property float nx
property float ny
property float nz
property float texture_u
property float texture_v
element face 17586
property list uchar int vertex_indices
end_header
-4.9791 -0.1528 20.9381 -0.0290 0.0104 0.9995 0.7922 0.1499
-34.0429 -7.8270 13.1457 -0.9601 -0.2791 -0.0173 0.2859 0.4259
-10.0126 -13.4891 -23.8451 -0.0074 0.0152 -0.9999 0.0737 0.7331
24.5592 -18.0372 -11.3139 0.8374 -0.5466 -0.0002 0.5161 0.3254
20.0547 -16.8900 -23.8947 -0.2215 0.1213 -0.9676 0.0571 0.8794
18.0093 -18.9410 21.1131 -0.5947 0.2105 0.7759 0.6804 0.2413
-22.4768 21.4359 26.8699 0.6768 -0.7326 0.0723 0.5007 0.8257
24.1319 0.5628 21.1165 -0.0440 0.0007 0.9990 0.6506 0.1465
-29.9038 18.4017 28.4391 -0.5513 0.3760 0.7448 0.2506 0.3194
-21.2054 17.3141 -23.3452 -0.0266 0.0197 -0.9995 0.2235 0.6786
19.2350 -24.3401 -7.6562 0.6772 -0.7358 -0.0003 0.5339 0.3513
19.7402 18.7236 21.8021 -0.7726 -0.6230 0.1223 0.4761 0.6203
-21.8555 -26.1617 26.4432 -0.5373 -0.8433 0.0114 0.6998 0.5512
29.6633 2.3599 6.9817 0.9962 0.0866 -0.0036 0.3866 0.8031
10.6562 -24.4312 -27.1731 -0.4399 0.8323 -0.3373 0.5776 0.7829
-14.1737 -3.6888 20.9000 -0.0071 0.0178 0.9998 0.8370 0.1671
-32.6944 1.7314 28.6635 0.1458 -0.0157 0.9892 0.1694 0.3330
15.9602 22.6374 21.3987 -0.2470 -0.9679 -0.0459 0.4741 0.6387
15.9602 22.6374 21.3987 -0.2232 -0.3918 0.8926 0.6904 0.0391
16.6574 -21.4681 19.1154 -0.2311 0.1940 0.9534 0.6870 0.2536
3.2150 -32.5109 28.2296 0.1643 -0.9377 0.3061 0.7085 0.4293
-21.0389 23.4568 21.0722 0.1318 -0.3193 0.9384 0.8704 0.0351
-21.0389 23.4568 21.0722 0.4862 -0.7352 0.4723 0.9875 0.6135
-24.9290 -17.8372 -28.4503 0.5633 0.5475 -0.6189 0.5713 0.6098
-24.9290 -17.8372 -28.4503 0.4861 0.3608 -0.7959 0.3934 0.0491
-11.2554 24.6634 21.1725 -0.0003 -0.0128 0.9999 0.8228 0.0292
-34.0269 2.0143 28.7414 0.0352 0.0094 0.9993 0.1708 0.3395
-14.6293 26.5969 26.7200 0.4078 -0.9118 0.0479 0.5000 0.7875
5.9042 -3.0315 -23.8727 -0.0103 0.0095 -0.9999 0.1245 0.8105
0.7246 4.2959 -23.7496 -0.0136 0.0090 -0.9999 0.1602 0.7853
-29.3896 -11.1640 21.3688 0.4191 0.1863 0.8886 0.9110 0.2035
2.2082 -28.8586 26.8524 -0.1611 0.9861 0.0402 0.5545 0.7508
2.6126 31.8474 -15.2235 0.1696 0.9855 -0.0058 0.7842 0.4603
-4.8764 6.4392 20.8974 -0.0099 -0.0020 0.9999 0.7917 0.1179
24.3858 11.5183 -28.7889 -0.0483 -0.0407 -0.9980 0.5362 0.2890
28.0063 -2.9585 28.5949 -0.0749 0.0053 0.9972 0.1466 0.0377
26.5250 -15.4754 28.3417 0.5547 -0.3441 0.7576 0.0857 0.0449
9.5563 23.5906 -23.7675 -0.1526 -0.2073 -0.9663 0.2541 0.8283
11.3138 25.8649 -28.7483 -0.0533 -0.0713 -0.9960 0.6060 0.2254
-7.0972 -20.2197 21.2847 -0.0608 -0.0127 0.9981 0.8025 0.2476
-9.0625 -32.2193 28.6524 -0.1720 -0.9394 0.2967 0.7106 0.4890
-1.5833 30.0727 21.2474 -0.0216 -0.0900 0.9957 0.7757 0.0029
-2.7006 -24.1711 -24.0361 -0.0054 0.0035 -1.0000 0.0217 0.7686
1.1204 -30.0824 -29.0196 0.0083 -0.0820 -0.9966 0.3338 0.1758
7.7614 -27.9653 -28.9800 -0.0188 0.0940 -0.9954 0.3441 0.2081
-2.7921 32.2428 7.4368 -0.0214 0.9997 -0.0083 0.8945 0.4340
15.8288 21.7636 -28.5327 -0.2594 -0.2954 -0.9195 0.5861 0.2474
12.7239 9.4364 20.7564 -0.0166 -0.0146 0.9998 0.7061 0.1033
-19.3059 27.4785 18.0429 -0.5201 0.8541 -0.0000 0.9461 0.3536
-25.6542 6.8808 -23.4243 -0.0208 0.0164 -0.9996 0.1728 0.6570
-8.4633 -28.2004 21.2726 0.0709 0.2034 0.9765 0.8092 0.2864
-34.1338 8.6383 27.7642 -0.7478 0.1667 -0.6427 0.3660 0.3547
12.3073 -25.0140 24.1608 -0.5055 0.8628 -0.0082 0.5414 0.7999
-17.1710 -26.2002 -28.9303 0.0452 0.0705 -0.9965 0.3527 0.0868
21.2411 22.7880 28.3257 0.7101 0.7041 -0.0118 0.9961 0.5509
20.2241 -17.1362 20.3468 -0.6726 -0.0309 0.7393 0.6696 0.2326
20.2241 -17.1362 20.3468 0.4412 -0.6268 0.6423 0.9258 0.6497
-23.2064 20.9075 21.7123 0.6321 -0.6751 -0.3802 0.4757 0.8292
-1.7182 18.1092 21.1049 0.0139 -0.0586 0.9982 0.7764 0.0611
22.5546 13.1812 20.9073 -0.9926 0.0160 0.1206 0.6736 0.8273
22.5546 13.1812 20.9073 -0.4490 -0.7121 0.5397 0.4983 0.8660
-3.1952 29.9588 21.4501 0.0237 -0.1887 -0.9817 0.9007 0.6216
-3.0786 -13.0261 -23.8921 -0.0086 0.0112 -0.9999 0.0759 0.7668
-21.1809 -26.5329 20.4828 -0.5153 -0.8569 -0.0127 0.6708 0.5480
-9.4330 25.8238 -23.3935 -0.0182 0.0159 -0.9997 0.2649 0.7359
0.3756 29.8413 21.3202 -0.0196 -0.0499 0.9986 0.7662 0.0040
25.1600 -17.9409 28.1585 0.8197 -0.4961 0.2864 0.9786 0.6242
25.1600 -17.9409 28.1585 0.7486 -0.4689 0.4688 0.8329 0.7418
25.1600 -17.9409 28.1585 0.8133 -0.5077 0.2841 0.7082 0.3225
25.1600 -17.9409 28.1585 0.7046 -0.4469 0.5512 0.0737 0.0515
24.4788 -17.9409 22.3630 0.8465 -0.5323 0.0103 0.6800 0.3258
25.4508 -2.9854 -28.0232 -0.6990 0.0668 -0.7120 0.4656 0.2942
-30.2540 -16.7409 -1.2221 -0.8390 -0.5439 0.0125 0.5652 0.5921
-30.2540 -16.7409 -1.2221 -0.8694 -0.4940 0.0078 0.2426 0.4958
-16.8410 -4.9572 -23.6687 -0.0101 0.0137 -0.9999 0.1152 0.6999
-16.1013 25.8451 25.8172 0.4594 -0.8868 0.0512 0.4956 0.7946
20.7922 -23.3460 28.2204 0.6880 -0.7001 0.1908 0.7085 0.3437
-14.8040 25.0263 -23.4033 0.0717 -0.1774 -0.9815 0.2611 0.7098
-18.9162 27.6872 25.6900 -0.4948 0.8674 -0.0524 0.9833 0.3555
-26.4530 21.6187 -0.0929 -0.7224 0.6914 0.0107 0.8578 0.3189
-0.3420 14.0893 20.9383 0.0082 -0.0201 0.9998 0.7697 0.0806
15.5313 -21.8439 -24.1768 -0.5655 0.7509 0.3410 0.5921 0.8067
17.8840 -15.5917 21.0673 -0.0736 -0.0070 0.9973 0.6810 0.2251
-17.1309 29.0188 28.6086 -0.0571 0.0789 0.9953 0.3022 0.2573
6.7227 -26.2083 20.7272 0.0035 -0.0843 0.9964 0.7353 0.2767
10.8660 29.1959 -26.3423 0.4115 0.9015 -0.1337 0.7301 0.5004
4.3119 -31.8902 6.1872 0.1921 -0.9814 0.0014 0.6013 0.4239
21.5325 -19.8773 28.7632 -0.0285 0.0394 0.9988 0.0643 0.0692
-26.9491 -15.8334 21.5129 0.4617 0.2384 0.8544 0.8991 0.2262
17.9287 25.0940 10.6288 0.6384 0.7697 -0.0031 0.9100 0.5348
3.3784 -28.6061 23.4516 -0.2054 0.9779 0.0382 0.5379 0.7565
-28.2239 20.5459 27.4980 -0.7339 0.4721 -0.4884 0.4240 0.3560
-28.2239 20.5459 27.4980 -0.7305 0.5666 -0.3813 0.9921 0.3103
25.1470 8.9395 22.1175 -0.9435 -0.3208 0.0835 0.8043 0.6123
24.0302 16.7908 28.7172 0.0097 -0.0003 1.0000 0.2427 0.0570
5.3067 -31.7645 -21.8752 0.2384 -0.9711 0.0050 0.4648 0.4191
-11.1940 31.0912 -4.0599 -0.2643 0.9644 0.0053 0.8385 0.3931
20.1198 -23.5524 20.5296 0.7298 -0.6836 -0.0074 0.6711 0.3470
-8.7676 28.8307 21.2743 -0.2603 0.6255 -0.7355 0.9364 0.6541
-8.7676 28.8307 21.2743 -0.0626 0.2997 0.9520 0.8107 0.0089
15.1077 -22.6603 19.0932 0.3984 -0.1854 0.8983 0.6945 0.2594
15.1077 -22.6603 19.0932 -0.4117 0.7199 0.5588 0.5167 0.8135
-10.7232 26.6621 -24.0015 0.3011 -0.9491 0.0928 0.6234 0.7610
28.6337 -8.9236 26.8523 0.7729 -0.2499 -0.5833 0.6742 0.7528
28.6337 -8.9236 26.8523 0.9573 -0.2813 -0.0660 0.3317 0.8997
27.6782 -11.5316 24.7755 0.9338 -0.3577 0.0122 0.3190 0.8896
28.3431 9.3286 1.0016 0.9543 0.2990 0.0052 0.4205 0.7740
1.2932 -7.2058 -23.8723 -0.0099 0.0123 -0.9999 0.1042 0.7881
-2.5195 -32.7910 27.5177 -0.0001 -0.7006 -0.7136 0.7051 0.4572
-26.8727 -21.5051 -3.6877 -0.7721 -0.6355 0.0054 0.5532 0.5756
28.8097 6.9704 -27.3004 0.8353 0.2074 -0.5092 0.5141 0.3105
28.8097 6.9704 -27.3004 0.9454 0.2246 -0.2360 0.4090 0.6363
-13.2878 -27.5669 28.4460 0.0584 0.1798 0.9820 0.0269 0.2386
-13.2878 -27.5669 28.4460 0.2534 0.6666 0.7010 0.5622 0.6754
-20.6942 -22.9455 -28.7492 0.2508 0.2632 -0.9316 0.3685 0.0697
-7.8281 25.6825 -23.4295 -0.0186 0.0183 -0.9997 0.2642 0.7437
-10.1055 -32.0218 28.6462 -0.1951 -0.9414 0.2752 0.7106 0.4941
-3.7642 17.2228 -23.5675 -0.0116 0.0068 -0.9999 0.2231 0.7635
-28.3593 19.3201 3.3972 -0.7927 0.6096 0.0064 0.8748 0.3096
-7.6219 29.9895 -28.7731 0.0455 0.1183 -0.9919 0.6261 0.1333
-2.8014 2.1107 20.9731 -0.0276 0.0232 0.9994 0.7816 0.1389
-24.0669 -15.8526 -23.7528 0.0005 0.0136 -0.9999 0.0622 0.6647
20.5346 -16.9402 20.6970 -0.5830 0.0591 0.8103 0.6681 0.2316
20.5346 -16.9402 20.6970 -0.7901 0.4783 0.3835 0.8496 0.7355
-27.0331 12.4072 -25.6670 0.8854 -0.4511 0.1123 0.7257 0.6273
-0.4298 -2.0762 20.9466 0.0910 -0.0054 0.9958 0.7701 0.1593
-34.9963 3.0291 18.6028 -0.9922 0.1208 -0.0312 0.3388 0.3993
-2.4409 19.8588 21.0219 -0.0073 0.0236 0.9997 0.7799 0.0526
21.7765 -15.7534 21.4615 -0.8109 0.4974 0.3081 0.8075 0.7324
21.7765 -15.7534 21.4615 -0.7919 0.5391 0.2868 0.5282 0.8460
12.6662 25.0035 21.3731 -0.0658 -0.0563 0.9962 0.7064 0.0275
26.2026 14.5574 10.4918 0.8878 0.4602 -0.0023 0.4460 0.8201
22.2317 -14.1338 19.8822 0.6087 -0.1788 0.7730 0.6599 0.2180
28.4577 8.9350 12.9026 0.9578 0.2874 0.0022 0.4186 0.8319
22.9403 12.5593 21.0684 -0.8858 -0.2027 0.4174 0.3491 0.9062
22.9403 12.5593 21.0684 -0.0419 0.3346 0.9414 0.6564 0.0881
7.3930 26.6760 -28.4606 -0.1910 -0.5195 -0.8328 0.6017 0.6729
7.3930 26.6760 -28.4606 -0.0942 -0.2485 -0.9640 0.6100 0.2063
-13.4897 22.5277 -23.3970 -0.0183 0.0236 -0.9996 0.2489 0.7162
-33.0379 10.5348 -25.0787 -0.9473 0.3194 -0.0267 0.3753 0.6118
-7.9221 32.1427 27.2032 -0.1072 0.6936 -0.7124 0.9906 0.4090
-8.2974 28.5448 22.8630 0.1714 -0.9851 -0.0174 0.4813 0.7567
19.0526 -18.1101 20.5793 0.6396 -0.7114 -0.2912 0.9269 0.6554
5.1319 31.9987 28.2680 0.2637 0.9626 -0.0621 0.9958 0.4725
-34.3311 6.0793 -1.5416 -0.9789 0.2042 0.0041 0.3536 0.4973
15.5959 6.6694 -23.9364 -0.0163 0.0024 -0.9999 0.1717 0.8577
27.1025 -5.1264 28.5040 -0.1953 0.0388 0.9800 0.1361 0.0421
-31.3048 14.6852 -1.3018 -0.8750 0.4841 0.0047 0.3955 0.4961
23.2301 20.4789 27.8779 0.6192 0.4706 -0.6285 0.6479 0.6098
23.2301 20.4789 27.8779 0.7549 0.6262 -0.1948 0.9939 0.5606
9.7506 -29.7871 28.7198 0.1344 -0.3358 0.9323 0.0161 0.1265
-28.4072 -13.6128 27.7669 0.8886 0.4402 0.1288 0.8598 0.7215
-5.4977 29.0577 21.3932 0.0540 -0.2480 -0.9672 0.8963 0.6104
-5.4977 29.0577 21.3932 0.0667 0.0787 0.9947 0.7948 0.0078
-5.4977 29.0577 21.3932 0.1774 -0.9102 0.3742 0.4741 0.7431
-33.9137 -7.1181 -26.9279 -0.9682 -0.2165 -0.1250 0.2894 0.6208
-35.0945 -2.8320 17.5728 -0.9959 -0.0860 -0.0284 0.3102 0.4043
17.8539 20.6824 21.4392 -0.6976 -0.7130 0.0705 0.4743 0.6294
17.8539 20.6824 21.4392 -0.4013 -0.3921 0.8278 0.6812 0.0486
-23.3929 24.5361 3.8259 -0.6481 0.7615 -0.0013 0.8769 0.3338
-24.9970 22.9841 -27.2505 -0.6836 0.6722 -0.2843 0.7257 0.3260
20.8959 -8.4666 -24.0457 0.0242 -0.0096 -0.9997 0.0981 0.8835
-1.0438 30.0821 21.2643 -0.0424 -0.0035 0.9991 0.7731 0.0028
-1.0438 30.0821 21.2643 -0.0767 -0.6940 0.7159 0.9090 0.6513
-35.0233 2.3539 28.6794 -0.3803 0.0127 0.9248 0.1725 0.3443
-33.2056 10.2643 -5.7848 -0.9498 0.3124 -0.0197 0.3740 0.5180
29.4179 -5.6084 -8.9170 0.9855 -0.1697 0.0028 0.3478 0.7257
-5.7102 -16.5332 21.1776 -0.0061 0.0362 0.9993 0.7958 0.2296
-9.6645 -0.8045 21.1019 -0.0659 0.0093 0.9978 0.8150 0.1531
-25.8475 18.3059 21.0834 0.8360 -0.4859 -0.2548 0.6153 0.8425
-25.8475 18.3059 21.0834 0.8431 -0.5300 -0.0910 0.4726 0.8421
-25.8475 18.3059 21.0834 -0.1275 0.3725 0.9192 0.8938 0.0601
25.9825 -13.7532 -28.2469 0.6632 -0.3090 -0.6816 0.4133 0.2968
-23.5978 18.2677 -23.2855 0.0523 -0.0204 -0.9984 0.2282 0.6670
-26.5554 -0.6260 -23.4983 -0.0155 0.0149 -0.9998 0.1362 0.6526
33.4759 -6.1440 27.3568 0.4800 -0.6166 -0.6241 0.9541 0.6368
26.6834 -1.4580 27.4407 -0.9873 0.0481 0.1511 0.7784 0.6629
-6.1389 -32.4495 -25.0976 -0.1153 -0.9932 -0.0135 0.4491 0.4748
18.0286 24.8881 -10.3455 0.6218 0.7832 -0.0044 0.8079 0.5353
29.7260 -1.8900 0.5054 0.9989 -0.0457 0.0060 0.3659 0.7716
19.5110 -17.7494 -24.3414 -0.7852 0.5620 0.2601 0.5913 0.8260
-28.4873 13.6556 27.5087 0.8658 -0.4384 0.2414 0.8586 0.5888
-25.6924 21.1078 -28.3135 -0.3781 0.3545 -0.8552 0.5829 0.0454
-21.2128 26.3048 -7.1358 -0.5861 0.8102 0.0043 0.8236 0.3444
26.9568 1.6179 28.1993 -0.9574 -0.0370 0.2865 0.7747 0.6479
26.9568 1.6179 28.1993 -0.4762 -0.0306 0.8788 0.1689 0.0428
-9.1912 -20.2774 21.1971 -0.0287 0.0072 0.9996 0.8127 0.2479
-22.3617 -25.7095 11.4920 -0.5617 -0.8273 0.0016 0.6271 0.5537
-8.0960 -4.0167 -23.7290 -0.0101 0.0118 -0.9999 0.1198 0.7424
-12.6709 30.5472 23.1905 -0.2906 0.9568 0.0072 0.9711 0.3859
-24.1390 18.0633 -23.7790 0.8195 -0.4769 -0.3178 0.7244 0.7746
-24.1390 18.0633 -23.7790 0.7971 -0.5890 0.1333 0.6245 0.8263
27.3005 8.8294 28.6611 -0.0526 -0.0245 0.9983 0.2040 0.0411
7.9635 30.4825 -24.5022 0.3296 0.9439 -0.0189 0.7391 0.4863
24.1161 -8.8455 -24.7590 -0.9348 0.2474 0.2548 0.7492 0.7006
-14.1903 26.5180 -28.4769 0.2403 -0.5411 -0.8059 0.6016 0.7779
-14.1903 26.5180 -28.4769 0.1806 -0.4377 -0.8808 0.6092 0.1013
-4.2782 29.0348 21.9227 0.0653 -0.9894 -0.1294 0.4767 0.7371
-6.5569 -32.0704 20.4296 -0.1285 -0.9917 0.0037 0.6706 0.4768
21.6634 15.1680 21.1474 -0.2436 -0.1530 0.9577 0.6626 0.0754
-19.2055 -27.6597 26.0980 -0.4876 -0.8727 0.0261 0.6982 0.5383
-27.9136 -17.3967 28.7015 0.0523 0.0412 0.9978 0.0764 0.3097
-22.0876 -25.5691 -27.9279 -0.5609 -0.7091 -0.4273 0.4353 0.5524
26.6234 13.6740 -26.4204 0.8952 0.4342 -0.1003 0.4417 0.6406
-3.2120 14.6374 20.9949 -0.0612 0.0126 0.9980 0.7836 0.0780
3.9373 -28.5637 27.6896 -0.2267 0.9596 0.1665 0.5585 0.7592
29.5851 -3.4240 23.6876 0.9950 -0.0984 0.0153 0.3585 0.8843
3.5298 -25.1164 -24.0429 0.0058 -0.0354 -0.9994 0.0171 0.7990
17.8237 20.2150 21.2022 -0.2138 -0.2198 0.9518 0.6813 0.0508
22.9114 -4.4986 21.0914 -0.0434 0.0122 0.9990 0.6565 0.1711
-20.0869 -3.5482 20.9562 0.0237 0.0183 0.9996 0.8657 0.1665
24.1769 -10.5933 20.3473 -0.8813 0.3361 -0.3321 0.8129 0.7073
26.4091 14.1796 3.3878 0.9011 0.4335 0.0056 0.4441 0.7856
22.5324 -13.5879 19.8367 -0.8459 0.2790 0.4545 0.5419 0.8588
22.5324 -13.5879 19.8367 0.3684 -0.0202 0.9294 0.9655 0.6263
22.5324 -13.5879 19.8367 0.6687 -0.3122 0.6748 0.6584 0.2153
-17.9244 -24.4927 21.3678 0.1443 0.2359 0.9610 0.8552 0.2684
27.3688 12.9024 28.5405 0.4420 0.2226 0.8690 0.2238 0.0408
-22.6761 19.1545 -27.2830 0.6678 -0.6435 -0.3743 0.6074 0.8192
-9.3037 21.4812 21.0903 0.0045 -0.0272 0.9996 0.8133 0.0447
-31.3181 12.1226 -28.3860 -0.4370 0.1999 -0.8770 0.5392 0.0180
-4.5595 -28.2014 -24.2617 0.0318 0.9928 -0.1158 0.5917 0.7089
-32.2719 -12.9641 -3.5350 -0.9137 -0.4063 0.0034 0.2609 0.5070
25.5572 15.7800 10.6357 0.8754 0.4834 0.0017 0.4519 0.8208
-27.5528 -15.1789 27.6870 0.8735 0.4770 0.0974 0.8594 0.7291
-27.5528 -15.1789 27.6870 0.8358 0.5390 0.1045 0.5585 0.6060
-30.3459 9.2857 22.0549 0.9866 -0.1495 -0.0660 0.8320 0.6101
-30.3459 9.2857 22.0549 0.7891 -0.2130 0.5761 0.9157 0.1040
21.8406 -21.6340 -4.0834 0.7614 -0.6483 0.0022 0.5513 0.3386
22.6100 -14.9820 -28.7549 -0.3724 0.2130 -0.9033 0.4073 0.2804
22.5967 20.1459 20.5034 0.7886 0.6148 0.0076 0.9580 0.5575
27.3254 13.8282 27.7025 0.6233 0.2934 -0.7249 0.6678 0.6422
27.3254 13.8282 27.7025 0.8922 0.4387 -0.1074 0.9430 0.6611
-25.4168 20.3163 -28.6648 -0.2016 0.1847 -0.9619 0.5790 0.0467
14.2089 -23.9988 28.2293 -0.3609 0.4641 0.8089 0.0443 0.1048
14.2089 -23.9988 28.2293 -0.4617 0.6332 0.6211 0.5612 0.8091
-19.5991 27.2638 24.0542 -0.5290 0.8486 -0.0004 0.9753 0.3522
-27.1523 -19.2274 28.7402 0.0405 0.0334 0.9986 0.0675 0.3060
18.8276 -20.7412 28.5705 -0.1439 0.1624 0.9762 0.0601 0.0823
-27.6184 20.2980 -1.1759 -0.7661 0.6427 0.0075 0.8525 0.3132
20.5100 22.6180 18.6755 0.7375 0.6753 0.0090 0.9491 0.5474
18.1016 -20.5764 27.3890 -0.6901 0.7108 0.1358 0.5571 0.8281
-28.4760 19.2435 -11.9387 -0.8005 0.5994 -0.0054 0.8002 0.3090
20.7206 -22.8568 15.7395 0.7327 -0.6805 0.0080 0.6478 0.3441
-0.7629 -24.7374 21.1770 0.0363 -0.0533 0.9979 0.7717 0.2695
21.9616 20.9939 16.8948 0.7735 0.6338 0.0098 0.9405 0.5544
-14.0294 -26.7553 21.4013 0.2967 0.6680 0.6824 0.5279 0.6718
-14.0294 -26.7553 21.4013 0.1432 0.2826 0.9485 0.8363 0.2794
-14.0762 25.0444 -26.0331 0.3752 -0.9197 0.1160 0.6135 0.7773
8.0862 -29.6191 -28.6233 0.1511 -0.3754 -0.9145 0.3361 0.2097
8.0862 -29.6191 -28.6233 0.2289 -0.6252 -0.7462 0.4319 0.4056
-10.3723 5.6004 20.9522 -0.1004 0.0102 0.9949 0.8185 0.1219
29.2520 -6.0711 10.2840 0.9848 -0.1738 0.0005 0.3456 0.8191
-18.1129 -28.3199 15.3901 -0.4842 -0.8749 -0.0026 0.6461 0.5330
19.9357 23.1985 -3.3240 0.7024 0.7117 -0.0076 0.8421 0.5446
-35.1432 4.5994 28.3455 -0.9920 0.1209 0.0375 0.3464 0.3519
28.8760 -7.8844 6.1443 0.9730 -0.2308 0.0008 0.3368 0.7990
-21.1670 -22.0860 21.3004 0.1687 0.2040 0.9643 0.8710 0.2567
-17.9787 25.1788 28.1103 0.2862 -0.4914 0.8226 0.2835 0.2614
-26.8499 16.4957 21.3561 0.2184 -0.0237 0.9756 0.8986 0.0689
-26.8499 16.4957 21.3561 0.7851 -0.6177 -0.0443 0.4739 0.8469
-26.8499 16.4957 21.3561 0.9582 -0.2504 0.1386 0.6070 0.8441
-3.3370 29.6556 21.2560 -0.0366 0.2226 0.9742 0.7843 0.0049
23.6486 -19.8240 28.4838 0.3578 -0.3244 0.8756 0.0646 0.0589
23.4501 -19.6338 5.7022 0.8074 -0.5899 -0.0067 0.5989 0.3308
-15.8079 -13.9254 21.1144 0.0100 0.0189 0.9998 0.8449 0.2169
14.3377 -27.6672 -27.4928 0.4885 -0.7920 -0.3662 0.4374 0.3751
-6.4095 -32.2153 -0.0585 -0.1371 -0.9905 0.0107 0.5709 0.4761
-3.6419 -32.5886 -17.1197 -0.0333 -0.9994 0.0106 0.4879 0.4626
31.7556 3.6202 27.1773 0.0283 0.0660 -0.9974 0.6894 0.6918
4.3700 26.4663 -24.4064 -0.2796 -0.9586 -0.0538 0.6214 0.6876
-21.2113 -22.2727 21.3989 0.2926 0.3966 0.8701 0.8712 0.2576
-21.2113 -22.2727 21.3989 0.4668 0.5268 0.7103 0.5279 0.6368
19.9711 23.1308 -12.7310 0.6999 0.7142 -0.0028 0.7963 0.5447
32.7594 -7.0812 27.7715 0.3368 -0.4954 -0.8007 0.6943 0.7439
32.7594 -7.0812 27.7715 0.5307 -0.7006 -0.4769 0.9561 0.6403
0.7062 19.2970 21.0534 -0.0119 -0.0278 0.9995 0.7646 0.0553
-3.3554 31.6441 28.6572 -0.0099 -0.0567 0.9983 0.3150 0.1902
-30.2942 -4.2691 -23.4940 0.2677 0.0448 -0.9624 0.1185 0.6344
25.1036 2.0228 -26.3275 -0.9837 -0.1751 0.0404 0.7569 0.6477
-20.8481 20.9497 -27.2737 0.6647 -0.7059 -0.2445 0.6075 0.8103
19.1788 0.9354 -24.0154 -0.0147 0.0044 -0.9999 0.1438 0.8751
-34.8045 -0.6044 -23.2323 -1.0000 -0.0083 -0.0039 0.3211 0.6028
29.2316 -5.3295 26.6423 0.9913 -0.1315 0.0103 0.3492 0.8987
16.9251 25.9643 19.1467 0.6213 0.7835 -0.0070 0.9514 0.5299
-21.0115 4.1277 20.9079 0.0282 0.0004 0.9996 0.8702 0.1291
-19.7463 27.1836 25.6016 -0.5270 0.8479 -0.0582 0.9828 0.3515
29.6691 -2.6287 12.9085 0.9974 -0.0719 0.0004 0.3623 0.8319
-11.8870 -2.0585 20.9159 -0.0519 0.0125 0.9986 0.8259 0.1592
29.7650 -0.7478 11.4246 1.0000 -0.0060 -0.0004 0.3715 0.8247
-35.0799 -1.3635 14.2908 -0.9991 -0.0356 -0.0218 0.3174 0.4203
-8.6222 15.8336 21.0804 -0.1395 0.0333 0.9897 0.8100 0.0722
29.8584 -1.3564 -16.9972 0.9990 -0.0446 0.0090 0.3685 0.6864
26.9961 -1.0153 -28.8606 -0.1508 0.0001 -0.9886 0.4752 0.3017
3.9293 -31.8759 16.2424 0.1569 -0.9875 0.0136 0.6502 0.4258
-5.6105 -15.8720 21.1526 -0.0157 0.0207 0.9997 0.7953 0.2264
-33.2286 10.2707 13.6553 -0.9459 0.3245 0.0009 0.3740 0.4234
-14.7142 11.0180 -23.4951 -0.0101 0.0088 -0.9999 0.1929 0.7102
-22.4080 22.6574 20.8931 0.2492 -0.3388 0.9073 0.8770 0.0390
-22.4080 22.6574 20.8931 0.6865 -0.7179 0.1159 0.9866 0.6202
29.7052 1.7975 8.4897 0.9987 0.0512 0.0045 0.3839 0.8104
17.0160 25.7446 -1.1967 0.6094 0.7929 -0.0009 0.8524 0.5304
-30.2335 -16.8406 -6.0482 -0.8521 -0.5233 -0.0126 0.5418 0.5920
17.8806 -19.6581 -23.9187 -0.7338 0.6649 -0.1396 0.5934 0.8181
17.8806 -19.6581 -23.9187 -0.0307 0.0529 -0.9981 0.0437 0.8688
7.4530 14.6107 -23.7529 -0.0173 0.0074 -0.9998 0.2104 0.8180
20.0089 -23.6359 10.4881 0.7018 -0.7124 -0.0012 0.6222 0.3476
5.5102 16.9572 20.8516 0.0149 -0.0209 0.9997 0.7412 0.0667
-34.8178 -5.2463 19.3249 -0.9838 -0.1771 -0.0271 0.2985 0.3958
-16.5397 26.1128 21.1366 -0.3532 0.4818 0.8020 0.8485 0.0222
-16.5397 26.1128 21.1366 -0.8540 0.3593 -0.3763 0.5802 0.8459
-16.5397 26.1128 21.1366 -0.5426 0.8395 -0.0267 0.7863 0.7369
28.5448 2.0349 -28.5254 0.5440 0.0411 -0.8381 0.4901 0.3092
0.6729 13.7201 20.9417 -0.0032 -0.0318 0.9995 0.7647 0.0824
-17.1284 -23.5764 -25.7219 0.5417 0.7850 0.3006 0.5846 0.6478
27.0506 -11.1770 -28.2460 0.8212 -0.2833 -0.4953 0.9093 0.6986
27.0506 -11.1770 -28.2460 0.7640 -0.2901 -0.5763 0.4258 0.3020
7.4890 25.5955 21.1726 -0.0235 -0.0685 0.9974 0.7316 0.0247
-29.1724 18.1704 11.7693 -0.8243 0.5662 0.0021 0.9155 0.3056
-16.6713 -26.1844 28.5391 0.1731 0.2791 0.9445 0.0336 0.2550
-16.3689 23.9708 -26.9565 0.4668 -0.8597 -0.2072 0.6090 0.7885
-18.6461 -28.2089 -26.2542 -0.5037 -0.8615 -0.0635 0.4434 0.5356
-31.2330 14.2257 -27.6280 -0.8874 0.4385 -0.1425 0.3932 0.6242
-31.2330 14.2257 -27.6280 -0.6766 0.3560 -0.6445 0.5494 0.0184
-34.5254 -5.3827 -2.6097 -0.9883 -0.1523 0.0097 0.2978 0.5025
20.5097 22.0511 -27.3271 0.6770 0.6593 -0.3270 0.7253 0.5474
-14.7197 26.6124 27.7806 0.4053 -0.8974 0.1744 0.5052 0.7879
-19.3027 27.5957 -9.3202 -0.5228 0.8524 0.0038 0.8129 0.3537
26.5430 -1.6988 23.0625 -0.9977 0.0559 0.0394 0.7997 0.6640
1.2748 -28.9814 23.5958 -0.1358 0.9903 0.0299 0.5386 0.7462
-24.4259 19.0764 21.1679 -0.1380 0.1275 0.9822 0.8869 0.0564
4.2492 -31.7400 25.1497 0.1823 -0.9827 -0.0318 0.6935 0.4242
-28.9311 10.7342 -28.1986 0.6037 -0.2393 -0.7605 0.5324 0.0296
-23.1593 -8.0547 21.1295 0.0262 0.0194 0.9995 0.8807 0.1884
25.2447 -6.3307 18.9880 0.5119 -0.2435 0.8238 0.9523 0.5910
25.2447 -6.3307 18.9880 0.8665 -0.3356 0.3696 0.9299 0.5910
-31.9779 13.1204 23.3622 -0.9058 0.4234 0.0147 0.3878 0.3761
-9.3653 -31.6210 23.3513 -0.1938 -0.9810 0.0046 0.6848 0.4905
23.3020 -11.0492 -28.0350 -0.6040 0.2390 -0.7603 0.4264 0.2837
23.3020 -11.0492 -28.0350 -0.8138 0.3678 -0.4499 0.7652 0.7113
-11.1445 -31.5946 27.4437 -0.1978 -0.7985 -0.5685 0.7047 0.4991
23.5032 -12.5366 19.8438 -0.8324 0.5501 -0.0664 0.5204 0.8544
23.5032 -12.5366 19.8438 -0.8885 0.4058 -0.2142 0.8153 0.7168
13.1633 -28.8747 22.9519 0.4301 -0.9028 0.0020 0.6828 0.3809
22.1889 -3.0076 -24.0481 0.0242 0.0001 -0.9997 0.1247 0.8897
4.2499 14.8641 20.8772 0.0791 -0.0020 0.9969 0.7473 0.0769
27.6539 1.7047 28.5540 -0.2724 -0.0147 0.9621 0.1693 0.0394
2.3895 31.8579 24.3594 0.1095 0.9940 0.0014 0.9768 0.4592
6.0532 28.0835 21.4894 0.0808 0.1040 -0.9913 0.8915 0.6666
6.0532 28.0835 21.4894 0.4973 0.7775 -0.3851 0.8408 0.7353
6.0532 28.0835 21.4894 -0.2442 -0.0672 0.9674 0.7386 0.0126
6.0532 28.0835 21.4894 -0.5026 0.8583 0.1032 0.4848 0.8668
-2.1588 29.8466 21.2483 0.0089 0.1158 0.9932 0.7785 0.0040
29.6804 3.8813 27.2385 0.3406 0.0197 -0.9400 0.6793 0.6905
5.6521 31.3024 28.7549 0.0127 0.0979 0.9951 0.3133 0.1464
16.2888 -11.7481 -24.0515 -0.0066 0.0043 -1.0000 0.0821 0.8610
1.0179 14.9252 20.9609 0.0015 -0.0086 1.0000 0.7631 0.0766
19.6350 -18.3802 -28.4870 -0.3988 0.3290 -0.8560 0.3907 0.2659
4.2200 -29.5537 -28.9825 0.0183 -0.1015 -0.9947 0.3364 0.1909
5.3009 -5.2003 -23.8880 -0.0099 0.0102 -0.9999 0.1140 0.8076
24.6164 -9.5583 20.1745 -0.8765 0.3006 -0.3760 0.8137 0.7023
28.4330 -9.7938 -11.4400 0.9565 -0.2917 0.0058 0.3275 0.7134
15.1096 -27.5211 6.3658 0.5335 -0.8457 -0.0112 0.6022 0.3714
7.6159 30.7011 3.5834 0.3123 0.9500 -0.0055 0.8757 0.4846
16.2020 -22.3499 23.0940 -0.6380 0.7699 0.0117 0.5362 0.8188
18.7241 24.2792 -14.7061 0.6611 0.7503 -0.0042 0.7867 0.5387
-6.7795 -28.8175 21.8120 0.1508 0.9842 0.0924 0.5299 0.7070
-32.3382 -13.9013 27.8867 -0.7373 -0.3536 -0.5757 0.2564 0.3541
-33.7050 -8.9270 -0.8650 -0.9629 -0.2696 0.0062 0.2806 0.4940
-7.6100 -28.7581 23.2236 0.1712 0.9846 0.0345 0.5368 0.7030
14.0844 24.3733 28.5863 -0.4028 -0.6127 0.6800 0.5091 0.6478
14.0844 24.3733 28.5863 -0.1680 -0.2778 0.9458 0.2796 0.1054
-34.4224 -6.3429 12.3301 -0.9757 -0.2189 -0.0134 0.2932 0.4298
10.7072 28.6141 -28.0413 0.3064 0.6614 -0.6846 0.7218 0.4997
14.1508 27.8476 16.7847 0.5188 0.8549 -0.0092 0.9399 0.5164
17.2676 -21.1463 19.2436 -0.4684 0.3591 0.8073 0.6840 0.2521
28.9386 -7.4492 16.1277 0.9739 -0.2270 0.0094 0.3389 0.8476
-13.3541 28.2092 -28.6899 -0.0341 0.0733 -0.9967 0.6174 0.1054
25.3988 -16.7092 -14.6957 0.8802 -0.4745 0.0076 0.2938 0.6976
25.3988 -16.7092 -14.6957 0.8435 -0.5371 0.0031 0.4997 0.3213
-14.2488 -30.2292 -14.2913 -0.3723 -0.9281 0.0028 0.5017 0.5142
-11.3588 6.9629 20.8680 -0.0528 0.0008 0.9986 0.8233 0.1153
6.2255 31.1722 24.0166 0.2395 0.9709 -0.0009 0.9751 0.4779
-12.1951 11.1707 -23.5210 -0.0110 0.0094 -0.9999 0.1936 0.7225
-2.2533 17.8491 21.0936 -0.0373 -0.0312 0.9988 0.7790 0.0624
-21.4414 -26.3286 -5.4037 -0.5505 -0.8349 0.0018 0.5449 0.5492
12.0617 -6.0056 20.7545 -0.0082 0.0102 0.9999 0.7093 0.1784
-3.2362 -14.0534 21.1770 -0.0093 0.0741 0.9972 0.7838 0.2176
16.7018 26.1141 25.1736 0.6096 0.7921 0.0311 0.9807 0.5288
29.5672 3.2360 5.5811 0.9937 0.1124 0.0011 0.3909 0.7962
18.3015 -18.9742 -24.9156 -0.6903 0.6589 0.2989 0.5885 0.8201
7.2971 30.7878 26.9064 0.3028 0.9519 -0.0462 0.9892 0.4831
27.2076 -12.9637 8.4967 0.9249 -0.3802 0.0001 0.3121 0.8104
-18.1589 24.7788 21.4901 -0.0415 0.0882 -0.9952 0.9735 0.6434
-18.1589 24.7788 21.4901 0.3487 -0.7085 -0.6135 0.4746 0.8047
19.1718 -1.8418 20.8874 -0.0449 0.0067 0.9990 0.6747 0.1582
-32.9764 10.3615 28.6795 -0.0079 0.0132 0.9999 0.2114 0.3344
6.8357 28.3121 21.4049 -0.2002 -0.5799 0.7897 0.9097 0.6130
6.8357 28.3121 21.4049 -0.1132 -0.2646 0.9577 0.7348 0.0115
-19.9073 -23.4810 23.7437 0.5986 0.8006 -0.0279 0.5393 0.6432
27.7634 -8.1125 -28.5865 0.5858 -0.1105 -0.8029 0.4407 0.3054
27.7634 -8.1125 -28.5865 0.8942 -0.1653 -0.4160 0.9077 0.6837
-20.9514 -22.6484 25.8613 0.6266 0.7793 0.0022 0.5496 0.6381
24.5758 -5.7400 -27.4594 -0.7965 0.1893 -0.5742 0.4522 0.2899
24.5758 -5.7400 -27.4594 -0.9678 0.2470 -0.0485 0.7624 0.6855
5.9004 -30.0668 -28.7927 0.0670 -0.2632 -0.9624 0.3339 0.1991
5.9004 -30.0668 -28.7927 0.1695 -0.5989 -0.7827 0.4311 0.4162
-13.5228 19.0197 -23.4475 -0.0123 0.0077 -0.9999 0.2318 0.7160
33.4359 -3.6229 26.6883 0.1736 -0.0815 -0.9814 0.6976 0.7271
-4.1848 -9.5800 21.0856 -0.0497 0.0453 0.9977 0.7884 0.1958
5.6117 -26.5732 -27.4284 -0.2790 0.8971 -0.3425 0.5763 0.7584
-14.8896 17.3883 -23.4438 -0.0111 0.0080 -0.9999 0.2239 0.7093
4.0168 2.3150 21.0070 -0.0811 -0.0037 0.9967 0.7485 0.1379
-5.7678 27.1599 -23.4590 -0.0107 -0.0419 -0.9991 0.2714 0.7537
-2.2737 -29.2534 27.5780 -0.0124 0.9875 0.1574 0.5580 0.7290
23.2044 9.8258 -24.2103 -0.8974 -0.4386 0.0482 0.7466 0.6097
23.2044 9.8258 -24.2103 -0.4272 -0.1819 -0.8856 0.1871 0.8947
-34.7000 4.7406 17.0221 -0.9869 0.1598 -0.0228 0.3471 0.4070
16.2137 -21.0083 -23.9384 -0.0686 0.0663 -0.9954 0.0371 0.8607
-16.9329 -29.2784 28.9025 -0.0922 -0.0948 0.9912 0.0186 0.2563
28.8680 7.3563 15.8764 0.9743 0.2250 -0.0033 0.4109 0.8463
-17.8010 -28.6949 28.8694 0.0040 0.0565 0.9984 0.0214 0.2605
-32.1831 -11.5506 -28.2302 -0.8583 -0.3844 -0.3400 0.2678 0.6272
-32.1831 -11.5506 -28.2302 -0.5073 -0.1820 -0.8423 0.4240 0.0138
0.9305 14.9522 -23.6491 -0.0146 0.0083 -0.9999 0.2120 0.7863
25.8891 -7.5397 28.0897 -0.9521 0.2562 0.1670 0.7752 0.6924
25.8891 -7.5397 28.0897 -0.6434 0.1630 0.7479 0.1243 0.0480
-24.0853 -19.6700 21.4068 0.1898 0.1923 0.9628 0.8852 0.2449
-1.1687 -29.1924 25.5243 -0.0353 0.9994 0.0011 0.5480 0.7343
-13.2315 -31.0206 27.5501 -0.3224 -0.8280 -0.4588 0.7052 0.5093
-0.4961 -29.1461 23.1408 -0.0663 0.9967 0.0465 0.5364 0.7376
3.0346 28.5258 21.7914 -0.2166 -0.9418 -0.2572 0.4760 0.7015
16.3121 26.2713 -3.5963 0.5884 0.8086 -0.0038 0.8408 0.5269
0.2213 32.1567 -4.9474 0.0894 0.9960 -0.0019 0.8342 0.4487
-8.6517 -31.7998 4.2865 -0.1854 -0.9827 0.0038 0.5920 0.4870
-15.5268 1.9976 20.8192 0.0039 0.0068 1.0000 0.8436 0.1395
8.9479 -25.0817 -26.0564 -0.3989 0.9036 0.1558 0.5830 0.7746
33.7308 -3.9922 28.6683 0.1781 -0.0652 0.9819 0.1416 0.0098
29.7608 -0.0075 3.9361 1.0000 0.0029 -0.0052 0.3751 0.7882
5.2815 9.4363 -23.7608 -0.0134 0.0090 -0.9999 0.1852 0.8075
24.1359 -18.3113 26.2951 0.8338 -0.5497 0.0512 0.6991 0.3275
4.0333 31.6475 26.0677 0.1689 0.9854 -0.0207 0.9851 0.4672
-35.0785 0.0526 7.5081 -0.9992 0.0008 0.0402 0.3243 0.4533
-28.6124 -11.1736 -28.1638 0.6484 0.2697 -0.7119 0.4258 0.0311
12.1046 0.4398 20.7094 -0.0020 0.0024 1.0000 0.7091 0.1471
-22.2779 -25.7679 3.0525 -0.5730 -0.8196 -0.0008 0.5860 0.5533
-19.0768 3.4088 20.8600 0.0212 0.0020 0.9998 0.8608 0.1326
-12.8063 31.3337 27.6302 -0.2683 0.8338 -0.4824 0.9927 0.3853
-28.8465 -18.9390 -5.9321 -0.8180 -0.5750 -0.0159 0.5423 0.5853
25.9049 -13.5318 28.7120 0.0555 -0.0196 0.9983 0.0952 0.0479
-4.4377 -14.6392 21.2237 -0.0425 0.0582 0.9974 0.7896 0.2204
3.4457 28.5294 21.5313 -0.2051 -0.9192 -0.3361 0.4748 0.6995
3.4457 28.5294 21.5313 0.0134 0.0439 -0.9989 0.8937 0.6539
-12.8750 15.6319 -23.4771 -0.0105 0.0069 -0.9999 0.2153 0.7191
32.5654 -1.8136 28.7355 -0.0222 0.0051 0.9997 0.1522 0.0155
29.6142 -3.5173 2.2712 0.9963 -0.0854 0.0016 0.3580 0.7801
12.4782 -20.8974 -24.0384 0.0222 -0.0280 -0.9994 0.0376 0.8425
22.9973 -19.3703 -27.9895 0.5185 -0.4035 -0.7539 0.3859 0.2822
22.9973 -19.3703 -27.9895 0.7211 -0.4812 -0.4985 0.2809 0.6329
22.9973 -19.3703 -27.9895 0.7207 -0.5385 -0.4367 0.4350 0.3330
24.8801 16.8187 20.5051 0.8529 0.5221 -0.0034 0.9580 0.5686
-8.5185 14.2239 -23.5339 -0.0112 0.0076 -0.9999 0.2085 0.7403
16.2319 -25.7857 28.7672 0.0701 -0.0842 0.9940 0.0356 0.0949
23.2385 -11.8460 20.9529 0.7198 -0.3630 0.5917 0.6550 0.2068
23.2385 -11.8460 20.9529 0.8889 -0.3978 -0.2273 0.9394 0.6179
3.8604 -3.5359 21.0500 -0.1368 0.0142 0.9905 0.7492 0.1664
24.8403 12.9202 28.6566 -0.0900 -0.0498 0.9947 0.2239 0.0531
-22.4377 22.4558 20.8260 0.0059 -0.0281 0.9996 0.8772 0.0399
16.8926 -5.2069 20.8313 -0.0321 0.0155 0.9994 0.6858 0.1745
16.1403 -26.8138 5.0926 0.5766 -0.8170 -0.0095 0.5960 0.3664
23.0352 -13.2540 21.0668 -0.8485 0.4344 0.3021 0.8094 0.7202
-15.7737 -29.5657 27.1885 -0.3546 -0.6885 -0.6326 0.7035 0.5216
24.6096 -17.6250 25.6257 0.8498 -0.5261 0.0316 0.6959 0.3252
24.6310 -14.1579 28.6879 -0.1398 0.0864 0.9864 0.0921 0.0541
29.5631 3.4254 12.7777 0.9936 0.1126 0.0012 0.3918 0.8313
-25.2369 23.8990 28.4760 -0.1708 0.2051 0.9637 0.2773 0.2967
-25.2369 23.8990 28.4760 -0.5119 0.5393 0.6686 0.9968 0.3248
-28.9674 19.3510 27.3698 -0.6914 0.4335 -0.5779 0.4182 0.3566
-32.6041 -11.8703 -21.9701 -0.9342 -0.3568 -0.0054 0.2663 0.5967
17.7924 -25.5476 -0.0322 0.6241 -0.7813 -0.0051 0.5710 0.3583
3.0591 -28.2476 20.9010 -0.1528 0.8219 0.5487 0.5255 0.7549
23.4247 -10.2970 21.1692 0.1637 -0.0724 0.9839 0.6541 0.1993
-25.7446 18.1393 21.1652 -0.0590 0.3363 0.9399 0.8933 0.0609
-5.2731 -13.6980 21.1135 0.0033 0.0414 0.9991 0.7937 0.2158
-34.7642 4.1083 14.1081 -0.9890 0.1476 -0.0127 0.3440 0.4212
-11.8420 8.8270 -23.5476 -0.0114 0.0101 -0.9999 0.1822 0.7242
23.0263 -8.9791 21.1644 -0.0102 0.0074 0.9999 0.6560 0.1929
18.1613 -18.9338 20.8782 0.1276 -0.7417 -0.6584 0.9284 0.6598
-33.4706 -9.3983 -11.3577 -0.9546 -0.2980 -0.0052 0.2783 0.5451
-0.3566 30.0483 21.3163 -0.0429 -0.0422 0.9982 0.7698 0.0030
-0.3566 30.0483 21.3163 -0.0888 -0.6388 0.7643 0.9093 0.6480
-18.4659 27.9776 9.7924 -0.5027 0.8645 0.0011 0.9059 0.3577
-4.3437 -32.3745 9.2642 -0.0754 -0.9971 0.0071 0.6163 0.4660
-34.4705 -4.8555 -16.2150 -0.9901 -0.1403 -0.0068 0.3004 0.5687
25.8837 -15.7475 4.8414 0.8877 -0.4605 0.0009 0.2985 0.7926
11.8623 3.5989 -23.8921 -0.0136 0.0064 -0.9999 0.1568 0.8395
-16.6105 29.0269 -26.2338 -0.4513 0.8871 -0.0969 0.7306 0.3668
-30.3916 15.9067 -27.5082 -0.8166 0.5236 -0.2430 0.7244 0.2997
-30.3916 15.9067 -27.5082 -0.8796 0.4656 -0.0974 0.4014 0.6236
-30.3916 15.9067 -27.5082 -0.7235 0.4136 -0.5527 0.5576 0.0225
-13.7706 -21.9533 -23.9019 -0.0166 -0.0027 -0.9999 0.0325 0.7148
-10.0818 15.9530 20.9668 -0.0334 -0.0047 0.9994 0.8171 0.0716
34.4040 -5.5755 27.7347 0.6878 -0.6859 -0.2376 0.9559 0.6323
34.4040 -5.5755 27.7347 0.8877 -0.4600 -0.0209 0.9199 0.6437
-16.2105 25.9281 21.3728 0.4712 -0.7061 -0.5286 0.4740 0.7952
-16.2105 25.9281 21.3728 0.3421 0.7246 0.5983 0.5054 0.8645
25.4634 15.8884 15.6678 0.8750 0.4841 0.0104 0.4524 0.8453
29.9213 -8.2155 27.5232 -0.0965 0.6004 -0.7938 0.6805 0.7494
-25.7018 22.3771 16.6929 -0.7212 0.6927 0.0066 0.9395 0.3225
-31.5125 2.6382 26.1305 0.9979 -0.0641 -0.0099 0.8519 0.6424
28.8819 7.6520 -15.6106 0.9689 0.2474 0.0036 0.4124 0.6931
4.8927 28.0864 21.3624 -0.1214 -0.2195 0.9680 0.7442 0.0126
4.8927 28.0864 21.3624 -0.4369 -0.8995 -0.0004 0.3906 0.9060
4.8927 28.0864 21.3624 0.9604 0.2750 -0.0449 0.4190 0.9076
4.8927 28.0864 21.3624 -0.2104 -0.0962 0.9729 0.4341 0.9076
-7.1238 29.6134 21.2146 0.0512 -0.4849 0.8731 0.8027 0.0051
-6.7893 29.2268 21.2522 -0.0617 0.2049 0.9768 0.8010 0.0070
-6.7893 29.2268 21.2522 -0.1694 0.9041 0.3924 0.9363 0.6638
-29.2355 18.0142 19.3545 -0.8294 0.5586 0.0011 0.9524 0.3053
-14.1774 -30.1413 5.1703 -0.3712 -0.9285 0.0028 0.5963 0.5139
17.1313 -21.1231 21.1342 -0.5990 0.7340 0.3200 0.5266 0.8234
18.0805 -25.4941 20.4277 0.6494 -0.7603 -0.0143 0.6706 0.3569
-25.0085 23.2714 -21.9271 -0.7093 0.7049 -0.0009 0.7516 0.3259
14.0502 -28.1153 -26.0058 0.5095 -0.8565 -0.0826 0.4447 0.3765
22.4345 -12.6486 -23.9076 0.0266 -0.0013 -0.9996 0.0778 0.8909
12.9999 -28.7700 26.7327 0.4354 -0.8949 0.0982 0.7012 0.3817
-27.8516 -20.5778 6.7690 -0.7892 -0.6134 -0.0302 0.6041 0.5804
4.9122 17.1317 -23.6932 -0.0155 0.0070 -0.9999 0.2226 0.8057
3.0664 -27.0461 -26.7207 -0.1951 0.9772 -0.0836 0.5798 0.7460
-30.2610 -6.7495 21.2473 0.0572 0.0290 0.9979 0.9152 0.1820
12.9207 -28.9266 19.3424 0.4542 -0.8907 -0.0189 0.6653 0.3820
-33.0870 -10.9893 27.4767 -0.8538 -0.2921 -0.4309 0.2705 0.3561
-21.2729 -24.1095 28.6786 0.0821 0.0873 0.9928 0.0437 0.2774
-24.0352 21.7789 -28.6551 -0.1863 0.1810 -0.9657 0.5861 0.0534
14.2120 23.8960 28.2421 -0.5056 -0.7136 0.4850 0.5074 0.6472
-26.2496 21.8120 13.7694 -0.7395 0.6731 0.0033 0.9253 0.3199
-17.6534 28.4191 11.1984 -0.4563 0.8898 -0.0012 0.9128 0.3617
-28.8822 -18.4129 -27.4731 -0.7971 -0.5459 -0.2582 0.4375 0.5854
-33.6411 8.9883 11.6276 -0.9557 0.2943 0.0025 0.3677 0.4332
-33.3581 9.5585 -22.6651 -0.9587 0.2842 -0.0043 0.3705 0.6001
21.4803 -14.8863 20.4064 0.8530 -0.5192 0.0522 0.9368 0.6327
21.4803 -14.8863 20.4064 0.7276 -0.3466 0.5920 0.6635 0.2216
16.1739 22.4433 28.2240 -0.3303 -0.3881 0.8604 0.2702 0.0952
16.1739 22.4433 28.2240 -0.5924 -0.7570 0.2758 0.5073 0.6376
-24.8253 -21.3479 28.7184 0.0430 0.0491 0.9979 0.0572 0.2947
19.7376 -21.8917 28.7968 0.0081 -0.0042 1.0000 0.0545 0.0779
14.6308 22.1095 -28.2450 -0.4927 -0.6499 -0.5787 0.6027 0.6376
14.6308 22.1095 -28.2450 -0.3086 -0.3872 -0.8688 0.5877 0.2415
23.2111 13.1442 -28.7355 -0.3152 -0.1663 -0.9343 0.5441 0.2833
9.4858 10.5032 -23.8151 -0.0170 0.0061 -0.9998 0.1904 0.8279
25.0230 -6.5556 20.5535 0.8189 -0.3237 -0.4738 0.9375 0.5921
25.0230 -6.5556 20.5535 0.2136 -0.2152 -0.9529 0.8615 0.7444
4.0162 31.6061 -1.0636 0.1879 0.9822 0.0011 0.8531 0.4671
23.6741 -14.6557 28.5224 -0.2616 0.1556 0.9526 0.0897 0.0587
25.2216 -7.3018 18.7586 0.2186 -0.1052 0.9701 0.9524 0.5958
-27.5856 11.7561 -23.3308 -0.0140 0.0047 -0.9999 0.1965 0.6476
-24.7795 -19.1376 21.4903 0.7509 0.6511 -0.1103 0.5284 0.6195
-24.7795 -19.1376 21.4903 0.3721 0.2941 0.8804 0.8886 0.2423
-13.4517 26.9736 22.1820 0.3871 -0.9220 0.0092 0.4779 0.7818
8.0837 -20.9724 -24.0667 -0.0040 0.0060 -1.0000 0.0373 0.8211
24.5579 -10.7094 19.0875 -0.5380 0.3151 0.7819 0.9557 0.6123
24.5579 -10.7094 19.0875 -0.8963 0.3889 -0.2129 0.8190 0.7079
-26.3596 -16.5942 -28.7179 0.4253 0.3119 -0.8496 0.3994 0.0421
28.5584 8.7880 -9.3405 0.9598 0.2808 0.0047 0.4179 0.7237
21.5398 -14.1419 -27.6050 -0.6849 0.3448 -0.6419 0.4114 0.2752
21.5398 -14.1419 -27.6050 -0.7756 0.4064 -0.4830 0.7631 0.7263
-0.5489 -7.0836 21.0110 0.0894 0.0202 0.9958 0.7707 0.1837
-33.6053 -9.4164 14.7240 -0.9554 -0.2935 -0.0322 0.2782 0.4182
-14.7500 -29.1229 -28.5756 -0.1186 -0.3183 -0.9405 0.3385 0.0986
-14.7500 -29.1229 -28.5756 -0.2663 -0.6152 -0.7420 0.4322 0.5167
-14.0541 -2.8494 -23.6685 -0.0083 0.0127 -0.9999 0.1254 0.7134
23.1331 -12.5091 19.5589 0.5544 0.0109 0.8322 0.9626 0.6211
23.0766 12.4667 21.0883 -0.6814 -0.4097 0.6065 0.6727 0.8308
23.0766 12.4667 21.0883 -0.2769 -0.1079 0.9548 0.6557 0.0885
23.0766 12.4667 21.0883 0.6629 -0.0174 -0.7485 0.4561 0.9068
13.1424 -28.6767 -21.1608 0.4783 -0.8782 0.0004 0.4682 0.3810
13.2793 2.4530 20.7137 -0.0094 -0.0006 1.0000 0.7034 0.1373
1.6185 -17.5679 21.2765 -0.2617 0.0936 0.9606 0.7601 0.2347
-34.0368 -4.0346 -28.0997 -0.9080 -0.1156 -0.4026 0.3044 0.6265
-34.0368 -4.0346 -28.0997 -0.6404 -0.0607 -0.7657 0.4605 0.0048
-0.4248 -3.3070 20.9436 0.0925 0.0002 0.9957 0.7701 0.1653
11.2516 25.4832 26.3574 -0.4778 -0.8780 0.0292 0.4983 0.6616
-21.4126 26.2960 -24.0183 -0.5831 0.8123 -0.0126 0.7414 0.3434
-24.6884 19.6838 28.2798 0.4124 -0.3352 0.8471 0.2568 0.2940
19.3672 11.7149 -23.9663 -0.0100 0.0006 -1.0000 0.1963 0.8760
-29.4849 -17.9662 -2.6702 -0.8296 -0.5580 0.0195 0.5582 0.5884
34.4819 -4.9703 28.3426 0.8145 -0.3872 0.4320 0.9229 0.6407
34.4819 -4.9703 28.3426 0.5703 -0.2435 0.7845 0.1368 0.0062
31.4394 10.0968 27.8547 0.4943 0.7926 -0.3569 0.9940 0.6428
-5.1367 -29.1787 27.7755 0.0934 0.9836 0.1545 0.5590 0.7150
-29.3159 7.1807 -27.0149 0.8999 -0.2492 -0.3579 0.7191 0.6527
17.2472 4.1202 20.8155 -0.0372 -0.0089 0.9993 0.6841 0.1292
14.8525 24.7314 28.7349 -0.0437 -0.0861 0.9953 0.2813 0.1017
9.5525 27.2219 28.6469 -0.1378 -0.2394 0.9611 0.2935 0.1274
27.8579 12.7583 27.7550 0.6104 0.2556 -0.7497 0.6704 0.6474
27.8579 12.7583 27.7550 0.8959 0.4405 -0.0580 0.9433 0.6663
35.4542 -0.5716 27.8460 0.9979 -0.0236 -0.0602 0.9205 0.6193
-2.4174 1.2831 21.0171 -0.0452 0.0350 0.9984 0.7798 0.1430
29.4709 -0.1914 28.6413 -0.0243 -0.0026 0.9997 0.1601 0.0305
-28.3682 19.2927 7.1511 -0.7947 0.6070 -0.0009 0.8931 0.3096
5.9684 -28.4498 -28.9956 -0.0298 0.1081 -0.9937 0.3418 0.1994
23.0703 -11.4627 -23.8982 0.0285 -0.0091 -0.9996 0.0835 0.8940
-17.7305 28.3572 25.5225 -0.4784 0.8780 -0.0136 0.9824 0.3613
29.7267 -1.7825 9.8143 0.9988 -0.0484 -0.0004 0.3665 0.8168
-7.1039 -32.7023 27.8065 -0.1338 -0.9444 -0.3003 0.7065 0.4795
-9.0329 -32.3482 28.2368 -0.1881 -0.9722 0.1397 0.7086 0.4889
-3.0121 29.1508 21.3539 -0.0348 -0.9846 0.1712 0.4739 0.7310
2.1890 -32.4856 27.5057 0.1042 -0.8513 -0.5141 0.7050 0.4343
-12.6343 29.4331 -28.4162 -0.2249 0.5919 -0.7740 0.7200 0.3861
-12.6343 29.4331 -28.4162 -0.1546 0.3763 -0.9135 0.6234 0.1089
-3.4255 -21.9470 21.3052 0.0061 0.0959 0.9954 0.7847 0.2560
8.0856 30.4362 -14.5132 0.3173 0.9483 -0.0112 0.7877 0.4869
-34.7568 2.3999 -9.3541 -0.9973 0.0720 -0.0162 0.3357 0.5353
4.2082 31.5833 18.5303 0.1780 0.9840 0.0057 0.9484 0.4680
-30.1450 10.8675 20.9745 0.1569 0.1813 0.9708 0.9147 0.0963
-35.2951 -1.0862 27.9834 -0.9569 -0.0183 -0.2900 0.3187 0.3537
33.1794 8.2988 27.5271 0.2815 0.1971 -0.9391 0.6963 0.6691
33.1794 8.2988 27.5271 0.6453 0.5498 -0.5304 0.9924 0.6513
17.3157 21.7994 28.4452 -0.3751 -0.3736 0.8484 0.2671 0.0897
17.3157 21.7994 28.4452 -0.5292 -0.6557 0.5386 0.5084 0.6321
-24.8049 11.3401 21.0935 0.0434 -0.0182 0.9989 0.8887 0.0940
6.9714 28.3211 21.5554 -0.1654 -0.6182 -0.7684 0.9104 0.6123
6.9714 28.3211 21.5554 -0.0581 -0.1291 -0.9899 0.8927 0.6710
-5.2083 31.9912 26.6770 -0.0912 0.9827 -0.1611 0.9881 0.4222
35.3743 0.2393 28.1659 0.9780 0.0211 0.2077 0.9220 0.6154
35.3743 0.2393 28.1659 0.6229 -0.0355 0.7815 0.1622 0.0018
-20.6761 -26.8073 26.9905 -0.5129 -0.8230 -0.2440 0.7025 0.5455
17.9468 -19.1589 21.1241 -0.0467 -0.7162 -0.6963 0.9296 0.6608
17.9468 -19.1589 21.1241 -0.2233 -0.0316 0.9742 0.6807 0.2424
17.9468 -19.1589 21.1241 -0.9568 0.0467 0.2871 0.5550 0.8618
-9.6292 31.4612 -6.9123 -0.2185 0.9758 0.0049 0.8246 0.4007
29.6147 -1.3460 26.4309 0.9964 -0.0534 0.0657 0.3686 0.8977
-5.1122 22.9089 21.4465 0.0283 -0.0520 0.9982 0.7929 0.0377
-13.3762 -0.9786 -23.6510 -0.0085 0.0125 -0.9999 0.1345 0.7167
5.1037 0.6860 20.8670 0.1828 -0.0046 0.9831 0.7432 0.1459
-34.7693 -3.7114 -5.0048 -0.9947 -0.1022 -0.0128 0.3060 0.5142
-12.6885 28.0801 28.3148 0.0937 -0.2843 0.9541 0.2976 0.2356
-12.6885 28.0801 28.3148 0.2373 -0.5607 0.7933 0.5078 0.7780
-27.7662 21.4481 28.3707 -0.4571 0.3475 0.8187 0.2654 0.3090
-27.7662 21.4481 28.3707 -0.7694 0.6296 0.1077 0.9963 0.3125
-16.6492 26.0490 21.3243 -0.0487 -0.1984 -0.9789 0.9797 0.6508
-16.6492 26.0490 21.3243 -0.8502 0.3585 -0.3856 0.5792 0.8462
-16.6492 26.0490 21.3243 -0.5414 0.8402 -0.0303 0.7872 0.7364
-6.0186 -19.4264 21.3266 0.1007 0.0587 0.9932 0.7973 0.2437
-33.3392 -9.7204 -20.1718 -0.9581 -0.2863 -0.0008 0.2767 0.5879
-0.7433 12.9552 20.9479 0.0580 -0.0014 0.9983 0.7716 0.0862
-7.4420 31.8102 12.2584 -0.1641 0.9864 0.0024 0.9179 0.4114
-31.6281 0.9625 27.7841 0.9721 -0.0318 0.2324 0.8599 0.6506
25.5697 -16.5091 27.1923 0.5466 -0.3074 -0.7790 0.6593 0.7898
26.4449 -11.5216 -28.7022 0.2434 -0.1703 -0.9549 0.4241 0.2990
22.6116 10.0400 -23.9713 -0.2252 -0.1134 -0.9677 0.1881 0.8918
-19.6961 -28.2198 28.3464 -0.5102 -0.8287 0.2301 0.7091 0.5407
-33.1526 10.0929 26.9681 -0.9434 0.2970 -0.1479 0.3731 0.3586
8.0443 -31.0241 27.6014 0.3263 -0.8839 -0.3350 0.7055 0.4058
26.4067 14.1766 6.2360 0.9006 0.4347 0.0023 0.4441 0.7994
7.4376 30.1936 28.7632 -0.0268 -0.0321 0.9991 0.3079 0.1377
-15.2815 29.6763 26.7178 -0.3805 0.8848 -0.2689 0.9883 0.3732
15.3996 -27.3006 -7.0079 0.5567 -0.8307 0.0061 0.5371 0.3700
28.0115 10.6448 -23.4531 0.9423 0.3346 -0.0123 0.4269 0.6550
-33.6984 8.7378 -2.8538 -0.9636 0.2674 0.0024 0.3665 0.5037
-9.7203 -31.5862 0.1597 -0.2227 -0.9749 0.0040 0.5720 0.4922
23.2386 19.3030 19.3091 0.8118 0.5839 0.0096 0.9522 0.5606
-31.1953 5.9402 28.2027 0.5731 -0.0851 0.8150 0.1899 0.3257
-31.1953 5.9402 28.2027 0.9836 -0.1558 0.0911 0.8620 0.6264
-25.0003 19.8864 28.3895 0.1939 -0.1450 0.9702 0.2578 0.2955
-3.9285 23.3270 21.0861 0.1689 -0.1915 0.9668 0.7871 0.0357
3.2711 31.7486 -5.1492 0.1589 0.9873 -0.0004 0.8332 0.4635
29.5845 3.3126 22.5879 0.9948 0.1015 -0.0015 0.3912 0.8790
2.4138 -27.3189 -25.7918 -0.1762 0.9475 0.2668 0.5843 0.7428
-15.0312 -30.3267 28.9222 -0.1699 -0.3327 0.9276 0.0135 0.2470
-15.0312 -30.3267 28.9222 -0.3451 -0.8287 0.4406 0.7119 0.5180
-34.9542 4.3948 27.7792 -0.8843 0.1082 -0.4542 0.3454 0.3547
-34.5688 -5.6906 12.9453 -0.9834 -0.1795 -0.0269 0.2963 0.4268
-9.1255 32.4385 28.1048 -0.1963 0.9800 -0.0324 0.9950 0.4032
-5.8306 9.5142 20.9715 -0.0193 -0.0121 0.9997 0.7964 0.1029
11.9280 29.2537 27.6662 0.4490 0.8676 -0.2136 0.9929 0.5056
2.1750 -32.0617 20.1187 0.1181 -0.9930 0.0090 0.6691 0.4343
25.2028 -6.8957 21.0792 -0.3626 -0.1336 0.9223 0.6454 0.1827
25.2028 -6.8957 21.0792 -0.8788 -0.1580 0.4504 0.8093 0.6893
25.2028 -6.8957 21.0792 0.6743 -0.5736 -0.4651 0.9401 0.5938
19.1930 18.5716 -28.6211 -0.2888 -0.2715 -0.9181 0.5705 0.2637
16.6649 -20.9661 -24.0388 -0.6668 0.7125 0.2185 0.5928 0.8122
16.6649 -20.9661 -24.0388 -0.3876 0.4828 -0.7852 0.0373 0.8629
27.6635 6.8477 -28.5425 0.4337 0.1203 -0.8930 0.5135 0.3049
-33.7775 -8.1795 -17.7445 -0.9672 -0.2539 -0.0011 0.2842 0.5761
21.4498 -9.1363 21.1043 -0.0473 0.0166 0.9987 0.6637 0.1936
-32.1427 12.8118 28.6564 -0.0257 0.0160 0.9995 0.2234 0.3303
-5.2952 -32.4931 28.7510 0.0336 -0.0270 0.9991 0.0029 0.1997
-5.2952 -32.4931 28.7510 -0.0199 -0.6600 0.7510 0.7111 0.4707
-2.7370 26.9418 -23.4930 -0.0129 -0.0141 -0.9998 0.2704 0.7685
-7.2601 -9.6007 -23.8086 -0.0087 0.0138 -0.9999 0.0926 0.7465
-26.1636 -22.3013 27.3185 -0.7055 -0.6516 -0.2785 0.7041 0.5722
10.3594 -13.5587 -24.0156 -0.0084 0.0094 -0.9999 0.0733 0.8322
-34.2479 7.2556 6.7135 -0.9708 0.2390 -0.0205 0.3593 0.4571
-26.7088 -14.2730 -27.9061 0.6257 0.4026 -0.6681 0.4107 0.0404
-26.7088 -14.2730 -27.9061 0.7910 0.4474 -0.4173 0.7148 0.7571
-29.7362 10.0737 21.2174 -0.2074 0.2014 0.9573 0.9127 0.1002
-16.4201 17.6891 21.0251 0.0181 -0.0262 0.9995 0.8479 0.0631
-29.8490 -17.2675 27.4113 -0.7253 -0.4378 -0.5313 0.2400 0.3564
13.4782 -23.8665 21.0155 -0.5027 0.7067 0.4978 0.5261 0.8056
-30.2282 -8.7075 21.3726 0.2290 0.0886 0.9694 0.9151 0.1916
12.8908 -23.2235 -27.6158 -0.4988 0.7457 -0.4417 0.5754 0.7938
-25.5150 15.4956 -27.0473 0.8428 -0.4833 -0.2366 0.7190 0.6122
-25.5150 15.4956 -27.0473 0.7152 -0.4457 -0.5384 0.5556 0.0462
-17.1045 25.7520 21.4081 0.0339 -0.2206 -0.9748 0.9782 0.6485
-27.4076 -16.2629 28.5664 0.2995 0.2189 0.9286 0.0819 0.3073
-23.2870 24.8283 -23.0822 -0.6401 0.7683 -0.0063 0.7460 0.3343
-14.7077 29.8092 7.1726 -0.3870 0.9220 0.0047 0.8932 0.3760
1.3224 -27.8687 -23.9791 -0.0020 0.1071 -0.9943 0.0037 0.7882
28.0743 10.0767 7.5147 0.9458 0.3248 -0.0037 0.4242 0.8057
-29.5027 12.7244 21.0241 0.9081 -0.4184 0.0163 0.8270 0.5934
-29.5027 12.7244 21.0241 0.8311 -0.5155 -0.2085 0.4723 0.8598
-29.5027 12.7244 21.0241 0.5189 -0.2745 0.8096 0.9116 0.0873
-6.0291 -23.0384 21.2989 -0.0330 -0.0323 0.9989 0.7974 0.2613
-23.3999 -13.8960 21.2243 0.0182 0.0163 0.9997 0.8819 0.2168
-31.2460 6.9642 21.3471 0.9191 -0.3758 -0.1182 0.8286 0.6214
10.6237 26.2781 21.3950 0.1124 0.2450 0.9630 0.7163 0.0213
-14.6003 26.5339 25.2691 0.4079 -0.9122 0.0399 0.4930 0.7873
-10.4217 -2.9501 21.0446 -0.1016 0.0130 0.9947 0.8187 0.1635
-12.6243 11.7565 20.8782 -0.0034 -0.0158 0.9999 0.8294 0.0920
-29.8840 17.1372 -13.8166 -0.8480 0.5300 0.0008 0.7910 0.3022
-9.5963 28.9206 21.1735 -0.0427 0.1023 0.9938 0.8147 0.0085
-4.3254 2.9686 -23.6955 -0.0122 0.0106 -0.9999 0.1537 0.7607
-18.0589 28.2263 4.8076 -0.4698 0.8827 0.0073 0.8817 0.3597
20.9146 22.1446 24.5348 0.7520 0.6591 -0.0055 0.9776 0.5493
-8.6484 28.9867 21.3390 -0.2463 0.5931 -0.7665 0.9367 0.6547
-8.6484 28.9867 21.3390 0.0508 -0.2066 -0.9771 0.8959 0.5950
0.6363 -25.5715 -24.0415 0.0037 -0.0220 -0.9998 0.0149 0.7849
-27.2203 20.7299 28.6034 -0.0220 0.0168 0.9996 0.2619 0.3063
-26.9490 16.3391 21.7852 0.8027 -0.5640 -0.1940 0.4760 0.8474
-26.9490 16.3391 21.7852 0.9594 -0.2503 0.1301 0.6091 0.8448
-23.3415 24.5770 12.0664 -0.6368 0.7710 -0.0016 0.9170 0.3340
-10.7465 29.1515 28.4475 0.0616 -0.2250 0.9724 0.3029 0.2262
-5.3152 29.3352 21.3112 -0.0370 0.2216 0.9744 0.7939 0.0065
-5.3152 29.3352 21.3112 -0.0567 0.6876 0.7239 0.7060 0.8304
-15.1391 21.9035 21.1353 0.0288 -0.0330 0.9990 0.8417 0.0426
4.6262 -27.1631 -27.9463 -0.2186 0.7747 -0.5934 0.5738 0.7536
-2.7996 -27.7791 20.9595 0.0427 -0.0919 0.9948 0.7816 0.2843
-26.7629 16.8381 21.3725 0.8034 -0.5275 -0.2764 0.4740 0.8465
-26.7629 16.8381 21.3725 0.9518 -0.2506 0.1770 0.6071 0.8424
-27.9373 14.3609 23.7463 0.8832 -0.4689 -0.0132 0.8403 0.5854
-27.9373 14.3609 23.7463 0.8559 -0.5165 0.0267 0.4856 0.8522
16.9530 -26.3498 16.9710 0.5961 -0.8028 -0.0105 0.6537 0.3624
-3.9078 -30.3276 28.6204 -0.0006 0.1176 0.9931 0.0135 0.1929
24.7634 18.4246 28.5391 0.8124 0.4819 0.3282 0.7795 0.7364
24.7634 18.4246 28.5391 0.2220 0.1551 0.9626 0.2507 0.0534
24.7634 18.4246 28.5391 0.8220 0.5286 0.2118 0.9971 0.5681
-23.9620 19.9583 22.1501 0.7014 -0.6728 -0.2353 0.4778 0.8329
6.4336 25.7322 -24.2341 -0.3873 -0.9032 -0.1850 0.6223 0.6775
2.3951 -24.5663 -24.0525 -0.0015 -0.0106 -0.9999 0.0198 0.7934
17.7518 25.8446 28.6349 0.2277 0.4215 0.8778 0.2868 0.0875
17.7518 25.8446 28.6349 0.5833 0.7862 0.2041 0.9976 0.5339
-30.8459 -15.6854 24.1114 -0.8785 -0.4773 0.0204 0.2477 0.3725
-30.8459 -15.6854 24.1114 -0.8483 -0.5287 0.0274 0.6885 0.5950
-26.7496 18.1968 28.4862 0.1093 -0.0503 0.9927 0.2496 0.3041
24.8705 -5.3174 -25.1253 -0.9507 0.2361 0.2009 0.7510 0.6834
30.9399 -7.9389 27.5561 0.2097 0.1006 -0.9726 0.6854 0.7481
-33.2015 -10.6913 26.6577 -0.9409 -0.3274 0.0862 0.2720 0.3601
26.5487 2.4554 25.2308 -0.9971 -0.0732 0.0189 0.7891 0.6438
0.8409 31.9925 24.0284 0.0781 0.9969 0.0066 0.9752 0.4517
29.7727 -0.0349 6.8068 1.0000 0.0086 0.0022 0.3750 0.8022
-0.8609 32.9102 28.5461 0.0247 0.7926 0.6092 0.9972 0.4434
-26.0495 1.5843 21.0866 0.0385 0.0065 0.9992 0.8948 0.1415
32.2279 -6.6467 27.2398 0.2267 -0.4147 -0.8813 0.6917 0.7418
32.2279 -6.6467 27.2398 0.2380 -0.5724 -0.7847 0.9535 0.6428
-18.1828 24.6209 24.5291 0.5219 -0.8523 0.0341 0.4894 0.8048
-5.0209 31.2860 -28.2457 -0.0465 0.6679 -0.7428 0.7208 0.4231
-5.0209 31.2860 -28.2457 -0.0061 0.3821 -0.9241 0.6324 0.1459
-26.5559 -13.6323 -26.9311 0.8663 0.4455 -0.2262 0.7195 0.7540
-31.4219 -14.7199 -6.2160 -0.8902 -0.4555 -0.0102 0.2524 0.5201
-29.7285 -17.5705 -8.6090 -0.8386 -0.5446 -0.0107 0.5293 0.5895
-9.0249 29.1043 21.1451 0.0377 0.0679 0.9970 0.8119 0.0076
11.4809 25.6703 21.4227 0.1963 0.2596 0.9456 0.7122 0.0243
27.7100 -12.7600 28.4321 0.4321 -0.1667 0.8863 0.0989 0.0391
-29.2884 18.4679 27.1753 -0.6335 0.3790 -0.6746 0.4139 0.3576
-4.6648 -32.3551 6.6254 -0.0914 -0.9958 0.0016 0.6034 0.4676
-30.5476 8.6902 28.1080 0.9269 -0.3061 0.2172 0.8615 0.6130
-30.5476 8.6902 28.1080 0.6188 -0.1639 0.7683 0.2033 0.3225
-32.4188 -12.7005 21.4846 -0.9116 -0.4110 0.0023 0.2622 0.3853
-2.1646 -13.6441 21.1766 -0.0243 0.0223 0.9995 0.7785 0.2156
-35.0752 -0.9104 13.2258 -0.9993 -0.0296 -0.0223 0.3196 0.4255
-30.4539 -3.6758 -24.5379 0.9543 0.0736 0.2895 0.7312 0.7055
30.0904 2.7472 27.2440 -0.0969 -0.0093 -0.9952 0.6813 0.6961
4.0633 7.6886 -23.7619 -0.0126 0.0095 -0.9999 0.1767 0.8016
-29.7833 -18.6830 28.1893 -0.6358 -0.4578 -0.6214 0.2331 0.3527
-29.7833 -18.6830 28.1893 -0.8135 -0.5568 0.1679 0.7083 0.5898
-25.6329 16.5889 21.2244 0.0228 -0.0044 0.9997 0.8927 0.0685
31.9730 0.1072 26.8132 -0.1021 0.0793 -0.9916 0.6904 0.7089
26.3731 -2.2454 21.5189 -0.9738 0.0740 0.2148 0.8072 0.6667
13.2071 6.8707 -23.8960 -0.0164 0.0034 -0.9999 0.1727 0.8460
12.4886 23.5171 -28.1546 -0.3147 -0.4749 -0.8218 0.5946 0.2311
12.4886 23.5171 -28.1546 -0.4727 -0.6953 -0.5414 0.6032 0.6481
-23.8150 20.1618 27.3104 0.7228 -0.6870 0.0749 0.5029 0.8322
-30.1784 11.2031 20.9354 0.9546 -0.2765 -0.1111 0.8266 0.6008
-30.1784 11.2031 20.9354 0.1212 0.0087 0.9926 0.9148 0.0947
23.8062 -18.8910 24.9009 0.8229 -0.5674 0.0292 0.6923 0.3291
-1.4077 -2.7363 21.0563 0.0794 -0.0024 0.9968 0.7749 0.1625
0.2944 -28.0069 -23.9958 0.0064 0.0150 -0.9999 0.0030 0.7832
0.2944 -28.0069 -23.9958 -0.1317 0.8782 -0.4599 0.5930 0.7325
26.1282 5.6982 27.2247 -0.9774 -0.2078 0.0396 0.7794 0.6280
0.7619 16.3809 20.9662 -0.0037 -0.0196 0.9998 0.7643 0.0695
1.2915 31.6705 28.7038 -0.0162 -0.0564 0.9983 0.3151 0.1676
8.0624 -27.9606 28.6348 -0.1701 0.3989 0.9011 0.0250 0.1347
8.4526 27.8433 21.5548 -0.3076 -0.7218 0.6200 0.9104 0.6051
8.4526 27.8433 21.5548 -0.1486 -0.3504 -0.9247 0.8904 0.6782
29.2937 -5.8288 8.1419 0.9863 -0.1650 -0.0005 0.3468 0.8087
-35.0406 1.2426 13.5157 -0.9991 0.0379 -0.0191 0.3301 0.4241
4.4877 -0.7690 21.0208 0.1986 -0.0093 0.9800 0.7462 0.1529
-7.3765 -6.6736 -23.7689 -0.0101 0.0127 -0.9999 0.1068 0.7459
24.4215 -8.0298 21.1306 0.5287 -0.2206 0.8197 0.6492 0.1883
12.0581 21.8812 -23.8024 -0.1400 -0.1647 -0.9764 0.2458 0.8405
21.6295 -21.9099 -24.2546 0.7459 -0.6660 -0.0034 0.4532 0.3397
-21.7943 26.5020 28.5608 -0.1643 0.1951 0.9669 0.2900 0.2800
4.8907 -14.3459 20.8814 0.0181 0.0164 0.9997 0.7442 0.2190
25.3791 4.0438 -28.1947 -0.6892 -0.1317 -0.7125 0.4998 0.2938
25.3791 4.0438 -28.1947 -0.9015 -0.1075 -0.4193 0.7659 0.6379
27.3125 -9.9408 -28.6832 0.9130 -0.3503 -0.2090 0.9072 0.6926
-6.6009 22.9190 21.1455 -0.0531 -0.0234 0.9983 0.8001 0.0377
-25.5481 22.5522 14.6318 -0.7107 0.7035 0.0014 0.9295 0.3233
-22.6280 22.0283 20.8980 -0.2008 0.3054 0.9308 0.8781 0.0420
-22.2486 -25.7671 -1.2551 -0.5738 -0.8190 0.0004 0.5651 0.5531
25.6364 15.5931 -25.8521 0.8468 0.5271 -0.0717 0.7325 0.5723
25.6364 15.5931 -25.8521 0.8728 0.4806 -0.0853 0.4510 0.6433
-32.2256 -6.4793 28.7140 0.0966 0.0146 0.9952 0.1295 0.3307
11.3756 8.3587 -23.8590 -0.0169 0.0046 -0.9998 0.1800 0.8371
5.6179 -28.0592 27.3589 -0.3008 0.9466 0.1161 0.5569 0.7674
-8.3724 -17.5602 21.2122 -0.0739 -0.0062 0.9972 0.8088 0.2346
9.2247 -21.9577 20.9973 0.0777 -0.0907 0.9928 0.7231 0.2560
-21.6072 17.9212 21.1623 0.0068 -0.0391 0.9992 0.8731 0.0620
10.0839 -9.3808 -23.9752 -0.0108 0.0078 -0.9999 0.0937 0.8308
12.5799 25.7731 21.4954 -0.2901 -0.4415 -0.8491 0.8803 0.6983
12.5799 25.7731 21.4954 -0.4814 -0.6693 0.5659 0.9101 0.5850
20.2407 -16.0978 21.2763 0.1501 -0.0978 0.9838 0.6695 0.2275
28.2687 9.5399 13.8499 0.9557 0.2942 0.0001 0.4215 0.8365
-28.8143 19.0689 27.0587 -0.7186 0.3614 -0.5941 0.4168 0.3582
10.7347 -26.7997 28.6059 -0.1297 0.3380 0.9322 0.0306 0.1217
-19.0955 13.5707 20.9798 0.0180 -0.0200 0.9996 0.8609 0.0832
10.2892 14.5473 20.8209 -0.0175 -0.0260 0.9995 0.7180 0.0784
28.7940 7.6400 5.8403 0.9691 0.2465 -0.0016 0.4123 0.7975
-32.5577 -12.2567 -0.2175 -0.9242 -0.3818 -0.0029 0.2644 0.4909
-30.4276 10.5827 28.4448 0.3701 -0.1340 0.9193 0.2125 0.3220
21.4257 6.5851 -23.9904 0.0027 0.0108 -0.9999 0.1713 0.8860
17.7270 17.5037 -24.7792 -0.7165 -0.6591 -0.2283 0.6196 0.6226
19.9920 -23.6068 -17.8883 0.6918 -0.7221 0.0027 0.4841 0.3476
24.4334 17.5367 19.7517 0.8409 0.5412 0.0060 0.9544 0.5664
26.9855 -13.6647 -17.4383 0.9154 -0.4023 0.0102 0.3086 0.6843
-13.9005 -25.9003 -23.8980 0.2837 0.7170 -0.6367 0.5935 0.6635
-13.9005 -25.9003 -23.8980 0.0714 0.1324 -0.9886 0.0133 0.7142
21.8598 -14.6083 20.1001 -0.1853 0.7554 0.6285 0.5216 0.8464
21.8598 -14.6083 20.1001 0.4452 -0.1111 0.8885 0.6617 0.2203
-18.3896 -24.5106 26.1290 0.5471 0.8371 0.0051 0.5509 0.6506
-14.4933 -26.3581 21.3626 0.0630 0.1196 0.9908 0.8385 0.2774
26.0655 -5.5372 22.1121 -0.9773 0.1799 0.1122 0.8043 0.6827
15.2589 26.9951 0.5144 0.5541 0.8324 -0.0022 0.8608 0.5218
19.2455 23.7904 -18.5148 0.6848 0.7287 -0.0026 0.7682 0.5412
12.6566 -24.0050 -23.9379 -0.4989 0.8480 0.1787 0.5933 0.7927
12.6566 -24.0050 -23.9379 -0.0227 0.0377 -0.9990 0.0225 0.8434
-6.6250 28.2077 21.2563 0.0001 -0.0395 0.9992 0.8002 0.0120
12.5122 -23.5722 -25.3656 -0.5442 0.7815 0.3051 0.5864 0.7920
-23.5886 -20.3609 28.3060 0.6825 0.6693 0.2937 0.5615 0.6253
-29.2876 -12.7521 28.5558 0.2830 0.1445 0.9482 0.0990 0.3164
29.6875 -8.5119 27.5329 0.2191 -0.7309 -0.6464 0.9550 0.6552
29.6875 -8.5119 27.5329 -0.3012 -0.3831 -0.8732 0.6793 0.7508
-4.7719 9.0781 20.9990 -0.0169 -0.0260 0.9995 0.7912 0.1050
-6.3144 19.8588 21.2650 0.0763 -0.0502 0.9958 0.7987 0.0526
16.9897 25.3968 -26.6308 0.6015 0.7768 -0.1865 0.7287 0.5302
21.7516 -21.4418 27.0221 0.7615 -0.6227 -0.1800 0.7027 0.3391
-13.0520 30.5217 -4.8618 -0.3172 0.9483 0.0076 0.8346 0.3841
-33.8565 -6.3749 -27.8345 -0.9535 -0.1797 -0.2419 0.2930 0.6252
-33.8565 -6.3749 -27.8345 -0.7687 -0.1492 -0.6219 0.4492 0.0056
-12.6877 21.6483 21.1149 0.0014 -0.0256 0.9997 0.8297 0.0439
22.3005 -15.3138 26.3059 -0.8528 0.5221 -0.0093 0.5518 0.8485
-4.7786 29.2835 -28.6403 0.0180 -0.0368 -0.9992 0.6226 0.1471
25.7797 7.0800 26.4358 -0.9669 -0.2534 0.0285 0.7833 0.6213
29.2217 -6.3154 1.0289 0.9829 -0.1838 0.0076 0.3444 0.7741
-33.1220 -11.0471 21.7294 -0.9273 -0.3744 -0.0010 0.2703 0.3841
-4.0346 -9.0282 -23.8361 -0.0113 0.0126 -0.9999 0.0954 0.7622
-24.5947 23.4715 6.8295 -0.6926 0.7213 0.0027 0.8915 0.3279
6.7275 -26.9121 -24.0270 -0.1959 0.7954 -0.5736 0.5929 0.7638
6.7275 -26.9121 -24.0270 -0.1556 0.3755 -0.9137 0.0084 0.8145
15.1071 23.1510 27.9425 -0.5785 -0.7939 0.1872 0.5060 0.6428
13.5541 28.5185 28.4707 0.2515 0.4708 0.8456 0.2998 0.1080
13.5541 28.5185 28.4707 0.4908 0.8708 0.0288 0.9968 0.5135
-28.3116 10.8436 -23.3183 0.1609 -0.0810 -0.9836 0.1921 0.6440
-7.6940 29.5216 21.2567 0.0804 -0.2901 -0.9536 0.8985 0.5997
-7.6940 29.5216 21.2567 -0.0254 -0.8230 0.5674 0.9004 0.7120
-7.6940 29.5216 21.2567 0.1248 -0.3481 0.9291 0.8055 0.0056
4.0854 -32.1738 28.4473 0.1551 -0.7053 0.6917 0.7096 0.4250
-33.2147 10.2674 12.1370 -0.9416 0.3366 -0.0051 0.3740 0.4308
24.8258 18.4530 28.2260 0.8419 0.5389 -0.0282 0.9956 0.5684
24.8258 18.4530 28.2260 0.8226 0.4997 -0.2714 0.8937 0.7106
-19.1574 23.8139 21.3649 -0.1737 0.1137 0.9782 0.8612 0.0333
26.8459 -14.8193 27.4007 0.7890 -0.4084 -0.4590 0.9749 0.6090
26.8459 -14.8193 27.4007 0.4654 -0.2252 -0.8559 0.6655 0.7815
3.2129 12.4043 20.9879 -0.0258 -0.0046 0.9997 0.7524 0.0888
23.6811 11.2970 -28.5012 -0.4612 -0.2170 -0.8604 0.5351 0.2856
-5.7117 32.0457 26.9550 -0.0384 0.7557 -0.6538 0.9894 0.4198
16.6638 12.0376 -23.9357 -0.0135 0.0071 -0.9999 0.1979 0.8629
-12.4230 27.3802 22.5176 0.3486 -0.9373 0.0020 0.4796 0.7767
22.8217 -17.7610 28.7272 -0.0579 0.0422 0.9974 0.0746 0.0629
-6.3290 28.9138 21.4007 0.1454 -0.9390 0.3116 0.4741 0.7471
18.1334 24.9294 26.4019 0.6393 0.7689 -0.0064 0.9867 0.5358
-1.3268 29.1239 21.6031 -0.0309 -0.8933 -0.4485 0.4751 0.7228
16.2298 -22.0069 21.3861 -0.6114 0.7133 0.3426 0.5279 0.8190
29.5396 -3.9909 10.3936 0.9932 -0.1168 -0.0007 0.3557 0.8197
-28.6621 14.0123 21.1111 0.6840 -0.4349 0.5856 0.9075 0.0810
-28.6621 14.0123 21.1111 0.8208 -0.5225 -0.2309 0.4727 0.8558
14.9758 -21.3242 -26.6386 -0.6193 0.7833 -0.0539 0.5802 0.8040
-23.8792 24.2040 -1.9942 -0.6695 0.7427 0.0114 0.8486 0.3314
-21.7487 -26.7894 28.6438 -0.1290 -0.1567 0.9792 0.0307 0.2797
-21.7487 -26.7894 28.6438 -0.5933 -0.7980 0.1061 0.7105 0.5507
-6.9720 -32.6676 28.3241 -0.1218 -0.9627 0.2416 0.7090 0.4788
27.7844 10.9994 -1.3148 0.9372 0.3486 0.0083 0.4286 0.7627
-29.3872 16.5373 28.6272 0.0318 -0.0094 0.9995 0.2415 0.3169
17.6615 -20.5622 21.0139 -0.6580 0.6457 0.3873 0.5261 0.8259
11.2065 -25.6210 25.1323 -0.4827 0.8756 -0.0167 0.5461 0.7945
22.6344 15.7259 -28.8547 0.0385 0.0214 -0.9990 0.5567 0.2805
-20.8379 13.6551 21.0176 0.0235 -0.0221 0.9995 0.8694 0.0828
-31.2180 -4.1509 21.2284 0.3934 0.0652 0.9171 0.9199 0.1694
-31.5769 1.8260 24.2540 0.9982 -0.0590 -0.0146 0.8427 0.6464
-3.3873 -31.4794 28.7164 -0.0050 0.0424 0.9991 0.0079 0.1904
-5.2556 4.8475 20.9125 -0.0331 0.0056 0.9994 0.7936 0.1256
26.8420 2.1671 -28.8463 -0.1541 -0.0201 -0.9878 0.4907 0.3009
-17.7492 23.5779 -27.6769 0.4269 -0.6614 -0.6167 0.6055 0.7952
25.0576 -3.3311 21.1546 -0.0223 0.0075 0.9997 0.6461 0.1654
14.0596 24.4040 21.4706 -0.2888 -0.2200 -0.9318 0.8736 0.7055
14.0596 24.4040 21.4706 -0.8254 -0.5536 0.1104 0.3631 0.9071
14.0596 24.4040 21.4706 -0.2158 -0.1920 0.9574 0.6996 0.0305
10.9219 -24.5710 -25.1068 -0.4017 0.8296 0.3878 0.5876 0.7842
25.4693 -4.6873 20.1991 0.9604 -0.2782 0.0166 0.9358 0.5830
25.4693 -4.6873 20.1991 0.0032 -0.4553 -0.8903 0.8637 0.7353
11.0496 12.2081 -23.8341 -0.0188 0.0058 -0.9998 0.1987 0.8355
15.2880 -14.6026 21.0162 -0.0136 0.0180 0.9997 0.6936 0.2202
11.0644 -22.5979 20.6647 0.1998 -0.1435 0.9693 0.7142 0.2591
5.4047 29.3723 28.6283 -0.0522 -0.1089 0.9927 0.3039 0.1476
3.4464 -32.0541 2.3499 0.1582 -0.9874 0.0058 0.5826 0.4281
20.0365 -24.0456 28.3159 0.6453 -0.7206 0.2535 0.7089 0.3474
4.5152 -16.4104 -23.9903 -0.0092 0.0105 -0.9999 0.0595 0.8038
-30.6966 0.3604 -23.8492 0.9591 -0.0289 0.2817 0.7345 0.6859
-22.3390 -25.6901 -26.5764 -0.6083 -0.7852 -0.1159 0.4419 0.5536
1.7122 -32.3745 -13.4558 0.1234 -0.9923 0.0056 0.5057 0.4366
-4.2082 4.2209 20.9613 -0.0346 -0.0250 0.9991 0.7885 0.1287
-2.6481 -10.9834 21.1789 -0.0156 -0.0132 0.9998 0.7809 0.2026
-7.8121 30.5275 -28.5848 -0.1015 0.6191 -0.7787 0.7192 0.4096
-7.8121 30.5275 -28.5848 0.0117 0.3610 -0.9325 0.6287 0.1323
16.3042 0.7873 20.7688 -0.0283 0.0011 0.9996 0.6887 0.1454
-28.1088 0.0993 21.1907 0.0488 0.0055 0.9988 0.9048 0.1487
0.2770 29.4597 21.5187 0.0021 0.0747 -0.9972 0.8982 0.6385
35.4043 0.9191 27.7883 0.9775 0.0253 -0.2094 0.9202 0.6121
14.2583 0.5787 20.7274 -0.0150 0.0025 0.9999 0.6986 0.1464
-1.1996 -28.3026 -28.1608 -0.0439 0.7503 -0.6596 0.5728 0.7253
-9.3257 30.5554 -28.3481 -0.1440 0.6220 -0.7697 0.7204 0.4022
-31.6303 -0.1874 26.2001 1.0000 -0.0085 0.0024 0.8522 0.6562
4.1200 -1.9372 21.0597 -0.0087 0.0066 0.9999 0.7480 0.1586
25.1857 -2.7039 -26.0983 -0.9832 0.1358 0.1222 0.7557 0.6707
-16.2923 29.1011 11.9152 -0.4277 0.9039 -0.0009 0.9162 0.3683
32.8828 0.8551 28.7387 -0.0190 -0.0037 0.9998 0.1652 0.0139
-12.3627 -30.8577 -2.3662 -0.3081 -0.9514 0.0040 0.5597 0.5051
22.5997 -20.7651 7.2275 0.7792 -0.6267 -0.0055 0.6063 0.3350
25.4022 -0.0556 -26.0597 -0.9952 -0.0111 0.0974 0.7556 0.6578
27.4862 -9.2370 -28.7345 0.3239 0.0289 -0.9456 0.4352 0.3041
27.4862 -9.2370 -28.7345 0.8918 -0.1644 -0.4215 0.9070 0.6892
-27.2566 16.4468 -28.6898 0.1416 -0.1094 -0.9839 0.5602 0.0377
-22.4879 20.2283 21.2726 -0.0733 -0.0116 0.9972 0.8774 0.0508
29.8572 1.3806 -17.3613 0.9984 0.0556 0.0046 0.3818 0.6846
18.1036 3.5367 -23.9863 -0.0162 0.0043 -0.9999 0.1565 0.8699
-17.9667 25.7993 21.1990 0.2257 -0.4502 -0.8639 0.9785 0.6443
-17.9667 25.7993 21.1990 0.4421 -0.7952 -0.4150 0.9881 0.5985
-30.2189 10.9889 21.1206 0.9543 -0.2376 -0.1811 0.8275 0.6018
5.9615 -27.1072 -23.9611 -0.3533 0.8163 -0.4571 0.5932 0.7601
5.9615 -27.1072 -23.9611 -0.0619 0.1320 -0.9893 0.0074 0.8108
-11.2296 -31.2620 28.9622 0.0658 0.2370 0.9693 0.0089 0.2286
-24.8511 -23.6069 26.8832 -0.6911 -0.7226 -0.0128 0.7020 0.5658
14.6708 26.9017 -27.2988 0.5230 0.7973 -0.3014 0.7255 0.5189
13.9568 27.6820 -20.5786 0.5000 0.8660 -0.0044 0.7582 0.5155
-31.6592 6.1931 28.5531 0.3585 -0.0491 0.9323 0.1912 0.3279
-9.1160 -30.7035 -28.6466 -0.1325 -0.6007 -0.7884 0.4318 0.4893
-9.1160 -30.7035 -28.6466 -0.0806 -0.3263 -0.9418 0.3308 0.1260
28.9510 -7.1758 28.6824 0.0179 -0.0361 0.9992 0.1261 0.0331
4.7783 -27.4657 -24.2759 -0.0849 0.9895 0.1173 0.5917 0.7543
-14.2127 28.0502 28.4481 0.0679 -0.1860 0.9802 0.2975 0.2431
-5.0126 2.4193 20.9013 -0.0201 0.0024 0.9998 0.7924 0.1374
-14.8832 26.5695 21.3147 0.1444 -0.2267 -0.9632 0.9822 0.6593
-14.8832 26.5695 21.3147 0.3637 -0.7989 -0.4791 0.4737 0.7887
-14.8832 26.5695 21.3147 0.1307 0.5713 0.8103 0.7871 0.7450
-14.8832 26.5695 21.3147 0.0649 -0.1376 0.9884 0.8404 0.0199
-34.7039 -4.6124 27.1227 -0.9815 -0.1847 0.0494 0.3016 0.3579
11.7287 25.2393 21.3752 0.5814 0.3737 -0.7227 0.8777 0.6942
11.7287 25.2393 21.3752 -0.3490 -0.9205 -0.1756 0.4740 0.6592
11.7287 25.2393 21.3752 0.0008 -0.1151 0.9934 0.7110 0.0264
21.9644 21.0713 -1.1578 0.7541 0.6568 0.0015 0.8526 0.5544
0.8284 -20.8586 21.1829 0.3635 -0.1540 0.9188 0.7640 0.2507
-11.3576 -10.5168 21.0639 -0.0409 0.0060 0.9991 0.8233 0.2004
7.1363 28.3397 21.5014 -0.3091 -0.9478 0.0779 0.9102 0.6115
7.1363 28.3397 21.5014 -0.2227 -0.4999 0.8369 0.7333 0.0113
6.9419 -27.8442 28.2730 -0.2034 0.4938 0.8455 0.0256 0.1401
6.9419 -27.8442 28.2730 -0.3360 0.8829 0.3280 0.5614 0.7738
21.3501 21.7076 16.9335 0.7475 0.6642 0.0082 0.9407 0.5514
-23.4692 19.2370 21.2072 -0.0312 0.0113 0.9994 0.8822 0.0556
-10.9037 27.0751 -28.0136 0.2026 -0.6758 -0.7087 0.6039 0.7619
14.7538 -23.4269 27.9634 -0.5574 0.7777 0.2907 0.5599 0.8118
-18.9901 -25.3273 -28.9373 -0.0030 0.0150 -0.9999 0.3570 0.0780
4.3816 4.8980 21.0240 0.0968 0.0108 0.9952 0.7467 0.1254
17.5769 -20.5102 19.2202 -0.1922 0.0488 0.9801 0.6825 0.2490
-12.5685 -26.5919 -28.2544 0.2613 0.6545 -0.7095 0.5723 0.6699
-1.4255 -17.0365 21.1355 0.0796 0.0126 0.9967 0.7750 0.2321
13.3094 24.6183 28.3422 -0.4685 -0.7285 0.4998 0.5079 0.6516
19.6214 23.9040 27.5589 0.6227 0.6985 -0.3526 0.9924 0.5430
22.9161 -20.2472 19.0523 0.7956 -0.6057 0.0083 0.6639 0.3334
17.5620 -18.4313 20.5889 -0.2820 -0.7640 0.5803 0.9270 0.6627
17.5620 -18.4313 20.5889 -0.4193 -0.2214 0.8804 0.6826 0.2389
-7.9668 28.0406 -28.2186 0.1082 -0.4782 -0.8716 0.6166 0.1316
-7.9668 28.0406 -28.2186 0.1215 -0.7572 -0.6417 0.6029 0.7476
31.0354 -8.0629 27.7029 0.4183 -0.8595 -0.2938 0.9558 0.6486
-19.8284 23.4469 22.6517 0.5683 -0.8224 -0.0271 0.4802 0.8128
-8.8948 -10.4089 21.2648 -0.0981 -0.0099 0.9951 0.8113 0.1998
-9.4718 -5.6767 21.1878 -0.1162 0.0088 0.9932 0.8141 0.1768
-23.0547 21.5994 21.1812 0.7688 -0.2982 -0.5657 0.8746 0.7113
2.9996 6.3361 20.8967 -0.0769 -0.0067 0.9970 0.7534 0.1184
-6.3075 28.8805 21.7011 0.1378 -0.9859 -0.0944 0.4756 0.7470
28.9396 -7.2953 20.1147 0.9763 -0.2162 -0.0042 0.3396 0.8670
28.2276 -6.2988 28.6540 -0.0319 0.0194 0.9993 0.1304 0.0366
-34.2881 6.3438 -6.0056 -0.9783 0.2060 -0.0232 0.3549 0.5190
22.6472 8.7096 21.1027 -0.0342 -0.0128 0.9993 0.6578 0.1068
-22.4527 -8.8341 -23.6706 -0.0113 0.0143 -0.9998 0.0963 0.6726
18.1121 -19.1361 21.1068 0.2079 -0.8284 -0.5200 0.9295 0.6600
18.1121 -19.1361 21.1068 0.1479 -0.3835 0.9116 0.6799 0.2423
-33.4236 -8.5445 -27.6745 -0.9556 -0.2650 -0.1286 0.2824 0.6245
-33.4236 -8.5445 -27.6745 -0.8006 -0.2141 -0.5597 0.4386 0.0077
-24.5264 -19.1413 21.3975 0.1858 0.1499 0.9711 0.8873 0.2423
-17.7331 -23.6761 -24.1430 0.5752 0.7799 -0.2467 0.5923 0.6448
0.8016 18.2345 21.0232 0.0023 -0.0316 0.9995 0.7641 0.0605
22.4281 -6.7541 -24.0124 0.0477 -0.0129 -0.9988 0.1064 0.8909
10.3892 26.6958 21.5865 0.0047 0.0280 -0.9996 0.8848 0.6877
-28.2203 10.1349 21.2525 0.0381 0.0176 0.9991 0.9053 0.0999
-21.3178 26.1388 18.5706 -0.5839 0.8118 -0.0001 0.9486 0.3439
-10.9208 28.6424 21.1571 -0.0141 -0.2389 0.9709 0.8212 0.0098
14.1238 -28.0918 -0.7847 0.5065 -0.8622 -0.0004 0.5674 0.3762
-14.7788 13.6219 20.9273 0.0078 -0.0203 0.9998 0.8399 0.0829
12.0690 7.5732 20.7300 -0.0069 -0.0083 0.9999 0.7093 0.1124
-21.9166 25.9043 -20.6021 -0.5990 0.8007 0.0096 0.7580 0.3409
-1.1665 -32.3372 18.0781 0.0217 -0.9997 0.0151 0.6591 0.4506
16.0926 25.1576 28.7933 -0.0012 -0.0210 0.9998 0.2834 0.0956
12.7860 -24.7152 22.4868 -0.5219 0.8518 0.0465 0.5332 0.8022
28.0415 -10.5522 26.9516 0.7004 -0.2778 -0.6575 0.6713 0.7608
28.0415 -10.5522 26.9516 0.9343 -0.3562 -0.0130 0.3238 0.9002
25.2885 2.0504 -25.4545 -0.9648 -0.1646 0.2053 0.7526 0.6476
-2.0498 -32.6378 -19.4239 0.0070 -0.9999 0.0111 0.4767 0.4549
-26.6234 -16.6141 27.5659 0.8270 0.5580 0.0688 0.5579 0.6105
19.7539 -23.8489 -20.9906 0.6862 -0.7274 0.0014 0.4691 0.3488
14.1565 -23.6195 21.3504 -0.5093 0.7171 0.4758 0.5277 0.8089
-4.1855 32.1976 8.5205 -0.0644 0.9979 -0.0047 0.8997 0.4272
7.4182 -25.8542 -23.9668 0.0103 -0.0295 -0.9995 0.0135 0.8179
-34.4713 8.3694 28.5139 -0.9627 0.2530 0.0962 0.3647 0.3511
-34.4713 8.3694 28.5139 -0.4801 0.1340 0.8669 0.2017 0.3416
27.5170 11.7449 17.5070 0.9247 0.3808 -0.0012 0.4323 0.8543
27.8716 -12.9883 28.1099 0.8999 -0.3982 0.1777 0.9784 0.6001
23.8598 12.3152 23.1879 -0.9057 -0.4236 0.0151 0.7991 0.5958
17.3831 21.1498 21.5229 -0.6764 -0.7274 0.1155 0.4747 0.6317
-33.4255 9.7468 3.9383 -0.9552 0.2954 -0.0200 0.3714 0.4706
14.2155 -22.8311 -24.1657 -0.5890 0.7781 0.2183 0.5922 0.8003
-6.8205 -27.9559 -28.0528 0.1027 0.7373 -0.6677 0.5733 0.6979
-31.3395 4.6286 27.5601 0.9900 -0.1342 0.0436 0.8588 0.6327
-12.2285 -30.9770 -13.8938 -0.3132 -0.9497 0.0049 0.5036 0.5044
-19.4238 22.1799 21.3836 0.0279 -0.0216 0.9994 0.8625 0.0413
12.5931 -28.2433 -28.0841 0.3671 -0.6926 -0.6210 0.4345 0.3836
2.2047 30.1106 -28.6878 0.0287 0.2103 -0.9772 0.6267 0.1811
27.8539 -7.8542 28.6713 -0.0365 0.0123 0.9993 0.1228 0.0384
-1.5964 -22.1998 21.4374 -0.0638 0.0987 0.9931 0.7758 0.2572
-33.5521 8.8709 26.1306 -0.9516 0.3071 0.0109 0.3672 0.3627
-29.2883 11.9515 22.4307 0.8803 -0.4026 -0.2509 0.8339 0.5971
28.7950 -8.2139 2.8227 0.9699 -0.2434 0.0062 0.3352 0.7828
-24.3155 23.7349 5.0185 -0.6721 0.7404 -0.0039 0.8827 0.3293
15.4386 27.1954 28.6170 0.1825 0.3147 0.9315 0.2933 0.0988
15.4386 27.1954 28.6170 0.4846 0.7506 0.4492 0.9975 0.5227
6.5491 -24.4140 -24.0376 0.0116 -0.0344 -0.9993 0.0205 0.8137
26.6322 1.2959 26.4019 -0.9993 -0.0257 0.0268 0.7834 0.6495
-25.4338 9.7307 -23.3691 -0.0255 0.0167 -0.9995 0.1866 0.6580
-32.6978 1.4731 -28.7902 0.0552 0.0099 -0.9984 0.4873 0.0113
-0.0525 -27.4020 20.8596 0.0607 -0.0314 0.9977 0.7683 0.2825
20.7242 18.0867 28.4090 -0.4689 -0.3200 0.8232 0.2490 0.0731
20.7242 18.0867 28.4090 -0.7250 -0.5351 0.4337 0.5082 0.6155
11.0701 -29.7021 -18.8617 0.4252 -0.9051 0.0038 0.4794 0.3910
-17.1647 21.1606 21.2036 0.0518 -0.0456 0.9976 0.8515 0.0462
-29.0068 -18.6263 -0.9560 -0.8218 -0.5697 0.0101 0.5665 0.5860
24.0945 -8.5531 -23.8712 -0.2175 0.0532 -0.9746 0.0977 0.8990
-14.7197 30.7882 28.4271 -0.3143 0.8442 0.4342 0.9966 0.3760
1.7278 -32.2572 10.4003 0.1101 -0.9939 0.0116 0.6218 0.4365
-29.0195 -12.6290 28.3991 0.8899 0.3970 0.2244 0.8629 0.7167
-29.0195 -12.6290 28.3991 0.4267 0.2025 0.8814 0.0996 0.3151
-10.1854 28.7245 21.2672 -0.0386 -0.0247 -0.9990 0.8947 0.5876
-0.6718 -27.5444 -26.5727 -0.0911 0.9935 0.0680 0.5805 0.7278
25.2979 -1.3691 -27.5523 -0.9724 0.0869 -0.2166 0.7628 0.6642
13.1787 24.4522 21.5222 -0.1429 -0.1543 -0.9776 0.8739 0.7012
13.1787 24.4522 21.5222 -0.1932 0.9593 -0.2059 0.4709 0.8653
13.1787 24.4522 21.5222 -0.4712 -0.8731 0.1253 0.4747 0.6522
-35.0862 0.4728 27.3896 -0.9899 0.0425 -0.1355 0.3263 0.3566
-29.9060 7.1314 21.4551 0.1008 -0.0639 0.9928 0.9135 0.1145
-32.2978 -13.0986 5.3552 -0.9096 -0.4146 -0.0271 0.2603 0.4638
-28.5920 -15.5560 -28.9487 -0.1013 -0.0509 -0.9936 0.4045 0.0312
23.2031 -19.9468 -1.8947 0.7946 -0.6070 0.0066 0.5620 0.3320
24.9921 5.5992 -28.1602 -0.7047 -0.1730 -0.6881 0.5074 0.2919
20.9358 -4.4405 20.9960 -0.0470 0.0138 0.9988 0.6662 0.1708
4.5150 28.3079 27.9323 -0.2714 -0.8897 0.3670 0.5059 0.6943
14.7360 -4.1192 -23.9867 -0.0120 0.0078 -0.9999 0.1193 0.8535
4.9073 -1.4254 -23.8475 -0.0108 0.0088 -0.9999 0.1324 0.8057
9.9699 29.7240 -21.9427 0.3811 0.9245 -0.0027 0.7515 0.4961
-16.7921 -3.1291 -23.6448 -0.0110 0.0132 -0.9999 0.1241 0.7001
-16.9422 25.3332 24.4446 0.4829 -0.8750 0.0343 0.4889 0.7987
-30.8157 4.5976 -28.3091 0.6067 -0.0809 -0.7908 0.5025 0.0204
-30.3185 -1.2744 21.2337 -0.0436 -0.0092 0.9990 0.9155 0.1554
-33.8238 -8.5877 27.5264 -0.8084 -0.2072 -0.5509 0.2822 0.3559
22.0234 -17.4350 28.6241 -0.1993 0.1521 0.9681 0.0762 0.0668
7.3436 27.8964 21.5890 0.0423 0.0581 -0.9974 0.8906 0.6728
-5.7912 -18.1949 21.2206 0.0720 0.0350 0.9968 0.7962 0.2377
-24.2667 7.5083 -23.4378 -0.0139 0.0133 -0.9998 0.1758 0.6637
-13.0981 -30.7581 -21.1444 -0.3531 -0.9354 0.0190 0.4683 0.5086
-11.5623 -28.3266 28.5278 0.0333 0.1191 0.9923 0.0232 0.2302
-11.5623 -28.3266 28.5278 0.1799 0.6502 0.7382 0.5626 0.6838
-24.1433 -24.6565 27.8332 -0.5710 -0.6367 -0.5181 0.7066 0.5624
-22.6799 -25.8427 27.7978 -0.5191 -0.6552 -0.5488 0.7064 0.5552
29.6911 6.1782 27.1973 0.0513 0.0150 -0.9986 0.6793 0.6794
-18.7343 20.6880 -23.3312 -0.0188 0.0203 -0.9996 0.2399 0.6906
-1.6338 32.3077 -12.3641 0.0426 0.9991 0.0074 0.7981 0.4396
24.6904 -5.1067 -26.4633 -0.9722 0.2208 0.0778 0.7575 0.6824
-29.4255 8.4530 -23.8925 0.9116 -0.2888 0.2926 0.7343 0.6465
10.1989 27.0129 21.4588 -0.1766 -0.3481 0.9207 0.7184 0.0178
10.1989 27.0129 21.4588 -0.3556 -0.8631 0.3585 0.9099 0.5966
24.8602 -17.4858 11.7586 0.8688 -0.4950 0.0151 0.2901 0.8263
24.8602 -17.4858 11.7586 0.8496 -0.5275 0.0008 0.6284 0.3240
5.7633 31.6007 27.6058 0.2476 0.8644 -0.4375 0.9926 0.4756
21.8718 -17.3998 -28.9322 -0.0279 0.0029 -0.9996 0.3955 0.2768
24.6123 5.2626 -27.4080 -0.8307 -0.2105 -0.5154 0.5058 0.2901
24.6123 5.2626 -27.4080 -0.9089 -0.2079 -0.3615 0.7621 0.6319
-6.2787 27.9580 -27.9760 0.1016 -0.4818 -0.8704 0.6162 0.1398
-6.2787 27.9580 -27.9760 0.0472 -0.7067 -0.7059 0.6041 0.7394
0.9414 31.9755 -27.1181 0.1124 0.9603 -0.2554 0.7263 0.4522
14.7534 20.4155 -24.9965 -0.6368 -0.7326 -0.2403 0.6186 0.6370
1.9906 -27.7666 -24.9027 -0.1496 0.9146 0.3757 0.5886 0.7408
6.0916 31.0782 -23.4703 0.2719 0.9623 -0.0046 0.7441 0.4772
9.1548 28.8635 -28.2984 0.2182 0.5559 -0.8021 0.7206 0.4921
9.1548 28.8635 -28.2984 0.1551 0.3839 -0.9103 0.6206 0.2149
-30.8941 -15.7008 -3.4655 -0.8757 -0.4827 0.0102 0.2476 0.5067
28.4575 -9.1995 18.8220 0.9632 -0.2686 0.0024 0.3304 0.8607
26.1835 -15.2415 -1.0212 0.8836 -0.4683 0.0067 0.3010 0.7641
18.0367 -18.6557 -26.3071 -0.7092 0.6959 0.1133 0.5818 0.8188
29.6702 2.3224 14.4111 0.9973 0.0729 -0.0008 0.3864 0.8392
12.1645 25.7387 21.5919 -0.0360 -0.0261 -0.9990 0.8801 0.6963
-30.7596 15.5022 23.7482 -0.8651 0.5016 0.0044 0.9738 0.2979
-30.7596 15.5022 23.7482 -0.8864 0.4628 0.0124 0.3994 0.3743
-9.8377 -19.2972 -23.9340 -0.0081 0.0133 -0.9999 0.0454 0.7339
-3.7055 30.2288 21.2992 0.0340 -0.4610 -0.8867 0.9020 0.6191
-3.7055 30.2288 21.2992 0.1302 -0.9870 -0.0941 0.9092 0.6643
28.1614 10.0635 -25.2177 0.9489 0.3110 -0.0540 0.4241 0.6464
-17.7844 17.1152 -23.4138 -0.0125 0.0110 -0.9999 0.2226 0.6953
-22.3406 13.1374 21.0434 0.0267 -0.0205 0.9994 0.8767 0.0853
-5.2227 6.7871 -23.6428 -0.0121 0.0105 -0.9999 0.1723 0.7564
18.0142 -19.5912 19.4277 0.2229 -0.4177 0.8808 0.6804 0.2445
18.0142 -19.5912 19.4277 0.3089 -0.4935 0.8131 0.7124 0.7746
18.2301 24.6064 -24.3525 0.6457 0.7621 -0.0478 0.7398 0.5363
-35.1227 -4.2555 28.4844 -0.5792 -0.0783 0.8114 0.1403 0.3448
-35.1227 -4.2555 28.4844 -0.9818 -0.1236 0.1440 0.3033 0.3512
-2.4645 8.9699 20.9668 0.0188 -0.0209 0.9996 0.7800 0.1056
-27.1417 20.7665 19.2616 -0.7638 0.6454 -0.0062 0.9520 0.3155
-15.1739 26.3568 21.3351 0.4038 -0.8725 -0.2753 0.4738 0.7901
-15.1739 26.3568 21.3351 0.1217 -0.2838 0.9511 0.8418 0.0210
-0.8693 -10.7560 21.1436 0.0810 0.0160 0.9966 0.7722 0.2015
-7.6863 27.1305 -26.2518 0.1785 -0.9838 -0.0159 0.6124 0.7462
21.8406 12.4965 21.1192 -0.0109 -0.0030 0.9999 0.6618 0.0884
-14.4615 26.4295 21.2970 -0.1686 0.0293 0.9852 0.8219 0.7371
-14.4615 26.4295 21.2970 -0.8909 -0.3694 -0.2643 0.4917 0.8668
-14.4615 26.4295 21.2970 -0.0764 -0.7707 0.6326 0.4736 0.7867
-14.4615 26.4295 21.2970 0.2248 0.5778 0.7846 0.7870 0.7470
-14.4615 26.4295 21.2970 0.0059 -0.0962 0.9953 0.8384 0.0206
-17.8220 19.9612 -23.3661 -0.0201 0.0238 -0.9995 0.2364 0.6951
12.4870 22.6155 -26.2492 -0.5596 -0.7891 -0.2533 0.6125 0.6481
-32.4641 12.1430 -22.8084 -0.9262 0.3770 -0.0081 0.3831 0.6008
-22.7260 -21.1426 28.0130 0.6846 0.6924 0.2276 0.5601 0.6295
-18.0422 -29.1378 27.8630 -0.4372 -0.8451 -0.3078 0.7067 0.5327
17.7276 -25.8412 25.2483 0.6432 -0.7653 0.0228 0.6940 0.3587
6.7507 -26.0640 -26.7895 -0.3337 0.9282 -0.1644 0.5794 0.7639
15.4466 -27.4139 17.3386 0.5503 -0.8349 -0.0138 0.6555 0.3698
-7.7210 -32.1192 -14.6630 -0.1789 -0.9839 0.0045 0.4998 0.4825
-23.7682 -19.3459 21.3724 0.0464 0.0389 0.9982 0.8837 0.2433
-28.1052 16.1488 28.5237 0.1054 -0.0631 0.9924 0.2396 0.3107
-20.0431 -19.8500 -23.8147 -0.0012 0.0134 -0.9999 0.0427 0.6843
-9.4607 31.4059 18.7357 -0.2119 0.9773 0.0036 0.9494 0.4015
25.9525 -5.9037 19.6261 -0.7988 0.0919 -0.5946 0.8660 0.7412
25.9525 -5.9037 19.6261 -0.9337 0.2302 -0.2744 0.8164 0.6845
28.6635 8.1931 7.9931 0.9660 0.2587 -0.0040 0.4150 0.8080
2.5520 31.8123 -25.9106 0.1755 0.9828 -0.0575 0.7322 0.4600
17.9229 25.5734 28.7217 0.1048 0.1291 0.9861 0.2854 0.0867
17.9229 25.5734 28.7217 0.5146 0.5384 0.6674 0.9980 0.5348
25.9222 15.0943 9.7574 0.8857 0.4643 -0.0001 0.4486 0.8166
-29.5792 9.1830 21.3811 0.0866 0.1070 0.9905 0.9119 0.1045
23.7841 18.7120 9.0666 0.8233 0.5675 0.0081 0.9024 0.5633
26.6885 13.4503 25.5814 0.9004 0.4342 0.0287 0.4406 0.8936
2.0628 29.5070 21.5402 0.0114 -0.0274 -0.9996 0.8985 0.6471
18.8393 -19.3825 19.5405 -0.5375 0.2822 0.7947 0.6764 0.2435
-33.2014 10.7314 6.6454 -0.9359 0.3521 -0.0075 0.3762 0.4575
27.1993 -13.9820 27.3716 0.4755 -0.2197 -0.8518 0.6672 0.7775
-24.6661 19.7430 21.0935 0.7387 -0.6727 0.0433 0.4726 0.8363
32.5432 -7.0020 27.5956 0.1119 -0.4346 -0.8936 0.6932 0.7435
32.5432 -7.0020 27.5956 0.2730 -0.5620 -0.7808 0.9553 0.6413
-18.1796 24.5018 21.8094 0.5416 -0.8207 -0.1821 0.4761 0.8048
-3.2255 -16.3991 21.2609 0.0263 -0.0072 0.9996 0.7837 0.2290
-1.3090 -32.3897 15.3086 0.0280 -0.9995 0.0161 0.6457 0.4513
-30.2053 3.7731 -23.3627 0.1142 -0.0020 -0.9935 0.1577 0.6348
-32.7357 -11.9752 27.4796 -0.8026 -0.3133 -0.5075 0.2658 0.3561
-8.8667 -32.3831 27.7515 -0.1769 -0.9166 -0.3586 0.7062 0.4880
-34.3108 6.6962 5.9071 -0.9748 0.2152 -0.0589 0.3566 0.4611
-27.9057 -4.4842 -23.5296 -0.0161 0.0140 -0.9998 0.1175 0.6460
25.0114 9.4751 -28.7345 -0.2489 -0.0990 -0.9634 0.5263 0.2920
12.0357 26.1016 21.4288 -0.5380 -0.8244 0.1758 0.9098 0.5877
12.0357 26.1016 21.4288 -0.1153 -0.1851 0.9759 0.7095 0.0222
-26.7495 -21.8444 5.9804 -0.7729 -0.6317 -0.0607 0.6003 0.5750
20.1245 -23.4956 16.0289 0.7218 -0.6921 0.0029 0.6492 0.3470
28.3187 -11.3057 27.3357 0.5193 -0.1330 -0.8442 0.6727 0.7644
33.8791 -6.0629 27.6793 0.6348 -0.6987 -0.3299 0.9557 0.6348
10.5815 27.1377 28.7406 -0.0684 -0.1056 0.9921 0.2931 0.1224
-3.2400 29.0646 23.1806 0.0275 -0.9996 0.0009 0.4828 0.7321
-5.4858 25.3029 21.2469 -0.0632 0.0100 0.9979 0.7947 0.0261
29.0750 11.3831 28.1924 0.4129 0.8783 0.2409 0.9957 0.6313
26.0282 -8.3498 -28.7946 -0.1207 0.0528 -0.9913 0.4395 0.2970
-35.0775 -3.3885 18.9814 -0.9909 -0.1305 -0.0336 0.3075 0.3975
26.7231 -13.8542 22.3381 0.9050 -0.4252 0.0139 0.3077 0.8778
-28.4030 5.2496 -23.3721 -0.0272 0.0155 -0.9995 0.1648 0.6436
-8.2534 28.6068 21.6940 0.1508 -0.9861 -0.0696 0.4756 0.7565
-12.4308 -30.7950 20.6449 -0.3125 -0.9499 -0.0050 0.6716 0.5054
6.0377 -4.9277 20.8078 0.0548 0.0099 0.9984 0.7386 0.1732
29.7030 2.0585 -2.5484 0.9979 0.0638 0.0093 0.3851 0.7567
-26.5972 21.0708 -27.5743 -0.6983 0.6253 -0.3484 0.7241 0.3182
22.1725 -13.7352 20.6587 0.8631 -0.5050 -0.0066 0.9380 0.6271
-6.8611 -28.9064 24.9914 0.1399 0.9901 0.0139 0.5454 0.7066
9.8705 4.1436 20.7139 0.0052 -0.0014 1.0000 0.7200 0.1290
27.2155 -9.3565 28.6831 -0.0335 0.0256 0.9991 0.1155 0.0415
-21.9697 25.7577 -3.8207 -0.5944 0.8041 -0.0025 0.8397 0.3407
24.6419 9.9898 21.3543 -0.4562 -0.1714 0.8732 0.6481 0.1006
24.6419 9.9898 21.3543 -0.9240 -0.3381 0.1786 0.8080 0.6072
-24.0915 25.2205 28.0294 -0.6384 0.7629 -0.1022 0.9946 0.3304
12.3854 -26.5593 -28.9569 0.0945 -0.1655 -0.9817 0.3510 0.2306
-7.4077 31.7285 24.1997 -0.1316 0.9912 0.0131 0.9760 0.4115
-14.5710 26.6235 21.3804 0.2455 -0.2406 0.9391 0.4120 0.9076
-14.5710 26.6235 21.3804 -0.8697 -0.3767 -0.3188 0.4913 0.8659
-14.5710 26.6235 21.3804 0.4015 -0.8058 -0.4352 0.4409 0.9076
-14.5710 26.6235 21.3804 0.2500 -0.3443 -0.9050 0.9825 0.6609
-14.5710 26.6235 21.3804 -0.2456 -0.9693 0.0115 0.4740 0.7872
-14.5710 26.6235 21.3804 -0.1640 0.8936 0.4178 0.4262 0.9060
6.9650 30.9752 22.5455 0.2597 0.9657 -0.0064 0.9680 0.4815
-27.8556 10.6989 -25.6464 0.9026 -0.4043 0.1475 0.7258 0.6356
29.4994 -8.5162 27.6004 0.1283 -0.6246 -0.7704 0.9553 0.6561
29.4994 -8.5162 27.6004 -0.2971 -0.4252 -0.8549 0.6784 0.7509
-34.6462 -5.1869 12.6164 -0.9858 -0.1670 -0.0202 0.2988 0.4284
-0.4357 -5.7373 20.9654 0.0946 0.0178 0.9954 0.7701 0.1771
-15.9056 -29.6317 -22.7636 -0.4261 -0.9044 0.0232 0.4604 0.5223
14.6317 27.8961 28.2204 0.5238 0.8491 -0.0676 0.9956 0.5188
8.9547 26.8020 21.4913 0.1213 0.3017 -0.9456 0.8853 0.6807
8.9547 26.8020 21.4913 0.2960 0.8276 0.4769 0.8156 0.7402
-27.8956 -11.2940 -27.4037 0.8504 0.3405 -0.4011 0.7172 0.7426
29.7633 -1.0768 13.0973 0.9996 -0.0276 -0.0002 0.3699 0.8328
22.6541 10.5887 -25.5702 -0.8981 -0.4365 0.0539 0.7532 0.6060
0.2847 19.0102 -23.6090 -0.0151 0.0073 -0.9999 0.2318 0.7832
12.4080 -3.1933 20.7325 -0.0047 0.0082 1.0000 0.7077 0.1647
-1.5594 -15.2321 21.1481 0.0765 -0.0185 0.9969 0.7756 0.2233
13.3144 -11.0112 20.8647 -0.0221 0.0272 0.9994 0.7032 0.2028
28.6609 -0.5776 -28.5177 0.5480 -0.0060 -0.8365 0.4774 0.3098
-32.9819 -10.9715 -8.9491 -0.9411 -0.3377 -0.0148 0.2706 0.5333
-8.9084 31.5617 1.7077 -0.1871 0.9823 0.0076 0.8666 0.4042
-28.1578 -11.3316 -24.2631 0.9259 0.3468 0.1501 0.7325 0.7428
-6.4080 32.3685 28.6664 -0.0196 0.1776 0.9839 0.3185 0.2051
-31.7744 1.0358 21.2150 0.4239 0.0513 0.9042 0.9226 0.1442
-31.7744 1.0358 21.2150 0.9848 -0.0007 0.1734 0.8280 0.6502
27.3308 -12.7594 1.1781 0.9211 -0.3893 0.0100 0.3131 0.7748
-14.7641 29.7671 16.7450 -0.3765 0.9264 -0.0040 0.9397 0.3757
-3.6221 32.4478 28.6680 -0.0085 0.0705 0.9975 0.3189 0.1915
21.2149 12.8461 -24.3042 -0.8332 -0.5173 -0.1954 0.6219 0.6056
27.4847 -11.1596 28.6285 0.2018 -0.0709 0.9769 0.1067 0.0402
-11.7815 3.4550 -23.6093 -0.0097 0.0124 -0.9999 0.1561 0.7245
-30.0751 5.3884 -27.7615 0.6448 -0.0990 -0.7579 0.5064 0.0240
-30.0751 5.3884 -27.7615 0.9088 -0.1588 -0.3859 0.7155 0.6614
-5.2935 -32.1964 24.3965 -0.0957 -0.9954 0.0041 0.6899 0.4707
-29.2221 -18.3091 0.7877 -0.8269 -0.5624 -0.0055 0.5750 0.5871
-35.0713 -0.6864 12.8559 -0.9997 -0.0109 -0.0206 0.3207 0.4273
29.2678 5.5920 26.4693 0.9897 0.1421 0.0184 0.4023 0.8979
29.7512 -1.5120 4.5018 0.9993 -0.0366 -0.0030 0.3678 0.7910
-10.9557 27.4817 21.2376 0.0090 -0.0796 0.9968 0.8213 0.0155
-26.6101 -21.8209 -4.8366 -0.7568 -0.6536 -0.0083 0.5476 0.5744
-19.8402 -27.5029 -25.5457 -0.5353 -0.8444 -0.0206 0.4469 0.5414
-22.6311 1.7590 -23.5162 -0.0098 0.0123 -0.9999 0.1479 0.6717
-29.4840 12.3039 21.5893 0.8144 -0.4201 -0.4003 0.8298 0.5954
6.3225 28.1114 21.3838 0.0370 0.0650 0.9972 0.7373 0.0124
-13.1257 -30.6540 -11.8148 -0.3451 -0.9386 0.0060 0.5137 0.5088
-28.0340 -20.1616 9.8970 -0.7958 -0.6052 0.0225 0.6193 0.5813
16.5645 26.5264 28.6307 0.1851 0.3383 0.9227 0.2901 0.0933
-18.3115 28.0534 15.5937 -0.4957 0.8685 -0.0025 0.9341 0.3585
11.2382 -29.6509 -22.6261 0.4246 -0.9054 0.0002 0.4611 0.3902
-13.9088 -26.9900 21.5821 0.3810 0.8662 0.3233 0.5288 0.6723
-25.4967 -4.2359 -23.5694 -0.0145 0.0141 -0.9998 0.1187 0.6577
2.4089 31.8747 -18.8509 0.1786 0.9839 0.0066 0.7666 0.4593
29.0407 -8.9738 27.4261 0.7908 -0.2603 -0.5539 0.6762 0.7531
-27.1165 -14.8449 -28.5156 0.4410 0.2768 -0.8537 0.4079 0.0384
18.0668 -21.5492 28.5922 -0.2477 0.2573 0.9340 0.0562 0.0860
21.4258 21.5145 -24.4748 0.7397 0.6721 -0.0339 0.7392 0.5518
-7.2763 28.7433 21.7148 0.1367 -0.9888 -0.0597 0.4757 0.7517
2.8197 19.4503 21.0130 0.0721 -0.0116 0.9973 0.7543 0.0546
25.4481 -5.1453 20.3406 -0.7569 -0.0886 -0.6475 0.8636 0.7375
-19.9148 -22.4267 21.2944 0.0158 0.0330 0.9993 0.8649 0.2583
4.1153 -27.4463 20.5694 -0.0653 0.1185 0.9908 0.7480 0.2827
22.7810 12.5176 20.5504 0.4206 0.0546 0.9056 0.5633 0.8618
22.7810 12.5176 20.5504 -0.8823 -0.1283 0.4530 0.6753 0.8306
22.7810 12.5176 20.5504 0.4608 0.8604 0.2177 0.4780 0.8645
22.7810 12.5176 20.5504 0.8833 0.4581 -0.0992 0.6634 0.8316
1.4721 29.0917 21.3344 0.5161 0.8229 0.2376 0.5206 0.8588
1.4721 29.0917 21.3344 -0.0244 0.2349 0.9717 0.7609 0.0077
6.0868 31.0450 -17.0471 0.2691 0.9631 -0.0052 0.7753 0.4772
-28.3592 14.4973 21.1149 0.4998 -0.3642 0.7858 0.9060 0.0787
-28.3592 14.4973 21.1149 0.8185 -0.5276 -0.2273 0.4727 0.8543
1.3556 -28.6905 -28.6755 -0.1016 0.5878 -0.8026 0.5703 0.7377
1.3556 -28.6905 -28.6755 -0.0628 0.3118 -0.9481 0.3406 0.1769
-22.9998 -20.0853 21.3618 0.0569 0.0355 0.9977 0.8799 0.2469
9.0189 -30.5181 23.2252 0.3194 -0.9475 0.0165 0.6842 0.4010
-16.7350 -24.0300 -27.5032 0.4211 0.7472 -0.5141 0.5760 0.6497
6.1465 -30.7929 -28.1838 0.2057 -0.7463 -0.6331 0.4341 0.4150
-15.5878 6.0320 -23.5339 -0.0108 0.0114 -0.9999 0.1686 0.7060
12.1026 24.9852 25.2923 -0.5132 -0.8583 0.0020 0.4931 0.6574
-9.9724 -28.7083 28.5296 0.0367 0.1405 0.9894 0.0213 0.2224
-9.9724 -28.7083 28.5296 0.1374 0.5762 0.8057 0.5626 0.6915
25.6503 -10.2532 28.5392 -0.3934 0.1453 0.9078 0.1111 0.0491
-10.3217 28.8653 21.1446 0.2515 -0.9379 -0.2390 0.8998 0.7247
-10.3217 28.8653 21.1446 0.0523 0.7574 0.6509 0.8182 0.0088
-0.5675 11.1772 20.9308 0.0504 -0.0071 0.9987 0.7708 0.0948
-12.7707 -26.4462 -24.0842 0.3492 0.9255 -0.1466 0.5926 0.6690
-21.9890 -21.2817 -28.6144 0.3485 0.3530 -0.8683 0.3766 0.0634
-32.9901 -10.8482 -13.1307 -0.9481 -0.3180 -0.0057 0.2712 0.5537
-29.8065 5.8836 -23.3683 0.1331 -0.0291 -0.9907 0.1679 0.6368
17.9746 -6.9284 20.9038 -0.0391 0.0194 0.9990 0.6806 0.1829
-25.0784 23.0548 -1.2405 -0.7026 0.7115 0.0134 0.8522 0.3256
5.2457 31.3976 25.0966 0.2093 0.9778 -0.0037 0.9804 0.4731
-2.9828 -17.3348 21.2397 0.0333 -0.0259 0.9991 0.7825 0.2335
11.1986 25.9324 21.5871 0.1255 0.2066 -0.9703 0.8811 0.6916
8.5044 -26.0178 -23.9621 -0.0195 0.0027 -0.9998 0.0127 0.8232
22.1875 -14.3850 19.9283 -0.6144 0.6877 0.3866 0.5208 0.8480
22.1875 -14.3850 19.9283 0.3412 0.2050 0.9174 0.6601 0.2192
7.8962 8.9920 20.7372 0.0088 -0.0032 1.0000 0.7296 0.1054
24.1644 -11.8483 25.2722 -0.9202 0.3908 0.0201 0.7889 0.7134
-10.1477 28.3649 27.9046 0.2501 -0.8793 0.4053 0.5058 0.7657
-8.8613 -28.6187 27.3428 0.2168 0.9737 0.0704 0.5568 0.6969
28.5834 8.8090 -18.5069 0.9590 0.2834 0.0068 0.4180 0.6791
31.1586 -6.6704 28.6586 0.0733 -0.1584 0.9846 0.1286 0.0223
-29.2763 12.9577 20.9593 0.3780 -0.2790 0.8828 0.9105 0.0862
5.8804 31.2293 20.6002 0.2287 0.9735 -0.0040 0.9585 0.4762
20.9799 -14.7833 -27.2557 -0.8534 0.5197 -0.0399 0.5772 0.8332
20.9799 -14.7833 -27.2557 -0.8239 0.4640 -0.3253 0.7614 0.7295
18.4465 18.1355 -27.9673 -0.5648 -0.4884 -0.6652 0.5684 0.2601
18.4465 18.1355 -27.9673 -0.6352 -0.5569 -0.5351 0.6041 0.6191
-31.4796 -14.5798 -1.1521 -0.8887 -0.4585 0.0038 0.2531 0.4954
-5.0770 -32.6743 27.4860 -0.0704 -0.7962 -0.6010 0.7049 0.4696
-30.2449 -17.0107 7.9929 -0.8703 -0.4911 0.0376 0.2413 0.4509
-30.2449 -17.0107 7.9929 -0.8534 -0.5207 0.0219 0.6101 0.5921
-31.3125 4.6358 24.3272 0.9902 -0.1399 -0.0033 0.8431 0.6327
-17.9723 -22.9220 -26.8595 0.5562 0.7980 -0.2319 0.5791 0.6437
-25.2921 -12.1606 -23.6943 -0.0026 0.0219 -0.9998 0.0801 0.6587
-28.5625 -19.1991 27.2849 -0.7746 -0.5358 -0.3362 0.7039 0.5839
15.0456 23.6418 28.4857 -0.2335 -0.4242 0.8750 0.2760 0.1007
15.0456 23.6418 28.4857 -0.3836 -0.5396 0.7495 0.5086 0.6431
-29.5017 -16.9314 -28.2437 -0.7834 -0.4185 -0.4595 0.2416 0.6272
-29.5017 -16.9314 -28.2437 -0.5832 -0.3460 -0.7350 0.3978 0.0268
-29.5017 -16.9314 -28.2437 -0.7809 -0.5124 -0.3573 0.4338 0.5884
27.2372 12.5279 27.2242 0.8667 0.3551 -0.3504 0.4361 0.9015
27.2372 12.5279 27.2242 0.5449 0.2243 -0.8079 0.6674 0.6485
1.0672 -23.2481 21.1298 0.0349 -0.0037 0.9994 0.7628 0.2623
15.3862 22.8107 26.0649 -0.6042 -0.7969 0.0027 0.4968 0.6414
-14.4108 9.0023 20.8424 0.0044 -0.0121 0.9999 0.8381 0.1054
9.8079 27.2214 21.5728 -0.3803 -0.8705 0.3123 0.9105 0.5985
9.8079 27.2214 21.5728 -0.0495 -0.0846 -0.9952 0.8873 0.6848
18.1911 16.5850 21.0926 -0.0350 -0.0294 0.9990 0.6795 0.0685
-30.7873 -15.2655 28.7107 -0.0443 -0.0144 0.9989 0.0868 0.3237
-7.7274 -27.8021 -24.2751 0.2385 0.9534 0.1850 0.5917 0.6935
-32.9685 10.4973 -26.8824 -0.9374 0.3261 -0.1221 0.3751 0.6206
7.5693 -27.3759 23.2180 -0.3657 0.9304 0.0240 0.5368 0.7768
24.4311 -15.7497 -28.6216 0.4054 -0.2347 -0.8835 0.4035 0.2892
-28.3405 6.8212 21.2048 0.0869 -0.0205 0.9960 0.9059 0.1160
-8.2466 31.5813 25.6604 -0.1697 0.9855 0.0049 0.9831 0.4075
-31.1453 7.0317 21.0995 0.8194 -0.4312 0.3777 0.8274 0.6211
-31.1453 7.0317 21.0995 -0.3521 -0.0724 0.9331 0.9195 0.1150
-16.9311 24.9889 21.4149 0.1605 -0.1886 0.9689 0.8504 0.0276
-16.9311 24.9889 21.4149 0.2249 -0.7704 0.5965 0.4742 0.7987
14.4570 -28.1211 26.1280 0.4811 -0.8728 0.0827 0.6983 0.3746
-28.8643 18.7175 26.8636 -0.8173 0.4493 -0.3608 0.4151 0.3591
10.7204 26.7260 21.4341 -0.1242 -0.3155 0.9407 0.7159 0.0192
-31.3988 -14.9811 5.8900 -0.8866 -0.4612 -0.0351 0.2511 0.4612
9.0289 30.1799 -1.2555 0.3581 0.9337 -0.0012 0.8522 0.4915
29.6265 2.7335 24.5768 0.9976 0.0664 0.0198 0.3884 0.8887
-8.5933 -28.0815 -28.4463 0.1372 0.6461 -0.7508 0.5714 0.6893
16.9188 -21.0165 19.1469 -0.0176 -0.0990 0.9949 0.6857 0.2514
17.5438 -17.4120 20.8723 -0.1996 -0.1824 0.9628 0.6827 0.2339
-11.1587 27.7688 21.2823 0.0278 -0.1346 0.9905 0.8223 0.0141
-11.1587 27.7688 21.2823 0.3905 -0.7455 0.5402 0.4736 0.7706
-1.1031 -32.5964 -26.3441 0.0486 -0.9963 -0.0710 0.4430 0.4503
1.5146 13.1414 -23.6734 -0.0147 0.0087 -0.9999 0.2032 0.7892
-7.2418 -27.3789 -27.3337 0.1803 0.9007 -0.3952 0.5768 0.6959
2.4288 31.9054 -12.5074 0.1651 0.9863 -0.0037 0.7974 0.4594
-17.5117 25.2600 -28.6080 0.1722 -0.2826 -0.9437 0.6031 0.0852
-8.6932 26.9509 -23.4649 0.1182 -0.5509 -0.8261 0.6260 0.7511
-8.6932 26.9509 -23.4649 0.0907 -0.4302 -0.8982 0.2704 0.7395
-32.7967 11.3468 -6.8599 -0.9398 0.3412 -0.0171 0.3792 0.5232
27.4062 11.9369 0.9816 0.9311 0.3647 0.0059 0.4332 0.7739
-22.2633 20.2343 -23.9977 0.6947 -0.6993 0.1684 0.6234 0.8171
-6.7624 -32.3451 -22.1435 -0.1360 -0.9906 0.0109 0.4634 0.4778
25.0157 16.8135 27.2246 0.5067 0.3206 -0.8003 0.6566 0.6276
25.0157 16.8135 27.2246 0.7483 0.4686 -0.4695 0.4569 0.9015
-15.8880 4.1530 -23.5549 -0.0112 0.0137 -0.9998 0.1595 0.7045
3.1678 28.8799 21.5411 0.0196 0.0327 -0.9993 0.8954 0.6525
-15.3867 26.2520 21.4277 0.3620 -0.9155 -0.1757 0.4743 0.7912
-15.7458 26.1147 21.4351 0.3374 -0.8964 -0.2874 0.4743 0.7929
-29.2640 18.0472 3.1656 -0.8351 0.5500 0.0050 0.8737 0.3052
27.0733 12.3719 -27.2699 0.9119 0.3723 -0.1731 0.4353 0.6364
27.0733 12.3719 -27.2699 0.7729 0.3301 -0.5419 0.5404 0.3021
6.0697 30.3026 28.7286 -0.0291 -0.0500 0.9983 0.3085 0.1444
16.4958 25.9779 -24.4143 0.5902 0.8058 -0.0477 0.7395 0.5278
26.9034 -12.6421 28.6290 0.1736 -0.0737 0.9821 0.0995 0.0430
-34.9910 2.6868 27.6178 -0.8305 0.0629 -0.5535 0.3371 0.3554
10.4293 -29.3469 28.7760 0.0817 -0.1891 0.9785 0.0182 0.1232
29.7177 1.0164 23.7354 0.9994 0.0307 0.0164 0.3801 0.8846
-15.8238 26.8706 21.0039 0.0080 -0.0924 0.9957 0.8240 0.7438
27.8461 -9.4822 -27.9190 0.7943 -0.2498 -0.5537 0.4340 0.3058
-32.7155 -9.4822 -28.3170 -0.6242 -0.1739 -0.7616 0.4340 0.0112
-32.5464 12.0596 -5.7688 -0.9287 0.3704 -0.0172 0.3827 0.5179
25.6949 -0.9164 -24.4932 -0.9915 0.0232 0.1279 0.7479 0.6620
1.3810 2.2490 20.8595 -0.0131 0.0088 0.9999 0.7613 0.1383
17.8517 -25.6168 15.4633 0.6394 -0.7688 -0.0098 0.6464 0.3581
20.3222 -23.2571 3.0862 0.7127 -0.7015 -0.0024 0.5862 0.3460
18.1293 20.5407 27.7830 -0.6734 -0.6944 0.2538 0.5052 0.6281
-1.9317 2.5319 20.9748 0.0129 0.0208 0.9997 0.7774 0.1369
-3.8892 -28.1323 -24.4797 -0.0095 0.9646 0.2637 0.5907 0.7122
13.0161 25.3649 21.5582 -0.0804 -0.0581 -0.9951 0.8783 0.7004
13.0161 25.3649 21.5582 -0.3675 -0.5122 -0.7762 0.9104 0.5829
-3.5751 -1.9763 21.0077 -0.0515 -0.0069 0.9986 0.7854 0.1588
23.6398 0.6522 -23.9834 0.0576 -0.0048 -0.9983 0.1425 0.8968
-0.8816 29.0950 25.7102 -0.0686 -0.9967 0.0424 0.4951 0.7206
26.0995 -12.5465 -28.6313 0.4777 -0.2224 -0.8499 0.4191 0.2973
-35.0263 -0.4217 9.5166 -0.9999 -0.0072 0.0077 0.3220 0.4435
29.0818 6.8660 27.0210 0.6514 0.0940 -0.7529 0.6764 0.6760
29.0818 6.8660 27.0210 0.9830 0.1721 -0.0647 0.4085 0.9006
-31.6240 3.2288 21.1221 0.6857 -0.0339 0.7271 0.9219 0.1335
-31.6240 3.2288 21.1221 0.8913 -0.0451 0.4511 0.8275 0.6396
-3.4540 -6.3980 20.9996 -0.0341 0.0124 0.9993 0.7848 0.1803
-15.1905 -25.4229 -24.0326 0.4999 0.8544 0.1418 0.5928 0.6572
-15.1905 -25.4229 -24.0326 0.2121 0.2932 -0.9322 0.0156 0.7079
-34.4634 -6.8172 18.2457 -0.9721 -0.2335 -0.0211 0.2908 0.4010
-6.0188 -4.0320 20.9287 0.0025 0.0107 0.9999 0.7973 0.1688
20.5212 -23.0698 -0.5951 0.7150 -0.6991 0.0084 0.5683 0.3451
14.4457 27.7797 20.8063 0.5315 0.8466 -0.0262 0.9595 0.5179
5.1222 31.9610 28.5491 0.2318 0.8604 0.4538 0.9972 0.4725
29.5865 -4.2476 -3.1124 0.9941 -0.1079 0.0099 0.3545 0.7540
2.1585 -27.0146 -23.9842 0.0084 -0.0226 -0.9997 0.0079 0.7923
16.3094 -23.1741 -28.9965 -0.0597 0.0986 -0.9933 0.3674 0.2497
20.0259 -17.3019 20.3212 0.6026 -0.7122 0.3602 0.9257 0.6507
28.4414 9.0961 -5.1029 0.9577 0.2879 0.0034 0.4194 0.7443
26.4045 14.1752 7.6509 0.8976 0.4409 -0.0000 0.4441 0.8063
-26.8930 -16.4759 28.4205 0.3700 0.2558 0.8931 0.0809 0.3048
-20.1186 26.9353 -27.2593 -0.5034 0.8205 -0.2708 0.7256 0.3497
4.3282 -3.3292 21.0313 0.1900 -0.0029 0.9818 0.7470 0.1654
-34.3893 6.1280 9.7644 -0.9792 0.2024 0.0159 0.3538 0.4423
-1.3417 -5.7205 21.0794 0.0619 0.0085 0.9980 0.7745 0.1770
19.7192 23.4432 -0.0432 0.6901 0.7237 -0.0030 0.8581 0.5435
-22.1709 5.4733 20.9451 0.0307 -0.0041 0.9995 0.8759 0.1226
6.3689 27.8539 21.4337 0.1005 0.2282 0.9684 0.7346 0.7748
6.3689 27.8539 21.4337 0.4078 0.7225 -0.5584 0.8405 0.7368
25.5712 16.4378 27.4220 0.5891 0.3536 -0.7266 0.6593 0.6295
20.8462 -12.4701 -23.9844 0.0392 -0.0182 -0.9991 0.0786 0.8832
-7.1378 27.3234 -25.2153 0.1185 -0.9861 0.1167 0.6175 0.7436
-5.4319 28.9496 23.9351 0.0848 -0.9960 0.0287 0.4865 0.7427
-23.2838 20.5479 22.3637 0.6702 -0.7242 -0.1625 0.4788 0.8296
-28.7757 11.9956 21.1299 -0.1689 0.1018 0.9804 0.9080 0.0908
-21.4249 26.1122 3.1971 -0.6007 0.7994 0.0067 0.8738 0.3433
22.2937 -19.7629 28.7537 0.1051 -0.0733 0.9917 0.0649 0.0655
-20.4623 -27.5812 28.6371 -0.2065 -0.3177 0.9254 0.0268 0.2735
-20.4623 -27.5812 28.6371 -0.4667 -0.7631 0.4470 0.7105 0.5445
-31.8701 -13.6283 -21.7560 -0.9117 -0.4109 -0.0054 0.2577 0.5957
4.3396 -10.5743 20.9167 0.1457 -0.0341 0.9887 0.7469 0.2006
11.0747 -18.5762 -24.0653 -0.0033 0.0057 -1.0000 0.0489 0.8357
-1.9344 -32.6598 -22.2879 0.0180 -0.9998 0.0043 0.4627 0.4543
20.9725 -12.6120 21.1383 -0.0571 0.0304 0.9979 0.6660 0.2106
8.1785 25.8381 -28.1181 -0.2832 -0.6815 -0.6748 0.6034 0.6690
8.1785 25.8381 -28.1181 -0.2360 -0.4858 -0.8416 0.6059 0.2101
25.9762 7.8682 28.3442 -0.8463 -0.2725 0.4577 0.7740 0.6175
25.9762 7.8682 28.3442 -0.3744 -0.1271 0.9185 0.1993 0.0475
-17.0800 -23.4513 -26.4090 0.5195 0.8494 -0.0934 0.5813 0.6480
-25.7147 4.4148 21.0619 0.0369 -0.0002 0.9993 0.8931 0.1277
22.9312 14.1076 23.6887 -0.8768 -0.4809 0.0023 0.7966 0.5871
-0.5369 -14.2169 21.1503 0.0957 -0.0360 0.9948 0.7706 0.2184
-0.2556 32.1696 7.0427 0.0572 0.9984 -0.0021 0.8925 0.4463
15.3176 23.0339 21.3824 -0.3694 -0.2722 0.8885 0.6935 0.0371
15.3176 23.0339 21.3824 -0.7333 -0.6679 -0.1271 0.4741 0.6418
15.3176 23.0339 21.3824 -0.8838 -0.4584 -0.0935 0.3776 0.9069
2.5056 29.6924 28.5471 -0.0277 -0.2803 0.9595 0.3055 0.1617
-8.9073 26.6846 21.2141 -0.0010 -0.0273 0.9996 0.8114 0.0194
-7.9045 21.3959 -23.4958 -0.0115 0.0101 -0.9999 0.2434 0.7433
22.8784 10.1436 21.1277 -0.0304 -0.0090 0.9995 0.6567 0.0998
18.6387 24.4830 19.3963 0.6814 0.7319 0.0014 0.9526 0.5383
-20.9688 27.5768 27.9726 -0.5363 0.8296 -0.1555 0.9944 0.3456
-34.1748 -7.0786 -1.1923 -0.9721 -0.2344 0.0104 0.2896 0.4956
25.9656 15.0400 6.3241 0.8869 0.4620 0.0036 0.4483 0.7999
-26.1838 -15.3745 -23.8387 0.6334 0.3141 -0.7072 0.0645 0.6544
-26.1838 -15.3745 -23.8387 0.8161 0.4412 -0.3733 0.7346 0.7624
2.9309 -12.4908 21.1782 -0.1320 0.0391 0.9905 0.7538 0.2100
15.8417 -21.9934 19.0569 0.0924 -0.0730 0.9930 0.6909 0.2562
0.3310 -13.9650 21.0137 0.1378 0.0086 0.9904 0.7664 0.2171
19.8342 -19.6469 -28.9097 -0.1487 0.1509 -0.9773 0.3846 0.2669
20.8705 12.5445 -23.9853 -0.1205 -0.0788 -0.9896 0.2003 0.8833
14.2876 -23.7422 22.3047 -0.5589 0.8273 0.0571 0.5323 0.8095
-30.4392 -16.3496 -20.9929 -0.8538 -0.5206 0.0038 0.4690 0.5930
-30.4392 -16.3496 -20.9929 -0.8714 -0.4905 0.0034 0.2445 0.5919
-19.8929 -17.8568 21.2283 0.0155 0.0146 0.9998 0.8648 0.2361
29.7383 -8.1967 27.5501 0.1739 0.0562 -0.9832 0.6796 0.7493
9.5724 26.7670 21.3770 0.0569 0.1837 0.9813 0.7214 0.0190
-1.2434 29.0611 23.8021 -0.0451 -0.9988 0.0169 0.4858 0.7224
14.8517 27.4033 14.6047 0.5335 0.8458 -0.0050 0.9293 0.5198
-8.5697 17.1536 21.0411 -0.0992 0.0210 0.9948 0.8097 0.0657
6.4926 -21.6699 21.0940 0.0142 -0.0175 0.9997 0.7364 0.2546
-21.5738 -22.2925 28.2564 0.5453 0.6441 0.5364 0.5613 0.6351
29.1528 10.4625 27.3718 0.1140 0.2394 -0.9642 0.6767 0.6585
11.5120 25.9160 28.5773 -0.1551 -0.2883 0.9449 0.2871 0.1179
11.5120 25.9160 28.5773 -0.3929 -0.6992 0.5973 0.5091 0.6603
-6.5151 -19.2251 21.3572 -0.0042 0.0099 0.9999 0.7997 0.2427
-18.4662 -27.5613 28.7938 0.0308 0.0773 0.9965 0.0269 0.2638
15.6268 26.6566 -19.2731 0.5573 0.8303 -0.0008 0.7645 0.5236
-31.9673 13.4189 -2.4507 -0.8965 0.4431 0.0034 0.3893 0.5017
-27.8077 -20.2598 -14.6416 -0.7920 -0.6105 0.0006 0.4999 0.5802
-8.8767 31.5465 5.1715 -0.1930 0.9812 0.0019 0.8834 0.4044
-31.3650 -13.5947 28.7188 -0.0281 -0.0186 0.9994 0.0949 0.3265
-33.6390 8.6221 -16.3253 -0.9690 0.2471 -0.0021 0.3660 0.5692
11.3660 24.9342 -28.5691 -0.2062 -0.3401 -0.9175 0.6015 0.2257
1.9029 -27.2520 -26.8786 -0.1227 0.9894 -0.0772 0.5790 0.7404
-25.2446 17.2798 -28.1665 0.5614 -0.3983 -0.7254 0.5642 0.0475
-25.2446 17.2798 -28.1665 0.6072 -0.5719 -0.5516 0.6031 0.8316
14.7742 3.8910 20.7382 -0.0213 -0.0054 0.9998 0.6961 0.1303
-14.7156 -25.1283 -23.8625 0.0685 0.0915 -0.9934 0.0170 0.7102
-12.7082 9.0424 20.8419 -0.0132 -0.0083 0.9999 0.8298 0.1052
28.5137 -5.9910 -28.2974 0.7236 -0.1417 -0.6755 0.4510 0.3091
-28.0070 16.8815 -28.6838 -0.2124 0.1289 -0.9686 0.5623 0.0341
0.4665 -32.4144 5.5158 0.0807 -0.9967 0.0049 0.5980 0.4426
23.9895 2.8177 21.1203 -0.0486 -0.0048 0.9988 0.6513 0.1355
7.9363 -25.5265 -26.2233 -0.3921 0.9185 -0.0518 0.5822 0.7697
-14.5068 27.4335 21.0814 -0.2248 0.2081 0.9519 0.8268 0.7374
-14.5068 27.4335 21.0814 0.0890 -0.7243 -0.6837 0.9875 0.5817
-6.5633 28.8032 22.5343 0.1236 -0.9922 -0.0170 0.4797 0.7482
-5.1633 29.1573 21.3629 0.2356 -0.5457 0.8042 0.4740 0.7414
-5.1633 29.1573 21.3629 0.0647 -0.1055 0.9923 0.7931 0.0073
14.7655 -8.0211 20.8246 -0.0246 0.0212 0.9995 0.6962 0.1882
20.9372 17.0204 21.3505 -0.3936 -0.2631 0.8808 0.6662 0.0664
20.9372 17.0204 21.3505 -0.7639 -0.4588 0.4538 0.7950 0.7364
20.9372 17.0204 21.3505 -0.7836 -0.5681 0.2514 0.4739 0.6144
2.6428 23.7385 21.1027 0.0572 -0.0183 0.9982 0.7552 0.0337
-28.5070 13.8885 21.0075 -0.1113 0.0134 0.9937 0.9067 0.0816
21.5728 -13.6953 -27.1599 -0.8714 0.4856 -0.0691 0.7609 0.7242
9.9185 26.4914 21.5319 0.0953 0.2568 -0.9618 0.8838 0.6854
-11.1149 -31.2064 2.2586 -0.2907 -0.9568 0.0064 0.5822 0.4990
-22.6263 25.1612 13.9099 -0.6172 0.7868 -0.0007 0.9259 0.3375
27.2012 12.5914 -15.9449 0.9212 0.3890 0.0023 0.4364 0.6915
19.1056 24.0472 7.1280 0.6843 0.7292 -0.0024 0.8929 0.5405
19.0754 24.0869 10.0816 0.6837 0.7298 -0.0038 0.9073 0.5404
-1.6466 29.0744 22.2386 -0.0245 -0.9984 -0.0502 0.4782 0.7243
17.8853 25.6668 28.0890 0.5864 0.7539 -0.2964 0.9949 0.5346
29.4203 -8.8838 28.3285 -0.1223 -0.8819 0.4553 0.9588 0.6565
29.4203 -8.8838 28.3285 0.2229 -0.1877 0.9566 0.1178 0.0308
-8.4367 28.5504 25.1535 0.1959 -0.9801 0.0323 0.4924 0.7574
-34.3712 6.2289 14.7068 -0.9757 0.2190 -0.0058 0.3543 0.4183
-10.5451 28.5571 21.2777 -0.0631 0.0806 -0.9947 0.8938 0.5858
-34.4508 5.2593 28.7150 -0.0671 0.0164 0.9976 0.1866 0.3415
3.5488 32.3782 28.0948 0.1972 0.9596 -0.2008 0.9950 0.4648
21.1707 1.8059 -24.0405 -0.0050 0.0039 -1.0000 0.1481 0.8848
-2.4310 14.7034 21.0378 -0.0052 0.0066 1.0000 0.7798 0.0777
-27.6115 15.8505 28.3263 0.6127 -0.3195 0.7228 0.2381 0.3083
-7.0349 22.0043 21.1096 -0.0314 -0.0106 0.9995 0.8022 0.0421
1.7553 32.4576 28.6980 0.0570 0.3087 0.9495 0.3189 0.1654
12.5691 -5.0159 -23.9682 -0.0124 0.0093 -0.9999 0.1149 0.8429
-7.0175 -16.4518 -23.9106 -0.0062 0.0149 -0.9999 0.0593 0.7476
3.0295 27.2937 -27.7422 -0.1888 -0.7684 -0.6115 0.6052 0.6941
20.9538 -15.6913 -24.0656 -0.7143 0.4390 -0.5450 0.0630 0.8837
-22.1224 -20.8751 21.3311 0.0477 0.0173 0.9987 0.8756 0.2508
-35.4542 0.4241 28.4132 -0.5863 0.0154 0.8099 0.1631 0.3464
-35.4542 0.4241 28.4132 -0.9467 0.0048 -0.3222 0.3261 0.3516
-16.1331 -24.2436 -23.8811 0.0770 0.1363 -0.9877 0.0213 0.7033
26.1209 4.9003 21.5795 -0.9453 -0.1927 0.2634 0.8069 0.6319
-9.2768 31.5604 -12.0780 -0.2069 0.9784 0.0044 0.7995 0.4024
-35.2784 -2.5115 24.2745 -0.9965 -0.0757 0.0348 0.3118 0.3717
-13.5636 -30.4362 -1.1513 -0.3479 -0.9375 0.0086 0.5656 0.5109
19.1226 24.0442 13.1818 0.6817 0.7317 0.0008 0.9224 0.5406
-24.0176 20.2567 28.1132 0.5126 -0.4202 0.7488 0.2596 0.2908
29.2758 -5.9970 27.0763 0.4874 -0.0783 -0.8696 0.6773 0.7386
2.4093 -32.3228 28.5662 0.0713 -0.4675 0.8811 0.0038 0.1622
2.4093 -32.3228 28.5662 0.1073 -0.7168 0.6890 0.7102 0.4332
-30.0910 -9.5816 24.0850 0.9467 0.3221 0.0057 0.8419 0.7019
-6.4180 29.6158 21.1941 0.0228 0.1181 0.9927 0.7992 0.0051
16.2043 -21.9413 20.1374 -0.5941 0.7831 -0.1839 0.5218 0.8189
-6.7319 2.6347 -23.6710 -0.0113 0.0109 -0.9999 0.1521 0.7490
29.7660 -0.4258 9.2529 1.0000 0.0020 0.0023 0.3731 0.8141
-15.4933 24.9039 -23.9891 0.4402 -0.8855 0.1486 0.6235 0.7842
2.4532 -29.1370 28.3622 -0.0803 0.5508 0.8308 0.5618 0.7520
18.6527 -24.9623 26.3731 0.6807 -0.7279 0.0826 0.6995 0.3542
-16.7456 -24.3987 -24.3924 0.5583 0.8181 0.1375 0.5911 0.6496
-2.5847 0.9310 -23.7370 -0.0119 0.0098 -0.9999 0.1438 0.7692
-33.0304 -11.4159 6.9058 -0.9397 -0.3419 0.0069 0.2685 0.4562
28.3152 -9.8690 4.8266 0.9536 -0.3011 0.0010 0.3271 0.7926
-7.0597 19.2749 21.2244 -0.1490 0.0317 0.9883 0.8024 0.0554
26.9698 -13.4668 17.4901 0.9097 -0.4151 0.0127 0.3096 0.8542
-1.9210 32.2644 -3.9855 0.0350 0.9994 0.0010 0.8389 0.4382
2.4291 -28.1008 -28.4017 -0.1246 0.6667 -0.7349 0.5716 0.7429
26.0833 -2.6466 21.1611 -0.2972 0.0292 0.9544 0.6411 0.1621
-35.0870 -1.6373 6.6139 -0.9984 -0.0555 -0.0065 0.3160 0.4576
-22.4224 -0.3003 -23.5454 -0.0103 0.0138 -0.9999 0.1378 0.6727
33.8456 -1.3288 26.7993 0.2237 0.0638 -0.9726 0.6996 0.7159
35.1771 -2.5672 28.1575 0.9748 -0.1756 0.1380 0.9220 0.6290
35.1771 -2.5672 28.1575 0.6744 -0.0671 0.7354 0.1485 0.0028
-16.0778 -29.3451 17.9289 -0.4057 -0.9140 -0.0069 0.6584 0.5231
-16.5909 -1.0203 20.8578 0.0082 0.0138 0.9999 0.8487 0.1542
-22.3305 -25.7207 -12.5193 -0.5978 -0.8016 0.0038 0.5103 0.5535
-33.8188 5.3765 -28.1249 -0.8686 0.1829 -0.4605 0.3502 0.6266
-33.8188 5.3765 -28.1249 -0.5112 0.0853 -0.8552 0.5063 0.0058
-34.7333 1.8507 -22.9321 -0.9981 0.0600 -0.0104 0.3330 0.6014
-14.1348 -5.3711 -23.7003 -0.0084 0.0133 -0.9999 0.1132 0.7130
-21.0700 -22.7180 21.7353 0.6659 0.7311 0.1487 0.5296 0.6375
11.0435 29.2586 -16.3900 0.4229 0.9061 -0.0054 0.7785 0.5013
-14.6458 29.9209 -2.3432 -0.3708 0.9287 0.0084 0.8469 0.3763
26.8892 13.1241 22.3782 0.9038 0.4280 0.0037 0.4390 0.8780
7.8194 27.0769 21.9632 -0.2532 -0.9662 0.0484 0.4769 0.6783
7.8194 27.0769 21.9632 -0.3813 -0.9242 -0.0193 0.7645 0.7453
-27.0586 16.0474 27.5911 0.8268 -0.5570 0.0782 0.5043 0.8480
-6.6654 -17.8018 21.3060 0.1028 0.0570 0.9931 0.8004 0.2358
-28.5909 18.9317 20.5648 -0.8051 0.5931 -0.0050 0.9583 0.3085
-29.0873 -18.3648 25.7355 -0.8333 -0.5512 0.0416 0.6964 0.5864
-1.3797 22.0055 21.1040 -0.0427 -0.0555 0.9975 0.7747 0.0421
21.9234 -10.3883 -23.9770 0.0442 -0.0181 -0.9989 0.0888 0.8885
5.1304 -28.1877 23.6208 -0.2574 0.9662 0.0175 0.5387 0.7650
-16.8518 24.7590 -28.1836 0.2411 -0.4296 -0.8702 0.6006 0.0884
-16.8518 24.7590 -28.1836 0.3279 -0.5869 -0.7403 0.6030 0.7908
32.8233 -6.6261 27.4210 0.2740 -0.5642 -0.7788 0.9544 0.6399
8.8019 -30.6385 7.3603 0.3349 -0.9423 -0.0043 0.6070 0.4021
-28.8702 13.3886 21.5947 0.8159 -0.4620 -0.3477 0.8298 0.5901
-0.6362 7.3797 20.8897 0.0248 -0.0021 0.9997 0.7711 0.1133
3.8386 -22.1376 -24.0477 -0.0068 0.0097 -0.9999 0.0316 0.8005
20.5239 -23.0812 -25.8874 0.7076 -0.7047 -0.0529 0.4452 0.3451
8.4312 -13.1524 -23.9939 -0.0091 0.0098 -0.9999 0.0753 0.8228
-23.4936 24.5570 -3.4532 -0.6437 0.7652 0.0013 0.8415 0.3333
-18.6943 -24.3325 23.8345 0.5528 0.8329 -0.0248 0.5398 0.6491
-0.9080 -31.2917 28.7149 -0.0035 0.0567 0.9984 0.0088 0.1783
26.0311 -15.4577 9.0488 0.8879 -0.4601 0.0028 0.2999 0.8131
-27.5523 13.1292 -27.9087 0.6862 -0.3394 -0.6434 0.5440 0.0363
-23.8185 24.1852 20.5668 -0.6543 0.7562 -0.0035 0.9583 0.3317
-25.7398 8.0241 21.0877 0.0452 -0.0135 0.9989 0.8932 0.1102
29.4500 -5.9409 -21.7619 0.9832 -0.1824 0.0045 0.3462 0.6632
18.3762 25.0185 27.6271 0.5909 0.7091 -0.3846 0.9927 0.5370
-34.7233 -5.0101 6.6386 -0.9881 -0.1531 -0.0164 0.2996 0.4575
20.4776 -16.4527 -24.0546 -0.8130 0.5812 -0.0338 0.5927 0.8307
20.4776 -16.4527 -24.0546 -0.6468 0.3911 -0.6548 0.0592 0.8814
-28.8841 -16.8194 -28.6861 -0.3736 -0.2211 -0.9009 0.3983 0.0298
29.0026 -7.6439 -6.5634 0.9755 -0.2200 0.0046 0.3379 0.7372
16.6633 -26.4917 10.1629 0.5994 -0.8004 -0.0037 0.6206 0.3638
-21.5660 20.2228 -27.2710 0.6825 -0.6950 -0.2263 0.6075 0.8138
-34.5633 5.1823 12.9807 -0.9836 0.1799 -0.0100 0.3492 0.4267
-33.7557 8.6296 13.0326 -0.9596 0.2814 -0.0025 0.3660 0.4264
-23.1619 -20.8943 28.4224 0.3732 0.3881 0.8427 0.0594 0.2866
-23.1619 -20.8943 28.4224 0.6951 0.6144 0.3733 0.5621 0.6273
5.4392 31.3581 26.3801 0.2413 0.9704 -0.0131 0.9866 0.4740
23.2079 -13.5206 -28.7122 -0.3906 0.1824 -0.9023 0.4144 0.2833
22.3988 20.5386 28.6754 0.1211 0.0776 0.9896 0.2609 0.0649
13.3706 28.3900 26.1260 0.5262 0.8456 0.0893 0.9854 0.5126
-30.0594 -9.6862 23.0316 0.9453 0.3250 -0.0278 0.8368 0.7024
27.2410 -13.1136 27.2056 0.5521 -0.2476 -0.7962 0.6674 0.7732
-20.7639 26.5161 25.4255 -0.5636 0.8246 -0.0479 0.9820 0.3466
13.0185 24.6355 21.5166 -0.0755 -0.0300 -0.9967 0.8748 0.7004
-34.4694 -6.1794 5.6941 -0.9797 -0.1957 -0.0433 0.2939 0.4621
11.4050 23.7575 -27.5198 -0.4771 -0.7728 -0.4184 0.6063 0.6533
-21.0044 23.3643 28.2670 0.2644 -0.3207 0.9095 0.2747 0.2761
23.0290 13.8750 21.7591 -0.8851 -0.4609 0.0648 0.8060 0.5883
23.0290 13.8750 21.7591 -0.8592 -0.5074 0.0653 0.4759 0.6043
23.0290 13.8750 21.7591 -0.7303 -0.3874 0.5626 0.6560 0.0817
-17.9719 23.5744 -23.6213 0.4510 -0.8141 -0.3658 0.6252 0.7963
-17.9719 23.5744 -23.6213 0.2746 -0.4363 -0.8569 0.2540 0.6944
-13.5637 -25.7282 -27.7403 0.2860 0.7213 -0.6308 0.5748 0.6651
23.0932 19.4261 26.1697 0.8032 0.5948 0.0324 0.9856 0.5599
-22.1133 -25.8854 14.7361 -0.5537 -0.8327 -0.0067 0.6429 0.5525
-27.3724 15.3176 24.4696 0.8382 -0.5452 0.0132 0.4891 0.8495
-27.3724 15.3176 24.4696 0.8735 -0.4851 -0.0406 0.8438 0.5807
-16.7649 27.2781 -28.6049 -0.1847 0.3562 -0.9160 0.6129 0.0888
11.7415 -24.5084 -23.9315 -0.4765 0.8584 -0.1900 0.5933 0.7882
11.7415 -24.5084 -23.9315 -0.0003 -0.0098 -1.0000 0.0201 0.8389
26.6646 -13.7205 26.8958 0.8980 -0.4391 0.0278 0.3084 0.9000
26.6646 -13.7205 26.8958 0.6736 -0.3067 -0.6724 0.6646 0.7762
-1.0562 32.2142 2.1671 0.0339 0.9994 0.0035 0.8688 0.4424
-6.4380 21.9843 21.1392 -0.1989 0.0610 0.9781 0.7993 0.0422
-3.9083 32.2407 -3.3859 -0.0456 0.9989 0.0073 0.8418 0.4286
21.5812 -21.2102 -27.8727 0.6732 -0.5957 -0.4381 0.4356 0.3399
21.5812 -21.2102 -27.8727 0.5264 -0.4660 -0.7112 0.3770 0.2754
5.6811 29.4688 -28.6159 0.0788 0.2656 -0.9609 0.6235 0.1980
17.7250 -20.0763 19.2721 0.1426 -0.2959 0.9445 0.6818 0.2469
23.1104 11.3286 21.1415 -0.0348 -0.0013 0.9994 0.6556 0.0941
-31.0944 -5.9663 24.5808 0.9747 0.2234 -0.0113 0.8443 0.6843
-5.6770 22.4045 21.3611 -0.2289 0.0460 0.9724 0.7956 0.0402
-30.2262 10.6409 21.3750 0.9218 -0.2234 -0.3168 0.8287 0.6035
-5.9029 27.5558 -23.6312 0.0231 -0.9012 -0.4328 0.6252 0.7375
-15.5166 26.2125 21.3167 0.3548 -0.9286 -0.1085 0.4737 0.7918
-15.5166 26.2125 21.3167 0.0884 -0.2470 0.9650 0.8435 0.0217
22.8408 -12.7748 -28.2759 -0.5901 0.2542 -0.7662 0.4180 0.2815
17.9290 22.4574 28.7176 -0.0567 -0.0654 0.9962 0.2703 0.0867
32.2971 -7.5253 27.9390 0.5182 -0.8526 -0.0678 0.9569 0.6425
28.2704 -10.5005 -19.7523 0.9485 -0.3167 0.0055 0.3240 0.6730
29.2611 9.5209 27.2773 0.0819 0.0836 -0.9931 0.6773 0.6631
-30.3153 2.7708 -24.7012 0.9588 -0.0384 0.2815 0.7304 0.6742
21.2642 -16.7195 21.8834 -0.7948 0.5771 0.1876 0.5303 0.8435
15.3465 27.2420 27.6539 0.5191 0.7862 -0.3353 0.9928 0.5222
-1.6669 15.6290 21.0156 0.0523 -0.0193 0.9984 0.7761 0.0732
11.4318 -28.8829 28.7727 0.0879 -0.1838 0.9790 0.0205 0.1183
-23.8267 20.8790 20.9371 0.8969 -0.4093 0.1672 0.5931 0.8459
-23.8267 20.8790 20.9371 0.6580 -0.6077 -0.4447 0.4719 0.8322
-23.8267 20.8790 20.9371 -0.2709 0.0793 0.9593 0.8839 0.0476
23.7050 -11.5153 20.7070 -0.9230 0.3837 0.0311 0.8111 0.7118
11.7545 -28.0762 28.7971 0.0073 -0.0093 0.9999 0.0244 0.1167
16.0551 4.6921 -23.9483 -0.0160 0.0034 -0.9999 0.1621 0.8599
-13.0603 -29.1703 -28.7636 -0.1045 -0.3090 -0.9453 0.3383 0.1068
21.7324 21.6858 27.4461 0.5207 0.4494 -0.7259 0.6406 0.6039
21.7324 21.6858 27.4461 0.5902 0.5704 -0.5713 0.9918 0.5533
-27.6891 -14.8832 26.3165 0.8700 0.4930 0.0093 0.8528 0.7277
-27.6891 -14.8832 26.3165 0.8541 0.5199 0.0125 0.5519 0.6053
-31.5900 -3.0014 28.2098 0.9686 0.0593 0.2413 0.8620 0.6699
-34.4858 -6.3371 6.6702 -0.9788 -0.2049 -0.0078 0.2932 0.4574
28.6423 -8.8926 0.3327 0.9629 -0.2694 0.0131 0.3319 0.7707
26.4372 7.5177 -28.8150 -0.0422 0.0103 -0.9991 0.5167 0.2990
12.5360 -22.5764 -23.9735 0.0281 -0.0415 -0.9987 0.0295 0.8428
23.9278 -18.9323 3.6092 0.8176 -0.5758 -0.0049 0.5887 0.3285
16.5872 -9.8159 -24.0439 -0.0077 0.0047 -1.0000 0.0915 0.8625
16.4488 26.2882 14.7660 0.6025 0.7981 -0.0039 0.9301 0.5276
-34.4420 -6.9973 19.8072 -0.9683 -0.2495 -0.0097 0.2900 0.3934
-9.3654 8.2268 21.0774 -0.1357 0.0018 0.9907 0.8136 0.1092
-24.3760 -18.0004 -23.9381 0.2213 0.2359 -0.9462 0.0517 0.6632
-24.3760 -18.0004 -23.9381 0.7347 0.6625 0.1460 0.5933 0.6125
10.0520 -30.2095 13.2159 0.3638 -0.9315 -0.0027 0.6355 0.3960
-12.9296 27.1149 21.3220 0.1079 -0.2799 0.9539 0.8309 0.0173
-12.9296 27.1149 21.3220 0.3537 -0.8983 0.2608 0.4738 0.7792
-18.8269 24.7561 -28.6678 0.1225 -0.1662 -0.9785 0.6006 0.0788
-18.9700 19.4085 -23.3548 -0.0218 0.0232 -0.9995 0.2337 0.6895
-0.6621 -32.5352 -4.7250 0.0572 -0.9984 0.0010 0.5482 0.4481
25.0632 4.0994 -24.3177 -0.9717 -0.2341 -0.0311 0.7471 0.6376
-31.0531 -6.2551 27.8143 0.9674 0.2219 0.1217 0.8601 0.6857
-2.4373 5.7643 20.9433 0.0035 0.0413 0.9991 0.7799 0.1212
30.7607 -3.1812 28.6871 -0.0352 0.0090 0.9993 0.1455 0.0243
4.2542 2.9007 -23.8057 -0.0114 0.0077 -0.9999 0.1534 0.8025
-1.3820 19.3637 21.0711 -0.0114 0.1030 0.9946 0.7747 0.0550
-35.1088 -2.5380 28.6486 -0.4680 -0.0272 0.8833 0.1487 0.3447
-7.5234 -32.2192 28.9044 0.0599 0.1193 0.9911 0.0043 0.2105
-7.5234 -32.2192 28.9044 -0.0375 -0.6426 0.7653 0.7118 0.4815
26.2614 -2.4657 -28.6353 -0.4561 0.0181 -0.8898 0.4682 0.2981
-1.3998 32.1111 -27.2656 0.0410 0.9382 -0.3437 0.7256 0.4408
-23.3666 -9.4647 21.1621 0.0239 0.0171 0.9996 0.8817 0.1952
18.7443 19.8170 21.5297 -0.7069 -0.6742 0.2138 0.4748 0.6251
13.0374 27.2619 28.7996 0.0031 0.0045 1.0000 0.2937 0.1105
-34.9402 -1.9537 4.5133 -0.9975 -0.0591 -0.0395 0.3145 0.4678
15.5585 13.9388 -23.9022 -0.0151 0.0094 -0.9998 0.2071 0.8575
11.7130 25.2176 21.5207 -0.3903 -0.9134 -0.1159 0.4747 0.6593
29.6809 1.8671 3.0568 0.9982 0.0603 -0.0022 0.3842 0.7840
-6.9717 31.8893 26.8412 -0.0970 0.8406 -0.5329 0.9889 0.4137
7.5788 30.7428 27.1883 0.2914 0.8925 -0.3443 0.9905 0.4844
29.8774 -2.1758 -21.8768 0.9987 -0.0507 0.0012 0.3645 0.6627
-7.1248 -32.0732 -27.5343 -0.1435 -0.9179 -0.3699 0.4372 0.4796
9.0225 30.3043 17.3121 0.3290 0.9443 -0.0053 0.9425 0.4915
29.6199 0.2101 26.6676 0.9971 0.0102 0.0751 0.3762 0.8988
1.7918 32.0017 8.3925 0.1122 0.9937 -0.0041 0.8991 0.4563
-8.0676 13.5206 21.1497 0.0710 -0.0251 0.9972 0.8073 0.0834
21.7292 -14.2468 -25.0616 -0.8139 0.4929 0.3075 0.7507 0.7268
21.7292 -14.2468 -25.0616 -0.7965 0.5344 0.2828 0.5878 0.8368
-13.2383 -31.0437 28.9207 -0.1718 -0.4815 0.8594 0.0100 0.2383
-13.2383 -31.0437 28.9207 -0.3264 -0.8956 0.3024 0.7119 0.5093
-24.3174 -19.6011 21.7880 0.7339 0.6756 -0.0706 0.5298 0.6217
-21.4387 -1.4276 -23.5711 -0.0102 0.0141 -0.9998 0.1323 0.6775
-15.9655 28.8963 -27.7701 -0.3335 0.7280 -0.5990 0.7232 0.3699
-11.7576 1.2796 -23.6360 -0.0086 0.0121 -0.9999 0.1455 0.7246
30.9190 -7.3579 28.4985 0.1237 -0.3110 0.9423 0.1252 0.0235
-22.0348 22.2846 21.5289 0.4260 -0.4556 -0.7817 0.8780 0.7163
-22.0348 22.2846 21.5289 0.4458 -0.5681 -0.6918 0.4748 0.8235
-8.4555 -2.4094 21.0279 0.1275 0.0176 0.9917 0.8092 0.1609
-12.4665 29.0087 28.5024 0.0394 -0.1276 0.9910 0.3022 0.2346
-34.2249 -7.8091 21.9091 -0.9607 -0.2775 0.0025 0.2860 0.3832
-27.0514 -15.9290 26.3761 0.8417 0.5397 0.0126 0.5521 0.6084
1.7066 19.9258 21.1085 0.0252 -0.0291 0.9993 0.7597 0.0523
-8.9412 29.2717 21.1748 0.3551 -0.9315 -0.0786 0.9000 0.7180
-8.9412 29.2717 21.1748 0.1530 -0.2462 0.9571 0.8115 0.0068
-17.9134 28.3347 0.8027 -0.4643 0.8857 0.0044 0.8622 0.3604
22.5471 13.1238 20.6893 0.1421 -0.4299 0.8916 0.5644 0.8588
22.5471 13.1238 20.6893 -0.7495 -0.6304 0.2022 0.4982 0.8650
22.5471 13.1238 20.6893 0.9440 -0.1632 0.2867 0.6641 0.8286
-26.2212 -14.8928 -25.0447 0.8444 0.4622 0.2710 0.7287 0.7601
-15.2295 29.7310 -16.8297 -0.4140 0.9103 0.0030 0.7764 0.3735
-24.6950 0.3516 -23.5122 -0.0128 0.0129 -0.9998 0.1410 0.6616
-24.8088 -16.4977 -26.6479 0.7963 0.5938 0.1158 0.5801 0.6104
9.1707 27.4639 21.5821 -0.0930 -0.2091 -0.9735 0.8885 0.6817
-15.9671 -26.0200 28.2354 0.2524 0.4352 0.8642 0.0344 0.2516
-15.9671 -26.0200 28.2354 0.4702 0.8737 0.1247 0.5612 0.6623
-7.8525 31.9082 -19.5547 -0.1560 0.9877 0.0089 0.7631 0.4094
25.0860 -11.4765 28.4807 -0.4627 0.1861 0.8668 0.1052 0.0519
0.6937 27.5896 -27.5717 -0.1100 -0.8031 -0.5857 0.6060 0.7055
-2.7665 6.7625 20.9190 -0.0014 -0.0029 1.0000 0.7815 0.1163
22.5855 -20.7430 -7.8970 0.7741 -0.6330 -0.0005 0.5328 0.3350
5.8136 -27.9844 25.6340 -0.3022 0.9532 -0.0002 0.5485 0.7683
-7.3436 28.6588 21.2855 0.0036 -0.0510 0.9987 0.8037 0.0098
-29.9456 11.5409 21.3392 0.8727 -0.3325 -0.3576 0.8286 0.5991
-9.9755 31.6738 27.1496 -0.1581 0.6552 -0.7387 0.9904 0.3990
-9.2991 -31.6601 6.8628 -0.2244 -0.9745 0.0034 0.6046 0.4901
-29.9048 10.2571 25.6393 0.9364 -0.3508 0.0120 0.8495 0.6054
-6.2376 -28.9662 23.2426 0.1212 0.9921 0.0324 0.5369 0.7097
11.3419 25.7767 21.4114 0.0925 0.1324 0.9869 0.7128 0.0238
-14.6729 -26.5734 25.1144 0.4194 0.9078 -0.0031 0.5460 0.6686
-28.1667 13.4566 -28.4258 0.2982 -0.1486 -0.9429 0.5456 0.0333
-3.3677 23.9689 21.1700 0.1906 -0.2749 0.9424 0.7844 0.0326
34.8619 -3.7790 28.0470 0.9332 -0.2764 0.2295 0.9214 0.6349
9.3799 -30.4388 -17.3118 0.3664 -0.9304 0.0005 0.4870 0.3993
9.9460 -26.2575 26.0847 -0.4484 0.8938 -0.0114 0.5507 0.7884
-11.5480 -20.7394 21.1765 0.0064 0.0115 0.9999 0.8242 0.2501
21.3807 -22.4171 27.4632 0.6191 -0.6228 -0.4784 0.7048 0.3409
21.3807 -22.4171 27.4632 0.4680 -0.4506 -0.7602 0.6389 0.8185
2.0543 -31.7558 28.7207 0.0044 -0.0317 0.9995 0.0065 0.1639
-33.7544 10.3578 28.5884 -0.5152 0.1894 0.8359 0.2114 0.3381
17.4829 -19.1462 19.8996 0.1734 -0.7497 0.6386 0.9236 0.6631
17.4829 -19.1462 19.8996 0.3145 -0.4621 0.8292 0.6830 0.2423
17.4829 -19.1462 19.8996 0.3089 -0.4935 0.8131 0.7146 0.7772
16.8182 22.9937 -28.7487 0.1327 0.1642 -0.9775 0.5920 0.2522
29.5032 -5.0161 -5.7393 0.9896 -0.1434 0.0045 0.3507 0.7412
6.1074 4.5327 20.7775 0.0484 -0.0007 0.9988 0.7383 0.1271
23.1854 -19.9906 -11.9558 0.7896 -0.6136 -0.0006 0.5130 0.3321
21.8443 21.1661 14.9076 0.7638 0.6454 0.0083 0.9308 0.5539
30.1957 -8.3511 27.5412 0.2723 -0.7115 -0.6478 0.9550 0.6527
-9.6643 28.7490 21.2828 -0.0865 0.9893 0.1174 0.9364 0.6498
-9.6643 28.7490 21.2828 0.1853 -0.0939 -0.9782 0.8948 0.5901
-24.9551 -18.7840 23.0520 0.7669 0.6414 -0.0213 0.5360 0.6186
27.3009 10.5766 28.6734 0.0054 0.0203 0.9998 0.2125 0.0411
4.0742 -11.6727 20.9016 0.1187 -0.0179 0.9928 0.7482 0.2060
-4.0401 -8.6187 21.0398 -0.0348 0.0419 0.9985 0.7877 0.1911
-3.1958 29.4840 28.2187 -0.0172 -0.4798 0.8772 0.9165 0.6996
-3.1958 29.4840 28.2187 0.0119 -0.6791 0.7340 0.5073 0.7319
-8.5317 18.4809 21.0336 -0.0513 -0.0018 0.9987 0.8095 0.0593
-25.3326 18.9269 20.9814 0.6429 -0.5540 0.5289 0.4721 0.8396
-25.3326 18.9269 20.9814 -0.2068 0.2341 0.9500 0.8913 0.0571
24.4092 12.2161 28.4002 -0.7163 -0.3466 0.6056 0.2205 0.0552
-14.2515 -30.5984 28.9676 -0.0157 0.0195 0.9997 0.0122 0.2433
-14.2515 -30.5984 28.9676 -0.3238 -0.8109 0.4875 0.7121 0.5142
18.7865 -10.5638 -24.0589 0.0044 -0.0023 -1.0000 0.0879 0.8732
-6.7491 21.2674 21.1309 -0.1777 0.0614 0.9822 0.8009 0.0457
29.3098 -8.5907 27.5980 0.2510 -0.6138 -0.7485 0.9553 0.6570
29.3098 -8.5907 27.5980 0.7554 -0.2763 -0.5941 0.6775 0.7512
-22.0219 21.6804 -28.6115 0.2574 -0.2853 -0.9232 0.5857 0.0632
-20.8095 -20.5903 -26.5403 0.6573 0.7514 0.0580 0.5806 0.6299
24.7297 8.5536 21.1631 -0.1140 -0.0362 0.9928 0.6477 0.1076
-32.3328 12.4536 -12.5047 -0.9210 0.3896 0.0012 0.3846 0.5506
5.8701 -31.5471 10.8502 0.2369 -0.9715 0.0065 0.6240 0.4163
32.2284 -7.3709 28.2414 0.3878 -0.7454 0.5421 0.9584 0.6428
32.2284 -7.3709 28.2414 0.1885 -0.4374 0.8793 0.1252 0.0171
-3.2568 -9.1533 21.0995 -0.0309 0.0585 0.9978 0.7839 0.1937
13.9428 -28.4467 21.1913 0.4780 -0.8781 -0.0193 0.6743 0.3771
-7.1594 -27.2275 -26.5602 0.2269 0.9616 -0.1541 0.5805 0.6963
-24.0262 -24.4028 4.3196 -0.6501 -0.7599 -0.0059 0.5922 0.5618
-29.3227 17.7570 28.6221 -0.0101 0.0207 0.9997 0.2474 0.3166
-6.8964 -32.5156 28.6862 -0.0519 -0.7679 0.6385 0.7107 0.4785
-2.6866 -14.6505 21.2159 0.0253 0.0342 0.9991 0.7811 0.2205
-27.5294 21.7877 28.0287 -0.7583 0.6310 -0.1635 0.9946 0.3136
20.0225 23.7477 28.6830 0.2065 0.1922 0.9594 0.2766 0.0765
-28.6596 10.5553 -23.6952 0.8926 -0.4082 0.1913 0.7353 0.6363
7.8197 -23.0579 -24.0590 0.0087 -0.0173 -0.9998 0.0271 0.8198
17.1946 20.9169 21.2183 -0.2275 -0.2310 0.9460 0.6844 0.0474
-10.0161 6.0602 -23.5977 -0.0110 0.0109 -0.9999 0.1688 0.7331
-21.9457 25.6817 12.6376 -0.6026 0.7981 -0.0015 0.9198 0.3408
32.3366 8.5638 27.3909 0.1343 0.1214 -0.9835 0.6922 0.6678
22.6133 -20.5668 24.4919 0.7967 -0.6037 0.0299 0.6903 0.3349
-7.2578 -17.3423 21.3341 -0.0044 0.0122 0.9999 0.8033 0.2336
6.7561 -22.0542 -24.0660 -0.0024 -0.0002 -1.0000 0.0320 0.8147
26.0808 -15.5066 -16.6188 0.8830 -0.4692 0.0098 0.2997 0.6882
-25.2811 24.1364 28.2511 -0.6369 0.6540 0.4082 0.9957 0.3246
-3.1862 -29.3867 28.0845 0.0178 0.9797 0.1999 0.5605 0.7245
16.5669 26.2667 20.8879 0.6210 0.7838 -0.0083 0.9599 0.5282
22.3668 -20.9453 19.5209 0.7662 -0.6426 -0.0037 0.6662 0.3361
-8.5055 31.6215 9.8243 -0.1849 0.9828 -0.0012 0.9061 0.4062
11.8195 -24.0965 -25.1560 -0.4572 0.8145 0.3571 0.5874 0.7886
-34.4673 -6.5982 16.4018 -0.9762 -0.2151 -0.0271 0.2919 0.4100
6.4950 24.4141 -23.6490 -0.0198 -0.0141 -0.9997 0.2581 0.8134
-31.2948 -6.6368 28.5174 0.3930 0.0742 0.9166 0.1287 0.3262
-32.9284 11.0778 14.3823 -0.9274 0.3741 -0.0006 0.3779 0.4198
-5.5330 -30.3404 -28.9585 -0.0179 -0.1349 -0.9907 0.3326 0.1434
-33.3650 -7.6715 28.7785 0.0037 -0.0062 1.0000 0.1237 0.3362
27.7195 -12.0623 -22.9607 0.9294 -0.3690 0.0026 0.3164 0.6574
22.0514 13.4837 21.1222 0.0058 -0.0127 0.9999 0.6607 0.0836
-28.8010 18.6483 21.0915 -0.8144 0.5803 -0.0051 0.9609 0.3074
29.5572 3.4374 15.2031 0.9932 0.1165 0.0019 0.3919 0.8431
4.5974 -20.6462 -24.0379 -0.0089 0.0111 -0.9999 0.0388 0.8042
9.4275 -27.5077 28.6777 -0.1305 0.2826 0.9503 0.0272 0.1280
34.0423 6.7087 28.6152 0.4105 0.1839 0.8931 0.1937 0.0083
13.7696 24.8166 21.4657 -0.3896 -0.2844 -0.8760 0.8756 0.7041
13.7696 24.8166 21.4657 -0.1929 -0.1479 0.9700 0.7010 0.0285
-8.2093 -11.3003 21.2765 0.0945 0.0086 0.9955 0.8080 0.2042
25.4666 15.9366 12.8981 0.8770 0.4805 0.0044 0.4527 0.8318
25.4666 15.9366 12.8981 0.8626 0.5059 0.0063 0.9210 0.5715
23.5449 -2.6349 21.1027 -0.0394 0.0061 0.9992 0.6535 0.1620
-22.2900 -25.7557 6.5472 -0.5784 -0.8158 -0.0016 0.6030 0.5534
15.5458 22.7803 21.3978 -0.2321 -0.2519 0.9395 0.6924 0.0384
15.5458 22.7803 21.3978 -0.5935 -0.7993 -0.0942 0.4741 0.6407
21.4934 21.4893 20.5720 0.7574 0.6528 0.0090 0.9584 0.5521
28.1868 3.0413 28.6165 -0.0736 -0.0091 0.9972 0.1758 0.0368
-28.4014 -13.1198 21.4865 0.7652 0.4075 0.4985 0.8293 0.7191
-28.4014 -13.1198 21.4865 0.4398 0.2778 0.8540 0.9062 0.2130
13.2649 28.2272 28.7191 0.2132 0.3725 0.9032 0.2984 0.1094
19.0798 -22.6746 -28.6312 0.3413 -0.3419 -0.8756 0.3699 0.2632
-25.9414 18.1875 28.3264 0.4510 -0.3326 0.8282 0.2495 0.3001
-8.7916 31.1505 28.6396 0.0133 -0.0766 0.9970 0.3126 0.2167
26.9502 -12.3063 -27.8195 0.7561 -0.2927 -0.5854 0.4203 0.3015
2.1881 -32.0719 26.8982 0.0716 -0.9353 -0.3465 0.7020 0.4343
-30.1081 -3.9962 -27.7166 0.9588 0.1381 -0.2483 0.7157 0.7071
-30.1081 -3.9962 -27.7166 0.7769 0.1296 -0.6161 0.4607 0.0239
6.2747 28.4902 21.5795 -0.2561 -0.8310 -0.4938 0.9105 0.6157
6.2747 28.4902 21.5795 0.0633 0.1414 -0.9879 0.8935 0.6676
-35.1405 1.5027 18.3628 -0.9966 0.0772 -0.0299 0.3313 0.4005
-28.0300 -11.8272 -23.9823 0.9268 0.3438 0.1511 0.7339 0.7452
25.9504 15.2393 -4.2581 0.8837 0.4680 -0.0002 0.4493 0.7484
25.2361 14.8791 28.6938 0.0364 0.0059 0.9993 0.2334 0.0511
-1.9995 -32.6869 28.6558 0.0161 -0.1283 0.9916 0.0020 0.1836
-1.9995 -32.6869 28.6558 -0.0059 -0.7382 0.6746 0.7106 0.4546
-29.1979 -1.5245 21.2392 0.0164 -0.0022 0.9999 0.9101 0.1566
23.7899 11.2813 21.1831 -0.3306 -0.1403 0.9333 0.6523 0.0943
28.2553 -11.6685 27.3564 0.8988 -0.3052 -0.3147 0.9747 0.5937
28.2553 -11.6685 27.3564 0.4939 -0.1810 -0.8505 0.6724 0.7662
-25.1379 23.0331 26.5636 -0.6715 0.7205 -0.1731 0.9875 0.3253
-26.3767 -1.0707 21.1195 0.0396 0.0102 0.9992 0.8963 0.1544
-3.1954 -17.8413 21.2250 0.0198 -0.0586 0.9981 0.7836 0.2360
23.9146 -15.1804 28.6774 -0.1707 0.1069 0.9795 0.0872 0.0576
21.4077 -18.8371 -28.9123 0.1268 -0.0958 -0.9873 0.3885 0.2745
-30.4851 -8.3514 24.0561 0.9516 0.3072 0.0080 0.8418 0.6959
-13.6267 -30.3973 26.2829 -0.3527 -0.9357 -0.0117 0.6991 0.5112
-29.0751 12.2865 26.1846 0.9043 -0.4259 0.0303 0.8521 0.5955
29.0737 6.6835 -3.7733 0.9752 0.2213 0.0045 0.4076 0.7507
20.8685 -15.8477 20.7236 0.8534 -0.5009 0.1440 0.9383 0.6373
-7.1560 31.8037 21.6112 -0.1336 0.9910 0.0128 0.9634 0.4128
4.9392 -3.7952 20.8771 0.1551 0.0016 0.9879 0.7440 0.1677
-11.5556 20.5581 21.0809 0.0048 -0.0288 0.9996 0.8242 0.0492
29.4796 4.5018 -4.3632 0.9902 0.1397 0.0069 0.3970 0.7479
-34.9941 1.8214 12.5592 -0.9982 0.0575 -0.0163 0.3329 0.4287
19.7201 17.9434 21.2043 -0.0601 -0.0525 0.9968 0.6721 0.0619
-12.7049 30.5662 3.2191 -0.3089 0.9511 0.0084 0.8739 0.3858
25.7541 15.5853 -23.4386 0.8595 0.5108 -0.0207 0.7442 0.5729
25.7541 15.5853 -23.4386 0.8861 0.4631 -0.0180 0.4510 0.6551
29.3227 -6.4540 -18.7469 0.9819 -0.1893 0.0079 0.3437 0.6779
-3.5941 29.1714 21.3355 -0.2197 -0.9701 0.1033 0.4738 0.7338
-3.5941 29.1714 21.3355 -0.0108 -0.1674 0.9858 0.7855 0.0073
25.3476 16.0446 18.1751 0.8733 0.4871 0.0066 0.4532 0.8575
23.8579 19.0986 27.4629 0.5893 0.4366 -0.6797 0.6510 0.6165
3.2605 -32.1242 -10.9914 0.1715 -0.9852 0.0038 0.5177 0.4290
24.7811 17.0543 16.9124 0.8460 0.5331 0.0108 0.9406 0.5681
24.7811 17.0543 16.9124 0.8673 0.4976 0.0088 0.4581 0.8514
26.3687 -4.5005 27.1351 -0.9845 0.1413 0.1035 0.7799 0.6777
23.1150 -16.3945 28.6816 -0.1512 0.1147 0.9818 0.0813 0.0615
-22.6296 -13.1110 -23.7329 -0.0096 0.0149 -0.9998 0.0755 0.6717
23.8688 7.8086 21.1296 -0.0301 -0.0098 0.9995 0.6519 0.1112
19.6449 -16.4790 -23.9163 0.0288 -0.0310 -0.9991 0.0591 0.8774
-32.6551 -7.0614 -28.6432 -0.3478 -0.0780 -0.9343 0.4458 0.0115
-9.5232 -26.9581 -27.3964 0.1969 0.8459 -0.4957 0.5765 0.6848
-16.2800 29.1281 26.4371 -0.4291 0.8767 -0.2174 0.9869 0.3684
17.9724 -3.5808 20.8489 -0.0408 0.0113 0.9991 0.6806 0.1666
22.3974 -6.7328 21.1065 -0.0418 0.0169 0.9990 0.6590 0.1820
23.2805 -20.3642 27.4546 0.4199 -0.3550 -0.8353 0.6482 0.8085
23.2805 -20.3642 27.4546 0.7370 -0.5941 -0.3222 0.7048 0.3316
19.5275 -24.1715 21.5214 0.7098 -0.7044 -0.0026 0.6759 0.3499
-22.3593 21.7103 21.1512 -0.3224 0.3227 0.8899 0.8768 0.0436
28.1888 9.7239 5.6112 0.9576 0.2882 0.0048 0.4224 0.7964
2.5429 32.0587 28.7371 0.0140 0.0616 0.9980 0.3170 0.1615
-31.5282 -10.8214 -28.6822 -0.3706 -0.1227 -0.9207 0.4275 0.0170
-22.7676 19.5285 -24.4264 0.7259 -0.6423 0.2459 0.6213 0.8196
-0.5953 -32.2579 25.4113 0.0464 -0.9988 0.0139 0.6948 0.4478
-23.9088 -24.4721 -5.3706 -0.6514 -0.7587 -0.0065 0.5451 0.5612
-33.7648 -8.7170 13.7336 -0.9569 -0.2892 -0.0249 0.2816 0.4230
-28.2207 -9.9424 -23.6334 0.1100 0.0902 -0.9898 0.0909 0.6445
-28.4132 19.2081 14.5113 -0.7973 0.6035 0.0057 0.9289 0.3093
-8.2398 -27.0603 -27.0812 0.2129 0.9127 -0.3489 0.5780 0.6910
1.6213 -29.6815 28.5743 -0.0481 0.2669 0.9625 0.0166 0.1660
1.6213 -29.6815 28.5743 -0.0395 0.5540 0.8316 0.5628 0.7479
-25.4536 -18.2846 21.6897 0.7767 0.6266 -0.0641 0.5293 0.6162
-7.9169 -21.8494 -23.9814 -0.0089 0.0086 -0.9999 0.0330 0.7433
-15.6242 29.3999 13.4472 -0.3934 0.9193 -0.0000 0.9237 0.3716
7.8637 -30.9521 28.5584 0.1211 -0.3413 0.9321 0.0104 0.1357
7.8637 -30.9521 28.5584 0.2668 -0.7745 0.5736 0.7101 0.4066
-31.0069 -6.6249 21.7559 0.9667 0.2341 0.1033 0.8306 0.6875
18.6028 -18.9129 19.6161 0.2324 -0.4428 0.8660 0.6775 0.2412
13.6705 28.2213 19.8679 0.4972 0.8672 -0.0277 0.9549 0.5141
0.9317 -28.7623 21.2061 -0.0782 0.8596 0.5050 0.5270 0.7446
13.5952 -23.2442 -24.2647 -0.5677 0.7595 0.3177 0.5917 0.7972
-21.3001 4.7923 -23.4940 -0.0086 0.0102 -0.9999 0.1626 0.6782
-11.7382 -27.7459 21.5575 0.2513 0.9590 0.1313 0.5287 0.6829
23.6497 -14.2127 -28.9332 -0.0913 0.0534 -0.9944 0.4110 0.2854
-18.4487 27.3372 -28.0121 -0.3090 0.4855 -0.8178 0.6132 0.0806
17.9776 20.6263 22.3360 -0.6896 -0.7239 0.0190 0.4787 0.6288
24.3604 -8.6682 -24.0395 -0.9391 0.2300 0.2553 0.7457 0.6997
24.3604 -8.6682 -24.0395 -0.5212 0.1155 -0.8456 0.0971 0.9003
-15.2955 -29.9343 -26.2380 -0.3927 -0.9169 -0.0709 0.4435 0.5193
4.8682 28.1836 21.4339 -0.2504 0.1795 0.9514 0.7443 0.0121
4.8682 28.1836 21.4339 0.9500 0.3007 -0.0835 0.4194 0.9071
4.8682 28.1836 21.4339 -0.4723 -0.7240 -0.5027 0.4743 0.6926
4.8682 28.1836 21.4339 0.0230 0.2873 -0.9576 0.8920 0.6608
4.8682 28.1836 21.4339 0.2228 0.8821 -0.4150 0.5347 0.8615
-0.5799 -21.1322 21.4046 -0.0927 0.1091 0.9897 0.7708 0.2520
20.9097 -18.2419 28.4768 -0.4929 0.3781 0.7836 0.0723 0.0722
7.9390 -30.9557 11.9743 0.3021 -0.9533 0.0032 0.6294 0.4063
4.2435 28.2366 23.0196 -0.2401 -0.9707 0.0066 0.4820 0.6957
-5.1822 32.2474 -18.3200 -0.0883 0.9961 0.0047 0.7691 0.4224
-26.4194 21.6177 2.6315 -0.7356 0.6774 0.0050 0.8711 0.3190
9.8656 29.8363 -3.5903 0.3862 0.9224 -0.0035 0.8408 0.4956
-34.7678 -3.6918 -3.6336 -0.9942 -0.1073 0.0067 0.3061 0.5075
-25.5138 18.8333 21.1035 0.7654 -0.6409 0.0583 0.4727 0.8404
-8.4118 31.5934 28.6648 0.0114 -0.0481 0.9988 0.3147 0.2148
-34.8469 -5.2706 24.1962 -0.9764 -0.2133 0.0327 0.2984 0.3721
-21.1973 -26.4584 5.9996 -0.5292 -0.8485 -0.0023 0.6004 0.5480
29.7225 -5.0934 27.0081 -0.1061 -0.0431 -0.9934 0.6795 0.7342
-7.6973 -32.3432 27.4842 -0.1124 -0.6916 -0.7135 0.7049 0.4824
25.4784 -7.4656 18.7950 -0.5254 0.1223 0.8420 0.9512 0.5965
-17.1118 26.2075 21.2036 0.2131 -0.4465 -0.8691 0.9804 0.6485
-17.1118 26.2075 21.2036 0.3461 -0.7247 -0.5958 0.9881 0.5944
19.7608 -17.0200 21.2441 0.1749 -0.1303 0.9759 0.6719 0.2320
-34.0166 7.1104 -11.7020 -0.9764 0.2159 -0.0056 0.3586 0.5467
0.8816 -18.6778 21.2247 -0.1768 0.1346 0.9750 0.7637 0.2401
25.3471 -5.7082 20.4507 -0.6507 0.1106 -0.7513 0.8631 0.7403
-27.4427 20.7490 26.4290 -0.7404 0.6344 -0.2224 0.9869 0.3141
-27.4427 20.7490 26.4290 -0.7568 0.4583 -0.4660 0.4250 0.3612
-0.0930 -32.8987 28.2301 0.0764 -0.9419 0.3271 0.7085 0.4454
-2.7553 -29.2150 25.1161 0.0124 0.9999 0.0035 0.5460 0.7266
10.5474 -8.3283 20.7689 -0.0065 0.0129 0.9999 0.7167 0.1897
-26.1721 -22.5299 6.8441 -0.6987 -0.7154 -0.0011 0.6045 0.5722
-7.2369 -30.3085 28.6372 0.0187 0.1157 0.9931 0.0136 0.2091
27.5934 4.3274 28.5856 -0.1099 -0.0233 0.9937 0.1821 0.0397
35.0209 -3.0582 28.2560 0.9269 -0.2512 0.2788 0.9225 0.6314
35.0209 -3.0582 28.2560 0.5749 -0.0623 0.8158 0.1461 0.0035
2.2070 -31.9002 -28.0349 0.1245 -0.7713 -0.6242 0.4348 0.4342
34.2995 2.7684 27.3385 0.1508 0.0310 -0.9881 0.7018 0.6960
-34.1474 9.5582 28.4859 -0.5855 0.1855 0.7891 0.2075 0.3401
-34.1474 9.5582 28.4859 -0.9561 0.2876 0.0560 0.3705 0.3512
-12.3117 27.7839 27.9918 0.2754 -0.7515 0.5995 0.5062 0.7762
-20.3029 -27.0434 19.8832 -0.5089 -0.8608 -0.0086 0.6679 0.5437
-33.8707 8.4970 6.1077 -0.9612 0.2696 -0.0578 0.3654 0.4601
9.7434 -24.9263 -27.2934 -0.3808 0.8276 -0.4123 0.5770 0.7785
-4.8285 10.4763 21.0199 -0.0551 0.0462 0.9974 0.7915 0.0982
-27.0330 9.2448 -23.3396 -0.0214 0.0159 -0.9996 0.1843 0.6503
26.6069 13.7670 9.1339 0.8955 0.4450 -0.0015 0.4421 0.8135
-14.6275 26.5139 21.5319 0.3247 -0.7751 -0.5421 0.4417 0.9079
-14.6275 26.5139 21.5319 0.2541 -0.8273 -0.5009 0.4748 0.7875
34.2415 0.5879 28.7482 0.1455 -0.0159 0.9892 0.1639 0.0073
24.1582 1.3943 21.1188 -0.0489 -0.0053 0.9988 0.6505 0.1424
-32.8432 11.3626 -4.0629 -0.9341 0.3570 -0.0040 0.3793 0.5096
-27.2619 15.7666 21.1867 -0.0495 -0.1538 0.9869 0.9007 0.0725
-27.2619 15.7666 21.1867 0.1973 -0.5343 0.8219 0.4731 0.8489
5.5567 4.5994 -23.8071 -0.0117 0.0081 -0.9999 0.1617 0.8088
-16.8769 -25.5010 22.2827 0.4853 0.8694 -0.0925 0.5322 0.6579
0.8498 -31.9825 -28.1036 0.0672 -0.7451 -0.6636 0.4345 0.4408
21.3017 21.6983 22.9693 0.7564 0.6541 0.0018 0.9700 0.5512
22.5832 12.6413 -28.2346 -0.5982 -0.2990 -0.7435 0.5417 0.2802
5.3660 28.4290 28.4358 -0.1063 -0.2643 0.9586 0.2993 0.1478
5.3660 28.4290 28.4358 -0.2688 -0.7286 0.6299 0.5084 0.6902
9.7741 23.8810 21.1153 -0.0289 -0.0519 0.9982 0.7205 0.0330
-6.0345 18.9331 21.1281 0.1384 -0.0631 0.9884 0.7974 0.0571
-33.7697 7.9102 -25.7789 -0.9709 0.2365 -0.0388 0.3625 0.6152
23.0766 -12.3661 -23.8979 -0.0549 0.0419 -0.9976 0.0791 0.8941
23.0766 -12.3661 -23.8979 -0.8795 0.4221 -0.2196 0.7450 0.7177
-22.4728 26.4706 28.3850 -0.2567 0.2869 0.9229 0.2898 0.2833
-22.4728 26.4706 28.3850 -0.5923 0.8013 0.0846 0.9964 0.3382
26.4167 0.4266 21.3271 -0.9630 0.0010 0.2696 0.8081 0.6537
26.4167 0.4266 21.3271 -0.3401 -0.0220 0.9401 0.6395 0.1471
-31.0991 0.0599 21.1809 -0.1377 -0.0065 0.9905 0.9193 0.1489
27.5815 -13.6566 27.6992 0.8875 -0.4177 -0.1946 0.9764 0.6034
-3.4668 23.5355 -23.5187 -0.0114 0.0123 -0.9999 0.2538 0.7649
2.2968 -15.6943 21.2491 0.0178 0.0091 0.9998 0.7568 0.2256
-9.2454 -30.3350 28.6817 0.0269 0.1222 0.9921 0.0134 0.2189
-8.1591 15.0097 21.1735 -0.0470 0.0048 0.9989 0.8077 0.0762
-31.6906 14.1190 6.5729 -0.8869 0.4620 -0.0016 0.3927 0.4578
-31.6906 14.1190 6.5729 -0.8581 0.5135 0.0018 0.8902 0.2934
-10.5088 -26.6246 -25.4899 0.2280 0.9091 0.3486 0.5857 0.6800
28.7037 11.0848 28.6012 0.0713 0.1331 0.9885 0.2150 0.0343
28.7037 11.0848 28.6012 0.3373 0.5933 0.7309 0.9977 0.6295
-31.6262 0.3108 24.8735 0.9998 -0.0166 -0.0116 0.8458 0.6538
-18.7775 2.5719 -23.5452 -0.0110 0.0137 -0.9998 0.1518 0.6904
-35.0139 -2.8015 27.3238 -0.9900 -0.1098 -0.0890 0.3104 0.3569
1.4944 17.2723 21.0046 -0.0316 -0.0309 0.9990 0.7607 0.0652
-27.2602 -21.3218 6.7855 -0.7744 -0.6324 -0.0174 0.6042 0.5775
-3.7619 30.0588 21.2147 -0.0473 0.0558 0.9973 0.7863 0.0030
25.0606 -6.2940 21.1611 -0.1029 -0.0370 0.9940 0.6461 0.1798
-6.3489 30.3146 -28.6489 0.0242 0.2014 -0.9792 0.6277 0.1395
19.8396 -18.0246 20.1877 -0.8874 0.4261 0.1758 0.8521 0.7408
19.8396 -18.0246 20.1877 -0.8149 0.5797 0.0025 0.5220 0.8365
-3.8056 8.7210 20.9881 0.0153 -0.0050 0.9999 0.7865 0.1068
-26.4040 -12.5058 21.2580 0.0266 0.0190 0.9995 0.8965 0.2100
10.7966 12.4766 20.7816 -0.0148 -0.0197 0.9997 0.7155 0.0885
-7.9485 31.8820 -25.6090 -0.1786 0.9827 -0.0500 0.7337 0.4089
-3.8217 18.9779 21.0154 -0.0087 -0.0163 0.9998 0.7866 0.0569
-29.3120 4.2455 -23.3651 -0.0176 0.0144 -0.9997 0.1600 0.6392
-27.2199 13.4730 -23.7016 0.8583 -0.4643 0.2184 0.7352 0.6221
21.0744 -16.0508 20.5209 -0.6675 0.5648 0.4852 0.5237 0.8426
29.6147 4.1015 -23.1077 0.9901 0.1400 -0.0137 0.3951 0.6567
33.2749 -6.5803 27.6825 0.5573 -0.6617 -0.5015 0.9557 0.6377
16.2366 22.1378 24.7133 -0.6373 -0.7706 -0.0066 0.4903 0.6373
-3.4083 3.1127 20.9571 -0.0275 -0.0157 0.9995 0.7846 0.1341
-18.2464 -26.6144 -28.8547 -0.1440 -0.2262 -0.9634 0.3507 0.0816
-25.5325 -16.5086 -24.2216 0.8177 0.5599 0.1336 0.5919 0.6069
-30.2646 1.8679 -27.1671 0.9279 -0.0986 -0.3595 0.7184 0.6785
24.1055 18.3503 28.6648 0.0994 0.0728 0.9924 0.2503 0.0566
14.0015 -28.2915 27.5966 0.4576 -0.8656 -0.2032 0.7054 0.3768
21.0127 17.0989 22.5059 -0.8131 -0.5816 0.0262 0.4795 0.6141
18.7329 -24.8376 28.5074 0.2161 -0.3105 0.9257 0.0402 0.0828
24.8969 -8.7742 18.7372 -0.0393 0.0171 0.9991 0.9540 0.6029
11.8898 25.3439 21.5589 0.3664 0.0889 -0.9262 0.8782 0.6950
11.8898 25.3439 21.5589 -0.5144 -0.6613 -0.5459 0.4749 0.6585
3.7369 -29.8765 28.6543 -0.0295 0.1260 0.9916 0.0157 0.1557
23.0566 -12.9093 19.6406 0.1126 0.2744 0.9550 0.9630 0.6230
22.7939 -14.7766 27.9512 -0.7940 0.4941 0.3541 0.8018 0.7406
22.7939 -14.7766 27.9512 -0.8237 0.5114 0.2449 0.5598 0.8509
9.4472 -25.4195 -23.9672 -0.0302 0.0507 -0.9983 0.0156 0.8278
-19.9634 23.3525 21.3158 -0.2516 0.3238 0.9120 0.8651 0.0356
21.4771 -21.9458 27.2418 0.6016 -0.5363 -0.5921 0.7037 0.3404
21.4771 -21.9458 27.2418 0.4566 -0.4423 -0.7719 0.6394 0.8162
-5.3331 -30.8913 28.6850 0.0130 0.0935 0.9955 0.0107 0.1999
-34.6619 -3.9625 -8.1565 -0.9940 -0.1069 -0.0239 0.3047 0.5295
13.3755 -28.5382 -7.4101 0.4958 -0.8684 0.0003 0.5351 0.3798
-17.8596 -28.5382 27.2085 -0.3728 -0.7383 -0.5620 0.7036 0.5318
-24.8164 -16.7416 -25.8291 0.7838 0.5801 0.2218 0.5841 0.6104
26.6400 2.1137 27.1942 -0.9884 -0.0792 0.1298 0.7796 0.6455
16.4821 22.0040 21.4083 -0.8654 -0.4271 -0.2620 0.5489 0.8617
16.4821 22.0040 21.4083 -0.7913 -0.6087 0.0582 0.4742 0.6361
16.4821 22.0040 21.4083 -0.3328 -0.2565 0.9074 0.6878 0.0421
28.7410 7.9402 0.4418 0.9681 0.2506 0.0062 0.4138 0.7712
7.0312 24.9604 -23.6810 -0.1322 -0.2323 -0.9636 0.2607 0.8160
-26.2262 14.4488 -23.3246 0.0587 -0.0282 -0.9979 0.2096 0.6542
21.1714 20.9700 28.7503 0.0290 0.0051 0.9996 0.2630 0.0709
-14.8203 29.7781 -27.1206 -0.3686 0.8783 -0.3044 0.7263 0.3755
9.5442 -25.6717 20.8456 -0.0763 0.2773 0.9578 0.7216 0.2741
-9.7436 27.4911 21.2425 -0.0000 -0.0413 0.9991 0.8154 0.0154
31.7101 -6.4892 27.0329 0.1809 -0.5100 -0.8409 0.9525 0.6454
31.7101 -6.4892 27.0329 0.0779 -0.2735 -0.9587 0.6892 0.7410
-34.3740 -6.0828 1.7055 -0.9824 -0.1868 -0.0086 0.2944 0.4815
13.0228 24.4767 21.5956 -0.4241 -0.8227 -0.3786 0.4751 0.6529
8.3421 26.9672 21.4363 0.0749 0.2732 0.9590 0.7274 0.0180
8.3421 26.9672 21.4363 0.0477 0.3984 -0.9160 0.6328 0.8295
8.3421 26.9672 21.4363 0.1840 0.9829 0.0072 0.8154 0.7372
0.4846 32.1053 3.3392 0.1015 0.9948 0.0072 0.8745 0.4499
16.5028 -5.8859 -24.0198 -0.0108 0.0070 -0.9999 0.1107 0.8621
-25.7398 23.7036 27.9141 -0.6965 0.6754 -0.2422 0.9941 0.3223
-25.0048 -10.2697 21.2055 0.0184 0.0109 0.9998 0.8897 0.1992
14.9703 -24.7399 -28.9783 0.1022 -0.1427 -0.9845 0.3598 0.2432
-10.0957 -25.1331 -23.9422 -0.0244 -0.0225 -0.9995 0.0170 0.7327
-15.3526 29.5437 21.7189 -0.4023 0.9155 -0.0032 0.9639 0.3729
-12.3679 -30.7951 15.3232 -0.3169 -0.9484 0.0023 0.6457 0.5051
-16.3449 26.6997 21.0447 0.1475 -0.1496 0.9777 0.8232 0.7463
-16.3449 26.6997 21.0447 0.3249 -0.6996 -0.6364 0.9873 0.5907
20.5965 22.5514 -1.6179 0.7167 0.6973 -0.0054 0.8504 0.5478
-33.8552 -8.4862 13.8836 -0.9489 -0.3127 -0.0427 0.2827 0.4223
-8.0712 -31.9350 -0.1337 -0.1846 -0.9828 0.0063 0.5705 0.4842
-4.8471 -27.9241 -27.6686 0.0769 0.8616 -0.5017 0.5752 0.7075
-9.1476 31.5697 -26.5663 -0.2200 0.9641 -0.1490 0.7290 0.4031
-31.2931 15.7429 28.5361 -0.4567 0.2471 0.8547 0.2376 0.3262
29.1470 7.8920 27.2062 0.2329 0.0795 -0.9692 0.6767 0.6710
29.0181 8.6001 27.2131 0.0794 0.0355 -0.9962 0.6761 0.6676
-32.8930 -12.3582 28.6185 -0.4876 -0.2056 0.8485 0.1009 0.3339
20.0310 22.8740 -25.5938 0.6952 0.7138 -0.0841 0.7338 0.5450
-2.1664 -32.5103 2.8760 -0.0212 -0.9997 0.0081 0.5852 0.4554
-2.3425 21.7798 21.0578 -0.0214 -0.0388 0.9990 0.7794 0.0432
-11.9309 27.3111 21.2228 0.0281 -0.1039 0.9942 0.8261 0.0163
-11.9309 27.3111 21.2228 0.3005 -0.7636 0.5715 0.4733 0.7744
21.4416 -22.3979 28.4196 0.3894 -0.3158 0.8652 0.0520 0.0696
-1.1986 -12.6330 21.1996 0.0251 0.0097 0.9996 0.7738 0.2107
26.7189 -14.1071 2.0286 0.9033 -0.4290 0.0078 0.3065 0.7790
2.3928 -28.4267 21.0253 -0.0624 0.7173 0.6939 0.5261 0.7517
-27.2495 -12.2061 -26.7881 0.8793 0.4035 -0.2531 0.7202 0.7470
9.8742 -30.2676 18.3651 0.3437 -0.9391 0.0050 0.6605 0.3969
24.9116 16.9775 -23.8792 0.8416 0.5392 -0.0308 0.7421 0.5688
-26.3167 -17.2781 28.4111 0.3649 0.2850 0.8863 0.0770 0.3020
-26.3167 -17.2781 28.4111 0.7940 0.5855 0.1636 0.5620 0.6120
-14.4428 20.8245 21.0937 0.0061 -0.0282 0.9996 0.8383 0.0479
-33.7783 -9.2233 23.4847 -0.9512 -0.3081 0.0181 0.2791 0.3756
33.1954 -6.3198 27.3362 0.2308 -0.4150 -0.8801 0.6964 0.7402
33.1954 -6.3198 27.3362 0.4026 -0.6074 -0.6848 0.9540 0.6381
-21.4562 -14.1513 21.1969 0.0163 0.0157 0.9997 0.8724 0.2180
-21.3969 -20.5931 21.2971 0.0407 0.0153 0.9991 0.8721 0.2494
-30.0515 -17.9322 27.9129 -0.6254 -0.4189 -0.6584 0.2368 0.3540
8.1404 24.9484 -24.6155 -0.4618 -0.8683 -0.1812 0.6204 0.6692
-31.2901 -7.9307 -28.9152 0.0827 0.0300 -0.9961 0.4416 0.0181
26.0946 14.7582 14.3038 0.8832 0.4689 0.0072 0.4469 0.8387
21.5793 -14.5231 -23.9417 -0.3208 0.2556 -0.9120 0.0686 0.8868
-27.3680 17.8255 -28.6897 -0.2249 0.1518 -0.9625 0.5669 0.0372
-31.8102 -13.7692 -15.7720 -0.9061 -0.4231 -0.0012 0.2570 0.5665
-4.8663 -27.6235 -26.1153 0.0750 0.9869 0.1429 0.5827 0.7074
-21.1539 -26.4896 10.1515 -0.5258 -0.8506 0.0043 0.6206 0.5478
-23.4204 24.5700 -0.1312 -0.6557 0.7548 0.0159 0.8576 0.3336
-12.8749 30.1145 28.6373 0.0182 -0.0686 0.9975 0.3075 0.2366
5.3990 28.0503 21.3748 0.2770 -0.2885 0.9165 0.7418 0.0127
-25.4353 -23.1857 6.3234 -0.6669 -0.7451 -0.0126 0.6019 0.5687
26.6513 -10.7798 -28.7931 0.1235 -0.0872 -0.9885 0.4277 0.3000
-29.3521 -5.5369 -23.5251 -0.0012 0.0252 -0.9997 0.1124 0.6390
-8.6465 -22.8572 21.2173 -0.0191 -0.0000 0.9998 0.8101 0.2604
-5.3267 3.6719 20.9066 -0.0264 -0.0102 0.9996 0.7939 0.1313
-15.1334 25.5217 -28.0961 0.2450 -0.5567 -0.7938 0.6035 0.7825
-15.1334 25.5217 -28.0961 0.2461 -0.4564 -0.8551 0.6043 0.0967
-13.7976 -30.3734 -8.1113 -0.3524 -0.9358 0.0055 0.5317 0.5120
20.9095 -18.1769 -28.8858 -0.1853 0.1258 -0.9746 0.3917 0.2721
-6.5537 32.1288 -24.4920 -0.1232 0.9922 -0.0167 0.7391 0.4157
-18.2559 27.9806 -27.3732 -0.4584 0.8433 -0.2805 0.7251 0.3588
3.8931 29.5142 21.4872 -0.1243 -0.4709 -0.8734 0.8985 0.6560
3.8931 29.5142 21.4872 -0.1730 -0.6108 0.7726 0.9101 0.6273
-33.7802 8.8443 7.4264 -0.9596 0.2792 0.0352 0.3670 0.4537
-34.7409 -4.5182 12.0202 -0.9904 -0.1372 -0.0141 0.3020 0.4313
-14.2426 30.6878 28.6509 -0.0384 0.0564 0.9977 0.3103 0.2432
-14.2426 30.6878 28.6509 -0.2198 0.6249 0.7491 0.9977 0.3783
22.4377 20.3856 18.0469 0.7878 0.6159 0.0107 0.9461 0.5567
-2.7739 30.7539 28.5755 -0.0082 -0.1155 0.9933 0.3106 0.1874
-31.4506 14.5207 28.6360 -0.0754 0.0475 0.9960 0.2317 0.3269
29.7298 -2.2040 -1.7953 0.9973 -0.0720 0.0116 0.3644 0.7604
-2.1593 29.8236 28.4518 -0.0117 -0.5471 0.8370 0.5084 0.7268
-2.1593 29.8236 28.4518 -0.0161 -0.1387 0.9902 0.3061 0.1844
-26.8006 -21.7991 7.7513 -0.7525 -0.6573 0.0406 0.6089 0.5753
9.5284 26.5864 21.4635 0.1310 0.4027 0.9059 0.7217 0.0198
9.5284 26.5864 21.4635 0.2814 0.6588 0.6977 0.8155 0.7430
-29.1703 -18.1153 26.9503 -0.8155 -0.4632 -0.3469 0.2359 0.3587
-29.1703 -18.1153 26.9503 -0.8281 -0.5540 -0.0852 0.7023 0.5868
-14.2587 26.8031 21.3501 -0.0792 0.0998 0.9919 0.4129 0.9060
-14.2587 26.8031 21.3501 0.4417 -0.7795 -0.4442 0.4408 0.9061
-14.2587 26.8031 21.3501 -0.5209 0.7373 0.4302 0.4261 0.9076
-35.1001 -1.0693 6.7828 -0.9975 -0.0338 0.0619 0.3188 0.4568
1.4390 32.7409 28.5866 0.0476 0.4191 0.9067 0.3203 0.1669
1.4390 32.7409 28.5866 0.1520 0.9881 0.0252 0.9973 0.4546
5.4966 19.2275 -23.6878 -0.0141 0.0090 -0.9999 0.2328 0.8085
-23.1031 24.7852 6.6098 -0.6333 0.7739 0.0010 0.8904 0.3352
0.3437 29.1959 21.3867 -0.1456 0.9539 0.2625 0.6492 0.8287
33.0075 1.0287 26.9639 0.1206 0.1249 -0.9848 0.6955 0.7044
6.8194 -27.7089 -28.8865 -0.0736 0.2600 -0.9628 0.3454 0.2035
3.2442 -1.9461 20.9432 -0.1133 0.0096 0.9935 0.7522 0.1587
9.3282 -30.3295 26.4798 0.3393 -0.9407 0.0025 0.7000 0.3995
-34.4691 -1.4149 28.7659 -0.0904 0.0059 0.9959 0.1541 0.3416
-16.5594 -29.1036 25.1776 -0.4429 -0.8962 0.0273 0.6937 0.5255
16.9410 -18.5649 20.4129 -0.0561 -0.6897 0.7219 0.9261 0.6657
16.9410 -18.5649 20.4129 0.1361 -0.3684 0.9196 0.6856 0.2395
-31.7880 8.5672 -28.7409 -0.2133 0.0679 -0.9746 0.5219 0.0157
28.0892 -10.9297 -16.8224 0.9437 -0.3306 0.0102 0.3220 0.6873
12.8593 14.8132 20.8844 -0.0248 -0.0293 0.9993 0.7055 0.0771
31.1456 -0.9867 26.9075 -0.2220 0.0644 -0.9729 0.6864 0.7142
-30.5796 3.7058 -23.4506 0.2401 -0.0178 -0.9706 0.1573 0.6330
-30.5796 3.7058 -23.4506 0.9831 -0.1716 0.0635 0.7365 0.6696
22.3601 -0.3115 -24.0424 0.0237 0.0005 -0.9997 0.1378 0.8906
4.3779 -13.8185 -23.9640 -0.0086 0.0093 -0.9999 0.0721 0.8031
17.4044 25.4246 -6.2913 0.6124 0.7905 -0.0088 0.8277 0.5322
-30.8308 16.5055 28.5616 -0.3212 0.1848 0.9288 0.2413 0.3239
17.2555 25.4775 -13.8188 0.5975 0.8019 -0.0017 0.7910 0.5315
3.1205 29.0886 21.3366 -0.0353 -0.0925 0.9951 0.7528 0.0077
-24.4825 19.5663 21.0594 -0.1786 0.1580 0.9712 0.8871 0.0540
7.0482 19.7499 20.9356 -0.0096 -0.0333 0.9994 0.7337 0.0531
-22.7096 26.3300 27.9174 -0.5952 0.7746 -0.2141 0.9941 0.3371
-31.8103 12.4168 -28.0088 -0.8259 0.3557 -0.4375 0.3844 0.6261
-31.8103 12.4168 -28.0088 -0.5334 0.2409 -0.8108 0.5406 0.0156
-23.3939 -25.0500 27.5553 -0.5121 -0.6109 -0.6038 0.7052 0.5587
-10.3108 23.8270 21.1589 0.0046 -0.0201 0.9998 0.8182 0.0333
-28.5131 -10.4220 -23.7972 0.2837 0.1506 -0.9470 0.0886 0.6431
-28.5131 -10.4220 -23.7972 0.8896 0.4153 -0.1900 0.7348 0.7383
10.5933 29.5353 2.3858 0.3997 0.9166 -0.0035 0.8699 0.4991
18.0762 25.0005 21.8589 0.6683 0.7439 0.0000 0.9646 0.5355
-34.7821 -5.2574 18.1749 -0.9838 -0.1766 -0.0307 0.2984 0.4014
11.2887 29.4376 27.0661 0.4142 0.9084 -0.0576 0.9900 0.5025
3.5477 -31.8844 19.6058 0.1552 -0.9878 0.0125 0.6666 0.4276
-0.0929 -32.4348 7.9461 0.0580 -0.9983 0.0088 0.6098 0.4454
-23.4130 18.9849 -23.2899 0.0546 -0.0501 -0.9972 0.2317 0.6679
-23.4130 18.9849 -23.2899 0.8203 -0.4881 -0.2980 0.7268 0.7701
-23.4130 18.9849 -23.2899 0.7866 -0.5396 -0.3003 0.6269 0.8227
-23.4925 20.8986 21.0349 -0.0296 -0.6441 0.7643 0.4724 0.8306
-23.4925 20.8986 21.0349 -0.2340 0.0904 0.9680 0.8823 0.0475
14.2048 -22.1388 -27.2673 -0.5638 0.7470 -0.3525 0.5771 0.8002
17.0798 18.8607 -26.7161 -0.6770 -0.6726 -0.2987 0.6102 0.6257
9.6696 30.0872 28.7882 0.1314 0.2737 0.9528 0.3074 0.1269
6.0685 -9.9749 20.8270 0.0399 -0.0054 0.9992 0.7385 0.1977
-8.1809 28.5999 21.2854 0.1253 -0.8339 0.5376 0.4736 0.7561
-8.1809 28.5999 21.2854 0.0078 -0.0601 0.9982 0.8078 0.0101
9.5196 30.1930 21.6871 0.3318 0.9432 -0.0157 0.9638 0.4939
4.4014 30.4224 28.6861 -0.0269 -0.0703 0.9972 0.3090 0.1525
-15.4308 -16.3964 -23.8440 -0.0098 0.0124 -0.9999 0.0595 0.7067
-31.1123 4.3336 21.1348 -0.2106 0.0029 0.9776 0.9194 0.1281
-30.0076 -4.7889 -25.6237 0.9508 0.1920 0.2433 0.7259 0.7109
23.2225 19.5251 -0.8365 0.7984 0.6020 0.0063 0.8542 0.5606
29.7821 2.5448 -20.3730 0.9957 0.0931 0.0025 0.3875 0.6700
27.9522 -12.2466 27.3388 0.4317 -0.2038 -0.8787 0.6709 0.7690
27.6975 -11.8925 -0.6040 0.9368 -0.3499 0.0096 0.3173 0.7662
0.9884 -5.1224 -23.8430 -0.0106 0.0120 -0.9999 0.1144 0.7866
1.7920 -18.4849 21.1708 0.4470 -0.1498 0.8819 0.7593 0.2391
-24.9056 13.9358 -23.3230 -0.0163 0.0125 -0.9998 0.2071 0.6606
20.8988 -14.0743 -23.9484 0.0251 -0.0147 -0.9996 0.0708 0.8835
-15.7861 29.3633 4.5472 -0.4106 0.9118 0.0062 0.8804 0.3708
28.8356 -7.9397 26.6950 0.9812 -0.1915 -0.0241 0.3365 0.8990
28.8356 -7.9397 26.6950 0.8093 -0.1870 -0.5569 0.6752 0.7481
-19.6506 24.6581 21.1848 0.3790 -0.4985 -0.7796 0.9729 0.6362
-19.6506 24.6581 21.1848 0.5511 -0.6941 -0.4632 0.9880 0.6067
29.4918 3.9554 2.0453 0.9920 0.1262 0.0034 0.3944 0.7790
2.1456 31.8868 20.0227 0.1173 0.9931 0.0043 0.9557 0.4580
-34.5442 5.0895 27.2107 -0.9590 0.1721 -0.2253 0.3488 0.3574
18.7746 -21.7146 28.7230 -0.0873 0.0919 0.9919 0.0554 0.0826
-31.0904 -10.0491 28.7008 0.1630 0.0519 0.9853 0.1121 0.3252
-21.0635 -26.6492 27.2445 -0.5391 -0.7531 -0.3772 0.7037 0.5474
12.6085 28.7550 17.5817 0.4612 0.8871 -0.0166 0.9438 0.5089
12.5970 13.8916 -23.8542 -0.0186 0.0071 -0.9998 0.2069 0.8431
23.4920 16.9787 -28.4108 0.4066 0.2737 -0.8717 0.5628 0.2846
-30.1955 16.6054 6.2310 -0.8476 0.5306 0.0004 0.8886 0.3007
-29.7564 17.3328 -9.8829 -0.8474 0.5310 0.0014 0.8102 0.3028
28.1718 -10.1594 26.0586 0.9441 -0.3296 -0.0119 0.3257 0.8959
25.0636 16.3959 26.8873 0.8567 0.5154 0.0218 0.9891 0.5695
25.0636 16.3959 26.8873 0.7610 0.4562 -0.4613 0.4549 0.8999
27.9754 -10.9189 8.5517 0.9474 -0.3201 0.0011 0.3220 0.8107
-29.8250 -6.7569 -23.5812 0.0344 0.0381 -0.9987 0.1064 0.6367
-29.8250 -6.7569 -23.5812 0.9502 0.3088 -0.0426 0.7358 0.7205
-13.1502 25.3627 -23.3564 0.0347 -0.0734 -0.9967 0.2627 0.7178
-28.7320 8.6248 -25.7791 0.8899 -0.3551 0.2863 0.7251 0.6457
-12.7432 26.7656 21.2005 0.0642 -0.1395 0.9881 0.8300 0.0190
-15.6020 29.4331 23.8018 -0.4140 0.9103 0.0011 0.9741 0.3717
-28.5588 -13.3946 21.9527 0.7394 0.4405 0.5092 0.9070 0.2144
-28.5588 -13.3946 21.9527 0.8690 0.4562 0.1914 0.8315 0.7204
-4.8739 27.5195 -25.5361 0.0518 -0.9965 0.0663 0.6159 0.7325
11.5310 26.5825 28.7424 -0.0753 -0.1318 0.9884 0.2904 0.1178
-31.0026 15.2386 -14.2595 -0.8813 0.4726 -0.0004 0.3982 0.5592
28.3326 9.6025 27.1389 0.5792 0.2451 -0.7775 0.6727 0.6627
-0.5084 -25.4588 -24.0446 -0.0031 -0.0126 -0.9999 0.0154 0.7793
26.8099 -6.3877 28.4915 -0.1941 0.0415 0.9801 0.1299 0.0435
15.0446 23.2095 21.6716 -0.5972 -0.7693 -0.2270 0.4755 0.6431
21.6647 -16.3281 27.1000 -0.8294 0.5564 0.0508 0.5557 0.8454
21.6647 -16.3281 27.1000 -0.8505 0.4912 0.1881 0.6859 0.8326
-19.6803 -15.4236 21.1898 0.0143 0.0157 0.9998 0.8638 0.2242
32.4053 6.2559 27.3070 0.0486 0.0262 -0.9985 0.6926 0.6790
25.4628 -6.5825 -28.4957 -0.4463 0.1111 -0.8880 0.4481 0.2942
25.5802 -17.0484 28.3400 0.7717 -0.4698 0.4287 0.8338 0.7374
-2.2477 -10.2785 21.1765 0.0008 0.0323 0.9995 0.7790 0.1992
16.2543 26.4223 13.0347 0.5903 0.8071 -0.0062 0.9217 0.5267
-7.2816 -29.3551 -28.9002 0.0123 0.1688 -0.9856 0.3374 0.1349
-29.0677 -18.8561 7.6886 -0.8234 -0.5667 0.0298 0.6086 0.5863
12.0404 -29.3353 12.8224 0.4405 -0.8977 -0.0055 0.6336 0.3863
1.4380 -32.3761 -3.7304 0.1055 -0.9944 0.0012 0.5530 0.4379
1.9179 18.0934 21.0526 -0.0096 -0.0301 0.9995 0.7587 0.0612
-25.8413 8.3091 -23.3903 -0.0261 0.0220 -0.9994 0.1797 0.6561
-26.2466 21.7965 8.8249 -0.7317 0.6816 -0.0044 0.9012 0.3199
-21.0960 -26.5951 25.9830 -0.4912 -0.8708 0.0185 0.6976 0.5475
-21.3327 -26.3657 12.2301 -0.5275 -0.8496 0.0002 0.6307 0.5487
11.2328 25.4538 21.6738 -0.4411 -0.8956 0.0577 0.4755 0.6617
25.5330 -4.4698 20.0881 -0.7853 -0.3817 -0.4875 0.3355 0.9062
25.5330 -4.4698 20.0881 0.9318 -0.3459 0.1103 0.9352 0.5820
25.5330 -4.4698 20.0881 -0.7239 -0.1621 -0.6706 0.8640 0.7342
4.2799 31.5620 21.1714 0.1793 0.9838 -0.0003 0.9613 0.4684
24.5810 -18.6974 28.2870 0.7384 -0.4857 0.4678 0.8335 0.7455
24.5810 -18.6974 28.2870 0.7014 -0.4647 0.5405 0.0701 0.0543
-34.5952 -5.8260 28.7004 -0.4390 -0.0797 0.8950 0.1327 0.3422
-17.7606 25.7367 20.9481 -0.1971 0.2914 0.9361 0.8544 0.0240
-16.3415 -29.2280 14.5827 -0.4173 -0.9088 0.0019 0.6421 0.5244
28.4040 9.0329 6.4932 0.9563 0.2922 -0.0004 0.4191 0.8007
-27.3466 -20.9168 -5.5156 -0.7760 -0.6307 -0.0098 0.5443 0.5780
25.5216 -5.1553 19.4184 0.7597 -0.3734 0.5324 0.9510 0.5853
25.5216 -5.1553 19.4184 0.8551 -0.3444 0.3875 0.9320 0.5853
-27.6915 7.7947 21.1833 0.0553 -0.0177 0.9983 0.9027 0.1113
-7.6590 17.2189 21.1874 -0.0967 0.0140 0.9952 0.8053 0.0654
25.3348 -7.0157 20.2652 -0.7723 0.0524 -0.6331 0.8630 0.7466
25.3348 -7.0157 20.2652 -0.9005 0.1459 -0.4097 0.8133 0.6899
26.9999 12.8943 18.7746 0.9041 0.4274 0.0016 0.4379 0.8604
28.5893 8.8507 -22.2336 0.9607 0.2774 -0.0058 0.4182 0.6609
-21.6676 25.8837 -27.2915 -0.5771 0.7628 -0.2919 0.7255 0.3422
-28.6263 19.0156 -1.5028 -0.8122 0.5833 0.0054 0.8510 0.3083
-26.9910 -21.3217 -6.5146 -0.7595 -0.6502 -0.0212 0.5395 0.5762
22.2845 15.2870 27.3661 -0.8721 -0.4891 0.0133 0.7787 0.5814
22.2845 15.2870 27.3661 -0.8449 -0.5207 0.1222 0.5032 0.6079
18.9050 -17.8545 -27.5324 -0.7199 0.6125 -0.3266 0.5758 0.8231
-16.0180 25.7860 21.7570 0.5126 -0.7561 0.4069 0.5728 0.8474
-16.0180 25.7860 21.7570 0.4792 -0.8702 -0.1143 0.4759 0.7942
-16.0180 25.7860 21.7570 0.3535 0.9323 0.0762 0.5073 0.8654
18.8046 -24.8864 23.3668 0.6832 -0.7302 -0.0006 0.6849 0.3534
-21.1116 26.6971 26.9883 -0.4830 0.6519 -0.5845 0.9896 0.3449
22.7652 20.0584 -9.0073 0.7795 0.6264 -0.0039 0.8144 0.5583
27.5295 11.8860 -22.8449 0.9235 0.3836 -0.0055 0.4330 0.6579
-7.3253 -32.5144 28.6174 -0.1050 -0.8990 0.4251 0.7104 0.4805
-2.1043 0.3193 21.0686 -0.0203 0.0253 0.9995 0.7783 0.1476
-28.6964 -11.3460 21.3142 0.0670 0.0386 0.9970 0.9076 0.2044
-7.0245 28.8473 26.3532 0.1589 -0.9866 0.0370 0.4982 0.7505
-31.4682 3.3145 24.2776 0.9955 -0.0943 -0.0085 0.8429 0.6391
11.5507 9.2787 20.7430 -0.0076 -0.0113 0.9999 0.7118 0.1041
19.1977 24.7321 28.5760 0.5717 0.7432 0.3476 0.9973 0.5410
19.1977 24.7321 28.5760 0.3382 0.4697 0.8154 0.2813 0.0805
-18.2187 -28.2273 25.6118 -0.4729 -0.8807 0.0288 0.6958 0.5335
25.6107 -2.8909 -24.1834 -0.9893 0.1300 -0.0664 0.7464 0.6716
1.6151 32.7148 28.1342 0.1567 0.9664 -0.2039 0.9952 0.4554
-30.8632 -15.7948 14.1560 -0.8654 -0.5010 0.0108 0.6401 0.5951
-30.8632 -15.7948 14.1560 -0.8766 -0.4812 0.0014 0.2472 0.4209
-24.9398 16.9535 -23.6014 0.7734 -0.6247 -0.1074 0.6253 0.8302
-11.4634 28.4094 21.1422 0.3852 0.7394 0.5521 0.7430 0.7433
-11.4634 28.4094 21.1422 -0.0550 0.2390 0.9695 0.8238 0.0110
-14.0103 26.7317 21.6127 0.3685 -0.9288 0.0382 0.4752 0.7845
-21.9806 21.1481 21.3317 -0.1047 0.0199 0.9943 0.8750 0.0463
-29.9810 -17.0462 -26.0880 -0.8402 -0.5358 -0.0838 0.4443 0.5908
-29.9810 -17.0462 -26.0880 -0.8731 -0.4821 -0.0722 0.2411 0.6167
9.7642 -27.3616 -28.9963 -0.0325 0.0880 -0.9956 0.3471 0.2179
29.8292 0.0070 27.3001 0.0677 -0.0451 -0.9967 0.6800 0.7094
-16.2913 -25.3620 -28.5290 0.2602 0.4625 -0.8476 0.3568 0.0911
18.6978 -19.4375 20.9571 -0.6937 0.6599 0.2885 0.5258 0.8310
-4.3093 32.1395 17.2623 -0.0655 0.9978 0.0100 0.9423 0.4266
27.1315 -0.6023 28.3173 -0.5302 0.0050 0.8479 0.1581 0.0419
-31.5709 -4.8685 28.4922 0.2913 0.0523 0.9552 0.1373 0.3275
-31.5709 -4.8685 28.4922 0.9441 0.1518 0.2926 0.8634 0.6790
-24.8660 -17.1367 -24.8073 0.7526 0.6067 0.2562 0.5891 0.6101
22.4941 1.8431 -24.0347 0.0226 0.0029 -0.9997 0.1483 0.8912
16.5707 -26.5075 -8.2222 0.5855 -0.8107 0.0043 0.5312 0.3643
34.8137 -4.3367 27.8878 0.9753 -0.1859 0.1193 0.9207 0.6376
-28.7140 13.0566 22.5105 0.8794 -0.4525 -0.1481 0.8343 0.5917
2.1019 -5.0509 20.8730 -0.0445 0.0206 0.9988 0.7578 0.1738
-19.5677 22.4350 -23.4384 0.3944 -0.5993 -0.6966 0.6261 0.8040
-19.5677 22.4350 -23.4384 0.1735 -0.2071 -0.9628 0.2484 0.6866
-34.0552 6.8639 -22.3671 -0.9766 0.2151 -0.0083 0.3574 0.5986
29.8954 -0.4826 -26.1959 0.9918 -0.0068 -0.1276 0.3728 0.6416
-19.3151 -27.6210 16.0232 -0.5113 -0.8594 -0.0032 0.6491 0.5389
-35.1590 -0.3841 16.8629 -0.9995 0.0084 -0.0315 0.3221 0.4078
4.8401 5.2851 20.9136 0.2001 0.0103 0.9797 0.7445 0.1235
-27.9698 -20.1033 -6.7014 -0.7928 -0.6094 -0.0127 0.5386 0.5810
-25.5566 -23.2683 27.7408 -0.5927 -0.6233 -0.5101 0.7061 0.5692
23.5974 -12.4218 19.5314 -0.8305 0.5550 -0.0463 0.5188 0.8548
23.5974 -12.4218 19.5314 -0.3687 0.4524 0.8120 0.9603 0.6207
23.5974 -12.4218 19.5314 -0.8833 0.4594 -0.0934 0.8168 0.7162
-11.5500 28.3814 28.2570 0.1336 -0.3698 0.9195 0.2991 0.2301
-11.5500 28.3814 28.2570 0.1280 -0.5342 0.8356 0.5075 0.7725
25.8044 -17.0874 27.6889 0.8188 -0.4335 -0.3764 0.9763 0.6201
25.8044 -17.0874 27.6889 0.7472 -0.4982 -0.4398 0.7513 0.7427
25.8044 -17.0874 27.6889 0.8499 -0.5181 0.0963 0.7059 0.3194
25.8044 -17.0874 27.6889 0.7258 -0.4656 -0.5064 0.6604 0.7926
-10.4578 -20.9212 -23.9473 -0.0110 0.0077 -0.9999 0.0375 0.7309
21.5713 -18.5609 28.6726 -0.1174 0.0889 0.9891 0.0707 0.0690
-24.5721 21.1018 28.4636 0.1149 -0.1045 0.9879 0.2637 0.2935
26.2550 14.4763 5.0672 0.8897 0.4566 0.0006 0.4456 0.7937
-20.9675 -21.7061 21.2967 0.0196 0.0077 0.9998 0.8700 0.2548
27.1592 -14.4971 27.6527 0.8609 -0.4251 -0.2795 0.9762 0.6075
13.8238 -28.3839 12.9162 0.5008 -0.8656 -0.0063 0.6340 0.3776
25.2429 -3.9188 -24.9460 -0.9549 0.1815 0.2348 0.7501 0.6766
1.9558 30.7697 -28.3992 0.0994 0.6312 -0.7692 0.7201 0.4571
1.9558 30.7697 -28.3992 0.0530 0.4313 -0.9007 0.6299 0.1799
25.2484 -10.5046 -28.8546 -0.1068 0.0637 -0.9922 0.4291 0.2932
27.4641 -12.0052 26.2125 0.9239 -0.3824 0.0166 0.3167 0.8966
22.0028 -20.5575 28.6990 0.2060 -0.1713 0.9634 0.0610 0.0669
-33.1248 10.6704 4.1386 -0.9420 0.3349 -0.0222 0.3759 0.4697
3.9911 -30.6302 28.7153 -0.0177 0.0518 0.9985 0.0120 0.1545
-16.2384 -29.3193 -13.0630 -0.4482 -0.8939 0.0091 0.5076 0.5239
9.2444 24.6305 -26.3594 -0.4547 -0.8678 -0.2007 0.6119 0.6639
-5.6080 -29.3840 -28.8918 0.0156 0.3148 -0.9490 0.3372 0.1431
-34.2387 6.4383 27.1934 -0.9336 0.2330 -0.2724 0.3553 0.3575
14.9007 -22.0566 -24.7001 -0.5779 0.7385 0.3474 0.5896 0.8036
1.4055 -16.9118 21.1743 -0.1823 0.0702 0.9807 0.7612 0.2315
-13.9276 31.0606 28.4266 -0.3013 0.8522 0.4278 0.9966 0.3798
10.7954 -25.8507 27.5092 -0.4619 0.8725 0.1595 0.5577 0.7925
34.4397 -2.9780 26.9758 0.4207 -0.0483 -0.9059 0.7024 0.7239
22.3947 -17.5990 28.6889 -0.0798 0.0524 0.9954 0.0754 0.0650
-21.1225 24.2917 -28.6579 -0.1822 0.2514 -0.9506 0.5984 0.0676
0.5699 -19.6368 21.3645 -0.0735 0.1166 0.9905 0.7652 0.2447
-5.7937 29.0698 27.0027 0.1184 -0.9888 0.0909 0.5014 0.7445
-8.7902 -14.7081 21.1983 -0.0934 -0.0095 0.9956 0.8108 0.2208
4.7924 -26.8120 -25.6668 -0.2244 0.9279 0.2976 0.5849 0.7544
24.0397 7.1750 -27.2809 -0.8106 -0.2769 -0.5160 0.5151 0.2873
24.0397 7.1750 -27.2809 -0.9280 -0.2387 -0.2860 0.7615 0.6226
-17.8627 25.3875 21.4408 0.1365 -0.2910 -0.9469 0.9764 0.6449
-27.8854 10.7336 -23.3206 -0.0061 -0.0080 -0.9999 0.1915 0.6461
10.3719 -25.2519 -24.3518 -0.4641 0.8109 0.3564 0.5913 0.7816
28.7321 -9.6346 27.2913 0.7627 -0.2521 -0.5956 0.6747 0.7563
16.2903 -7.5898 20.8596 -0.0314 0.0218 0.9993 0.6888 0.1861
21.2575 -20.1072 -28.6886 0.3457 -0.2819 -0.8950 0.3823 0.2738
11.6540 26.0040 21.3994 0.0038 -0.0006 1.0000 0.7113 0.0227
5.9313 27.4267 -28.5637 -0.0903 -0.2709 -0.9583 0.6136 0.1992
-10.6063 31.2215 -1.3577 -0.2334 0.9724 0.0066 0.8517 0.3960
1.3815 30.3434 28.6075 -0.0247 -0.0904 0.9956 0.3086 0.1672
27.2381 5.8397 28.5829 -0.1794 -0.0344 0.9832 0.1894 0.0414
-30.8818 15.2705 -26.1229 -0.8834 0.4645 -0.0621 0.3983 0.6169
12.2086 22.3487 -24.4195 -0.5691 -0.7807 -0.2580 0.6214 0.6494
19.0084 -12.0839 21.0391 -0.0279 0.0165 0.9995 0.6755 0.2080
-14.7045 -25.6884 -24.0177 0.4290 0.8889 0.1607 0.5929 0.6596
-14.7045 -25.6884 -24.0177 0.2324 0.3751 -0.8974 0.0143 0.7102
19.7942 -23.8139 -4.4932 0.6913 -0.7226 0.0011 0.5493 0.3486
-4.9569 -32.3662 1.0659 -0.0931 -0.9956 0.0145 0.5764 0.4690
8.3761 11.1039 20.7463 -0.0013 -0.0082 1.0000 0.7273 0.0952
26.1453 -5.4503 25.5372 -0.9826 0.1844 0.0240 0.7876 0.6823
13.2774 28.2681 6.5122 0.4852 0.8743 -0.0132 0.8900 0.5122
20.5135 -19.9205 28.6978 -0.1179 0.1210 0.9856 0.0641 0.0741
18.0889 -25.4320 26.6334 0.6613 -0.7435 0.0993 0.7008 0.3569
-8.0055 -31.5004 -28.2136 -0.1320 -0.7317 -0.6687 0.4339 0.4839
1.8234 28.7340 24.4172 -0.1585 -0.9872 0.0158 0.4888 0.7074
-27.1863 19.9986 -28.0785 -0.6927 0.5813 -0.4269 0.7217 0.3153
-27.1863 19.9986 -28.0785 -0.3993 0.3158 -0.8607 0.5775 0.0381
-1.2766 29.2793 21.4634 0.0286 0.1043 -0.9941 0.8974 0.6309
-1.2766 29.2793 21.4634 -0.0408 -0.9431 -0.3300 0.4744 0.7225
-1.2766 29.2793 21.4634 0.1985 0.7653 -0.6123 0.5282 0.8613
26.0202 -15.4686 11.0345 0.8656 -0.5007 -0.0083 0.6249 0.3183
26.0202 -15.4686 11.0345 0.8854 -0.4648 0.0033 0.2999 0.8228
-34.9688 -3.0492 6.6336 -0.9949 -0.1001 -0.0144 0.3092 0.4575
-34.6295 4.2781 -6.2521 -0.9899 0.1387 -0.0298 0.3448 0.5202
-34.7553 3.2100 1.3591 -0.9945 0.1050 -0.0060 0.3396 0.4832
15.0217 23.0873 27.1954 -0.5848 -0.8085 0.0658 0.5023 0.6432
-15.7837 -3.6579 20.8970 0.0040 0.0182 0.9998 0.8448 0.1670
-20.7303 11.6513 -23.4367 -0.0093 0.0093 -0.9999 0.1960 0.6809
-14.6409 -30.0558 -11.4482 -0.3954 -0.9185 0.0050 0.5155 0.5161
-24.2200 -5.7549 21.1170 0.0302 0.0169 0.9994 0.8859 0.1772
31.3990 -5.3027 28.7323 -0.0123 -0.0138 0.9998 0.1352 0.0212
14.3357 -22.4073 -23.9282 0.0261 -0.0343 -0.9991 0.0303 0.8515
-34.4772 -6.1603 12.9494 -0.9776 -0.2091 -0.0226 0.2940 0.4268
-32.4495 -4.2268 28.7004 0.1626 0.0191 0.9865 0.1405 0.3318
-13.3298 -23.9857 21.2403 0.0136 0.0229 0.9996 0.8329 0.2659
17.9187 -9.2592 20.9545 -0.0335 0.0230 0.9992 0.6808 0.1942
-25.0548 -18.7815 28.2363 0.6874 0.5346 0.4916 0.6987 0.8305
-25.0548 -18.7815 28.2363 0.5263 0.4770 0.7039 0.0696 0.2958
-25.0548 -18.7815 28.2363 0.7585 0.6477 0.0716 0.5612 0.6181
-8.4129 -27.4580 -27.8217 0.1585 0.7733 -0.6138 0.5744 0.6902
24.1432 6.1623 -26.7298 -0.9560 -0.2390 -0.1704 0.7588 0.6276
26.2070 9.4916 28.6006 -0.1599 -0.0742 0.9843 0.2072 0.0464
2.5255 -16.1324 21.1823 0.3208 -0.0918 0.9427 0.7557 0.2277
13.2684 1.1562 -23.9275 -0.0138 0.0069 -0.9999 0.1449 0.8463
25.1686 -5.7773 20.5228 0.9569 -0.2836 -0.0622 0.9374 0.5883
25.1686 -5.7773 20.5228 -0.3502 0.0576 -0.9349 0.8622 0.7406
-16.5940 -25.2086 21.3631 0.0562 0.0982 0.9936 0.8488 0.2718
0.0388 32.8498 27.8684 0.0995 0.9134 -0.3948 0.9939 0.4478
28.4438 8.9030 5.6039 0.9591 0.2830 0.0023 0.4184 0.7964
3.3722 -28.8843 28.2837 -0.1493 0.7761 0.6127 0.5614 0.7564
16.8608 21.5919 21.3636 -0.6845 -0.7265 0.0606 0.4740 0.6343
16.8608 21.5919 21.3636 -0.2569 -0.3232 0.9108 0.6860 0.0441
-30.9759 6.7152 27.5346 0.9739 -0.2068 0.0934 0.8587 0.6226
29.6930 -2.0272 19.9340 0.9966 -0.0827 -0.0034 0.3653 0.8661
-28.4977 -9.1049 -26.2050 0.9451 0.3229 0.0492 0.7231 0.7319
-28.5828 -19.3084 -3.8628 -0.8124 -0.5828 0.0177 0.5524 0.5840
-28.2638 19.3843 -26.6187 -0.7824 0.6061 -0.1431 0.7288 0.3101
-11.3030 30.3365 -28.1121 -0.2091 0.6918 -0.6912 0.7215 0.3926
7.3219 -31.1559 9.4624 0.2931 -0.9561 -0.0003 0.6172 0.4093
24.0880 -8.7753 21.1351 0.3802 -0.0945 0.9201 0.6508 0.1919
18.3700 24.6546 0.4653 0.6485 0.7612 -0.0026 0.8605 0.5369
25.7153 -4.6332 19.9225 -0.3407 -0.4788 -0.8091 0.4633 0.9081
25.7153 -4.6332 19.9225 -0.7853 -0.3817 -0.4875 0.3363 0.9070
25.7153 -4.6332 19.9225 -0.0055 -0.5020 0.8649 0.3424 0.9060
25.7153 -4.6332 19.9225 -0.7695 -0.1109 -0.6290 0.8649 0.7350
-4.0584 -21.1742 21.2604 0.0543 0.0791 0.9954 0.7878 0.2522
-28.6803 8.7434 -26.7005 0.8935 -0.3229 -0.3122 0.7207 0.6451
-14.3550 -30.0801 14.5450 -0.3624 -0.9320 0.0029 0.6419 0.5147
-0.9276 8.8746 20.9210 0.0399 -0.0169 0.9991 0.7725 0.1060
-23.0902 20.9988 27.9277 0.4574 -0.4560 0.7634 0.2632 0.2863
-23.0902 20.9988 27.9277 0.7001 -0.7074 0.0968 0.5059 0.8286
-5.0363 18.2922 21.0091 0.0508 -0.0354 0.9981 0.7925 0.0602
-1.8492 -27.7336 -27.1763 -0.0484 0.9535 -0.2976 0.5775 0.7221
-19.3942 -27.5499 -27.6851 -0.4843 -0.7952 -0.3648 0.4365 0.5393
-27.4326 -20.7663 -7.7131 -0.7763 -0.6302 -0.0099 0.5337 0.5784
23.0483 -19.8618 26.1835 0.8014 -0.5961 0.0491 0.6986 0.3328
-8.2226 27.2127 -27.2516 0.1950 -0.8833 -0.4263 0.6076 0.7488
-4.9006 -29.7052 28.5246 0.0051 0.1681 0.9858 0.0165 0.1978
-4.9006 -29.7052 28.5246 0.0432 0.6115 0.7901 0.5626 0.7162
26.3351 -0.4432 -28.6571 -0.4349 -0.0080 -0.9004 0.4780 0.2985
-34.8940 1.6804 -5.9219 -0.9989 0.0372 -0.0289 0.3322 0.5186
-34.9495 -0.4560 -3.8258 -1.0000 -0.0038 0.0048 0.3218 0.5084
1.6369 -28.6690 21.2080 -0.1267 0.8729 0.4712 0.5270 0.7480
-18.8832 -8.2870 -23.6964 -0.0091 0.0147 -0.9999 0.0990 0.6899
15.8125 26.6308 2.2700 0.5663 0.8242 -0.0067 0.8693 0.5245
8.1037 26.9849 23.4215 -0.3760 -0.9266 0.0052 0.4840 0.6769
8.1037 26.9849 23.4215 -0.4015 -0.9158 0.0070 0.7658 0.7524
-4.1903 26.4213 21.2945 -0.0400 0.0351 0.9986 0.7884 0.0207
25.3306 16.3419 -6.6648 0.8546 0.5193 -0.0058 0.8258 0.5708
25.3306 16.3419 -6.6648 0.8759 0.4825 -0.0063 0.4546 0.7367
-19.2971 -27.5998 11.9244 -0.5099 -0.8602 -0.0029 0.6292 0.5388
26.3725 3.5306 21.8075 -0.9811 -0.1213 0.1505 0.8058 0.6386
-2.2198 24.3973 21.2270 -0.0166 -0.1014 0.9947 0.7788 0.0305
24.5887 -17.8535 18.3368 0.8461 -0.5329 0.0118 0.6604 0.3253
-18.1287 -26.3860 28.6679 0.0630 0.1060 0.9924 0.0326 0.2621
-3.9349 7.1620 20.9230 -0.0079 -0.0370 0.9993 0.7872 0.1144
-34.4427 5.8186 13.0487 -0.9807 0.1951 -0.0103 0.3523 0.4263
23.1754 -9.2284 -23.9294 0.0670 -0.0158 -0.9976 0.0944 0.8945
31.1496 -7.6882 27.6303 0.2391 -0.0884 -0.9670 0.6864 0.7468
0.0850 19.6341 21.0527 -0.0092 -0.0048 0.9999 0.7676 0.0537
-26.7907 22.0656 28.5568 -0.1635 0.1599 0.9735 0.2684 0.3043
-21.4917 -20.2896 -25.6288 0.6376 0.7316 0.2413 0.5851 0.6265
25.4774 6.8161 21.2047 -0.1076 -0.0188 0.9940 0.6441 0.1160
25.4774 6.8161 21.2047 -0.8710 -0.2101 0.4440 0.8087 0.6226
13.6978 10.9318 20.8049 -0.0258 -0.0211 0.9994 0.7014 0.0960
-34.3722 8.8676 28.1957 -0.9516 0.2302 -0.2035 0.3672 0.3526
2.5493 -27.3148 -27.3704 -0.1365 0.9028 -0.4077 0.5766 0.7435
15.0317 -26.4491 28.7766 0.0384 -0.0489 0.9981 0.0323 0.1008
-27.0738 -21.6843 28.6560 -0.3285 -0.2956 0.8971 0.0555 0.3056
-22.5421 -25.6688 22.7922 -0.6069 -0.7948 -0.0024 0.6821 0.5546
-14.0194 -5.7654 20.9395 -0.0075 0.0171 0.9998 0.8362 0.1772
-10.3891 31.2822 26.7750 -0.2018 0.9061 -0.3719 0.9885 0.3970
3.1220 -8.3932 21.0606 -0.0910 0.0118 0.9958 0.7528 0.1900
2.7498 30.8957 28.6833 -0.0172 -0.0615 0.9980 0.3113 0.1605
-1.4436 29.6244 21.2743 0.0022 0.1324 0.9912 0.7750 0.0051
22.4834 -13.9830 19.9882 -0.8506 0.2609 0.4565 0.5411 0.8607
22.4834 -13.9830 19.9882 -0.8284 0.5547 0.0779 0.5211 0.8494
22.4834 -13.9830 19.9882 -0.1291 0.3689 0.9205 0.9657 0.6283
17.5633 25.0963 28.7775 0.0433 0.0276 0.9987 0.2831 0.0885
8.7991 30.2277 -10.8346 0.3374 0.9413 -0.0067 0.8056 0.4904
-31.5215 2.9060 23.2897 0.9949 -0.0867 -0.0521 0.8380 0.6411
-33.2277 10.2792 -2.4588 -0.9489 0.3154 0.0007 0.3740 0.5018
24.5338 -11.4198 27.9984 -0.6110 0.2746 0.7425 0.1055 0.0546
24.5338 -11.4198 27.9984 -0.9109 0.3837 0.1520 0.7757 0.7113
8.4083 -27.0173 24.8098 -0.3944 0.9188 -0.0118 0.5445 0.7809
-34.8429 -2.4278 -5.9970 -0.9970 -0.0697 -0.0329 0.3122 0.5190
24.0319 -10.3836 18.9669 0.5992 -0.0641 0.7980 0.9582 0.6107
-24.1606 12.6918 -23.3611 -0.0249 0.0153 -0.9996 0.2010 0.6642
-11.3103 27.7851 22.3999 0.3309 -0.9435 -0.0185 0.4790 0.7713
14.5006 27.5756 8.3628 0.5303 0.8478 -0.0103 0.8990 0.5181
16.9716 -20.5932 -23.9609 -0.5330 0.5674 -0.6277 0.5932 0.8137
16.9716 -20.5932 -23.9609 -0.0844 0.1085 -0.9905 0.0391 0.8644
24.5674 17.5293 5.0036 0.8402 0.5423 -0.0039 0.8826 0.5671
-3.7806 9.5406 20.9954 0.0114 -0.0208 0.9997 0.7864 0.1028
1.1755 29.1887 21.4934 0.0480 0.3486 -0.9361 0.8969 0.6428
-18.3269 -24.0588 -28.4677 0.2657 0.4184 -0.8685 0.3631 0.0812
-20.1423 21.8363 -27.6855 0.5444 -0.6429 -0.5388 0.6055 0.8068
0.5825 -16.5940 21.0412 -0.1061 0.0400 0.9935 0.7652 0.2299
12.8464 28.1936 -26.2427 0.4926 0.8650 -0.0956 0.7306 0.5101
29.3027 5.4199 23.1294 0.9873 0.1586 -0.0063 0.4015 0.8816
-30.3468 -16.5411 -11.9930 -0.8555 -0.5178 -0.0049 0.5128 0.5925
1.5525 -32.3613 -7.3395 0.1072 -0.9942 0.0013 0.5355 0.4374
12.4838 21.9553 21.1149 -0.0281 -0.0456 0.9986 0.7073 0.0424
15.5467 26.7592 -8.1339 0.5596 0.8287 -0.0096 0.8187 0.5232
-32.6023 11.5615 26.0417 -0.9275 0.3731 -0.0245 0.3803 0.3631
-19.1763 -22.5170 -24.0197 0.5300 0.6844 -0.5007 0.5929 0.6378
9.4055 30.4100 28.6810 0.1709 0.4337 0.8847 0.3090 0.1282
9.4055 30.4100 28.6810 0.3454 0.8224 0.4521 0.9978 0.4933
-33.9070 -9.9340 28.0711 -0.8371 -0.2406 -0.4914 0.2757 0.3532
-22.4994 -20.9767 21.3539 0.1832 0.1739 0.9676 0.8775 0.2513
22.6385 -12.9549 20.9924 0.7198 -0.3709 0.5868 0.6579 0.2122
22.6385 -12.9549 20.9924 0.8638 -0.5032 -0.0245 0.9396 0.6233
-3.2736 -28.0020 -27.6456 0.0098 0.8545 -0.5194 0.5753 0.7152
-5.1700 13.8756 20.9207 0.0242 -0.0112 0.9996 0.7932 0.0817
-29.6885 5.9982 -27.1581 0.8721 -0.1923 -0.4499 0.7184 0.6585
26.5749 -14.2652 18.5808 0.8987 -0.4384 0.0137 0.3057 0.8595
3.1008 28.0121 21.2469 -0.0099 -0.0680 0.9976 0.7529 0.0129
0.0374 -13.2556 21.0619 0.1660 0.0028 0.9861 0.7678 0.2137
22.4357 -13.3929 -23.9436 -0.3741 0.2735 -0.8861 0.0741 0.8909
-33.3635 9.8596 13.0489 -0.9477 0.3190 -0.0074 0.3720 0.4263
7.9267 -23.4392 20.9580 0.0755 -0.0903 0.9930 0.7295 0.2632
-19.0419 22.6196 -25.2897 0.5464 -0.8124 0.2036 0.6171 0.8015
25.6473 -5.7247 18.9268 0.2814 -0.2789 0.9182 0.9504 0.5881
-18.4333 28.5508 28.5808 -0.0185 0.0714 0.9973 0.2999 0.2636
11.7772 -24.3563 -28.0221 -0.4044 0.6317 -0.6614 0.5734 0.7884
-26.3671 -22.0165 -7.4732 -0.7453 -0.6666 -0.0163 0.5348 0.5732
-23.9775 -19.9847 21.4691 0.2315 0.2718 0.9341 0.8847 0.2464
-23.9775 -19.9847 21.4691 0.7120 0.7009 -0.0429 0.5283 0.6234
16.4341 -22.0622 -28.7120 -0.3037 0.3651 -0.8800 0.3728 0.2503
28.3287 -11.2941 28.3712 0.4899 -0.1540 0.8581 0.1061 0.0361
-15.1026 -29.7752 12.8114 -0.3887 -0.9214 0.0005 0.6335 0.5184
-29.2316 -11.1171 -28.6280 0.3115 0.1204 -0.9426 0.4261 0.0281
-32.4880 -13.1945 28.6345 -0.3584 -0.1659 0.9187 0.0968 0.3320
-26.3427 11.3358 21.1683 0.0424 -0.0109 0.9990 0.8962 0.0940
3.7867 26.5533 -23.7366 -0.2527 -0.9629 -0.0950 0.6247 0.6904
3.7867 26.5533 -23.7366 -0.0990 -0.2383 -0.9661 0.2685 0.8002
-19.4069 23.7484 21.8076 0.4909 -0.8708 0.0260 0.4761 0.8107
15.6485 26.8025 7.6574 0.5724 0.8199 -0.0085 0.8955 0.5237
-10.8215 -31.2686 16.6398 -0.2611 -0.9653 -0.0025 0.6521 0.4976
27.6874 11.2976 19.4808 0.9349 0.3549 0.0013 0.4301 0.8639
22.0218 20.9904 12.0082 0.7660 0.6428 0.0047 0.9167 0.5547
-15.3501 -24.7011 -25.8093 0.4836 0.8319 0.2722 0.5842 0.6564
-8.2230 11.6517 21.1037 0.0952 -0.0281 0.9951 0.8080 0.0925
-0.6153 27.4918 -24.4663 -0.1181 -0.9928 -0.0176 0.6211 0.7118
16.5471 26.1616 26.4663 0.5922 0.8046 0.0444 0.9870 0.5281
22.7604 20.1328 -2.4300 0.7787 0.6275 -0.0016 0.8464 0.5583
-16.3060 -25.9255 21.6088 0.4606 0.8524 0.2476 0.5289 0.6607
-13.2268 -25.5256 -27.1118 0.3791 0.9144 -0.1420 0.5779 0.6667
27.4220 13.7108 28.2355 0.5255 0.2541 0.8119 0.2277 0.0405
27.4220 13.7108 28.2355 0.8976 0.4399 -0.0271 0.9456 0.6616
29.2926 -7.8569 28.5830 0.1419 -0.1606 0.9768 0.1228 0.0314
-29.8647 -17.4907 10.9458 -0.8683 -0.4959 0.0093 0.2389 0.4366
-29.8647 -17.4907 10.9458 -0.8315 -0.5554 0.0093 0.6244 0.5902
-33.4518 11.1557 27.7661 -0.7068 0.2519 -0.6610 0.3783 0.3547
-17.6914 22.3888 -23.3178 -0.0123 0.0085 -0.9999 0.2482 0.6957
-25.0770 23.0114 3.3072 -0.6980 0.7161 -0.0011 0.8744 0.3256
-13.6658 -30.5249 28.9418 0.0585 0.2242 0.9728 0.0125 0.2404
29.6799 -8.0329 27.4685 0.2779 -0.3150 -0.9075 0.6793 0.7485
-34.6522 -3.1832 -18.2074 -0.9958 -0.0913 -0.0063 0.3085 0.5784
13.3901 -28.5783 9.0989 0.4744 -0.8803 -0.0093 0.6154 0.3798
2.2893 -11.5448 21.0537 -0.1148 0.0317 0.9929 0.7569 0.2054
8.5591 -25.5953 -25.2132 -0.3601 0.8303 0.4254 0.5871 0.7727
25.0239 -18.3401 27.8347 0.8319 -0.5540 0.0315 0.7066 0.3232
29.1074 -6.5695 22.2583 0.9806 -0.1961 -0.0025 0.3432 0.8774
35.3137 2.4091 27.6423 0.6160 0.0671 -0.7849 0.7067 0.6977
35.3137 2.4091 27.6423 0.9849 0.0527 -0.1651 0.9195 0.6048
19.2116 19.6582 28.0557 -0.6519 -0.6484 0.3932 0.5065 0.6228
-18.1263 23.6691 21.3512 -0.0788 -0.2689 0.9599 0.6240 0.8411
-18.1263 23.6691 21.3512 0.0661 -0.0302 0.9974 0.8562 0.0340
-27.6921 -13.4761 -28.3468 0.5925 0.3487 -0.7262 0.4146 0.0356
3.0139 -27.3959 -23.9725 -0.2426 0.7854 -0.5695 0.5931 0.7458
3.0139 -27.3959 -23.9725 0.0117 -0.0210 -0.9997 0.0060 0.7965
15.3718 25.0329 -28.5033 0.2504 0.3403 -0.9064 0.6020 0.2451
-11.7852 -30.9806 11.1893 -0.2914 -0.9566 -0.0012 0.6256 0.5022
21.5729 -16.4641 24.3672 -0.8193 0.5733 0.0119 0.5424 0.8450
8.4377 27.8973 28.6541 -0.0923 -0.1732 0.9806 0.2967 0.1329
-29.0549 -12.2695 25.7796 0.9140 0.4057 -0.0025 0.8502 0.7150
2.6225 23.5852 -23.6039 -0.0158 0.0098 -0.9998 0.2540 0.7945
-31.6064 5.3992 21.3322 0.9963 -0.0849 -0.0140 0.8285 0.6290
14.2213 -23.7509 26.3445 -0.5725 0.8199 0.0008 0.5520 0.8092
29.7513 0.5569 -0.4432 0.9991 0.0423 0.0095 0.3778 0.7669
-18.9866 -27.1711 -28.4343 -0.2443 -0.3848 -0.8901 0.3480 0.0780
-18.9866 -27.1711 -28.4343 -0.3997 -0.6943 -0.5986 0.4328 0.5373
33.7284 5.7019 28.7348 0.0979 0.0396 0.9944 0.1888 0.0098
23.7904 -17.7861 28.7148 0.1686 -0.1070 0.9799 0.0745 0.0582
-11.1211 28.3251 21.2966 -0.2681 0.9035 0.3343 0.7437 0.7450
-11.1211 28.3251 21.2966 -0.1217 -0.0892 -0.9885 0.8927 0.5830
-29.0979 -18.4937 23.1534 -0.8308 -0.5563 0.0192 0.6838 0.5865
-16.8043 -21.6912 21.2395 0.0122 0.0175 0.9998 0.8498 0.2547
-34.4659 -5.7855 -6.0324 -0.9863 -0.1630 -0.0265 0.2959 0.5192
-11.3407 28.2671 21.2490 0.1541 0.9481 0.2781 0.7435 0.7439
-20.2865 -27.0124 6.3586 -0.5123 -0.8588 -0.0056 0.6021 0.5436
29.6118 7.2238 27.2133 0.0467 0.0232 -0.9986 0.6790 0.6743
-9.8684 -2.5016 -23.6952 -0.0083 0.0117 -0.9999 0.1271 0.7338
-22.9513 1.7844 20.9772 0.0324 0.0060 0.9995 0.8797 0.1405
-32.8024 -11.6831 -4.9059 -0.9333 -0.3590 -0.0065 0.2672 0.5137
-32.7568 -12.6002 27.7462 -0.6926 -0.2812 -0.6642 0.2627 0.3548
-13.3005 -30.5111 25.0625 -0.3412 -0.9400 -0.0034 0.6931 0.5096
35.2201 -2.5861 27.7543 0.9834 -0.1635 -0.0785 0.9200 0.6291
2.8792 3.6008 20.9002 -0.0647 0.0012 0.9979 0.7540 0.1317
24.5340 -18.0257 9.7572 0.8389 -0.5442 0.0091 0.6187 0.3255
-34.7455 2.1595 -13.6774 -0.9990 0.0452 -0.0026 0.3345 0.5564
-30.5479 -16.4788 5.6979 -0.8543 -0.5180 -0.0420 0.5989 0.5935
14.9479 -27.9082 23.0132 0.5318 -0.8468 -0.0120 0.6831 0.3722
-35.1246 -0.6386 6.6057 -0.9998 -0.0083 -0.0207 0.3209 0.4577
9.8931 -12.2121 20.8424 -0.0103 0.0276 0.9996 0.7199 0.2086
-20.9002 22.6401 22.9607 0.6242 -0.7805 0.0351 0.4817 0.8180
-22.5871 21.1528 22.4844 0.6607 -0.7403 -0.1245 0.4794 0.8262
-26.7306 9.3435 21.1573 0.0530 -0.0163 0.9985 0.8981 0.1037
27.6594 -12.0212 27.1622 0.5533 -0.2415 -0.7972 0.6695 0.7679
-12.3055 26.0880 -24.3454 0.3159 -0.9331 0.1719 0.6217 0.7687
-12.1466 -31.1967 29.0088 -0.0268 -0.0557 0.9981 0.0092 0.2330
-15.8964 29.5749 26.9960 -0.3264 0.7543 -0.5696 0.9896 0.3702
-10.8640 -29.2566 28.6064 0.0298 0.1091 0.9936 0.0187 0.2268
16.6611 21.8156 21.8725 -0.6869 -0.7265 -0.0177 0.4764 0.6352
23.7811 -19.1574 11.0894 0.8309 -0.5564 0.0045 0.6251 0.3292
-16.6063 -13.0427 21.1043 0.0108 0.0214 0.9997 0.8488 0.2127
17.8653 -18.7113 20.6872 -0.1856 -0.9335 -0.3068 0.9275 0.6612
17.8653 -18.7113 20.6872 -0.6688 -0.5476 0.5029 0.6811 0.2402
17.8653 -18.7113 20.6872 -0.9817 0.0367 0.1869 0.5571 0.8596
18.4213 -18.5276 20.0606 0.4598 -0.8407 0.2858 0.9244 0.6585
-6.5353 6.1729 20.8823 0.0120 -0.0067 0.9999 0.7998 0.1192
0.5280 -32.1983 23.9338 0.0786 -0.9969 0.0064 0.6876 0.4423
25.1133 -14.8967 28.7182 0.0159 -0.0067 0.9999 0.0885 0.0517
10.2150 25.8601 21.4068 -0.1555 -0.3168 0.9357 0.7183 0.0234
10.2150 25.8601 21.4068 -0.3106 -0.7173 0.6238 0.4742 0.6666
29.7509 -2.4383 -5.2669 0.9980 -0.0630 0.0064 0.3633 0.7435
-3.1178 -32.5848 -14.1098 -0.0242 -0.9997 0.0048 0.5025 0.4601
24.7759 -8.7551 20.4261 -0.9266 0.2981 -0.2293 0.8125 0.6984
0.1543 30.7500 28.6166 -0.0200 -0.0891 0.9958 0.3106 0.1732
-28.0435 14.1892 22.9969 0.8794 -0.4698 -0.0768 0.8366 0.5862
-30.2013 -14.1353 -28.7087 -0.3738 -0.1717 -0.9115 0.4114 0.0234
-8.0880 32.1204 28.6659 -0.0352 0.2138 0.9762 0.3173 0.2133
13.0403 20.9138 -23.8062 -0.0751 -0.0678 -0.9949 0.2410 0.8452
12.5976 -28.9591 -24.2784 0.4702 -0.8825 -0.0103 0.4531 0.3836
-27.9719 -13.9120 21.4957 0.5011 0.2804 0.8187 0.9041 0.2169
-32.1029 13.1545 -3.9445 -0.9094 0.4160 -0.0006 0.3880 0.5090
13.2865 -23.8143 -28.3565 -0.3196 0.4664 -0.8249 0.3643 0.2350
13.2865 -23.8143 -28.3565 -0.3524 0.5318 -0.7701 0.5718 0.7957
13.6413 -28.3756 1.7368 0.4976 -0.8674 -0.0017 0.5796 0.3785
-0.3858 -12.7252 21.1257 0.1292 0.0207 0.9914 0.7699 0.2111
-33.2285 8.1349 -28.0627 -0.6998 0.1810 -0.6910 0.5198 0.0087
-7.3959 29.6243 21.2468 0.0990 -0.3768 -0.9210 0.8990 0.6011
-7.3959 29.6243 21.2468 0.1035 -0.2566 0.9610 0.8040 0.0051
11.8494 -29.2729 27.1328 0.4320 -0.9011 -0.0362 0.7032 0.3873
-32.1834 12.6702 -25.6557 -0.9146 0.4014 -0.0487 0.3857 0.6146
-5.2346 26.7935 21.2498 -0.0271 0.0042 0.9996 0.7935 0.0188
-31.0234 7.3755 21.2274 0.8807 -0.4719 0.0422 0.8280 0.6194
-31.0234 7.3755 21.2274 -0.3884 -0.1972 0.9002 0.9190 0.1133
-31.0234 7.3755 21.2274 0.0958 -0.8840 0.4576 0.6399 0.8270
35.1763 4.1774 27.7537 0.6897 0.0996 -0.7172 0.7060 0.6891
35.1763 4.1774 27.7537 0.9734 0.1718 0.1515 0.9200 0.5962
16.2301 -21.3356 -24.1354 -0.6279 0.7638 0.1498 0.5923 0.8101
18.6474 -21.1651 -28.9477 -0.0193 0.0259 -0.9995 0.3772 0.2611
13.9908 -6.3602 -23.9963 -0.0110 0.0076 -0.9999 0.1084 0.8499
12.8506 -28.3014 28.7461 0.1350 -0.2372 0.9620 0.0233 0.1114
25.8436 -4.2162 19.6177 0.6371 -0.3962 0.6611 0.9494 0.5807
25.8436 -4.2162 19.6177 -0.3210 -0.5014 -0.8035 0.4639 0.9060
25.8436 -4.2162 19.6177 0.8219 -0.4826 0.3027 0.9330 0.5807
25.8436 -4.2162 19.6177 -0.7666 -0.4906 -0.4143 0.8164 0.6763
-7.2890 -32.0557 1.7687 -0.1594 -0.9871 0.0122 0.5798 0.4804
24.1431 17.9941 -25.5329 0.8213 0.5654 -0.0758 0.7340 0.5650
-8.3737 23.1912 21.1323 0.0025 -0.0241 0.9997 0.8088 0.0364
13.5684 -22.9134 -23.9274 0.0224 -0.0339 -0.9992 0.0278 0.8478
-15.4509 -25.9542 21.3773 0.1249 0.2345 0.9641 0.8432 0.2755
-30.2881 17.1492 28.5838 -0.1466 0.1013 0.9840 0.2445 0.3213
28.8710 -7.8200 -26.9352 0.9375 -0.2328 -0.2587 0.3371 0.6381
14.6052 23.0147 -28.6395 -0.1904 -0.2551 -0.9480 0.5921 0.2414
23.6602 18.8532 -22.0944 0.8069 0.5905 -0.0133 0.7508 0.5627
-29.5386 -10.4412 21.3493 0.1367 0.0521 0.9892 0.9117 0.2000
-4.7589 29.5161 21.4256 -0.0265 0.1475 -0.9887 0.8985 0.6140
-24.5358 -22.8274 -28.4563 -0.2869 -0.3075 -0.9073 0.3691 0.0510
-24.5358 -22.8274 -28.4563 -0.5521 -0.6034 -0.5754 0.4327 0.5643
-23.0791 24.8042 24.1907 -0.6302 0.7764 -0.0002 0.9760 0.3353
26.3823 4.6847 27.8979 -0.8348 -0.1279 0.5354 0.1838 0.0456
26.3823 4.6847 27.8979 -0.9800 -0.1719 0.1001 0.7761 0.6330
-15.6952 24.4374 -25.6332 0.4238 -0.8926 0.1537 0.6155 0.7852
-2.0806 -12.8391 21.1732 -0.0349 0.0006 0.9994 0.7781 0.2117
26.9650 -13.6321 -26.7874 0.8938 -0.4075 -0.1872 0.3088 0.6388
-33.4869 -10.0735 20.9378 -0.9460 -0.3240 -0.0092 0.2750 0.3879
23.7192 18.7886 -10.3952 0.8177 0.5757 -0.0061 0.8077 0.5630
-23.1491 -15.7095 21.2499 0.0208 0.0178 0.9996 0.8806 0.2256
-29.3922 12.4776 -28.6903 0.1706 -0.0682 -0.9830 0.5409 0.0274
-32.3953 12.4776 1.7056 -0.9188 0.3947 -0.0061 0.3847 0.4815
-29.0767 8.2113 21.3198 0.1572 -0.0105 0.9875 0.9095 0.1092
24.8891 -7.2748 18.9897 0.6906 -0.2559 0.6765 0.9540 0.5956
-5.0588 -32.9714 27.9637 -0.0794 -0.9944 -0.0698 0.7072 0.4695
14.7770 -13.5594 -24.0478 -0.0065 0.0048 -1.0000 0.0733 0.8537
-15.2040 30.6316 28.0092 -0.3619 0.9042 -0.2269 0.9945 0.3736
11.7391 26.3063 21.4705 -0.5070 -0.8617 -0.0201 0.9100 0.5891
26.0324 -8.7026 28.4760 -0.4207 0.1290 0.8980 0.1187 0.0473
-3.3731 32.0742 24.7464 -0.0292 0.9996 0.0061 0.9787 0.4312
5.5028 -31.8823 27.7240 0.2614 -0.9310 -0.2547 0.7061 0.4181
-14.9042 8.8878 -23.5121 -0.0104 0.0096 -0.9999 0.1825 0.7093
-18.5136 -28.2183 -21.1948 -0.4976 -0.8672 0.0176 0.4681 0.5350
13.8336 -22.3462 -26.0602 -0.5836 0.7693 0.2600 0.5830 0.7984
-20.1947 18.2668 -23.3540 -0.0244 0.0213 -0.9995 0.2282 0.6835
-32.4515 -12.5548 13.5632 -0.9221 -0.3870 -0.0017 0.2629 0.4238
14.5586 -23.5380 25.3436 -0.5781 0.8157 -0.0218 0.5471 0.8109
19.0808 19.5323 22.1828 -0.7363 -0.6755 0.0391 0.4779 0.6235
13.1549 22.7436 -27.7512 -0.5193 -0.7290 -0.4460 0.6051 0.6448
21.2096 16.2753 21.2622 -0.4197 -0.2590 0.8699 0.6648 0.0700
-31.8571 13.4704 12.5784 -0.9056 0.4240 0.0053 0.3896 0.4286
-5.2979 -32.4505 -13.7071 -0.0927 -0.9957 0.0062 0.5045 0.4707
-13.1964 -30.5303 2.6507 -0.3458 -0.9383 0.0076 0.5841 0.5091
32.1226 9.3812 28.6142 0.1912 0.2348 0.9530 0.2067 0.0176
32.1226 9.3812 28.6142 0.5137 0.5710 0.6404 0.9977 0.6461
16.6374 -21.7612 19.2632 -0.4811 0.6611 0.5757 0.5175 0.8210
16.6374 -21.7612 19.2632 -0.4087 0.4443 0.7972 0.6871 0.2551
-3.2478 -32.5548 -6.3525 -0.0424 -0.9991 0.0053 0.5403 0.4607
-5.1309 -32.7577 28.5214 -0.0455 -0.8253 0.5628 0.7099 0.4699
20.8626 17.5805 28.0160 -0.6845 -0.4762 0.5520 0.2466 0.0724
20.8626 17.5805 28.0160 -0.7530 -0.5426 0.3721 0.5063 0.6148
-18.7461 -27.9472 -9.3516 -0.4928 -0.8701 0.0011 0.5257 0.5361
-17.0803 26.1725 20.9609 -0.0639 0.1080 0.9921 0.8511 0.0219
-18.3634 27.3196 28.5717 0.0225 -0.0437 0.9988 0.2939 0.2633
22.3788 -16.4517 -28.9424 -0.0791 0.0572 -0.9952 0.4001 0.2792
16.6438 26.1533 16.7182 0.6034 0.7974 -0.0072 0.9396 0.5285
19.1942 -19.1319 19.7069 -0.7568 0.6324 -0.1651 0.5197 0.8334
19.1942 -19.1319 19.7069 -0.5476 0.2392 0.8018 0.6746 0.2423
19.1942 -19.1319 19.7069 -0.8802 0.4565 0.1300 0.8544 0.7462
3.3283 31.7441 -9.7710 0.1766 0.9843 0.0012 0.8107 0.4638
18.3790 20.7609 28.4703 -0.3287 -0.3422 0.8802 0.2620 0.0845
18.3790 20.7609 28.4703 -0.6366 -0.6404 0.4297 0.5085 0.6269
18.6665 8.7816 20.9318 -0.0425 -0.0174 0.9989 0.6772 0.1065
-2.5340 5.0657 20.9826 0.0091 0.0433 0.9990 0.7803 0.1246
0.6902 -29.7601 -28.9867 -0.0209 0.1962 -0.9804 0.3354 0.1737
-23.7719 -24.6153 -18.9996 -0.6562 -0.7545 0.0083 0.4787 0.5606
16.3134 18.2388 -23.8829 -0.2057 -0.1968 -0.9586 0.2280 0.8612
1.1729 -32.2566 13.8484 0.0949 -0.9953 0.0171 0.6386 0.4392
-9.6080 19.7924 21.0457 0.0022 -0.0266 0.9996 0.8148 0.0529
12.7297 28.9678 28.1782 0.4650 0.8820 -0.0761 0.9954 0.5095
-12.7992 24.4263 21.1699 0.0065 -0.0170 0.9998 0.8303 0.0304
28.0457 12.4268 28.1511 0.8991 0.4367 0.0303 0.9452 0.6679
-5.8622 29.9642 21.1940 0.1091 -0.9940 -0.0045 0.9087 0.6748
-2.2236 -29.4375 28.2206 -0.0037 0.8336 0.5524 0.5611 0.7292
-25.1323 22.9456 8.5998 -0.7009 0.7133 -0.0022 0.9001 0.3253
-32.2858 -12.2734 -27.1537 -0.9037 -0.3827 -0.1920 0.2643 0.6219
29.6525 1.3714 27.2490 0.4644 0.0123 -0.8855 0.6792 0.7028
29.6525 1.3714 27.2490 0.9414 0.0264 -0.3363 0.3818 0.9017
26.5420 -14.5603 -2.7334 0.8974 -0.4412 0.0042 0.3043 0.7558
-18.4860 27.9662 20.3862 -0.4942 0.8694 0.0029 0.9575 0.3576
4.6650 31.4399 -13.4920 0.2247 0.9744 -0.0087 0.7926 0.4703
-28.1375 -19.2259 28.7509 -0.0650 -0.0457 0.9968 0.0675 0.3108
25.4278 -3.7659 -24.0282 -0.9659 0.2054 -0.1574 0.7457 0.6759
25.4278 -3.7659 -24.0282 -0.7338 0.1442 -0.6639 0.1210 0.9055
-8.3492 28.9957 21.2498 -0.0897 0.9837 -0.1556 0.9363 0.6562
-8.3492 28.9957 21.2498 -0.0610 0.4606 0.8855 0.8086 0.0081
-29.2020 18.1366 8.5511 -0.8260 0.5636 0.0016 0.8999 0.3055
7.5559 -29.9468 28.7644 -0.0118 -0.0023 0.9999 0.0153 0.1372
-5.1343 8.6213 20.9686 -0.0381 -0.0375 0.9986 0.7930 0.1073
22.8730 12.5076 20.7268 -0.9098 -0.2412 0.3378 0.6744 0.8306
-26.1875 15.3979 -23.3561 0.0699 -0.0380 -0.9968 0.2142 0.6544
-26.1875 15.3979 -23.3561 0.8069 -0.5534 0.2068 0.6265 0.8362
-26.1875 15.3979 -23.3561 0.8654 -0.4808 0.1412 0.7369 0.6127
29.0600 7.0028 -19.0681 0.9742 0.2256 0.0046 0.4092 0.6763
1.5359 28.8986 21.6556 -0.0476 -0.9185 -0.3926 0.4754 0.7088
1.5359 28.8986 21.6556 -0.1601 -0.3400 -0.9267 0.8955 0.6446
23.2613 -13.6799 24.2195 -0.8806 0.4735 0.0180 0.7940 0.7223
23.2613 -13.6799 24.2195 -0.8657 0.5005 0.0079 0.5417 0.8532
13.0861 -24.5522 23.7427 -0.5305 0.8477 0.0015 0.5393 0.8037
-26.1435 -22.4550 28.7086 -0.1586 -0.1409 0.9772 0.0518 0.3011
-29.4187 1.1577 21.2601 0.0354 -0.0048 0.9994 0.9111 0.1436
27.9202 -11.0058 16.4800 0.9476 -0.3193 0.0034 0.3216 0.8493
-10.1747 28.2506 21.2912 0.2948 -0.9490 -0.1123 0.4736 0.7658
-10.1747 28.2506 21.2912 0.0226 -0.1060 0.9941 0.8175 0.0118
5.0897 28.0609 21.4025 -0.2002 -0.2801 0.9389 0.7433 0.0127
5.0897 28.0609 21.4025 -0.3511 -0.9070 -0.2324 0.4741 0.6915
5.0897 28.0609 21.4025 0.0967 0.4066 -0.9085 0.8914 0.6619
5.0897 28.0609 21.4025 -0.2104 -0.0962 0.9729 0.4331 0.9077
22.5300 -0.3227 21.0452 -0.0496 0.0060 0.9988 0.6584 0.1508
-33.2806 -11.2997 27.8162 -0.7591 -0.2524 -0.6001 0.2690 0.3545
-27.3561 -20.8220 26.2720 -0.8052 -0.5928 0.0187 0.6990 0.5780
-31.9303 1.7356 28.4716 0.4890 -0.0257 0.8719 0.1695 0.3293
-31.9303 1.7356 28.4716 0.8979 -0.0762 0.4335 0.8633 0.6468
-5.7018 29.2873 21.3436 0.0523 0.2777 -0.9593 0.8974 0.6094
-5.7018 29.2873 21.3436 0.0258 0.9967 -0.0770 0.7062 0.8285
25.8196 -15.7684 17.4976 0.8802 -0.4744 0.0127 0.2984 0.8542
-34.7797 1.2972 -15.6155 -0.9993 0.0362 -0.0052 0.3303 0.5658
25.3499 2.6738 -24.1384 -0.9832 -0.1798 -0.0313 0.7462 0.6445
25.3499 2.6738 -24.1384 -0.6687 -0.1673 -0.7245 0.1523 0.9051
22.9688 1.9532 21.0613 -0.0508 -0.0065 0.9987 0.6563 0.1397
-1.8597 1.0489 21.0510 0.0049 0.0400 0.9992 0.7771 0.1441
10.0151 -26.1682 21.6634 -0.4321 0.8906 0.1419 0.5292 0.7887
-13.5692 -8.5844 -23.7482 -0.0077 0.0138 -0.9999 0.0975 0.7158
-31.6428 -0.6804 23.9558 0.9993 0.0212 -0.0295 0.8413 0.6586
7.6323 27.6443 21.3794 -0.0092 -0.0310 0.9995 0.7309 0.0147
-25.6449 -17.8967 24.4197 0.7912 0.6116 -0.0040 0.5426 0.6153
-8.0790 29.0213 21.3530 0.0245 -0.0562 -0.9981 0.8961 0.5978
-8.0790 29.0213 21.3530 -0.0342 0.9874 -0.1548 0.9368 0.6575
-21.3180 14.7673 -23.3941 -0.0197 0.0164 -0.9997 0.2111 0.6781
5.3133 -31.5077 23.4700 0.2275 -0.9737 0.0124 0.6854 0.4191
29.7646 0.2117 19.7192 0.9998 0.0184 0.0021 0.3762 0.8650
-22.3123 -25.7206 -6.5456 -0.5945 -0.8041 0.0005 0.5393 0.5535
16.3099 -26.4937 -27.0848 0.5662 -0.7798 -0.2672 0.4394 0.3656
-34.8719 2.3231 -4.2046 -0.9978 0.0640 0.0176 0.3353 0.5103
22.7505 12.7045 20.5533 0.4194 0.0506 0.9064 0.5634 0.8609
22.7505 12.7045 20.5533 -0.9024 -0.3764 0.2099 0.6753 0.8296
13.4379 23.9442 21.3351 -0.1602 -0.2676 0.9501 0.7026 0.0327
13.4379 23.9442 21.3351 -0.3510 -0.9045 0.2424 0.4738 0.6509
19.6420 14.4417 -23.9785 -0.1547 -0.0945 -0.9834 0.2096 0.8774
-18.9922 -27.8092 -6.3560 -0.5035 -0.8640 -0.0009 0.5403 0.5373
-25.2043 -9.0331 -23.6368 -0.0131 0.0161 -0.9998 0.0953 0.6592
7.2261 -15.8487 20.9278 -0.0107 0.0337 0.9994 0.7329 0.2263
0.1576 -27.7827 -25.4299 -0.0715 0.9537 0.2923 0.5860 0.7319
-19.5593 28.3819 28.3824 -0.4878 0.7861 0.3796 0.9964 0.3524
30.4276 9.3241 27.3324 0.0591 0.0957 -0.9937 0.6829 0.6641
-15.9755 8.1053 20.8441 0.0098 -0.0112 0.9999 0.8457 0.1098
27.1095 12.7912 -12.3289 0.9180 0.3965 0.0007 0.4374 0.7091
-30.4792 -16.4571 12.7483 -0.8677 -0.4969 -0.0097 0.2439 0.4278
-1.2454 -32.4411 12.3088 0.0183 -0.9997 0.0144 0.6311 0.4510
-30.5929 4.9932 21.2927 -0.2102 -0.0195 0.9775 0.9169 0.1249
25.0194 2.1164 -23.9263 -0.0094 -0.0337 -0.9994 0.1496 0.9035
-23.5117 -20.3952 22.4823 0.7062 0.7072 -0.0337 0.5332 0.6256
-4.1038 -14.2672 21.1927 -0.0190 0.1072 0.9941 0.7880 0.2186
-14.4335 -30.0417 9.4677 -0.3740 -0.9274 -0.0029 0.6172 0.5151
29.3054 1.1141 -27.8676 0.9058 0.0266 -0.4228 0.3805 0.6335
29.3054 1.1141 -27.8676 0.6892 0.0286 -0.7240 0.4856 0.3129
1.3860 13.3563 20.9216 0.0059 -0.0365 0.9993 0.7613 0.0842
24.1512 -18.2583 -27.3939 0.8087 -0.5612 -0.1764 0.4379 0.3274
24.1512 -18.2583 -27.3939 0.7282 -0.4748 -0.4943 0.2863 0.6358
13.1783 28.1093 -22.8531 0.4934 0.8698 -0.0056 0.7471 0.5117
-3.6538 -14.5546 21.2312 0.0002 0.0799 0.9968 0.7858 0.2200
-30.9776 -15.8324 6.7190 -0.8582 -0.5129 -0.0197 0.6039 0.5956
-30.9776 -15.8324 6.7190 -0.8733 -0.4871 0.0048 0.2470 0.4571
25.5308 -16.6055 -25.3072 0.8838 -0.4669 -0.0290 0.2943 0.6460
25.5308 -16.6055 -25.3072 0.8431 -0.5369 -0.0322 0.4481 0.3207
12.1721 -29.1687 2.4725 0.4263 -0.9045 -0.0102 0.5832 0.3857
3.5130 -27.2354 -27.5461 -0.2069 0.8949 -0.3954 0.5757 0.7482
25.7896 15.4418 1.4954 0.8804 0.4742 0.0093 0.4503 0.7764
-18.9354 -24.1614 27.6830 0.5692 0.8221 -0.0141 0.5585 0.6479
25.3874 -4.5332 21.1724 -0.0981 0.0233 0.9949 0.6445 0.1713
-10.0909 26.8651 -23.6361 0.2547 -0.8951 -0.3659 0.6252 0.7579
-32.4806 14.0140 27.8727 -0.8170 0.3827 -0.4312 0.3922 0.3542
16.5316 26.0334 28.7893 0.0912 0.1542 0.9838 0.2877 0.0935
4.8543 27.5935 21.2546 -0.0592 -0.1422 0.9881 0.7444 0.0149
-19.9421 26.6433 -27.8336 -0.3230 0.5129 -0.7954 0.7229 0.3506
-19.9421 26.6433 -27.8336 -0.3122 0.4766 -0.8218 0.6098 0.0733
18.3375 20.1817 21.4139 -0.3717 -0.3962 0.8396 0.6788 0.0510
18.3375 20.1817 21.4139 -0.6833 -0.6709 0.2880 0.4742 0.6271
-7.1304 32.7845 28.2710 -0.1339 0.9801 0.1469 0.9958 0.4129
-20.6225 -16.1249 -23.7856 -0.0101 0.0072 -0.9999 0.0608 0.6815
7.4025 -31.0015 -27.1430 0.2907 -0.9163 -0.2754 0.4391 0.4089
-7.6054 31.1135 -28.1226 -0.1054 0.6689 -0.7359 0.7214 0.4106
-28.7242 -19.1393 -4.7312 -0.8111 -0.5849 0.0028 0.5482 0.5847
16.1706 22.6009 21.4876 -0.8776 -0.4044 -0.2575 0.5485 0.8588
16.1706 22.6009 21.4876 -0.1568 -0.9870 -0.0347 0.4746 0.6376
16.1706 22.6009 21.4876 -0.1430 -0.3647 -0.9201 0.4057 0.9071
16.1706 22.6009 21.4876 -0.4107 -0.4838 0.7728 0.6893 0.0392
15.3984 5.6402 20.7703 -0.0292 -0.0098 0.9995 0.6931 0.1218
-23.5543 20.1501 21.1530 -0.1731 0.1238 0.9771 0.8826 0.0512
-27.9175 14.7958 27.8897 0.7108 -0.4772 0.5168 0.2330 0.3097
-27.9175 14.7958 27.8897 0.8376 -0.5011 0.2176 0.8604 0.5833
-27.9175 14.7958 27.8897 0.8306 -0.5516 0.0772 0.5057 0.8521
-23.1282 14.2322 -23.3613 -0.0240 0.0187 -0.9995 0.2085 0.6693
22.2819 20.6614 27.2060 0.5103 0.4344 -0.7422 0.6433 0.6089
22.2819 20.6614 27.2060 0.6967 0.5778 -0.4251 0.9906 0.5560
-5.2550 -28.4184 -28.3416 0.0733 0.6938 -0.7165 0.5719 0.7055
16.9846 14.4159 20.9996 -0.0355 -0.0244 0.9991 0.6854 0.0791
-8.2329 28.6766 26.9912 0.1856 -0.9789 0.0859 0.5013 0.7564
-14.9386 -19.2827 -23.8796 -0.0143 0.0057 -0.9999 0.0455 0.7091
-13.5763 30.2366 26.2459 -0.2927 0.9544 -0.0587 0.9860 0.3815
19.6461 15.7665 -26.1905 -0.8249 -0.4742 -0.3075 0.7562 0.5808
19.6461 15.7665 -26.1905 -0.7599 -0.6155 -0.2091 0.6127 0.6132
-4.6104 -32.1862 28.7424 0.0098 0.0300 0.9995 0.0044 0.1963
-26.4925 -22.6638 28.4794 -0.7081 -0.7032 0.0632 0.7097 0.5738
-26.4925 -22.6638 28.4794 -0.4299 -0.4032 0.8078 0.0508 0.3028
-13.7473 -30.8229 28.9349 -0.3552 -0.8457 0.3982 0.7120 0.5118
-31.1748 -15.4218 7.3833 -0.8794 -0.4736 0.0479 0.2490 0.4539
-5.6940 -21.0640 21.3696 -0.0192 0.0020 0.9998 0.7957 0.2517
32.7130 -6.8227 28.4054 0.1795 -0.3560 0.9171 0.1278 0.0148
17.9868 -21.0177 28.2184 -0.6422 0.6621 0.3862 0.5611 0.8275
-1.9004 -16.0302 21.1776 0.0915 0.0003 0.9958 0.7773 0.2272
27.4250 -12.4059 15.0582 0.9317 -0.3633 0.0015 0.3148 0.8424
13.4846 23.2196 -28.3734 -0.2980 -0.4288 -0.8528 0.5931 0.2360
-26.7308 -14.0571 -24.8393 0.8540 0.4389 0.2793 0.7297 0.7560
-30.5606 -8.2439 27.6469 0.9591 0.2790 0.0481 0.8592 0.6954
-28.0517 -20.4460 28.6786 -0.2715 -0.2123 0.9387 0.0615 0.3104
-26.9137 16.8901 28.2997 0.6179 -0.4747 0.6268 0.2432 0.3049
-3.3527 10.6446 21.0218 0.0117 0.0015 0.9999 0.7843 0.0974
-33.4902 -10.0253 19.4246 -0.9439 -0.3300 -0.0116 0.2752 0.3953
-31.7797 15.3961 28.0178 -0.8756 0.4624 -0.1394 0.3989 0.3535
28.4254 11.6411 27.8398 0.6173 0.2775 -0.7361 0.6732 0.6528
28.4254 11.6411 27.8398 0.4330 0.7686 -0.4709 0.9940 0.6282
28.4254 11.6411 27.8398 0.9038 0.4273 0.0235 0.9437 0.6717
5.0856 25.3513 -23.6347 -0.0410 -0.0762 -0.9962 0.2626 0.8065
21.1713 -15.7392 20.2921 -0.5647 0.6167 0.5484 0.5225 0.8430
21.1713 -15.7392 20.2921 0.5914 -0.2085 0.7790 0.6650 0.2258
-31.4600 -14.9330 6.8477 -0.8945 -0.4470 0.0106 0.2514 0.4565
6.6132 25.8372 -26.7778 -0.3426 -0.9181 -0.1992 0.6099 0.6767
22.9537 11.0134 -27.8093 -0.7391 -0.3207 -0.5924 0.5338 0.2820
-3.1596 -23.0783 21.4158 -0.0161 -0.0383 0.9991 0.7834 0.2615
22.0576 -14.6766 20.2405 -0.7234 0.6265 0.2901 0.5223 0.8473
22.0576 -14.6766 20.2405 -0.4644 0.3380 0.8186 0.6607 0.2206
-5.3248 22.2398 21.3930 0.2031 -0.1600 0.9660 0.7939 0.0410
-8.8547 -25.8700 -23.9492 -0.0220 -0.0379 -0.9990 0.0134 0.7387
-27.1072 20.8048 17.5079 -0.7568 0.6536 0.0019 0.9434 0.3157
26.2396 -15.7642 27.2942 0.5372 -0.2645 -0.8009 0.6626 0.7861
2.5122 9.0937 20.8779 -0.0593 -0.0021 0.9982 0.7558 0.1050
11.5382 26.3764 21.4244 -0.3511 -0.6245 0.6977 0.9098 0.5901
11.5382 26.3764 21.4244 -0.0992 -0.1881 0.9771 0.7119 0.0209
-14.2238 -30.1484 0.7283 -0.3755 -0.9267 0.0109 0.5747 0.5141
-21.0863 24.8890 28.5234 0.0838 -0.1036 0.9911 0.2821 0.2765
-26.9397 -21.3793 -24.2065 -0.7645 -0.6444 -0.0131 0.4534 0.5760
-7.8498 32.5176 27.6078 -0.1253 0.8683 -0.4800 0.9926 0.4094
-33.2629 -10.7033 7.7291 -0.9425 -0.3328 0.0295 0.2719 0.4522
15.4449 -27.2707 -19.3838 0.5514 -0.8343 0.0002 0.4769 0.3698
-31.8784 13.4862 -8.9945 -0.9083 0.4183 -0.0070 0.3896 0.5336
-16.5076 24.7716 21.3024 0.0933 -0.0802 0.9924 0.8483 0.0287
-16.5076 24.7716 21.3024 -0.0811 -0.5782 0.8119 0.4737 0.7966
28.0729 4.4496 -28.5980 0.4523 0.0754 -0.8887 0.5018 0.3069
-21.5071 -16.6726 21.2360 0.0171 0.0161 0.9997 0.8727 0.2303
-12.3572 31.5293 28.4816 -0.1405 0.4881 0.8614 0.3144 0.2340
-12.3572 31.5293 28.4816 -0.2345 0.7664 0.5980 0.9968 0.3875
-4.6036 32.9057 28.4534 -0.0320 0.9409 0.3370 0.9967 0.4252
18.6276 21.2602 28.6723 -0.1115 -0.1373 0.9842 0.2645 0.0833
22.5084 10.9260 -26.7879 -0.9028 -0.4138 -0.1172 0.7591 0.6044
-24.5625 23.6993 -24.2421 -0.6918 0.7216 -0.0261 0.7403 0.3281
-0.4141 29.0602 21.7512 -0.0472 -0.9743 -0.2204 0.4758 0.7183
-28.2545 -19.6855 -8.8176 -0.8067 -0.5909 -0.0072 0.5283 0.5824
28.0635 -10.5497 18.4431 0.9534 -0.3016 0.0036 0.3238 0.8588
2.7968 3.5670 -23.7833 -0.0124 0.0083 -0.9999 0.1566 0.7954
24.9182 -5.3719 -23.8361 -0.9094 0.2599 -0.3248 0.7447 0.6837
24.9182 -5.3719 -23.8361 0.0550 -0.0095 -0.9984 0.1132 0.9030
6.7382 -29.1483 -28.9771 0.0493 -0.1470 -0.9879 0.3384 0.2031
7.1835 30.8238 0.9968 0.2788 0.9603 -0.0023 0.8631 0.4825
29.5430 -8.2881 28.4377 0.2115 -0.2162 0.9532 0.1207 0.0302
9.8900 -30.0984 -26.9571 0.3772 -0.8996 -0.2200 0.4400 0.3968
-18.7454 -24.5671 28.4534 0.1119 0.1627 0.9803 0.0415 0.2651
-18.7454 -24.5671 28.4534 0.4068 0.5931 0.6948 0.5623 0.6488
17.7225 21.3874 -28.8052 -0.0488 -0.0375 -0.9981 0.5842 0.2566
-7.7806 19.6055 21.0848 -0.0819 0.0057 0.9966 0.8059 0.0538
-30.9177 11.9444 28.5978 0.0948 -0.0332 0.9949 0.2191 0.3243
27.2181 12.6066 -19.9433 0.9158 0.4016 0.0032 0.4365 0.6721
-25.8207 18.2825 21.2157 0.8325 -0.4838 -0.2700 0.6159 0.8426
29.1493 -6.7127 26.9700 0.7876 -0.0594 -0.6133 0.6767 0.7421
-14.0279 25.5835 -23.8403 0.3459 -0.9300 0.1241 0.6242 0.7771
26.5508 -2.0989 24.7731 -0.9975 0.0694 0.0159 0.7913 0.6660
-29.9757 -16.8505 27.0849 -0.8235 -0.4948 -0.2776 0.2420 0.3580
-29.9757 -16.8505 27.0849 -0.8485 -0.5287 0.0219 0.7030 0.5907
-29.7248 12.1362 20.9813 0.5279 -0.2474 0.8125 0.9126 0.0902
-20.9359 26.4035 13.8846 -0.5704 0.8214 -0.0002 0.9258 0.3457
34.8351 -3.9920 28.3446 0.9550 0.2182 -0.2009 0.9229 0.6360
34.8351 -3.9920 28.3446 0.3302 0.0434 0.9429 0.1416 0.0044
-6.8147 -0.1514 20.9140 0.0211 0.0052 0.9998 0.8012 0.1499
-31.9421 -8.4874 28.7242 0.0815 0.0245 0.9964 0.1197 0.3293
-15.6508 -25.0941 -24.0525 0.5473 0.8366 0.0244 0.5927 0.6550
-15.6508 -25.0941 -24.0525 0.2623 0.3314 -0.9063 0.0172 0.7056
-3.4321 -1.1863 -23.7489 -0.0111 0.0107 -0.9999 0.1335 0.7651
-3.2129 -19.7657 21.1473 0.0157 0.0322 0.9994 0.7836 0.2454
-0.3317 28.4295 21.3029 0.0021 -0.0239 0.9997 0.7696 0.0109
29.7631 -0.9699 17.7746 0.9993 -0.0369 0.0018 0.3704 0.8556
15.5691 26.9355 16.1383 0.5866 0.8099 -0.0059 0.9368 0.5233
-33.0195 10.7943 12.4281 -0.9281 0.3722 -0.0105 0.3765 0.4293
27.8882 12.3148 28.4381 0.4421 0.2325 0.8663 0.2209 0.0382
-26.4386 17.3221 21.3912 0.7666 -0.6240 -0.1512 0.4741 0.8449
-35.0349 -1.2048 12.0506 -0.9990 -0.0401 -0.0187 0.3182 0.4312
15.7377 -22.2348 20.4088 -0.5876 0.7910 -0.1702 0.5231 0.8166
-34.4217 -5.2080 -13.9734 -0.9866 -0.1628 -0.0063 0.2987 0.5578
4.6501 -31.8482 -0.6706 0.2166 -0.9762 0.0056 0.5679 0.4223
-31.6231 -15.7915 28.3752 -0.5352 -0.2916 0.7928 0.0842 0.3278
-31.6231 -15.7915 28.3752 -0.8375 -0.4429 -0.3202 0.2472 0.3518
-31.6231 -15.7915 28.3752 -0.8211 -0.5270 0.2192 0.7092 0.5988
-35.0819 -0.3312 13.5656 -0.9996 0.0169 -0.0213 0.3224 0.4238
14.8755 -4.2634 20.7707 -0.0182 0.0111 0.9998 0.6956 0.1699
11.0778 1.8384 -23.8933 -0.0132 0.0068 -0.9999 0.1482 0.8357
22.8592 -13.1886 19.7376 0.3395 0.0976 0.9355 0.9639 0.6244
-15.8827 -29.3226 26.9164 -0.4396 -0.8674 -0.2330 0.7021 0.5222
-5.6723 13.5713 -23.5719 -0.0119 0.0085 -0.9999 0.2053 0.7542
8.8124 30.3422 11.8808 0.3481 0.9374 -0.0081 0.9161 0.4904
-10.4142 29.2481 -28.7604 -0.0564 0.0621 -0.9965 0.6225 0.1197
29.2748 -6.2329 -2.5719 0.9827 -0.1850 0.0093 0.3448 0.7566
24.3693 -9.7911 20.7036 -0.9316 0.3365 0.1375 0.8111 0.7034
-1.0445 29.5502 28.2970 -0.0172 -0.4798 0.8772 0.9168 0.6891
-1.0445 29.5502 28.2970 -0.0242 -0.5572 0.8301 0.5077 0.7214
-1.0780 -13.9001 21.1848 0.0351 -0.0246 0.9991 0.7733 0.2168
26.4818 11.4821 -28.3272 0.5225 0.2161 -0.8248 0.5360 0.2992
-33.7984 -8.6307 13.1354 -0.9632 -0.2686 0.0098 0.2820 0.4259
14.6214 22.7218 21.2203 -0.0536 -0.0901 0.9945 0.6969 0.0386
-33.3037 -7.5427 -28.2271 -0.7011 -0.1694 -0.6927 0.4435 0.0083
20.9298 18.3310 28.5505 -0.2541 -0.1481 0.9558 0.2502 0.0721
-15.0321 21.7716 -23.3829 -0.0222 0.0204 -0.9995 0.2452 0.7087
-20.8662 -7.5615 -23.6676 -0.0094 0.0148 -0.9998 0.1025 0.6803
-16.0020 -25.9114 24.8368 0.4669 0.8843 -0.0071 0.5447 0.6622
-27.2403 -21.1141 13.6685 -0.7709 -0.6370 0.0017 0.6377 0.5774
15.0655 -18.4599 20.8589 0.1582 -0.2285 0.9606 0.6947 0.2390
-19.2689 13.1745 -23.4352 -0.0091 0.0088 -0.9999 0.2034 0.6880
-3.7619 8.4103 20.9874 0.0093 -0.0245 0.9997 0.7863 0.1083
-26.3791 -22.7978 28.1306 -0.6898 -0.6755 -0.2603 0.7080 0.5732
-9.1469 -8.0259 21.2494 -0.0938 0.0055 0.9956 0.8125 0.1882
12.9580 28.4713 8.5898 0.4659 0.8848 -0.0077 0.9001 0.5106
28.2904 -5.5090 -28.5604 0.4952 -0.0795 -0.8651 0.4534 0.3080
-0.9065 -14.5136 21.1502 0.0480 -0.0608 0.9970 0.7724 0.2198
-7.2805 28.7205 23.8069 0.1606 -0.9868 0.0211 0.4858 0.7517
18.6707 24.8933 28.6938 0.1982 0.2627 0.9443 0.2821 0.0831
18.6707 24.8933 28.6938 0.5426 0.5627 0.6237 0.9979 0.5384
-4.3346 -29.3770 28.2409 0.0526 0.3882 0.9201 0.8079 0.7364
-4.3346 -29.3770 28.2409 0.0612 0.8400 0.5392 0.5612 0.7189
24.9984 -17.3642 -6.9928 0.8475 -0.5307 0.0014 0.5372 0.3233
-14.7591 -26.6373 28.1135 0.4411 0.8679 0.2284 0.5606 0.6682
-7.1339 31.9847 -16.6183 -0.1494 0.9887 0.0086 0.7774 0.4129
-12.0590 -31.4213 27.5531 -0.2696 -0.8545 -0.4439 0.7052 0.5036
-20.3295 23.8322 21.3830 0.2813 -0.5408 -0.7927 0.4741 0.8152
-20.3295 23.8322 21.3830 0.3311 -0.4282 -0.8408 0.8855 0.7246
-20.3295 23.8322 21.3830 0.3862 -0.5029 -0.7732 0.9890 0.6100
-20.3295 23.8322 21.3830 0.2861 -0.3737 -0.8823 0.9689 0.6329
-34.9743 4.9187 28.6539 -0.1964 0.0270 0.9802 0.1850 0.3441
-34.9743 4.9187 28.6539 -0.9140 0.1051 0.3919 0.3479 0.3504
10.7730 26.0286 28.2583 -0.3590 -0.6682 0.6516 0.5075 0.6639
-33.5946 10.0447 27.5700 -0.6586 0.2041 -0.7243 0.3729 0.3557
-18.8084 -27.8941 -0.3893 -0.4993 -0.8664 0.0060 0.5693 0.5364
17.4703 20.5569 -28.6614 -0.2418 -0.2237 -0.9442 0.5802 0.2554
7.9154 -6.4567 -23.9257 -0.0105 0.0095 -0.9999 0.1079 0.8203
5.3490 -31.9762 28.2940 0.2681 -0.8842 0.3825 0.7088 0.4189
-25.3850 -8.3570 21.1924 0.0229 0.0134 0.9996 0.8915 0.1899
-0.3259 32.1903 -26.1618 0.0749 0.9941 -0.0787 0.7310 0.4460
30.0543 5.6483 28.6891 -0.0269 -0.0092 0.9996 0.1885 0.0277
5.5131 -18.2064 -24.0199 -0.0094 0.0108 -0.9999 0.0507 0.8086
-8.8710 -27.4796 -24.3544 0.2272 0.9680 0.1063 0.5913 0.6879
14.9307 -27.6236 -23.0533 0.5346 -0.8451 -0.0018 0.4590 0.3723
20.1597 -18.5467 27.9676 -0.6189 0.4637 0.6340 0.0708 0.0758
20.1597 -18.5467 27.9676 -0.7109 0.6168 0.3378 0.5599 0.8381
-31.7340 -14.1162 -4.8671 -0.8976 -0.4408 -0.0021 0.2553 0.5135
33.1431 5.3680 27.3249 0.0627 0.0265 -0.9977 0.6961 0.6833
26.5849 -14.4763 -13.7308 0.9010 -0.4338 0.0028 0.3047 0.7023
-28.1454 14.1106 26.2096 0.8862 -0.4606 0.0500 0.8523 0.5866
-28.1454 14.1106 26.2096 0.8602 -0.5084 0.0408 0.4975 0.8532
-4.1902 29.3347 21.3699 -0.0099 0.1366 -0.9906 0.8976 0.6167
-4.1902 29.3347 21.3699 0.9071 0.1687 -0.3856 0.3221 0.9060
-4.1902 29.3347 21.3699 0.2578 0.2700 0.9277 0.7884 0.0065
-18.9609 -15.4581 -23.7992 -0.0099 0.0102 -0.9999 0.0641 0.6895
-15.7988 20.1673 21.0882 0.0293 -0.0379 0.9989 0.8449 0.0511
18.4102 -20.0127 19.8379 -0.7323 0.6687 -0.1292 0.5203 0.8296
28.9114 7.4403 23.6230 0.9750 0.2220 -0.0089 0.4113 0.8840
-25.6135 22.5072 22.6063 -0.7075 0.7067 -0.0071 0.9683 0.3230
-10.0798 -9.1007 21.1444 -0.0871 0.0003 0.9962 0.8171 0.1935
-27.2343 20.7971 -6.1284 -0.7617 0.6480 0.0019 0.8285 0.3151
-21.5624 25.9484 23.7414 -0.5732 0.8194 -0.0024 0.9738 0.3427
-18.4557 24.4611 21.4031 -0.0428 0.3094 0.9500 0.8578 0.0302
-18.4557 24.4611 21.4031 0.6774 -0.6185 -0.3983 0.4742 0.8061
-18.4557 24.4611 21.4031 -0.1080 0.2424 -0.9641 0.9719 0.6420
-10.3703 -28.2232 27.3072 0.2806 0.9568 0.0766 0.5567 0.6896
2.3792 -17.4546 21.0402 0.4909 -0.1674 0.8550 0.7564 0.2341
1.5946 28.9908 21.4179 0.1147 0.5569 -0.8226 0.8960 0.6449
1.5946 28.9908 21.4179 0.4301 0.9025 -0.0219 0.5210 0.8594
1.5946 28.9908 21.4179 -0.0824 0.5739 0.8147 0.7603 0.0082
-6.0418 -25.4824 21.1943 0.0082 -0.0463 0.9989 0.7974 0.2732
15.6149 -27.1402 -0.9419 0.5649 -0.8252 -0.0019 0.5666 0.3689
-15.5749 -9.5961 -23.7456 -0.0088 0.0140 -0.9999 0.0926 0.7060
-21.9457 -26.1701 27.5058 -0.5507 -0.7367 -0.3925 0.7050 0.5517
-1.8818 30.2437 21.3378 -0.0524 -0.9986 -0.0009 0.9094 0.6554
-23.7068 10.4649 21.0383 0.0328 -0.0143 0.9994 0.8834 0.0983
-28.2234 -13.9406 26.3340 0.8821 0.4710 0.0025 0.8529 0.7231
-17.5087 29.4706 28.4693 -0.1061 0.1994 0.9742 0.3044 0.2591
-17.5087 29.4706 28.4693 -0.4005 0.7677 0.5003 0.9968 0.3624
26.3127 14.5155 -7.5516 0.8973 0.4413 -0.0023 0.4457 0.7324
3.6271 -14.4447 20.9320 0.1922 -0.0297 0.9809 0.7504 0.2195
-21.2663 -26.4311 16.2725 -0.5246 -0.8513 -0.0083 0.6504 0.5484
6.5437 -31.3922 -10.3295 0.2746 -0.9616 -0.0007 0.5209 0.4131
-20.2222 24.0908 20.9263 -0.0952 0.2543 0.9624 0.8664 0.0320
-10.4398 -30.9725 28.8371 0.0584 0.2114 0.9757 0.0103 0.2247
11.1130 -29.6093 27.1899 0.3951 -0.9159 -0.0705 0.7035 0.3908
8.0013 29.8057 -27.9510 0.2561 0.6969 -0.6698 0.7223 0.4865
-34.5281 5.0791 -2.8748 -0.9877 0.1558 0.0099 0.3487 0.5038
10.8366 29.4192 28.8063 0.1311 0.2376 0.9625 0.3042 0.1212
-34.3802 -6.5990 13.3074 -0.9689 -0.2462 -0.0258 0.2919 0.4251
18.3240 24.7668 17.9548 0.6728 0.7398 -0.0023 0.9456 0.5367
6.4517 -31.3774 27.0975 0.2811 -0.9290 -0.2408 0.7030 0.4135
-32.2376 12.8267 -0.5141 -0.9122 0.4098 0.0006 0.3864 0.4923
23.8638 -9.6912 20.1201 0.9443 -0.3193 -0.0792 0.9354 0.6074
13.8254 -28.2770 27.3108 0.4333 -0.8924 -0.1257 0.7041 0.3776
-24.4834 17.4475 -27.4656 0.8398 -0.4927 -0.2281 0.7169 0.6028
-24.4834 17.4475 -27.4656 0.6655 -0.4587 -0.5888 0.5651 0.0512
-24.4834 17.4475 -27.4656 0.6395 -0.6249 -0.4478 0.6065 0.8279
2.7934 26.4129 -23.5952 -0.0478 -0.2500 -0.9671 0.2678 0.7954
6.6745 27.7238 21.4844 0.1025 0.1957 -0.9753 0.8898 0.6696
6.6745 27.7238 21.4844 0.3387 0.9009 0.2716 0.8408 0.7383
25.3392 -15.4051 28.7010 0.1274 -0.0696 0.9894 0.0861 0.0506
-21.3926 -26.4479 27.0693 -0.4921 -0.8674 -0.0741 0.7029 0.5490
20.3718 -15.7851 -27.2988 -0.8257 0.5602 -0.0664 0.5769 0.8302
20.3718 -15.7851 -27.2988 -0.7236 0.4726 -0.5031 0.7616 0.7343
9.5070 -26.8213 28.3329 -0.2160 0.4588 0.8619 0.0305 0.1277
9.5070 -26.8213 28.3329 -0.3907 0.8543 0.3429 0.5617 0.7863
24.8619 -17.1285 26.7938 0.8726 -0.4872 0.0355 0.2918 0.8995
24.8619 -17.1285 26.7938 0.8415 -0.5379 0.0507 0.7015 0.3239
24.8619 -17.1285 26.7938 0.6903 -0.4343 -0.5787 0.6558 0.7928
-6.4503 32.8232 28.3768 -0.0975 0.9313 0.3510 0.9963 0.4162
-25.0004 -23.5438 14.8559 -0.6921 -0.7218 -0.0031 0.6435 0.5665
-18.6567 25.4708 20.9230 0.5344 -0.8449 0.0244 0.9867 0.6019
-18.6567 25.4708 20.9230 0.1949 -0.2740 0.9418 0.8588 0.0253
25.3241 -16.7602 3.7345 0.8560 -0.5171 -0.0006 0.5893 0.3217
25.3241 -16.7602 3.7345 0.8723 -0.4889 -0.0017 0.2936 0.7873
5.5462 31.1990 -20.2846 0.2412 0.9705 0.0056 0.7596 0.4746
-26.6269 16.7288 27.8995 0.6211 -0.4510 0.6409 0.2424 0.3035
-26.6269 16.7288 27.8995 0.8186 -0.5685 0.0821 0.5058 0.8459
23.2931 9.4350 -24.8764 -0.9129 -0.3801 0.1490 0.7498 0.6116
25.4082 -2.3090 -23.8407 -0.3012 0.0173 -0.9534 0.1281 0.9054
15.9140 -27.0161 8.6524 0.5695 -0.8219 -0.0091 0.6133 0.3675
10.9512 -10.4419 20.8074 -0.0116 0.0221 0.9997 0.7147 0.2000
14.4040 -25.8756 28.7626 -0.0048 0.0262 0.9996 0.0351 0.1038
25.8795 -6.6406 19.0796 -0.7725 0.1595 0.6146 0.9492 0.5925
25.8795 -6.6406 19.0796 -0.9470 0.2654 -0.1810 0.8190 0.6881
5.6985 -27.0872 20.7127 -0.1779 0.4099 0.8946 0.7403 0.2810
35.0711 -2.1049 27.3393 0.7028 -0.0616 -0.7087 0.7055 0.7197
-35.2428 -1.2070 19.3002 -0.9990 -0.0266 -0.0362 0.3181 0.3959
14.1957 27.7406 7.0766 0.5074 0.8617 -0.0109 0.8927 0.5166
21.7975 15.9837 23.9853 -0.8389 -0.5442 0.0103 0.4867 0.6103
-1.6906 29.3074 21.3441 0.0614 0.1433 0.9878 0.7762 0.0066
-1.6906 29.3074 21.3441 -0.4835 0.8648 -0.1354 0.5277 0.8593
-10.2981 31.2276 11.8214 -0.2347 0.9721 0.0022 0.9158 0.3975
35.2479 0.3342 27.4264 0.3843 0.0638 -0.9210 0.7064 0.7078
35.2479 0.3342 27.4264 0.9080 0.0129 -0.4189 0.9184 0.6149
20.7953 22.3085 25.8740 0.7583 0.6515 -0.0224 0.9842 0.5487
2.5844 29.5896 21.3615 -0.0492 -0.1470 0.9879 0.7554 0.0052
-31.5984 0.2362 21.1724 0.5396 0.0859 0.8375 0.9218 0.1480
3.4070 31.7068 20.5645 0.1518 0.9884 0.0002 0.9583 0.4641
20.7065 -1.3561 -24.0449 -0.0066 0.0027 -1.0000 0.1327 0.8825
18.5753 -1.7164 -24.0185 -0.0128 0.0047 -0.9999 0.1309 0.8722
26.9720 -2.5094 -28.8594 -0.1417 0.0027 -0.9899 0.4680 0.3016
-31.3077 -4.7506 24.5709 0.9923 0.1228 -0.0146 0.8443 0.6784
-34.1008 -1.0214 -28.2521 -0.6763 -0.0229 -0.7362 0.4752 0.0044
27.3445 13.1214 27.4607 0.5738 0.2489 -0.7802 0.6679 0.6456
-0.7695 -23.2315 21.2270 0.1073 -0.1112 0.9880 0.7718 0.2622
15.1180 -21.9272 -23.9238 -0.1349 0.1602 -0.9778 0.0326 0.8553
-32.8743 -11.6053 18.8587 -0.9241 -0.3821 -0.0061 0.2676 0.3981
26.0060 0.6042 21.1873 -0.1790 -0.0166 0.9837 0.6415 0.1463
-12.1122 30.6853 25.1565 -0.2744 0.9615 0.0140 0.9807 0.3886
-11.5792 31.3084 28.6775 -0.0404 0.1592 0.9864 0.3133 0.2303
-28.7487 18.7453 22.8561 -0.8181 0.5750 -0.0083 0.9695 0.3077
4.0456 -31.2782 28.7375 0.0016 -0.0255 0.9997 0.0088 0.1542
-0.3303 1.3985 20.9357 0.0641 0.0227 0.9977 0.7696 0.1424
-30.3657 -1.4585 -24.8384 0.9548 -0.0176 0.2966 0.7297 0.6947
17.4078 -0.2854 -23.9952 -0.0142 0.0057 -0.9999 0.1379 0.8665
-19.6152 -27.4041 1.5748 -0.5118 -0.8591 0.0038 0.5788 0.5403
3.9687 0.0622 21.0074 -0.0948 0.0104 0.9954 0.7487 0.1489
-4.6502 29.3765 21.3155 -0.0495 0.4794 -0.8762 0.8978 0.6145
-4.6502 29.3765 21.3155 -0.8353 0.3903 -0.3873 0.3984 0.9060
-4.6502 29.3765 21.3155 -0.0474 0.6873 0.7248 0.7060 0.8336
-4.6502 29.3765 21.3155 0.0006 0.1982 0.9802 0.7906 0.0063
-35.4340 -0.6783 28.3816 -0.9651 -0.0115 -0.2615 0.3207 0.3517
18.8655 -24.7168 13.9046 0.6669 -0.7451 -0.0077 0.6388 0.3531
25.2675 -8.1951 21.4427 -0.8003 0.2064 0.5630 0.6451 0.1891
25.2675 -8.1951 21.4427 -0.9084 0.2919 0.2992 0.8075 0.6956
26.5610 0.8161 21.8410 -0.9878 -0.0139 0.1548 0.8056 0.6518
2.9513 1.4126 20.9056 -0.0608 0.0014 0.9981 0.7537 0.1423
24.4048 17.7966 7.1954 0.8450 0.5347 0.0032 0.8933 0.5663
-12.3433 -19.9901 -23.9186 -0.0122 0.0075 -0.9999 0.0420 0.7217
-34.9421 2.2529 10.5784 -0.9970 0.0775 0.0037 0.3350 0.4383
11.5146 27.4187 28.7900 -0.0227 -0.0296 0.9993 0.2944 0.1179
-16.7505 -27.5790 28.7119 0.0532 0.1105 0.9925 0.0268 0.2554
9.5739 -20.1209 -24.0660 -0.0040 0.0053 -1.0000 0.0414 0.8284
-34.1355 -7.6492 14.4062 -0.9612 -0.2740 -0.0309 0.2868 0.4197
-19.6404 -26.8119 28.7674 0.0082 0.0574 0.9983 0.0306 0.2695
-34.8753 -3.8937 27.5357 -0.9129 -0.1572 -0.3766 0.3051 0.3558
24.7778 3.8529 -23.9905 -0.2531 -0.0814 -0.9640 0.1580 0.9023
10.8856 29.3603 -9.7956 0.4258 0.9048 -0.0027 0.8106 0.5005
-33.9360 8.3954 6.6265 -0.9622 0.2715 -0.0195 0.3649 0.4576
-5.2929 -1.8412 -23.7356 -0.0111 0.0111 -0.9999 0.1303 0.7560
-20.3401 26.9359 26.5654 -0.5190 0.7887 -0.3295 0.9875 0.3486
0.5006 13.0558 20.9143 0.0007 -0.0319 0.9995 0.7656 0.0857
34.8037 -3.4066 28.3771 0.5098 -0.0935 0.8552 0.1444 0.0046
-33.5907 8.7962 27.2276 -0.8896 0.2514 -0.3813 0.3668 0.3573
24.0541 10.4611 21.1624 -0.1648 -0.0645 0.9842 0.6510 0.0983
25.4770 5.5198 21.1922 -0.0765 -0.0056 0.9971 0.6441 0.1223
10.0271 -26.2651 24.5015 -0.4499 0.8929 -0.0174 0.5430 0.7888
30.6442 -8.0262 27.4801 0.0250 0.0368 -0.9990 0.6840 0.7485
-12.2388 -27.5886 27.2368 0.3432 0.9371 0.0634 0.5563 0.6805
7.9901 -25.6684 -27.2023 -0.3495 0.8753 -0.3343 0.5774 0.7700
-33.7088 -9.3695 6.7696 -0.9590 -0.2833 -0.0066 0.2784 0.4569
2.1786 29.0612 28.2550 -0.1107 -0.8485 0.5175 0.5075 0.7057
2.7443 28.6680 27.4912 -0.1973 -0.9553 0.2200 0.5038 0.7030
3.8871 -10.5420 -23.9307 -0.0082 0.0095 -0.9999 0.0880 0.8007
-15.1299 27.2137 21.0421 0.0389 -0.1316 0.9905 0.8257 0.7404
-15.1299 27.2137 21.0421 0.3973 -0.8759 -0.2737 0.9873 0.5847
-10.7042 28.0067 21.2896 0.0527 -0.1233 0.9910 0.8201 0.0129
-10.7042 28.0067 21.2896 0.3762 -0.8104 0.4491 0.4736 0.7684
-27.4109 -15.6140 28.3867 0.3190 0.2219 0.9214 0.0851 0.3073
-27.4109 -15.6140 28.3867 0.8225 0.5426 0.1706 0.5619 0.6067
17.4971 -25.8638 12.3057 0.6227 -0.7824 -0.0087 0.6311 0.3598
-28.1773 -15.5611 28.6294 0.1824 0.1076 0.9773 0.0853 0.3110
18.7570 -18.0383 -23.8953 0.0275 -0.0197 -0.9994 0.0515 0.8730
21.6041 -21.8656 24.0419 0.7711 -0.6363 0.0228 0.6882 0.3398
-27.8292 -20.1091 27.0285 -0.8086 -0.5712 -0.1413 0.7027 0.5803
-23.5168 20.2744 23.9154 0.7126 -0.7016 -0.0032 0.4864 0.8307
29.4718 4.0871 8.8719 0.9900 0.1408 -0.0039 0.3950 0.8123
11.4004 26.3759 21.5850 -0.0310 -0.0615 -0.9976 0.8832 0.6926
11.4004 26.3759 21.5850 -0.3230 -0.5257 -0.7869 0.9106 0.5908
-0.6403 19.1610 21.0844 0.0282 0.0480 0.9984 0.7711 0.0560
27.4411 11.9851 -6.4793 0.9289 0.3702 0.0023 0.4334 0.7376
-13.9651 -26.8251 -28.7204 0.1314 0.3313 -0.9343 0.3497 0.1024
8.6956 -30.6589 3.6483 0.3395 -0.9406 -0.0052 0.5889 0.4026
-9.8740 26.5082 -26.4515 0.3015 -0.9514 -0.0633 0.6115 0.7569
-16.9631 -25.4877 21.5561 0.4035 0.6547 0.6392 0.5287 0.6575
-29.4048 17.7596 24.1238 -0.8456 0.5338 0.0015 0.9756 0.3045
-33.2698 10.0466 19.3161 -0.9438 0.3304 0.0075 0.3729 0.3958
-28.9942 12.3077 23.3464 0.8995 -0.4339 -0.0505 0.8383 0.5954
-15.3068 26.9814 21.0182 -0.0385 -0.0066 0.9992 0.8246 0.7413
-15.3068 26.9814 21.0182 -0.1630 0.5517 0.8179 0.7857 0.7429
25.0216 -17.4645 -23.0780 0.8463 -0.5327 -0.0022 0.4589 0.3232
25.0644 9.6020 27.6915 -0.9480 -0.3097 0.0732 0.7771 0.6090
-27.5069 15.7035 21.2269 0.7113 -0.6564 0.2514 0.4733 0.8501
26.6393 -14.3707 -10.9494 0.9003 -0.4352 -0.0010 0.3052 0.7158
-31.6782 6.8958 -28.7815 0.1175 -0.0290 -0.9927 0.5137 0.0162
-20.8258 -26.7370 28.7637 -0.0534 -0.0266 0.9982 0.0309 0.2752
18.9971 -19.0627 20.6813 -0.7420 0.6698 -0.0284 0.5244 0.8324
-3.2759 16.3531 20.9765 -0.0413 -0.0161 0.9990 0.7840 0.0696
-1.2415 -15.8184 21.1117 0.0771 -0.0070 0.9970 0.7741 0.2262
-4.6395 -28.9518 -28.7154 0.0103 0.3323 -0.9431 0.3393 0.1478
-4.6395 -28.9518 -28.7154 0.0498 0.6193 -0.7836 0.5701 0.7085
-3.4619 29.5130 21.4371 -0.0048 0.2646 -0.9643 0.8985 0.6203
-20.2957 -27.0051 0.5058 -0.5133 -0.8582 0.0048 0.5736 0.5436
-33.3437 -9.4152 -26.1529 -0.9562 -0.2852 -0.0660 0.2782 0.6170
-15.9475 26.8918 21.0150 0.0748 -0.1470 0.9863 0.8241 0.7444
-15.9475 26.8918 21.0150 0.3587 -0.8056 -0.4716 0.9872 0.5887
6.7409 -31.3762 -23.7603 0.2926 -0.9562 -0.0024 0.4556 0.4121
27.4872 -9.9259 -28.2375 0.8207 -0.2814 -0.4972 0.9094 0.6925
27.4872 -9.9259 -28.2375 0.8055 -0.2561 -0.5344 0.4319 0.3041
29.2465 -7.5794 27.1731 0.5325 -0.1912 -0.8246 0.6772 0.7463
-28.8585 -9.7749 -23.9999 0.9331 0.3574 -0.0404 0.7338 0.7352
-24.8427 -18.8908 24.9579 0.7582 0.6520 -0.0018 0.5452 0.6192
0.6932 30.0583 21.4471 -0.0297 -0.2992 -0.9537 0.9011 0.6405
0.6932 30.0583 21.4471 -0.0940 -0.6694 0.7369 0.9099 0.6429
3.1366 30.0715 -28.6484 0.0712 0.2920 -0.9538 0.6265 0.1856
28.2789 -10.2658 -4.9205 0.9541 -0.2996 0.0006 0.3252 0.7452
2.2497 -28.7469 22.1034 -0.1796 0.9767 0.1172 0.5314 0.7510
27.0982 -10.4163 -28.6022 0.8797 -0.3721 -0.2960 0.9076 0.6949
27.0982 -10.4163 -28.6022 0.7529 -0.3118 -0.5797 0.4295 0.3022
1.3503 29.9474 21.4484 -0.1527 -0.9076 0.3911 0.9099 0.6397
-1.4254 29.5542 21.4920 0.0214 0.0578 -0.9981 0.8987 0.6302
27.8371 -11.5761 -9.7989 0.9391 -0.3436 -0.0004 0.3188 0.7214
-7.6263 29.2404 21.3480 0.0579 -0.1914 -0.9798 0.8972 0.6000
-9.2019 27.1107 -23.6444 0.1931 -0.8772 -0.4395 0.6251 0.7536
-21.3285 -22.3690 23.3042 0.6411 0.7667 -0.0338 0.5372 0.6363
17.6975 20.8651 24.9405 -0.6712 -0.7413 -0.0017 0.4914 0.6302
-15.8963 -29.4141 8.9321 -0.4116 -0.9114 -0.0050 0.6146 0.5222
29.3791 -5.0805 23.6105 0.9885 -0.1507 0.0100 0.3504 0.8840
-11.7519 31.7772 27.9676 -0.2570 0.9366 -0.2381 0.9943 0.3904
-17.9295 -24.9770 21.6722 0.4939 0.8141 0.3054 0.5293 0.6528
7.0243 -26.6414 -23.9663 -0.0212 0.1251 -0.9919 0.0097 0.8160
1.1913 -18.8490 21.3444 -0.0289 0.0817 0.9962 0.7622 0.2409
11.0414 -16.3586 -24.0477 -0.0055 0.0086 -0.9999 0.0597 0.8355
-23.6437 20.9775 -28.7374 0.0458 -0.0576 -0.9973 0.5822 0.0553
26.2224 -15.0527 15.2889 0.8888 -0.4582 0.0078 0.3019 0.8435
-30.8805 -10.4782 -28.9198 -0.1217 -0.0367 -0.9919 0.4292 0.0201
-14.6550 25.3765 -23.5683 0.3796 -0.8977 -0.2234 0.6255 0.7801
4.9907 -31.6004 21.6416 0.1973 -0.9803 0.0113 0.6765 0.4206
-11.4860 -28.3942 -28.8620 0.0504 0.1345 -0.9896 0.3420 0.1145
-7.0527 -27.9878 -23.9526 0.0488 0.2723 -0.9610 0.0031 0.7475
-7.0527 -27.9878 -23.9526 0.2373 0.9699 0.0545 0.5932 0.6968
-28.3061 9.5710 -25.8918 0.9178 -0.3694 0.1455 0.7246 0.6411
0.7948 20.0634 21.0881 -0.0311 -0.0460 0.9985 0.7642 0.0516
-6.5109 29.6255 28.4217 0.0766 -0.5728 0.8161 0.5083 0.7480
-6.5109 29.6255 28.4217 0.0078 -0.1558 0.9878 0.3052 0.2056
-23.2602 19.1463 -23.9616 0.7530 -0.6208 0.2181 0.6236 0.8220
18.7559 24.2910 -7.7137 0.6707 0.7418 -0.0035 0.8207 0.5388
19.7100 -23.8711 1.1276 0.6942 -0.7197 0.0048 0.5767 0.3490
-25.9865 13.4716 -23.3167 -0.0015 0.0046 -1.0000 0.2048 0.6554
3.6296 29.1677 -28.6725 0.0011 -0.0204 -0.9998 0.6221 0.1880
32.2871 -5.9989 28.6497 0.1036 -0.1444 0.9841 0.1318 0.0168
23.9107 -19.0011 -8.3232 0.8177 -0.5756 0.0011 0.5307 0.3286
-30.1914 0.9221 -26.7517 0.9650 -0.0851 -0.2479 0.7204 0.6831
-20.4892 -20.9472 -23.8413 0.1924 0.2185 -0.9567 0.0374 0.6821
19.9320 -23.5882 27.0269 0.7181 -0.6885 -0.1011 0.7027 0.3479
-32.2752 -1.5221 28.5841 0.1934 0.0374 0.9804 0.1536 0.3309
26.3646 14.1675 17.6853 0.8876 0.4606 0.0068 0.4441 0.8551
-34.9936 0.0120 4.8057 -0.9990 0.0103 -0.0437 0.3241 0.4664
-2.5913 -32.2972 26.9891 0.0087 -0.9463 -0.3232 0.7025 0.4575
-30.6972 -15.6575 27.0233 -0.8565 -0.5161 0.0065 0.7027 0.5943
-30.6972 -15.6575 27.0233 -0.8423 -0.4935 -0.2168 0.2478 0.3583
2.2271 -3.0286 20.8500 -0.0478 0.0069 0.9988 0.7572 0.1639
-34.8110 -0.2498 -15.0516 -1.0000 -0.0023 -0.0014 0.3228 0.5630
-24.4816 10.8988 -23.3799 -0.0257 0.0139 -0.9996 0.1923 0.6627
-19.5162 -1.3038 -23.5899 -0.0109 0.0137 -0.9998 0.1330 0.6868
10.5560 19.4063 -23.7518 -0.0173 0.0117 -0.9998 0.2337 0.8331
24.3790 -3.3870 -23.9136 0.0784 -0.0084 -0.9969 0.1228 0.9004
22.2192 20.7696 9.3919 0.7736 0.6337 0.0024 0.9040 0.5557
-26.6647 -21.7173 -20.7071 -0.7587 -0.6514 0.0027 0.4704 0.5746
-31.1465 -1.7678 21.1595 0.0288 0.0124 0.9995 0.9196 0.1578
19.8485 -12.7189 21.0740 -0.0444 0.0256 0.9987 0.6715 0.2111
11.1159 -2.0757 -23.9226 -0.0129 0.0085 -0.9999 0.1292 0.8359
-31.6925 5.4219 -28.6881 0.2453 -0.0440 -0.9685 0.5066 0.0162
-0.2572 -32.4183 10.7937 0.0596 -0.9982 0.0117 0.6237 0.4462
-24.1393 -24.2393 -10.9483 -0.6623 -0.7492 0.0003 0.5179 0.5623
21.8374 -14.1533 21.1833 0.7879 -0.4875 0.3763 0.9406 0.6291
21.8374 -14.1533 21.1833 0.1021 -0.0424 0.9939 0.6618 0.2181
-2.5122 32.1349 22.0465 -0.0023 0.9998 0.0190 0.9655 0.4354
14.3420 27.5802 -3.0553 0.5208 0.8537 -0.0042 0.8434 0.5174
-22.9515 -20.6018 21.3809 0.1817 0.1565 0.9708 0.8797 0.2494
15.2351 -22.8364 21.3920 -0.5671 0.7118 0.4145 0.5279 0.8141
-29.5374 -3.8568 -23.4967 -0.0126 0.0141 -0.9998 0.1205 0.6381
26.5422 1.9499 22.2205 -0.9952 -0.0608 0.0766 0.8038 0.6463
-30.1588 0.3838 -23.4370 0.0923 0.0182 -0.9956 0.1412 0.6351
-2.5052 -29.7559 -28.9760 0.0003 0.1396 -0.9902 0.3354 0.1582
-30.9406 16.3030 27.5435 -0.6468 0.3481 -0.6786 0.4033 0.3558
5.5758 -31.6298 27.0854 0.2590 -0.9363 -0.2373 0.7030 0.4178
20.2800 -19.1255 28.5174 -0.3003 0.2493 0.9207 0.0680 0.0752
20.2800 -19.1255 28.5174 -0.5304 0.5305 0.6612 0.5626 0.8387
-29.3573 -18.4633 6.6980 -0.8313 -0.5554 -0.0187 0.6038 0.5877
9.2653 30.0926 3.8243 0.3668 0.9303 -0.0052 0.8769 0.4927
-10.6154 22.2545 21.1246 0.0057 -0.0262 0.9996 0.8197 0.0409
-34.5062 4.5336 -20.7502 -0.9906 0.1368 -0.0069 0.3461 0.5908
-11.9658 29.0051 -28.6732 -0.0868 0.2101 -0.9738 0.6213 0.1121
0.7444 -3.4088 20.8593 0.0373 0.0042 0.9993 0.7644 0.1658
24.6447 -6.7445 -27.9320 -0.7015 0.1980 -0.6846 0.4474 0.2903
24.6447 -6.7445 -27.9320 -0.8367 0.2343 -0.4950 0.7647 0.6903
18.0480 -20.6642 24.4641 -0.6970 0.7169 -0.0141 0.5428 0.8278
-8.0633 -27.6764 21.1954 0.0473 0.0581 0.9972 0.8072 0.2838
-10.7174 27.9638 24.0053 0.2903 -0.9569 0.0068 0.4868 0.7685
21.6723 7.2939 21.0463 -0.0417 -0.0131 0.9990 0.6626 0.1137
-26.2223 21.9284 26.1893 -0.6958 0.7150 -0.0683 0.9857 0.3200
0.1215 23.0556 21.2365 -0.0191 -0.0454 0.9988 0.7674 0.0370
35.0741 4.1355 28.2882 0.9619 0.1600 0.2218 0.9226 0.5964
35.0741 4.1355 28.2882 0.7313 0.1162 0.6721 0.1811 0.0033
-30.3456 16.1942 26.2414 -0.8493 0.5245 -0.0590 0.9859 0.2999
-30.3456 16.1942 26.2414 -0.8890 0.4530 -0.0676 0.4028 0.3621
23.3669 14.2806 -28.8520 -0.0376 -0.0227 -0.9990 0.5497 0.2840
-33.5105 -9.6597 -3.2089 -0.9528 -0.3037 0.0040 0.2770 0.5054
-6.3472 -27.4133 21.1190 0.0418 -0.0146 0.9990 0.7989 0.2826
20.5868 17.0930 21.2174 -0.2614 -0.2007 0.9441 0.6679 0.0660
0.4412 -13.5515 20.9943 0.0819 0.0064 0.9966 0.7659 0.2151
27.3364 11.9879 26.2370 0.9171 0.3985 0.0133 0.4335 0.8967
24.2638 -15.5628 28.7193 -0.0260 0.0189 0.9995 0.0853 0.0559
21.9960 3.2792 -24.0321 0.0087 0.0085 -0.9999 0.1552 0.8888
-24.9826 24.4739 28.0380 -0.6620 0.7468 -0.0639 0.9947 0.3260
9.1816 -30.5305 -22.7901 0.3599 -0.9330 -0.0019 0.4603 0.4002
24.7451 -17.5477 20.4841 0.8540 -0.5201 0.0117 0.6708 0.3245
22.2412 -21.3485 28.4444 0.2416 -0.2080 0.9478 0.0572 0.0657
-6.2778 8.9227 -23.6087 -0.0114 0.0100 -0.9999 0.1827 0.7512
-7.0321 -16.3741 21.2809 0.1162 0.0325 0.9927 0.8022 0.2289
0.8733 -19.9257 21.3291 0.2579 -0.0894 0.9620 0.7638 0.2461
-25.3364 -23.5235 28.6639 -0.3333 -0.3337 0.8818 0.0466 0.2972
-13.9031 25.5761 -23.4444 0.0680 -0.1716 -0.9828 0.2637 0.7141
-13.9031 25.5761 -23.4444 0.2928 -0.8671 -0.4029 0.6261 0.7765
27.6512 11.3287 10.6294 0.9373 0.3483 -0.0059 0.4302 0.8208
20.7715 -15.3247 21.2451 0.0556 0.0049 0.9984 0.6670 0.2238
24.3138 -11.1566 19.1114 -0.4457 0.4037 0.7990 0.9568 0.6145
24.3138 -11.1566 19.1114 -0.8744 0.4776 -0.0857 0.8189 0.7100
24.5004 -4.1179 -23.8957 0.0833 -0.0113 -0.9965 0.1193 0.9010
-34.8005 6.1189 28.6500 -0.5172 0.0842 0.8517 0.1908 0.3432
1.0043 8.5438 20.8561 0.0047 -0.0027 1.0000 0.7631 0.1076
-4.0573 -27.6646 -26.9193 0.0421 0.9804 -0.1924 0.5788 0.7114
-4.6549 29.9940 21.1943 0.1327 -0.6180 0.7749 0.9087 0.6689
-4.6549 29.9940 21.1943 -0.0246 0.0542 0.9982 0.7907 0.0033
-16.0781 26.8026 21.0148 0.1540 -0.2079 0.9660 0.8237 0.7450
20.7407 -22.8866 8.3020 0.7229 -0.6909 -0.0045 0.6116 0.3440
20.0247 -13.7574 21.1243 -0.0552 0.0439 0.9975 0.6706 0.2161
17.2756 25.6363 12.8296 0.6217 0.7832 -0.0041 0.9207 0.5316
26.3775 -7.1447 28.4296 -0.4476 0.1058 0.8879 0.1263 0.0456
10.2774 -25.1471 -23.9366 -0.0128 0.1144 -0.9934 0.0169 0.8318
24.4737 -8.2190 19.0852 0.9178 -0.3078 0.2508 0.9304 0.6002
24.4737 -8.2190 19.0852 0.6545 -0.2057 0.7275 0.9561 0.6002
15.0399 10.7209 -23.9173 -0.0167 0.0042 -0.9999 0.1915 0.8550
22.6361 -18.7963 28.7579 -0.0124 0.0153 0.9998 0.0696 0.0638
20.5871 -5.9050 -24.0567 0.0014 0.0006 -1.0000 0.1106 0.8820
-30.7269 7.6216 21.5845 0.4046 -0.8186 0.4077 0.6414 0.8287
26.6929 13.6051 1.1990 0.9108 0.4128 0.0075 0.4413 0.7749
27.7128 11.2133 23.2015 0.9302 0.3669 0.0068 0.4297 0.8820
-24.7860 19.5759 21.0177 0.6919 -0.6418 0.3306 0.4723 0.8369
-24.7860 19.5759 21.0177 -0.1330 0.0828 0.9877 0.8886 0.0540
-6.8562 24.5502 21.1809 -0.0290 -0.0212 0.9994 0.8014 0.0298
-3.3665 5.0533 20.9864 -0.0118 0.0435 0.9990 0.7844 0.1246
-20.6447 22.8726 -28.5998 0.2576 -0.2966 -0.9196 0.5915 0.0699
-32.7551 11.4895 13.7424 -0.9192 0.3936 -0.0117 0.3799 0.4229
26.5100 -14.7509 -25.3226 0.8959 -0.4433 -0.0307 0.3034 0.6459
-18.2435 25.6526 20.8908 -0.1182 0.1547 0.9809 0.8568 0.0244
-18.2435 25.6526 20.8908 0.3684 -0.7170 0.5918 0.9866 0.5999
-19.3725 28.3399 28.5841 -0.0146 0.0383 0.9992 0.2989 0.2682
-19.3725 28.3399 28.5841 -0.4248 0.7196 0.5492 0.9973 0.3533
22.1417 -13.6817 -23.9250 -0.1091 0.0938 -0.9896 0.0727 0.8895
24.7132 -7.1406 19.5368 0.9363 -0.3211 0.1421 0.9326 0.5950
22.3448 -14.1659 19.8208 -0.8580 0.2296 0.4595 0.5419 0.8616
22.3448 -14.1659 19.8208 -0.8188 0.5609 0.1220 0.5203 0.8487
22.3448 -14.1659 19.8208 0.4521 -0.0534 0.8904 0.6593 0.2181
20.7106 -17.5867 23.0899 -0.7878 0.6145 0.0414 0.5362 0.8408
15.7801 -22.5015 21.5975 -0.6073 0.7267 0.3211 0.5289 0.8168
-5.2863 -21.2823 -23.9904 -0.0056 0.0133 -0.9999 0.0358 0.7561
25.8251 -11.4058 28.6564 -0.1202 0.0570 0.9911 0.1055 0.0483
-22.5908 -15.1410 -23.7570 -0.0100 0.0087 -0.9999 0.0656 0.6719
-22.5094 26.1338 27.4125 -0.4931 0.6463 -0.5824 0.9916 0.3381
11.8548 25.1902 27.3953 -0.5002 -0.8553 0.1355 0.5033 0.6586
-6.4154 -29.6040 28.5356 0.0142 0.1299 0.9914 0.0170 0.2051
-6.4154 -29.6040 28.5356 0.0740 0.5306 0.8444 0.5627 0.7088
-2.9825 32.2883 -26.1123 -0.0010 0.9968 -0.0803 0.7312 0.4331
8.4054 8.2300 -23.8134 -0.0145 0.0071 -0.9999 0.1793 0.8227
-5.3333 23.5919 21.3303 -0.1902 0.0761 0.9788 0.7940 0.0344
-19.2311 27.6558 -25.2248 -0.5064 0.8610 -0.0484 0.7355 0.3540
-28.2144 -14.4181 28.4663 0.3098 0.1485 0.9391 0.0909 0.3112
-28.2144 -14.4181 28.4663 0.8561 0.4401 0.2708 0.8632 0.7254
-28.2144 -14.4181 28.4663 0.8232 0.5418 0.1699 0.5623 0.6028
-34.5417 -6.6385 21.5387 -0.9697 -0.2441 -0.0012 0.2917 0.3850
-5.6940 -32.4399 -18.6836 -0.1254 -0.9921 0.0082 0.4803 0.4726
-2.3182 -15.4660 21.2160 0.0666 0.0089 0.9977 0.7793 0.2244
30.1991 10.4077 27.4733 0.0797 0.1614 -0.9837 0.6818 0.6588
30.1991 10.4077 27.4733 0.2995 0.6863 -0.6628 0.9922 0.6368
-1.4398 -28.1599 -24.0963 0.0753 0.4679 -0.8806 0.0023 0.7748
-1.4398 -28.1599 -24.0963 0.0969 0.9724 -0.2122 0.5925 0.7241
22.3738 -20.9510 27.2546 0.4205 -0.3670 -0.8297 0.6437 0.8114
22.3738 -20.9510 27.2546 0.6133 -0.5368 -0.5795 0.7038 0.3361
-13.7232 -25.4924 -23.8472 0.0174 0.0404 -0.9990 0.0153 0.7150
9.5894 -4.1732 20.7349 0.0035 0.0051 1.0000 0.7214 0.1695
24.4746 12.6962 -28.8267 0.1165 0.0526 -0.9918 0.5419 0.2894
21.3262 5.1205 21.0066 -0.0453 -0.0089 0.9989 0.6643 0.1243
-23.7921 24.2115 25.7618 -0.6586 0.7514 -0.0405 0.9836 0.3318
-20.1063 25.7385 28.5336 0.0711 -0.1020 0.9922 0.2862 0.2717
-17.0155 -23.5641 -26.9366 0.5018 0.8226 -0.2674 0.5787 0.6483
4.8908 -5.2465 20.8982 0.1408 0.0156 0.9899 0.7442 0.1747
-14.1599 25.5555 21.2163 0.0338 -0.0417 0.9986 0.8369 0.0249
8.2235 26.5519 21.3041 -0.1064 -0.2450 0.9637 0.7280 0.0200
-29.1632 18.2163 26.9141 -0.6508 0.3837 -0.6552 0.4126 0.3589
-29.1632 18.2163 26.9141 -0.8490 0.5228 -0.0765 0.9892 0.3057
-26.7593 -13.5686 -23.7426 0.2162 0.1255 -0.9683 0.0733 0.6516
-2.8715 24.9405 21.3716 0.1134 -0.1183 0.9865 0.7820 0.0279
23.9094 18.5052 -16.9599 0.8104 0.5859 0.0028 0.7758 0.5639
24.2553 2.7766 -23.9606 0.0397 -0.0083 -0.9992 0.1528 0.8998
-34.6004 -5.7233 26.2398 -0.9702 -0.2187 0.1039 0.2962 0.3621
-34.9271 -0.4541 -5.9921 -0.9995 -0.0054 -0.0303 0.3218 0.5190
25.0715 -4.9559 -27.8882 -0.6901 0.1138 -0.7148 0.4561 0.2923
-23.2285 24.6729 15.2740 -0.6485 0.7612 0.0001 0.9326 0.3346
-34.3171 -7.1511 25.5969 -0.9648 -0.2527 0.0722 0.2892 0.3653
-21.8984 -19.7011 -23.8162 0.1323 0.1661 -0.9772 0.0434 0.6752
14.8054 -23.2924 21.5682 -0.5661 0.7726 0.2873 0.5288 0.8121
15.0972 -27.5128 -12.5523 0.5329 -0.8462 0.0005 0.5101 0.3715
-4.9407 30.2902 28.5139 -0.0003 -0.1211 0.9926 0.3084 0.1980
-33.0669 -10.8533 27.1824 -0.9394 -0.3387 -0.0534 0.2712 0.3576
-29.5708 -9.2804 21.3005 0.0571 0.0422 0.9975 0.9119 0.1943
-4.6969 32.1714 27.0326 -0.0413 0.7308 -0.6813 0.9898 0.4247
25.4181 -17.6949 27.7236 0.7995 -0.5254 -0.2910 0.7061 0.3212
26.8549 -1.3764 28.0870 -0.6963 0.0333 0.7170 0.1543 0.0433
26.8549 -1.3764 28.0870 -0.9651 0.0412 0.2586 0.7752 0.6625
-26.3447 19.0643 -28.7063 -0.1867 0.1517 -0.9706 0.5729 0.0422
-31.7189 13.9461 -4.8438 -0.8926 0.4508 -0.0050 0.3919 0.5134
7.3133 25.1791 -23.8597 -0.2315 -0.4223 -0.8764 0.2618 0.8174
7.3133 25.1791 -23.8597 -0.4466 -0.8602 -0.2464 0.6241 0.6732
25.3563 2.6742 -24.5828 -0.9766 -0.1911 0.0982 0.7484 0.6445
19.7888 -14.5813 -23.9744 0.0341 -0.0268 -0.9991 0.0684 0.8781
-19.3413 -24.0838 -28.7744 0.1880 0.2773 -0.9422 0.3630 0.0763
-4.9180 32.1134 3.1810 -0.0758 0.9971 0.0001 0.8737 0.4236
23.8710 -12.6214 27.3134 -0.8955 0.4352 0.0930 0.7790 0.7172
-27.0865 0.9052 -23.4671 -0.0184 0.0132 -0.9997 0.1437 0.6500
-1.6707 -14.7054 21.1740 0.0435 -0.0301 0.9986 0.7761 0.2207
0.6858 32.1398 -13.3830 0.1166 0.9932 -0.0025 0.7932 0.4509
10.1253 23.7711 -24.5172 -0.5210 -0.8277 -0.2085 0.6209 0.6596
31.3120 2.3606 27.0745 -0.0924 0.0651 -0.9936 0.6872 0.6979
26.3061 4.4316 24.6548 -0.9861 -0.1655 0.0126 0.7919 0.6342
-5.1453 29.7750 21.2176 -0.0283 0.2231 0.9744 0.7931 0.0043
-33.4027 -9.9921 26.6686 -0.9564 -0.2771 0.0924 0.2754 0.3601
-30.6231 3.4102 21.2616 -0.1530 0.0000 0.9882 0.9170 0.1326
-12.5424 30.6341 26.6916 -0.2866 0.8514 -0.4392 0.9881 0.3866
31.6354 -7.8353 28.0145 0.4251 -0.8837 0.1957 0.9573 0.6457
26.6177 -0.5866 24.9015 -0.9994 0.0283 0.0177 0.7907 0.6586
22.1935 20.7847 0.7462 0.7733 0.6341 0.0065 0.8619 0.5555
-9.8440 28.1319 21.2727 0.0089 -0.0952 0.9954 0.8159 0.0123
-21.6001 -22.2063 22.2610 0.6539 0.7540 -0.0627 0.5321 0.6349
29.7444 1.0134 17.1138 0.9991 0.0419 0.0002 0.3801 0.8524
28.1395 -6.3133 -28.5373 0.4742 -0.0870 -0.8761 0.4495 0.3073
9.2636 -26.6557 23.2334 -0.4255 0.9046 0.0235 0.5369 0.7851
29.4019 -1.4570 -27.7004 0.9376 -0.0235 -0.3469 0.3680 0.6343
29.4019 -1.4570 -27.7004 0.7682 -0.0128 -0.6400 0.4731 0.3134
-10.5830 31.3372 -23.9873 -0.2443 0.9696 -0.0109 0.7416 0.3961
-22.9927 21.9919 21.0563 0.7217 -0.3346 -0.6060 0.8765 0.7116
-22.9927 21.9919 21.0563 0.7030 -0.6184 -0.3512 0.9874 0.6230
-22.9927 21.9919 21.0563 0.9101 -0.1911 0.3676 0.6568 0.8278
-13.9172 -8.1149 20.9796 -0.0067 0.0183 0.9998 0.8357 0.1887
2.0458 31.9669 -22.6661 0.1655 0.9862 -0.0030 0.7480 0.4575
-21.6829 25.9051 5.6638 -0.6126 0.7904 0.0026 0.8858 0.3421
25.0484 16.7891 -21.3749 0.8502 0.5265 -0.0010 0.7543 0.5694
10.6272 -25.4353 20.9247 -0.2771 0.5810 0.7653 0.5256 0.7917
-23.8017 24.8638 28.5197 -0.1724 0.2057 0.9633 0.2820 0.2897
-10.7715 31.7451 27.4038 -0.2021 0.7690 -0.6065 0.9916 0.3952
5.2282 -26.5228 -26.4229 -0.2800 0.9589 0.0448 0.5812 0.7565
-14.6992 -30.5139 27.6271 -0.3137 -0.8073 -0.4999 0.7056 0.5164
-25.4813 18.0090 24.2318 0.7852 -0.6192 0.0076 0.4879 0.8403
-0.8077 27.9840 -27.8005 -0.0618 -0.7095 -0.7020 0.6049 0.7128
-16.5666 -29.1236 27.1547 -0.3519 -0.7173 -0.6014 0.7033 0.5255
6.6354 -31.3583 -5.0692 0.2774 -0.9607 0.0020 0.5465 0.4126
-30.9718 15.3231 -5.0330 -0.8781 0.4785 -0.0009 0.3986 0.5143
-30.9718 15.3231 -5.0330 -0.8560 0.5169 -0.0013 0.8338 0.2969
-13.8127 30.7700 27.3707 -0.2674 0.7470 -0.6087 0.9914 0.3804
-20.1489 -23.3035 27.9947 0.5643 0.7979 0.2120 0.5600 0.6420
-27.8919 -20.4920 7.3518 -0.7874 -0.6152 0.0382 0.6069 0.5806
-22.0442 -17.6083 -23.7857 -0.0052 0.0112 -0.9999 0.0536 0.6745
-4.5495 -32.2424 25.7576 -0.0414 -0.9991 0.0041 0.6965 0.4670
24.0104 -18.6893 20.8813 0.8313 -0.5558 0.0079 0.6728 0.3281
16.7048 -23.7877 -28.9138 0.1614 -0.1958 -0.9673 0.3644 0.2516
26.9044 -13.2689 26.1790 0.9053 -0.4240 0.0253 0.3106 0.8965
27.8112 12.0677 27.4856 0.5737 0.2411 -0.7828 0.6702 0.6507
-4.3059 -32.6142 -23.1182 -0.0645 -0.9979 0.0021 0.4587 0.4659
-12.5558 -3.5946 20.9197 -0.0234 0.0169 0.9996 0.8291 0.1667
-13.5625 22.7055 21.1395 0.0046 -0.0230 0.9997 0.8340 0.0387
23.5969 18.7079 26.3159 0.8236 0.5661 0.0334 0.9863 0.5624
1.6454 -19.5586 21.0705 0.2144 -0.0670 0.9744 0.7600 0.2444
0.2740 27.3131 -25.8349 -0.1260 -0.9919 0.0146 0.6145 0.7075
29.0464 6.9251 -9.6896 0.9732 0.2300 0.0043 0.4088 0.7220
-0.1133 -29.0214 21.9507 -0.0824 0.9862 0.1435 0.5306 0.7395
-7.3601 31.5473 28.6466 0.0143 -0.0656 0.9977 0.3145 0.2097
-25.0534 -23.4438 0.1883 -0.7026 -0.7116 0.0006 0.5721 0.5668
-0.1543 -9.4583 21.0392 0.0926 0.0360 0.9951 0.7688 0.1952
-7.5696 31.7640 18.9701 -0.1622 0.9867 0.0058 0.9506 0.4107
29.2470 -6.7776 -14.9620 0.9815 -0.1912 0.0039 0.3422 0.6963
-25.6735 19.0371 28.4019 0.1700 -0.1160 0.9786 0.2536 0.2988
-25.6725 17.7400 21.2751 0.0744 0.0349 0.9966 0.8929 0.0629
-4.3847 32.2432 -6.8414 -0.0550 0.9985 0.0080 0.8250 0.4262
-20.1555 -27.1321 -11.8143 -0.5126 -0.8586 0.0037 0.5137 0.5430
-9.9846 -31.4508 26.2918 -0.2187 -0.9753 0.0313 0.6991 0.4935
28.6132 -8.7293 24.7952 0.9608 -0.2772 0.0010 0.3327 0.8897
19.1716 23.9864 16.9313 0.6900 0.7238 -0.0004 0.9406 0.5408
2.0470 -29.5499 -29.0170 -0.0287 0.1061 -0.9939 0.3364 0.1803
-0.1179 -21.9147 21.3138 0.3020 -0.2184 0.9279 0.7686 0.2558
-14.3396 26.7399 21.3778 0.3542 -0.7508 -0.5576 0.4409 0.9065
15.2951 -9.6714 20.8802 -0.0285 0.0256 0.9993 0.6936 0.1963
-11.2591 31.8927 28.4432 -0.2345 0.8504 0.4709 0.9967 0.3928
19.7414 -23.3080 28.6655 0.1413 -0.1454 0.9792 0.0476 0.0779
-3.2710 -20.4110 -23.9880 -0.0049 0.0141 -0.9999 0.0400 0.7659
-33.0068 -11.0784 -5.9852 -0.9409 -0.3383 -0.0171 0.2701 0.5189
-26.2642 -22.2916 22.4388 -0.7421 -0.6703 0.0022 0.6804 0.5727
1.5098 26.6509 -23.6493 -0.0596 -0.3982 -0.9154 0.2690 0.7891
29.5711 -9.0329 28.1689 -0.0667 -0.9439 -0.3236 0.9581 0.6558
24.0092 -11.3525 19.0583 -0.0613 0.3431 0.9373 0.9583 0.6155
-9.9864 -31.5112 3.5508 -0.2377 -0.9713 0.0054 0.5885 0.4935
-34.6710 3.8586 28.7223 -0.0839 0.0119 0.9964 0.1798 0.3426
-25.0266 16.3040 -23.3126 0.0631 -0.0366 -0.9973 0.2186 0.6600
25.6641 11.9198 -28.6499 0.3311 0.1462 -0.9322 0.5382 0.2952
-3.9648 -32.5988 -26.1840 -0.0487 -0.9966 -0.0667 0.4438 0.4642
20.8994 22.2484 0.8688 0.7310 0.6824 -0.0013 0.8625 0.5493
15.8764 -27.2836 25.1805 0.5741 -0.8182 0.0311 0.6937 0.3677
-31.3828 -4.2477 27.6306 0.9850 0.1125 0.1307 0.8592 0.6759
1.6796 29.6476 -28.6832 -0.0114 -0.0539 -0.9985 0.6244 0.1785
-32.2937 -4.0704 -28.8647 -0.0266 0.0038 -0.9996 0.4604 0.0132
9.2025 -2.0845 -23.8987 -0.0118 0.0087 -0.9999 0.1292 0.8266
28.8683 -8.8804 28.4914 0.1400 -0.8590 0.4924 0.9596 0.6592
28.8683 -8.8804 28.4914 0.3274 -0.1637 0.9306 0.1178 0.0335
-34.2032 6.6189 26.4599 -0.9662 0.2561 0.0299 0.3562 0.3611
10.9993 2.3591 20.7082 0.0025 0.0005 1.0000 0.7145 0.1377
-31.0544 -15.1650 26.1953 -0.8561 -0.5137 0.0573 0.6986 0.5960
-31.0544 -15.1650 26.1953 -0.8726 -0.4872 0.0344 0.2502 0.3624
-30.8444 -17.0786 28.1980 -0.6791 -0.4140 -0.6061 0.2409 0.3526
-30.8444 -17.0786 28.1980 -0.8214 -0.5284 0.2146 0.7084 0.5950
-28.0019 -20.3281 6.3894 -0.7948 -0.6025 -0.0726 0.6023 0.5811
-34.6081 2.3738 -26.7599 -0.9928 0.0788 -0.0901 0.3356 0.6200
11.4524 29.0407 -19.7777 0.4647 0.8855 -0.0034 0.7620 0.5033
28.2064 -10.4053 28.5082 0.2613 -0.0946 0.9606 0.1104 0.0367
-27.6414 14.9967 22.5160 0.8663 -0.4840 -0.1235 0.8343 0.5823
-27.6414 14.9967 22.5160 0.8226 -0.5486 -0.1498 0.4796 0.8508
25.7562 -7.0954 23.1632 -0.9713 0.2372 0.0189 0.7992 0.6903
17.1000 -21.0020 20.8010 -0.6693 0.7395 0.0720 0.5250 0.8232
-2.2747 -29.1612 22.4428 0.0045 0.9972 0.0747 0.5330 0.7290
26.2640 -15.0511 0.6195 0.8926 -0.4507 0.0097 0.3019 0.7721
-15.8048 26.6561 21.2293 0.0544 -0.1527 -0.9868 0.9826 0.6549
-15.8048 26.6561 21.2293 -0.4997 0.8066 -0.3159 0.7867 0.7405
-10.1022 28.9105 21.1982 0.2469 -0.9437 -0.2203 0.9001 0.7237
-10.1022 28.9105 21.1982 0.1027 -0.3729 -0.9222 0.8956 0.5880
24.9624 -3.8112 -23.8601 0.0949 -0.0155 -0.9954 0.1208 0.9032
27.1904 -10.1485 -28.7935 0.8875 -0.4069 -0.2162 0.9067 0.6936
27.1904 -10.1485 -28.7935 0.0648 -0.0544 -0.9964 0.4308 0.3026
-16.1850 30.1562 27.8855 -0.3715 0.8539 -0.3644 0.9939 0.3688
27.4015 -12.5011 4.0730 0.9308 -0.3654 0.0060 0.3143 0.7889
0.0258 -14.4081 21.0612 0.1286 -0.0130 0.9916 0.7679 0.2193
-5.3896 -32.2600 11.9689 -0.1029 -0.9947 0.0086 0.6294 0.4711
7.1334 -31.1328 19.7269 0.2633 -0.9647 0.0104 0.6672 0.4102
15.3254 -22.9604 25.8998 -0.6068 0.7946 -0.0188 0.5498 0.8146
-20.4377 -26.9515 -4.6314 -0.5198 -0.8543 0.0022 0.5486 0.5443
34.5977 5.0893 28.6129 0.5387 0.1266 0.8330 0.1858 0.0056
6.2115 -27.8686 22.9475 -0.3134 0.9489 0.0361 0.5355 0.7702
21.7741 21.3033 7.2018 0.7545 0.6563 0.0009 0.8933 0.5535
-5.0713 -15.5933 21.1848 -0.0673 0.0056 0.9977 0.7927 0.2251
-7.4082 11.8008 21.0122 0.0895 -0.0249 0.9957 0.8041 0.0918
0.1334 -32.5606 -20.6423 0.0691 -0.9976 0.0047 0.4708 0.4443
-3.4969 -29.6962 28.4587 0.0273 0.6497 0.7597 0.5623 0.7230
-2.8447 -1.4304 21.0572 -0.0553 -0.0026 0.9985 0.7819 0.1562
-19.5275 24.3976 21.0103 -0.2961 0.3772 0.8775 0.8630 0.0305
29.2753 5.7069 -25.6135 0.9783 0.1995 -0.0567 0.4029 0.6445
27.7316 0.5760 -28.8659 0.1689 0.0036 -0.9856 0.4830 0.3053
-29.6282 17.5305 26.9645 -0.8203 0.5409 -0.1857 0.9895 0.3034
-29.6282 17.5305 26.9645 -0.6352 0.3733 -0.6761 0.4093 0.3586
29.9487 1.7626 27.2774 -0.0743 -0.0096 -0.9972 0.6806 0.7009
29.4610 -4.7712 3.2603 0.9910 -0.1336 0.0065 0.3519 0.7850
-34.1387 5.7146 -27.3871 -0.9512 0.1796 -0.2511 0.3518 0.6231
5.9477 13.1793 -23.7388 -0.0157 0.0079 -0.9998 0.2034 0.8107
7.3853 -19.5558 -24.0505 -0.0073 0.0092 -0.9999 0.0442 0.8177
-31.2159 -14.9813 -23.0716 -0.8896 -0.4566 -0.0103 0.2511 0.6021
-28.4039 19.3073 -15.3986 -0.8050 0.5932 -0.0029 0.7834 0.3094
-27.7055 11.1350 -26.6515 0.8761 -0.4105 -0.2527 0.7209 0.6335
-5.6871 32.8406 28.5110 -0.0380 0.3652 0.9302 0.3208 0.2016
-5.6871 32.8406 28.5110 -0.0589 0.9661 0.2515 0.9970 0.4199
6.5817 11.1482 -23.7646 -0.0151 0.0078 -0.9999 0.1935 0.8138
-31.6964 -0.8249 22.8606 0.9973 0.0274 -0.0687 0.8360 0.6593
-30.2954 -1.0477 -23.4590 0.1038 0.0017 -0.9946 0.1342 0.6344
-24.6016 13.3248 21.1274 0.0406 -0.0193 0.9990 0.8877 0.0844
-28.1399 2.0986 21.1712 0.0554 0.0053 0.9984 0.9049 0.1390
-16.6817 26.5310 -28.7417 0.0134 -0.0159 -0.9998 0.6093 0.0892
6.1116 -26.0352 -23.9727 0.0052 -0.0315 -0.9995 0.0126 0.8115
-18.6258 11.3664 -23.4568 -0.0085 0.0089 -0.9999 0.1946 0.6912
25.4744 -16.2504 22.6897 0.8778 -0.4787 0.0181 0.2961 0.8795
25.4744 -16.2504 22.6897 0.8636 -0.5041 0.0110 0.6816 0.3210
26.9267 -13.7600 -4.8403 0.9103 -0.4138 0.0008 0.3082 0.7455
-1.7215 8.2803 20.9351 0.0269 -0.0210 0.9994 0.7764 0.1089
-28.6351 11.8390 -28.3235 0.5071 -0.2175 -0.8340 0.5378 0.0310
2.2483 -27.7774 -23.9747 0.0013 0.0357 -0.9994 0.0042 0.7927
2.2483 -27.7774 -23.9747 -0.3812 0.6323 -0.6744 0.5931 0.7420
-18.4471 28.0331 2.5822 -0.4876 0.8730 0.0068 0.8708 0.3578
29.6429 -2.7360 22.2095 0.9965 -0.0830 -0.0005 0.3618 0.8771
22.6500 -20.6927 -16.8536 0.7796 -0.6262 0.0050 0.4892 0.3347
-16.2909 -1.4707 -23.6287 -0.0110 0.0132 -0.9999 0.1321 0.7025
-12.4900 -27.5409 21.5441 0.2964 0.9241 0.2413 0.5286 0.6793
23.4655 -11.1240 20.6684 0.8946 -0.3614 -0.2630 0.9381 0.6143
-2.3200 29.1089 21.3370 0.8504 -0.3873 -0.3561 0.3694 0.9060
-2.3200 29.1089 21.3370 0.0190 -0.1865 0.9823 0.7793 0.0076
-2.3200 29.1089 21.3370 -0.0554 -0.9840 0.1696 0.4738 0.7276
33.5284 7.7575 28.6061 0.4224 0.2587 0.8687 0.1988 0.0108
-17.8722 28.5459 26.9551 -0.3440 0.6417 -0.6855 0.9894 0.3606
-6.1591 -28.1950 -23.9776 0.0592 0.3673 -0.9282 0.0021 0.7518
-6.1591 -28.1950 -23.9776 0.0980 0.9553 0.2788 0.5931 0.7011
14.2646 24.0111 21.4742 0.0824 0.3846 -0.9194 0.8717 0.7065
14.2646 24.0111 21.4742 -0.9425 0.1605 -0.2931 0.3156 0.9063
-21.2661 22.9963 21.4398 0.3543 -0.4517 -0.8188 0.8814 0.7200
-21.2661 22.9963 21.4398 0.4332 -0.5631 -0.7038 0.4743 0.8198
-18.6528 24.1368 21.6312 -0.0628 -0.9980 -0.0104 0.5144 0.8657
-18.6528 24.1368 21.6312 0.5883 0.1947 0.7849 0.8588 0.0318
-18.6528 24.1368 21.6312 0.5446 -0.8294 -0.1248 0.4753 0.8071
-28.0082 -20.0409 -2.0690 -0.7972 -0.6036 0.0136 0.5611 0.5812
26.3817 14.1302 19.8594 0.8881 0.4597 -0.0012 0.4439 0.8657
4.5152 1.4163 21.0326 0.1148 0.0010 0.9934 0.7461 0.1423
-34.6775 4.6343 26.0947 -0.9809 0.1888 0.0469 0.3466 0.3629
-2.4453 -29.2215 26.5363 -0.0020 0.9999 0.0150 0.5529 0.7281
5.8099 2.1703 20.7953 0.0881 -0.0019 0.9961 0.7398 0.1386
18.0930 -19.1223 -23.8983 -0.0312 0.0337 -0.9989 0.0463 0.8698
18.9953 -18.5058 -23.9184 -0.7524 0.6580 -0.0302 0.5934 0.8235
18.9953 -18.5058 -23.9184 -0.1924 0.2260 -0.9549 0.0493 0.8742
25.7722 -15.9293 9.8545 0.8767 -0.4811 0.0042 0.2976 0.8170
9.8127 29.4285 28.8010 -0.0163 -0.0113 0.9998 0.3042 0.1262
25.1285 -2.9069 -27.2508 -0.9866 0.1628 -0.0088 0.7614 0.6717
24.4139 17.8353 -1.1764 0.8368 0.5475 0.0040 0.8525 0.5664
-29.3471 8.7194 -27.9025 0.7113 -0.2469 -0.6581 0.5226 0.0276
-29.3471 8.7194 -27.9025 0.8251 -0.3320 -0.4571 0.7148 0.6452
-6.0144 29.2911 21.2877 0.0268 0.4697 -0.8824 0.8974 0.6078
-6.0144 29.2911 21.2877 -0.0499 0.2193 0.9744 0.7973 0.0067
-6.0144 29.2911 21.2877 -0.0355 0.8860 0.4623 0.7059 0.8270
-6.0144 29.2911 21.2877 -0.0921 0.9553 0.2811 0.9364 0.6675
11.3094 -25.5362 26.6001 -0.4724 0.8812 0.0175 0.5532 0.7950
16.7719 -11.8325 20.9814 -0.0260 0.0241 0.9994 0.6864 0.2068
22.6567 -11.6687 -27.1406 -0.9021 0.4297 0.0391 0.7608 0.7143
-31.9284 -14.2634 28.6386 -0.2254 -0.1133 0.9677 0.0916 0.3293
-20.2335 24.0360 -28.7399 0.0402 -0.0455 -0.9982 0.5971 0.0719
-6.7814 28.8333 24.9410 0.1447 -0.9888 0.0367 0.4914 0.7493
-30.8413 -7.0541 25.7159 0.9715 0.2370 0.0031 0.8499 0.6896
-16.4274 -29.8014 28.7739 -0.3774 -0.7780 0.5023 0.7112 0.5248
-12.2105 30.7932 -6.9570 -0.2968 0.9549 0.0022 0.8244 0.3882
6.7386 27.6869 28.2063 -0.3103 -0.8041 0.5071 0.5073 0.6835
-4.2881 32.0320 26.1153 -0.0718 0.9963 -0.0472 0.9853 0.4267
28.3857 9.3568 23.9149 0.9497 0.3131 -0.0005 0.4207 0.8854
-14.8219 27.3334 21.1258 0.1483 -0.4632 -0.8738 0.9859 0.6596
-14.8219 27.3334 21.1258 0.3264 -0.9403 -0.0965 0.9877 0.5832
30.1719 -6.9090 27.1455 0.0212 -0.2057 -0.9784 0.6817 0.7430
18.9751 -18.1222 -25.1015 -0.7441 0.6083 0.2762 0.5876 0.8234
25.3065 -7.1842 21.1275 -0.7461 0.0643 0.6628 0.6449 0.1841
25.3065 -7.1842 21.1275 -0.8718 0.2439 0.4249 0.8091 0.6907
28.4177 -9.7856 -8.4466 0.9575 -0.2883 -0.0004 0.3275 0.7280
-6.1260 -32.3955 -26.7390 -0.1158 -0.9841 -0.1345 0.4411 0.4747
-29.1542 -18.9666 28.6756 -0.2730 -0.1926 0.9425 0.0687 0.3158
-25.6911 -15.3224 -27.1425 0.8512 0.4693 -0.2350 0.7185 0.7622
-25.6911 -15.3224 -27.1425 0.7807 0.5865 -0.2157 0.5777 0.6061
-16.1557 -29.3863 -15.5290 -0.4400 -0.8979 0.0104 0.4956 0.5235
-2.6784 -5.4720 21.0283 -0.0464 0.0061 0.9989 0.7810 0.1758
26.4509 -15.4135 27.3358 0.5112 -0.2441 -0.8240 0.6636 0.7844
6.1027 -26.8429 -28.1114 -0.2439 0.7566 -0.6067 0.5730 0.7608
17.4914 -20.9184 21.3219 -0.6619 0.6951 0.2807 0.5276 0.8251
-21.3290 20.8284 -27.7305 0.4998 -0.5631 -0.6581 0.6053 0.8126
-0.0068 30.1280 21.4235 -0.0123 -0.4633 -0.8861 0.9015 0.6371
-0.0068 30.1280 21.4235 -0.0865 -0.6469 0.7577 0.9098 0.6463
11.5399 28.6208 28.8006 0.0030 -0.0033 1.0000 0.3003 0.1178
14.9810 14.1308 20.9239 -0.0306 -0.0274 0.9992 0.6951 0.0804
26.5810 -14.0431 24.7144 0.8992 -0.4368 0.0259 0.3068 0.8893
0.8804 29.2830 21.3236 -0.0571 0.7919 0.6079 0.6489 0.8313
0.8804 29.2830 21.3236 0.0148 0.0434 0.9989 0.7637 0.0067
-30.9032 -8.7010 28.5271 0.3495 0.0806 0.9335 0.1187 0.3243
-6.5755 -29.1416 28.2697 0.0526 0.3882 0.9201 0.8091 0.7473
-6.5755 -29.1416 28.2697 0.1159 0.7959 0.5942 0.5614 0.7080
1.7414 28.7531 22.6820 -0.1671 -0.9856 -0.0276 0.4804 0.7078
-7.8154 -28.5647 -28.6878 0.1156 0.6201 -0.7760 0.5702 0.6931
-7.8154 -28.5647 -28.6878 0.0572 0.2961 -0.9534 0.3412 0.1323
-33.9038 -8.2681 13.0947 -0.9561 -0.2929 -0.0047 0.2838 0.4261
-20.0358 -27.1816 26.3748 -0.4932 -0.8697 0.0191 0.6995 0.5424
3.5129 26.9579 21.1904 0.0030 -0.0465 0.9989 0.7509 0.0180
-32.9874 -11.4850 6.1854 -0.9389 -0.3430 -0.0289 0.2681 0.4597
-34.3603 -6.2223 27.2115 -0.9747 -0.2231 -0.0162 0.2937 0.3574
-17.2665 25.8841 28.2725 0.1752 -0.3047 0.9362 0.2870 0.2579
-17.2665 25.8841 28.2725 0.2348 -0.5039 0.8312 0.5076 0.8003
-17.6807 25.0194 26.7356 0.5105 -0.8581 0.0553 0.5001 0.8023
-1.3461 -7.5976 21.0760 0.0105 -0.0020 0.9999 0.7746 0.1862
-6.9640 -13.7837 21.1733 0.0832 0.0288 0.9961 0.8019 0.2163
24.1724 11.1266 21.3358 -0.4552 -0.1901 0.8699 0.6504 0.0951
24.1724 11.1266 21.3358 -0.8872 -0.3694 0.2765 0.8081 0.6016
33.5532 2.2859 27.2153 0.1320 0.0923 -0.9869 0.6981 0.6983
29.3903 4.6584 4.3899 0.9891 0.1471 0.0016 0.3978 0.7905
-16.7557 -29.0336 -7.3617 -0.4601 -0.8879 -0.0013 0.5354 0.5264
24.0342 -17.5844 -28.2133 0.7324 -0.4687 -0.4938 0.2896 0.6318
24.0342 -17.5844 -28.2133 0.4704 -0.3040 -0.8284 0.3946 0.2873
-34.1446 -6.4104 -24.9085 -0.9813 -0.1908 -0.0271 0.2928 0.6110
6.1417 28.6972 28.5898 -0.0813 -0.1624 0.9834 0.3006 0.1440
26.4847 5.8842 28.3576 -0.5715 -0.1176 0.8121 0.1896 0.0451
-22.3188 -20.0352 -24.1560 0.6473 0.7255 -0.2340 0.5922 0.6225
-1.1316 -27.4669 -23.9988 -0.0054 -0.0107 -0.9999 0.0057 0.7763
-22.2524 22.6485 21.2038 0.3853 -0.4721 -0.7929 0.8797 0.7152
-22.2524 22.6485 21.2038 0.5530 -0.6549 -0.5150 0.9881 0.6194
-26.4218 16.7373 23.7736 0.8206 -0.5714 -0.0139 0.4857 0.8449
-29.5927 6.7693 -23.3365 0.2001 -0.0157 -0.9796 0.1722 0.6378
34.9745 -3.2904 27.3864 0.6948 -0.0948 -0.7129 0.7051 0.7254
34.9745 -3.2904 27.3864 0.9144 -0.1353 -0.3815 0.9182 0.6325
-27.6889 20.1846 1.1838 -0.7687 0.6396 0.0086 0.8640 0.3129
14.4264 -27.9842 27.1947 0.4829 -0.8756 -0.0074 0.7035 0.3747
24.2836 -4.0962 21.1411 -0.0302 0.0080 0.9995 0.6499 0.1691
25.5657 -16.4953 -19.2903 0.8707 -0.4917 0.0087 0.2949 0.6752
25.5657 -16.4953 -19.2903 0.8596 -0.5110 0.0072 0.4773 0.3205
19.2670 -19.3592 23.9427 -0.7543 0.6563 0.0165 0.5403 0.8338
-18.4636 29.0985 28.2548 -0.4695 0.8551 0.2201 0.9957 0.3577
20.5549 -16.5468 20.5906 0.0746 0.0780 0.9942 0.6680 0.2297
-30.4521 8.6259 25.0437 0.9624 -0.2717 0.0031 0.8466 0.6133
22.9747 12.3230 20.9096 -0.7504 -0.1478 0.6443 0.6736 0.8315
22.9747 12.3230 20.9096 0.2713 0.9119 0.3079 0.4478 0.9060
22.9747 12.3230 20.9096 0.7688 0.5985 -0.2251 0.4771 0.8663
22.9747 12.3230 20.9096 0.9274 0.3124 -0.2055 0.4552 0.9075
-25.2427 -16.6372 21.3397 0.0472 0.0326 0.9984 0.8908 0.2301
-34.9549 -4.3752 27.8152 -0.8546 -0.1254 -0.5040 0.3027 0.3545
-30.0107 -9.8735 25.6024 0.9460 0.3238 0.0150 0.8493 0.7033
28.0511 10.4821 -20.4700 0.9423 0.3346 0.0058 0.4261 0.6695
-0.9428 -9.0082 -23.8707 -0.0107 0.0117 -0.9999 0.0955 0.7772
-4.7393 22.9013 21.3230 0.3631 -0.2410 0.9000 0.7911 0.0378
17.9547 21.5646 28.6243 -0.2592 -0.2676 0.9280 0.2659 0.0866
13.4555 -28.4721 27.1791 0.4489 -0.8886 0.0947 0.7034 0.3794
-8.9468 5.2529 21.0575 0.0736 -0.0039 0.9973 0.8115 0.1236
28.4728 6.2362 -28.1521 0.8631 0.1596 -0.4791 0.4055 0.6321
28.4728 6.2362 -28.1521 0.6057 0.1363 -0.7839 0.5105 0.3089
25.7542 -6.7004 19.5482 -0.9204 0.2612 -0.2910 0.8168 0.6884
-4.2132 32.5560 27.3621 -0.0312 0.7025 -0.7110 0.9914 0.4271
-1.5641 29.3513 21.4602 -0.0466 0.1858 -0.9815 0.8977 0.6295
-1.5641 29.3513 21.4602 0.0803 0.8936 -0.4417 0.5282 0.8599
-28.7203 18.8199 7.6843 -0.8085 0.5885 0.0030 0.8957 0.3078
-31.3678 -14.6884 -19.3184 -0.8888 -0.4582 0.0002 0.2526 0.5838
-4.4026 -13.7250 21.1274 -0.0217 0.0624 0.9978 0.7894 0.2160
4.9954 -31.7997 -18.3318 0.2417 -0.9703 0.0071 0.4820 0.4206
22.9861 -12.3486 20.9417 0.7631 -0.3947 0.5117 0.6562 0.2093
22.9861 -12.3486 20.9417 0.8694 -0.4551 -0.1923 0.9394 0.6203
3.7641 -31.9569 12.5425 0.1579 -0.9874 0.0133 0.6322 0.4266
-10.5674 -27.3757 21.2677 0.0211 0.0529 0.9984 0.8194 0.2824
-12.1225 14.5150 20.9297 0.0020 -0.0200 0.9998 0.8270 0.0786
2.9777 -15.7363 21.0291 0.4284 -0.1482 0.8913 0.7535 0.2258
-0.9887 23.9132 21.2447 -0.0298 -0.0527 0.9982 0.7728 0.0329
-28.8761 -12.6492 26.7801 0.9011 0.4335 -0.0035 0.8550 0.7168
-34.9439 -0.4789 2.8426 -0.9999 0.0025 -0.0136 0.3217 0.4760
1.3602 -1.3832 20.8522 0.0085 -0.0076 0.9999 0.7614 0.1559
-27.9184 19.9817 25.5700 -0.8035 0.5918 -0.0644 0.9827 0.3117
-5.9423 20.0412 -23.5271 -0.0104 0.0070 -0.9999 0.2368 0.7529
-29.6317 11.1089 27.4568 0.9285 -0.3670 0.0566 0.8583 0.6012
-18.7263 -28.5075 27.5725 -0.3698 -0.6567 -0.6573 0.7053 0.5360
-0.1248 -32.2759 19.2368 0.0569 -0.9983 0.0102 0.6648 0.4455
25.8726 -11.5336 -28.8382 0.1323 -0.0689 -0.9888 0.4241 0.2962
-1.9969 18.9933 21.0953 -0.0394 0.0528 0.9978 0.7777 0.0568
-28.0846 14.7663 21.0674 0.2228 -0.2124 0.9514 0.9047 0.0774
-6.5920 -31.0891 -28.7070 -0.0403 -0.2789 -0.9595 0.3289 0.1383
-6.5920 -31.0891 -28.7070 -0.0873 -0.6079 -0.7892 0.4315 0.4770
-7.8755 6.7384 -23.6136 -0.0110 0.0106 -0.9999 0.1721 0.7435
-24.7808 -3.0396 21.0885 0.0342 0.0150 0.9993 0.8886 0.1640
-34.9150 -1.9644 -4.7793 -0.9985 -0.0541 -0.0112 0.3145 0.5131
5.2350 28.2349 -28.6672 -0.0423 -0.0961 -0.9945 0.6175 0.1958
26.0555 5.6971 23.3988 -0.9793 -0.2004 0.0279 0.7980 0.6280
-30.0465 -10.9884 28.5139 0.3474 0.1787 0.9205 0.1076 0.3201
-29.7382 -4.9064 -26.9061 0.9707 0.1727 -0.1669 0.7197 0.7115
28.5968 -2.9532 -28.4872 0.5513 -0.0294 -0.8338 0.4658 0.3095
-26.4894 16.7012 25.9223 0.8230 -0.5670 0.0352 0.4961 0.8452
-25.6609 -15.0771 -23.7535 0.0126 0.0168 -0.9998 0.0659 0.6569
22.6740 -21.1324 27.5003 0.4449 -0.3999 -0.8013 0.6452 0.8122
22.6740 -21.1324 27.5003 0.7126 -0.6033 -0.3581 0.7050 0.3346
17.7789 19.3886 -28.3660 -0.3631 -0.3174 -0.8760 0.5745 0.2569
17.7789 19.3886 -28.3660 -0.5400 -0.5103 -0.6693 0.6022 0.6223
15.2946 18.1240 -23.8514 -0.0235 0.0054 -0.9997 0.2275 0.8562
-30.1154 16.7674 -19.6144 -0.8510 0.5252 -0.0002 0.7628 0.3011
-14.6547 26.9063 21.2497 -0.3118 0.3069 0.8992 0.8242 0.7381
-14.6547 26.9063 21.2497 -0.8792 -0.3976 -0.2626 0.4919 0.8645
-14.6547 26.9063 21.2497 0.0527 -0.1760 -0.9830 0.9838 0.6605
18.7848 -24.7164 2.8797 0.6649 -0.7469 0.0006 0.5852 0.3535
-24.6520 23.5378 -9.4988 -0.6813 0.7320 -0.0005 0.8121 0.3276
-0.7301 -26.5446 -24.0179 -0.0017 -0.0236 -0.9997 0.0101 0.7782
27.3329 12.1415 20.8738 0.9170 0.3990 0.0036 0.4342 0.8707
29.0921 -6.8834 11.3034 0.9788 -0.2048 0.0027 0.3416 0.8241
16.8680 -20.0625 -23.9167 0.0030 0.0164 -0.9999 0.0417 0.8639
-26.5520 15.7333 -28.3012 0.4453 -0.2980 -0.8443 0.5567 0.0412
-6.4442 26.2389 -23.4465 -0.0185 0.0098 -0.9998 0.2670 0.7504
13.6124 25.1183 28.6926 -0.0734 -0.1189 0.9902 0.2832 0.1077
28.5669 9.3576 27.2083 0.1407 0.0759 -0.9871 0.6739 0.6639
-11.1841 -27.9190 24.9535 0.3015 0.9534 0.0077 0.5452 0.6856
-19.7731 27.2303 3.7689 -0.5281 0.8492 0.0064 0.8766 0.3514
6.1029 30.4548 -27.9172 0.2103 0.7281 -0.6524 0.7224 0.4773
-9.1111 31.4249 26.4479 -0.1864 0.9679 -0.1687 0.9869 0.4032
27.9052 -8.6306 -28.2123 0.8068 -0.2120 -0.5515 0.4382 0.3061
27.9052 -8.6306 -28.2123 0.8434 -0.2745 -0.4618 0.9095 0.6862
-1.2383 -29.2807 27.7880 -0.0416 0.9484 0.3142 0.5590 0.7340
-20.4960 23.3252 28.0159 0.3655 -0.4531 0.8131 0.2745 0.2736
-20.4960 23.3252 28.0159 0.6060 -0.7811 0.1504 0.5063 0.8160
20.3366 -23.3165 24.6068 0.7399 -0.6723 0.0215 0.6909 0.3460
-11.9624 -31.4624 28.9325 -0.1160 -0.3487 0.9300 0.0080 0.2321
-11.9624 -31.4624 28.9325 -0.2598 -0.8315 0.4911 0.7119 0.5031
-13.1300 -27.2811 22.1228 0.3645 0.9301 -0.0449 0.5314 0.6761
-11.5492 -30.3799 -28.4178 -0.1556 -0.5697 -0.8070 0.4329 0.5011
-11.5492 -30.3799 -28.4178 -0.1450 -0.4780 -0.8663 0.3324 0.1142
-19.1874 28.6684 27.9704 -0.5003 0.8385 -0.2159 0.9944 0.3542
21.4759 -14.8537 20.9517 0.8440 -0.5241 0.1138 0.9394 0.6325
13.0116 24.3894 21.3864 -0.1932 0.9593 -0.2059 0.4702 0.8645
13.0116 24.3894 21.3864 -0.3904 -0.5529 0.7362 0.4741 0.6530
13.0116 24.3894 21.3864 -0.1208 -0.1026 0.9874 0.7047 0.0305
-0.8497 31.4477 -28.1435 0.0452 0.7629 -0.6449 0.7213 0.4434
-0.8497 31.4477 -28.1435 0.0296 0.4734 -0.8804 0.6332 0.1662
20.9732 -17.2979 25.5631 -0.7875 0.6161 0.0178 0.5482 0.8421
12.5662 -28.9302 28.5434 0.3583 -0.6752 0.6447 0.7101 0.3838
12.5662 -28.9302 28.5434 0.1955 -0.3799 0.9041 0.0203 0.1128
-24.4259 -24.5195 28.6066 -0.2666 -0.2964 0.9171 0.0417 0.2928
-24.4259 -24.5195 28.6066 -0.6328 -0.6941 0.3432 0.7104 0.5637
-12.4950 -24.6635 -23.8874 -0.0203 -0.0187 -0.9996 0.0193 0.7210
-11.7454 -27.7500 22.7154 0.3040 0.9526 -0.0130 0.5343 0.6829
-7.8049 -26.0393 -23.9658 -0.0140 -0.0376 -0.9992 0.0126 0.7438
-21.3228 23.9123 28.4162 0.1288 -0.1540 0.9796 0.2774 0.2777
13.2871 18.9909 -23.8059 -0.0188 0.0082 -0.9998 0.2317 0.8464
27.6960 11.4020 27.2314 0.5910 0.2579 -0.7644 0.6696 0.6540
18.6635 24.5289 27.1881 0.6330 0.7377 -0.2347 0.9905 0.5384
-32.5286 -12.3744 12.2518 -0.9188 -0.3947 0.0014 0.2638 0.4302
29.7672 -8.6910 27.7850 0.2238 -0.7682 -0.5998 0.9562 0.6548
29.3930 8.6959 28.7072 -0.0150 -0.0020 0.9999 0.2033 0.0309
13.0518 24.4576 -28.6891 -0.0962 -0.1476 -0.9844 0.5992 0.2339
-10.1641 -27.1584 -23.9255 0.0981 0.4371 -0.8941 0.0072 0.7323
9.1434 -26.0179 -23.9892 -0.3428 0.8152 -0.4669 0.5931 0.7756
9.1434 -26.0179 -23.9892 -0.0711 0.0843 -0.9939 0.0127 0.8263
-2.2323 27.5514 -25.4305 -0.0465 -0.9966 0.0681 0.6164 0.7197
14.7518 24.1174 -28.7766 -0.0086 -0.0086 -0.9999 0.5975 0.2421
1.9413 -18.7104 21.0501 0.2784 -0.0754 0.9575 0.7586 0.2402
-19.4409 26.8047 -27.9325 -0.3308 0.5169 -0.7896 0.7224 0.3530
-19.4409 26.8047 -27.9325 -0.3241 0.4863 -0.8115 0.6106 0.0758
-22.5098 -21.3641 22.6030 0.6807 0.7312 -0.0453 0.5338 0.6305
-9.6724 -31.6139 27.1589 -0.1141 -0.8274 -0.5500 0.7033 0.4920
-3.3303 31.8517 -27.7998 -0.0089 0.7978 -0.6029 0.7230 0.4314
-0.7980 5.6047 20.9139 0.0335 0.0156 0.9993 0.7719 0.1219
-2.2955 23.7455 21.1625 -0.0363 -0.0751 0.9965 0.7792 0.0337
-8.4236 32.4881 28.4312 -0.1661 0.8822 0.4405 0.9966 0.4066
5.5613 -28.0211 22.1157 -0.2699 0.9573 0.1032 0.5314 0.7671
-14.9229 26.7283 21.2091 -0.2414 0.2506 0.9375 0.8233 0.7394
-14.9229 26.7283 21.2091 0.0136 0.5566 0.8307 0.7866 0.7448
3.5606 31.7027 24.7222 0.1465 0.9892 -0.0087 0.9785 0.4649
-18.8340 -27.9021 -3.3312 -0.4990 -0.8666 0.0032 0.5550 0.5365
-34.0205 7.6648 11.6713 -0.9669 0.2551 0.0029 0.3613 0.4330
-17.0210 -24.0611 -23.9529 0.4844 0.6542 -0.5808 0.5932 0.6483
-17.0210 -24.0611 -23.9529 0.1191 0.1960 -0.9733 0.0222 0.6990
1.2805 29.4950 28.4505 -0.1002 -0.5353 0.8387 0.5084 0.7101
1.2805 29.4950 28.4505 -0.0877 -0.4898 0.8674 0.3045 0.1677
24.6233 -10.2852 19.4931 -0.8890 0.3556 -0.2884 0.8170 0.7058
11.4550 25.5172 21.4821 0.3238 0.4424 -0.8363 0.8791 0.6928
11.4550 25.5172 21.4821 0.4052 0.2704 0.8733 0.7123 0.0250
17.5262 -24.9319 -28.1022 0.4962 -0.6175 -0.6103 0.4345 0.3596
29.5850 3.2552 -0.2056 0.9947 0.1028 0.0079 0.3910 0.7681
3.1063 25.3606 21.1371 0.0172 -0.0345 0.9993 0.7529 0.0258
-4.4644 27.8775 -27.7081 0.0517 -0.8236 -0.5648 0.6054 0.7305
17.3483 25.4069 -17.2191 0.6114 0.7914 -0.0009 0.7745 0.5320
2.4554 19.9351 -23.6361 -0.0154 0.0075 -0.9999 0.2363 0.7937
34.9109 -3.4936 28.1953 0.9331 -0.2764 0.2301 0.9222 0.6335
10.8769 29.5236 13.6730 0.4067 0.9135 -0.0128 0.9248 0.5005
-26.6493 -18.4092 28.6708 0.0730 0.0571 0.9957 0.0715 0.3036
-5.4432 7.7397 20.9232 -0.0140 -0.0316 0.9994 0.7945 0.1115
-0.8200 33.0105 28.2020 0.0507 0.9987 -0.0002 0.9955 0.4436
21.4865 10.9515 -23.9756 -0.0018 -0.0039 -1.0000 0.1926 0.8863
-22.8929 21.4571 21.4683 0.6478 -0.3420 -0.6807 0.8739 0.7121
-22.8929 21.4571 21.4683 0.5952 -0.5844 -0.5516 0.4745 0.8277
21.2858 -14.7187 -27.6797 -0.7656 0.4182 -0.4888 0.7634 0.7291
21.2858 -14.7187 -27.6797 -0.6661 0.4050 -0.6263 0.4086 0.2739
29.4173 4.3855 26.4310 0.9931 0.1084 0.0452 0.3965 0.8977
16.0811 -26.8292 3.1930 0.5648 -0.8252 -0.0086 0.5867 0.3667
0.2253 -28.1660 -24.2798 -0.1014 0.9948 -0.0039 0.5916 0.7322
12.8174 24.5905 21.6062 -0.4859 -0.7658 -0.4213 0.4751 0.6539
28.6649 8.4559 26.5902 0.9587 0.2844 -0.0051 0.4163 0.8985
26.7629 13.5874 27.2153 0.8382 0.4156 -0.3531 0.4412 0.9015
26.7629 13.5874 27.2153 0.5262 0.2437 -0.8147 0.6651 0.6433
29.6604 2.4136 16.5661 0.9962 0.0875 0.0019 0.3869 0.8497
15.9638 -20.8320 -27.4909 -0.5942 0.7060 -0.3853 0.5760 0.8088
-5.5194 28.8969 21.2905 0.0074 -0.0890 0.9960 0.7949 0.0086
-5.5194 28.8969 21.2905 0.1437 -0.5602 0.8158 0.4736 0.7432
-4.9200 29.2377 21.3793 0.0241 -0.1930 -0.9809 0.8972 0.6132
-9.6560 25.0895 21.1791 0.0002 -0.0192 0.9998 0.8150 0.0271
15.4911 20.7185 21.1483 -0.0327 -0.0467 0.9984 0.6927 0.0484
-21.8749 25.3062 -27.9006 -0.5268 0.6775 -0.5132 0.7225 0.3411
-21.8749 25.3062 -27.9006 -0.3084 0.4383 -0.8443 0.6033 0.0639
10.3923 -29.2983 -28.1209 0.3192 -0.7061 -0.6321 0.4344 0.3943
-0.4386 4.3349 20.9070 0.0460 0.0030 0.9989 0.7702 0.1281
-20.6754 23.4780 21.0283 0.1317 -0.5125 0.8485 0.9873 0.6117
-20.6754 23.4780 21.0283 -0.0855 0.1929 0.9775 0.8686 0.0350
17.9161 -18.5562 20.9238 -0.6648 0.0817 0.7425 0.6809 0.2395
17.9161 -18.5562 20.9238 -0.9782 0.0385 0.2042 0.5560 0.8588
-17.8104 -25.0376 21.9017 0.4979 0.8583 -0.1241 0.5304 0.6534
23.3605 12.1214 21.1667 -0.6642 -0.3582 0.6562 0.6723 0.8325
23.3605 12.1214 21.1667 0.2713 0.9119 0.3079 0.4490 0.9079
23.3605 12.1214 21.1667 -0.3478 -0.1809 0.9200 0.6544 0.0902
-1.2768 -15.9930 -23.9386 -0.0072 0.0115 -0.9999 0.0615 0.7756
13.5882 24.7249 21.5387 -0.0907 0.0213 -0.9957 0.8752 0.7032
-27.9136 -20.1604 2.3998 -0.7953 -0.6061 -0.0153 0.5829 0.5807
7.6710 20.3605 -23.7006 -0.0114 0.0145 -0.9998 0.2384 0.8191
-31.6139 1.8402 -28.5786 0.3712 -0.0169 -0.9284 0.4891 0.0165
-7.9994 30.7353 28.5883 0.0193 -0.1030 0.9945 0.3106 0.2128
-0.1949 32.0986 19.4181 0.0633 0.9979 0.0119 0.9527 0.4466
25.4164 5.7864 -28.4770 -0.5584 -0.1259 -0.8200 0.5083 0.2940
-15.9244 -30.1141 27.7792 -0.3850 -0.8478 -0.3648 0.7063 0.5224
-7.6454 -31.7389 28.8466 0.0477 0.1509 0.9874 0.0066 0.2111
-1.9960 -22.8391 21.4652 0.0082 -0.0848 0.9964 0.7777 0.2603
29.7050 -4.0696 -19.6599 0.9935 -0.1128 0.0128 0.3553 0.6734
-34.7573 -0.3665 -25.8519 -0.9990 -0.0049 -0.0454 0.3222 0.6156
34.6936 -2.4632 28.5204 0.4055 -0.0517 0.9126 0.1490 0.0051
1.5326 5.8338 20.8502 -0.0059 -0.0005 1.0000 0.7606 0.1208
29.6431 -4.1144 -15.6851 0.9939 -0.1104 0.0078 0.3551 0.6928
-2.1173 -28.2249 -27.9839 -0.0259 0.8254 -0.5639 0.5736 0.7208
18.8295 -13.3218 -24.0374 0.0245 -0.0150 -0.9996 0.0745 0.8734
-9.1047 -1.8398 21.1205 0.0842 0.0194 0.9963 0.8123 0.1581
25.1668 -8.1771 18.7697 -0.2180 0.0533 0.9745 0.9527 0.6000
-9.5089 -2.4228 21.1443 -0.0537 0.0253 0.9982 0.8143 0.1610
24.1002 14.7345 -28.6805 0.2755 0.1536 -0.9489 0.5519 0.2876
11.4002 -1.4648 20.7167 0.0005 0.0050 1.0000 0.7126 0.1563
-30.8451 11.4460 -28.7030 -0.2054 0.0991 -0.9737 0.5359 0.0203
-1.6692 -32.3254 20.2372 0.0140 -0.9999 0.0055 0.6696 0.4530
26.7728 -0.0030 27.7751 -0.9735 0.0108 0.2283 0.7767 0.6558
-18.7945 27.8827 -6.5360 -0.4961 0.8682 0.0087 0.8265 0.3561
7.9812 30.8529 28.7181 0.1117 0.3364 0.9351 0.3111 0.1351
30.2915 -8.5203 27.8601 0.4641 -0.8299 -0.3096 0.9565 0.6523
-5.1302 -32.2439 17.0453 -0.0625 -0.9980 0.0067 0.6541 0.4699
-6.0654 32.0081 8.8936 -0.1211 0.9926 -0.0061 0.9015 0.4181
-25.9352 -15.7807 -23.7728 0.7811 0.5568 -0.2827 0.5941 0.6049
-25.9352 -15.7807 -23.7728 0.0587 0.0452 -0.9973 0.0625 0.6556
-25.9352 -15.7807 -23.7728 0.8414 0.4724 -0.2625 0.7349 0.7644
-34.8737 2.4712 -4.9573 -0.9970 0.0772 -0.0062 0.3360 0.5139
18.8498 -24.6733 -1.4133 0.6540 -0.7565 0.0004 0.5643 0.3532
-23.5432 -18.7422 -24.5532 0.7045 0.6839 0.1897 0.5903 0.6166
-33.9645 -8.6232 19.1950 -0.9546 -0.2977 -0.0101 0.2821 0.3964
-27.1724 -10.2417 21.2470 0.0234 0.0127 0.9996 0.9002 0.1990
16.4553 -26.8677 22.9028 0.5981 -0.8014 -0.0094 0.6826 0.3648
26.4181 14.1186 15.2737 0.8887 0.4583 0.0112 0.4438 0.8434
-33.0101 -11.1650 3.3339 -0.9419 -0.3351 -0.0220 0.2697 0.4736
19.0991 23.5168 28.7655 0.0385 0.0317 0.9988 0.2754 0.0810
27.1039 12.6379 6.4986 0.9223 0.3866 -0.0004 0.4366 0.8007
-18.4280 -28.0926 1.7688 -0.4836 -0.8752 0.0080 0.5798 0.5346
7.5397 -11.8919 20.8199 0.0021 0.0184 0.9998 0.7313 0.2071
25.3011 -7.9985 19.7342 -0.8999 0.2733 -0.3398 0.8159 0.6947
-34.3554 -6.4516 -3.9084 -0.9798 -0.1997 0.0120 0.2926 0.5088
16.6212 2.5596 20.7817 -0.0329 -0.0046 0.9994 0.6872 0.1367
-19.1376 24.0230 24.9821 0.5584 -0.8287 0.0377 0.4916 0.8094
3.0603 15.8314 20.9887 0.0560 -0.0039 0.9984 0.7531 0.0722
5.7100 27.8707 26.8676 -0.2983 -0.9540 0.0303 0.5007 0.6885
-7.5882 14.9341 21.1448 0.0875 -0.0310 0.9957 0.8049 0.0765
-0.6778 19.7248 21.0419 -0.0059 0.0509 0.9987 0.7713 0.0532
-1.7081 -18.1022 21.1536 0.0370 -0.0251 0.9990 0.7763 0.2373
-6.7169 -26.3203 -23.9609 -0.0079 -0.0364 -0.9993 0.0112 0.7491
15.9933 -15.4215 -24.0565 0.0042 -0.0033 -1.0000 0.0643 0.8596
28.3945 9.1424 15.0570 0.9602 0.2792 -0.0029 0.4196 0.8424
-25.9929 17.0461 -28.4554 0.2808 -0.2296 -0.9319 0.5631 0.0439
26.4748 14.0384 11.7874 0.8908 0.4543 -0.0004 0.4434 0.8264
8.6586 -30.6633 1.7348 0.3404 -0.9403 0.0025 0.5796 0.4028
28.1085 5.0933 28.6331 -0.0484 -0.0127 0.9987 0.1858 0.0372
-3.1134 25.7831 21.3716 0.0103 0.0423 0.9991 0.7832 0.0238
24.0097 8.2201 -27.7947 -0.7656 -0.2522 -0.5919 0.5202 0.2872
24.0097 8.2201 -27.7947 -0.8748 -0.2337 -0.4243 0.7640 0.6175
-2.9915 -29.2009 -28.8076 0.0059 0.3797 -0.9251 0.3381 0.1558
-2.9915 -29.2009 -28.8076 0.0392 0.5642 -0.8247 0.5696 0.7165
3.5055 8.6530 20.9820 -0.0618 -0.0027 0.9981 0.7510 0.1071
23.7184 -11.9904 19.3473 -0.4321 0.4977 0.7521 0.9597 0.6186
-2.1381 -23.3675 21.3537 0.0552 -0.1695 0.9840 0.7784 0.2629
-10.1044 -7.1800 21.1291 -0.0958 0.0135 0.9953 0.8172 0.1841
-34.7382 4.8787 23.9978 -0.9789 0.2016 0.0329 0.3478 0.3731
3.5131 -31.9132 28.6942 0.0188 -0.1151 0.9932 0.0058 0.1568
3.5131 -31.9132 28.6942 0.1085 -0.5477 0.8296 0.7108 0.4278
-28.8730 5.8421 21.2340 0.1192 -0.0254 0.9926 0.9085 0.1208
5.7085 28.7995 21.4125 -0.4024 -0.8644 0.3014 0.9097 0.6185
5.7085 28.7995 21.4125 -0.0393 -0.1058 0.9936 0.7402 0.0091
6.7434 -27.7120 27.7136 -0.3416 0.9202 0.1913 0.5587 0.7728
18.2470 -18.5696 21.1425 -0.1228 0.0518 0.9911 0.6792 0.2395
-10.7515 -31.2966 21.2198 -0.2582 -0.9661 -0.0012 0.6744 0.4972
-10.7637 -31.2768 8.7229 -0.2700 -0.9628 0.0008 0.6136 0.4973
13.0131 -24.5720 24.9404 -0.5229 0.8522 -0.0181 0.5452 0.8033
-29.2465 -11.5891 21.4120 0.7913 0.4312 0.4335 0.8289 0.7116
-29.2465 -11.5891 21.4120 0.3565 0.2124 0.9098 0.9103 0.2056
4.6564 -28.9562 28.5227 -0.0651 0.1910 0.9794 0.0201 0.1513
4.6564 -28.9562 28.5227 -0.1305 0.5221 0.8428 0.5626 0.7627
-32.9937 10.8770 12.8298 -0.9257 0.3779 -0.0169 0.3769 0.4274
23.8795 -19.0268 -4.4611 0.8168 -0.5769 0.0030 0.5495 0.3287
26.8448 -13.8033 14.4091 0.9071 -0.4209 0.0043 0.3080 0.8392
29.3473 -6.4301 -24.0350 0.9802 -0.1967 -0.0207 0.3438 0.6522
-25.3300 18.6114 21.0708 -0.1928 0.2801 0.9404 0.8913 0.0586
-12.3362 -31.0712 -23.5207 -0.3135 -0.9496 0.0048 0.4567 0.5049
22.8989 12.4386 20.9417 0.7823 0.5778 -0.2329 0.4774 0.8664
22.8989 12.4386 20.9417 0.6246 0.0946 -0.7752 0.4553 0.9069
22.8989 12.4386 20.9417 -0.7763 -0.0391 -0.6292 0.3293 0.9069
22.8989 12.4386 20.9417 0.8542 0.5180 0.0452 0.6653 0.8320
-13.7462 30.1664 14.2584 -0.3527 0.9357 -0.0037 0.9276 0.3807
-17.4111 29.6028 27.9092 -0.4304 0.8499 -0.3039 0.9941 0.3629
15.4203 22.2240 21.2290 -0.1055 -0.1560 0.9821 0.6930 0.0411
20.4146 15.9063 21.1439 -0.0263 -0.0300 0.9992 0.6687 0.0718
6.1070 -27.4718 21.0431 -0.2521 0.7290 0.6364 0.5262 0.7697
-29.8098 9.5036 21.3215 -0.0744 0.2064 0.9756 0.9130 0.1030
-4.5880 -10.4847 21.0871 -0.0528 0.0134 0.9985 0.7903 0.2002
-25.8282 22.2637 12.7395 -0.7214 0.6925 -0.0022 0.9203 0.3219
-0.1265 -18.8798 21.1328 -0.0542 0.0768 0.9956 0.7686 0.2411
16.4179 -26.8553 28.3145 0.4722 -0.7709 0.4275 0.7089 0.3650
3.0350 15.2516 -23.6777 -0.0150 0.0078 -0.9999 0.2135 0.7966
-27.1088 20.9533 -10.3016 -0.7608 0.6490 0.0027 0.8081 0.3157
25.9294 -5.3069 21.2986 -0.1936 0.0407 0.9802 0.6419 0.1750
25.9294 -5.3069 21.2986 -0.9612 0.1774 0.2111 0.8083 0.6816
-30.7362 -3.3536 -23.6903 0.9557 0.0635 0.2873 0.7353 0.7040
-30.7362 -3.3536 -23.6903 0.5846 0.0816 -0.8072 0.1230 0.6323
29.4515 4.2355 15.2566 0.9904 0.1385 0.0016 0.3957 0.8433
10.9060 5.6316 20.7148 0.0003 -0.0044 1.0000 0.7150 0.1218
-14.3371 -30.1312 -1.0812 -0.3821 -0.9240 0.0099 0.5659 0.5147
-13.3467 -26.0939 21.3051 0.0296 0.0420 0.9987 0.8330 0.2761
-34.9494 -2.4090 9.7208 -0.9972 -0.0744 0.0027 0.3123 0.4425
-13.8025 -30.2878 11.0968 -0.3552 -0.9348 -0.0009 0.6252 0.5121
8.6906 -30.6744 -0.2384 0.3446 -0.9387 0.0085 0.5700 0.4026
-17.8542 14.8797 20.9870 0.0145 -0.0212 0.9997 0.8549 0.0768
25.5702 -16.3350 5.8921 0.8759 -0.4826 0.0002 0.2957 0.7978
24.1877 12.0292 28.0769 -0.9037 -0.4035 0.1431 0.7753 0.5972
24.1877 12.0292 28.0769 -0.6655 -0.2941 0.6860 0.2195 0.0562
4.5964 30.1369 -28.4475 0.1487 0.5846 -0.7976 0.7199 0.4699
4.5964 30.1369 -28.4475 0.1091 0.4148 -0.9034 0.6268 0.1927
28.0561 -10.7706 1.4438 0.9501 -0.3116 0.0155 0.3227 0.7761
24.3639 17.8163 27.2064 0.5948 0.3637 -0.7169 0.6534 0.6228
-1.9970 -14.1848 21.1893 0.0140 0.0032 0.9999 0.7777 0.2182
-19.8295 -27.2918 26.9114 -0.4995 -0.8606 -0.0991 0.7021 0.5414
-34.3487 6.5314 18.8561 -0.9665 0.2566 -0.0101 0.3558 0.3981
13.6716 -22.8877 -27.8894 -0.4674 0.6603 -0.5879 0.5741 0.7976
-20.0759 26.9984 9.1801 -0.5446 0.8387 0.0038 0.9029 0.3499
-2.8975 -28.0120 -24.0352 -0.0044 0.0854 -0.9963 0.0030 0.7677
-2.8975 -28.0120 -24.0352 -0.0456 0.8953 -0.4432 0.5928 0.7170
-2.6652 12.9220 21.0307 -0.0281 -0.0153 0.9995 0.7810 0.0863
-31.2805 0.5293 -28.3660 0.5963 0.0017 -0.8027 0.4827 0.0182
4.7564 -25.3246 -24.0187 0.0112 -0.0446 -0.9989 0.0161 0.8049
26.1696 -3.9271 21.2832 -0.2059 0.0627 0.9766 0.6407 0.1683
26.1696 -3.9271 21.2832 -0.9786 0.1251 0.1632 0.8083 0.6749
21.6157 21.3832 18.5609 0.7591 0.6509 0.0108 0.9486 0.5527
26.3916 -0.9907 21.2932 -0.9741 0.0425 0.2221 0.8083 0.6606
26.3916 -0.9907 21.2932 -0.4144 -0.0103 0.9100 0.6396 0.1540
30.2527 4.5472 27.2163 0.0058 -0.0017 -1.0000 0.6821 0.6873
29.8409 -0.8135 -8.3783 0.9997 -0.0227 0.0035 0.3712 0.7283
29.1313 6.2253 1.9283 0.9796 0.2010 0.0074 0.4054 0.7785
-17.5007 -28.6005 5.5489 -0.4650 -0.8853 -0.0039 0.5982 0.5300
-13.3370 26.9741 21.4469 0.3638 -0.9200 0.1459 0.4744 0.7812
-23.3429 18.2447 -26.0072 0.7746 -0.6265 0.0872 0.6136 0.8224
-31.6687 -2.5037 21.5729 0.9698 0.0912 0.2261 0.8297 0.6674
-17.0902 -28.9540 -18.3406 -0.4655 -0.8849 0.0155 0.4820 0.5281
-9.1545 0.8256 21.0892 0.0706 0.0081 0.9975 0.8126 0.1452
-6.6963 -32.1912 -1.8984 -0.1472 -0.9891 0.0078 0.5619 0.4775
23.7554 11.8492 21.2827 -0.5922 -0.3023 0.7470 0.6524 0.0915
23.9368 12.0328 21.7910 -0.8897 -0.4089 0.2032 0.8059 0.5972
29.9478 -8.7943 28.1829 0.5937 -0.8010 -0.0771 0.9581 0.6539
29.9478 -8.7943 28.1829 0.3906 -0.3129 0.8658 0.1182 0.0282
15.8037 -27.1640 27.2793 0.5578 -0.8299 -0.0097 0.7039 0.3680
-2.7090 12.0659 21.0068 -0.0276 -0.0170 0.9995 0.7812 0.0905
18.4062 1.5737 20.8456 -0.0409 -0.0027 0.9992 0.6785 0.1415
7.1303 -14.1348 -23.9917 -0.0091 0.0100 -0.9999 0.0705 0.8165
14.8293 -27.6548 -3.7385 0.5444 -0.8388 -0.0006 0.5530 0.3728
22.5073 13.1484 20.8346 0.1842 -0.9351 0.3026 0.4980 0.8657
22.5073 13.1484 20.8346 0.9403 0.3096 -0.1410 0.6648 0.8285
19.7217 23.4444 19.6758 0.7095 0.7047 0.0080 0.9540 0.5435
34.7025 -1.3607 27.0742 0.4329 0.0171 -0.9013 0.7037 0.7161
15.0161 23.3467 21.4107 -0.4910 -0.8610 0.1324 0.4742 0.6433
-3.9545 10.2464 21.0192 0.0105 -0.0301 0.9995 0.7873 0.0993
26.3567 -3.5488 22.2335 -0.9899 0.1100 0.0897 0.8037 0.6730
-30.0115 -2.3821 -26.8078 0.9930 0.0709 -0.0942 0.7201 0.6992
-18.4167 -18.6087 21.2189 0.0124 0.0136 0.9998 0.8576 0.2397
6.9198 -26.2565 -27.5973 -0.2637 0.8190 -0.5096 0.5755 0.7648
27.6259 0.0038 28.5457 -0.2626 0.0013 0.9649 0.1610 0.0395
-33.4935 -0.1075 28.7341 0.0907 0.0067 0.9959 0.1605 0.3369
-22.4437 25.3926 -1.5385 -0.6156 0.7881 0.0064 0.8508 0.3384
-1.0213 -29.1921 26.9377 -0.0435 0.9990 0.0035 0.5549 0.7351
6.1590 14.6056 20.7941 0.0169 -0.0164 0.9997 0.7381 0.0781
-33.7303 -8.8822 14.0347 -0.9567 -0.2870 -0.0497 0.2808 0.4215
-0.6553 18.6039 21.0999 0.0447 -0.0198 0.9988 0.7712 0.0587
-16.9285 25.7020 28.0666 0.2679 -0.4675 0.8424 0.2861 0.2563
-16.9285 25.7020 28.0666 0.3945 -0.7320 0.5554 0.5066 0.7987
25.7799 15.2493 19.1650 0.8779 0.4789 0.0001 0.4493 0.8623
-31.5856 -1.8816 27.6813 0.9966 0.0584 0.0589 0.8594 0.6644
25.1148 -7.2621 20.7789 -0.8347 -0.2149 0.5070 0.6458 0.1845
25.1148 -7.2621 20.7789 -0.9931 0.1177 0.0018 0.8108 0.6911
21.1317 -22.4007 16.8955 0.7432 -0.6691 0.0029 0.6534 0.3421
25.7902 -6.3770 18.9039 -0.5601 0.0473 0.8271 0.9497 0.5913
8.1751 27.1644 21.5133 0.0819 -0.8942 -0.4401 0.4747 0.6765
8.1751 27.1644 21.5133 0.1080 0.2441 -0.9637 0.8871 0.6769
8.1751 27.1644 21.5133 -0.1094 0.1472 -0.9830 0.6338 0.8287
8.1751 27.1644 21.5133 0.2906 0.7952 0.5322 0.8409 0.7456
8.1751 27.1644 21.5133 0.2796 0.6446 -0.7116 0.8157 0.7364
-31.5013 7.6288 28.5338 0.1707 -0.0135 0.9852 0.1981 0.3272
-18.0618 27.0210 -28.3421 -0.2840 0.4645 -0.8388 0.6116 0.0825
4.2761 18.8486 20.9164 0.0374 -0.0194 0.9991 0.7472 0.0575
27.3147 -9.9539 -28.5055 0.9074 -0.3463 -0.2382 0.9081 0.6927
27.3147 -9.9539 -28.5055 0.8247 -0.2563 -0.5042 0.4317 0.3032
1.9441 29.3873 21.3285 -0.0115 -0.0206 0.9997 0.7586 0.0062
25.2906 -16.8083 9.0780 0.8546 -0.5193 0.0046 0.6153 0.3219
25.2906 -16.8083 9.0780 0.8728 -0.4880 0.0088 0.2934 0.8133
26.4785 2.9773 23.0257 -0.9945 -0.1022 0.0241 0.7998 0.6413
-21.9753 21.7272 23.6485 0.6715 -0.7408 0.0161 0.4851 0.8232
-2.0792 29.1065 24.7722 -0.0024 -0.9994 0.0348 0.4905 0.7264
20.5612 18.8700 -28.8279 0.0849 0.0765 -0.9934 0.5720 0.2704
20.7354 -15.9096 -24.6445 -0.7874 0.5587 0.2607 0.5899 0.8320
-31.9654 3.0502 28.5300 0.4225 -0.0308 0.9058 0.1759 0.3294
14.0424 6.7859 20.7463 -0.0205 -0.0113 0.9997 0.6997 0.1162
-4.5798 32.1554 7.1056 -0.0828 0.9965 -0.0062 0.8928 0.4253
14.4169 -23.0848 20.4794 -0.4649 0.8818 0.0796 0.5235 0.8102
5.6389 31.2516 -5.5093 0.2585 0.9660 -0.0029 0.8315 0.4750
-22.4589 21.3493 25.2438 0.6814 -0.7310 0.0356 0.4928 0.8256
2.1530 32.0710 27.1476 0.1111 0.8382 -0.5340 0.9904 0.4580
-27.7357 13.9897 21.1465 -0.1462 0.0476 0.9881 0.9030 0.0811
2.1614 -30.8039 28.6999 -0.0121 0.0620 0.9980 0.0112 0.1634
-28.4738 20.6158 28.1801 -0.7912 0.6115 0.0092 0.9954 0.3090
-10.6277 24.0565 -23.4135 -0.0192 0.0230 -0.9996 0.2563 0.7301
-30.4791 -8.6323 21.7766 0.9498 0.2810 0.1374 0.8307 0.6973
1.6339 -29.2041 28.3276 -0.0894 0.4591 0.8839 0.0189 0.1660
1.6339 -29.2041 28.3276 -0.0973 0.6344 0.7669 0.5616 0.7480
-23.7576 9.0954 -23.4225 -0.0191 0.0140 -0.9997 0.1835 0.6662
-13.3684 30.3167 18.0812 -0.3382 0.9411 -0.0032 0.9462 0.3825
23.7815 -19.8904 28.3324 0.5669 -0.4327 0.7010 0.0642 0.0582
23.7815 -19.8904 28.3324 0.7877 -0.5943 0.1623 0.7090 0.3292
-1.5088 18.5465 21.1267 -0.0031 -0.0130 0.9999 0.7754 0.0590
25.4206 -16.6394 -2.9213 0.8741 -0.4858 0.0051 0.2942 0.7549
25.4206 -16.6394 -2.9213 0.8497 -0.5273 0.0061 0.5570 0.3212
-7.5410 -14.8956 21.2855 0.0862 0.0307 0.9958 0.8047 0.2217
-2.6034 9.7002 20.9880 0.0131 -0.0291 0.9995 0.7807 0.1020
-28.3473 19.2689 16.4681 -0.7974 0.6034 0.0053 0.9384 0.3097
-27.5502 -12.6270 -24.4415 0.8727 0.3886 0.2956 0.7316 0.7491
25.3090 15.0626 -27.9637 0.7480 0.4431 -0.4941 0.4484 0.6330
25.3090 15.0626 -27.9637 0.5994 0.3073 -0.7391 0.5535 0.2935
-3.2682 30.2933 21.2544 0.0538 -0.8227 -0.5659 0.9089 0.6622
-3.2682 30.2933 21.2544 -0.0257 -0.1148 0.9931 0.7839 0.0018
-21.2257 -26.4344 14.1264 -0.5247 -0.8513 -0.0047 0.6399 0.5482
21.0078 -22.5807 12.9524 0.7388 -0.6739 0.0060 0.6342 0.3427
14.8305 -19.6171 -24.0190 0.0304 -0.0300 -0.9991 0.0439 0.8539
-0.6499 29.3188 21.4818 -0.1097 0.0918 -0.9897 0.8976 0.6339
-0.6499 29.3188 21.4818 0.3364 0.9252 -0.1755 0.5870 0.8459
24.4151 -10.0092 21.0408 -0.8762 0.3241 0.3567 0.8095 0.7045
22.1089 -15.5731 22.1545 -0.8666 0.4863 0.1123 0.8041 0.7315
22.1089 -15.5731 22.1545 -0.8306 0.5399 0.1367 0.5316 0.8476
-28.9519 6.3095 -23.3453 -0.0087 0.0167 -0.9998 0.1700 0.6409
31.9898 -6.9613 28.4864 0.1516 -0.3164 0.9364 0.1272 0.0183
22.5438 16.8217 28.6620 -0.1165 -0.0845 0.9896 0.2429 0.0642
27.4785 11.8673 -25.5775 0.9250 0.3745 -0.0640 0.4329 0.6447
-2.4223 10.3534 21.0072 0.0194 -0.0103 0.9998 0.7798 0.0988
-34.4696 4.7961 -12.2458 -0.9875 0.1576 -0.0003 0.3473 0.5494
-21.1772 23.3363 21.1972 0.4977 -0.7810 -0.3772 0.9881 0.6142
-26.2791 -21.3720 -28.3021 -0.3822 -0.3393 -0.8595 0.3762 0.0425
-26.2791 -21.3720 -28.3021 -0.6891 -0.5839 -0.4292 0.4335 0.5728
22.1267 18.8279 -28.4050 0.4038 0.3224 -0.8562 0.5718 0.2780
29.4585 7.2413 28.6923 -0.0226 -0.0118 0.9997 0.1963 0.0306
-21.4721 -26.2868 4.5766 -0.5311 -0.8473 -0.0003 0.5934 0.5494
22.8164 14.3063 22.3139 -0.8802 -0.4744 0.0126 0.8033 0.5862
22.8164 14.3063 22.3139 -0.8528 -0.5207 0.0390 0.4786 0.6053
17.8307 -23.7633 -28.6595 0.3078 -0.3528 -0.8836 0.3646 0.2571
-25.9372 -15.5909 -24.7033 0.8349 0.4824 0.2648 0.7304 0.7635
-2.5929 -3.3487 21.0363 -0.0452 -0.0153 0.9989 0.7806 0.1655
-28.5556 19.0843 1.4896 -0.8026 0.5965 0.0054 0.8655 0.3086
-29.2640 10.7481 21.2084 -0.1374 0.1225 0.9829 0.9104 0.0969
-17.8238 24.8714 25.5080 0.5148 -0.8565 0.0377 0.4941 0.8030
3.6679 -27.8718 -28.4097 -0.1462 0.6376 -0.7563 0.5715 0.7489
29.4211 4.0573 26.9415 0.9868 0.0975 0.1292 0.3949 0.9002
15.6417 -24.2673 28.7211 -0.0577 0.1367 0.9889 0.0430 0.0978
0.3054 -20.2565 21.4104 -0.0072 0.0674 0.9977 0.7665 0.2477
3.0732 28.5024 22.5116 -0.2073 -0.9783 -0.0031 0.4795 0.7014
-25.0808 22.9975 10.9828 -0.6922 0.7217 -0.0007 0.9117 0.3255
27.8216 10.9979 -9.2606 0.9380 0.3467 0.0023 0.4286 0.7240
13.9255 -28.2187 28.5225 0.4905 -0.8180 0.3006 0.7099 0.3772
13.9255 -28.2187 28.5225 0.2168 -0.3554 0.9092 0.0237 0.1062
-14.3573 30.0757 26.8073 -0.3094 0.8663 -0.3921 0.9887 0.3777
34.3237 -4.3241 28.4996 0.2842 -0.0747 0.9559 0.1400 0.0069
7.9724 -27.2222 27.7445 -0.3764 0.9058 0.1945 0.5588 0.7788
20.6592 22.5066 2.8862 0.7214 0.6925 0.0001 0.8723 0.5481
8.4990 30.5350 22.6544 0.2942 0.9557 -0.0034 0.9685 0.4889
20.0360 -17.0767 -24.1871 -0.8083 0.5704 0.1459 0.5921 0.8286
-31.5185 3.6196 28.2099 0.9862 -0.1078 0.1257 0.8620 0.6377
-31.5185 3.6196 28.2099 0.6275 -0.0626 0.7761 0.1786 0.3273
-4.6266 32.2788 -14.5113 -0.0659 0.9978 0.0040 0.7877 0.4251
-33.6572 8.9021 -4.9908 -0.9590 0.2834 -0.0098 0.3673 0.5141
2.0722 31.9186 17.7020 0.1236 0.9923 0.0094 0.9444 0.4577
-34.4855 -6.2166 13.9239 -0.9791 -0.2023 -0.0216 0.2938 0.4221
-18.6248 -24.5731 21.8314 0.5414 0.8392 0.0519 0.5300 0.6494
28.2101 -10.4630 -2.2225 0.9516 -0.3072 0.0054 0.3242 0.7583
-5.0867 32.0437 20.2169 -0.0823 0.9965 0.0148 0.9566 0.4228
-34.8173 -4.2236 7.2511 -0.9919 -0.1252 0.0222 0.3035 0.4545
-29.4008 11.8658 28.0990 0.6537 -0.2675 0.7079 0.2188 0.3170
-29.4008 11.8658 28.0990 0.9054 -0.3798 0.1896 0.8614 0.5975
18.6831 -14.9581 21.1078 -0.0784 0.0472 0.9958 0.6771 0.2220
-30.4305 9.6576 21.2933 0.9992 -0.0388 -0.0064 0.8283 0.6083
-30.4305 9.6576 21.2933 0.1710 0.3837 0.9075 0.9161 0.1022
27.6329 -11.3007 -27.4049 0.8982 -0.2893 -0.3310 0.3201 0.6358
27.6329 -11.3007 -27.4049 0.7747 -0.2686 -0.5724 0.4252 0.3048
-23.6158 21.1008 28.3137 0.3345 -0.2990 0.8937 0.2637 0.2888
8.2477 -27.0614 26.4508 -0.3996 0.9167 0.0064 0.5525 0.7801
29.7061 0.7588 -26.9798 0.9561 0.0204 -0.2922 0.3788 0.6378
3.7571 31.0824 -27.8993 0.1704 0.7362 -0.6549 0.7225 0.4659
-26.5562 -17.6632 -28.9292 0.0596 0.0430 -0.9973 0.3942 0.0412
13.1081 -22.7683 20.0187 0.3010 -0.0558 0.9520 0.7042 0.2600
3.2962 -12.1120 21.2094 0.1592 -0.0119 0.9872 0.7520 0.2081
1.5404 -27.7227 -27.7627 -0.1155 0.8154 -0.5673 0.5747 0.7386
-5.6220 -29.0529 24.6314 0.0991 0.9950 0.0116 0.5437 0.7127
11.3160 26.9215 -28.6876 0.0971 0.2019 -0.9746 0.6112 0.2254
-5.8575 -32.2377 3.8699 -0.1226 -0.9924 0.0076 0.5900 0.4734
-2.0693 -1.9395 21.0836 -0.0073 -0.0100 0.9999 0.7781 0.1586
24.1915 -18.5987 -15.5842 0.8236 -0.5671 0.0042 0.4954 0.3272
0.2813 23.8425 21.2597 0.0179 -0.0144 0.9997 0.7666 0.0332
27.7418 11.1618 -3.3298 0.9395 0.3424 0.0043 0.4294 0.7529
26.4234 3.5991 24.1042 -0.9914 -0.1301 0.0152 0.7946 0.6382
-2.3940 -21.3633 21.2778 -0.0436 0.1075 0.9932 0.7797 0.2531
-25.9717 20.7437 28.5615 0.0622 -0.0577 0.9964 0.2619 0.3003
-24.0143 20.5209 21.0669 0.8707 -0.4917 0.0121 0.5937 0.8477
-24.0143 20.5209 21.0669 0.7557 -0.6043 -0.2523 0.4725 0.8331
27.4932 -12.2275 12.4650 0.9356 -0.3531 0.0002 0.3156 0.8297
24.7998 -0.4310 21.1413 -0.0326 -0.0026 0.9995 0.6474 0.1513
6.3443 6.8305 20.7681 0.0447 0.0016 0.9990 0.7372 0.1160
-32.6687 -10.1628 28.7497 -0.0443 -0.0255 0.9987 0.1116 0.3329
29.8377 0.8932 -10.4622 0.9994 0.0331 0.0065 0.3795 0.7182
-17.3890 26.7144 28.4560 0.0873 -0.1670 0.9821 0.2910 0.2585
-11.6428 -31.2193 27.0738 -0.2341 -0.9014 -0.3644 0.7029 0.5016
21.5304 2.0273 20.9883 -0.0485 -0.0060 0.9988 0.6633 0.1393
16.3061 21.6034 21.2306 -0.1428 -0.1613 0.9765 0.6887 0.0441
-25.7959 12.3236 -23.3249 -0.0174 0.0100 -0.9998 0.1993 0.6563
3.6254 29.4811 21.4081 -0.0578 -0.1199 0.9911 0.7504 0.0058
3.6254 29.4811 21.4081 -0.1568 -0.6023 0.7827 0.9097 0.6286
-26.4394 -16.5970 21.4569 0.1686 0.0362 0.9850 0.8967 0.2299
20.5464 0.6263 20.9378 -0.0466 0.0013 0.9989 0.6681 0.1461
34.5960 -5.1145 27.9982 0.9009 -0.3833 0.2038 0.9212 0.6414
-12.7126 30.7010 -17.0038 -0.3036 0.9527 0.0106 0.7755 0.3857
21.3745 16.6372 25.6877 -0.8271 -0.5620 0.0089 0.4950 0.6123
-2.4979 32.2677 -1.5924 -0.0040 1.0000 0.0065 0.8505 0.4354
12.0652 24.6722 21.3010 -0.0722 -0.1242 0.9896 0.7093 0.0292
-17.5545 -23.1166 -23.8756 0.0331 0.0529 -0.9980 0.0268 0.6964
-29.0277 -19.6952 28.4700 -0.4279 -0.3167 0.8465 0.0652 0.3151
-29.0277 -19.6952 28.4700 -0.8016 -0.5975 0.0192 0.7097 0.5861
-5.1934 32.5241 28.6531 -0.0180 0.1776 0.9839 0.3193 0.1992
8.3659 -26.0913 20.7881 -0.1234 0.2294 0.9655 0.7273 0.2761
24.8245 4.4682 21.1569 -0.0474 0.0006 0.9989 0.6472 0.1275
-1.7023 -5.1721 21.0743 -0.0253 0.0078 0.9996 0.7763 0.1744
22.2886 13.8858 21.1271 0.0251 -0.0070 0.9997 0.6596 0.0816
22.9721 12.3985 20.9248 -0.7979 -0.2953 0.5255 0.6735 0.8311
25.8685 -15.7820 2.5927 0.8836 -0.4682 0.0039 0.2983 0.7817
9.0008 15.8523 -23.7716 -0.0181 0.0082 -0.9998 0.2164 0.8256
-20.2790 27.0722 -22.2054 -0.5370 0.8436 0.0021 0.7502 0.3489
-24.6618 -12.7147 21.2277 0.0183 0.0147 0.9997 0.8880 0.2111
14.5795 23.5074 21.7687 -0.4922 -0.8697 -0.0367 0.4759 0.6454
-25.7530 -16.0760 -24.3838 0.8279 0.5093 0.2350 0.5911 0.6058
-25.7530 -16.0760 -24.3838 0.8326 0.4883 0.2613 0.7319 0.7659
-15.2438 -29.7334 -0.5834 -0.4068 -0.9134 0.0115 0.5683 0.5191
28.5160 8.6775 7.2954 0.9578 0.2872 -0.0079 0.4173 0.8046
18.0779 -25.6630 28.2022 0.6102 -0.7892 -0.0698 0.7084 0.3570
0.2349 -20.9313 21.4008 0.2848 -0.1187 0.9512 0.7669 0.2510
-21.0697 -25.8659 -28.4268 -0.2547 -0.3496 -0.9016 0.3543 0.0678
-21.0697 -25.8659 -28.4268 -0.4685 -0.6802 -0.5638 0.4329 0.5474
-9.2126 -32.1114 28.8920 -0.1276 -0.8468 0.5164 0.7117 0.4897
-20.1209 23.2927 24.1486 0.5926 -0.8047 0.0354 0.4875 0.8142
2.1144 28.8240 21.5831 -0.1834 -0.9266 -0.3282 0.4750 0.7060
2.1144 28.8240 21.5831 -0.1243 -0.3256 -0.9373 0.8951 0.6474
-9.7410 -31.5412 11.1007 -0.2369 -0.9715 0.0023 0.6252 0.4923
-5.5771 1.1025 20.9106 -0.0119 0.0127 0.9998 0.7952 0.1438
20.9067 -22.7000 22.0903 0.7512 -0.6600 -0.0007 0.6787 0.3432
-6.0882 22.4544 21.2066 -0.2981 0.0814 0.9511 0.7976 0.0400
23.7161 -11.6374 19.2048 0.3712 0.1161 0.9212 0.9598 0.6168
29.3707 4.8253 10.3793 0.9876 0.1569 -0.0008 0.3986 0.8196
-23.7241 -18.0990 -25.7264 0.7285 0.6480 0.2220 0.5846 0.6157
31.4524 9.4263 27.4097 0.1166 0.1639 -0.9796 0.6879 0.6636
14.6987 -6.5507 20.7969 -0.0200 0.0150 0.9997 0.6965 0.1811
-31.8567 -2.9462 28.5357 0.3079 0.0294 0.9510 0.1467 0.3289
-16.2398 24.4810 -27.6901 0.3696 -0.6986 -0.6126 0.6054 0.7878
12.8623 25.4510 21.4211 -0.2248 -0.2868 0.9312 0.7054 0.0254
-26.0975 17.2985 22.4439 0.7996 -0.5799 -0.1561 0.4792 0.8433
-11.2628 27.8372 21.4516 0.3881 -0.8835 0.2624 0.4744 0.7711
-35.0077 -2.2044 7.5530 -0.9979 -0.0565 0.0311 0.3133 0.4531
4.8371 31.4879 12.3415 0.2066 0.9784 0.0007 0.9183 0.4711
2.9981 -7.8268 -23.8958 -0.0085 0.0109 -0.9999 0.1012 0.7964
19.7257 -21.0584 -28.8783 0.1950 -0.1788 -0.9644 0.3777 0.2663
5.4666 20.2621 20.9405 0.0034 -0.0318 0.9995 0.7414 0.0506
26.3881 -9.7790 28.6255 -0.1324 0.0636 0.9891 0.1134 0.0455
23.1919 -19.9826 13.2627 0.8070 -0.5905 0.0065 0.6357 0.3321
-6.3003 29.1761 28.0915 0.1024 -0.8374 0.5369 0.5067 0.7470
7.7042 21.5872 21.0036 -0.0125 -0.0336 0.9994 0.7305 0.0442
-14.7214 12.8055 -23.4800 -0.0098 0.0081 -0.9999 0.2016 0.7102
-25.7240 -22.9242 7.9825 -0.6907 -0.7229 0.0193 0.6100 0.5701
-4.0563 29.4325 21.3042 0.0003 0.2302 0.9731 0.7878 0.0060
21.6528 12.1376 -24.2730 -0.8484 -0.4829 -0.2169 0.7469 0.5985
21.6528 12.1376 -24.2730 -0.8279 -0.5209 -0.2081 0.6221 0.6035
21.6528 12.1376 -24.2730 -0.6752 -0.3981 -0.6210 0.1983 0.8871
-31.4109 5.5844 21.7587 0.9209 -0.1772 -0.3472 0.8306 0.6281
-27.0238 20.9331 10.7087 -0.7582 0.6520 -0.0009 0.9104 0.3161
-25.9119 23.0435 28.5307 -0.1885 0.1972 0.9621 0.2731 0.3000
27.2455 -12.8698 6.6900 0.9246 -0.3810 0.0017 0.3125 0.8016
24.3190 19.0988 27.9239 0.6355 0.4526 -0.6255 0.6532 0.6165
24.3190 19.0988 27.9239 0.7979 0.5973 -0.0809 0.9941 0.5659
-18.2614 -28.9912 28.4181 -0.4611 -0.8653 0.1964 0.7094 0.5338
-21.2595 22.4219 25.2034 0.6653 -0.7458 0.0324 0.4926 0.8197
3.4289 29.8013 28.6073 -0.0373 -0.1704 0.9847 0.3060 0.1572
-15.5353 29.8410 28.6322 -0.0188 -0.0017 0.9998 0.3062 0.2495
-15.1046 -25.4778 -28.2175 0.3382 0.7298 -0.5941 0.5725 0.6576
-15.1046 -25.4778 -28.2175 0.2300 0.4778 -0.8478 0.3562 0.0969
-23.0078 24.8610 19.2554 -0.6312 0.7756 -0.0009 0.9520 0.3356
-13.1622 30.3989 20.7275 -0.3178 0.9481 -0.0005 0.9591 0.3835
-32.5522 5.7115 -28.7405 -0.2774 0.0535 -0.9593 0.5080 0.0120
5.1284 6.9832 20.8503 0.1226 0.0056 0.9924 0.7431 0.1152
-5.0529 -32.4628 -9.7220 -0.0908 -0.9959 0.0036 0.5239 0.4695
8.9110 -25.1684 -26.7703 -0.4054 0.8961 -0.1809 0.5795 0.7745
27.3244 -9.4332 -28.7866 0.1287 0.0477 -0.9905 0.4343 0.3033
8.5219 -24.1852 -24.0194 0.0173 -0.0298 -0.9994 0.0216 0.8232
20.7901 -22.7955 5.4491 0.7318 -0.6815 -0.0107 0.5977 0.3438
24.4035 17.5754 23.6956 0.8417 0.5398 0.0090 0.9736 0.5663
-18.5208 -24.5249 22.3375 0.5328 0.8381 -0.1169 0.5325 0.6499
12.4357 23.6703 21.2093 -0.0600 -0.1015 0.9930 0.7075 0.0340
-26.2543 -6.3058 -23.5834 -0.0159 0.0135 -0.9998 0.1086 0.6541
-24.3835 -19.5307 -28.8571 0.2202 0.1991 -0.9549 0.3852 0.0517
-5.3777 -31.8513 -28.2423 -0.0712 -0.7330 -0.6764 0.4338 0.4711
25.0725 16.7112 -10.8029 0.8382 0.5453 -0.0053 0.8057 0.5696
25.0725 16.7112 -10.8029 0.8725 0.4885 -0.0037 0.4564 0.7165
8.2225 -30.8548 -25.5733 0.3414 -0.9388 -0.0465 0.4468 0.4049
-16.7677 25.7426 21.3006 -0.4363 0.5971 0.6731 0.8496 0.0240
-16.7677 25.7426 21.3006 -0.7678 0.4844 -0.4194 0.5794 0.8477
5.1986 -31.7389 -10.4761 0.2232 -0.9748 -0.0001 0.5202 0.4196
11.5883 29.3670 28.6065 0.2577 0.4603 0.8495 0.3039 0.1175
11.5883 29.3670 28.6065 0.2993 0.5714 0.7642 0.9974 0.5040
25.6578 -7.4051 22.0276 -0.9579 0.2505 0.1401 0.8047 0.6918
-10.9358 -31.2796 -0.9227 -0.2751 -0.9614 0.0049 0.5667 0.4981
15.7572 -22.3732 19.5869 -0.5495 0.8337 -0.0544 0.5191 0.8167
3.9981 28.3058 21.3000 -0.0642 -0.1068 0.9922 0.7486 0.0115
33.4523 -3.0002 28.7533 0.0716 -0.0207 0.9972 0.1464 0.0112
-16.2749 26.2879 21.2619 0.0082 -0.1768 -0.9842 0.9808 0.6526
-16.2749 26.2879 21.2619 -0.5521 0.8328 -0.0389 0.7869 0.7382
11.6377 -23.9715 -23.9368 0.0160 -0.0249 -0.9996 0.0227 0.8384
-26.5814 -21.8279 0.7741 -0.7816 -0.6237 -0.0004 0.5749 0.5742
20.1611 -17.4172 20.3484 -0.8072 0.2370 0.5406 0.6699 0.2339
20.1611 -17.4172 20.3484 -0.8780 0.3983 0.2657 0.8513 0.7379
-17.8047 25.0239 27.6997 0.5201 -0.8377 0.1667 0.5048 0.8029
23.1522 -11.3223 21.1535 0.2611 -0.0857 0.9615 0.6554 0.2043
22.5674 -20.4184 26.9662 0.6387 -0.4995 -0.5852 0.6447 0.8088
22.5674 -20.4184 26.9662 0.7606 -0.6047 -0.2363 0.7024 0.3351
-13.9961 -30.4713 27.2841 -0.2954 -0.7094 -0.6399 0.7039 0.5130
7.6260 30.6809 -0.6902 0.3136 0.9495 -0.0040 0.8549 0.4847
-23.6862 -20.1422 25.6510 0.7189 0.6951 0.0015 0.5486 0.6248
-33.4728 9.5195 -4.1908 -0.9541 0.2993 -0.0042 0.3703 0.5102
-14.8363 27.1359 21.2218 0.0752 -0.2525 -0.9647 0.9850 0.6596
34.7582 -4.5310 28.1898 0.9589 -0.2629 0.1065 0.9221 0.6386
34.7582 -4.5310 28.1898 0.7852 -0.2920 0.5460 0.1390 0.0048
-4.9205 -21.3803 21.3539 0.0583 0.0594 0.9965 0.7920 0.2532
-27.1765 20.8904 -13.5719 -0.7618 0.6478 -0.0004 0.7922 0.3154
24.1521 -18.7326 -19.8159 0.8187 -0.5742 0.0095 0.4748 0.3274
19.2109 -24.4145 16.3961 0.6914 -0.7224 -0.0043 0.6510 0.3514
3.7564 -28.3923 -28.7984 -0.1045 0.5835 -0.8054 0.5697 0.7494
3.7564 -28.3923 -28.7984 -0.0912 0.3179 -0.9437 0.3420 0.1886
1.0037 -13.9612 21.0018 -0.0578 0.0245 0.9980 0.7631 0.2171
25.3613 -8.5413 23.3084 -0.9566 0.2910 0.0165 0.7985 0.6973
-26.5710 16.7163 27.3193 0.8235 -0.5625 0.0736 0.5029 0.8456
-34.7503 -3.9602 4.5129 -0.9922 -0.1199 -0.0353 0.3047 0.4679
23.9781 -11.6737 21.5431 -0.8639 0.3480 0.3641 0.8071 0.7126
3.0720 1.5912 -23.8021 -0.0119 0.0078 -0.9999 0.1470 0.7967
-6.5851 -27.9655 -24.4301 0.1598 0.9298 0.3317 0.5909 0.6991
22.9118 -14.2618 22.7873 -0.8777 0.4744 0.0679 0.8010 0.7251
22.9118 -14.2618 22.7873 -0.8599 0.5103 0.0135 0.5347 0.8515
-17.8271 25.9579 20.9870 0.4230 -0.7814 0.4587 0.9871 0.5979
13.1211 -1.2197 20.7206 -0.0087 0.0061 0.9999 0.7042 0.1551
34.5810 0.1173 27.1548 0.3090 0.0889 -0.9469 0.7031 0.7089
-4.6915 29.2221 27.5838 0.0587 -0.9927 0.1053 0.5042 0.7391
-29.2432 -11.8426 24.4989 0.9260 0.3775 0.0013 0.8439 0.7129
24.8328 -7.2747 21.0102 0.6040 -0.2593 0.7536 0.6472 0.1846
24.8328 -7.2747 21.0102 0.8714 -0.3991 -0.2853 0.9397 0.5956
35.3675 -1.5333 27.7050 0.8263 -0.0711 -0.5587 0.7070 0.7169
35.3675 -1.5333 27.7050 0.9935 -0.1078 0.0359 0.9198 0.6240
7.8109 -30.9916 -16.0490 0.3031 -0.9529 -0.0015 0.4931 0.4069
-8.9280 -31.7714 -1.9739 -0.2077 -0.9782 0.0027 0.5616 0.4883
21.0290 -15.7477 20.4362 0.7311 -0.3406 0.5912 0.6657 0.2258
22.3765 19.0847 28.7355 0.0231 0.0121 0.9997 0.2539 0.0650
-14.8650 29.8528 -5.4767 -0.3920 0.9199 0.0053 0.8316 0.3753
19.1294 -19.5220 27.3781 -0.7336 0.6673 0.1288 0.5570 0.8331
0.4020 29.2501 21.4586 -0.0119 0.2690 -0.9631 0.8972 0.6391
0.4020 29.2501 21.4586 0.0253 0.7888 -0.6141 0.6495 0.8290
29.7361 -1.5845 2.4786 0.9994 -0.0352 -0.0034 0.3674 0.7812
-34.3872 6.6274 6.6965 -0.9791 0.2030 -0.0153 0.3563 0.4572
-22.5197 24.0077 28.5582 0.0847 -0.0896 0.9924 0.2778 0.2835
29.7653 0.2773 13.8510 0.9997 0.0225 -0.0021 0.3765 0.8365
-0.8116 15.6456 20.9747 0.0226 -0.0184 0.9996 0.7720 0.0731
-0.6690 29.1788 21.4916 -0.3589 -0.0162 -0.9332 0.8969 0.6339
-0.6690 29.1788 21.4916 0.0062 -0.9502 -0.3115 0.4746 0.7196
29.9139 0.1333 -20.7166 1.0000 0.0092 0.0026 0.3758 0.6683
-28.3596 -19.5602 -24.3082 -0.8057 -0.5922 -0.0096 0.4529 0.5829
-34.7373 -3.6478 1.1955 -0.9936 -0.1129 -0.0037 0.3063 0.4840
-20.4529 23.1897 21.7775 0.5044 -0.7122 -0.4883 0.4760 0.8158
-20.4529 23.1897 21.7775 -0.0050 -0.3382 -0.9410 0.9658 0.6323
-15.9631 -29.3242 26.4388 -0.4381 -0.8966 0.0645 0.6998 0.5226
-10.4697 1.0453 20.9992 -0.0873 0.0083 0.9961 0.8190 0.1441
-10.5894 28.5115 28.2079 0.1059 -0.4463 0.8886 0.2997 0.2254
-10.5894 28.5115 28.2079 0.1483 -0.5874 0.7956 0.5073 0.7678
20.5200 -21.4855 -28.4691 0.4525 -0.4068 -0.7935 0.3756 0.2702
-31.9858 0.4494 28.4634 0.2342 -0.0064 0.9722 0.1632 0.3295
-31.9858 0.4494 28.4634 0.8907 0.0218 0.4540 0.8632 0.6531
24.5815 -7.5525 -24.1313 -0.8253 0.1198 -0.5519 0.1025 0.9014
24.5815 -7.5525 -24.1313 -0.9438 0.2198 0.2470 0.7462 0.6943
8.4992 -30.7652 -2.8270 0.3389 -0.9408 0.0057 0.5574 0.4036
26.6277 14.1994 28.6104 0.2993 0.1187 0.9467 0.2301 0.0444
-6.4853 29.8167 21.1946 0.1754 0.0916 0.9802 0.7996 0.0041
-8.8489 31.5075 22.6356 -0.1945 0.9808 0.0099 0.9684 0.4045
-33.3087 -10.3109 13.0864 -0.9515 -0.3078 -0.0009 0.2738 0.4261
2.5496 11.9125 20.9131 -0.0712 -0.0143 0.9974 0.7556 0.0912
-16.1459 29.7909 27.3128 -0.3022 0.7129 -0.6328 0.9912 0.3690
18.2099 14.6130 -23.9429 -0.0232 -0.0007 -0.9997 0.2104 0.8704
-31.1528 5.6543 23.5611 0.9839 -0.1781 -0.0169 0.8394 0.6278
-31.6698 -15.2252 28.5490 -0.4714 -0.2333 0.8505 0.0869 0.3280
10.5570 29.7262 27.1586 0.3372 0.9334 -0.1230 0.9904 0.4989
17.9186 -22.5709 -28.9340 0.1220 -0.1174 -0.9856 0.3704 0.2575
5.6678 28.8554 21.5185 -0.4176 -0.8291 -0.3717 0.9102 0.6187
-14.6666 27.1844 21.0981 -0.2506 0.3107 0.9169 0.8255 0.7381
28.1097 9.3915 28.6895 -0.0181 -0.0029 0.9998 0.2067 0.0372
25.6331 -15.8462 26.9441 0.6740 -0.3512 -0.6499 0.6596 0.7865
5.8124 -27.8393 -28.8029 -0.1646 0.5172 -0.8399 0.5696 0.7594
5.8124 -27.8393 -28.8029 -0.1488 0.4683 -0.8710 0.3447 0.1986
9.9542 14.1105 -23.8020 -0.0185 0.0069 -0.9998 0.2079 0.8302
12.0826 29.1840 23.1018 0.4313 0.9019 -0.0236 0.9707 0.5064
-34.3415 5.7352 -8.6441 -0.9837 0.1788 -0.0196 0.3519 0.5319
20.9406 17.3548 -28.8053 -0.1854 -0.1356 -0.9733 0.5646 0.2722
26.3417 -14.4169 26.1576 0.8923 -0.4503 0.0310 0.3050 0.8964
-12.2451 -27.5305 21.3963 0.1914 0.4551 0.8696 0.8276 0.2831
-12.2451 -27.5305 21.3963 0.2688 0.8067 0.5262 0.5279 0.6804
-32.7610 11.3525 -9.4454 -0.9382 0.3461 -0.0065 0.3792 0.5358
-27.5026 16.3334 28.4597 0.3759 -0.2211 0.8999 0.2405 0.3077
-29.5239 -7.9410 -28.0292 0.7136 0.1641 -0.6811 0.4415 0.0267
-29.5239 -7.9410 -28.0292 0.8456 0.2324 -0.4805 0.7142 0.7263
-34.9092 1.0901 -2.7244 -0.9991 0.0411 0.0103 0.3293 0.5031
-4.3554 32.1674 0.4878 -0.0774 0.9970 0.0083 0.8606 0.4264
-1.7757 28.8055 21.2965 -0.0055 -0.0565 0.9984 0.7767 0.0091
-27.8186 -20.3399 -4.7099 -0.7885 -0.6150 0.0001 0.5483 0.5802
-31.3973 4.1051 23.1091 0.9908 -0.1292 -0.0399 0.8372 0.6353
0.4786 -22.0566 21.1257 0.1440 -0.0668 0.9873 0.7657 0.2565
20.8635 -22.7576 10.4639 0.7317 -0.6816 0.0022 0.6221 0.3434
-18.5092 25.1304 21.0013 -0.2599 0.4071 0.8756 0.8581 0.0269
-16.7355 23.6100 -23.3251 0.0893 -0.1819 -0.9793 0.2542 0.7004
29.6302 -3.1480 14.2188 0.9957 -0.0928 0.0025 0.3598 0.8383
-17.7459 -20.2921 21.2323 0.0123 0.0132 0.9998 0.8544 0.2479
4.1411 -30.6074 -28.7311 0.1385 -0.6156 -0.7758 0.4314 0.4248
4.1411 -30.6074 -28.7311 0.0571 -0.3034 -0.9512 0.3313 0.1905
-2.0230 19.5086 21.0488 -0.0178 0.0772 0.9969 0.7779 0.0543
-28.6225 9.8357 -27.4053 0.8470 -0.3228 -0.4223 0.7172 0.6398
-28.6225 9.8357 -27.4053 0.7968 -0.2784 -0.5363 0.5280 0.0311
-2.4698 17.0777 21.0425 -0.0500 -0.0380 0.9980 0.7800 0.0661
-7.2240 31.8368 7.1899 -0.1511 0.9885 -0.0028 0.8933 0.4124
-6.8781 29.6938 21.2740 0.0892 -0.3348 -0.9381 0.8994 0.6036
-6.8781 29.6938 21.2740 0.0540 -0.5524 0.8319 0.8015 0.0047
-6.8781 29.6938 21.2740 0.3289 -0.9227 -0.2009 0.9090 0.6797
-13.2826 27.0528 23.5504 0.3686 -0.9295 0.0100 0.4846 0.7809
5.0823 28.0294 24.3879 -0.2661 -0.9639 0.0058 0.4887 0.6916
-19.9939 -25.4540 28.6901 0.0601 0.0820 0.9948 0.0372 0.2712
23.9498 -7.5233 21.1603 0.0066 -0.0030 1.0000 0.6515 0.1858
1.8524 -32.6430 28.2877 0.1065 -0.9357 0.3364 0.7088 0.4359
18.6230 -18.6836 20.8988 0.5590 -0.6949 -0.4523 0.9285 0.6575
-5.9948 -27.4653 -26.1178 0.1769 0.9749 0.1350 0.5827 0.7019
-1.7689 16.3523 21.0340 0.0228 -0.0207 0.9995 0.7766 0.0696
17.8956 -25.4723 -14.1676 0.6363 -0.7714 -0.0052 0.5023 0.3578
22.5861 13.4564 21.1143 0.9433 0.0172 -0.3315 0.6662 0.8270
22.5861 13.4564 21.1143 -0.2848 -0.1700 0.9434 0.6581 0.0837
22.5861 13.4564 21.1143 -0.5482 -0.3570 0.7563 0.3567 0.9060
-2.1096 -9.5662 21.1430 0.0040 0.0501 0.9987 0.7783 0.1957
23.2486 -10.4568 -26.1251 -0.9251 0.3395 0.1700 0.7559 0.7084
5.1447 -16.9383 20.9458 -0.0016 0.0306 0.9995 0.7430 0.2316
-21.9765 22.8552 20.8550 -0.1715 0.1271 0.9770 0.8749 0.0380
-21.9765 22.8552 20.8550 0.3667 -0.7336 0.5722 0.9864 0.6181
5.1800 31.8271 28.6466 0.0603 0.2610 0.9635 0.3159 0.1487
5.1800 31.8271 28.6466 0.1558 0.5980 0.7862 0.9976 0.4728
-14.1139 26.5126 21.2944 0.2270 -0.6302 0.7426 0.4736 0.7850
-14.1139 26.5126 21.2944 0.0801 -0.1067 0.9911 0.8367 0.0202
-9.1044 -31.9193 -21.6577 -0.2126 -0.9771 0.0112 0.4658 0.4892
15.9088 -19.9130 -23.9644 0.0427 -0.0362 -0.9984 0.0424 0.8592
-10.3702 31.0158 -27.5014 -0.2347 0.8818 -0.4091 0.7245 0.3971
9.4640 26.3106 21.5507 -0.4380 -0.8941 0.0929 0.7725 0.7433
9.4640 26.3106 21.5507 -0.4311 -0.8698 0.2401 0.4749 0.6703
11.4154 -29.5457 -5.6660 0.4321 -0.9018 0.0013 0.5436 0.3894
27.8004 10.8247 26.8547 0.9304 0.3654 0.0296 0.4278 0.8997
-33.1280 10.3139 23.1063 -0.9411 0.3376 0.0168 0.3742 0.3774
-8.3334 -28.8167 28.1589 0.1842 0.9751 0.1233 0.5608 0.6995
20.2859 -11.6592 21.0773 -0.0485 0.0147 0.9987 0.6693 0.2059
6.3714 31.0179 -11.4625 0.2811 0.9597 -0.0071 0.8025 0.4786
-10.5619 -28.3045 28.3007 0.2279 0.8572 0.4618 0.5615 0.6886
-25.4261 15.3426 -23.3075 0.0225 -0.0078 -0.9997 0.2139 0.6581
26.0962 -15.1248 21.4815 0.8855 -0.4646 0.0102 0.3015 0.8736
-12.2246 26.0253 -23.3687 0.0080 -0.0345 -0.9994 0.2659 0.7223
-12.2246 26.0253 -23.3687 0.2280 -0.7639 -0.6037 0.6265 0.7683
-21.7337 22.5913 21.0084 -0.3161 0.3538 0.8803 0.8738 0.0393
22.8135 19.9701 13.7090 0.7958 0.6055 0.0078 0.9250 0.5586
-33.0276 10.8475 -4.9924 -0.9421 0.3351 -0.0140 0.3768 0.5141
14.4116 -22.6872 -24.0460 -0.5694 0.7937 -0.2143 0.5928 0.8012
-30.8535 7.0930 24.3612 0.9742 -0.2256 -0.0050 0.8433 0.6208
16.2820 23.3593 28.6787 -0.1579 -0.2287 0.9606 0.2747 0.0947
9.0317 26.5772 25.8648 -0.4168 -0.9090 0.0075 0.4959 0.6724
17.6082 -25.9367 27.8431 0.5942 -0.7853 -0.1738 0.7066 0.3592
13.6390 24.0354 24.6729 -0.5321 -0.8467 -0.0024 0.4901 0.6500
-31.0096 15.2471 27.1028 -0.7018 0.3606 -0.6144 0.3982 0.3579
-20.1096 -27.1346 -1.8757 -0.5143 -0.8576 0.0056 0.5621 0.5427
-24.8523 23.5511 28.5713 -0.0763 0.0918 0.9928 0.2756 0.2948
-4.8566 20.1303 21.0704 0.0603 -0.0306 0.9977 0.7916 0.0513
-6.5441 15.5624 21.0389 0.0945 -0.0320 0.9950 0.7999 0.0735
-5.9281 -24.4473 -24.0130 -0.0083 -0.0081 -0.9999 0.0204 0.7529
13.7630 -23.4639 20.5817 -0.4805 0.8472 0.2266 0.5240 0.8070
17.2706 -0.7425 20.8024 -0.0350 0.0037 0.9994 0.6840 0.1528
24.4122 6.3026 -24.1778 -0.5360 -0.1703 -0.8268 0.1700 0.9006
-7.5508 27.3464 -23.5666 0.1367 -0.7823 -0.6077 0.6255 0.7456
-25.5093 -15.6517 -25.9475 0.8655 0.4746 0.1601 0.7243 0.7638
-25.5093 -15.6517 -25.9475 0.8044 0.5697 0.1683 0.5835 0.6070
14.8099 8.9375 20.7985 -0.0285 -0.0180 0.9994 0.6960 0.1057
29.4631 4.7308 -8.3437 0.9879 0.1549 0.0039 0.3981 0.7285
-20.1578 1.2313 20.8959 0.0257 0.0072 0.9996 0.8661 0.1432
11.4166 -29.6361 16.5379 0.4229 -0.9061 -0.0050 0.6516 0.3894
-12.8673 -26.0185 -23.8637 0.0259 0.0797 -0.9965 0.0127 0.7192
-8.3794 -0.7674 21.0000 0.1002 0.0075 0.9949 0.8088 0.1529
24.7334 17.2157 10.5156 0.8567 0.5158 0.0059 0.9094 0.5679
24.7334 17.2157 10.5156 0.8672 0.4980 0.0044 0.4589 0.8203
22.1931 20.6696 19.4997 0.7757 0.6310 0.0130 0.9531 0.5555
-15.4849 -26.8899 28.5380 0.1453 0.2764 0.9500 0.0302 0.2493
-7.4742 -28.8558 27.0476 0.1483 0.9873 0.0576 0.5554 0.7037
-10.8175 15.0075 -23.5030 -0.0109 0.0069 -0.9999 0.2123 0.7292
-7.6597 28.7111 21.4158 0.1425 -0.9875 -0.0670 0.4742 0.7536
-4.8909 27.5839 -23.6932 0.0160 -0.9855 -0.1688 0.6249 0.7326
-13.9730 -12.9694 21.0797 0.0055 0.0188 0.9998 0.8360 0.2123
-2.4461 -28.9535 21.3865 0.0026 0.8976 0.4407 0.5279 0.7281
-15.9393 27.4141 28.4659 0.0608 -0.1377 0.9886 0.2944 0.2515
14.9329 -27.5705 28.5298 0.2234 -0.3559 0.9075 0.0269 0.1013
14.9329 -27.5705 28.5298 0.4424 -0.6919 0.5706 0.7100 0.3723
-1.1484 -32.3021 23.1567 0.0318 -0.9995 0.0066 0.6838 0.4505
10.4684 26.1495 21.4950 0.1914 0.3744 0.9073 0.7171 0.0220
10.4684 26.1495 21.4950 0.4001 0.6495 -0.6466 0.6001 0.8411
10.4684 26.1495 21.4950 0.1439 0.2053 -0.9681 0.8821 0.6880
10.4684 26.1495 21.4950 0.2786 0.6504 0.7067 0.8156 0.7476
12.1672 -14.4238 20.9551 -0.0184 0.0332 0.9993 0.7088 0.2194
26.4369 -3.5316 25.5333 -0.9944 0.1027 0.0235 0.7876 0.6729
-25.3501 16.0834 -24.4068 0.7854 -0.5610 0.2616 0.6214 0.8322
-25.3501 16.0834 -24.4068 0.8412 -0.4842 0.2409 0.7318 0.6094
12.4062 28.2865 -27.2490 0.4461 0.8410 -0.3061 0.7257 0.5079
18.9162 -13.9710 21.0778 -0.0406 0.0320 0.9987 0.6760 0.2172
1.8994 -25.9641 -24.0208 0.0079 -0.0301 -0.9995 0.0130 0.7910
4.0111 -26.8812 -26.8357 -0.2190 0.9418 -0.2551 0.5792 0.7506
20.9416 17.1394 21.6498 -0.7983 -0.5852 0.1425 0.4754 0.6144
8.1466 0.0351 -23.8695 -0.0113 0.0077 -0.9999 0.1395 0.8214
2.7391 -0.1940 20.8885 -0.0781 0.0000 0.9969 0.7547 0.1501
21.3758 17.4090 28.5168 -0.7356 -0.4998 0.4573 0.7576 0.7427
21.3758 17.4090 28.5168 -0.4163 -0.2881 0.8624 0.2457 0.0699
21.3758 17.4090 28.5168 -0.6660 -0.5626 0.4898 0.5088 0.6123
-16.6480 26.5447 21.0618 0.1333 -0.1523 0.9793 0.8224 0.7478
-16.6480 26.5447 21.0618 0.3131 -0.9494 -0.0245 0.9874 0.5921
28.3770 -9.6174 11.7663 0.9589 -0.2837 0.0040 0.3283 0.8263
22.1303 -12.7762 -26.3574 -0.8694 0.4673 0.1604 0.7570 0.7197
34.9082 0.1215 28.5266 0.4660 -0.0322 0.8842 0.1616 0.0041
23.9609 -19.7552 27.8999 0.7840 -0.6168 -0.0697 0.7069 0.3283
29.5067 3.8969 11.0256 0.9914 0.1308 -0.0008 0.3941 0.8227
-1.7456 -32.2985 24.9674 0.0142 -0.9998 0.0119 0.6927 0.4534
-31.2160 -15.1608 9.7450 -0.8854 -0.4643 0.0209 0.2503 0.4424
21.1682 -22.4022 -20.4840 0.7251 -0.6886 0.0013 0.4715 0.3419
11.1935 26.3566 21.3914 -0.0456 -0.0768 0.9960 0.7136 0.0210
-19.5503 -27.6904 28.8144 -0.1069 -0.1266 0.9862 0.0263 0.2690
8.4835 -30.2719 -27.9304 0.2933 -0.7785 -0.5549 0.4353 0.4036
10.7271 25.9451 21.4497 0.1198 0.1294 -0.9843 0.8811 0.6893
10.7271 25.9451 21.4497 0.4011 0.6584 -0.6369 0.5999 0.8424
10.7271 25.9451 21.4497 0.0724 -0.0837 0.9939 0.7158 0.0230
16.2110 -16.3058 -24.0490 0.0130 -0.0086 -0.9999 0.0600 0.8607
0.8472 25.9847 -23.5481 -0.0188 0.0105 -0.9998 0.2657 0.7859
15.9746 22.3803 27.3433 -0.6122 -0.7841 0.1022 0.5031 0.6386
-3.1586 -29.2027 23.8032 0.0272 0.9993 0.0259 0.5396 0.7247
26.4346 14.2741 -18.0960 0.8936 0.4489 0.0029 0.4446 0.6811
15.1457 27.2112 25.9980 0.5759 0.8149 0.0651 0.9848 0.5213
24.1478 -9.5348 20.9768 0.5657 -0.1253 0.8150 0.6505 0.1956
24.1478 -9.5348 20.9768 0.9210 -0.3049 -0.2426 0.9396 0.6066
24.7779 -8.2830 18.8143 0.4755 -0.1468 0.8674 0.9546 0.6005
-26.4350 21.5756 6.0154 -0.7381 0.6746 0.0016 0.8875 0.3190
-5.0321 32.2252 -10.7782 -0.0993 0.9950 0.0066 0.8058 0.4231
28.0254 10.3756 21.4195 0.9405 0.3399 0.0011 0.4256 0.8733
29.7015 -1.9713 21.2841 0.9978 -0.0669 0.0005 0.3655 0.8726
-26.5766 -20.9825 28.7670 -0.0190 -0.0113 0.9998 0.0589 0.3032
-32.1097 12.9586 16.0270 -0.9038 0.4279 -0.0002 0.3871 0.4118
29.7270 2.9254 -15.2340 0.9944 0.1054 0.0054 0.3894 0.6950
-7.1781 -31.9790 23.2767 -0.1375 -0.9905 0.0067 0.6844 0.4798
23.9268 -10.1686 21.0225 0.3420 -0.1470 0.9281 0.6516 0.1987
23.9268 -10.1686 21.0225 0.9186 -0.3440 -0.1947 0.9398 0.6097
8.7832 30.7063 28.6063 0.3499 0.8504 0.3930 0.9974 0.4903
25.5331 9.4662 28.4217 -0.4711 -0.1776 0.8640 0.2071 0.0497
15.3473 -22.0238 -24.0387 -0.5899 0.7878 0.1774 0.5928 0.8058
15.3473 -22.0238 -24.0387 -0.2939 0.3645 -0.8836 0.0321 0.8565
13.3469 -24.2518 21.4356 -0.5314 0.7938 0.2957 0.5281 0.8050
18.2403 -16.4660 21.1225 -0.1133 0.0139 0.9935 0.6793 0.2293
-26.5684 17.2524 21.1387 -0.0256 0.1315 0.9910 0.8973 0.0653
-26.5684 17.2524 21.1387 0.7216 -0.6666 -0.1869 0.4729 0.8456
-23.9080 20.7063 20.9505 0.8950 -0.4216 0.1458 0.5932 0.8468
-23.9080 20.7063 20.9505 -0.2318 0.1894 0.9541 0.8843 0.0485
-26.8418 16.1714 22.8174 0.8284 -0.5594 -0.0282 0.4810 0.8469
-18.8636 27.8109 -0.0560 -0.5036 0.8639 0.0044 0.8580 0.3558
-15.0765 -29.8934 -16.9960 -0.3916 -0.9201 0.0087 0.4885 0.5183
-12.6360 -27.9468 28.4965 0.0362 0.1879 0.9815 0.0251 0.2354
-16.4792 -24.5584 -24.0615 0.5044 0.7589 -0.4118 0.5927 0.6509
28.4670 -9.2295 15.2898 0.9614 -0.2750 0.0047 0.3302 0.8435
-19.2213 16.6115 21.0703 0.0249 -0.0426 0.9988 0.8615 0.0684
0.2784 28.9586 24.9687 -0.1133 -0.9931 0.0292 0.4915 0.7150
-0.2081 -13.8691 21.1058 0.1580 -0.0062 0.9874 0.7690 0.2167
-2.7574 20.6357 21.0239 0.0017 -0.0163 0.9999 0.7814 0.0488
32.1098 -7.1450 27.6003 0.2190 -0.5708 -0.7913 0.9553 0.6434
24.3966 -11.3654 26.9976 -0.9231 0.3773 0.0744 0.7805 0.7111
27.9966 8.3807 -28.0596 0.8548 0.2635 -0.4472 0.4159 0.6326
27.9966 8.3807 -28.0596 0.5762 0.1721 -0.7989 0.5209 0.3066
17.6683 -22.5455 28.6998 -0.0916 0.1114 0.9895 0.0513 0.0880
-27.8217 6.4870 -23.3696 -0.0275 0.0164 -0.9995 0.1709 0.6464
-25.3214 -20.0419 -28.9417 -0.0444 -0.0456 -0.9980 0.3827 0.0472
24.8910 -9.3526 18.7941 -0.4432 0.2125 0.8709 0.9540 0.6057
-3.4073 32.9445 28.4467 -0.0243 0.9439 0.3295 0.9967 0.4310
-9.4876 31.4241 7.9491 -0.2074 0.9783 -0.0007 0.8969 0.4014
19.8880 23.2583 21.1171 0.7187 0.6953 0.0055 0.9610 0.5443
-25.6719 18.5531 21.0238 0.8029 -0.5304 0.2721 0.4723 0.8412
-25.6719 18.5531 21.0238 -0.1816 0.3281 0.9270 0.8929 0.0589
-23.8390 6.5535 21.0058 0.0337 -0.0058 0.9994 0.8840 0.1173
-29.6455 12.0782 28.3809 0.5326 -0.2336 0.8135 0.2198 0.3181
-15.0386 -29.9559 -20.0942 -0.3964 -0.9179 0.0183 0.4734 0.5181
-11.2889 4.9945 -23.5958 -0.0107 0.0116 -0.9999 0.1636 0.7269
-2.9175 -28.5596 -28.3676 -0.0037 0.6990 -0.7151 0.5717 0.7169
-6.3025 -32.3737 28.8151 0.0689 -0.0119 0.9976 0.0035 0.2046
-6.3025 -32.3737 28.8151 -0.0229 -0.6180 0.7858 0.7114 0.4756
12.3931 -24.9221 26.1899 -0.5061 0.8624 0.0135 0.5512 0.8003
-14.7355 -26.5667 21.5179 0.2919 0.6733 0.6793 0.5285 0.6683
-1.0487 -8.2753 21.0728 0.0485 0.0214 0.9986 0.7731 0.1895
-13.6339 -10.3069 21.0246 -0.0006 0.0205 0.9998 0.8343 0.1993
3.2732 27.9204 -28.3404 -0.1622 -0.4533 -0.8765 0.6160 0.1863
3.2732 27.9204 -28.3404 -0.1809 -0.6282 -0.7567 0.6023 0.6929
15.6992 12.1002 20.8937 -0.0339 -0.0241 0.9991 0.6916 0.0903
-7.1080 8.2205 20.9262 0.0232 -0.0213 0.9995 0.8026 0.1092
-5.5724 32.1810 -26.1614 -0.0862 0.9935 -0.0744 0.7310 0.4205
13.4063 -25.1367 -29.0191 -0.0789 0.1129 -0.9905 0.3579 0.2356
-29.8754 17.1406 -2.7731 -0.8476 0.5307 0.0007 0.8448 0.3022
30.8460 10.1153 27.4694 0.0714 0.1504 -0.9860 0.6850 0.6602
30.8460 10.1153 27.4694 0.3829 0.7066 -0.5950 0.9922 0.6399
21.3621 -17.4354 28.3467 -0.6479 0.4611 0.6064 0.0762 0.0700
-30.1093 16.6762 17.8343 -0.8667 0.4988 0.0068 0.4051 0.4030
-30.1093 16.6762 17.8343 -0.8515 0.5243 0.0047 0.9450 0.3011
-13.4887 6.5968 20.8216 -0.0096 -0.0039 0.9999 0.8336 0.1171
-29.5054 8.6941 -23.4088 0.3013 -0.0704 -0.9509 0.1816 0.6382
-29.5054 8.6941 -23.4088 0.9174 -0.3033 0.2576 0.7367 0.6453
-10.2363 -31.4860 -4.1787 -0.2454 -0.9694 0.0066 0.5509 0.4947
24.2072 -18.6736 27.2590 0.5237 -0.3819 -0.7615 0.6527 0.8003
18.1307 -17.1525 21.1163 -0.2390 -0.0451 0.9700 0.6798 0.2326
23.7549 -16.9166 28.7360 -0.0065 0.0176 0.9998 0.0787 0.0583
-29.0914 -5.7033 21.2319 0.0061 0.0070 1.0000 0.9096 0.1769
-30.5781 -16.7461 27.7486 -0.5980 -0.3544 -0.7189 0.2425 0.3548
-14.4186 26.6651 21.3513 0.2397 -0.2346 0.9421 0.4122 0.9068
-14.4186 26.6651 21.3513 -0.4403 0.8079 0.3916 0.4261 0.9068
-20.8831 -26.8189 -24.1902 -0.5546 -0.8321 0.0000 0.4535 0.5465
10.8271 -29.6959 28.5872 0.1524 -0.3384 0.9286 0.0165 0.1212
10.8271 -29.6959 28.5872 0.2907 -0.6329 0.7176 0.7103 0.3922
19.5031 -24.1646 18.9673 0.7099 -0.7042 -0.0109 0.6635 0.3500
-5.6303 29.0049 25.5988 0.0926 -0.9941 0.0562 0.4946 0.7437
-1.7068 15.0918 21.0069 0.0537 -0.0203 0.9984 0.7763 0.0758
-0.0877 28.2648 -28.1287 -0.0207 -0.4319 -0.9017 0.6177 0.1699
-0.0877 28.2648 -28.1287 -0.0659 -0.6891 -0.7217 0.6033 0.7093
4.4367 -32.2642 28.1062 0.2379 -0.9709 0.0261 0.7079 0.4233
30.0960 -7.9568 27.5118 0.1358 -0.4009 -0.9060 0.6813 0.7481
-32.7926 -12.0592 6.8352 -0.9285 -0.3713 0.0089 0.2653 0.4566
-32.5984 -12.4524 7.5049 -0.9215 -0.3866 0.0366 0.2634 0.4533
-20.0433 27.0069 15.7381 -0.5459 0.8378 -0.0018 0.9348 0.3501
-32.0326 12.9232 26.9871 -0.8765 0.3945 -0.2757 0.3869 0.3585
12.4098 -24.9500 -28.7477 -0.1902 0.2983 -0.9353 0.3588 0.2307
12.4098 -24.9500 -28.7477 -0.3344 0.5545 -0.7620 0.5699 0.7915
-10.4049 32.1582 28.0394 -0.2323 0.9634 -0.1341 0.9947 0.3970
-14.9515 30.4415 28.6330 -0.0436 0.0450 0.9980 0.3091 0.2467
-14.9515 30.4415 28.6330 -0.2698 0.6187 0.7378 0.9976 0.3748
18.3948 -19.1557 -24.1253 -0.7278 0.6846 -0.0397 0.5924 0.8206
-8.1904 5.7087 20.9641 0.0953 -0.0055 0.9954 0.8079 0.1214
-9.4030 31.5300 -9.7866 -0.2043 0.9789 0.0035 0.8107 0.4018
-26.3751 14.9625 -23.6714 0.7963 -0.5200 0.3089 0.6250 0.8371
-26.3751 14.9625 -23.6714 0.8480 -0.4804 0.2240 0.7354 0.6148
28.3159 9.4642 -1.3634 0.9535 0.3014 0.0043 0.4212 0.7625
-7.9112 27.3360 -24.1381 0.1673 -0.9840 0.0621 0.6227 0.7473
12.1001 26.0714 21.5012 -0.3058 -0.4757 -0.8247 0.8818 0.6960
12.1001 26.0714 21.5012 -0.5312 -0.8448 0.0634 0.9101 0.5874
-35.3661 2.0727 28.4046 -0.9897 0.0573 -0.1311 0.3341 0.3516
-35.3661 2.0727 28.4046 -0.7396 0.0430 0.6717 0.1711 0.3460
-6.9733 31.9899 -13.4092 -0.1518 0.9884 0.0076 0.7930 0.4136
9.0510 2.5514 20.7194 0.0091 0.0012 1.0000 0.7240 0.1368
32.2232 -3.7398 28.7458 -0.0195 0.0041 0.9998 0.1428 0.0171
27.9887 -11.0465 -26.6512 0.9325 -0.3060 -0.1920 0.3214 0.6394
15.3320 -22.9468 27.2512 -0.6123 0.7904 0.0198 0.5564 0.8146
3.8295 25.9890 -23.6248 -0.1106 -0.2027 -0.9730 0.2657 0.8004
-2.8366 32.8836 28.6001 -0.0173 0.2041 0.9788 0.3210 0.1877
-2.8366 32.8836 28.6001 -0.0040 0.9211 0.3893 0.9974 0.4338
-7.4057 -28.9889 28.2460 0.1433 0.4243 0.8941 0.0200 0.2099
-7.4057 -28.9889 28.2460 0.1361 0.8632 0.4862 0.5612 0.7040
12.0260 29.0762 19.4662 0.4327 0.9012 -0.0237 0.9530 0.5061
-29.3632 17.4698 -27.5966 -0.6839 0.4408 -0.5813 0.5652 0.0275
-29.3632 17.4698 -27.5966 -0.7977 0.5540 -0.2381 0.7240 0.3047
25.4403 1.1645 -27.7717 -0.9451 -0.0661 -0.3200 0.7639 0.6519
-32.3394 -12.8338 16.8641 -0.9100 -0.4145 -0.0012 0.2616 0.4078
13.9904 23.7550 21.4290 -0.2768 -0.3673 0.8880 0.7000 0.0336
13.9904 23.7550 21.4290 -0.4464 -0.8341 0.3240 0.4743 0.6482
-0.9211 -18.3321 21.1193 0.0211 0.0114 0.9997 0.7725 0.2384
26.6678 -11.2869 -28.6821 0.8894 -0.4261 -0.1654 0.9072 0.6992
26.6678 -11.2869 -28.6821 0.5290 -0.2785 -0.8016 0.4253 0.3001
24.7509 0.6275 -23.9092 0.0579 -0.0104 -0.9983 0.1423 0.9022
21.2719 -16.9292 -28.7105 -0.3561 0.2485 -0.9008 0.3978 0.2738
-25.5776 -22.6177 -27.6696 -0.6634 -0.6685 -0.3362 0.4366 0.5693
25.4653 2.6858 -28.0318 -0.9087 -0.0912 -0.4073 0.7652 0.6445
-9.4763 -31.9630 29.0196 0.0779 0.2582 0.9629 0.0055 0.2200
-9.4763 -31.9630 29.0196 -0.1225 -0.7506 0.6493 0.7124 0.4910
0.1171 18.8931 21.0615 0.0331 -0.0111 0.9994 0.7674 0.0573
0.5598 -17.8397 21.1031 -0.0849 0.0631 0.9944 0.7653 0.2360
-32.7942 3.8397 -28.7643 -0.2624 0.0370 -0.9643 0.4989 0.0108
25.2259 -16.8697 15.6761 0.8525 -0.5228 0.0069 0.6474 0.3222
25.2259 -16.8697 15.6761 0.8740 -0.4859 0.0089 0.2931 0.8454
-14.1773 -30.1603 26.8380 -0.3928 -0.9031 -0.1737 0.7018 0.5139
25.9234 -0.5443 21.1717 -0.0289 -0.0091 0.9995 0.6419 0.1518
-32.7121 11.7503 3.9014 -0.9303 0.3666 -0.0115 0.3812 0.4708
29.7478 -1.0160 22.6176 0.9997 -0.0249 0.0076 0.3702 0.8791
12.7074 28.6719 15.5504 0.4320 0.9017 -0.0158 0.9339 0.5094
-23.3606 -24.9428 0.8953 -0.6162 -0.7876 -0.0015 0.5755 0.5586
-31.6681 -14.2535 2.5995 -0.8916 -0.4524 -0.0183 0.2547 0.4772
-35.0181 -2.1686 13.0704 -0.9983 -0.0541 -0.0218 0.3135 0.4262
22.1998 -15.9246 -28.8144 -0.3073 0.2007 -0.9302 0.4027 0.2784
27.4488 -12.7133 -25.6455 0.9235 -0.3810 -0.0451 0.3133 0.6443
11.1072 27.9129 -28.3665 0.1571 0.3404 -0.9271 0.6160 0.2244
11.1072 27.9129 -28.3665 0.2726 0.5284 -0.8041 0.7203 0.5016
-6.3876 -29.0574 27.8133 0.1107 0.9801 0.1648 0.5591 0.7089
25.7176 -0.5360 -28.2273 -0.5913 -0.0057 -0.8064 0.4776 0.2955
25.7176 -0.5360 -28.2273 -0.8618 0.0165 -0.5069 0.7661 0.6601
-11.4437 28.5294 21.1173 0.2527 -0.9393 -0.2319 0.6921 0.8321
-11.4437 28.5294 21.1173 -0.0415 0.1842 0.9820 0.8237 0.0104
18.1676 23.0246 -28.4342 0.3188 0.3647 -0.8748 0.5922 0.2587
19.6133 -18.8398 21.9611 -0.7559 0.6402 0.1369 0.5307 0.8354
23.3719 -19.6195 19.9562 0.8124 -0.5831 0.0082 0.6683 0.3312
-5.5180 -28.9780 21.9200 0.0831 0.9937 0.0757 0.5305 0.7132
-33.2755 9.9572 -7.1901 -0.9499 0.3119 -0.0222 0.3725 0.5248
-27.6660 15.0887 21.1103 -0.1079 -0.0105 0.9941 0.9026 0.0758
-1.6632 -17.4825 21.1616 0.0629 -0.0038 0.9980 0.7761 0.2343
22.8580 -16.9836 -28.8875 0.2008 -0.1306 -0.9709 0.3975 0.2816
20.9121 -22.6457 1.2455 0.7317 -0.6817 0.0043 0.5772 0.3432
-19.3496 27.4373 21.9567 -0.5189 0.8548 0.0081 0.9651 0.3534
-25.4516 -18.0381 21.4359 0.1819 0.1298 0.9747 0.8918 0.2370
-14.3402 29.9874 3.0214 -0.3649 0.9310 0.0072 0.8730 0.3778
-22.5020 -7.1254 -23.6456 -0.0105 0.0146 -0.9998 0.1046 0.6723
-11.0880 28.4476 21.2798 0.0694 -0.3100 -0.9482 0.8933 0.5832
0.5701 -27.1005 -23.9969 0.0076 -0.0185 -0.9998 0.0074 0.7846
30.8368 7.2797 28.7273 -0.0174 -0.0028 0.9998 0.1964 0.0239
-35.1761 -3.6189 22.7535 -0.9893 -0.1459 0.0018 0.3064 0.3791
26.0677 14.4560 -27.3567 0.8587 0.4717 -0.2005 0.4455 0.6360
26.0677 14.4560 -27.3567 0.7476 0.3589 -0.5588 0.5505 0.2972
19.3420 -7.6361 -24.0561 -0.0052 0.0029 -1.0000 0.1021 0.8759
-16.7126 2.7383 -23.5661 -0.0113 0.0144 -0.9998 0.1526 0.7005
15.5989 -23.8231 28.6448 -0.1230 0.1758 0.9767 0.0451 0.0980
4.5884 27.8128 -28.5434 -0.0766 -0.2204 -0.9724 0.6155 0.1927
4.5884 27.8128 -28.5434 -0.1811 -0.5491 -0.8159 0.6013 0.6865
-34.1122 7.2349 -5.0562 -0.9723 0.2336 -0.0078 0.3592 0.5144
-31.4386 -4.0701 21.4359 0.9810 0.1412 0.1334 0.8290 0.6751
-31.4386 -4.0701 21.4359 0.7089 0.0959 0.6988 0.9210 0.1690
4.9577 29.0850 21.5671 0.0104 -0.0080 -0.9999 0.8964 0.6612
4.9577 29.0850 21.5671 -0.2112 -0.6348 -0.7433 0.9105 0.6221
-25.1229 -16.0628 -26.8952 0.7916 0.6104 0.0292 0.5789 0.6089
-22.7216 3.7226 -23.4926 -0.0091 0.0107 -0.9999 0.1574 0.6712
16.6663 -26.6397 20.5611 0.6029 -0.7975 -0.0223 0.6712 0.3638
-21.3440 -26.4692 22.4377 -0.5183 -0.8551 -0.0100 0.6803 0.5487
-34.9701 -3.1318 14.2724 -0.9949 -0.0975 -0.0275 0.3088 0.4204
28.7048 8.0880 18.1862 0.9664 0.2569 -0.0061 0.4145 0.8576
29.9717 5.4602 27.2041 0.0470 0.0046 -0.9989 0.6807 0.6829
19.8294 -24.1029 27.8228 0.6329 -0.7138 -0.2997 0.7065 0.3484
0.4866 28.9879 21.3311 0.0067 -0.2308 0.9730 0.7656 0.0082
-16.7455 29.0076 -14.4521 -0.4449 0.8956 -0.0004 0.7880 0.3661
34.8247 -4.2249 28.0951 0.9994 -0.0340 -0.0117 0.9217 0.6371
-30.9130 -15.6146 -8.6192 -0.8565 -0.5161 -0.0103 0.5292 0.5953
-30.9130 -15.6146 -8.6192 -0.8910 -0.4539 -0.0113 0.2480 0.5317
-21.7362 21.9509 22.3351 0.6545 -0.7484 -0.1076 0.4787 0.8221
-3.4448 30.1364 21.2317 -0.0469 -0.0222 0.9987 0.7848 0.0026
-15.3691 26.1520 21.7033 0.4259 -0.8721 -0.2409 0.4756 0.7911
3.6478 -9.2176 21.1130 0.0577 -0.0016 0.9983 0.7503 0.1940
11.0851 29.6522 24.4596 0.3715 0.9284 0.0045 0.9773 0.5015
20.9816 -21.7345 28.7083 0.1748 -0.1457 0.9738 0.0553 0.0718
-7.6133 26.8082 -23.4155 -0.0065 -0.0479 -0.9988 0.2697 0.7447
22.7507 20.5627 27.4696 0.5401 0.4286 -0.7242 0.6456 0.6094
22.7507 20.5627 27.4696 0.6009 0.5323 -0.5963 0.9919 0.5583
17.5208 -3.7577 -24.0168 -0.0114 0.0061 -0.9999 0.1210 0.8670
-0.0959 -7.1849 -23.8578 -0.0108 0.0123 -0.9999 0.1043 0.7813
15.9395 26.6384 27.2732 0.5166 0.7487 -0.4155 0.9910 0.5251
24.6705 7.4299 -28.2134 -0.5887 -0.1343 -0.7971 0.5163 0.2904
-29.3101 17.9223 16.6277 -0.8291 0.5591 0.0068 0.9392 0.3050
31.8473 -7.3548 27.6801 0.2672 -0.6127 -0.7438 0.9557 0.6447
31.8473 -7.3548 27.6801 0.1066 -0.2400 -0.9649 0.6898 0.7452
-4.4904 -18.6203 21.1831 0.0149 -0.0237 0.9996 0.7899 0.2398
28.0204 -7.4066 -28.4866 0.6841 -0.1467 -0.7145 0.4441 0.3067
28.5956 8.6039 21.6676 0.9623 0.2720 -0.0092 0.4170 0.8745
-25.2742 -23.2462 -3.3864 -0.6951 -0.7189 -0.0030 0.5547 0.5679
21.0185 -14.2544 21.2048 -0.0169 0.0283 0.9995 0.6658 0.2185
-26.5944 21.5414 25.7748 -0.7118 0.7009 -0.0460 0.9837 0.3182
33.0282 -5.7737 27.0349 0.1881 -0.2916 -0.9379 0.6956 0.7375
-31.5684 -14.4507 19.1055 -0.8883 -0.4593 -0.0019 0.2537 0.3969
-2.1161 28.4492 -28.1933 -0.0157 -0.6953 -0.7186 0.6030 0.7191
-11.3084 -31.3524 -21.1897 -0.2843 -0.9586 0.0150 0.4681 0.4999
-7.8719 -13.0015 21.2644 0.0785 0.0178 0.9968 0.8063 0.2125
-33.5340 -9.9734 22.2260 -0.9413 -0.3376 0.0023 0.2755 0.3817
8.1449 -26.2326 -28.1892 -0.2513 0.6951 -0.6735 0.5726 0.7707
18.6100 -24.5285 -27.3844 0.6124 -0.7089 -0.3499 0.4379 0.3544
-0.6042 -29.8106 28.5546 -0.0087 0.1324 0.9912 0.0160 0.1769
-0.6042 -29.8106 28.5546 -0.0422 0.5792 0.8141 0.5627 0.7371
20.5784 22.5791 15.1455 0.7262 0.6875 0.0079 0.9320 0.5477
-23.5179 24.8468 26.9936 -0.5132 0.5951 -0.6185 0.9896 0.3332
17.6495 17.2513 -24.0288 -0.5910 -0.5308 -0.6074 0.6233 0.6230
17.6495 17.2513 -24.0288 -0.3254 -0.3016 -0.8962 0.2232 0.8677
18.1819 -25.3663 18.0375 0.6503 -0.7596 -0.0100 0.6589 0.3564
-4.2202 23.6219 21.3364 0.3485 -0.3548 0.8675 0.7886 0.0343
2.5069 17.8744 21.0323 0.0561 -0.0098 0.9984 0.7558 0.0622
13.2463 28.5896 23.5162 0.4983 0.8669 -0.0114 0.9727 0.5120
24.4725 -18.8517 27.4401 0.7317 -0.5039 -0.4589 0.7047 0.3258
24.4725 -18.8517 27.4401 0.4073 -0.2991 -0.8630 0.6540 0.8012
-7.1574 13.3727 21.0319 0.0928 -0.0290 0.9953 0.8028 0.0841
-30.8493 -6.7993 21.3170 0.9352 0.2497 0.2511 0.8285 0.6883
-30.8493 -6.7993 21.3170 0.1325 0.0601 0.9894 0.9181 0.1823
-16.4608 -22.8031 -23.8618 -0.0014 0.0099 -1.0000 0.0284 0.7017
-19.2450 5.2599 20.8655 0.0211 -0.0049 0.9998 0.8616 0.1236
18.1522 -20.2664 19.4337 -0.7426 0.6229 0.2460 0.5184 0.8283
18.1522 -20.2664 19.4337 -0.4916 0.3063 0.8152 0.6797 0.2478
9.6403 29.8425 -24.1790 0.3822 0.9238 -0.0224 0.7406 0.4945
34.7573 5.8301 27.5862 0.3415 0.1381 -0.9297 0.7040 0.6811
34.7573 5.8301 27.5862 0.9664 0.2570 -0.0069 0.9192 0.5882
-7.9690 -32.1733 -24.2277 -0.1793 -0.9838 0.0009 0.4533 0.4837
-20.8165 26.4818 21.6257 -0.5697 0.8218 0.0057 0.9635 0.3463
-1.7845 -16.5032 21.1686 0.0983 0.0049 0.9951 0.7767 0.2295
-34.1197 7.3979 27.4155 -0.7878 0.2001 -0.5825 0.3600 0.3564
16.1419 -21.8427 20.7883 -0.6414 0.7661 -0.0419 0.5250 0.8186
14.9888 -22.2226 -23.9921 -0.3060 0.3457 -0.8871 0.0312 0.8547
-30.6499 -16.1012 20.3433 -0.8459 -0.5331 0.0133 0.6702 0.5940
-30.6499 -16.1012 20.3433 -0.8715 -0.4904 0.0036 0.2457 0.3908
18.2659 24.7410 -3.1998 0.6460 0.7633 -0.0019 0.8427 0.5364
-33.0327 -11.2445 20.4206 -0.9270 -0.3749 -0.0068 0.2693 0.3905
-34.0703 -6.6700 28.7742 -0.1241 -0.0329 0.9917 0.1286 0.3397
-34.6872 -2.9343 -14.9437 -0.9976 -0.0697 -0.0017 0.3097 0.5625
-0.3520 32.1865 10.3934 0.0628 0.9980 -0.0027 0.9088 0.4459
-0.8991 12.0344 20.9532 0.0537 -0.0085 0.9985 0.7724 0.0906
-8.5427 -9.5333 21.3011 0.0364 0.0104 0.9993 0.8096 0.1956
-22.9574 21.4194 21.0501 -0.0898 0.2590 0.9617 0.8797 0.0450
-22.9574 21.4194 21.0501 0.6177 -0.6477 0.4460 0.4724 0.8280
-5.5317 -20.5038 21.3452 0.0771 0.0541 0.9956 0.7949 0.2490
33.0672 3.0894 28.7581 -0.0100 -0.0020 0.9999 0.1761 0.0130
17.4725 -19.2780 -27.3621 -0.6668 0.6747 -0.3166 0.5766 0.8161
-23.2407 24.5396 -27.4280 -0.6223 0.7107 -0.3281 0.7248 0.3345
17.4610 21.1056 26.9692 -0.6718 -0.7402 0.0281 0.5012 0.6314
-23.5574 -24.7630 -15.2243 -0.6321 -0.7749 0.0061 0.4971 0.5595
-20.9936 -26.4532 -27.6992 -0.5475 -0.7810 -0.3005 0.4364 0.5470
-25.4629 18.3212 27.8252 0.7995 -0.5966 0.0701 0.5054 0.8402
20.7219 13.5960 -24.1834 -0.5768 -0.3522 -0.7370 0.2054 0.8826
20.7219 13.5960 -24.1834 -0.8256 -0.5326 -0.1865 0.6225 0.6080
-20.3137 22.0110 -24.0478 0.6330 -0.7612 0.1412 0.6232 0.8077
22.1863 -13.9811 -24.2652 -0.8372 0.5434 0.0611 0.5917 0.8390
22.1863 -13.9811 -24.2652 -0.8277 0.4730 0.3021 0.7468 0.7256
11.7221 -11.3268 -24.0074 -0.0095 0.0079 -0.9999 0.0842 0.8388
-6.2094 21.6509 21.2729 -0.2379 0.0675 0.9689 0.7982 0.0439
28.5789 -8.7839 17.4211 0.9661 -0.2579 0.0067 0.3324 0.8539
-6.7101 29.2140 21.3220 -0.0953 0.4684 -0.8784 0.8970 0.6045
-6.7101 29.2140 21.3220 -0.1671 0.9492 -0.2665 0.9366 0.6641
17.3082 1.4791 -23.9832 -0.0151 0.0058 -0.9999 0.1465 0.8660
-6.2479 17.4570 21.0798 0.1145 -0.0464 0.9923 0.7984 0.0643
11.2853 29.0898 -24.9817 0.4316 0.9011 -0.0414 0.7367 0.5025
6.6996 29.3324 28.6873 -0.0445 -0.0817 0.9957 0.3037 0.1413
-4.7949 16.1665 20.9428 0.0209 -0.0193 0.9996 0.7913 0.0705
-20.8267 21.2980 21.3860 -0.0111 -0.0237 0.9997 0.8693 0.0456
-17.7875 0.8315 -23.5809 -0.0114 0.0137 -0.9998 0.1433 0.6952
-25.0859 -18.5932 21.4416 0.2791 0.2084 0.9374 0.8901 0.2397
-8.7160 24.6409 -23.4370 -0.0175 0.0214 -0.9996 0.2592 0.7394
-0.9469 -1.1212 21.0118 0.1176 -0.0108 0.9930 0.7726 0.1547
27.5452 -12.0852 16.7740 0.9366 -0.3503 0.0045 0.3163 0.8507
-22.5531 25.2244 21.3888 -0.6065 0.7951 -0.0001 0.9623 0.3378
-33.2379 -2.6085 28.7399 0.0434 0.0080 0.9990 0.1483 0.3356
29.8720 -2.3922 27.0918 -0.1574 0.1294 -0.9790 0.6802 0.7211
23.5960 18.7826 22.8554 0.8200 0.5723 0.0035 0.9695 0.5624
-26.8216 14.2412 -23.4082 0.8733 -0.4856 0.0396 0.7367 0.6184
-20.6730 -24.0253 -28.9241 0.0202 0.0266 -0.9994 0.3633 0.0698
-31.5887 -2.2476 23.3714 0.9964 0.0722 -0.0451 0.8384 0.6662
14.6823 -23.0487 21.0511 -0.5348 0.7817 0.3208 0.5262 0.8115
-9.4536 27.0343 -24.1032 0.2516 -0.9629 0.0978 0.6229 0.7548
2.3131 -22.1763 -24.0390 -0.0054 0.0113 -0.9999 0.0314 0.7930
22.7246 12.8199 20.7715 -0.8591 -0.5089 0.0547 0.6742 0.8291
29.5897 -0.9420 27.0972 0.9922 -0.0106 -0.1241 0.3705 0.9009
10.6480 -29.9086 -9.2844 0.4111 -0.9116 -0.0008 0.5260 0.3931
-30.6697 -1.9967 -24.0627 0.9520 0.0037 0.3060 0.7335 0.6974
-32.7343 12.7751 27.6734 -0.6341 0.2465 -0.7329 0.3862 0.3552
-10.4856 -13.3213 21.1059 -0.0498 -0.0005 0.9988 0.8190 0.2140
-28.8839 16.7860 -28.3252 -0.4424 0.2757 -0.8534 0.5618 0.0298
-14.8519 1.1559 -23.6097 -0.0105 0.0134 -0.9999 0.1449 0.7095
-27.1340 19.3162 28.5643 0.0591 -0.0338 0.9977 0.2550 0.3059
-10.3477 -31.6574 -24.5102 -0.2487 -0.9686 -0.0025 0.4519 0.4952
28.2738 -1.2485 28.6087 -0.0631 0.0001 0.9980 0.1549 0.0364
-28.4387 -10.1548 -24.9691 0.9087 0.3422 0.2392 0.7291 0.7370
26.8025 -13.8966 9.7448 0.9070 -0.4211 0.0003 0.3075 0.8165
-34.7248 3.8113 4.0477 -0.9923 0.1199 -0.0305 0.3426 0.4701
-35.2981 -1.5557 21.0073 -0.9991 -0.0246 -0.0358 0.3164 0.3876
29.6678 0.6267 27.2468 0.1292 -0.0306 -0.9911 0.6792 0.7064
29.6678 0.6267 27.2468 0.9202 -0.0275 -0.3905 0.3782 0.9017
27.5697 -12.1132 28.5268 0.2387 -0.0850 0.9674 0.1021 0.0398
-8.6834 29.3712 21.1604 0.2013 -0.7221 -0.6618 0.8999 0.7168
-8.6834 29.3712 21.1604 0.0062 -0.0697 0.9975 0.8103 0.0063
-1.2734 18.8987 21.1206 0.0069 0.0485 0.9988 0.7742 0.0573
-22.3368 -25.7435 -16.9837 -0.5980 -0.8014 0.0066 0.4886 0.5536
20.4064 23.5856 28.4525 0.6875 0.7179 -0.1095 0.9967 0.5469
-3.3218 -32.5063 27.2462 -0.0093 -0.7479 -0.6638 0.7037 0.4611
-31.5321 1.1009 21.1173 0.1158 0.0249 0.9930 0.9214 0.1438
6.4449 27.5120 21.4192 -0.3752 -0.9201 0.1124 0.4742 0.6850
6.4449 27.5120 21.4192 -0.1408 -0.2351 0.9617 0.7367 0.0153
25.5019 -8.2706 27.0167 -0.9558 0.2803 0.0890 0.7804 0.6960
17.5435 26.0180 28.4355 0.5667 0.8230 -0.0375 0.9966 0.5329
5.6796 28.2857 21.4091 0.1000 0.2148 0.9715 0.7367 0.7781
5.6796 28.2857 21.4091 0.5025 0.7811 -0.3707 0.8404 0.7335
5.6796 28.2857 21.4091 -0.0015 -0.0103 0.9999 0.7404 0.0116
-4.7274 -16.2329 21.2212 -0.0587 0.0211 0.9981 0.7910 0.2282
7.6738 28.5349 -28.6649 0.0661 0.1829 -0.9809 0.6190 0.2077
20.7168 22.0535 28.7515 0.0450 0.0312 0.9985 0.2683 0.0731
-4.8949 5.6039 20.9137 -0.0245 0.0237 0.9994 0.7918 0.1219
-0.0048 -19.8755 21.2905 -0.1451 0.1682 0.9750 0.7680 0.2459
-26.7860 21.2091 12.9211 -0.7565 0.6540 0.0014 0.9211 0.3173
0.3846 32.0102 25.9223 0.0670 0.9966 -0.0476 0.9844 0.4494
17.7308 -25.6744 27.1166 0.6420 -0.7657 -0.0383 0.7031 0.3586
-29.5378 -14.4281 28.6775 0.0491 0.0293 0.9984 0.0908 0.3176
-22.9889 19.1199 -23.2751 0.0379 -0.0734 -0.9966 0.2323 0.6699
3.6959 -22.5872 21.0995 0.0091 -0.0079 0.9999 0.7500 0.2591
5.1533 -27.5483 -28.4946 -0.1894 0.6014 -0.7762 0.5711 0.7562
-33.0142 -12.6386 28.0684 -0.8743 -0.3488 -0.3376 0.2625 0.3532
-20.0721 24.1074 28.2642 0.2563 -0.3329 0.9075 0.2783 0.2716
23.9654 -19.4934 28.3866 0.6093 -0.3841 0.6937 0.0662 0.0573
-1.7802 22.8103 21.1322 -0.0427 -0.0560 0.9975 0.7767 0.0382
-26.5125 14.6446 -27.7301 0.6651 -0.3991 -0.6311 0.5514 0.0414
-19.0159 27.7846 -14.8717 -0.5085 0.8610 -0.0004 0.7859 0.3551
-12.7887 27.2409 21.6481 0.3668 -0.9255 0.0946 0.4753 0.7785
-26.6206 -22.0684 6.7730 -0.7399 -0.6727 -0.0041 0.6041 0.5744
-34.8537 -3.6658 5.8213 -0.9913 -0.1215 -0.0499 0.3062 0.4615
-29.8336 -17.6643 6.0904 -0.8454 -0.5321 -0.0467 0.6008 0.5901
-35.0505 1.6295 7.3756 -0.9987 0.0454 0.0214 0.3319 0.4539
-32.3371 12.6068 -4.9503 -0.9200 0.3918 -0.0104 0.3853 0.5139
29.1158 6.4071 -0.3989 0.9786 0.2057 0.0087 0.4063 0.7672
29.3023 -5.6773 14.4011 0.9859 -0.1672 0.0035 0.3475 0.8392
19.5437 -18.4699 19.7628 -0.3532 -0.1562 0.9224 0.6729 0.2391
19.5437 -18.4699 19.7628 -0.8818 0.4488 0.1450 0.8541 0.7430
17.0797 25.7211 3.2127 0.6175 0.7865 -0.0066 0.8739 0.5307
-27.7944 -20.2915 -0.0377 -0.7970 -0.6040 0.0014 0.5710 0.5801
2.5333 31.8887 6.3851 0.1537 0.9881 -0.0109 0.8893 0.4599
-28.3120 14.3843 21.5138 0.8295 -0.4797 -0.2859 0.8294 0.5853
-28.3120 14.3843 21.5138 0.8171 -0.5257 -0.2365 0.4747 0.8541
-25.9628 22.9564 27.3446 -0.5833 0.5972 -0.5506 0.9913 0.3213
-13.4994 30.2640 24.7967 -0.3215 0.9469 0.0075 0.9789 0.3819
-9.5529 28.7634 21.2434 -0.0887 0.9897 0.1127 0.9362 0.6503
-9.5529 28.7634 21.2434 -0.0890 0.3805 0.9205 0.8145 0.0093
-9.1979 31.4508 20.4343 -0.2044 0.9789 0.0063 0.9577 0.4028
-1.3334 -32.8989 28.4275 0.0315 -0.8643 0.5020 0.7095 0.4514
-34.3290 6.7506 7.3691 -0.9765 0.2117 0.0406 0.3569 0.4540
22.0432 16.2862 28.3632 -0.6770 -0.4573 0.5767 0.2403 0.0667
22.0432 16.2862 28.3632 -0.7356 -0.4998 0.4573 0.7583 0.7482
25.1450 -6.6316 20.5462 -0.6010 -0.2134 -0.7703 0.8621 0.7448
25.1450 -6.6316 20.5462 -0.8668 -0.0669 -0.4941 0.8119 0.6880
13.4578 24.4982 21.4747 0.0135 0.2034 -0.9790 0.8741 0.7026
13.4578 24.4982 21.4747 -0.1932 0.9593 -0.2059 0.4707 0.8667
13.4578 24.4982 21.4747 0.1508 0.4718 0.8687 0.7025 0.0300
-7.9727 31.5962 -27.5759 -0.1725 0.8621 -0.4766 0.7241 0.4088
-7.0644 20.4161 21.1433 -0.1614 0.0468 0.9858 0.8024 0.0499
22.4777 10.7762 -24.0929 -0.7811 -0.5621 -0.2718 0.7460 0.6051
22.4777 10.7762 -24.0929 -0.3270 -0.2116 -0.9210 0.1917 0.8911
4.3083 28.3534 21.4942 -0.3167 -0.8973 -0.3074 0.4746 0.6953
4.3083 28.3534 21.4942 0.0019 0.2491 -0.9685 0.8929 0.6581
4.3083 28.3534 21.4942 0.2228 0.8821 -0.4150 0.5350 0.8588
-1.9911 -27.9150 -24.0133 0.0084 0.1887 -0.9820 0.0035 0.7721
1.8960 14.5262 20.9558 -0.0193 -0.0236 0.9995 0.7588 0.0785
6.6230 -27.7247 24.3133 -0.3348 0.9423 -0.0072 0.5421 0.7722
-33.5090 9.8407 6.7034 -0.9524 0.3047 -0.0062 0.3719 0.4572
17.0046 -18.7058 -23.9550 0.0456 -0.0329 -0.9984 0.0483 0.8645
5.1120 28.9258 21.4042 -0.0385 -0.0915 0.9951 0.7431 0.0085
-1.6447 -6.2734 21.0822 -0.0146 0.0047 0.9999 0.7760 0.1797
0.7187 -27.4088 -26.6210 -0.1083 0.9735 0.2015 0.5802 0.7346
7.4468 -3.6321 20.7533 0.0217 0.0039 0.9998 0.7318 0.1669
-27.8795 20.0133 -24.4323 -0.7827 0.6220 -0.0228 0.7394 0.3119
-17.7130 9.9340 20.8902 0.0153 -0.0154 0.9998 0.8542 0.1009
-21.4763 -26.3990 -21.5262 -0.5571 -0.8304 0.0091 0.4665 0.5494
-19.7735 -12.6756 -23.7539 -0.0090 0.0146 -0.9999 0.0776 0.6856
16.1495 -22.3551 24.7070 -0.6303 0.7760 -0.0240 0.5440 0.8186
3.3806 10.5968 20.9857 -0.0580 -0.0071 0.9983 0.7516 0.0976
-7.1952 -32.0473 8.5064 -0.1548 -0.9879 0.0043 0.6126 0.4799
25.9636 14.8635 25.9205 0.8834 0.4681 0.0230 0.4474 0.8952
8.3442 27.7676 21.4190 -0.0766 -0.1823 0.9803 0.7274 0.0141
8.3442 27.7676 21.4190 -0.2985 -0.7114 0.6362 0.9097 0.6057
-2.2594 -7.0318 21.0661 -0.0466 0.0149 0.9988 0.7790 0.1834
14.8198 21.2876 -27.4962 -0.5745 -0.6849 -0.4482 0.6064 0.6367
1.0217 -32.1501 25.8657 0.0780 -0.9969 0.0072 0.6970 0.4399
-1.0086 32.2327 -0.4950 0.0451 0.9990 0.0055 0.8559 0.4427
-34.0931 6.7064 -18.5140 -0.9767 0.2145 -0.0004 0.3566 0.5799
-16.0639 25.9871 21.3182 0.0784 0.0522 0.9956 0.8462 0.0228
21.6850 16.2354 27.3260 -0.8211 -0.5688 0.0476 0.5030 0.6108
-31.7078 3.9871 21.4509 0.9965 -0.0823 0.0121 0.8291 0.6359
15.0998 -22.7056 20.9985 -0.6025 0.7660 0.2239 0.5260 0.8135
-22.8130 -21.0148 26.8731 0.6849 0.7285 0.0135 0.5546 0.6290
-23.2617 25.8503 28.3437 -0.2651 0.3005 0.9162 0.2868 0.2871
-23.2617 25.8503 28.3437 -0.6218 0.7771 0.0972 0.9962 0.3344
12.7485 25.0970 21.5576 0.0156 0.0800 -0.9967 0.8770 0.6991
14.5374 -23.8058 -28.8363 -0.2501 0.3630 -0.8976 0.3644 0.2411
14.5374 -23.8058 -28.8363 -0.3101 0.5147 -0.7993 0.5695 0.8018
19.7796 -18.7852 26.4948 -0.7583 0.6519 0.0034 0.5527 0.8363
12.4447 -3.3185 -23.9510 -0.0127 0.0088 -0.9999 0.1231 0.8423
-30.9671 7.3509 28.2284 0.9559 -0.2323 0.1797 0.8621 0.6195
-30.9671 7.3509 28.2284 0.5853 -0.1217 0.8016 0.1968 0.3246
-17.2940 23.8793 -24.4627 0.4744 -0.8683 0.1449 0.6211 0.7930
-7.8458 21.0811 21.0814 -0.0281 -0.0081 0.9996 0.8062 0.0466
-33.3659 -3.8881 -28.5926 -0.4466 -0.0533 -0.8932 0.4613 0.0080
2.0633 -32.0488 24.0364 0.1160 -0.9932 0.0030 0.6881 0.4349
-35.0640 2.7903 20.0699 -0.9930 0.1156 -0.0239 0.3376 0.3922
-3.8711 29.2865 21.3614 -0.0072 0.1582 -0.9874 0.8974 0.6183
-3.8711 29.2865 21.3614 -0.0760 -0.6177 -0.7827 0.4739 0.7351
-3.8711 29.2865 21.3614 -0.0581 0.0462 0.9972 0.7869 0.0067
-9.7592 28.8999 21.2481 0.1363 -0.1430 -0.9803 0.8955 0.5896
-34.1590 7.1160 14.1381 -0.9710 0.2389 0.0025 0.3586 0.4210
23.5763 11.6447 21.1695 -0.1527 -0.0525 0.9869 0.6533 0.0925
24.2153 17.9100 18.3188 0.8337 0.5521 0.0149 0.9474 0.5654
23.1311 18.3231 -28.0493 0.6886 0.5179 -0.5076 0.7218 0.5601
23.1311 18.3231 -28.0493 0.4728 0.3556 -0.8062 0.5693 0.2829
-31.5288 -1.3896 21.2350 0.6268 0.0447 0.7779 0.9214 0.1560
-34.6545 -4.9678 9.4088 -0.9878 -0.1557 0.0089 0.2998 0.4440
-25.6172 18.5795 21.3019 0.8277 -0.4858 -0.2809 0.6163 0.8411
-25.6172 18.5795 21.3019 0.7083 -0.5696 -0.4170 0.4737 0.8409
26.5458 -6.1537 -28.8121 -0.1243 0.0092 -0.9922 0.4502 0.2995
-19.6346 -27.6360 27.2598 -0.3719 -0.6585 -0.6543 0.7038 0.5404
0.0996 28.9610 22.9241 -0.0922 -0.9954 -0.0275 0.4816 0.7158
-31.3791 -14.8236 13.3348 -0.8911 -0.4537 -0.0020 0.2519 0.4249
21.2591 15.2903 -28.4308 -0.5184 -0.3633 -0.7742 0.5546 0.2738
-17.0407 -24.4965 -28.2644 0.2762 0.4668 -0.8401 0.3610 0.0874
-17.0407 -24.4965 -28.2644 0.4146 0.6956 -0.5867 0.5723 0.6482
-10.0996 -31.1220 -28.1520 -0.1774 -0.7310 -0.6589 0.4342 0.4940
23.4887 18.9411 20.9482 0.8171 0.5765 0.0007 0.9602 0.5619
29.4982 2.2821 28.6547 -0.0267 -0.0051 0.9996 0.1721 0.0304
-19.2890 -10.3137 21.0854 0.0195 0.0217 0.9996 0.8619 0.1994
19.8708 24.1388 28.6026 0.3452 0.3363 0.8762 0.2785 0.0772
19.8708 24.1388 28.6026 0.6967 0.7072 -0.1203 0.9974 0.5442
9.4628 -25.9045 -24.0256 -0.3875 0.8683 0.3098 0.5929 0.7771
9.4628 -25.9045 -24.0256 -0.2044 0.2737 -0.9399 0.0133 0.8278
8.2197 29.1064 28.7409 -0.0436 -0.0602 0.9972 0.3026 0.1339
-34.7695 -1.4792 -17.0393 -0.9989 -0.0470 -0.0058 0.3168 0.5727
-0.0551 30.4895 -28.6320 0.0128 0.3082 -0.9512 0.6285 0.1701
0.9533 32.4163 27.4104 0.1164 0.8266 -0.5505 0.9916 0.4522
-34.7934 0.3039 -16.9256 -0.9997 0.0244 -0.0098 0.3255 0.5722
-35.2362 0.7960 19.9396 -0.9982 0.0533 -0.0280 0.3279 0.3928
-27.3881 -21.7680 28.2254 -0.7252 -0.6530 -0.2185 0.7085 0.5782
26.6582 0.0101 26.5741 -0.9987 0.0025 0.0504 0.7826 0.6557
-1.3955 -0.2126 21.0690 0.0662 0.0139 0.9977 0.7748 0.1502
35.1981 2.0748 28.3897 0.9197 0.0480 0.3897 0.9231 0.6064
35.1981 2.0748 28.3897 0.5198 -0.0069 0.8543 0.1711 0.0027
29.5250 -3.8363 20.5272 0.9936 -0.1126 -0.0097 0.3565 0.8690
-4.3905 19.1079 -23.5489 -0.0106 0.0066 -0.9999 0.2323 0.7604
-15.6426 -26.2427 21.5867 0.3939 0.8564 0.3338 0.5288 0.6639
-7.4959 28.9066 27.7530 0.1406 -0.9382 0.3164 0.5050 0.7528
26.1840 14.5870 9.0459 0.8893 0.4574 0.0024 0.4461 0.8131
7.8265 -3.8939 -23.9001 -0.0108 0.0095 -0.9999 0.1203 0.8199
-2.6163 18.4737 21.0715 -0.0535 0.0055 0.9986 0.7807 0.0593
0.6997 28.9859 21.7694 -0.1382 -0.9640 -0.2272 0.4759 0.7129
14.4969 27.4986 2.3585 0.5266 0.8501 -0.0068 0.8697 0.5181
-22.3301 -21.5873 21.8934 0.6591 0.7228 0.2078 0.5303 0.6314
-29.5927 -11.1016 27.8983 0.9227 0.3819 0.0521 0.8605 0.7093
17.5564 -25.7813 28.4895 0.2505 -0.2983 0.9210 0.0356 0.0885
-31.2581 14.6348 19.6970 -0.8880 0.4598 0.0060 0.3952 0.3940
-1.8274 -28.9595 -28.6794 0.0143 0.3464 -0.9380 0.3393 0.1615
-1.8274 -28.9595 -28.6794 -0.0085 0.6235 -0.7818 0.5702 0.7222
-34.7235 -4.9076 13.9978 -0.9854 -0.1688 -0.0217 0.3001 0.4217
22.9082 12.7675 21.1014 0.8027 -0.5448 -0.2424 0.3845 0.9071
22.9082 12.7675 21.1014 -0.2882 -0.1502 0.9457 0.6566 0.0871
22.9082 12.7675 21.1014 -0.7855 -0.3299 0.5236 0.3501 0.9060
-29.1929 18.1812 0.2667 -0.8304 0.5571 0.0039 0.8596 0.3055
-16.2384 26.5571 21.0080 -0.2602 0.4328 0.8632 0.8470 0.0200
-16.2384 26.5571 21.0080 0.1225 -0.1149 0.9858 0.8225 0.7458
-16.2384 26.5571 21.0080 0.1161 -0.6758 0.7279 0.9872 0.5901
-16.2384 26.5571 21.0080 -0.2553 0.5412 0.8012 0.7856 0.7384
-29.7903 -7.0235 -24.2322 0.9479 0.2917 0.1277 0.7327 0.7218
-14.4870 -30.6422 28.7391 -0.3414 -0.8777 0.3363 0.7110 0.5154
-4.9560 -32.2216 26.9153 -0.0744 -0.9417 -0.3281 0.7021 0.4690
-27.7010 12.3692 21.2116 -0.0328 0.0247 0.9992 0.9028 0.0890
-31.0753 -15.3983 13.1357 -0.8813 -0.4725 0.0004 0.2491 0.4259
-31.7324 14.7685 27.5435 -0.6297 0.3003 -0.7165 0.3959 0.3558
14.5355 -22.1936 -27.8148 -0.4997 0.6519 -0.5704 0.5744 0.8018
-32.5306 -12.6647 6.7429 -0.9139 -0.4060 0.0005 0.2624 0.4570
-14.0228 30.1961 -7.2832 -0.3479 0.9375 0.0029 0.8228 0.3793
-3.7048 -28.9631 -28.6787 -0.0012 0.4735 -0.8808 0.3393 0.1523
-3.7048 -28.9631 -28.6787 0.0245 0.5948 -0.8035 0.5702 0.7131
10.1145 -28.3929 -28.7825 0.1681 -0.3520 -0.9208 0.3420 0.2196
27.6336 -8.8827 -28.5590 0.8300 -0.1591 -0.5346 0.4370 0.3048
27.6336 -8.8827 -28.5590 0.8844 -0.2152 -0.4142 0.9078 0.6875
9.2861 30.0654 -6.8726 0.3724 0.9281 -0.0035 0.8248 0.4928
24.7227 -17.5001 24.2412 0.8673 -0.4972 0.0220 0.2900 0.8870
24.7227 -17.5001 24.2412 0.8505 -0.5257 0.0175 0.6891 0.3246
4.0937 32.2420 28.5301 0.2062 0.8793 0.4292 0.9971 0.4675
2.0263 -17.4670 21.2292 0.3613 -0.1088 0.9261 0.7582 0.2342
-22.4131 -24.7216 -28.4543 -0.2642 -0.3118 -0.9127 0.3599 0.0613
-22.4131 -24.7216 -28.4543 -0.5146 -0.5863 -0.6257 0.4327 0.5540
-25.9222 22.3530 26.6562 -0.6000 0.6550 -0.4593 0.9880 0.3215
0.5864 -19.1837 21.2525 -0.2118 0.1955 0.9575 0.7652 0.2425
-22.8982 -20.9789 21.5948 0.5515 0.6881 0.4715 0.5289 0.6286
-21.7596 -21.7652 21.3829 0.2944 0.3116 0.9035 0.8739 0.2551
-21.7596 -21.7652 21.3829 0.6189 0.6081 0.4972 0.5278 0.6342
14.2131 27.9636 24.6712 0.5626 0.8259 0.0377 0.9783 0.5167
-22.4643 -11.0826 -23.7035 -0.0103 0.0156 -0.9998 0.0854 0.6725
-33.5253 -5.8199 -28.3538 -0.6059 -0.1078 -0.7882 0.4519 0.0072
-30.2528 -5.8132 -23.5677 0.2212 0.0769 -0.9722 0.1110 0.6346
-30.2528 -5.8132 -23.5677 0.9013 0.3863 0.1963 0.7359 0.7159
11.1883 -26.0966 -28.8755 -0.1650 0.2791 -0.9460 0.3532 0.2248
-31.4094 -14.6077 -12.1140 -0.8922 -0.4517 -0.0049 0.2529 0.5487
26.9040 -13.8081 -8.2835 0.9118 -0.4105 -0.0006 0.3079 0.7288
-29.3649 7.7795 -23.3080 0.1753 -0.0176 -0.9844 0.1771 0.6389
-30.0286 16.8628 9.9603 -0.8493 0.5279 0.0020 0.9067 0.3015
25.0665 -9.6004 26.9361 -0.9389 0.3332 0.0864 0.7808 0.7025
8.5223 30.4622 26.1444 0.3007 0.9525 0.0482 0.9855 0.4890
7.5363 -27.3795 -28.8503 -0.0968 0.3509 -0.9314 0.3470 0.2070
-5.5613 -20.1243 -23.9727 -0.0053 0.0142 -0.9999 0.0414 0.7547
1.6251 -32.0974 26.7511 0.0764 -0.9960 -0.0460 0.7013 0.4370
-18.1681 7.1523 20.8606 0.0165 -0.0101 0.9998 0.8564 0.1144
-14.9120 26.3939 21.5851 0.3931 -0.8846 -0.2510 0.4750 0.7889
-21.9733 -24.9994 28.7539 0.0167 0.0092 0.9998 0.0394 0.2808
29.5895 -9.0871 28.2796 -0.2499 -0.9126 -0.3236 0.9586 0.6557
29.5895 -9.0871 28.2796 0.2459 -0.1208 0.9617 0.1168 0.0300
26.6152 -11.0135 28.7011 -0.0385 0.0228 0.9990 0.1074 0.0444
32.2778 -7.3230 27.7185 0.2260 -0.4472 -0.8654 0.6919 0.7451
32.2778 -7.3230 27.7185 0.3726 -0.5841 -0.7211 0.9559 0.6426
-9.0777 29.1357 21.2854 0.0750 -0.1748 -0.9817 0.8967 0.5929
-9.0777 29.1357 21.2854 0.2376 -0.7410 -0.6280 0.9005 0.7187
4.9387 23.7946 -23.6346 -0.0117 0.0056 -0.9999 0.2551 0.8058
-15.9524 26.8487 21.0843 0.3542 -0.7592 -0.5459 0.9875 0.5887
-14.4710 28.7822 -28.3702 -0.2506 0.6105 -0.7513 0.7202 0.3772
-14.4710 28.7822 -28.3702 -0.1613 0.3876 -0.9076 0.6202 0.1000
13.3814 -12.5185 -24.0309 -0.0081 0.0067 -0.9999 0.0784 0.8469
-25.3042 18.1590 21.2100 -0.0549 0.1890 0.9804 0.8911 0.0608
-34.7893 3.7353 12.6380 -0.9903 0.1379 -0.0175 0.3422 0.4283
-5.0954 -19.8444 21.2445 0.0831 0.0584 0.9948 0.7928 0.2457
-20.1632 19.4053 -23.3283 -0.0216 0.0197 -0.9996 0.2337 0.6837
24.8253 17.7343 27.4807 0.6107 0.3900 -0.6892 0.6557 0.6232
-25.7438 -17.8713 27.9149 0.7834 0.6147 0.0920 0.5596 0.6148
9.8584 18.3177 20.9311 -0.0180 -0.0330 0.9993 0.7201 0.0601
-3.3942 -32.5119 -0.8388 -0.0497 -0.9987 0.0093 0.5671 0.4614
-29.6400 12.4329 21.1921 0.8700 -0.4288 -0.2436 0.8278 0.5948
-29.6400 12.4329 21.1921 0.8313 -0.5138 -0.2119 0.4731 0.8605
28.5131 8.9663 27.0695 0.5617 0.2207 -0.7974 0.6736 0.6658
28.5131 8.9663 27.0695 0.9448 0.3252 -0.0404 0.4188 0.9008
7.6561 -30.8923 26.3129 0.3012 -0.9522 -0.0516 0.6992 0.4077
15.0542 -16.7822 -24.0564 0.0047 -0.0021 -1.0000 0.0576 0.8550
-27.2407 20.7832 24.7407 -0.7618 0.6464 -0.0432 0.9786 0.3150
29.5778 3.1542 4.1299 0.9947 0.1033 -0.0001 0.3905 0.7892
-3.7215 -10.2544 21.1446 -0.0511 0.0256 0.9984 0.7861 0.1991
29.7846 -3.0455 -25.0941 0.9955 -0.0851 -0.0415 0.3603 0.6470
-31.5140 14.3282 -4.3907 -0.8817 0.4717 0.0044 0.3937 0.5112
24.8253 9.9440 23.2952 -0.9418 -0.3358 0.0155 0.7985 0.6074
-25.7904 -17.2136 21.3897 0.0994 0.0751 0.9922 0.8935 0.2329
-1.7771 -27.6927 -25.9559 -0.0363 0.9888 0.1445 0.5835 0.7225
-1.7264 4.2102 20.9791 0.0400 -0.0153 0.9991 0.7764 0.1287
-25.4764 -16.2237 -24.9400 0.8042 0.5283 0.2724 0.5884 0.6071
25.5578 -4.4464 20.0299 -0.7853 -0.3817 -0.4875 0.3357 0.9060
25.5578 -4.4464 20.0299 -0.0055 -0.5020 0.8649 0.3429 0.9068
25.5578 -4.4464 20.0299 0.8738 -0.4468 0.1922 0.9350 0.5819
-4.3177 22.6924 21.1025 0.1892 -0.0898 0.9778 0.7890 0.0388
-9.2432 -16.5309 -23.8974 -0.0072 0.0150 -0.9999 0.0589 0.7368
-4.9488 -16.9043 21.2306 -0.0460 0.0185 0.9988 0.7921 0.2314
11.2077 16.0933 -23.8103 -0.0184 0.0089 -0.9998 0.2176 0.8363
29.1875 -6.1627 17.6352 0.9832 -0.1819 0.0153 0.3451 0.8549
-20.8224 26.1991 -27.7570 -0.4366 0.6594 -0.6120 0.7232 0.3463
-20.8224 26.1991 -27.7570 -0.3117 0.4759 -0.8224 0.6076 0.0690
-28.1625 19.5213 21.7264 -0.7924 0.6099 -0.0100 0.9640 0.3106
-23.4551 -10.7300 21.1832 0.0202 0.0136 0.9997 0.8821 0.2014
1.2068 30.1908 -28.6817 0.0025 0.1140 -0.9935 0.6271 0.1762
6.6297 0.5161 20.7627 0.0317 0.0020 0.9995 0.7358 0.1467
18.6265 -10.8673 21.0111 -0.0308 0.0175 0.9994 0.6774 0.2021
23.7570 18.6505 15.9432 0.8235 0.5672 0.0092 0.9358 0.5632
1.0944 29.1429 28.1570 -0.1232 -0.8581 0.4984 0.5070 0.7110
-3.0172 -32.3297 18.5082 -0.0229 -0.9997 0.0078 0.6612 0.4596
-35.0880 0.5564 14.8126 -0.9991 0.0405 -0.0151 0.3267 0.4177
-30.9893 7.1235 21.7917 0.9072 -0.2667 -0.3252 0.8308 0.6206
-31.3107 -1.0160 -28.4452 0.4103 0.0475 -0.9107 0.4752 0.0180
-35.0760 -0.9501 6.1095 -0.9972 -0.0137 -0.0739 0.3194 0.4601
-25.2582 19.0188 28.2991 0.4163 -0.3230 0.8499 0.2536 0.2968
5.0371 -30.0737 28.7040 -0.0195 0.0610 0.9979 0.0147 0.1494
17.1159 21.5164 27.9305 -0.6122 -0.7077 0.3526 0.5059 0.6330
-34.8981 -3.4455 12.8897 -0.9926 -0.1192 -0.0237 0.3073 0.4271
-25.8463 17.2837 21.2276 -0.0061 -0.0907 0.9959 0.8938 0.0651
-26.8525 7.1529 -23.3886 -0.0297 0.0202 -0.9994 0.1741 0.6511
6.9593 30.9294 26.4025 0.2908 0.9555 0.0495 0.9867 0.4814
21.8031 12.1272 -24.8376 -0.8324 -0.5285 -0.1667 0.6193 0.6028
21.8031 12.1272 -24.8376 -0.8625 -0.4961 -0.0997 0.7496 0.5985
29.0878 6.6748 -6.5573 0.9739 0.2270 0.0049 0.4076 0.7372
-22.3718 -25.7587 -20.3000 -0.6000 -0.8000 0.0094 0.4724 0.5537
9.7572 27.1947 21.4373 -0.1280 -0.2770 0.9523 0.7205 0.0169
9.7572 27.1947 21.4373 -0.3807 -0.8663 0.3235 0.9098 0.5988
12.5134 -8.4765 -23.9955 -0.0108 0.0072 -0.9999 0.0981 0.8427
-31.7588 -1.0775 21.9449 0.9986 0.0468 -0.0249 0.8315 0.6605
21.6249 3.3987 21.0061 -0.0485 -0.0083 0.9988 0.6628 0.1327
-34.9542 -0.2647 -5.0858 -0.9999 -0.0026 -0.0142 0.3227 0.5146
-23.0662 13.7409 21.0779 0.0317 -0.0229 0.9992 0.8802 0.0823
20.6107 -16.3532 20.6087 0.6676 -0.2655 0.6955 0.6677 0.2288
20.6107 -16.3532 20.6087 0.8596 -0.4780 0.1807 0.9378 0.6398
-11.7588 26.9008 21.1959 -0.0061 -0.0373 0.9993 0.8252 0.0183
-9.2045 32.2683 28.5334 -0.0703 0.3247 0.9432 0.3180 0.2187
-9.2045 32.2683 28.5334 -0.1472 0.7961 0.5870 0.9971 0.4028
-20.3837 -26.9433 2.4417 -0.5132 -0.8582 0.0017 0.5831 0.5441
7.2420 -26.9300 20.9646 -0.1943 0.4547 0.8692 0.7328 0.2802
26.1951 -16.0379 27.3856 0.7873 -0.4148 -0.4562 0.9749 0.6150
26.1951 -16.0379 27.3856 0.6074 -0.3368 -0.7194 0.6623 0.7875
23.4863 -12.4268 21.1852 -0.8484 0.3860 0.3624 0.8088 0.7162
3.5857 31.7641 26.9421 0.1596 0.9463 -0.2810 0.9894 0.4650
25.4329 -13.9406 -28.6341 0.4586 -0.2316 -0.8580 0.4123 0.2941
26.7501 7.6470 28.5735 -0.1920 -0.0588 0.9796 0.1982 0.0438
22.8420 19.9482 -11.9045 0.7916 0.6110 -0.0047 0.8004 0.5587
-19.0725 -6.1350 20.9874 0.0193 0.0213 0.9996 0.8608 0.1790
26.1374 14.8696 -20.9622 0.8855 0.4646 0.0019 0.4475 0.6671
-27.5037 -5.9773 21.2168 0.0153 0.0066 0.9999 0.9018 0.1783
29.5574 -3.4935 26.9978 -0.1059 0.0333 -0.9938 0.6787 0.7264
29.5574 -3.4935 26.9978 0.9646 -0.1004 -0.2440 0.3581 0.9004
2.4048 -27.9449 -24.2387 -0.2669 0.9636 0.0177 0.5918 0.7428
23.1338 3.5452 -24.0068 0.0262 0.0015 -0.9997 0.1565 0.8943
23.5886 6.3504 21.1084 -0.0392 -0.0058 0.9992 0.6533 0.1183
-9.7141 -31.9161 27.4193 -0.1362 -0.7222 -0.6781 0.7046 0.4922
-30.2284 3.5849 -27.5915 0.7859 -0.1194 -0.6067 0.4976 0.0233
-30.2284 3.5849 -27.5915 0.9352 -0.1079 -0.3373 0.7163 0.6702
-11.7379 4.6076 20.8670 -0.0502 0.0086 0.9987 0.8251 0.1268
-12.2855 -30.8932 -5.0660 -0.3075 -0.9515 0.0061 0.5465 0.5047
2.2341 28.6857 21.9064 -0.1985 -0.9647 -0.1729 0.4766 0.7054
8.0588 -9.0564 -23.9516 -0.0097 0.0091 -0.9999 0.0952 0.8210
22.1206 14.3472 21.1336 -0.2380 -0.1453 0.9603 0.6604 0.0794
21.8219 -21.6251 3.0315 0.7573 -0.6531 -0.0053 0.5859 0.3387
18.0695 6.6998 20.8764 -0.0409 -0.0125 0.9991 0.6801 0.1166
-28.8913 18.5880 5.9596 -0.8168 0.5769 0.0008 0.8873 0.3070
-2.1822 -24.1868 21.2525 0.0377 -0.0847 0.9957 0.7786 0.2669
-9.6424 -27.4372 -24.0163 0.1205 0.9810 0.1521 0.5929 0.6842
-9.6424 -27.4372 -24.0163 0.0932 0.4617 -0.8821 0.0058 0.7349
1.1867 29.8872 21.3552 -0.1190 -0.7148 0.6892 0.9094 0.6405
1.1867 29.8872 21.3552 -0.0562 -0.3034 0.9512 0.7622 0.0038
-28.3755 -13.6481 25.5758 0.8896 0.4567 -0.0028 0.8492 0.7217
-25.0422 18.7137 22.2397 0.7574 -0.6163 -0.2154 0.4782 0.8381
6.9162 -31.1592 22.1261 0.2458 -0.9692 0.0151 0.6788 0.4113
-24.3523 -24.1140 27.4346 -0.6293 -0.7030 -0.3314 0.7047 0.5634
12.9837 28.6623 21.4785 0.4707 0.8816 -0.0333 0.9628 0.5107
-2.1624 -8.0772 21.0873 -0.0140 0.0173 0.9998 0.7785 0.1885
21.7915 20.1430 -27.9251 0.6635 0.5674 -0.4878 0.7224 0.5536
21.7915 20.1430 -27.9251 0.5029 0.4216 -0.7545 0.5782 0.2764
-33.7422 -9.1123 5.5399 -0.9613 -0.2734 -0.0335 0.2797 0.4629
-2.3978 -4.4196 21.0371 -0.0419 0.0017 0.9991 0.7797 0.1707
-1.1837 -26.0857 21.0928 0.0376 -0.1005 0.9942 0.7738 0.2761
-34.7727 3.0844 -2.1418 -0.9955 0.0947 0.0096 0.3390 0.5002
-34.1823 -7.2505 27.5717 -0.8912 -0.2112 -0.4015 0.2887 0.3557
4.6359 28.2111 21.3675 -0.1184 -0.0932 0.9886 0.7455 0.0119
4.6359 28.2111 21.3675 -0.4369 -0.8995 -0.0004 0.3907 0.9073
4.6359 28.2111 21.3675 -0.4116 -0.9104 -0.0417 0.4740 0.6938
4.6359 28.2111 21.3675 0.2228 0.8821 -0.4150 0.5344 0.8604
22.8510 -15.4096 28.4107 -0.4590 0.2919 0.8391 0.0860 0.0627
1.3210 -32.3703 -1.0873 0.1050 -0.9944 0.0075 0.5659 0.4385
18.3085 -25.4757 28.3690 0.2926 -0.3823 0.8765 0.0371 0.0848
18.3085 -25.4757 28.3690 0.6263 -0.7761 0.0729 0.7092 0.3558
19.6142 -18.0567 19.8903 -0.3280 -0.2093 0.9212 0.6726 0.2370
27.6592 11.8802 28.6109 0.1954 0.1224 0.9731 0.2188 0.0393
6.8691 -16.5296 -24.0148 -0.0093 0.0105 -0.9999 0.0589 0.8152
18.6468 16.0681 -23.9966 -0.3631 -0.3066 -0.8799 0.2175 0.8725
23.2816 19.2794 17.7414 0.8069 0.5906 0.0130 0.9446 0.5608
6.2649 31.1416 17.9409 0.2475 0.9689 0.0028 0.9456 0.4781
21.0805 -16.4701 21.0215 -0.7256 0.5562 0.4052 0.5261 0.8426
10.4482 -29.9902 -25.0209 0.3953 -0.9181 -0.0291 0.4494 0.3941
16.1517 -21.9551 19.1219 -0.4269 0.5408 0.7248 0.5168 0.8186
16.1517 -21.9551 19.1219 -0.2530 0.2822 0.9254 0.6894 0.2560
4.0054 31.7713 28.7305 0.0224 0.1023 0.9945 0.3156 0.1544
-14.2889 -30.1143 19.3436 -0.3540 -0.9352 -0.0068 0.6653 0.5144
29.2267 5.8260 27.0305 0.6860 0.0884 -0.7222 0.6771 0.6811
29.2267 5.8260 27.0305 0.9895 0.1444 0.0041 0.4035 0.9006
23.4784 20.2113 28.3528 0.7751 0.6249 0.0933 0.9962 0.5618
-5.8319 31.9947 18.1926 -0.1071 0.9942 0.0091 0.9468 0.4192
-33.3892 9.7718 14.2996 -0.9500 0.3122 0.0111 0.3716 0.4202
12.0872 28.8297 -3.0123 0.4478 0.8941 -0.0066 0.8436 0.5064
12.1421 29.0657 26.5298 0.4690 0.8797 0.0786 0.9873 0.5066
-9.8409 -31.5156 18.5115 -0.2245 -0.9745 -0.0019 0.6612 0.4928
22.2561 -21.1474 5.3982 0.7692 -0.6390 -0.0116 0.5974 0.3366
3.0827 -6.1593 20.9969 -0.1109 0.0282 0.9934 0.7530 0.1792
28.8275 -8.6758 -22.1487 0.9665 -0.2565 -0.0009 0.3329 0.6613
25.0430 -17.8634 28.4236 0.7499 -0.4689 0.4666 0.8342 0.7414
25.0430 -17.8634 28.4236 0.2826 -0.1694 0.9442 0.0741 0.0521
-11.6203 -17.4570 -23.8920 -0.0084 0.0147 -0.9999 0.0544 0.7253
25.0006 16.8118 6.1138 0.8571 0.5151 0.0032 0.8880 0.5692
25.0006 16.8118 6.1138 0.8720 0.4894 0.0041 0.4569 0.7988
-2.9001 31.3084 -28.2828 -0.0033 0.6630 -0.7486 0.7207 0.4335
-2.9001 31.3084 -28.2828 -0.0106 0.3832 -0.9236 0.6325 0.1562
-25.1303 19.0993 21.2916 0.6921 -0.6071 -0.3904 0.4736 0.8386
34.1459 7.3556 28.2775 0.8938 0.3490 0.2815 0.9226 0.5807
34.1459 7.3556 28.2775 0.6213 0.3067 0.7211 0.1968 0.0078
34.1459 7.3556 28.2775 0.8292 0.5588 0.0137 0.9961 0.6560
24.7899 17.6120 28.6471 0.1511 0.0957 0.9839 0.2467 0.0533
-33.5548 -9.3100 27.1572 -0.9550 -0.2880 0.0703 0.2787 0.3577
29.0219 6.7004 9.6961 0.9774 0.2113 0.0003 0.4077 0.8163
-28.0265 14.4470 27.1714 0.8713 -0.4826 0.0891 0.8569 0.5850
-28.0265 14.4470 27.1714 0.8539 -0.5151 0.0746 0.5022 0.8527
-19.2004 25.1098 20.9977 0.6087 -0.7790 0.1504 0.9871 0.6045
-19.2004 25.1098 20.9977 0.2591 -0.4038 0.8774 0.8614 0.0270
-13.2658 30.8969 28.6759 -0.0524 0.1881 0.9808 0.3113 0.2385
-17.3567 -7.5856 -23.7004 -0.0095 0.0142 -0.9999 0.1024 0.6973
21.7640 21.5715 28.6886 0.1488 0.0759 0.9860 0.2660 0.0680
-34.8139 7.0881 28.4176 -0.9131 0.1650 -0.3728 0.3585 0.3516
-34.8139 7.0881 28.4176 -0.7426 0.1464 0.6535 0.1955 0.3433
-30.9392 15.3596 -8.2898 -0.8897 0.4564 -0.0066 0.3987 0.5301
-30.9392 15.3596 -8.2898 -0.8568 0.5156 0.0004 0.8179 0.2970
-5.5971 32.1240 -5.1812 -0.1087 0.9940 0.0092 0.8331 0.4203
-29.2499 -11.8178 23.3766 0.9296 0.3683 -0.0162 0.8385 0.7128
-19.6885 -21.7068 -27.1908 0.6064 0.7151 -0.3478 0.5775 0.6353
-7.6615 -12.3417 -23.8449 -0.0076 0.0145 -0.9999 0.0792 0.7445
-2.2237 -12.1779 21.1739 -0.0344 -0.0106 0.9994 0.7788 0.2084
-15.5159 3.8919 20.8118 0.0048 0.0004 1.0000 0.8435 0.1303
21.9797 -16.1359 28.0223 -0.6454 0.4484 0.6185 0.0825 0.0670
21.9797 -16.1359 28.0223 -0.7940 0.4941 0.3541 0.8014 0.7472
21.9797 -16.1359 28.0223 -0.8505 0.4912 0.1881 0.6814 0.8316
21.9797 -16.1359 28.0223 -0.8090 0.5638 0.1664 0.5602 0.8470
-22.8325 -17.8135 21.2864 0.0336 0.0280 0.9990 0.8791 0.2359
11.1489 29.1889 -23.0185 0.4334 0.9012 -0.0082 0.7463 0.5018
-21.4571 27.1247 27.7489 -0.4946 0.7371 -0.4605 0.9933 0.3432
-19.5160 -27.4732 9.6501 -0.5067 -0.8621 0.0024 0.6181 0.5399
-32.3058 -12.6357 -12.3890 -0.9245 -0.3812 -0.0030 0.2625 0.5501
6.2706 25.4736 -23.7306 -0.1543 -0.3323 -0.9304 0.2632 0.8123
24.8328 17.0917 -15.0354 0.8405 0.5418 0.0022 0.7851 0.5684
-23.5320 12.3996 21.0645 0.0345 -0.0195 0.9992 0.8825 0.0889
-29.7982 10.8924 21.0421 -0.2284 0.1741 0.9579 0.9130 0.0962
-7.3776 32.6113 28.5142 -0.0546 0.3687 0.9279 0.3197 0.2098
-7.3776 32.6113 28.5142 -0.1356 0.8631 0.4865 0.9970 0.4117
19.4106 -24.2736 20.1979 0.6994 -0.7147 -0.0088 0.6694 0.3505
-17.9093 -28.4676 -15.4903 -0.4837 -0.8752 0.0125 0.4958 0.5320
-23.6884 22.6179 28.5312 0.0966 -0.1021 0.9901 0.2711 0.2892
-22.3390 21.5700 21.8309 0.6075 -0.7222 -0.3308 0.4762 0.8250
26.5747 5.4548 -28.8605 -0.0781 -0.0043 -0.9969 0.5067 0.2996
-1.5436 -27.9487 -25.0448 -0.0137 0.9596 0.2810 0.5879 0.7236
20.8010 22.9140 28.6872 0.2586 0.2337 0.9373 0.2725 0.0727
25.4175 8.8634 28.0284 -0.8175 -0.3145 0.4824 0.7755 0.6126
-28.8006 18.6416 17.5044 -0.8132 0.5819 0.0029 0.9434 0.3075
-30.9565 7.4874 21.4296 0.1282 -0.8681 0.4795 0.6402 0.8280
-30.9565 7.4874 21.4296 0.8770 -0.4677 -0.1101 0.8290 0.6188
-20.5226 -21.5187 -24.1318 0.6346 0.7729 -0.0047 0.5924 0.6313
-20.5226 -21.5187 -24.1318 0.4403 0.3863 -0.8105 0.0346 0.6819
22.0744 -13.1759 21.1857 0.0404 -0.0063 0.9992 0.6606 0.2133
-34.8787 4.1460 19.8288 -0.9867 0.1610 -0.0199 0.3442 0.3933
-8.9556 31.6581 -14.7967 -0.1942 0.9809 0.0100 0.7863 0.4040
17.4439 -25.8103 -25.8787 0.6200 -0.7813 -0.0716 0.4453 0.3600
-34.8472 -2.6630 2.8703 -0.9960 -0.0878 -0.0163 0.3111 0.4758
30.2260 -7.8591 28.4145 0.1911 -0.3168 0.9291 0.1228 0.0269
29.4919 -4.3724 28.6507 -0.0332 0.0115 0.9994 0.1397 0.0304
24.3970 -12.5644 -28.9011 -0.1048 0.0633 -0.9925 0.4190 0.2891
-35.0883 -2.4063 16.0782 -0.9979 -0.0594 -0.0275 0.3123 0.4116
-10.8136 -26.3138 -26.1545 0.2552 0.9547 0.1529 0.5825 0.6785
-21.6696 25.8857 10.8877 -0.5949 0.8038 0.0000 0.9112 0.3421
-14.2310 -29.6823 28.8354 0.0580 0.1384 0.9887 0.0166 0.2432
-35.1952 -1.3113 18.1913 -0.9987 -0.0358 -0.0362 0.3176 0.4013
26.1588 4.0890 21.3031 -0.2522 -0.0247 0.9674 0.6407 0.1293
26.1588 4.0890 21.3031 -0.9469 -0.1373 0.2909 0.8082 0.6359
15.1571 -1.6255 20.7515 -0.0195 0.0066 0.9998 0.6943 0.1571
29.8340 -0.5113 -6.1732 0.9999 -0.0116 0.0069 0.3726 0.7391
28.5770 -4.9676 -28.3620 0.6686 -0.0711 -0.7402 0.4560 0.3094
2.8560 29.4586 -28.6841 0.0034 -0.0257 -0.9997 0.6235 0.1842
-34.9434 0.5050 28.6778 -0.2272 -0.0107 0.9738 0.1635 0.3439
17.6151 25.3170 5.8364 0.6308 0.7759 -0.0082 0.8867 0.5333
-4.6566 -14.2664 21.1737 -0.0432 0.1064 0.9934 0.7907 0.2186
-21.2714 -26.4232 -3.0984 -0.5408 -0.8412 0.0044 0.5561 0.5484
-31.5829 -1.8732 24.4008 0.9982 0.0587 -0.0140 0.8435 0.6644
-14.9439 -23.5197 -23.8701 -0.0057 -0.0048 -1.0000 0.0249 0.7091
25.5143 -4.5599 19.9637 -0.3376 -0.4825 -0.8083 0.4623 0.9077
25.5143 -4.5599 19.9637 -0.0055 -0.5020 0.8649 0.3426 0.9070
25.5143 -4.5599 19.9637 0.9209 -0.3336 0.2018 0.9346 0.5824
-30.7380 -0.7916 -27.9371 0.7425 0.0892 -0.6639 0.4763 0.0208
24.8768 17.0343 2.8906 0.8431 0.5378 0.0039 0.8723 0.5686
24.8768 17.0343 2.8906 0.8690 0.4948 0.0038 0.4580 0.7832
2.4139 31.9241 10.9898 0.1434 0.9897 0.0020 0.9117 0.4593
16.8038 -21.3894 20.3595 -0.6390 0.7368 -0.2208 0.5229 0.8218
34.3757 2.2759 28.7567 0.1581 -0.0113 0.9874 0.1721 0.0067
29.5178 2.9575 27.0016 0.9983 0.0586 0.0066 0.3895 0.9005
29.5178 2.9575 27.0016 0.8358 -0.0067 -0.5490 0.6785 0.6950
17.1711 23.9884 28.7662 -0.0222 -0.0382 0.9990 0.2777 0.0904
22.7072 15.4360 28.5021 -0.4865 -0.3041 0.8191 0.2361 0.0634
22.7072 15.4360 28.5021 -0.7356 -0.4998 0.4573 0.7577 0.7523
-1.8319 -11.0536 21.1883 0.0083 0.0101 0.9999 0.7769 0.2030
-2.6239 -32.5166 1.0300 -0.0297 -0.9995 0.0106 0.5762 0.4577
-14.1013 17.9265 21.0173 0.0042 -0.0244 0.9997 0.8366 0.0620
31.1458 -0.6726 28.6859 -0.0317 0.0007 0.9995 0.1577 0.0224
25.7124 -1.6947 -24.0533 -0.5807 0.0006 -0.8141 0.1310 0.9069
25.7124 -1.6947 -24.0533 -0.9921 0.0572 0.1117 0.7458 0.6658
2.9703 -32.1228 27.0996 0.0839 -0.8240 -0.5604 0.7030 0.4305
-5.2033 32.0895 5.1243 -0.1095 0.9940 0.0018 0.8832 0.4223
18.2074 24.8678 14.0634 0.6556 0.7551 -0.0010 0.9267 0.5362
19.0498 14.4873 21.0767 -0.0324 -0.0200 0.9993 0.6753 0.0787
-12.2890 30.6682 12.3565 -0.3082 0.9513 -0.0011 0.9184 0.3878
11.0511 -22.0751 -24.0321 0.0220 -0.0343 -0.9992 0.0319 0.8356
-34.7870 -0.5267 -19.7161 -0.9999 -0.0106 0.0000 0.3215 0.5857
-1.2557 29.1809 21.3471 0.0054 0.0097 0.9999 0.7741 0.0072
-1.2557 29.1809 21.3471 -0.0093 -0.7545 0.6562 0.4739 0.7224
-1.2557 29.1809 21.3471 0.2099 0.7751 -0.5960 0.5277 0.8614
14.6629 8.7271 -23.9160 -0.0168 0.0025 -0.9999 0.1818 0.8531
-23.9092 -19.9579 27.6223 0.7193 0.6933 0.0437 0.5582 0.6237
12.6076 -28.8968 27.2284 0.4502 -0.8928 -0.0144 0.7037 0.3836
-11.2874 -26.2227 -26.8570 0.3194 0.9118 -0.2579 0.5791 0.6762
34.2877 -5.4805 27.3803 0.6081 -0.6528 -0.4516 0.9542 0.6328
34.2877 -5.4805 27.3803 0.4981 -0.2706 -0.8238 0.7017 0.7361
34.2877 -5.4805 27.3803 0.8211 -0.4231 -0.3831 0.9182 0.6432
-15.0371 -29.7875 3.0165 -0.4005 -0.9163 0.0051 0.5859 0.5181
11.3590 24.2931 -28.1938 -0.2933 -0.4813 -0.8261 0.5984 0.2256
11.3590 24.2931 -28.1938 -0.4297 -0.7219 -0.5423 0.6030 0.6536
8.9397 12.9690 20.7707 -0.0073 -0.0153 0.9999 0.7245 0.0861
18.0839 12.4385 20.9948 -0.0392 -0.0246 0.9989 0.6800 0.0887
29.6838 3.4081 -17.9074 0.9924 0.1228 0.0051 0.3917 0.6820
7.6963 -1.7299 20.7458 0.0114 0.0027 0.9999 0.7306 0.1576
25.2797 16.1289 24.3088 0.8547 0.5189 0.0144 0.9765 0.5706
25.2797 16.1289 24.3088 0.8729 0.4878 0.0079 0.4536 0.8874
-24.5201 -17.0060 -23.7724 0.0400 0.0521 -0.9978 0.0566 0.6625
-0.1717 31.7859 28.6879 -0.0125 -0.0574 0.9983 0.3157 0.1748
19.5757 -17.6938 -23.8883 -0.0143 0.0029 -0.9999 0.0532 0.8770
19.5757 -17.6938 -23.8883 -0.8095 0.5729 -0.1286 0.5935 0.8263
-4.7618 29.1580 21.3361 0.0703 -0.9256 -0.3719 0.4738 0.7395
-4.7618 29.1580 21.3361 -0.8353 0.3903 -0.3873 0.3983 0.9071
-4.7618 29.1580 21.3361 0.0414 -0.1254 0.9912 0.7912 0.0073
-26.8154 -16.3763 21.6713 0.6976 0.3567 0.6214 0.8985 0.2289
-26.8154 -16.3763 21.6713 0.8436 0.5367 -0.0148 0.5293 0.6096
2.7604 -14.0563 21.2229 0.0640 -0.0092 0.9979 0.7546 0.2176
-22.8897 24.3872 -28.0007 -0.5617 0.6465 -0.5163 0.7220 0.3362
-22.8897 24.3872 -28.0007 -0.3252 0.4110 -0.8516 0.5988 0.0590
26.6873 13.7509 -23.9417 0.9011 0.4332 -0.0210 0.4420 0.6526
-11.3234 26.1767 21.1907 -0.0064 -0.0180 0.9998 0.8231 0.0218
-9.1957 -27.9364 21.2734 0.0738 0.1943 0.9782 0.8128 0.2851
-15.9790 -29.3576 4.7878 -0.4239 -0.9057 0.0013 0.5945 0.5226
26.0727 -12.3440 28.7090 -0.0340 0.0160 0.9993 0.1010 0.0471
-31.8241 1.8906 21.5072 0.9972 -0.0430 0.0607 0.8294 0.6461
-34.5624 -2.1791 -27.4470 -0.9913 -0.0776 -0.1064 0.3134 0.6233
-34.5624 -2.1791 -27.4470 -0.8529 -0.0591 -0.5188 0.4696 0.0022
29.8528 -8.8505 28.0283 0.4567 -0.8123 -0.3627 0.9574 0.6544
26.8589 14.2249 27.4704 0.5690 0.2901 -0.7694 0.6656 0.6402
-1.6973 4.7092 20.9842 0.0363 0.0151 0.9992 0.7763 0.1263
-24.8984 24.3241 27.6290 -0.5820 0.6352 -0.5078 0.9927 0.3264
-26.1713 -17.2059 23.3089 0.8120 0.5833 -0.0197 0.5372 0.6127
-20.0815 23.3937 25.8274 0.5916 -0.8055 0.0327 0.4957 0.8140
-22.9821 24.9605 26.5993 -0.5942 0.7435 -0.3068 0.9877 0.3358
20.9731 19.6062 28.7146 -0.1021 -0.0903 0.9907 0.2564 0.0719
19.4784 -24.1386 27.3284 0.6493 -0.6983 -0.3014 0.7041 0.3501
-27.7371 11.8475 -24.4619 0.8495 -0.4178 0.3222 0.7315 0.6300
-13.8978 -26.0059 -24.3050 0.3774 0.9123 0.1591 0.5915 0.6635
28.7988 7.9877 25.4682 0.9671 0.2545 -0.0030 0.4140 0.8930
-3.5024 29.9750 28.4675 -0.0007 -0.1279 0.9918 0.3069 0.1910
-23.6462 -24.4524 -27.4665 -0.6417 -0.7263 -0.2462 0.4376 0.5599
9.0940 -25.4092 -27.5527 -0.3363 0.7713 -0.5404 0.5757 0.7753
25.3533 -16.6666 10.2419 0.8689 -0.4948 0.0140 0.2940 0.8189
6.1778 -31.4711 7.9455 0.2505 -0.9681 -0.0021 0.6098 0.4148
-5.0931 29.9039 21.3685 0.0479 -0.1338 -0.9898 0.9004 0.6123
-5.0931 29.9039 21.3685 0.0890 -0.6080 -0.7889 0.9095 0.6710
21.7183 21.3449 -3.9616 0.7473 0.6645 -0.0055 0.8390 0.5532
-30.7670 7.4714 21.3590 0.2176 -0.8453 0.4879 0.6412 0.8277
-30.7670 7.4714 21.3590 -0.4198 -0.1792 0.8898 0.9177 0.1128
13.7640 23.1151 21.2150 -0.0474 -0.0986 0.9940 0.7011 0.0367
7.6980 -27.1377 21.3132 -0.3230 0.8524 0.4113 0.5275 0.7775
-0.6597 32.5464 28.7131 -0.0051 0.1464 0.9892 0.3194 0.1771
-16.8124 -25.4856 27.6110 0.4892 0.8700 0.0617 0.5582 0.6582
10.8519 29.5651 17.0132 0.4127 0.9108 -0.0104 0.9410 0.5004
-33.1220 -11.0082 25.4067 -0.9303 -0.3663 0.0175 0.2705 0.3662
-7.4957 10.1933 20.9836 0.0672 -0.0174 0.9976 0.8045 0.0996
-5.4925 -32.2280 14.6046 -0.1008 -0.9949 0.0061 0.6422 0.4716
17.7862 -18.7014 20.3333 0.0530 -0.9108 0.4094 0.9257 0.6616
-29.2084 18.0777 26.3016 -0.8496 0.5266 -0.0316 0.9862 0.3055
21.9384 -21.5321 -26.2882 0.7559 -0.6491 -0.0851 0.4433 0.3382
-8.7074 28.5376 21.3153 0.1430 -0.9083 0.3931 0.4737 0.7587
29.1189 -8.0639 27.2057 0.2415 -0.5147 -0.8226 0.9534 0.6580
29.1189 -8.0639 27.2057 0.7190 -0.2186 -0.6597 0.6766 0.7487
-10.4731 28.6561 21.1623 -0.0578 0.1037 0.9929 0.8190 0.0098
29.1542 -9.1647 28.1885 0.9270 -0.2490 0.2803 0.9788 0.5815
29.1542 -9.1647 28.1885 0.5979 -0.7924 -0.1213 0.9581 0.6578
29.1542 -9.1647 28.1885 0.5804 -0.2457 0.7763 0.1164 0.0321
-17.1780 28.6627 17.9629 -0.4482 0.8939 0.0007 0.9457 0.3640
-6.7795 26.7821 21.2232 -0.0123 -0.0167 0.9998 0.8010 0.0189
-22.2901 22.7845 20.9834 0.5703 -0.8214 -0.0053 0.9870 0.6196
0.9631 32.1039 -11.0576 0.1183 0.9929 0.0071 0.8045 0.4523
-16.6787 26.4220 20.9528 -0.1628 0.2628 0.9510 0.8492 0.0206
-16.6787 26.4220 20.9528 0.0914 -0.6741 0.7329 0.9869 0.5923
1.3812 -28.0379 -24.4633 -0.1050 0.9523 0.2864 0.5907 0.7378
24.7303 -10.3759 23.4007 -0.9322 0.3603 0.0359 0.7980 0.7062
29.6898 -3.3045 -8.7326 0.9962 -0.0869 0.0006 0.3591 0.7266
32.3071 9.2589 27.5225 0.1784 0.1958 -0.9643 0.6921 0.6644
32.3071 9.2589 27.5225 0.5560 0.6910 -0.4619 0.9924 0.6470
26.7413 -11.9812 28.6990 0.1066 -0.0424 0.9934 0.1027 0.0438
-29.4464 -18.0563 3.7791 -0.8320 -0.5538 -0.0327 0.5896 0.5882
-1.7208 24.9485 21.2908 0.0116 -0.0560 0.9984 0.7764 0.0278
27.7921 12.7983 28.3232 0.4768 0.2782 0.8338 0.2233 0.0387
-5.5112 -14.3460 21.1462 -0.0071 0.0349 0.9994 0.7948 0.2190
28.3417 11.7570 28.3547 0.3963 0.4002 0.8263 0.2182 0.0360
28.3417 11.7570 28.3547 0.5061 0.8277 0.2423 0.9965 0.6278
28.3417 11.7570 28.3547 0.9062 0.4186 0.0600 0.9462 0.6711
8.2101 -24.9691 20.7784 0.0344 -0.0365 0.9987 0.7281 0.2707
6.7190 -7.4383 20.8006 0.0458 0.0064 0.9989 0.7353 0.1854
-6.0800 31.8776 26.5082 -0.0979 0.9865 -0.1311 0.9872 0.4180
19.9567 -22.7925 -28.0250 0.4923 -0.4627 -0.7373 0.3693 0.2674
19.9567 -22.7925 -28.0250 0.6185 -0.6339 -0.4643 0.4348 0.3478
9.5693 26.3595 26.9220 -0.4217 -0.9040 0.0700 0.5010 0.6697
-32.1721 9.6282 -28.4571 -0.4461 0.1474 -0.8828 0.5270 0.0138
-31.6250 -14.3643 20.7638 -0.8869 -0.4620 0.0023 0.2541 0.3888
5.4135 -29.4180 28.6696 -0.0544 0.1170 0.9916 0.0179 0.1476
-19.1029 26.7990 -28.0795 -0.3338 0.5186 -0.7872 0.7217 0.3546
-19.1029 26.7990 -28.0795 -0.3237 0.4896 -0.8096 0.6106 0.0774
-35.1744 -3.2687 27.9890 -0.9375 -0.1010 -0.3329 0.3081 0.3536
6.8911 31.4264 28.5938 0.2646 0.8659 0.4244 0.9974 0.4811
-24.4584 23.7266 -16.3453 -0.6767 0.7362 0.0100 0.7787 0.3286
6.2522 -31.4939 -26.0032 0.2608 -0.9626 -0.0732 0.4447 0.4145
-8.4024 30.1756 -28.7277 -0.1235 0.5352 -0.8357 0.7185 0.4067
-8.4024 30.1756 -28.7277 -0.0288 0.1811 -0.9830 0.6270 0.1295
-17.9965 23.0196 -27.0363 0.5407 -0.8101 -0.2268 0.6086 0.7964
-24.3400 -19.6245 21.4673 0.2743 0.2484 0.9290 0.8864 0.2447
-24.3400 -19.6245 21.4673 0.7189 0.6878 -0.1009 0.5283 0.6216
23.7967 18.6486 -13.5040 0.8176 0.5757 -0.0018 0.7926 0.5633
25.2985 -5.3832 20.5544 0.9442 -0.3005 -0.1346 0.9375 0.5864
25.2985 -5.3832 20.5544 -0.7715 0.0517 -0.6341 0.8628 0.7387
-31.5259 6.2430 21.2297 0.9136 -0.2344 -0.3322 0.8280 0.6249
-31.5259 6.2430 21.2297 0.7490 -0.0683 0.6590 0.9214 0.1188
-29.7304 -10.6063 24.7201 0.9358 0.3522 0.0134 0.8450 0.7069
-12.5830 -30.7716 0.2683 -0.3201 -0.9474 0.0087 0.5725 0.5061
-34.8855 -5.0485 20.4666 -0.9826 -0.1846 -0.0220 0.2995 0.3902
-16.5068 11.9128 20.9101 0.0115 -0.0190 0.9998 0.8483 0.0912
2.1481 -20.8223 21.0758 0.0145 0.0186 0.9997 0.7576 0.2505
8.9752 26.8489 21.4049 0.0739 0.1973 0.9776 0.7244 0.0186
8.9752 26.8489 21.4049 0.2868 0.8240 0.4887 0.8152 0.7403
-27.4838 20.3812 7.7704 -0.7579 0.6524 -0.0040 0.8961 0.3139
6.8560 -13.6318 20.8565 -0.0018 0.0248 0.9997 0.7347 0.2155
-13.4176 27.5316 28.1802 0.2546 -0.5390 0.8029 0.5071 0.7816
-18.2424 -23.2518 -27.7497 0.4931 0.7040 -0.5111 0.5748 0.6423
-24.6568 19.0189 24.3701 0.7579 -0.6522 0.0156 0.4886 0.8363
-6.5862 -9.9413 21.0566 0.0663 0.0177 0.9976 0.8001 0.1976
0.9321 -12.7065 20.9859 -0.0024 0.0135 0.9999 0.7635 0.2110
-24.6273 9.9559 -23.3884 -0.0270 0.0128 -0.9996 0.1877 0.6620
26.6038 0.3877 23.1225 -0.9997 0.0013 0.0247 0.7994 0.6539
12.5348 -23.1791 -26.4857 -0.5722 0.8185 0.0508 0.5809 0.7921
-5.4207 -28.1401 -24.3291 0.0131 0.9904 0.1375 0.5914 0.7047
-31.3890 4.0709 25.8347 0.9922 -0.1244 0.0046 0.8504 0.6355
7.2573 30.8817 15.0025 0.2872 0.9579 -0.0019 0.9313 0.4829
25.2656 -16.5007 25.4260 0.8729 -0.4870 0.0280 0.2948 0.8928
8.4355 -28.6442 28.7327 -0.0380 0.0652 0.9971 0.0217 0.1329
29.1664 6.5880 -22.8668 0.9764 0.2157 -0.0129 0.4072 0.6578
-31.6232 -0.9487 25.2834 0.9996 0.0282 -0.0023 0.8477 0.6599
-20.1959 -23.4929 21.8640 0.6129 0.7803 -0.1244 0.5302 0.6418
29.3296 -4.7234 26.9857 0.5125 -0.0821 -0.8548 0.6776 0.7324
29.3296 -4.7234 26.9857 0.9876 -0.1257 -0.0940 0.3521 0.9004
29.6572 -0.6600 27.3287 0.9564 0.0014 -0.2920 0.3719 0.9021
29.6572 -0.6600 27.3287 -0.0590 0.0547 -0.9968 0.6792 0.7126
1.5410 28.1562 -28.2163 -0.0955 -0.4222 -0.9015 0.6172 0.1779
1.5410 28.1562 -28.2163 -0.1243 -0.6602 -0.7407 0.6029 0.7013
-19.6863 27.7630 28.5897 0.0019 0.0035 1.0000 0.2961 0.2697
27.5872 -1.8984 28.5427 -0.2310 0.0204 0.9727 0.1518 0.0397
-28.1183 -13.8846 -28.6904 0.3272 0.1906 -0.9255 0.4126 0.0336
-15.7919 24.8016 -23.4413 0.1376 -0.1582 -0.9778 0.2600 0.7050
-15.7919 24.8016 -23.4413 0.4873 -0.8700 0.0756 0.6261 0.7857
-3.8779 -10.8040 21.1336 -0.0592 -0.0139 0.9982 0.7869 0.2018
13.1515 -28.6559 -11.4016 0.4761 -0.8794 -0.0017 0.5157 0.3809
-17.4681 -28.6559 -1.9736 -0.4726 -0.8813 0.0063 0.5616 0.5299
-10.7385 -31.5263 -26.6079 -0.2660 -0.9576 -0.1110 0.4417 0.4972
-2.1239 30.1955 21.2609 -0.0131 -0.1627 0.9866 0.7784 0.0023
-2.1239 30.1955 21.2609 -0.0677 -0.7343 0.6754 0.9090 0.6566
-34.3131 -4.8597 -27.0880 -0.9753 -0.1414 -0.1694 0.3004 0.6216
-11.6112 31.1132 27.0370 -0.2243 0.7764 -0.5889 0.9898 0.3911
3.9471 -26.9122 -26.0721 -0.2315 0.9564 0.1780 0.5829 0.7503
-31.3242 14.4084 26.9110 -0.8692 0.4317 -0.2410 0.3941 0.3589
2.8473 -28.5766 -28.7767 -0.0883 0.3205 -0.9431 0.3411 0.1842
24.2289 -19.2439 27.4870 0.5026 -0.4034 -0.7646 0.6528 0.8031
24.2289 -19.2439 27.4870 0.7314 -0.6000 -0.3241 0.7049 0.3270
14.6582 19.4356 -23.8323 -0.0527 -0.0351 -0.9980 0.2339 0.8531
22.8134 20.0190 -6.2586 0.7769 0.6296 -0.0063 0.8278 0.5586
3.1183 -32.1474 -2.3527 0.1586 -0.9873 0.0045 0.5597 0.4297
25.7401 -4.3797 19.6380 0.7038 -0.3700 0.6065 0.9499 0.5815
25.7401 -4.3797 19.6380 0.8339 -0.4384 0.3354 0.9331 0.5815
-26.6592 22.7395 27.9111 -0.7044 0.6671 -0.2424 0.9941 0.3179
-23.3226 -19.3608 -28.3360 0.3648 0.3603 -0.8585 0.3860 0.0569
-23.3226 -19.3608 -28.3360 0.5640 0.5583 -0.6085 0.5719 0.6176
-28.7677 18.7484 25.2616 -0.8372 0.5468 -0.0041 0.9812 0.3076
-33.6466 7.3323 28.7091 -0.0036 0.0099 0.9999 0.1967 0.3376
-13.7245 -27.0210 27.5517 0.3904 0.9169 0.0823 0.5579 0.6732
2.7666 7.5429 20.8971 -0.0648 -0.0064 0.9979 0.7546 0.1125
-29.8943 -8.1659 21.2722 0.0930 0.0468 0.9946 0.9135 0.1889
26.4572 -3.0869 23.6991 -0.9948 0.0989 0.0255 0.7966 0.6708
-25.3073 22.8982 -12.5650 -0.7051 0.7091 -0.0015 0.7971 0.3244
2.7535 29.7271 21.4768 -0.1520 -0.9877 0.0361 0.9100 0.6329
25.9408 -4.2728 19.5047 0.5198 -0.4393 0.7327 0.9489 0.5810
25.9408 -4.2728 19.5047 -0.8565 -0.3700 -0.3600 0.8170 0.6765
-29.9764 16.8694 21.2412 -0.8511 0.5250 0.0028 0.9616 0.3017
-15.8056 -19.8105 21.2046 0.0106 0.0125 0.9999 0.8449 0.2456
-1.1047 16.3851 -23.6080 -0.0140 0.0078 -0.9999 0.2190 0.7764
-33.2260 -10.1045 -16.3127 -0.9524 -0.3047 -0.0048 0.2749 0.5692
-12.3720 -12.1687 21.0646 -0.0085 0.0142 0.9999 0.8282 0.2084
-14.2207 -26.7962 23.2019 0.4018 0.9155 -0.0212 0.5367 0.6708
-1.7491 12.4404 21.0108 0.0374 -0.0172 0.9992 0.7765 0.0887
6.7032 28.4905 21.4762 -0.1716 -0.6740 -0.7185 0.9100 0.6136
6.7032 28.4905 21.4762 -0.2128 -0.4948 0.8426 0.7354 0.0106
-33.9043 -9.0485 28.6597 -0.3169 -0.0920 0.9440 0.1170 0.3389
24.9912 3.7118 -25.1392 -0.9522 -0.2355 0.1944 0.7511 0.6395
21.4478 -15.8047 -28.4419 -0.4950 0.3298 -0.8039 0.4033 0.2747
-20.7638 3.1614 -23.5164 -0.0096 0.0121 -0.9999 0.1547 0.6808
11.8529 28.9564 2.9544 0.4348 0.9005 -0.0063 0.8726 0.5052
-30.4179 -16.5779 13.5055 -0.8695 -0.4939 -0.0065 0.2434 0.4241
-30.4179 -16.5779 13.5055 -0.8602 -0.5100 0.0067 0.6369 0.5929
-3.3864 19.7815 21.0217 0.0064 -0.0024 1.0000 0.7845 0.0530
-9.4303 29.7963 -28.7200 -0.1024 0.2576 -0.9608 0.6251 0.1245
29.5972 8.5169 27.2465 0.0543 0.0389 -0.9978 0.6789 0.6680
15.1286 -23.4907 28.3481 -0.3620 0.4658 0.8074 0.0467 0.1003
15.1286 -23.4907 28.3481 -0.3977 0.5306 0.7485 0.5617 0.8136
-0.9527 -3.2072 21.0026 0.1111 0.0009 0.9938 0.7727 0.1648
-20.6321 6.3678 -23.4842 -0.0082 0.0092 -0.9999 0.1703 0.6814
28.1702 -10.1864 23.4807 0.9496 -0.3134 0.0037 0.3256 0.8833
25.4818 17.3389 28.3550 0.8124 0.4819 0.3282 0.7786 0.7417
25.4818 17.3389 28.3550 0.8630 0.5045 -0.0282 0.9962 0.5715
27.2039 -12.5847 26.9361 0.6857 -0.2915 -0.6670 0.6672 0.7707
27.2039 -12.5847 26.9361 0.9141 -0.4051 0.0167 0.3139 0.9001
-3.5225 5.8379 20.9331 -0.0160 0.0452 0.9988 0.7852 0.1208
-16.8376 28.8416 20.4980 -0.4454 0.8953 -0.0032 0.9580 0.3657
-23.2116 21.2461 21.1506 0.7684 -0.2920 -0.5694 0.8729 0.7106
-23.2116 21.2461 21.1506 0.2075 0.2444 0.9472 0.8809 0.0458
-23.2116 21.2461 21.1506 0.7119 -0.6987 0.0705 0.4729 0.8292
-23.2116 21.2461 21.1506 0.8902 -0.2103 0.4042 0.6573 0.8314
29.2973 -9.0052 27.8516 0.9440 -0.2654 0.1960 0.9771 0.5807
29.2973 -9.0052 27.8516 0.6101 -0.7827 -0.1230 0.9565 0.6571
29.2973 -9.0052 27.8516 0.7829 -0.3189 -0.5342 0.6774 0.7532
15.9463 22.6358 21.5086 -0.3075 -0.8986 -0.3129 0.4747 0.6387
15.9463 22.6358 21.5086 -0.1430 -0.3647 -0.9201 0.4059 0.9060
-13.3829 27.1971 27.5633 0.3889 -0.9123 0.1281 0.5041 0.7814
19.1836 -18.2387 -23.8931 -0.8014 0.5787 -0.1514 0.5935 0.8244
19.1836 -18.2387 -23.8931 -0.0201 0.0303 -0.9993 0.0506 0.8751
10.1597 30.1468 28.5826 0.3770 0.7895 0.4843 0.9973 0.4970
-32.2472 -13.0609 19.7340 -0.9047 -0.4260 -0.0040 0.2605 0.3938
-9.6138 28.2663 23.6390 0.2366 -0.9716 -0.0047 0.4850 0.7631
-18.7612 25.3893 21.1317 0.4910 -0.7458 -0.4502 0.9878 0.6024
-24.3299 23.0172 -28.0522 -0.3792 0.4053 -0.8318 0.5922 0.0520
-24.3299 23.0172 -28.0522 -0.6100 0.6213 -0.4918 0.7218 0.3292
-20.6600 25.8618 -28.0463 -0.3297 0.5170 -0.7899 0.7218 0.3471
-20.6600 25.8618 -28.0463 -0.3092 0.4660 -0.8290 0.6060 0.0698
32.7073 7.2235 28.7409 0.0312 0.0246 0.9992 0.1962 0.0148
-6.0245 23.8042 21.2088 -0.1012 -0.0031 0.9949 0.7973 0.0334
-5.6256 -28.1527 -23.9269 -0.0155 0.0484 -0.9987 0.0023 0.7544
-5.6256 -28.1527 -23.9269 -0.1070 0.9940 -0.0234 0.5934 0.7037
0.0681 -29.0831 -28.7682 -0.0303 0.3238 -0.9456 0.3387 0.1707
-28.2647 -19.5541 25.9658 -0.8208 -0.5703 0.0337 0.6975 0.5824
9.0300 26.3344 21.3663 -0.1720 -0.3539 0.9193 0.7241 0.0211
-12.8380 -30.6492 9.2658 -0.3238 -0.9461 -0.0019 0.6163 0.5074
-4.3744 -32.2739 19.8669 -0.0452 -0.9990 0.0034 0.6678 0.4662
26.3152 14.2635 24.0784 0.8879 0.4600 0.0104 0.4445 0.8862
13.2809 24.6456 21.4253 -0.0808 0.0588 0.9950 0.7034 0.0293
21.8809 14.2061 -28.3552 -0.5508 -0.3336 -0.7651 0.5493 0.2768
22.2036 -21.2356 13.0193 0.7622 -0.6473 0.0053 0.6345 0.3369
12.7779 -23.8568 -24.2924 -0.5483 0.7965 0.2549 0.5916 0.7933
-1.1782 -20.0098 21.1876 -0.0539 0.1003 0.9935 0.7738 0.2465
-20.0398 9.7374 20.9315 0.0223 -0.0142 0.9997 0.8655 0.1018
-1.9878 29.3590 28.0492 -0.0320 -0.9585 0.2835 0.5065 0.7260
-3.9169 -22.2637 21.3632 0.0322 0.0776 0.9965 0.7871 0.2575
-15.2768 -27.2247 -28.9137 0.0386 0.0683 -0.9969 0.3477 0.0960
30.2846 7.9749 27.2600 0.0415 0.0268 -0.9988 0.6822 0.6706
29.3390 5.1177 0.3352 0.9880 0.1541 0.0076 0.4000 0.7707
-10.9362 -22.3614 21.1927 -0.0010 0.0114 0.9999 0.8212 0.2580
14.4786 27.2887 28.7753 0.1071 0.1823 0.9774 0.2938 0.1035
14.1470 -12.7861 20.9399 -0.0230 0.0308 0.9993 0.6992 0.2114
0.4213 32.1389 -1.8602 0.0942 0.9956 0.0016 0.8492 0.4496
2.7488 -16.5935 20.9979 0.2632 -0.0730 0.9620 0.7546 0.2299
11.9198 10.8728 20.7686 -0.0147 -0.0177 0.9997 0.7100 0.0963
23.0418 -12.1563 19.7205 0.9168 -0.3757 0.1357 0.9335 0.6194
23.0418 -12.1563 19.7205 0.7391 -0.1502 0.6566 0.9630 0.6194
18.8740 16.0307 -24.1536 -0.7431 -0.6339 -0.2143 0.6227 0.6170
18.8740 16.0307 -24.1536 -0.5535 -0.4661 -0.6902 0.2173 0.8736
18.2444 16.2012 -23.9575 -0.0837 -0.0464 -0.9954 0.2181 0.8706
1.3126 -11.5729 -23.9187 -0.0088 0.0092 -0.9999 0.0830 0.7882
-31.2375 2.2358 21.1447 -0.1665 0.0083 0.9860 0.9200 0.1383
17.4544 -20.0987 -23.9370 -0.5242 0.5363 -0.6615 0.5933 0.8160
17.4544 -20.0987 -23.9370 -0.0301 0.0724 -0.9969 0.0415 0.8667
-2.8524 4.3529 21.0067 -0.0042 -0.0015 1.0000 0.7819 0.1280
29.3225 -5.6606 4.8579 0.9865 -0.1640 0.0035 0.3476 0.7927
8.3411 -27.0513 -28.8070 -0.1896 0.5584 -0.8076 0.5696 0.7717
8.3411 -27.0513 -28.8070 -0.0699 0.2428 -0.9676 0.3486 0.2109
18.2528 -18.6363 20.5593 0.3120 -0.8802 -0.3576 0.9268 0.6593
-22.7972 23.0708 -28.6364 -0.2097 0.2513 -0.9449 0.5924 0.0594
12.6394 -29.0758 24.9113 0.4089 -0.9118 0.0383 0.6924 0.3834
29.6484 2.5718 10.8276 0.9974 0.0724 -0.0002 0.3876 0.8218
19.0010 -18.3866 19.7839 0.3089 -0.4935 0.8131 0.7183 0.7698
19.0010 -18.3866 19.7839 0.4083 -0.7052 0.5797 0.9231 0.6557
19.0010 -18.3866 19.7839 0.2001 -0.4318 0.8795 0.6756 0.2387
28.8136 11.0065 27.5443 0.1531 0.3386 -0.9284 0.6751 0.6559
28.8136 11.0065 27.5443 0.2798 0.5917 -0.7561 0.9925 0.6300
0.0301 -30.5235 28.6555 -0.0087 0.1036 0.9946 0.0125 0.1738
-20.8536 21.1322 -25.4306 0.6654 -0.7132 0.2205 0.6164 0.8103
1.1647 -17.5208 -23.9736 -0.0075 0.0117 -0.9999 0.0541 0.7875
2.7940 32.2616 27.5645 0.1380 0.8686 -0.4760 0.9924 0.4612
-31.4910 -0.6833 21.1866 0.4849 0.0423 0.8735 0.9212 0.1525
29.6989 -0.0868 25.5012 0.9991 0.0022 0.0426 0.3747 0.8932
-10.6504 -28.0706 22.7735 0.2581 0.9658 0.0237 0.5346 0.6882
-30.7232 -15.8609 -16.2710 -0.8555 -0.5178 -0.0015 0.4920 0.5944
-30.7232 -15.8609 -16.2710 -0.8850 -0.4656 0.0004 0.2468 0.5690
19.5822 -24.0266 7.3310 0.6857 -0.7279 -0.0060 0.6068 0.3496
24.3373 11.2518 24.0648 -0.9245 -0.3811 0.0101 0.7948 0.6010
15.1247 23.2647 21.4484 -0.5465 -0.7755 -0.3160 0.4744 0.6427
-2.5649 32.2366 0.5805 0.0020 0.9999 0.0141 0.8611 0.4351
29.5544 -4.2014 -0.3547 0.9938 -0.1106 0.0092 0.3547 0.7674
-3.3517 21.0300 -23.5460 -0.0113 0.0085 -0.9999 0.2416 0.7655
25.8492 -15.8858 -10.2750 0.8835 -0.4684 -0.0027 0.2978 0.7191
0.4368 -32.1771 28.6937 0.0107 -0.1254 0.9921 0.0045 0.1718
30.0056 0.8662 27.2848 -0.0558 -0.0083 -0.9984 0.6809 0.7052
15.8923 -26.9800 -15.4495 0.5760 -0.8174 -0.0025 0.4960 0.3676
-26.9482 21.1695 -21.3526 -0.7600 0.6499 -0.0022 0.7544 0.3165
4.9164 -1.6042 20.8905 0.2219 -0.0080 0.9750 0.7441 0.1570
-12.1341 -26.2063 -27.6256 0.3541 0.8309 -0.4291 0.5754 0.6721
4.6844 -31.7310 -27.1146 0.2152 -0.9413 -0.2601 0.4393 0.4221
18.7190 -24.8034 -11.0792 0.6580 -0.7530 -0.0033 0.5173 0.3538
29.1754 6.2607 25.2720 0.9845 0.1753 0.0008 0.4056 0.8921
25.5332 1.4114 -24.0168 -0.9875 -0.1451 -0.0611 0.7456 0.6507
25.5332 1.4114 -24.0168 -0.3872 -0.0928 -0.9173 0.1462 0.9060
28.1948 -9.1332 -27.5793 0.7966 -0.2416 -0.5542 0.4357 0.3075
28.1948 -9.1332 -27.5793 0.8788 -0.2545 -0.4037 0.3307 0.6349
26.2665 -4.5585 23.6338 -0.9881 0.1517 0.0251 0.7969 0.6779
25.6934 -0.1214 -24.4870 -0.9953 -0.0276 0.0927 0.7479 0.6581
-10.3451 28.0920 22.5900 0.2816 -0.9591 -0.0300 0.4799 0.7666
24.4579 -18.1698 -1.5949 0.8365 -0.5478 0.0070 0.5634 0.3259
15.5892 15.7389 20.9874 -0.0297 -0.0280 0.9992 0.6922 0.0726
-35.1718 -0.5271 26.8232 -0.9945 0.0083 0.1047 0.3214 0.3593
-23.4065 4.1391 20.9841 0.0328 0.0009 0.9995 0.8819 0.1291
1.2371 31.6192 -27.7736 0.0958 0.7839 -0.6135 0.7231 0.4536
-9.0260 -28.7262 28.3811 0.1469 0.4269 0.8923 0.0213 0.2178
-9.0260 -28.7262 28.3811 0.2122 0.9194 0.3312 0.5619 0.6961
-31.3079 5.0319 22.4562 0.9754 -0.1594 -0.1523 0.8340 0.6308
21.3377 -15.4406 20.2515 0.2981 -0.0268 0.9542 0.6642 0.2243
13.7655 -21.2798 20.2696 0.2858 -0.3047 0.9085 0.7010 0.2527
-7.9970 28.6658 21.3451 0.1267 -0.9462 0.2978 0.4739 0.7552
23.0550 19.7071 1.5341 0.7930 0.6092 0.0078 0.8657 0.5597
-24.3261 -14.1487 -23.7311 -0.0013 0.0143 -0.9999 0.0705 0.6634
-28.9625 7.1571 21.2866 0.1470 -0.0213 0.9889 0.9089 0.1144
-25.6298 -19.8829 28.6799 0.1031 0.0808 0.9914 0.0643 0.2986
-10.2618 -31.5803 -14.8935 -0.2425 -0.9701 0.0074 0.4987 0.4948
-30.0827 -3.7994 -25.7339 0.9720 0.0747 0.2228 0.7254 0.7061
-0.8865 -9.2781 21.1028 0.0624 0.0403 0.9972 0.7723 0.1943
28.3754 -9.8218 26.9698 0.6878 -0.2915 -0.6648 0.6729 0.7572
-28.5235 -10.5361 -24.2045 0.9128 0.3945 0.1059 0.7328 0.7389
-34.8264 3.5804 13.4690 -0.9914 0.1300 -0.0157 0.3414 0.4243
33.4757 -6.5054 28.1663 0.6829 -0.7276 0.0652 0.9580 0.6368
-16.7123 28.9105 6.7139 -0.4380 0.8989 0.0066 0.8909 0.3663
-26.6171 21.4788 -2.6398 -0.7429 0.6693 0.0079 0.8454 0.3181
-35.0181 2.2838 6.7837 -0.9965 0.0791 -0.0253 0.3351 0.4568
-0.0148 32.2469 -22.7787 0.0894 0.9960 -0.0050 0.7474 0.4475
24.0464 -10.9807 21.0567 -0.8720 0.3418 0.3505 0.8094 0.7092
-1.0243 -6.2026 21.0452 0.1126 0.0119 0.9936 0.7730 0.1794
-29.7860 7.4486 -23.4624 0.9702 -0.2135 -0.1143 0.7364 0.6514
-29.7860 7.4486 -23.4624 0.3761 -0.0576 -0.9248 0.1755 0.6369
25.1625 2.7759 21.1760 -0.0479 -0.0035 0.9988 0.6456 0.1357
-0.9164 18.0000 21.0726 0.0345 -0.0609 0.9975 0.7725 0.0616
5.9929 31.7103 28.5731 0.2458 0.8356 0.4914 0.9973 0.4767
25.5950 -16.2423 13.3722 0.8805 -0.4741 0.0051 0.2961 0.8342
25.5950 -16.2423 13.3722 0.8627 -0.5057 -0.0031 0.6362 0.3204
22.6795 2.8418 21.0547 -0.0505 -0.0086 0.9987 0.6577 0.1354
3.5423 17.3122 20.9456 0.0731 -0.0054 0.9973 0.7508 0.0650
19.3008 24.5476 28.2603 0.6244 0.7110 -0.3234 0.9958 0.5415
10.9232 25.8718 21.4974 0.2121 0.3732 -0.9032 0.8808 0.6903
10.9232 25.8718 21.4974 0.4073 0.7560 -0.5124 0.6001 0.8434
-19.9981 -27.2123 17.6603 -0.5105 -0.8599 -0.0014 0.6571 0.5422
29.3433 -9.0125 28.1260 0.2980 -0.9536 0.0434 0.9578 0.6569
29.3433 -9.0125 28.1260 0.5201 -0.3205 0.7917 0.1172 0.0312
8.6261 -30.1804 28.7376 0.0951 -0.2570 0.9617 0.0142 0.1319
-9.8536 -7.1706 -23.7549 -0.0074 0.0138 -0.9999 0.1044 0.7338
-19.1486 -21.8112 -23.8503 0.0150 0.0363 -0.9992 0.0332 0.6886
-11.8324 17.5825 -23.4760 -0.0114 0.0059 -0.9999 0.2248 0.7242
23.8343 13.6504 28.5451 -0.4615 -0.2528 0.8504 0.2274 0.0580
-31.9189 -13.5925 -8.9442 -0.9108 -0.4126 -0.0116 0.2579 0.5333
17.0763 -21.5157 19.3490 -0.6254 0.7490 -0.2190 0.5180 0.8231
17.0763 -21.5157 19.3490 -0.4342 0.4479 0.7816 0.6849 0.2539
0.5346 -15.2503 21.0135 0.0184 0.0089 0.9998 0.7654 0.2234
16.8606 -26.4437 18.6089 0.6018 -0.7985 -0.0156 0.6617 0.3629
-19.3366 -21.8692 -26.1653 0.6135 0.7843 0.0919 0.5825 0.6370
5.1009 31.4840 27.1255 0.2326 0.9238 -0.3040 0.9902 0.4724
-23.2867 -25.0204 27.1960 -0.6544 -0.7550 -0.0416 0.7035 0.5582
15.3839 27.0086 9.6003 0.5608 0.8279 -0.0108 0.9050 0.5224
-5.9822 -32.2161 8.6619 -0.1201 -0.9928 0.0055 0.6133 0.4740
-16.8654 29.9386 28.2549 -0.4158 0.8889 0.1922 0.9957 0.3655
27.4763 -12.1286 22.2320 0.9276 -0.3734 0.0115 0.3161 0.8773
22.8521 -13.4588 19.8299 -0.8110 0.5850 -0.0026 0.5203 0.8512
22.8521 -13.4588 19.8299 -0.1016 0.3327 0.9375 0.9640 0.6257
-3.3587 28.8384 21.2849 -0.0076 -0.0858 0.9963 0.7844 0.0089
25.1097 -9.3818 25.2034 -0.9470 0.3209 0.0157 0.7893 0.7014
29.2357 -5.8099 19.1518 0.9856 -0.1693 -0.0016 0.3469 0.8623
4.7564 32.0109 28.5902 0.1520 0.6183 0.7711 0.9974 0.4707
4.1347 -31.9913 -24.7582 0.1891 -0.9815 -0.0302 0.4507 0.4248
-13.1025 -30.5487 13.0605 -0.3375 -0.9413 0.0025 0.6347 0.5087
-15.4652 -25.1878 -24.4807 0.4995 0.8378 0.2205 0.5907 0.6559
-34.6497 4.6902 13.0996 -0.9867 0.1622 -0.0130 0.3468 0.4261
-32.0260 13.4658 6.7261 -0.9004 0.4348 0.0116 0.3895 0.4571
-3.8169 -29.1914 26.1522 0.0436 0.9990 0.0106 0.5511 0.7214
16.6346 25.1185 -27.9634 0.5734 0.7411 -0.3491 0.7222 0.5285
16.6346 25.1185 -27.9634 0.3365 0.4356 -0.8349 0.6024 0.2513
-31.5110 -2.8717 27.0498 0.9964 0.0846 0.0080 0.8563 0.6692
-10.8544 26.5016 -23.4831 0.1407 -0.5947 -0.7916 0.6259 0.7616
-10.8544 26.5016 -23.4831 0.1078 -0.4832 -0.8689 0.2682 0.7290
21.7001 -15.4217 20.7281 -0.7714 0.5561 0.3093 0.5247 0.8456
21.7001 -15.4217 20.7281 -0.8110 0.4927 0.3155 0.8110 0.7308
-15.7429 24.2212 -23.3423 0.0993 -0.1347 -0.9859 0.2571 0.7052
8.3749 -30.7765 18.8402 0.3001 -0.9539 0.0079 0.6628 0.4042
-3.9877 -29.0394 21.6739 0.0295 0.9782 0.2056 0.5293 0.7206
1.2152 -32.1911 17.9108 0.0985 -0.9951 0.0117 0.6583 0.4390
-22.9706 24.9171 1.7796 -0.6420 0.7665 0.0135 0.8669 0.3358
-8.5762 -31.8040 8.7616 -0.1884 -0.9821 0.0044 0.6138 0.4866
26.1577 -4.7309 19.1896 0.1234 -0.3601 0.9247 0.9479 0.5832
26.1577 -4.7309 19.1896 -0.9404 -0.3199 -0.1153 0.8185 0.6788
21.6787 21.2282 26.8148 0.7858 0.6174 0.0380 0.9887 0.5530
28.5318 -8.1645 28.6585 0.0960 -0.0705 0.9929 0.1213 0.0351
-23.1039 18.9412 -24.8964 0.7487 -0.6157 0.2455 0.6190 0.8212
-0.9815 -4.1274 21.0182 0.1098 0.0132 0.9939 0.7728 0.1693
-25.3756 9.7078 21.0926 0.0461 -0.0155 0.9988 0.8915 0.1020
-21.1847 -26.4614 2.0142 -0.5256 -0.8507 0.0020 0.5810 0.5480
23.1728 12.9455 21.3134 -0.6175 -0.3312 0.7135 0.6553 0.0862
12.5540 28.4518 -24.6360 0.4821 0.8756 -0.0291 0.7384 0.5087
29.5104 -3.8573 19.4954 0.9927 -0.1207 -0.0002 0.3564 0.8639
16.2808 22.4033 21.4225 -0.8716 -0.4156 -0.2598 0.5488 0.8598
16.2808 22.4033 21.4225 -0.3852 -0.3121 0.8685 0.6888 0.0402
25.9755 14.9980 11.8093 0.8839 0.4676 0.0012 0.4481 0.8266
26.5509 15.4639 27.9504 0.8646 0.5010 -0.0373 0.9943 0.5767
26.5509 15.4639 27.9504 0.8226 0.4997 -0.2714 0.8923 0.7251
26.5509 15.4639 27.9504 0.8887 0.4532 0.0691 0.9442 0.6531
26.5509 15.4639 27.9504 0.7444 0.4299 -0.5109 0.6641 0.6342
27.4239 -7.1786 -28.7474 0.1922 -0.0298 -0.9809 0.4452 0.3038
-6.6548 27.6604 -27.6395 0.0877 -0.8364 -0.5411 0.6057 0.7412
13.5025 25.9827 28.7839 -0.0413 -0.0740 0.9964 0.2874 0.1082
-7.0953 31.8550 14.3776 -0.1464 0.9892 0.0039 0.9282 0.4131
27.0727 -13.2730 16.2262 0.9181 -0.3963 0.0069 0.3106 0.8480
29.3183 5.1232 16.7292 0.9855 0.1694 -0.0032 0.4001 0.8505
13.8560 27.7530 -17.5637 0.5073 0.8618 -0.0019 0.7728 0.5150
17.2104 -19.8455 -25.2701 -0.6279 0.7019 0.3363 0.5868 0.8148
20.4085 -17.7417 21.6103 -0.7692 0.5950 0.2329 0.5290 0.8393
-14.3602 27.2164 21.1859 -0.2914 0.3780 0.8787 0.8257 0.7367
-14.3602 27.2164 21.1859 -0.2394 -0.0736 -0.9681 0.9853 0.6619
-9.0523 29.7069 28.4778 0.0292 -0.1997 0.9794 0.3056 0.2180
29.8803 10.6622 28.6258 0.0145 0.0984 0.9950 0.2129 0.0285
29.8803 10.6622 28.6258 0.2565 0.6727 0.6940 0.9978 0.6352
10.5426 29.7857 28.6941 0.2529 0.4644 0.8488 0.3059 0.1226
10.5426 29.7857 28.6941 0.2754 0.5185 0.8095 0.9979 0.4989
0.3156 32.0467 21.8431 0.0756 0.9971 0.0055 0.9645 0.4491
-13.6056 4.4627 -23.5767 -0.0111 0.0130 -0.9999 0.1610 0.7156
-30.3491 16.4625 27.0875 -0.8254 0.5372 -0.1738 0.9901 0.2999
-30.3491 16.4625 27.0875 -0.7283 0.3831 -0.5681 0.4041 0.3580
0.0971 29.8253 28.5175 -0.0646 -0.5381 0.8404 0.5088 0.7158
0.0971 29.8253 28.5175 -0.0262 -0.1220 0.9922 0.3061 0.1734
-31.7629 0.6291 22.2530 0.9962 -0.0125 -0.0857 0.8330 0.6522
28.5753 8.5069 14.0624 0.9626 0.2708 0.0061 0.4165 0.8375
-26.0770 22.0600 -25.2885 -0.7392 0.6713 -0.0541 0.7352 0.3207
25.3458 -8.4141 19.0371 -0.9398 0.2776 0.1993 0.8193 0.6967
-35.0179 1.9078 14.5795 -0.9961 0.0870 -0.0176 0.3333 0.4189
14.4408 27.8344 22.5273 0.5515 0.8342 -0.0076 0.9679 0.5178
-4.6956 -32.3604 -27.5267 -0.0639 -0.9288 -0.3649 0.4373 0.4678
-28.1053 15.1140 28.4220 0.4818 -0.3111 0.8192 0.2346 0.3107
-15.5483 -26.1734 23.1587 0.4502 0.8924 -0.0290 0.5365 0.6644
-16.2358 28.0512 -28.3429 -0.2140 0.4436 -0.8703 0.6166 0.0914
-16.2358 28.0512 -28.3429 -0.2644 0.5976 -0.7569 0.7204 0.3686
21.7120 -21.5923 26.1017 0.7762 -0.6281 0.0550 0.6982 0.3393
10.1587 -0.0768 -23.8946 -0.0127 0.0074 -0.9999 0.1389 0.8312
-5.4190 -16.8540 -23.9257 -0.0055 0.0144 -0.9999 0.0573 0.7554
16.9373 -26.5336 28.2942 0.5468 -0.7753 0.3162 0.7088 0.3625
-31.6097 -1.3677 26.6391 0.9990 0.0436 0.0013 0.8543 0.6619
22.8060 19.9774 -18.9125 0.7779 0.6283 -0.0023 0.7663 0.5585
-17.1063 25.4696 21.3591 -0.4583 0.5626 -0.6881 0.9768 0.6485
-17.1063 25.4696 21.3591 -0.4753 0.6444 0.5990 0.8512 0.0253
-17.1063 25.4696 21.3591 -0.6191 0.6857 -0.3829 0.5791 0.8490
-2.8461 30.2801 21.3054 0.0289 -0.4485 -0.8933 0.9022 0.6233
-2.8461 30.2801 21.3054 -0.0364 -0.9985 0.0415 0.9092 0.6601
-2.5828 13.8897 21.0413 -0.0239 0.0001 0.9997 0.7806 0.0816
13.7412 24.5459 21.4287 -0.0592 0.0293 0.9978 0.7012 0.0298
-31.0196 6.1370 21.1349 -0.2609 -0.0014 0.9654 0.9189 0.1193
18.1368 -19.9330 19.3058 -0.2636 0.0427 0.9637 0.6798 0.2462
-8.8691 16.8130 -23.5137 -0.0111 0.0056 -0.9999 0.2211 0.7386
4.4180 29.0029 -28.6646 0.0164 0.0285 -0.9995 0.6213 0.1918
-6.9456 31.8865 3.4396 -0.1454 0.9894 0.0050 0.8750 0.4138
29.7210 -1.9168 15.3527 0.9979 -0.0651 0.0050 0.3658 0.8438
-22.1873 -21.5770 25.6602 0.6661 0.7459 -0.0019 0.5487 0.6321
20.9101 -22.4617 27.0276 0.7517 -0.6358 -0.1750 0.7027 0.3432
22.2462 -13.8697 -24.0288 -0.8354 0.5457 -0.0666 0.5929 0.8393
22.2462 -13.8697 -24.0288 -0.4579 0.3466 -0.8187 0.0718 0.8900
-30.8222 -1.4637 -23.5615 0.2129 0.0034 -0.9771 0.1322 0.6318
-30.8222 -1.4637 -23.5615 0.9566 -0.0084 0.2914 0.7359 0.6948
19.5006 -17.8607 20.9896 0.7415 -0.6677 0.0659 0.9289 0.6533
-3.3650 28.9124 -28.5668 0.0138 -0.1705 -0.9853 0.6208 0.1540
-3.3650 28.9124 -28.5668 0.0271 -0.5800 -0.8142 0.6012 0.7252
-16.2017 -24.0079 -26.2950 0.5415 0.8190 0.1900 0.5818 0.6523
22.2865 21.4690 28.5804 0.2286 0.1414 0.9632 0.2655 0.0655
22.2865 21.4690 28.5804 0.6837 0.5879 0.4324 0.9973 0.5560
30.0465 -7.2685 28.6259 0.0846 -0.2051 0.9751 0.1257 0.0277
13.9097 12.1892 -23.8896 -0.0178 0.0061 -0.9998 0.1986 0.8495
8.1280 23.2982 -23.6660 -0.0299 -0.0154 -0.9994 0.2526 0.8213
-3.0277 29.3997 21.3808 -0.0017 0.3842 -0.9233 0.8979 0.6224
-3.0277 29.3997 21.3808 -0.0408 0.3660 0.9297 0.7827 0.0062
34.7333 -4.2726 28.3640 0.6022 -0.1811 0.7775 0.1402 0.0049
-10.6863 28.6464 21.2445 0.0988 -0.3243 -0.9408 0.8943 0.5851
29.5522 -4.3968 -1.7076 0.9930 -0.1178 0.0133 0.3537 0.7608
-28.6072 -19.2996 15.8318 -0.8108 -0.5853 0.0059 0.6482 0.5841
-0.6753 -28.2319 -24.0744 0.0457 0.9631 -0.2654 0.5926 0.7278
29.6710 3.2717 -11.6047 0.9939 0.1102 0.0049 0.3910 0.7126
7.7880 16.4580 20.8372 -0.0080 -0.0276 0.9996 0.7301 0.0691
-30.2638 -5.2410 21.2281 -0.0033 0.0088 1.0000 0.9153 0.1747
0.6260 32.5082 28.7246 0.0081 0.2250 0.9743 0.3192 0.1709
-20.0378 -10.0378 -23.7120 -0.0093 0.0148 -0.9998 0.0905 0.6843
24.8094 -9.2905 21.3146 -0.8587 0.3077 0.4099 0.8082 0.7010
-30.7602 6.4646 -28.4646 0.4518 -0.1041 -0.8860 0.5116 0.0207
-15.7920 -26.1133 22.0204 0.4425 0.8917 -0.0950 0.5310 0.6632
-33.9921 10.0758 27.9619 -0.8769 0.2601 -0.4042 0.3730 0.3538
13.2686 28.5700 24.9391 0.5169 0.8549 0.0439 0.9796 0.5121
14.5850 26.0994 28.8067 -0.0075 -0.0101 0.9999 0.2880 0.1030
-7.5058 29.1932 28.2513 0.0925 -0.7124 0.6956 0.5075 0.7528
-0.6272 17.0496 21.0049 0.0274 -0.0411 0.9988 0.7711 0.0662
-34.8580 2.8218 27.1930 -0.9866 0.1322 0.0952 0.3377 0.3575
34.7938 -4.0659 28.0283 0.9970 -0.0241 0.0734 0.9213 0.6363
29.4266 5.1162 -15.8545 0.9850 0.1725 0.0048 0.4000 0.6920
1.4726 21.3036 21.1608 0.0437 -0.0296 0.9986 0.7609 0.0455
5.2836 27.9622 21.4020 -0.4184 -0.8244 0.3811 0.4741 0.6906
5.2836 27.9622 21.4020 0.4051 0.1005 -0.9087 0.8910 0.6628
5.2836 27.9622 21.4020 0.0674 -0.2644 0.9620 0.7423 0.0132
16.3573 -24.9448 -28.6586 0.2551 -0.3289 -0.9093 0.3588 0.2499
15.2820 26.8681 -22.6152 0.5457 0.8378 -0.0151 0.7482 0.5219
-12.9181 30.5651 -26.6894 -0.3015 0.9293 -0.2132 0.7284 0.3847
-25.8196 19.6928 28.4709 0.0942 -0.0786 0.9924 0.2568 0.2995
16.6637 19.8764 -27.8447 -0.5864 -0.6166 -0.5253 0.6047 0.6278
-20.8886 21.8821 -28.2219 0.4715 -0.5341 -0.7017 0.6029 0.8105
-20.8886 21.8821 -28.2219 0.3599 -0.4064 -0.8398 0.5866 0.0687
2.0838 29.8251 21.4731 -0.0290 -0.2678 -0.9630 0.9000 0.6472
2.0838 29.8251 21.4731 -0.1449 -0.8378 0.5264 0.9100 0.6361
18.1987 24.8838 24.6048 0.6676 0.7446 -0.0003 0.9780 0.5361
5.0936 -12.1965 20.8561 0.0291 0.0033 0.9996 0.7432 0.2085
-16.2237 15.3813 20.9776 0.0101 -0.0198 0.9998 0.8469 0.0744
4.0393 -13.1268 20.8982 0.0826 0.0008 0.9966 0.7484 0.2131
0.2427 -29.1241 27.5406 -0.0911 0.9856 0.1423 0.5578 0.7412
14.8397 23.4031 21.3456 -0.1385 -0.2455 0.9594 0.6958 0.0353
14.8397 23.4031 21.3456 -0.3680 -0.9041 0.2173 0.4739 0.6441
12.1027 -24.2871 -24.4008 -0.5333 0.8129 0.2343 0.5910 0.7900
-2.0301 -14.9478 21.1881 0.0596 -0.0007 0.9982 0.7779 0.2219
-3.6203 17.6499 20.9951 -0.0397 -0.0237 0.9989 0.7856 0.0633
-9.7942 -31.6527 28.9587 0.0724 0.2518 0.9651 0.0070 0.2216
-5.7530 21.2875 21.3212 0.0906 -0.0795 0.9927 0.7960 0.0456
28.8327 7.6235 -1.8784 0.9684 0.2493 0.0039 0.4122 0.7600
-4.8474 29.0997 21.4618 0.0884 -0.4762 -0.8749 0.8965 0.6135
-4.8474 29.0997 21.4618 0.0827 -0.9582 -0.2740 0.4744 0.7399
-4.8474 29.0997 21.4618 -0.8353 0.3903 -0.3873 0.3977 0.9074
-32.1964 12.7814 -16.1137 -0.9160 0.4012 0.0008 0.3862 0.5682
-1.3000 -6.9510 21.0775 0.0508 0.0041 0.9987 0.7743 0.1830
-10.5693 30.3784 28.6016 0.0254 -0.1018 0.9945 0.3088 0.2253
-20.5684 23.9036 20.9867 0.7066 -0.6656 0.2401 0.9871 0.6112
-20.5684 23.9036 20.9867 0.1855 0.0569 0.9810 0.8681 0.0329
-4.4987 23.7530 21.4803 0.0604 -0.0828 0.9947 0.7899 0.0336
24.9228 17.0421 -4.0555 0.8505 0.5260 -0.0015 0.8385 0.5688
-3.1351 -32.4177 12.0175 -0.0410 -0.9991 0.0117 0.6296 0.4602
12.8802 17.1215 -23.8238 -0.0157 0.0142 -0.9998 0.2226 0.8445
-5.6561 29.9339 21.1662 -0.0262 -0.0699 0.9972 0.7955 0.0036
28.0431 -10.6063 20.6713 0.9516 -0.3073 0.0026 0.3235 0.8697
5.3391 28.0864 21.4404 0.1585 0.1216 -0.9798 0.8916 0.6631
5.3391 28.0864 21.4404 0.2191 -0.2568 0.9413 0.7420 0.0126
-8.1788 8.6027 21.0150 0.1250 -0.0276 0.9918 0.8078 0.1073
-6.4510 -32.0422 25.7367 -0.1335 -0.9909 0.0154 0.6964 0.4763
22.4831 20.3806 -15.2705 0.7758 0.6310 -0.0025 0.7840 0.5570
-12.5703 1.9921 20.8541 -0.0395 0.0090 0.9992 0.8292 0.1395
19.7785 23.3766 23.9652 0.7150 0.6991 -0.0075 0.9749 0.5438
-30.4805 -2.5493 -23.5056 0.1866 0.0132 -0.9824 0.1269 0.6335
-34.4364 5.0202 -17.2411 -0.9843 0.1763 -0.0008 0.3484 0.5737
29.5760 10.9905 27.7952 0.2951 0.6718 -0.6794 0.9938 0.6338
-23.3300 -24.9559 28.7340 -0.1091 -0.1416 0.9839 0.0396 0.2874
26.9184 -13.7295 -0.4742 0.9100 -0.4145 0.0070 0.3083 0.7668
26.2554 4.5355 22.7021 -0.9848 -0.1695 0.0376 0.8014 0.6337
-20.2628 27.0340 -19.3811 -0.5424 0.8400 0.0124 0.7640 0.3490
-35.1277 2.6289 23.2213 -0.9923 0.1232 0.0148 0.3368 0.3768
27.9300 -11.0091 13.0851 0.9476 -0.3196 0.0013 0.3216 0.8328
3.2610 -28.4612 21.6138 -0.1977 0.9524 0.2321 0.5290 0.7559
-33.3984 9.4385 -12.8688 -0.9530 0.3031 0.0006 0.3699 0.5524
26.3021 14.5700 27.2444 0.7900 0.4141 -0.4522 0.4460 0.9016
26.3021 14.5700 27.2444 0.4971 0.2627 -0.8269 0.6629 0.6385
-31.6382 -15.5109 28.0265 -0.7471 -0.3943 -0.5351 0.2486 0.3535
27.9243 10.5856 0.2644 0.9420 0.3356 0.0069 0.4266 0.7704
25.9187 -4.7234 -28.5621 -0.4833 0.0579 -0.8735 0.4572 0.2965
-23.9916 19.5840 21.1643 -0.1311 0.1233 0.9837 0.8847 0.0539
-27.9653 19.8073 5.5560 -0.7769 0.6296 0.0032 0.8853 0.3115
-26.8584 -12.9278 -26.3331 0.8967 0.4365 0.0733 0.7224 0.7505
-11.1674 29.1791 -28.6983 -0.0654 0.1146 -0.9913 0.6221 0.1160
9.2463 -30.3931 25.2210 0.3266 -0.9448 0.0239 0.6939 0.3999
-9.6243 -28.5319 28.2108 0.2433 0.9558 0.1649 0.5611 0.6932
-24.6392 19.1262 26.0368 0.7560 -0.6525 0.0523 0.4967 0.8362
23.6827 7.8545 -26.0110 -0.9503 -0.3102 0.0274 0.7553 0.6193
26.6026 -14.3292 4.2462 0.9031 -0.4294 0.0011 0.3054 0.7898
-24.7360 17.9019 21.2199 0.0142 0.0166 0.9998 0.8884 0.0621
26.4473 3.5108 25.3226 -0.9928 -0.1185 0.0180 0.7887 0.6387
-19.3775 -27.5663 14.0872 -0.5144 -0.8575 -0.0067 0.6397 0.5392
-21.0061 -26.5831 -0.5945 -0.5321 -0.8467 0.0027 0.5683 0.5471
-30.7842 -15.9269 3.8234 -0.8487 -0.5280 -0.0321 0.5898 0.5947
-30.7842 -15.9269 3.8234 -0.8750 -0.4830 -0.0319 0.2465 0.4712
13.6182 -18.5481 -24.0608 0.0093 -0.0076 -0.9999 0.0491 0.8480
-1.0895 14.7771 20.9672 0.0426 -0.0108 0.9990 0.7733 0.0773
29.7287 -1.3513 23.9164 0.9991 -0.0361 0.0200 0.3686 0.8855
-18.5744 28.0810 26.8630 -0.3685 0.7569 -0.5397 0.9890 0.3572
-0.8968 32.5771 27.3553 0.0407 0.8181 -0.5737 0.9914 0.4432
9.4524 27.8063 -28.6741 0.0865 0.2149 -0.9728 0.6155 0.2163
-6.5887 -31.1626 28.7301 0.0232 0.1182 0.9927 0.0094 0.2060
25.1570 -8.8802 18.8764 -0.9129 0.2616 0.3134 0.8200 0.6990
25.1570 -8.8802 18.8764 -0.5969 0.1928 0.7788 0.9527 0.6034
-16.6271 29.6354 28.5548 -0.1332 0.1842 0.9738 0.3052 0.2548
-28.3954 19.3201 25.7293 -0.8314 0.5536 -0.0489 0.9834 0.3094
-3.6551 -28.7495 21.0603 -0.0089 0.8124 0.5830 0.5263 0.7222
-3.6551 -28.7495 21.0603 0.0225 0.1271 0.9916 0.7858 0.2891
23.4538 -11.3626 20.9865 0.4735 -0.1623 0.8657 0.6539 0.2045
23.4538 -11.3626 20.9865 0.8965 -0.3707 -0.2425 0.9396 0.6155
4.8129 -8.5705 20.9368 0.1162 -0.0167 0.9931 0.7446 0.1909
-20.8302 22.5527 21.3516 -0.1685 0.1963 0.9660 0.8694 0.0395
-25.8075 -17.7647 21.4662 0.7716 0.5815 0.2579 0.5283 0.6145
-25.8075 -17.7647 21.4662 0.1769 0.1348 0.9750 0.8936 0.2356
-21.0705 26.4659 -26.2462 -0.5608 0.8245 -0.0751 0.7306 0.3451
16.9776 -2.8085 20.8049 -0.0309 0.0086 0.9995 0.6854 0.1629
-17.9352 1.4974 20.8467 0.0153 0.0073 0.9999 0.8553 0.1419
-19.1867 25.5885 -28.6785 -0.1804 0.2596 -0.9487 0.6047 0.0770
-7.8650 32.6601 28.1335 -0.1607 0.9799 -0.1179 0.9951 0.4093
-20.3637 -23.1109 24.8262 0.6227 0.7824 -0.0022 0.5446 0.6409
10.6476 -29.9591 21.6795 0.3618 -0.9322 0.0105 0.6767 0.3931
20.4022 -16.7337 20.6064 -0.4072 0.0768 0.9101 0.6688 0.2306
20.4022 -16.7337 20.6064 0.7589 -0.6231 0.1895 0.9271 0.6489
20.4022 -16.7337 20.6064 0.8611 -0.4729 0.1870 0.9378 0.6416
-35.0894 0.9611 6.5758 -0.9982 0.0356 -0.0482 0.3287 0.4578
25.2679 -5.3762 20.1939 0.9577 -0.2857 -0.0350 0.9358 0.5864
-24.9463 19.0628 21.0412 -0.2221 0.2017 0.9539 0.8894 0.0565
25.9921 -15.1928 24.8693 0.8846 -0.4654 0.0284 0.3012 0.8901
-8.7104 12.8371 21.1339 -0.1118 0.0078 0.9937 0.8104 0.0867
-5.4628 32.0655 14.2227 -0.1050 0.9945 0.0060 0.9275 0.4210
-0.6759 -32.6377 28.6490 0.0125 -0.1330 0.9910 0.0022 0.1772
-0.6759 -32.6377 28.6490 0.0671 -0.7317 0.6783 0.7106 0.4482
-18.9256 24.1561 21.4221 -0.0628 -0.9980 -0.0104 0.5134 0.8670
-18.9256 24.1561 21.4221 -0.0788 -0.2689 0.9599 0.6264 0.8450
-18.9256 24.1561 21.4221 0.3580 -0.7635 -0.5375 0.4742 0.8084
-18.9256 24.1561 21.4221 -0.2856 0.2371 0.9285 0.8601 0.0317
-18.9256 24.1561 21.4221 -0.0697 0.0554 -0.9960 0.9705 0.6397
-3.5795 29.1767 21.4197 -0.0820 -0.9893 -0.1205 0.4742 0.7337
-5.2899 32.8011 27.6435 -0.0564 0.8462 -0.5299 0.9928 0.4218
8.3184 30.3370 -21.1140 0.3305 0.9438 0.0038 0.7555 0.4880
-22.4422 7.4127 -23.4603 -0.0104 0.0102 -0.9999 0.1754 0.6726
-33.9527 7.9371 13.8086 -0.9656 0.2601 0.0015 0.3626 0.4226
23.5726 -7.6604 -23.9259 0.0764 -0.0136 -0.9970 0.1020 0.8965
-28.9654 10.2114 -28.0486 0.6774 -0.2417 -0.6947 0.5299 0.0294
-7.0217 -32.2165 -10.7020 -0.1539 -0.9881 0.0069 0.5191 0.4791
-30.9709 3.1729 -28.2721 0.5616 -0.0824 -0.8233 0.4956 0.0197
26.8761 -15.0458 28.2624 0.8896 -0.4524 0.0626 0.9791 0.6101
26.8761 -15.0458 28.2624 0.6131 -0.3470 0.7098 0.0878 0.0432
-17.7669 -14.0824 21.1401 0.0131 0.0189 0.9997 0.8545 0.2177
-28.7653 18.6859 19.5826 -0.8111 0.5850 -0.0020 0.9535 0.3076
-33.7006 -5.1625 28.7778 0.0237 0.0039 0.9997 0.1359 0.3379
-30.4488 -5.2802 -23.6624 0.5123 0.0547 -0.8570 0.1136 0.6336
-30.4488 -5.2802 -23.6624 0.9272 0.2812 0.2476 0.7354 0.7133
-30.7484 7.5714 26.3649 0.9699 -0.2429 0.0147 0.8530 0.6184
33.8838 5.8871 27.4026 0.1413 0.0606 -0.9881 0.6997 0.6808
28.6737 8.2596 -25.5271 0.9640 0.2576 -0.0665 0.4153 0.6449
-10.0642 28.8379 21.1557 -0.0414 0.0473 0.9980 0.8170 0.0089
12.6120 -25.5895 28.5399 -0.1942 0.2549 0.9473 0.0365 0.1126
12.6120 -25.5895 28.5399 -0.4227 0.6657 0.6149 0.5627 0.8014
25.9418 -4.5589 19.3325 0.3938 -0.4491 0.8020 0.9489 0.5824
-2.4965 -16.0474 21.2284 0.0628 -0.0014 0.9980 0.7802 0.2273
-29.0547 12.5594 27.9016 0.8718 -0.3293 0.3626 0.8605 0.5942
-21.9669 -25.9430 28.7417 -0.0672 -0.0795 0.9946 0.0348 0.2808
-20.6355 26.6105 12.4202 -0.5614 0.8275 0.0006 0.9187 0.3472
-21.5026 -20.6528 -27.8774 0.5649 0.5903 -0.5765 0.5741 0.6265
-0.5787 -23.8701 -24.0430 -0.0040 0.0059 -1.0000 0.0232 0.7790
33.0324 -6.9349 28.0543 0.6637 -0.7480 -0.0096 0.9575 0.6389
8.7051 27.1177 28.4648 -0.1503 -0.2843 0.9469 0.2930 0.1316
8.7051 27.1177 28.4648 -0.3229 -0.7903 0.5207 0.5085 0.6740
-33.9987 7.8370 20.7830 -0.9555 0.2950 0.0050 0.3621 0.3887
24.5556 17.2154 26.9075 0.8443 0.5352 0.0271 0.9892 0.5670
24.5556 17.2154 26.9075 0.7433 0.4813 -0.4646 0.4589 0.9000
-28.8997 13.0016 21.0027 -0.2328 0.0976 0.9676 0.9086 0.0859
-8.9913 10.3605 21.1221 -0.0441 -0.0043 0.9990 0.8118 0.0988
25.8289 -15.6698 28.5579 0.2796 -0.1679 0.9453 0.0848 0.0483
26.7002 -14.1163 11.4939 0.9007 -0.4345 -0.0017 0.3064 0.8250
0.9903 -32.3680 3.1382 0.1035 -0.9946 0.0014 0.5864 0.4401
-4.0222 4.7778 20.9807 -0.0350 0.0111 0.9993 0.7876 0.1260
-33.4997 8.5333 -27.4601 -0.9601 0.2565 -0.1114 0.3655 0.6234
-33.4997 8.5333 -27.4601 -0.8297 0.2147 -0.5153 0.5217 0.0074
-22.9925 21.8046 20.9585 0.1629 0.2425 0.9564 0.8799 0.0431
-22.9925 21.8046 20.9585 0.8977 -0.2033 0.3909 0.6564 0.8287
-17.5533 23.3449 -26.1583 0.5088 -0.8514 0.1278 0.6129 0.7942
-17.9617 -12.1035 21.1014 0.0152 0.0215 0.9997 0.8554 0.2081
14.4520 23.5351 23.1429 -0.5594 -0.8286 -0.0226 0.4826 0.6460
-0.4095 21.4710 -23.5797 -0.0142 0.0092 -0.9999 0.2438 0.7798
24.0832 18.2861 1.6887 0.8261 0.5635 0.0087 0.8665 0.5647
-34.1539 7.0139 -3.8424 -0.9762 0.2168 0.0076 0.3581 0.5085
-13.5753 31.2100 27.9867 -0.3239 0.9345 -0.1477 0.9944 0.3815
29.2105 -5.8178 28.6684 -0.0266 0.0168 0.9995 0.1327 0.0318
1.2698 -28.8928 21.9354 -0.1300 0.9814 0.1413 0.5305 0.7462
-9.9749 -27.7523 21.3071 0.0485 0.1762 0.9832 0.8165 0.2842
-15.2740 -28.2961 -28.7784 -0.1113 -0.2759 -0.9547 0.3425 0.0960
-6.9666 15.6721 -23.5415 -0.0110 0.0062 -0.9999 0.2155 0.7479
14.4234 -26.9852 -28.2823 0.3863 -0.6171 -0.6855 0.4336 0.3747
15.7562 -17.7045 -24.0414 0.0275 -0.0211 -0.9994 0.0532 0.8584
-28.5677 -19.2250 -16.7600 -0.8179 -0.5753 0.0008 0.4896 0.5839
-9.2690 -31.7882 -10.8956 -0.2240 -0.9746 0.0073 0.5182 0.4900
-27.3169 14.6507 -28.3580 0.4431 -0.2458 -0.8621 0.5515 0.0375
-0.7659 -11.5765 21.1443 0.0878 0.0168 0.9960 0.7717 0.2055
31.4024 7.7566 27.3010 0.0484 0.0372 -0.9981 0.6877 0.6717
-4.6211 11.6495 20.9166 -0.0105 0.0327 0.9994 0.7905 0.0925
25.6997 15.6670 27.2369 0.7692 0.4377 -0.4656 0.4514 0.9016
25.6997 15.6670 27.2369 0.4933 0.2764 -0.8248 0.6599 0.6332
5.6570 27.8436 21.5553 -0.3247 -0.9431 0.0718 0.4749 0.6888
5.6570 27.8436 21.5553 0.1172 -0.2953 -0.9482 0.8904 0.6646
5.6570 27.8436 21.5553 -0.5026 0.8583 0.1032 0.4851 0.8649
3.5921 -15.7050 20.9387 0.0491 0.0073 0.9988 0.7505 0.2256
-28.7654 18.7409 24.1054 -0.8263 0.5632 -0.0087 0.9755 0.3076
-26.9006 -17.2122 28.6164 0.2095 0.1505 0.9662 0.0773 0.3048
27.0584 12.8428 12.0833 0.9152 0.4030 -0.0005 0.4376 0.8279
17.2663 -21.4193 23.5191 -0.6748 0.7379 0.0141 0.5382 0.8240
27.5142 11.7288 14.2914 0.9294 0.3690 0.0006 0.4322 0.8386
29.5858 3.0978 17.4316 0.9937 0.1120 -0.0006 0.3902 0.8539
-3.2421 -9.7666 21.1387 -0.0284 0.0520 0.9982 0.7838 0.1967
-31.6337 -2.8133 -28.7212 0.2992 0.0499 -0.9529 0.4665 0.0164
-20.3962 24.1156 21.0675 0.6809 -0.6917 -0.2407 0.9874 0.6104
-13.8232 30.2039 0.4744 -0.3377 0.9412 0.0078 0.8606 0.3803
20.7068 -17.1124 21.2156 -0.7736 0.4784 0.4156 0.8471 0.7364
20.7068 -17.1124 21.2156 -0.7591 0.5553 0.3396 0.5270 0.8408
-17.9911 28.3631 -17.9107 -0.4778 0.8785 0.0033 0.7711 0.3600
20.2388 2.8040 20.9340 -0.0457 -0.0072 0.9989 0.6696 0.1356
-29.0772 19.4699 28.5027 -0.4016 0.2836 0.8708 0.2557 0.3154
0.9983 32.0595 26.8830 0.1109 0.9310 -0.3478 0.9891 0.4524
1.2184 3.7743 20.8460 0.0035 0.0026 1.0000 0.7621 0.1308
28.3437 0.8648 28.6142 -0.0576 -0.0045 0.9983 0.1652 0.0360
9.2599 26.4636 23.2359 -0.4115 -0.9114 0.0079 0.7715 0.7515
9.2599 26.4636 23.2359 -0.4358 -0.9000 0.0106 0.4831 0.6713
-26.5561 -21.9280 18.6496 -0.7466 -0.6652 0.0006 0.6619 0.5741
-26.0732 22.0535 24.2538 -0.7246 0.6890 -0.0115 0.9763 0.3207
23.6149 -19.0245 26.9197 0.6340 -0.4904 -0.5980 0.6498 0.8020
23.6149 -19.0245 26.9197 0.8167 -0.5748 0.0514 0.7022 0.3300
24.9967 16.6340 22.0199 0.8497 0.5273 0.0025 0.9654 0.5692
24.9967 16.6340 22.0199 0.8687 0.4953 0.0020 0.4561 0.8762
-31.5447 14.1634 -23.6740 -0.8959 0.4438 -0.0176 0.3929 0.6050
8.3385 25.3766 -27.5410 -0.3675 -0.8403 -0.3985 0.6062 0.6683
-34.9041 -5.4449 27.9601 -0.8663 -0.1551 -0.4749 0.2975 0.3538
27.4868 -12.4636 -2.8878 0.9252 -0.3795 0.0035 0.3145 0.7550
-21.8951 -26.1540 25.2700 -0.5549 -0.8319 0.0068 0.6941 0.5514
26.7246 13.2661 26.7257 0.8939 0.4253 -0.1417 0.4397 0.8991
-25.3515 22.7885 25.7660 -0.6948 0.7190 -0.0174 0.9836 0.3242
-15.9064 -29.3978 6.7851 -0.4224 -0.9064 -0.0043 0.6042 0.5223
17.8276 -25.5110 -17.6842 0.6336 -0.7737 0.0022 0.4851 0.3582
-8.9259 -28.3683 21.3668 0.1891 0.9607 0.2033 0.5278 0.6966
-8.9259 -28.3683 21.3668 0.0877 0.2545 0.9631 0.8114 0.2872
-14.3265 30.0900 -13.5633 -0.3494 0.9370 0.0049 0.7923 0.3779
19.6902 21.4069 28.7445 -0.0326 -0.0390 0.9987 0.2652 0.0781
9.8397 -22.9478 -24.0273 0.0207 -0.0310 -0.9993 0.0276 0.8297
-17.4783 -16.1189 21.1716 0.0119 0.0158 0.9998 0.8531 0.2276
-11.2741 -31.1593 26.1363 -0.2392 -0.9686 -0.0684 0.6983 0.4998
19.6807 -20.8439 28.7188 -0.1055 0.1197 0.9872 0.0596 0.0782
15.2714 27.2073 19.5929 0.5710 0.8207 -0.0208 0.9536 0.5219
-18.9759 -24.2185 21.5466 0.2656 0.3864 0.8833 0.8603 0.2670
-18.9759 -24.2185 21.5466 0.5166 0.7718 0.3708 0.5286 0.6477
16.6643 -21.7346 19.6398 -0.5873 0.7796 -0.2176 0.5194 0.8211
-7.1671 29.1082 21.3304 -0.0529 0.3075 -0.9501 0.8965 0.6022
-7.1671 29.1082 21.3304 -0.1349 0.8177 0.5597 0.9366 0.6619
3.7258 -13.7063 20.9390 0.2556 -0.0372 0.9661 0.7499 0.2159
-17.8477 -20.7514 -23.8335 -0.0102 0.0065 -0.9999 0.0383 0.6950
-28.9768 13.5307 21.0888 0.8206 -0.5266 -0.2221 0.4726 0.8573
-28.9768 13.5307 21.0888 0.5817 -0.4275 0.6920 0.9090 0.0834
-30.0824 11.4664 21.0265 0.9035 -0.3317 -0.2715 0.8270 0.5995
-30.0824 11.4664 21.0265 0.4882 -0.3267 0.8093 0.9144 0.0934
-33.7827 -8.6923 -6.3258 -0.9600 -0.2791 -0.0234 0.2817 0.5206
16.2749 2.7765 -23.9600 -0.0155 0.0051 -0.9999 0.1528 0.8610
-12.6838 -30.8433 -17.4875 -0.3337 -0.9426 0.0094 0.4861 0.5066
-14.1361 21.4024 -23.4104 -0.0183 0.0195 -0.9996 0.2434 0.7130
22.3659 -21.6547 28.2343 0.4964 -0.4311 0.7535 0.0557 0.0651
22.3659 -21.6547 28.2343 0.7327 -0.6679 0.1303 0.7085 0.3361
-34.6193 -7.6037 28.2997 -0.8601 -0.2082 -0.4657 0.2870 0.3521
-34.6193 -7.6037 28.2997 -0.8236 -0.1790 0.5382 0.1240 0.3423
4.9036 26.2394 21.1631 -0.0110 -0.0535 0.9985 0.7442 0.0215
-24.3123 17.4511 -23.3125 0.8194 -0.4757 -0.3199 0.7267 0.7776
-24.3123 17.4511 -23.3125 0.6700 -0.5686 -0.4773 0.6267 0.8271
-24.3123 17.4511 -23.3125 0.0830 -0.0424 -0.9956 0.2242 0.6635
-31.5141 -3.0027 27.7896 0.9919 0.0779 0.1005 0.8599 0.6699
-11.1781 30.9909 18.3717 -0.2576 0.9662 0.0023 0.9477 0.3932
-31.2562 -14.8777 27.4199 -0.7592 -0.4373 -0.4821 0.2516 0.3564
10.6029 -29.9181 -14.3137 0.4197 -0.9077 -0.0009 0.5015 0.3933
6.6275 -31.5693 28.2983 0.2807 -0.8998 0.3340 0.7089 0.4127
8.6156 19.8637 20.9622 -0.0165 -0.0330 0.9993 0.7261 0.0526
-12.3774 -30.8022 4.5376 -0.3167 -0.9485 0.0064 0.5933 0.5051
13.1095 -28.6850 4.9048 0.4865 -0.8737 -0.0050 0.5950 0.3811
3.9472 4.3189 21.0072 -0.0850 0.0027 0.9964 0.7488 0.1282
-33.5054 -9.9089 27.5915 -0.8192 -0.2308 -0.5249 0.2758 0.3556
-35.1762 -2.3198 26.2367 -0.9939 -0.0742 0.0821 0.3127 0.3622
-8.3727 28.1088 21.2605 0.0059 -0.0467 0.9989 0.8088 0.0124
-3.8904 -24.6345 -24.0281 -0.0090 -0.0100 -0.9999 0.0194 0.7629
23.5577 -2.4766 -23.9821 0.0657 -0.0035 -0.9978 0.1272 0.8964
21.1393 13.6783 -26.9757 -0.8178 -0.4564 -0.3505 0.7600 0.5910
21.1393 13.6783 -26.9757 -0.8304 -0.5341 -0.1587 0.6089 0.6060
-35.2558 3.0223 28.0335 -0.9385 0.0769 -0.3366 0.3387 0.3534
-1.5408 -0.8440 21.0800 0.0499 -0.0003 0.9988 0.7755 0.1533
-29.7274 -3.6683 21.2301 -0.0058 -0.0011 1.0000 0.9126 0.1670
2.2428 16.2547 21.0061 -0.0134 -0.0218 0.9997 0.7571 0.0701
-10.4620 28.1103 21.5902 0.3094 -0.9466 -0.0905 0.4751 0.7672
-34.6126 6.6082 27.8362 -0.8560 0.1716 -0.4876 0.3562 0.3544
-26.6753 -2.7307 21.1539 0.0371 0.0127 0.9992 0.8978 0.1625
1.0288 0.4610 20.8757 0.0233 0.0000 0.9997 0.7630 0.1470
6.1766 28.4974 -28.6760 0.0031 0.0499 -0.9987 0.6188 0.2004
15.7841 -27.0573 -25.3573 0.5601 -0.8271 -0.0463 0.4478 0.3681
13.1223 25.7124 -28.7354 0.0981 0.1677 -0.9810 0.6053 0.2342
-3.2110 -28.1647 -24.3050 -0.0309 0.9964 -0.0795 0.5915 0.7155
23.4819 -19.4287 22.5939 0.8143 -0.5804 0.0123 0.6811 0.3307
-32.3282 -12.7437 -6.8417 -0.9240 -0.3818 -0.0228 0.2620 0.5231
4.5727 -28.3478 -28.8644 -0.1474 0.5260 -0.8376 0.5693 0.7533
4.5727 -28.3478 -28.8644 -0.0758 0.2827 -0.9562 0.3423 0.1926
-16.4288 26.4928 21.2238 0.0331 -0.2137 -0.9763 0.9818 0.6518
-16.4288 26.4928 21.2238 0.3157 -0.6926 -0.6485 0.9882 0.5911
29.5417 -8.7787 27.8669 0.0415 -0.7258 -0.6866 0.9566 0.6559
-19.8952 -20.6669 21.2661 0.0142 0.0141 0.9998 0.8648 0.2497
-14.1048 30.0585 23.2367 -0.3552 0.9348 0.0018 0.9713 0.3789
18.6774 -24.9585 27.5210 0.6554 -0.7130 -0.2490 0.7051 0.3540
-22.1952 -25.9087 27.1174 -0.6011 -0.7963 -0.0674 0.7031 0.5529
-30.4928 7.2527 21.4649 -0.2723 -0.1444 0.9513 0.9164 0.1139
29.4467 -4.5566 22.0110 0.9911 -0.1332 -0.0056 0.3530 0.8762
20.3397 8.8719 -23.9754 0.0010 0.0046 -1.0000 0.1825 0.8807
34.7271 -4.0779 27.2567 0.6485 -0.1719 -0.7416 0.7038 0.7293
10.9122 24.2404 21.1820 -0.0471 -0.0784 0.9958 0.7149 0.0313
-0.5686 -13.4228 21.1638 0.1077 -0.0005 0.9942 0.7708 0.2145
-19.2048 -17.9576 -23.8063 -0.0113 0.0032 -0.9999 0.0519 0.6884
-29.2402 -12.0133 28.1717 0.9057 0.3908 0.1643 0.8618 0.7137
21.6106 -21.9288 7.1064 0.7489 -0.6627 -0.0065 0.6058 0.3398
28.4536 9.1419 25.8088 0.9477 0.3191 0.0083 0.4196 0.8947
-4.9580 -17.8914 21.2099 -0.0097 -0.0307 0.9995 0.7921 0.2362
26.2542 14.2999 26.9139 0.8048 0.4239 -0.4154 0.4447 0.9000
16.8150 -26.4240 27.3045 0.6007 -0.7981 -0.0465 0.7040 0.3631
32.9848 7.4191 27.3737 0.1229 0.0743 -0.9896 0.6954 0.6733
24.9989 16.8697 0.5880 0.8511 0.5249 0.0067 0.8611 0.5692
24.9989 16.8697 0.5880 0.8710 0.4911 0.0139 0.4572 0.7720
13.8631 24.3213 21.4694 0.2549 0.3303 -0.9088 0.8732 0.7046
13.8631 24.3213 21.4694 0.3641 0.3630 0.8577 0.7006 0.0309
10.9930 -24.9086 -23.9280 -0.4583 0.8853 -0.0789 0.5933 0.7846
10.9930 -24.9086 -23.9280 0.0078 0.0062 -1.0000 0.0181 0.8353
10.5856 29.5387 -1.5194 0.4018 0.9157 -0.0020 0.8509 0.4991
-5.9092 -32.3469 -7.0746 -0.1333 -0.9910 0.0087 0.5368 0.4737
-12.2192 16.8117 20.9819 0.0048 -0.0230 0.9997 0.8275 0.0674
9.9250 -25.6817 -24.0613 -0.4115 0.7703 0.4871 0.5927 0.7794
9.9250 -25.6817 -24.0613 -0.0795 0.2122 -0.9740 0.0143 0.8301
-1.5726 14.1184 20.9984 0.0593 0.0081 0.9982 0.7757 0.0805
-2.5877 -25.2621 21.1923 0.0191 -0.0749 0.9970 0.7806 0.2721
24.9083 -18.2037 27.4310 0.7472 -0.4982 -0.4398 0.7501 0.7482
24.9083 -18.2037 27.4310 0.7341 -0.5002 -0.4591 0.7046 0.3237
24.9083 -18.2037 27.4310 0.4362 -0.3073 -0.8457 0.6561 0.7980
-5.2401 10.5403 20.9845 -0.0465 0.0365 0.9982 0.7935 0.0979
-30.8986 8.3449 -28.6929 0.3149 -0.1119 -0.9425 0.5208 0.0200
34.1606 -5.3323 28.4505 0.4184 -0.2152 0.8824 0.1351 0.0077
-28.7048 -10.0574 21.2872 0.0401 0.0236 0.9989 0.9077 0.1981
28.9729 -2.8350 28.6275 -0.0297 0.0029 0.9996 0.1472 0.0330
31.6058 10.0428 28.4217 0.2915 0.4701 0.8331 0.2099 0.0201
31.6058 10.0428 28.4217 0.5288 0.8327 0.1641 0.9968 0.6436
28.6384 9.8988 27.2525 0.1104 0.0806 -0.9906 0.6742 0.6613
16.0908 24.2653 28.7462 -0.0392 -0.0803 0.9960 0.2791 0.0956
5.3000 29.0692 21.4832 -0.2567 -0.5911 -0.7647 0.9101 0.6205
5.3000 29.0692 21.4832 -0.1726 -0.4860 0.8567 0.7422 0.0078
10.0319 -7.3812 -23.9581 -0.0117 0.0088 -0.9999 0.1034 0.8306
-19.9902 24.5152 20.9572 0.5910 -0.7119 -0.3794 0.9869 0.6084
-19.9902 24.5152 20.9572 0.3060 -0.4731 0.8261 0.8653 0.0299
-1.7988 11.5919 20.9944 0.0292 -0.0120 0.9995 0.7768 0.0928
24.1952 -7.0266 -27.2749 -0.9643 0.2590 -0.0551 0.7615 0.6917
20.7728 22.3930 10.0494 0.7258 0.6879 -0.0013 0.9072 0.5486
10.3399 -21.3717 -24.0649 0.0111 -0.0186 -0.9998 0.0353 0.8321
28.8874 -7.7927 9.7075 0.9715 -0.2369 0.0007 0.3372 0.8163
6.9687 -31.0970 24.6443 0.2368 -0.9714 0.0193 0.6911 0.4110
-30.1012 -16.6914 28.7208 -0.0832 -0.0371 0.9958 0.0798 0.3204
13.0897 28.4304 12.1811 0.4689 0.8832 -0.0093 0.9175 0.5113
-31.7414 13.8758 0.8034 -0.8906 0.4548 0.0009 0.3915 0.4859
28.2586 -10.2603 -0.6604 0.9541 -0.2993 0.0124 0.3252 0.7659
12.5440 28.8913 28.5739 0.2568 0.4594 0.8503 0.3016 0.1129
33.4381 -5.8688 28.5082 0.1385 -0.1518 0.9787 0.1325 0.0112
32.7249 8.4904 28.6855 0.2190 0.1891 0.9572 0.2023 0.0147
-6.1230 32.3980 27.2831 -0.0479 0.7090 -0.7036 0.9910 0.4178
-26.3956 17.1216 21.1671 -0.0382 0.1348 0.9901 0.8964 0.0659
-10.7726 -26.9971 -27.9899 0.2384 0.7376 -0.6318 0.5736 0.6787
17.0512 -20.5090 -24.2615 -0.6412 0.6944 0.3265 0.5917 0.8141
19.1903 19.6187 -28.8034 -0.0870 -0.0681 -0.9939 0.5756 0.2637
17.3875 -20.2791 -24.0302 -0.6806 0.6968 -0.2266 0.5929 0.8157
-9.5634 -27.6975 -28.2850 0.1601 0.6472 -0.7453 0.5722 0.6846
-8.9221 -5.0023 21.1830 0.1479 0.0491 0.9878 0.8114 0.1735
5.5400 -31.5247 19.4282 0.2067 -0.9783 0.0145 0.6657 0.4180
-2.5113 32.2944 -8.3334 0.0153 0.9999 0.0078 0.8177 0.4354
-27.6153 -20.6259 21.0926 -0.7962 -0.6049 0.0070 0.6738 0.5793
-2.4798 16.2905 21.0199 -0.0388 -0.0143 0.9991 0.7801 0.0699
10.2167 29.9031 26.3195 0.3242 0.9446 0.0508 0.9863 0.4973
23.7982 18.4605 25.0537 0.8295 0.5583 0.0154 0.9802 0.5634
13.3053 28.2189 4.6882 0.4827 0.8757 -0.0133 0.8811 0.5123
34.9153 3.3939 28.5630 0.6112 0.0415 0.7904 0.1775 0.0040
19.6621 23.4414 -5.7836 0.7007 0.7135 -0.0057 0.8301 0.5432
-6.0144 32.0136 1.2902 -0.1103 0.9939 0.0041 0.8645 0.4183
-34.6223 4.8032 11.3783 -0.9871 0.1599 0.0014 0.3474 0.4345
27.4832 11.7109 4.3452 0.9320 0.3624 0.0046 0.4321 0.7902
0.8090 22.9374 21.2311 0.0365 -0.0224 0.9991 0.7641 0.0376
-34.4328 4.7253 -24.9205 -0.9891 0.1443 -0.0306 0.3470 0.6111
-7.1833 -32.0075 14.5390 -0.1518 -0.9884 0.0038 0.6419 0.4799
-19.7332 23.7899 21.5580 0.2014 -0.5404 -0.8170 0.4749 0.8123
-19.7332 23.7899 21.5580 0.0751 -0.3098 -0.9478 0.9687 0.6358
-34.6863 -2.8436 -22.0501 -0.9961 -0.0882 -0.0024 0.3102 0.5971
-4.5423 -26.2132 -23.9845 -0.0135 -0.0278 -0.9995 0.0118 0.7597
-3.8069 -29.2209 27.3851 0.0409 0.9925 0.1154 0.5571 0.7215
22.7694 12.6566 20.8909 -0.5818 -0.4958 0.6448 0.3495 0.9071
22.7694 12.6566 20.8909 0.8450 0.3885 -0.3676 0.6651 0.8309
22.7694 12.6566 20.8909 0.8027 -0.5448 -0.2424 0.3838 0.9060
-5.6987 -27.7916 -25.2681 0.1226 0.9409 0.3157 0.5868 0.7034
-30.6990 15.7834 -11.5903 -0.8557 0.5174 0.0024 0.8019 0.2982
-30.6990 15.7834 -11.5903 -0.8698 0.4934 0.0000 0.4008 0.5462
-7.7958 -9.4021 21.1757 0.1301 0.0216 0.9913 0.8059 0.1949
23.3496 -11.9973 19.4103 0.6013 -0.0367 0.7982 0.9615 0.6186
12.5129 28.8059 27.2360 0.4949 0.8615 -0.1131 0.9908 0.5085
-0.3264 -32.4831 1.2078 0.0561 -0.9984 0.0075 0.5771 0.4465
4.0422 28.2820 21.9144 -0.2419 -0.9607 -0.1358 0.4766 0.6966
-3.0893 -13.4251 21.1430 -0.0252 0.0369 0.9990 0.7830 0.2145
-0.7090 -28.8587 -28.6461 -0.0168 0.4324 -0.9015 0.3398 0.1669
-0.7090 -28.8587 -28.6461 -0.0462 0.6390 -0.7678 0.5704 0.7276
3.9738 -24.6251 -24.0554 0.0020 -0.0172 -0.9998 0.0195 0.8011
19.6449 -20.0241 28.5691 -0.1434 0.1591 0.9768 0.0636 0.0783
-34.7795 3.7721 27.4347 -0.8541 0.0739 -0.5148 0.3424 0.3563
-3.3733 11.8005 20.9623 -0.0544 0.0028 0.9985 0.7844 0.0918
3.2728 -32.1479 -15.7782 0.1983 -0.9801 0.0057 0.4944 0.4290
27.7037 -2.1389 -28.8526 0.1825 -0.0103 -0.9831 0.4698 0.3051
-29.6863 17.3450 -26.7795 -0.8203 0.5503 -0.1556 0.7280 0.3031
-29.6863 17.3450 -26.7795 -0.8725 0.4855 -0.0545 0.4084 0.6201
28.8264 -7.7946 18.6251 0.9734 -0.2291 0.0035 0.3372 0.8597
23.5107 8.8975 -27.3742 -0.7770 -0.2753 -0.5660 0.5235 0.2847
23.5107 8.8975 -27.3742 -0.9162 -0.3656 -0.1639 0.7620 0.6142
-35.1656 -3.0298 20.1814 -0.9948 -0.0944 -0.0394 0.3093 0.3916
-30.1520 2.9209 -23.3727 0.0729 0.0211 -0.9971 0.1535 0.6351
32.8018 -1.7780 26.6070 0.0301 0.0426 -0.9986 0.6945 0.7181
23.7554 -0.0346 21.1023 -0.0429 0.0037 0.9991 0.6524 0.1494
10.2090 9.5731 20.7390 -0.0035 -0.0088 1.0000 0.7183 0.1026
25.6750 -15.9597 19.7966 0.8654 -0.5009 0.0135 0.6675 0.3200
25.6750 -15.9597 19.7966 0.8831 -0.4691 0.0140 0.2975 0.8654
-15.6145 -30.1675 28.7515 -0.3761 -0.8643 0.3340 0.7111 0.5209
24.0823 -5.1194 -23.9193 0.0845 -0.0139 -0.9963 0.1144 0.8990
5.1612 28.7104 -28.6671 -0.0008 0.0215 -0.9998 0.6199 0.1955
15.3140 22.9960 21.6023 -0.6678 -0.7342 -0.1227 0.4751 0.6418
15.3140 22.9960 21.6023 -0.8838 -0.4584 -0.0935 0.3766 0.9071
-7.5740 -1.5405 -23.7069 -0.0107 0.0110 -0.9999 0.1318 0.7449
21.2942 -22.2495 -12.9431 0.7399 -0.6728 -0.0005 0.5082 0.3413
-28.3367 -19.9294 6.8565 -0.8075 -0.5897 -0.0167 0.6045 0.5828
-32.9431 -11.3440 14.2699 -0.9301 -0.3673 -0.0063 0.2688 0.4204
4.7214 29.2556 21.4723 -0.0986 -0.3260 0.9402 0.7450 0.0069
4.7214 29.2556 21.4723 -0.2945 -0.9309 -0.2159 0.9100 0.6233
-0.2470 29.9963 21.4957 0.0025 -0.2747 -0.9615 0.9008 0.6359
11.9757 25.0617 21.8199 0.7948 -0.2635 -0.5467 0.8768 0.6954
11.9757 25.0617 21.8199 -0.5030 -0.8438 -0.1872 0.4762 0.6580
-8.6563 -32.0267 28.9666 0.0669 0.1588 0.9850 0.0052 0.2160
20.1771 -23.4546 13.6851 0.7178 -0.6963 0.0032 0.6378 0.3467
19.5071 -18.4935 20.5339 -0.7941 0.6078 -0.0075 0.5237 0.8349
27.6804 -11.4352 26.9294 0.6916 -0.2819 -0.6650 0.6696 0.7651
27.6804 -11.4352 26.9294 0.9247 -0.3799 0.0230 0.3195 0.9001
24.7241 -9.6263 -28.6132 -0.2853 0.1386 -0.9484 0.4333 0.2906
-4.7339 26.2875 -23.4705 -0.0116 0.0058 -0.9999 0.2672 0.7588
1.3088 18.9286 21.0587 -0.0341 -0.0360 0.9988 0.7617 0.0571
25.4727 8.0236 24.3462 -0.9554 -0.2950 0.0158 0.7934 0.6167
-16.0300 -29.3908 -2.4890 -0.4327 -0.9015 0.0063 0.5591 0.5229
24.5154 -6.7284 -23.8536 -0.9024 0.2723 -0.3341 0.7448 0.6903
24.5154 -6.7284 -23.8536 -0.3646 0.0574 -0.9294 0.1066 0.9011
11.5569 -17.2141 21.0310 -0.0051 0.0203 0.9998 0.7118 0.2329
4.5086 -31.8482 26.9230 0.1849 -0.9578 -0.2199 0.7022 0.4230
15.9570 -26.1596 -28.0653 0.4854 -0.6620 -0.5711 0.4346 0.3673
-35.3261 0.2252 23.8900 -0.9988 0.0443 0.0211 0.3251 0.3736
-13.0533 -27.2671 24.0525 0.3604 0.9327 -0.0094 0.5408 0.6765
-0.4019 -15.2608 21.0728 0.0692 -0.0356 0.9970 0.7700 0.2234
8.3088 -31.1009 28.0943 0.3350 -0.9399 0.0663 0.7079 0.4045
19.2651 4.4787 20.9032 -0.0443 -0.0094 0.9990 0.6743 0.1274
-18.2422 -24.9927 -28.8222 0.0950 0.1697 -0.9809 0.3586 0.0816
29.6594 2.1721 27.2637 0.8811 0.0011 -0.4728 0.3857 0.9017
29.6594 2.1721 27.2637 0.1249 -0.0129 -0.9921 0.6792 0.6989
25.2358 -16.7217 -27.2203 0.8174 -0.5600 -0.1350 0.4387 0.3221
25.2358 -16.7217 -27.2203 0.7806 -0.4575 -0.4259 0.2938 0.6367
-25.6444 14.9324 -26.3759 0.8567 -0.5029 -0.1147 0.7222 0.6150
12.5590 -1.4317 -23.9369 -0.0134 0.0078 -0.9999 0.1323 0.8429
-17.9948 -3.6532 20.9178 0.0143 0.0187 0.9997 0.8556 0.1670
-29.9418 11.4073 20.9190 0.1021 -0.0625 0.9928 0.9137 0.0937
3.3454 -9.7472 21.1399 -0.0651 0.0585 0.9962 0.7517 0.1966
-9.9610 19.4165 -23.4886 -0.0117 0.0069 -0.9999 0.2338 0.7333
22.9497 -20.3307 10.8800 0.7926 -0.6098 0.0021 0.6241 0.3332
14.4123 -10.7952 -24.0300 -0.0093 0.0059 -0.9999 0.0868 0.8519
-20.4118 -26.9297 11.2003 -0.5164 -0.8563 0.0047 0.6257 0.5442
-19.9969 -23.5348 21.6064 0.4693 0.6485 0.5994 0.5289 0.6427
-19.9969 -23.5348 21.6064 0.3158 0.4195 0.8511 0.8653 0.2637
-12.4448 -29.7803 28.7389 0.0554 0.1391 0.9887 0.0161 0.2345
-7.4142 -32.0871 -4.3931 -0.1812 -0.9834 0.0070 0.5498 0.4810
-31.3337 -5.1316 21.8216 0.9797 0.1753 0.0973 0.8309 0.6802
15.0905 23.0622 21.2967 -0.2152 -0.2167 0.9522 0.6946 0.0370
31.7256 -7.5757 27.7145 0.1303 -0.2629 -0.9560 0.6892 0.7463
8.3164 24.3929 -23.7540 -0.1864 -0.3006 -0.9354 0.2580 0.8223
10.3988 26.5425 28.5887 -0.1464 -0.2649 0.9531 0.2902 0.1233
10.3988 26.5425 28.5887 -0.3492 -0.6973 0.6260 0.5091 0.6657
9.0031 -17.6154 21.0172 -0.0116 0.0338 0.9994 0.7242 0.2349
-0.5646 23.7249 -23.5522 -0.0141 0.0125 -0.9998 0.2547 0.7790
-33.2086 -11.4940 28.6401 -0.4001 -0.1539 0.9035 0.1051 0.3355
-9.2346 -27.2685 -23.8878 -0.0257 0.9032 -0.4285 0.5935 0.6862
-9.2346 -27.2685 -23.8878 0.0010 0.0622 -0.9981 0.0066 0.7369
29.2412 6.0435 -12.1108 0.9800 0.1988 0.0015 0.4045 0.7102
-17.6255 -9.1674 21.0305 0.0138 0.0220 0.9997 0.8538 0.1938
-30.2958 9.2089 27.0306 0.9533 -0.3013 0.0224 0.8562 0.6105
19.0785 -24.6076 25.4282 0.6994 -0.7143 0.0240 0.6949 0.3521
-26.4709 16.7129 21.2572 0.0971 0.1147 0.9886 0.8968 0.0679
17.6862 -7.8362 -24.0442 -0.0088 0.0050 -0.9999 0.1012 0.8678
-10.4876 13.0703 -23.5215 -0.0109 0.0087 -0.9999 0.2029 0.7308
-17.1973 13.6603 20.9544 0.0129 -0.0200 0.9997 0.8517 0.0827
24.7612 4.8720 -24.1027 -0.5841 -0.1612 -0.7955 0.1630 0.9023
-17.6277 -24.9993 27.0199 0.5125 0.8585 0.0193 0.5553 0.6543
-16.3987 11.2029 -23.4774 -0.0091 0.0086 -0.9999 0.1938 0.7020
-4.5725 -27.2929 -23.9487 -0.0282 -0.0026 -0.9996 0.0065 0.7595
-15.4058 18.8117 21.0440 0.0078 -0.0268 0.9996 0.8430 0.0577
12.1693 -25.1433 27.7219 -0.4801 0.8183 0.3161 0.5587 0.7992
-16.2637 -24.0160 -26.8727 0.5058 0.8531 -0.1280 0.5790 0.6520
-2.1677 -25.5365 -24.0308 -0.0091 -0.0183 -0.9998 0.0151 0.7712
-0.6183 -16.5447 21.0768 0.0515 0.0118 0.9986 0.7710 0.2297
6.5789 25.7459 -25.4153 -0.3601 -0.9311 -0.0579 0.6165 0.6768
-28.8015 -19.0021 19.0373 -0.8219 -0.5696 0.0078 0.6638 0.5850
20.4862 17.7506 21.7130 -0.7826 -0.6061 0.1417 0.4757 0.6166
-4.0624 21.6043 21.0599 0.0426 -0.0213 0.9989 0.7878 0.0441
6.8352 31.4873 28.0893 0.2996 0.9356 -0.1869 0.9949 0.4808
5.0922 26.1793 -23.7917 -0.3263 -0.9407 -0.0930 0.6244 0.6841
5.0922 26.1793 -23.7917 -0.1275 -0.2948 -0.9470 0.2667 0.8066
28.7828 6.1911 28.6646 -0.0270 -0.0113 0.9996 0.1911 0.0339
-0.2113 -13.4172 -23.9213 -0.0087 0.0095 -0.9999 0.0740 0.7808
19.4395 4.8349 -24.0026 -0.0130 0.0050 -0.9999 0.1628 0.8764
21.2251 16.7232 21.6173 -0.8222 -0.5434 0.1693 0.4752 0.6130
15.2208 23.2179 21.3954 -0.3236 -0.2988 0.8978 0.6940 0.0362
15.2208 23.2179 21.3954 -0.6001 -0.7373 -0.3101 0.4741 0.6423
15.2208 23.2179 21.3954 -0.8838 -0.4584 -0.0935 0.3776 0.9060
12.5528 27.8056 -27.9129 0.3741 0.6764 -0.6345 0.7225 0.5086
12.7209 -28.8824 -1.6513 0.4628 -0.8864 0.0031 0.5631 0.3830
-19.1125 -27.6962 3.6261 -0.4974 -0.8675 0.0003 0.5888 0.5379
-21.5171 -20.0743 -27.2038 0.6385 0.7147 -0.2857 0.5774 0.6264
26.0972 -5.8070 19.1516 -0.7540 0.1261 0.6447 0.9482 0.5885
26.0972 -5.8070 19.1516 -0.9455 0.2188 -0.2412 0.8187 0.6840
-14.3635 -21.6404 21.2117 0.0102 0.0142 0.9998 0.8379 0.2545
-3.8536 24.1563 21.4208 0.2407 -0.2383 0.9409 0.7868 0.0317
32.6585 -7.2547 28.0935 0.5577 -0.8001 0.2211 0.9577 0.6407
9.5906 -26.4433 -28.7296 -0.2393 0.5592 -0.7937 0.5700 0.7778
9.5906 -26.4433 -28.7296 -0.1125 0.2582 -0.9595 0.3515 0.2170
-32.3376 -12.1562 28.7060 -0.0874 -0.0422 0.9953 0.1019 0.3312
-14.9045 29.7345 25.5583 -0.3834 0.9229 -0.0352 0.9826 0.3751
-29.1635 18.1281 21.8195 -0.8324 0.5542 -0.0031 0.9644 0.3057
1.0785 12.6690 20.8964 0.0084 -0.0321 0.9995 0.7628 0.0876
-2.7897 27.4999 -26.6438 -0.0193 -0.9901 -0.1390 0.6105 0.7224
-9.6070 14.2159 21.0079 -0.0973 0.0104 0.9952 0.8148 0.0800
-10.2929 21.0515 21.0868 0.0077 -0.0289 0.9996 0.8181 0.0468
-16.1129 -28.8148 -28.3222 -0.3239 -0.6665 -0.6715 0.4334 0.5233
29.4329 4.6284 -1.4812 0.9904 0.1376 0.0112 0.3976 0.7619
22.1223 4.7795 -24.0131 0.0071 0.0110 -0.9999 0.1625 0.8894
-30.5771 -16.1920 1.2043 -0.8437 -0.5368 -0.0059 0.5770 0.5937
-30.5771 -16.1920 1.2043 -0.8729 -0.4878 -0.0074 0.2452 0.4839
-18.7830 -28.1784 28.8341 -0.1099 -0.1275 0.9857 0.0239 0.2653
14.1098 -23.3812 20.9666 -0.5049 0.7645 0.4007 0.5258 0.8087
20.1542 -17.6860 20.8547 -0.8453 0.4578 0.2754 0.8488 0.7392
20.1542 -17.6860 20.8547 -0.7727 0.5912 0.2311 0.5253 0.8381
20.0057 -17.5024 20.1555 -0.3780 -0.2367 0.8950 0.6707 0.2343
-19.8636 -27.3193 25.0036 -0.4928 -0.8700 0.0162 0.6928 0.5415
-13.7493 -27.2994 28.3582 0.1874 0.4003 0.8970 0.0282 0.2408
-13.7493 -27.2994 28.3582 0.2326 0.6335 0.7380 0.5618 0.6731
8.1443 -25.1824 -23.9882 0.0089 -0.0351 -0.9993 0.0168 0.8214
-33.2826 11.5968 28.5957 -0.5245 0.2104 0.8250 0.2174 0.3358
-10.0115 -28.1835 21.8327 0.2476 0.9672 0.0568 0.5300 0.6913
-27.3135 -11.5962 -23.6835 0.0011 0.0304 -0.9995 0.0829 0.6489
1.7848 27.0700 -24.4342 -0.1913 -0.9804 -0.0480 0.6213 0.7001
9.4852 23.9769 -23.8632 -0.4988 -0.8343 -0.2348 0.6241 0.6627
9.4852 23.9769 -23.8632 -0.1898 -0.2772 -0.9419 0.2559 0.8279
-18.3870 28.0274 7.6515 -0.4915 0.8709 0.0042 0.8955 0.3581
15.4505 -27.5207 21.1797 0.5618 -0.8269 -0.0265 0.6742 0.3697
-27.7074 -15.3242 -28.8775 0.2133 0.1449 -0.9662 0.4056 0.0356
-11.9037 23.3751 21.1549 0.0008 -0.0192 0.9998 0.8259 0.0355
-27.8212 -12.6236 21.3091 0.1016 0.0742 0.9921 0.9034 0.2106
26.6945 -14.1440 5.7529 0.9050 -0.4255 0.0000 0.3063 0.7971
-4.7010 30.0800 21.2707 0.1981 -0.9754 0.0966 0.9090 0.6691
0.5647 -29.3020 28.2713 -0.0886 0.4591 0.8839 0.0185 0.1712
0.5647 -29.3020 28.2713 -0.0857 0.8171 0.5700 0.5614 0.7428
-8.5972 -31.7660 20.7570 -0.1711 -0.9852 0.0020 0.6722 0.4867
-14.1362 -30.2258 -3.3167 -0.3705 -0.9288 0.0042 0.5550 0.5137
-3.2189 -15.7357 21.2616 0.0261 0.0077 0.9996 0.7837 0.2258
-28.1316 19.6934 -3.3054 -0.7855 0.6189 0.0045 0.8422 0.3107
-31.0499 8.4349 28.4581 0.4104 -0.0851 0.9079 0.2021 0.3250
-15.6659 -26.1157 27.6467 0.4651 0.8830 0.0632 0.5583 0.6638
-12.9926 27.2176 25.6801 0.3557 -0.9336 0.0436 0.4950 0.7795
-14.4520 -24.9620 -26.7450 0.4227 0.9063 0.0066 0.5796 0.6608
-31.6639 4.7389 28.4332 0.6109 -0.0727 0.7884 0.1841 0.3280
35.0487 -3.2432 28.0047 0.9456 -0.2463 0.2124 0.9212 0.6323
-4.5477 10.6965 -23.6114 -0.0125 0.0096 -0.9999 0.1913 0.7597
-2.5689 -17.8640 21.2024 0.0423 -0.0532 0.9977 0.7805 0.2361
0.1190 -8.3152 20.9851 0.0501 0.0195 0.9986 0.7674 0.1897
-34.5384 4.3792 -15.0233 -0.9915 0.1304 -0.0007 0.3453 0.5629
2.0891 31.9311 -0.4313 0.1439 0.9896 0.0012 0.8562 0.4577
-17.2455 -29.3778 28.7732 -0.3385 -0.6423 0.6877 0.7112 0.5288
9.4301 26.8194 -28.7350 -0.0474 -0.0841 -0.9953 0.6107 0.2162
25.6994 -7.3965 25.1444 -0.9647 0.2627 0.0156 0.7895 0.6917
-15.7235 -11.6235 21.0654 0.0088 0.0219 0.9997 0.8445 0.2057
-3.6320 -26.5918 21.0968 0.0185 -0.0804 0.9966 0.7857 0.2786
-14.8888 20.2534 -23.4175 -0.0172 0.0169 -0.9997 0.2378 0.7094
-17.5930 23.3472 -23.3628 0.1581 -0.3320 -0.9299 0.2529 0.6962
26.1269 6.2685 27.9807 -0.8887 -0.1674 0.4268 0.7757 0.6253
26.1269 6.2685 27.9807 -0.8013 -0.1897 0.5674 0.1915 0.0468
-18.3579 29.0489 27.7851 -0.4358 0.7888 -0.4335 0.9935 0.3583
3.4252 -17.9271 -23.9971 -0.0085 0.0112 -0.9999 0.0521 0.7985
-13.6775 26.6113 21.2567 0.1189 -0.2154 0.9693 0.8346 0.0197
-34.5799 -5.0294 3.4948 -0.9893 -0.1443 -0.0227 0.2995 0.4728
-0.5962 -32.7904 27.5601 0.0321 -0.6894 -0.7236 0.7053 0.4478
1.8613 -13.5621 -23.9407 -0.0085 0.0088 -0.9999 0.0733 0.7908
18.8211 -18.6870 -24.3036 -0.7368 0.6544 0.1703 0.5915 0.8227
26.4370 3.8116 26.6449 -0.9901 -0.1371 0.0303 0.7822 0.6372
-8.0885 -32.3642 28.7382 -0.1123 -0.8541 0.5078 0.7110 0.4843
-8.3079 3.8314 20.9687 0.0940 0.0013 0.9956 0.8084 0.1306
-32.8312 -11.6154 13.1194 -0.9297 -0.3683 -0.0015 0.2675 0.4260
1.4253 14.6581 20.9565 0.0007 -0.0106 0.9999 0.7611 0.0779
-28.3100 13.9372 22.2989 0.8527 -0.4682 -0.2318 0.8332 0.5875
24.2353 -10.8416 18.9262 -0.1030 0.2372 0.9660 0.9572 0.6130
26.5765 1.7610 23.5706 -0.9987 -0.0487 0.0146 0.7972 0.6472
11.4151 25.3672 22.8015 -0.4673 -0.8841 0.0047 0.4810 0.6608
3.7149 -11.3656 21.0711 0.3709 -0.0471 0.9275 0.7499 0.2045
-30.1753 -0.6307 -25.6602 0.9818 -0.0094 0.1897 0.7257 0.6907
-3.5756 -32.6251 -20.2174 -0.0341 -0.9994 0.0091 0.4728 0.4623
26.0317 1.8340 21.2142 -0.1990 -0.0142 0.9799 0.6414 0.1403
-13.1725 -27.0998 21.3751 0.1047 0.2063 0.9729 0.8321 0.2810
-13.1725 -27.0998 21.3751 0.2650 0.6036 0.7520 0.5278 0.6759
-30.3245 9.8756 21.1812 0.3194 0.1708 0.9321 0.9156 0.1011
15.5959 27.0133 21.5258 0.5910 0.8067 -0.0066 0.9630 0.5235
13.1993 -22.8529 -27.2001 -0.5522 0.7843 -0.2829 0.5774 0.7953
26.2357 15.4267 27.4783 0.6240 0.3523 -0.6975 0.6625 0.6344
-21.6530 21.9280 21.3280 -0.2025 0.2020 0.9582 0.8734 0.0425
-26.5324 -14.6409 -24.4976 0.8458 0.4548 0.2789 0.7314 0.7589
26.3895 2.3396 21.3890 -0.9813 -0.0679 0.1802 0.8078 0.6444
26.3895 2.3396 21.3890 -0.5692 -0.0347 0.8215 0.6396 0.1378
-1.1223 29.2031 27.4220 -0.0574 -0.9896 0.1318 0.5034 0.7218
20.8119 -22.7538 17.4198 0.7377 -0.6751 -0.0034 0.6559 0.3437
27.2175 -12.6678 -27.2902 0.8991 -0.3539 -0.2578 0.3135 0.6363
27.2175 -12.6678 -27.2902 0.7586 -0.2932 -0.5818 0.4185 0.3028
-16.0839 26.4115 21.1304 -0.2562 0.4479 0.8566 0.8463 0.0207
-16.0839 26.4115 21.1304 -0.5546 0.8318 -0.0237 0.7862 0.7391
-29.0395 -7.7916 -27.1026 0.9131 0.2589 -0.3150 0.7187 0.7255
-28.5575 -8.0668 21.2510 0.0161 0.0130 0.9998 0.9070 0.1884
3.7281 -32.0395 -5.2119 0.1863 -0.9825 -0.0000 0.5458 0.4268
17.0447 -22.0976 28.4035 -0.3437 0.3786 0.8594 0.0535 0.0910
17.0447 -22.0976 28.4035 -0.5741 0.6824 0.4525 0.5620 0.8229
12.8602 -23.6180 20.2185 -0.1458 0.7164 0.6823 0.5222 0.8026
12.8602 -23.6180 20.2185 0.2461 0.1532 0.9571 0.7054 0.2641
23.5750 19.0592 -3.7656 0.8100 0.5865 -0.0034 0.8400 0.5623
4.7944 -27.7398 20.8422 -0.1775 0.4231 0.8885 0.7447 0.2842
4.7944 -27.7398 20.8422 -0.2256 0.7831 0.5796 0.5252 0.7633
34.7518 5.8672 28.1987 0.9634 0.2642 0.0460 0.9222 0.5880
34.7518 5.8672 28.1987 0.7515 0.2195 0.6222 0.1896 0.0048
-27.9883 -1.6496 21.1954 0.0395 0.0074 0.9992 0.9042 0.1572
-18.2993 24.0930 -28.3143 0.3097 -0.4281 -0.8490 0.5974 0.0813
-18.2993 24.0930 -28.3143 0.3672 -0.5427 -0.7554 0.6024 0.7979
15.2315 27.1404 11.8496 0.5582 0.8296 -0.0074 0.9159 0.5217
-29.0517 -18.7149 12.9206 -0.8223 -0.5690 0.0034 0.6340 0.5862
-18.6226 22.9398 -23.4065 0.3429 -0.5972 -0.7251 0.6263 0.7994
-18.6226 22.9398 -23.4065 0.1611 -0.2917 -0.9428 0.2509 0.6912
6.9914 30.9682 28.7635 0.0347 0.1470 0.9885 0.3117 0.1399
-15.8863 28.7336 28.5921 0.0252 -0.0670 0.9974 0.3008 0.2512
-14.8062 -29.9275 24.5649 -0.4014 -0.9159 0.0084 0.6907 0.5169
34.8324 -3.9817 27.9131 0.9017 -0.1644 0.4000 0.9208 0.6359
7.9875 27.0301 21.4308 -0.0029 0.0162 0.9999 0.7292 0.0177
7.9875 27.0301 21.4308 -0.4903 -0.8621 0.1280 0.7653 0.7427
-30.3938 1.6612 -23.4441 0.1776 0.0282 -0.9837 0.1474 0.6339
-4.6213 27.8297 21.2601 -0.0136 -0.0034 0.9999 0.7905 0.0138
-28.1963 -11.0848 -23.7796 0.3596 0.1334 -0.9235 0.0854 0.6446
-28.1963 -11.0848 -23.7796 0.9386 0.3315 -0.0957 0.7349 0.7416
-31.8056 0.1156 21.4661 0.7801 0.1059 0.6167 0.9228 0.1486
-31.8056 0.1156 21.4661 0.9993 0.0171 -0.0336 0.8292 0.6547
-14.2481 -30.1157 7.7238 -0.3646 -0.9312 -0.0017 0.6088 0.5142
24.6213 -17.9192 8.0170 0.8427 -0.5384 0.0017 0.6102 0.3251
29.6295 -8.9208 28.0104 0.1638 -0.7868 -0.5951 0.9573 0.6555
24.7741 7.3847 21.1586 -0.0510 -0.0050 0.9987 0.6475 0.1133
19.8075 -17.0006 -25.1089 -0.7880 0.5647 0.2451 0.5876 0.8275
7.4379 -31.0776 27.1978 0.3189 -0.9154 -0.2458 0.7035 0.4087
13.6172 15.3744 -23.8609 -0.0157 0.0111 -0.9998 0.2141 0.8480
28.2865 -11.9734 28.2199 0.5933 -0.2168 0.7752 0.1028 0.0363
28.2865 -11.9734 28.2199 0.9231 -0.3821 0.0433 0.9789 0.5952
15.4431 26.8699 -5.3618 0.5528 0.8333 -0.0104 0.8322 0.5227
21.9406 -14.4374 -28.1941 -0.5897 0.3167 -0.7430 0.4099 0.2771
-27.5941 12.8260 -23.3959 0.8831 -0.4608 0.0882 0.7367 0.6252
-27.5941 12.8260 -23.3959 0.2829 -0.1396 -0.9489 0.2017 0.6475
14.7103 26.3790 -28.0635 0.4661 0.7161 -0.5195 0.7217 0.5191
14.7103 26.3790 -28.0635 0.2980 0.4256 -0.8544 0.6085 0.2419
28.1205 10.2180 -16.5740 0.9455 0.3256 0.0057 0.4248 0.6885
-8.3142 -4.8291 21.0806 0.1289 0.0407 0.9908 0.8085 0.1727
11.2846 16.5098 20.8991 -0.0218 -0.0315 0.9993 0.7131 0.0689
-34.9331 -3.9440 26.5058 -0.9759 -0.1760 0.1291 0.3048 0.3609
28.3329 -10.3075 27.1600 0.6438 -0.2497 -0.7233 0.6727 0.7596
-30.2190 4.6020 -23.3840 0.2464 -0.0521 -0.9678 0.1617 0.6348
16.1076 26.6811 28.6559 0.1606 0.2840 0.9453 0.2908 0.0955
26.5809 -14.2919 17.1114 0.8968 -0.4424 0.0115 0.3056 0.8523
-27.5506 15.5861 21.1387 -0.1388 -0.0245 0.9900 0.9021 0.0734
-27.5506 15.5861 21.1387 0.6415 -0.5881 0.4925 0.4729 0.8503
-2.8329 30.1224 21.2400 -0.0096 -0.0465 0.9989 0.7818 0.0026
-33.1558 -10.7851 13.7586 -0.9403 -0.3401 -0.0101 0.2715 0.4229
-1.5160 32.0889 24.6637 -0.0046 1.0000 0.0003 0.9783 0.4402
-8.2104 -24.8357 -23.9896 -0.0142 -0.0123 -0.9998 0.0185 0.7418
-34.9315 1.2938 -4.8475 -0.9995 0.0317 -0.0047 0.3303 0.5134
-24.8684 -22.7120 28.7736 -0.0020 0.0005 1.0000 0.0505 0.2949
-26.6583 17.0948 21.1890 0.0729 0.2347 0.9693 0.8977 0.0660
-26.6583 17.0948 21.1890 0.8018 -0.5309 -0.2742 0.4731 0.8460
-26.6583 17.0948 21.1890 0.9492 -0.2506 0.1903 0.6062 0.8411
11.8600 -6.3734 -23.9721 -0.0120 0.0085 -0.9999 0.1083 0.8395
6.9246 -18.6548 21.0268 -0.0111 0.0338 0.9994 0.7343 0.2400
23.7610 18.6945 12.3458 0.8228 0.5682 0.0093 0.9183 0.5632
7.3308 2.2320 20.7416 0.0210 0.0007 0.9998 0.7324 0.1383
13.8201 28.0861 18.4536 0.5148 0.8569 -0.0267 0.9481 0.5148
-31.6071 2.5533 21.0752 0.2950 -0.0071 0.9555 0.9218 0.1368
5.6236 -24.0803 21.0221 0.0346 -0.0738 0.9967 0.7407 0.2664
4.2715 28.2896 27.2092 -0.2488 -0.9663 0.0665 0.5024 0.6955
2.0018 29.0568 21.5171 -0.0335 -0.0744 -0.9967 0.8963 0.6468
2.0018 29.0568 21.5171 0.0420 0.7437 -0.6672 0.5215 0.8614
2.0018 29.0568 21.5171 0.0230 -0.9801 0.1973 0.4747 0.7066
-30.0744 -18.1552 28.4940 -0.8215 -0.5457 0.1657 0.7098 0.5912
-30.0744 -18.1552 28.4940 -0.4187 -0.2689 0.8674 0.0727 0.3202
-17.2647 -28.7849 21.4573 -0.4607 -0.8876 0.0011 0.6756 0.5289
19.4508 24.5418 28.5668 0.3944 0.4837 0.7813 0.2804 0.0793
19.4508 24.5418 28.5668 0.6433 0.7146 -0.2746 0.9973 0.5422
14.9874 -22.8472 19.2454 0.2738 0.4952 0.8245 0.6951 0.2604
14.9874 -22.8472 19.2454 -0.4725 0.8733 0.1187 0.5175 0.8129
8.4686 30.5192 27.3071 0.2918 0.8849 -0.3629 0.9911 0.4888
-26.8138 21.1607 14.8961 -0.7592 0.6508 0.0047 0.9307 0.3171
6.7318 27.5048 24.8044 -0.3306 -0.9438 0.0035 0.4907 0.6836
15.8148 -27.1388 28.3695 0.4300 -0.7351 0.5241 0.7092 0.3680
8.4051 -26.9684 21.8679 -0.3951 0.9082 0.1379 0.5302 0.7809
-6.5348 20.6632 21.2609 -0.1689 0.0446 0.9846 0.7998 0.0487
-3.5718 13.6379 20.9753 -0.0720 -0.0038 0.9974 0.7854 0.0828
-33.0138 -12.5695 28.4495 -0.9042 -0.3716 0.2105 0.2629 0.3514
-33.0138 -12.5695 28.4495 -0.6073 -0.2643 0.7492 0.0999 0.3345
6.8182 -27.2035 -28.6039 -0.1673 0.5519 -0.8169 0.5706 0.7643
34.0221 7.0785 27.5331 0.4543 0.2771 -0.8466 0.7004 0.6750
-5.1288 31.9888 23.5932 -0.0834 0.9964 0.0123 0.9731 0.4226
22.8747 12.6231 20.9601 -0.8399 -0.4426 0.3142 0.6733 0.8300
22.8747 12.6231 20.9601 -0.7248 -0.3884 0.5690 0.3494 0.9067
22.8747 12.6231 20.9601 0.0089 0.8641 0.5033 0.6567 0.0878
22.8747 12.6231 20.9601 0.6134 0.1577 -0.7738 0.4554 0.9060
22.8747 12.6231 20.9601 -0.7763 -0.0391 -0.6292 0.3292 0.9060
22.8747 12.6231 20.9601 0.5746 0.1387 -0.8066 0.6654 0.8311
3.5316 -28.9070 -28.9499 -0.0770 0.2835 -0.9559 0.3395 0.1875
-30.0674 8.2389 -28.3456 0.6135 -0.1959 -0.7650 0.5203 0.0241
-2.8838 29.2501 27.3859 0.0053 -0.9941 0.1083 0.5033 0.7303
-17.0903 28.7526 2.8156 -0.4492 0.8934 0.0040 0.8720 0.3644
-21.9636 -26.0549 20.6720 -0.5493 -0.8355 -0.0118 0.6718 0.5518
-21.9947 19.0995 21.2183 -0.0128 -0.0573 0.9983 0.8750 0.0563
25.5280 7.6635 21.7078 -0.9349 -0.2582 0.2435 0.8063 0.6185
-30.1344 -5.7904 -24.1564 0.9257 0.3061 0.2224 0.7330 0.7158
-14.7589 27.3512 21.0461 -0.1729 0.1706 0.9700 0.8264 0.7386
-14.7589 27.3512 21.0461 0.3183 -0.9472 0.0392 0.9873 0.5829
-25.3809 15.2010 21.1908 0.0273 -0.0206 0.9994 0.8915 0.0752
19.8979 -17.3637 20.7243 0.7389 -0.6730 0.0327 0.9276 0.6513
1.5736 28.9510 27.8882 -0.1334 -0.9520 0.2753 0.5057 0.7087
-17.7714 -24.8997 24.6941 0.5243 0.8515 -0.0061 0.5440 0.6536
-15.5028 -29.6507 -5.2862 -0.4195 -0.9077 0.0029 0.5455 0.5203
-11.8605 -3.9013 -23.6980 -0.0071 0.0126 -0.9999 0.1203 0.7241
-31.6300 15.7271 28.3521 -0.4820 0.2597 0.8368 0.2375 0.3278
-31.6300 15.7271 28.3521 -0.8794 0.4732 -0.0523 0.4005 0.3519
-34.7534 3.6360 -4.9669 -0.9924 0.1226 -0.0087 0.3417 0.5140
0.6051 -32.7429 28.3928 0.0984 -0.8098 0.5784 0.7093 0.4420
13.6261 -23.2728 19.9530 0.0918 0.7040 0.7042 0.5209 0.8063
13.6261 -23.2728 19.9530 0.3453 0.2479 0.9052 0.7017 0.2624
9.5602 -30.4752 27.7174 0.3545 -0.8758 -0.3277 0.7060 0.3984
27.9143 10.6881 18.3480 0.9428 0.3334 -0.0025 0.4271 0.8584
4.4172 3.1649 21.0425 0.0879 0.0048 0.9961 0.7465 0.1338
-33.0050 -11.3180 23.0386 -0.9215 -0.3884 0.0046 0.2689 0.3777
-33.8245 -8.8144 25.8649 -0.9570 -0.2833 0.0632 0.2811 0.3640
24.7479 -17.7731 -25.8144 0.8248 -0.5602 -0.0774 0.4456 0.3245
22.5973 13.0683 20.7549 -0.9350 -0.3014 -0.1867 0.6743 0.8279
22.5973 13.0683 20.7549 -0.8260 -0.5347 0.1786 0.4985 0.8653
26.0027 14.8379 18.2585 0.8801 0.4748 0.0040 0.4473 0.8579
21.5349 21.4965 -11.4914 0.7527 0.6583 -0.0032 0.8024 0.5523
-2.9647 -27.9700 -25.0416 -0.0104 0.9643 0.2647 0.5879 0.7167
13.0830 -28.8937 28.0223 0.4836 -0.8753 -0.0067 0.7075 0.3813
-30.6296 3.2910 -23.7525 0.9789 -0.1015 0.1771 0.7350 0.6716
-29.0255 -8.9705 -23.6538 0.8965 0.3170 -0.3096 0.7355 0.7313
-29.0255 -8.9705 -23.6538 0.1375 0.0931 -0.9861 0.0957 0.6406
29.6938 -4.3698 -23.2592 0.9925 -0.1214 -0.0113 0.3539 0.6559
-21.7912 22.0351 21.8302 0.4630 -0.4617 -0.7566 0.8768 0.7175
-21.7912 22.0351 21.8302 0.6404 -0.7273 -0.2467 0.4762 0.8223
-34.5911 5.6513 20.2381 -0.9751 0.2214 -0.0104 0.3515 0.3913
-23.5966 19.0207 -28.0692 0.4147 -0.3794 -0.8271 0.5727 0.0556
-23.5966 19.0207 -28.0692 0.5930 -0.5329 -0.6036 0.6036 0.8236
-26.7748 -13.3934 -25.7591 0.8651 0.4338 0.2519 0.7252 0.7528
-4.3260 27.6524 -24.2519 0.0194 -0.9998 -0.0015 0.6222 0.7299
30.7122 -8.2482 28.1147 0.5053 -0.8628 0.0147 0.9578 0.6502
30.7122 -8.2482 28.1147 0.2377 -0.3969 0.8865 0.1209 0.0245
-12.6508 13.7326 -23.4931 -0.0103 0.0080 -0.9999 0.2061 0.7202
1.8986 -32.3064 -26.4514 0.1383 -0.9866 -0.0868 0.4425 0.4357
-16.5829 -27.3387 -28.8900 -0.0743 -0.1638 -0.9837 0.3472 0.0897
3.0400 -14.9916 21.0902 0.3092 -0.0625 0.9489 0.7532 0.2221
-7.1768 31.9323 -8.9674 -0.1553 0.9878 0.0048 0.8146 0.4127
0.2376 -12.0816 21.0257 0.1057 0.0007 0.9944 0.7669 0.2080
27.1463 -12.8283 24.6440 0.9151 -0.4028 0.0188 0.3127 0.8890
23.3533 8.4251 -24.0128 -0.3202 -0.1152 -0.9403 0.1803 0.8954
26.0925 -14.8594 26.8854 0.8870 -0.4607 0.0309 0.3028 0.8999
26.0925 -14.8594 26.8854 0.6345 -0.3173 -0.7048 0.6618 0.7817
15.1190 -23.1757 24.0600 -0.5906 0.8069 -0.0096 0.5409 0.8136
-1.4561 9.5726 -23.6656 -0.0145 0.0101 -0.9998 0.1859 0.7747
26.0730 -4.5765 19.4526 -0.7947 -0.0969 -0.5993 0.8666 0.7348
26.0730 -4.5765 19.4526 -0.9289 -0.3227 -0.1818 0.8172 0.6780
-1.0419 -32.5866 -16.9538 0.0314 -0.9995 0.0098 0.4887 0.4500
22.5253 -20.7508 18.4867 0.7755 -0.6313 0.0094 0.6611 0.3353
-2.8525 -32.9798 28.2698 -0.0132 -0.9333 0.3588 0.7087 0.4588
-10.3565 -31.5835 -18.6229 -0.2558 -0.9666 0.0131 0.4806 0.4953
-3.8211 32.2224 -0.9728 -0.0627 0.9980 0.0094 0.8535 0.4290
-4.0344 -29.6632 -28.9594 -0.0035 0.1717 -0.9851 0.3359 0.1507
-2.1541 -0.4472 21.0844 -0.0196 0.0140 0.9997 0.7785 0.1514
-24.4536 3.0920 -23.4839 -0.0097 0.0115 -0.9999 0.1543 0.6628
3.9355 -26.7399 20.7169 0.0377 -0.1821 0.9826 0.7489 0.2793
-3.8391 10.9761 20.9968 -0.0325 0.1136 0.9930 0.7867 0.0958
-28.1815 19.5549 24.0840 -0.7987 0.6014 -0.0222 0.9754 0.3105
-0.8127 -12.2300 21.1643 0.0902 0.0229 0.9957 0.7720 0.2087
21.5077 21.2656 -26.3405 0.7310 0.6726 -0.1152 0.7301 0.5522
-33.3884 -10.3947 6.7089 -0.9498 -0.3127 -0.0085 0.2734 0.4572
2.1945 25.5059 -23.5786 -0.0187 0.0098 -0.9998 0.2634 0.7925
-35.0344 1.5067 13.7230 -0.9983 0.0553 -0.0165 0.3313 0.4230
23.8966 -10.0997 20.7587 0.9110 -0.3401 -0.2334 0.9385 0.6094
-0.0366 -28.1876 -28.1333 -0.0810 0.7401 -0.6676 0.5729 0.7309
29.6693 2.1032 1.0931 0.9981 0.0606 0.0050 0.3854 0.7744
-4.7766 -28.0171 -23.9578 -0.0444 0.0250 -0.9987 0.0030 0.7585
-4.7766 -28.0171 -23.9578 0.0282 0.9109 -0.4116 0.5932 0.7079
17.0052 -20.3886 -28.0461 -0.5737 0.6095 -0.5472 0.5733 0.8138
17.0052 -20.3886 -28.0461 -0.4038 0.4359 -0.8043 0.3810 0.2531
18.2334 25.4998 28.5202 0.3271 0.4704 0.8196 0.2851 0.0852
18.2334 25.4998 28.5202 0.6380 0.7476 0.1845 0.9970 0.5363
-28.8345 2.0904 -23.4148 -0.0189 0.0176 -0.9997 0.1495 0.6415
-20.8515 20.3882 -23.2995 0.0277 -0.0421 -0.9987 0.2385 0.6803
28.1909 9.7452 4.3715 0.9517 0.3071 0.0042 0.4225 0.7904
17.5484 -13.8475 21.0436 -0.0219 0.0150 0.9996 0.6826 0.2166
13.8747 23.9148 27.5125 -0.5620 -0.8142 0.1460 0.5039 0.6488
-24.8477 -18.9129 26.9831 0.7533 0.6571 0.0294 0.5551 0.6191
17.6531 -20.5840 20.4162 -0.6842 0.6899 -0.2364 0.5231 0.8259
24.6413 -1.6178 -23.9011 0.0764 -0.0029 -0.9971 0.1314 0.9017
-20.0935 27.0085 6.3464 -0.5431 0.8397 0.0062 0.8891 0.3498
-3.9480 12.3679 20.9385 -0.0463 -0.0051 0.9989 0.7872 0.0890
29.5026 3.5208 26.4048 0.9956 0.0825 0.0446 0.3923 0.8976
-2.1121 7.5579 20.9292 0.0185 -0.0180 0.9997 0.7783 0.1124
22.0470 12.2570 -27.3643 -0.7410 -0.3586 -0.5677 0.5398 0.2776
22.0470 12.2570 -27.3643 -0.8367 -0.4240 -0.3468 0.7619 0.5979
-35.0012 1.5496 27.4841 -0.9667 0.0932 -0.2381 0.3316 0.3561
18.9430 -19.3957 21.3123 -0.7108 0.6393 0.2932 0.5275 0.8322
-25.7388 22.4818 -8.2708 -0.7216 0.6923 0.0013 0.8180 0.3223
-17.1347 -14.0673 -23.7963 -0.0086 0.0142 -0.9999 0.0709 0.6984
14.0705 -1.7720 -23.9599 -0.0135 0.0074 -0.9999 0.1307 0.8502
3.7644 24.9209 -23.6130 -0.0173 0.0063 -0.9998 0.2605 0.8001
-14.4373 0.0238 20.8372 -0.0075 0.0118 0.9999 0.8383 0.1491
1.3384 10.6344 20.8639 0.0024 -0.0060 1.0000 0.7615 0.0975
-26.6988 13.3019 -26.8598 0.8613 -0.4777 -0.1731 0.7199 0.6229
-26.6988 13.3019 -26.8598 0.7397 -0.4092 -0.5342 0.5449 0.0405
-19.0707 24.0110 23.6969 0.5589 -0.8286 0.0331 0.4853 0.8091
17.8878 5.9231 -23.9750 -0.0160 0.0025 -0.9999 0.1681 0.8688
-9.6544 31.6330 28.6777 0.0007 -0.0054 1.0000 0.3149 0.2209
29.5658 -8.3045 27.4930 0.2611 -0.5006 -0.8254 0.9548 0.6558
29.5658 -8.3045 27.4930 0.0720 -0.1367 -0.9880 0.6787 0.7498
-28.2217 19.4762 11.3679 -0.7886 0.6150 0.0020 0.9136 0.3103
-16.1762 25.9907 21.3239 0.0552 0.1598 0.9856 0.8467 0.0227
-16.1762 25.9907 21.3239 0.4288 -0.7590 -0.4900 0.4738 0.7950
-16.1762 25.9907 21.3239 0.2628 0.5003 0.8250 0.5052 0.8647
-26.1997 -22.3683 10.4367 -0.7300 -0.6833 0.0126 0.6220 0.5724
-28.1747 18.9456 -27.8646 -0.7624 0.5860 -0.2744 0.7227 0.3105
-28.1747 18.9456 -27.8646 -0.5602 0.3701 -0.7411 0.5723 0.0333
16.5597 26.1744 10.4112 0.5984 0.8012 -0.0072 0.9089 0.5281
-31.4904 5.3209 21.0938 0.4451 -0.0285 0.8950 0.9212 0.1233
9.3041 30.1853 14.9942 0.3603 0.9328 -0.0100 0.9312 0.4928
-3.8374 -18.1605 -23.9524 -0.0051 0.0144 -0.9999 0.0509 0.7631
-12.6283 -26.3064 -24.8863 0.3060 0.8984 0.3151 0.5887 0.6697
6.0448 31.1818 26.8832 0.2900 0.9570 0.0002 0.9891 0.4770
-33.0347 10.8394 1.1433 -0.9429 0.3330 -0.0036 0.3768 0.4842
12.6166 25.6769 28.6854 -0.1056 -0.1839 0.9773 0.2859 0.1125
19.7844 -16.5938 -27.2195 -0.7783 0.5924 -0.2082 0.5773 0.8274
19.7844 -16.5938 -27.2195 -0.7241 0.4794 -0.4959 0.7612 0.7383
-32.6376 -11.7899 -16.8379 -0.9344 -0.3561 -0.0009 0.2667 0.5717
-21.3735 -20.7421 -24.6746 0.6331 0.7477 0.2004 0.5897 0.6271
-22.0993 22.6757 -28.7436 -0.0398 0.0455 -0.9982 0.5905 0.0628
16.9486 -26.2337 6.8082 0.5995 -0.8003 -0.0107 0.6043 0.3624
5.1684 12.6229 20.8030 0.0560 -0.0001 0.9984 0.7429 0.0878
-28.0398 -20.1057 27.5206 -0.7649 -0.5420 -0.3481 0.7051 0.5813
-28.0398 -20.1057 27.5206 -0.6073 -0.4630 -0.6456 0.2262 0.3559
-22.9065 -2.1029 -23.5665 -0.0103 0.0145 -0.9998 0.1291 0.6703
-14.2505 26.7990 21.3645 0.4262 -0.7548 -0.4987 0.4408 0.9060
-14.2505 26.7990 21.3645 -0.4799 0.7331 0.4819 0.4262 0.9076
1.9655 16.1561 -23.6550 -0.0153 0.0069 -0.9999 0.2179 0.7914
-33.8680 8.2798 4.6854 -0.9656 0.2581 -0.0305 0.3643 0.4670
14.8473 -21.1587 -23.9596 0.0338 -0.0364 -0.9988 0.0364 0.8540
20.1941 15.7842 -27.6878 -0.6738 -0.5907 -0.4440 0.6055 0.6106
20.1941 15.7842 -27.6878 -0.6419 -0.4456 -0.6239 0.5570 0.2686
20.1941 15.7842 -27.6878 -0.8136 -0.4774 -0.3319 0.7635 0.5807
24.1430 -18.6153 0.0212 0.8250 -0.5652 0.0047 0.5713 0.3274
1.8098 28.7869 26.0795 -0.1732 -0.9840 0.0421 0.4969 0.7075
-16.3474 25.3661 21.3916 0.2364 -0.2061 0.9495 0.8476 0.0258
-16.3474 25.3661 21.3916 0.5126 -0.7561 0.4069 0.5710 0.8490
-16.3474 25.3661 21.3916 0.4807 -0.7529 0.4495 0.4741 0.7958
21.2374 -10.9801 21.1227 -0.0494 0.0145 0.9987 0.6647 0.2026
-16.8804 -29.1988 -26.1027 -0.4546 -0.8889 -0.0560 0.4442 0.5270
5.3812 27.9293 22.6527 -0.2806 -0.9598 0.0073 0.4802 0.6901
12.3656 -24.8662 21.3657 -0.4973 0.8162 0.2942 0.5278 0.8002
20.7177 22.4576 13.0257 0.7310 0.6823 0.0038 0.9216 0.5484
-11.3752 25.6821 -23.3634 -0.0101 -0.0053 -0.9999 0.2642 0.7264
-18.5397 -28.0048 26.7154 -0.4820 -0.8710 -0.0950 0.7012 0.5351
21.3105 21.9276 27.2921 0.6170 0.5553 -0.5576 0.9911 0.5513
21.3105 21.9276 27.2921 0.5224 0.4500 -0.7244 0.6386 0.6028
4.9714 -24.5046 -24.0530 0.0071 -0.0255 -0.9997 0.0201 0.8060
17.9087 -18.9799 20.9679 -0.1220 -0.6898 -0.7137 0.9288 0.6610
17.9087 -18.9799 20.9679 -0.9632 0.0445 0.2651 0.5558 0.8609
27.9861 -12.7278 27.6339 0.9189 -0.3826 -0.0956 0.9761 0.5989
27.9861 -12.7278 27.6339 0.7763 -0.3368 -0.5328 0.6711 0.7714
-19.2378 24.0513 27.0265 0.5555 -0.8282 0.0733 0.5015 0.8099
-30.7349 17.2686 27.8518 -0.7613 0.5235 -0.3825 0.9938 0.2980
-30.7349 17.2686 27.8518 -0.7982 0.4478 -0.4028 0.4080 0.3543
23.9188 -11.4292 -28.6321 -0.4234 0.1818 -0.8875 0.4246 0.2867
26.2090 -16.3903 27.8425 0.8721 -0.4884 0.0294 0.9771 0.6167
26.2090 -16.3903 27.8425 0.8389 -0.5106 0.1885 0.7066 0.3174
4.7512 -31.8041 3.7646 0.2137 -0.9769 0.0008 0.5895 0.4218
-30.9672 6.6984 22.5888 0.9721 -0.2241 -0.0690 0.8346 0.6227
-26.3561 -17.0774 21.5604 0.6230 0.3240 0.7120 0.8962 0.2323
-26.3561 -17.0774 21.5604 0.8309 0.5546 0.0450 0.5287 0.6118
-34.0339 8.8882 28.6597 -0.2443 0.0750 0.9668 0.2043 0.3395
-31.9088 -13.7675 14.3168 -0.9006 -0.4346 -0.0006 0.2570 0.4202
-3.6726 32.3111 -11.5074 -0.0299 0.9995 0.0070 0.8023 0.4297
16.2755 26.2950 0.4386 0.5831 0.8124 -0.0020 0.8604 0.5268
-22.5252 12.5589 -23.4033 -0.0198 0.0139 -0.9997 0.2004 0.6722
29.2783 -5.7976 15.9966 0.9856 -0.1691 0.0092 0.3469 0.8469
-19.4310 22.9271 -28.1104 0.3443 -0.4452 -0.8266 0.5917 0.0758
-19.4310 22.9271 -28.1104 0.4093 -0.5457 -0.7312 0.6034 0.8034
-20.2886 24.2247 20.9132 0.7131 -0.7010 0.0015 0.9867 0.6098
-20.2886 24.2247 20.9132 0.1104 0.0624 0.9919 0.8667 0.0313
5.3918 29.0419 -28.6510 0.0103 0.0573 -0.9983 0.6215 0.1966
-8.3131 -32.0966 -26.2625 -0.1840 -0.9794 -0.0837 0.4434 0.4854
28.1885 9.8465 16.6744 0.9524 0.3047 -0.0048 0.4230 0.8502
-2.2961 -32.0833 -28.1256 0.0069 -0.7579 -0.6524 0.4343 0.4561
3.7231 12.2399 -23.7136 -0.0144 0.0090 -0.9999 0.1988 0.7999
27.7276 2.6194 -28.8469 0.2294 0.0261 -0.9730 0.4929 0.3053
15.1535 -21.4514 -27.3838 -0.5945 0.7345 -0.3272 0.5765 0.8048
27.4978 -12.2171 10.6132 0.9320 -0.3626 0.0007 0.3157 0.8207
24.7773 10.6092 28.0842 -0.9246 -0.3538 0.1412 0.7752 0.6041
24.7773 10.6092 28.0842 -0.6540 -0.2444 0.7159 0.2126 0.0534
-19.2460 27.6095 26.6037 -0.4533 0.8212 -0.3465 0.9877 0.3539
13.2102 -23.3773 -23.9229 -0.0513 0.0820 -0.9953 0.0256 0.8461
-14.7255 27.0856 -28.7170 0.0425 -0.0965 -0.9944 0.6119 0.0987
0.2802 32.2170 -20.7138 0.1130 0.9936 0.0055 0.7575 0.4489
24.5423 3.6831 21.1472 -0.0465 0.0011 0.9989 0.6486 0.1313
23.0291 -13.2120 20.1514 -0.8243 0.5643 -0.0447 0.5219 0.8521
23.0291 -13.2120 20.1514 -0.8796 0.4626 -0.1110 0.8138 0.7200
-30.8608 -16.5866 28.5755 -0.4332 -0.2448 0.8674 0.0803 0.3241
-17.9402 24.7208 23.4781 0.5116 -0.8583 0.0413 0.4842 0.8036
22.6728 12.7344 20.5876 0.4184 0.0438 0.9072 0.5638 0.8607
22.6728 12.7344 20.5876 0.8847 0.4376 -0.1606 0.6636 0.8305
-21.3219 -26.4690 -18.7363 -0.5516 -0.8341 0.0101 0.4800 0.5486
-15.8993 29.3283 1.3639 -0.4195 0.9077 0.0061 0.8649 0.3702
21.5215 -15.0066 -24.2544 -0.7925 0.5448 0.2740 0.5918 0.8358
21.5215 -15.0066 -24.2544 -0.6852 0.4513 -0.5716 0.0663 0.8865
-0.4250 29.2108 21.3437 -0.3745 0.3290 -0.8669 0.8970 0.6350
-0.4250 29.2108 21.3437 0.0047 0.0913 0.9958 0.7701 0.0071
-0.4250 29.2108 21.3437 0.2715 0.9605 -0.0612 0.5863 0.8470
-14.4575 27.3038 21.2033 -0.1364 -0.1414 -0.9805 0.9858 0.6614
-14.4575 27.3038 21.2033 0.0360 -0.6773 -0.7348 0.9881 0.5815
-21.8251 22.9196 28.3160 0.1671 -0.1883 0.9678 0.2725 0.2801
15.6741 -21.5924 -23.9620 -0.2846 0.3706 -0.8841 0.0342 0.8580
-17.1893 -25.1968 -28.7080 0.2625 0.4578 -0.8494 0.3576 0.0867
11.3605 19.3283 20.9953 -0.0217 -0.0332 0.9992 0.7127 0.0552
-14.1708 26.6557 21.4333 0.3243 -0.8398 0.4354 0.4743 0.7853
-9.6983 27.8226 -28.3410 0.0758 -0.3667 -0.9272 0.6155 0.1232
-9.6983 27.8226 -28.3410 0.1345 -0.5715 -0.8095 0.6023 0.7560
7.7761 -31.0089 -19.9196 0.3041 -0.9526 0.0057 0.4743 0.4071
3.9540 -31.9526 9.2567 0.1741 -0.9847 0.0056 0.6162 0.4257
8.7000 30.6606 27.7376 0.3318 0.8792 -0.3418 0.9932 0.4899
-33.5055 -9.6833 -5.0244 -0.9520 -0.3060 -0.0078 0.2769 0.5143
27.1444 -13.1107 11.2920 0.9239 -0.3827 0.0001 0.3113 0.8240
-30.9541 -6.3867 21.3072 0.9494 0.2141 0.2297 0.8284 0.6863
-30.9541 -6.3867 21.3072 0.1338 0.0478 0.9899 0.9186 0.1803
-18.9881 -27.8887 -18.3693 -0.5078 -0.8614 0.0139 0.4818 0.5373
29.5192 -8.6471 27.7345 -0.2995 -0.7050 -0.6429 0.9559 0.6560
8.5677 -30.6407 27.1264 0.3436 -0.9170 -0.2027 0.7032 0.4032
-14.4118 11.0339 20.8753 0.0068 -0.0176 0.9998 0.8381 0.0955
-4.0745 -16.9364 21.2637 -0.0133 -0.0108 0.9999 0.7878 0.2316
29.7646 -0.2836 21.5957 1.0000 0.0031 0.0066 0.3737 0.8742
-5.4523 28.9520 21.8272 0.0961 -0.9846 -0.1460 0.4762 0.7428
-31.6527 0.2341 27.8462 0.9696 0.0242 0.2433 0.8602 0.6541
-3.3103 -32.5140 28.7050 0.0215 -0.1262 0.9918 0.0028 0.1900
24.6287 -17.8469 14.0124 0.8449 -0.5349 0.0026 0.6394 0.3251
-6.8524 31.8820 16.3831 -0.1338 0.9910 0.0054 0.9380 0.4142
-20.8365 -23.1814 28.5343 0.1124 0.1221 0.9861 0.0482 0.2753
-20.8365 -23.1814 28.5343 0.5276 0.6666 0.5267 0.5626 0.6386
12.4004 21.9994 -23.9221 -0.5675 -0.7540 -0.3309 0.6238 0.6485
12.4004 21.9994 -23.9221 -0.2364 -0.2727 -0.9326 0.2463 0.8421
-32.7184 11.9333 6.6472 -0.9225 0.3859 -0.0104 0.3821 0.4575
-15.6825 -29.9376 27.4530 -0.3063 -0.6626 -0.6835 0.7047 0.5212
-19.7384 26.4432 -28.0444 -0.3235 0.5129 -0.7952 0.7218 0.3515
-19.7384 26.4432 -28.0444 -0.3145 0.4868 -0.8149 0.6088 0.0743
-13.4542 30.4607 26.9525 -0.2489 0.7755 -0.5802 0.9894 0.3821
25.0343 -6.8423 20.7690 -0.3937 -0.5621 -0.7274 0.8615 0.7458
25.0343 -6.8423 20.7690 0.7540 -0.4936 -0.4333 0.9386 0.5935
25.0343 -6.8423 20.7690 -0.9771 -0.1557 -0.1448 0.8108 0.6890
-26.1491 -14.2608 21.2964 0.0419 0.0349 0.9985 0.8952 0.2186
-19.7041 24.5693 20.8889 0.4381 -0.5362 0.7215 0.9866 0.6070
-19.7041 24.5693 20.8889 -0.0077 -0.0273 0.9996 0.8639 0.0297
19.9324 3.1852 -24.0173 -0.0146 0.0045 -0.9999 0.1548 0.8788
-20.6548 27.6961 28.3681 -0.4956 0.7660 0.4095 0.9963 0.3471
11.0229 29.6163 21.9979 0.3899 0.9204 -0.0280 0.9653 0.5012
-34.6172 -3.9380 -11.3925 -0.9946 -0.1032 -0.0083 0.3049 0.5452
-8.3234 1.5999 20.9838 0.0884 0.0059 0.9961 0.8085 0.1414
-15.4451 29.6693 -23.5631 -0.4057 0.9140 -0.0059 0.7436 0.3724
-20.0036 -21.7240 -23.8966 0.5101 0.6241 -0.5919 0.5935 0.6338
-20.0036 -21.7240 -23.8966 0.1798 0.1813 -0.9668 0.0336 0.6845
19.1574 -24.3452 -26.3072 0.6594 -0.7440 -0.1078 0.4432 0.3517
-15.5355 30.4363 28.4062 -0.3309 0.7318 0.5958 0.9965 0.3720
-1.0703 -0.6932 21.0330 0.1121 -0.0053 0.9937 0.7732 0.1526
-15.1693 -29.6731 26.8574 -0.4344 -0.8772 -0.2046 0.7018 0.5187
20.9092 4.4581 -24.0203 -0.0037 0.0097 -0.9999 0.1610 0.8835
-5.3310 31.4394 28.6267 0.0003 -0.0635 0.9980 0.3140 0.1999
-29.5309 11.1434 24.0278 0.9179 -0.3968 0.0046 0.8416 0.6011
-2.7139 -3.9035 21.0257 -0.0444 -0.0072 0.9990 0.7812 0.1682
16.9549 -21.5653 21.8274 -0.6617 0.7256 0.1887 0.5300 0.8225
-31.2542 -5.3844 22.9270 0.9829 0.1825 -0.0257 0.8363 0.6815
25.4778 -0.6919 -23.9051 -0.5037 -0.0155 -0.8637 0.1359 0.9057
-0.6604 22.4816 21.1680 -0.0452 -0.0616 0.9971 0.7712 0.0398
25.4343 16.0200 7.8583 0.8784 0.4779 0.0037 0.4531 0.8073
-1.5276 -11.9702 21.1944 0.0095 0.0082 0.9999 0.7754 0.2074
25.6817 0.3769 -24.0645 -0.9975 -0.0694 0.0162 0.7458 0.6557
25.6817 0.3769 -24.0645 -0.5333 -0.0278 -0.8455 0.1411 0.9067
-35.3549 -2.5460 28.3682 -0.9946 -0.0797 0.0658 0.3116 0.3518
17.7431 13.0783 -23.9396 -0.0136 0.0051 -0.9999 0.2029 0.8681
-11.0394 27.9092 25.7780 0.3016 -0.9526 0.0410 0.4954 0.7700
-24.8262 22.2339 28.5883 0.0550 -0.0612 0.9966 0.2692 0.2947
-5.3226 29.2791 21.3639 0.0649 0.0764 0.9950 0.7939 0.0067
-5.3226 29.2791 21.3639 0.0426 0.0172 -0.9989 0.8974 0.6112
-5.3226 29.2791 21.3639 -0.0572 0.6984 0.7134 0.7063 0.8304
2.3835 -16.9761 21.1230 0.4569 -0.1461 0.8774 0.7564 0.2318
8.7763 -30.6665 15.7642 0.3216 -0.9469 0.0034 0.6479 0.4022
11.0264 -25.7577 23.1556 -0.4753 0.8795 0.0221 0.5365 0.7937
-9.2705 27.3528 -27.7917 0.2120 -0.7684 -0.6038 0.6050 0.7539
3.3442 -26.1311 -23.9986 0.0122 -0.0372 -0.9992 0.0122 0.7981
-29.9279 16.1397 -27.9409 -0.6183 0.3732 -0.6917 0.5587 0.0247
2.0559 -7.9054 20.9498 -0.0448 0.0211 0.9988 0.7580 0.1877
-26.1150 -14.5048 -26.0378 0.8786 0.4575 0.1367 0.7239 0.7582
-4.1042 14.6390 20.9374 -0.0357 -0.0018 0.9994 0.7880 0.0780
12.5476 24.0042 -28.4639 -0.3034 -0.4754 -0.8258 0.5970 0.2314
-5.2121 -30.0824 28.5905 0.0079 0.1378 0.9904 0.0147 0.1993
0.0824 -27.5986 -27.2839 -0.0945 0.8309 -0.5483 0.5770 0.7315
-9.1466 -12.9315 21.1768 -0.1007 -0.0167 0.9948 0.8125 0.2121
-5.2816 -11.6792 -23.8555 -0.0094 0.0130 -0.9999 0.0825 0.7561
-1.0501 32.3088 -18.6948 0.0549 0.9985 0.0036 0.7673 0.4425
-7.2129 -32.0342 6.6130 -0.1556 -0.9878 -0.0051 0.6034 0.4800
-26.8344 21.1485 20.9080 -0.7523 0.6587 -0.0103 0.9600 0.3170
27.1207 12.6888 -1.2536 0.9208 0.3900 0.0083 0.4369 0.7630
-28.1494 -7.6993 -23.5735 -0.0043 0.0209 -0.9998 0.1018 0.6448
-14.2993 -30.3485 -23.6291 -0.3699 -0.9290 0.0093 0.4562 0.5145
-28.0909 -3.6948 21.2139 0.0227 0.0055 0.9997 0.9047 0.1672
20.5241 -16.3493 21.0852 0.3820 -0.2471 0.8905 0.6682 0.2287
20.5241 -16.3493 21.0852 0.8563 -0.4943 0.1498 0.9401 0.6398
-12.9974 30.4313 9.8092 -0.3196 0.9475 0.0028 0.9060 0.3843
10.3776 -25.3595 -24.0005 -0.5876 0.7710 0.2456 0.5930 0.7816
10.3776 -25.3595 -24.0005 -0.0644 0.2593 -0.9637 0.0159 0.8323
-8.4185 -12.9859 21.2804 -0.0568 -0.0086 0.9984 0.8090 0.2124
-34.4683 5.5282 -4.9522 -0.9843 0.1763 -0.0077 0.3509 0.5139
19.6636 -23.9758 14.3096 0.6988 -0.7153 0.0002 0.6408 0.3492
2.7195 14.1401 20.9779 -0.0227 -0.0185 0.9996 0.7548 0.0804
-12.7041 30.9435 27.1890 -0.2122 0.6712 -0.7102 0.9906 0.3858
-1.4547 -29.0809 21.6833 -0.0272 0.9672 0.2525 0.5293 0.7329
-19.0715 -27.7243 6.0209 -0.5007 -0.8656 -0.0036 0.6005 0.5377
11.1262 29.7639 28.2350 0.4259 0.9047 0.0088 0.9956 0.5017
2.3715 6.1055 -23.7556 -0.0131 0.0093 -0.9999 0.1690 0.7933
29.4765 4.0543 17.5467 0.9918 0.1281 -0.0016 0.3949 0.8545
-11.3105 28.2832 21.3356 0.0204 0.9816 -0.1901 0.7439 0.7441
-11.3105 28.2832 21.3356 0.1297 -0.3977 -0.9083 0.8925 0.5821
-24.8454 -15.1082 21.2773 0.0315 0.0259 0.9992 0.8889 0.2227
7.4025 27.1103 21.4389 -0.2177 -0.9749 0.0471 0.4743 0.6803
7.4025 27.1103 21.4389 -0.0772 -0.2881 0.9545 0.7320 0.0173
-10.5724 -31.3347 14.9159 -0.2467 -0.9691 0.0002 0.6438 0.4963
-27.2914 8.0396 -23.3542 -0.0251 0.0195 -0.9995 0.1784 0.6490
3.4756 13.7153 20.9687 0.0685 0.0052 0.9976 0.7511 0.0825
-15.1426 -29.7416 26.1228 -0.4270 -0.9033 0.0414 0.6983 0.5186
-27.1488 -20.7564 -27.6272 -0.7614 -0.5785 -0.2927 0.4368 0.5770
-30.3889 -8.6973 25.6673 0.9573 0.2890 0.0102 0.8496 0.6976
1.4187 -8.9659 -23.8948 -0.0094 0.0108 -0.9999 0.0957 0.7887
-21.5430 -26.3324 -26.0104 -0.5811 -0.8120 -0.0550 0.4446 0.5497
28.7343 -8.6896 -3.5175 0.9668 -0.2554 0.0052 0.3329 0.7520
-34.0514 -9.9018 28.4247 -0.5674 -0.1582 0.8081 0.1128 0.3396
-34.0514 -9.9018 28.4247 -0.9108 -0.2553 -0.3244 0.2758 0.3515
-5.8052 11.6466 20.9363 0.0161 0.0126 0.9998 0.7963 0.0925
11.3744 -25.4794 21.6565 -0.4754 0.8713 0.1223 0.5292 0.7954
29.9300 -8.4790 28.3102 0.2718 -0.2793 0.9209 0.1198 0.0283
7.0993 -27.5303 25.6318 -0.3552 0.9348 -0.0071 0.5485 0.7746
-14.1503 25.2790 -24.8866 0.3694 -0.9043 0.2141 0.6191 0.7777
-1.7090 29.2833 21.4584 0.0251 0.1273 -0.9915 0.8974 0.6288
-1.7090 29.2833 21.4584 0.0204 -0.9522 -0.3049 0.4744 0.7246
-1.7090 29.2833 21.4584 -0.6253 0.7779 0.0631 0.5282 0.8592
-8.8177 7.5843 21.0774 0.0818 -0.0177 0.9965 0.8109 0.1123
-13.1503 30.6008 -21.0383 -0.3251 0.9457 0.0012 0.7559 0.3836
7.5467 7.5193 20.7397 0.0166 -0.0007 0.9999 0.7313 0.1126
-11.9572 -27.8111 28.1718 0.3055 0.8505 0.4283 0.5609 0.6818
13.3368 12.7952 20.8399 -0.0250 -0.0252 0.9994 0.7031 0.0869
-0.9476 -28.1189 -24.4776 -0.0031 0.9592 0.2826 0.5907 0.7265
-34.0704 7.1397 -7.1180 -0.9736 0.2262 -0.0316 0.3588 0.5244
-32.5042 -12.4686 9.9848 -0.9195 -0.3926 0.0189 0.2634 0.4412
16.8438 21.6430 23.2878 -0.6574 -0.7535 -0.0087 0.4833 0.6344
-34.9045 -6.1300 28.3533 -0.7148 -0.1344 0.6863 0.1312 0.3437
-34.9045 -6.1300 28.3533 -0.9507 -0.1699 -0.2596 0.2942 0.3519
-16.6816 -29.0610 12.4855 -0.4442 -0.8959 -0.0032 0.6319 0.5261
-14.5679 30.0138 -25.9280 -0.3844 0.9214 -0.0566 0.7321 0.3767
28.7751 8.0921 27.0692 0.9653 0.2601 -0.0214 0.4145 0.9008
28.7751 8.0921 27.0692 0.4272 0.1594 -0.8900 0.6749 0.6701
20.0971 22.9885 -15.8674 0.7016 0.7126 -0.0033 0.7811 0.5454
-24.5606 23.5064 18.6255 -0.6852 0.7284 -0.0028 0.9489 0.3281
-17.1877 -23.8958 -24.8483 0.5542 0.7706 0.3147 0.5889 0.6475
-10.2630 -26.3201 -23.8952 -0.0218 -0.0499 -0.9985 0.0112 0.7319
19.1354 -19.8254 28.1606 -0.6346 0.6197 0.4618 0.5608 0.8331
-14.4695 14.8630 -23.4665 -0.0098 0.0075 -0.9999 0.2116 0.7114
-34.0926 6.6973 -14.9279 -0.9774 0.2112 -0.0012 0.3566 0.5624
-30.9692 1.4218 -28.1552 0.7201 -0.0795 -0.6893 0.4871 0.0197
-34.4742 6.1667 22.2265 -0.9687 0.2481 0.0113 0.3540 0.3817
7.9798 3.9062 20.7310 0.0167 -0.0004 0.9999 0.7292 0.1302
-1.9184 16.8825 21.0545 0.0099 -0.0345 0.9994 0.7774 0.0671
24.0128 -7.8442 -26.2100 -0.9587 0.2543 0.1275 0.7563 0.6957
15.9090 19.0657 -24.0773 -0.3457 -0.3717 -0.8616 0.2321 0.8592
15.9090 19.0657 -24.0773 -0.6554 -0.7126 -0.2503 0.6230 0.6314
-25.1064 19.5052 -28.7418 0.0735 -0.0642 -0.9952 0.5751 0.0482
8.9698 -15.3008 -24.0209 -0.0090 0.0103 -0.9999 0.0649 0.8254
1.4451 -19.1346 21.2265 0.3735 -0.1365 0.9175 0.7610 0.2423
-32.8038 11.3725 27.2750 -0.8300 0.3075 -0.4654 0.3793 0.3571
-30.2876 10.5927 21.1061 0.9698 -0.1806 -0.1639 0.8274 0.6037
-30.2876 10.5927 21.1061 0.4040 0.1799 0.8969 0.9154 0.0977
-18.8669 23.0582 -24.0147 0.5171 -0.8456 0.1329 0.6233 0.8006
-7.3006 28.7666 21.3757 0.1296 -0.9841 0.1210 0.4740 0.7518
29.0181 -6.8848 26.1480 0.9850 -0.1724 0.0093 0.3416 0.8963
11.4750 -23.8841 -26.1655 -0.4723 0.8711 0.1347 0.5825 0.7869
-12.3752 30.6421 6.4628 -0.2859 0.9582 0.0051 0.8897 0.3874
-35.1301 -3.7117 21.4851 -0.9894 -0.1421 -0.0305 0.3060 0.3853
-30.4537 6.2303 21.3752 -0.2306 -0.0452 0.9720 0.9162 0.1189
-9.3381 28.3882 21.9623 0.2204 -0.9727 -0.0729 0.4769 0.7617
-19.1146 -28.3659 28.6878 -0.4288 -0.7039 0.5663 0.7108 0.5379
30.8503 10.0709 28.6702 0.0625 0.1256 0.9901 0.2100 0.0238
30.8503 10.0709 28.6702 0.2825 0.5178 0.8075 0.9980 0.6400
-27.5284 20.3471 3.5843 -0.7578 0.6525 0.0069 0.8757 0.3136
-32.4951 -1.2074 -28.8179 0.0517 0.0161 -0.9985 0.4743 0.0123
0.5959 -29.0730 25.9099 -0.1194 0.9928 0.0047 0.5499 0.7429
21.9220 15.7213 22.1819 -0.8387 -0.5430 0.0419 0.4779 0.6097
-24.9229 18.6049 21.1701 -0.1343 0.1674 0.9767 0.8893 0.0587
-1.3998 -32.4475 27.2450 0.0109 -0.7820 -0.6231 0.7037 0.4517
30.7541 1.1792 27.1264 -0.2070 0.0272 -0.9780 0.6845 0.7037
8.2465 -20.0217 21.0821 0.0026 0.0102 0.9999 0.7279 0.2466
-4.4778 25.1327 -23.4865 -0.0100 0.0119 -0.9999 0.2616 0.7600
-20.5076 -1.3437 20.9319 0.0263 0.0133 0.9996 0.8678 0.1557
20.9786 -15.5911 21.1190 0.3984 -0.3032 0.8656 0.6660 0.2251
20.9786 -15.5911 21.1190 0.8401 -0.5292 0.1192 0.9403 0.6361
-17.7108 25.0020 21.3463 -0.4968 0.6501 -0.5749 0.9746 0.6456
-17.7108 25.0020 21.3463 -0.1614 0.3246 0.9320 0.8542 0.0276
-17.7108 25.0020 21.3463 0.0798 -0.7532 -0.6530 0.4739 0.8025
-2.6273 29.5698 21.4531 0.0413 0.1516 -0.9876 0.8988 0.6243
-31.6949 -1.1926 28.2128 0.8451 0.0688 0.5302 0.1552 0.3281
-31.6949 -1.1926 28.2128 0.9769 0.0375 0.2103 0.8620 0.6611
-4.1877 5.2106 20.9559 -0.0295 0.0526 0.9982 0.7884 0.1238
-11.9648 27.5525 21.5619 0.3556 -0.8957 0.2669 0.4749 0.7745
23.8040 -6.4803 21.1514 -0.0211 0.0118 0.9997 0.6522 0.1807
24.1044 18.2661 -7.2110 0.8307 0.5567 -0.0067 0.8232 0.5648
27.4187 -6.4605 28.6023 -0.1272 0.0320 0.9914 0.1296 0.0405
2.8215 31.8126 1.7067 0.1665 0.9860 0.0018 0.8666 0.4613
-25.9196 14.8586 -24.8796 0.7944 -0.5016 0.3426 0.6191 0.8349
-25.9196 14.8586 -24.8796 0.8285 -0.4944 0.2629 0.7295 0.6153
-27.1682 -2.1674 -23.5114 -0.0169 0.0147 -0.9997 0.1287 0.6496
-7.1922 -11.7552 21.1469 0.1084 0.0215 0.9939 0.8030 0.2064
-10.7500 -31.9719 27.8296 -0.2299 -0.9266 -0.2975 0.7066 0.4972
-3.1959 14.7161 -23.5930 -0.0130 0.0082 -0.9999 0.2109 0.7662
-2.9552 27.0565 21.3032 -0.0071 0.0320 0.9995 0.7824 0.0176
9.3664 25.2151 21.1966 -0.0476 -0.1029 0.9936 0.7224 0.0265
25.2511 -4.5514 -24.1305 -0.9444 0.2465 -0.2177 0.7462 0.6797
20.4504 -23.1632 -2.4027 0.7177 -0.6963 0.0031 0.5595 0.3454
11.1404 25.4582 21.4006 -0.4212 -0.8985 0.1236 0.4741 0.6621
11.1404 25.4582 21.4006 -0.0875 -0.2840 0.9548 0.7138 0.0253
25.5645 15.9359 -1.4955 0.8607 0.5090 0.0042 0.8510 0.5720
25.5645 15.9359 -1.4955 0.8833 0.4687 0.0094 0.4527 0.7618
-19.4552 -13.5946 21.1553 0.0156 0.0182 0.9997 0.8627 0.2153
18.1162 24.9277 8.0407 0.6454 0.7638 -0.0046 0.8974 0.5357
-30.7091 2.6979 -23.4715 0.9836 -0.0468 0.1742 0.7364 0.6745
-30.7091 2.6979 -23.4715 0.1750 0.0210 -0.9843 0.1524 0.6324
-22.1069 -22.9201 28.6360 0.0934 0.1044 0.9901 0.0495 0.2815
8.2857 -26.7473 21.1059 -0.1970 0.4523 0.8698 0.7277 0.2793
8.2857 -26.7473 21.1059 -0.3113 0.7659 0.5625 0.5265 0.7803
-8.1248 -6.7325 21.1362 0.1291 0.0377 0.9909 0.8075 0.1820
-14.5580 26.6517 21.3115 -0.8878 -0.3870 -0.2492 0.4916 0.8657
-7.9652 29.4763 21.1812 0.1243 -0.9820 0.1423 0.9000 0.7133
-7.9652 29.4763 21.1812 -0.0085 -0.1377 0.9904 0.8068 0.0058
-7.4853 -27.4283 -25.3341 0.2053 0.9143 0.3490 0.5865 0.6947
22.4467 -8.7107 -23.9823 0.0502 -0.0155 -0.9986 0.0969 0.8910
-6.7955 28.8283 21.3648 0.1209 -0.9286 0.3508 0.4740 0.7494
-7.6215 -31.9301 17.9823 -0.1487 -0.9889 0.0028 0.6587 0.4820
14.2809 24.0707 21.4543 -0.6975 -0.0479 -0.7150 0.8720 0.7066
14.2809 24.0707 21.4543 -0.8254 -0.5536 0.1104 0.3630 0.9060
14.2809 24.0707 21.4543 -0.2306 -0.1681 0.9584 0.6985 0.0321
14.2809 24.0707 21.4543 -0.9425 0.1605 -0.2931 0.3157 0.9060
-25.0216 18.9458 28.0494 0.7641 -0.6351 0.1133 0.5065 0.8380
-25.0216 18.9458 28.0494 0.5703 -0.4611 0.6798 0.2532 0.2957
-28.4604 15.9314 -28.6869 0.0067 0.0000 -1.0000 0.5577 0.0319
1.4772 -28.2397 20.7690 -0.0622 0.6929 0.7184 0.5249 0.7472
1.4772 -28.2397 20.7690 0.0976 0.0795 0.9921 0.7608 0.2866
19.3278 23.7960 -1.7087 0.6776 0.7354 -0.0043 0.8500 0.5416
-1.8386 5.3546 20.9569 0.0208 0.0444 0.9988 0.7770 0.1231
31.8668 -7.6934 27.7748 0.4238 -0.8773 -0.2250 0.9561 0.6446
31.8668 -7.6934 27.7748 0.1652 -0.2636 -0.9504 0.6899 0.7469
-14.6155 -30.0475 -27.5126 -0.3627 -0.8739 -0.3236 0.4373 0.5160
-25.5854 17.9905 26.5213 0.7926 -0.6071 0.0568 0.4991 0.8408
-20.2714 -27.1572 -20.7251 -0.5259 -0.8505 0.0130 0.4703 0.5435
4.8857 28.0897 21.5527 -0.4369 -0.8995 -0.0004 0.3916 0.9061
4.8857 28.0897 21.5527 0.9745 0.2221 0.0319 0.4200 0.9076
4.8857 28.0897 21.5527 -0.3575 -0.8924 -0.2753 0.4749 0.6925
-12.8431 -30.8859 -25.9709 -0.3290 -0.9424 -0.0611 0.4448 0.5074
-0.6867 6.6538 -23.7070 -0.0143 0.0100 -0.9998 0.1717 0.7784
-6.9550 4.4323 20.8858 0.0252 0.0008 0.9997 0.8019 0.1276
-33.7880 -8.6354 2.0161 -0.9649 -0.2625 -0.0099 0.2820 0.4800
21.8097 -21.6376 0.4236 0.7628 -0.6466 0.0042 0.5732 0.3388
25.4520 -3.8051 -24.2784 -0.9776 0.1965 0.0758 0.7469 0.6760
26.0948 15.3780 28.6345 0.2757 0.1207 0.9536 0.2358 0.0470
-22.1559 19.9525 -25.1096 0.7252 -0.6456 0.2396 0.6180 0.8166
28.9668 -8.4767 27.1341 0.8058 -0.2224 -0.5488 0.6758 0.7507
-27.9668 -14.4404 23.1360 0.8819 0.4713 -0.0100 0.8373 0.7255
-27.9668 -14.4404 23.1360 0.8528 0.5220 -0.0162 0.5364 0.6040
3.6156 28.6299 -28.6370 -0.0366 -0.1186 -0.9923 0.6195 0.1879
-30.0930 -17.0683 16.8001 -0.8668 -0.4985 0.0055 0.2410 0.4081
-30.0930 -17.0683 16.8001 -0.8456 -0.5338 0.0108 0.6529 0.5913
-29.2914 -11.9037 21.8340 0.8952 0.4191 0.1516 0.8310 0.7132
29.1938 -3.7443 -27.9043 0.7004 -0.0613 -0.7111 0.4620 0.3124
29.1938 -3.7443 -27.9043 0.9240 -0.0702 -0.3760 0.3569 0.6333
-11.9859 23.1389 -23.4101 -0.0181 0.0234 -0.9996 0.2519 0.7235
24.6137 -10.2646 21.7447 -0.8950 0.3452 0.2825 0.8061 0.7057
20.0258 18.4799 27.4434 -0.7649 -0.6214 0.1698 0.5035 0.6189
-29.8228 -17.5122 -4.0188 -0.8426 -0.5384 0.0119 0.5516 0.5900
1.6084 -10.3491 20.9658 -0.0358 0.0125 0.9993 0.7602 0.1995
26.8767 -7.9171 28.5882 -0.1457 0.0521 0.9880 0.1225 0.0432
4.9641 28.6127 21.5622 0.0162 0.1399 -0.9900 0.8941 0.6613
-22.6000 21.9740 28.2589 0.3079 -0.3445 0.8869 0.2679 0.2839
24.8282 -6.9206 20.4664 0.9169 -0.3470 -0.1972 0.9371 0.5939
24.8282 -6.9206 20.4664 0.6197 -0.1465 -0.7711 0.8605 0.7462
-26.0416 -20.6436 -28.6921 -0.3162 -0.2714 -0.9091 0.3797 0.0437
9.5171 25.8938 -28.5256 -0.2241 -0.5414 -0.8104 0.6014 0.6625
9.5171 25.8938 -28.5256 -0.1791 -0.3447 -0.9214 0.6062 0.2167
23.8894 6.9351 -24.0247 -0.2940 -0.0957 -0.9510 0.1730 0.8980
-12.0196 -30.9183 18.3277 -0.3093 -0.9510 -0.0040 0.6604 0.5034
-33.5384 9.2816 -0.8410 -0.9557 0.2943 0.0030 0.3692 0.4939
-30.5873 15.9534 1.6652 -0.8751 0.4839 -0.0008 0.4016 0.4817
-30.5873 15.9534 1.6652 -0.8577 0.5141 0.0003 0.8664 0.2988
14.2510 21.3341 21.1356 -0.0296 -0.0447 0.9986 0.6987 0.0454
-0.2675 29.1727 21.4449 0.0209 0.2119 -0.9771 0.8968 0.6358
-0.2675 29.1727 21.4449 -0.0603 -0.9022 -0.4271 0.4744 0.7176
-0.2675 29.1727 21.4449 0.0886 0.9698 0.2273 0.5868 0.8478
28.8144 -9.9325 28.2939 0.6306 -0.1797 0.7550 0.1127 0.0337
24.0691 -11.5577 19.2525 -0.4576 0.5277 0.7156 0.9580 0.6165
24.0691 -11.5577 19.2525 -0.8631 0.5036 -0.0365 0.8182 0.7120
-13.2304 -25.6413 -26.1314 0.3485 0.9094 0.2272 0.5826 0.6667
-29.1287 8.4637 -27.4454 0.8607 -0.2819 -0.4239 0.7170 0.6465
-29.1287 8.4637 -27.4454 0.8071 -0.2593 -0.5305 0.5214 0.0286
19.2432 -17.2330 -26.3798 -0.7930 0.6036 0.0824 0.5814 0.8247
-25.3887 -23.0517 -8.3890 -0.7117 -0.7024 -0.0056 0.5304 0.5684
-1.9653 29.1610 26.1646 -0.0180 -0.9986 0.0507 0.4973 0.7259
26.7519 3.8778 28.2991 -0.6425 -0.0960 0.7602 0.1799 0.0438
-25.9342 14.5078 -25.5818 0.8567 -0.4897 0.1619 0.7261 0.6171
-17.6370 -10.5987 -23.7415 -0.0088 0.0146 -0.9999 0.0877 0.6960
-1.6378 -29.2106 23.9331 -0.0213 0.9996 0.0181 0.5403 0.7321
31.4743 -7.5116 27.6691 0.2795 -0.6132 -0.7388 0.9556 0.6465
31.4743 -7.5116 27.6691 0.2215 -0.3510 -0.9098 0.6880 0.7460
34.8184 4.6126 27.4699 0.4293 0.0769 -0.8999 0.7043 0.6870
22.5931 12.9889 20.8224 -0.8933 -0.3430 -0.2905 0.6740 0.8283
22.5931 12.9889 20.8224 0.8699 0.4520 -0.1973 0.6648 0.8293
-15.6347 29.5630 -19.9081 -0.4311 0.9023 0.0071 0.7614 0.3715
-29.3584 -7.9628 -23.6085 0.8766 0.3360 -0.3446 0.7357 0.7264
-29.3584 -7.9628 -23.6085 0.0582 0.0460 -0.9972 0.1006 0.6390
26.0771 14.9488 -14.6622 0.8786 0.4775 0.0016 0.4479 0.6978
8.5503 -9.5743 20.7779 0.0059 0.0126 0.9999 0.7264 0.1958
5.5230 -31.6532 -13.4993 0.2422 -0.9702 -0.0028 0.5055 0.4180
15.0940 23.0433 24.4087 -0.6023 -0.7982 -0.0126 0.4888 0.6429
23.8283 -19.0504 1.5356 0.8027 -0.5963 -0.0045 0.5787 0.3290
25.7087 -6.4806 21.3400 -0.3626 0.0071 0.9319 0.6429 0.1807
25.7087 -6.4806 21.3400 -0.9537 0.2084 0.2168 0.8080 0.6873
20.6233 -23.1986 28.5030 0.3256 -0.2427 0.9138 0.0482 0.0736
-17.1571 28.7847 -8.0832 -0.4564 0.8898 0.0054 0.8189 0.3641
-22.3246 -2.9740 21.0086 0.0301 0.0160 0.9994 0.8766 0.1637
-29.5045 11.6801 20.9932 -0.2386 0.1270 0.9628 0.9116 0.0924
-8.0601 25.3771 21.1848 -0.0045 -0.0227 0.9997 0.8072 0.0257
34.6760 -4.8543 27.5212 0.7070 -0.2693 -0.6539 0.7036 0.7330
34.6760 -4.8543 27.5212 0.9368 -0.3421 -0.0734 0.9189 0.6401
-22.8116 -21.0286 23.8552 0.6868 0.7266 -0.0181 0.5399 0.6290
27.2210 12.3495 24.6049 0.9152 0.4026 0.0162 0.4352 0.8888
3.4232 22.6715 21.0420 0.0264 -0.0296 0.9992 0.7514 0.0389
-8.2939 -28.5514 21.7216 0.1759 0.9768 0.1225 0.5295 0.6997
26.9303 -4.0671 -28.8460 0.0013 -0.0151 -0.9999 0.4604 0.3014
-3.1282 7.6906 20.9485 0.0076 -0.0379 0.9993 0.7832 0.1118
-34.1857 -7.1856 4.0928 -0.9721 -0.2334 -0.0246 0.2891 0.4699
-28.9879 4.6177 21.2265 0.0945 -0.0064 0.9955 0.9090 0.1267
27.8100 10.8240 5.4086 0.9366 0.3504 0.0065 0.4278 0.7954
4.3392 31.9659 27.6045 0.2137 0.8706 -0.4432 0.9926 0.4687
-9.6446 28.7877 28.2341 0.0702 -0.3034 0.9503 0.3011 0.2208
-9.6446 28.7877 28.2341 0.1617 -0.7157 0.6794 0.5074 0.7632
30.1575 -6.3788 28.7009 -0.0015 -0.0250 0.9997 0.1300 0.0272
-21.2863 22.4767 21.8535 0.4499 -0.4745 -0.7566 0.8789 0.7199
-21.2863 22.4767 21.8535 0.5640 -0.6936 -0.4481 0.4763 0.8199
-20.8854 6.8071 20.9163 0.0260 -0.0087 0.9996 0.8696 0.1161
-18.9495 28.3621 27.3338 -0.3922 0.7090 -0.5861 0.9913 0.3554
0.5535 1.0670 -23.7745 -0.0126 0.0087 -0.9999 0.1445 0.7845
-14.0894 30.2243 -18.5327 -0.3723 0.9281 0.0057 0.7681 0.3790
-30.6721 1.7754 -23.8000 0.9634 -0.0235 0.2670 0.7348 0.6790
-30.1840 0.3534 -26.5520 0.9669 0.0354 -0.2527 0.7214 0.6859
-23.4801 -25.4937 28.1424 -0.6235 -0.7452 -0.2365 0.7081 0.5591
13.7900 -17.8651 21.0232 0.0314 -0.0479 0.9984 0.7009 0.2361
-30.2598 -0.6815 -27.0519 0.9421 0.0909 -0.3227 0.7189 0.6910
1.0940 -11.6063 20.9714 0.0191 0.0069 0.9998 0.7627 0.2057
10.1211 -30.4217 28.2031 0.3848 -0.9013 0.1990 0.7084 0.3957
13.3885 24.9825 21.4166 -0.1437 -0.1317 0.9808 0.7029 0.0277
-22.3333 16.8564 21.1421 0.0221 -0.0289 0.9993 0.8767 0.0672
-11.1170 31.1303 -9.9517 -0.2555 0.9668 0.0018 0.8099 0.3935
-28.6221 -0.3065 -23.4557 -0.0124 0.0155 -0.9998 0.1378 0.6425
-31.4419 -3.8847 23.3010 0.9931 0.1130 -0.0329 0.8381 0.6742
26.6881 -11.5850 -28.5013 0.7193 -0.3138 -0.6198 0.4238 0.3002
19.9609 21.9828 -28.1171 0.6232 0.5966 -0.5057 0.7215 0.5447
19.9609 21.9828 -28.1171 0.3833 0.3761 -0.8436 0.5871 0.2675
15.9541 26.4398 -11.6585 0.5879 0.8089 -0.0054 0.8015 0.5252
-4.0295 -28.4134 -28.2472 0.0379 0.7209 -0.6920 0.5723 0.7115
-24.2088 20.1816 21.0085 0.8675 -0.4974 0.0001 0.5934 0.8493
-24.2088 20.1816 21.0085 0.7941 -0.5597 0.2369 0.4722 0.8341
-24.2088 20.1816 21.0085 0.1787 0.0018 0.9839 0.8858 0.0510
-2.0587 -3.5686 21.0555 -0.0345 -0.0145 0.9993 0.7780 0.1666
-32.7222 -11.4262 -25.3753 -0.9388 -0.3418 -0.0431 0.2684 0.6133
29.7867 0.0295 -1.8510 0.9992 0.0380 0.0100 0.3753 0.7601
-33.0380 4.4794 28.6943 0.0431 0.0001 0.9991 0.1828 0.3347
-30.2967 -2.1855 -27.6307 0.7606 0.1038 -0.6409 0.4695 0.0230
-30.2967 -2.1855 -27.6307 0.9472 0.1031 -0.3036 0.7161 0.6983
-16.3489 -29.2385 23.1013 -0.4343 -0.9008 0.0071 0.6836 0.5244
-9.5816 -4.8652 -23.7256 -0.0080 0.0127 -0.9999 0.1156 0.7352
28.9520 -7.4728 13.3869 0.9736 -0.2282 0.0064 0.3388 0.8342
-17.6706 29.1160 27.3630 -0.3667 0.6901 -0.6239 0.9914 0.3616
-9.3787 -28.7654 -28.8552 0.0302 0.1794 -0.9833 0.3402 0.1247
34.1191 -5.8278 28.2071 0.8283 -0.4601 0.3198 0.9222 0.6449
34.1191 -5.8278 28.2071 0.7078 -0.3923 0.5875 0.1327 0.0079
34.1191 -5.8278 28.2071 0.7375 -0.6697 0.0873 0.9582 0.6336
20.0105 -23.5942 -10.7550 0.7036 -0.7106 -0.0047 0.5189 0.3476
25.4674 17.1694 27.8067 0.6830 0.4210 -0.5968 0.6588 0.6259
25.4674 17.1694 27.8067 0.8139 0.5022 -0.2921 0.9936 0.5715
25.4674 17.1694 27.8067 0.8226 0.4997 -0.2714 0.8916 0.7168
11.9472 -12.3611 20.8754 -0.0185 0.0317 0.9993 0.7099 0.2093
-6.8019 2.4372 20.8956 0.0116 0.0064 0.9999 0.8011 0.1373
-10.9466 -31.9232 28.2865 -0.2415 -0.9636 0.1149 0.7088 0.4982
22.1267 20.6894 25.4074 0.7724 0.6351 0.0034 0.9819 0.5552
-9.2244 -26.6930 -26.2725 0.2352 0.9629 0.1322 0.5819 0.6862
20.1175 13.5267 -23.9845 0.0012 0.0070 -1.0000 0.2051 0.8797
-17.3582 28.7508 -24.4589 -0.4650 0.8850 -0.0256 0.7393 0.3631
-1.6665 10.6629 20.9857 0.0377 -0.0064 0.9993 0.7761 0.0973
28.3461 -7.2545 -28.1294 0.7885 -0.2032 -0.5805 0.4449 0.3083
-9.4512 28.7641 -28.6902 0.0124 -0.2455 -0.9693 0.6201 0.1244
1.6394 29.7605 21.3416 -0.0481 -0.2110 0.9763 0.7600 0.0044
-30.1718 -2.6009 -25.5350 0.9750 0.0220 0.2209 0.7263 0.7003
24.0071 -5.4188 21.1423 -0.0267 0.0084 0.9996 0.6512 0.1756
-28.6231 -12.3978 -28.5906 0.4724 0.2207 -0.8533 0.4199 0.0311
-34.3207 -8.7602 28.3720 -0.7847 -0.1589 0.5992 0.1184 0.3409
-34.3207 -8.7602 28.3720 -0.9254 -0.2540 -0.2814 0.2814 0.3518
-33.3149 10.2977 5.8162 -0.9446 0.3255 -0.0413 0.3741 0.4615
-31.4862 3.2788 27.5101 0.9950 -0.0822 0.0569 0.8586 0.6393
23.4471 -12.3515 19.4248 -0.1176 0.3769 0.9188 0.9611 0.6203
25.2373 -9.6972 28.0609 -0.9280 0.3325 0.1680 0.7753 0.7029
25.2373 -9.6972 28.0609 -0.6165 0.1955 0.7627 0.1138 0.0511
-16.7985 19.2961 -23.4028 -0.0164 0.0172 -0.9997 0.2332 0.7001
27.9538 10.5144 25.5502 0.9328 0.3602 0.0145 0.4263 0.8934
23.6502 -10.7715 -24.5344 -0.9222 0.3010 0.2426 0.7481 0.7099
-26.4152 -22.0172 26.3468 -0.7546 -0.6561 0.0143 0.6994 0.5734
-29.8043 -17.7770 6.9041 -0.8455 -0.5340 -0.0056 0.6048 0.5899
-32.8447 12.9006 28.4769 -0.8436 0.3564 0.4017 0.3868 0.3513
-32.8447 12.9006 28.4769 -0.5444 0.2567 0.7985 0.2238 0.3337
-33.6080 2.8609 -28.4390 -0.4860 0.0469 -0.8727 0.4941 0.0068
9.3667 -30.4445 -5.4723 0.3707 -0.9287 0.0027 0.5446 0.3993
27.6706 -12.0091 -6.3159 0.9317 -0.3632 0.0004 0.3167 0.7384
2.7922 31.6381 -27.3336 0.1758 0.9284 -0.3275 0.7253 0.4612
-25.7705 -18.0577 28.4502 0.6874 0.5346 0.4916 0.6997 0.8270
-25.7705 -18.0577 28.4502 0.5066 0.3854 0.7712 0.0732 0.2993
0.0005 29.2071 21.3429 -0.0172 0.0395 0.9991 0.7680 0.0071
0.0005 29.2071 21.3429 -0.0328 0.8763 0.4807 0.6490 0.8270
0.0005 29.2071 21.3429 0.0502 -0.9933 -0.1036 0.4739 0.7163
0.0005 29.2071 21.3429 0.0090 0.9403 0.3402 0.5863 0.8491
7.5379 18.3745 20.8959 -0.0127 -0.0324 0.9994 0.7313 0.0598
21.9733 21.0618 5.3901 0.7696 0.6386 -0.0045 0.8845 0.5545
19.9461 23.1591 -9.0853 0.7093 0.7049 -0.0002 0.8141 0.5446
-22.7544 22.0319 21.2974 0.5137 -0.3737 -0.7723 0.8767 0.7128
-22.7544 22.0319 21.2974 0.6227 -0.5732 -0.5327 0.9886 0.6218
-23.3776 21.0751 21.1930 0.6412 -0.7548 -0.1383 0.4731 0.8300
22.5221 14.8295 26.1192 -0.8472 -0.5310 0.0157 0.4971 0.6067
22.5221 14.8295 26.1192 -0.8702 -0.4927 0.0062 0.7848 0.5836
14.8355 27.6095 28.5808 0.1972 0.3442 0.9180 0.2953 0.1017
14.8355 27.6095 28.5808 0.4270 0.6748 0.6020 0.9973 0.5198
-17.5902 -28.5811 10.7672 -0.4782 -0.8782 -0.0040 0.6236 0.5305
14.6772 27.1516 -25.3768 0.5401 0.8388 -0.0686 0.7348 0.5190
-24.1052 23.9404 22.3279 -0.6649 0.7469 -0.0015 0.9669 0.3303
-30.7352 9.3390 28.4136 0.6025 -0.1708 0.7796 0.2065 0.3234
10.0474 29.2555 -27.5399 0.3629 0.8431 -0.3967 0.7243 0.4965
-28.3630 8.2382 -23.3290 -0.0227 0.0138 -0.9996 0.1794 0.6438
-10.8047 28.5413 21.1711 -0.1019 0.3674 0.9245 0.8206 0.0103
20.9019 -22.6947 -7.7018 0.7311 -0.6823 -0.0009 0.5337 0.3432
-4.3108 32.1458 -27.1585 -0.0376 0.9599 -0.2779 0.7261 0.4266
6.5004 -29.5562 28.7192 -0.0326 0.0544 0.9980 0.0172 0.1423
-34.2753 6.6068 12.4039 -0.9768 0.2143 -0.0036 0.3562 0.4295
-34.0113 -7.7128 27.0101 -0.9654 -0.2600 0.0213 0.2865 0.3584
-32.1408 -13.2701 13.1819 -0.9077 -0.4194 -0.0094 0.2595 0.4257
-6.0253 -32.1444 18.7830 -0.1187 -0.9929 0.0049 0.6626 0.4742
24.7829 -8.6559 20.8981 -0.8104 0.2026 0.5497 0.6474 0.1913
24.7829 -8.6559 20.8981 -0.9338 0.2906 0.2089 0.8102 0.6979
21.9968 11.5226 -24.2493 -0.7801 -0.5458 -0.3059 0.7467 0.6015
21.9968 11.5226 -24.2493 -0.6742 -0.4010 -0.6202 0.1954 0.8888
0.4019 12.0929 20.8900 0.0267 -0.0114 0.9996 0.7661 0.0904
2.8970 -18.0658 20.9884 0.0333 0.0163 0.9993 0.7539 0.2371
-6.3880 -16.9121 21.2144 0.0803 0.0392 0.9960 0.7991 0.2315
-3.4444 5.4618 -23.6801 -0.0134 0.0105 -0.9999 0.1659 0.7650
-11.1992 31.1391 -26.0396 -0.2542 0.9626 -0.0936 0.7316 0.3931
-24.0855 -17.4162 -26.7681 0.7663 0.6397 -0.0599 0.5795 0.6139
-22.4394 8.8639 20.9818 0.0281 -0.0116 0.9995 0.8772 0.1061
-21.5704 -5.7371 21.0391 0.0270 0.0200 0.9994 0.8730 0.1771
-2.0520 32.1692 19.9203 0.0149 0.9998 0.0130 0.9552 0.4376
7.8254 -26.4462 -23.9462 -0.0551 0.1233 -0.9908 0.0106 0.8199
8.4672 2.1746 -23.8578 -0.0119 0.0070 -0.9999 0.1499 0.8230
-35.1472 2.3384 21.4356 -0.9942 0.1065 -0.0145 0.3354 0.3855
-31.3227 -14.9303 16.7891 -0.8838 -0.4679 0.0035 0.2514 0.4081
1.3033 22.2222 21.1862 0.0759 -0.0143 0.9970 0.7617 0.0411
-23.8917 -20.7953 28.5641 0.1335 0.1474 0.9800 0.0598 0.2902
-33.7318 8.6177 1.8415 -0.9648 0.2627 -0.0071 0.3659 0.4809
13.6217 -28.5149 15.6211 0.4903 -0.8715 -0.0052 0.6472 0.3786
13.7688 -28.3180 -17.9381 0.5107 -0.8597 0.0001 0.4839 0.3779
-4.6759 -17.3862 21.2437 -0.0279 -0.0257 0.9993 0.7908 0.2338
-11.3174 -24.6474 21.2314 0.0118 0.0200 0.9997 0.8231 0.2691
20.2866 14.4782 -24.7952 -0.8092 -0.5639 -0.1652 0.6195 0.6101
-31.3680 6.6008 21.0905 0.9148 -0.3857 0.1199 0.8273 0.6231
-31.3680 6.6008 21.0905 0.0620 -0.0033 0.9981 0.9206 0.1171
-9.2712 31.4521 16.9426 -0.2093 0.9778 0.0041 0.9407 0.4025
17.6028 -25.8657 26.5392 0.6396 -0.7653 0.0722 0.7003 0.3593
-31.5422 -5.1233 -28.8078 0.2167 0.0501 -0.9749 0.4552 0.0169
-29.5960 -6.3291 -25.4868 0.9249 0.2852 0.2513 0.7266 0.7184
-29.6833 -5.8047 -27.5016 0.9486 0.2180 -0.2296 0.7168 0.7159
-29.6833 -5.8047 -27.5016 0.8116 0.1668 -0.5599 0.4519 0.0259
-22.8840 22.1464 20.8544 -0.0108 0.1867 0.9824 0.8794 0.0414
-22.8840 22.1464 20.8544 0.7550 -0.6522 -0.0676 0.9864 0.6225
-22.8840 22.1464 20.8544 0.9173 -0.1837 0.3533 0.6559 0.8270
-28.3488 9.9764 -23.3118 -0.0011 -0.0012 -1.0000 0.1878 0.6439
-1.7885 6.3851 20.9188 0.0147 0.0158 0.9998 0.7767 0.1181
33.1753 3.5147 27.2680 0.0620 0.0532 -0.9967 0.6963 0.6923
-14.3027 26.7540 21.3811 0.2972 -0.6550 -0.6948 0.4409 0.9063
-14.3027 26.7540 21.3811 -0.6198 0.7231 0.3048 0.4262 0.9074
16.6552 26.0266 1.8075 0.5929 0.8053 -0.0070 0.8671 0.5286
-6.0132 29.4672 21.3814 0.0305 0.1480 -0.9885 0.8983 0.6079
-6.0132 29.4672 21.3814 -0.1553 0.6099 -0.7771 0.9369 0.6675
-34.0053 -7.9538 11.4210 -0.9640 -0.2657 0.0090 0.2853 0.4342
-26.7341 -21.5786 -12.2606 -0.7574 -0.6529 -0.0019 0.5115 0.5750
-27.9028 4.3871 -23.4027 -0.0309 0.0176 -0.9994 0.1606 0.6460
22.9428 -12.1672 20.3587 0.9093 -0.4138 -0.0437 0.9366 0.6194
20.2513 16.7606 -28.4901 -0.5704 -0.5013 -0.6507 0.6016 0.6103
20.2513 16.7606 -28.4901 -0.3805 -0.2729 -0.8836 0.5617 0.2689
-30.0995 9.9647 28.0444 0.5980 -0.1919 0.7782 0.2095 0.3204
-30.0995 9.9647 28.0444 0.9416 -0.3283 0.0752 0.8612 0.6068
-21.4844 -22.2069 24.6139 0.6481 0.7616 -0.0059 0.5436 0.6355
-10.4606 -5.9080 21.0686 -0.0939 0.0169 0.9954 0.8189 0.1779
33.9745 4.2175 27.3495 0.0959 0.0400 -0.9946 0.7002 0.6889
31.3028 -7.6838 28.2842 0.1858 -0.4417 0.8777 0.1236 0.0216
-27.8721 19.8874 15.4037 -0.7782 0.6279 0.0044 0.9332 0.3120
21.6883 -21.7607 17.9597 0.7606 -0.6492 0.0072 0.6586 0.3394
5.0593 31.1860 -27.1084 0.2375 0.9305 -0.2789 0.7264 0.4722
29.3264 4.9588 26.9314 0.9921 0.1105 0.0599 0.3993 0.9001
14.2667 27.9687 28.5722 0.2332 0.4000 0.8863 0.2971 0.1045
14.2667 27.9687 28.5722 0.3821 0.6214 0.6840 0.9973 0.5170
-5.4800 32.9430 28.1156 -0.0695 0.9965 -0.0469 0.9951 0.4209
12.9291 -23.9419 20.5695 -0.3379 0.7363 0.5863 0.5239 0.8029
-10.4378 3.6165 20.9744 -0.0936 0.0105 0.9956 0.8188 0.1316
29.7636 0.4184 5.7774 0.9995 0.0300 -0.0029 0.3772 0.7972
27.2661 -10.5454 28.6992 0.0731 -0.0202 0.9971 0.1097 0.0413
-24.3257 23.7234 13.6944 -0.6736 0.7391 -0.0008 0.9249 0.3292
-35.0649 -0.1838 12.7019 -0.9997 0.0168 -0.0163 0.3231 0.4280
6.5953 7.0251 -23.7989 -0.0126 0.0084 -0.9999 0.1735 0.8139
-15.9358 26.0765 21.3217 0.0326 -0.0568 0.9979 0.8455 0.0223
-15.9358 26.0765 21.3217 0.3205 -0.9196 -0.2272 0.4738 0.7938
21.5118 10.6627 21.0889 -0.0351 -0.0143 0.9993 0.6634 0.0973
-28.4767 -19.4314 3.6025 -0.8151 -0.5789 -0.0221 0.5887 0.5835
-26.2000 18.1142 -28.7334 0.0435 -0.0434 -0.9981 0.5683 0.0429
23.4258 13.1663 22.3140 -0.8925 -0.4495 0.0372 0.8033 0.5917
-12.3326 -0.3995 20.8809 -0.0379 0.0088 0.9992 0.8280 0.1511
17.7968 -15.9577 -24.0099 0.0397 -0.0293 -0.9988 0.0617 0.8684
-22.1746 16.2271 -23.3414 -0.0247 0.0203 -0.9995 0.2182 0.6739
13.1575 -28.6583 27.4482 0.4268 -0.8552 -0.2942 0.7047 0.3809
4.8050 8.9464 20.8784 0.1193 0.0131 0.9928 0.7446 0.1057
25.2211 0.3941 21.1614 -0.0361 -0.0086 0.9993 0.6453 0.1473
-0.5326 -32.2297 26.8136 0.0492 -0.9839 -0.1717 0.7016 0.4475
28.0769 -10.5307 15.2212 0.9553 -0.2958 0.0032 0.3239 0.8432
-18.8162 -23.8538 21.3449 0.1423 0.2222 0.9646 0.8596 0.2653
-11.4772 27.6182 21.3115 0.3961 -0.7411 0.5421 0.4737 0.7721
-11.3446 26.0455 -26.7125 0.3274 -0.9371 -0.1208 0.6102 0.7640
6.4547 28.1361 28.5062 -0.1345 -0.3048 0.9429 0.2979 0.1425
10.3227 -25.3412 -28.1749 -0.3301 0.6665 -0.6684 0.5727 0.7813
10.0509 -2.2657 20.7250 0.0063 0.0035 1.0000 0.7191 0.1602
22.5267 -14.0294 20.7258 -0.8338 0.5434 0.0972 0.5247 0.8496
22.5267 -14.0294 20.7258 -0.8538 0.4603 0.2431 0.8110 0.7240
-19.7856 -22.5949 -28.2488 0.5080 0.6404 -0.5760 0.5723 0.6348
-19.7856 -22.5949 -28.2488 0.3186 0.3803 -0.8682 0.3702 0.0741
-15.1537 29.6178 19.2376 -0.3993 0.9168 -0.0036 0.9519 0.3738
29.5266 -4.0545 15.3254 0.9924 -0.1233 0.0055 0.3554 0.8437
25.5469 -1.9310 -24.9085 -0.9728 0.0882 0.2142 0.7500 0.6669
5.7821 -0.7048 20.7978 0.0653 0.0017 0.9979 0.7399 0.1526
-34.9775 -2.7822 13.1815 -0.9957 -0.0899 -0.0225 0.3105 0.4257
27.5007 -9.4472 -28.4656 0.9083 -0.2807 -0.3100 0.9083 0.6902
-1.5417 32.2207 4.1844 0.0132 0.9999 0.0011 0.8786 0.4401
-32.9987 10.8824 15.8712 -0.9397 0.3419 0.0065 0.3770 0.4126
4.9955 -31.7815 -8.1791 0.1950 -0.9808 -0.0012 0.5314 0.4206
29.5690 -2.1525 26.9961 0.9717 -0.0023 -0.2362 0.3647 0.9004
2.1081 25.9758 21.1817 0.0357 -0.0283 0.9990 0.7578 0.0228
-26.4233 -7.3032 21.2052 0.0239 0.0100 0.9997 0.8966 0.1847
22.4668 -13.2145 20.1301 0.8925 -0.4429 0.0858 0.9354 0.6245
22.4668 -13.2145 20.1301 0.7042 -0.2851 0.6503 0.9658 0.6245
21.7213 -15.1281 20.2361 -0.7559 0.5760 0.3111 0.5223 0.8457
21.7213 -15.1281 20.2361 -0.2447 0.3068 0.9198 0.6623 0.2228
8.2209 27.2281 21.3924 0.0508 0.1584 0.9861 0.7280 0.0167
8.2209 27.2281 21.3924 0.0896 -0.9013 -0.4238 0.4741 0.6763
8.2209 27.2281 21.3924 0.2873 0.7761 0.5614 0.8403 0.7458
15.7556 7.1743 20.7980 -0.0312 -0.0134 0.9994 0.6914 0.1143
-12.1595 -30.6858 28.8817 0.0625 0.2240 0.9726 0.0117 0.2331
-11.2827 27.9429 27.5136 0.2910 -0.9423 0.1658 0.5039 0.7712
22.3394 15.4194 28.0303 -0.6915 -0.4419 0.5714 0.2360 0.0652
22.3394 15.4194 28.0303 -0.8585 -0.4948 0.1346 0.7755 0.5807
22.3394 15.4194 28.0303 -0.8334 -0.5287 0.1610 0.5064 0.6076
-18.0174 -28.3586 13.2260 -0.4972 -0.8676 -0.0066 0.6355 0.5326
21.3419 -14.8966 21.1993 0.3726 -0.2200 0.9015 0.6642 0.2217
-19.4644 23.7306 -28.5693 0.2420 -0.3219 -0.9153 0.5956 0.0757
-5.9395 -28.8876 21.3375 0.1162 0.8862 0.4485 0.5276 0.7111
7.9240 28.0370 21.5664 -0.3372 -0.9120 -0.2336 0.9105 0.6077
7.9240 28.0370 21.5664 -0.0222 -0.1121 -0.9934 0.8913 0.6757
-9.4593 28.4241 21.3130 0.2285 -0.9712 -0.0668 0.4737 0.7623
-9.4593 28.4241 21.3130 0.0424 -0.1908 0.9807 0.8140 0.0109
28.6452 -9.1669 -14.1856 0.9583 -0.2858 0.0084 0.3305 0.7001
-18.7838 24.1518 22.4397 0.5349 -0.8437 0.0454 0.4792 0.8077
-10.0807 26.6753 -27.2426 0.2657 -0.8449 -0.4643 0.6076 0.7579
29.6070 2.5253 -27.1129 0.9531 0.0816 -0.2914 0.3874 0.6372
29.3993 -5.0568 12.7197 0.9904 -0.1385 0.0018 0.3505 0.8310
24.5615 15.5150 -28.3312 0.4668 0.2676 -0.8429 0.5557 0.2899
30.8347 -4.8533 26.8496 -0.1148 -0.0591 -0.9916 0.6849 0.7330
-3.8166 -28.0661 -24.0078 -0.0369 0.0404 -0.9985 0.0027 0.7632
-3.8166 -28.0661 -24.0078 -0.0326 0.9123 -0.4082 0.5930 0.7125
-2.1515 -31.3231 28.7163 0.0004 0.0556 0.9985 0.0086 0.1844
-22.2144 24.3105 -28.2913 -0.3042 0.4074 -0.8611 0.5984 0.0623
-2.9722 -32.5810 -10.5403 -0.0212 -0.9998 0.0021 0.5199 0.4594
-17.4602 28.5182 22.9899 -0.4773 0.8787 0.0047 0.9701 0.3626
29.1210 6.2556 18.8119 0.9821 0.1883 -0.0062 0.4056 0.8606
-18.2909 -28.2293 23.3807 -0.4793 -0.8776 0.0076 0.6849 0.5339
19.7540 23.4065 2.2763 0.7052 0.7090 0.0009 0.8693 0.5437
22.9849 12.3638 21.0173 0.7608 0.5799 -0.2912 0.4770 0.8668
22.9849 12.3638 21.0173 0.8097 0.0529 -0.5844 0.4557 0.9073
-30.7765 15.6472 -16.8353 -0.8745 0.4850 -0.0014 0.4001 0.5717
-29.1602 9.4475 -23.6531 0.9042 -0.3808 0.1935 0.7355 0.6417
-30.9817 -15.5675 12.2750 -0.8698 -0.4934 -0.0022 0.2483 0.4301
-3.5848 27.6011 -23.6950 0.0085 -0.9851 -0.1718 0.6249 0.7263
13.0886 -19.5453 20.9067 0.1384 -0.1818 0.9736 0.7043 0.2443
-1.0995 -28.8906 21.2967 -0.0254 0.8429 0.5374 0.5274 0.7347
-11.7210 -26.2098 -25.7655 0.2487 0.9002 0.3573 0.5844 0.6741
-31.2462 14.7968 9.1341 -0.8638 0.5036 0.0138 0.9027 0.2956
-31.2462 14.7968 9.1341 -0.8943 0.4468 0.0241 0.3960 0.4454
-10.8509 -31.8058 28.8379 -0.2053 -0.9137 0.3508 0.7115 0.4977
16.1844 -22.3093 22.0067 -0.6437 0.7493 0.1552 0.5309 0.8188
23.0399 -10.8204 -27.3823 -0.8971 0.3814 -0.2229 0.7620 0.7102
-24.2868 -24.2479 19.7681 -0.6724 -0.7402 -0.0012 0.6674 0.5631
-20.6533 13.4880 -23.4201 -0.0120 0.0109 -0.9999 0.2049 0.6813
-23.6727 -18.4857 21.3369 0.0401 0.0328 0.9987 0.8832 0.2391
21.8235 18.0310 28.6757 -0.1123 -0.0821 0.9903 0.2487 0.0677
20.1708 18.8636 28.3958 -0.7180 -0.5962 0.3592 0.5082 0.6182
20.1708 18.8636 28.3958 -0.2398 -0.1849 0.9530 0.2528 0.0758
-34.5889 -5.4305 27.5593 -0.9029 -0.1827 -0.3891 0.2976 0.3557
-11.3464 -26.6707 -24.9095 0.2354 0.8951 0.3787 0.5886 0.6759
-32.2701 12.6518 -7.1300 -0.9222 0.3861 -0.0205 0.3856 0.5245
18.2889 -20.3846 -28.6848 -0.3339 0.3343 -0.8813 0.3810 0.2593
18.1422 24.9270 16.5045 0.6602 0.7511 -0.0021 0.9386 0.5358
3.7734 11.5907 20.9678 0.1012 0.0188 0.9947 0.7497 0.0928
5.5960 -31.5906 13.6474 0.2265 -0.9740 0.0095 0.6376 0.4177
-22.8996 24.7704 28.6039 -0.0405 0.0429 0.9983 0.2815 0.2853
-16.8133 25.7537 21.3943 -0.0817 -0.1224 -0.9891 0.9782 0.6500
-16.8133 25.7537 21.3943 -0.7194 0.5558 -0.4165 0.5789 0.8477
-19.3471 27.4511 13.6289 -0.5215 0.8532 -0.0005 0.9246 0.3534
-8.5713 28.5850 21.4138 0.1458 -0.9892 -0.0108 0.4742 0.7580
-23.6349 20.9895 21.0349 0.4734 -0.8449 -0.2492 0.4724 0.8313
-23.6349 20.9895 21.0349 -0.2399 -0.3761 0.8950 0.8830 0.0471
-14.0381 -25.6721 -25.1076 0.3992 0.8589 0.3210 0.5876 0.6628
1.7773 -32.2844 4.4806 0.1170 -0.9931 -0.0006 0.5930 0.4363
29.7125 2.6793 -25.6766 0.9941 0.0961 -0.0507 0.3882 0.6442
-23.7965 5.5762 -23.4645 -0.0100 0.0096 -0.9999 0.1664 0.6660
26.0906 -16.2342 28.3141 0.5511 -0.3299 0.7665 0.0820 0.0470
26.0906 -16.2342 28.3141 0.7556 -0.4589 0.4675 0.8336 0.7335
-29.8697 -4.0573 -26.7895 0.9905 0.1361 -0.0217 0.7202 0.7074
16.2917 -2.0125 -23.9910 -0.0129 0.0066 -0.9999 0.1295 0.8611
13.6226 -24.1832 27.4940 -0.5548 0.8320 0.0052 0.5576 0.8063
-31.2746 -13.6644 -28.0887 -0.8497 -0.3988 -0.3450 0.2575 0.6265
-31.2746 -13.6644 -28.0887 -0.7557 -0.3614 -0.5462 0.4137 0.0182
-17.9007 -24.8643 27.9119 0.5475 0.8357 0.0423 0.5596 0.6529
16.4799 26.7258 28.2775 0.5379 0.8430 -0.0026 0.9958 0.5278
7.5296 30.3832 -27.2991 0.3065 0.8909 -0.3351 0.7255 0.4842
13.6962 27.9390 -5.6389 0.5052 0.8629 -0.0105 0.8308 0.5142
26.0611 16.3392 28.3890 0.4948 0.2480 0.8328 0.2405 0.0471
26.0611 16.3392 28.3890 0.8124 0.4819 0.3282 0.7788 0.7465
26.0611 16.3392 28.3890 0.8653 0.5003 -0.0321 0.9964 0.5744
26.0611 16.3392 28.3890 0.8848 0.4513 0.1162 0.9464 0.6488
19.6169 -24.1750 28.5277 0.1653 -0.2034 0.9650 0.0434 0.0785
19.6169 -24.1750 28.5277 0.5024 -0.5813 0.6401 0.7100 0.3495
-7.3845 -28.3823 21.2277 0.0871 0.1318 0.9874 0.8039 0.2873
-33.8041 8.3179 -6.1291 -0.9635 0.2668 -0.0192 0.3645 0.5196
3.4716 -12.8627 21.0601 0.3962 -0.0518 0.9167 0.7511 0.2118
-25.8123 22.2454 18.1696 -0.7271 0.6866 0.0019 0.9467 0.3220
19.9088 -7.4026 20.9982 -0.0466 0.0173 0.9988 0.6712 0.1852
13.3297 -24.3500 26.1171 -0.5420 0.8404 0.0010 0.5509 0.8049
-0.9667 -5.1741 21.0241 0.1281 0.0096 0.9917 0.7727 0.1744
-22.7913 -21.9903 -28.9190 0.0560 0.0608 -0.9966 0.3732 0.0595
22.0354 21.8141 27.9024 0.6795 0.6333 -0.3704 0.9940 0.5548
-17.8126 -25.3913 28.5092 0.0860 0.1615 0.9831 0.0375 0.2606
29.5644 -8.6269 27.6439 -0.2656 -0.7669 -0.5843 0.9555 0.6558
29.5644 -8.6269 27.6439 -0.2844 -0.4905 -0.8238 0.6787 0.7514
6.9029 29.5087 -28.4100 0.1804 0.5627 -0.8067 0.7200 0.4812
6.9029 29.5087 -28.4100 0.1435 0.3685 -0.9185 0.6237 0.2039
9.4767 -26.5113 27.4760 -0.4240 0.8902 0.1668 0.5575 0.7861
-4.3231 24.9084 21.3809 -0.0977 0.0788 0.9921 0.7891 0.0280
19.0475 15.3927 -23.9781 -0.1896 -0.1262 -0.9737 0.2142 0.8745
-19.3938 27.4187 11.5149 -0.5194 0.8545 -0.0017 0.9143 0.3532
23.9142 -11.4048 20.1358 -0.8814 0.3773 -0.2844 0.8139 0.7112
-34.9342 -0.4471 -1.6647 -1.0000 0.0045 0.0077 0.3218 0.4979
-19.3228 -27.8018 -23.8574 -0.5140 -0.8577 0.0122 0.4551 0.5389
16.9418 -26.2417 -23.4517 0.6031 -0.7976 -0.0021 0.4571 0.3625
-0.1576 20.4397 21.0696 -0.0339 -0.0411 0.9986 0.7688 0.0498
20.0227 23.1794 12.4508 0.7072 0.7070 -0.0003 0.9188 0.5450
21.0532 -3.8410 -24.0517 -0.0029 0.0027 -1.0000 0.1206 0.8842
12.4805 24.8835 21.5601 -0.1891 -0.2435 -0.9513 0.8760 0.6978
12.4805 24.8835 21.5601 -0.5051 -0.6647 -0.5505 0.4749 0.6556
17.8714 -24.5896 28.7343 0.1299 -0.1569 0.9790 0.0414 0.0870
-13.0412 26.1877 -27.8932 0.2688 -0.6680 -0.6939 0.6045 0.7723
14.3846 -28.2530 24.6424 0.4854 -0.8739 0.0274 0.6911 0.3749
-0.0358 -28.5542 20.9737 0.0611 0.0998 0.9931 0.7682 0.2881
-0.0358 -28.5542 20.9737 -0.0234 0.6943 0.7194 0.5259 0.7398
-18.8264 26.2274 28.4995 0.0643 -0.1143 0.9914 0.2886 0.2655
18.9775 -19.2545 20.1530 -0.7484 0.6333 -0.1971 0.5219 0.8324
11.5255 -25.1659 21.0657 -0.3756 0.6831 0.6263 0.5263 0.7961
-10.8471 -27.9575 21.6511 0.2361 0.9679 0.0860 0.5292 0.6872
6.5898 31.0644 10.3187 0.2630 0.9648 -0.0035 0.9085 0.4796
-30.5857 14.5167 -28.1322 -0.5386 0.2880 -0.7918 0.5508 0.0215
13.5101 -23.5137 20.2090 -0.2822 0.8505 0.4439 0.5221 0.8058
-11.1481 28.5489 21.1328 -0.0764 0.0999 0.9921 0.8223 0.0103
-7.4467 31.8324 0.0693 -0.1526 0.9883 0.0080 0.8586 0.4113
-19.9634 27.0682 20.2147 -0.5443 0.8389 0.0028 0.9566 0.3504
0.8818 -32.1565 26.8725 0.0626 -0.9711 -0.2301 0.7019 0.4406
27.4057 -3.5959 28.5295 -0.1986 0.0188 0.9799 0.1435 0.0406
25.8894 2.3811 -28.4507 -0.5696 -0.0369 -0.8211 0.4918 0.2963
25.8715 6.3855 -28.7555 -0.1891 -0.0353 -0.9813 0.5112 0.2962
-27.1781 19.1258 -28.3839 -0.3800 0.2822 -0.8809 0.5732 0.0381
-13.1590 -28.4727 28.6031 0.0514 0.1504 0.9873 0.0225 0.2379
-35.2316 -0.8228 28.5946 -0.4510 -0.0044 0.8925 0.1570 0.3453
23.2116 -12.9862 19.6848 -0.8219 0.5678 -0.0452 0.5196 0.8529
23.2116 -12.9862 19.6848 -0.0939 0.4058 0.9091 0.9622 0.6234
-35.2071 0.1475 18.3955 -0.9990 0.0257 -0.0360 0.3247 0.4003
-29.9956 -16.9376 25.9231 -0.8464 -0.5307 0.0435 0.6973 0.5908
-30.7083 -7.6375 23.1400 0.9643 0.2639 -0.0206 0.8373 0.6924
-5.1382 -1.9620 20.9399 -0.0290 0.0014 0.9996 0.7930 0.1587
-16.7310 -29.0414 16.4888 -0.4348 -0.9005 -0.0013 0.6514 0.5263
-16.8486 -25.6008 28.3050 0.2934 0.4314 0.8531 0.0365 0.2559
-16.8486 -25.6008 28.3050 0.3773 0.6827 0.6258 0.5615 0.6580
2.4009 -28.8181 25.3322 -0.1775 0.9841 0.0077 0.5471 0.7517
-31.3650 -3.0621 21.2305 0.5183 0.0584 0.8532 0.9206 0.1641
-13.4003 30.4139 -10.0727 -0.3180 0.9481 -0.0002 0.8093 0.3824
-30.1252 9.6783 21.2389 -0.0441 0.2673 0.9626 0.9146 0.1021
16.6176 -20.1203 -27.3406 -0.6508 0.6648 -0.3666 0.5767 0.8119
14.9810 -24.6485 28.7297 -0.0887 0.1315 0.9873 0.0411 0.1010
-30.3320 -16.0763 -27.6068 -0.8230 -0.5233 -0.2212 0.4369 0.5925
-30.3320 -16.0763 -27.6068 -0.8426 -0.4422 -0.3075 0.2458 0.6241
-18.7244 25.0738 21.3693 0.2088 -0.3239 -0.9227 0.9749 0.6407
-18.7244 25.0738 21.3693 0.3711 -0.5305 -0.7621 0.9889 0.6022
-16.0742 25.9849 21.4185 0.4051 -0.7795 -0.4777 0.4742 0.7945
-8.2971 -32.0405 -18.5033 -0.1850 -0.9827 0.0112 0.4812 0.4853
8.2275 12.6362 -23.7802 -0.0171 0.0068 -0.9998 0.2008 0.8218
-0.9746 -22.4190 21.4679 0.1260 -0.1310 0.9833 0.7728 0.2583
-20.1732 -27.1506 22.4062 -0.5009 -0.8655 -0.0056 0.6802 0.5431
-3.0220 -18.3882 21.1750 0.0219 -0.0524 0.9984 0.7827 0.2387
8.5420 21.6545 -23.6879 -0.0159 0.0119 -0.9998 0.2446 0.8233
-35.0375 -4.0810 25.3750 -0.9836 -0.1667 0.0688 0.3042 0.3664
13.3410 -28.5586 -14.9689 0.4775 -0.8787 0.0024 0.4984 0.3800
4.5006 -26.8678 -27.3028 -0.2607 0.9361 -0.2361 0.5769 0.7530
26.2141 -14.8616 23.1823 0.8889 -0.4576 0.0187 0.3028 0.8819
18.7597 19.8533 23.5764 -0.7120 -0.7022 -0.0038 0.4847 0.6250
3.3679 28.4387 23.9040 -0.2035 -0.9790 0.0075 0.4863 0.6999
25.2942 7.0479 -28.5880 -0.5102 -0.0970 -0.8546 0.5145 0.2934
4.4469 -23.2817 -24.0613 -0.0025 0.0011 -1.0000 0.0260 0.8034
19.1175 20.9358 -28.7471 0.1765 0.1822 -0.9673 0.5820 0.2634
-34.5899 5.0697 13.4407 -0.9850 0.1719 -0.0146 0.3487 0.4244
-3.3500 32.2084 4.2420 -0.0331 0.9994 -0.0033 0.8789 0.4313
-19.8612 -24.1459 28.5379 0.1132 0.1146 0.9869 0.0435 0.2705
-29.3526 17.9610 -25.0738 -0.8322 0.5541 -0.0208 0.7363 0.3048
27.4689 -9.4579 -28.6850 0.9450 -0.2689 -0.1864 0.9072 0.6903
27.4689 -9.4579 -28.6850 0.8161 -0.1866 -0.5469 0.4342 0.3040
-5.6545 -14.4648 -23.8900 -0.0071 0.0138 -0.9999 0.0689 0.7543
-26.0983 17.4906 21.2910 -0.1267 -0.2194 0.9674 0.8950 0.0641
12.8953 28.5796 26.9490 0.5232 0.8495 0.0674 0.9894 0.5103
-3.8814 -32.3425 14.7582 -0.0579 -0.9983 0.0115 0.6430 0.4638
-2.1538 32.9903 28.3369 -0.0013 0.9654 0.2608 0.9961 0.4371
-23.8052 23.6450 28.6081 0.0181 -0.0183 0.9997 0.2761 0.2897
-17.7616 -28.4757 8.0532 -0.4721 -0.8816 -0.0047 0.6104 0.5313
-20.4022 -26.9486 15.1396 -0.5219 -0.8530 -0.0080 0.6448 0.5442
18.5508 -20.1329 26.0505 -0.7157 0.6984 -0.0038 0.5506 0.8303
3.8802 29.5828 -28.6591 0.0284 0.0491 -0.9984 0.6241 0.1892
9.3108 29.9826 -17.3734 0.3510 0.9364 -0.0032 0.7737 0.4929
-17.5786 28.4622 13.3042 -0.4695 0.8830 0.0001 0.9230 0.3620
-29.9419 -11.1014 -28.8617 0.2008 0.0801 -0.9764 0.4262 0.0247
20.2037 -23.6580 28.5300 0.5797 -0.5701 0.5822 0.7100 0.3466
20.2037 -23.6580 28.5300 0.1843 -0.1775 0.9667 0.0459 0.0756
-5.8704 -27.6093 -23.9146 -0.0144 -0.0097 -0.9999 0.0050 0.7532
13.4095 -24.7059 28.3087 -0.4766 0.6071 0.6358 0.5615 0.8053
-17.5846 27.2576 28.5409 0.0480 -0.0993 0.9939 0.2936 0.2595
-26.5285 14.0199 -24.6051 0.8271 -0.4653 0.3151 0.7308 0.6194
-33.9568 7.4204 26.9959 -0.9623 0.2717 -0.0163 0.3601 0.3585
-23.0198 19.5975 -23.3606 0.1764 -0.2239 -0.9585 0.2346 0.6698
-23.0198 19.5975 -23.3606 0.7398 -0.6600 0.1310 0.6265 0.8208
18.6147 23.6216 -27.7972 0.5673 0.6452 -0.5118 0.7230 0.5381
1.3491 24.0479 21.1967 0.0704 -0.0020 0.9975 0.7615 0.0322
0.9878 -32.4565 -15.7877 0.0799 -0.9968 0.0056 0.4944 0.4401
24.7255 10.3844 26.9273 -0.9332 -0.3544 0.0599 0.7809 0.6052
22.9758 19.8091 10.5789 0.7964 0.6047 0.0071 0.9097 0.5594
4.9007 -27.4095 -23.9377 0.1177 0.9718 -0.2043 0.5933 0.7549
4.9007 -27.4095 -23.9377 -0.0059 0.0037 -1.0000 0.0059 0.8056
-2.9283 32.2283 14.3205 -0.0251 0.9997 0.0082 0.9279 0.4333
-3.4266 8.1178 -23.6520 -0.0136 0.0103 -0.9999 0.1788 0.7651
-9.0243 -31.2234 28.8131 0.0453 0.1838 0.9819 0.0091 0.2178
28.2947 9.5533 19.3878 0.9559 0.2935 -0.0060 0.4216 0.8634
21.3231 -22.2316 -16.9826 0.7348 -0.6783 0.0022 0.4886 0.3412
-34.4114 -5.0214 -22.7393 -0.9888 -0.1488 -0.0108 0.2996 0.6004
-3.1893 -3.4745 -23.7772 -0.0110 0.0118 -0.9999 0.1224 0.7663
13.5187 28.3570 27.6539 0.4891 0.8210 -0.2944 0.9928 0.5133
19.4243 -24.5633 28.2787 0.6448 -0.7643 0.0098 0.7088 0.3504
-1.6308 -32.5454 -0.4922 0.0140 -0.9999 0.0081 0.5688 0.4528
10.7015 -29.8912 24.3416 0.3617 -0.9321 0.0219 0.6896 0.3928
2.1307 13.3496 20.9185 -0.0337 -0.0290 0.9990 0.7577 0.0842
12.1229 24.9758 24.1146 -0.5087 -0.8610 -0.0011 0.4873 0.6573
27.0299 -13.2444 19.9894 0.9106 -0.4130 0.0130 0.3107 0.8663
11.5104 -25.9647 28.3992 -0.1618 0.3216 0.9329 0.0347 0.1179
11.5104 -25.9647 28.3992 -0.3135 0.7363 0.5996 0.5620 0.7960
-30.0324 -10.0326 21.6256 0.9458 0.3233 -0.0299 0.8300 0.7041
-30.0324 -10.0326 21.6256 0.8109 0.2875 0.5097 0.9141 0.1980
-27.4377 21.4772 28.5391 -0.2684 0.2032 0.9416 0.2655 0.3074
10.8276 29.4989 10.0241 0.4046 0.9144 -0.0084 0.9070 0.5003
24.1578 7.2826 -24.2090 -0.9453 -0.2978 0.1329 0.7466 0.6221
24.1578 7.2826 -24.2090 -0.4318 -0.1469 -0.8899 0.1747 0.8993
27.2127 -13.0856 -11.2578 0.9193 -0.3936 -0.0046 0.3115 0.7143
-17.0396 -28.8337 3.0943 -0.4599 -0.8880 0.0030 0.5862 0.5278
-34.5853 -5.2012 -4.7946 -0.9892 -0.1466 -0.0040 0.2987 0.5131
2.2945 -32.2346 0.4201 0.1305 -0.9914 0.0104 0.5732 0.4337
28.9558 -7.2522 26.7858 0.9865 -0.1639 0.0032 0.3398 0.8994
28.9558 -7.2522 26.7858 0.7747 -0.0586 -0.6296 0.6758 0.7447
-18.6158 24.7164 21.4852 0.0329 -0.0100 -0.9994 0.9732 0.6412
5.8716 -31.4152 26.2735 0.2828 -0.9487 -0.1417 0.6990 0.4163
8.2523 14.4666 20.7912 -0.0067 -0.0215 0.9997 0.7279 0.0788
14.0729 -23.2428 20.0334 -0.4321 0.9012 -0.0333 0.5213 0.8085
-24.5040 23.6156 26.4540 -0.6836 0.7234 -0.0963 0.9870 0.3284
-19.4541 -27.5147 7.6408 -0.5031 -0.8642 -0.0025 0.6084 0.5396
-19.2696 27.5751 -1.1400 -0.5163 0.8564 0.0010 0.8527 0.3538
14.9090 -27.8158 27.9593 0.5149 -0.8546 0.0671 0.7072 0.3724
15.5725 26.4088 28.8069 0.0296 0.0527 0.9982 0.2895 0.0982
3.1239 -13.1421 21.2138 0.2429 -0.0418 0.9692 0.7528 0.2131
26.5362 -0.6508 21.8918 -0.9913 0.0360 0.1268 0.8054 0.6589
-24.0927 17.6536 -24.8990 0.7856 -0.5776 0.2219 0.6190 0.8260
-32.7431 11.4080 -19.4244 -0.9431 0.3325 -0.0006 0.3795 0.5843
-16.1002 25.9245 21.3398 0.1279 0.2566 0.9580 0.8463 0.0231
-16.1002 25.9245 21.3398 0.2785 0.6973 0.6604 0.5052 0.8650
-26.1376 17.3722 27.5583 0.8086 -0.5849 0.0631 0.5041 0.8435
-4.3702 -28.1621 21.0025 0.0358 0.0420 0.9985 0.7893 0.2862
-27.5691 -14.6355 21.5019 0.4965 0.2781 0.8223 0.9021 0.2204
-30.1867 14.5084 28.6228 0.0707 -0.0359 0.9969 0.2316 0.3208
-30.6577 7.8631 22.0513 0.5019 -0.7964 0.3375 0.6417 0.8310
-30.6577 7.8631 22.0513 0.9621 -0.2647 0.0652 0.8320 0.6170
30.3282 6.6509 27.2321 0.0400 0.0172 -0.9991 0.6824 0.6771
15.4272 -22.9320 22.2268 -0.5996 0.7973 0.0700 0.5320 0.8151
23.8780 -11.8556 19.6625 -0.8807 0.4305 -0.1976 0.8162 0.7134
-31.0837 -5.4067 21.2787 0.4582 0.0895 0.8843 0.9192 0.1755
-20.2601 -11.9996 21.1394 0.0185 0.0187 0.9997 0.8666 0.2076
-30.2883 18.1012 28.1092 -0.8716 0.4865 -0.0599 0.4121 0.3531
-30.2883 18.1012 28.1092 -0.8302 0.5574 0.0011 0.9950 0.3002
2.8668 -0.6745 -23.8179 -0.0118 0.0087 -0.9999 0.1360 0.7957
16.9623 -21.6328 26.0169 -0.6588 0.7523 -0.0063 0.5504 0.8225
23.0730 -14.0175 27.3046 -0.8630 0.4932 0.1092 0.7790 0.7240
23.0730 -14.0175 27.3046 -0.8398 0.5209 0.1532 0.5567 0.8523
5.1227 -31.6924 28.6228 0.0836 -0.2854 0.9548 0.0068 0.1490
5.1227 -31.6924 28.6228 0.1857 -0.6594 0.7285 0.7104 0.4200
25.2430 16.1229 26.1826 0.8605 0.5090 0.0194 0.9857 0.5704
29.4730 4.1236 12.9776 0.9899 0.1420 0.0018 0.3952 0.8322
19.5995 -24.0175 26.3699 0.7204 -0.6904 0.0665 0.6995 0.3495
15.1608 -27.4449 1.1678 0.5603 -0.8283 -0.0017 0.5769 0.3711
-27.4760 5.9917 21.1347 0.0534 -0.0098 0.9985 0.9017 0.1200
-27.2157 -21.1008 24.2703 -0.7932 -0.6087 0.0176 0.6893 0.5773
24.0522 -9.7299 -24.0437 -0.9523 0.2766 0.1290 0.7457 0.7049
2.1720 21.7799 21.1053 0.0828 -0.0173 0.9964 0.7575 0.0432
-10.4083 -27.9093 -28.6455 0.1774 0.6196 -0.7646 0.5704 0.6805
-10.4083 -27.9093 -28.6455 0.0651 0.2856 -0.9561 0.3444 0.1197
24.8235 -16.2963 28.6994 0.1266 -0.0721 0.9893 0.0817 0.0531
-32.6232 11.9172 -2.2314 -0.9269 0.3753 0.0012 0.3820 0.5007
-29.9176 -17.3905 14.3690 -0.8405 -0.5418 0.0089 0.6411 0.5905
33.9790 4.1709 28.7483 0.0459 0.0144 0.9988 0.1813 0.0086
21.7231 -21.7615 -1.5907 0.7588 -0.6514 0.0042 0.5634 0.3392
6.0140 -27.2140 -24.1972 -0.3271 0.9428 0.0636 0.5920 0.7604
-29.5985 -11.9965 28.5484 0.2978 0.1321 0.9455 0.1027 0.3179
35.2647 -0.6784 27.4517 0.6051 -0.0188 -0.7960 0.7065 0.7127
35.2647 -0.6784 27.4517 0.9021 -0.0077 -0.4315 0.9185 0.6198
-33.8457 -8.9094 17.1228 -0.9524 -0.3042 -0.0204 0.2807 0.4065
-2.8296 -32.3581 16.9212 -0.0247 -0.9996 0.0157 0.6535 0.4587
29.0852 -6.6483 24.7387 0.9823 -0.1868 0.0097 0.3428 0.8895
8.7417 26.6835 21.9700 -0.4276 -0.9036 0.0272 0.7689 0.7454
8.7417 26.6835 21.9700 -0.4390 -0.8980 0.0292 0.4769 0.6738
26.3042 14.5069 -11.0423 0.8901 0.4559 -0.0017 0.4457 0.7154
-16.8600 18.7670 21.0771 0.0431 -0.0403 0.9983 0.8500 0.0579
-25.4972 -18.1489 22.2904 0.7803 0.6228 -0.0574 0.5323 0.6160
20.1316 -23.4965 17.7836 0.7267 -0.6869 -0.0075 0.6577 0.3470
-31.5634 -3.2000 22.3153 0.9932 0.1086 -0.0422 0.8333 0.6708
29.4504 -5.4803 -25.9109 0.9833 -0.1614 -0.0843 0.3485 0.6430
14.9009 -22.3296 -24.1469 -0.5735 0.7728 0.2717 0.5923 0.8036
32.0391 -4.8051 26.7348 0.0062 -0.1161 -0.9932 0.6908 0.7328
-25.8454 -15.9921 -28.1600 0.7187 0.5399 -0.4381 0.5728 0.6054
-25.8454 -15.9921 -28.1600 0.5112 0.3454 -0.7870 0.4024 0.0446
-25.8454 -15.9921 -28.1600 0.7849 0.4562 -0.4193 0.7136 0.7654
-31.3042 14.7053 -3.4379 -0.8807 0.4737 0.0049 0.3956 0.5065
-4.1803 8.2304 20.9770 -0.0139 -0.0455 0.9989 0.7884 0.1092
5.5692 -27.8858 21.3613 -0.2630 0.8875 0.3783 0.5277 0.7671
1.9905 -32.2502 6.9653 0.1213 -0.9926 0.0061 0.6051 0.4352
22.2799 12.3670 -27.7429 -0.7239 -0.3517 -0.5936 0.5403 0.2788
9.5644 7.3342 20.7256 0.0024 -0.0044 1.0000 0.7215 0.1135
-32.7861 13.4296 28.1305 -0.9201 0.3849 0.0723 0.3894 0.3529
14.4466 -24.2798 28.5451 -0.1735 0.2436 0.9542 0.0429 0.1036
14.4466 -24.2798 28.5451 -0.3849 0.5275 0.7573 0.5627 0.8103
-2.1487 -17.0312 21.2013 0.0661 -0.0105 0.9978 0.7785 0.2321
26.0622 5.7690 25.3529 -0.9796 -0.2003 0.0142 0.7885 0.6277
-30.3552 -9.7171 28.4263 0.3318 0.1027 0.9377 0.1137 0.3216
14.2150 -23.0799 19.6417 0.1673 0.6718 0.7216 0.5194 0.8092
14.2150 -23.0799 19.6417 0.2732 0.4961 0.8242 0.6989 0.2615
22.8252 14.4591 27.5993 -0.8586 -0.4940 0.1371 0.7776 0.5854
22.8252 14.4591 27.5993 -0.8461 -0.5028 0.1771 0.5043 0.6053
-29.0919 -13.5443 28.6041 0.1565 0.0810 0.9844 0.0951 0.3155
-21.3349 21.1772 -23.4195 0.6692 -0.7392 0.0759 0.6262 0.8126
-21.3349 21.1772 -23.4195 0.0815 -0.1086 -0.9907 0.2423 0.6780
12.4921 10.3638 -23.8714 -0.0187 0.0046 -0.9998 0.1897 0.8426
-3.8475 -15.7260 -23.9186 -0.0063 0.0129 -0.9999 0.0628 0.7631
-25.0202 -17.2465 -24.0642 0.7836 0.6143 -0.0926 0.5927 0.6094
-28.1452 10.0036 -26.4928 0.9134 -0.3529 -0.2029 0.7217 0.6390
-3.7475 24.6575 21.4605 0.0272 0.0128 0.9995 0.7862 0.0292
-5.5416 -4.6240 -23.7645 -0.0112 0.0119 -0.9999 0.1168 0.7548
-30.4349 1.4580 21.2686 -0.0710 -0.0076 0.9974 0.9161 0.1421
-10.7712 -31.2904 5.4833 -0.2721 -0.9623 0.0060 0.5979 0.4973
-5.0993 21.2764 21.1352 0.1771 -0.0817 0.9808 0.7928 0.0457
9.5125 26.8143 28.4857 -0.3009 -0.7623 0.5731 0.5086 0.6700
22.7723 19.9529 -23.9670 0.7809 0.6241 -0.0270 0.7417 0.5584
22.7804 -13.0570 -24.0711 -0.8471 0.4568 0.2714 0.7459 0.7211
22.7804 -13.0570 -24.0711 -0.8372 0.5449 -0.0464 0.5927 0.8419
22.7804 -13.0570 -24.0711 -0.7158 0.4424 -0.5403 0.0758 0.8926
16.9367 -26.2361 -11.3213 0.6019 -0.7986 -0.0023 0.5161 0.3625
25.8819 6.5255 23.8502 -0.9729 -0.2305 0.0180 0.7958 0.6240
-27.1863 16.0676 21.3643 0.1642 -0.3927 0.9049 0.9003 0.0710
-27.1863 16.0676 21.3643 0.7325 -0.6738 0.0977 0.4740 0.8486
-24.6663 16.4675 -26.0222 0.8601 -0.5061 -0.0640 0.7240 0.6075
-24.6663 16.4675 -26.0222 0.7881 -0.6135 0.0500 0.6136 0.8288
24.8984 16.4807 -27.3134 0.8322 0.5437 -0.1091 0.7254 0.5687
24.8984 16.4807 -27.3134 0.7800 0.4733 -0.4092 0.4553 0.6362
-31.0089 16.8348 28.3182 -0.6848 0.4026 0.6075 0.2429 0.3248
-31.0089 16.8348 28.3182 -0.8717 0.4871 -0.0539 0.4059 0.3520
-31.0089 16.8348 28.3182 -0.7875 0.5061 0.3517 0.9960 0.2967
2.7002 -27.6574 -27.9597 -0.1566 0.7866 -0.5972 0.5737 0.7442
32.4394 4.8158 27.2711 0.0542 0.0352 -0.9979 0.6927 0.6860
25.4314 -7.4722 19.8009 -0.8932 0.2527 -0.3719 0.8155 0.6921
5.3587 -27.4803 -23.9839 -0.1890 0.9492 0.2516 0.5931 0.7572
5.3587 -27.4803 -23.9839 -0.0718 0.1759 -0.9818 0.0056 0.8079
16.4189 26.2330 6.2225 0.5910 0.8067 -0.0018 0.8885 0.5275
21.5872 -22.5060 27.8521 0.6819 -0.6797 -0.2704 0.7067 0.3399
16.3688 -20.1860 -26.6764 -0.6777 0.7333 -0.0538 0.5800 0.8107
-31.1565 -14.8907 -26.2647 -0.8889 -0.4491 -0.0903 0.2516 0.6176
11.2307 6.0158 -23.8685 -0.0147 0.0056 -0.9999 0.1686 0.8364
20.2477 18.1466 25.6632 -0.7769 -0.6296 0.0098 0.4949 0.6178
9.0741 -26.4309 21.1202 -0.1885 0.4378 0.8791 0.7239 0.2778
9.0741 -26.4309 21.1202 -0.3776 0.8317 0.4071 0.5266 0.7842
27.6680 -5.4396 -28.7618 0.2452 -0.0465 -0.9684 0.4537 0.3050
28.0316 -11.1281 27.1647 0.5751 -0.1999 -0.7933 0.6713 0.7636
24.2814 -9.4108 18.9241 0.6304 -0.1506 0.7615 0.9570 0.6060
-34.0095 -7.1955 -21.3168 -0.9768 -0.2140 -0.0045 0.2890 0.5935
-20.8804 22.8534 27.2425 0.6322 -0.7690 0.0946 0.5026 0.8179
-2.5432 27.5983 -23.6330 -0.0465 -0.9958 -0.0787 0.6252 0.7212
-2.5432 27.5983 -23.6330 -0.0502 -0.2312 -0.9716 0.2736 0.7694
-31.8280 13.7837 27.2692 -0.7093 0.3107 -0.6328 0.3911 0.3571
-21.6012 -9.9138 21.1281 0.0227 0.0193 0.9996 0.8731 0.1974
-11.5857 28.5037 21.1216 0.5040 0.7475 0.4327 0.7429 0.7427
-11.5857 28.5037 21.1216 0.1623 -0.9436 -0.2886 0.6921 0.8328
-11.5857 28.5037 21.1216 -0.0076 0.2040 0.9789 0.8244 0.0105
-11.5857 28.5037 21.1216 0.4811 -0.2997 -0.8238 0.8936 0.5807
-29.4883 -11.2501 22.8766 0.9327 0.3586 -0.0376 0.8360 0.7100
-23.1534 -25.1699 25.8630 -0.6434 -0.7654 0.0129 0.6970 0.5576
23.6671 -10.8305 20.9926 0.3379 -0.1537 0.9285 0.6529 0.2019
23.6671 -10.8305 20.9926 0.9043 -0.3583 -0.2321 0.9396 0.6129
-33.9093 -8.8578 21.0916 -0.9524 -0.3049 -0.0044 0.2809 0.3872
28.4508 -11.4978 27.7493 0.9242 -0.3207 -0.2073 0.9766 0.5929
-3.8509 -24.2182 21.2839 -0.0063 -0.0797 0.9968 0.7868 0.2670
0.1875 -32.9476 27.8063 0.0802 -0.9687 -0.2350 0.7065 0.4440
-19.2999 15.0712 -23.4182 -0.0116 0.0106 -0.9999 0.2126 0.6879
-15.6962 -29.4997 1.5097 -0.4198 -0.9076 0.0074 0.5785 0.5213
22.2502 17.3455 -28.7285 0.2340 0.1649 -0.9581 0.5646 0.2786
-10.8959 31.0822 9.0310 -0.2696 0.9630 0.0011 0.9022 0.3946
-11.1543 28.6050 21.1920 0.2839 -0.9486 -0.1398 0.6924 0.8307
-11.1543 28.6050 21.1920 0.1487 -0.4285 -0.8912 0.8941 0.5828
-28.4436 13.3941 23.5114 0.8904 -0.4553 0.0037 0.8391 0.5901
32.3697 9.5537 28.2622 0.6276 0.7533 0.1966 0.9960 0.6473
-34.3601 -7.2956 23.5905 -0.9642 -0.2641 0.0219 0.2885 0.3750
25.2611 -15.8937 -27.9360 0.7701 -0.4282 -0.4727 0.2978 0.6332
25.2611 -15.8937 -27.9360 0.6148 -0.3170 -0.7221 0.4028 0.2933
24.3161 -10.1986 18.8358 0.1660 0.0547 0.9846 0.9568 0.6098
18.4499 -25.0097 1.0393 0.6429 -0.7660 0.0007 0.5762 0.3551
21.3578 13.0340 -25.9505 -0.8868 -0.4571 -0.0679 0.7550 0.5941
21.3578 13.0340 -25.9505 -0.8354 -0.5363 -0.1201 0.6139 0.6049
11.6148 -28.1028 -28.5978 0.1818 -0.3569 -0.9163 0.3434 0.2269
11.6148 -28.1028 -28.5978 0.2966 -0.5928 -0.7487 0.4320 0.3884
-1.5362 -3.9132 21.0651 0.0329 0.0036 0.9995 0.7755 0.1682
-3.2653 -11.0562 21.1567 -0.0438 -0.0276 0.9987 0.7839 0.2030
-11.7559 -31.6147 28.6582 -0.2885 -0.9335 0.2130 0.7106 0.5021
27.9521 -9.3781 28.6595 0.1321 -0.0479 0.9901 0.1154 0.0379
-10.5198 -29.6416 -28.8879 -0.0540 -0.1706 -0.9839 0.3360 0.1192
8.4625 27.5256 21.6116 0.0039 -0.0094 -0.9999 0.8888 0.6783
27.6296 -12.2348 -19.6592 0.9271 -0.3748 0.0075 0.3156 0.6734
-11.1007 31.0191 14.7241 -0.2646 0.9644 0.0016 0.9299 0.3936
-8.1351 -27.6288 -23.9069 0.3024 0.9350 -0.1854 0.5935 0.6915
-8.1351 -27.6288 -23.9069 -0.0028 0.0042 -1.0000 0.0049 0.7422
12.9447 -8.5775 20.7991 -0.0161 0.0186 0.9997 0.7050 0.1909
23.8177 -19.6070 27.4122 0.4448 -0.3565 -0.8216 0.6508 0.8048
25.2826 16.3791 -18.2229 0.8470 0.5316 0.0021 0.7696 0.5706
25.2826 16.3791 -18.2229 0.8758 0.4826 0.0031 0.4548 0.6804
-0.4370 9.9764 20.9142 0.0415 -0.0105 0.9991 0.7701 0.1007
-25.5525 -16.3428 -23.8227 0.7771 0.5449 -0.3150 0.5939 0.6068
-25.5525 -16.3428 -23.8227 0.5021 0.4094 -0.7618 0.0598 0.6575
18.3256 -18.9640 -28.0049 -0.4637 0.4239 -0.7780 0.3879 0.2595
18.3256 -18.9640 -28.0049 -0.6242 0.5651 -0.5394 0.5735 0.8203
-10.0641 17.6909 20.9927 -0.0060 -0.0200 0.9998 0.8170 0.0631
15.5055 -14.6967 -24.0559 -0.0032 0.0019 -1.0000 0.0678 0.8572
-12.4488 -13.8972 21.0885 0.0014 0.0147 0.9999 0.8286 0.2168
17.8803 -25.5036 -8.3505 0.6263 -0.7796 0.0018 0.5306 0.3579
6.9487 16.7804 -23.7279 -0.0164 0.0076 -0.9998 0.2209 0.8156
1.0437 -27.4105 -27.1527 -0.1067 0.9215 -0.3734 0.5777 0.7362
21.6409 -13.4511 -23.9304 0.0296 -0.0036 -0.9996 0.0739 0.8871
-32.7859 11.3020 -12.5986 -0.9407 0.3392 0.0017 0.3790 0.5511
-13.3457 2.6251 -23.6050 -0.0098 0.0133 -0.9999 0.1521 0.7169
-7.9326 -15.5020 21.2919 -0.1124 -0.0152 0.9935 0.8066 0.2246
-27.2074 -21.0201 27.1900 -0.7740 -0.5882 -0.2345 0.7035 0.5773
-16.7964 29.1936 27.0336 -0.3687 0.7177 -0.5908 0.9898 0.3659
18.8139 -24.6835 27.0296 0.6876 -0.7250 -0.0396 0.7027 0.3534
22.4730 14.8088 21.6999 -0.8476 -0.5275 0.0571 0.4756 0.6070
22.4730 14.8088 21.6999 -0.7529 -0.4159 0.5100 0.6587 0.0771
22.4730 14.8088 21.6999 -0.7639 -0.4588 0.4538 0.7933 0.7472
-31.9479 -13.9353 6.9184 -0.9019 -0.4318 0.0106 0.2562 0.4561
-11.6934 -15.8489 21.1167 -0.0024 0.0129 0.9999 0.8249 0.2263
-16.6051 25.4716 22.9010 0.4846 -0.8744 0.0244 0.4814 0.7971
22.1913 -11.8380 21.1780 -0.0050 0.0062 1.0000 0.6601 0.2068
-34.6166 -4.6421 -0.9484 -0.9899 -0.1414 0.0093 0.3014 0.4944
-11.3067 -27.4944 -28.5607 0.1979 0.5648 -0.8012 0.5708 0.6761
-11.3067 -27.4944 -28.5607 0.1640 0.4409 -0.8825 0.3464 0.1153
28.6562 8.4459 -12.7238 0.9601 0.2796 -0.0007 0.4162 0.7072
23.2625 -19.8327 27.2250 0.5321 -0.4247 -0.7325 0.6481 0.8059
23.2625 -19.8327 27.2250 0.6498 -0.5309 -0.5440 0.7036 0.3317
-23.5355 -20.3831 21.4893 0.2693 0.3005 0.9150 0.8825 0.2484
-23.5355 -20.3831 21.4893 0.6326 0.7217 0.2811 0.5284 0.6255
15.2548 -21.8837 19.3972 0.3860 -0.3895 0.8362 0.6938 0.2557
-5.2153 -9.3007 21.0266 -0.0183 0.0249 0.9995 0.7934 0.1944
25.1944 -2.6159 -27.6596 -0.7847 0.0624 -0.6167 0.4674 0.2929
25.1944 -2.6159 -27.6596 -0.9862 0.1205 -0.1138 0.7633 0.6703
-1.8453 13.2376 21.0259 0.0423 -0.0037 0.9991 0.7770 0.0848
-20.2562 -8.1730 21.0585 0.0229 0.0219 0.9995 0.8666 0.1890
-27.5011 -12.6884 -23.7393 0.3005 0.2042 -0.9317 0.0776 0.6480
-22.6669 22.3800 21.0251 0.7020 -0.6536 -0.2829 0.9872 0.6214
3.6929 20.8793 20.9843 0.0385 -0.0238 0.9990 0.7501 0.0476
15.1863 -27.4532 -9.7687 0.5394 -0.8420 0.0017 0.5237 0.3710
-8.5713 -31.8176 27.2032 -0.1346 -0.8097 -0.5712 0.7035 0.4866
-9.6107 28.3838 27.0248 0.2422 -0.9663 0.0876 0.5015 0.7631
9.3524 -17.8780 -24.0501 -0.0071 0.0087 -0.9999 0.0523 0.8273
-21.7846 26.3328 27.1181 -0.4461 0.5970 -0.6668 0.9902 0.3416
18.7227 -18.7951 -23.9319 -0.7243 0.6874 -0.0539 0.5933 0.8222
18.7227 -18.7951 -23.9319 -0.1473 0.1825 -0.9721 0.0479 0.8729
12.7076 25.0225 28.3690 -0.4318 -0.6970 0.5725 0.5080 0.6545
11.8242 -0.2344 -23.9178 -0.0135 0.0074 -0.9999 0.1382 0.8393
-31.9009 -13.7348 12.2691 -0.9029 -0.4298 -0.0057 0.2572 0.4301
23.3315 -19.8099 -25.4259 0.7997 -0.5985 -0.0482 0.4475 0.3314
19.4562 20.2130 28.5890 -0.1762 -0.2223 0.9589 0.2594 0.0793
10.6641 -29.8628 1.1789 0.4001 -0.9165 -0.0010 0.5769 0.3930
-35.0292 1.3195 13.1103 -0.9989 0.0417 -0.0219 0.3304 0.4260
20.7286 -16.2304 20.5370 0.6857 -0.2754 0.6738 0.6672 0.2282
21.4866 -2.2447 21.0045 -0.0490 0.0055 0.9988 0.6635 0.1601
25.7380 1.1633 -28.3041 -0.8754 -0.0414 -0.4816 0.7665 0.6519
25.7380 1.1633 -28.3041 -0.5663 -0.0296 -0.8237 0.4858 0.2956
12.2672 25.8639 21.4114 -0.1164 -0.1605 0.9801 0.7083 0.0234
17.5128 -21.9117 -28.9253 -0.1186 0.1449 -0.9823 0.3736 0.2556
17.4524 25.5038 15.3024 0.6310 0.7758 -0.0040 0.9327 0.5325
18.9791 18.1310 -28.4162 -0.4149 -0.3675 -0.8323 0.5684 0.2627
18.9791 18.1310 -28.4162 -0.5581 -0.5065 -0.6572 0.6019 0.6165
16.6621 -21.4788 21.0441 -0.6061 0.7229 0.3318 0.5262 0.8211
-3.9279 11.4989 20.9431 -0.0341 0.0487 0.9982 0.7871 0.0933
14.9030 19.1209 21.0709 -0.0260 -0.0341 0.9991 0.6955 0.0562
28.6410 -4.8584 28.6332 -0.0313 0.0212 0.9993 0.1374 0.0346
-1.2339 -13.2403 21.2017 0.0145 -0.0024 0.9999 0.7740 0.2136
4.3257 28.6835 28.3719 -0.2229 -0.7088 0.6693 0.5081 0.6953
-32.3340 -12.6304 27.1250 -0.9026 -0.4137 -0.1191 0.2626 0.3578
29.2752 5.3858 6.9008 0.9864 0.1646 -0.0004 0.4013 0.8027
-1.0290 21.2783 21.0790 -0.0383 -0.0522 0.9979 0.7730 0.0457
14.3145 27.6026 -0.3482 0.5229 0.8524 -0.0016 0.8566 0.5172
-19.3645 -24.0135 22.1106 0.5449 0.8036 -0.2395 0.5314 0.6458
-13.2981 29.9491 -27.8038 -0.2668 0.7583 -0.5948 0.7230 0.3829
-11.1338 9.5742 20.8888 -0.0575 -0.0045 0.9983 0.8222 0.1026
23.0996 14.6014 28.3383 -0.6986 -0.4171 0.5814 0.2321 0.0615
-1.4125 20.1261 21.0252 -0.0157 -0.0062 0.9999 0.7749 0.0513
-34.3709 -7.4908 28.6415 -0.5406 -0.1219 0.8324 0.1246 0.3411
-24.2046 -16.9999 21.3090 0.0370 0.0305 0.9988 0.8858 0.2319
-14.9395 26.2541 21.2745 0.0631 -0.1146 0.9914 0.8407 0.0215
-1.6828 9.7197 20.9712 0.0345 -0.0218 0.9992 0.7762 0.1019
25.1856 10.8668 28.5467 -0.4172 -0.1743 0.8919 0.2139 0.0514
-2.7735 19.2685 21.0436 -0.0294 0.0354 0.9989 0.7815 0.0555
-4.8130 9.9821 21.0156 -0.0254 -0.0122 0.9996 0.7914 0.1006
-15.1398 -13.9774 -23.8115 -0.0085 0.0144 -0.9999 0.0713 0.7081
-14.7940 25.0231 -27.4002 0.3707 -0.7736 -0.5140 0.6069 0.7808
-11.0116 -26.9007 -23.8957 0.0703 0.2829 -0.9566 0.0084 0.7282
5.2702 31.3805 15.6368 0.2160 0.9764 0.0034 0.9343 0.4732
1.1914 -17.9221 21.2105 -0.1899 0.0839 0.9782 0.7622 0.2364
-15.6580 -29.5351 10.8616 -0.4057 -0.9140 -0.0042 0.6240 0.5211
26.8830 13.3058 -4.1818 0.9150 0.4033 0.0032 0.4399 0.7487
15.4580 27.0293 17.7099 0.5660 0.8243 -0.0124 0.9444 0.5228
18.3730 20.2268 26.5210 -0.7061 -0.7079 0.0162 0.4991 0.6269
-15.7730 -26.1071 -28.7579 0.1738 0.3229 -0.9304 0.3532 0.0936
-23.4469 19.0473 -23.4905 0.8205 -0.4918 -0.2912 0.7258 0.7698
-23.4469 19.0473 -23.4905 0.7962 -0.6047 0.0186 0.6259 0.8229
-11.4176 -5.0306 20.9860 -0.0579 0.0158 0.9982 0.8236 0.1737
-5.7245 29.9460 21.2632 0.1130 -0.7499 -0.6518 0.9090 0.6741
27.2975 -13.7988 28.4341 0.5157 -0.2264 0.8264 0.0939 0.0411
2.0299 -28.9898 27.9491 -0.1461 0.9686 0.2011 0.5598 0.7499
-28.9365 13.8577 28.4251 0.7932 -0.3805 0.4754 0.8630 0.5878
-28.9365 13.8577 28.4251 0.2289 -0.1294 0.9648 0.2284 0.3147
-27.8929 -10.7051 -26.5478 0.9180 0.3961 0.0172 0.7214 0.7397
10.3666 22.7774 21.0897 -0.0278 -0.0406 0.9988 0.7176 0.0384
-6.4090 24.3832 -23.4761 -0.0131 0.0145 -0.9998 0.2579 0.7506
21.8361 22.0830 28.4536 0.6868 0.6188 0.3812 0.9967 0.5538
-9.2665 -27.0426 -25.2083 0.2267 0.9130 0.3391 0.5871 0.6860
27.2304 -12.8537 17.9201 0.9235 -0.3835 0.0106 0.3126 0.8563
26.7942 13.3476 16.3882 0.9021 0.4316 0.0053 0.4401 0.8488
-19.9399 24.3970 20.8690 -0.0845 0.0538 0.9950 0.8650 0.0305
-23.0800 17.9221 21.1845 0.0194 -0.0177 0.9997 0.8803 0.0620
-10.6956 -27.2058 -24.0236 0.2293 0.9161 0.3288 0.5929 0.6791
-10.6956 -27.2058 -24.0236 0.1170 0.4861 -0.8660 0.0069 0.7298
22.2989 -21.0519 17.3127 0.7670 -0.6415 0.0135 0.6554 0.3364
0.5829 -5.9458 20.9028 0.0346 0.0223 0.9992 0.7652 0.1781
14.5644 -22.7687 19.3569 0.4057 0.0269 0.9136 0.6972 0.2600
3.7308 6.4216 20.9846 -0.0757 -0.0011 0.9971 0.7499 0.1180
5.5854 27.8260 21.3534 -0.3496 -0.9144 0.2040 0.4739 0.6891
5.5854 27.8260 21.3534 -0.5026 0.8583 0.1032 0.4841 0.8645
5.5854 27.8260 21.3534 -0.0736 -0.1627 0.9839 0.7408 0.0138
-18.1127 25.7750 -28.7469 0.0039 -0.0037 -1.0000 0.6056 0.0822
18.2267 -20.3230 21.9048 -0.7124 0.6871 0.1424 0.5304 0.8287
-27.9942 -20.1591 4.6363 -0.7954 -0.6042 -0.0475 0.5937 0.5811
-19.1573 -22.3541 -25.1335 0.5834 0.7644 0.2745 0.5875 0.6379
17.5377 -25.7617 4.5633 0.6191 -0.7853 -0.0049 0.5934 0.3596
-26.3514 17.3748 21.1889 -0.1532 -0.2306 0.9609 0.8962 0.0647
-26.3514 17.3748 21.1889 0.6747 -0.7312 0.1006 0.4731 0.8445
27.1340 12.5841 2.9619 0.9195 0.3931 0.0043 0.4364 0.7835
25.1460 -6.2312 20.5333 -0.4291 0.0356 -0.9025 0.8621 0.7428
3.0114 31.8125 14.7775 0.1576 0.9875 0.0057 0.9302 0.4622
-34.5874 5.1396 14.1339 -0.9823 0.1867 -0.0117 0.3490 0.4210
-26.7881 -14.4030 -24.1212 0.8652 0.4758 0.1585 0.7332 0.7577
24.9289 -9.5991 19.3768 -0.9053 0.3285 -0.2694 0.8176 0.7025
27.9011 10.6191 2.4660 0.9419 0.3359 0.0040 0.4268 0.7811
12.4938 -17.5614 -24.0615 -0.0006 0.0048 -1.0000 0.0539 0.8426
12.6435 -23.6431 -27.9054 -0.4305 0.6203 -0.6557 0.5740 0.7926
-24.9708 23.4249 26.8918 -0.5466 0.5890 -0.5952 0.9891 0.3261
5.1349 31.3679 -7.9391 0.2296 0.9733 -0.0041 0.8196 0.4726
-25.6808 16.2562 -27.8909 0.6395 -0.4406 -0.6300 0.5593 0.0454
-33.4585 9.6373 9.5643 -0.9507 0.3092 0.0243 0.3709 0.4433
-34.1827 -8.4373 27.9110 -0.7944 -0.2006 -0.5733 0.2830 0.3540
30.3281 -8.1291 27.5313 -0.1581 0.3595 -0.9197 0.6824 0.7490
-30.9546 15.7593 27.2881 -0.6337 0.3316 -0.6989 0.4007 0.3570
-29.1363 9.5204 -23.3862 0.2736 -0.1168 -0.9547 0.1856 0.6400
-29.1363 9.5204 -23.3862 0.9117 -0.4099 0.0297 0.7368 0.6413
26.6034 -14.4721 27.1798 0.5604 -0.2687 -0.7835 0.6643 0.7798
7.4923 27.6678 28.4873 -0.1352 -0.3366 0.9319 0.2956 0.1375
22.7987 19.8761 23.9059 0.7914 0.6113 0.0051 0.9746 0.5585
-1.5143 25.6301 -23.5129 -0.0128 0.0111 -0.9999 0.2640 0.7744
14.2204 27.7340 27.1141 0.5368 0.8357 -0.1162 0.9902 0.5168
-3.8042 -32.4476 2.6452 -0.0676 -0.9977 0.0112 0.5840 0.4634
5.0866 22.2292 21.0089 0.0041 -0.0346 0.9994 0.7433 0.0410
17.6053 -25.9396 22.4865 0.6425 -0.7662 -0.0102 0.6806 0.3593
23.6520 -12.9502 24.6250 -0.8956 0.4443 0.0220 0.7921 0.7188
30.3733 -1.6516 27.0598 -0.2659 0.0833 -0.9604 0.6827 0.7175
0.3638 14.8569 20.9614 -0.0012 -0.0139 0.9999 0.7662 0.0769
-26.3896 -16.8949 25.3638 0.8178 0.5754 0.0073 0.5472 0.6116
-28.1599 11.3451 -27.6665 0.6797 -0.2867 -0.6751 0.5354 0.0333
-28.1599 11.3451 -27.6665 0.8185 -0.3782 -0.4325 0.7160 0.6324
-11.3449 30.8756 26.3796 -0.2534 0.9469 -0.1980 0.9866 0.3924
-2.6296 32.2586 9.2027 -0.0048 1.0000 -0.0033 0.9030 0.4348
29.6606 -2.9342 5.4460 0.9959 -0.0909 0.0021 0.3609 0.7956
-24.9137 -2.2001 -23.5460 -0.0126 0.0148 -0.9998 0.1286 0.6606
-28.6177 -13.1831 24.6779 0.8906 0.4547 -0.0023 0.8448 0.7194
-30.0497 -9.8539 27.3799 0.9457 0.3238 0.0287 0.8579 0.7032
-30.3479 9.3154 21.4448 0.9609 0.2755 0.0277 0.8291 0.6099
-30.3479 9.3154 21.4448 0.2225 0.3450 0.9119 0.9157 0.1039
16.8836 -21.7420 27.6452 -0.6314 0.7411 0.2281 0.5583 0.8222
-22.5300 15.0569 21.0960 0.0270 -0.0265 0.9993 0.8776 0.0759
-33.1934 -10.1672 -23.6931 -0.9516 -0.3069 -0.0159 0.2745 0.6051
-14.7180 -26.5643 27.0665 0.4237 0.9050 0.0384 0.5555 0.6684
-5.2876 30.0459 21.2087 -0.0065 -0.3360 0.9419 0.7937 0.0030
-5.2876 30.0459 21.2087 0.1262 -0.9920 -0.0033 0.9087 0.6720
-0.5779 -31.2761 -28.6960 0.0124 -0.3092 -0.9509 0.3280 0.1675
-0.5779 -31.2761 -28.6960 0.0336 -0.5975 -0.8012 0.4316 0.4477
-13.6288 -29.9785 -28.2525 -0.2593 -0.6817 -0.6842 0.4337 0.5112
-34.7781 4.0546 5.8818 -0.9908 0.1200 -0.0628 0.3437 0.4612
-19.0891 25.0524 20.8907 0.0347 -0.0431 0.9985 0.8609 0.0273
16.1372 20.8909 -28.2767 -0.5388 -0.5687 -0.6216 0.6026 0.6303
16.1372 20.8909 -28.2767 -0.3362 -0.3625 -0.8692 0.5818 0.2489
-20.0463 -23.4639 22.4327 0.6039 0.7883 -0.1182 0.5330 0.6425
13.7324 -25.2071 28.6568 -0.1749 0.2487 0.9527 0.0384 0.1071
16.9148 16.9065 -23.8993 -0.0377 -0.0029 -0.9993 0.2215 0.8641
34.1370 -4.7531 27.0657 0.3788 -0.2038 -0.9027 0.7010 0.7326
14.6937 20.9438 -26.4400 -0.6216 -0.7325 -0.2774 0.6115 0.6373
-25.2538 -23.2405 27.3706 -0.6675 -0.6805 -0.3022 0.7043 0.5678
-34.8822 4.2716 21.7137 -0.9848 0.1737 -0.0011 0.3448 0.3842
19.9881 -17.6695 20.1342 -0.6065 -0.0354 0.7943 0.6708 0.2352
19.9881 -17.6695 20.1342 -0.8862 0.3520 0.3013 0.8523 0.7391
-31.4416 3.5970 26.8837 0.9959 -0.0895 0.0103 0.8555 0.6378
26.3692 12.6082 28.6690 0.0257 0.0083 0.9996 0.2224 0.0456
2.2863 -32.0676 -27.6300 0.1575 -0.9440 -0.2899 0.4368 0.4338
19.2604 -18.0363 20.0394 0.4564 -0.7158 0.5285 0.9243 0.6544
22.6557 -12.0919 -27.7848 -0.8194 0.4121 -0.3984 0.7639 0.7164
-27.1982 -21.0441 -17.2395 -0.7697 -0.6384 0.0035 0.4873 0.5772
21.8916 -20.1850 -28.3140 0.4963 -0.4107 -0.7649 0.3820 0.2769
11.2953 -29.7007 19.4723 0.3878 -0.9217 -0.0003 0.6659 0.3900
-27.2133 21.7322 27.4033 -0.6725 0.5918 -0.4444 0.9916 0.3152
-18.4322 28.0565 -0.6032 -0.4870 0.8734 -0.0008 0.8553 0.3579
-23.7477 -24.6867 -22.7723 -0.6582 -0.7528 -0.0014 0.4604 0.5604
6.5248 30.9468 -14.4705 0.2914 0.9565 -0.0104 0.7879 0.4793
26.8599 0.5711 -28.8329 -0.1805 -0.0022 -0.9836 0.4830 0.3010
4.1924 29.2301 21.4105 -0.0764 -0.1608 0.9840 0.7476 0.0070
22.2390 -13.5778 21.0881 0.8415 -0.5185 0.1520 0.9401 0.6263
22.2390 -13.5778 21.0881 0.6567 -0.3450 0.6706 0.6598 0.2153
-32.0388 -13.5646 27.5172 -0.7497 -0.3636 -0.5529 0.2580 0.3559
-7.9392 31.6295 26.4925 -0.1504 0.9766 -0.1540 0.9872 0.4089
-1.7756 32.1931 17.5992 0.0177 0.9998 0.0124 0.9439 0.4389
-31.6897 2.0335 21.1322 0.3746 0.0423 0.9262 0.9222 0.1393
-31.6897 2.0335 21.1322 0.9161 -0.0449 0.3984 0.8276 0.6454
30.0154 -1.5447 28.6502 -0.0273 0.0017 0.9996 0.1535 0.0279
-6.3349 29.9127 21.1578 0.0870 0.1002 0.9912 0.7988 0.0037
-6.3349 29.9127 21.1578 0.2503 -0.9630 -0.1000 0.9085 0.6771
22.2768 -14.8154 21.2637 -0.8162 0.4851 0.3138 0.8084 0.7278
-11.9877 18.7260 21.0291 0.0046 -0.0276 0.9996 0.8263 0.0581
24.2776 17.7758 21.5826 0.8347 0.5507 0.0004 0.9633 0.5657
11.0711 -29.6722 26.2934 0.3835 -0.9227 0.0392 0.6991 0.3910
23.9771 -9.6900 -28.1977 -0.5910 0.2125 -0.7782 0.4330 0.2870
23.9771 -9.6900 -28.1977 -0.8200 0.2801 -0.4991 0.7660 0.7047
18.7064 -25.1430 28.0767 0.6378 -0.7547 -0.1540 0.7078 0.3539
4.8292 -6.5764 20.9375 0.1277 0.0108 0.9918 0.7445 0.1812
16.5971 26.1002 5.0409 0.5921 0.8058 -0.0065 0.8828 0.5283
-3.3049 -7.7489 21.0350 -0.0349 0.0275 0.9990 0.7841 0.1869
-26.0966 21.9586 19.3503 -0.7339 0.6792 -0.0127 0.9524 0.3206
-0.3674 -0.6379 20.9519 0.0853 -0.0063 0.9963 0.7698 0.1523
-5.4283 22.1820 -23.5140 -0.0105 0.0108 -0.9999 0.2472 0.7554
24.5228 9.3894 21.1742 -0.2653 -0.0952 0.9595 0.6487 0.1035
1.8930 -28.0708 -24.0351 -0.0169 0.2222 -0.9749 0.0027 0.7910
1.8930 -28.0708 -24.0351 -0.1846 0.9826 0.0178 0.5928 0.7403
28.7995 7.6467 12.9273 0.9720 0.2350 0.0001 0.4123 0.8320
27.2410 -14.3275 28.1167 0.8969 -0.4325 0.0920 0.9784 0.6066
-9.2296 3.6297 -23.6327 -0.0107 0.0110 -0.9999 0.1570 0.7369
-20.2958 -27.2574 28.7858 -0.1227 -0.1531 0.9806 0.0284 0.2727
32.0534 5.0453 28.7459 -0.0178 -0.0019 0.9998 0.1856 0.0180
10.4626 -26.2610 28.2247 -0.3921 0.7714 0.5012 0.5611 0.7909
19.8521 -17.3933 21.1029 0.3853 -0.2426 0.8903 0.6714 0.2338
19.8521 -17.3933 21.1029 0.7879 -0.6069 0.1044 0.9295 0.6515
19.8521 -17.3933 21.1029 0.7450 -0.4715 0.4719 0.9402 0.6449
-2.9558 -27.3022 -23.9822 -0.0093 0.0212 -0.9997 0.0065 0.7674
4.2956 29.2292 28.5494 -0.0786 -0.2046 0.9757 0.3032 0.1530
10.2651 -19.6868 21.0535 0.0227 -0.0266 0.9994 0.7181 0.2450
-15.1457 30.2257 27.3626 -0.3043 0.7630 -0.5703 0.9914 0.3739
-3.8876 -22.6946 -24.0163 -0.0057 0.0106 -0.9999 0.0289 0.7629
4.9619 31.4449 23.1066 0.1896 0.9818 -0.0076 0.9707 0.4717
23.0340 -20.1579 4.0865 0.7909 -0.6119 -0.0122 0.5911 0.3328
-13.5710 -18.2376 21.1635 0.0082 0.0134 0.9999 0.8340 0.2379
-30.5144 16.0444 12.5284 -0.8685 0.4957 0.0056 0.4021 0.4289
-30.5144 16.0444 12.5284 -0.8564 0.5163 0.0025 0.9192 0.2991
27.3538 3.1996 28.5141 -0.2774 -0.0484 0.9595 0.1766 0.0408
-11.3679 -31.1279 24.2136 -0.2826 -0.9592 -0.0025 0.6890 0.5002
-28.9338 3.3967 21.2265 0.0863 -0.0014 0.9963 0.9088 0.1327
20.3331 -17.0692 20.4527 -0.7316 -0.0120 0.6816 0.6691 0.2322
20.3331 -17.0692 20.4527 -0.8861 0.3453 0.3091 0.8508 0.7362
22.6407 21.2435 28.3215 0.7474 0.6486 0.1441 0.9961 0.5577
21.5507 -15.1027 20.1902 0.3208 -0.0331 0.9466 0.6632 0.2227
-1.2041 -32.5675 -7.6841 0.0376 -0.9993 0.0022 0.5338 0.4508
-21.7676 26.6771 27.4163 -0.4754 0.6674 -0.5732 0.9917 0.3417
7.0170 12.6067 20.7580 0.0098 -0.0096 0.9999 0.7339 0.0879
-9.5973 -11.3792 21.1710 -0.0911 -0.0144 0.9957 0.8147 0.2046
25.8959 15.0581 22.0306 0.8769 0.4806 0.0012 0.4484 0.8763
7.8188 -26.6423 -23.9948 -0.3716 0.7727 0.5147 0.5930 0.7691
7.8188 -26.6423 -23.9948 -0.0829 0.2434 -0.9664 0.0097 0.8198
-26.9391 -10.0683 -23.6346 -0.0047 0.0248 -0.9997 0.0903 0.6507
-20.2231 12.0371 20.9727 0.0217 -0.0175 0.9996 0.8664 0.0906
-26.6024 16.0546 21.2527 0.0778 -0.0918 0.9927 0.8974 0.0711
16.3272 -26.8774 27.8972 0.5596 -0.8196 -0.1231 0.7069 0.3655
-31.0362 15.1904 4.3448 -0.8592 0.5117 -0.0012 0.8794 0.2966
-31.0362 15.1904 4.3448 -0.8753 0.4834 -0.0168 0.3979 0.4687
17.4274 10.1250 20.9089 -0.0375 -0.0225 0.9990 0.6832 0.0999
10.5428 20.6240 21.0200 -0.0201 -0.0334 0.9992 0.7167 0.0489
-17.8106 26.5485 -28.6646 -0.1743 0.2930 -0.9401 0.6093 0.0837
29.8004 -8.3556 27.4333 0.2118 -0.6267 -0.7500 0.9545 0.6546
29.8004 -8.3556 27.4333 -0.1700 0.3475 -0.9222 0.6799 0.7501
-8.1631 11.5742 -23.5617 -0.0113 0.0094 -0.9999 0.1956 0.7421
7.2294 -26.6923 -24.3258 -0.3260 0.8154 0.4784 0.5914 0.7663
22.5495 13.2717 21.0006 0.9502 0.0308 -0.3100 0.6656 0.8279
22.5495 13.2717 21.0006 -0.4936 -0.6377 0.5913 0.4982 0.8665
22.5495 13.2717 21.0006 -0.5482 -0.3570 0.7563 0.3569 0.9069
-28.9658 12.3876 24.4970 0.8994 -0.4366 0.0215 0.8439 0.5950
-0.7900 -18.8205 -23.9778 -0.0059 0.0136 -0.9999 0.0477 0.7779
25.0365 -9.4487 18.9984 -0.9413 0.3371 -0.0161 0.8194 0.7017
25.0365 -9.4487 18.9984 -0.7052 0.3005 0.6422 0.9533 0.6062
14.7461 -22.9555 19.7843 -0.4491 0.8929 -0.0313 0.5201 0.8118
-6.4876 -15.5106 21.1780 0.0752 0.0246 0.9969 0.7996 0.2247
-14.3054 26.7733 21.3494 -0.0529 0.0723 0.9960 0.4128 0.9063
-14.3054 26.7733 21.3494 0.4814 -0.7645 0.4286 0.4408 0.9063
8.6919 30.2206 28.7868 -0.0055 0.0182 0.9998 0.3081 0.1316
-16.9713 14.2432 -23.4470 -0.0094 0.0080 -0.9999 0.2086 0.6992
28.7388 -8.2487 23.4020 0.9696 -0.2446 -0.0056 0.3350 0.8830
26.5339 15.3837 28.3926 0.4770 0.2089 0.8537 0.2359 0.0448
26.5339 15.3837 28.3926 0.8504 0.4219 0.3144 0.9464 0.6535
5.5425 -30.4915 28.7361 -0.0102 0.0183 0.9998 0.0127 0.1470
2.8895 -9.6314 21.0577 -0.1119 0.0386 0.9930 0.7540 0.1961
-26.3804 -15.1036 -24.1977 0.8392 0.5009 0.2117 0.5920 0.6028
-26.3804 -15.1036 -24.1977 0.8553 0.4815 0.1914 0.7328 0.7611
7.3680 30.8636 24.8400 0.2786 0.9603 0.0164 0.9791 0.4834
18.4073 -19.7824 20.4795 -0.7114 0.6616 -0.2369 0.5235 0.8296
-23.7627 24.4085 -19.2668 -0.6551 0.7555 0.0072 0.7645 0.3320
6.8099 27.4692 22.3543 -0.3410 -0.9388 0.0480 0.4788 0.6832
10.5169 29.5665 0.3156 0.3976 0.9176 0.0007 0.8598 0.4987
10.9344 26.7093 21.5536 -0.3981 -0.8431 -0.3616 0.9104 0.5931
10.9344 26.7093 21.5536 -0.0555 -0.1574 -0.9860 0.8849 0.6903
19.0230 -16.6887 21.2081 -0.0787 0.0085 0.9969 0.6755 0.2304
-27.6289 -19.2967 -28.4461 -0.4584 -0.3413 -0.8206 0.3863 0.0359
-22.1804 25.6548 -17.0896 -0.6011 0.7992 0.0058 0.7751 0.3397
26.7985 13.3342 4.7136 0.9109 0.4126 0.0013 0.4400 0.7920
23.2671 -19.8007 17.6856 0.8110 -0.5850 0.0114 0.6572 0.3317
-3.6459 15.4447 20.9551 -0.0405 -0.0006 0.9992 0.7858 0.0741
15.5334 -27.4088 26.6301 0.5430 -0.8360 0.0795 0.7007 0.3693
4.7739 28.4017 21.3679 -0.0751 0.0119 0.9971 0.7448 0.0110
4.7739 28.4017 21.3679 0.9227 0.3505 -0.1605 0.4191 0.9060
4.7739 28.4017 21.3679 -0.2104 -0.0962 0.9729 0.4346 0.9060
29.6720 -8.9079 28.2810 0.2881 -0.1795 0.9406 0.1177 0.0296
-1.4055 1.7235 20.9956 0.0500 0.0439 0.9978 0.7749 0.1408
4.8311 -26.6204 -23.9609 0.0096 -0.0351 -0.9993 0.0098 0.8053
20.1812 6.5939 20.9692 -0.0454 -0.0124 0.9989 0.6698 0.1171
-28.1490 -11.4940 -23.8494 0.5414 0.2025 -0.8161 0.0834 0.6448
-28.1490 -11.4940 -23.8494 0.9725 0.2251 0.0599 0.7345 0.7436
-9.5456 -31.6527 -27.4885 -0.1985 -0.9186 -0.3417 0.4374 0.4913
-9.3300 32.1664 27.4842 -0.1719 0.8176 -0.5495 0.9920 0.4022
24.1481 -18.4994 19.7692 0.8324 -0.5541 0.0108 0.6674 0.3274
8.8352 30.2528 1.2864 0.3604 0.9328 -0.0007 0.8645 0.4906
-12.3963 -27.4582 -28.7344 0.1523 0.5036 -0.8504 0.5700 0.6708
-12.3963 -27.4582 -28.7344 0.1079 0.2933 -0.9499 0.3466 0.1100
-11.4666 -31.2066 -11.0628 -0.2859 -0.9582 0.0078 0.5174 0.5007
6.5719 -31.3440 1.6366 0.2779 -0.9606 0.0034 0.5791 0.4129
-24.5815 19.1123 23.2877 0.7603 -0.6479 -0.0466 0.4833 0.8359
-29.7681 4.7469 -26.7730 0.9757 -0.1674 -0.1412 0.7203 0.6645
21.4086 22.1664 28.6974 0.2178 0.1712 0.9608 0.2689 0.0698
9.9894 24.6502 -27.6540 -0.4271 -0.7974 -0.4264 0.6056 0.6602
14.0062 -22.9086 -23.9208 -0.0069 0.0060 -1.0000 0.0278 0.8499
14.0062 -22.9086 -23.9208 -0.5225 0.6351 -0.5689 0.5934 0.7992
15.5265 27.0430 23.8238 0.5928 0.8051 0.0206 0.9742 0.5231
-11.4637 28.3473 21.2497 0.5214 0.7918 0.3180 0.7435 0.7433
-11.4637 28.3473 21.2497 0.3757 -0.3292 -0.8663 0.8928 0.5813
28.7548 -8.5361 -1.3566 0.9701 -0.2425 0.0086 0.3336 0.7625
-5.8117 31.9003 25.6099 -0.1013 0.9948 0.0036 0.9829 0.4193
15.1656 2.2323 20.7412 -0.0211 -0.0014 0.9998 0.6942 0.1383
-15.4437 -3.4298 -23.6631 -0.0099 0.0129 -0.9999 0.1226 0.7067
-1.4067 0.7520 21.0416 0.0651 0.0320 0.9974 0.7749 0.1455
-15.8111 -12.0077 -23.7774 -0.0085 0.0143 -0.9999 0.0809 0.7049
18.1340 -25.3049 9.1141 0.6384 -0.7697 -0.0037 0.6155 0.3567
27.8490 -11.2604 6.7959 0.9444 -0.3288 -0.0044 0.3203 0.8022
0.1583 32.9305 28.3085 0.0910 0.9943 0.0558 0.9960 0.4483
5.5848 31.2529 1.6330 0.2391 0.9710 -0.0010 0.8662 0.4747
-19.5280 22.7072 -23.6504 0.5374 -0.8014 -0.2627 0.6251 0.8038
6.4365 28.9924 -28.6485 0.0165 0.0836 -0.9964 0.6212 0.2017
-26.0482 -17.4332 21.4547 0.7612 0.5638 0.3205 0.5282 0.6133
-26.0482 -17.4332 21.4547 0.2182 0.1719 0.9606 0.8947 0.2340
-27.2293 -18.3900 -28.8838 -0.2260 -0.1666 -0.9598 0.3907 0.0379
5.9196 -26.7196 -25.1208 -0.2953 0.8648 0.4062 0.5875 0.7599
-1.3785 32.0862 26.1193 0.0218 0.9961 -0.0858 0.9853 0.4409
4.2967 31.5556 5.2594 0.1946 0.9808 -0.0100 0.8839 0.4685
21.2277 21.7784 -21.2539 0.7376 0.6752 -0.0075 0.7549 0.5509
6.5379 -31.3581 4.9379 0.2745 -0.9616 -0.0058 0.5952 0.4131
-29.8781 4.2739 21.3292 0.0214 -0.0183 0.9996 0.9134 0.1284
-33.2328 -1.2179 -28.7814 -0.3044 -0.0017 -0.9525 0.4742 0.0087
-3.3693 33.0510 27.9416 -0.0159 0.9742 -0.2249 0.9942 0.4312
-10.2660 32.0942 28.5027 -0.0863 0.3536 0.9314 0.3172 0.2239
-10.2660 32.0942 28.5027 -0.2043 0.9441 0.2587 0.9969 0.3976
22.8153 -12.8241 19.8314 0.7091 -0.1033 0.6975 0.9641 0.6226
-24.5949 19.3673 27.7121 0.7407 -0.6664 0.0848 0.5048 0.8360
-12.7660 30.5871 -2.1615 -0.3148 0.9491 0.0076 0.8478 0.3855
-0.6212 -21.1994 -24.0121 -0.0051 0.0128 -0.9999 0.0362 0.7788
34.1050 1.2467 27.1804 0.1971 0.1295 -0.9718 0.7008 0.7034
21.9125 15.4026 21.3567 -0.7639 -0.4588 0.4538 0.7950 0.7443
21.9125 15.4026 21.3567 -0.5043 -0.2947 0.8117 0.6614 0.0743
-19.5519 24.7678 20.9441 0.4409 -0.5399 0.7170 0.9868 0.6063
-19.5519 24.7678 20.9441 0.2630 -0.4110 0.8729 0.8631 0.0287
22.2703 -16.6050 28.5123 -0.2432 0.1995 0.9492 0.0802 0.0656
22.2538 -3.5175 21.0481 -0.0479 0.0093 0.9988 0.6597 0.1663
11.5596 29.1328 6.7105 0.4248 0.9052 -0.0089 0.8909 0.5038
26.5964 -1.7543 26.2317 -0.9978 0.0555 0.0350 0.7843 0.6643
-9.4898 5.5533 21.0671 -0.0578 0.0026 0.9983 0.8142 0.1222
-30.4322 -4.8077 -24.1606 0.9459 0.1920 0.2616 0.7330 0.7110
23.4193 0.8153 21.0809 -0.0490 0.0052 0.9988 0.6541 0.1452
-14.4053 26.5843 21.5292 0.2181 -0.7133 -0.6660 0.4416 0.9068
-14.4053 26.5843 21.5292 0.2435 -0.9493 0.1989 0.4748 0.7864
-14.4053 26.5843 21.5292 -0.3868 0.8285 0.4049 0.4270 0.9069
-17.1942 27.8886 28.5730 0.0153 -0.0481 0.9987 0.2967 0.2576
1.9557 -15.4895 -23.9587 -0.0083 0.0099 -0.9999 0.0639 0.7913
-9.7397 -16.0465 21.1420 -0.0344 0.0040 0.9994 0.8154 0.2273
5.2274 15.0176 -23.7129 -0.0157 0.0076 -0.9998 0.2124 0.8072
-27.4708 -12.0290 -25.6047 0.8832 0.4086 0.2302 0.7260 0.7462
6.8209 -27.6397 26.8509 -0.3466 0.9377 0.0232 0.5545 0.7732
-10.0555 -4.5511 21.1021 -0.1241 0.0082 0.9922 0.8169 0.1713
3.2772 -29.2644 28.5266 -0.0321 0.2117 0.9768 0.0186 0.1580
3.2772 -29.2644 28.5266 -0.0976 0.5530 0.8274 0.5626 0.7560
-7.0319 -18.6016 -23.9430 -0.0061 0.0144 -0.9999 0.0488 0.7476
24.9733 -17.4678 27.2129 0.5672 -0.3821 -0.7296 0.6564 0.7944
-12.8205 31.4814 28.1222 -0.2982 0.9540 -0.0309 0.9951 0.3852
21.4678 21.5923 -7.4784 0.7394 0.6733 -0.0035 0.8219 0.5520
-30.3816 4.4416 -23.9629 0.9638 -0.1744 0.2016 0.7340 0.6660
28.2841 10.4452 27.2494 0.1848 0.1630 -0.9692 0.6725 0.6586
-29.7836 7.1622 -27.8584 0.6287 -0.1825 -0.7560 0.5150 0.0255
-29.7836 7.1622 -27.8584 0.8606 -0.2307 -0.4541 0.7150 0.6528
-17.8376 25.0278 21.4851 -0.2637 0.3030 -0.9158 0.9747 0.6450
-23.4991 17.0325 -23.2978 -0.0164 0.0151 -0.9998 0.2222 0.6675
27.0321 4.6398 28.4720 -0.2860 -0.0362 0.9575 0.1836 0.0424
-15.3294 -29.9759 28.9320 0.0431 0.1355 0.9898 0.0152 0.2485
22.4691 14.2481 21.2885 -0.6048 -0.3275 0.7259 0.6587 0.0799
29.4886 4.1491 25.2050 0.9933 0.1146 0.0166 0.3953 0.8917
-26.0693 -17.5170 21.6934 0.8008 0.5952 0.0661 0.5294 0.6132
-34.3247 3.4809 -27.9182 -0.9765 0.1118 -0.1840 0.3410 0.6256
-34.3247 3.4809 -27.9182 -0.5553 0.0550 -0.8298 0.4971 0.0034
0.9931 16.8113 -23.6356 -0.0149 0.0074 -0.9999 0.2211 0.7866
29.1078 -6.2835 26.5786 0.9878 -0.1442 0.0582 0.3446 0.8984
-32.2768 12.6697 9.5333 -0.9077 0.4186 0.0293 0.3857 0.4434
-14.5576 -25.5902 21.3146 0.0314 0.0553 0.9980 0.8388 0.2737
-34.8062 4.2944 6.7327 -0.9901 0.1397 -0.0127 0.3449 0.4571
-21.4359 -27.0709 28.1426 -0.5780 -0.7893 -0.2071 0.7081 0.5492
-14.3481 -15.4381 21.1276 0.0086 0.0168 0.9998 0.8378 0.2243
-29.3581 -8.3930 -24.0271 0.9418 0.3359 -0.0156 0.7337 0.7285
20.2171 -16.9122 21.0074 0.7899 -0.6081 0.0791 0.9290 0.6498
20.2171 -16.9122 21.0074 0.7869 -0.4790 0.3891 0.9397 0.6425
-4.9739 28.9630 22.5459 0.0781 -0.9968 -0.0149 0.4797 0.7405
-17.0884 -25.3074 25.7940 0.5015 0.8651 0.0016 0.5493 0.6569
-29.1168 -8.1167 -25.0898 0.9110 0.3156 0.2655 0.7285 0.7271
15.7085 26.5915 -15.5006 0.5601 0.8284 -0.0024 0.7829 0.5240
22.7540 12.5344 21.1145 0.7687 0.5375 0.3467 0.6662 0.8315
22.7540 12.5344 21.1145 0.0327 0.1602 0.9865 0.6573 0.0882
22.7540 12.5344 21.1145 -0.7763 -0.0391 -0.6292 0.3286 0.9065
22.7540 12.5344 21.1145 0.8027 -0.5448 -0.2424 0.3838 0.9071
-0.4111 32.1625 26.7946 0.0535 0.9321 -0.3583 0.9886 0.4456
-1.8553 31.8613 28.6784 -0.0082 -0.0397 0.9992 0.3160 0.1829
-6.3469 -28.7134 -28.6693 0.0718 0.6105 -0.7887 0.5703 0.7002
-6.3469 -28.7134 -28.6693 0.0210 0.3192 -0.9474 0.3405 0.1395
-8.7518 31.6127 -0.6916 -0.1873 0.9823 0.0069 0.8549 0.4050
6.8016 -26.0392 -25.9336 -0.3635 0.8886 0.2798 0.5836 0.7642
-18.9696 24.8102 28.2436 0.2246 -0.3725 0.9005 0.2817 0.2662
-15.8867 25.9771 -28.5561 0.2017 -0.5105 -0.8359 0.6012 0.7861
-15.8867 25.9771 -28.5561 0.1520 -0.3120 -0.9378 0.6066 0.0931
-5.6274 -15.2905 21.1530 -0.0148 0.0028 0.9999 0.7954 0.2236
23.3940 -11.2598 19.5414 0.9340 -0.3308 0.1348 0.9326 0.6150
23.3940 -11.2598 19.5414 0.7682 -0.1597 0.6200 0.9613 0.6150
3.7617 -28.1218 20.9732 -0.2035 0.8341 0.5127 0.5259 0.7583
-24.1142 24.0121 -25.9099 -0.6759 0.7331 -0.0758 0.7322 0.3303
-3.0978 25.3886 -23.4974 -0.0112 0.0118 -0.9999 0.2628 0.7667
22.6879 13.2450 21.0884 -0.7626 0.5261 0.3763 0.6727 0.8270
22.6879 13.2450 21.0884 -0.4966 -0.6366 0.5900 0.4989 0.8669
22.6879 13.2450 21.0884 -0.4300 -0.2513 0.8671 0.6576 0.0848
22.6879 13.2450 21.0884 -0.5482 -0.3570 0.7563 0.3562 0.9071
24.2028 16.8825 -27.9962 0.6999 0.5019 -0.5082 0.7221 0.5653
24.2028 16.8825 -27.9962 0.7396 0.4819 -0.4699 0.4573 0.6329
24.2028 16.8825 -27.9962 0.5160 0.3349 -0.7884 0.5623 0.2881
20.0469 14.5758 -24.1258 -0.3040 -0.2004 -0.9313 0.2102 0.8793
20.0469 14.5758 -24.1258 -0.7830 -0.5910 -0.1941 0.6228 0.6113
14.2671 23.9475 21.4313 0.3071 0.5411 -0.7829 0.8714 0.7065
14.2671 23.9475 21.4313 -0.0779 -0.0321 0.9964 0.6986 0.0327
14.2671 23.9475 21.4313 -0.9425 0.1605 -0.2931 0.3158 0.9066
-19.3935 24.3473 21.4556 0.1161 -0.2180 -0.9690 0.9714 0.6374
-20.9200 23.3905 21.3753 0.3340 -0.4303 -0.8386 0.8833 0.7217
-20.9200 23.3905 21.3753 0.5123 -0.6403 -0.5723 0.9889 0.6129
23.7820 -11.6514 21.0824 -0.8625 0.3653 0.3502 0.8093 0.7124
15.1209 -22.6810 20.4556 -0.5644 0.8249 -0.0302 0.5233 0.8136
4.5452 10.8802 20.8721 0.1097 0.0190 0.9938 0.7459 0.0963
0.5906 21.5497 21.1620 -0.0277 -0.0544 0.9981 0.7651 0.0444
6.7601 -27.5759 21.7826 -0.3310 0.9322 0.1461 0.5298 0.7729
-2.9880 -32.4709 6.2368 -0.0377 -0.9993 0.0068 0.6015 0.4594
12.2972 29.1070 24.9466 0.4505 0.8924 0.0260 0.9796 0.5074
10.0666 22.2521 -23.7239 -0.0453 -0.0286 -0.9986 0.2476 0.8308
26.7114 13.5690 14.0494 0.9018 0.4322 0.0064 0.4411 0.8374
-12.6655 20.3848 -23.4468 -0.0132 0.0108 -0.9999 0.2385 0.7202
-22.4428 -12.1210 21.1832 0.0184 0.0152 0.9997 0.8772 0.2082
6.7492 -31.3163 -1.8018 0.2784 -0.9605 0.0064 0.5624 0.4121
0.6535 32.1163 13.3163 0.0896 0.9960 0.0057 0.9231 0.4508
24.6096 -9.4138 18.7656 0.1581 0.0147 0.9873 0.9554 0.6060
-4.8381 -15.0957 21.2024 -0.0664 0.0058 0.9978 0.7916 0.2226
16.7681 -26.5250 26.5716 0.6047 -0.7942 0.0587 0.7005 0.3633
14.2499 -16.0327 -24.0568 -0.0016 0.0032 -1.0000 0.0613 0.8511
26.0946 -15.4492 -5.7447 0.8825 -0.4704 0.0010 0.3000 0.7411
25.2939 8.7469 26.7546 -0.9510 -0.3070 0.0352 0.7817 0.6132
16.9562 26.1205 27.6223 0.5367 0.7590 -0.3686 0.9927 0.5301
33.7758 7.9146 27.8701 0.6475 0.4411 -0.6214 0.6992 0.6709
33.7758 7.9146 27.8701 0.8013 0.5965 -0.0444 0.9941 0.6542
0.3560 25.0982 -23.5481 -0.0168 0.0118 -0.9998 0.2614 0.7835
17.0549 8.2622 20.8576 -0.0363 -0.0168 0.9992 0.6850 0.1090
0.2201 29.1422 21.4939 -0.0211 0.0817 -0.9964 0.8967 0.6382
0.2201 29.1422 21.4939 -0.1498 0.9422 0.2998 0.6497 0.8281
0.2201 29.1422 21.4939 -0.0015 -0.8922 -0.4517 0.4746 0.7152
-11.7550 -26.2421 -23.8666 -0.0046 0.0188 -0.9998 0.0116 0.7246
19.2919 -17.8994 21.2038 0.5832 -0.5341 0.6121 0.9300 0.6543
19.2919 -17.8994 21.2038 -0.0253 -0.0363 0.9990 0.6742 0.2363
4.9241 3.0922 20.9106 0.1952 0.0074 0.9807 0.7441 0.1342
-18.9932 22.5894 -27.4827 0.5370 -0.7703 -0.3439 0.6065 0.8012
-7.0385 31.7583 25.9011 -0.1301 0.9915 0.0073 0.9843 0.4133
28.6410 8.2637 2.8157 0.9668 0.2554 0.0046 0.4153 0.7828
-29.4730 -17.9507 -23.3570 -0.8373 -0.5467 -0.0021 0.4575 0.5883
11.4828 -29.5506 7.0578 0.4291 -0.9032 -0.0091 0.6055 0.3890
20.1939 23.7762 28.6046 0.4056 0.3658 0.8377 0.2767 0.0757
20.1939 23.7762 28.6046 0.7254 0.6578 0.2028 0.9974 0.5458
-34.8904 -4.2466 16.2709 -0.9888 -0.1464 -0.0274 0.3034 0.4106
-8.4734 28.8100 -28.7037 0.0516 -0.2842 -0.9574 0.6203 0.1291
-8.4734 28.8100 -28.7037 0.0327 -0.5978 -0.8010 0.6005 0.7501
-23.1911 24.8388 -14.1437 -0.6438 0.7652 0.0059 0.7895 0.3347
2.7911 32.5004 28.5712 0.0922 0.4302 0.8980 0.3191 0.1603
2.7911 32.5004 28.5712 0.1796 0.9821 0.0564 0.9973 0.4612
27.8278 -3.9900 -28.7818 0.2607 -0.0257 -0.9651 0.4608 0.3057
-17.6127 28.5028 -1.3445 -0.4688 0.8833 0.0017 0.8517 0.3619
-10.6200 31.1571 6.6385 -0.2558 0.9667 0.0020 0.8906 0.3959
-7.8491 29.5257 28.4059 0.0110 -0.2923 0.9563 0.3047 0.2121
-15.3333 -8.6227 20.9964 0.0069 0.0211 0.9998 0.8426 0.1911
8.7225 17.9193 -23.7474 -0.0155 0.0115 -0.9998 0.2265 0.8242
12.4099 -25.6882 -28.9878 -0.0991 0.1400 -0.9852 0.3552 0.2307
-1.3064 27.4946 -23.6975 -0.0990 -0.9914 -0.0853 0.6249 0.7152
-1.3064 27.4946 -23.6975 -0.0748 -0.2712 -0.9596 0.2731 0.7754
3.2623 -31.9006 22.2385 0.1513 -0.9885 0.0064 0.6794 0.4290
3.6339 -31.9006 26.4827 0.1008 -0.9925 -0.0690 0.7000 0.4272
-29.6149 6.0906 -25.8130 0.9383 -0.2546 0.2341 0.7250 0.6580
-33.9848 7.6177 -1.0452 -0.9722 0.2342 0.0035 0.3611 0.4949
18.6750 -18.5637 21.1647 0.5208 -0.5162 0.6799 0.9298 0.6573
18.6750 -18.5637 21.1647 -0.0198 -0.0112 0.9997 0.6772 0.2395
27.3202 -9.7622 -28.8030 0.8797 -0.2905 -0.3765 0.9066 0.6917
27.3202 -9.7622 -28.8030 0.0913 0.0109 -0.9958 0.4327 0.3033
-23.4594 -18.3211 -23.8080 0.1466 0.1696 -0.9745 0.0502 0.6677
25.5842 15.7773 4.7683 0.8811 0.4729 0.0043 0.4519 0.7923
-2.5482 15.5545 21.0192 -0.0464 0.0114 0.9989 0.7804 0.0735
29.4130 5.5281 27.1718 0.4014 0.0519 -0.9144 0.6780 0.6825
-14.3237 16.0205 20.9763 0.0061 -0.0213 0.9998 0.8377 0.0713
-2.1751 -32.5613 -2.6818 -0.0082 -1.0000 0.0056 0.5581 0.4555
-25.7774 18.1111 21.6232 0.8281 -0.4799 -0.2898 0.6179 0.8434
-25.7774 18.1111 21.6232 0.7465 -0.5951 -0.2977 0.4752 0.8417
26.7691 -14.2375 -21.6639 0.9047 -0.4261 0.0043 0.3059 0.6637
-1.4122 -11.1900 -23.8894 -0.0097 0.0101 -0.9999 0.0849 0.7749
-16.7310 -25.6668 21.7591 0.4854 0.8658 -0.1217 0.5297 0.6586
-28.9085 18.5241 14.7588 -0.8162 0.5777 0.0058 0.9301 0.3069
-4.1799 29.1935 21.3325 0.0563 -0.9540 -0.2945 0.4738 0.7366
-4.1799 29.1935 21.3325 0.9071 0.1687 -0.3856 0.3219 0.9067
-4.1799 29.1935 21.3325 0.0468 -0.1021 0.9937 0.7884 0.0072
10.7995 23.1053 -23.8862 -0.5349 -0.7955 -0.2848 0.6240 0.6563
10.7995 23.1053 -23.8862 -0.1941 -0.2630 -0.9451 0.2517 0.8343
-30.1709 8.6218 21.5698 0.9685 0.2488 0.0089 0.8297 0.6133
-30.1709 8.6218 21.5698 0.4610 -0.0479 0.8861 0.9148 0.1072
22.6769 20.1173 16.2324 0.7909 0.6118 0.0098 0.9372 0.5579
-20.5907 -23.1102 21.6122 0.6067 0.6475 0.4611 0.5290 0.6398
-20.5907 -23.1102 21.6122 0.3090 0.4326 0.8470 0.8682 0.2616
-8.5824 -8.0566 21.2587 0.1533 0.0335 0.9876 0.8098 0.1884
-30.5331 -0.5788 -24.3193 0.9322 -0.0266 0.3610 0.7322 0.6905
28.7165 -6.7522 -27.7821 0.8697 -0.2233 -0.4403 0.3423 0.6339
28.7165 -6.7522 -27.7821 0.8019 -0.1858 -0.5678 0.4473 0.3101
-26.0760 16.8736 21.2115 -0.0120 0.0848 0.9963 0.8949 0.0671
27.5645 -10.5662 -27.8264 0.7847 -0.2574 -0.5639 0.4288 0.3045
12.7338 24.7249 27.7362 -0.5130 -0.8094 0.2858 0.5050 0.6544
-2.6700 -6.3260 21.0358 -0.0498 0.0113 0.9987 0.7810 0.1800
-9.3144 -28.4182 23.2550 0.2211 0.9749 0.0272 0.5370 0.6947
24.1591 -8.2396 -27.8188 -0.8331 0.2326 -0.5018 0.4401 0.2879
24.1591 -8.2396 -27.8188 -0.8362 0.2344 -0.4958 0.7641 0.6976
-3.1521 29.1097 21.7977 0.0081 -0.9962 -0.0865 0.4761 0.7316
-11.5788 26.2723 -27.3224 0.2512 -0.7512 -0.6104 0.6072 0.7652
15.4359 -8.1602 -24.0240 -0.0100 0.0062 -0.9999 0.0996 0.8569
-10.0816 -31.9168 28.9468 -0.1682 -0.7708 0.6144 0.7120 0.4940
-17.1263 -27.7421 -28.6981 -0.1495 -0.2919 -0.9447 0.3452 0.0870
-17.1263 -27.7421 -28.6981 -0.2775 -0.5405 -0.7943 0.4316 0.5282
-29.2686 -16.1291 28.7162 0.0230 0.0247 0.9994 0.0825 0.3163
-2.7205 32.0860 26.1105 -0.0206 0.9964 -0.0822 0.9853 0.4343
-12.5385 -30.7433 6.9255 -0.3182 -0.9480 0.0007 0.6049 0.5059
-1.4062 -1.5862 21.0639 0.1004 -0.0070 0.9949 0.7749 0.1569
13.0793 -27.2894 -28.6196 0.1699 -0.2903 -0.9417 0.3474 0.2340
13.0793 -27.2894 -28.6196 0.3173 -0.5743 -0.7546 0.4319 0.3813
24.7291 -17.7472 5.4318 0.8434 -0.5372 -0.0012 0.5976 0.3246
11.7397 -24.3920 -24.6493 -0.4516 0.8015 0.3920 0.5898 0.7882
-12.7436 30.5273 16.1813 -0.3091 0.9510 -0.0019 0.9370 0.3856
11.4696 25.5663 28.0811 -0.4420 -0.8695 0.2205 0.5066 0.6605
26.2844 14.5235 -0.5140 0.8994 0.4371 0.0096 0.4458 0.7666
-9.8456 1.4295 -23.6511 -0.0096 0.0113 -0.9999 0.1462 0.7339
23.4878 18.5476 -27.3364 0.7368 0.4977 -0.4576 0.4654 0.6361
23.4878 18.5476 -27.3364 0.7668 0.5604 -0.3130 0.7253 0.5618
30.3172 -0.2678 27.1867 -0.2986 0.0627 -0.9523 0.6824 0.7107
-35.1137 0.2500 6.6866 -0.9996 0.0195 -0.0188 0.3252 0.4573
11.1018 25.9468 21.4258 0.0594 0.0695 0.9958 0.7140 0.0230
-15.6589 5.6177 20.8190 0.0064 -0.0061 1.0000 0.8442 0.1219
-11.9404 27.5593 24.0617 0.3328 -0.9429 0.0115 0.4871 0.7744
1.3379 8.5476 -23.7171 -0.0142 0.0101 -0.9998 0.1809 0.7883
10.1271 29.6830 -13.8515 0.3899 0.9208 -0.0059 0.7909 0.4968
-8.5033 9.6749 21.0886 0.0857 -0.0210 0.9961 0.8094 0.1021
-29.4471 -18.1058 27.5617 -0.6488 -0.4188 -0.6354 0.2359 0.3557
-29.4471 -18.1058 27.5617 -0.7710 -0.5372 -0.3420 0.7053 0.5882
-2.5479 -32.5298 -27.3205 -0.0054 -0.9581 -0.2863 0.4383 0.4573
-34.6422 0.0746 -27.5726 -0.9958 0.0138 -0.0906 0.3244 0.6240
-34.6422 0.0746 -27.5726 -0.8188 -0.0466 -0.5722 0.4805 0.0018
-17.5885 24.8277 21.5311 0.0635 -0.7025 -0.7089 0.4748 0.8019
29.8702 -0.5673 27.3187 -0.1877 0.0526 -0.9808 0.6802 0.7122
-34.7553 -1.6617 -24.5542 -0.9980 -0.0577 -0.0251 0.3159 0.6093
-2.0866 -8.8444 21.1046 -0.0011 0.0393 0.9992 0.7782 0.1922
-31.5431 -2.4284 25.6438 0.9976 0.0690 0.0017 0.8495 0.6671
-0.3410 -12.0359 21.1041 0.1240 0.0179 0.9921 0.7697 0.2078
-3.8790 1.3534 20.9510 -0.0379 0.0206 0.9991 0.7869 0.1426
-1.5451 17.2983 21.0501 0.0361 -0.0455 0.9983 0.7755 0.0650
-23.9525 -0.7695 21.0319 0.0336 0.0105 0.9994 0.8846 0.1529
8.8036 30.0915 -26.3129 0.3676 0.9213 -0.1267 0.7303 0.4904
15.5490 -22.4290 19.1205 -0.2040 0.2741 0.9398 0.6924 0.2583
15.5490 -22.4290 19.1205 -0.5116 0.7810 0.3581 0.5168 0.8157
23.9177 0.9937 21.1051 -0.0517 -0.0010 0.9987 0.6517 0.1444
-23.4283 -18.9487 -24.0240 0.7044 0.7024 0.1023 0.5929 0.6171
-23.4283 -18.9487 -24.0240 0.3294 0.4065 -0.8522 0.0471 0.6678
19.9274 -10.2127 21.0463 -0.0430 0.0155 0.9990 0.6711 0.1989
-1.5785 3.5370 -23.7249 -0.0132 0.0096 -0.9999 0.1565 0.7741
6.1670 31.1541 6.8888 0.2449 0.9695 -0.0078 0.8918 0.4776
-10.5709 31.3378 -20.1472 -0.2480 0.9687 0.0050 0.7602 0.3961
19.7495 6.5064 -23.9947 -0.0039 0.0079 -1.0000 0.1709 0.8779
12.8030 19.6205 21.0375 -0.0238 -0.0345 0.9991 0.7057 0.0537
28.5801 -8.7762 21.5062 0.9647 -0.2631 -0.0060 0.3324 0.8737
-31.3980 -3.9657 26.0687 0.9930 0.1181 0.0015 0.8516 0.6746
-27.9665 -14.4118 24.8784 0.8675 0.4975 -0.0079 0.8458 0.7254
-27.9665 -14.4118 24.8784 0.8555 0.5178 -0.0018 0.5449 0.6040
28.0537 10.2238 12.6978 0.9476 0.3195 -0.0014 0.4249 0.8309
29.0282 4.0241 -27.8885 0.8859 0.1305 -0.4451 0.3947 0.6334
29.0282 4.0241 -27.8885 0.6674 0.0750 -0.7409 0.4998 0.3116
-8.7269 31.5693 14.4512 -0.1906 0.9817 0.0027 0.9286 0.4051
-16.5133 24.3603 -23.5540 0.2099 -0.2792 -0.9370 0.2578 0.7014
-16.5133 24.3603 -23.5540 0.4791 -0.8773 0.0271 0.6256 0.7892
-1.3563 20.4155 -23.5745 -0.0133 0.0070 -0.9999 0.2386 0.7752
13.1412 5.4865 20.7216 -0.0105 -0.0063 0.9999 0.7041 0.1225
14.1408 24.0465 21.4501 0.2827 0.3822 -0.8798 0.8719 0.7059
14.1408 24.0465 21.4501 0.4115 0.3644 0.8354 0.6992 0.0322
-30.4321 9.5829 21.4935 0.9967 0.0321 -0.0751 0.8293 0.6086
4.0935 31.5641 -21.7583 0.2152 0.9766 0.0062 0.7524 0.4675
-1.6140 27.7303 -27.4544 -0.0509 -0.8465 -0.5299 0.6066 0.7167
-24.0292 16.5303 21.1781 0.0275 -0.0218 0.9994 0.8849 0.0688
22.5440 13.0118 20.6358 0.2109 -0.3349 0.9183 0.5644 0.8594
22.5440 13.0118 20.6358 0.9317 0.3518 -0.0903 0.6638 0.8292
18.3981 -18.9694 21.0696 0.5283 -0.8221 -0.2121 0.9293 0.6586
18.3981 -18.9694 21.0696 0.4804 -0.4972 0.7225 0.6785 0.2415
16.0729 -22.9605 28.4757 -0.3101 0.4195 0.8531 0.0493 0.0957
16.0729 -22.9605 28.4757 -0.3995 0.5317 0.7468 0.5624 0.8182
-14.2913 -30.1364 25.9656 -0.3899 -0.9208 0.0122 0.6975 0.5144
29.7157 -1.9689 11.2130 0.9979 -0.0654 -0.0001 0.3655 0.8236
-9.2629 -31.6369 16.0249 -0.2021 -0.9794 -0.0006 0.6491 0.4900
-32.3517 10.4964 -28.1622 -0.5815 0.2102 -0.7859 0.5312 0.0130
-7.5438 -31.9706 10.8906 -0.1570 -0.9876 0.0079 0.6242 0.4816
13.0981 -23.7189 -23.9784 -0.5741 0.7915 0.2095 0.5931 0.7948
13.0981 -23.7189 -23.9784 -0.2141 0.2247 -0.9506 0.0239 0.8455
-34.1293 -7.2562 -7.2250 -0.9733 -0.2275 -0.0288 0.2887 0.5250
-29.3883 19.3779 28.0586 -0.7992 0.5721 -0.1845 0.9948 0.3046
19.4594 -18.7049 20.0141 -0.8793 0.4614 0.1177 0.8529 0.7441
19.4594 -18.7049 20.0141 -0.7975 0.5808 -0.1630 0.5212 0.8347
-6.9559 30.2376 28.5137 0.0118 -0.1197 0.9927 0.3081 0.2078
-9.2262 -31.6480 13.4400 -0.2002 -0.9797 0.0047 0.6366 0.4898
-30.5949 8.1719 23.1789 0.9673 -0.2535 -0.0117 0.8375 0.6155
16.2571 22.3613 21.5692 -0.8708 -0.4172 -0.2601 0.5481 0.8600
16.2571 22.3613 21.5692 -0.5790 -0.6785 -0.4521 0.4750 0.6372
16.2571 22.3613 21.5692 -0.1430 -0.3647 -0.9201 0.4046 0.9076
24.5984 -18.9195 27.7153 0.7472 -0.4982 -0.4398 0.7514 0.7516
24.5984 -18.9195 27.7153 0.7902 -0.5802 -0.1972 0.7060 0.3252
33.2365 8.5930 28.3928 0.4518 0.3657 0.8138 0.2028 0.0122
33.2365 8.5930 28.3928 0.7626 0.6439 0.0615 0.9967 0.6516
-12.0552 -7.0959 -23.7384 -0.0071 0.0136 -0.9999 0.1048 0.7231
6.0231 25.4103 21.1354 -0.0128 -0.0502 0.9987 0.7387 0.0256
20.2648 -16.6900 -28.0167 -0.6632 0.5754 -0.4785 0.5735 0.8297
20.2648 -16.6900 -28.0167 -0.5541 0.4121 -0.7233 0.3990 0.2689
20.2648 -16.6900 -28.0167 -0.7244 0.4804 -0.4945 0.7651 0.7387
23.3996 19.3815 28.6494 0.0960 0.0759 0.9925 0.2553 0.0601
-28.1340 -19.8418 -21.1140 -0.8045 -0.5939 0.0026 0.4685 0.5818
-21.7380 -22.4563 28.5474 0.1792 0.2088 0.9614 0.0518 0.2797
20.9912 19.3169 -28.6759 0.2591 0.2185 -0.9408 0.5742 0.2725
-2.2946 29.4029 21.3543 0.0452 0.4493 0.8922 0.7792 0.0061
-11.0071 -30.2283 28.7245 0.0449 0.1522 0.9873 0.0140 0.2275
29.0397 -7.5659 -11.0909 0.9727 -0.2319 0.0080 0.3383 0.7151
25.9460 14.9723 16.6717 0.8803 0.4744 0.0103 0.4480 0.8502
-20.7305 26.5986 4.8416 -0.5656 0.8247 0.0055 0.8818 0.3467
-8.6862 28.6958 27.8487 0.2057 -0.9035 0.3759 0.5055 0.7586
-24.7762 -18.1163 21.3693 0.0485 0.0374 0.9981 0.8886 0.2373
19.4442 23.8075 27.0500 0.6633 0.7206 -0.2019 0.9899 0.5422
34.9903 -3.6453 27.7671 0.9476 -0.2382 0.2130 0.9201 0.6343
17.9225 8.1186 -23.9696 -0.0125 0.0041 -0.9999 0.1788 0.8690
-13.5073 -27.9524 -28.8955 0.0485 0.1127 -0.9924 0.3442 0.1046
-27.7520 15.3147 21.1141 -0.0198 -0.0729 0.9971 0.9030 0.0747
-27.7520 15.3147 21.1141 0.7641 -0.5695 0.3030 0.4727 0.8513
-10.8237 21.9799 -23.4515 -0.0146 0.0156 -0.9998 0.2462 0.7291
18.3327 19.0118 21.1815 -0.0422 -0.0349 0.9985 0.6788 0.0567
3.9094 -12.3734 20.9180 0.2253 -0.0178 0.9741 0.7490 0.2094
5.0049 -31.7848 -3.2728 0.2249 -0.9744 0.0035 0.5553 0.4206
-34.3073 6.4949 13.4044 -0.9761 0.2174 -0.0050 0.3556 0.4246
-22.7538 -19.1687 -27.6370 0.6154 0.6405 -0.4593 0.5753 0.6204
23.8040 -10.9963 19.1074 0.5249 0.0049 0.8512 0.9593 0.6137
25.2055 -8.9515 22.1279 -0.9360 0.3214 0.1434 0.8042 0.6993
34.6309 3.6578 28.7061 0.2898 0.0278 0.9567 0.1788 0.0054
-2.5085 12.0857 -23.6255 -0.0137 0.0094 -0.9999 0.1981 0.7696
-31.3090 -7.6798 28.6060 0.2736 0.0567 0.9602 0.1237 0.3262
4.2725 31.5501 3.1327 0.1951 0.9808 -0.0006 0.8735 0.4684
-30.2011 -5.4187 -23.5248 0.2545 0.0423 -0.9661 0.1129 0.6349
-25.9688 22.0343 28.6112 -0.0227 0.0227 0.9995 0.2682 0.3003
-29.3756 19.1771 28.4240 -0.5751 0.4050 0.7108 0.2543 0.3168
2.6320 21.5038 -23.6261 -0.0147 0.0095 -0.9998 0.2439 0.7946
28.3593 8.0168 28.6807 -0.0258 -0.0140 0.9996 0.2000 0.0359
13.6569 17.1592 20.9800 -0.0254 -0.0312 0.9992 0.7016 0.0657
-30.5946 -4.4805 -23.7016 0.5369 0.0655 -0.8411 0.1175 0.6329
-30.5946 -4.4805 -23.7016 0.9606 0.1387 0.2408 0.7352 0.7094
-22.6171 -25.6420 27.5041 -0.5869 -0.7218 -0.3667 0.7050 0.5549
26.6361 3.1285 27.9066 -0.9598 -0.1559 0.2332 0.7761 0.6405
13.7259 4.6555 -23.9122 -0.0151 0.0046 -0.9999 0.1619 0.8486
16.8991 -20.4709 19.3797 0.3281 -0.4353 0.8384 0.6858 0.2488
1.4155 -32.8113 27.9033 0.1375 -0.9865 -0.0884 0.7069 0.4380
-20.6117 17.0747 21.1169 0.0162 -0.0428 0.9990 0.8683 0.0661
27.9618 -10.9419 10.3238 0.9473 -0.3203 0.0032 0.3219 0.8193
-25.9522 -15.8898 -24.0347 0.8407 0.5415 0.0052 0.5928 0.6048
-25.9522 -15.8898 -24.0347 0.8508 0.4807 -0.2124 0.7336 0.7649
-30.7199 -3.1954 -28.3044 0.6162 0.0993 -0.7813 0.4646 0.0209
-31.2000 -5.3707 26.3235 0.9852 0.1716 0.0015 0.8528 0.6814
23.2331 -20.3386 28.4170 0.3535 -0.3220 0.8783 0.0621 0.0609
-29.0390 -7.5394 -26.1282 0.9225 0.3051 0.2363 0.7234 0.7243
-20.8874 -14.3943 -23.7690 -0.0098 0.0117 -0.9999 0.0693 0.6802
-21.1594 -26.8186 27.5261 -0.5341 -0.6592 -0.5293 0.7051 0.5479
-4.4128 30.1126 21.2023 0.2271 -0.7327 0.6415 0.9087 0.6677
-4.4128 30.1126 21.2023 0.1205 -0.3095 0.9432 0.7895 0.0027
-8.8943 23.2445 -23.4604 -0.0145 0.0159 -0.9998 0.2524 0.7385
25.9808 -5.1717 19.0536 -0.0513 -0.2376 0.9700 0.9487 0.5854
29.0593 11.2913 27.8518 0.3601 0.7670 -0.5311 0.9940 0.6312
-14.1097 -2.0517 20.8726 -0.0088 0.0160 0.9998 0.8367 0.1592
-13.2544 -30.5466 26.7739 -0.3824 -0.9187 -0.0988 0.7014 0.5094
-18.4133 24.1235 21.4550 -0.0628 -0.9980 -0.0104 0.5136 0.8645
-18.4133 24.1235 21.4550 -0.0788 -0.2689 0.9599 0.6262 0.8425
-18.4133 24.1235 21.4550 0.5902 0.1947 0.7834 0.8576 0.0318
8.1387 26.9548 21.5028 0.1354 0.8135 0.5656 0.7284 0.0181
8.1387 26.9548 21.5028 -0.1939 0.0827 -0.9775 0.6328 0.8285
8.1387 26.9548 21.5028 -0.4585 -0.8866 0.0611 0.7660 0.7431
-12.4819 27.2106 21.2991 0.1646 -0.3045 0.9382 0.8287 0.0168
-12.4819 27.2106 21.2991 0.2010 -0.7698 0.6058 0.4736 0.7770
26.0774 -15.2762 -27.1025 0.8469 -0.4383 -0.3012 0.3008 0.6372
-27.3682 -21.3513 27.8107 -0.6085 -0.4759 -0.6350 0.2201 0.3545
-27.3682 -21.3513 27.8107 -0.6577 -0.5440 -0.5211 0.7065 0.5781
-28.7692 18.8486 -5.4377 -0.8261 0.5634 0.0027 0.8318 0.3076
9.6421 26.4772 28.0995 -0.3773 -0.8514 0.3644 0.5067 0.6694
23.7897 18.7310 0.3122 0.8156 0.5786 0.0091 0.8598 0.5633
-34.8275 -4.0427 13.1609 -0.9911 -0.1309 -0.0259 0.3043 0.4258
9.6247 30.1737 24.1721 0.3178 0.9481 0.0118 0.9759 0.4944
23.9035 -12.3198 22.9557 -0.9119 0.4085 0.0398 0.8002 0.7157
23.5903 -9.2459 -27.3409 -0.8186 0.2197 -0.5307 0.4352 0.2851
23.5903 -9.2459 -27.3409 -0.9304 0.2881 -0.2267 0.7618 0.7025
5.1513 21.7007 -23.6580 -0.0110 0.0110 -0.9999 0.2449 0.8069
26.8189 -11.0669 -28.6150 0.7347 -0.3053 -0.6058 0.4263 0.3008
23.8262 -19.0689 14.4107 0.8240 -0.5666 0.0053 0.6413 0.3290
25.3168 -1.9442 21.1512 -0.0213 0.0003 0.9998 0.6448 0.1587
-24.8391 23.2481 1.3078 -0.6924 0.7215 0.0108 0.8646 0.3267
-31.5492 -14.2187 27.0464 -0.8580 -0.5092 0.0673 0.7028 0.5984
-31.5492 -14.2187 27.0464 -0.8726 -0.4763 -0.1081 0.2548 0.3582
13.3901 24.2182 22.0409 -0.5183 -0.8517 -0.0772 0.4773 0.6512
-20.5231 0.7694 -23.5504 -0.0107 0.0135 -0.9999 0.1430 0.6819
-2.5576 -11.5578 21.1706 -0.0314 -0.0163 0.9994 0.7805 0.2054
-29.5060 -18.0129 -4.7483 -0.8324 -0.5542 0.0011 0.5481 0.5885
27.6944 -11.6820 14.2525 0.9419 -0.3360 0.0009 0.3183 0.8384
-32.4777 12.1474 19.6213 -0.9185 0.3952 0.0088 0.3831 0.3943
1.9087 -19.6376 -24.0059 -0.0066 0.0123 -0.9999 0.0438 0.7911
-15.9109 -29.6773 -24.7629 -0.4204 -0.9073 0.0059 0.4507 0.5223
-11.1490 -31.5909 28.9850 -0.0782 -0.2562 0.9635 0.0073 0.2282
-11.1490 -31.5909 28.9850 -0.1410 -0.5579 0.8178 0.7122 0.4991
23.2339 19.5012 27.2331 0.5338 0.4092 -0.7400 0.6479 0.6146
23.2339 19.5012 27.2331 0.7405 0.5450 -0.3934 0.9908 0.5606
-25.9508 23.4465 28.2922 -0.6495 0.6528 0.3899 0.9959 0.3213
0.6032 32.0842 16.3055 0.0826 0.9965 0.0129 0.9376 0.4505
18.9775 24.0300 -21.6141 0.6667 0.7452 -0.0095 0.7531 0.5399
21.1099 21.9526 -14.8862 0.7270 0.6867 -0.0029 0.7858 0.5503
7.5263 28.0872 21.4149 -0.2487 -0.6349 0.7315 0.9097 0.6096
7.5263 28.0872 21.4149 -0.0400 -0.0921 0.9949 0.7314 0.0125
-9.3961 -3.6517 21.1855 -0.0079 0.0183 0.9998 0.8137 0.1670
-11.0919 28.3761 21.2064 -0.2096 0.8371 0.5053 0.7433 0.7451
-11.0919 28.3761 21.2064 -0.1141 0.3702 0.9219 0.8220 0.0111
-23.8545 -18.1217 -27.7240 0.5836 0.4009 -0.7062 0.3920 0.0543
-23.8545 -18.1217 -27.7240 0.6543 0.6111 -0.4455 0.5749 0.6150
25.8845 -16.0045 -23.4270 0.8899 -0.4562 -0.0028 0.2973 0.6551
25.8845 -16.0045 -23.4270 0.8612 -0.5083 0.0032 0.4572 0.3190
34.7824 -3.8539 28.3351 0.9960 -0.0694 0.0556 0.9228 0.6353
34.7824 -3.8539 28.3351 0.3808 -0.0308 0.9241 0.1423 0.0047
-7.1620 31.8504 5.2006 -0.1484 0.9889 0.0023 0.8836 0.4127
-12.0246 -30.9133 -27.6532 -0.2810 -0.9056 -0.3177 0.4366 0.5034
9.9060 28.1086 28.7606 -0.0381 -0.0448 0.9983 0.2978 0.1257
22.3138 -21.7643 27.8531 0.7168 -0.6708 -0.1904 0.7067 0.3363
4.9878 31.3264 -25.6796 0.2341 0.9708 -0.0523 0.7333 0.4718
24.7029 -10.5378 26.1388 -0.9346 0.3555 0.0110 0.7847 0.7070
28.0483 -11.6585 27.2566 0.3975 -0.1627 -0.9030 0.6714 0.7662
3.1969 -4.2590 20.9638 -0.1198 0.0167 0.9927 0.7525 0.1699
1.1945 29.0073 21.3658 0.0901 0.5796 -0.8099 0.8960 0.6429
1.1945 29.0073 21.3658 -0.1073 -0.9716 -0.2108 0.4740 0.7105
1.1945 29.0073 21.3658 -0.0042 0.0420 0.9991 0.7622 0.0081
27.6382 -11.7953 18.9102 0.9390 -0.3439 0.0062 0.3177 0.8611
32.9147 -6.9650 28.2956 0.6146 -0.7396 0.2744 0.9587 0.6395
32.9147 -6.9650 28.2956 0.2031 -0.4021 0.8928 0.1271 0.0138
31.4086 -7.7906 27.6732 0.1921 0.1364 -0.9719 0.6877 0.7473
13.1415 28.2871 -1.1574 0.4833 0.8754 -0.0026 0.8526 0.5115
4.4370 24.2828 21.0856 0.0048 -0.0366 0.9993 0.7464 0.0311
-32.1683 13.0762 7.6270 -0.9098 0.4134 0.0359 0.3876 0.4527
24.7664 -13.7933 -28.8543 0.1861 -0.0929 -0.9781 0.4131 0.2908
25.0926 -8.7077 19.7019 -0.8932 0.2841 -0.3485 0.8160 0.6981
23.6686 12.7095 25.4302 -0.8967 -0.4425 0.0106 0.7881 0.5939
28.6086 8.3385 6.6878 0.9618 0.2736 -0.0081 0.4157 0.8016
28.2736 9.5970 26.7637 0.9375 0.3480 0.0092 0.4218 0.8993
-13.9350 30.1229 5.0498 -0.3444 0.9388 0.0061 0.8828 0.3798
-25.4538 22.6190 4.6695 -0.7185 0.6955 0.0062 0.8810 0.3237
-27.5802 -12.5410 -27.7871 0.6188 0.3247 -0.7153 0.4192 0.0362
-27.5802 -12.5410 -27.7871 0.8246 0.3941 -0.4058 0.7154 0.7487
-29.5968 -5.4629 -26.6484 0.9718 0.2350 0.0188 0.7209 0.7142
-24.0675 -19.7758 23.8031 0.7294 0.6838 -0.0200 0.5396 0.6229
-29.8504 6.7534 -24.0947 0.9454 -0.2478 0.2117 0.7333 0.6548
18.2979 -18.9300 21.1634 0.4263 -0.5758 0.6977 0.9298 0.6591
18.2979 -18.9300 21.1634 0.0782 -0.1468 0.9861 0.6790 0.2413
26.2723 14.3754 16.0891 0.8860 0.4636 0.0118 0.4451 0.8474
-32.0291 12.7044 -27.3184 -0.8913 0.3912 -0.2291 0.3858 0.6227
-33.0601 10.9612 7.8057 -0.9362 0.3495 0.0358 0.3773 0.4518
-31.4724 -3.2862 24.4093 0.9954 0.0944 -0.0138 0.8435 0.6713
6.5821 -31.3029 16.4964 0.2654 -0.9641 0.0055 0.6514 0.4129
26.6275 -12.2317 -28.2687 0.7090 -0.2988 -0.6387 0.4207 0.2999
8.7227 30.3417 26.9599 0.3111 0.9468 -0.0819 0.9894 0.4900
11.5747 -21.4381 20.7746 0.1870 -0.1991 0.9620 0.7117 0.2535
25.7378 -14.7796 28.6736 0.1570 -0.0561 0.9860 0.0891 0.0487
-29.1144 19.7318 28.3237 -0.5598 0.4113 0.7193 0.2570 0.3156
-29.1144 19.7318 28.3237 -0.8061 0.5872 0.0730 0.9961 0.3059
-22.1159 21.8819 27.8188 0.6636 -0.7474 0.0328 0.5054 0.8239
-26.1711 -15.7944 21.3605 0.1104 0.0546 0.9924 0.8953 0.2260
0.5706 -9.6929 20.9814 0.0515 0.0116 0.9986 0.7652 0.1964
-14.6675 -29.9890 22.6981 -0.3779 -0.9258 -0.0020 0.6816 0.5163
1.4422 28.4957 21.2844 0.0099 -0.0859 0.9963 0.7610 0.0106
-21.6482 23.0371 21.2227 0.4568 -0.7149 -0.5294 0.9882 0.6165
19.2091 -18.2701 -24.1485 -0.7947 0.6029 0.0704 0.5923 0.8246
-29.7045 -17.5427 -15.3230 -0.8420 -0.5394 -0.0035 0.4966 0.5894
15.7739 26.6747 26.9282 0.5730 0.8150 0.0863 0.9893 0.5243
28.3709 -9.6715 7.9600 0.9570 -0.2902 0.0023 0.3281 0.8078
-23.0656 25.2270 27.0185 -0.4913 0.6235 -0.6082 0.9897 0.3354
6.5821 -28.6170 28.6369 -0.1204 0.2934 0.9484 0.0218 0.1419
6.5821 -28.6170 28.6369 -0.1430 0.5305 0.8355 0.5631 0.7720
-17.8219 24.7295 22.4481 0.5101 -0.8593 0.0368 0.4792 0.8030
-30.4365 -16.7350 6.7866 -0.8559 -0.5171 -0.0084 0.6042 0.5930
-2.2131 29.1402 21.5583 0.8504 -0.3873 -0.3561 0.3695 0.9071
-2.2131 29.1402 21.5583 -0.0030 -0.9663 -0.2574 0.4749 0.7271
25.2636 16.1772 19.4999 0.8545 0.5195 0.0058 0.9531 0.5705
25.2636 16.1772 19.4999 0.8723 0.4889 0.0022 0.4538 0.8640
18.4363 -23.0394 28.7847 -0.0379 0.0346 0.9987 0.0489 0.0842
21.6350 13.5494 -27.7037 -0.6805 -0.3778 -0.6279 0.5461 0.2756
21.6350 13.5494 -27.7037 -0.7822 -0.4226 -0.4577 0.7636 0.5916
18.3061 -19.9655 21.1374 -0.6745 0.6402 0.3676 0.5267 0.8291
30.6801 -8.1099 27.4844 0.3675 -0.7829 -0.5021 0.9547 0.6504
30.6801 -8.1099 27.4844 0.0615 0.0493 -0.9969 0.6842 0.7489
23.8237 18.5502 27.1266 0.7603 0.4874 -0.4295 0.4654 0.9011
23.8237 18.5502 27.1266 0.5649 0.3948 -0.7246 0.6508 0.6192
23.8237 18.5502 27.1266 0.7547 0.5046 -0.4192 0.9902 0.5635
7.4314 30.7267 -3.6810 0.3011 0.9536 -0.0053 0.8404 0.4837
25.1667 -9.0667 19.1879 -0.9471 0.2962 -0.1237 0.8185 0.6999
-32.7117 -11.9173 12.7996 -0.9291 -0.3699 0.0019 0.2660 0.4275
-5.7744 -31.9056 28.7843 0.0460 0.0464 0.9979 0.0058 0.2020
-3.3531 -33.0328 27.8023 -0.0265 -0.9518 -0.3056 0.7064 0.4612
-34.3267 -6.1031 -8.9566 -0.9826 -0.1845 -0.0206 0.2943 0.5334
2.5732 28.5919 21.2871 0.0017 -0.0891 0.9960 0.7555 0.0101
-4.3034 29.9882 21.4014 0.0426 -0.1408 -0.9891 0.9008 0.6162
-4.3034 29.9882 21.4014 0.0852 -0.5361 -0.8399 0.9097 0.6672
-6.0296 -28.5157 21.1213 0.0777 0.2030 0.9761 0.7974 0.2879
-9.0895 3.3939 21.0690 0.0685 0.0036 0.9976 0.8122 0.1327
-15.5288 -29.6099 21.2042 -0.4058 -0.9140 -0.0039 0.6743 0.5205
0.0026 16.3315 20.9732 0.0139 -0.0210 0.9997 0.7680 0.0697
-29.3543 -6.4551 -26.7036 0.9385 0.2551 -0.2327 0.7206 0.7190
-23.4647 -22.2362 28.6884 0.0811 0.0875 0.9929 0.0528 0.2881
29.4142 -4.4756 25.3070 0.9919 -0.1189 0.0449 0.3534 0.8922
27.8950 -4.6913 28.6051 -0.0826 0.0171 0.9964 0.1382 0.0382
-30.4390 7.8523 21.5932 0.5861 -0.7436 0.3217 0.6428 0.8288
-30.4390 7.8523 21.5932 0.8793 -0.2152 0.4249 0.8298 0.6171
-30.4390 7.8523 21.5932 0.1383 -0.1243 0.9826 0.9161 0.1110
-28.9509 -19.3057 27.8139 -0.6014 -0.4308 -0.6728 0.2301 0.3545
-6.3847 -7.8433 21.0091 0.0487 0.0224 0.9986 0.7991 0.1874
24.2399 19.2430 28.4551 0.7948 0.6069 -0.0042 0.9967 0.5655
24.2399 19.2430 28.4551 0.5082 0.4032 0.7611 0.2546 0.0560
-14.8173 26.9047 28.1994 0.1278 -0.2728 0.9536 0.2919 0.2460
-14.8173 26.9047 28.1994 0.2423 -0.5162 0.8215 0.5072 0.7884
24.7933 -17.2797 26.2217 0.8468 -0.5303 0.0411 0.6988 0.3243
24.7933 -17.2797 26.2217 0.8667 -0.4982 0.0267 0.2911 0.8967
-25.0843 -23.3613 -25.6416 -0.7032 -0.7092 -0.0507 0.4464 0.5669
18.4479 -25.0125 -20.8706 0.6492 -0.7606 0.0019 0.4696 0.3552
-5.1304 -6.0197 20.9604 -0.0072 0.0140 0.9999 0.7930 0.1785
29.7695 1.6940 -6.9200 0.9980 0.0629 0.0088 0.3834 0.7354
-1.6089 -18.8581 21.1314 0.0127 -0.0016 0.9999 0.7758 0.2409
23.9202 9.2441 21.1493 -0.0326 -0.0121 0.9994 0.6516 0.1042
25.4657 1.3209 21.1815 -0.0434 -0.0120 0.9990 0.6441 0.1428
-17.1464 -25.2933 23.6373 0.5006 0.8654 -0.0222 0.5388 0.6566
1.8050 -15.1875 21.1377 -0.1351 0.0486 0.9896 0.7592 0.2231
-2.7445 27.6468 -24.3043 -0.0301 -0.9995 0.0052 0.6219 0.7222
-22.5826 -19.5849 21.3256 0.0412 0.0260 0.9988 0.8779 0.2445
29.6246 -3.3057 -26.9275 0.9702 -0.0805 -0.2285 0.3590 0.6381
16.9197 -26.2170 -1.6761 0.5980 -0.8015 -0.0026 0.5630 0.3626
-30.2249 5.5419 -23.6260 0.9777 -0.2100 0.0019 0.7356 0.6607
27.5825 11.5189 -0.3653 0.9330 0.3598 0.0085 0.4312 0.7673
13.9404 27.7197 -13.2728 0.5079 0.8614 -0.0069 0.7937 0.5154
-16.9587 -29.3946 27.5250 -0.3303 -0.6596 -0.6751 0.7051 0.5274
-30.5473 0.6079 -27.5331 0.7537 -0.0103 -0.6571 0.4831 0.0217
-30.5473 0.6079 -27.5331 0.9357 -0.0218 -0.3521 0.7166 0.6847
19.0760 -18.3188 21.0435 0.6902 -0.6971 0.1940 0.9292 0.6553
-0.2004 -28.2211 -24.0089 0.0107 0.0712 -0.9974 0.0020 0.7808
-0.2004 -28.2211 -24.0089 -0.1060 0.9944 0.0033 0.5930 0.7301
15.7236 -19.7665 20.1987 0.2895 -0.3839 0.8768 0.6915 0.2454
-18.9344 24.2017 26.0702 0.5347 -0.8442 0.0362 0.4969 0.8084
25.8702 -16.6992 27.4262 0.7985 -0.4234 -0.4280 0.9751 0.6182
25.8702 -16.6992 27.4262 0.5941 -0.3588 -0.7200 0.6608 0.7907
24.8262 10.0006 25.1289 -0.9402 -0.3402 0.0158 0.7896 0.6071
30.7333 10.5642 28.3948 0.4316 0.7905 0.4346 0.9967 0.6394
19.5477 -18.5665 21.1181 -0.7495 0.6223 0.2258 0.5266 0.8351
-20.2973 27.5646 27.3711 -0.4441 0.7175 -0.5366 0.9914 0.3488
31.4343 -7.6545 27.6948 0.1985 -0.0715 -0.9775 0.6878 0.7467
26.2491 -5.0068 19.1758 -0.3804 -0.1094 0.9183 0.9474 0.5846
26.2491 -5.0068 19.1758 -0.9419 -0.0339 -0.3343 0.8186 0.6801
-6.8199 31.9096 10.3496 -0.1432 0.9897 0.0003 0.9086 0.4144
-26.5318 21.6665 26.4159 -0.6664 0.7007 -0.2549 0.9868 0.3185
-7.4963 29.1444 21.2249 -0.0453 0.1732 0.9839 0.8045 0.0074
-7.4963 29.1444 21.2249 -0.1130 0.7554 0.6455 0.9361 0.6603
-15.3595 27.0604 21.1792 0.1126 -0.2630 -0.9582 0.9846 0.6570
-15.3595 27.0604 21.1792 0.3505 -0.8430 -0.4080 0.9880 0.5859
-34.8014 4.0313 7.8793 -0.9900 0.1383 0.0293 0.3436 0.4515
29.4908 4.8767 -19.9998 0.9862 0.1653 0.0036 0.3989 0.6718
35.3387 2.8191 27.9664 0.9884 0.0816 0.1284 0.9210 0.6028
-13.4388 -15.5109 -23.8484 -0.0084 0.0145 -0.9999 0.0638 0.7164
19.6361 -3.6161 -24.0387 -0.0100 0.0042 -0.9999 0.1217 0.8773
-16.2738 29.0997 15.2764 -0.4282 0.9037 0.0028 0.9326 0.3684
11.5106 22.3888 -23.8332 -0.2081 -0.2784 -0.9377 0.2482 0.8378
-26.6772 10.6384 -23.3260 -0.0137 0.0072 -0.9999 0.1911 0.6520
24.0019 -1.0138 21.1148 -0.0364 0.0030 0.9993 0.6512 0.1541
20.9428 -15.4514 -27.8065 -0.6115 0.3987 -0.6834 0.4050 0.2722
20.9428 -15.4514 -27.8065 -0.7317 0.4624 -0.5009 0.7641 0.7327
24.2071 -18.4922 15.9924 0.8339 -0.5518 0.0089 0.6490 0.3271
29.8583 1.7260 -23.1087 0.9978 0.0657 -0.0108 0.3835 0.6567
29.6910 1.9359 18.7010 0.9976 0.0690 0.0015 0.3845 0.8601
7.1666 28.4323 28.6248 -0.0531 -0.0808 0.9953 0.2994 0.1390
-26.0673 17.7894 21.3251 0.8316 -0.4784 -0.2822 0.6164 0.8450
-26.0673 17.7894 21.3251 0.7793 -0.6252 -0.0420 0.4738 0.8431
-26.0673 17.7894 21.3251 0.0414 0.0589 0.9974 0.8948 0.0626
-9.0232 28.5177 21.4154 0.1701 -0.9836 0.0597 0.4742 0.7602
-14.5749 -29.9862 16.6543 -0.3709 -0.9287 -0.0012 0.6522 0.5158
-7.7274 18.3728 21.1198 -0.1778 0.0412 0.9832 0.8056 0.0598
-4.0138 29.3245 28.0582 0.0239 -0.8909 0.4535 0.5065 0.7358
24.1736 18.1378 -19.5601 0.8281 0.5606 0.0008 0.7631 0.5652
12.6641 -28.9104 0.3931 0.4594 -0.8882 -0.0027 0.5731 0.3833
-7.2561 -2.2765 20.9332 0.0414 0.0074 0.9991 0.8033 0.1603
-6.8564 18.3280 21.2248 0.0670 -0.0411 0.9969 0.8014 0.0600
-33.1834 -10.7828 16.6960 -0.9366 -0.3504 -0.0090 0.2716 0.4086
-13.8800 -30.9938 28.1497 -0.3453 -0.9365 -0.0606 0.7081 0.5124
-2.3720 -32.4679 8.7110 -0.0148 -0.9999 0.0083 0.6136 0.4564
-28.3412 19.5810 26.7395 -0.7334 0.4410 -0.5173 0.4193 0.3597
-28.3412 19.5810 26.7395 -0.8340 0.5444 -0.0905 0.9884 0.3097
-22.6586 -18.9016 -26.7528 0.6903 0.7226 -0.0355 0.5796 0.6209
-34.3607 -3.1137 28.7778 -0.0398 0.0037 0.9992 0.1459 0.3411
4.0116 31.5877 -24.1083 0.2086 0.9779 -0.0141 0.7410 0.4671
-10.1031 7.5891 20.9735 -0.1126 0.0010 0.9936 0.8172 0.1123
-17.0572 -28.7958 26.2814 -0.4504 -0.8908 0.0601 0.6990 0.5279
-17.0882 -17.8375 -23.8393 -0.0136 0.0058 -0.9999 0.0525 0.6987
26.1112 -5.1885 19.5008 -0.7953 -0.0295 -0.6056 0.8668 0.7377
26.1112 -5.1885 19.5008 -0.9326 0.0773 -0.3525 0.8170 0.6810
-34.5359 1.0636 28.7650 -0.0748 0.0016 0.9972 0.1662 0.3419
-24.8282 -16.8146 -27.5050 0.7428 0.5665 -0.3569 0.5759 0.6103
8.4752 23.7130 21.0861 -0.0147 -0.0417 0.9990 0.7268 0.0338
17.1634 25.6332 0.9567 0.6149 0.7886 -0.0051 0.8629 0.5311
11.5008 29.0871 -6.0702 0.4305 0.9025 -0.0083 0.8287 0.5035
33.8366 -5.7255 27.2276 0.5272 -0.6303 -0.5698 0.9535 0.6350
33.8366 -5.7255 27.2276 0.2903 -0.2846 -0.9136 0.6995 0.7373
-21.4799 22.6386 28.0794 0.3742 -0.4434 0.8145 0.2712 0.2784
-14.2594 23.6020 21.1664 0.0126 -0.0247 0.9996 0.8374 0.0344
-33.8216 -8.2877 -8.9488 -0.9649 -0.2620 -0.0197 0.2837 0.5333
25.7307 -15.5815 26.3342 0.8803 -0.4727 0.0390 0.2993 0.8972
-32.0072 -13.2549 -24.7932 -0.9144 -0.4036 -0.0320 0.2595 0.6104
-10.8657 -31.3494 -7.5775 -0.2698 -0.9629 0.0091 0.5343 0.4978
30.8705 1.1436 28.6793 -0.0274 -0.0050 0.9996 0.1666 0.0237
23.0439 18.0061 28.7309 -0.0039 -0.0120 0.9999 0.2486 0.0618
24.6812 17.2595 14.2152 0.8502 0.5264 0.0073 0.9274 0.5677
16.4300 -24.2117 28.7516 -0.0452 0.0550 0.9975 0.0432 0.0940
9.0732 27.2676 21.3854 -0.0376 -0.0927 0.9950 0.7239 0.0165
19.4213 10.4774 20.9998 -0.0406 -0.0231 0.9989 0.6735 0.0982
6.2567 28.5785 21.4167 -0.3163 -0.8644 -0.3910 0.9097 0.6158
6.2567 28.5785 21.4167 -0.1839 -0.4385 0.8797 0.7376 0.0102
4.6854 26.5738 -27.2059 -0.2656 -0.9042 -0.3346 0.6078 0.6860
-24.6795 24.5427 28.3803 -0.5277 0.5858 0.6151 0.9963 0.3275
-24.6795 24.5427 28.3803 -0.2739 0.3619 0.8911 0.2804 0.2940
-19.8419 9.5353 -23.4640 -0.0084 0.0089 -0.9999 0.1857 0.6853
-6.6885 32.7547 27.8796 -0.1066 0.9492 -0.2962 0.9939 0.4150
-28.4312 11.0755 -23.4044 0.5392 -0.2539 -0.8030 0.1932 0.6435
-28.4312 11.0755 -23.4044 0.9082 -0.4177 0.0274 0.7367 0.6338
25.0682 -7.9625 20.3278 -0.8945 0.2701 -0.3563 0.8130 0.6945
-28.3408 13.0685 21.1160 -0.1495 0.0683 0.9864 0.9059 0.0856
-20.3684 -27.0917 -26.6384 -0.5539 -0.8262 -0.1027 0.4416 0.5440
0.6376 32.1595 -24.5903 0.1211 0.9922 -0.0276 0.7386 0.4507
-32.8373 -10.5044 -27.7434 -0.9348 -0.3253 -0.1423 0.2729 0.6248
-32.8373 -10.5044 -27.7434 -0.7910 -0.2250 -0.5690 0.4291 0.0106
22.5777 20.1599 21.9271 0.7738 0.6335 0.0044 0.9650 0.5574
19.5904 23.6138 26.1014 0.7014 0.7122 -0.0283 0.9853 0.5429
-17.4996 25.3179 21.4627 -0.0782 -0.0021 -0.9969 0.9761 0.6466
-26.8434 -21.4612 -8.9713 -0.7529 -0.6582 -0.0028 0.5275 0.5755
-28.5554 -20.3273 28.1808 -0.7878 -0.6158 -0.0132 0.7083 0.5838
-28.5554 -20.3273 28.1808 -0.6144 -0.4702 -0.6336 0.2251 0.3527
-13.6960 -17.8369 -23.8796 -0.0102 0.0123 -0.9999 0.0525 0.7152
-20.1260 -27.1822 -15.9374 -0.5172 -0.8558 0.0097 0.4936 0.5428
-28.9409 -13.5570 -28.9019 0.1803 0.1002 -0.9785 0.4142 0.0295
2.8045 26.8067 -23.8045 -0.2227 -0.9732 -0.0564 0.6244 0.6952
2.8045 26.8067 -23.8045 -0.0565 -0.4530 -0.8897 0.2697 0.7954
9.6373 30.4311 28.2758 0.3896 0.9201 -0.0412 0.9958 0.4945
25.7034 7.1334 22.6460 -0.9678 -0.2497 0.0318 0.8017 0.6211
8.4490 -27.4106 28.4002 -0.2030 0.4820 0.8523 0.0277 0.1328
-32.3772 -12.7501 2.9831 -0.9180 -0.3960 -0.0200 0.2620 0.4753
-5.4604 -12.9074 21.0877 0.0111 0.0265 0.9996 0.7946 0.2120
23.6213 13.1957 28.0324 -0.8760 -0.4578 0.1517 0.7755 0.5916
23.6213 13.1957 28.0324 -0.6984 -0.3593 0.6189 0.2252 0.0590
-14.8733 -30.0252 27.2056 -0.3404 -0.7442 -0.5747 0.7035 0.5173
10.3212 -24.8937 20.7026 0.0120 0.1334 0.9910 0.7178 0.2703
15.4700 -26.8073 28.6968 0.1634 -0.2443 0.9558 0.0306 0.0987
8.0911 31.0807 28.3736 0.3640 0.9303 0.0454 0.9963 0.4869
0.3599 32.8305 28.5699 0.0179 0.4446 0.8956 0.3207 0.1722
0.3599 32.8305 28.5699 0.0681 0.9446 0.3210 0.9973 0.4493
15.1702 27.0962 5.0587 0.5526 0.8334 -0.0103 0.8829 0.5214
8.4816 26.7493 21.4324 -0.1813 -0.3606 0.9149 0.7268 0.0191
8.4816 26.7493 21.4324 -0.4134 -0.8175 0.4009 0.4743 0.6750
8.4816 26.7493 21.4324 -0.4199 -0.8281 0.3714 0.7677 0.7427
-9.4357 -28.4254 25.6527 0.2432 0.9697 0.0237 0.5486 0.6941
25.3990 7.8160 -28.7162 -0.3122 -0.0574 -0.9483 0.5182 0.2939
-26.5344 -21.7603 -26.6409 -0.7538 -0.6507 -0.0912 0.4416 0.5740
-19.5532 -5.5860 -23.6502 -0.0097 0.0146 -0.9998 0.1121 0.6867
-0.1117 -32.4033 -27.4402 0.0645 -0.9508 -0.3032 0.4377 0.4454
3.8547 26.6318 -25.8899 -0.2469 -0.9676 -0.0532 0.6142 0.6901
29.7059 1.6234 21.1755 0.9987 0.0510 0.0034 0.3830 0.8721
12.2284 -28.9554 -27.2324 0.4345 -0.8465 -0.3076 0.4387 0.3854
-31.8625 3.6752 -28.6715 0.1907 -0.0260 -0.9813 0.4981 0.0153
-14.3907 29.9159 11.8620 -0.3612 0.9325 0.0030 0.9160 0.3776
-33.5985 -11.2276 28.3069 -0.9415 -0.3369 -0.0102 0.2694 0.3521
27.2891 12.2278 8.5436 0.9307 0.3657 -0.0097 0.4346 0.8107
-15.9074 10.1503 20.8722 0.0100 -0.0162 0.9998 0.8454 0.0998
6.3885 -30.9931 28.7209 0.0546 -0.1835 0.9815 0.0102 0.1428
5.3452 31.3254 -3.0481 0.2290 0.9734 0.0005 0.8434 0.4736
29.0543 4.2787 28.6537 -0.0276 -0.0079 0.9996 0.1818 0.0326
14.8690 2.9091 -23.9382 -0.0145 0.0059 -0.9999 0.1534 0.8541
0.7083 32.0991 0.9503 0.0964 0.9953 0.0034 0.8629 0.4510
16.3511 -20.8278 -24.7814 -0.6012 0.7026 0.3807 0.5892 0.8106
-17.2315 -28.7967 -4.5513 -0.4657 -0.8850 0.0005 0.5490 0.5287
25.4200 -3.2374 -23.9048 -0.6426 0.0899 -0.7609 0.1235 0.9055
34.4685 6.8618 27.8651 0.6637 0.3847 -0.6415 0.7026 0.6760
34.4685 6.8618 27.8651 0.8354 0.5497 -0.0045 0.9941 0.6576
34.4685 6.8618 27.8651 0.9151 0.3356 0.2234 0.9206 0.5831
10.0031 -24.6138 -26.0325 -0.3848 0.8472 0.3664 0.5831 0.7798
4.4271 -5.1561 20.9939 0.1970 0.0026 0.9804 0.7465 0.1743
-31.3764 14.6425 6.1981 -0.8579 0.5138 -0.0030 0.8884 0.2949
-34.8980 3.0691 14.0390 -0.9933 0.1147 -0.0106 0.3389 0.4215
4.6271 -19.7505 21.0400 -0.0039 0.0286 0.9996 0.7455 0.2453
21.4345 -17.8892 28.5665 -0.2730 0.2092 0.9390 0.0740 0.0696
12.4519 26.6634 28.7876 -0.0265 -0.0418 0.9988 0.2907 0.1133
-27.9850 12.0294 -23.6057 0.8891 -0.4323 0.1502 0.7357 0.6291
-26.9259 -16.1511 22.7024 0.8366 0.5471 -0.0291 0.5343 0.6090
28.8625 -7.6771 17.5446 0.9733 -0.2294 0.0122 0.3378 0.8545
-28.7104 18.8848 26.3750 -0.8541 0.5146 -0.0753 0.9866 0.3079
-8.8992 -6.5626 21.2558 0.0329 0.0269 0.9991 0.8113 0.1811
-29.2885 12.4232 20.9667 -0.2005 0.0810 0.9763 0.9105 0.0888
-29.2450 7.8425 -25.0664 0.9098 -0.3132 0.2723 0.7286 0.6495
-20.4723 -23.2933 21.7172 0.6348 0.7534 0.1717 0.5295 0.6404
3.9167 -6.5488 -23.8895 -0.0093 0.0112 -0.9999 0.1074 0.8008
-9.8748 -0.1974 -23.6688 -0.0091 0.0113 -0.9999 0.1383 0.7337
-22.8792 11.8286 21.0359 0.0278 -0.0161 0.9995 0.8793 0.0916
-19.7245 21.7640 -23.3343 0.1423 -0.1624 -0.9764 0.2452 0.6858
-32.9314 -11.3511 12.1193 -0.9344 -0.3563 -0.0027 0.2688 0.4308
22.6686 -20.4539 -27.1958 0.7558 -0.5912 -0.2815 0.4389 0.3346
34.0222 -0.9437 28.7496 0.1220 -0.0187 0.9924 0.1564 0.0084
-24.6532 2.8119 21.0292 0.0348 0.0045 0.9994 0.8880 0.1355
3.2428 -13.9062 21.0933 0.3125 -0.0666 0.9476 0.7522 0.2169
-27.0622 -15.0269 21.4421 0.1959 0.1153 0.9738 0.8997 0.2223
28.7861 7.8192 19.9676 0.9694 0.2453 -0.0085 0.4132 0.8662
3.4363 28.9678 28.3707 -0.0790 -0.2754 0.9581 0.3020 0.1572
3.4363 28.9678 28.3707 -0.2220 -0.8295 0.5125 0.5081 0.6996
-21.0013 8.3050 -23.4651 -0.0086 0.0090 -0.9999 0.1797 0.6796
-14.7712 26.3995 22.4736 0.4201 -0.9074 -0.0124 0.4794 0.7882
-30.1673 9.5568 23.6804 0.9437 -0.3302 -0.0202 0.8399 0.6088
-5.8374 27.5664 -24.2897 0.0761 -0.9938 0.0814 0.6220 0.7372
28.6214 8.3645 13.3229 0.9655 0.2602 0.0031 0.4158 0.8339
-27.8008 4.1047 21.1458 0.0542 0.0005 0.9985 0.9033 0.1292
29.6347 -2.2589 25.2768 0.9963 -0.0698 0.0497 0.3641 0.8921
-9.2596 -28.3683 21.7112 0.2143 0.9693 0.1206 0.5294 0.6950
28.7678 -8.1699 25.9455 0.9727 -0.2313 -0.0194 0.3354 0.8953
29.6949 1.7917 5.1828 0.9983 0.0580 -0.0041 0.3838 0.7943
-1.7932 29.1596 21.3294 0.0089 -0.1026 0.9947 0.7767 0.0073
-1.7932 29.1596 21.3294 0.0059 -0.7238 0.6900 0.4738 0.7250
-1.7932 29.1596 21.3294 -0.8209 0.5710 -0.0119 0.5276 0.8588
15.5840 -22.3578 21.0272 -0.5778 0.7378 0.3489 0.5261 0.8158
-25.1371 22.9603 20.8878 -0.6998 0.7143 -0.0059 0.9599 0.3253
26.1967 0.9731 -28.6151 -0.4494 -0.0224 -0.8931 0.4849 0.2978
-19.1439 19.1530 21.1941 0.0355 -0.0535 0.9979 0.8612 0.0560
26.3746 12.9273 -27.9281 0.6872 0.3081 -0.6579 0.5431 0.2987
19.2278 -18.6872 19.6066 -0.2365 -0.0996 0.9665 0.6745 0.2401
6.0720 10.4567 20.7701 0.0432 0.0034 0.9991 0.7385 0.0983
-35.3478 -1.5888 22.5912 -0.9997 -0.0232 -0.0055 0.3163 0.3799
-0.2752 -4.4592 20.9320 0.0903 0.0098 0.9959 0.7694 0.1709
-18.4196 4.6832 -23.5207 -0.0099 0.0118 -0.9999 0.1621 0.6922
-31.7164 -1.5229 21.4907 0.7938 0.0591 0.6053 0.9223 0.1566
-31.7164 -1.5229 21.4907 0.9968 0.0542 0.0589 0.8293 0.6627
5.9632 -2.5385 20.7969 0.0512 0.0054 0.9987 0.7390 0.1615
-25.6990 16.0541 -23.5061 0.7780 -0.6235 -0.0774 0.6258 0.8339
-30.4716 -16.3269 -24.2511 -0.8793 -0.4756 -0.0259 0.2446 0.6078
-30.4716 -16.3269 -24.2511 -0.8497 -0.5272 -0.0089 0.4532 0.5932
24.6611 4.1335 -26.8014 -0.9690 -0.2361 -0.0732 0.7592 0.6374
20.0447 12.4436 21.0714 -0.0332 -0.0193 0.9993 0.6705 0.0887
24.1533 -18.7777 -23.2408 0.8161 -0.5779 -0.0095 0.4581 0.3274
23.3076 4.1930 21.0915 -0.0455 -0.0028 0.9990 0.6546 0.1288
21.4968 21.6125 5.9427 0.7398 0.6729 -0.0023 0.8872 0.5522
-34.1240 -7.6886 8.3060 -0.9712 -0.2371 0.0237 0.2866 0.4494
19.4371 -15.2908 21.1718 -0.0645 0.0517 0.9966 0.6735 0.2236
-28.5758 19.1419 -8.3793 -0.8078 0.5895 -0.0003 0.8175 0.3085
10.4514 25.8792 24.5948 -0.4490 -0.8935 0.0050 0.4897 0.6655
29.3214 6.3233 27.1768 0.3869 0.0535 -0.9206 0.6775 0.6787
-32.0957 -13.1340 -19.0486 -0.9195 -0.3931 -0.0001 0.2601 0.5825
-20.9824 26.4891 -10.4244 -0.5726 0.8198 0.0047 0.8076 0.3455
-0.8310 32.1975 15.0339 0.0507 0.9986 0.0124 0.9314 0.4435
19.7839 -17.6754 20.0534 0.4726 -0.6983 0.5377 0.9244 0.6519
19.7839 -17.6754 20.0534 -0.1320 -0.3727 0.9185 0.6718 0.2352
-9.9227 28.2130 25.2622 0.2523 -0.9672 0.0308 0.4929 0.7646
-1.0231 29.9959 -28.6750 -0.0056 0.0097 -0.9999 0.6261 0.1654
10.1193 -30.0285 27.1698 0.3749 -0.9135 -0.1582 0.7034 0.3957
27.1054 -13.2118 13.0240 0.9214 -0.3885 -0.0015 0.3108 0.8325
-28.8952 18.6327 -22.1817 -0.8178 0.5754 -0.0008 0.7504 0.3070
-18.3215 -28.1993 -12.4435 -0.4869 -0.8734 0.0073 0.5106 0.5340
33.8088 -5.3597 28.5189 0.1811 -0.1136 0.9769 0.1349 0.0094
-21.7075 25.9276 0.6361 -0.5932 0.8050 0.0068 0.8614 0.3420
28.5445 -10.5825 27.3682 0.6963 -0.1993 -0.6896 0.6738 0.7609
-34.9150 -3.0915 11.7213 -0.9932 -0.1145 -0.0192 0.3090 0.4328
-24.6074 23.4834 24.1578 -0.6797 0.7335 -0.0004 0.9758 0.3279
23.7069 -10.9426 -23.9495 -0.9400 0.3076 0.1477 0.7453 0.7108
23.7069 -10.9426 -23.9495 -0.2507 0.0723 -0.9654 0.0861 0.8971
-2.1017 -28.4404 20.9973 0.0164 0.1083 0.9940 0.7782 0.2876
-20.4462 -26.9068 12.9816 -0.5203 -0.8539 -0.0037 0.6343 0.5444
-9.8557 28.7400 21.2199 -0.2660 0.7925 0.5487 0.7434 0.7511
-9.8557 28.7400 21.2199 -0.0860 0.9890 0.1201 0.9361 0.6488
-9.8557 28.7400 21.2199 -0.1352 0.4259 0.8946 0.8160 0.0094
-9.8557 28.7400 21.2199 -0.0186 0.1900 -0.9816 0.8947 0.5892
12.6499 -14.4941 -24.0401 -0.0060 0.0074 -1.0000 0.0688 0.8433
-23.9517 22.5993 -28.4252 -0.3327 0.3504 -0.8755 0.5901 0.0538
-24.9877 -24.1671 28.2724 -0.6798 -0.7332 -0.0147 0.7087 0.5665
-16.7113 -6.1840 20.9563 0.0097 0.0209 0.9997 0.8493 0.1793
26.4264 -5.4565 28.1454 -0.7431 0.1312 0.6561 0.1345 0.0453
26.4264 -5.4565 28.1454 -0.9638 0.1800 0.1966 0.7749 0.6823
6.2036 31.0997 -0.8702 0.2618 0.9651 0.0008 0.8540 0.4778
23.0503 12.2320 21.1124 0.2713 0.9119 0.3079 0.4488 0.9064
23.0503 12.2320 21.1124 0.0090 0.0316 0.9995 0.6559 0.0897
23.0503 12.2320 21.1124 0.8492 0.0420 -0.5264 0.4562 0.9079
-11.7380 26.3288 -23.5744 0.2543 -0.8362 -0.4859 0.6255 0.7659
-29.7233 -9.4537 -28.5783 0.4970 0.1581 -0.8533 0.4342 0.0257
-23.8798 24.2515 26.7248 -0.6138 0.6894 -0.3847 0.9883 0.3314
6.6583 26.1590 -27.7197 -0.3155 -0.8415 -0.4385 0.6053 0.6764
22.9423 6.3803 -23.9881 0.0069 0.0111 -0.9999 0.1703 0.8934
22.0041 -21.7936 27.4651 0.4545 -0.4251 -0.7827 0.6419 0.8155
22.0041 -21.7936 27.4651 0.6332 -0.6208 -0.4622 0.7048 0.3379
17.0195 -26.1514 1.3283 0.5939 -0.8045 -0.0032 0.5776 0.3621
-15.2220 -30.4701 28.2081 -0.3821 -0.9235 0.0343 0.7084 0.5190
24.1455 -18.4374 23.6046 0.8352 -0.5497 0.0167 0.6860 0.3274
23.5439 -12.9782 21.9915 -0.8761 0.4517 0.1688 0.8049 0.7189
23.9581 -9.6357 19.2881 0.9473 -0.3050 0.0982 0.9313 0.6071
23.9581 -9.6357 19.2881 0.7892 -0.1883 0.5845 0.9586 0.6071
0.0642 29.3123 28.1886 -0.0172 -0.4798 0.8772 0.9156 0.6837
0.0642 29.3123 28.1886 -0.1041 -0.7801 0.6170 0.5072 0.7160
1.4340 -18.4765 21.3190 0.0849 -0.0062 0.9964 0.7610 0.2391
-16.3526 -29.2436 -10.1513 -0.4516 -0.8922 0.0022 0.5218 0.5245
-30.0262 9.2131 21.3999 0.1069 0.2781 0.9546 0.9141 0.1044
-9.3440 28.8678 21.3062 0.0963 -0.1086 -0.9894 0.8954 0.5916
-29.5492 -17.7938 -19.1691 -0.8377 -0.5462 0.0014 0.4779 0.5887
26.7305 -9.9491 -28.8091 0.0246 0.0066 -0.9997 0.4318 0.3004
-29.3341 9.4039 -28.1157 0.5933 -0.2182 -0.7748 0.5259 0.0276
31.1624 8.9258 28.7246 0.0143 0.0324 0.9994 0.2044 0.0223
16.8001 26.0899 22.9469 0.6269 0.7791 0.0056 0.9699 0.5293
5.9832 27.8397 27.9057 -0.3063 -0.9371 0.1675 0.5058 0.6872
7.2476 31.0576 27.4985 0.2822 0.8338 -0.4745 0.9921 0.4828
-23.0225 -25.2835 17.9768 -0.6023 -0.7983 -0.0054 0.6586 0.5569
22.8369 12.4458 20.7161 0.5284 0.8350 0.1534 0.4777 0.8653
22.8369 12.4458 20.7161 0.8774 0.4476 -0.1727 0.6642 0.8319
-20.8837 26.9490 28.5921 -0.0373 0.0468 0.9982 0.2921 0.2755
10.8751 -29.7919 4.5206 0.3951 -0.9186 -0.0097 0.5932 0.3920
-3.9862 30.1868 21.2007 0.0185 -0.9168 0.3988 0.9087 0.6656
-3.9862 30.1868 21.2007 -0.0650 -0.0874 0.9941 0.7874 0.0023
-14.2938 29.2300 28.5924 0.0273 -0.0957 0.9950 0.3032 0.2435
10.6636 -29.9359 10.0078 0.3896 -0.9210 -0.0071 0.6199 0.3930
-21.7101 19.9833 -26.3909 0.7066 -0.7048 0.0639 0.6118 0.8145
11.9864 25.5278 21.3842 0.0067 -0.0365 0.9993 0.7097 0.0250
24.6633 5.5197 -24.1918 -0.9157 -0.2631 -0.3037 0.7465 0.6307
24.6633 5.5197 -24.1918 -0.6678 -0.1995 -0.7172 0.1661 0.9018
2.1613 -18.0863 21.0388 0.3606 -0.1164 0.9254 0.7575 0.2372
-23.5331 24.4204 9.3830 -0.6488 0.7610 0.0019 0.9039 0.3331
24.0159 18.3718 3.8034 0.8254 0.5646 -0.0018 0.8768 0.5644
-29.0105 -18.5904 -25.6956 -0.8259 -0.5606 -0.0610 0.4462 0.5860
25.5416 15.6850 20.3663 0.8714 0.4905 -0.0006 0.4514 0.8682
-18.1563 7.4292 -23.4948 -0.0088 0.0093 -0.9999 0.1754 0.6935
13.4257 -23.0907 -24.9015 -0.5687 0.7589 0.3173 0.5886 0.7964
27.2328 5.5553 -28.8357 0.2064 0.0538 -0.9770 0.5072 0.3028
-19.8567 -23.4964 26.5410 0.5895 0.8077 0.0066 0.5529 0.6434
15.3555 -27.4219 11.3310 0.5542 -0.8324 -0.0055 0.6263 0.3702
13.1968 28.1857 -9.1577 0.4867 0.8735 -0.0065 0.8137 0.5118
-17.9199 28.3958 -11.8059 -0.4765 0.8792 0.0022 0.8008 0.3604
17.0287 18.0087 -24.0866 -0.6908 -0.6785 -0.2499 0.6230 0.6260
17.0287 18.0087 -24.0866 -0.3617 -0.3646 -0.8580 0.2269 0.8646
24.7975 -17.6101 2.4072 0.8449 -0.5349 -0.0053 0.5829 0.3243
18.8206 -24.8190 19.7275 0.6710 -0.7414 -0.0111 0.6672 0.3533
-30.1297 -12.6160 -28.9339 -0.1364 -0.0462 -0.9896 0.4188 0.0238
-15.0153 -28.2266 28.6885 0.0669 0.1373 0.9883 0.0237 0.2470
-22.9167 20.7820 -28.5848 0.2695 -0.2915 -0.9178 0.5813 0.0589
-15.7099 25.7496 21.3014 0.5126 -0.7561 0.4069 0.5706 0.8459
-15.7099 25.7496 21.3014 0.3098 0.9119 0.2692 0.5051 0.8669
-15.7099 25.7496 21.3014 0.0794 -0.0500 0.9956 0.8444 0.0239
-12.5613 -22.2162 21.2025 0.0090 0.0143 0.9999 0.8291 0.2573
20.8522 13.9205 21.1162 -0.0193 -0.0152 0.9997 0.6666 0.0815
-34.7417 -4.6130 12.8222 -0.9888 -0.1475 -0.0216 0.3016 0.4274
11.7942 28.9808 1.3758 0.4359 0.9000 0.0000 0.8650 0.5050
-33.0642 10.7291 14.0933 -0.9368 0.3499 0.0007 0.3762 0.4212
-0.3795 2.8584 20.9104 0.0421 0.0120 0.9990 0.7699 0.1353
-23.0215 24.9449 -10.5566 -0.6159 0.7878 0.0071 0.8069 0.3356
-21.8682 23.0313 21.0160 0.4779 -0.8761 0.0638 0.9872 0.6175
-30.6837 7.9319 27.6201 0.9576 -0.2688 0.1042 0.8591 0.6167
11.5622 -29.4892 27.5423 0.4218 -0.8616 -0.2825 0.7052 0.3887
-0.7111 -27.9555 -23.9996 0.0037 0.0261 -0.9997 0.0033 0.7783
-2.2688 19.0469 -23.5723 -0.0124 0.0071 -0.9999 0.2320 0.7708
15.2158 16.4191 -23.8685 -0.0164 0.0119 -0.9998 0.2192 0.8558
-16.0499 25.8239 21.4410 0.3932 0.8796 0.2680 0.5057 0.8653
16.0338 22.3899 21.3127 -0.2284 -0.2746 0.9341 0.6900 0.0403
21.9426 -21.5518 9.7586 0.7570 -0.6534 0.0012 0.6187 0.3381
14.3643 20.3257 -24.0049 -0.3751 -0.3992 -0.8366 0.2382 0.8517
14.3643 20.3257 -24.0049 -0.4514 -0.5106 -0.7318 0.6234 0.6389
4.0138 9.5713 20.9880 0.0745 0.0121 0.9971 0.7485 0.1026
-15.1005 26.8204 21.2507 0.0919 -0.1043 -0.9903 0.9834 0.6583
3.3362 -27.6727 -24.4914 -0.1956 0.9800 -0.0375 0.5906 0.7473
-33.6562 -9.1519 13.5594 -0.9635 -0.2679 -0.0029 0.2795 0.4238
-22.2250 20.0119 -23.3582 0.0286 -0.0948 -0.9951 0.2367 0.6737
-16.6024 21.1391 -23.3610 -0.0198 0.0215 -0.9996 0.2421 0.7010
-27.1490 -15.7641 24.4269 0.8421 0.5392 -0.0031 0.5427 0.6079
-25.1301 18.6751 27.3675 0.7767 -0.6230 0.0924 0.5032 0.8386
1.0368 -19.1849 21.3368 0.0481 -0.0415 0.9980 0.7630 0.2425
-7.6712 29.0301 21.3281 -0.0642 0.4406 -0.8954 0.8961 0.5998
-7.6712 29.0301 21.3281 -0.1108 0.7845 0.6101 0.9366 0.6595
-0.3484 26.5992 -23.5191 -0.0432 -0.1346 -0.9900 0.2687 0.7801
-31.9651 -0.0082 -28.7113 0.2877 0.0246 -0.9574 0.4801 0.0148
-19.4322 -24.0468 21.8882 0.5625 0.8263 -0.0293 0.5303 0.6455
-3.0729 -8.5144 21.0696 -0.0306 0.0412 0.9987 0.7830 0.1906
-18.5794 18.6111 -23.3823 -0.0201 0.0204 -0.9996 0.2298 0.6914
-11.9307 -26.6807 -23.8991 0.3231 0.8546 -0.4066 0.5935 0.6731
-11.9307 -26.6807 -23.8991 0.0243 0.0974 -0.9949 0.0095 0.7237
11.2048 -29.8787 27.9978 0.4357 -0.8791 -0.1934 0.7074 0.3904
11.2171 25.7025 21.4775 0.2178 0.2917 -0.9314 0.8800 0.6917
11.2171 25.7025 21.4775 0.4073 0.7657 -0.4978 0.6000 0.8448
-16.2562 30.1132 28.3979 -0.3329 0.7259 0.6018 0.9964 0.3685
-7.1915 29.1630 -28.6891 0.0468 -0.0440 -0.9979 0.6221 0.1354
29.5634 1.9201 27.0443 0.9474 0.0288 -0.3186 0.3845 0.9007
15.5402 -25.9457 -28.5035 0.2506 -0.3494 -0.9028 0.3539 0.2460
15.5402 -25.9457 -28.5035 0.4129 -0.5764 -0.7052 0.4325 0.3693
23.4878 -12.2420 20.3592 -0.8923 0.3813 -0.2417 0.8128 0.7153
-25.3894 -23.0680 -16.9072 -0.7172 -0.6969 0.0040 0.4889 0.5684
23.4424 0.4334 21.0848 -0.0479 0.0066 0.9988 0.6540 0.1471
-0.6577 0.3092 20.9790 0.0854 0.0115 0.9963 0.7712 0.1477
-22.5654 -23.5259 -28.8136 -0.1814 -0.2101 -0.9607 0.3657 0.0606
-18.5750 -3.1960 -23.6259 -0.0105 0.0140 -0.9998 0.1237 0.6914
21.7423 21.3147 2.9657 0.7584 0.6518 -0.0012 0.8727 0.5534
-26.5147 -21.9128 -1.4942 -0.7560 -0.6545 0.0053 0.5639 0.5739
-10.9464 31.0339 22.2196 -0.2462 0.9692 0.0079 0.9664 0.3943
-33.6849 -8.5170 -23.2894 -0.9669 -0.2548 -0.0148 0.2826 0.6031
34.7552 4.2036 28.6103 0.5741 0.0918 0.8136 0.1815 0.0048
29.7474 0.1275 1.6501 0.9999 0.0153 0.0016 0.3757 0.7771
-34.2008 -7.7957 18.2304 -0.9616 -0.2737 -0.0182 0.2861 0.4011
-31.2545 -15.3388 6.8618 -0.8818 -0.4715 0.0134 0.2494 0.4564
7.3810 27.4956 21.4525 0.1048 0.3449 0.9328 0.7329 0.7698
7.3810 27.4956 21.4525 0.2233 0.5935 0.7732 0.8406 0.7418
19.2455 -24.2975 -23.8275 0.6668 -0.7452 -0.0075 0.4553 0.3513
26.4135 -14.5392 20.2876 0.8948 -0.4464 0.0114 0.3044 0.8678
-18.5310 -22.7639 21.2830 0.0167 0.0349 0.9992 0.8582 0.2599
22.5886 13.0909 21.1026 0.9481 0.1776 -0.2638 0.6661 0.8288
22.5886 13.0909 21.1026 -0.9263 0.2536 0.2787 0.6726 0.8278
22.5886 13.0909 21.1026 0.0313 0.0172 0.9994 0.6581 0.0855
-31.6624 0.7048 23.3656 0.9979 -0.0316 -0.0561 0.8384 0.6518
-15.0129 -24.8215 -27.3350 0.4028 0.8252 -0.3960 0.5768 0.6581
12.3848 28.5774 -16.2619 0.4708 0.8822 -0.0043 0.7792 0.5078
-14.8676 2.9595 -23.5840 -0.0113 0.0143 -0.9998 0.1537 0.7095
-16.1656 -25.9090 21.4998 0.1835 0.3188 0.9299 0.8467 0.2752
-16.1656 -25.9090 21.4998 0.3686 0.7036 0.6075 0.5284 0.6614
-0.1512 32.2282 -15.8083 0.1011 0.9949 0.0026 0.7814 0.4468
-31.8948 -13.9022 8.1607 -0.8960 -0.4417 0.0452 0.2564 0.4501
-27.4935 15.2417 26.5585 0.8625 -0.4942 0.1092 0.8540 0.5811
-27.4935 15.2417 26.5585 0.8410 -0.5385 0.0528 0.4992 0.8501
14.7006 27.2810 -10.1789 0.5252 0.8510 -0.0040 0.8087 0.5191
-29.6624 -10.9789 21.5707 0.9237 0.3810 0.0408 0.8297 0.7087
-29.6624 -10.9789 21.5707 0.6932 0.2737 0.6667 0.9123 0.2026
25.4959 -6.5682 18.7980 0.0530 -0.1190 0.9915 0.9511 0.5922
26.8992 -3.9468 28.3927 -0.5352 0.0825 0.8407 0.1418 0.0430
11.9120 28.8411 -13.1740 0.4619 0.8869 -0.0042 0.7942 0.5055
-32.7554 10.4983 -27.7845 -0.9117 0.3345 -0.2384 0.3751 0.6250
-32.7554 10.4983 -27.7845 -0.6826 0.2287 -0.6941 0.5312 0.0110
20.4103 20.7679 -28.4357 0.3516 0.3203 -0.8796 0.5812 0.2697
-29.8209 17.2229 -6.4663 -0.8483 0.5295 -0.0002 0.8268 0.3025
26.7372 -15.3550 27.7770 0.8863 -0.4559 -0.0810 0.9768 0.6116
17.2811 10.1844 -23.9535 -0.0124 0.0042 -0.9999 0.1888 0.8659
4.0953 -28.4752 25.8068 -0.2356 0.9718 0.0119 0.5494 0.7599
-24.4653 19.9169 21.2583 0.7250 -0.6562 -0.2094 0.4734 0.8353
-21.4633 25.6710 28.6017 0.0265 -0.0289 0.9992 0.2859 0.2783
-24.1436 -6.7233 -23.6209 -0.0131 0.0137 -0.9998 0.1066 0.6643
4.1375 12.7278 20.8921 0.1148 0.0111 0.9933 0.7479 0.0873
-13.2391 -12.2414 -23.8022 -0.0079 0.0144 -0.9999 0.0797 0.7174
22.4791 -15.0397 24.6402 -0.8543 0.5198 0.0045 0.5437 0.8494
22.4791 -15.0397 24.6402 -0.8668 0.4987 0.0015 0.7920 0.7289
15.0001 -11.4153 20.9193 -0.0269 0.0293 0.9992 0.6950 0.2047
18.7867 -4.8812 20.9035 -0.0440 0.0157 0.9989 0.6766 0.1729
4.2837 7.2692 20.9990 0.0784 0.0079 0.9969 0.7472 0.1138
29.5838 3.1803 19.5844 0.9944 0.1060 -0.0022 0.3906 0.8644
-15.8309 23.3392 21.2157 0.0465 -0.0343 0.9983 0.8450 0.0356
8.5667 -21.8019 -24.0704 0.0042 -0.0085 -1.0000 0.0332 0.8235
29.8533 1.0440 -13.7119 0.9996 0.0273 0.0063 0.3802 0.7024
22.1815 -12.6331 -27.3639 -0.8699 0.4491 -0.2037 0.7619 0.7190
24.4579 5.0555 -26.1370 -0.9578 -0.2574 0.1275 0.7559 0.6329
-8.2197 -26.8012 -23.9163 -0.0176 -0.0359 -0.9992 0.0089 0.7418
-26.5993 -16.7086 21.9381 0.8309 0.5553 -0.0362 0.5306 0.6106
-13.3384 -30.6350 27.1469 -0.3459 -0.7984 -0.4929 0.7033 0.5098
-17.6408 9.4011 -23.4823 -0.0086 0.0088 -0.9999 0.1850 0.6960
25.8284 3.5956 21.2095 -0.1131 -0.0091 0.9935 0.6424 0.1317
-21.2973 26.2580 26.5971 -0.5660 0.7618 -0.3151 0.9877 0.3440
21.2545 21.8605 13.2296 0.7479 0.6638 0.0045 0.9226 0.5510
-34.1125 7.2596 24.2949 -0.9591 0.2817 0.0289 0.3593 0.3716
-34.0796 -7.0600 -12.0694 -0.9726 -0.2325 -0.0100 0.2897 0.5485
16.6371 -23.0572 28.6601 -0.1682 0.2188 0.9612 0.0488 0.0930
-31.6041 14.0820 -19.7625 -0.8977 0.4406 -0.0028 0.3925 0.5860
24.4487 10.8972 22.2009 -0.9278 -0.3630 0.0857 0.8039 0.6027
-11.7867 -26.7990 21.2874 0.0245 0.0304 0.9992 0.8254 0.2796
13.8664 -27.3229 28.7708 0.0486 -0.0716 0.9963 0.0281 0.1065
15.0978 -27.6897 19.3134 0.5448 -0.8382 -0.0270 0.6651 0.3715
27.7922 -11.6660 -13.4851 0.9338 -0.3578 0.0023 0.3184 0.7035
-7.0361 -5.5777 20.9832 0.0564 0.0271 0.9980 0.8023 0.1763
-28.3331 19.3981 -0.0996 -0.7917 0.6108 0.0076 0.8578 0.3097
16.1599 22.3866 -28.7280 -0.1497 -0.1649 -0.9749 0.5891 0.2490
-28.5426 19.0446 12.9556 -0.8054 0.5927 0.0028 0.9213 0.3087
-0.8337 32.0936 23.1451 0.0286 0.9995 0.0120 0.9709 0.4435
11.8089 18.1870 20.9670 -0.0233 -0.0329 0.9992 0.7106 0.0607
29.3845 4.7784 20.2247 0.9888 0.1492 -0.0040 0.3984 0.8675
27.3611 11.9415 26.9517 0.9132 0.3699 -0.1711 0.4332 0.9002
18.5366 -19.5092 19.4040 -0.2523 0.0028 0.9676 0.6778 0.2441
2.9190 17.8335 -23.6578 -0.0153 0.0070 -0.9999 0.2261 0.7960
23.3961 -13.9052 28.0855 -0.8541 0.4609 0.2410 0.7752 0.7234
23.3961 -13.9052 28.0855 -0.7940 0.4941 0.3541 0.8011 0.7364
23.3961 -13.9052 28.0855 -0.6432 0.3682 0.6713 0.0934 0.0601
23.3961 -13.9052 28.0855 -0.8125 0.5212 0.2612 0.5605 0.8538
13.6164 -16.3560 21.0312 -0.0028 0.0053 1.0000 0.7018 0.2288
-34.1527 -7.7441 6.7261 -0.9699 -0.2432 -0.0144 0.2863 0.4571
22.0339 15.1543 -28.7247 -0.2681 -0.1803 -0.9464 0.5539 0.2776
-27.2727 22.0422 28.4169 -0.3118 0.2871 0.9057 0.2683 0.3066
-27.2727 22.0422 28.4169 -0.7412 0.6660 0.0838 0.9965 0.3149
13.3808 21.3087 -24.0841 -0.5818 -0.6797 -0.4467 0.6230 0.6437
30.5896 -7.8021 27.5039 0.1078 -0.2134 -0.9710 0.6837 0.7474
16.6952 19.8345 21.1458 -0.0328 -0.0396 0.9987 0.6868 0.0527
3.1141 -27.9608 20.6156 0.0169 0.0913 0.9957 0.7529 0.2852
3.1141 -27.9608 20.6156 -0.1313 0.7111 0.6907 0.5241 0.7552
4.1647 31.6180 8.4312 0.1945 0.9809 -0.0052 0.8993 0.4678
-12.9479 30.6612 -24.6750 -0.3194 0.9475 -0.0181 0.7382 0.3846
-9.8608 28.9770 21.1823 0.2530 -0.9554 -0.1524 0.9000 0.7225
-9.8608 28.9770 21.1823 -0.0114 -0.1730 0.9849 0.8160 0.0082
6.0435 8.4184 20.7765 0.0616 0.0023 0.9981 0.7386 0.1082
-30.5604 10.3387 -28.7448 0.0128 0.0096 -0.9999 0.5305 0.0217
11.7139 -29.6186 28.2961 0.4157 -0.8238 0.3854 0.7088 0.3879
27.2854 -8.6994 -28.7531 0.1508 0.0306 -0.9881 0.4378 0.3031
20.8196 17.4235 26.9170 -0.8032 -0.5957 -0.0029 0.5010 0.6150
22.6383 -20.6792 15.5245 0.7821 -0.6231 0.0104 0.6467 0.3348
16.7736 -26.3472 -20.8453 0.5895 -0.8077 0.0035 0.4698 0.3633
6.8087 30.8067 -26.0387 0.2959 0.9517 -0.0815 0.7316 0.4807
12.2029 -24.2566 -23.9664 -0.5116 0.8592 0.0026 0.5932 0.7905
21.5787 -21.9101 15.8460 0.7482 -0.6635 0.0074 0.6483 0.3399
-30.1706 10.2813 21.1227 0.0182 0.1739 0.9846 0.9148 0.0992
-6.1528 29.9094 21.1517 -0.0178 0.1428 0.9896 0.7980 0.0037
-6.1528 29.9094 21.1517 0.0929 -0.9296 0.3566 0.9085 0.6762
11.8936 -29.2889 -26.1582 0.4431 -0.8931 -0.0780 0.4439 0.3870
5.6732 27.8651 25.6793 -0.2887 -0.9574 0.0088 0.4950 0.6887
-16.2757 -29.6755 28.9278 0.0153 0.0870 0.9961 0.0166 0.2531
-16.2757 -29.6755 28.9278 -0.2972 -0.5733 0.7635 0.7119 0.5241
-27.7333 -12.7016 -23.8795 0.4875 0.2799 -0.8271 0.0775 0.6469
-27.7333 -12.7016 -23.8795 0.8742 0.3681 0.3167 0.7344 0.7494
22.9717 -4.6862 -24.0092 0.0575 -0.0083 -0.9983 0.1165 0.8936
-31.4204 -14.7459 14.6215 -0.8897 -0.4565 0.0004 0.2523 0.4187
-30.6063 -16.2465 -4.7880 -0.8532 -0.5215 -0.0010 0.5479 0.5938
-30.6063 -16.2465 -4.7880 -0.8789 -0.4770 0.0024 0.2450 0.5131
-6.7740 31.9487 -27.1101 -0.1291 0.9629 -0.2369 0.7264 0.4146
-28.7997 -12.3928 21.4360 0.7554 0.4346 0.4903 0.8290 0.7156
-28.7997 -12.3928 21.4360 0.2472 0.1848 0.9512 0.9081 0.2095
-34.5804 5.0267 4.9641 -0.9859 0.1615 -0.0432 0.3485 0.4657
-12.7617 27.2368 -28.5412 0.2013 -0.5602 -0.8035 0.6013 0.7709
-12.7617 27.2368 -28.5412 0.1084 -0.2563 -0.9605 0.6127 0.1083
-2.1875 29.3275 21.4158 0.1081 0.3399 -0.9342 0.8976 0.6265
-2.1875 29.3275 21.4158 0.1311 0.3211 0.9379 0.7787 0.0065
-2.1875 29.3275 21.4158 0.8504 -0.3873 -0.3561 0.3704 0.9064
-2.1875 29.3275 21.4158 0.0147 -0.6069 -0.7947 0.4742 0.7269
25.5979 1.2127 -24.5899 -0.9889 -0.1222 0.0843 0.7484 0.6516
-24.9322 18.3310 -28.4526 0.3390 -0.2808 -0.8979 0.5694 0.0491
25.5066 13.5668 -28.3665 0.4828 0.2367 -0.8432 0.5462 0.2945
-26.5547 13.5999 21.1994 0.0230 -0.0115 0.9997 0.8972 0.0830
-11.4414 30.9736 0.8812 -0.2804 0.9598 0.0094 0.8626 0.3919
-0.6312 13.4559 -23.6393 -0.0142 0.0089 -0.9999 0.2048 0.7787
-0.4873 29.0996 21.3284 -0.4649 0.2498 -0.8494 0.8965 0.6347
-0.4873 29.0996 21.3284 -0.0021 -0.0981 0.9952 0.7704 0.0076
-0.4873 29.0996 21.3284 0.1606 -0.8060 0.5697 0.4738 0.7187
8.2758 -26.3956 -24.0116 -0.3525 0.8781 0.3236 0.5929 0.7714
8.2758 -26.3956 -24.0116 -0.1771 0.4347 -0.8830 0.0109 0.8221
6.7132 22.5733 -23.6582 -0.0086 0.0109 -0.9999 0.2491 0.8145
-35.0825 2.4472 25.2268 -0.9912 0.1203 0.0558 0.3359 0.3671
24.4023 -8.6348 20.8613 0.7006 -0.2416 0.6714 0.6493 0.1912
24.4023 -8.6348 20.8613 0.9242 -0.2885 -0.2503 0.9390 0.6022
-29.7442 11.1506 28.1458 0.5920 -0.2521 0.7655 0.2153 0.3186
13.7506 -28.4659 17.7638 0.4890 -0.8721 -0.0179 0.6576 0.3780
-15.9081 -21.1649 -23.8667 -0.0156 0.0006 -0.9999 0.0363 0.7044
-13.4299 -27.2400 28.1600 0.3430 0.8429 0.4146 0.5608 0.6747
-30.4065 8.4511 21.8294 0.8658 -0.1961 0.4603 0.8309 0.6141
-30.4065 8.4511 21.8294 0.7922 -0.2403 0.5610 0.9160 0.1081
-23.8036 17.7048 -26.6675 0.7371 -0.6413 -0.2132 0.6104 0.8246
0.7470 -2.2312 -23.8069 -0.0115 0.0109 -0.9999 0.1284 0.7854
24.7647 -8.2604 -28.4009 -0.4468 0.1649 -0.8793 0.4400 0.2908
-28.9416 13.3801 20.9680 0.2232 -0.2107 0.9517 0.9088 0.0841
18.3755 -25.0958 6.5770 0.6446 -0.7645 -0.0044 0.6032 0.3555
-33.4019 -10.3041 20.2643 -0.9384 -0.3454 -0.0079 0.2739 0.3912
-29.1818 -2.2760 -23.4797 -0.0110 0.0133 -0.9999 0.1282 0.6398
5.4931 1.0994 -23.8329 -0.0109 0.0078 -0.9999 0.1446 0.8085
24.8757 3.2818 -26.2054 -0.9685 -0.2063 0.1397 0.7563 0.6416
-3.2094 32.1640 19.6041 -0.0327 0.9994 0.0142 0.9536 0.4320
-0.5479 29.5427 21.2886 -0.0195 0.0718 0.9972 0.7707 0.0055
-19.1734 15.0857 21.0129 0.0210 -0.0272 0.9994 0.8613 0.0758
6.6527 -11.5611 -23.9624 -0.0087 0.0095 -0.9999 0.0830 0.8142
-32.3180 -2.8251 28.6535 0.1916 0.0279 0.9811 0.1473 0.3312
9.0435 26.5680 24.5213 -0.4153 -0.9097 0.0029 0.4893 0.6723
-1.0570 30.1923 28.5297 -0.0219 -0.1181 0.9928 0.3079 0.1791
26.6924 1.0092 27.3718 -0.9936 -0.0312 0.1089 0.7787 0.6508
29.5812 1.0290 27.0133 0.9911 0.0200 -0.1314 0.3801 0.9005
-2.5786 -32.2894 26.1595 -0.0028 -1.0000 0.0039 0.6985 0.4575
14.2328 24.1509 21.4959 -0.0934 0.0823 -0.9922 0.8724 0.7064
14.2328 24.1509 21.4959 -0.8254 -0.5536 0.1104 0.3632 0.9063
-34.0549 -7.7979 -4.9037 -0.9683 -0.2496 -0.0045 0.2861 0.5137
-18.0589 -22.8317 -25.9985 0.5663 0.8131 0.1349 0.5833 0.6432
-26.1491 -17.3070 22.2326 0.8065 0.5866 -0.0737 0.5320 0.6128
-2.2061 -6.1198 21.0585 -0.0470 0.0089 0.9989 0.7788 0.1790
2.9366 9.7859 -23.7266 -0.0136 0.0099 -0.9999 0.1869 0.7961
0.6230 -31.3443 28.7240 -0.0017 0.0392 0.9992 0.0085 0.1709
30.4824 -3.1374 26.8968 -0.1641 0.0464 -0.9854 0.6832 0.7247
15.5447 0.5132 -23.9639 -0.0141 0.0067 -0.9999 0.1418 0.8574
-8.4815 29.4868 -28.8078 0.0035 -0.0227 -0.9997 0.6236 0.1291
-34.6341 4.4652 -4.1111 -0.9899 0.1415 0.0084 0.3457 0.5098
-34.9683 2.2764 13.1725 -0.9960 0.0880 -0.0120 0.3351 0.4257
-16.2546 -17.8956 21.1847 0.0106 0.0141 0.9998 0.8471 0.2363
9.0620 -11.2436 -23.9811 -0.0093 0.0094 -0.9999 0.0846 0.8259
-5.6618 -11.0981 21.0539 0.0007 0.0171 0.9999 0.7956 0.2032
16.5653 -17.4936 20.8413 0.0719 -0.2064 0.9758 0.6874 0.2343
-31.8231 13.7343 3.4487 -0.8889 0.4579 -0.0142 0.3908 0.4730
15.0467 -22.2645 -28.1622 -0.4243 0.5235 -0.7389 0.5727 0.8043
15.0467 -22.2645 -28.1622 -0.3717 0.4672 -0.8022 0.3719 0.2436
25.1729 8.1842 21.2989 -0.4715 -0.1647 0.8664 0.6455 0.1094
25.1729 8.1842 21.2989 -0.8676 -0.2581 0.4250 0.8082 0.6159
26.6174 0.9752 25.0074 -0.9994 -0.0313 0.0134 0.7902 0.6510
17.2658 25.4664 -21.2471 0.6127 0.7903 -0.0088 0.7549 0.5316
26.4096 -14.7071 7.0971 0.8941 -0.4479 0.0015 0.3036 0.8036
-10.5365 -31.4252 27.0304 -0.1677 -0.9052 -0.3905 0.7027 0.4962
-20.5950 -22.6694 21.3877 0.3059 0.4328 0.8480 0.8682 0.2595
-34.1196 -6.7703 -15.4637 -0.9771 -0.2125 -0.0041 0.2911 0.5650
10.6749 -29.8717 -2.4747 0.4065 -0.9136 0.0057 0.5591 0.3930
23.0284 -20.9653 27.9690 0.7723 -0.6341 -0.0375 0.7073 0.3329
-7.8037 -3.7422 20.9833 0.0870 0.0237 0.9959 0.8060 0.1674
-23.8493 -24.5433 -1.8697 -0.6448 -0.7643 -0.0036 0.5621 0.5609
-8.0025 7.2223 20.9557 0.0925 -0.0147 0.9956 0.8070 0.1141
-14.3308 24.1047 -23.3434 -0.0127 0.0131 -0.9998 0.2566 0.7121
6.0026 31.1696 4.2567 0.2446 0.9696 -0.0083 0.8790 0.4768
-28.6541 19.1832 28.5971 -0.0494 0.0437 0.9978 0.2544 0.3133
22.0993 8.6847 -23.9705 -0.0001 0.0032 -1.0000 0.1815 0.8893
22.2337 -21.1144 21.8209 0.7833 -0.6216 0.0046 0.6773 0.3367
-2.2825 -29.8437 28.5499 -0.0007 0.1374 0.9905 0.0158 0.1850
-2.2825 -29.8437 28.5499 0.0030 0.6314 0.7754 0.5627 0.7289
-34.4454 1.4629 -27.9604 -0.5792 0.0205 -0.8149 0.4873 0.0028
-34.4454 1.4629 -27.9604 -0.9628 0.0631 -0.2626 0.3311 0.6258
-11.0926 -31.1871 13.1831 -0.2725 -0.9621 -0.0017 0.6353 0.4989
28.2203 -10.0385 17.4483 0.9587 -0.2843 0.0038 0.3263 0.8540
-11.9095 -7.6727 21.0123 -0.0422 0.0154 0.9990 0.8260 0.1865
-27.8902 -11.9455 -23.7897 0.4891 0.1867 -0.8520 0.0812 0.6461
-3.6535 -15.1237 21.2610 -0.0012 0.0280 0.9996 0.7858 0.2228
-9.1218 28.8510 21.2446 -0.0715 0.3441 0.9362 0.8124 0.0088
13.8269 -24.0627 24.3641 -0.5561 0.8311 -0.0091 0.5424 0.8073
-4.2137 29.8674 21.2189 -0.0177 0.1498 0.9886 0.7885 0.0039
13.0319 28.3470 1.7378 0.4789 0.8779 -0.0026 0.8667 0.5110
-26.5244 2.9586 -23.4555 -0.0200 0.0112 -0.9997 0.1537 0.6527
-19.7632 27.2528 1.0851 -0.5394 0.8420 0.0046 0.8635 0.3514
25.7033 15.2995 26.9004 0.8406 0.4565 -0.2916 0.4496 0.9000
25.7033 15.2995 26.9004 0.8645 0.5022 0.0217 0.9891 0.5726
-9.1801 -31.7023 1.9103 -0.2116 -0.9773 0.0046 0.5805 0.4896
-1.1284 -10.0360 21.1462 0.0511 0.0330 0.9981 0.7735 0.1980
0.1010 29.2794 -28.6190 -0.0199 -0.2543 -0.9669 0.6226 0.1708
25.8883 11.1849 28.6506 -0.0409 -0.0243 0.9989 0.2154 0.0480
25.7641 7.3648 27.6552 -0.9406 -0.2474 0.2326 0.7773 0.6199
-10.2001 7.6466 -23.5789 -0.0113 0.0104 -0.9999 0.1765 0.7322
-21.2008 26.3444 -13.8291 -0.5787 0.8156 0.0023 0.7910 0.3444
29.0080 -9.8314 27.7808 0.9254 -0.3052 -0.2245 0.9768 0.5848
29.0080 -9.8314 27.7808 0.8098 -0.2203 -0.5438 0.6760 0.7573
-0.2428 24.8637 21.2773 0.0175 -0.0110 0.9998 0.7692 0.0282
-13.5728 19.7520 21.0644 0.0027 -0.0271 0.9996 0.8341 0.0531
-29.6068 -10.8925 23.5469 0.9349 0.3548 -0.0104 0.8393 0.7083
9.2397 -30.5008 28.5177 0.1501 -0.3750 0.9148 0.0126 0.1290
9.2397 -30.5008 28.5177 0.2767 -0.7608 0.5871 0.7099 0.4000
-5.1092 -32.3814 -0.9908 -0.1027 -0.9947 0.0092 0.5664 0.4698
-12.6602 -31.2475 28.9220 -0.1361 -0.3973 0.9075 0.0090 0.2355
-12.6602 -31.2475 28.9220 -0.3038 -0.9173 0.2573 0.7119 0.5065
-30.0887 17.5245 27.3956 -0.6333 0.3702 -0.6796 0.4093 0.3565
-3.1579 10.1650 21.0060 0.0096 -0.0291 0.9995 0.7834 0.0997
-19.5818 21.8839 -26.7762 0.6110 -0.7889 -0.0660 0.6099 0.8041
25.5684 10.6183 -28.7993 0.0995 0.0325 -0.9945 0.5318 0.2948
2.2048 27.0286 -26.8832 -0.1768 -0.9576 -0.2277 0.6094 0.6981
27.6421 -13.1515 27.4004 0.7898 -0.3745 -0.4858 0.9749 0.6009
27.6421 -13.1515 27.4004 0.4760 -0.2221 -0.8509 0.6694 0.7734
-3.8040 29.1192 25.6669 0.0345 -0.9980 0.0526 0.4949 0.7348
-15.6523 22.8803 -23.3466 -0.0168 0.0171 -0.9997 0.2506 0.7056
27.0120 13.0111 -9.3819 0.9072 0.4207 -0.0014 0.4384 0.7235
-4.6812 -32.4445 -3.4123 -0.0904 -0.9959 0.0086 0.5546 0.4677
20.6236 -15.2936 -26.2825 -0.8572 0.5017 0.1164 0.7566 0.7319
20.6236 -15.2936 -26.2825 -0.8233 0.5558 0.1150 0.5819 0.8314
-21.9996 18.4116 -23.3031 -0.0217 0.0167 -0.9996 0.2289 0.6748
-28.7940 -19.2846 6.7445 -0.8170 -0.5761 -0.0249 0.6040 0.5850
9.2020 4.7869 -23.8488 -0.0129 0.0070 -0.9999 0.1626 0.8266
-30.5457 -12.2130 28.6816 0.0798 0.0223 0.9966 0.1016 0.3225
-20.1052 16.8073 -23.3851 -0.0204 0.0166 -0.9997 0.2211 0.6840
28.4533 8.9565 10.5834 0.9574 0.2887 -0.0028 0.4187 0.8206
14.0665 24.2462 21.5054 0.0471 0.0867 -0.9951 0.8729 0.7055
-16.7175 -29.7749 28.2657 -0.4260 -0.9012 0.0800 0.7087 0.5262
-18.8036 -22.9001 -24.4028 0.6031 0.7936 0.0796 0.5910 0.6396
-5.5051 -17.3556 21.2087 -0.0117 0.0106 0.9999 0.7948 0.2336
-16.2501 29.1162 9.4886 -0.4250 0.9052 0.0015 0.9044 0.3685
-8.8056 -3.4813 21.1090 0.1296 0.0238 0.9913 0.8109 0.1661
29.2236 10.0716 28.6846 0.0088 0.0652 0.9978 0.2100 0.0317
-32.3769 -14.1891 28.3156 -0.7871 -0.3514 0.5070 0.0920 0.3314
-32.3769 -14.1891 28.3156 -0.8622 -0.4048 -0.3046 0.2550 0.3520
4.0396 -27.3225 -23.9502 -0.0295 0.8890 -0.4570 0.5932 0.7508
4.0396 -27.3225 -23.9502 0.0170 -0.0294 -0.9994 0.0064 0.8014
-34.8690 -2.3594 -1.4316 -0.9972 -0.0739 0.0074 0.3125 0.4968
12.1688 25.2641 28.2448 -0.4639 -0.7835 0.4134 0.5074 0.6571
21.2116 21.8301 -17.6710 0.7365 0.6764 -0.0054 0.7723 0.5508
28.5638 -11.3049 28.1715 0.6307 -0.1926 0.7517 0.1060 0.0349
28.5638 -11.3049 28.1715 0.9397 -0.3358 -0.0651 0.9787 0.5919
7.5786 27.2042 27.0060 -0.3597 -0.9323 0.0375 0.5014 0.6794
-23.5208 25.3104 27.3949 -0.5211 0.6328 -0.5728 0.9916 0.3331
-16.9396 26.4442 20.9994 0.1378 -0.3372 0.9313 0.8504 0.0205
-16.9396 26.4442 20.9994 0.3529 -0.9209 -0.1658 0.9871 0.5936
5.6373 -8.2504 -23.9221 -0.0087 0.0099 -0.9999 0.0992 0.8092
-9.5183 12.2166 21.0340 -0.1110 0.0070 0.9938 0.8143 0.0898
-1.9429 32.2313 26.8540 -0.0023 0.9173 -0.3981 0.9889 0.4381
-8.5649 -26.7773 21.2021 0.0250 -0.0033 0.9997 0.8097 0.2795
1.5007 27.2703 21.2395 0.0253 -0.0274 0.9993 0.7607 0.0165
28.0098 10.0018 -27.0793 0.9123 0.3011 -0.2774 0.4238 0.6373
-33.1138 10.5919 13.3231 -0.9363 0.3510 -0.0087 0.3755 0.4250
32.0120 -7.4696 27.7214 0.1361 -0.2712 -0.9528 0.6906 0.7458
3.5114 29.6107 21.4895 -0.0344 -0.2680 -0.9628 0.8990 0.6542
3.5114 29.6107 21.4895 -0.1534 -0.6467 0.7471 0.9101 0.6292
20.9196 -22.6540 27.3167 0.6794 -0.5987 -0.4242 0.7041 0.3431
20.9196 -22.6540 27.3167 0.4684 -0.4372 -0.7678 0.6367 0.8196
10.4567 -27.8378 28.7693 -0.0409 0.0625 0.9972 0.0256 0.1230
-33.6987 8.4758 -8.9003 -0.9634 0.2676 -0.0143 0.3653 0.5331
6.2964 26.8654 21.2394 -0.0725 -0.1570 0.9849 0.7374 0.0185
23.0553 19.6961 3.9875 0.7938 0.6081 -0.0031 0.8777 0.5597
-23.4355 20.4368 26.0294 0.7155 -0.6971 0.0457 0.4967 0.8303
2.8396 -31.4738 -28.2667 0.1120 -0.5961 -0.7951 0.4337 0.4311
-4.9470 -32.2338 22.3156 -0.0812 -0.9967 0.0044 0.6798 0.4690
-16.8005 28.9377 -4.1517 -0.4546 0.8907 0.0058 0.8381 0.3658
-24.3656 -23.9826 28.7592 -0.1043 -0.1194 0.9873 0.0443 0.2925
17.6576 25.3464 17.6555 0.6454 0.7639 -0.0033 0.9442 0.5335
26.5466 -2.9322 27.0792 -0.9922 0.0874 0.0890 0.7801 0.6700
0.3100 -19.3883 21.2393 -0.1578 0.1804 0.9709 0.7665 0.2435
22.6302 12.9603 20.5972 0.3877 -0.0391 0.9209 0.5640 0.8596
22.6302 12.9603 20.5972 -0.8875 -0.4439 0.1237 0.6751 0.8284
22.6302 12.9603 20.5972 -0.8291 -0.5266 0.1878 0.4986 0.8645
2.4503 31.8478 25.7292 0.1076 0.9942 -0.0075 0.9834 0.4595
-21.0291 -3.1811 -23.6004 -0.0099 0.0145 -0.9998 0.1238 0.6795
-0.9770 -29.4147 28.2537 -0.0451 0.8090 0.5861 0.5613 0.7353
-2.2667 28.0212 21.2892 -0.0076 0.0048 1.0000 0.7790 0.0129
-26.4875 -14.7999 -23.8556 0.5449 0.2477 -0.8011 0.0673 0.6529
-26.4875 -14.7999 -23.8556 0.7775 0.3967 -0.4880 0.7345 0.7596
-3.0084 -32.3110 21.9200 -0.0174 -0.9998 0.0056 0.6778 0.4595
29.3637 4.8944 18.4246 0.9877 0.1562 -0.0028 0.3989 0.8587
-33.6496 11.2319 28.2348 -0.8060 0.3152 0.5010 0.2157 0.3376
-33.6496 11.2319 28.2348 -0.9115 0.3374 -0.2351 0.3787 0.3524
-9.2781 -31.5892 26.8402 -0.1741 -0.9752 -0.1369 0.7018 0.4900
-3.2876 -0.4202 21.0222 -0.0533 0.0133 0.9985 0.7840 0.1512
27.0832 -2.4055 28.3711 -0.5560 0.0512 0.8296 0.1493 0.0421
25.8080 -3.3098 21.1688 -0.0947 0.0431 0.9946 0.6425 0.1653
29.8176 -0.2819 -3.8745 0.9999 0.0036 0.0099 0.3738 0.7502
-30.0383 2.6345 -26.0269 0.9862 -0.0455 0.1591 0.7239 0.6748
13.1248 -25.9653 28.7428 -0.1461 0.2058 0.9676 0.0347 0.1101
7.8377 27.1254 21.5297 0.0896 -0.9546 -0.2839 0.4748 0.6782
7.8377 27.1254 21.5297 -0.0553 0.0596 -0.9967 0.6336 0.8270
7.8377 27.1254 21.5297 -0.4976 -0.8594 -0.1172 0.7646 0.7432
-16.0623 25.9982 27.5595 0.4332 -0.8941 0.1135 0.5041 0.7945
2.7101 28.6789 21.6003 -0.2215 -0.9203 -0.3223 0.4751 0.7031
26.1264 -1.6707 21.1656 -0.2483 0.0028 0.9687 0.6409 0.1573
-30.7807 -0.5431 -23.5739 0.2140 -0.0064 -0.9768 0.1367 0.6320
-30.7807 -0.5431 -23.5739 0.9854 -0.0415 0.1651 0.7359 0.6903
17.8315 -19.7712 -24.2531 -0.7186 0.6821 0.1356 0.5918 0.8179
32.2673 -6.9130 27.4665 0.2590 -0.6053 -0.7527 0.9546 0.6426
-5.2248 15.8674 -23.5596 -0.0115 0.0068 -0.9999 0.2165 0.7564
-1.5907 32.9462 27.8217 0.0334 0.8983 -0.4382 0.9936 0.4398
-19.2916 -23.9784 28.2746 0.5146 0.7305 0.4489 0.5614 0.6462
-35.0276 0.6960 11.9038 -0.9992 0.0346 -0.0181 0.3274 0.4319
-34.9142 -1.3815 0.6766 -0.9993 -0.0361 -0.0020 0.3173 0.4865
-4.1023 -11.5592 21.1038 -0.0421 -0.0137 0.9990 0.7880 0.2054
9.2298 -14.5802 20.9086 -0.0129 0.0331 0.9994 0.7231 0.2201
9.2154 -6.8336 20.7516 0.0023 0.0076 1.0000 0.7232 0.1824
14.0987 24.1522 21.4247 0.0955 0.0875 0.9916 0.6994 0.0317
34.8884 1.5037 27.3858 0.2164 0.0653 -0.9741 0.7046 0.7021
-35.0532 1.6086 26.6466 -0.9924 0.0972 0.0750 0.3318 0.3602
-31.5568 14.1786 -16.0748 -0.8979 0.4402 0.0007 0.3930 0.5680
-32.0106 -13.4250 25.8684 -0.8946 -0.4460 0.0286 0.2587 0.3640
-12.1781 25.8049 -25.8107 0.3289 -0.9358 0.1267 0.6146 0.7681
-21.7050 25.8776 8.2051 -0.5961 0.8029 0.0065 0.8982 0.3420
-34.7393 -4.2231 28.7363 -0.2988 -0.0354 0.9536 0.1405 0.3429
20.7612 -22.6446 -27.1355 0.6851 -0.6669 -0.2930 0.4392 0.3439
-4.5353 -22.6380 21.3849 -0.0211 -0.0218 0.9995 0.7901 0.2593
-14.1731 26.6911 24.1669 0.4011 -0.9159 0.0179 0.4876 0.7853
-32.0979 14.5277 28.4377 -0.5395 0.2674 0.7984 0.2317 0.3301
26.5367 -11.1690 -28.7559 0.2548 -0.1936 -0.9474 0.4258 0.2995
-33.4669 -9.8973 10.1173 -0.9511 -0.3083 0.0164 0.2759 0.4406
-1.5910 -33.0510 27.7810 0.0214 -0.9520 -0.3053 0.7063 0.4526
-21.7759 25.8004 15.6962 -0.6051 0.7961 0.0029 0.9346 0.3416
-22.4899 25.4138 -25.9395 -0.6297 0.7740 -0.0666 0.7321 0.3382
-23.8108 24.2866 -6.5762 -0.6452 0.7640 0.0013 0.8263 0.3317
-2.8484 -30.5209 -28.9414 -0.0020 -0.1680 -0.9858 0.3317 0.1565
-29.6350 17.5237 -16.9291 -0.8332 0.5530 0.0002 0.7759 0.3034
-28.7501 -9.7981 -23.7137 0.1892 0.1546 -0.9697 0.0916 0.6419
-28.7501 -9.7981 -23.7137 0.8855 0.3488 -0.3070 0.7352 0.7353
-27.3153 -13.4743 -24.0083 0.8591 0.4249 0.2855 0.7338 0.7532
-27.3153 -13.4743 -24.0083 0.4552 0.3240 -0.8294 0.0737 0.6489
-31.7560 13.8288 -6.1067 -0.8921 0.4515 -0.0157 0.3913 0.5195
-15.4558 -24.4377 -26.6633 0.5043 0.8635 -0.0005 0.5800 0.6559
11.2997 26.5690 21.4768 -0.4103 -0.6890 -0.5974 0.9100 0.5913
11.2997 26.5690 21.4768 -0.2125 -0.4927 0.8439 0.7130 0.0199
-14.5818 -30.3358 28.9525 0.0327 0.1159 0.9927 0.0134 0.2449
28.8546 -8.4074 -25.4386 0.9672 -0.2483 -0.0530 0.3342 0.6453
-32.2578 12.9249 5.7702 -0.9160 0.4007 -0.0185 0.3869 0.4617
7.4648 28.2145 21.5361 -0.2775 -0.8168 -0.5058 0.9103 0.6099
-23.0866 -23.8014 28.7635 0.0294 0.0273 0.9992 0.0452 0.2862
29.5458 -3.7405 17.9426 0.9934 -0.1144 0.0099 0.3569 0.8564
11.6669 21.1435 -23.7643 -0.0305 -0.0112 -0.9995 0.2422 0.8386
-16.8147 -28.8667 26.8575 -0.4284 -0.8909 -0.1512 0.7018 0.5267
-12.8731 25.9738 -23.5671 0.2944 -0.9207 -0.2561 0.6255 0.7715
10.2987 26.7668 21.3856 -0.0794 -0.1729 0.9817 0.7179 0.0190
-10.0344 26.5507 -23.4087 0.1080 -0.5149 -0.8504 0.6263 0.7576
-10.0344 26.5507 -23.4087 0.0578 -0.2979 -0.9528 0.2685 0.7330
-32.3350 6.9622 28.6551 0.0967 -0.0033 0.9953 0.1949 0.3312
8.1880 27.0497 28.0226 -0.3477 -0.8908 0.2925 0.5064 0.6765
-30.7671 -3.6343 21.2070 -0.0061 0.0128 0.9999 0.9177 0.1669
-27.7808 20.0178 13.1482 -0.7746 0.6324 0.0039 0.9222 0.3124
-24.4701 24.2189 27.1734 -0.5219 0.5695 -0.6351 0.9905 0.3285
29.0933 6.3670 4.1584 0.9793 0.2026 0.0006 0.4061 0.7893
35.0110 3.1235 27.4668 0.4198 0.0576 -0.9058 0.7052 0.6942
15.8771 -22.7173 28.0614 -0.5083 0.7259 0.4634 0.5603 0.8173
29.7917 10.9944 28.3121 0.2427 0.6776 0.6942 0.9963 0.6348
-26.5077 5.4896 -23.4264 -0.0243 0.0146 -0.9996 0.1660 0.6528
-19.7451 25.0919 28.4090 0.1144 -0.1676 0.9792 0.2831 0.2700
-33.6557 -10.3626 28.6024 -0.4769 -0.1558 0.8651 0.1106 0.3377
33.7203 -6.2403 28.4122 0.2340 -0.2191 0.9472 0.1307 0.0099
33.7203 -6.2403 28.4122 0.7068 -0.7043 0.0662 0.9592 0.6356
-12.4424 -19.7075 21.1724 0.0077 0.0114 0.9999 0.8286 0.2451
-28.3533 13.6244 24.9053 0.8899 -0.4554 0.0254 0.8459 0.5890
18.0511 -20.0477 20.8193 -0.7184 0.6904 0.0848 0.5251 0.8278
-5.8438 31.7784 -27.7442 -0.0791 0.8088 -0.5828 0.7233 0.4191
11.5043 -24.7133 -24.2576 -0.4749 0.8733 0.1089 0.5917 0.7871
29.2066 -5.7535 25.9933 0.9888 -0.1452 0.0347 0.3471 0.8956
0.0076 17.7675 21.0208 0.0323 -0.0459 0.9984 0.7680 0.0628
-30.3411 10.0148 21.4538 0.9320 -0.2363 -0.2750 0.8291 0.6065
19.2554 19.1572 21.3390 -0.2657 -0.2347 0.9351 0.6743 0.0560
19.2554 19.1572 21.3390 -0.7481 -0.6290 0.2114 0.4738 0.6226
-19.6881 27.3626 -12.1289 -0.5358 0.8443 0.0030 0.7993 0.3518
-6.8486 -32.1964 27.2478 -0.1119 -0.6860 -0.7190 0.7037 0.4782
-24.0246 15.6387 -23.3102 -0.0144 0.0158 -0.9998 0.2154 0.6649
-27.7675 15.2720 21.3904 0.8129 -0.5465 -0.2011 0.4741 0.8514
23.4143 -19.6449 15.4656 0.8119 -0.5837 0.0107 0.6464 0.3310
-15.6183 29.4813 -1.1579 -0.4162 0.9092 0.0084 0.8526 0.3716
12.7889 24.5857 26.4813 -0.5283 -0.8489 0.0155 0.4989 0.6541
29.2740 -5.6198 20.6655 0.9862 -0.1652 -0.0044 0.3478 0.8696
-15.5698 -7.1402 -23.7114 -0.0095 0.0140 -0.9999 0.1046 0.7060
-6.1368 32.0246 -1.7990 -0.1132 0.9935 0.0096 0.8495 0.4177
-18.4268 -22.9731 -23.9164 0.0662 0.1037 -0.9924 0.0275 0.6921
-18.4268 -22.9731 -23.9164 0.4644 0.6198 -0.6326 0.5934 0.6414
-32.2929 4.8406 -28.7935 0.0433 -0.0032 -0.9991 0.5037 0.0132
10.8066 -23.7198 20.5984 0.1208 0.0165 0.9925 0.7154 0.2646
-13.0889 25.4322 -26.8813 0.3575 -0.8917 -0.2776 0.6094 0.7725
22.8188 -12.4411 -24.8654 -0.8523 0.4236 0.3068 0.7497 0.7181
-27.8492 -21.2095 28.4674 -0.4227 -0.3507 0.8357 0.0578 0.3094
-27.8492 -21.2095 28.4674 -0.7731 -0.6343 0.0018 0.7097 0.5804
-17.1282 25.6424 21.1559 -0.3514 0.5151 0.7818 0.8514 0.0244
-7.9021 -14.7406 -23.8791 -0.0068 0.0151 -0.9999 0.0676 0.7433
23.7243 18.8007 5.6374 0.8099 0.5865 -0.0075 0.8857 0.5630
27.9619 10.6416 -12.8743 0.9397 0.3419 0.0024 0.4269 0.7065
-18.2469 28.1135 26.4966 -0.4662 0.8801 -0.0896 0.9872 0.3588
21.8757 -15.9920 23.1177 -0.8306 0.5561 0.0289 0.5363 0.8464
14.1966 23.6641 26.4827 -0.5665 -0.8240 0.0079 0.4989 0.6472
23.3437 -11.9216 -24.1132 -0.9161 0.4007 0.0148 0.7461 0.7155
2.1215 -13.2650 21.0980 -0.1238 0.0397 0.9915 0.7577 0.2137
19.0909 19.4782 25.2179 -0.7398 -0.6729 -0.0020 0.4927 0.6234
-25.2262 22.9718 -4.2269 -0.7034 0.7108 0.0081 0.8377 0.3248
1.7746 28.9029 21.3313 0.1457 0.8296 -0.5390 0.5206 0.8603
1.7746 28.9029 21.3313 -0.0869 -0.7125 0.6963 0.4738 0.7077
1.7746 28.9029 21.3313 0.0113 -0.0721 0.9973 0.7594 0.0086
-18.2599 25.6327 28.3400 0.1195 -0.2084 0.9707 0.2857 0.2628
-23.5986 -20.0390 21.3939 0.1479 0.1694 0.9744 0.8828 0.2467
-14.2892 30.1558 28.6579 -0.0034 -0.0309 0.9995 0.3077 0.2434
-17.4831 26.1516 20.9999 0.1093 -0.3344 0.9361 0.8531 0.0220
-17.4831 26.1516 20.9999 0.5020 -0.8359 -0.2218 0.9871 0.5962
23.9298 9.4202 -28.1842 -0.6119 -0.2417 -0.7531 0.5260 0.2868
-34.6172 5.4490 6.7097 -0.9838 0.1787 -0.0144 0.3505 0.4572
8.6538 30.3593 7.1882 0.3576 0.9339 -0.0082 0.8932 0.4897
-20.0967 28.1048 27.9288 -0.4917 0.8015 -0.3405 0.9941 0.3498
-20.8018 26.5844 -1.3595 -0.5643 0.8256 0.0011 0.8517 0.3464
-9.6740 26.7746 -25.1426 0.2859 -0.9432 0.1694 0.6178 0.7559
-1.8104 30.6217 -28.5734 -0.0071 0.3401 -0.9404 0.6292 0.1615
-1.4723 -2.7225 -23.7868 -0.0111 0.0114 -0.9999 0.1260 0.7746
-28.3264 14.6774 -28.6858 0.1552 -0.0819 -0.9845 0.5516 0.0325
-0.2626 -32.5081 -1.7040 0.0582 -0.9983 0.0055 0.5629 0.4462
-34.8099 -0.6636 -12.1466 -0.9998 -0.0172 -0.0041 0.3208 0.5489
31.4319 2.8231 28.7120 -0.0313 -0.0076 0.9995 0.1748 0.0210
19.6048 -17.6044 20.3226 0.5648 -0.7789 0.2727 0.9257 0.6528
17.4617 -21.0385 19.6823 -0.6818 0.6997 -0.2137 0.5196 0.8250
-35.4318 -1.4956 28.4211 -0.6284 -0.0212 0.7776 0.1537 0.3463
-35.4318 -1.4956 28.4211 -0.9485 -0.0438 -0.3138 0.3167 0.3515
29.8330 -1.3055 27.2419 -0.1668 0.1043 -0.9805 0.6800 0.7158
-33.2424 10.0389 27.2683 -0.8186 0.2579 -0.5132 0.3729 0.3571
7.5624 31.1941 28.6302 0.1087 0.3712 0.9222 0.3128 0.1371
7.5624 31.1941 28.6302 0.3130 0.9124 0.2638 0.9976 0.4844
-11.4282 -15.0478 -23.8577 -0.0079 0.0149 -0.9999 0.0661 0.7262
20.8880 17.3074 24.1128 -0.8055 -0.5925 0.0095 0.4873 0.6147
-4.5453 -29.1182 23.1754 0.0633 0.9971 0.0413 0.5366 0.7179
24.2968 -12.9373 28.4228 -0.4440 0.2242 0.8675 0.0981 0.0557
-2.1933 -28.1416 -24.3693 0.0303 0.9987 0.0398 0.5912 0.7204
-24.3886 23.6713 15.9965 -0.6737 0.7390 0.0004 0.9361 0.3289
-25.3752 -23.1342 -21.9446 -0.7155 -0.6986 -0.0021 0.4644 0.5684
0.5890 29.0195 27.1433 -0.1126 -0.9924 0.0494 0.5021 0.7134
22.3960 -13.9786 19.8228 -0.8527 0.2522 0.4574 0.5419 0.8607
22.3960 -13.9786 19.8228 0.4871 -0.1898 0.8524 0.6591 0.2172
22.4235 1.0887 21.0302 -0.0501 0.0011 0.9987 0.6589 0.1439
29.6074 -0.0057 27.1688 0.9507 -0.0186 -0.3096 0.3751 0.9013
-2.3381 -6.2707 -23.8208 -0.0114 0.0123 -0.9999 0.1088 0.7704
-10.7080 -1.0668 20.9904 -0.0877 0.0089 0.9961 0.8201 0.1544
-4.8507 29.5781 28.3204 0.0241 -0.6760 0.7365 0.5078 0.7399
20.7041 -20.8584 28.7812 -0.0208 0.0355 0.9992 0.0595 0.0732
-17.5418 27.9004 -27.9999 -0.2796 0.4872 -0.8274 0.6159 0.0850
-17.5418 27.9004 -27.9999 -0.3111 0.6520 -0.6915 0.7220 0.3622
0.1588 -11.1458 21.0330 0.0942 0.0099 0.9955 0.7672 0.2034
-1.2997 -1.0598 -23.7711 -0.0116 0.0099 -0.9999 0.1341 0.7755
20.4327 -16.2707 -23.9043 -0.3350 0.1985 -0.9210 0.0601 0.8812
28.1853 11.2419 27.4772 0.4672 0.2854 -0.8368 0.6720 0.6547
28.1853 11.2419 27.4772 0.3037 0.5463 -0.7806 0.9922 0.6270
-32.8273 -11.6300 26.6649 -0.9161 -0.3934 0.0778 0.2674 0.3601
19.2555 -24.3504 12.0488 0.6694 -0.7429 -0.0046 0.6298 0.3512
-2.0279 -30.5960 28.6532 -0.0014 0.1102 0.9939 0.0122 0.1838
23.3000 -17.8557 28.7498 0.0202 -0.0025 0.9998 0.0741 0.0606
-22.2861 -25.8510 -23.7746 -0.5965 -0.8026 -0.0063 0.4555 0.5533
-4.1227 29.1599 21.4523 -0.0921 -0.4537 -0.8864 0.8968 0.6170
-4.1227 29.1599 21.4523 0.0374 -0.9433 -0.3298 0.4744 0.7364
-4.1227 29.1599 21.4523 0.9071 0.1687 -0.3856 0.3225 0.9069
-17.3053 28.6360 26.6263 -0.4466 0.8174 -0.3639 0.9878 0.3634
-31.6066 0.9473 26.5470 0.9993 -0.0367 0.0089 0.8539 0.6507
-17.3114 4.1914 20.8293 0.0132 -0.0013 0.9999 0.8522 0.1288
25.8817 -4.3148 19.6640 -0.3244 -0.4975 -0.8045 0.4641 0.9065
25.8817 -4.3148 19.6640 -0.7868 -0.0928 -0.6102 0.8657 0.7335
25.8817 -4.3148 19.6640 -0.8181 -0.4029 -0.4103 0.8162 0.6768
-3.0331 -10.6651 21.1765 -0.0283 0.0044 0.9996 0.7828 0.2011
26.1483 4.2055 -28.7336 -0.3882 -0.0546 -0.9200 0.5006 0.2976
2.5377 -15.2059 21.2242 0.2062 -0.0395 0.9777 0.7557 0.2232
1.0602 -32.3238 27.2231 0.0476 -0.7735 -0.6320 0.7036 0.4397
-3.7550 -31.3471 -28.7041 -0.0092 -0.2727 -0.9621 0.3277 0.1521
-3.7550 -31.3471 -28.7041 -0.0177 -0.6247 -0.7807 0.4315 0.4632
-15.3456 27.7011 -28.6604 -0.0806 0.2088 -0.9746 0.6149 0.0957
6.5769 -27.0408 -24.1540 -0.3139 0.9492 -0.0212 0.5922 0.7631
-8.3162 29.3202 21.1619 -0.0319 0.0191 0.9993 0.8085 0.0065
-4.2075 32.3219 -24.3011 -0.0422 0.9990 -0.0174 0.7400 0.4271
34.4042 5.8913 28.6062 0.4988 0.1631 0.8512 0.1897 0.0065
-8.4079 -31.9357 -7.4073 -0.1925 -0.9812 0.0119 0.5351 0.4858
-22.1819 -25.8408 9.2027 -0.5717 -0.8204 -0.0014 0.6160 0.5528
28.7226 8.8869 27.1943 0.3450 0.1326 -0.9292 0.6746 0.6662
-7.8385 18.9402 -23.5143 -0.0106 0.0058 -0.9999 0.2314 0.7437
-35.0088 1.6589 5.9948 -0.9963 0.0593 -0.0626 0.3321 0.4606
16.8995 -13.5715 -24.0603 0.0033 -0.0021 -1.0000 0.0733 0.8640
-20.8637 23.6470 21.1123 0.7103 -0.7004 0.0703 0.9877 0.6126
-20.8637 23.6470 21.1123 0.2630 -0.1780 0.9482 0.8695 0.0341
0.5396 29.1651 21.4465 0.0653 0.3294 -0.9419 0.8968 0.6397
0.5396 29.1651 21.4465 0.0135 0.9061 0.4228 0.6495 0.8296
0.5396 29.1651 21.4465 -0.0956 -0.8944 -0.4369 0.4744 0.7137
0.5396 29.1651 21.4465 0.1931 -0.5754 0.7948 0.7654 0.0073
-31.5277 13.9674 25.9261 -0.9001 0.4357 0.0068 0.3920 0.3637
23.4547 -10.1497 -23.8953 0.0630 -0.0128 -0.9979 0.0899 0.8959
26.3869 -14.7568 13.0277 0.8928 -0.4505 0.0025 0.3033 0.8325
-31.1328 5.7697 25.9415 0.9837 -0.1796 0.0097 0.8510 0.6272
24.7852 -10.4962 27.4075 -0.9197 0.3611 0.1540 0.7785 0.7068
-10.0529 -31.4611 25.1569 -0.2162 -0.9763 0.0105 0.6936 0.4938
-8.1596 -30.0714 -28.9267 -0.0390 -0.1360 -0.9899 0.3339 0.1307
-16.8125 -23.5899 21.2850 0.0208 0.0385 0.9990 0.8498 0.2640
-30.2192 -5.5935 -28.2154 0.6884 0.1320 -0.7133 0.4530 0.0233
-9.8975 10.1417 21.0013 -0.1116 0.0020 0.9938 0.8162 0.0999
23.8275 -12.3304 21.8165 -0.8890 0.3966 0.2289 0.8057 0.7157
30.3979 10.7450 27.9538 0.4274 0.8495 -0.3093 0.9945 0.6378
2.9256 -32.2465 -21.6251 0.1615 -0.9869 -0.0028 0.4660 0.4307
-34.3683 5.9085 2.3292 -0.9822 0.1873 -0.0126 0.3528 0.4785
-33.3079 -10.2133 -0.0898 -0.9485 -0.3167 0.0007 0.2743 0.4902
28.1993 -10.7571 -24.9188 0.9496 -0.3120 -0.0303 0.3228 0.6479
2.0590 31.9399 -2.5497 0.1394 0.9902 -0.0013 0.8459 0.4576
-30.9980 15.1629 15.5596 -0.8652 0.5015 0.0044 0.9340 0.2968
-30.9980 15.1629 15.5596 -0.8815 0.4721 0.0046 0.3978 0.4141
-28.5948 -9.3403 -27.2248 0.8931 0.3157 -0.3204 0.7181 0.7331
-28.5948 -9.3403 -27.2248 0.7488 0.3376 -0.5704 0.4347 0.0312
27.6621 -11.7911 8.6868 0.9372 -0.3489 0.0008 0.3178 0.8114
16.2873 -21.4773 19.1018 0.2041 -0.2801 0.9380 0.6888 0.2537
31.0771 5.6024 27.2439 0.0319 0.0210 -0.9993 0.6861 0.6822
-8.5938 -31.7331 25.5548 -0.1650 -0.9862 0.0148 0.6955 0.4867
25.5882 -7.5829 19.2134 -0.9421 0.2703 -0.1987 0.8184 0.6927
3.9366 28.3376 25.9126 -0.2315 -0.9727 0.0135 0.4961 0.6972
-2.8732 11.2065 21.0022 -0.0085 0.0200 0.9998 0.7820 0.0947
-27.5167 -15.2567 21.8751 0.7536 0.3844 0.5332 0.9019 0.2234
-27.5167 -15.2567 21.8751 0.8699 0.4826 0.1017 0.8312 0.7295
-27.5167 -15.2567 21.8751 0.8481 0.5287 -0.0335 0.5302 0.6061
29.2594 5.4529 13.5125 0.9844 0.1762 0.0009 0.4017 0.8348
-3.3525 32.1984 26.9555 -0.0440 0.8958 -0.4422 0.9894 0.4313
-12.3718 -31.5287 28.1147 -0.3143 -0.9465 -0.0724 0.7080 0.5051
12.2831 -29.2742 21.1318 0.4090 -0.9125 -0.0004 0.6740 0.3851
20.6312 22.5255 5.3335 0.7156 0.6985 0.0008 0.8842 0.5479
-5.0093 21.9751 21.2007 0.3137 -0.1737 0.9335 0.7924 0.0423
23.3143 -12.6869 19.5486 -0.1845 0.4250 0.8862 0.9617 0.6220
19.6119 23.5617 18.8776 0.7035 0.7107 0.0033 0.9501 0.5430
-28.7654 19.9638 28.4569 -0.5180 0.3961 0.7581 0.2581 0.3139
18.6842 -5.6083 -24.0408 -0.0095 0.0058 -0.9999 0.1120 0.8727
-6.2596 29.9256 21.2217 0.1017 -0.4692 -0.8772 0.9005 0.6067
-6.2596 29.9256 21.2217 0.0988 -0.9900 0.1007 0.9088 0.6767
-29.9242 10.8941 21.8707 0.8911 -0.3047 -0.3364 0.8311 0.6023
-29.2899 13.0046 21.1797 0.7928 -0.4601 -0.3998 0.8278 0.5920
-29.2899 13.0046 21.1797 0.8289 -0.5246 -0.1944 0.4731 0.8588
2.1110 29.7690 21.3921 -0.1253 -0.7367 0.6645 0.9096 0.6360
-28.6966 -13.3930 28.4324 0.8820 0.3983 0.2520 0.8631 0.7204
-28.6966 -13.3930 28.4324 0.4325 0.2310 0.8716 0.0959 0.3135
14.2807 27.7246 10.0775 0.5132 0.8583 -0.0073 0.9073 0.5171
-19.8751 -23.6686 28.4249 0.3071 0.4134 0.8572 0.0459 0.2706
-19.8751 -23.6686 28.4249 0.4920 0.7814 0.3838 0.5621 0.6433
-28.8492 -18.8317 -12.4747 -0.8208 -0.5712 -0.0014 0.5105 0.5853
-20.3761 15.4371 21.0516 0.0231 -0.0310 0.9993 0.8672 0.0741
26.9179 -14.6239 28.4283 0.4818 -0.2413 0.8424 0.0899 0.0430
-0.8724 30.1901 21.3880 0.0084 -0.4686 -0.8834 0.9018 0.6329
-0.8724 30.1901 21.3880 -0.0782 -0.6977 0.7122 0.9096 0.6505
-4.1961 23.3485 21.1895 0.3941 -0.3207 0.8613 0.7884 0.0356
-6.6914 27.5431 -23.7384 0.1032 -0.9724 -0.2091 0.6247 0.7414
-19.3019 24.1223 27.9236 0.5418 -0.8329 0.1126 0.5059 0.8102
-19.3019 24.1223 27.9236 0.3442 -0.5111 0.7876 0.2784 0.2678
26.8674 9.3773 -28.5597 0.4143 0.1434 -0.8988 0.5258 0.3011
-21.4416 -22.2438 27.1911 0.6476 0.7619 -0.0053 0.5561 0.6357
25.7098 -5.4926 20.0192 -0.7897 0.0449 -0.6118 0.8648 0.7392
10.9601 25.1783 21.3008 -0.0830 -0.2063 0.9750 0.7147 0.0267
26.3782 14.3847 -2.2884 0.9007 0.4343 0.0094 0.4451 0.7580
-16.3951 29.0584 25.0917 -0.4400 0.8980 -0.0004 0.9803 0.3678
-9.3717 9.2274 -23.5720 -0.0111 0.0101 -0.9999 0.1842 0.7362
-11.5480 31.0117 -13.4467 -0.2759 0.9612 0.0069 0.7928 0.3914
20.8544 -23.0882 27.6586 0.6182 -0.6623 -0.4234 0.7057 0.3434
14.8603 -27.6494 3.6956 0.5321 -0.8467 -0.0040 0.5892 0.3726
-19.3950 -28.4160 27.9273 -0.4874 -0.8257 -0.2840 0.7071 0.5393
1.5903 12.3343 20.8818 -0.0120 -0.0202 0.9997 0.7603 0.0892
-1.7503 3.6050 20.9693 0.0413 -0.0071 0.9991 0.7765 0.1317
-34.5938 -3.2629 -25.4076 -0.9935 -0.1073 -0.0389 0.3081 0.6134
7.3664 27.6702 -28.7135 -0.0359 -0.0898 -0.9953 0.6148 0.2062
-4.1664 30.1607 21.1866 0.1042 -0.7661 0.6342 0.9086 0.6665
-4.1664 30.1607 21.1866 -0.0296 0.0779 0.9965 0.7883 0.0025
-7.5713 -31.8689 26.8175 -0.1384 -0.9862 -0.0913 0.7017 0.4817
-11.4804 28.5029 21.1833 0.2168 -0.9416 -0.2575 0.6924 0.8323
-11.4804 28.5029 21.1833 0.3534 -0.3669 -0.8605 0.8936 0.5813
-9.8391 -25.5903 21.2316 0.0129 0.0075 0.9999 0.8159 0.2737
-1.9970 32.6975 28.6532 -0.0233 0.1825 0.9829 0.3201 0.1836
27.0217 -13.4005 5.4149 0.9175 -0.3977 -0.0017 0.3099 0.7954
-0.8143 -29.9614 -29.0110 -0.0119 0.1013 -0.9948 0.3344 0.1664
-11.0606 -27.8641 21.3101 0.0259 0.0830 0.9962 0.8218 0.2848
-11.0606 -27.8641 21.3101 0.2283 0.9620 0.1500 0.5275 0.6862
-26.2445 -17.9353 28.5852 0.2383 0.1736 0.9556 0.0738 0.3016
23.8225 8.1810 -24.5514 -0.9377 -0.3361 0.0878 0.7482 0.6177
0.0628 -32.4966 -10.4692 0.0708 -0.9975 0.0052 0.5202 0.4446
-34.8329 -5.4235 22.2669 -0.9775 -0.2110 0.0002 0.2976 0.3815
25.4937 16.4342 28.6504 0.1899 0.0977 0.9769 0.2410 0.0499
22.3999 -15.1870 27.4444 -0.8505 0.4912 0.1881 0.6843 0.8270
22.3999 -15.1870 27.4444 -0.8427 0.5068 0.1820 0.5573 0.8490
2.1942 -25.2729 21.0337 0.0404 -0.0968 0.9945 0.7573 0.2722
22.9973 -20.3052 -21.6708 0.7811 -0.6244 0.0018 0.4657 0.3330
11.6042 -19.7416 -24.0706 0.0053 -0.0044 -1.0000 0.0432 0.8382
-29.6325 -17.8538 12.4789 -0.8332 -0.5530 0.0002 0.6319 0.5891
-10.2482 28.5982 21.2344 -0.2690 0.8014 0.5342 0.7434 0.7492
-10.2482 28.5982 21.2344 -0.1728 0.3305 -0.9279 0.8940 0.5872
29.8211 -1.5874 -12.1640 0.9989 -0.0479 0.0023 0.3674 0.7099
-24.3207 20.4787 28.3481 0.1806 -0.1511 0.9719 0.2607 0.2922
-30.4275 17.6673 28.4218 -0.3958 0.2499 0.8837 0.2470 0.3220
-30.4275 17.6673 28.4218 -0.7855 0.5074 0.3543 0.9965 0.2995
-0.1551 27.3666 -26.8613 -0.0899 -0.9728 -0.2134 0.6095 0.7096
29.6021 -3.4286 8.1150 0.9936 -0.1128 0.0010 0.3584 0.8086
-3.3852 32.3476 -19.4234 -0.0277 0.9996 0.0009 0.7638 0.4311
-29.9637 -17.3416 12.9215 -0.8492 -0.5281 0.0022 0.6340 0.5907
-5.5293 0.5694 -23.7069 -0.0113 0.0107 -0.9999 0.1421 0.7549
22.9709 19.8241 7.2402 0.7905 0.6124 -0.0014 0.8935 0.5593
-22.2281 10.3083 -23.4341 -0.0133 0.0104 -0.9999 0.1894 0.6736
-11.2949 -22.2696 -23.9418 -0.0164 -0.0019 -0.9999 0.0309 0.7268
-12.8486 -30.6581 22.8767 -0.3323 -0.9432 -0.0047 0.6825 0.5074
29.6068 2.0510 26.0737 0.9981 0.0420 0.0460 0.3851 0.8960
2.7201 31.8110 22.5181 0.1460 0.9893 -0.0022 0.9678 0.4608
-10.6812 -18.3763 21.1458 -0.0079 0.0110 0.9999 0.8200 0.2386
-30.7438 0.6360 -23.5464 0.1939 0.0256 -0.9807 0.1424 0.6322
-30.7438 0.6360 -23.5464 0.9838 -0.0261 0.1773 0.7360 0.6845
-23.8159 20.6771 21.2290 0.6580 -0.6309 -0.4110 0.4733 0.8322
-18.8582 -1.1528 20.8908 0.0187 0.0133 0.9997 0.8598 0.1548
-26.1997 -22.3012 3.4732 -0.7362 -0.6764 -0.0220 0.5881 0.5724
-3.8808 30.4553 -28.6025 -0.0119 0.2129 -0.9770 0.6283 0.1515
-22.4313 25.6911 26.9803 -0.4874 0.6289 -0.6057 0.9895 0.3384
-0.1657 -29.1428 24.4062 -0.0771 0.9970 0.0098 0.5426 0.7392
-34.7009 2.4850 -17.5759 -0.9980 0.0630 -0.0070 0.3361 0.5753
-5.9499 23.0832 21.2103 -0.1925 0.0235 0.9810 0.7970 0.0369
-5.5318 32.2322 -21.6707 -0.0966 0.9953 0.0039 0.7528 0.4207
16.4666 -26.5333 28.5482 0.2148 -0.2586 0.9418 0.0319 0.0938
16.4666 -26.5333 28.5482 0.3812 -0.5830 0.7175 0.7101 0.3648
2.8223 10.0886 20.9168 -0.1017 -0.0105 0.9948 0.7543 0.1001
-35.2767 -2.6843 22.0195 -0.9959 -0.0871 -0.0222 0.3110 0.3827
29.6601 -2.7957 9.7885 0.9966 -0.0824 0.0012 0.3615 0.8167
17.4125 -25.8512 -5.1665 0.6028 -0.7979 0.0065 0.5460 0.3602
-20.9310 27.0564 27.2245 -0.4605 0.6862 -0.5631 0.9907 0.3457
-4.3008 10.5479 21.0319 -0.0139 0.0397 0.9991 0.7889 0.0979
-34.9036 0.9534 0.1943 -0.9993 0.0369 -0.0010 0.3287 0.4889
-0.2746 -21.6236 21.4658 0.1838 -0.1005 0.9778 0.7694 0.2544
-35.3028 0.5413 21.9761 -0.9987 0.0490 -0.0151 0.3266 0.3829
-7.2059 -27.4687 -23.9019 -0.0057 -0.0064 -1.0000 0.0057 0.7467
-29.0145 -12.4085 22.9505 0.9051 0.4245 -0.0235 0.8364 0.7156
23.7247 18.8194 7.1904 0.8168 0.5769 0.0006 0.8933 0.5630
-15.6228 29.5346 -10.2033 -0.4196 0.9077 0.0034 0.8086 0.3716
22.7764 19.8093 -26.0300 0.7856 0.6127 -0.0865 0.7316 0.5584
5.4630 -25.5479 20.8610 0.0435 -0.1167 0.9922 0.7414 0.2735
-4.6933 11.0343 20.9631 -0.0346 0.0936 0.9950 0.7909 0.0955
0.9919 -32.7106 27.5702 0.0956 -0.7910 -0.6043 0.7053 0.4401
-33.6454 -9.2094 12.2852 -0.9609 -0.2766 0.0084 0.2792 0.4300
-12.6039 -30.7573 25.9668 -0.3251 -0.9446 -0.0459 0.6975 0.5062
3.4075 -7.4850 21.0778 -0.0871 0.0188 0.9960 0.7514 0.1856
21.8483 -16.0505 25.3121 -0.8416 0.5401 -0.0006 0.5470 0.8463
-11.4755 -26.9229 -24.2266 0.3018 0.9341 0.1909 0.5919 0.6753
-17.2321 -28.8365 -27.5220 -0.4350 -0.8335 -0.3408 0.4373 0.5287
-1.4944 32.3284 -24.4212 0.0368 0.9990 -0.0238 0.7395 0.4403
7.0256 -31.4313 27.7120 0.2915 -0.9328 -0.2119 0.7060 0.4107
-20.1217 -27.7546 27.6833 -0.4746 -0.7038 -0.5287 0.7059 0.5428
-25.5312 4.3384 -23.4589 -0.0150 0.0113 -0.9998 0.1604 0.6576
-31.5709 14.1229 -12.4971 -0.9021 0.4316 0.0016 0.3927 0.5506
-18.1704 25.7690 20.9866 0.4792 -0.8621 0.1647 0.9871 0.5995
-10.8062 12.3019 20.9195 -0.0568 -0.0023 0.9984 0.8206 0.0893
6.4948 23.7577 21.0676 -0.0066 -0.0389 0.9992 0.7364 0.0336
-1.1671 26.4120 21.3018 0.0190 -0.0005 0.9998 0.7737 0.0207
-3.9434 -17.7591 21.2318 -0.0005 -0.0477 0.9989 0.7872 0.2356
-31.5952 14.2684 7.2432 -0.8896 0.4555 0.0341 0.3934 0.4546
-31.5952 14.2684 7.2432 -0.8608 0.5088 0.0105 0.8935 0.2939
2.0409 -16.3827 21.2715 -0.0283 0.0433 0.9987 0.7581 0.2289
9.6751 30.0694 27.2273 0.3352 0.8923 -0.3024 0.9907 0.4946
-6.0813 4.6744 -23.6557 -0.0114 0.0109 -0.9999 0.1620 0.7522
19.9218 18.5490 23.2652 -0.7760 -0.6306 0.0079 0.4832 0.6194
-19.3532 -23.8525 25.0157 0.5700 0.8216 -0.0085 0.5455 0.6459
-29.9298 3.3515 -26.6856 0.9883 -0.0931 -0.1207 0.7207 0.6713
-2.8188 17.8612 21.0507 -0.0654 -0.0270 0.9975 0.7817 0.0623
-4.2366 30.2148 21.2635 0.1702 -0.9773 -0.1261 0.9090 0.6669
-0.5272 -17.7378 21.0943 0.0265 0.0290 0.9992 0.7706 0.2355
0.7988 -32.1947 21.2104 0.0876 -0.9961 0.0072 0.6744 0.4410
7.9951 30.6610 19.7038 0.2923 0.9563 -0.0066 0.9541 0.4865
5.5228 -28.3345 28.2762 -0.1645 0.4819 0.8607 0.0232 0.1470
5.5228 -28.3345 28.2762 -0.2327 0.7974 0.5567 0.5614 0.7669
-14.4207 30.9101 27.9360 -0.3371 0.9044 -0.2615 0.9942 0.3774
7.8898 -5.3768 20.7518 0.0178 0.0058 0.9998 0.7296 0.1754
-25.6256 -18.7592 28.5574 0.1726 0.0976 0.9801 0.0698 0.2986
9.4860 16.0732 20.8514 -0.0166 -0.0303 0.9994 0.7219 0.0710
25.4893 -6.2677 20.1723 -0.7612 0.0985 -0.6409 0.8638 0.7430
9.6456 -24.8012 -26.6224 -0.4207 0.8949 -0.1489 0.5802 0.7780
8.5306 -28.6153 -28.9589 0.0841 -0.2059 -0.9749 0.3410 0.2119
24.0821 11.9646 27.2281 -0.9061 -0.4137 0.0881 0.7794 0.5975
-20.4424 -25.3840 -28.7902 -0.1807 -0.2484 -0.9517 0.3567 0.0709
23.4036 -19.2693 28.6030 0.1865 -0.1383 0.9727 0.0673 0.0601
-26.8850 13.3285 -23.3332 0.0429 -0.0241 -0.9988 0.2041 0.6510
-24.5820 -23.9613 22.9069 -0.6805 -0.7328 0.0069 0.6826 0.5645
16.6731 -15.6119 21.0292 -0.0035 -0.0369 0.9993 0.6869 0.2252
18.4285 -17.8334 21.1287 -0.2300 -0.0281 0.9728 0.6784 0.2360
-33.9929 7.8511 9.2127 -0.9662 0.2567 0.0245 0.3622 0.4450
1.9686 -32.3682 -18.4300 0.1243 -0.9922 0.0046 0.4815 0.4353
3.2118 5.3413 20.9229 -0.1065 0.0030 0.9943 0.7524 0.1232
-34.6199 -6.7697 27.9455 -0.8182 -0.1811 -0.5457 0.2911 0.3538
-32.9988 6.7570 -28.4422 -0.4662 0.1130 -0.8774 0.5130 0.0098
-30.8164 7.0454 21.2507 -0.4409 -0.1065 0.8912 0.9179 0.1149
-29.8534 -10.3675 22.2400 0.9372 0.3440 -0.0585 0.8329 0.7057
18.7491 24.3469 4.0520 0.6552 0.7555 -0.0062 0.8780 0.5388
-13.1272 -30.2445 28.8478 0.0603 0.1756 0.9826 0.0139 0.2378
8.6460 26.9101 21.4680 0.1808 0.4871 -0.8544 0.6325 0.8309
8.6460 26.9101 21.4680 0.2587 0.9011 -0.3480 0.8155 0.7387
15.5302 22.7486 22.6413 -0.6269 -0.7784 -0.0332 0.4802 0.6407
16.7224 21.7918 27.4713 -0.6551 -0.7494 0.0959 0.5037 0.6349
-0.3302 -10.1570 21.0758 0.0981 0.0201 0.9950 0.7696 0.1986
33.3132 -6.4014 28.4308 0.1400 -0.2266 0.9639 0.1299 0.0118
19.0115 9.6681 -23.9706 -0.0057 0.0042 -1.0000 0.1863 0.8743
29.5395 4.7202 27.1909 0.3637 0.0230 -0.9312 0.6786 0.6865
33.8016 -5.8830 28.4512 0.1989 -0.1472 0.9689 0.1324 0.0095
-20.6511 18.7128 21.2023 0.0094 -0.0587 0.9982 0.8685 0.0582
-5.6546 -29.2988 28.2834 0.0526 0.3882 0.9201 0.8083 0.7428
-5.6546 -29.2988 28.2834 0.0623 0.5388 0.8401 0.5614 0.7125
-30.5483 15.8556 28.6401 -0.0426 0.0314 0.9986 0.2382 0.3225
12.2460 -24.0223 20.4378 -0.2565 0.6544 0.7113 0.5233 0.7996
12.2460 -24.0223 20.4378 0.1632 0.2113 0.9637 0.7084 0.2661
-2.2021 32.3584 -21.6647 0.0140 0.9999 -0.0023 0.7529 0.4369
27.2787 10.6859 -27.9698 0.8368 0.2888 -0.4651 0.4271 0.6330
27.2787 10.6859 -27.9698 0.6002 0.2303 -0.7660 0.5322 0.3031
26.0717 -15.5545 27.1757 0.5172 -0.2596 -0.8155 0.6617 0.7851
-28.3514 19.3110 9.1731 -0.8015 0.5980 0.0018 0.9029 0.3096
-2.4736 32.2283 5.8453 0.0081 1.0000 -0.0049 0.8867 0.4355
28.0573 10.2149 14.4897 0.9481 0.3180 -0.0031 0.4248 0.8396
1.8221 -17.0611 21.2853 -0.1528 0.0647 0.9861 0.7592 0.2322
-28.5078 19.1676 -18.8154 -0.8013 0.5983 0.0004 0.7667 0.3089
-17.5273 16.7301 21.0243 0.0252 -0.0319 0.9992 0.8533 0.0678
-19.5842 27.3863 -3.7124 -0.5268 0.8500 0.0022 0.8402 0.3523
-30.8352 -7.5575 28.3912 0.9586 0.2497 0.1368 0.8629 0.6920
-30.8352 -7.5575 28.3912 0.3886 0.0800 0.9179 0.1243 0.3239
-15.3617 26.6919 21.2036 -0.0301 0.3971 -0.9173 0.9828 0.6570
-15.3617 26.6919 21.2036 -0.1495 0.6166 0.7730 0.7866 0.7427
-8.3926 31.8433 -22.7995 -0.1882 0.9821 -0.0025 0.7473 0.4067
25.0479 2.8700 -27.2202 -0.8349 -0.1925 -0.5156 0.4941 0.2922
25.0479 2.8700 -27.2202 -0.9476 -0.1721 -0.2690 0.7612 0.6436
-10.2425 -27.1389 -24.4236 0.2068 0.9001 0.3835 0.5909 0.6813
24.6583 -10.6105 24.8317 -0.9337 0.3578 0.0117 0.7911 0.7074
-12.4782 -30.9199 26.9738 -0.3324 -0.8869 -0.3210 0.7024 0.5056
-11.4637 -31.6473 28.8827 -0.2232 -0.8317 0.5083 0.7117 0.5007
-29.0468 7.4844 -26.2187 0.9475 -0.3172 0.0402 0.7230 0.6512
-18.9107 22.4532 -23.3110 0.0987 -0.1486 -0.9840 0.2485 0.6898
28.7723 -10.6818 28.1037 0.9434 -0.2908 0.1597 0.9783 0.5889
-28.0378 14.4711 21.0668 -0.1703 0.0344 0.9848 0.9044 0.0788
13.4656 25.1339 21.4979 -0.2232 -0.1665 -0.9605 0.8772 0.7026
13.4656 25.1339 21.4979 -0.3159 -0.3917 0.8642 0.7025 0.0269
13.4656 25.1339 21.4979 -0.4671 -0.6495 -0.6000 0.9101 0.5807
25.2840 -12.7262 28.6664 -0.1554 0.0662 0.9856 0.0991 0.0509
12.7230 -28.8938 -4.1501 0.4665 -0.8845 0.0029 0.5510 0.3830
-3.4498 -32.4586 4.5588 -0.0621 -0.9981 0.0033 0.5934 0.4617
-22.2349 -21.2255 21.3542 0.3144 0.3349 0.8883 0.8762 0.2525
-22.2349 -21.2255 21.3542 0.5360 0.6448 0.5449 0.5277 0.6318
-10.1153 31.3214 0.2636 -0.2175 0.9760 0.0082 0.8596 0.3984
4.7694 29.4932 -28.6345 0.0214 0.0454 -0.9987 0.6237 0.1936
-31.6041 2.8463 22.4530 0.9871 -0.0830 -0.1369 0.8340 0.6414
-19.8240 26.6426 28.5843 0.0298 -0.0388 0.9988 0.2906 0.2704
26.0356 14.8856 7.8043 0.8862 0.4634 0.0048 0.4475 0.8071
-32.8405 11.2487 11.3246 -0.9266 0.3757 0.0160 0.3787 0.4347
-17.2627 23.8906 -23.5551 0.3317 -0.5895 -0.7365 0.6256 0.7928
-17.2627 23.8906 -23.5551 0.2304 -0.4159 -0.8798 0.2555 0.6978
-13.2438 31.2964 28.4313 -0.2807 0.8345 0.4741 0.9966 0.3831
-2.2195 -32.6732 -24.8200 0.0081 -0.9998 -0.0163 0.4504 0.4557
-10.4024 28.8258 21.2138 0.2828 -0.9497 -0.1344 0.6925 0.8270
-10.4024 28.8258 21.2138 0.2519 -0.9373 -0.2410 0.9001 0.7251
-10.4024 28.8258 21.2138 0.0868 -0.3276 -0.9408 0.8952 0.5865
-10.4024 28.8258 21.2138 0.1206 -0.1389 0.9829 0.8186 0.0090
20.4802 22.7507 27.1029 0.7186 0.6408 -0.2702 0.9901 0.5472
-31.1637 5.7641 27.5909 0.9841 -0.1665 0.0622 0.8590 0.6272
24.1741 5.2137 -23.9896 -0.0338 -0.0162 -0.9993 0.1647 0.8994
-6.2159 17.6787 -23.5381 -0.0108 0.0058 -0.9999 0.2253 0.7515
23.1599 19.3696 25.4659 0.8060 0.5917 0.0181 0.9822 0.5603
-18.3918 27.6406 -27.8525 -0.3048 0.4909 -0.8162 0.6147 0.0809
-18.3918 27.6406 -27.8525 -0.4328 0.7782 -0.4552 0.7228 0.3581
-9.1533 31.8417 27.1411 -0.1293 0.6558 -0.7438 0.9903 0.4030
9.7734 -29.0805 28.7949 -0.0096 -0.0056 0.9999 0.0195 0.1264
-21.6538 27.0643 28.3091 -0.5491 0.7955 0.2562 0.9960 0.3422
25.3682 0.6927 -23.8794 -0.2557 -0.0305 -0.9663 0.1427 0.9052
30.2814 3.9958 28.6820 -0.0281 -0.0067 0.9996 0.1805 0.0266
-20.9308 -26.6357 7.9369 -0.5244 -0.8515 -0.0012 0.6098 0.5467
9.3539 0.1948 20.7221 0.0081 0.0027 1.0000 0.7225 0.1482
17.0827 25.7540 7.9260 0.6073 0.7944 -0.0066 0.8968 0.5307
-35.1214 -1.2926 27.2803 -0.9976 -0.0301 -0.0620 0.3177 0.3571
29.4208 4.4681 -26.9309 0.9593 0.1535 -0.2372 0.3969 0.6381
-5.0169 -28.8174 21.1368 0.0192 0.9063 0.4221 0.5267 0.7156
-5.0169 -28.8174 21.1368 0.0483 0.2122 0.9760 0.7924 0.2894
27.1087 3.9574 -28.8661 0.0197 0.0054 -0.9998 0.4994 0.3022
32.7305 -4.7063 28.7438 0.0640 -0.0553 0.9964 0.1381 0.0147
-22.5697 -21.7062 28.5325 0.1650 0.1998 0.9658 0.0554 0.2837
-22.5697 -21.7062 28.5325 0.5771 0.6312 0.5182 0.5626 0.6302
29.4900 3.8991 6.8360 0.9918 0.1280 -0.0023 0.3941 0.8024
-34.8988 1.8217 3.8105 -0.9978 0.0600 -0.0269 0.3329 0.4713
29.2143 5.9702 -2.2050 0.9828 0.1848 0.0062 0.4042 0.7584
1.1575 14.1558 20.9513 0.0046 -0.0233 0.9997 0.7624 0.0803
-9.5749 1.0422 21.0943 -0.0452 0.0090 0.9989 0.8146 0.1441
10.0662 26.0445 22.2902 -0.4447 -0.8955 0.0190 0.4785 0.6673
-32.3166 12.6882 27.3031 -0.7195 0.2859 -0.6328 0.3857 0.3570
19.2358 19.3402 26.9153 -0.7322 -0.6811 0.0070 0.5010 0.6227
-3.2471 -32.2891 24.2012 -0.0249 -0.9997 0.0073 0.6889 0.4607
1.9978 31.9166 26.6926 0.1067 0.9904 -0.0880 0.9881 0.4573
19.3826 -24.1753 -14.3227 0.6821 -0.7313 -0.0034 0.5015 0.3506
6.8847 27.8213 21.3878 0.1043 0.3312 0.9378 0.7345 0.7723
6.8847 27.8213 21.3878 0.0413 0.0940 0.9947 0.7345 0.0138
6.8847 27.8213 21.3878 0.2193 0.5006 0.8375 0.8403 0.7393
0.3644 27.2775 -23.7788 -0.1664 -0.9830 -0.0781 0.6245 0.7071
0.3644 27.2775 -23.7788 -0.0671 -0.2988 -0.9519 0.2720 0.7836
12.1905 28.8045 4.3375 0.4445 0.8957 -0.0090 0.8794 0.5069
-30.3883 0.8278 -24.5807 0.9557 -0.0214 0.2937 0.7310 0.6836
-10.8124 31.1185 3.8671 -0.2530 0.9674 0.0081 0.8771 0.3950
20.7859 -0.8759 20.9584 -0.0497 0.0069 0.9987 0.6669 0.1535
-2.0407 -2.7895 21.0704 -0.0327 -0.0172 0.9993 0.7779 0.1628
15.6608 -20.9758 -25.6917 -0.6203 0.7421 0.2540 0.5848 0.8073
-26.0786 -4.7620 21.1630 0.0331 0.0142 0.9994 0.8949 0.1724
11.3471 29.5070 25.9865 0.3939 0.9176 0.0526 0.9847 0.5028
23.7356 18.4642 26.8689 0.7631 0.4880 -0.4238 0.4650 0.8998
23.7356 18.4642 26.8689 0.8235 0.5554 -0.1158 0.9890 0.5631
-1.2666 -32.4962 5.0558 0.0173 -0.9998 0.0070 0.5958 0.4511
20.4196 8.5756 21.0084 -0.0454 -0.0148 0.9989 0.6687 0.1075
-2.2664 -1.0449 21.0850 -0.0255 0.0020 0.9997 0.7790 0.1543
-18.8560 24.5144 21.2066 -0.3243 0.4932 0.8072 0.8598 0.0299
-4.1900 -15.6525 21.2507 -0.0481 0.0098 0.9988 0.7884 0.2253
19.8333 23.1975 -23.3674 0.6961 0.7175 -0.0251 0.7446 0.5441
-9.5829 2.7241 21.0780 -0.0521 0.0092 0.9986 0.8146 0.1359
11.6725 -24.5649 20.6538 -0.3087 0.5948 0.7422 0.5243 0.7968
11.6725 -24.5649 20.6538 0.0798 0.1826 0.9799 0.7112 0.2687
11.9181 28.9257 -0.4213 0.4396 0.8982 -0.0006 0.8562 0.5056
12.1699 4.0745 20.7098 -0.0031 -0.0027 1.0000 0.7088 0.1294
-9.8587 31.4756 -16.9293 -0.2284 0.9735 0.0097 0.7759 0.3996
-4.3317 27.3076 -23.4789 -0.0156 -0.2098 -0.9776 0.2722 0.7607
2.0867 28.8610 -28.6073 -0.0707 -0.2644 -0.9618 0.6206 0.1805
-8.5824 29.3005 21.2617 0.1712 -0.6352 -0.7532 0.9004 0.7163
-11.4229 -27.6830 21.3115 0.0663 0.1176 0.9908 0.8236 0.2839
-2.7528 32.3546 -16.5961 0.0002 1.0000 0.0037 0.7775 0.4342
22.9630 -13.7499 21.5452 -0.8403 0.4464 0.3076 0.8071 0.7227
-24.5400 -19.6480 28.4588 0.6874 0.5346 0.4916 0.6998 0.8330
-24.5400 -19.6480 28.4588 0.2995 0.3047 0.9041 0.0654 0.2933
-30.7418 -6.0685 -28.6146 0.4107 0.0940 -0.9069 0.4506 0.0208
30.0267 -8.1194 27.5842 0.0358 0.0757 -0.9965 0.6810 0.7489
25.3665 -16.6850 0.0962 0.8467 -0.5321 0.0031 0.5716 0.3215
25.3665 -16.6850 0.0962 0.8711 -0.4911 0.0025 0.2940 0.7696
10.3482 -4.6391 -23.9369 -0.0122 0.0093 -0.9999 0.1167 0.8321
17.2225 25.6452 27.0969 0.5916 0.7811 -0.1996 0.9901 0.5314
25.8453 6.3187 21.7722 -0.9684 -0.2138 0.1281 0.8059 0.6250
-5.1996 30.0559 21.2422 0.0788 -0.9320 -0.3538 0.9089 0.6716
21.4654 12.1319 -24.0655 -0.7574 -0.5587 -0.3378 0.7459 0.5985
21.4654 12.1319 -24.0655 -0.4692 -0.2922 -0.8333 0.1983 0.8862
-32.9443 10.8408 -15.6784 -0.9484 0.3171 -0.0013 0.3768 0.5661
-26.7364 22.6308 28.3374 -0.7003 0.6751 0.2321 0.9961 0.3175
22.2498 -11.6247 -23.9333 0.0475 -0.0201 -0.9987 0.0827 0.8900
-27.8769 -20.1175 -26.1944 -0.7967 -0.5988 -0.0819 0.4437 0.5805
-1.2517 32.2392 13.0080 0.0332 0.9994 0.0057 0.9216 0.4415
-30.7839 2.2959 -28.0576 0.6705 -0.0787 -0.7377 0.4913 0.0206
-1.0990 16.6483 21.0060 0.0386 -0.0284 0.9989 0.7734 0.0682
-25.9335 -22.5749 -4.5470 -0.7246 -0.6891 -0.0076 0.5491 0.5711
-1.7979 29.9919 21.4834 0.0188 -0.2511 -0.9678 0.9008 0.6284
-23.3423 -25.0058 13.6904 -0.6105 -0.7920 -0.0035 0.6378 0.5585
23.3281 -15.4769 -28.9161 0.0791 -0.0392 -0.9961 0.4049 0.2839
23.4670 15.2007 28.6509 -0.1353 -0.0755 0.9879 0.2350 0.0597
-21.4851 -26.3294 -15.7879 -0.5523 -0.8336 0.0067 0.4944 0.5494
-28.1095 20.6409 28.5339 -0.3003 0.2310 0.9254 0.2614 0.3107
-29.9999 4.2703 -25.4950 0.9719 -0.1255 0.1990 0.7265 0.6669
1.5206 15.5954 20.9660 -0.0195 -0.0157 0.9997 0.7606 0.0733
21.6696 14.4092 21.1326 -0.0084 -0.0168 0.9998 0.6626 0.0791
-16.8106 29.6333 27.4542 -0.3457 0.7423 -0.5741 0.9918 0.3658
-21.8758 -26.0714 18.1381 -0.5446 -0.8386 -0.0100 0.6594 0.5513
18.8585 23.8212 -26.6544 0.6546 0.7362 -0.1718 0.7286 0.5393
-23.2311 -25.6518 28.5124 -0.5929 -0.7163 0.3679 0.7099 0.5579
23.3059 -13.6059 25.8178 -0.8676 0.4973 0.0015 0.7863 0.7220
-18.0855 28.3377 -21.8612 -0.4903 0.8715 0.0038 0.7519 0.3596
-2.5535 32.6177 27.3774 -0.0159 0.7817 -0.6235 0.9915 0.4351
-16.9134 -29.0975 -21.2790 -0.4559 -0.8898 0.0203 0.4677 0.5272
-34.5731 4.6473 -0.7249 -0.9904 0.1383 0.0074 0.3466 0.4933
7.6363 -30.5585 28.7294 0.0760 -0.2293 0.9704 0.0123 0.1368
-26.6658 21.4711 -16.8031 -0.7379 0.6749 0.0031 0.7765 0.3178
3.9705 -11.2640 20.9322 0.3584 -0.1390 0.9232 0.7487 0.2040
24.7052 -10.0838 18.9417 -0.6093 0.3063 0.7314 0.9549 0.6093
18.7397 -23.7610 -28.2194 0.4097 -0.4423 -0.7978 0.3646 0.2615
18.7397 -23.7610 -28.2194 0.5735 -0.6337 -0.5191 0.4339 0.3537
24.0874 17.9527 26.6256 0.8356 0.5482 0.0357 0.9878 0.5648
-25.3769 -23.1644 25.1433 -0.7041 -0.7098 0.0217 0.6935 0.5684
-4.1120 28.5178 -28.3232 0.0308 -0.6264 -0.7789 0.6024 0.7288
31.4204 -7.2516 27.4329 0.2550 -0.5912 -0.7651 0.9545 0.6468
31.4204 -7.2516 27.4329 0.2987 -0.5512 -0.7791 0.6878 0.7447
-25.0970 19.2122 20.9982 0.6520 -0.5822 0.4857 0.4722 0.8384
-25.0970 19.2122 20.9982 -0.1254 0.0464 0.9910 0.8901 0.0557
10.0172 29.9604 19.6050 0.3645 0.9310 -0.0180 0.9537 0.4963
3.8367 29.3378 21.5526 -0.0185 -0.1401 -0.9900 0.8976 0.6558
0.7365 25.7334 21.2417 0.0413 -0.0097 0.9991 0.7644 0.0240
-4.0009 29.5738 21.4431 0.0186 0.1227 -0.9923 0.8988 0.6176
-29.8020 17.2009 14.7719 -0.8429 0.5381 0.0045 0.9301 0.3026
9.0334 27.5426 21.5010 -0.3476 -0.7871 0.5097 0.9101 0.6023
18.2175 -20.5080 23.1931 -0.7153 0.6975 0.0430 0.5367 0.8287
-28.9833 -18.9220 5.9249 -0.8138 -0.5780 -0.0606 0.6000 0.5859
-27.0568 20.9244 22.9707 -0.7635 0.6456 -0.0154 0.9700 0.3159
-25.4375 22.7989 -18.9289 -0.7295 0.6839 0.0035 0.7662 0.3238
8.2882 -30.8422 -12.0753 0.3243 -0.9460 -0.0004 0.5124 0.4046
-28.6488 9.6919 -24.6943 0.8706 -0.3761 0.3173 0.7304 0.6405
-8.2171 -28.6854 25.2180 0.1886 0.9818 0.0217 0.5465 0.7000
-10.8899 29.8125 -28.5548 -0.1653 0.5509 -0.8180 0.7193 0.3946
-10.8899 29.8125 -28.5548 -0.1069 0.2733 -0.9560 0.6252 0.1174
-14.8195 24.7008 -26.6660 0.3917 -0.9139 0.1064 0.6104 0.7809
-15.4497 26.0971 24.1031 0.4413 -0.8970 0.0261 0.4873 0.7915
18.4266 -19.4306 -28.3240 -0.4430 0.4017 -0.8015 0.3856 0.2600
-34.9191 3.3235 6.6610 -0.9941 0.1030 -0.0329 0.3402 0.4574
-7.7580 -24.7193 21.2212 -0.0024 -0.0147 0.9999 0.8058 0.2695
19.3778 24.3804 28.7036 0.2284 0.2783 0.9329 0.2796 0.0796
-25.6945 -17.8639 26.3218 0.7920 0.6104 0.0155 0.5519 0.6150
-21.1253 20.0749 21.2990 -0.0092 -0.0696 0.9975 0.8708 0.0515
-13.0482 -27.3532 21.5346 0.3454 0.8590 0.3779 0.5286 0.6765
-11.2045 28.2869 -28.6431 0.0578 -0.1766 -0.9826 0.6178 0.1158
-28.1212 19.5510 19.2116 -0.7907 0.6122 -0.0008 0.9517 0.3108
-12.4038 -30.5513 -28.1321 -0.2387 -0.7312 -0.6390 0.4343 0.5053
22.0818 -13.9705 20.1555 0.7868 -0.3844 0.4829 0.9356 0.6282
22.0818 -13.9705 20.1555 0.7197 -0.3463 0.6017 0.9677 0.6282
22.0818 -13.9705 20.1555 0.7307 -0.3249 0.6005 0.6606 0.2172
-16.3209 26.4130 28.2732 0.1109 -0.2194 0.9693 0.2895 0.2533
-34.3488 -5.5159 -19.0887 -0.9868 -0.1618 -0.0048 0.2972 0.5827
24.9569 -5.7911 -24.2823 -0.9662 0.2568 -0.0216 0.7469 0.6857
24.9569 -5.7911 -24.2823 -0.8151 0.1252 -0.5656 0.1111 0.9032
22.6909 10.7047 -24.5670 -0.8410 -0.5346 -0.0833 0.7483 0.6055
27.7297 7.0483 28.6414 -0.0569 -0.0182 0.9982 0.1953 0.0390
10.5291 29.8882 27.6339 0.3640 0.8979 -0.2475 0.9927 0.4988
-15.7590 17.0891 21.0047 0.0085 -0.0211 0.9997 0.8447 0.0661
-17.1635 25.0976 21.8146 0.4998 -0.8287 0.2519 0.4762 0.7998
15.7719 -27.1737 14.8415 0.5593 -0.8289 -0.0087 0.6434 0.3682
-35.0276 -2.3155 13.7406 -0.9977 -0.0625 -0.0250 0.3127 0.4230
35.3265 -1.3453 28.1320 0.9805 -0.1035 0.1668 0.9219 0.6231
35.3265 -1.3453 28.1320 0.5976 -0.0465 0.8005 0.1545 0.0020
-5.8341 28.4081 -28.2959 0.0299 -0.5951 -0.8031 0.6025 0.7372
-17.3125 -25.2920 28.2478 0.4895 0.8137 0.3134 0.5612 0.6558
-17.1461 26.3571 20.9985 0.1235 -0.2066 0.9706 0.8514 0.0210
-17.1461 26.3571 20.9985 0.3631 -0.7451 -0.5595 0.9871 0.5946
15.5789 26.7834 -1.4166 0.5614 0.8275 0.0001 0.8514 0.5234
20.5689 -22.9322 26.4480 0.7548 -0.6531 0.0613 0.6999 0.3448
-31.5071 -2.0326 21.2676 0.7288 0.0673 0.6814 0.9213 0.1591
-33.5595 9.2723 13.2276 -0.9525 0.3045 -0.0009 0.3691 0.4255
-28.7320 -17.9315 -28.3836 -0.4340 -0.2971 -0.8505 0.3929 0.0306
-28.7320 -17.9315 -28.3836 -0.7487 -0.5246 -0.4052 0.4331 0.5847
-35.1113 -4.6669 28.1533 -0.9718 -0.1222 -0.2018 0.3013 0.3528
-31.5904 2.0704 27.8318 0.9700 -0.0841 0.2282 0.8601 0.6452
-9.8154 31.2668 25.0312 -0.2215 0.9751 0.0101 0.9801 0.3998
-31.9372 -13.6973 23.0450 -0.8952 -0.4455 0.0154 0.2574 0.3777
24.5984 17.1964 25.8527 0.8466 0.5318 0.0201 0.9840 0.5673
9.7633 25.1526 -28.1668 -0.2633 -0.4888 -0.8317 0.6025 0.2179
9.7633 25.1526 -28.1668 -0.3599 -0.7408 -0.5671 0.6031 0.6613
7.0099 -1.5008 -23.8699 -0.0105 0.0086 -0.9999 0.1320 0.8159
23.3405 13.3956 27.0496 -0.8788 -0.4716 0.0727 0.7803 0.5906
23.3405 13.3956 27.0496 -0.8460 -0.5023 0.1787 0.5016 0.6028
34.9308 -4.0691 27.5579 0.8142 -0.2007 -0.5449 0.7048 0.7292
34.9308 -4.0691 27.5579 0.9706 -0.2264 0.0822 0.9191 0.6363
-21.2517 -26.4625 -13.0916 -0.5450 -0.8384 0.0049 0.5075 0.5483
29.2360 -5.4253 -27.4220 0.9628 -0.1597 -0.2179 0.3487 0.6357
29.2360 -5.4253 -27.4220 0.8080 -0.1498 -0.5699 0.4538 0.3126
-5.5275 -29.0771 26.4634 0.0957 0.9951 0.0237 0.5526 0.7131
-34.8497 -1.0931 -8.3226 -0.9994 -0.0252 -0.0246 0.3187 0.5303
23.0388 19.4590 26.8074 0.7898 0.5878 -0.1753 0.9887 0.5597
-8.1951 1.1155 -23.6713 -0.0106 0.0110 -0.9999 0.1447 0.7419
-3.2911 32.2125 2.4624 -0.0305 0.9995 0.0055 0.8702 0.4316
19.2786 -24.2792 4.9825 0.6891 -0.7245 -0.0112 0.5954 0.3511
12.5682 -24.4756 20.9634 -0.4066 0.6980 0.5894 0.5258 0.8012
-3.4045 -27.6868 -26.0617 0.0168 0.9907 0.1351 0.5830 0.7145
-30.5685 -16.0540 27.4237 -0.8248 -0.5113 -0.2412 0.7046 0.5936
-30.5685 -16.0540 27.4237 -0.6741 -0.3916 -0.6263 0.2459 0.3564
-14.3069 27.3572 21.1485 -0.2652 0.2832 0.9217 0.8264 0.7364
-14.3069 27.3572 21.1485 -0.2946 -0.1396 -0.9454 0.9860 0.6622
-14.3069 27.3572 21.1485 -0.0194 -0.6888 -0.7247 0.9878 0.5807
10.7700 -25.7071 21.2275 -0.4039 0.8019 0.4402 0.5271 0.7924
-2.7522 -2.4877 21.0480 -0.0520 -0.0193 0.9985 0.7814 0.1613
-29.8422 10.4819 22.7096 0.9258 -0.3563 -0.1259 0.8352 0.6043
-35.0459 2.0147 16.4902 -0.9961 0.0858 -0.0227 0.3338 0.4096
-30.4708 16.1771 -22.8949 -0.8510 0.5251 -0.0050 0.7469 0.2993
-30.4708 16.1771 -22.8949 -0.8785 0.4776 -0.0130 0.4027 0.6012
16.3429 17.7041 21.0644 -0.0302 -0.0306 0.9991 0.6885 0.0631
-7.8586 -30.9759 28.7283 0.0260 0.1412 0.9896 0.0103 0.2121
-30.5999 -7.6313 21.3532 0.8732 0.2751 0.4024 0.8286 0.6924
-30.5999 -7.6313 21.3532 0.1856 0.0946 0.9781 0.9169 0.1863
3.6020 -32.0695 -13.6083 0.2038 -0.9790 0.0030 0.5050 0.4274
29.5557 -4.6950 -11.9883 0.9930 -0.1185 0.0017 0.3523 0.7108
-22.9255 24.9338 25.7801 -0.6236 0.7808 -0.0379 0.9837 0.3360
31.7635 -2.6502 26.6880 -0.1215 0.0131 -0.9925 0.6894 0.7223
-31.6372 -0.4281 27.3360 0.9999 0.0164 0.0017 0.8577 0.6573
-20.5065 -26.8718 4.4630 -0.5137 -0.8580 -0.0018 0.5929 0.5447
-33.5790 -8.9670 -14.2841 -0.9642 -0.2649 -0.0074 0.2804 0.5593
25.4712 -17.2702 27.3824 0.5765 -0.3757 -0.7256 0.6588 0.7935
-5.3922 -28.8567 -28.6933 0.0229 0.3424 -0.9393 0.3398 0.1441
-5.3922 -28.8567 -28.6933 0.0650 0.6129 -0.7875 0.5702 0.7049
-3.2404 22.8774 21.0831 -0.0192 -0.0387 0.9991 0.7838 0.0379
20.7574 -16.5162 20.6319 -0.2420 0.4235 0.8730 0.6670 0.2296
20.7574 -16.5162 20.6319 -0.7777 0.4723 0.4149 0.8499 0.7335
20.7574 -16.5162 20.6319 -0.6696 0.5578 0.4903 0.5242 0.8410
-28.6508 -10.1065 -27.7516 0.7105 0.2944 -0.6391 0.4310 0.0310
-28.6508 -10.1065 -27.7516 0.8309 0.2728 -0.4850 0.7155 0.7368
-3.3407 -12.6163 21.1204 -0.0315 0.0047 0.9995 0.7843 0.2106
-30.2023 -15.4801 -28.3710 -0.7933 -0.4074 -0.4525 0.2487 0.6278
-30.2023 -15.4801 -28.3710 -0.4650 -0.2354 -0.8535 0.4049 0.0234
12.5649 24.7198 22.8592 -0.5278 -0.8492 -0.0127 0.4812 0.6552
-21.4293 -19.0449 21.2748 0.0261 0.0172 0.9995 0.8723 0.2419
-35.2630 1.1795 27.8820 -0.9196 0.0492 -0.3898 0.3298 0.3542
22.4659 -14.8437 21.8132 -0.8469 0.4824 0.2235 0.8057 0.7280
22.4659 -14.8437 21.8132 -0.8155 0.5190 0.2561 0.5299 0.8493
-16.9439 -28.9075 0.3636 -0.4494 -0.8933 0.0092 0.5730 0.5273
-13.8961 3.9392 20.8120 -0.0122 0.0022 0.9999 0.8356 0.1300
-33.5408 8.9530 -19.2683 -0.9611 0.2763 -0.0027 0.3676 0.5836
10.7803 25.8155 27.5512 -0.4557 -0.8821 0.1191 0.5041 0.6639
14.5084 23.3713 21.3012 -0.0862 -0.1964 0.9767 0.6974 0.0355
2.0244 31.9369 4.3846 0.1349 0.9909 -0.0035 0.8796 0.4574
-13.7542 -30.3288 21.3839 -0.3448 -0.9387 -0.0058 0.6752 0.5118
28.3060 -9.7570 16.6836 0.9590 -0.2834 0.0034 0.3277 0.8503
5.0927 27.0220 -28.1207 -0.2387 -0.6925 -0.6808 0.6034 0.6841
-23.4261 -24.9216 -25.4708 -0.6493 -0.7587 -0.0522 0.4473 0.5589
-0.3214 32.1734 5.1389 0.0744 0.9972 -0.0010 0.8833 0.4460
-11.8993 31.4460 27.4187 -0.2140 0.7439 -0.6331 0.9917 0.3897
12.0901 -23.6173 -27.2777 -0.5220 0.8380 -0.1588 0.5771 0.7899
-4.4410 -27.9492 -25.0969 0.0256 0.9577 0.2866 0.5877 0.7095
-21.8431 11.3335 21.0008 0.0256 -0.0154 0.9996 0.8743 0.0941
-33.6859 8.8563 14.2352 -0.9558 0.2939 0.0073 0.3671 0.4206
29.4425 -8.9101 27.9831 0.2366 -0.8118 -0.5339 0.9571 0.6564
29.4425 -8.9101 27.9831 0.7449 -0.3645 -0.5588 0.6781 0.7528
26.6647 -3.1232 27.9746 -0.9822 0.0934 0.1628 0.7758 0.6710
26.6647 -3.1232 27.9746 -0.7558 0.0925 0.6482 0.1458 0.0442
19.3814 -18.2681 19.7562 0.2316 -0.5571 0.7975 0.9229 0.6538
19.3814 -18.2681 19.7562 -0.2176 -0.2626 0.9400 0.6737 0.2381
20.2982 -23.3468 27.3300 0.6478 -0.6444 -0.4063 0.7041 0.3462
20.2982 -23.3468 27.3300 0.4675 -0.4341 -0.7701 0.6336 0.8230
26.6958 -14.0405 28.5586 0.2042 -0.0924 0.9746 0.0927 0.0440
15.8141 22.5549 21.7082 -0.5532 -0.7937 -0.2532 0.4756 0.6394
0.4585 32.1367 -8.3228 0.0962 0.9953 0.0054 0.8178 0.4498
20.7573 22.9686 27.7637 0.6440 0.6520 -0.4003 0.9933 0.5486
10.0431 26.4886 21.4179 0.1814 0.4371 0.8809 0.7192 0.0203
-30.0713 5.4976 -24.4459 0.9556 -0.1946 0.2211 0.7316 0.6609
28.5767 -8.9792 6.0850 0.9619 -0.2733 0.0017 0.3314 0.7987
-7.3245 31.8891 -5.1678 -0.1557 0.9878 0.0057 0.8331 0.4119
-12.4489 6.7891 -23.5620 -0.0114 0.0110 -0.9999 0.1723 0.7212
-34.3826 -6.3829 -4.9379 -0.9803 -0.1975 -0.0050 0.2930 0.5138
25.9901 -6.0879 23.8631 -0.9803 0.1963 0.0220 0.7958 0.6854
-5.7687 22.8856 21.2758 -0.2916 0.0892 0.9524 0.7961 0.0379
-16.0901 -29.1303 28.8563 0.0415 0.1187 0.9921 0.0193 0.2522
24.5243 5.8135 -24.7205 -0.9459 -0.2747 0.1725 0.7490 0.6293
-0.9502 -32.5577 -13.3999 0.0336 -0.9994 0.0022 0.5060 0.4495
7.1735 30.8616 5.6433 0.2931 0.9560 -0.0087 0.8857 0.4825
-8.5571 -29.2544 28.5566 0.0752 0.2445 0.9667 0.0187 0.2155
-8.5571 -29.2544 28.5566 0.0976 0.5482 0.8306 0.5628 0.6984
10.0567 -24.4571 -23.9686 0.0321 -0.0319 -0.9990 0.0203 0.8307
28.7821 -8.7676 -17.7103 0.9661 -0.2583 0.0038 0.3325 0.6829
-22.8260 20.9740 21.1976 -0.2257 0.1396 0.9641 0.8791 0.0472
-16.7021 -29.0626 19.5879 -0.4380 -0.8990 -0.0019 0.6665 0.5262
-10.7215 28.4388 21.2351 -0.3013 0.9199 -0.2511 0.7434 0.7469
-10.7215 28.4388 21.2351 -0.1464 0.4649 0.8732 0.8202 0.0108
8.4833 -30.7204 21.1914 0.3022 -0.9532 0.0107 0.6743 0.4036
-33.7746 -9.0931 7.5170 -0.9621 -0.2718 0.0237 0.2798 0.4532
-30.1006 -9.4863 21.4258 0.8846 0.2535 0.3915 0.8290 0.7014
-30.1006 -9.4863 21.4258 0.4232 0.1464 0.8941 0.9145 0.1953
-26.9696 15.0703 21.1975 -0.0568 -0.0105 0.9983 0.8992 0.0759
23.9703 -18.8642 12.9552 0.8345 -0.5510 0.0021 0.6342 0.3283
-8.8930 31.5987 -3.2826 -0.1931 0.9812 0.0048 0.8423 0.4043
20.8998 -17.4613 27.3971 -0.7921 0.6057 0.0755 0.5571 0.8417
-23.7697 19.8549 -28.5431 0.2926 -0.2910 -0.9109 0.5768 0.0547
29.0507 6.7089 21.3551 0.9801 0.1983 -0.0092 0.4078 0.8730
29.5535 3.3931 7.4510 0.9938 0.1100 -0.0126 0.3916 0.8053
20.5939 -15.3502 -23.9278 0.0179 -0.0271 -0.9995 0.0646 0.8820
30.2199 -5.1330 28.6879 -0.0343 0.0130 0.9993 0.1360 0.0269
7.1170 30.8006 -7.8668 0.3004 0.9538 -0.0048 0.8200 0.4822
-29.6662 10.1114 -28.4947 0.4169 -0.1559 -0.8955 0.5294 0.0260
24.5411 -6.7379 -25.0567 -0.9478 0.2269 0.2240 0.7507 0.6903
26.1531 9.1678 -28.7969 0.1157 0.0419 -0.9924 0.5248 0.2976
0.5834 -32.5327 -24.1640 0.0943 -0.9954 -0.0150 0.4536 0.4421
-4.5687 -7.6550 20.9935 -0.0170 0.0227 0.9996 0.7902 0.1864
22.8228 -18.4094 -28.5624 0.3996 -0.2905 -0.8695 0.3906 0.2814
-21.0743 -26.5685 18.4343 -0.5198 -0.8542 -0.0086 0.6609 0.5474
-13.2175 -31.1364 28.6548 -0.3248 -0.9177 0.2288 0.7106 0.5092
26.9854 12.9890 10.2651 0.9123 0.4095 -0.0047 0.4383 0.8190
-22.1139 25.5654 25.8101 -0.6016 0.7977 -0.0403 0.9838 0.3400
22.8495 -12.2946 21.1503 0.4283 -0.2068 0.8797 0.6568 0.2090
-12.5815 24.1634 -23.3702 -0.0178 0.0224 -0.9996 0.2569 0.7206
4.5446 -28.2257 21.8172 -0.2166 0.9642 0.1529 0.5300 0.7621
3.9064 -5.7205 21.0903 0.0233 0.0139 0.9996 0.7490 0.1770
10.6768 29.5116 4.6652 0.4008 0.9161 -0.0071 0.8810 0.4995
-5.9141 27.4276 -26.9349 0.1009 -0.9697 -0.2226 0.6091 0.7376
26.0099 -6.3823 27.1285 -0.9686 0.2248 0.1061 0.7799 0.6868
-18.7593 -27.9566 20.3199 -0.4998 -0.8661 -0.0043 0.6700 0.5362
8.8989 -26.0954 -24.1836 -0.3674 0.8491 0.3795 0.5921 0.7744
-14.1925 -27.3666 28.4780 0.1280 0.2665 0.9553 0.0279 0.2430
-14.1925 -27.3666 28.4780 0.1464 0.5273 0.8370 0.5624 0.6710
-24.0837 -24.3772 9.4679 -0.6457 -0.7636 0.0009 0.6172 0.5621
24.2990 -11.0402 19.5120 -0.8800 0.3914 -0.2692 0.8169 0.7095
22.4072 -10.4568 21.1689 -0.0243 0.0107 0.9996 0.6590 0.2001
3.0991 -32.1095 4.6763 0.1546 -0.9880 0.0004 0.5939 0.4298
-8.5060 29.0686 28.2783 0.0195 -0.2820 0.9592 0.3024 0.2153
-8.5060 29.0686 28.2783 0.1718 -0.7787 0.6034 0.5076 0.7577
21.0453 -22.5077 19.5551 0.7529 -0.6581 -0.0057 0.6663 0.3425
-7.2836 16.5649 21.1782 0.0692 -0.0300 0.9972 0.8035 0.0686
-2.9946 8.2878 20.9681 0.0199 -0.0232 0.9995 0.7826 0.1089
-18.0620 -28.3462 17.6680 -0.4846 -0.8747 -0.0020 0.6571 0.5328
25.6271 -16.3202 -26.5083 0.8283 -0.5506 -0.1033 0.4422 0.3202
25.6271 -16.3202 -26.5083 0.8743 -0.4700 -0.1209 0.2957 0.6401
-15.8452 -25.9931 26.4980 0.4636 0.8860 0.0108 0.5527 0.6629
-30.1053 1.1979 -25.8736 0.9961 -0.0341 0.0810 0.7247 0.6818
-7.4091 29.4441 21.1815 -0.0454 -0.7764 0.6286 0.9000 0.7106
-7.4091 29.4441 21.1815 0.0309 -0.0906 0.9954 0.8041 0.0059
-22.6411 25.7807 28.5469 -0.1744 0.1834 0.9674 0.2864 0.2841
3.3759 -32.4151 27.7479 0.1750 -0.9421 -0.2861 0.7062 0.4285
-35.2756 -0.2959 25.6918 -0.9978 0.0227 0.0615 0.3226 0.3648
26.4462 -13.9864 -27.6097 0.7167 -0.3160 -0.6216 0.4121 0.2990
26.4462 -13.9864 -27.6097 0.8241 -0.3952 -0.4059 0.3071 0.6348
-9.3915 29.0972 21.2088 0.2292 -0.8242 -0.5179 0.9001 0.7202
-9.3915 29.0972 21.2088 0.1420 -0.3359 0.9311 0.8137 0.0076
-20.2434 27.0263 -16.8465 -0.5466 0.8374 0.0014 0.7763 0.3491
-21.1588 -26.5877 24.1871 -0.5029 -0.8643 0.0014 0.6889 0.5478
3.4693 -3.0601 -23.8470 -0.0109 0.0100 -0.9999 0.1244 0.7987
32.8232 9.0641 27.8869 0.6910 0.6620 -0.2901 0.9942 0.6496
-27.1985 -13.9518 21.3403 0.1299 0.0835 0.9880 0.9003 0.2171
30.4651 3.6452 27.2022 -0.0492 0.0135 -0.9987 0.6831 0.6917
-31.7165 -0.8898 21.4337 0.7744 0.0393 0.6314 0.9223 0.1535
-33.2265 -10.6022 14.4537 -0.9483 -0.3171 -0.0132 0.2724 0.4195
-34.5275 -6.0079 7.2526 -0.9809 -0.1910 0.0360 0.2948 0.4545
29.4492 -3.3602 26.5152 0.9941 -0.0867 -0.0646 0.3588 0.8981
16.6578 21.7926 26.3543 -0.6440 -0.7648 0.0188 0.4982 0.6353
-21.8121 -0.3906 20.9584 0.0306 0.0104 0.9995 0.8741 0.1511
-11.4447 -1.1241 -23.6670 -0.0076 0.0119 -0.9999 0.1338 0.7261
-35.0579 0.7044 13.3799 -0.9994 0.0297 -0.0196 0.3274 0.4247
24.3291 11.2951 25.8172 -0.9204 -0.3905 0.0179 0.7863 0.6008
-8.1482 29.4227 21.2561 0.0532 -0.2450 -0.9681 0.8981 0.5975
-8.1482 29.4227 21.2561 0.1785 -0.8024 -0.5694 0.9004 0.7142
-19.9595 25.8315 -28.3246 -0.2928 0.4407 -0.8486 0.6058 0.0732
15.3213 -16.8324 21.0323 0.0462 -0.0581 0.9972 0.6935 0.2311
-29.1639 -17.7297 28.7491 -0.0312 -0.0159 0.9994 0.0748 0.3158
-2.7266 -22.4548 21.3950 -0.0582 0.0936 0.9939 0.7813 0.2584
23.5819 -19.4662 8.3971 0.8177 -0.5757 -0.0006 0.6120 0.3302
22.0882 -13.3316 -27.8034 -0.6713 0.3030 -0.6764 0.4153 0.2778
-14.6914 -26.6289 22.0237 0.4042 0.9134 -0.0487 0.5310 0.6685
-3.6439 -4.0450 20.9820 -0.0351 -0.0011 0.9994 0.7857 0.1689
-23.4377 21.9402 28.4179 0.1533 -0.1445 0.9776 0.2678 0.2879
-2.5640 32.2556 11.5926 -0.0158 0.9999 0.0036 0.9147 0.4351
23.8326 -9.6280 21.1357 0.2810 -0.0896 0.9555 0.6521 0.1960
17.2101 26.0701 28.6671 0.1795 0.3411 0.9227 0.2879 0.0902
-29.8062 18.4680 27.6556 -0.6346 0.3841 -0.6707 0.4139 0.3553
-29.8062 18.4680 27.6556 -0.7535 0.5227 -0.3987 0.9928 0.3026
32.8942 -6.2652 28.5144 0.1334 -0.1894 0.9728 0.1305 0.0139
-15.4145 -24.5295 21.2894 0.0218 0.0375 0.9991 0.8430 0.2685
22.1927 20.3044 -27.1843 0.7297 0.6107 -0.3077 0.7260 0.5555
12.6059 24.7084 21.8405 -0.5040 -0.8636 -0.0107 0.4763 0.6550
-31.4520 -15.0784 27.6826 -0.6000 -0.3366 -0.7257 0.2507 0.3551
1.5507 -30.4724 -28.9297 0.0447 -0.2723 -0.9612 0.3319 0.1779
6.3326 31.1584 27.1998 0.2634 0.8711 -0.4145 0.9906 0.4784
-26.1454 6.4975 21.0876 0.0374 -0.0070 0.9993 0.8952 0.1176
24.8346 5.0300 -24.2840 -0.9597 -0.2519 -0.1250 0.7469 0.6331
-32.2438 13.7135 28.6098 -0.3184 0.1605 0.9343 0.2277 0.3308
-13.2820 -27.1742 26.1967 0.3806 0.9247 0.0065 0.5513 0.6754
-29.5371 -11.1571 26.3614 0.9277 0.3732 0.0137 0.8530 0.7095
-29.1318 8.9233 -23.3134 0.1654 -0.0573 -0.9846 0.1827 0.6401
3.2480 -10.7964 21.1662 0.0288 0.0251 0.9993 0.7522 0.2017
-19.5086 -23.3464 21.3323 0.1701 0.2380 0.9563 0.8629 0.2628
13.1221 26.7691 -28.4061 0.2990 0.5387 -0.7876 0.7201 0.5114
13.1221 26.7691 -28.4061 0.1918 0.3172 -0.9288 0.6104 0.2342
-8.4739 31.7043 26.9267 -0.1203 0.6479 -0.7521 0.9893 0.4063
12.2584 -26.7407 28.7740 -0.0791 0.1406 0.9869 0.0309 0.1143
21.4279 -15.5275 20.3014 -0.7057 0.5885 0.3946 0.5226 0.8443
21.4279 -15.5275 20.3014 -0.2353 0.2884 0.9281 0.6638 0.2247
-1.0330 -15.1211 21.1175 0.0586 -0.0457 0.9972 0.7730 0.2228
23.0635 -13.0040 20.7451 -0.8389 0.5270 -0.1360 0.5247 0.8522
23.0635 -13.0040 20.7451 -0.8943 0.4365 0.0981 0.8109 0.7190
-19.1473 27.2092 -27.8073 -0.4658 0.7662 -0.4427 0.7230 0.3544
-19.1473 27.2092 -27.8073 -0.3311 0.4936 -0.8042 0.6126 0.0772
-26.7572 21.6845 26.7612 -0.6151 0.6280 -0.4768 0.9885 0.3174
-15.5656 27.0454 21.0384 0.0270 -0.2081 0.9777 0.8249 0.7425
-15.5656 27.0454 21.0384 0.3535 -0.8315 -0.4285 0.9873 0.5869
-21.3830 23.2247 20.9852 0.2301 -0.6217 0.7487 0.9870 0.6152
-0.9872 31.0039 28.6196 -0.0117 -0.0931 0.9956 0.3119 0.1787
-13.0211 -30.9397 28.9923 -0.0188 0.0004 0.9998 0.0105 0.2373
-1.0563 -32.9907 28.0227 0.0441 -0.9816 0.1859 0.7075 0.4500
-31.7581 9.1294 28.6152 0.1151 -0.0185 0.9932 0.2054 0.3284
-29.9247 -10.3665 28.3325 0.4270 0.1676 0.8886 0.1106 0.3195
-29.9247 -10.3665 28.3325 0.9351 0.3481 0.0668 0.8626 0.7057
-1.7712 -32.0522 28.7345 0.0070 -0.0501 0.9987 0.0051 0.1825
9.2953 26.9960 21.5963 0.0609 0.1572 -0.9857 0.8863 0.6823
-24.2984 8.6263 21.0356 0.0354 -0.0104 0.9993 0.8862 0.1072
-10.5456 -10.1233 -23.7915 -0.0073 0.0142 -0.9999 0.0900 0.7305
-2.4073 29.5328 -28.6483 0.0025 -0.0984 -0.9951 0.6239 0.1586
-17.4502 -28.8791 -23.9438 -0.4766 -0.8790 0.0132 0.4547 0.5298
-33.9095 8.0572 16.4331 -0.9600 0.2799 -0.0017 0.3632 0.4099
-25.6462 -17.9737 -28.8705 0.2622 0.1968 -0.9447 0.3927 0.0456
3.1200 29.5923 21.3937 -0.0590 -0.1451 0.9877 0.7528 0.0052
3.1200 29.5923 21.3937 -0.1320 -0.7202 0.6811 0.9096 0.6311
8.1803 26.9513 25.3036 -0.3959 -0.9183 -0.0014 0.4931 0.6765
-6.7246 27.3775 -23.4709 0.0855 -0.8273 -0.5551 0.6260 0.7415
-6.7246 27.3775 -23.4709 -0.0044 -0.1016 -0.9948 0.2725 0.7491
8.2654 5.7640 20.7287 0.0103 -0.0012 0.9999 0.7278 0.1212
-4.3225 -29.1599 24.9126 0.0624 0.9980 0.0089 0.5450 0.7190
22.9865 -20.1880 2.0828 0.7901 -0.6129 -0.0037 0.5813 0.3331
-22.6422 22.8758 28.4440 0.1184 -0.1250 0.9851 0.2723 0.2841
28.9946 7.1735 26.5132 0.9770 0.2128 -0.0134 0.4100 0.8981
-32.2698 -12.9460 -5.5805 -0.9158 -0.4014 -0.0121 0.2610 0.5170
-29.7352 14.1404 -28.6068 -0.3402 0.1847 -0.9220 0.5490 0.0257
-24.3955 -21.8061 -28.8380 -0.1901 -0.2042 -0.9603 0.3741 0.0517
7.8560 -30.9809 -8.3513 0.3047 -0.9524 0.0008 0.5306 0.4067
0.6671 11.1001 -23.6812 -0.0144 0.0101 -0.9998 0.1933 0.7850
-9.5793 31.5147 26.9411 -0.1656 0.8050 -0.5697 0.9893 0.4010
22.9413 -20.2520 -0.1092 0.7895 -0.6137 0.0064 0.5706 0.3333
-22.3697 20.5116 -28.2094 0.5058 -0.5541 -0.6612 0.6029 0.8177
-22.3697 20.5116 -28.2094 0.3763 -0.3957 -0.8377 0.5800 0.0615
-29.9690 -17.7020 28.6793 -0.2602 -0.1596 0.9523 0.0749 0.3197
-5.7821 -27.5646 -26.9880 0.1544 0.9723 -0.1757 0.5785 0.7030
-18.5924 11.9144 20.9393 0.0167 -0.0182 0.9997 0.8585 0.0912
-25.7624 -22.7210 -5.7086 -0.7102 -0.7038 -0.0169 0.5434 0.5702
25.4097 -16.6196 7.3541 0.8779 -0.4789 0.0039 0.2943 0.8049
25.4097 -16.6196 7.3541 0.8555 -0.5177 0.0014 0.6070 0.3213
-4.8209 32.1459 11.0038 -0.0862 0.9963 0.0033 0.9118 0.4241
-10.1340 -23.7888 -23.9600 -0.0210 -0.0067 -0.9998 0.0236 0.7325
4.1963 -27.1897 -25.1442 -0.2202 0.8826 0.4153 0.5874 0.7515
-15.6503 26.7005 21.0985 -0.2575 0.7935 0.5513 0.7861 0.7413
-15.6503 26.7005 21.0985 -0.2435 0.4594 0.8542 0.8442 0.0193
-34.4831 7.5119 28.6361 -0.3974 0.1007 0.9121 0.1976 0.3417
14.5683 -26.0228 -28.7275 0.1991 -0.2966 -0.9340 0.3536 0.2412
-17.8819 -29.0637 28.7530 -0.2151 -0.3036 0.9282 0.0196 0.2609
-17.8819 -29.0637 28.7530 -0.4367 -0.8313 0.3440 0.7111 0.5319
29.5779 3.2719 8.2871 0.9936 0.1124 -0.0042 0.3910 0.8094
-23.0225 24.8465 17.2066 -0.6303 0.7764 0.0003 0.9420 0.3356
4.0362 -7.6068 21.0780 0.1343 -0.0025 0.9909 0.7484 0.1862
-28.2045 17.8344 28.5935 0.0511 -0.0164 0.9986 0.2478 0.3111
24.5783 -17.7645 28.5538 0.2297 -0.1373 0.9635 0.0746 0.0543
2.5106 -27.6145 20.6257 0.0658 -0.0357 0.9972 0.7558 0.2835
-24.4710 16.7468 -23.2952 0.0288 -0.0127 -0.9995 0.2208 0.6627
-8.9982 28.8060 21.3348 -0.1212 0.9907 -0.0612 0.9367 0.6530
-8.9982 28.8060 21.3348 0.0656 -0.0934 -0.9935 0.8951 0.5933
5.9062 18.7332 20.8919 0.0019 -0.0289 0.9996 0.7393 0.0581
33.2972 -5.2856 28.6130 0.1421 -0.1144 0.9832 0.1353 0.0119
-22.6940 -4.8267 -23.6092 -0.0103 0.0149 -0.9998 0.1158 0.6714
-33.0280 -11.1111 13.1014 -0.9366 -0.3503 -0.0052 0.2700 0.4261
21.9056 -5.0424 -24.0483 0.0235 -0.0048 -0.9997 0.1148 0.8884
2.5860 -31.9972 26.1351 0.1091 -0.9939 -0.0169 0.6983 0.4323
-20.9835 -26.6231 -8.6171 -0.5221 -0.8529 0.0013 0.5293 0.5470
-2.6623 24.6262 21.2470 0.0582 -0.2206 0.9736 0.7810 0.0294
-26.1725 -17.1399 21.4305 0.3803 0.2012 0.9027 0.8954 0.2326
34.8167 -4.0523 28.2157 0.9561 0.2231 -0.1899 0.9223 0.6362
3 8786 10278 5782
3 481 10291 2528
3 3178 4671 6790
3 7354 2366 5089
3 395 7952 9967
3 2890 9612 8490
3 2571 8124 1852
3 8111 7463 5882
3 7449 3289 5068
3 2572 5445 1585
3 3232 6931 4686
3 8490 9612 8273
3 328 3558 5621
3 440 8758 3193
3 8457 9078 9996
3 9543 208 3427
3 4113 2086 7244
3 263 9848 8597
3 1670 2284 9386
3 9597 3248 615
3 7685 10278 8786
3 2671 68 4226
3 8289 2153 3632
3 1720 965 6244
3 6211 795 440
3 9846 7685 6908
3 2153 8289 254
3 5372 2347 67
3 8985 9697 6340
3 5050 7488 5468
3 2657 8187 4503
3 2428 1112 3404
3 7751 5500 10100
3 6994 615 5592
3 2732 3186 449
3 2764 9204 1714
3 4594 6332 592
3 5578 2657 5576
3 1096 5806 9940
3 6995 897 1759
3 1465 7514 4278
3 10185 5000 54
3 3546 1344 8624
3 2842 2658 5580
3 6340 3672 8985
3 7245 4427 852
3 4890 3443 7492
3 8258 571 6386
3 10314 5355 5881
3 2595 7875 7845
3 4732 8401 4764
3 8458 6017 858
3 6354 9471 5914
3 5914 1145 9969
3 8528 1990 5736
3 3075 8258 7479
3 2500 2772 1730
3 5781 9626 3888
3 829 4952 5318
3 3462 1846 4847
3 5754 5352 7586
3 1431 3364 4836
3 7819 7903 2405
3 9672 4459 8351
3 6222 4560 7819
3 5830 8351 4459
3 365 3967 178
3 2053 7441 9395
3 8351 5830 1718
3 7686 2649 4590
3 7140 7306 7365
3 540 3914 1937
3 9154 9167 8775
3 10318 7463 470
3 6407 9132 2879
3 8273 9132 7
3 4646 5468 4248
3 360 2737 8680
3 93 6433 8786
3 3693 7640 549
3 9549 8810 8204
3 2573 4610 8166
3 3465 1055 3891
3 1023 5311 1958
3 6283 9034 795
3 5163 135 573
3 8174 4166 60
3 5655 8080 3883
3 8624 8051 3546
3 4331 4325 4163
3 553 1931 473
3 7328 2113 9699
3 2113 4367 571
3 2489 5838 1129
3 4319 8807 1900
3 8667 1927 2284
3 10377 6154 7761
3 5372 2330 7554
3 6055 6305 9361
3 3194 648 8287
3 8731 9973 10113
3 1931 5345 1956
3 2480 87 2428
3 9172 2070 8128
3 1956 2451 899
3 745 9753 7185
3 2796 6457 1732
3 4879 7556 3226
3 1846 4664 9655
3 8497 6982 6500
3 5285 6677 2763
3 4513 4260 3592
3 7359 865 973
3 5877 2681 6657
3 7914 8264 1678
3 303 9471 6356
3 456 1730 5481
3 2903 266 6439
3 6908 7685 3308
3 6915 5864 2585
3 1718 211 7588
3 2420 7740 7220
3 1963 9183 1102
3 6915 2585 7462
3 2366 7801 7490
3 470 9672 5299
3 9103 9226 7089
3 897 584 9173
3 844 4413 6212
3 5713 5505 8710
3 2446 9070 1990
3 10230 463 6088
3 1694 8944 9489
3 6151 1410 2308
3 4911 4743 6323
3 8755 5969 745
3 8681 1490 7447
3 2658 7567 8188
3 4003 3827 9022
3 1543 5834 6914
3 5005 5867 5206
3 8722 6213 9068
3 9906 3485 1327
3 1829 3368 1100
3 3364 1451 4836
3 1431 5320 4412
3 9846 10278 7685
3 6813 9483 1096
3 9672 9991 9035
3 5897 5163 573
3 8888 10104 9846
3 5805 2967 1375
3 8022 7876 3888
3 4345 572 6707
3 4978 2906 2860
3 9195 6595 2571
3 3482 1711 4829
3 1678 8264 8298
3 2879 9132 9612
3 7453 3234 8766
3 1100 6861 10355
3 9066 2601 5460
3 9973 3598 10113
3 8204 8218 4830
3 7076 273 8649
3 6456 958 264
3 4743 4911 7924
3 1723 149 4878
3 844 661 5128
3 3974 6296 9868
3 9345 1872 3290
3 3882 6005 8076
3 2742 2837 5655
3 3001 1341 848
3 10072 849 132
3 6386 8332 5751
3 7419 3850 1232
3 4073 2419 7219
3 5237 8683 4579
3 2471 6541 3550
3 6795 3987 7632
3 9226 1175 1137
3 5754 4509 8080
3 9102 2837 6958
3 4207 7866 916
3 4497 1909 2464
3 3963 9129 10035
3 9845 5181 249
3 6795 7632 4941
3 4135 9326 8033
3 3893 304 5758
3 8759 5626 3192
3 7449 6175 4022
3 3987 6795 5176
3 4941 1145 2367
3 6356 6354 681
3 997 6870 4902
3 2671 2425 6885
3 3447 6890 10369
3 479 8772 4040
3 8889 1843 5851
3 6350 7105 9047
3 6127 36 7553
3 7574 209 1102
3 3537 184 4030
3 2763 2144 5285
3 7447 1676 4158
3 4524 3593 1689
3 4239 9244 4189
3 2405 5790 7819
3 4670 9281 2528
3 472 8758 440
3 1057 5782 10278
3 7479 8258 6386
3 6775 7429 8011
3 2005 4736 5403
3 9906 1800 9605
3 10078 4066 6498
3 9868 6296 8497
3 990 3559 2654
3 230 8872 8045
3 2510 466 7979
3 9672 8624 5569
3 4704 9896 5569
3 7295 396 5664
3 6340 2649 3672
3 4225 5024 263
3 7740 2420 342
3 8369 3308 7685
3 7740 342 7588
3 3089 7532 5529
3 9568 1711 3482
3 4245 9568 4463
3 541 4475 8152
3 1830 997 4144
3 10036 9973 6150
3 5735 9244 4239
3 1490 10104 7355
3 7234 59 6741
3 8369 7685 8786
3 8645 8731 10113
3 9672 8351 5299
3 8351 1718 10318
3 2737 4188 8866
3 1904 8872 230
3 9037 7845 3459
3 6814 8788 2398
3 7118 8101 3392
3 9019 426 3456
3 4681 10291 481
3 1963 395 4605
3 3800 4158 1676
3 10242 211 3960
3 9443 8517 6919
3 4345 4002 572
3 4157 3799 1678
3 7516 4098 574
3 7444 3417 1023
3 4562 4344 1889
3 9151 5163 8338
3 8318 1698 9023
3 4004 1925 4157
3 4978 9444 2906
3 5245 8786 5782
3 8298 8264 199
3 6708 5164 6379
3 8318 135 6709
3 9328 8124 2571
3 5017 2481 1601
3 8317 4100 6380
3 9024 7516 574
3 574 4098 6710
3 4189 7429 10247
3 3713 3178 6790
3 255 4778 3116
3 3774 8019 6814
3 7951 2996 4475
3 8030 3960 211
3 10181 9430 1820
3 6127 7553 69
3 3880 1966 9337
3 6719 93 1238
3 7328 2419 4073
3 627 6876 487
3 4439 10230 6088
3 9052 3828 1310
3 573 135 8318
3 4097 3828 9052
3 2860 4345 4978
3 6920 9053 1311
3 6711 4099 8319
3 1543 8766 5834
3 6813 1096 10155
3 1925 3271 8124
3 9151 1889 1168
3 4978 4345 6707
3 5865 7620 3075
3 6919 1308 2905
3 6742 60 1790
3 7076 9979 8648
3 5544 7214 3087
3 6380 6920 7235
3 3271 5112 1698
3 3826 4002 4345
3 2905 9443 6919
3 2906 1309 2860
3 6283 795 1872
3 1800 2591 9605
3 3417 2833 8213
3 4157 1678 5897
3 6493 2107 9829
3 5128 230 8045
3 9147 6410 2886
3 4911 7892 7924
3 5157 2108 7597
3 8821 2777 3521
3 8680 4051 8733
3 10113 1682 5891
3 5876 865 7682
3 266 2903 523
3 1419 7359 6002
3 7362 85 4638
3 8033 9326 2747
3 7488 5050 2820
3 5225 4952 6457
3 2249 178 3967
3 3522 5310 9927
3 8916 9317 2512
3 5920 9529 2079
3 6150 10100 10036
3 7183 5320 4836
3 1431 3453 306
3 9361 2308 6182
3 6525 3431 6982
3 9605 2591 9219
3 8151 8754 5363
3 7979 4684 2510
3 9753 94 1921
3 7169 254 6367
3 6911 2772 8228
3 4574 6175 7449
3 9716 7996 10182
3 8289 9412 8649
3 1759 4509 6995
3 5068 4574 7449
3 7429 6775 10247
3 215 132 9611
3 5750 8331 7419
3 1232 7478 7419
3 2620 1232 3850
3 6708 134 5164
3 3453 6302 4537
3 1932 4513 2762
3 6884 2423 2432
3 6005 5084 8076
3 8724 6859 5124
3 9412 8251 9979
3 1159 1419 9331
3 1527 6002 5913
3 3920 10213 2683
3 9848 2439 8597
3 2167 2439 4875
3 4925 2445 6276
3 2761 8918 2446
3 1102 8268 1963
3 2405 9794 4165
3 1846 9655 355
3 5318 3121 6335
3 7393 7646 575
3 486 481 4555
3 524 7906 601
3 6768 8848 4524
3 8541 4653 5654
3 9015 2796 8367
3 3532 531 6264
3 615 3248 1583
3 3249 7029 4452
3 395 8268 7952
3 449 5518 9906
3 1295 575 1082
3 5569 8573 9672
3 9146 1643 1049
3 3461 4745 899
3 3987 907 7837
3 2271 4135 6600
3 1879 6775 9345
3 8987 8200 832
3 8681 10278 9846
3 7460 6514 4898
3 1490 7355 4258
3 8339 4563 8175
3 7515 3828 4097
3 4978 6707 7234
3 4345 2860 3826
3 2235 5450 7618
3 60 8337 8174
3 9053 6380 4100
3 6920 6380 9053
3 9444 4978 6741
3 2600 418 3893
3 6741 4978 7234
3 1789 8517 9443
3 7781 81 2446
3 6978 9146 8761
3 9445 6742 1790
3 573 4004 5897
3 1889 4344 5319
3 1237 8124 9328
3 6107 8848 5626
3 4127 7979 8889
3 5098 3920 3482
3 7227 185 8146
3 10036 6364 3598
3 4582 1483 6866
3 10185 1723 6873
3 8045 8872 1904
3 1820 9430 2119
3 1965 7892 4911
3 571 3075 2113
3 2671 4653 8541
3 8810 2562 8218
3 5881 7480 10314
3 2514 8026 551
3 3480 1341 3001
3 1175 1674 2809
3 3626 3444 6589
3 6386 5751 7479
3 849 7481 3002
3 7479 214 3075
3 2082 7535 3262
3 4969 6130 1887
3 8364 7875 4710
3 6386 4367 8572
3 6915 10317 341
3 5230 1951 4396
3 2890 4325 9612
3 54 8003 8151
3 5834 9195 6914
3 10147 6199 5355
3 1648 4125 494
3 9939 7835 2646
3 8681 1057 10278
3 5905 7567 2658
3 8560 901 3931
3 4244 4462 9035
3 5299 8351 10318
3 6798 2381 6692
3 4301 7430 3900
3 38 4307 6281
3 790 2983 547
3 5851 466 10015
3 1678 8298 5897
3 1057 7447 4158
3 1682 3598 9929
3 1904 4144 997
3 8218 3434 3591
3 7235 6712 6380
3 1791 4167 8518
3 60 4166 1790
3 7 2049 8490
3 4167 7235 8518
3 10020 5319 199
3 1553 6501 4642
3 7235 6920 8518
3 9150 59 7234
3 9149 7235 4167
3 5279 1275 4948
3 464 3850 7419
3 1950 4185 6743
3 192 10078 8582
3 3363 273 365
3 7924 4440 6210
3 2332 2646 6627
3 263 5024 2348
3 5181 7879 249
3 10 9958 7306
3 7761 3430 4745
3 4864 76 936
3 1670 9386 1200
3 4436 122 8149
3 5881 7462 3001
3 1951 5230 8730
3 9101 4239 4537
3 523 2903 6280
3 4971 6364 4413
3 3462 10386 1846
3 6908 5425 1486
3 7805 549 931
3 5128 8045 4971
3 9326 4135 5176
3 8624 1344 5569
3 5569 1344 4704
3 553 5345 1931
3 456 6175 4240
3 1953 844 8721
3 4560 6222 9958
3 7748 2115 9220
3 4713 2056 1904
3 8765 3271 1499
3 4226 4653 2671
3 849 1342 3481
3 10243 7919 481
3 8987 4293 8200
3 3849 463 2619
3 9180 9811 871
3 1964 7127 209
3 5805 10130 8583
3 7747 9217 3546
3 6154 10377 5373
3 899 4745 1956
3 6433 873 8369
3 661 844 5113
3 2439 3435 8597
3 9024 3829 7516
3 9628 7761 4745
3 449 8701 10182
3 1958 8765 1023
3 1931 3430 473
3 235 1000 6487
3 9149 4167 8173
3 5897 4004 4157
3 6010 6043 2261
3 9149 8173 4561
3 8320 6381 5162
3 1731 10285 264
3 9860 2529 5038
3 8666 9896 4704
3 7686 3384 2649
3 1123 9990 6360
3 5287 1543 8984
3 6248 76 8664
3 6439 6174 9129
3 6914 4342 8984
3 1667 8549 5969
3 3543 3289 7449
3 9015 692 5225
3 2833 8856 8166
3 788 4172 7727
3 4259 7110 7913
3 7185 1921 4503
3 8113 5128 4971
3 7413 8841 6893
3 5206 7329 5005
3 8803 4879 3226
3 4144 1904 4618
3 5005 425 10236
3 3888 9626 9293
3 7197 4459 9672
3 10247 1879 4365
3 4686 4927 3232
3 8528 1060 1990
3 97 7778 10247
3 8113 4413 844
3 214 7479 10071
3 10072 132 215
3 1232 2620 540
3 6456 10285 4383
3 7462 2585 3001
3 9991 10156 9035
3 5837 3351 2886
3 1872 795 2544
3 9241 3015 3128
3 5128 661 230
3 6619 2373 5656
3 2868 4463 9180
3 10282 9324 9851
3 3192 5626 8848
3 3591 9034 6283
3 1965 4911 5653
3 892 8784 5297
3 9218 2114 5404
3 7748 9755 5406
3 3734 5504 5714
3 8597 4225 263
3 601 7906 10006
3 9655 7901 355
3 306 3453 4537
3 473 9906 9605
3 3967 365 9331
3 8251 9412 5945
3 2325 9755 7748
3 4537 1216 6426
3 7329 5206 9666
3 3888 10116 5781
3 4836 1451 7140
3 7952 6407 2879
3 4930 7169 3363
3 2153 254 1465
3 6500 1572 6970
3 7973 5851 5468
3 2211 4618 230
3 4562 8338 5897
3 2211 245 4618
3 8982 5479 2967
3 199 8264 2810
3 9929 6364 4971
3 897 9173 3460
3 4397 889 7308
3 4258 7447 1490
3 164 5450 2235
3 10222 1212 9383
3 4239 9101 5735
3 6088 7858 481
3 5851 7973 8889
3 6089 3713 6790
3 8298 4562 5897
3 2821 7198 7490
3 6501 7913 7110
3 5970 8003 8388
3 7534 7948 3836
3 6679 5353 5265
3 8367 7901 4061
3 5830 4459 7197
3 5279 7396 7878
3 5097 4765 2747
3 1937 5291 540
3 8331 9036 3178
3 341 7619 6915
3 561 3445 7740
3 3907 10091 7753
3 4452 7029 1216
3 2405 657 7937
3 456 2500 1730
3 5790 9241 6222
3 2446 8918 9969
3 9611 132 3481
3 4864 5530 10180
3 9758 6075 6341
3 486 10243 481
3 2544 795 6211
3 6995 4509 584
3 2289 4022 1470
3 5914 8918 6354
3 7463 10156 9991
3 1069 9198 3640
3 9181 7747 10025
3 1732 6457 8447
3 4441 1872 2544
3 4144 245 1830
3 5655 9515 2742
3 5752 4904 9076
3 8102 2619 10230
3 4664 4061 9655
3 3128 6280 7591
3 7386 9395 5941
3 7349 9136 3672
3 2049 7453 8766
3 2592 7329 9666
3 8984 4342 5311
3 8929 1112 8267
3 1898 223 4617
3 8239 9293 9626
3 273 7350 8289
3 9023 1698 5112
3 4248 7532 3089
3 5363 8754 4397
3 70 3591 3434
3 2860 1309 3826
3 889 746 5698
3 6970 1572 281
3 5891 9925 10113
3 8338 5163 5897
3 11 9544 6493
3 4158 3800 1238
3 8045 9929 4971
3 9197 997 1830
3 9035 8624 9672
3 4590 6679 7686
3 2809 5084 1175
3 254 8289 6367
3 2810 8264 1551
3 4517 648 3194
3 6978 9489 1643
3 9076 842 5752
3 10185 54 7578
3 9098 1759 6649
3 6341 9187 9758
3 6174 6439 266
3 6953 1129 4809
3 3598 6364 9929
3 486 7127 10243
3 4022 4664 1846
3 2130 6466 37
3 5434 2903 6978
3 4260 9128 6001
3 470 5299 10318
3 10156 7463 8111
3 4441 7925 3506
3 2996 7951 3824
3 1476 2693 7761
3 7481 8152 5812
3 9610 2584 213
3 5750 7419 7478
3 8994 8090 5768
3 7858 4681 481
3 4280 4208 6647
3 8332 6386 2595
3 7781 4685 2761
3 2600 6931 3232
3 6817 1104 6451
3 481 4439 6088
3 2528 809 2086
3 7919 4439 481
3 1354 6005 3882
3 8497 8562 9868
3 10318 9130 342
3 7447 1057 8681
3 5311 1852 1958
3 8549 2105 5969
3 3530 7393 3015
3 9628 3461 1476
3 3089 4646 4248
3 10113 2965 8645
3 4189 243 4239
3 192 9366 2510
3 4930 178 2247
3 468 9183 1963
3 5206 5867 5569
3 3763 3250 7244
3 8179 10033 560
3 7556 1104 6817
3 5112 1925 4004
3 9605 9219 5345
3 8318 5163 9151
3 5319 4562 8298
3 9244 5735 7429
3 2056 6043 724
3 2510 4684 5302
3 9367 6908 3308
3 5311 3417 3510
3 3632 2153 4278
3 9240 4383 1008
3 10104 1490 8681
3 4163 4325 6201
3 7488 8889 7973
3 8343 5352 5753
3 5736 855 8528
3 9646 878 8158
3 3824 6101 122
3 6589 7875 3626
3 5084 2272 8082
3 6367 3363 7169
3 6175 4574 4240
3 7010 2983 790
3 3215 2107 7110
3 3799 4157 1925
3 6244 281 4957
3 3189 8809 6844
3 9979 2162 1159
3 907 9969 7837
3 907 3987 6906
3 5790 3530 3015
3 8045 7313 5891
3 5245 9202 93
3 5245 5782 9202
3 5467 6332 4594
3 7800 8888 7489
3 2366 10105 7801
3 7800 10104 8888
3 4441 866 5940
3 4040 7903 5795
3 4185 9068 8157
3 9217 2592 3546
3 1561 1465 9860
3 1927 9004 9371
3 2576 8892 462
3 4864 8117 5530
3 8892 7597 462
3 473 3430 9906
3 3505 1965 2119
3 9197 2649 6340
3 2996 5812 4475
3 5112 4004 9023
3 1889 9151 4562
3 3393 8102 10230
3 4618 245 4144
3 7778 6607 10247
3 4704 2592 9666
3 7919 10243 6866
3 5431 10230 7919
3 6500 6970 965
3 9391 1556 1352
3 6890 6537 1822
3 8562 145 9173
3 145 5486 3460
3 2619 463 10230
3 9240 1008 6775
3 8490 8273 7
3 7029 9626 5781
3 8664 76 7836
3 3614 7593 1589
3 5373 7553 6154
3 3226 3241 281
3 4704 9666 5206
3 9906 3430 449
3 4957 281 3241
3 66 6884 6126
3 10141 6323 8287
3 8089 5794 6761
3 3232 4927 8228
3 2637 7538 7956
3 3232 418 2600
3 865 1159 10023
3 8022 9032 479
3 6870 997 9197
3 901 8560 8873
3 7979 466 5851
3 10015 94 4248
3 5353 6679 4590
3 1731 264 8142
3 6873 2965 9925
3 7593 3614 4902
3 8597 2167 6247
3 10377 7761 263
3 3015 9241 5790
3 5355 129 5881
3 6103 5291 8312
3 3479 2584 9610
3 3001 2585 3480
3 4902 3614 9700
3 2371 8050 521
3 7110 4259 3215
3 8263 7915 1552
3 128 8111 5882
3 1879 10247 6775
3 8929 3404 1112
3 9711 3214 2479
3 5384 757 3532
3 10025 3546 2867
3 724 5891 7313
3 10247 4365 97
3 2235 8838 164
3 10213 4478 3130
3 5345 4736 2005
3 3460 5972 897
3 2118 4441 3506
3 148 1951 4877
3 4207 1826 7653
3 849 10072 541
3 8152 849 541
3 7419 6089 464
3 3914 2620 8101
3 5622 858 2804
3 2147 4732 1456
3 1990 9070 5736
3 9969 907 2804
3 2747 4765 2633
3 2777 5945 3521
3 3417 9975 2833
3 4671 4682 6790
3 9023 573 8318
3 9572 2808 7840
3 561 3960 8030
3 5114 8464 8340
3 4367 6386 571
3 9958 5795 4560
3 571 8258 3075
3 560 6589 3444
3 365 4930 3363
3 2837 810 6958
3 10155 1421 6813
3 8775 5913 9154
3 3130 4478 7080
3 4523 9223 7421
3 10033 4710 6589
3 9699 2113 7620
3 1943 8567 1375
3 7619 341 2418
3 7359 2607 5898
3 7653 4828 8552
3 479 4040 7876
3 2443 1175 3550
3 6978 4899 9489
3 3120 3881 8077
3 1469 6183 1409
3 4829 8019 10049
3 2475 3364 10
3 6355 4523 3120
3 4537 6302 9101
3 10243 7127 1964
3 129 6199 1711
3 1469 5230 7307
3 4639 3454 3387
3 487 8519 1025
3 4639 8987 3454
3 6283 1008 4830
3 1409 4131 5230
3 4653 4226 9337
3 4114 7245 852
3 8730 4131 1409
3 9244 7429 4189
3 6407 7952 1900
3 897 6649 1759
3 1008 1872 9345
3 4875 2439 1476
3 164 3115 1582
3 5369 958 6302
3 94 466 8088
3 6211 4441 2544
3 1476 2439 9848
3 899 2451 2428
3 9098 4509 1759
3 1956 4745 3430
3 4660 250 3995
3 4574 3893 6857
3 907 6906 2271
3 6649 897 5972
3 208 8567 1943
3 5383 5969 2105
3 7956 7538 1509
3 2683 3482 3920
3 355 2796 1732
3 4126 9846 6908
3 4686 6931 2600
3 2303 8552 4255
3 5124 6859 7421
3 7937 5790 2405
3 10310 6505 6656
3 3462 4847 7594
3 2743 575 1295
3 9794 4040 8772
3 6909 4684 7979
3 3430 1931 1956
3 2249 7287 2612
3 8022 469 9032
3 7673 936 76
3 4729 8166 5497
3 5881 3001 7480
3 8311 6724 6102
3 5290 6101 3824
3 1431 10116 3888
3 2996 3824 10145
3 10314 2995 5355
3 8124 3799 1925
3 8200 8380 2021
3 1698 8318 1168
3 1216 243 4189
3 3453 4412 6302
3 9860 1465 2529
3 5986 7197 3251
3 6367 7350 273
3 10242 7740 7588
3 10213 2325 2683
3 789 5486 145
3 849 3481 132
3 306 5781 1431
3 9035 10156 4244
3 1676 7447 4258
3 5353 661 5265
3 8151 5363 149
3 4930 8841 2529
3 5698 7566 5903
3 6775 8011 9240
3 46 8077 547
3 3075 7620 2113
3 7619 5864 6915
3 8336 59 9150
3 2809 791 546
3 7460 2042 14
3 8082 1175 5084
3 4836 5320 1431
3 810 37 8805
3 2235 8831 4969
3 2566 1032 9254
3 1023 1499 7444
3 701 14 10170
3 1966 4653 9337
3 9031 3880 8664
3 4463 9568 9180
3 2167 7246 7674
3 1756 9544 11
3 6719 1238 9329
3 3935 2776 1533
3 3171 1140 7582
3 4902 240 997
3 128 10156 8111
3 5468 5851 10015
3 2761 81 7781
3 4248 5468 10015
3 661 5113 5265
3 2761 4685 681
3 1921 7185 9753
3 1060 4592 4685
3 1139 193 9242
3 8228 2772 2500
3 4745 3461 9628
3 3414 10049 6191
3 4168 9700 2261
3 4704 1344 3546
3 3417 8213 6444
3 9322 4952 692
3 1430 5856 3287
3 8113 844 5128
3 9929 5891 1682
3 9087 5479 8982
3 6457 4952 5285
3 4412 5320 6302
3 9605 553 473
3 5573 1276 7884
3 6883 6430 2437
3 3591 6283 4830
3 8982 1168 9087
3 5735 9101 958
3 1756 1058 157
3 10036 3598 9973
3 4334 9603 2107
3 2612 2247 178
3 4476 8549 1667
3 2867 9181 10025
3 3831 6216 10096
3 7201 2799 4382
3 5363 4397 149
3 149 7578 8151
3 8239 8022 9293
3 1216 4189 6607
3 3822 5098 3482
3 10025 7747 3546
3 6302 5320 5369
3 3592 10370 2147
3 9030 1820 2119
3 4686 2600 682
3 3194 8287 4743
3 2500 3232 8228
3 266 523 8907
3 3241 9317 4957
3 7597 3620 4875
3 5812 2996 10315
3 8085 8149 55
3 8101 7118 3914
3 4555 481 2528
3 214 5865 3075
3 1589 7593 1562
3 3632 5541 8289
3 9672 470 9991
3 4555 7127 486
3 38 1533 7208
3 7919 6866 1483
3 8984 5311 3510
3 9317 7556 6817
3 2443 2183 748
3 209 1900 8268
3 5431 3393 10230
3 7761 2693 9848
3 3546 8051 2867
3 7761 9848 263
3 5184 1391 2010
3 1112 1956 8267
3 9939 6835 3455
3 4743 6210 3194
3 10218 6169 7265
3 9087 1168 1889
3 5089 2366 7490
3 3453 1431 4412
3 2348 5024 4225
3 7653 1826 4828
3 3178 9036 3478
3 4452 1216 7778
3 7913 1677 4259
3 4243 5830 7197
3 2107 6501 7110
3 4239 243 1216
3 3455 7957 89
3 6870 9197 6340
3 1137 8082 7089
3 1137 7089 9226
3 3824 7951 5290
3 3824 122 10145
3 8152 7481 849
3 4509 7315 584
3 8287 648 10141
3 5973 8358 9515
3 211 1718 360
3 7219 3444 3626
3 7010 2776 2983
3 8077 46 3120
3 7837 4941 7632
3 648 9880 3006
3 685 1964 7574
3 6698 4628 4273
3 8810 8218 8204
3 7198 7840 9239
3 5932 3210 6082
3 7740 10242 561
3 7564 745 8187
3 9907 4578 5643
3 469 3206 362
3 2804 907 5622
3 7099 10170 14
3 5851 1843 7979
3 2446 81 2761
3 7444 9975 3417
3 94 9753 4476
3 4434 1730 2772
3 916 3424 9223
3 4476 2105 8549
3 7514 9697 4278
3 8852 5529 7532
3 3672 2649 3384
3 4707 2298 6230
3 5495 1674 8227
3 3505 7924 1965
3 7307 5230 4396
3 228 7765 7365
3 7794 8522 5693
3 5478 7539 1562
3 5355 2097 10147
3 1168 8318 9151
3 1711 4245 129
3 6199 129 5355
3 10315 7481 5812
3 5960 9429 10180
3 8239 9626 3287
3 10104 8681 9846
3 9972 8729 6151
3 540 2620 3914
3 1483 3454 4890
3 4681 4670 2528
3 1900 209 7322
3 3427 2810 1551
3 4319 8630 4812
3 7146 1562 1561
3 8387 5131 5424
3 8493 5264 4582
3 2653 9999 901
3 5434 8761 7591
3 2105 4476 9753
3 4642 6493 1553
3 3963 2903 6439
3 8629 8810 9549
3 4319 7453 7
3 4660 3036 2951
3 4334 3215 7354
3 9434 5815 9136
3 3530 5790 7937
3 9515 8358 810
3 5972 7805 931
3 5913 8316 1527
3 7488 7973 5468
3 8528 8229 4592
3 9243 9539 1687
3 4434 856 1688
3 1111 8038 9856
3 4165 657 2405
3 2500 6857 3232
3 4248 94 8852
3 1648 3737 10362
3 8841 301 432
3 5790 6222 7819
3 9202 1057 4158
3 4905 2837 9077
3 3175 1500 3614
3 4111 3686 6904
3 8754 889 4397
3 1956 5345 8267
3 87 2480 9617
3 2056 8045 1904
3 2247 8841 4930
3 3290 1872 5940
3 240 1904 997
3 3527 7369 3523
3 4723 4086 2869
3 1238 9202 4158
3 8011 5735 9240
3 3287 1659 8239
3 3880 9337 8664
3 4902 6870 7593
3 2671 3535 2425
3 2167 3435 2439
3 9848 2693 1476
3 178 2249 2612
3 4053 2958 1537
3 1216 4537 4239
3 7275 8138 827
3 6102 1457 56
3 1711 9568 4245
3 8915 6498 4066
3 3819 924 8630
3 5812 8152 4475
3 8852 7532 4248
3 7492 3443 832
3 4437 8150 8086
3 5431 7492 3393
3 3271 1698 1499
3 2512 9317 6817
3 4890 5431 7919
3 199 3427 1943
3 199 5319 8298
3 1008 9549 8204
3 1216 6607 7778
3 2890 1543 5839
3 2804 2446 9969
3 5072 9840 3508
3 8985 4278 9697
3 2683 9811 9568
3 2783 7227 3808
3 1903 10183 6414
3 7534 1080 4646
3 5406 2115 7748
3 4829 1711 5915
3 8856 7444 8982
3 2995 2097 5355
3 1967 5418 4753
3 8149 6101 55
3 76 6248 7673
3 9367 5425 6908
3 4475 541 5290
3 5801 5668 4172
3 3130 5406 10213
3 2683 9568 3482
3 8408 8779 8379
3 7646 3530 5643
3 866 5960 5940
3 4165 3530 7937
3 5181 9845 1240
3 7023 1937 7118
3 5569 8666 5206
3 3748 2472 5264
3 685 10243 1964
3 2772 6911 4434
3 5960 866 9429
3 2118 9429 4441
3 5068 3893 4574
3 1553 7913 6501
3 1240 10370 8455
3 3893 418 3232
3 6154 3186 7761
3 7091 7940 5351
3 6652 853 10090
3 2903 5434 6280
3 306 4537 6426
3 7091 4164 692
3 1533 10101 7208
3 3120 46 9209
3 3186 8701 449
3 8316 7287 2249
3 7140 1451 3364
3 671 6271 5393
3 6599 6231 5934
3 4877 1951 8644
3 7285 5876 7682
3 5131 10063 1865
3 8022 6848 469
3 2132 4476 1667
3 8562 6500 6824
3 7884 7438 5573
3 3987 7837 7632
3 5181 8455 7879
3 2746 9327 5096
3 7761 9628 1476
3 5781 306 7029
3 97 4365 3907
3 4879 9702 2144
3 9572 7990 2808
3 8032 3349 9015
3 4334 7354 5089
3 6249 9856 2617
3 4240 4574 6857
3 7697 936 5348
3 7952 2879 9967
3 6226 1706 3024
3 2107 6493 4642
3 6002 5898 2930
3 5349 6532 10179
3 10179 1697 8970
3 6532 5349 5036
3 7668 3822 10049
3 123 6198 10146
3 6365 9358 9964
3 7355 10104 2365
3 7322 3819 1900
3 479 7876 8022
3 89 7957 5478
3 432 2612 6652
3 3287 742 9073
3 5225 692 4952
3 2371 4452 5418
3 2829 8532 2088
3 7023 8135 8312
3 5940 1872 4441
3 2144 2763 1104
3 4016 1652 6750
3 7924 7892 1965
3 304 3893 3734
3 5757 303 6356
3 2737 3081 7373
3 3081 2737 1718
3 3454 1483 3387
3 7313 8045 2056
3 5038 8119 9939
3 2761 6354 8918
3 10180 9731 4864
3 7245 3251 4427
3 2332 1733 6835
3 2753 5765 525
3 2529 1465 7169
3 1551 9543 3427
3 8573 4456 4427
3 1718 2737 360
3 4331 9612 4325
3 3024 3836 5529
3 7429 5735 8011
3 142 6724 8779
3 8090 9594 2729
3 6532 8085 55
3 7205 2514 551
3 5290 7951 4475
3 3178 9282 4671
3 701 6600 4135
3 5176 6795 9326
3 9209 2776 3940
3 3883 3929 5655
3 789 7839 824
3 8810 8629 10211
3 8033 14 701
3 2466 9737 137
3 7898 357 10060
3 5301 3805 1380
3 1240 4732 2147
3 7359 973 2607
3 8842 9074 3264
3 2796 9015 5225
3 8228 8529 6911
3 1060 7781 2446
3 4434 6313 3457
3 3762 7224 1145
3 1577 1104 6677
3 3226 281 3225
3 3192 8848 6768
3 2528 10291 4681
3 678 6966 4188
3 51 5989 3270
3 974 5913 6002
3 3393 7492 7117
3 8332 2595 7845
3 6790 7859 6089
3 3713 6089 7419
3 2794 3459 7845
3 334 2794 554
3 3626 2113 7328
3 67 2330 5372
3 5469 4645 5051
3 8784 892 2432
3 4684 6909 1487
3 230 4618 1904
3 1465 1561 7514
3 4313 2560 4204
3 3193 6211 440
3 9967 9612 4331
3 9753 745 5383
3 2419 7328 9699
3 4413 8113 4971
3 199 4104 10020
3 9811 2683 2325
3 214 2586 5865
3 178 4930 365
3 2089 8533 6427
3 6724 9594 1457
3 56 1457 8994
3 1967 97 3907
3 8086 5037 4437
3 9731 10180 1819
3 10178 8994 5768
3 4744 4688 82
3 6427 8533 2827
3 2108 7568 7597
3 9537 8194 6805
3 1102 209 8268
3 4639 6802 82
3 1476 3461 87
3 87 3461 2428
3 5970 8754 8151
3 1722 4877 2964
3 8374 4610 7485
3 9362 5500 7751
3 7578 149 1723
3 7578 1723 10185
3 3249 9626 7029
3 1956 1112 2428
3 8493 4582 6866
3 5345 553 9605
3 7952 8268 1900
3 3404 1301 238
3 10192 5801 852
3 4145 788 7727
3 2587 1042 5467
3 5969 5383 745
3 4163 6201 6444
3 8916 6244 4957
3 4452 9079 4906
3 9248 3036 8907
3 1008 6283 1872
3 3672 3384 7349
3 9367 3308 8369
3 4753 97 1967
3 8582 4256 3934
3 5185 5626 8759
3 1240 2395 8401
3 3995 1065 8907
3 5736 6017 9243
3 6049 4313 3552
3 1096 9483 10259
3 10100 4413 6364
3 7640 931 549
3 410 3578 1180
3 2119 3879 9030
3 936 7697 8117
3 4061 4664 5239
3 1481 3349 8032
3 9846 4126 8888
3 157 1058 2519
3 4240 6857 456
3 9655 4061 7901
3 4040 3364 3888
3 5656 5541 2654
3 1023 8765 1499
3 3774 8726 9537
3 10147 2097 2995
3 9811 9180 9568
3 6724 5965 8779
3 6724 8311 8134
3 724 7313 2056
3 9035 4462 8051
3 1237 3799 8124
3 7960 8965 903
3 2967 5497 8982
3 4478 5098 7668
3 6426 7029 306
3 10020 1889 5319
3 9925 3221 8873
3 6095 468 1963
3 4476 5529 8852
3 3729 1626 2360
3 395 9967 4331
3 5012 2132 5392
3 4917 5853 2827
3 5037 2088 4437
3 8995 6532 55
3 1157 1824 8589
3 6724 2729 9594
3 1937 3914 7118
3 8805 6958 810
3 8766 6595 5834
3 9327 2637 5096
3 1732 1846 355
3 4685 7781 1060
3 1687 855 9243
3 9070 2446 2804
3 4040 3888 7876
3 4441 9429 866
3 9617 2480 6230
3 9337 4226 6248
3 263 5373 10377
3 1003 1394 19
3 122 6101 8149
3 5353 8431 2211
3 8965 4926 5091
3 6530 123 4437
3 4948 1275 4390
3 2675 7533 2832
3 4560 5795 7903
3 263 2348 5373
3 8841 5038 2529
3 9079 2371 521
3 8119 5038 7413
3 3530 7646 7393
3 2021 7022 832
3 2021 8380 8133
3 1483 4890 7919
3 8226 5012 5392
3 3455 1733 7957
3 273 7076 365
3 4653 1966 5654
3 9725 1305 8836
3 5945 9412 6041
3 8267 5345 8929
3 9154 1624 9167
3 9595 5853 6234
3 2742 810 2837
3 5769 1987 10179
3 7127 7322 209
3 8488 1507 100
3 8775 9162 8316
3 1624 8471 3264
3 1937 8312 5291
3 7748 9180 871
3 4245 10157 129
3 10091 3290 5940
3 7674 7597 7568
3 789 145 1720
3 9183 1335 7574
3 2821 1081 7533
3 4293 82 8200
3 4594 3024 1706
3 3836 7948 5529
3 7949 4123 4502
3 681 2599 6356
3 6340 7593 6870
3 1465 4278 2153
3 8772 9032 3156
3 4729 3779 7065
3 4836 7365 7765
3 7183 7765 1100
3 8030 8733 561
3 4713 4902 4168
3 1643 9489 5554
3 7957 2826 284
3 6861 9078 8457
3 8387 5424 5969
3 3039 3120 9209
3 2272 842 9076
3 1583 1096 615
3 6679 1195 7686
3 5915 1711 6199
3 8782 8589 1824
3 1457 6102 6724
3 142 8779 4557
3 1032 161 10386
3 7460 14 2633
3 4977 8640 1642
3 3349 1481 7940
3 3364 2475 7140
3 1049 843 8761
3 2335 8386 6262
3 440 795 472
3 4753 5418 4452
3 8033 701 4135
3 7990 1432 4943
3 2776 547 2983
3 4596 6306 5017
3 7836 1819 9031
3 9860 5038 5451
3 936 7673 7569
3 9700 4168 4902
3 4784 1000 8065
3 3907 3290 10091
3 4210 2958 7485
3 7682 865 10023
3 595 2842 2993
3 9594 8994 1457
3 1409 5230 1469
3 3648 9154 974
3 3417 5311 1023
3 4778 255 6271
3 10090 6893 432
3 9130 10318 1718
3 1129 6953 2724
3 5319 4344 4562
3 8588 6244 8916
3 10242 3960 561
3 3445 7220 7740
3 8572 4367 3626
3 4044 8050 1179
3 4076 6051 9280
3 3387 4582 2472
3 6866 685 8493
3 10113 9925 2965
3 8226 4047 5012
3 591 6444 5321
3 7539 9440 2261
3 3215 4259 7354
3 824 549 7805
3 2082 615 9940
3 7284 8698 1440
3 9102 7088 2837
3 3929 9515 5655
3 9532 5682 7975
3 3221 724 8873
3 3074 9395 495
3 3940 2776 3935
3 1533 5494 10101
3 2808 7649 1995
3 4307 38 6568
3 9829 11 6493
3 6657 2681 10311
3 790 5494 7010
3 7198 5089 7490
3 6034 3929 9098
3 10170 6600 701
3 6861 8457 1731
3 5529 7948 7534
3 1667 5969 5392
3 4642 6501 2107
3 5736 9070 858
3 4365 3290 3907
3 9732 362 6262
3 5781 10116 1431
3 7029 6426 1216
3 1830 2649 9197
3 4365 9345 3290
3 6017 8458 9539
3 6312 2461 7025
3 10091 5960 3371
3 8493 685 7574
3 6911 8529 856
3 4161 7724 3818
3 789 1720 8588
3 3888 3364 1431
3 2082 986 7535
3 6341 456 5481
3 6532 8995 10179
3 4164 1644 692
3 3653 914 9537
3 6531 8788 5915
3 1659 6848 8022
3 2571 3272 9195
3 2726 5552 5763
3 8379 8779 8134
3 5891 9929 8045
3 6265 9940 10259
3 28 359 10266
3 4383 10285 8629
3 1572 3225 281
3 7945 6451 3388
3 931 2302 5972
3 10185 6873 9925
3 4047 1865 10063
3 1865 5424 5131
3 5358 19 1507
3 2088 6530 4437
3 6600 907 2271
3 8970 1697 9215
3 832 4890 8987
3 6569 3652 4456
3 8400 4008 3382
3 8573 7197 9672
3 2644 4785 3183
3 8088 1921 94
3 8316 2249 3967
3 4764 5096 4732
3 1756 157 2948
3 4898 4175 3276
3 8630 1900 3819
3 9243 6017 9539
3 9239 4334 5089
3 1925 5112 3271
3 9958 6222 843
3 5274 619 543
3 7937 657 4165
3 2122 9907 5643
3 7556 4879 1104
3 7979 4127 6909
3 6607 4189 10247
3 4957 9317 8916
3 788 4143 4172
3 9101 6302 958
3 8597 3435 2167
3 3074 2512 7945
3 5287 6201 4325
3 6247 4225 8597
3 4875 545 7597
3 6340 1562 7593
3 2428 2451 1956
3 395 4331 4605
3 3313 6427 7603
3 2958 4053 591
3 4429 1596 6234
3 871 9811 2325
3 209 7574 1964
3 1659 9073 3206
3 5036 8085 6532
3 6010 901 8873
3 6199 6531 5915
3 6427 2827 7603
3 2307 10100 6150
3 6583 2784 799
3 3672 9136 8985
3 6198 123 6530
3 4781 7085 6680
3 5405 9754 2326
3 4470 9282 7204
3 679 4470 6965
3 832 7022 7117
3 5392 5969 8226
3 5497 8856 8982
3 2005 8929 5345
3 5038 8841 7413
3 5478 1562 7146
3 7197 8573 3251
3 208 9543 2947
3 8200 2021 832
3 9829 2107 9603
3 54 8151 7578
3 5834 6595 9195
3 1947 4020 3607
3 5408 1106 1624
3 931 4520 2302
3 3252 2560 6604
3 6835 1733 3455
3 9697 1561 6340
3 7989 5934 6231
3 495 7839 8916
3 9167 9074 8775
3 7646 5643 6258
3 2799 7330 1327
3 8223 3068 8362
3 5622 907 6600
3 1718 5830 4243
3 4906 521 5856
3 8228 4927 4686
3 9731 1819 7836
3 6306 7400 5017
3 7591 6280 5434
3 2723 7069 2100
3 2428 3404 2480
3 5569 9896 8666
3 9215 1198 8970
3 932 9851 6802
3 362 9732 469
3 5230 4131 8730
3 9336 4578 6506
3 6652 9074 7563
3 9239 5089 7198
3 1025 8519 8691
3 827 8700 7521
3 8133 7022 2021
3 2799 1327 4382
3 2398 8726 6814
3 5012 4047 2132
3 8873 724 6043
3 9939 5451 5038
3 3822 7668 5098
3 8134 5965 6724
3 6043 4713 2261
3 9939 2646 6835
3 853 2553 6893
3 5934 8230 6599
3 8873 6043 6010
3 9925 5891 3221
3 5216 5518 7438
3 6691 10063 5131
3 5767 1825 1158
3 2729 1823 5768
3 7492 5431 4890
3 2472 3748 4639
3 2789 7128 4419
3 1371 2100 10274
3 5096 1456 4732
3 2271 6906 5176
3 9293 8022 3888
3 3735 8710 4769
3 3822 3482 4829
3 9239 9603 4334
3 7754 4165 3156
3 432 301 2247
3 1967 3907 6477
3 7539 1589 1562
3 8710 3735 5713
3 4784 7746 3668
3 8758 472 5186
3 5176 6906 3987
3 6281 2681 1826
3 7903 4040 9794
3 10366 979 7766
3 1990 1060 2446
3 9515 3929 3382
3 8540 6321 2424
3 3129 2005 5403
3 10310 4822 373
3 4638 6505 7362
3 8784 2432 2423
3 7674 3620 7597
3 2964 4877 8644
3 6652 10090 432
3 5239 8032 8367
3 2775 5800 8436
3 9626 3249 1430
3 2018 9165 554
3 554 4672 8364
3 3461 899 2428
3 1198 2828 8970
3 8364 4672 7845
3 2827 5853 3141
3 7845 4672 2794
3 8572 7875 2595
3 2553 8896 2646
3 6876 2726 5763
3 5914 9471 390
3 8779 5965 8134
3 8316 5913 8775
3 9771 7349 3384
3 4135 2271 5176
3 5578 5576 3063
3 7996 773 10182
3 47 4610 2573
3 9100 18 1902
3 1191 10292 2943
3 472 795 9034
3 746 889 8754
3 4753 7778 97
3 5383 2105 9753
3 3879 2119 1965
3 6247 2167 7674
3 4875 7246 2167
3 7633 462 8854
3 1056 6651 6126
3 8456 9129 6174
3 6601 6056 6183
3 9331 1419 6002
3 2646 5860 6627
3 8456 6174 1065
3 9617 1476 87
3 5761 6704 4898
3 4517 9880 648
3 8970 5036 5349
3 1157 1697 10179
3 615 1096 9940
3 9361 6182 6055
3 2646 8896 2598
3 6813 2297 5994
3 4647 1081 2821
3 6427 8788 6531
3 4578 9336 4980
3 1550 468 4371
3 6531 2089 6427
3 6542 8428 37
3 8352 4212 4975
3 4207 3940 1826
3 6230 2480 3404
3 1687 9539 6312
3 5736 858 6017
3 855 5736 9243
3 9539 8458 2461
3 8541 3535 2671
3 8785 10141 3006
3 9440 284 2261
3 9242 193 8487
3 4710 7875 6589
3 6769 9880 4517
3 4517 3194 6769
3 7444 1698 1168
3 8431 4590 2649
3 6599 1878 6231
3 3427 199 2810
3 6345 4815 2301
3 7751 10100 2307
3 3940 6281 1826
3 5451 7146 9860
3 2826 1733 3061
3 5186 472 9034
3 2833 9975 7444
3 5841 1653 1564
3 8226 5424 1865
3 5151 28 10103
3 546 8076 5084
3 1697 5954 9215
3 2909 4509 5754
3 928 436 2670
3 628 1026 8692
3 8312 1937 7023
3 142 4557 5763
3 8427 6541 2471
3 5622 1881 858
3 858 9070 2804
3 1065 266 8907
3 7392 2433 10082
3 10166 1484 9028
3 10311 2681 6281
3 2796 7901 8367
3 832 3443 4890
3 9098 6649 6034
3 5077 3668 7746
3 6479 4847 1732
3 2890 8490 2049
3 1648 10362 4125
3 2837 4905 5352
3 5530 8117 6292
3 2471 9226 6957
3 6477 1179 2371
3 1577 9998 5099
3 7330 2591 1327
3 1624 3648 5408
3 3371 7912 1601
3 6652 2612 9074
3 7227 8146 3808
3 2612 9162 9074
3 9367 6574 1486
3 2967 5479 1375
3 523 6280 3128
3 5345 9219 5403
3 6230 2298 545
3 5782 1057 9202
3 2472 4639 3387
3 5321 8213 2833
3 1585 10000 6719
3 4083 628 8692
3 627 487 1025
3 9852 4083 8409
3 4666 9865 543
3 3221 5891 724
3 4456 8573 5867
3 7218 9413 5561
3 1722 2964 6874
3 2808 9829 7840
3 1577 5099 1104
3 2261 3175 7539
3 10182 3186 6154
3 5000 10185 5841
3 10370 9128 8455
3 8401 2395 5201
3 4592 1060 8528
3 7880 1065 3995
3 2649 1830 245
3 3276 2042 5536
3 5530 3371 10180
3 5530 6292 7912
3 4864 9731 7836
3 858 1881 8458
3 4830 8218 3591
3 1499 1698 7444
3 3995 8907 4660
3 5501 9068 6213
3 7117 7492 832
3 2238 1395 9324
3 9073 10082 2433
3 444 9984 3641
3 3206 469 1659
3 7080 2980 6616
3 7373 4243 5986
3 871 2325 7748
3 3774 914 3653
3 8726 2398 9537
3 4610 47 4210
3 487 5763 8519
3 5763 4557 8519
3 8223 4065 3299
3 8519 8779 8408
3 8791 8604 4190
3 3510 3417 6444
3 3652 10192 852
3 2107 3215 4334
3 3546 2592 4704
3 9603 7840 9829
3 7295 16 9521
3 661 2211 230
3 9991 470 7463
3 5839 4325 2890
3 3648 5898 5408
3 8560 10185 9925
3 2132 6226 5529
3 9925 8873 8560
3 4347 8400 5256
3 10185 8560 1007
3 1139 3201 1314
3 7441 783 439
3 6692 5132 5000
3 8388 54 5000
3 10063 6691 2382
3 2948 9544 1756
3 375 4918 5954
3 8589 9684 1697
3 1823 2729 5552
3 2729 6724 142
3 7435 4604 7608
3 7928 4303 8013
3 8200 4688 4744
3 9221 10282 9851
3 1009 1823 5552
3 2994 4785 2644
3 5481 6227 6341
3 1470 1634 10006
3 7833 969 7766
3 8841 432 6893
3 6322 8541 4910
3 4000 6877 629
3 7146 5451 3455
3 9852 628 4083
3 1157 1987 5769
3 7146 3455 89
3 2528 9281 809
3 1395 9852 4744
3 1718 4243 3081
3 7198 7533 2675
3 3483 903 8965
3 2463 468 1550
3 550 6965 7204
3 10091 5940 5960
3 4187 3763 677
3 3287 9626 1430
3 8366 7400 6306
3 4469 809 9281
3 2831 7534 3836
3 9215 5954 1198
3 4293 8987 4639
3 3529 4687 1511
3 2833 7444 8856
3 5497 8166 8856
3 8194 3141 6805
3 7603 2827 3141
3 8604 5889 6139
3 7322 2086 2940
3 1375 10130 5805
3 7753 10091 3371
3 1129 5838 4809
3 6281 3940 38
3 4355 5943 4596
3 6230 545 9617
3 9154 5913 974
3 6646 1852 5311
3 7128 6619 3740
3 6661 3523 3793
3 2909 1510 7315
3 3404 6394 6230
3 7563 9074 8676
3 8853 5113 1953
3 1995 1058 2808
3 4165 1037 2122
3 5006 1564 7561
3 1007 1653 5841
3 3980 9032 469
3 9055 2936 8386
3 4769 8710 6582
3 5006 6798 1564
3 6354 6356 9471
3 2382 6797 3103
3 2633 14 8033
3 1456 4513 2147
3 5356 3036 9248
3 2349 1750 1160
3 3287 5856 742
3 7990 7649 2808
3 6477 7753 1601
3 7146 1561 9860
3 1010 2727 3999
3 8692 8520 8409
3 8409 8380 9852
3 9852 1010 3999
3 1533 2776 7010
3 6814 5915 8788
3 1697 1394 1003
3 4424 7474 1952
3 3033 358 3615
3 2147 10370 1240
3 5036 8970 2828
3 3864 649 1440
3 9852 8380 8200
3 523 2743 9248
3 4592 8229 4685
3 4975 3529 3397
3 5077 364 6770
3 6542 6466 2130
3 456 6857 2500
3 1562 6340 1561
3 2472 4582 5264
3 5264 8493 2504
3 1909 10034 4260
3 1264 5746 9182
3 7652 559 1874
3 9048 6010 2261
3 2261 9700 1500
3 8984 1543 6914
3 4064 5902 2185
3 8664 9337 6248
3 2405 7903 9794
3 5994 2297 9280
3 8151 8003 5970
3 1943 4104 199
3 865 7359 1419
3 5157 9789 5347
3 8119 7835 9939
3 7569 5348 936
3 2335 7392 4613
3 5523 6601 231
3 6183 1469 6601
3 2335 2668 2433
3 6323 4743 8287
3 3930 2321 5236
3 6542 2130 3540
3 10179 1987 1157
3 8589 7928 9684
3 2729 5763 5552
3 8090 8994 9594
3 4557 8779 8519
3 2729 142 5763
3 4000 2728 6877
3 4083 8692 8409
3 1395 1010 9852
3 9852 8200 4744
3 3841 9687 8733
3 5794 5870 6761
3 6323 10141 8785
3 7880 8456 1065
3 4859 5856 521
3 4434 6911 856
3 7840 7198 9572
3 208 9228 1375
3 1553 6493 9544
3 2829 2088 5037
3 4452 7778 4753
3 4902 4713 240
3 3836 3024 4594
3 1958 1852 8765
3 5406 2325 10213
3 9537 2398 3313
3 3405 3130 7080
3 238 6394 3404
3 3559 5815 2654
3 1009 5552 2726
3 9852 5 628
3 4926 3066 8352
3 9697 7514 1561
3 9700 3614 1500
3 8146 1905 2032
3 1550 3618 2463
3 6802 4639 3748
3 7070 7324 7975
3 1510 2909 10003
3 2302 5256 6649
3 7957 7539 5478
3 8082 2272 7089
3 6900 9912 1696
3 85 8487 4959
3 85 2607 4638
3 4578 4980 6258
3 10090 853 6893
3 5287 4325 5839
3 9087 10020 4104
3 3980 469 9732
3 8896 2553 5154
3 6824 1720 145
3 3061 1733 2332
3 5841 1564 6692
3 5000 5132 8388
3 6491 270 8905
3 5898 2607 4959
3 9273 8575 7136
3 6575 3808 1487
3 5495 791 1674
3 9209 46 2776
3 6080 7583 4821
3 7904 8400 4347
3 6677 6335 9998
3 6835 2646 2332
3 89 5478 7146
3 1008 9345 6775
3 4980 7339 1816
3 3276 5536 4898
3 11 9829 2808
3 2612 7287 8316
3 10170 7099 5622
3 4175 4898 3773
3 1881 5622 7099
3 5500 6212 4413
3 4326 3992 1868
3 8853 1953 1899
3 5481 1730 6227
3 9241 3128 7591
3 82 4688 8200
3 6679 5265 8853
3 1900 8807 6407
3 559 3687 3259
3 6364 10036 10100
3 829 6677 5285
3 6677 1104 2763
3 3078 363 10197
3 2512 6451 7945
3 7798 7608 6694
3 1865 4047 8226
3 1601 2481 7400
3 2360 3891 1055
3 3652 10236 10192
3 7539 7957 9440
3 10096 6994 5592
3 9035 8051 8624
3 9284 1858 530
3 5005 10236 6569
3 6876 5763 487
3 7928 8589 8782
3 5768 8090 2729
3 8013 100 7928
3 375 5954 1003
3 4164 937 9322
3 3848 4473 7241
3 8722 9068 4185
3 5285 4952 829
3 6075 6175 6341
3 4008 8400 2228
3 2837 8080 5655
3 2130 1883 2994
3 1327 1800 9906
3 1484 136 7207
3 6743 8556 1950
3 2646 7835 8119
3 5732 3729 8157
3 8630 4319 1900
3 2723 8538 2127
3 4980 1816 6258
3 844 1953 5113
3 844 460 8721
3 3748 2463 3618
3 8892 4274 4627
3 9183 7574 1102
3 7080 241 2980
3 6652 7563 3395
3 9079 521 4906
3 5991 5467 1042
3 4829 5915 6814
3 4646 3089 7534
3 6477 3907 7753
3 2086 4469 677
3 1007 8560 3931
3 3313 8194 9537
3 1179 6477 1601
3 6292 5017 7912
3 6986 3774 520
3 5458 5252 2344
3 10049 8019 6986
3 2943 10292 1293
3 8026 2514 2024
3 2820 5050 4646
3 2024 1305 9725
3 2086 809 4469
3 495 8916 2512
3 2024 9725 9843
3 7373 3081 4243
3 1533 7010 5494
3 9515 810 2742
3 10102 8227 1484
3 8680 8030 360
3 10 3364 4040
3 1527 3967 9331
3 6313 7026 3457
3 6312 9539 2461
3 1420 1276 5573
3 2599 5757 6356
3 2612 8316 9162
3 180 6647 7224
3 681 6354 2761
3 3485 4382 1327
3 4849 4268 8854
3 9200 4707 1301
3 928 8924 436
3 4051 8866 7832
3 8142 958 5369
3 9032 8772 479
3 8289 7350 6367
3 3763 7372 3250
3 8030 211 360
3 2519 1058 2723
3 2808 1058 1756
3 7989 1518 374
3 10049 3822 4829
3 6615 1301 3404
3 4188 2737 7373
3 3175 2261 1500
3 5154 853 7969
3 5017 1601 7912
3 9183 468 1335
3 3371 5960 10180
3 4864 7836 76
3 6306 4596 5943
3 1643 9146 6978
3 3141 3313 7603
3 7539 3175 3614
3 9284 7392 1181
3 6191 10049 7527
3 9345 4365 1879
3 1889 10020 9087
3 3313 8788 6427
3 4829 6814 8019
3 618 3836 4594
3 1375 4104 1943
3 1452 1988 4909
3 7990 4943 3342
3 8629 10285 2724
3 1712 1255 7561
3 6986 7527 10049
3 8970 5349 10179
3 8489 2816 5357
3 375 2817 5854
3 4918 2828 1198
3 82 9851 1395
3 1674 791 2809
3 5853 2816 8489
3 4452 2371 9079
3 2718 1670 5699
3 2817 375 5358
3 2808 1756 11
3 4429 8352 1596
3 8343 2909 7586
3 5287 8984 3510
3 5458 6105 3478
3 3404 2005 3129
3 5348 5943 4355
3 3713 7419 3178
3 3478 2513 7204
3 3999 5 9852
3 9324 3094 2238
3 3387 1483 4582
3 3578 7647 4641
3 7099 9844 436
3 3458 5458 3478
3 2631 8604 6139
3 9955 1432 7990
3 4024 4710 2018
3 3458 3478 9036
3 3395 7969 6652
3 1340 6536 2116
3 2879 9612 9967
3 2116 10200 3457
3 7444 1168 8982
3 1867 6875 7652
3 6002 1527 9331
3 1852 6646 3272
3 4142 9459 2940
3 4520 931 7640
3 8032 5239 6075
3 2122 3530 4165
3 5795 10 4040
3 7373 3764 4188
3 8026 2024 9843
3 1073 7356 5745
3 1659 8022 8239
3 3974 584 1510
3 7562 8487 7362
3 1175 8082 1137
3 873 7820 7796
3 1314 7670 6119
3 6456 4383 9240
3 1136 5808 1754
3 5815 3559 9136
3 824 7839 3492
3 8269 7708 6345
3 6414 2324 6503
3 9687 3210 8733
3 9205 6544 2712
3 1995 2723 1058
3 7840 9603 9239
3 4875 3620 7674
3 6627 3061 2332
3 2504 8493 1335
3 8866 4188 2359
3 5746 4634 932
3 2510 5302 192
3 3628 1570 3447
3 1387 525 5765
3 264 958 8142
3 2144 1104 4879
3 6805 3141 9595
3 3614 1589 7539
3 7393 3128 3015
3 5839 1543 5287
3 1264 3207 7310
3 9195 3272 4342
3 5334 325 10297
3 2541 1534 7905
3 6433 93 6719
3 6444 8213 5321
3 10200 6227 4434
3 7618 5450 164
3 8197 9089 9983
3 4204 2560 3399
3 4710 10033 8179
3 1653 3931 9999
3 554 2109 4024
3 3156 9794 8772
3 8146 8296 3808
3 5943 8163 6306
3 554 4024 2018
3 4161 8206 3633
3 211 10242 7588
3 4073 7219 3626
3 2553 853 5154
3 7400 1179 1601
3 3447 3115 3628
3 8142 10346 1731
3 9572 7198 9955
3 893 5298 3772
3 370 1524 7944
3 2659 3035 5436
3 5529 4476 2132
3 5941 3074 7945
3 2943 7725 2587
3 7413 2646 8119
3 1564 1653 9999
3 10213 3920 5098
3 1766 5625 9836
3 3702 5186 3434
3 1823 1009 2237
3 5854 4918 375
3 7697 5348 4355
3 4355 8117 7697
3 462 3208 10313
3 3637 5941 3388
3 2469 8296 8146
3 1868 208 158
3 93 9202 1238
3 3457 6318 2116
3 8172 8248 9646
3 9200 7793 4849
3 7140 2475 7306
3 521 8050 4859
3 4313 6070 3552
3 4906 3249 4452
3 2649 245 8431
3 82 4293 4639
3 10166 1579 4728
3 8884 6433 6719
3 520 3774 3653
3 7960 3653 8965
3 6805 9595 5463
3 2398 8788 3313
3 9955 7198 1432
3 2183 3550 6541
3 6470 6165 2071
3 6043 2056 4713
3 2598 5860 2646
3 7962 8583 10130
3 2909 5754 7586
3 7534 3089 5529
3 6627 5860 2598
3 4478 10213 5098
3 7945 3388 5941
3 5099 3637 3388
3 4456 5867 5005
3 3103 10063 2382
3 7201 4382 1235
3 9549 4383 8629
3 2980 241 8065
3 6341 6175 456
3 9758 3259 1481
3 2951 4421 5595
3 8033 2747 2633
3 928 1881 7099
3 1055 6192 8006
3 5351 937 4164
3 7963 1021 6169
3 8676 5154 7969
3 3974 1510 650
3 146 2323 7129
3 5005 7329 425
3 7884 3649 3639
3 8388 8003 54
3 4168 2261 4713
3 545 8723 462
3 8822 6506 1037
3 2646 7413 2553
3 7884 4995 3649
3 3485 5216 1235
3 4605 4331 4163
3 6234 5853 4429
3 2263 675 6387
3 2504 3748 5264
3 7754 9032 3980
3 2371 5418 1967
3 1670 1690 5699
3 1967 6477 2371
3 9172 8128 6126
3 2600 3893 5758
3 8588 1720 6244
3 7761 2732 3430
3 4104 5479 9087
3 1950 1898 1954
3 10353 6904 9314
3 241 4478 7668
3 5841 10185 1007
3 7357 1074 882
3 1293 6664 2943
3 8488 5358 1507
3 5954 4918 1198
3 19 375 1003
3 1175 2471 3550
3 3254 9802 1195
3 3094 7521 5813
3 5298 8785 3006
3 5463 9595 6234
3 777 6556 5101
3 7556 9317 3241
3 8019 3774 6986
3 7400 2481 5017
3 6814 8726 3774
3 8541 5654 4910
3 7527 364 6191
3 545 4875 1476
3 3214 9711 2598
3 1995 7649 7990
3 4707 8854 8723
3 3006 10141 648
3 4941 7837 1145
3 6653 10286 1705
3 3073 4371 468
3 8676 7969 3395
3 2826 3061 7989
3 3455 5451 9939
3 374 9711 2301
3 3883 8080 4509
3 2512 6817 6451
3 7949 9336 8822
3 5643 3530 2122
3 5142 5621 3558
3 3510 6444 6201
3 10236 2478 10192
3 8093 2464 10225
3 9955 7990 9572
3 7099 8924 928
3 1082 1816 1295
3 969 9646 7766
3 600 2232 44
3 7754 3980 9732
3 9845 2395 1240
3 2553 7413 6893
3 3156 9032 7754
3 7040 7483 9463
3 7198 2821 7533
3 1432 7198 2675
3 1054 5394 3447
3 1305 2345 2533
3 7373 5986 3251
3 3036 4660 8907
3 2513 3478 6105
3 7025 2461 6317
3 10238 8172 9277
3 10200 2116 4411
3 9434 9771 9802
3 4146 9468 1610
3 929 5602 2513
3 3457 10200 4434
3 6105 929 2513
3 1340 2116 3938
3 3652 4427 4456
3 6392 950 6791
3 2144 9702 5285
3 9187 1867 1874
3 6515 4764 5201
3 6515 5201 2395
3 8401 4732 1240
3 2359 4188 6966
3 1187 9843 9725
3 3883 4509 9098
3 974 6002 2930
3 2024 2514 5603
3 5898 6002 7359
3 2826 7957 1733
3 9205 9284 1181
3 8854 4707 4849
3 8786 5245 93
3 4959 2607 85
3 6437 6469 7114
3 7362 6505 373
3 3313 3141 8194
3 520 3653 7960
3 8369 8786 6433
3 7746 7668 3414
3 8374 5321 2833
3 2128 1868 2520
3 1179 7400 8366
3 1430 3249 4906
3 9095 6746 9122
3 5903 889 5698
3 5274 1432 619
3 3628 26 7295
3 9771 3384 7686
3 5941 9395 3074
3 9214 5237 4579
3 7561 8370 1712
3 3841 7832 1188
3 1255 1712 8047
3 7561 882 1074
3 7836 9031 8664
3 1943 3427 208
3 3103 2587 4047
3 3388 6451 5099
3 5358 375 19
3 7608 4604 4212
3 100 6734 7799
3 1507 19 1394
3 628 5 3999
3 9324 1395 9851
3 7114 1520 8138
3 3063 5350 5578
3 6083 4710 8179
3 2611 8498 7214
3 2957 18 5901
3 6080 1696 7583
3 1868 2128 4326
3 2954 5900 8537
3 6335 6677 829
3 6410 4586 7648
3 4638 2607 973
3 6509 4190 3209
3 1188 8792 6510
3 8733 4051 3841
3 9136 7349 9434
3 2018 6083 3209
3 250 7880 3995
3 5208 5762 44
3 5184 8842 3264
3 1082 575 7646
3 2042 7460 5536
3 7745 10266 9621
3 8904 2035 8089
3 5356 9248 1295
3 2100 9864 2723
3 9907 1037 6506
3 3934 4256 4843
3 6119 193 1314
3 692 9015 3349
3 5285 8447 6457
3 6680 7085 1828
3 591 4053 4163
3 9537 6805 3653
3 591 5321 8374
3 2261 1878 9048
3 6656 973 5876
3 1335 8493 7574
3 1653 1007 3931
3 3633 4044 1179
3 4307 10311 6281
3 7912 3371 5530
3 4047 2587 2132
3 742 10082 9073
3 208 3992 9228
3 9999 4881 8370
3 4926 3653 5463
3 6615 8521 9200
3 6387 5367 2263
3 5424 8226 5969
3 2753 3170 5765
3 3024 5529 6226
3 3992 4326 3087
3 4371 3073 386
3 1486 5425 9367
3 1537 2958 4210
3 3693 439 6904
3 3686 305 7640
3 5900 2126 8537
3 4163 6444 591
3 2724 10211 8629
3 7396 4948 8344
3 17 5710 1903
3 5232 6660 6933
3 6414 10183 9864
3 7613 5638 9166
3 3342 7069 2723
3 9200 1301 6615
3 8065 7746 4784
3 5206 8666 4704
3 5201 4764 8401
3 9440 7957 284
3 3033 405 10300
3 388 2653 901
3 8326 1544 3578
3 3578 1544 1180
3 873 9367 8369
3 8665 1139 9242
3 8230 388 9048
3 9844 7099 14
3 7208 10101 1485
3 9595 3141 5853
3 386 1262 4027
3 9537 914 3774
3 3270 5989 3118
3 9912 3331 1696
3 903 3483 6986
3 2463 3748 2504
3 6574 9367 2784
3 2100 7069 3342
3 3073 6095 5446
3 1642 1892 3687
3 2461 8458 928
3 9758 8032 6075
3 8117 5017 6292
3 1008 4383 9549
3 4881 9999 8047
3 8386 2936 8822
3 6191 364 7746
3 1607 8005 7702
3 9167 1624 3264
3 4943 1432 9865
3 2132 1667 5392
3 8197 9983 6314
3 4110 5943 9790
3 101 6694 8489
3 7928 100 1507
3 8227 1674 2443
3 8765 8124 3271
3 6544 4859 4044
3 7365 4836 7140
3 1596 3066 4926
3 6568 9737 5011
3 7527 6986 3483
3 4859 8050 4044
3 4930 2529 7169
3 212 8413 2430
3 824 7805 3460
3 9248 2743 1295
3 6616 3405 7080
3 8117 4864 936
3 7460 4765 6514
3 9998 1577 6677
3 5351 4164 7091
3 8159 879 3347
3 6536 4411 2116
3 3552 7796 3873
3 4210 8510 1537
3 5099 9998 3637
3 6802 3748 932
3 4610 8374 8166
3 576 4465 949
3 8047 7662 6387
3 5867 8573 5569
3 362 3206 9073
3 2520 1868 158
3 3087 7214 3992
3 5376 8413 2938
3 4594 1706 5467
3 3186 2732 7761
3 9716 10182 6154
3 7708 3970 6345
3 2598 9711 1518
3 8212 3699 7688
3 1295 1816 3433
3 1874 559 9187
3 9034 70 5186
3 9998 3121 5151
3 5099 6451 1104
3 4498 4372 2401
3 1140 373 4822
3 2432 892 9385
3 6879 9386 1927
3 7924 6210 4743
3 305 4347 4520
3 235 6616 9528
3 8001 8167 8498
3 1601 7753 3371
3 8124 8765 1852
3 3404 8929 2005
3 8854 4268 7633
3 9864 6164 2324
3 5710 17 2955
3 9100 2128 5901
3 5783 6503 2324
3 6464 1902 1493
3 6222 9241 7591
3 5668 3046 328
3 7942 4769 303
3 2261 284 1878
3 284 2826 7989
3 82 1395 4744
3 9028 2998 8859
3 355 7901 2796
3 6986 520 7960
3 7080 4478 241
3 10 7306 2475
3 8987 4890 3454
3 6262 8822 2748
3 3529 7527 3483
3 4170 6503 5783
3 3342 1995 7990
3 6590 4204 3399
3 6857 3893 3232
3 8180 8352 4429
3 8270 3558 328
3 8712 9999 2653
3 2479 6365 9964
3 1432 2832 619
3 5986 4243 7197
3 5858 10301 391
3 3778 3257 1757
3 4047 10063 3103
3 2598 5154 3214
3 1583 3248 9597
3 6569 4456 5005
3 6798 6692 1564
3 9684 7928 1507
3 9684 1394 1697
3 8427 2471 6957
3 4847 1846 1732
3 5157 5347 2108
3 1903 5710 10183
3 8538 10183 5710
3 4319 7 6407
3 2637 6796 7538
3 7594 344 3462
3 6694 7608 7720
3 3414 7668 10049
3 1719 1714 2576
3 5990 5934 4909
3 8723 545 2298
3 469 6848 1659
3 1371 10274 4666
3 1145 7837 9969
3 8965 3653 4926
3 3529 4975 1050
3 1456 5096 2637
3 7832 2359 1188
3 7224 4208 9392
3 8026 2358 5052
3 4212 8180 7720
3 3342 2723 1995
3 426 7330 2799
3 10236 425 9020
3 4180 6849 8155
3 3073 468 6095
3 929 6105 5458
3 9843 2358 8026
3 9789 5157 7597
3 7204 9282 3178
3 344 3225 2245
3 2743 523 575
3 8269 3099 9964
3 1610 8630 9459
3 9865 10274 4943
3 3124 1754 3491
3 8458 1881 928
3 4666 10274 9865
3 2345 5603 930
3 3264 9074 9167
3 1391 8219 8197
3 3736 7943 5714
3 6994 1161 9597
3 5973 1883 2130
3 6958 8805 8428
3 3478 7204 3178
3 748 6491 2443
3 6582 9471 4769
3 3382 6034 8400
3 2765 5658 2354
3 5898 4959 5408
3 8836 9637 6772
3 554 9165 2631
3 7270 4460 7745
3 8364 2109 554
3 4710 4024 2109
3 2354 334 2765
3 3680 5422 9944
3 7583 1141 4821
3 10238 2461 2670
3 3938 2116 6318
3 4476 8852 94
3 2282 8621 6619
3 9356 7575 2688
3 8766 3234 6595
3 7633 3208 462
3 7392 9284 4613
3 6544 9205 5856
3 7599 1858 2712
3 7644 4008 9279
3 4926 5463 1596
3 4596 5017 4355
3 9182 3618 1264
3 924 2940 9459
3 9136 3559 990
3 4519 5762 5208
3 4434 1688 6313
3 1963 8268 395
3 5154 6365 2479
3 5053 2359 6966
3 2765 2631 6139
3 8172 10238 2670
3 6350 3717 2814
3 7322 7127 2086
3 7385 3938 9278
3 3457 7026 6318
3 7969 853 6652
3 2086 4555 2528
3 3985 6056 5523
3 3214 5154 2479
3 6627 7989 3061
3 6314 2010 8197
3 18 9100 5901
3 1371 2494 9569
3 2283 2098 5498
3 9411 3117 8620
3 1902 4103 9100
3 2784 9367 799
3 1432 2675 2832
3 3984 6219 6305
3 1037 9907 2122
3 10292 1191 750
3 3734 3893 3289
3 1192 3104 751
3 3893 5068 3289
3 8047 1712 4881
3 6491 2998 2443
3 4429 5853 6694
3 1824 2238 8782
3 810 8358 5973
3 8884 873 6433
3 3841 4051 7832
3 8866 2359 7832
3 5973 9515 3382
3 405 9845 249
3 9987 4727 5635
3 9242 8487 7562
3 7979 1843 8889
3 6227 4411 1867
3 5225 6457 2796
3 6070 2125 6583
3 7724 4161 8163
3 238 1301 6230
3 5692 6615 234
3 973 6656 6505
3 2335 2433 7392
3 7435 6529 4604
3 7739 7527 3529
3 3395 7563 8676
3 6417 7306 9958
3 8680 2737 8866
3 551 8026 5052
3 2784 6583 2125
3 8822 2936 7949
3 7065 2573 4729
3 5934 5990 5196
3 9483 5994 9280
3 8331 3178 7419
3 6306 4161 8366
3 5932 6082 8178
3 1585 6719 2572
3 7845 7875 8364
3 7278 9122 9237
3 5196 8230 5934
3 5479 4104 1375
3 8930 1219 2319
3 8623 4279 8193
3 6191 7746 3414
3 8370 1564 9999
3 9732 2748 1037
3 8916 7839 8588
3 3033 600 44
3 6957 9226 9103
3 5208 6286 4519
3 6075 5239 4664
3 10300 358 3033
3 3701 6410 7648
3 9336 4502 7339
3 7670 611 2588
3 4919 8487 193
3 1052 3347 3699
3 692 1644 9322
3 1624 9154 3648
3 3970 5548 2301
3 1905 4066 2032
3 4812 3234 7453
3 1518 7989 6627
3 9073 1659 3287
3 1264 7310 5746
3 6107 5626 3701
3 2125 8587 2784
3 7435 7608 6617
3 7003 7054 3564
3 7604 3575 7842
3 8803 3225 7594
3 8050 2371 1179
3 1537 576 8235
3 799 9367 873
3 5352 4905 5753
3 6583 7796 3552
3 8370 7561 1564
3 9865 1432 5274
3 6231 1878 284
3 6365 5154 9358
3 2324 6414 9864
3 10162 6464 6015
3 1037 4165 9732
3 4103 1902 6464
3 1557 4632 1256
3 4597 7701 6164
3 7242 6164 9864
3 9569 9551 4597
3 2127 2519 2723
3 4777 8198 2798
3 5991 8930 5909
3 751 6798 5006
3 364 7739 6770
3 751 3104 6798
3 241 7668 7746
3 6080 6568 5011
3 5142 9305 2125
3 6583 799 7796
3 2035 5794 8089
3 7989 6231 284
3 2951 1322 4660
3 208 2947 158
3 6414 1494 1903
3 2576 9204 2764
3 6464 5544 3087
3 2324 6164 4350
3 2211 661 5353
3 2980 8065 6616
3 7521 8700 5813
3 1195 9802 7686
3 2238 1010 1395
3 5972 3460 7805
3 6599 8230 9048
3 2571 6595 5444
3 3342 4943 10274
3 3510 6201 5287
3 3653 6805 5463
3 4643 9296 2053
3 6318 5134 3938
3 5446 945 949
3 9073 2433 362
3 1730 4434 6227
3 2323 7201 7129
3 2712 6544 4044
3 9358 5154 8676
3 4065 4123 7949
3 9584 10234 3407
3 6646 5311 4342
3 3668 6770 2807
3 8504 3839 111
3 6407 8807 4319
3 876 3834 7014
3 5538 8252 2527
3 9468 2068 3234
3 5256 2302 4520
3 2598 8896 5154
3 9395 7839 495
3 1747 5437 10218
3 8273 9612 9132
3 373 6505 10310
3 6505 4638 973
3 3087 4326 4103
3 5711 2956 8539
3 1495 6415 6504
3 5762 2395 44
3 4919 193 1106
3 6249 6216 9856
3 4044 3633 2712
3 1988 6681 2301
3 10211 2724 6953
3 4409 2042 3276
3 4266 1609 7830
3 4687 10117 6869
3 6529 4975 4604
3 6694 7720 8180
3 9187 6341 6227
3 903 6986 7960
3 8352 3066 1596
3 3529 3483 3397
3 9441 176 8270
3 8186 3613 8499
3 1129 2709 6644
3 3121 9998 6335
3 28 5151 3121
3 530 1858 343
3 3068 8569 8362
3 2554 9303 4595
3 5943 5348 9790
3 6878 1056 2070
3 4932 8831 9488
3 9280 2297 3731
3 10285 8457 6644
3 5686 9964 9358
3 10346 5320 7183
3 8667 2284 2718
3 7214 8498 7962
3 1175 9226 2471
3 1003 5954 1697
3 7608 4212 7720
3 1507 1394 9684
3 3772 9880 893
3 3460 789 824
3 2573 8166 4729
3 7362 8487 85
3 10211 6953 8810
3 4170 5783 4350
3 2907 10162 6015
3 6016 6503 4170
3 4279 9836 1248
3 5499 9938 4781
3 1375 8567 208
3 9074 9162 8775
3 10176 1955 9020
3 928 2670 2461
3 2670 8248 8172
3 5133 6317 10238
3 1082 7646 6258
3 3033 9845 405
3 8072 2055 6903
3 2633 4765 7460
3 2688 4784 3668
3 7944 1006 370
3 6335 829 5318
3 5091 4926 8352
3 1712 8370 4881
3 364 7527 7739
3 7003 915 52
3 7606 5354 5625
3 9746 4070 5159
3 4542 9436 2055
3 7385 1052 6536
3 7244 677 3763
3 4898 6704 5021
3 7091 692 7940
3 346 8146 185
3 3252 6604 2067
3 8732 2588 10219
3 545 1476 9617
3 4143 4114 852
3 3099 2479 9964
3 8723 2298 4707
3 9200 8521 7793
3 3819 2940 924
3 3397 8965 5091
3 1596 5463 6234
3 1322 250 4660
3 8891 9982 9558
3 9066 5460 6166
3 1610 4142 4146
3 4355 5017 8117
3 3430 2732 449
3 217 4503 5350
3 8836 1187 9725
3 4396 1951 148
3 3873 7796 7820
3 5603 1305 2024
3 235 7794 5693
3 2688 1000 4784
3 7485 4610 4210
3 4274 8892 2764
3 2940 3819 7322
3 2466 4850 3872
3 880 2494 4666
3 9362 7751 2307
3 543 534 880
3 7719 8155 5496
3 5467 1706 6226
3 5805 4729 2967
3 4796 6016 4170
3 1305 5603 2345
3 8733 8030 8680
3 2241 3779 5805
3 4669 8047 8712
3 3257 1219 8930
3 773 3649 4995
3 4666 2494 1371
3 1674 1175 2443
3 6215 8227 2443
3 932 4634 6437
3 10282 7275 7521
3 5518 449 7438
3 8904 1398 8475
3 7438 449 5573
3 2232 6286 5208
3 3276 4175 410
3 2930 3648 974
3 436 9844 1544
3 3347 7385 8159
3 10053 1816 4502
3 10000 3873 8884
3 4821 4307 6080
3 6818 2686 6788
3 9766 3600 6520
3 363 9584 3407
3 1624 1106 7670
3 3124 1136 1754
3 6536 1340 7385
3 2228 8581 8627
3 6215 2443 2998
3 7553 36 9716
3 325 7682 10023
3 4604 4975 4212
3 6510 9687 3841
3 5856 4859 6544
3 5856 1430 4906
3 4326 2128 9100
3 4594 1523 371
3 699 6529 7435
3 8198 4777 3295
3 2438 3593 6766
3 3433 5356 1295
3 699 7435 10117
3 9732 4165 7754
3 4350 4796 4170
3 6230 6394 238
3 945 4605 4053
3 9999 3931 901
3 1301 4707 6230
3 3299 1639 2006
3 5610 1370 5020
3 5755 7048 3280
3 8648 9979 1159
3 751 7561 1074
3 3808 6575 2783
3 932 3748 5746
3 7725 2943 5745
3 5941 4643 7386
3 9411 1006 7944
3 7561 751 5006
3 7441 3492 9395
3 1757 5991 5745
3 7674 7246 4875
3 750 1293 10292
3 10238 9277 5133
3 8158 9277 8172
3 9278 8159 7385
3 1544 9844 4409
3 7339 4980 9336
3 9166 146 7613
3 3808 8296 2469
3 4103 6464 3087
3 7485 591 8374
3 8346 7162 9481
3 3917 5733 130
3 7163 8347 3722
3 7160 3721 9308
3 6311 5952 5733
3 10298 7701 6424
3 2070 2432 6878
3 2433 2668 6262
3 8471 5184 3264
3 4066 10078 2032
3 7708 10234 9584
3 9019 3456 9166
3 3552 3873 6049
3 10117 7435 9875
3 3382 3929 6034
3 8235 576 949
3 5446 949 4465
3 8270 4635 9441
3 9228 10130 1375
3 6395 671 2297
3 35 8748 6328
3 2100 3342 10274
3 9395 7386 2053
3 462 7597 545
3 4635 1955 9441
3 9048 901 6010
3 7904 8280 2228
3 1387 3837 525
3 184 8587 2125
3 5437 1747 8108
3 901 9048 388
3 9441 1955 10176
3 1076 2125 758
3 9028 8859 10166
3 6049 2560 4313
3 9284 530 4613
3 592 6332 5467
3 7208 6568 38
3 6226 2132 5467
3 1696 8244 6900
3 9028 6215 2998
3 6541 3541 2183
3 2937 7647 410
3 1075 4411 6536
3 3935 1533 38
3 6409 3434 4809
3 5151 10103 3637
3 8732 3034 4443
3 5813 4303 7928
3 3648 2930 5898
3 4110 6698 7724
3 559 7652 3687
3 4313 4204 6070
3 4566 2912 5614
3 692 3349 7940
3 8521 6615 5692
3 1335 468 2463
3 8676 5366 9983
3 10162 4415 5544
3 8389 2262 308
3 6529 699 1050
3 8352 8180 4212
3 3917 4336 4415
3 3992 208 1868
3 8346 9481 8512
3 5446 6095 945
3 3721 8345 8511
3 3721 8511 9399
3 9399 925 9308
3 6464 1493 6502
3 4465 3073 5446
3 5142 1076 9330
3 8047 9999 8712
3 9358 9983 9089
3 3818 3837 1387
3 1387 7599 3633
3 8366 3633 1179
3 7989 374 6681
3 3120 680 7958
3 7469 1828 3733
3 3351 6665 2886
3 548 5734 9223
3 3226 7556 3241
3 5943 7724 8163
3 3257 8663 1219
3 9358 8676 9983
3 52 3747 4723
3 3099 6345 2479
3 882 7034 5715
3 7356 7432 1908
3 2587 1191 2943
3 1955 5801 2478
3 7904 305 3686
3 2712 3633 7599
3 8013 6734 100
3 2286 359 8939
3 6694 5853 8489
3 7670 1106 6119
3 6900 5956 9912
3 1714 9204 2576
3 5952 927 1896
3 1094 5055 3915
3 6413 6900 6279
3 8854 462 8723
3 6734 8013 4303
3 996 4082 9838
3 137 4850 2466
3 3036 5356 4421
3 4975 3397 5091
3 5091 8352 4975
3 10236 9020 1955
3 10236 1955 2478
3 10176 3537 176
3 8884 3873 7820
3 2228 8400 7904
3 6013 3165 6187
3 37 6466 6542
3 8357 4909 4521
3 3837 3818 3179
3 5967 4757 4894
3 6049 10000 1585
3 8569 6614 7474
3 1371 7242 2100
3 3668 5077 6770
3 8098 4583 2588
3 7891 4371 386
3 10243 685 6866
3 9361 6219 1196
3 3779 4729 5805
3 1196 5732 5080
3 5686 9358 9089
3 9212 6933 6660
3 5934 1452 4909
3 8700 933 4303
3 9221 7275 10282
3 2994 5221 6818
3 10366 668 979
3 5650 528 668
3 878 9646 969
3 7766 8248 10366
3 4005 6499 8278
3 38 3940 3935
3 9614 808 7810
3 9279 4008 8627
3 7940 1481 3687
3 6190 8359 6192
3 2588 8732 4443
3 8487 4919 4959
3 4342 6914 9195
3 4898 6514 5761
3 852 4427 3652
3 2575 7905 1534
3 7830 1609 4305
3 3272 6646 4342
3 6317 2461 10238
3 5795 9958 10
3 4502 1816 7339
3 10234 8269 9964
3 1946 7894 5305
3 813 6187 7377
3 6569 10236 3652
3 9971 4874 6363
3 6100 5765 7699
3 742 5856 1181
3 5239 8367 4061
3 3251 8573 4427
3 2734 4577 8898
3 130 4336 3917
3 9904 4374 1896
3 927 5952 9481
3 925 9399 9903
3 3294 4776 830
3 9481 7162 927
3 2908 6016 4796
3 4555 2086 7127
3 4006 5095 1147
3 6164 7701 10153
3 8892 9789 7597
3 4 9622 5504
3 5586 10161 8620
3 6582 390 9471
3 1037 2748 8822
3 2100 7242 9864
3 235 7676 6138
3 2840 1255 6387
3 7956 1456 2637
3 1714 4751 2764
3 6174 266 1065
3 10183 8538 2723
3 7065 3779 2241
3 6692 5000 5841
3 6619 5656 2654
3 10234 7708 8269
3 6345 9711 2479
3 4092 6861 1100
3 3347 879 970
3 5318 9322 9301
3 2951 3036 4421
3 1075 6536 1052
3 2712 1858 9284
3 4518 5021 5761
3 5021 3773 4898
3 4605 6095 1963
3 1511 2869 9356
3 8065 241 7746
3 880 4666 543
3 4849 4707 9200
3 4415 6298 8001
3 5733 5056 6311
3 4374 9904 1214
3 2092 837 7719
3 7872 6739 3527
3 4006 6310 5054
3 6693 100 7799
3 2466 3872 9737
3 9165 2018 4190
3 2766 9636 5456
3 2765 334 2631
3 2631 334 554
3 8230 5196 388
3 6487 7676 235
3 7584 4299 4277
3 1145 390 3762
3 5458 5659 2767
3 2343 5250 2531
3 5458 2344 929
3 7599 1387 5765
3 6314 8842 5184
3 10070 7478 540
3 7645 4844 2014
3 8366 4161 3633
3 7962 3992 7214
3 4273 6746 7724
3 5467 2132 2587
3 1073 1293 750
3 1697 1157 8589
3 9756 9805 6683
3 1484 8227 6215
3 1136 8869 1190
3 3635 1066 5449
3 3549 9158 5565
3 2572 6719 9329
3 37 810 2130
3 8187 7185 4503
3 4421 5356 3433
3 4141 8212 7005
3 5021 6285 4266
3 7670 5184 8471
3 1095 4350 8634
3 2688 2807 9356
3 7562 7362 3171
3 9481 5952 6311
3 9903 9399 4006
3 926 7161 9309
3 7362 373 3171
3 5906 231 7307
3 1075 3699 6875
3 2842 595 5905
3 7521 9324 10282
3 2958 591 7485
3 4118 6408 2477
3 8180 4429 6694
3 4687 1043 1511
3 444 4465 576
3 5497 2967 4729
3 7392 10082 1181
3 6770 7739 1511
3 4578 9907 6506
3 4605 4163 4053
3 3407 2260 8219
3 3985 3230 1369
3 5196 8047 4669
3 2532 5251 5457
3 7724 6698 4273
3 4627 9789 8892
3 8460 3488 9411
3 335 2355 5458
3 2125 4030 184
3 3257 8930 1757
3 2053 7386 4643
3 3492 7839 9395
3 1587 7645 6265
3 1537 8235 4053
3 8514 8832 3572
3 9308 3721 9399
3 8166 8374 2833
3 1518 6627 2598
3 5302 3808 2469
3 5548 10043 4790
3 600 6286 2232
3 3668 2807 2688
3 9528 6616 8065
3 5366 8676 9074
3 3702 3434 6409
3 1264 3618 1550
3 5746 3748 9182
3 5052 6964 551
3 8178 561 8733
3 6568 6080 4307
3 7385 1340 3938
3 1867 4411 1075
3 7608 7798 6733
3 2653 388 5196
3 9182 3748 3618
3 273 8289 8649
3 4165 9794 3156
3 2643 8881 270
3 2994 1883 5221
3 1105 4643 10103
3 4613 343 9696
3 1255 2840 882
3 5302 1487 3808
3 9095 5488 3179
3 6510 3841 1188
3 2807 6770 9356
3 7588 9130 1718
3 1093 1672 5054
3 4006 9399 6310
3 10053 4473 1816
3 3679 9941 111
3 9508 1126 3009
3 37 8428 8805
3 4796 4350 1095
3 6311 8512 9481
3 2110 1147 5095
3 1452 5934 7989
3 2301 9711 6345
3 3171 373 1140
3 1082 6258 1816
3 7886 1796 1374
3 9399 8511 6310
3 2109 8364 4710
3 8733 5932 8178
3 5142 176 4030
3 8604 9165 4190
3 1952 2610 940
3 9596 1750 7618
3 2060 6298 7138
3 7048 4379 9419
3 3687 7652 1642
3 9844 14 2042
3 9844 2042 4409
3 10103 28 1105
3 9865 5274 543
3 5700 3593 2438
3 3191 4082 996
3 598 6328 8108
3 235 9528 1000
3 758 2125 6070
3 7451 3179 2106
3 5626 5185 3701
3 6138 7676 6487
3 4613 9059 2335
3 5856 9205 1181
3 618 2831 3836
3 8163 4161 6306
3 5909 3896 4594
3 7201 1235 1067
3 1391 4443 363
3 949 945 8235
3 1511 1043 2869
3 10313 3208 7633
3 7002 2172 10206
3 3179 3818 2106
3 8907 523 9248
3 3615 6713 600
3 1318 5652 6713
3 4524 8848 6107
3 549 824 3492
3 6617 7608 6733
3 8400 6649 5256
3 7348 9842 5232
3 2798 9507 1213
3 9864 10183 2723
3 3078 6837 3970
3 10153 10298 8634
3 5544 6464 10162
3 8515 6520 3966
3 7596 3982 6424
3 8634 2139 1095
3 6424 2111 7596
3 5956 6413 3872
3 1587 6265 10259
3 2130 810 5973
3 4008 7644 3382
3 4821 10311 4307
3 8219 2260 8197
3 4390 1275 5279
3 2588 1391 5184
3 8235 945 4053
3 3407 10234 2260
3 9716 36 6127
3 2425 3535 8541
3 5990 4909 8357
3 4594 3896 6842
3 4207 8552 7866
3 1363 542 4594
3 4947 4391 10003
3 6497 5412 2644
3 9384 6540 3600
3 2183 2443 3550
3 3094 8782 2238
3 748 6496 6491
3 7844 6662 9004
3 4303 6618 6734
3 10124 6699 2892
3 9216 527 4111
3 2432 9172 6884
3 495 2512 3074
3 7633 9462 10313
3 7190 5449 3366
3 8244 5011 9737
3 5298 3006 3772
3 5650 3578 528
3 8158 8172 9646
3 10177 9019 9166
3 10134 6397 7241
3 3121 359 28
3 1867 9187 6227
3 9868 8562 9173
3 6875 207 6393
3 9284 9205 2712
3 3624 8882 3183
3 4301 3900 4128
3 3006 9880 3772
3 7562 3171 3900
3 1314 193 1139
3 410 736 2937
3 3483 8965 3397
3 4431 9945 437
3 5621 6590 3399
3 2400 185 3536
3 9336 6506 8822
3 945 6095 4605
3 6487 7557 7575
3 9983 8842 6314
3 6408 4118 1039
3 3637 9998 5151
3 2907 4415 10162
3 772 9061 1811
3 542 618 4594
3 4006 5054 1672
3 4374 1214 7955
3 4415 7138 6298
3 4374 7279 1896
3 5991 7725 5745
3 9048 1878 6599
3 9551 6803 3488
3 4669 8712 2653
3 1908 6348 3173
3 8404 2264 3354
3 3433 4473 6937
3 6064 8998 2234
3 4687 1050 10117
3 1050 4975 6529
3 9356 6770 1511
3 9851 82 6802
3 3522 2921 9935
3 1240 8455 5181
3 4796 1095 3916
3 4103 4326 9100
3 6164 8634 4350
3 6746 9095 7451
3 5488 525 3837
3 7891 1264 1550
3 1095 3982 7596
3 7595 1672 1093
3 2301 6681 374
3 8303 1261 9216
3 1655 4280 8710
3 1939 1229 8977
3 4769 9471 303
3 6137 9462 8079
3 7598 4373 2199
3 1988 1452 6681
3 7746 364 5077
3 2830 8035 2851
3 8640 4977 8261
3 6795 4941 7899
3 9569 7242 1371
3 1481 8032 9758
3 5140 1918 10127
3 9322 1644 4164
3 6262 362 2433
3 7727 3252 4145
3 5106 1918 7387
3 3299 4065 7949
3 8822 6262 8386
3 2587 3103 1191
3 10102 5495 8227
3 9981 10117 9875
3 5813 8782 3094
3 7955 130 7279
3 4777 2798 1213
3 3294 1435 1147
3 5973 5221 1883
3 406 250 1322
3 5622 6600 10170
3 8270 5668 4635
3 1095 2139 3982
3 6424 3982 10298
3 4635 5668 5801
3 1052 3699 1075
3 9237 4273 3921
3 4577 2734 7141
3 6227 10200 4411
3 2940 2086 4113
3 9130 7588 342
3 328 4172 5668
3 1811 4663 772
3 6001 3592 4260
3 1985 6259 7278
3 9569 2494 6803
3 6803 2494 880
3 8079 7793 6137
3 9059 1738 3299
3 4812 8630 9468
3 2086 677 7244
3 1006 9411 8440
3 5186 70 3434
3 1042 7725 5991
3 9322 937 9301
3 5745 6664 1073
3 5745 2943 6664
3 6903 8475 5935
3 5935 8475 3766
3 9473 117 7136
3 3234 4812 9468
3 10134 7241 4424
3 4454 5652 1318
3 1874 1867 7652
3 5412 6497 3540
3 3773 5021 736
3 1585 2560 6049
3 1544 4409 3276
3 4128 3900 7582
3 2657 217 5576
3 8248 436 8326
3 7385 3347 1052
3 668 1138 9106
3 2670 436 8248
3 827 7521 7275
3 1610 9459 4142
3 1106 5408 4919
3 1076 758 9330
3 9468 8630 1610
3 10103 4643 3637
3 9983 5366 8842
3 6056 6601 5523
3 1043 4687 6869
3 10117 1050 699
3 1422 9933 8913
3 1387 8206 4161
3 4118 1234 3641
3 8189 3238 8913
3 3594 9623 3930
3 9790 4628 6698
3 6698 4110 9790
3 5367 7662 1668
3 4318 8592 6052
3 5347 7568 2108
3 5332 4909 1988
3 9649 6623 5381
3 7575 4086 4723
3 8001 2611 4415
3 988 1760 7141
3 5359 2582 2278
3 4190 2018 3209
3 2110 5095 1672
3 8905 9384 8859
3 1516 8855 2895
3 4613 8094 9059
3 7575 9356 2869
3 1050 4687 3529
3 4341 3211 6620
3 4842 727 4640
3 3706 708 2680
3 3210 9687 6510
3 6515 2395 5762
3 5238 6343 5330
3 7183 10355 10346
3 436 8924 7099
3 5755 3280 2246
3 6397 10134 1952
3 1719 2576 10313
3 5296 6620 7150
3 1511 7739 3529
3 9653 5955 6455
3 4473 3433 1816
3 5621 3399 3252
3 5080 5501 9361
3 6345 3099 8269
3 6413 9737 3872
3 1696 5011 8244
3 9984 444 576
3 8510 9984 576
3 9097 5786 8509
3 2342 1760 6424
3 7848 2652 8402
3 8634 6164 10153
3 5990 8047 5196
3 10078 192 5302
3 2573 7065 2092
3 3009 9518 4658
3 5686 9089 2260
3 3399 2560 3252
3 7279 5733 5952
3 9242 7562 7430
3 831 9905 1436
3 7662 8047 1668
3 6387 675 2840
3 8583 9212 6660
3 5745 1908 3173
3 4030 176 3537
3 1181 10082 742
3 7962 9228 3992
3 6070 6583 3552
3 7005 9409 2680
3 44 9845 3033
3 2125 9305 4030
3 2937 736 7830
3 4502 8362 10352
3 5755 6581 6499
3 3872 3366 5956
3 4502 10352 10053
3 4616 8853 1899
3 10030 5847 1422
3 6219 9361 6305
3 10219 4213 3034
3 7796 799 873
3 7618 1582 9596
3 7669 3331 9912
3 7820 873 8884
3 2936 9055 7949
3 7279 5952 1896
3 8270 176 5142
3 10000 8884 6719
3 2748 9732 6262
3 374 1518 9711
3 2110 987 3961
3 9964 5686 10234
3 10113 3598 1682
3 4632 1339 5842
3 3818 1387 4161
3 6468 3117 9411
3 4790 2301 5548
3 8357 4521 4874
3 6916 7463 10318
3 4849 7793 7633
3 6387 7696 8047
3 9212 7962 8498
3 4597 9551 1324
3 3009 1389 9518
3 62 8421 6499
3 2869 52 4723
3 1000 9528 8065
3 6137 10313 9462
3 2286 9290 10266
3 1147 1435 4006
3 4350 5783 2324
3 1898 506 2185
3 8721 460 6212
3 3729 4185 8157
3 3272 2571 1852
3 3073 4465 386
3 7279 4374 7955
3 2049 1543 2890
3 8355 7788 3950
3 9981 3575 7604
3 2869 4086 7575
3 207 4141 7005
3 4728 1579 5636
3 9279 5973 7644
3 5749 2380 47
3 5403 4736 5345
3 4617 223 5376
3 8893 5715 8883
3 9802 9565 9434
3 6803 880 534
3 10234 5686 2260
3 4590 8431 5353
3 7128 6032 4419
3 3173 3778 5745
3 1908 7432 881
3 5794 1322 2951
3 3234 2068 6595
3 8326 436 1544
3 990 5541 3632
3 7438 7884 1235
3 5351 7940 3687
3 9096 8780 8136
3 2456 8248 3578
3 1327 2591 1800
3 5548 3970 10043
3 4874 4521 6972
3 9098 3929 3883
3 979 7687 7833
3 989 4336 130
3 1213 9905 831
3 1033 1374 8199
3 8198 9507 2798
3 3982 2139 8634
3 9434 7349 9771
3 6424 6591 2342
3 4850 7190 3872
3 223 6990 5376
3 4300 8771 3565
3 8080 2837 5754
3 581 1324 9551
3 8627 5221 9279
3 534 543 1364
3 7775 2917 4668
3 10182 773 4995
3 6260 8167 4385
3 7557 1000 2688
3 10130 9228 7962
3 5367 5990 8357
3 6803 534 1006
3 9166 9458 10177
3 3179 5488 3837
3 6878 1926 7861
3 6842 593 6467
3 8184 3173 2273
3 1668 5990 5367
3 882 7433 7357
3 6617 9875 7435
3 10166 4851 1484
3 1339 9123 5842
3 4143 852 4172
3 8132 6487 2449
3 2764 8892 2576
3 8043 893 9880
3 5011 1696 6080
3 3456 2799 7201
3 359 3121 9419
3 7745 9296 1105
3 1690 8043 9880
3 1482 3675 6774
3 10176 176 9441
3 2463 2504 1335
3 7430 7562 3900
3 439 3492 7441
3 7310 4634 5746
3 2611 5544 4415
3 8545 8840 2060
3 9055 8386 9059
3 4142 2940 4113
3 426 2799 3456
3 5021 4518 6285
3 2234 8998 6946
3 343 1858 7599
3 7891 2029 3207
3 6837 10043 3970
3 893 8043 1200
3 1180 3276 410
3 3981 7066 5980
3 8766 1543 2049
3 5209 6838 3621
3 1257 5612 9863
3 7652 4977 1642
3 130 2465 9061
3 1373 1127 9507
3 9903 4006 1435
3 4022 2289 3543
3 1343 7063 10344
3 2610 9751 7684
3 2260 9089 8197
3 8630 924 9459
3 6591 7701 581
3 8583 2241 5805
3 8813 2684 5135
3 6100 2172 1738
3 6443 653 6735
3 4960 655 1418
3 3641 4027 444
3 328 3046 8270
3 852 5801 4172
3 5870 5595 95
3 8270 3046 5668
3 3558 8270 5142
3 1075 6875 1867
3 9518 1126 5283
3 4415 2907 3917
3 7142 2733 9726
3 7955 2465 130
3 9061 989 130
3 3917 2907 4795
3 1760 988 6424
3 7701 1324 581
3 4260 4380 1909
3 5536 7460 4898
3 1544 3276 1180
3 1317 6392 6791
3 3366 1066 7669
3 9737 6568 137
3 3207 1264 7891
3 7943 304 3734
3 8510 4210 47
3 7633 4268 4849
3 6258 5643 4578
3 9638 5672 6773
3 5672 9638 2768
3 2794 4672 554
3 5412 3540 2130
3 10166 8859 1579
3 2355 5659 5458
3 8836 1305 2533
3 6402 6811 2999
3 4347 5256 4520
3 334 3459 2794
3 5458 3458 335
3 7089 2272 9076
3 1255 7696 6387
3 2762 7956 1509
3 5207 8623 8193
3 7575 7557 2688
3 8918 5914 9969
3 2840 7034 882
3 5352 5754 2837
3 525 5488 2753
3 6496 748 3541
3 270 6496 2643
3 1892 3126 3687
3 3780 7648 1225
3 736 410 3773
3 2913 3981 5568
3 8509 5786 6165
3 3693 549 3492
3 6904 9273 1399
3 6119 1106 193
3 1298 3572 6913
3 7309 890 5904
3 9696 5765 6100
3 6614 1952 7474
3 9059 8386 2335
3 10313 6137 7703
3 2912 6678 6469
3 1516 5611 2218
3 9021 3034 4213
3 2010 6314 5184
3 5905 595 232
3 3962 772 4663
3 9433 5004 8017
3 6388 7698 9591
3 3982 8634 10298
3 3191 7704 8132
3 5843 9124 4662
3 9726 4336 989
3 4630 4663 8467
3 1895 925 9903
3 5095 4006 1672
3 4465 1262 386
3 371 1363 4594
3 4594 592 5909
3 3961 1339 2110
3 6041 6744 8289
3 4576 7773 8613
3 1147 1339 1033
3 9237 3921 4752
3 228 1100 7765
3 7348 6260 4385
3 2006 1854 2527
3 5366 9074 8842
3 231 594 3230
3 576 1537 8510
3 6305 6055 3984
3 7461 3508 4027
3 6581 8278 6499
3 4521 4909 5332
3 3917 5056 5733
3 439 783 9314
3 6766 5863 2438
3 3962 989 772
3 772 989 9061
3 4661 9123 3961
3 2218 10186 1516
3 6456 5735 958
3 1921 8088 4503
3 5870 5794 5595
3 1668 8047 5990
3 837 2092 7065
3 8142 5369 5320
3 7904 4347 305
3 3434 8218 2562
3 466 94 10015
3 5309 8126 9106
3 1670 8043 1690
3 5765 9696 343
3 3699 3347 7688
3 2629 5581 933
3 3254 8853 4616
3 235 6138 7794
3 5302 4684 1487
3 8114 3170 8998
3 1689 6768 4524
3 6648 653 9815
3 8581 2686 5221
3 6681 1452 7989
3 8402 2652 9962
3 7341 5808 1136
3 6746 4273 9237
3 6100 8094 9696
3 1550 4371 7891
3 8665 9242 7430
3 2764 4751 3922
3 8514 3201 1139
3 2612 432 2247
3 6487 1000 7557
3 9927 2921 3522
3 270 8881 6540
3 8859 2998 8905
3 7842 3575 9981
3 6262 2668 2335
3 4643 1105 9296
3 5545 7151 4105
3 9986 689 413
3 6470 2686 6165
3 305 4520 7640
3 3686 4111 8280
3 137 6568 7208
3 10124 5545 6699
3 7451 2106 6746
3 6900 8244 6279
3 4129 7583 1696
3 2869 1043 7003
3 6279 9737 6413
3 9648 4283 9768
3 6946 8998 6735
3 7724 5943 4110
3 5727 6391 1318
3 6713 5652 4454
3 1314 8098 611
3 5021 6704 5761
3 5614 2714 4050
3 8098 2588 611
3 5159 6391 5727
3 9458 3536 10177
3 9061 2465 1811
3 7834 7688 970
3 4145 4143 788
3 3516 6635 7041
3 3891 1626 7254
3 3848 95 3323
3 1339 1147 2110
3 8569 3167 3583
3 1257 9863 4195
3 130 5733 7279
3 6408 1039 2380
3 5196 4669 2653
3 1214 3009 7955
3 7496 1796 7886
3 8197 2010 1391
3 1006 534 370
3 5359 354 6631
3 5909 592 5467
3 5332 1988 4790
3 5745 7356 1908
3 9584 3078 7708
3 9314 8470 10353
3 5221 5973 9279
3 2560 5445 6604
3 4303 5813 8700
3 9518 1389 1126
3 2686 6818 5221
3 9726 5729 3516
3 2342 7774 4577
3 6773 5890 8792
3 7727 5621 3252
3 2134 9982 8891
3 4641 7647 2937
3 915 7003 3273
3 2456 5650 668
3 10366 8248 2456
3 7688 3347 970
3 3210 5932 8733
3 47 2573 5749
3 7688 9409 8212
3 5568 1138 2913
3 2049 7 7453
3 6502 6015 6464
3 6869 10117 7604
3 9982 2134 7841
3 1905 8146 346
3 4030 9305 5142
3 8620 3117 6468
3 1039 8510 47
3 8939 7048 107
3 2631 9165 8604
3 4521 4790 6972
3 5890 6773 5672
3 6139 5671 2765
3 2018 4710 6083
3 7949 9055 3299
3 4874 10043 2277
3 5367 8357 9971
3 4277 4082 3191
3 9827 6695 6939
3 7129 8748 146
3 4443 1391 2588
3 5922 4426 2616
3 6965 4470 7204
3 9551 9569 6803
3 5621 9330 6590
3 7725 1042 2587
3 3851 2838 1087
3 1757 8930 5991
3 2263 4512 10079
3 5715 2616 4426
3 2110 1672 7595
3 1213 831 4777
3 8280 4111 527
3 4613 530 343
3 4727 9987 4850
3 6875 3699 4141
3 4111 6855 9216
3 2478 5801 10192
3 9737 6279 8244
3 4204 758 6070
3 6937 4473 3848
3 6713 3615 1318
3 559 3259 9187
3 3323 6937 3848
3 9912 5956 7669
3 8359 10228 2045
3 3641 4781 9938
3 2068 9468 4146
3 10233 8118 8925
3 7240 3207 2029
3 8049 9821 8677
3 6743 8693 8556
3 5657 1952 6614
3 5801 1955 4635
3 1234 4118 1343
3 4502 4123 4065
3 6487 7575 4723
3 4597 6164 9569
3 8716 9838 4090
3 3961 9123 1339
3 10352 8362 3583
3 9480 386 3508
3 6837 1766 10043
3 2465 1516 716
3 2301 4790 1988
3 2053 1748 3030
3 8620 8460 9411
3 6164 7242 9569
3 1420 449 10182
3 10182 8701 3186
3 8998 6064 7699
3 8367 8032 9015
3 7584 2449 3747
3 3299 9055 9059
3 6650 7996 6127
3 1235 4382 3485
3 2053 7035 7441
3 5621 5142 9330
3 6437 7275 9221
3 69 2348 4225
3 9330 758 6590
3 749 6145 7652
3 363 8219 1391
3 4413 10100 5500
3 6439 9129 3963
3 465 8668 10233
3 5727 1318 2835
3 42 8140 6145
3 4266 4453 1609
3 6203 4215 5300
3 10352 3583 3167
3 3762 390 6582
3 7766 9646 8248
3 5505 1655 8710
3 3900 3171 7582
3 1091 5071 1534
3 317 6251 8545
3 180 3762 8710
3 6647 4208 7224
3 1033 3294 1147
3 7773 6206 8613
3 10298 10153 7701
3 2465 8467 1811
3 2140 6635 8611
3 3008 1213 9507
3 2895 1290 1516
3 1033 1557 10332
3 1748 9296 4460
3 1006 8440 6803
3 5586 581 10161
3 7701 4597 1324
3 136 1484 4851
3 7928 8782 5813
3 9558 5581 8891
3 7670 8471 1624
3 6049 3873 10000
3 1190 8665 7341
3 84 9805 9756
3 10124 7604 7842
3 5581 4341 2134
3 4595 9303 6207
3 9132 6407 7
3 4277 4299 8282
3 9462 7633 8079
3 6590 758 4204
3 10219 2588 4583
3 4790 4521 5332
3 4634 7310 9479
3 2106 3818 7724
3 3179 7451 9095
3 9436 1322 2035
3 600 3033 3615
3 10161 3488 8460
3 736 5021 4266
3 2576 462 10313
3 4305 1609 6791
3 8515 9766 6520
3 207 6875 4141
3 9365 3635 9987
3 2880 2617 531
3 2380 1039 47
3 2263 5367 9971
3 1139 8665 8832
3 6577 5774 937
3 2399 1051 10364
3 2246 9301 937
3 2657 4503 217
3 5184 7670 2588
3 9212 8583 7962
3 70 9034 3591
3 2277 10043 9836
3 6182 2308 1410
3 8939 359 9419
3 5755 2246 6581
3 7647 3578 410
3 528 3578 4641
3 631 8958 6077
3 3366 3872 7190
3 4643 5941 3637
3 716 10186 4630
3 8467 2465 716
3 7453 4319 4812
3 4421 3433 3323
3 5080 9361 1196
3 7669 1066 3331
3 7604 10117 9981
3 7727 328 5621
3 3985 5523 3230
3 4502 4065 8223
3 8440 3488 6803
3 6933 8167 5232
3 882 7561 1255
3 9601 5593 5836
3 3564 7054 2892
3 9221 9851 932
3 10382 5982 7348
3 4222 2518 6551
3 8494 7379 29
3 3173 6348 4425
3 5283 5081 9518
3 827 6683 2629
3 7628 9174 90
3 5902 1193 223
3 3094 9324 7521
3 6605 5444 2068
3 3373 8006 8693
3 9174 31 205
3 668 2913 1138
3 6794 221 5623
3 188 7810 808
3 4141 3699 8212
3 708 3706 8125
3 7745 9621 7270
3 5180 4071 3317
3 9696 8094 4613
3 1534 528 2575
3 8928 4566 7377
3 9301 3121 5318
3 9984 8510 1039
3 7484 9961 9145
3 1339 4632 1033
3 8467 4663 1811
3 4658 7955 3009
3 6540 9384 8905
3 9147 4586 6410
3 8155 2477 5496
3 7684 940 2610
3 4093 6155 4990
3 6913 9158 1298
3 6363 4512 9971
3 5625 10197 7606
3 2092 5749 2573
3 2469 10078 5302
3 5367 6387 7662
3 6842 3896 5909
3 8914 8242 9021
3 370 534 1364
3 6212 460 844
3 7704 6138 6487
3 8047 7696 1255
3 5238 1320 6064
3 937 5351 3126
3 979 9106 9408
3 2784 8587 184
3 7005 8212 9409
3 3890 4842 3810
3 107 7048 4880
3 7905 4305 7012
3 8248 8326 3578
3 9419 3121 9301
3 7063 8155 8971
3 6479 1732 8447
3 1033 4632 1557
3 2110 6423 987
3 8620 9522 5586
3 1374 7496 804
3 8855 1516 9518
3 4658 1516 2465
3 3729 5732 1626
3 4950 6923 7817
3 95 3848 6397
3 7065 2241 837
3 9953 7774 2342
3 6923 4950 1771
3 6824 145 8562
3 4752 9376 9237
3 9938 4027 3641
3 6788 2994 6818
3 6620 5296 4341
3 8917 2143 10163
3 2994 5412 2130
3 2644 5412 2994
3 2263 7034 675
3 9935 6988 3205
3 3543 7449 4022
3 8613 8899 4576
3 2319 5909 8930
3 3633 8206 1387
3 9814 9877 7015
3 9296 1748 2053
3 6664 1293 1073
3 9601 5836 4570
3 6766 3780 1225
3 9434 9565 9066
3 10048 5284 1373
3 830 1435 3294
3 1702 7520 7848
3 6970 281 965
3 7002 2006 1738
3 2527 8252 3299
3 8381 3730 634
3 8588 7839 789
3 9880 6769 1690
3 5330 7541 3667
3 5330 2900 3354
3 1738 9059 8094
3 6207 9303 2554
3 2753 5488 9095
3 2562 4809 3434
3 2876 7178 2001
3 1422 150 4751
3 3122 20 4758
3 1322 5794 2035
3 5066 7056 1379
3 6139 5889 5671
3 8791 5889 8604
3 3747 915 3273
3 6397 9674 95
3 940 9674 1952
3 6487 4723 3747
3 4172 328 7727
3 6774 268 1047
3 2232 5208 44
3 6972 4790 10043
3 3707 2679 9106
3 8836 2533 9637
3 9987 5635 9365
3 9158 7015 1123
3 5956 6900 6413
3 1892 6577 937
3 3810 4842 797
3 1187 2358 9843
3 3299 8252 8223
3 8193 6840 5278
3 6509 8791 4190
3 6589 560 10033
3 5262 9783 5137
3 2246 937 8278
3 9415 10341 4595
3 6540 9962 2652
3 7613 35 5638
3 675 7034 2840
3 4051 8680 8866
3 3034 8732 10219
3 3252 2067 4145
3 7034 10079 8883
3 9411 3488 8440
3 2068 5444 6595
3 5909 2319 6842
3 363 4443 3034
3 10300 9499 43
3 4640 207 7005
3 4842 4640 1455
3 5700 1689 3593
3 5595 4421 3323
3 2575 2937 7830
3 9166 3456 146
3 7014 62 7660
3 8167 6933 8498
3 5445 2560 1585
3 146 3456 2323
3 4899 3963 10035
3 4633 2219 1257
3 4566 813 7377
3 2140 7482 6635
3 1127 1373 5284
3 8748 1067 1021
3 7606 10197 8495
3 2029 386 9480
3 5804 9996 6861
3 4027 4465 444
3 3635 7190 9987
3 7699 5765 8114
3 7085 4320 1828
3 3583 8362 8569
3 10034 9128 4260
3 2234 6946 5238
3 7884 5892 1235
3 6107 3701 7648
3 9815 2801 3176
3 8514 1139 8832
3 4502 9336 7949
3 2477 7791 4118
3 8046 9115 8373
3 1066 3366 5449
3 6938 1854 7541
3 3918 3946 5808
3 2252 4385 9821
3 5408 4959 4919
3 5765 343 7599
3 2912 8928 6678
3 2684 2319 1219
3 8142 5320 10346
3 228 7365 6417
3 1190 8869 3572
3 4299 2593 1379
3 1719 10313 9933
3 7693 811 6417
3 8780 9096 797
3 4129 1696 3331
3 5656 8289 5541
3 2638 773 6650
3 6127 7996 9716
3 7430 4301 7341
3 3687 1481 3259
3 7554 2330 67
3 7255 8049 8677
3 1401 32 3549
3 6397 3848 7241
3 8035 1314 2851
3 581 5586 4595
3 1524 9411 7944
3 581 3488 10161
3 8467 716 4630
3 10332 7886 1033
3 1374 1796 7496
3 9518 8651 8855
3 10346 7243 1731
3 3632 9136 990
3 6591 6424 7701
3 4279 8623 2277
3 825 1804 9174
3 363 9342 10197
3 8498 2611 8001
3 8998 3170 9095
3 3778 1757 5745
3 4542 1322 9436
3 2867 8051 4462
3 2272 5084 6005
3 10206 5884 7002
3 9419 4379 8939
3 5456 9636 2530
3 1982 8286 3484
3 8792 8837 6773
3 2541 7012 6791
3 346 185 2400
3 2541 2621 3449
3 2373 6041 8289
3 9068 5501 8157
3 8897 5729 2733
3 9821 10382 2252
3 9216 2228 527
3 993 8650 5082
3 8857 5680 1916
3 7774 9953 6207
3 8882 2644 3183
3 6735 653 6946
3 2342 4577 7141
3 7341 8665 7430
3 2449 6487 3747
3 10079 7034 2263
3 3415 50 7570
3 4595 10341 2554
3 7633 7793 8079
3 10313 1893 9431
3 2301 4815 3970
3 231 6601 7307
3 5232 8167 6260
3 8157 5501 5732
3 2319 593 6842
3 5546 8322 5503
3 6601 1469 7307
3 9342 363 3034
3 8187 745 7185
3 1950 1954 8722
3 5909 5467 5991
3 2006 2527 3299
3 1738 1639 3299
3 9240 5735 6456
3 5879 9519 4588
3 1579 9384 1801
3 9982 9876 9558
3 4303 9876 6618
3 5496 5749 2092
3 1368 9214 6219
3 3280 9301 2246
3 5236 2321 9652
3 3516 7138 9726
3 32 2851 1298
3 2465 7955 4658
3 7048 9419 3280
3 3373 6743 3729
3 3868 2482 976
3 1817 3273 4299
3 7254 1196 3429
3 7703 835 10313
3 9433 3516 7041
3 1709 1522 3501
3 668 528 1534
3 4050 3207 7240
3 150 5847 1984
3 7054 1043 6869
3 1892 937 3126
3 7003 1043 7054
3 192 8582 9366
3 5354 7606 4378
3 611 7670 1314
3 8280 7904 3686
3 1908 881 6348
3 4425 5921 3173
3 9376 7278 9237
3 8114 5765 3170
3 3766 1765 5935
3 783 7441 7035
3 4843 3125 8131
3 10378 1079 7168
3 6621 7788 4105
3 2617 8038 1111
3 6761 10223 1398
3 5462 5040 1768
3 9836 10043 1766
3 7270 3030 4460
3 843 1049 1643
3 10184 9158 1123
3 2858 8189 8913
3 9933 9431 5627
3 8853 3254 6679
3 2125 1076 5142
3 5884 10206 3667
3 5675 8303 424
3 8400 6034 6649
3 7114 6678 8928
3 9643 3867 1886
3 1817 3747 3273
3 811 9757 3710
3 6449 8616 10252
3 1608 4335 5086
3 7958 3881 3120
3 3968 6165 8581
3 2913 5423 3981
3 1167 1471 4775
3 10313 835 1893
3 8971 9235 4320
3 6363 8699 4512
3 2830 552 8035
3 7130 6566 10163
3 1523 6842 6467
3 2380 2477 6408
3 119 9126 9318
3 4027 1262 4465
3 1105 28 10266
3 3970 7708 3078
3 7030 6274 5065
3 837 2241 6660
3 8832 8665 1190
3 4385 2252 7348
3 3289 1959 4
3 1398 10223 9920
3 9746 2835 43
3 7830 736 4266
3 9996 3199 8457
3 528 4641 2937
3 2186 1656 9622
3 9106 2679 9408
3 6923 4280 1655
3 2680 1455 7005
3 9106 1138 5309
3 7035 2053 3030
3 3190 1893 7703
3 1484 6215 9028
3 3460 5486 789
3 5804 3107 4229
3 6843 8546 2367
3 6937 3323 3433
3 5072 3508 7461
3 3733 634 1939
3 7129 7201 1067
3 8353 8971 6849
3 2858 7367 8189
3 391 8699 5278
3 9512 5680 993
3 7886 1113 7496
3 3167 4473 10352
3 5499 6680 5072
3 1126 1389 3009
3 7214 5544 2611
3 52 2869 7003
3 1603 3057 9770
3 1932 4380 4513
3 7459 2058 8044
3 6000 2193 6038
3 2218 4630 10186
3 5612 1257 2219
3 5749 5496 2380
3 5496 2092 7719
3 4542 406 1322
3 3407 8219 363
3 8748 7613 146
3 8196 6697 9249
3 2142 9863 5612
3 1256 10332 1557
3 1642 6577 1892
3 1033 8199 3294
3 1534 2541 1091
3 6185 5999 6037
3 3259 9758 9187
3 6591 8989 9953
3 1373 803 10048
3 7438 1235 5216
3 9408 7687 979
3 934 2278 8137
3 6904 3686 3693
3 8620 7814 6148
3 3693 3492 439
3 2273 2615 9600
3 8373 4665 6788
3 5449 7190 3635
3 8792 1188 8837
3 8575 10353 6771
3 3224 2346 613
3 527 2228 8280
3 2892 7054 10124
3 2615 2273 5921
3 1754 3946 7366
3 995 9837 8715
3 8210 5215 4160
3 270 6491 6496
3 3581 4894 4757
3 7849 9115 9986
3 6540 8905 270
3 8648 9331 365
3 3686 7640 3693
3 4851 10166 4728
3 8983 2935 3307
3 1607 6665 4093
3 4305 7905 2575
3 2235 1750 9488
3 9804 1302 7815
3 7844 1217 1927
3 3078 1766 6837
3 3780 6107 7648
3 8132 2449 3191
3 893 1200 9386
3 813 4566 5614
3 1320 10206 2172
3 10301 1130 9050
3 5858 1665 5300
3 9095 3170 2753
3 5792 634 807
3 5876 973 865
3 1826 2681 4828
3 4118 7791 1343
3 7604 10124 6869
3 1373 9507 8198
3 8989 6207 9953
3 6389 431 5061
3 325 10023 6786
3 7936 1554 1304
3 3780 4524 6107
3 5729 9726 2733
3 6635 7482 7041
3 5994 9483 6813
3 8913 9933 2858
3 86 1854 6938
3 10186 716 1516
3 4683 9601 2616
3 4425 6348 881
3 5843 4662 4631
3 2541 4021 2621
3 1952 9674 6397
3 8126 5309 5568
3 6393 7652 6875
3 8282 7056 1804
3 6886 8252 5538
3 1607 7702 2624
3 5172 9307 3375
3 8282 4299 7056
3 391 5278 6840
3 8242 8914 8577
3 3167 4424 7241
3 8623 4874 2277
3 4381 9821 8049
3 7041 5004 9433
3 7484 9145 4194
3 8990 1121 8415
3 8914 8035 552
3 8242 3034 9021
3 3593 3780 6766
3 5680 621 1916
3 1298 8514 3572
3 9971 8357 4874
3 5187 5869 1453
3 8649 9412 7076
3 4460 9296 7745
3 3063 5576 217
3 4378 7985 5354
3 8184 3738 3173
3 3068 8223 6886
3 2456 3578 5650
3 5568 5309 1138
3 3516 8897 6635
3 7495 9512 803
3 5081 8651 9518
3 254 7169 1465
3 5578 5350 2078
3 3667 8697 2006
3 2006 8697 7541
3 8088 466 9366
3 7699 6064 1320
3 6683 9805 84
3 1766 3078 5625
3 9479 6437 4634
3 10206 1320 5238
3 365 854 8648
3 6259 1985 3122
3 3594 3230 594
3 1229 5582 5072
3 9433 8017 2944
3 5611 1516 7482
3 7142 9726 989
3 9953 2342 6591
3 8613 6206 2555
3 4514 8857 1916
3 7151 5545 7842
3 8627 4008 2228
3 2134 8891 5581
3 4193 2141 8612
3 5636 1801 4757
3 7550 1542 6156
3 5137 3919 2436
3 7288 4720 5180
3 4595 5586 9415
3 410 4175 3773
3 95 5595 3323
3 6904 439 9314
3 3624 3183 9115
3 1523 4594 6842
3 3279 6862 6684
3 8353 9178 7540
3 4213 4583 8035
3 6393 207 4640
3 9963 8882 3624
3 1754 5808 3946
3 4874 6972 10043
3 6824 6500 1720
3 8498 6933 9212
3 4499 7124 6951
3 2616 5715 4683
3 3030 1748 4460
3 1156 6562 7690
3 3922 4274 2764
3 9558 933 5581
3 2172 6100 1320
3 2006 7002 5884
3 8204 4830 1008
3 6064 2234 5238
3 8545 9821 8840
3 8285 1600 4222
3 2895 8651 398
3 8196 5003 7040
3 6697 9415 4056
3 5008 349 1468
3 398 5681 8858
3 10223 9854 940
3 398 4081 2895
3 5627 7367 2858
3 5265 5113 8853
3 7891 386 2029
3 5973 3382 7644
3 2490 5537 4203
3 934 4960 2278
3 4213 10219 4583
3 1193 9915 223
3 10161 8460 8620
3 4558 6382 2189
3 5071 668 1534
3 4640 7005 1455
3 1952 10134 4424
3 506 8556 2185
3 6788 2686 8373
3 3068 6614 8569
3 7652 6145 4977
3 8582 10078 6498
3 8155 7063 1343
3 9783 8997 872
3 7262 5858 5300
3 6953 2562 8810
3 3970 4815 6345
3 528 2937 2575
3 668 10366 2456
3 4536 3616 3231
3 5545 10124 7842
3 7886 1374 1033
3 7136 5675 9273
3 4453 4266 6285
3 5794 2951 5595
3 4454 6286 6713
3 5675 9097 8509
3 2285 1272 6217
3 8715 1893 802
3 3564 2593 4299
3 2172 7002 1738
3 7138 4415 4336
3 10032 7572 6237
3 9415 9522 4056
3 3516 5729 8897
3 4424 3167 8569
3 4828 2681 5877
3 9122 7278 8998
3 935 6886 10244
3 8699 6363 5207
3 1307 3211 4341
3 581 9551 3488
3 1195 6679 3254
3 655 3738 6631
3 5707 7861 9370
3 6660 2241 8583
3 6126 6884 9172
3 2801 3403 3176
3 6699 3564 2892
3 7541 8697 3667
3 8189 2441 3238
3 1056 8128 2070
3 3185 1468 349
3 7138 3516 9433
3 2886 6410 4810
3 2554 8196 1627
3 6713 6286 600
3 7482 2140 5611
3 32 1298 9158
3 9415 5586 9522
3 9479 7310 2714
3 1128 5537 2490
3 7684 9751 8153
3 6147 593 2684
3 3968 2228 9216
3 9106 8126 3707
3 1763 6695 8699
3 6788 4665 9115
3 9115 9963 3624
3 10342 1403 4607
3 609 10057 1686
3 4285 8027 5462
3 10352 4473 10053
3 5538 2527 1854
3 8951 7965 2059
3 2319 2684 593
3 10382 4180 5982
3 5400 7660 9564
3 6495 143 8893
3 979 7833 7766
3 748 2183 3541
3 3675 10223 7684
3 2246 8278 6581
3 5064 8780 3503
3 4542 2055 8072
3 5221 8627 8581
3 1318 3615 2835
3 5565 2830 1401
3 6267 6377 4603
3 5209 8286 5942
3 3635 9365 8997
3 9783 9588 5137
3 9621 1603 7270
3 3366 7669 5956
3 348 6185 6037
3 2944 317 9433
3 6148 7814 6468
3 1422 8913 10030
3 9122 8998 9095
3 1854 2006 7541
3 4050 813 5614
3 3667 10206 5238
3 3641 9984 4118
3 837 6660 9842
3 8883 10079 6939
3 9479 6469 6437
3 10060 7538 6796
3 1136 1190 7341
3 8581 6165 2686
3 8470 7180 6771
3 5267 5731 4034
3 10060 357 7538
3 5755 6499 8421
3 4640 727 749
3 7141 1760 2342
3 1516 4658 9518
3 8989 6591 581
3 915 3747 52
3 9933 1422 1719
3 2286 4880 7695
3 4960 934 3807
3 7724 6746 2106
3 552 8577 8914
3 6620 3211 1307
3 4299 3273 3564
3 7241 4473 3167
3 339 8091 9189
3 1145 5914 390
3 9827 10079 4512
3 8893 5593 9601
3 8495 9231 4378
3 1635 3950 90
3 9600 4032 2273
3 8905 2998 6491
3 84 4341 5581
3 5296 7150 7841
3 5069 8100 8207
3 4756 5966 9365
3 2427 1150 1982
3 9668 7302 2333
3 5636 1579 1801
3 4305 2575 7830
3 3593 4524 3780
3 9815 653 6443
3 940 9854 9674
3 1314 3201 8514
3 8291 3930 9623
3 5072 5263 8977
3 35 4988 5638
3 2477 8155 1343
3 363 3078 9584
3 6743 4185 3729
3 3273 7003 3564
3 613 7985 4378
3 3791 3965 8677
3 9882 7472 7655
3 6471 2161 2641
3 994 5681 398
3 5007 1467 9959
3 3953 8141 9776
3 965 281 6244
3 6636 8899 8613
3 1234 1343 10344
3 6207 8989 4595
3 3173 3738 3257
3 1219 8663 5135
3 4045 8693 8006
3 1828 4320 4407
3 1002 8014 6737
3 9184 1002 2415
3 10344 4781 1234
3 2702 188 7299
3 7719 837 5982
3 5064 8136 8780
3 4880 2286 107
3 4335 5784 1691
3 8167 8001 2060
3 4579 3429 9214
3 5318 4952 9322
3 1801 9384 9766
3 7240 9480 9840
3 5216 9906 5518
3 9144 9959 1467
3 1439 1517 4700
3 6680 5499 4781
3 803 9512 993
3 9862 2141 4193
3 5870 95 9674
3 6259 9815 6443
3 7070 7975 1160
3 6648 6946 653
3 3860 5786 5147
3 4758 9815 6259
3 4751 1714 1422
3 1276 1420 10182
3 4995 7884 1276
3 3639 2638 7218
3 9314 7035 8470
3 8582 6498 4256
3 2629 933 827
3 5207 6363 8623
3 6621 8333 7788
3 382 1665 8193
3 9827 4512 8699
3 1763 10301 9050
3 1087 1542 7789
3 2913 5071 1091
3 10378 1307 6782
3 9342 3034 8242
3 7844 8667 2718
3 8960 1020 2672
3 4318 6941 6907
3 8998 7699 8114
3 44 2395 9845
3 10300 405 4543
3 9436 2035 2055
3 2477 2380 5496
3 7482 1516 9960
3 4191 9463 7483
3 7702 8005 6766
3 4118 9984 1039
3 346 2400 4176
3 6683 827 1520
3 5082 5284 10048
3 621 5680 9512
3 2541 6791 950
3 3981 798 8126
3 797 4842 708
3 2714 3207 4050
3 7035 29 7180
3 7861 9414 6878
3 749 6393 4640
3 7652 6393 749
3 6468 7814 8620
3 6468 9411 1524
3 3807 8813 4960
3 7240 2029 9480
3 2286 7695 9589
3 8193 5278 5207
3 2426 6323 8785
3 8556 506 1950
3 2436 4129 3331
3 7692 6736 3758
3 935 6156 7714
3 9601 4683 8893
3 3918 5377 3946
3 5135 3257 3738
3 6428 1044 6662
3 6938 10244 86
3 9122 6746 9237
3 4310 5804 3368
3 8303 5675 8509
3 3224 613 2296
3 3572 8832 1190
3 9009 1079 7733
3 2625 8708 3791
3 8250 5040 9231
3 5589 7367 5627
3 1804 3671 1635
3 3564 6699 1379
3 9158 3549 32
3 6184 6389 7178
3 4595 8989 581
3 5727 9746 5159
3 807 1462 5792
3 8722 4185 1950
3 2680 708 1455
3 5982 837 9842
3 8193 4279 1248
3 9591 8153 1743
3 8362 4502 8223
3 6594 1482 1047
3 2724 2709 1129
3 3600 9766 9384
3 9558 9876 4303
3 6520 3600 3939
3 9835 5886 676
3 6443 7278 6259
3 10118 10171 1434
3 8781 3981 5980
3 5423 5247 10118
3 798 3981 8781
3 7841 2134 4341
3 1984 10030 7749
3 1893 835 7703
3 2851 1314 1298
3 1642 8640 6577
3 6571 737 5338
3 3671 8355 3950
3 4583 8098 1314
3 1399 4111 6904
3 3747 1817 7584
3 8303 6855 4111
3 7056 5066 1804
3 8575 6562 7136
3 2060 8001 6298
3 3184 10332 4192
3 8031 709 6801
3 10023 1159 2162
3 1290 4081 5069
3 1468 4194 9145
3 9464 4193 8612
3 6079 2516 8321
3 1462 1939 5792
3 8977 1229 5072
3 5263 6680 1828
3 4194 1468 3185
3 3183 4785 2994
3 622 1113 1917
3 803 5082 10048
3 1113 10332 3184
3 8858 4081 398
3 7076 854 365
3 8699 6695 9827
3 5715 4426 882
3 4569 4032 9600
3 3477 2186 2289
3 894 5078 9104
3 1768 8363 5462
3 7452 8971 8353
3 8590 10258 4758
3 3401 4070 9746
3 4198 307 10382
3 9821 4385 8840
3 4277 3191 7584
3 7704 6487 8132
3 2186 1580 1656
3 7348 2252 10382
3 6606 9039 5739
3 5082 803 993
3 6013 813 6011
3 4894 3966 10038
3 3735 4769 7942
3 1628 9465 8613
3 2684 7459 8044
3 3254 2601 9066
3 8137 3807 934
3 547 2776 46
3 10096 5592 3831
3 5354 1350 9836
3 8223 8252 6886
3 6145 749 2322
3 7541 6359 3851
3 3882 7959 1354
3 5378 3919 5137
3 666 552 2830
3 62 6499 4005
3 5565 10184 2830
3 2286 8939 107
3 5715 7034 8883
3 4683 5715 8893
3 610 10284 4314
3 8650 993 397
3 9384 1579 8859
3 9106 979 668
3 2913 1091 5247
3 1401 2830 32
3 7012 4305 6791
3 4756 9365 5635
3 5433 3109 1799
3 3834 876 9614
3 3317 10143 7288
3 8136 3890 3810
3 10313 9431 9933
3 575 3128 7393
3 7114 7275 6437
3 2994 9115 3183
3 1320 6100 7699
3 8914 4213 8035
3 10032 7726 7572
3 5627 1893 5589
3 2762 1509 1932
3 1821 4217 9315
3 3508 386 4027
3 6360 10184 1123
3 2464 1909 4380
3 2554 9415 8196
3 4497 1695 5584
3 933 8700 827
3 3000 610 5740
3 9597 615 6994
3 8621 5815 6166
3 5350 4503 8088
3 1628 8613 2555
3 5772 1647 9315
3 4385 8167 8840
3 4805 8448 4359
3 331 2900 6343
3 8787 7106 6330
3 3737 1648 2490
3 9589 3057 9621
3 2658 2842 5905
3 3230 5523 231
3 7535 986 3793
3 1234 4781 3641
3 10223 6761 9674
3 7886 10332 1113
3 2002 6037 2877
3 9746 5727 2835
3 3316 4070 6779
3 3981 8126 5568
3 1554 7936 7255
3 2058 6147 8044
3 2610 1952 5657
3 5135 8663 3257
3 9836 5625 5354
3 3930 1369 3594
3 480 2170 2551
3 6886 5538 1854
3 10114 6416 8462
3 4621 6480 6760
3 10086 1135 8391
3 9804 6786 1302
3 6495 8893 6939
3 5675 424 9273
3 666 9678 6566
3 8495 10197 9342
3 6282 9606 6745
3 8997 10335 872
3 1113 3184 348
3 2296 8027 4285
3 9842 6660 5232
3 6260 7348 5232
3 1999 8207 5341
3 5003 8196 6184
3 8207 6038 5069
3 8671 8708 9576
3 5072 7461 5499
3 7452 8353 9104
3 1277 4719 8462
3 6038 2193 5009
3 4855 7202 10044
3 10266 359 2286
3 1738 8094 6100
3 8693 6743 3373
3 5086 5747 433
3 2736 2818 4408
3 4203 3737 2490
3 8904 8089 6761
3 5085 5105 10387
3 9814 3124 3491
3 5238 6648 3176
3 1047 1482 6774
3 6697 8196 9415
3 7332 7254 3429
3 29 7270 8494
3 4062 833 9883
3 6671 1982 4603
3 6699 5545 8355
3 9928 9097 117
3 5071 2913 668
3 2541 950 4021
3 10124 7054 6869
3 1314 8514 1298
3 9621 9290 9589
3 2993 2842 5580
3 7648 4586 9147
3 7190 4850 9987
3 1603 9621 3057
3 2654 5815 2282
3 7341 4301 5808
3 2273 3173 5921
3 5187 1571 8394
3 2006 1639 1738
3 5105 2731 9835
3 6438 1913 8405
3 1225 9147 7702
3 9792 1587 8972
3 6678 7114 6469
3 3671 3950 1635
3 3401 9746 9499
3 1829 1803 6417
3 1898 1950 506
3 4873 6454 10308
3 4137 6485 8136
3 9606 4138 3504
3 8303 4111 424
3 9158 6913 7015
3 8177 7806 4005
3 9720 8955 6757
3 5804 6861 4092
3 5072 5582 9840
3 3675 7684 6774
3 3442 6192 8503
3 3125 4256 6498
3 9398 133 8956
3 6861 7243 10346
3 6251 9821 8545
3 4843 9047 3934
3 2684 1219 5135
3 6695 9050 6939
3 6840 5858 391
3 6938 7541 3851
3 1248 9836 1350
3 6467 593 6147
3 8015 5003 6184
3 9799 4992 8972
3 4080 8857 4514
3 2895 8855 8651
3 4418 6903 5935
3 8071 9643 10300
3 2055 2035 8904
3 5829 8869 9814
3 2624 6665 1607
3 9388 4539 9341
3 8373 6470 8046
3 1482 6594 9920
3 7474 4424 8569
3 2071 8335 8046
3 872 10335 5966
3 5966 8390 872
3 2436 3331 1066
3 7698 8417 8153
3 6684 9688 4056
3 4056 9249 6697
3 6037 1917 348
3 1290 9960 1516
3 2551 2170 9230
3 4105 7151 6621
3 10332 1256 4192
3 3222 4328 10339
3 511 2944 6000
3 4751 1984 9375
3 3950 7788 10232
3 953 2233 465
3 8108 5473 8851
3 8761 5434 6978
3 9146 1049 8761
3 4279 2277 9836
3 1828 4407 3733
3 6892 9990 9768
3 6363 4874 8623
3 9166 5638 9458
3 6271 6395 1421
3 1350 382 1248
3 3390 2838 1206
3 5278 8699 5207
3 7476 7255 3965
3 5836 5593 8893
3 1379 2593 3564
3 3257 3778 3173
3 9342 8242 8577
3 31 7628 329
3 5072 6680 5263
3 6278 1429 6204
3 5847 150 1422
3 7063 8971 7085
3 10258 6438 2801
3 1343 7791 2477
3 6090 5582 8118
3 9184 9104 4072
3 8971 4320 7085
3 6122 3032 6436
3 2287 3599 3941
3 3514 1939 8925
3 950 6392 5160
3 8925 8118 3514
3 8748 7129 1067
3 2886 6665 9147
3 5066 1379 3671
3 5423 2913 5247
3 5804 4092 3368
3 4856 4514 1916
3 2483 6862 4700
3 1917 7202 4855
3 9960 1290 5009
3 8184 6631 3738
3 8250 10163 5040
3 8278 937 5774
3 8193 1248 382
3 4731 7366 9258
3 391 1763 8699
3 6495 9050 1130
3 9258 7366 9538
3 1571 5187 143
3 5330 3667 5238
3 64 4965 4219
3 4341 84 1307
3 2714 2912 9479
3 1307 84 6782
3 1379 6699 3671
3 7788 5545 4105
3 10383 9945 3367
3 2112 8284 1979
3 1459 9915 2045
3 3810 797 9096
3 7056 4299 1379
3 5247 2541 10118
3 9096 8136 3810
3 8470 7035 7180
3 3126 5351 3687
3 5774 4005 8278
3 6662 5822 2462
3 5263 7469 8977
3 3514 1229 1939
3 8769 2652 7848
3 7469 1939 8977
3 9419 9301 3280
3 6520 2318 10235
3 7085 10344 7063
3 5625 3078 10197
3 4180 4198 6849
3 8035 4583 1314
3 5504 9622 1656
3 10163 6566 8917
3 3756 9049 9522
3 552 666 6566
3 10344 7085 4781
3 8153 9751 2610
3 4180 7719 5982
3 8738 2250 9576
3 3762 6582 8710
3 6251 8677 9821
3 9688 2007 4553
3 8196 7040 1627
3 3424 548 9223
3 3360 8820 9616
3 2876 6184 7178
3 452 1412 7202
3 8017 350 5009
3 6495 1130 1571
3 1917 2002 7202
3 9385 6878 2432
3 1260 3025 6067
3 8781 5980 3504
3 3354 331 8404
3 8355 5545 7788
3 1352 565 3977
3 5238 6946 6648
3 607 6438 10258
3 331 6343 5238
3 4603 1982 42
3 9431 1893 5627
3 802 8885 995
3 4082 8282 825
3 2367 7224 6843
3 10069 3911 976
3 4720 5160 5180
3 6885 68 2671
3 8708 8671 4865
3 708 8125 797
3 2292 7187 103
3 6417 9958 843
3 8017 5009 2193
3 6000 2944 8017
3 6000 8017 2193
3 621 9512 7495
3 489 65 7320
3 4270 7650 3786
3 3165 6237 8947
3 10353 8470 6771
3 1352 1556 9189
3 7461 9938 5499
3 1970 801 2582
3 2610 2336 1743
3 5657 3068 6886
3 7461 4027 9938
3 9892 2203 2093
3 1835 5350 8088
3 6631 4569 5359
3 8893 143 5836
3 3930 3897 9652
3 9115 689 9986
3 5247 1091 2541
3 2812 268 2736
3 9674 9854 10223
3 5697 744 7565
3 1609 4453 1317
3 6282 7507 9606
3 3465 7332 6303
3 5808 4301 2435
3 2438 6429 5700
3 10196 7684 8153
3 813 7240 6011
3 5137 2436 1066
3 6644 4202 1129
3 331 10387 5105
3 412 3243 3730
3 3354 2900 331
3 4308 775 5861
3 1828 7469 5263
3 5341 4430 2944
3 8207 8100 5341
3 9174 205 825
3 5344 5063 2003
3 5069 6038 5009
3 3671 6699 8355
3 86 6886 1854
3 6184 8196 6868
3 7584 1817 4299
3 9178 8353 6849
3 613 4378 8027
3 441 1337 8141
3 8137 4400 8950
3 2830 10184 666
3 5982 9842 7348
3 1597 722 9770
3 3738 655 5135
3 1350 7985 613
3 7985 1350 5354
3 4056 9522 9049
3 3807 2684 8813
3 3787 1393 1061
3 6377 6267 8136
3 727 2322 749
3 4516 9047 1835
3 7675 6485 5725
3 4629 1973 4655
3 2554 10341 9415
3 20 6732 4556
3 7138 4336 9726
3 6735 8998 7278
3 513 8208 2000
3 2000 7177 513
3 2002 1917 6037
3 1113 622 7496
3 1290 2895 4081
3 10339 5327 7320
3 8640 8261 8177
3 2469 2032 10078
3 1229 3514 5582
3 8044 6147 2684
3 10375 10233 4873
3 634 3733 8381
3 1801 9766 8515
3 4873 1480 6090
3 8118 5582 3514
3 2415 4407 9184
3 3733 4407 8381
3 6219 3984 1368
3 9652 2321 3930
3 5589 5273 8189
3 1576 5359 4569
3 2838 294 5886
3 10301 5858 1130
3 9230 2170 480
3 9558 4303 933
3 4176 2400 5638
3 188 3266 7810
3 9458 5638 2400
3 3891 7254 3465
3 8129 9828 1597
3 876 7014 808
3 2714 7310 3207
3 431 5317 9467
3 2875 6038 8207
3 7178 5061 5343
3 1197 947 10012
3 8209 514 2878
3 351 8016 6186
3 6685 1197 452
3 6779 2444 10142
3 7718 331 5238
3 1939 7469 3733
3 1893 8715 5589
3 10233 953 465
3 3333 6053 6170
3 1196 6219 3429
3 6148 2059 3756
3 4278 9136 3632
3 6154 7553 9716
3 424 4111 1399
3 8014 9855 6263
3 7905 7012 2541
3 6791 1609 1317
3 8813 5135 4960
3 1691 1492 10168
3 9184 8014 1002
3 4407 4320 9235
3 1434 6745 10118
3 5346 6156 9591
3 8155 7719 4180
3 2323 3456 7201
3 7660 62 7806
3 6274 7044 4055
3 7227 2783 185
3 8885 1893 3190
3 802 995 8715
3 4512 2263 9971
3 8027 4378 9231
3 5300 4215 5775
3 3307 3821 379
3 6939 9050 6495
3 10266 7745 1105
3 9674 6761 5870
3 8581 2228 3968
3 6155 4093 9664
3 8421 7048 5755
3 3615 358 10300
3 2638 3649 773
3 433 9678 666
3 9602 1150 5374
3 1978 5489 1859
3 29 3030 7270
3 10276 8940 2702
3 8495 9342 9231
3 8925 1939 1462
3 6187 3165 5748
3 8118 10375 6090
3 10233 10375 8118
3 1462 953 10233
3 3378 8668 2233
3 1350 1337 382
3 1462 10233 8925
3 10111 6378 5875
3 3730 3243 953
3 7452 9235 8971
3 8363 4285 5462
3 5998 6184 2876
3 8100 4081 6420
3 10163 8250 8577
3 1849 10175 5709
3 676 5105 9835
3 3667 2006 5884
3 1200 8043 1670
3 9838 4082 825
3 4430 2250 2625
3 9423 10045 7476
3 6148 3756 9522
3 2360 3373 3729
3 317 2060 7138
3 2583 5483 6926
3 7841 4341 5296
3 7733 1079 737
3 6782 84 9756
3 1982 3484 8140
3 9413 7218 2638
3 6903 4418 9644
3 8323 2966 10143
3 9216 6855 8303
3 6165 3968 1261
3 7844 1927 8667
3 3504 5980 9606
3 7984 3936 8010
3 6540 8881 9962
3 7520 4623 6757
3 4335 1691 5086
3 9840 9480 3508
3 7714 2336 5657
3 1304 1554 7758
3 10044 7202 1412
3 2206 4329 6421
3 4430 5341 8100
3 4553 6868 9249
3 2412 8771 4300
3 3403 7718 3176
3 9840 5582 7240
3 5062 452 7202
3 20 8590 4758
3 2838 3390 1087
3 4407 9235 7452
3 9882 1492 7472
3 8363 4934 10008
3 1665 1337 441
3 8381 4407 2415
3 6924 1580 2186
3 5078 9791 4072
3 894 7540 7044
3 3317 7288 5180
3 4021 950 4720
3 2966 1061 2156
3 9606 5980 7066
3 2322 727 3890
3 8939 4379 7048
3 4680 6040 9740
3 3610 1693 4335
3 953 1462 807
3 9591 1743 2336
3 1836 2274 1480
3 10045 7683 1554
3 6011 7240 2274
3 9390 4156 6315
3 10331 1922 6110
3 9365 5966 10335
3 1984 4751 150
3 2441 5273 5589
3 10308 1480 4873
3 7788 8333 480
3 807 634 3730
3 6737 3730 8381
3 7044 7540 9178
3 6175 6075 4664
3 6614 3068 5657
3 2233 3243 4644
3 6715 6606 5739
3 8648 854 7076
3 5009 1290 5069
3 8053 80 313
3 9804 7815 2770
3 2296 4011 347
3 947 8375 7215
3 6333 4080 4514
3 6868 4553 2007
3 5589 8189 7367
3 6849 8971 8155
3 7040 9463 1627
3 4056 9049 6684
3 9990 1123 9877
3 655 4960 5135
3 6222 7591 8761
3 9729 3436 3869
3 5775 5138 2516
3 3600 6540 2652
3 5597 2087 119
3 3503 4137 5064
3 5786 3860 1498
3 5786 8123 2071
3 8947 7726 5511
3 3734 5714 7943
3 8869 3124 9814
3 8012 2408 3411
3 4809 2562 6953
3 5657 2336 2610
3 9814 7015 5829
3 6090 10375 4873
3 5303 6041 2373
3 1584 5455 3507
3 7899 4941 2367
3 4880 7048 3834
3 7898 10060 6796
3 6359 5330 3354
3 1480 2274 6090
3 7691 4014 10131
3 8917 6566 9678
3 5582 2274 7240
3 3602 1989 7032
3 2582 5359 1970
3 9184 4407 7452
3 4381 10382 9821
3 5657 6886 935
3 6000 2875 511
3 3965 7255 8677
3 8100 4328 2250
3 1162 4231 9381
3 26 4177 16
3 6420 4081 6334
3 7379 8494 1156
3 2889 5798 6482
3 8577 8250 9342
3 6978 2903 4899
3 613 8027 2296
3 995 8885 3190
3 1763 391 10301
3 4213 8914 9021
3 9249 6868 8196
3 3448 3007 6820
3 4513 3592 2147
3 10003 2909 8343
3 90 3333 329
3 1520 827 8138
3 4304 5511 7726
3 2408 8668 3378
3 7001 5748 2511
3 412 6263 2708
3 5748 3854 2511
3 9209 3940 3039
3 5748 7377 6187
3 8928 5020 7114
3 3628 8838 26
3 10382 307 4180
3 6740 10251 2935
3 7337 9492 6729
3 2274 5582 6090
3 6081 4014 8735
3 10227 5171 8826
3 6251 2625 3791
3 9785 6014 7109
3 4856 6333 4514
3 1304 5840 4198
3 9576 2250 4201
3 5837 2490 3351
3 7684 10223 940
3 1222 9673 8605
3 43 2835 3615
3 1103 8951 3279
3 2302 6649 5972
3 413 6431 3895
3 3595 177 3631
3 8141 1337 1350
3 7983 9559 320
3 1709 2160 3897
3 2264 676 294
3 1665 382 1337
3 8997 1066 3635
3 1665 6840 8193
3 441 9957 5300
3 8457 10285 1731
3 3581 1801 8515
3 9814 3491 9648
3 4203 5537 1128
3 8509 1261 8303
3 5775 2385 1571
3 6771 7690 8575
3 6455 407 8360
3 2701 7738 1121
3 9173 145 3460
3 8255 3023 4711
3 354 1418 655
3 9428 9708 10340
3 9314 783 7035
3 4301 4128 2435
3 413 3895 4876
3 3124 8869 1136
3 4842 1455 708
3 268 3595 6594
3 965 1720 6500
3 10244 6886 86
3 6592 10032 1480
3 10258 8590 607
3 1018 2708 9855
3 8417 7510 8153
3 4725 8706 6564
3 7007 8706 7200
3 9642 9807 6580
3 7714 6156 5346
3 2306 1045 2438
3 4304 7726 6592
3 4507 7030 7700
3 6237 8568 10032
3 2669 4455 9571
3 5020 1520 7114
3 5040 5462 9231
3 8190 6454 4873
3 5792 1939 634
3 3730 6737 412
3 3934 4516 8582
3 1197 10012 6422
3 4644 3378 2233
3 9855 8014 1018
3 9066 5815 9434
3 3125 8915 9936
3 2483 3786 7650
3 7541 5330 6359
3 3429 4579 7332
3 8683 7332 4579
3 8840 8167 2060
3 6437 9221 932
3 4198 10382 4381
3 1453 5836 143
3 6011 2274 1836
3 10032 8568 1836
3 9652 3897 2160
3 6736 6192 1055
3 8014 5666 1018
3 5747 8917 9678
3 4328 8100 6420
3 8012 7007 2408
3 10044 9427 4855
3 6389 5317 431
3 4675 6736 2648
3 6745 9606 5423
3 2708 6263 9855
3 1261 8509 6165
3 6485 4137 7506
3 8381 2415 1002
3 2185 8556 8693
3 7459 3807 2058
3 6774 10196 2736
3 3268 80 7376
3 346 4176 1905
3 7714 5657 935
3 872 2087 9783
3 7936 1304 4198
3 3253 1429 6278
3 5105 2264 8404
3 4180 307 4198
3 1350 613 2346
3 10244 7789 7550
3 10030 1984 5847
3 5664 1570 3628
3 9115 2994 6788
3 7014 8421 62
3 5589 4089 2112
3 2858 9933 5627
3 1193 5150 9915
3 2526 10056 608
3 9788 2008 4283
3 4032 6631 2273
3 2282 5815 8621
3 2447 2072 8768
3 1492 1768 10168
3 5836 1453 5869
3 999 6936 1012
3 8403 9963 9115
3 3895 8002 115
3 10118 6745 5423
3 10044 1197 6422
3 1913 7112 7612
3 6735 7278 6443
3 5267 1206 1041
3 7044 9178 345
3 6903 8904 8475
3 1959 3289 3543
3 9064 3151 2287
3 9571 5511 1506
3 6011 1836 6013
3 5020 6683 1520
3 4050 7240 813
3 3165 3854 5748
3 1123 7015 9877
3 8947 6763 3165
3 8568 6237 6013
3 10142 2444 8324
3 6421 6333 2206
3 10142 3316 6779
3 2581 4873 9810
3 2581 9810 7007
3 221 7507 6282
3 10171 5623 221
3 8282 4082 4277
3 2038 9455 2574
3 387 2931 1863
3 3448 1641 4019
3 1150 9602 5254
3 9522 8620 6148
3 6204 1429 3253
3 4072 5666 8014
3 8014 9184 4072
3 7789 3851 1087
3 5359 2278 354
3 5902 1898 2185
3 1002 6737 8381
3 1348 978 5971
3 9115 7849 8403
3 4198 4381 7936
3 6145 2322 42
3 7908 5924 1277
3 6631 8184 2273
3 5179 5159 4070
3 4967 8672 5863
3 1482 9920 3675
3 4092 1100 3368
3 7066 3981 5423
3 4138 9606 7507
3 7224 2367 1145
3 9606 7066 5423
3 9273 424 1399
3 7387 6051 5432
3 3549 5565 1401
3 5137 1066 5262
3 433 666 10184
3 4757 1801 3581
3 4894 3581 8515
3 2027 4556 6732
3 6592 7726 10032
3 1480 10308 6592
3 9884 577 9040
3 8284 4221 1979
3 2511 6763 8947
3 1506 5511 4304
3 1927 1217 9004
3 894 4507 5078
3 313 80 3268
3 4995 1276 10182
3 4055 345 5840
3 452 4362 6685
3 1130 5858 7262
3 8321 6203 5016
3 2007 7650 4270
3 5300 1665 441
3 7861 9901 9414
3 8827 2163 9974
3 4720 950 5160
3 8475 1398 3631
3 114 4973 4417
3 3401 1886 6779
3 43 3615 10300
3 9668 3867 977
3 6489 6267 2322
3 1291 380 6245
3 2438 1045 6429
3 3359 276 1785
3 6662 7844 6428
3 1578 7660 5942
3 512 7176 5342
3 5855 2606 4455
3 2944 2625 317
3 2206 6333 4856
3 1225 7648 9147
3 105 5696 2306
3 10339 7320 3222
3 8181 3437 7378
3 7718 5238 3176
3 2944 511 5341
3 6644 2724 10285
3 20 3122 887
3 2684 3807 7459
3 10233 5370 9810
3 2581 8190 4873
3 480 6621 9230
3 90 3950 10232
3 2551 9230 7167
3 1927 9386 2284
3 3639 3649 2638
3 2296 347 9776
3 2284 1670 2718
3 8335 7115 6431
3 9104 8353 7540
3 9184 7452 9104
3 5078 4507 9791
3 767 5378 9783
3 1603 9770 722
3 5955 6173 461
3 6913 3572 8869
3 4400 1496 8950
3 29 7035 3030
3 9315 4217 5772
3 6939 10079 9827
3 4311 6371 10045
3 1765 8216 2482
3 4055 7044 345
3 4418 3868 9644
3 461 3077 6480
3 9990 9877 9768
3 8027 9231 5462
3 7057 3045 1599
3 1702 4623 7520
3 6926 5483 9275
3 8445 1220 197
3 7789 1542 7550
3 4072 3007 5666
3 3449 2621 2156
3 4029 4655 9307
3 10184 5565 9158
3 7936 4381 7255
3 3403 331 7718
3 4725 5821 3605
3 5086 8917 5747
3 5534 3361 2216
3 8668 465 2233
3 5748 7001 3151
3 2511 3854 3165
3 7572 7726 8947
3 5394 3115 3447
3 9834 6490 1005
3 825 8282 1804
3 5911 8005 1607
3 10308 6454 8190
3 5858 6840 1665
3 1206 7771 2919
3 9231 9342 8250
3 9050 6695 1763
3 2518 1600 8285
3 3834 7048 8421
3 6417 1803 228
3 1453 143 5187
3 3939 2318 6520
3 6935 8390 1011
3 5829 6913 8869
3 3621 8140 3484
3 3948 5025 6989
3 7255 7476 1554
3 8577 552 7130
3 3356 5725 3719
3 1917 1113 348
3 9427 2205 4855
3 7639 4922 1408
3 2272 6005 1354
3 3595 9920 6594
3 433 6360 1608
3 3863 9835 2731
3 8344 5752 7396
3 9104 7540 894
3 9664 3351 2490
3 6156 935 7550
3 10369 1054 3447
3 894 7044 7030
3 7200 8190 7007
3 3165 6013 6237
3 3378 3858 3411
3 6525 6982 841
3 7895 7317 2537
3 9591 6156 6388
3 7572 8947 6237
3 3268 7376 6519
3 4055 5840 4908
3 8768 2072 5511
3 143 6495 1571
3 6813 6395 2297
3 10168 2143 8917
3 5370 10233 8668
3 177 1408 4922
3 1422 1714 1719
3 7695 3057 9589
3 2912 2714 5614
3 3057 7695 3266
3 6013 1836 8568
3 7377 5610 8928
3 3165 6763 2511
3 5840 345 4198
3 4203 10362 3737
3 10032 1836 1480
3 1765 6901 8216
3 43 9499 9746
3 6519 2927 3268
3 2966 7288 10143
3 10163 2143 10168
3 3863 1973 4629
3 3855 4311 9372
3 2233 953 3243
3 8190 2669 10308
3 10118 3449 2189
3 5370 8668 2408
3 8670 6687 2865
3 1412 452 1197
3 4270 5317 6389
3 7088 9077 2837
3 3890 727 4842
3 7750 3122 1985
3 6389 6184 6868
3 416 650 5060
3 4831 5885 7494
3 6620 1307 9229
3 5752 842 2272
3 8636 9478 5401
3 5279 4948 7396
3 6404 5443 156
3 2278 4960 1418
3 90 10232 3333
3 413 689 9115
3 8769 3939 2652
3 1691 5784 10115
3 9776 2346 3224
3 7958 680 4523
3 9140 3421 3670
3 646 4548 1880
3 7963 8748 1021
3 8893 8883 6939
3 31 9174 7628
3 9554 5397 7610
3 7792 7336 6730
3 5928 1496 4400
3 1576 8393 2226
3 9174 1804 1635
3 1599 3045 3353
3 9229 1307 10378
3 2083 6432 276
3 3007 9791 4507
3 1522 6331 8291
3 2287 3941 9064
3 6187 813 6013
3 3851 10244 6938
3 3485 9906 5216
3 3621 8261 8140
3 313 9951 8053
3 8177 5774 8640
3 5822 6662 1044
3 2659 3639 3035
3 268 6774 2736
3 8138 7275 7114
3 3336 9708 6009
3 4865 3059 8708
3 9810 4873 10233
3 9049 3756 1103
3 9648 9788 4283
3 3610 4335 6360
3 5378 9588 9783
3 3953 441 8141
3 7550 935 10244
3 5561 3639 7218
3 6651 1056 9414
3 5138 4215 6203
3 9318 9126 8390
3 8373 2686 6470
3 10300 9643 9499
3 8136 5064 4137
3 5623 5726 6794
3 9366 466 2510
3 90 329 7628
3 3438 9798 4356
3 3438 7092 9040
3 3941 3599 7377
3 9621 10266 9290
3 2511 9040 5188
3 8768 5511 9571
3 4455 3428 5855
3 5511 9641 2511
3 2072 9641 5511
3 9571 1506 2669
3 8575 7690 6562
3 5955 9653 9928
3 9702 6479 8447
3 2992 5579 8605
3 9660 8670 5153
3 6389 6868 2007
3 317 7138 9433
3 2625 2944 4430
3 9708 5670 6009
3 10340 2206 9428
3 8638 4967 4318
3 6684 6862 9688
3 2059 7965 1103
3 6455 1498 3860
3 433 1608 5086
3 3851 294 2838
3 8249 8321 5016
3 7262 5300 5775
3 686 6890 396
3 2919 9974 2265
3 8122 3411 6278
3 6263 412 6737
3 3059 9449 9822
3 6849 4198 345
3 5840 1304 4908
3 84 5581 6683
3 10038 5967 4894
3 8769 6757 3939
3 6377 8136 6485
3 5774 6577 8640
3 1421 10155 6271
3 2621 4720 7288
3 5623 2189 6382
3 1785 4908 1304
3 4702 10144 6494
3 8171 3436 9729
3 9648 4731 2203
3 10046 2779 61
3 5069 4081 8100
3 10008 8993 8363
3 4430 8100 2250
3 3318 5974 5107
3 2941 5879 4588
3 4085 1808 9350
3 7690 6771 7180
3 1197 6685 2603
3 6205 4176 4988
3 4270 6389 2007
3 7007 5370 2408
3 5105 5085 2731
3 10258 2801 4758
3 7700 2927 9734
3 1103 7965 8951
3 3807 8137 2058
3 5065 6274 10019
3 8913 4077 7749
3 1593 887 4078
3 2973 10331 7508
3 354 655 6631
3 7586 5352 8343
3 3363 6367 273
3 1743 8153 2610
3 2346 8141 1350
3 2083 6274 2337
3 8046 6470 2071
3 2247 301 8841
3 2851 32 2830
3 3191 2449 7584
3 5188 3151 7001
3 3941 5748 9064
3 7092 3438 3599
3 584 9868 9173
3 4176 5638 4988
3 3253 4644 412
3 5330 6343 2900
3 9211 6670 8249
3 8449 6762 6172
3 6251 317 2625
3 4090 9838 2518
3 2447 8768 4807
3 9791 3007 4072
3 5153 2865 5317
3 2400 3536 9458
3 5511 2511 8947
3 9826 2447 9884
3 2866 6685 4362
3 7170 3947 7409
3 9620 9866 1166
3 2885 7000 3745
3 1506 4304 10308
3 9734 3007 4507
3 6438 3403 2801
3 650 9344 6296
3 431 451 5061
3 9097 5675 7136
3 6776 9495 10327
3 4553 9249 9688
3 2112 4089 8284
3 2483 7650 6862
3 50 3415 5516
3 329 6170 430
3 953 807 3730
3 3278 5266 6725
3 1804 5066 3671
3 329 7109 31
3 6793 6485 7506
3 2468 2278 2582
3 6469 9479 2912
3 8363 8647 2296
3 8452 6670 2800
3 9232 3567 7380
3 10276 2702 7299
3 3698 1402 8018
3 5747 9678 433
3 3023 3692 4787
3 9974 2919 8827
3 7202 2002 5062
3 7849 9986 10343
3 7299 8544 6728
3 6594 1047 268
3 3449 2156 10359
3 9147 6665 2624
3 7885 5741 8563
3 8002 7115 8335
3 7690 7180 7379
3 5147 9097 9928
3 10118 2541 3449
3 2621 4021 4720
3 8417 5471 5233
3 117 9473 9928
3 4283 3610 6892
3 676 5886 294
3 2185 8693 4045
3 9133 3239 8237
3 6432 2083 2337
3 3664 8240 2309
3 8405 331 6438
3 4655 1973 7454
3 3531 5534 2212
3 4888 3758 5533
3 3333 10232 6053
3 6170 6053 2551
3 991 4536 3599
3 9040 9826 9884
3 9040 2511 9826
3 2511 5188 7001
3 2072 2447 9826
3 2346 9776 8141
3 6990 223 9915
3 5061 7178 6389
3 7216 4487 7346
3 4304 6592 10308
3 5346 2336 7714
3 9428 5670 9708
3 3336 5326 9708
3 1312 3153 9574
3 5065 7700 7030
3 6566 7130 552
3 9040 3348 3438
3 6684 1103 3279
3 5375 5460 3254
3 8286 1982 1150
3 9920 10223 3675
3 1626 5732 1196
3 7379 7180 29
3 8545 2060 317
3 7015 6913 5829
3 7255 4381 8049
3 4089 5589 8715
3 5188 7092 2287
3 9575 6687 8670
3 6009 5670 9428
3 3154 1313 8671
3 4328 3222 2250
3 1197 10044 1412
3 6779 4070 3401
3 2453 9112 3348
3 4532 9554 6368
3 5326 10340 9708
3 3788 7302 7760
3 9826 2511 2072
3 4378 7606 8495
3 607 5476 6438
3 4060 3927 4603
3 3238 4217 1821
3 9883 833 8503
3 1434 221 6282
3 7507 221 6794
3 1261 3968 9216
3 2360 1626 3891
3 7183 4836 7765
3 8647 8363 8993
3 6780 6272 5143
3 2927 7700 5065
3 9720 4775 1471
3 10144 2164 3948
3 4182 5835 5993
3 8894 5984 2226
3 654 1459 4048
3 5503 8322 277
3 1768 5040 10163
3 345 9178 6849
3 8285 4090 2518
3 10067 3079 7319
3 6757 8769 7848
3 3438 9112 2453
3 6033 7663 3666
3 7476 3965 9423
3 4179 428 3732
3 10232 7788 6053
3 6086 7522 1989
3 4 1959 10217
3 3863 2838 5886
3 1156 7690 7379
3 1313 4201 3782
3 9066 9802 3254
3 2865 4361 5317
3 9299 41 352
3 3153 6686 9574
3 7344 4865 9661
3 2603 9658 947
3 3151 9064 5748
3 2063 5962 2627
3 4201 1313 9576
3 8768 4455 4807
3 8431 245 2211
3 2508 1393 6357
3 5210 7454 5085
3 4758 6259 3122
3 6480 6562 8171
3 8190 2581 7007
3 7007 9810 5370
3 8136 6489 3890
3 6489 2322 3890
3 5460 2601 3254
3 9115 4665 8373
3 2749 6299 6765
3 7030 7044 6274
3 6431 9115 8046
3 3340 4607 1403
3 2071 8002 8335
3 6844 8809 8548
3 9689 4250 7317
3 10019 356 6587
3 3499 7639 1408
3 8802 9179 9602
3 6631 4032 4569
3 2337 4055 4908
3 3491 1754 7366
3 7660 7806 5942
3 3834 8421 7014
3 6903 2055 8904
3 9776 3224 2296
3 9614 4880 3834
3 294 6359 2264
3 10171 10118 2189
3 4935 1330 7376
3 1814 6512 4907
3 6282 6745 1434
3 7968 2164 7592
3 1004 1681 6353
3 8405 5210 10387
3 2511 9641 2072
3 2453 3348 5192
3 4222 1600 2518
3 2287 3151 5188
3 577 9884 2447
3 2189 5623 10171
3 3782 8671 1313
3 2656 5793 9153
3 2669 1506 10308
3 4408 2812 2736
3 4497 5584 10034
3 8189 5273 2441
3 2551 7788 480
3 7650 2007 9688
3 3484 8286 5209
3 5694 8973 580
3 6001 10370 3592
3 10163 8577 7130
3 4179 3732 414
3 9446 441 3953
3 10196 8153 2736
3 9768 4283 6892
3 8394 1571 2227
3 5581 2629 6683
3 947 1197 2603
3 4329 2206 10340
3 1702 7848 10342
3 9115 6431 413
3 2622 5550 7053
3 4361 9467 5317
3 3867 9668 1886
3 5317 4270 3786
3 1554 7683 6371
3 8354 7968 3359
3 2603 3152 8669
3 3927 9800 9191
3 5172 4680 1280
3 607 8590 9807
3 8738 2625 2250
3 6438 331 3403
3 1206 2838 3863
3 7454 7612 7112
3 3594 594 2991
3 2027 6732 5048
3 7863 8590 2027
3 887 7750 4078
3 5610 5020 8928
3 62 4005 7806
3 2978 713 9490
3 6330 9673 8787
3 8140 8261 6145
3 8359 4064 2185
3 610 3000 10284
3 9066 9565 9802
3 1472 8313 1220
3 8950 2058 8137
3 7576 1253 8973
3 7986 577 2447
3 1005 4834 9834
3 3077 7136 6562
3 2708 1018 4019
3 3766 8475 3631
3 4725 3797 5333
3 8706 7277 7200
3 6331 1709 3897
3 9318 5597 119
3 7365 7306 6417
3 7700 9734 4507
3 7698 2265 9974
3 9446 5016 9957
3 6820 7895 1641
3 356 10019 800
3 5835 4227 8485
3 9951 356 8053
3 2337 4908 1785
3 5572 10267 617
3 3599 5610 7377
3 1702 9720 6757
3 8025 1406 7018
3 5262 8997 9783
3 4356 991 3438
3 5359 1576 1970
3 7655 4211 45
3 1492 4934 8363
3 10348 3142 5533
3 5001 108 1356
3 991 3599 3438
3 451 9467 4361
3 5153 7216 8377
3 9040 577 7986
3 3777 490 5326
3 4201 7320 65
3 6725 6606 9609
3 7890 5725 3356
3 9668 2333 6779
3 8706 7007 6564
3 10184 6360 433
3 9800 4060 7675
3 4516 9366 8582
3 8321 2516 6203
3 8136 6267 6489
3 7472 10115 7655
3 9363 660 4742
3 4011 9211 5016
3 6806 3205 3383
3 5078 4072 9104
3 8447 5285 9702
3 1691 10115 7472
3 1571 1130 7262
3 1304 7758 1785
3 1572 6500 6982
3 2163 5471 8417
3 5546 9744 1274
3 5689 127 4702
3 8241 3973 761
3 800 8744 4485
3 7592 2568 3359
3 1012 1135 5908
3 9604 10345 4667
3 2654 5541 990
3 10300 4543 8071
3 8904 6761 1398
3 9788 9648 2203
3 8827 2919 6033
3 6353 5489 1961
3 5262 1066 8997
3 9040 2023 5192
3 2264 6359 3354
3 2023 4807 4109
3 2004 9798 4269
3 4988 35 6328
3 4455 8768 9571
3 6774 7684 10196
3 33 1802 2564
3 4479 947 9658
3 3152 2603 6685
3 6725 5266 9039
3 4507 894 7030
3 1103 3756 2059
3 5065 10019 6587
3 6587 356 9951
3 7789 10244 3851
3 10010 7086 4559
3 5016 9211 8249
3 956 5473 454
3 205 9838 825
3 3676 9347 2844
3 5503 10325 2738
3 2468 4400 2278
3 4029 5267 1041
3 2453 9442 5014
3 5192 3348 9040
3 9040 7092 5188
3 4797 4109 4807
3 4651 1770 4951
3 7314 8004 7156
3 3543 2289 10217
3 9800 3927 4060
3 6382 4461 5623
3 6328 6205 4988
3 808 7299 188
3 5771 9624 8605
3 1393 3787 7759
3 7075 9652 2159
3 3004 3927 9191
3 8494 7270 1603
3 8973 8012 3411
3 1691 10168 8917
3 1978 1961 5489
3 4644 3243 412
3 1067 1235 5892
3 6126 8128 1056
3 6360 4335 1608
3 5143 8122 9133
3 9756 6683 5020
3 6980 8454 4966
3 2818 7510 8417
3 1802 1746 7409
3 1554 6371 7389
3 9659 3781 2230
3 4019 1018 5666
3 3791 8677 6251
3 9538 766 2952
3 1573 5951 7932
3 5646 41 162
3 10019 6274 2083
3 8708 2625 8738
3 10010 4485 5993
3 3059 10045 9423
3 3545 5477 4211
3 9688 9249 4056
3 9957 441 9446
3 5138 6203 2516
3 800 10019 2083
3 1079 10378 9756
3 3939 3600 2652
3 6757 8955 2318
3 7689 1051 2399
3 1369 3230 3594
3 9499 9643 1886
3 8657 2934 3472
3 3253 3378 4644
3 6018 1263 10316
3 4807 2023 7986
3 7986 2447 4807
3 10150 8887 6390
3 665 10144 3948
3 6371 7683 10045
3 4019 5666 3448
3 4807 9834 4797
3 4834 1005 4924
3 8417 7698 2163
3 3851 6359 294
3 8683 5237 3983
3 1392 667 8299
3 4701 1508 3428
3 9214 1368 5237
3 5400 10334 690
3 3330 5326 3336
3 1031 8744 800
3 7715 2291 7098
3 2718 6428 7844
3 276 6432 1785
3 8708 8738 9576
3 1989 6170 2551
3 9942 7494 4625
3 800 2083 1031
3 6170 1989 3602
3 8261 4977 6145
3 3419 8354 5997
3 108 6580 9495
3 4283 2008 4674
3 9729 383 8171
3 20 887 1593
3 4400 2468 5928
3 4990 2490 1648
3 9688 6862 7650
3 4005 5774 8177
3 8928 2912 4566
3 9798 3438 4269
3 2432 2070 9172
3 2435 3918 5808
3 761 7664 4711
3 7698 8153 9591
3 3567 2093 7380
3 5984 1576 2226
3 9004 1217 7844
3 4532 10115 6778
3 1641 7409 3947
3 3253 2708 6204
3 9951 313 5065
3 7389 6371 5997
3 104 1045 2306
3 1193 131 2045
3 6274 4055 2337
3 2462 103 1299
3 4556 8590 20
3 8354 1785 5997
3 7610 5957 6368
3 1491 6442 3665
3 6442 3315 5855
3 9467 451 431
3 5152 3865 7980
3 7345 8376 2230
3 9423 3965 8708
3 7059 2487 902
3 2230 3781 7345
3 7215 4241 947
3 7758 7389 5997
3 2603 8669 9658
3 2626 6765 6299
3 9299 3782 4201
3 3216 9265 3715
3 9661 4865 3782
3 5153 8670 2865
3 3590 5731 5267
3 4201 2250 7320
3 3330 3336 6009
3 3428 5619 7277
3 1905 4176 6205
3 9155 4848 1411
3 8324 2444 2333
3 1079 9756 5338
3 223 1898 5902
3 9174 1635 90
3 10086 5967 10038
3 6778 10115 1693
3 6737 8014 6263
3 5129 8915 1905
3 10284 3000 4015
3 2453 4269 3438
3 4621 5850 5955
3 4408 6124 2812
3 7675 5725 9800
3 2071 6165 5786
3 9520 1404 10343
3 5233 2818 8417
3 4731 3491 7366
3 4742 6177 9650
3 5942 6838 5209
3 722 1597 9828
3 2318 1471 1167
3 4461 3720 5623
3 2444 6779 2333
3 8010 9121 7984
3 3127 5324 6472
3 3782 9299 6926
3 3359 1785 8354
3 1400 1978 1859
3 3782 4865 8671
3 1143 6036 3029
3 2203 4731 2093
3 3791 8708 3965
3 6927 4242 7217
3 2802 9069 9194
3 6063 10057 5690
3 9273 6904 8575
3 6564 7007 8012
3 8058 45 1051
3 4894 8515 3966
3 2891 597 2376
3 7576 5831 1253
3 8006 3373 2360
3 1893 8885 802
3 8123 1498 8002
3 3348 9112 3438
3 9091 8211 3239
3 10331 6952 1922
3 1821 10331 4077
3 7883 9695 7312
3 1979 5772 4217
3 4408 5233 9390
3 843 4657 7693
3 7376 7895 6820
3 3262 5592 2082
3 9951 5065 6587
3 3665 1508 4701
3 951 2952 943
3 9911 1530 1267
3 10008 4934 1492
3 9756 5020 1370
3 6388 2265 7698
3 3231 1370 4536
3 3616 7641 3231
3 4570 5869 8394
3 4655 4029 4629
3 9644 8072 6903
3 329 3333 6170
3 4217 2441 2112
3 6901 1765 3766
3 3631 1398 9920
3 1810 366 369
3 2265 3390 2919
3 7997 2518 205
3 4901 1980 6551
3 7377 5748 3941
3 4650 6342 4698
3 4886 6304 1114
3 4536 1370 5610
3 4356 4536 991
3 4314 5737 610
3 2669 8190 4455
3 8481 4564 5821
3 3966 6520 10235
3 3428 1508 5855
3 8177 8261 3621
3 9911 1267 8325
3 3351 9664 4093
3 8603 8002 1498
3 5433 1799 9892
3 2093 9258 2157
3 7366 3946 9538
3 138 10231 7196
3 6907 6941 392
3 6431 7115 8002
3 2736 8153 7510
3 9866 9620 8706
3 5694 5894 8973
3 7376 6820 9734
3 3858 3378 3253
3 8053 356 800
3 2583 352 5483
3 9446 759 5016
3 3786 2483 5122
3 7384 4011 8993
3 7369 3793 3523
3 1542 2265 6388
3 9427 6422 6008
3 276 1031 2083
3 7695 9614 7810
3 7071 6994 10096
3 2278 1418 354
3 2162 9979 1302
3 1920 3164 7775
3 2545 7004 1012
3 8552 4828 9170
3 3340 9720 4607
3 5908 10235 2545
3 7848 7520 6757
3 2296 8647 4011
3 8363 1768 1492
3 7302 3788 2333
3 5137 9588 5378
3 3766 3631 177
3 5143 9133 8237
3 6438 5476 1913
3 6778 1693 3610
3 2164 4702 7974
3 2373 2789 5303
3 1785 6432 2337
3 5152 9832 384
3 5114 5334 8464
3 887 3122 7750
3 7758 5997 1785
3 4455 8190 7200
3 10045 1554 7476
3 9274 4241 6925
3 5153 3786 5122
3 4207 6355 3039
3 8375 947 4479
3 7536 6839 9812
3 6008 6422 3329
3 5589 2112 2441
3 6793 5725 6485
3 3996 1433 9091
3 1302 8251 5945
3 5333 3797 6027
3 8950 1496 5928
3 9798 3616 4356
3 6124 7639 3499
3 4485 6076 80
3 428 7230 3732
3 5682 2349 7975
3 8917 5086 1691
3 4156 9390 9377
3 2927 5065 313
3 4182 4227 5835
3 5775 4215 5138
3 347 4011 5923
3 3665 5855 1508
3 1166 6179 9620
3 1166 9364 6991
3 4569 8393 1576
3 4564 9364 5821
3 5752 2972 7396
3 722 8494 1603
3 5192 9442 2453
3 7968 6989 1633
3 5551 9437 7371
3 10387 5210 5085
3 4269 5014 2004
3 4449 2978 9490
3 6014 6551 7997
3 7689 8105 10008
3 4015 7641 9798
3 9823 6948 7394
3 5855 9834 2606
3 4139 7932 5951
3 645 7932 4935
3 1260 10077 5280
3 6991 2168 6179
3 8483 6179 6785
3 6519 7376 9734
3 6299 1491 4701
3 1143 6401 8499
3 8483 6765 9620
3 7277 5619 4455
3 8636 5401 6991
3 8376 4480 2230
3 9614 7695 4880
3 7086 10010 8485
3 5908 3966 10235
3 7200 7277 4455
3 3419 4311 3855
3 4806 1031 276
3 6725 6862 3279
3 821 2173 1945
3 6303 7332 8683
3 177 4922 6901
3 2336 5346 9591
3 3340 4775 9720
3 9446 3953 347
3 9091 6204 3996
3 5374 1150 8878
3 6296 3974 650
3 7881 5694 796
3 9828 3869 1156
3 7314 4558 5489
3 947 4241 3337
3 4241 4486 2486
3 6901 4922 4987
3 4558 2189 10359
3 7371 198 7159
3 2886 4810 5837
3 3895 6431 8002
3 9318 3079 5597
3 3946 5377 766
3 9768 9877 9648
3 414 3904 6014
3 2736 7510 2818
3 205 31 7997
3 3125 6498 8915
3 7278 9376 1985
3 1205 6948 1338
3 10316 3101 3548
3 10325 5503 277
3 5927 3083 9039
3 4400 8137 2278
3 4721 687 8735
3 6725 3279 8951
3 6765 3428 7277
3 1491 3665 4701
3 2048 956 8945
3 5333 8120 9118
3 9620 6179 8483
3 6027 566 5831
3 7508 10331 1647
3 4865 9275 4533
3 7376 6076 645
3 5364 4289 6109
3 4227 58 8485
3 9660 8377 7346
3 9276 7346 4487
3 4486 4241 9274
3 9275 5483 4533
3 4487 3027 902
3 5153 5317 3786
3 5333 8481 4725
3 3159 4236 5647
3 8394 5869 5187
3 1031 5993 8744
3 4787 8895 761
3 1768 10163 10168
3 10189 5397 6764
3 3419 6371 4311
3 8291 5770 1522
3 1061 1393 2508
3 6019 4547 9832
3 4806 9541 1031
3 2164 1633 5025
3 1087 3390 1542
3 3983 3758 6303
3 4695 4718 6245
3 5732 5501 5080
3 1061 2966 3787
3 1156 722 9828
3 221 1434 10171
3 8324 2333 3788
3 4487 7216 3027
3 7059 902 8720
3 5489 5440 7314
3 2583 6926 9299
3 9346 7011 9627
3 1005 6490 3315
3 3217 8964 7060
3 4834 4059 4797
3 3058 4109 8764
3 4701 3428 2626
3 6485 7675 6377
3 1150 2427 3255
3 7612 7454 5210
3 5105 8404 331
3 2299 8576 3054
3 2159 9652 2160
3 6027 1464 5333
3 3983 6303 8683
3 8335 6431 8046
3 9313 4343 3771
3 566 6564 1253
3 10343 9986 413
3 8048 2476 9377
3 2201 1291 5316
3 767 9783 2087
3 9928 9473 6173
3 3599 2287 7092
3 9258 9538 5057
3 2204 496 2133
3 9798 7641 3616
3 5928 3959 8950
3 9659 2230 4480
3 8391 5967 10086
3 1377 3720 4461
3 2812 6124 3499
3 8496 3567 7062
3 9702 4879 8803
3 9653 6455 3860
3 1055 8006 2360
3 7598 9559 7983
3 3499 3595 2812
3 8048 5233 2163
3 8177 6838 5942
3 2168 6785 6179
3 9835 3863 5886
3 5334 10297 8464
3 1253 8012 8973
3 3610 4674 5397
3 1979 4221 6550
3 566 1253 5831
3 1253 6564 8012
3 580 3411 125
3 3704 1162 10249
3 796 4309 7881
3 3785 589 4823
3 2551 7167 1989
3 5923 759 9446
3 6278 3858 3253
3 4966 796 125
3 7389 7758 1554
3 125 5694 580
3 6606 6715 7226
3 2981 4834 4924
3 3715 8962 3216
3 4865 7344 9275
3 10316 6442 1491
3 6422 3776 3329
3 8720 606 3716
3 6360 6892 3610
3 3777 163 490
3 6299 3084 1491
3 489 7320 5327
3 8241 2227 2385
3 2626 3428 6765
3 3603 4010 8534
3 5993 1031 9541
3 9866 8706 3605
3 6278 6204 9091
3 6765 7277 9620
3 3231 9756 1370
3 10190 4719 5924
3 3436 1156 3869
3 1144 4228 8368
3 1122 1742 5229
3 119 2087 9126
3 10285 6456 264
3 9538 3946 766
3 4058 4998 3296
3 4544 1749 4058
3 6353 7759 7921
3 2518 9838 205
3 7216 5153 3027
3 5726 5623 3720
3 4060 6377 7675
3 5107 10046 3318
3 8725 6269 6860
3 7302 9668 7885
3 8377 9660 5153
3 5855 3665 6442
3 9280 10259 9483
3 10359 2156 1400
3 3500 6554 6140
3 10008 10290 7689
3 4455 5619 3428
3 5489 4558 1859
3 8951 3278 6725
3 9437 5551 4034
3 7964 2168 2786
3 7881 5894 5694
3 6299 2749 6785
3 4217 3238 2441
3 4725 566 6027
3 1802 5013 5701
3 494 6548 9332
3 4966 125 8122
3 3411 2408 3378
3 7612 5210 1913
3 120 981 8484
3 4966 8122 6980
3 7384 3394 9211
3 2045 131 4064
3 6319 6076 1573
3 10325 2212 9304
3 9770 3266 6416
3 2318 3939 6757
3 9940 5806 10259
3 9720 10342 4607
3 7168 9229 10378
3 1012 5908 2545
3 8575 6904 10353
3 1116 6245 4718
3 9473 7136 3077
3 3865 4998 4544
3 8414 1573 4559
3 5993 8485 10010
3 10342 9720 1702
3 944 2087 5597
3 9009 7600 1079
3 8354 6989 7968
3 7032 7494 5885
3 4558 4461 6382
3 4603 42 6267
3 4797 9834 4834
3 3567 8496 9892
3 3315 6490 5855
3 10217 1959 3543
3 7263 732 2421
3 6473 9191 7890
3 4333 6225 9730
3 6838 8177 3621
3 4701 2626 6299
3 414 6014 4179
3 2731 1973 3863
3 9449 3059 4533
3 9370 7861 1926
3 1517 1563 5122
3 8590 7863 9807
3 108 7112 6580
3 8962 3715 4533
3 2168 7964 6299
3 8484 981 0
3 6278 9091 3239
3 1517 7226 4206
3 6980 8122 5143
3 9798 1068 4015
3 3411 3858 6278
3 2786 779 7964
3 2331 9639 5470
3 6991 5401 2786
3 2516 2385 5775
3 4179 9785 428
3 4485 10010 6076
3 2045 5150 1193
3 4280 180 8710
3 6076 7376 80
3 276 2568 4806
3 4987 4895 4096
3 2482 4418 1765
3 7980 127 5689
3 1859 4558 10359
3 4058 3296 2568
3 2568 3296 4806
3 5997 6371 3419
3 3106 3490 2547
3 3390 2265 1542
3 2023 9040 7986
3 3004 2148 6671
3 2606 4807 4455
3 1491 3101 10316
3 3548 3084 7964
3 1263 3315 6442
3 9642 1913 607
3 10327 2027 5048
3 7347 6927 7217
3 4077 5788 6110
3 6422 9717 3776
3 9478 5642 4107
3 9620 7277 8706
3 5942 7806 8177
3 5016 759 5923
3 5885 3654 7032
3 1464 7881 4343
3 2376 6780 2891
3 5694 125 796
3 2318 8955 9720
3 3610 5397 6778
3 6780 5143 2891
3 4309 10125 9968
3 4309 6272 6780
3 6278 9133 8122
3 9254 1032 10386
3 6706 4289 1938
3 6272 4309 796
3 347 3953 9776
3 3616 4536 4356
3 3996 9735 1433
3 5248 3996 5524
3 5524 5759 5248
3 4019 6204 2708
3 4674 3610 4283
3 4536 5610 3599
3 4064 1193 5902
3 10249 2090 3096
3 1641 3448 6820
3 5775 1571 7262
3 3448 5666 3007
3 6661 986 2082
3 1970 5546 801
3 4485 8053 800
3 2462 5822 103
3 2800 9211 3394
3 5951 6701 4139
3 801 2468 2582
3 4227 4998 3865
3 384 4547 7086
3 9877 9814 9648
3 6076 10010 1713
3 5640 77 5883
3 9559 7501 7458
3 6320 6571 5338
3 162 9299 489
3 6087 7733 8741
3 4603 6377 4060
3 3127 7889 3357
3 9153 6559 2656
3 665 10389 1814
3 9770 3057 3266
3 3948 3855 5575
3 3359 7968 7592
3 9372 5575 3855
3 9372 4311 10045
3 10012 9717 6422
3 2969 8878 3255
3 162 41 9299
3 3548 6018 10316
3 1491 3084 3548
3 1948 606 6117
3 1863 779 387
3 1863 3500 6018
3 9437 1280 4680
3 8960 2291 104
3 7881 4309 9968
3 687 6952 10331
3 5894 7881 1464
3 580 8973 3411
3 5333 1464 5070
3 1509 7538 357
3 10038 3966 1135
3 8120 1446 10224
3 6428 2718 5699
3 3239 9133 6278
3 8237 2891 5143
3 5831 7576 1464
3 3278 8951 9039
3 863 2090 2602
3 633 570 4985
3 7861 5707 9901
3 2537 7978 3704
3 1330 7317 7895
3 347 5923 9446
3 7109 329 9785
3 2045 10228 1459
3 4139 6396 4162
3 9421 9694 10027
3 6362 3314 8205
3 737 1079 5338
3 4314 1068 5737
3 4211 7655 3545
3 3268 2927 313
3 1498 6455 8360
3 2004 5737 1068
3 5709 2462 1299
3 5845 1565 3638
3 10290 10008 8058
3 2004 5014 5737
3 2540 4958 4602
3 428 9785 7230
3 6079 10027 9474
3 9457 3677 9976
3 4742 9650 6462
3 2834 5524 7170
3 5503 801 5546
3 4901 2844 9347
3 5869 4570 5836
3 2385 2516 8241
3 1041 1206 3863
3 125 3411 8122
3 8211 9091 1433
3 6204 3947 3996
3 5085 7454 1973
3 7643 8764 4059
3 6324 9806 6181
3 1433 2891 8211
3 2891 8237 8211
3 8764 4109 4797
3 6053 7788 2551
3 8546 7899 2367
3 779 1863 4132
3 6021 632 1700
3 9004 6662 2462
3 5323 244 3231
3 4231 1162 3704
3 9007 9570 2064
3 10284 1068 4314
3 2568 7592 7974
3 3548 3101 1491
3 9847 4357 5189
3 9796 6783 9806
3 665 6494 10144
3 10217 2186 9622
3 1897 7134 6385
3 5821 9866 3605
3 4547 384 9832
3 5083 1446 5333
3 9372 10045 9822
3 384 4227 5152
3 9118 8481 5333
3 384 58 4227
3 5143 6272 8454
3 5400 7014 7660
3 9976 6780 9457
3 5949 8739 1151
3 4201 65 9299
3 4533 3059 4865
3 7060 3844 3217
3 1400 2156 1061
3 9833 9056 1152
3 117 9097 7136
3 6315 4408 9390
3 3027 5153 5122
3 1135 3966 5908
3 1597 9770 10114
3 4922 4573 4987
3 6926 7344 3782
3 1096 1583 10155
3 4156 6462 6315
3 9134 5189 2780
3 1530 4548 8661
3 2296 4285 8363
3 6360 9990 6892
3 6871 4876 64
3 943 2952 766
3 492 8356 6033
3 5911 2982 4967
3 7771 6033 2919
3 1241 8234 6706
3 77 3440 2312
3 7319 8390 6935
3 3079 6063 5690
3 4358 2542 202
3 9589 9290 2286
3 808 9614 876
3 4461 4558 7156
3 1622 570 6728
3 1377 3127 3357
3 10077 415 5059
3 10057 6063 3410
3 5470 942 8636
3 2087 944 767
3 4109 9442 2023
3 1686 10057 9645
3 630 2467 10212
3 5338 9756 244
3 9214 3429 6219
3 2931 2923 450
3 9354 2931 450
3 6027 3797 4725
3 434 2155 2769
3 6765 8483 2749
3 3666 492 6033
3 10378 6782 9756
3 7663 6033 7771
3 6124 4408 6315
3 3296 4998 4182
3 2164 5025 3948
3 9785 430 7230
3 244 9756 3231
3 9966 9911 2467
3 6368 9554 7610
3 7112 1913 9642
3 2801 9815 4758
3 5557 7187 2292
3 3063 217 5350
3 9495 9807 7863
3 6204 4019 3947
3 1492 1691 7472
3 4014 6081 10131
3 1802 7409 6810
3 8484 6780 2376
3 5759 941 2101
3 6076 4755 1573
3 3337 4241 2486
3 3501 1522 5770
3 1522 1709 6331
3 5107 9630 3136
3 3666 5861 775
3 6638 7137 9449
3 262 4388 5975
3 163 9718 5647
3 3843 3337 2486
3 384 7086 8485
3 6124 6315 9650
3 9448 6551 6014
3 6203 9957 5016
3 3973 8241 2516
3 9645 3410 377
3 2087 872 9126
3 8949 4888 5533
3 6155 2490 4990
3 6357 7759 6353
3 3109 9788 1799
3 9517 2941 9025
3 1377 8004 3127
3 4573 4922 7639
3 8878 1150 3255
3 3553 3744 733
3 262 6668 4871
3 8553 5975 9265
3 3176 6648 9815
3 7995 2843 10001
3 4871 5646 4237
3 3484 5209 3621
3 3664 4395 9745
3 352 8553 3216
3 6668 5646 4871
3 197 9631 6117
3 1693 10115 4335
3 6732 20 1593
3 1633 2164 7968
3 9968 10125 7292
3 9554 4532 6778
3 2454 2378 3752
3 808 7014 690
3 9457 6780 8484
3 2189 3449 10359
3 7226 1439 6606
3 6606 6725 9039
3 9834 5855 6490
3 6684 9049 1103
3 7018 8774 3297
3 4924 1005 3315
3 8211 8237 3239
3 7378 295 8181
3 5821 1166 9866
3 9377 2476 4308
3 45 9882 7655
3 4182 4806 3296
3 9364 1166 5821
3 9832 5152 2094
3 5984 4786 5546
3 4725 6564 566
3 3865 4544 7980
3 5894 7576 8973
3 1464 7576 5894
3 1918 126 10127
3 3865 5152 4227
3 6087 7600 9009
3 2941 102 4976
3 6760 6480 383
3 6295 206 3344
3 5014 9442 5737
3 10387 331 8405
3 676 2264 5105
3 1913 5476 607
3 5127 2482 8216
3 7759 6357 1393
3 461 6480 4621
3 1068 9798 2004
3 4965 8002 8603
3 7084 6753 8084
3 4834 6563 4059
3 1863 2931 9354
3 7795 1338 6563
3 6442 10316 1263
3 4807 2606 9834
3 64 115 4965
3 5310 2404 3431
3 5236 1369 3930
3 2981 4924 3315
3 3595 1408 177
3 2981 1263 3500
3 5689 2094 7980
3 7974 4058 2568
3 5057 9538 2952
3 6299 6785 2168
3 3631 9920 3595
3 461 9473 3077
3 4718 1254 8641
3 6644 10363 4202
3 5575 9372 9822
3 2487 4487 902
3 857 5866 3988
3 6985 5337 7292
3 1857 8481 9118
3 1492 8058 10008
3 3771 8441 9313
3 5122 2483 4700
3 1464 6027 5831
3 4700 6862 9609
3 10288 4262 1437
3 3531 8534 3361
3 2156 2621 7288
3 8286 1578 5942
3 6373 5888 8527
3 1573 1713 4559
3 8222 5819 6177
3 7932 6319 1573
3 1051 10290 8058
3 6319 7932 645
3 8452 9421 8249
3 1573 4755 1713
3 3314 6019 4961
3 6810 7258 1802
3 1274 4786 4340
3 4156 2769 6462
3 80 8053 4485
3 7978 2537 7317
3 5691 5742 2701
3 5993 9541 4182
3 7895 7376 1330
3 2730 7181 921
3 4674 2008 9788
3 7760 7302 3355
3 2306 2438 105
3 2545 10235 1167
3 8004 1377 7156
3 276 3359 2568
3 5400 9179 10334
3 8802 9602 5374
3 10144 4702 2164
3 2769 4308 434
3 911 6584 605
3 1821 4077 3238
3 10231 64 4219
3 5484 2487 7059
3 951 5596 10056
3 3059 9423 8708
3 9299 65 489
3 4206 7226 9387
3 1905 6205 5129
3 1563 3027 5122
3 7059 8963 5484
3 2157 5057 4575
3 1948 3716 606
3 4262 7292 10125
3 5737 9442 4109
3 4886 7643 1930
3 4059 8764 4797
3 9039 5266 3278
3 2534 3058 5228
3 7384 8993 8105
3 5470 6991 9364
3 7689 7384 8105
3 8414 204 5951
3 9421 8321 8249
3 4655 7454 9307
3 4139 5679 7932
3 2622 7053 6181
3 1857 6194 8481
3 1713 4755 6076
3 1433 2101 120
3 5993 4485 8744
3 3253 412 2708
3 5524 3996 3947
3 4559 6362 8414
3 1269 4340 3691
3 9307 9956 9452
3 5070 9313 5083
3 5048 6111 1923
3 5950 3159 9718
3 7101 9792 6404
3 4237 9057 4871
3 6422 9427 10044
3 7020 4096 1116
3 4998 1749 4544
3 4227 4182 4998
3 2101 941 2198
3 3869 9828 1869
3 5759 2101 1433
3 1746 2834 7170
3 5759 5524 2834
3 5701 7125 3469
3 2602 4171 7981
3 7258 3096 2564
3 9264 7122 7058
3 3715 1949 5866
3 3216 5483 352
3 9357 2085 9739
3 3590 1280 9437
3 6820 3007 9734
3 5679 4935 7932
3 2537 3704 1641
3 607 9807 9642
3 9648 3491 4731
3 1152 9056 4236
3 7320 2250 3222
3 7749 10030 8913
3 4674 9788 4780
3 4077 8913 3238
3 796 8454 6272
3 3315 1263 2981
3 4587 4876 6871
3 7378 167 295
3 7384 9298 3394
3 4132 6018 3548
3 9639 942 5470
3 3231 4074 5323
3 2786 2168 6991
3 4564 8481 6194
3 2849 2169 3655
3 3750 6344 1376
3 329 430 9785
3 896 3534 9694
3 1765 4418 5935
3 7991 4403 3298
3 598 6205 6328
3 8997 9365 10335
3 3357 3720 1377
3 6728 10276 7299
3 9191 9800 7890
3 8048 2163 9908
3 1626 1196 7254
3 1400 2508 1978
3 5911 1607 4093
3 3410 6063 377
3 9564 7660 1578
3 8185 411 7081
3 8661 4548 4211
3 7380 6003 9232
3 1277 8462 1777
3 3300 9587 9486
3 3639 5561 5846
3 4771 6764 4780
3 1437 3677 9457
3 9346 9627 4900
3 4533 5483 8962
3 902 3027 1563
3 3337 61 10012
3 4058 1749 4998
3 9609 6862 6725
3 6989 5025 1633
3 1437 7624 10288
3 8951 3958 9039
3 3947 4019 1641
3 1517 4206 1220
3 7964 3084 6299
3 387 6390 3847
3 9719 9698 665
3 9689 7317 6338
3 1814 10389 3520
3 7978 7317 4250
3 4067 5575 9822
3 6338 1330 4935
3 6203 5300 9957
3 8205 7009 204
3 4346 2169 6068
3 2163 7698 9974
3 3691 4340 4786
3 4269 2453 5014
3 9422 3426 3155
3 2094 5152 7980
3 5516 6171 6224
3 3361 8534 5918
3 277 5546 1274
3 6580 9807 9495
3 6362 4559 7086
3 430 6170 3602
3 5333 5070 5083
3 5592 615 2082
3 5546 1970 5984
3 9694 1762 896
3 8485 58 384
3 7152 8434 6385
3 9448 4901 6551
3 4786 9744 5546
3 1989 7601 6086
3 9943 8741 6224
3 1471 2318 9720
3 3127 9895 8009
3 4018 2048 8945
3 10354 1762 8104
3 8006 8359 4045
3 7679 3640 2445
3 10067 6935 9263
3 9928 6173 5955
3 7689 10290 1051
3 4064 131 1193
3 5573 449 1420
3 5440 5489 2656
3 9191 6473 8378
3 9448 3904 414
3 31 6014 7997
3 7536 9895 2077
3 2031 7011 3489
3 9126 872 8390
3 9250 1844 9509
3 9323 5618 8887
3 5057 2952 951
3 3595 268 2812
3 8378 7079 9191
3 5559 9901 5707
3 8762 1446 1450
3 6179 1166 6991
3 597 120 8484
3 597 2891 120
3 6554 6948 1205
3 4780 9788 3109
3 7882 8636 9639
3 773 7996 6650
3 1150 5254 8286
3 7881 5337 4343
3 5233 8048 9390
3 5759 9735 5248
3 3704 7978 4231
3 10288 3771 5337
3 4029 3863 4629
3 5772 1979 4900
3 5835 8485 5993
3 1979 4217 2112
3 8454 796 4966
3 3677 10125 4309
3 4702 127 7974
3 5376 6990 8413
3 10389 665 2561
3 7317 1330 6338
3 3835 3003 9698
3 7122 61 3337
3 3757 5583 623
3 5866 1949 8426
3 5974 3318 7122
3 7862 6320 5323
3 3244 6023 3990
3 861 8169 1831
3 39 713 2978
3 3436 6562 1156
3 7156 1377 4461
3 8009 5324 3127
3 2427 6671 9773
3 3326 1591 3761
3 6945 6289 10174
3 10355 7183 1100
3 102 2719 9587
3 7319 6935 10067
3 2156 7288 2966
3 10190 1869 4719
3 8360 8566 1498
3 1492 9882 8058
3 3469 2834 1746
3 492 775 9908
3 5267 9452 3590
3 2093 4731 9258
3 9232 6003 7073
3 4730 2730 3972
3 2730 33 3972
3 5210 8405 1913
3 1446 8762 10224
3 9392 4208 1771
3 9570 9007 7333
3 4544 4058 127
3 7601 1989 7167
3 6989 8354 3419
3 4343 5337 3771
3 4262 6985 7292
3 3520 4067 7809
3 4939 4449 5228
3 1517 5122 4700
3 7813 4601 6494
3 1205 6140 6554
3 6140 2981 3500
3 3545 10115 4532
3 2602 10249 1162
3 9354 6554 1863
3 2561 3948 5575
3 3732 2028 5875
3 6785 2749 8483
3 6991 5470 8636
3 4467 9387 6715
3 9039 3958 5927
3 5642 5242 4107
3 5642 9639 5242
3 3231 7641 4074
3 9734 2927 6519
3 3777 5326 3330
3 8481 5821 4725
3 1547 6950 8313
3 9267 7059 8720
3 3605 8706 4725
3 2163 8827 8356
3 1274 9744 4786
3 9118 1837 1857
3 2508 1400 1061
3 7464 5616 5126
3 6779 1886 9668
3 3127 8004 2077
3 7314 5440 2077
3 4801 2202 357
3 4698 7455 4650
3 1584 3957 9555
3 1250 1848 5556
3 9564 1578 5254
3 9486 9559 7458
3 4603 3927 6671
3 5254 9602 2
3 5532 9812 6839
3 1456 7956 4513
3 9698 9719 3835
3 3116 5393 255
3 4834 2981 6140
3 5957 1530 8661
3 7795 4834 6140
3 8002 2071 8123
3 5083 8441 1446
3 3771 1446 8441
3 8993 4011 8647
3 5684 8808 6653
3 1437 4262 10125
3 8590 4556 2027
3 8454 6980 5143
3 6780 9976 4309
3 2999 2057 9582
3 480 8333 6621
3 1869 8129 4719
3 5923 4011 5016
3 9381 2602 1162
3 6647 180 4280
3 4162 6396 9689
3 6808 4139 6701
3 645 4935 7376
3 4308 2476 8048
3 5731 3590 9437
3 2197 9743 10062
3 10327 7863 2027
3 4074 3000 7862
3 9490 3000 5740
3 1922 6952 687
3 9456 9740 7938
3 2795 8736 6776
3 9490 7862 3000
3 9442 5192 2023
3 6388 6156 1542
3 3500 1263 6018
3 9191 7079 3004
3 6901 3766 177
3 4780 3109 5433
3 2800 3394 9298
3 9541 4806 4182
3 7974 7592 2164
3 409 6194 1857
3 5401 10150 2786
3 6194 9639 2331
3 2376 597 8484
3 8605 9624 2992
3 10364 6109 2399
3 3255 9773 500
3 0 4364 3053
3 7881 7292 5337
3 6629 1679 9917
3 218 3775 2605
3 4876 3895 115
3 7981 863 2602
3 7809 4067 7585
3 9377 9390 8048
3 5233 5471 2163
3 10125 3677 1437
3 9822 9449 7137
3 4602 4961 2540
3 5739 9039 1839
3 4139 4162 6338
3 6079 9474 2516
3 3752 1547 1472
3 8506 3606 646
3 352 2583 9299
3 2738 5928 2468
3 8739 5949 10012
3 7053 5550 674
3 606 8720 8445
3 6181 6396 6808
3 9892 2093 3567
3 2077 9895 3127
3 1777 8940 10276
3 485 2802 383
3 3077 6562 6480
3 5850 453 407
3 6554 3500 1863
3 4132 7964 779
3 1877 2844 414
3 6736 1055 2648
3 5255 6948 5010
3 8205 8414 6362
3 6194 2331 4564
3 2045 4064 8359
3 6668 41 5646
3 9452 5267 9307
3 2561 665 3948
3 1439 4700 6606
3 10003 5060 650
3 7630 9730 6225
3 6368 3545 4532
3 5466 5361 9869
3 2212 2216 9304
3 6157 941 5759
3 7258 2564 1802
3 10331 1821 9315
3 8251 1302 9979
3 9868 584 3974
3 863 2859 3972
3 7258 10249 3096
3 2090 10249 2602
3 6670 9211 2800
3 4862 420 4062
3 10345 9604 4306
3 6808 6396 4139
3 6701 7009 6808
3 9796 2988 9689
3 3545 7655 10115
3 4675 3758 6736
3 5778 3712 3926
3 8894 4786 5984
3 3507 8378 4614
3 3868 4418 2482
3 3226 3225 8803
3 5601 3521 6041
3 1709 3501 2915
3 7086 4547 6362
3 127 4058 7974
3 6173 9473 461
3 9449 4533 6638
3 4067 9822 7137
3 3855 6989 3419
3 8566 6572 6246
3 9822 10045 3059
3 10067 6063 3079
3 4871 9739 2085
3 3138 4388 3247
3 5647 9718 3159
3 10115 5784 4335
3 9645 377 6912
3 5524 3947 7170
3 4901 9448 2844
3 5001 3375 7112
3 9833 1152 8740
3 9717 10012 5949
3 4308 9908 775
3 7971 2526 5223
3 2988 4171 9381
3 434 3627 9363
3 10249 7258 6810
3 4289 5364 1938
3 5070 1464 4343
3 9604 4831 1810
3 8205 3314 4961
3 7961 6396 6181
3 3022 9919 2210
3 1869 9828 8129
3 5477 3545 6368
3 7512 9453 5912
3 1970 1576 5984
3 6362 4547 3314
3 7664 3973 8255
3 9323 10150 9478
3 4775 4976 1167
3 4976 4775 3340
3 6320 244 5323
3 4888 7692 3758
3 4614 8378 9121
3 188 8940 6416
3 6924 2186 5962
3 690 7014 5400
3 6740 8983 7947
3 2 5400 9564
3 9517 3353 3045
3 2202 4801 4819
3 5228 3058 1114
3 779 6390 387
3 8636 942 9639
3 5470 9364 2331
3 7795 6140 1338
3 3058 8764 7643
3 2651 1769 6153
3 981 7311 3053
3 8356 8827 6033
3 5701 1746 1802
3 5504 3289 4
3 4035 8793 6109
3 4034 5551 7663
3 9806 6783 9689
3 2988 4250 9689
3 10193 3493 9787
3 10389 2561 5575
3 7122 3318 10046
3 1948 6117 5108
3 197 6024 9631
3 3714 9266 8719
3 6500 8562 8497
3 352 6668 262
3 4206 9387 1220
3 3337 3843 7058
3 8820 6715 5739
3 9421 6079 8321
3 262 5975 352
3 2227 1571 2385
3 10046 5107 3136
3 8058 9882 45
3 9694 3534 3842
3 9735 3996 5248
3 2028 7230 4667
3 8390 1134 1011
3 485 9368 10190
3 9520 5880 1404
3 6843 7224 9392
3 4074 7641 4015
3 8808 3978 6653
3 10190 2802 485
3 6563 4834 7795
3 10069 8216 8662
3 1930 6563 1338
3 9785 4179 6014
3 5393 6271 255
3 6014 31 7109
3 6472 7889 3127
3 8216 6901 5645
3 7909 1873 7027
3 6018 4132 1863
3 4132 3548 7964
3 5316 8222 8850
3 9323 9478 4107
3 5975 4388 5109
3 6395 6271 671
3 5485 3217 3844
3 3989 154 900
3 1152 4236 5950
3 10012 947 3337
3 3847 2923 2931
3 9787 1692 4366
3 1961 2508 6353
3 8720 902 1563
3 779 2786 10150
3 42 2322 6267
3 2331 9364 4564
3 5642 7882 9639
3 7929 1837 10224
3 2198 6157 921
3 7624 1450 10288
3 10249 6810 3704
3 8120 5333 1446
3 674 2859 863
3 4770 7181 9340
3 7961 9689 6396
3 9381 4231 4250
3 9908 8356 492
3 6110 1592 4077
3 6338 5679 4139
3 589 3785 3106
3 8554 9861 3169
3 9689 6783 9796
3 9976 3677 4309
3 7508 9627 2120
3 4835 10225 2464
3 6190 6192 8911
3 4899 2903 3963
3 9952 4023 4155
3 2013 6825 1911
3 8553 9265 3216
3 2085 9357 262
3 4697 3055 1602
3 1167 10235 2318
3 7810 3266 7695
3 8129 1597 10114
3 6728 8544 1622
3 1681 9153 6353
3 3869 1869 9368
3 414 3732 6378
3 3674 4912 2651
3 7585 5724 3493
3 5455 9773 3925
3 7027 7013 2455
3 867 3755 9730
3 2488 5485 3844
3 1563 1220 8445
3 5109 4388 8426
3 7394 6948 5255
3 6638 857 5563
3 5539 4549 9703
3 6236 517 9114
3 6024 197 6950
3 5577 483 8887
3 5577 5452 3847
3 7394 5255 9402
3 999 2545 7501
3 2785 7057 1599
3 5401 9478 10150
3 6192 6736 9883
3 9138 8057 10098
3 3361 5534 3531
3 7716 5631 3044
3 5975 8553 352
3 9739 4871 9057
3 7179 7020 1998
3 1586 7281 4771
3 5951 7009 6701
3 1731 7243 6861
3 2919 3390 1206
3 6777 4987 4573
3 204 7009 5951
3 9968 7292 7881
3 7771 1206 5267
3 5575 3520 10389
3 9315 1647 10331
3 6551 2518 7997
3 2540 4601 2061
3 761 8895 8241
3 8217 3345 4766
3 3732 7230 2028
3 10111 4306 1233
3 10111 1233 4620
3 5338 244 6320
3 654 212 2430
3 3654 430 7032
3 8005 5863 6766
3 5437 7963 6169
3 10069 7173 8073
3 1408 3595 3499
3 9456 9686 9740
3 8129 10114 8462
3 9978 3673 5010
3 8747 10273 283
3 6732 1593 6111
3 7984 8378 6473
3 847 4614 9121
3 102 9587 4976
3 5879 2941 3340
3 1063 6245 6777
3 4896 7134 1897
3 53 5741 6762
3 6353 5793 5489
3 999 7501 8446
3 5242 9639 6194
3 9653 3860 9928
3 5631 1591 3044
3 5554 7947 9757
3 606 8445 6117
3 61 7122 10046
3 8426 1949 5109
3 2357 1606 8819
3 2276 1805 3988
3 6117 8445 197
3 1814 4907 9719
3 8109 4504 1595
3 8753 9323 7929
3 6157 5759 3469
3 9340 6039 7061
3 9474 3973 2516
3 1746 7170 7409
3 3314 4547 6019
3 863 7787 3096
3 4559 1713 10010
3 1838 9038 3082
3 7980 4544 127
3 6157 3469 7125
3 6757 4623 1702
3 9833 9738 9056
3 8004 7314 2077
3 4211 4035 10364
3 709 7261 6370
3 977 7885 9668
3 9414 1056 6878
3 7921 4402 1004
3 8221 3298 7922
3 2198 941 6157
3 3157 5391 9553
3 5214 5522 4159
3 6021 9698 3003
3 5822 1044 103
3 9743 9086 7395
3 7809 6031 6512
3 857 7250 5563
3 3520 6512 1814
3 8817 5814 7546
3 5489 5793 2656
3 3247 1549 5508
3 7570 6224 8741
3 4871 2085 262
3 9718 163 3777
3 8413 8461 2938
3 3847 5452 450
3 9371 9004 2462
3 9915 5150 2045
3 3847 2931 387
3 1641 7895 2537
3 8960 2306 3613
3 7981 2043 6324
3 7112 9642 6580
3 5951 1573 8414
3 9452 9956 3590
3 1839 8820 5739
3 9478 8636 7882
3 8105 8993 10008
3 3058 7643 4886
3 7454 3375 9307
3 6401 5868 1020
3 604 2795 911
3 8330 8365 450
3 7098 2291 8960
3 8170 862 6827
3 8462 6416 8940
3 5863 105 2438
3 8446 7501 9559
3 923 5598 8382
3 1241 1938 1382
3 9318 8390 7319
3 6315 6462 9650
3 951 943 5596
3 2769 4156 267
3 7380 2093 2157
3 9047 7105 9405
3 1498 8123 5786
3 8895 2227 8241
3 8131 9047 4843
3 10259 9280 6440
3 2101 981 120
3 1051 45 4211
3 7106 8787 5920
3 4211 5477 8661
3 3096 7787 2564
3 9381 4250 2988
3 7813 5253 9698
3 1041 3863 4029
3 5679 6338 4935
3 4625 7522 9942
3 4057 1769 4912
3 6087 9009 7733
3 8462 8940 1777
3 7585 6031 7809
3 5555 8817 7497
3 4388 262 9357
3 352 41 6668
3 3137 9632 8425
3 3244 2779 3136
3 7122 9264 5974
3 7862 6571 6320
3 2843 8070 10001
3 6177 1182 9650
3 610 5737 3058
3 9332 4990 1648
3 9170 7286 4255
3 9383 34 3424
3 9387 4467 4754
3 6948 1930 1338
3 9354 9978 6948
3 9120 2473 846
3 2526 5057 951
3 2467 7281 96
3 9138 1186 6256
3 5551 3666 7663
3 8661 5477 6368
3 6871 64 10231
3 3709 4676 6077
3 4107 409 7929
3 2427 1982 6671
3 5242 6194 409
3 7929 409 1837
3 267 9377 4308
3 5883 4539 9918
3 3340 1403 5879
3 1781 9338 4615
3 4343 9313 5070
3 7011 743 9627
3 106 2517 1458
3 6571 3155 7733
3 10295 3367 1348
3 2893 9179 3157
3 10365 2148 3925
3 6671 3927 3004
3 5888 434 5079
3 7173 10069 8662
3 5861 5079 4308
3 6989 3855 3948
3 5575 4067 3520
3 9179 2 9602
3 9368 1869 10190
3 3860 5147 9928
3 3468 5724 1221
3 7610 10189 8325
3 5910 6954 8793
3 0 1437 9457
3 3897 3930 8291
3 6810 1641 3704
3 5506 8424 9631
3 3990 152 6999
3 857 6266 2135
3 5539 8739 2779
3 1525 39 2978
3 8445 8720 1563
3 999 7004 2545
3 3972 33 2564
3 3096 2090 863
3 4754 4467 2454
3 2730 5013 33
3 2534 610 3058
3 5789 3683 7113
3 3972 674 4730
3 7643 6563 1930
3 4979 9306 9613
3 1944 9272 96
3 1338 6140 1205
3 1220 1563 1517
3 1591 5307 2016
3 4876 10343 413
3 10150 6390 779
3 5010 6948 9978
3 2988 9796 4171
3 5910 646 3606
3 6181 9806 7961
3 5583 3757 8234
3 7639 6124 1182
3 6246 138 7196
3 4162 9689 6338
3 2043 9796 9806
3 645 6076 6319
3 7075 5236 9652
3 1443 5362 10348
3 212 8461 8413
3 2800 3757 8452
3 204 8414 8205
3 10224 1837 8120
3 9645 10057 3410
3 5601 2789 4419
3 9307 5172 3590
3 673 3949 2949
3 3758 3983 5533
3 1038 6947 719
3 108 9495 8736
3 5632 283 10273
3 3513 1321 5616
3 8793 4548 646
3 1606 864 6700
3 2666 3326 3761
3 4308 8048 9908
3 6031 3835 4907
3 6021 3003 632
3 2556 6638 2755
3 2276 7498 3560
3 9495 6776 8736
3 4712 3218 7399
3 3138 8426 4388
3 6760 4386 7081
3 3044 3326 7716
3 3793 986 6661
3 8415 1121 4863
3 8990 1442 2159
3 6024 6950 154
3 688 2819 1923
3 8069 6035 3451
3 6035 9357 3451
3 8601 9833 6549
3 8601 9738 9833
3 726 884 3339
3 1583 4778 6271
3 1973 2731 5085
3 3757 2800 6706
3 2508 6357 6353
3 10288 5337 6985
3 3925 2148 8378
3 981 4364 0
3 2148 10365 6671
3 120 2891 1433
3 7125 5013 6157
3 5701 3469 1746
3 7715 283 5632
3 5013 1802 33
3 8329 6912 9263
3 6912 6063 10067
3 10348 7074 1443
3 3983 5237 7074
3 6324 674 7981
3 4171 2602 9381
3 2844 9448 414
3 6109 10364 4035
3 9323 8753 5618
3 6268 9254 1438
3 5129 9936 8915
3 665 5253 6494
3 283 8304 8747
3 7156 4558 7314
3 2077 5440 7523
3 7458 3300 9486
3 3300 7501 2545
3 5522 5214 3625
3 5845 5560 5708
3 10114 9770 6416
3 6645 3625 10174
3 7692 6902 6736
3 7055 4160 6759
3 9800 5725 7890
3 6562 3436 8171
3 3274 8039 9995
3 2638 6650 9413
3 604 8736 2795
3 9495 7863 10327
3 2819 688 1862
3 7159 198 4680
3 4395 3664 9683
3 1849 1299 5557
3 8304 9540 8747
3 7522 4625 7032
3 9901 5559 9414
3 2 9179 5400
3 4015 1068 10284
3 4219 8566 6246
3 4863 1121 9685
3 1877 414 6378
3 7434 3023 8255
3 6378 10111 589
3 6304 7394 9402
3 4895 4987 6777
3 7009 8205 4961
3 450 8365 9978
3 450 2923 3847
3 2648 3465 4675
3 3847 483 5577
3 8887 483 3847
3 1160 1750 9596
3 6031 7585 3493
3 3990 2779 3244
3 3990 6023 152
3 900 7158 3989
3 1547 1303 1019
3 2155 4474 6462
3 6512 3520 7809
3 6606 4700 9609
3 976 2482 5127
3 5127 8216 10069
3 1930 9823 4886
3 8878 8802 5374
3 1961 1978 2508
3 2650 6559 9506
3 450 5452 5577
3 6777 7639 5819
3 7929 10224 8762
3 8283 7425 1016
3 5740 610 2534
3 383 9729 485
3 7585 2556 1221
3 1847 4953 1692
3 665 9698 5253
3 7501 3300 7458
3 2545 1167 3300
3 10363 6644 8457
3 3000 4074 4015
3 4467 8820 4384
3 1267 5957 8325
3 4010 3603 1911
3 4231 7978 4250
3 7981 4171 9796
3 2622 4912 3674
3 6181 6808 7009
3 8383 8234 1241
3 6948 9823 1930
3 8566 8603 1498
3 9357 3553 3247
3 623 9694 3757
3 6351 3534 896
3 9247 9704 8110
3 7414 2884 3743
3 2741 1269 5416
3 4197 1686 8168
3 7062 4333 8496
3 1810 4831 366
3 4976 9587 1167
3 1998 7020 8641
3 4041 7807 1737
3 9121 8378 7984
3 3936 6473 5325
3 8010 3936 5325
3 7523 5440 7221
3 1886 3401 9499
3 6760 453 4621
3 2306 5696 3613
3 8140 42 1982
3 2872 3029 8672
3 9307 5267 4029
3 430 3602 7032
3 2819 6776 5048
3 9985 9730 1586
3 6110 5788 10331
3 7570 8741 3415
3 1799 2203 9892
3 911 2795 2819
3 2120 920 7508
3 4886 9823 7394
3 4886 7394 6304
3 6700 5058 1606
3 8330 5577 8181
3 8330 295 3673
3 450 5577 8330
3 3361 8398 10245
3 9520 10343 4876
3 6181 7009 2622
3 3090 6246 6572
3 2556 7137 6638
3 9478 7882 5642
3 5539 2779 7414
3 6553 2201 1588
3 8426 5508 3988
3 6266 3560 2135
3 6014 3904 9448
3 9631 5108 6117
3 6003 2157 4575
3 1450 1446 10288
3 884 4549 5539
3 6999 2779 3990
3 734 3745 7000
3 9402 167 7378
3 6948 6554 9354
3 2157 9258 5057
3 5540 7995 10001
3 761 3973 7664
3 7771 5267 4034
3 8255 4711 7664
3 6068 3664 9745
3 8544 7299 5848
3 1004 6353 7921
3 7221 6839 7523
3 4967 5863 8005
3 6573 4539 9900
3 5640 3440 77
3 1156 8494 722
3 7733 3155 3426
3 3415 3426 9422
3 2061 4601 7813
3 3835 9719 4907
3 4771 7281 630
3 7299 690 5848
3 8535 8525 7042
3 3003 3835 632
3 4939 2978 4449
3 5292 1285 2165
3 4059 6563 7643
3 8661 6368 5957
3 3673 8365 8330
3 964 8811 2283
3 4107 5242 409
3 8181 295 8330
3 4474 434 9363
3 2257 6546 3408
3 7011 9346 2546
3 7230 430 3654
3 9739 8602 3451
3 630 10212 4771
3 3988 1805 857
3 61 8739 10012
3 6998 1549 3247
3 3842 10027 9694
3 8739 61 2779
3 3972 7787 863
3 4236 3159 5950
3 3972 2859 674
3 4961 2622 7009
3 7125 5701 5013
3 5928 2738 9304
3 3627 660 9363
3 5737 4109 3058
3 5550 9340 4730
3 267 4156 9377
3 3654 9604 4667
3 6416 3266 188
3 9486 9587 2719
3 3936 7984 6473
3 6644 2709 2724
3 9025 4588 3441
3 3450 8601 6549
3 8325 10189 10212
3 2789 6619 7128
3 5480 7024 8909
3 9211 4011 7384
3 9298 2399 4289
3 1032 2566 7157
3 4945 8868 939
3 8940 188 2702
3 4961 6019 2094
3 5607 1588 957
3 665 1814 9719
3 4602 10248 4057
3 3468 1575 817
3 6512 6031 4907
3 9773 6671 10365
3 3847 6390 8887
3 5816 3486 3589
3 5585 1694 9489
3 2779 10046 3136
3 9704 9247 2843
3 9114 2855 2898
3 8434 7152 8935
3 3744 3553 1595
3 3337 7058 7122
3 8527 5861 3666
3 1625 4839 6197
3 197 1220 8313
3 7374 5059 10002
3 7226 6715 9387
3 7396 2972 7878
3 1686 9645 8168
3 10331 5788 4077
3 9223 4523 916
3 2973 687 10331
3 9650 1182 6124
3 5323 4074 7862
3 2163 8356 9908
3 5759 2834 3469
3 7494 7256 366
3 713 7862 9490
3 6983 4340 1269
3 7027 1897 4936
3 1799 9788 2203
3 6378 3732 5875
3 7105 5919 2078
3 7299 808 690
3 3381 9135 9447
3 6462 4474 4742
3 7032 1989 7522
3 3029 6036 8672
3 3787 2966 8323
3 8238 9179 8802
3 2397 6932 5125
3 1873 39 1525
3 9978 9354 450
3 5253 7813 6494
3 5557 1299 7187
3 7179 5645 4096
3 8641 10336 6867
3 2120 743 7011
3 6549 9833 5540
3 3450 6549 8070
3 733 3247 3553
3 8070 6549 10001
3 2659 5892 3639
3 4956 3746 517
3 1983 7466 1273
3 8120 1837 9118
3 9341 4539 6871
3 5892 7884 3639
3 4428 5316 4742
3 409 1857 1837
3 9730 3755 96
3 1433 9735 5759
3 507 6827 9995
3 1250 10174 1848
3 0 1450 7624
3 2982 5911 8999
3 5397 4674 6764
3 7409 1641 6810
3 3195 7434 2949
3 4384 5992 5149
3 3740 8621 6166
3 7454 7112 3375
3 277 8322 5546
3 5685 8635 1288
3 5689 4601 2094
3 3590 9956 9307
3 9704 7995 5540
3 10096 6216 6249
3 5872 5532 7549
3 1448 847 2474
3 5709 1299 1849
3 5214 1565 3625
3 9623 3594 2991
3 3589 3486 2950
3 2074 291 6521
3 2 9564 5254
3 10174 6289 6645
3 1251 6827 862
3 3625 5845 10174
3 632 3835 6031
3 1606 5058 8819
3 5436 7055 6759
3 1700 632 3493
3 108 8736 1356
3 5334 7285 325
3 7585 4067 2556
3 4680 7371 9437
3 3979 7431 4267
3 1588 5607 3010
3 1135 10086 10038
3 9604 5885 4831
3 9604 1810 4306
3 1283 3979 8299
3 2915 1871 5691
3 6447 5789 4993
3 4449 5740 2534
3 1776 5223 5939
3 4667 7230 3654
3 4584 3150 3275
3 2133 7971 1776
3 9402 5255 167
3 3465 7254 7332
3 8365 3673 9978
3 8525 6373 6552
3 5786 9097 5147
3 5172 6040 4680
3 7159 6373 7371
3 4650 7455 6052
3 5079 5861 8527
3 8747 8958 10273
3 10027 6079 9421
3 8255 3973 9474
3 8249 6670 8452
3 2564 7787 3972
3 8360 407 7331
3 8413 6990 1503
3 999 8446 7598
3 3949 8257 5294
3 4548 4712 1880
3 7421 1353 7958
3 8216 5645 8662
3 9223 5124 7421
3 1143 10165 4698
3 5634 2396 8479
3 5899 2522 5146
3 7098 8960 7772
3 1107 74 3381
3 9813 1998 6867
3 2973 2120 8735
3 5507 6025 3245
3 1019 6950 1547
3 3247 4388 9357
3 3451 9357 9739
3 9246 8109 1595
3 1752 4805 1862
3 817 1692 5724
3 1847 6700 4953
3 6998 153 1549
3 4067 7137 2556
3 7097 7158 1303
3 7250 3468 5563
3 6373 8527 3666
3 7692 4862 4062
3 0 7624 1437
3 9936 9593 8131
3 3838 7061 8271
3 9298 7384 7689
3 981 2198 7181
3 1114 3058 4886
3 1873 1525 643
3 2769 267 4308
3 6871 2312 4587
3 4449 2534 5228
3 8461 7144 2938
3 9806 6324 2043
3 2499 4782 10218
3 643 1525 4939
3 4912 1769 2651
3 7536 9812 8009
3 7168 1079 7600
3 9748 4526 3712
3 3353 3441 5641
3 8021 7078 314
3 8073 3911 10069
3 1411 8974 1323
3 9368 9729 3869
3 9437 4034 5731
3 6764 4674 4780
3 8819 5058 1519
3 3493 632 6031
3 5465 6809 4267
3 9787 3493 5724
3 9559 248 10058
3 7733 737 6571
3 5875 4667 10345
3 186 9777 5744
3 1221 2556 2755
3 9298 7689 2399
3 1114 9402 7378
3 1873 1630 7378
3 3106 2844 1877
3 1303 4622 7097
3 167 5255 5010
3 10137 787 6406
3 5583 8234 8383
3 2884 7414 2779
3 6235 2897 7414
3 623 1762 9694
3 2949 7434 8863
3 4147 353 9869
3 775 492 3666
3 4602 4958 10248
3 8441 5083 9313
3 6229 4084 9667
3 7062 9232 7073
3 2691 2542 4358
3 4985 7908 633
3 9213 9453 7512
3 8496 9985 9892
3 377 6063 6912
3 2547 9347 3676
3 7281 9730 96
3 2204 1776 9931
3 8222 5316 1063
3 9344 9927 9029
3 1114 6304 9402
3 4408 2818 5233
3 8181 5577 3798
3 1575 3468 7250
3 1331 8009 9812
3 6975 7236 1793
3 3676 2844 3106
3 2166 7457 4376
3 5724 7585 1221
3 5103 5058 1847
3 3083 5927 2215
3 6983 3603 3531
3 4230 3798 4896
3 7594 6479 9702
3 2155 6462 2769
3 7414 2897 3339
3 1595 6035 9246
3 10256 8795 1595
3 8070 2843 9247
3 674 6324 7053
3 3674 5550 2622
3 6021 4953 6700
3 8863 3013 6098
3 277 2212 10325
3 4711 3023 4787
3 314 9311 8021
3 6223 7494 9942
3 3355 8221 7760
3 1331 2473 8009
3 3004 8378 2148
3 1700 4953 6021
3 7972 9671 9420
3 10165 7455 4698
3 6021 7813 9698
3 6494 5689 4702
3 4366 1692 1700
3 407 6455 5850
3 9966 7100 8397
3 6760 411 453
3 3200 4346 4125
3 515 10256 1595
3 8795 9647 771
3 8544 10334 2893
3 9357 6035 3553
3 9704 2843 7995
3 9246 6035 8069
3 105 5863 8672
3 8525 337 5368
3 6571 7862 3155
3 5875 2028 4667
3 4306 1810 1233
3 10312 1762 10354
3 1159 9331 8648
3 8952 9069 5695
3 7693 6417 843
3 5741 7885 6762
3 976 5127 10069
3 2102 6762 8449
3 9812 5532 1331
3 8824 4958 2061
3 3004 7079 8378
3 8544 5848 10334
3 9787 5724 1692
3 7256 7494 6223
3 6638 4533 5866
3 1303 7158 1019
3 857 1805 2276
3 4573 7639 6777
3 4939 5228 643
3 4324 9333 340
3 7226 1517 1439
3 1012 7004 999
3 4373 320 923
3 9382 280 2605
3 8972 10259 6440
3 6224 6171 9747
3 7378 1630 1114
3 1267 1530 5957
3 3053 7311 7181
3 115 8002 4965
3 8452 3757 9421
3 4308 7016 434
3 102 9517 3045
3 10231 138 9341
3 3606 1938 6954
3 3300 1167 9587
3 2452 6847 5764
3 2802 10190 1323
3 7929 8762 1450
3 3494 4348 7316
3 6455 5955 5850
3 2452 5764 7509
3 6412 6122 9254
3 4363 9350 1808
3 8449 9847 2102
3 674 863 7981
3 2608 5796 8299
3 7380 2157 6003
3 9942 7522 6086
3 3611 2822 10388
3 2017 7938 9546
3 5172 3375 5001
3 6776 10327 5048
3 3035 1566 7055
3 3711 4985 8236
3 4601 5689 6494
3 2540 2094 4601
3 2292 3326 5557
3 8728 8170 8039
3 864 6021 6700
3 4366 10193 9787
3 7187 1299 103
3 1488 9506 6488
3 2839 8112 7900
3 7128 3740 6032
3 7523 6839 7536
3 1515 6827 2666
3 4654 10373 9948
3 732 1782 980
3 1700 3493 10193
3 7581 1251 862
3 9616 1839 2215
3 1566 3035 3639
3 5149 2454 4384
3 10111 5875 10345
3 1114 1630 643
3 5364 6109 6954
3 3933 861 1831
3 4230 8181 3798
3 857 2276 6266
3 5215 8210 1566
3 1549 3988 5508
3 7055 8210 4160
3 900 154 1019
3 10174 5845 5708
3 6289 3933 6645
3 2970 8057 3235
3 7929 9323 4107
3 5709 9371 2462
3 721 9013 5046
3 1595 3553 6035
3 9945 7265 1348
3 10001 6549 5540
3 9304 2738 10325
3 3666 5551 6373
3 10174 1250 6945
3 8313 6950 197
3 7498 2874 3560
3 1472 1220 9387
3 39 8279 186
3 5556 6826 1250
3 6945 1250 7580
3 6700 1847 5058
3 4953 1700 1692
3 719 7900 3853
3 2651 8472 5550
3 1446 3771 10288
3 325 6786 10297
3 6974 4155 4615
3 8279 992 5677
3 283 7715 8304
3 7103 1227 141
3 10262 1786 4996
3 2779 6999 2884
3 4996 7154 885
3 10256 7155 4997
3 515 886 10256
3 7027 1873 4230
3 6778 5397 9554
3 1280 3590 5172
3 9333 9456 3945
3 3218 7888 6256
3 2968 5149 8558
3 195 9262 7598
3 5532 7221 7549
3 9627 1647 5772
3 3784 9872 3105
3 1859 10359 1400
3 7610 5397 10189
3 5885 9604 3654
3 1547 8313 1472
3 8959 369 7256
3 10212 6764 4771
3 6572 7331 9109
3 8566 4219 4965
3 2499 10218 7265
3 2580 10354 3901
3 7331 6572 8360
3 9025 2941 4588
3 2800 9298 6706
3 5254 1578 8286
3 8850 6177 4742
3 3344 9540 8304
3 4985 5924 7908
3 801 5503 2738
3 4711 4787 761
3 2888 9268 5797
3 9401 5429 1030
3 5440 2656 7221
3 1599 3353 5641
3 5802 6992 9268
3 7173 7179 1998
3 8662 5645 7173
3 3219 9482 9527
3 5793 6353 9153
3 5079 7016 4308
3 7702 9147 2624
3 4954 6401 1143
3 4719 8129 8462
3 4366 1700 10193
3 921 6157 5013
3 1221 2755 5563
3 1450 0 3053
3 7081 4386 8185
3 734 7000 3246
3 6331 3897 8291
3 8741 9943 6087
3 10057 5597 5690
3 4373 7983 320
3 9740 6040 5172
3 9730 9985 8496
3 2701 8990 2159
3 4575 5057 2526
3 2455 8279 826
3 7502 2412 4300
3 167 5010 295
3 4712 1530 9966
3 9598 8052 9316
3 295 5010 3673
3 4876 4587 9520
3 8887 3798 5577
3 9911 10212 2467
3 9694 9421 3757
3 7867 7888 8397
3 4620 1233 10055
3 9363 4742 4474
3 434 7016 5079
3 2738 2468 801
3 8958 8747 206
3 4767 6084 83
3 9457 8484 0
3 6983 277 4340
3 485 9729 9368
3 7864 8185 3095
3 4539 9388 2663
3 8329 1636 1402
3 3263 9935 2921
3 2730 4730 9340
3 6003 4575 2133
3 7772 2672 3344
3 864 7813 6021
3 4602 4912 4961
3 8824 2061 864
3 6042 6819 7448
3 4958 2540 2061
3 6988 9935 6993
3 5001 7112 108
3 4895 6777 6245
3 7042 8525 2647
3 9546 1356 2017
3 2795 6776 2819
3 1862 4805 6584
3 3627 7812 4742
3 5866 8426 3988
3 8996 5717 1567
3 5633 5308 7475
3 4956 6236 7415
3 516 3744 1595
3 4990 9332 6548
3 5645 4987 4096
3 8535 4363 1808
3 3712 4526 10066
3 8005 5911 4967
3 500 5455 9285
3 3255 2427 9773
3 7378 3437 1873
3 3437 8181 4230
3 10354 1807 9932
3 3106 9873 3490
3 2546 3489 7011
3 8255 9474 10027
3 3195 3692 7434
3 981 2101 2198
3 6985 4262 10288
3 4401 8277 6632
3 2719 3045 9486
3 8958 631 10273
3 6932 7991 3544
3 6162 2630 9382
3 3731 2297 3640
3 7523 7536 2077
3 1595 4504 4550
3 3925 8378 3507
3 2473 5872 1447
3 5924 1323 10190
3 53 7991 5741
3 5804 3 3107
3 5722 10281 3994
3 4965 8603 8566
3 6573 9918 4539
3 7639 1182 5819
3 7316 7236 6975
3 5307 4970 9316
3 3507 4614 847
3 5819 1182 6177
3 1584 1538 847
3 4267 5362 5465
3 6809 9775 1392
3 1588 4119 6553
3 2290 6922 5826
3 7508 920 2973
3 3785 4789 3490
3 6019 9832 2094
3 4125 10362 3200
3 1586 5433 9985
3 10259 5806 1096
3 9966 9272 1944
3 2357 864 1606
3 2622 4961 4912
3 10215 10348 5796
3 10111 10345 4306
3 10198 2073 2031
3 2399 6109 4289
3 826 1873 7909
3 4363 8535 7042
3 2177 757 6739
3 9213 10215 2608
3 4550 2752 515
3 2855 98 10380
3 6983 3531 2212
3 4289 6706 9298
3 7181 2198 921
3 7425 7994 9352
3 3798 8887 5618
3 1873 3437 4230
3 4680 198 7371
3 3053 6974 4615
3 9338 9207 8823
3 7598 8446 9559
3 3979 1283 7431
3 248 9486 7057
3 453 5850 4621
3 380 2497 4695
3 2654 2282 6619
3 5645 6901 4987
3 1862 6584 2375
3 9134 2102 9847
3 8599 5076 3139
3 6447 353 3683
3 8824 2357 10248
3 8304 7715 7098
3 3441 3353 9517
3 8238 7982 7229
3 10276 633 1777
3 7981 9796 2043
3 4386 6760 297
3 4025 8652 4023
3 7331 411 1154
3 6155 9664 2490
3 9306 1767 5777
3 2467 96 9966
3 4384 3360 5992
3 4533 3715 5866
3 1728 8233 1071
3 1285 3283 1396
3 5814 4622 7546
3 4548 4035 4211
3 3053 4364 981
3 1880 4712 8506
3 7158 900 1019
3 3102 3752 1567
3 1762 623 5583
3 6447 4993 2847
3 885 10280 4996
3 4550 4504 8109
3 515 2752 886
3 6351 6118 3842
3 570 633 6728
3 6168 8288 3345
3 2682 4085 9350
3 7221 2656 6559
3 9730 7281 1586
3 6809 3979 4267
3 7921 7759 8220
3 3157 7229 2552
3 4197 1994 9930
3 1283 5362 7431
3 3758 4675 3465
3 9185 6193 7036
3 6809 5465 9775
3 9120 8009 2473
3 4896 3798 7134
3 1063 1291 6245
3 8222 6177 8850
3 8906 1392 1423
3 9352 7994 288
3 6585 8742 6974
3 494 9332 1648
3 8887 10150 9323
3 3838 9340 7061
3 2373 6619 2789
3 9619 9931 1776
3 4474 2155 434
3 1769 2074 6153
3 864 2357 8824
3 3468 1221 5563
3 3983 7074 10348
3 9631 6024 5506
3 1839 3083 2215
3 8469 3416 6996
3 1019 154 6950
3 3606 1186 5047
3 1090 5110 9014
3 4551 8110 9704
3 6351 3013 6118
3 8911 4048 10228
3 921 5013 2730
3 10231 4219 7196
3 1470 161 1634
3 1735 6153 9671
3 4657 843 1643
3 8819 291 2357
3 10386 344 9254
3 9806 9689 7961
3 9615 168 4494
3 1846 10386 161
3 4680 6552 7159
3 6249 7071 10096
3 10334 5848 690
3 2929 458 3804
3 1695 4497 8093
3 4664 4022 6175
3 338 10286 564
3 3544 7991 6445
3 6224 50 5516
3 5504 3734 3289
3 1085 2566 6122
3 2473 1331 5532
3 7020 1116 4718
3 992 3144 9352
3 2969 500 9285
3 9622 4 10217
3 7250 1497 3991
3 6525 9029 9927
3 5744 2197 186
3 4789 4581 5810
3 3798 5618 7134
3 7051 6471 9532
3 10014 4835 2825
3 8434 4936 6385
3 9627 743 2120
3 2825 4835 1932
3 501 9820 6521
3 357 8547 5684
3 2245 3522 1438
3 2135 3560 1285
3 3490 9873 3785
3 7546 4622 1227
3 1547 3752 3102
3 2855 725 2898
3 8820 3360 4384
3 1781 4615 4023
3 885 7154 10255
3 379 4229 3107
3 5717 7103 141
3 959 1428 5802
3 3025 6269 6812
3 4523 6355 916
3 1771 4208 6923
3 6954 5910 3606
3 1591 5631 5307
3 8527 5888 5079
3 3692 3023 7434
3 4340 277 1274
3 8009 9895 7536
3 1328 9233 3658
3 6839 7221 5532
3 5340 3532 1111
3 2567 8675 756
3 9189 1556 9391
3 1993 10014 2825
3 8626 7528 4565
3 569 3911 8073
3 2972 2272 6858
3 6816 2279 3139
3 1222 5579 2079
3 978 5892 2659
3 5076 7229 6816
3 588 5572 4735
3 7113 8479 5789
3 2848 9127 5465
3 7908 1777 633
3 6108 2074 6521
3 8289 6744 9412
3 8025 212 8203
3 3326 3044 1591
3 817 5724 3468
3 2430 8413 1503
3 6225 5178 7630
3 8291 9623 5770
3 4477 1625 5178
3 9673 6046 8605
3 3933 7580 861
3 8039 8170 507
3 2078 5350 1835
3 7888 189 6256
3 4885 5217 9426
3 5433 1586 4780
3 8506 646 1880
3 10364 1051 4211
3 9490 5740 4449
3 6764 10212 10189
3 380 4695 6245
3 1871 2915 4370
3 4516 1835 9366
3 589 3106 6378
3 826 8279 39
3 5384 3532 5340
3 3606 1382 1938
3 1397 7457 2166
3 1575 1692 817
3 3625 1565 5845
3 9886 697 3140
3 4620 4581 4789
3 7414 3743 4955
3 5540 9833 8740
3 5312 7938 2017
3 3339 884 5539
3 517 8796 9114
3 2375 2819 1862
3 6118 10027 3842
3 6118 3013 8863
3 6370 8025 4048
3 5480 8459 7888
3 1144 3200 9997
3 3102 141 1547
3 5534 2216 2212
3 6954 6109 8793
3 588 7871 10267
3 1450 8823 9207
3 9667 4084 5368
3 4912 4602 4057
3 7053 6324 6181
3 3026 8195 706
3 8479 9598 5634
3 630 7281 2467
3 1346 4620 10055
3 8741 3426 3415
3 5609 6481 10360
3 4370 4734 5571
3 2074 2357 291
3 4994 9613 9306
3 3298 4403 7922
3 6488 3513 1488
3 1530 9911 9966
3 1739 4572 6578
3 643 5228 1114
3 771 2856 8795
3 5220 9988 10280
3 7414 3339 5539
3 7152 8753 9338
3 9613 4994 5633
3 7027 4896 1897
3 9207 8753 1450
3 1737 8491 4041
3 1356 8736 604
3 1647 9627 7508
3 8919 10158 5644
3 687 2973 8735
3 2701 2159 5691
3 3106 2547 3676
3 96 9272 9966
3 4467 6715 8820
3 5361 1442 8415
3 2497 3770 4695
3 9341 138 9388
3 7605 8959 9748
3 5517 7865 5493
3 8952 8862 9194
3 8672 5696 105
3 496 3494 7316
3 6039 5550 8472
3 4048 8911 709
3 2650 7221 6559
3 9486 3045 7057
3 5883 77 2312
3 4976 3340 2941
3 1001 2102 9134
3 5189 9134 9847
3 3528 4915 5849
3 337 9686 9456
3 6373 5551 7371
3 5532 5872 2473
3 7061 6039 8472
3 4541 2697 5674
3 5516 3415 3852
3 4057 10248 2074
3 9340 7181 2730
3 2199 8328 195
3 5796 10348 1283
3 1840 1519 3040
3 4961 2094 2540
3 5375 3254 4616
3 7866 4026 916
3 6944 7175 2803
3 2701 2328 7738
3 4230 4896 7027
3 7256 369 366
3 4548 1530 4712
3 5717 141 1567
3 9616 2215 3360
3 4994 9306 2848
3 4147 269 10269
3 8817 1227 7103
3 2856 9355 99
3 1303 1547 1227
3 7209 6767 7710
3 9404 1781 4023
3 8850 4742 5316
3 5442 9861 6461
3 5048 6732 6111
3 9627 5772 4900
3 6052 2872 8638
3 6385 5618 8753
3 8820 1839 9616
3 2741 5293 3236
3 3627 434 1808
3 2802 6484 297
3 6781 9817 4858
3 9813 6867 321
3 2682 2150 5730
3 8523 8607 4811
3 1622 8544 2893
3 6728 633 10276
3 7173 5645 7179
3 6860 6269 2971
3 4770 9340 3838
3 9153 4402 1321
3 314 7078 1602
3 4023 8652 9404
3 5455 3925 3507
3 8742 6585 3838
3 1584 847 1448
3 8753 7152 6385
3 5550 4730 674
3 9263 6912 10067
3 1423 2901 8906
3 3079 9318 7319
3 1850 3470 6007
3 2061 7813 864
3 9985 5433 9892
3 4034 7663 7771
3 709 3442 8503
3 3802 9526 7967
3 7135 340 5312
3 1752 1862 4722
3 8933 6401 4954
3 2973 920 2120
3 10055 369 8442
3 7546 1227 8817
3 6309 5461 2938
3 7134 5618 6385
3 154 3989 1548
3 857 6638 5866
3 5219 10279 726
3 8817 5555 5814
3 9177 4840 1024
3 8104 8383 1382
3 1547 141 1227
3 515 1595 4550
3 4996 9988 5220
3 9509 9861 5442
3 10279 884 726
3 2608 8299 9213
3 3586 9839 447
3 4275 8139 3586
3 8255 10027 6118
3 9869 8415 4147
3 8935 3098 4936
3 6118 7434 8255
3 7264 4496 2039
3 7027 4936 1015
3 1911 6028 4010
3 9952 4155 8742
3 2216 5928 9304
3 9506 6559 9153
3 9382 8382 5598
3 248 9559 9486
3 7057 2785 248
3 6659 8935 7152
3 8325 10212 9911
3 2848 5465 6446
3 9340 5550 6039
3 1519 5058 3040
3 6153 2074 6108
3 3381 1775 8635
3 6521 1519 501
3 3606 8506 7399
3 1938 5364 6954
3 8747 9540 3344
3 5924 4719 1277
3 7250 3991 2771
3 8878 2279 7982
3 957 4428 1558
3 9316 2242 10137
3 3683 353 782
3 8221 8563 3298
3 9311 1488 1360
3 3255 500 2969
3 4993 5789 2396
3 3426 8741 7733
3 6786 10023 2162
3 771 1787 10263
3 2648 1055 3465
3 3752 2378 2968
3 5316 957 1588
3 3752 1472 4754
3 6626 1637 923
3 9979 7076 9412
3 8018 1402 1741
3 7013 8156 992
3 7013 7027 8156
3 9263 196 8329
3 6659 9404 8652
3 8753 7929 1450
3 1346 4581 4620
3 992 4983 7013
3 3562 1146 8812
3 9932 10312 10354
3 9207 9338 8753
3 7181 7311 981
3 8999 4093 6941
3 6276 671 5393
3 5172 1356 9546
3 1277 1777 7908
3 9262 6936 999
3 4954 7300 376
3 7073 6975 7062
3 1793 4477 6225
3 7113 2242 8465
3 6166 5815 9066
3 4093 8999 5911
3 1622 4985 570
3 10248 4958 8824
3 9306 9127 2848
3 7613 8748 35
3 5103 1840 3040
3 2497 4119 6727
3 4771 4780 1586
3 9552 3344 2672
3 5563 2755 6638
3 2016 9316 7505
3 6475 6163 2725
3 6558 4552 8469
3 5110 9043 1833
3 99 9355 5046
3 9355 2856 771
3 3989 7158 2275
3 8641 7020 4718
3 9647 8795 10256
3 7062 6225 4333
3 10228 4048 1459
3 957 5316 4428
3 847 1538 3507
3 7812 1558 4428
3 4789 3785 4823
3 5849 4337 3370
3 5368 4084 2647
3 8823 1450 3053
3 3757 6706 8234
3 6236 4956 517
3 9647 10256 4997
3 8795 516 1595
3 4823 589 4620
3 4318 4967 2982
3 6974 7181 6585
3 9695 3110 7135
3 3603 1269 2013
3 2013 1911 3603
3 5172 5001 1356
3 6585 4770 3838
3 1851 5399 8830
3 7221 2650 7549
3 6552 4680 9686
3 10062 3155 713
3 6290 1514 2431
3 8279 4983 992
3 5826 6543 536
3 4936 1897 6385
3 6228 4174 9321
3 6659 6358 8935
3 6172 7885 1721
3 288 7994 7425
3 1069 3270 2613
3 1459 1503 9915
3 1116 4096 6245
3 7179 4096 7020
3 4247 1778 5436
3 8935 1016 3098
3 6659 9338 9404
3 2397 5125 4403
3 6932 2397 7991
3 4615 8823 3053
3 5814 7158 7097
3 8469 6996 6558
3 5690 5597 3079
3 6619 8621 3740
3 771 9647 4997
3 9924 6136 1329
3 9233 10262 3658
3 605 40 116
3 1923 2819 5048
3 1227 4622 1303
3 5550 3674 2651
3 2375 911 2819
3 7061 8472 6153
3 3090 9388 6246
3 4539 5883 2312
3 2315 9728 6517
3 366 4831 7494
3 6094 3494 1461
3 1938 1241 6706
3 4742 660 3627
3 3901 1382 10098
3 6521 291 1519
3 189 3235 9138
3 3106 1877 6378
3 5810 1118 1326
3 6481 6012 4124
3 1803 1100 228
3 673 6098 3013
3 2312 3440 4587
3 2942 4982 2662
3 102 2941 9517
3 646 5910 8793
3 168 718 4025
3 1721 568 6172
3 5741 7991 3298
3 4057 2074 1769
3 2893 10334 9179
3 6523 8073 7173
3 7181 4770 6585
3 2357 2074 10248
3 9743 2197 5744
3 1509 357 2202
3 4858 1288 6781
3 1602 7078 8021
3 8260 1944 96
3 5955 461 4621
3 1497 7250 857
3 2855 9114 8796
3 9341 6871 10231
3 1233 1810 369
3 6200 7236 7316
3 5149 2968 2454
3 1269 6825 2013
3 6238 6300 8835
3 5103 1575 7250
3 457 1695 8093
3 138 6246 9388
3 3045 2719 102
3 9598 8465 8052
3 4620 4789 4823
3 5045 1832 98
3 8707 8743 8818
3 2212 277 6983
3 9517 9025 3441
3 320 9559 10058
3 10058 248 2785
3 4337 4915 1584
3 5872 7549 2650
3 383 6480 8171
3 5391 74 9553
3 1622 2893 3157
3 5730 4085 2682
3 6153 6108 9420
3 7152 9338 6659
3 1122 9109 1174
3 3144 1015 3098
3 7667 4238 6071
3 6537 6890 10304
3 7864 3095 7530
3 6766 1225 7702
3 9262 999 7598
3 6488 9153 3513
3 8656 8571 5662
3 9456 9667 337
3 2771 2257 3408
3 1321 5126 5616
3 721 771 10263
3 726 3339 2897
3 7103 2873 7497
3 3892 252 5035
3 10280 9988 4996
3 4997 1787 771
3 4622 5814 7097
3 7938 5172 9546
3 6223 8959 7256
3 10062 713 2197
3 9422 9743 3852
3 9918 8507 5883
3 4721 8735 1751
3 1598 300 5766
3 8448 9898 7526
3 5918 8398 3361
3 6245 4096 4895
3 5992 3360 10246
3 2133 4575 7971
3 4014 6425 1751
3 4754 1472 9387
3 1847 1692 1575
3 140 6351 1762
3 6351 896 1762
3 4085 5730 8453
3 25 5515 2841
3 9286 6535 7064
3 8288 4766 3345
3 9615 6042 288
3 2455 7909 7027
3 8652 1016 8935
3 1612 8635 1775
3 588 6330 7871
3 2897 6235 9113
3 5110 1833 9014
3 884 2751 4549
3 1793 6225 7271
3 865 1419 1159
3 7812 3627 1808
3 5125 6932 2604
3 10336 8641 10028
3 1107 3381 3711
3 3852 9747 6171
3 9773 10365 3925
3 5868 6295 9552
3 5035 252 805
3 8793 4035 4548
3 7605 6538 8959
3 8372 5382 8922
3 3060 4814 6077
3 5229 1742 9119
3 39 1873 826
3 6552 6373 7159
3 5938 5224 1686
3 9338 8823 4615
3 5738 7382 7268
3 9686 337 6552
3 4827 7609 1036
3 7803 7681 1407
3 4373 7598 7983
3 9777 8143 9535
3 4754 2454 3752
3 5677 7902 7917
3 6153 8472 2651
3 6081 2120 7011
3 2073 10131 2031
3 2455 826 7909
3 1121 8990 2701
3 3095 8185 3700
3 3029 9351 1143
3 8534 4010 5918
3 8025 3464 212
3 4936 8434 8935
3 1558 7812 6261
3 5103 1847 1575
3 7062 3567 9232
3 4654 3293 4368
3 6036 5696 8672
3 1781 9404 9338
3 4155 6974 8742
3 3013 140 8217
3 3842 3534 6351
3 5220 10262 4996
3 6974 3053 7181
3 9980 8742 8271
3 1447 5872 3055
3 1599 5102 2785
3 7826 822 4845
3 7885 977 1721
3 3355 7302 7885
3 9980 9952 8742
3 6153 9420 9671
3 9900 6630 6573
3 6975 7073 7316
3 8935 6358 8652
3 3098 1015 4936
3 10381 1833 9043
3 4025 718 8652
3 721 9355 771
3 10380 98 1832
3 5110 3659 5219
3 4075 3144 3098
3 6295 5868 5899
3 9311 314 5968
3 1679 8243 7096
3 6760 383 2802
3 6052 3029 2872
3 6217 1272 6048
3 4197 10281 1994
3 9043 5219 726
3 4318 2982 8999
3 9378 1844 1772
3 9645 6912 3698
3 3169 6020 6425
3 353 5466 9869
3 604 911 605
3 269 787 3551
3 3040 5058 5103
3 9869 5361 8415
3 10305 6441 1812
3 2421 732 636
3 1503 6990 9915
3 6261 5607 1558
3 74 1107 8236
3 9919 3022 3619
3 4062 6902 7692
3 8949 7692 4888
3 7530 2899 7864
3 3056 1584 1448
3 9883 6736 6902
3 7096 2630 6162
3 5816 1361 1957
3 4023 9952 168
3 3085 3630 9270
3 1101 4012 9640
3 5223 2526 608
3 8879 7175 6944
3 2199 195 7598
3 5315 7436 251
3 8271 6153 1735
3 5789 6447 3683
3 3142 10215 8949
3 9043 726 10381
3 3658 9922 1328
3 3740 6166 5460
3 9730 8496 4333
3 2536 4122 5730
3 7494 7032 4625
3 168 4025 4023
3 3091 1024 4840
3 6256 7399 3218
3 4505 10098 1382
3 8735 2120 6081
3 841 8497 6296
3 8525 8535 6373
3 6081 2031 10131
3 5957 7610 8325
3 9029 6525 841
3 3150 8900 3898
3 9952 9980 4494
3 2949 8863 6098
3 2605 10356 6006
3 10380 725 2855
3 9350 2647 2682
3 446 4916 285
3 1634 7157 601
3 5961 7817 6923
3 8283 1016 8652
3 8742 3838 8271
3 8909 7024 8684
3 1944 6197 4839
3 4023 4615 4155
3 501 1539 9820
3 1285 1497 2135
3 5558 7364 8654
3 6136 9924 5558
3 1569 5977 1090
3 4841 7038 9742
3 9667 3612 6229
3 7399 8506 4712
3 3284 2873 4376
3 141 3102 1567
3 7194 3876 1265
3 2454 4467 4384
3 7011 2031 6081
3 1411 4848 2081
3 7264 1345 10246
3 10158 6434 7865
3 3770 4154 10028
3 8809 3189 1352
3 7530 2496 9772
3 1186 7399 6256
3 4525 9747 6596
3 7100 1944 7024
3 1776 7971 5223
3 706 9497 3026
3 8911 6192 3442
3 1382 8383 1241
3 1013 3557 6758
3 8185 4386 6484
3 3275 9286 7064
3 2969 8835 8878
3 5607 6261 2813
3 3370 9555 6977
3 104 2306 8960
3 2204 3494 496
3 7580 6289 6945
3 3761 7505 7782
3 6827 3326 2666
3 2351 2639 8818
3 4985 4848 9155
3 3195 2949 5417
3 1741 7493 3751
3 6827 507 8170
3 4401 5390 2209
3 5316 1588 2201
3 5633 4979 9613
3 5224 609 1686
3 8222 1063 6777
3 4979 7475 10273
3 1851 2570 5857
3 8508 1599 5641
3 3933 6289 7580
3 1287 8868 321
3 6197 1944 8260
3 6777 5819 8222
3 5989 2942 2662
3 5282 4999 2836
3 7812 1808 4085
3 500 9773 5455
3 2579 3571 3596
3 168 9952 4494
3 8657 1875 378
3 4657 1643 811
3 7100 7024 7867
3 4310 379 3107
3 867 1625 8260
3 9740 5172 7938
3 3155 7862 713
3 6229 3612 9456
3 4979 10273 631
3 5219 9043 5110
3 10204 8653 2694
3 9897 4324 3110
3 867 9730 7630
3 1117 4696 7617
3 5046 9355 721
3 5178 867 7630
3 5472 8112 9373
3 3010 4119 1588
3 1397 3284 4376
3 1346 8900 3150
3 6275 2873 7103
3 5607 2813 3010
3 1345 8558 10246
3 6028 1782 732
3 3571 4726 5677
3 3898 8900 5778
3 2275 7158 5814
3 1762 5583 8104
3 5789 8479 2396
3 5778 6538 7605
3 2771 5103 7250
3 9980 8271 7436
3 3619 8288 9919
3 5814 5555 2275
3 25 2841 6546
3 5968 2650 9506
3 3912 568 977
3 8156 1015 3144
3 8450 569 6523
3 9013 8654 10205
3 8652 6358 6659
3 2695 7038 4841
3 1329 6136 9234
3 10204 9760 9011
3 8833 1735 9671
3 6523 7173 9813
3 8672 4967 8638
3 3298 8563 5741
3 161 4022 1846
3 4739 10159 381
3 9153 1681 4402
3 291 8819 1519
3 2672 7772 8960
3 7972 9420 9820
3 6077 6949 5777
3 1681 1004 4402
3 2650 1602 5872
3 2647 8525 5368
3 735 3515 7977
3 3055 5872 1602
3 2570 4041 6846
3 4697 1030 2614
3 3055 4697 3956
3 5778 8900 8442
3 6597 10066 4526
3 7395 9203 9743
3 6425 4014 3169
3 7098 3344 8304
3 10198 4788 5809
3 1637 2199 4373
3 1862 688 4722
3 6944 2803 5419
3 2968 2378 2454
3 10055 8900 1346
3 6800 9108 7804
3 8442 369 8959
3 643 1630 1873
3 8756 10073 3794
3 589 10111 4620
3 7475 4979 5633
3 2016 5307 9316
3 8554 10131 2073
3 3603 6983 1269
3 6197 8260 1625
3 2839 219 6522
3 5730 2150 5871
3 9350 7042 2647
3 2102 1001 6762
3 8271 7061 6153
3 6224 7570 50
3 3991 6546 2257
3 5555 7497 2275
3 9234 6136 721
3 9924 1036 5558
3 8830 2570 1851
3 2647 2150 2682
3 4197 9618 5938
3 6912 8329 3698
3 3513 9153 1321
3 9227 2137 10040
3 6827 5557 3326
3 6042 9615 4494
3 756 3274 9227
3 376 5257 8933
3 8641 1254 10028
3 4359 116 40
3 9069 2802 1323
3 2720 10326 1844
3 5047 9138 10098
3 5522 3625 6645
3 9119 1174 7331
3 756 8675 8728
3 2312 6871 4539
3 2597 5803 3416
3 4048 8025 8203
3 4428 4742 7812
3 4915 1185 6238
3 10273 5308 5632
3 5047 4505 3606
3 5778 7605 1992
3 8554 7617 6461
3 8327 9722 258
3 10215 5796 2608
3 5644 10158 7712
3 5076 6816 3139
3 3236 6825 2741
3 2081 8974 1411
3 4876 115 64
3 4041 2570 8830
3 1402 1636 6625
3 2201 2497 1291
3 6077 8958 206
3 6630 9918 6573
3 3611 5419 9001
3 8835 9285 6238
3 9727 3164 1920
3 1808 434 5888
3 1030 5429 2614
3 5430 8492 3370
3 9498 1236 183
3 3486 5816 8599
3 9774 10164 1228
3 6032 3740 6308
3 2699 2389 8231
3 9741 4826 7868
3 7037 2699 8231
3 721 10263 9234
3 8654 9013 5558
3 4827 7854 2390
3 9683 4318 6907
3 8271 1735 8833
3 5778 8442 8959
3 6108 6521 9420
3 3218 4712 8397
3 7103 5717 5803
3 6522 1940 2839
3 8260 96 867
3 8104 5583 8383
3 898 4552 5028
3 2176 9373 870
3 5294 5417 3949
3 1501 9934 6971
3 5416 5293 2741
3 251 7436 8271
3 5985 7229 5076
3 2542 9813 321
3 4826 9741 7853
3 4376 2873 6275
3 9012 1832 5045
3 2872 8672 8638
3 8851 5473 956
3 2032 2469 8146
3 2187 4984 7616
3 10281 4197 8168
3 7062 6975 7271
3 2862 4772 8978
3 3596 8606 15
3 6355 3120 3039
3 288 7425 718
3 9352 3571 5677
3 4575 2526 7971
3 5103 501 1840
3 8535 5888 6373
3 7938 3945 9456
3 7265 9945 2499
3 9333 5312 340
3 4805 8643 3909
3 8104 1382 3901
3 7033 7666 7722
3 6584 4805 4359
3 9898 8448 3909
3 9350 4363 7042
3 9001 5419 2442
3 7421 7958 4523
3 2721 10021 4508
3 1808 5888 8535
3 9438 9550 9803
3 7831 3132 7426
3 2272 1354 6858
3 3150 4584 6065
3 8846 2841 3515
3 219 5103 2771
3 8021 2570 6846
3 320 10058 2785
3 6445 53 1001
3 8563 8221 3355
3 3711 8236 1107
3 9553 1622 3157
3 713 39 2197
3 2150 2647 7210
3 9813 7173 1998
3 4963 3711 3381
3 1411 5924 9155
3 7049 939 8868
3 9109 9388 3090
3 9311 9506 1488
3 10273 7475 5308
3 8168 6097 10281
3 4915 5455 1584
3 820 2902 385
3 6511 2503 9086
3 8368 5787 3133
3 1599 7096 5102
3 8156 7027 1015
3 9931 1461 2204
3 4075 3098 1016
3 3683 782 7113
3 7013 4983 8279
3 7382 10172 3160
3 353 10269 782
3 10188 256 6342
3 2176 3597 735
3 9686 4680 9740
3 40 605 6584
3 605 1209 604
3 7691 10131 8554
3 4101 5480 8909
3 9286 3275 5665
3 4031 9438 7247
3 4405 5044 189
3 10055 1233 369
3 2722 7617 8554
3 9403 536 955
3 2970 5044 6517
3 7497 8817 7103
3 5022 367 6057
3 10098 4505 5047
3 8863 7434 6118
3 9856 8038 2617
3 2694 2699 7037
3 2389 2699 8653
3 2390 7609 4827
3 980 1782 6028
3 9761 1090 9014
3 6553 2497 2201
3 9742 7038 8232
3 6168 2448 8288
3 8288 3619 4766
3 1090 9761 1569
3 7431 5362 4267
3 8802 7982 8238
3 719 1539 501
3 5868 6401 8933
3 3803 6727 8919
3 8919 2822 3803
3 6200 4348 6050
3 4085 8453 7812
3 4346 494 4125
3 6941 4318 8999
3 297 6760 2802
3 8684 7024 1944
3 2279 6816 7982
3 2773 2515 216
3 4310 1829 3710
3 8186 8499 1020
3 7331 9397 9119
3 6417 3710 1829
3 2039 5615 4184
3 5465 9127 9306
3 6548 6068 9745
3 3751 2452 8018
3 7448 3596 288
3 3344 206 8747
3 3991 2257 2771
3 2663 9900 4539
3 9615 288 718
3 6266 2276 3560
3 898 5028 2597
3 992 8156 3144
3 2135 1497 857
3 6275 5803 2597
3 7487 6558 6996
3 4841 9742 7869
3 5110 1090 3659
3 1569 2695 4841
3 7869 5977 4841
3 3236 5293 8256
3 7609 7364 5558
3 381 5315 251
3 5149 5992 10246
3 7236 6200 1793
3 6629 2409 1679
3 1741 1402 7493
3 721 6136 5558
3 5777 9775 9306
3 6172 568 8449
3 8289 5656 2373
3 5126 1321 4402
3 6643 519 8453
3 8459 4224 4405
3 3700 7530 3095
3 6867 1998 8641
3 1991 4858 5695
3 321 6867 10336
3 5075 9629 4750
3 10098 8057 3901
3 6275 7103 5803
3 2497 6727 9041
3 3283 1285 2874
3 1209 2017 604
3 3698 8329 1402
3 8469 2597 3416
3 8147 1228 4084
3 971 2720 6020
3 9747 9989 6596
3 9535 8143 6511
3 8996 1567 7939
3 8306 2515 851
3 7939 7487 6996
3 9552 6295 3344
3 2946 10320 3943
3 4505 1382 3606
3 7073 6003 2133
3 718 168 9615
3 9550 4477 9803
3 10169 7031 3586
3 5674 6511 8143
3 9456 3612 9667
3 6643 2924 519
3 5103 2839 7900
3 7917 7902 4624
3 8329 2200 1636
3 1569 9761 2695
3 9900 6800 8942
3 4827 1036 9924
3 2770 7815 2777
3 9923 1090 5977
3 7609 5558 1036
3 7609 2390 8654
3 7852 8231 2389
3 9506 9153 6488
3 7248 2498 333
3 4395 392 6548
3 10215 3142 10348
3 6486 2176 3140
3 6872 9516 2123
3 9254 3383 6412
3 6425 4804 1751
3 6229 4324 9809
3 2720 8642 4804
3 2722 1325 1117
3 7939 1567 2968
3 851 6596 9989
3 5665 8068 3108
3 74 1622 9553
3 357 7898 8547
3 2197 39 186
3 2566 9663 601
3 9391 1770 4651
3 1470 4022 161
3 2166 4376 7126
3 3507 1538 1584
3 2605 923 8382
3 7096 1599 1679
3 320 2785 6162
3 5857 8021 9311
3 3957 1584 3056
3 8942 7804 2410
3 5684 4801 357
3 5678 10287 5937
3 4174 4541 5674
3 3188 6843 9392
3 6653 564 10286
3 10028 4718 3770
3 3477 2627 2186
3 4973 114 3544
3 7055 1566 8210
3 8563 3355 7885
3 8728 8675 7172
3 1360 3513 5616
3 4759 2137 9227
3 568 1721 977
3 3711 4963 4985
3 5771 8605 6046
3 7247 4866 9075
3 5723 7764 2692
3 2137 3761 7782
3 1218 6146 275
3 3954 3119 4599
3 4033 5522 3933
3 9820 9420 6521
3 4494 9980 7436
3 5419 3611 8879
3 381 7972 1539
3 5399 6144 8571
3 6169 1021 978
3 8186 8960 3613
3 4915 9285 5455
3 3110 429 9897
3 6572 8566 8360
3 983 1246 2047
3 3945 7938 5312
3 3502 6046 4735
3 4376 7457 1397
3 2017 1356 604
3 9923 3659 1090
3 5384 3527 6739
3 116 7312 605
3 4359 40 6584
3 8653 2699 2694
3 1845 2976 1773
3 8654 7364 7609
3 7855 9742 8232
3 5977 7869 9923
3 7868 4826 9921
3 4841 5977 1569
3 3658 10262 5220
3 4979 1767 9306
3 602 236 78
3 8185 7864 411
3 2526 951 10056
3 5259 10320 2946
3 8397 4712 9966
3 9316 8052 2242
3 6077 4814 6949
3 1174 1742 1122
3 1558 5607 957
3 3140 7776 9886
3 9138 6256 189
3 3993 5258 5721
3 2522 3709 5146
3 2839 5103 219
3 10245 5918 7263
3 8217 140 9932
3 8534 3531 3603
3 10199 3490 4789
3 8275 1171 6934
3 4403 7991 2397
3 5399 5616 7464
3 9556 2614 6976
3 8635 4963 3381
3 5730 4122 2924
3 4862 7692 8949
3 1323 5924 1411
3 5502 8412 4037
3 2978 4939 1525
3 3770 4718 4695
3 7493 6625 6896
3 6996 8996 7939
3 2694 9760 10204
3 5558 9013 721
3 8168 3698 8018
3 6739 3554 5384
3 7271 6975 1793
3 5258 2945 5721
3 536 9403 5826
3 9619 1776 5939
3 3613 5696 6036
3 1461 9931 10319
3 9393 8295 5019
3 6872 8834 9516
3 2421 4495 7263
3 2073 2722 8554
3 833 4062 5930
3 6800 2663 1122
3 4150 7712 5517
3 8243 1679 2409
3 4866 6200 9075
3 1625 867 5178
3 4599 3669 3954
3 2580 5649 10354
3 7399 1186 3606
3 1143 8499 6036
3 2597 7126 4376
3 717 10059 9491
3 4584 5810 6065
3 2813 6261 519
3 10073 8756 980
3 5803 5717 3416
3 3949 5417 2949
3 1602 8021 9401
3 9311 1360 5857
3 8415 1442 8990
3 9900 8942 2410
3 3164 2917 7775
3 4963 2081 4985
3 1154 7864 2899
3 8412 5502 3528
3 4915 3528 1185
3 3132 2328 6307
3 2901 6949 3060
3 7493 1402 6625
3 2495 8606 6819
3 337 8525 6552
3 8397 7888 3218
3 5777 1767 4979
3 732 5918 6028
3 246 4724 1296
3 6171 5516 3852
3 1117 7617 2722
3 3852 3415 9422
3 5810 4581 6065
3 6163 5130 7742
3 8900 10055 8442
3 2150 7210 8818
3 3556 6963 5649
3 4318 6052 8638
3 9839 2448 6168
3 9134 4973 1001
3 822 1946 203
3 1001 53 6762
3 2604 3544 7465
3 6144 5399 7464
3 8906 2901 3562
3 7229 3157 8238
3 8833 7972 381
3 1285 3560 2874
3 5257 5868 8933
3 4136 6543 3899
3 2803 10028 5419
3 4101 8909 1983
3 3344 7098 7772
3 6872 4133 200
3 9135 74 8903
3 9453 7036 5912
3 3416 5717 8996
3 3712 5778 1992
3 10066 3926 3712
3 10357 6754 10214
3 6517 4275 2970
3 4698 6342 4954
3 9339 2902 4816
3 5533 3983 10348
3 3118 7093 9599
3 9351 10165 1143
3 9033 8826 5171
3 6961 3942 5590
3 3010 519 5493
3 10239 6534 4619
3 7316 10026 6200
3 955 707 9403
3 447 8217 3577
3 140 10312 9932
3 2536 8818 2639
3 1325 2073 10198
3 3013 6351 140
3 5028 2391 4151
3 2542 6523 9813
3 9185 9213 667
3 5734 5124 9223
3 584 897 6995
3 5076 5197 5985
3 1793 6200 4866
3 7425 4075 1016
3 5517 5493 519
3 344 7594 3225
3 8195 1040 706
3 6097 8168 8018
3 2039 7487 1345
3 9321 8309 6228
3 9898 7883 7312
3 1186 9138 5047
3 3898 3275 3150
3 7894 7239 4668
3 8256 5390 3236
3 5417 3692 3195
3 5883 8507 5640
3 6861 10346 10355
3 5591 10320 9930
3 3993 2362 5258
3 7616 4984 2485
3 9447 1775 3381
3 9438 1788 6922
3 5744 1818 9086
3 9748 8959 6223
3 8890 4811 9193
3 9743 9422 10062
3 116 4359 7526
3 494 4346 6068
3 4805 3909 8448
3 1273 7466 6291
3 6907 392 9683
3 4310 3368 1829
3 6578 3515 2314
3 2314 2841 5292
3 4923 3146 236
3 27 5712 326
3 5102 7096 6162
3 7502 8504 9941
3 9382 5598 6162
3 1602 2650 314
3 5598 320 6162
3 2268 7993 7681
3 5515 1497 1285
3 2691 6523 2542
3 811 7693 4657
3 9373 8112 1940
3 2165 2314 5292
3 1932 1131 2825
3 1351 3188 9392
3 6452 6475 9018
3 10066 3910 3926
3 251 8271 8833
3 7229 5985 2552
3 1038 3853 8416
3 3977 8809 1352
3 1637 4373 923
3 10028 1254 4718
3 9333 3945 5312
3 3416 8996 6996
3 1567 3752 2968
3 1625 9550 6922
3 4862 8949 420
3 7509 9016 5513
3 980 4626 4323
3 603 1259 5958
3 9598 4970 5307
3 7716 3326 2292
3 1154 411 7864
3 10003 8343 4947
3 6484 4386 297
3 650 1510 10003
3 6727 4119 4353
3 7224 3762 180
3 7900 501 5103
3 1085 6122 6436
3 7877 6269 3025
3 4708 7043 5277
3 6050 10264 6200
3 3761 2137 4759
3 8185 6484 3700
3 404 3739 7931
3 5752 2272 2972
3 407 453 411
3 3275 6441 10305
3 8787 1222 9529
3 7867 7024 5480
3 8833 9671 7972
3 8503 133 9398
3 7206 10351 2780
3 4376 6275 2597
3 1392 9775 1423
3 3544 1001 4973
3 7455 10165 9351
3 10164 8818 7210
3 3408 6522 219
3 6229 9333 4324
3 5515 25 3991
3 6229 9456 9333
3 5312 2017 1209
3 8635 2081 4963
3 2924 4122 2536
3 9119 1742 1174
3 10297 6786 9804
3 3751 8018 1741
3 6902 4062 9883
3 9269 7090 10214
3 9669 8306 10296
3 6065 4581 1346
3 9203 3852 9743
3 5148 4724 246
3 2452 3751 6847
3 8168 9645 3698
3 4076 9280 3731
3 8558 1345 7939
3 9669 7456 216
3 3108 9286 5665
3 4484 5766 3562
3 1599 8508 1679
3 9918 1680 8507
3 7196 4219 6246
3 1762 10312 140
3 2915 5691 1709
3 6963 3556 4275
3 381 1539 4739
3 9533 6349 9867
3 569 8073 6523
3 9847 8449 4357
3 6445 7991 53
3 2781 5190 202
3 6922 4839 1625
3 7412 6854 2224
3 491 7587 7545
3 2542 321 8868
3 6077 5777 631
3 719 501 7900
3 898 2597 8469
3 5472 6316 7900
3 9170 4828 7286
3 3878 3519 5816
3 2706 10164 9774
3 4811 8607 9897
3 5125 2604 7465
3 7135 605 7312
3 5419 4154 3770
3 5857 1360 5399
3 654 2430 1503
3 2081 4848 4985
3 5723 9047 8131
3 519 6261 8453
3 327 4031 5027
3 7545 7587 4136
3 411 7331 407
3 9393 5229 2805
3 6572 9109 3090
3 218 6755 10356
3 7982 8802 8878
3 4353 6434 6727
3 9503 8594 8029
3 5591 1994 10281
3 10320 5591 3943
3 2605 6006 6897
3 4119 2497 6553
3 2663 9388 9109
3 1407 9060 5773
3 5493 7865 3010
3 1807 10354 5649
3 6190 10228 8359
3 2949 6098 673
3 9555 4337 1584
3 2911 1361 8160
3 6815 4450 4112
3 6858 1354 7420
3 4694 8096 7723
3 735 3140 2176
3 10218 4782 1747
3 1174 9109 7331
3 5685 1288 4858
3 2099 5490 1218
3 1291 2497 380
3 8727 4033 1831
3 8096 9438 9887
3 1461 5258 2362
3 8558 5149 10246
3 7988 3297 2917
3 8818 2536 5871
3 96 3755 867
3 7939 1345 7487
3 9157 3301 2655
3 605 7135 1209
3 7312 7526 9898
3 9081 10194 8297
3 9861 9509 2665
3 8448 7526 4359
3 1751 8735 4014
3 6425 6020 4804
3 8308 9733 651
3 2850 1294 7545
3 5777 6949 1423
3 6065 1346 3150
3 3709 2522 4676
3 7448 6819 3596
3 5178 6225 4477
3 9422 3155 10062
3 10354 8104 3901
3 9509 10326 2720
3 2236 2383 7513
3 1228 7210 4084
3 4949 2630 7096
3 3640 2297 2445
3 6162 2785 5102
3 6300 2950 8835
3 1488 3513 1360
3 8862 3700 9194
3 5695 6120 8952
3 9397 2899 9
3 2945 3942 6961
3 8279 5677 7917
3 4973 10351 4709
3 10172 7382 5738
3 3144 4075 9352
3 10188 6342 4650
3 8468 9635 5402
3 2133 1776 2204
3 9373 1940 870
3 4348 10026 7316
3 2165 1285 1396
3 7049 1287 4750
3 435 6819 10159
3 4494 7436 5315
3 4041 3809 6846
3 9556 3956 2614
3 9351 3029 7455
3 3370 4337 9555
3 6643 8453 5730
3 1740 7126 5028
3 8096 8396 9438
3 7072 7358 7666
3 5312 1209 7135
3 5615 2039 637
3 8992 9887 10264
3 8818 7625 2351
3 8558 7939 2968
3 2522 5899 9514
3 732 7263 5918
3 4093 4990 392
3 4130 2285 4288
3 6434 4353 7865
3 1940 6522 3408
3 2700 7722 9937
3 4093 6665 3351
3 6546 3991 25
3 2822 9041 3803
3 8147 9809 1228
3 6727 3803 9041
3 8682 2517 2352
3 202 2542 4945
3 8862 9772 2496
3 1740 8615 7126
3 9194 9069 8952
3 10028 2803 10336
3 7466 2149 6291
3 3381 74 9135
3 2186 10217 2289
3 2950 2279 8835
3 7135 7312 9695
3 6626 923 6897
3 4346 1144 3655
3 9695 7883 10227
3 2566 1085 9663
3 6947 8912 1372
3 218 1536 6755
3 1818 5744 9777
3 9382 9060 280
3 8057 2580 3901
3 719 6947 1372
3 8959 6538 5778
3 6962 5591 10281
3 7100 9966 1944
3 1807 5649 3577
3 10239 7617 112
3 3199 10363 8457
3 3577 5649 10169
3 5649 7031 10169
3 4208 4280 6923
3 10169 447 3577
3 9839 8139 2797
3 5515 1285 5292
3 9820 1539 7972
3 1940 3408 870
3 74 5391 8903
3 2839 1940 8112
3 10080 6012 8416
3 5399 6508 8830
3 3431 6525 5310
3 4348 582 1040
3 1602 9401 1030
3 8306 216 2515
3 1461 10319 5258
3 5684 8547 8808
3 3010 2813 519
3 2790 7039 10154
3 707 2290 5826
3 565 8091 339
3 8283 8652 718
3 1291 1063 5316
3 3596 9352 288
3 8679 4835 10014
3 2720 1844 3908
3 10154 1514 3020
3 4584 1118 5810
3 9535 6511 9086
3 1325 10198 5809
3 7425 8283 718
3 9352 5677 992
3 2536 2639 2924
3 4708 7418 1226
3 1332 5661 7465
3 10034 1909 4497
3 5585 4899 10035
3 3770 2442 5419
3 1020 8499 6401
3 8279 2455 7013
3 8830 8656 7381
3 1840 501 1519
3 7590 10336 2803
3 9887 9438 4031
3 3157 9179 8238
3 4324 340 3110
3 2039 326 5712
3 9545 10264 9887
3 9809 8147 6229
3 5368 337 9667
3 9803 7247 9438
3 971 6020 3169
3 2422 637 2039
3 9379 7883 9898
3 956 454 8945
3 5148 10287 1296
3 9930 9618 4197
3 2663 9109 1122
3 4354 2352 709
3 5598 923 320
3 2309 1605 8713
3 5028 4151 1740
3 5691 2160 1709
3 2031 3489 10198
3 4477 1793 9803
3 8615 2166 7126
3 1812 3092 10253
3 3343 519 2924
3 10253 5547 6557
3 2797 5862 1086
3 5773 9060 9382
3 2605 8382 9382
3 5968 9506 9311
3 6406 1613 408
3 9194 6484 2802
3 6801 709 1969
3 2899 9397 1154
3 5773 9382 4949
3 8018 2452 6097
3 7509 5764 9016
3 8236 1622 74
3 9316 4970 9598
3 2924 6643 5730
3 8851 598 8108
3 385 10388 3669
3 4417 5661 1332
3 4828 5877 7286
3 9300 9886 4699
3 2672 1020 5868
3 7455 3029 6052
3 8812 9185 667
3 6976 2614 5429
3 6949 4814 3060
3 4541 4174 1514
3 10227 8826 9695
3 6922 2290 4839
3 2665 2720 7486
3 870 3408 6546
3 3139 2950 8599
3 1243 7153 1170
3 4552 9491 558
3 6934 1740 4151
3 189 5044 3235
3 8057 9138 3235
3 6922 9550 9438
3 7466 8804 5562
3 5691 1871 6180
3 7888 7867 5480
3 4224 6291 4405
3 8450 6523 2691
3 4802 8760 8902
3 2822 3954 2910
3 10241 2194 1860
3 4973 7577 4417
3 8399 6570 4624
3 7018 3464 8025
3 8361 7851 5261
3 5315 6042 4494
3 631 5777 4979
3 251 8833 381
3 8468 1372 2916
3 8299 3979 6809
3 6852 1775 9447
3 2999 7790 2057
3 524 601 2063
3 4954 6342 7300
3 3396 7926 2618
3 9989 3852 9203
3 3910 6441 3926
3 5778 3926 3898
3 1503 1459 654
3 3910 10287 5678
3 9269 962 7090
3 7312 116 7526
3 5744 9086 9743
3 4119 3010 4353
3 3908 8642 2720
3 6584 911 2375
3 10227 7883 9379
3 7486 9861 2665
3 9041 2442 2497
3 7486 971 3169
3 3470 7493 6896
3 1189 838 8682
3 1797 319 4619
3 3275 7064 4584
3 1932 1509 2202
3 2721 4275 656
3 8057 4275 3556
3 4766 673 3013
3 4500 1997 6436
3 3619 3022 8257
3 8257 673 3619
3 5429 9401 3809
3 3991 1497 5515
3 2841 2314 3515
3 2841 5515 5292
3 3182 1536 218
3 7728 5893 3362
3 321 10336 7590
3 4650 6052 8592
3 4709 4302 4417
3 1361 6539 8160
3 2604 6932 3544
3 7229 7982 6816
3 10264 9545 5027
3 2552 5391 3157
3 6897 923 2605
3 218 4152 9289
3 4985 1622 8236
3 3213 7621 2414
3 6094 1461 2362
3 403 3412 8625
3 10281 6097 2452
3 9060 218 1660
3 7803 8243 2409
3 339 7528 8116
3 5938 1686 4197
3 7316 7073 496
3 3749 4565 7528
3 411 6760 7081
3 9001 9041 2822
3 8818 1616 7625
3 392 6941 4093
3 9989 9747 3852
3 10225 4835 1380
3 6225 7062 7271
3 1228 9809 9774
3 3926 6441 3898
3 3708 723 6716
3 9897 8607 9809
3 3597 2841 8846
3 1773 2976 5171
3 3060 4676 2522
3 6543 5826 6716
3 2720 2665 9509
3 805 9767 904
3 326 9466 27
3 4184 9466 326
3 843 6222 8761
3 1171 8275 1246
3 4839 707 8684
3 709 6370 4048
3 7064 113 1118
3 9767 8059 9793
3 8297 9250 9509
3 4839 8684 1944
3 6934 2391 8275
3 673 8257 3949
3 4766 3013 8217
3 6762 7885 6172
3 1983 8909 707
3 4224 8459 4101
3 870 6546 3597
3 5399 1851 5857
3 5719 5513 9016
3 6238 3589 6300
3 9135 8903 9447
3 4749 7412 2224
3 4749 1247 8276
3 10388 2910 3669
3 2185 4045 8359
3 9397 7331 1154
3 9900 2663 6800
3 8459 189 7888
3 8599 5197 5076
3 2391 5028 558
3 4084 6229 8147
3 8953 2391 558
3 1345 7264 2039
3 10159 4739 5402
3 9897 9193 4811
3 3169 4014 7691
3 7865 7712 10158
3 1788 8396 8096
3 10245 8398 5918
3 9058 6028 2192
3 4353 3010 7865
3 2850 7511 5702
3 3465 6303 3758
3 7072 7987 2351
3 3586 7031 6963
3 9352 3596 3571
3 7096 8243 4949
3 7977 7442 9085
3 6120 5695 4858
3 1228 10164 7210
3 8143 7917 8309
3 3712 1992 9748
3 851 9989 4120
3 5437 8748 7963
3 5971 1778 4247
3 8143 8309 9321
3 9535 1818 9777
3 1638 1203 4703
3 1831 8169 8727
3 9728 2315 5702
3 4945 2542 8868
3 9995 1515 4759
3 5522 6645 3933
3 3740 5460 6308
3 7680 7804 2266
3 2314 2165 8614
3 8276 7412 4749
3 7590 7175 1287
3 2223 6853 3617
3 10121 1545 4515
3 8294 393 7717
3 3887 4446 6928
3 3617 7411 2046
3 10081 6865 2369
3 2314 8614 1739
3 5566 9417 10088
3 3853 6316 5472
3 3952 3306 9891
3 7638 504 6830
3 4748 8182 1242
3 6759 7427 5436
3 1244 2223 3617
3 5028 7126 2597
3 2614 3956 4697
3 4033 3933 1831
3 9398 709 8503
3 5275 8622 8389
3 8821 2173 2777
3 10028 4154 5419
3 558 5028 4552
3 3527 7645 2014
3 6143 3050 1035
3 2123 5121 626
3 9424 6135 111
3 4844 9792 7101
3 9695 429 3110
3 27 9466 717
3 6238 9285 4915
3 9669 2503 2697
3 7677 2824 7602
3 8217 9932 1807
3 8256 3021 2209
3 2722 2073 1325
3 6819 6042 10159
3 5280 3025 1260
3 1617 2495 6819
3 6221 4150 5517
3 4565 9560 9570
3 7448 288 6042
3 7625 1616 8743
3 9086 1818 9535
3 2495 3571 2579
3 3110 340 7135
3 471 6960 8776
3 6290 2697 4541
3 1170 7153 3886
3 6690 7513 10250
3 1244 8183 2223
3 3656 9105 9890
3 6831 505 7731
3 5948 7544 4423
3 3617 6853 7411
3 8274 2046 7411
3 8826 429 9695
3 8203 212 654
3 8818 5360 8707
3 1546 10123 6929
3 5567 5168 4649
3 3887 9105 4446
3 2720 4804 6020
3 9861 8554 6461
3 3894 6178 9590
3 2915 3501 4734
3 1423 9775 5777
3 4151 2391 6934
3 6535 3108 1798
3 6144 7464 5662
3 1891 7036 6193
3 3577 8217 1807
3 8919 3954 2822
3 939 7049 10167
3 5295 6072 3319
3 4357 8449 2690
3 5918 4010 6028
3 6825 2192 6028
3 5437 6169 10218
3 3586 6963 4275
3 10158 8919 6434
3 3619 673 4766
3 5390 9579 2192
3 3236 2192 6825
3 314 2650 5968
3 4571 1740 6934
3 9887 1236 9586
3 8903 5391 2552
3 6894 7530 9772
3 5644 6507 3119
3 4223 5620 3380
3 6180 5742 5691
3 9155 5924 4985
3 7666 6507 4150
3 435 9635 6096
3 4431 4782 9945
3 1287 7049 8868
3 8097 5282 2836
3 3709 6077 206
3 253 7358 7072
3 7738 2328 9685
3 3886 7153 1243
3 2222 8182 4748
3 8797 3759 6928
3 10322 3305 3281
3 3885 5916 4515
3 640 704 6287
3 4515 3305 3951
3 6846 3809 9401
3 9119 2805 5229
3 9803 1793 4866
3 1645 5887 4178
3 8416 6012 1038
3 6486 5472 9373
3 3754 9033 6411
3 978 1067 5892
3 4811 6981 7045
3 8359 8006 6192
3 5899 5146 6295
3 3346 4287 2655
3 10309 8433 6460
3 10040 7232 9227
3 582 4348 6094
3 1273 4101 1983
3 1992 7605 9748
3 6200 10026 4348
3 9438 8396 1788
3 112 4696 1117
3 6434 8919 6727
3 1510 584 7315
3 10077 7374 5280
3 1442 7075 2159
3 5399 1360 5616
3 3551 7113 782
3 2536 5730 5871
3 1612 1775 6852
3 3386 2069 5002
3 983 2047 5212
3 9491 4552 717
3 1739 6578 2314
3 7917 8143 9777
3 9105 982 9890
3 1171 4571 6934
3 2047 8275 5212
3 3281 3305 6721
3 10121 4515 5916
3 5678 6441 3910
3 7443 1703 1414
3 9352 4075 7425
3 8812 1392 8906
3 7625 10203 6690
3 133 833 5930
3 1934 2706 9809
3 9745 4395 6548
3 3708 8096 4694
3 5019 9108 6800
3 3547 9359 9817
3 9193 9897 429
3 706 582 9497
3 5229 6800 1122
3 8743 1616 8818
3 1020 8960 8186
3 9251 3754 670
3 3350 3751 1850
3 7486 2720 971
3 1994 5591 9930
3 9069 8974 1991
3 10305 8068 5665
3 2605 3775 10356
3 5826 9403 707
3 3362 5893 1972
3 7031 5649 6963
3 5171 10227 1773
3 7790 8724 2057
3 8139 10021 2797
3 3464 8461 212
3 113 6535 10240
3 6028 1911 6825
3 5533 3142 8949
3 1086 4768 2210
3 9060 1407 7186
3 9401 8021 6846
3 4949 9382 2630
3 1910 2987 3202
3 3833 658 2374
3 9397 2805 9119
3 3365 8806 555
3 9497 6094 2362
3 6007 3470 6896
3 6412 3446 3660
3 5764 533 9016
3 7987 7072 3343
3 8416 3853 5472
3 9018 2725 8399
3 3494 2204 1461
3 4624 7902 5677
3 9683 2309 8592
3 2677 1083 3017
3 5480 4101 8459
3 3655 2169 4346
3 496 7073 2133
3 5075 5282 9629
3 7917 9777 8279
3 10322 3321 1424
3 1703 1164 1413
3 7977 3515 1173
3 3343 6221 519
3 650 6767 7209
3 7906 524 3477
3 5644 4049 6507
3 1983 955 7466
3 7528 339 9189
3 4802 2781 202
3 1812 8068 10305
3 9989 9203 4120
3 8057 3556 5649
3 3235 5044 2970
3 9722 8327 5023
3 10348 5362 1283
3 2902 1618 385
3 3139 2279 2950
3 7590 1287 321
3 6557 3108 8068
3 9919 8288 2448
3 565 1352 9189
3 9285 8835 2969
3 8299 6809 1392
3 8713 4650 2309
3 7323 2640 9026
3 4750 9629 7049
3 4772 7131 4636
3 5931 8334 160
3 3527 5384 7369
3 9 2805 9397
3 9817 7552 4858
3 8949 10215 420
3 1245 982 3887
3 3951 3885 4515
3 8798 10323 3282
3 6578 4572 3515
3 3887 982 9105
3 9069 1323 8974
3 3951 1169 3885
3 6722 1546 3760
3 6928 4446 8797
3 5685 2081 8635
3 9996 5804 4229
3 1666 5438 1993
3 3362 1972 1407
3 8478 394 7121
3 2046 1244 3617
3 1972 5893 7186
3 2410 6630 9900
3 3700 6484 9194
3 8397 7100 7867
3 10164 5360 8818
3 4599 3119 3319
3 2706 9774 9809
3 904 9767 9793
3 9250 10194 419
3 6543 491 7671
3 8717 6918 7500
3 636 980 8756
3 6068 6548 494
3 1269 3691 5416
3 3163 1086 6979
3 10372 6567 9251
3 4346 3200 1144
3 1866 5531 8931
3 7847 4214 4399
3 8830 4369 4041
3 8075 4538 2350
3 5849 4915 4337
3 3091 2552 5985
3 5937 10287 5988
3 6596 851 2773
3 8453 6261 7812
3 399 8078 3561
3 2413 7667 6071
3 3091 5985 1024
3 1040 8202 6050
3 247 6596 2773
3 246 10066 6597
3 10139 4257 5896
3 2496 3700 8862
3 8616 2787 10252
3 5472 10080 8416
3 1991 8974 5685
3 3544 6445 1001
3 3597 6546 2841
3 1372 4739 1539
3 10164 2706 8707
3 10016 4999 6921
3 7175 7590 2803
3 8607 8523 1934
3 6675 4690 3064
3 4442 8890 9193
3 7466 5702 2149
3 429 8826 3579
3 233 3350 7090
3 9379 9898 3909
3 9075 6200 5027
3 8909 8684 707
3 10287 5148 5988
3 706 1040 582
3 3515 4572 1173
3 3017 7977 9085
3 7977 985 1165
3 1703 1413 1414
3 1164 983 5212
3 7442 7977 1704
3 5946 8294 7543
3 396 7295 9521
3 6721 4515 1545
3 5023 3928 1675
3 4031 7247 9075
3 4275 2721 4508
3 7918 2369 8953
3 9887 7723 8096
3 9081 319 3258
3 10087 1798 5547
3 4552 6558 717
3 6632 9058 9579
3 9003 1475 8557
3 7712 7865 5517
3 5190 4358 202
3 8945 437 4018
3 9295 3398 278
3 1969 709 2352
3 3380 2596 6894
3 5677 4726 4624
3 4676 3060 6077
3 3596 6819 8606
3 719 3853 1038
3 2503 4120 9203
3 7803 4949 8243
3 183 8202 9092
3 7298 10203 7625
3 1891 3986 474
3 3579 4442 429
3 7045 6633 8523
3 5442 6461 7617
3 1259 603 1598
3 3908 1844 9378
3 891 4962 1064
3 7617 4696 112
3 7977 9186 735
3 5088 7442 6829
3 9891 3306 10367
3 3452 3321 2151
3 6928 10122 5917
3 3760 1546 6929
3 956 9593 8851
3 5432 5106 7387
3 5930 4062 420
3 2149 2315 6517
3 9498 908 1645
3 5796 1283 8299
3 3038 10087 9475
3 3275 3898 6441
3 9579 9058 2192
3 5893 4152 7186
3 3878 5816 121
3 5773 4949 1407
3 9447 8903 10384
3 4858 1991 5685
3 5385 8127 420
3 2924 2639 7987
3 7046 8902 10007
3 8902 8760 9608
3 8903 2552 3091
3 1934 8523 2706
3 9545 9887 327
3 9001 2822 3611
3 851 4120 8306
3 1265 2926 7194
3 2579 15 2495
3 2559 6458 5410
3 4254 2781 4802
3 2515 2773 851
3 1704 7977 1165
3 2369 7638 4872
3 1466 4916 7268
3 985 7977 1173
3 3760 3282 6722
3 6287 3656 4432
3 9887 4031 327
3 10214 3350 9082
3 9001 2442 9041
3 3551 2242 7113
3 9552 2672 5868
3 7509 10281 2452
3 9491 8953 558
3 6633 7298 8743
3 4013 6960 3579
3 4609 1795 4857
3 10227 9379 1773
3 4247 1348 5971
3 3809 4041 8491
3 1505 4038 8594
3 3669 2910 3954
3 5721 2945 6961
3 805 256 5760
3 6910 6078 9633
3 667 9213 8299
3 3761 2016 7505
3 7036 1891 4117
3 7671 2850 5562
3 8790 7232 6465
3 4136 7587 491
3 1040 6050 4348
3 1203 2179 275
3 8992 8202 183
3 6827 1515 9995
3 275 2179 175
3 2209 5390 8256
3 6507 4049 7712
3 3345 8217 447
3 1273 6291 4101
3 3571 8399 4624
3 8608 3725 6112
3 4484 3562 2901
3 9373 2176 6486
3 5257 5899 5868
3 2916 8912 5074
3 1385 3017 6863
3 8275 2391 8953
3 309 6610 5166
3 3305 1424 5167
3 3656 4446 9105
3 3452 1424 3321
3 8798 3322 10323
3 7543 8874 704
3 1392 8812 667
3 717 9466 75
3 8127 838 1189
3 4013 8826 9033
3 670 6411 5171
3 6894 4223 3380
3 8879 3611 10108
3 3365 4585 2288
3 8767 2054 4414
3 7090 962 7446
3 8776 6960 4013
3 5075 4999 5282
3 3345 447 6168
3 2288 4585 9547
3 6254 2266 173
3 4419 5413 5601
3 6557 8068 10253
3 6632 8277 7677
3 10297 9804 8464
3 4619 9081 10239
3 3770 2497 2442
3 2605 280 1660
3 1172 3952 984
3 7285 7682 325
3 6221 5517 519
3 2162 1302 6786
3 4709 10351 8247
3 522 10052 5669
3 1099 1657 2740
3 582 6094 9497
3 1296 3910 10066
3 2655 5988 5148
3 5988 2655 2054
3 3092 1812 5937
3 8767 8314 3092
3 10287 3910 1296
3 9757 7947 8983
3 3452 5167 1424
3 1424 3305 10322
3 1064 4962 8968
3 5212 8275 8953
3 3140 697 6486
3 1414 6830 7443
3 1414 1413 5212
3 7500 1204 8717
3 7638 2369 504
3 2131 2861 3629
3 2431 1306 2697
3 6921 4999 5075
3 9075 5027 4031
3 219 2771 3408
3 1083 7977 3017
3 2849 3703 6048
3 2678 1300 7323
3 4866 7247 9803
3 7210 2647 4084
3 5661 4417 24
3 5764 6847 533
3 6847 3751 3350
3 10222 9383 3630
3 818 4271 2845
3 10281 5722 6962
3 3370 8492 1736
3 8953 4872 5212
3 3994 7509 5513
3 2236 7045 4493
3 6981 4811 8890
3 10253 8068 1812
3 3486 8599 2950
3 1812 6441 5678
3 8368 3310 2849
3 9081 7617 10239
3 2210 2448 1086
3 3162 6084 4767
3 83 4401 4767
3 4925 6276 51
3 2773 216 9156
3 7072 2351 7625
3 2579 3596 15
3 8974 2081 5685
3 8571 6508 5399
3 8060 174 1794
3 7206 4253 8201
3 2910 10388 2822
3 6921 5075 7175
3 3169 9861 7486
3 9206 7711 3133
3 3446 3205 3660
3 1618 10016 10108
3 7594 9702 8803
3 7730 5088 6829
3 10081 8717 1204
3 1957 8599 5816
3 10081 1386 6865
3 233 182 9016
3 7730 9085 5088
3 7731 9099 9084
3 4942 2362 3993
3 8707 5360 10164
3 9251 6567 3754
3 6412 3032 6122
3 1085 9008 2063
3 4699 9871 8591
3 1625 4477 9550
3 3305 4515 6721
3 8392 9092 8202
3 8294 5946 7119
3 7712 4049 5644
3 601 10006 1634
3 7064 1118 4584
3 6922 1788 6716
3 2149 5702 2315
3 7818 5962 2063
3 3169 7691 8554
3 1705 338 6883
3 5684 6653 229
3 4513 7956 2762
3 5044 4405 6291
3 6632 980 9058
3 218 9060 4152
3 5857 2570 8021
3 7186 4152 9060
3 1972 7186 1407
3 7710 4606 7209
3 5280 7877 3025
3 7374 4389 5280
3 2396 5634 4993
3 2242 8052 8465
3 9560 4951 7816
3 4651 4951 9560
3 5222 3322 8798
3 5212 4872 1414
3 7638 1414 4872
3 1414 7638 6830
3 9085 6863 3017
3 9085 7442 5088
3 4872 8953 2369
3 2850 4837 236
3 642 4433 311
3 505 2370 9099
3 2151 4648 5167
3 3952 9891 984
3 8797 3656 6287
3 2823 9563 5566
3 6928 5917 3887
3 1092 4825 7931
3 2605 1660 218
3 1024 5197 2911
3 2079 9529 1222
3 3579 8890 4442
3 6921 7175 10016
3 385 1618 10108
3 8297 5442 9081
3 2639 2351 7987
3 326 2039 4184
3 7021 6624 1924
3 5912 420 7512
3 6718 828 9871
3 4552 898 8469
3 7560 3587 10087
3 7866 8552 2303
3 8600 8308 7274
3 656 4275 6517
3 3586 8139 9839
3 2503 7395 9086
3 8031 7261 709
3 1514 2327 2180
3 8579 728 7665
3 3162 3475 2632
3 4541 1514 6290
3 7987 3343 2924
3 8830 6508 8571
3 202 4945 939
3 8724 5124 5734
3 2309 8240 1605
3 1792 4261 4608
3 381 6042 5315
3 2266 7804 9108
3 5019 6800 9393
3 1794 1288 1612
3 2096 7678 4773
3 5019 173 2266
3 280 9060 1660
3 3751 7493 3470
3 7530 3700 2496
3 160 5720 1231
3 9497 2362 4942
3 6486 10080 5472
3 5295 3319 3242
3 2902 9339 1974
3 3343 7072 6221
3 7878 2972 6270
3 49 1115 9817
3 9547 7450 2963
3 7450 9393 9
3 4147 8415 4863
3 955 536 7671
3 8818 5871 2150
3 3579 8826 4013
3 5171 2976 1845
3 4147 9685 269
3 7144 6309 2938
3 7045 2236 6633
3 7045 6981 4493
3 9809 8607 1934
3 2655 8422 2054
3 2725 265 4624
3 1164 5212 1413
3 7120 4538 3147
3 5169 10367 3306
3 6910 7269 6078
3 9809 4324 9897
3 3899 6807 4136
3 5410 7358 2559
3 6557 1798 3108
3 2039 5712 7487
3 1572 6982 3431
3 2192 3236 5390
3 707 4839 2290
3 6825 1269 2741
3 6072 3669 4599
3 5712 27 717
3 6517 9728 1962
3 8499 3613 6036
3 447 10169 3586
3 555 8806 2460
3 2862 8978 6253
3 735 3597 8846
3 3282 3760 8798
3 4944 4999 1618
3 9213 7036 9453
3 8247 7206 1657
3 6284 2704 1266
3 9080 7672 8880
3 7465 114 1332
3 4020 9762 10135
3 9177 7019 4416
3 4312 6058 4774
3 2888 10303 1744
3 9885 5791 5073
3 6050 8202 10264
3 9793 8059 603
3 10016 8879 10108
3 8306 4120 10296
3 1438 344 2245
3 7503 7467 6895
3 5035 805 7503
3 2697 6511 5674
3 10159 6042 381
3 7456 6232 216
3 8776 4013 1178
3 8523 4811 7045
3 10372 7104 651
3 1272 6068 2169
3 190 2267 6252
3 9547 8295 9393
3 8606 2495 15
3 5211 8468 2916
3 311 4433 6611
3 686 2213 10304
3 5166 6610 10368
3 4649 2152 2020
3 2459 8874 8294
3 1962 9633 7911
3 8879 6944 5419
3 1646 6726 8767
3 7900 6316 3853
3 4942 5720 160
3 7900 8112 5472
3 7301 7911 3718
3 6535 113 7064
3 8399 3571 2495
3 7358 7722 7666
3 9082 3350 1850
3 9547 2963 2288
3 3538 233 7090
3 8767 5937 2054
3 8707 2706 8523
3 4419 6032 2557
3 537 7046 10007
3 555 9849 2131
3 9177 4416 1297
3 4999 10016 1618
3 4659 8130 1477
3 4398 3754 10372
3 1332 114 4417
3 6716 1788 3708
3 6328 8748 5437
3 7894 4420 7239
3 8878 8835 2279
3 10089 2020 967
3 4423 641 310
3 7298 2236 7513
3 4433 10367 6611
3 1475 3573 9487
3 8797 4446 3656
3 10194 9250 8297
3 5862 6979 1086
3 4405 189 8459
3 6291 4224 4101
3 5562 8804 955
3 319 4554 2563
3 5649 2580 8057
3 9727 8461 7018
3 8042 1866 8865
3 6813 1421 6395
3 4152 5893 7728
3 4972 2096 4773
3 9775 5465 9306
3 10384 3091 4840
3 2911 5197 1361
3 3365 2288 4327
3 1794 6781 1288
3 3119 3954 5644
3 7804 8942 6800
3 2267 190 7992
3 9937 2015 2700
3 7006 2485 4984
3 1288 8635 1612
3 601 9663 2063
3 5410 9937 7722
3 2020 2152 6288
3 9581 4464 3474
3 3477 2289 7906
3 3657 9891 10367
3 4944 2836 4999
3 4422 9563 5947
3 4538 7120 9563
3 3657 10367 4433
3 2627 3477 2063
3 9189 9391 4651
3 6291 6517 5044
3 5249 2124 4609
3 5249 2103 2124
3 6217 3703 5203
3 564 6653 3978
3 3899 9360 6807
3 10108 10388 385
3 6726 8314 8767
3 183 1236 9887
3 121 3528 5502
3 9839 6168 447
3 3954 8919 5644
3 4184 5615 8757
3 3669 5453 385
3 3092 5937 8767
3 2063 3477 524
3 2922 7253 3944
3 3663 2797 10021
3 1514 4174 2327
3 3242 3119 6507
3 7666 4150 6221
3 5547 6483 7560
3 6507 7712 4150
3 4624 6570 2725
3 9781 6096 4612
3 2825 4819 229
3 7381 8656 8839
3 9072 9830 399
3 2124 1795 4609
3 4238 1683 2341
3 4177 8838 2235
3 2559 2341 6458
3 6193 9185 3986
3 2543 2364 1286
3 1231 2484 6833
3 1372 1539 719
3 4398 1178 9400
3 6180 2328 2701
3 2176 870 3597
3 533 6847 3350
3 3998 4589 6602
3 3473 2823 9580
3 10350 4984 1541
3 9580 2823 5566
3 6288 2152 5222
3 7121 3018 1386
3 8348 7717 6116
3 309 5166 9563
3 3180 7823 702
3 1406 6370 6058
3 4257 2015 1901
3 4442 9193 429
3 6960 8890 3579
3 4013 9033 1178
3 3076 9516 4493
3 3562 5766 1146
3 1521 6956 3587
3 10373 10216 9948
3 1478 7104 10372
3 1086 2448 9839
3 6576 7269 9585
3 1736 8412 3528
3 1030 4697 1602
3 6864 9083 2368
3 3515 735 8846
3 967 5718 9581
3 8968 1083 1064
3 1077 5620 4223
3 6947 1038 5609
3 2057 5734 548
3 4954 1143 4698
3 9586 9003 8557
3 5402 435 10159
3 1991 5695 9069
3 5402 9635 435
3 955 8804 7466
3 4348 3494 6094
3 2327 6228 6128
3 9772 8862 6120
3 9 2899 7450
3 505 9099 7731
3 3297 8774 4312
3 6750 4094 7780
3 5771 6046 3502
3 4649 9418 5567
3 6116 6375 8348
3 10089 9418 4649
3 6067 9750 3204
3 9498 9092 8392
3 1407 4949 7803
3 8656 5662 23
3 1268 6640 8215
3 7560 10087 5547
3 10167 7049 9629
3 2159 2160 5691
3 4028 220 10350
3 3582 3076 471
3 1505 9451 4038
3 8776 2123 3582
3 9268 279 959
3 3108 6535 9286
3 3986 1891 6193
3 5547 8314 6483
3 1296 10066 246
3 1744 10303 5683
3 5712 6558 7487
3 1297 8060 6852
3 6807 8557 4136
3 10250 10237 5844
3 9269 1535 3894
3 2404 5310 2245
3 5019 8295 9547
3 10357 9082 1850
3 4416 1211 1297
3 10350 7607 4984
3 5844 10237 2040
3 7625 8743 7298
3 2559 7491 6071
3 2525 4792 6399
3 2725 6570 8399
3 8392 5594 5669
3 9117 7970 4287
3 6894 2963 2899
3 9157 5148 246
3 4414 2054 4001
3 6982 8497 841
3 8468 4739 1372
3 5148 9157 2655
3 917 1155 8161
3 3076 6981 471
3 9033 5171 6411
3 731 3526 10374
3 3140 1083 8968
3 7637 5718 967
3 6543 4694 3899
3 7544 641 4423
3 6287 704 2459
3 5222 8798 6288
3 6295 5146 206
3 2350 4538 9563
3 4275 8057 2970
3 6517 6291 2149
3 5027 6200 10264
3 7671 1294 2850
3 7467 7503 904
3 10059 8953 9491
3 9633 1962 6910
3 3664 1272 2285
3 3528 3589 1185
3 5035 7503 6895
3 2210 9919 2448
3 1582 3115 4779
3 9289 7824 3182
3 3894 1535 8036
3 6545 4302 1099
3 2459 2019 6287
3 5535 939 10167
3 2557 6032 7143
3 491 6543 4136
3 2938 5461 5376
3 1071 256 10188
3 8491 5429 3809
3 3297 4272 9566
3 6058 8774 1406
3 2950 6300 3589
3 7282 7133 9295
3 4703 9472 1638
3 7171 1013 8727
3 4148 9762 9188
3 9867 10295 1348
3 4750 1287 7175
3 7717 3149 6116
3 6287 4432 640
3 9084 9099 2370
3 7918 6918 8717
3 10296 2503 9669
3 1598 289 1259
3 4327 2288 2596
3 6196 9656 6029
3 2459 7636 966
3 10108 3611 10388
3 4493 8834 2236
3 4508 8139 4275
3 10021 6576 4102
3 9081 5442 7617
3 4624 265 8309
3 9722 4183 258
3 9713 9475 3587
3 5074 8912 5609
3 980 636 732
3 183 9887 8992
3 216 6232 9156
3 4124 10080 9300
3 8860 5094 1876
3 4624 4726 3571
3 980 6028 9058
3 3182 218 9289
3 3362 1407 7681
3 376 7300 6895
3 6545 10338 4302
3 1612 6852 1794
3 4989 5823 1268
3 2825 1131 2202
3 1993 2825 229
3 3864 1993 5438
3 457 8093 3805
3 3017 3147 2677
3 5566 10088 9580
3 717 6558 5712
3 811 1643 5554
3 955 1983 707
3 7511 9728 5702
3 3913 1501 3823
3 63 10226 2040
3 4694 6543 3708
3 9466 4184 4438
3 980 4323 10073
3 9914 3512 7602
3 9839 2797 1086
3 5862 3663 4102
3 4847 6479 7594
3 9400 9033 3754
3 3754 6567 10372
3 9509 5442 8297
3 2066 2253 5094
3 10139 6507 7033
3 1844 10326 9509
3 6979 9125 3163
3 735 9186 1083
3 124 6821 6450
3 2350 2823 3473
3 5388 3197 5718
3 5937 5988 2054
3 10296 4120 2503
3 279 9297 8981
3 1798 6557 5547
3 2563 1526 3258
3 7232 8790 2567
3 3761 1591 2016
3 1617 6819 435
3 2327 6128 7145
3 2559 7358 7491
3 9570 7816 2064
3 1211 4416 7019
3 6007 10357 1850
3 6475 5130 6163
3 8787 9529 5920
3 4223 6894 9772
3 8294 7119 393
3 4422 309 9563
3 7717 2459 8294
3 8783 3796 6880
3 9772 6120 4223
3 3509 916 4026
3 1014 6823 4360
3 2009 2664 8631
3 327 5027 9545
3 10080 6486 697
3 6633 8707 8523
3 7611 4837 48
3 8830 8571 8656
3 8717 10081 7918
3 5441 6143 4136
3 6800 5229 9393
3 7225 9131 2836
3 3076 2123 9516
3 7036 9213 9185
3 5019 9547 10379
3 7132 7228 7823
3 9439 2870 3439
3 7988 9389 3164
3 2721 656 1962
3 4369 7807 4041
3 3242 6507 5295
3 7677 4626 980
3 7752 4117 1891
3 6370 8031 6058
3 9673 588 4735
3 7512 10215 9213
3 6811 8724 7790
3 5947 9563 7120
3 6969 8007 3168
3 2152 3322 5222
3 8478 7121 1386
3 5402 4739 8468
3 5204 7408 7363
3 7918 8953 10059
3 10081 2369 7918
3 7545 1294 7671
3 9590 7166 1541
3 9269 4063 962
3 5766 13 10373
3 3474 4464 9819
3 4360 5527 7847
3 2304 1415 5165
3 10356 3775 218
3 6894 2288 2963
3 5385 5912 9693
3 10379 173 5019
3 6452 1617 9781
3 10059 75 1108
3 233 533 3350
3 8571 6144 5662
3 1795 7381 4857
3 838 9526 8384
3 4438 4184 9721
3 694 7784 2678
3 8059 3684 5785
3 8830 7381 4369
3 1736 4037 8412
3 3370 6977 5430
3 6078 3718 7911
3 3582 2123 3076
3 1860 9339 4816
3 2123 4133 6872
3 2103 4351 8593
3 3163 9125 5862
3 4414 1646 8767
3 121 5502 3878
3 8503 6192 9883
3 4599 3319 6072
3 8277 83 2632
3 9777 186 8279
3 4310 3 5804
3 7824 9289 4152
3 4609 4351 5249
3 2124 2103 2403
3 2124 7381 1795
3 4709 7577 4973
3 6548 392 4990
3 1747 454 8108
3 7625 10250 253
3 9269 6754 1535
3 10351 4973 9134
3 4417 7577 4709
3 3769 7381 8839
3 1541 962 9590
3 10295 6349 3367
3 9393 7450 9547
3 4351 2103 5249
3 7491 7358 253
3 2388 8978 4636
3 2403 4369 2124
3 1664 859 2507
3 3380 5620 1077
3 4800 3522 9935
3 3026 8334 5931
3 4992 9792 8972
3 4885 6465 7232
3 3708 1788 8096
3 5971 2659 5436
3 3160 8941 5414
3 1189 4354 9398
3 4159 5522 4033
3 9995 9227 3274
3 1144 9997 4228
3 2517 106 6801
3 5385 838 8127
3 5826 6922 6716
3 5609 6012 6481
3 9514 5899 5257
3 8912 6947 5609
3 5562 5702 7466
3 83 3162 2632
3 2383 8834 6872
3 9360 3899 7723
3 5167 3452 2151
3 6880 4054 8783
3 704 640 7543
3 4184 8757 3795
3 3147 8610 2677
3 7545 7671 491
3 4837 2850 48
3 1812 5678 5937
3 820 5453 6072
3 7621 3213 4992
3 4619 6534 1797
3 7545 4762 7611
3 2645 7500 1014
3 75 9466 3796
3 3512 9531 7602
3 7033 7722 2700
3 10074 3806 7846
3 562 7784 24
3 6801 1969 2517
3 562 24 10338
3 4565 194 7087
3 6342 805 3892
3 13 389 9948
3 9450 1504 9504
3 6120 1115 4223
3 5816 3589 121
3 2916 1372 8912
3 755 7184 2434
3 2700 10139 7033
3 6821 3690 8056
3 2437 3864 5438
3 7666 6221 7072
3 5958 8524 603
3 6507 7666 7033
3 10360 4124 836
3 2596 3380 4327
3 8202 9369 10264
3 7417 8875 2543
3 6058 8031 106
3 7993 191 3362
3 10016 7175 8879
3 3751 3470 1850
3 5512 4942 3993
3 3899 4694 7723
3 6533 200 3790
3 7933 7851 5130
3 3391 4944 1618
3 3994 10281 7509
3 200 6533 2383
3 9563 5166 5566
3 7456 9669 9148
3 9334 257 271
3 5665 3275 10305
3 8432 5155 1623
3 3561 3341 399
3 8314 10253 3092
3 3148 1204 3727
3 258 3794 8327
3 4001 8422 2655
3 4538 8075 6969
3 1962 656 6517
3 3346 2655 3301
3 3147 9977 6115
3 9586 9360 9887
3 10059 717 75
3 3754 6411 670
3 6716 723 6543
3 2632 2824 8277
3 602 9728 7511
3 10087 3038 7627
3 8348 2459 7717
3 9581 5718 9819
3 10324 9093 4568
3 202 939 5535
3 2901 1423 6949
3 10007 9067 537
3 5535 8760 4802
3 4261 8192 4352
3 4037 1736 7897
3 3769 8839 7783
3 7722 7358 5410
3 5197 1024 5985
3 7824 4152 7728
3 6120 7552 9817
3 2294 6196 6336
3 2899 7530 6894
3 233 7616 182
3 9581 10089 967
3 966 2019 2459
3 4870 2716 7267
3 1204 8478 1386
3 3726 8610 3147
3 394 8478 1204
3 1108 75 3796
3 8552 9170 4255
3 421 3258 1526
3 4238 10022 1683
3 48 7545 7611
3 7298 6633 2236
3 3319 3119 3242
3 3823 3163 5862
3 5211 2916 5074
3 8078 5630 1623
3 4774 6058 106
3 5547 10253 8314
3 3476 6971 2066
3 1296 4724 5148
3 2413 10250 5844
3 2191 5887 1645
3 10172 1155 8941
3 5340 9856 7535
3 5295 6507 10139
3 4398 9733 1178
3 4369 7381 2124
3 10094 1657 8201
3 4802 202 5535
3 7558 7635 2846
3 421 6528 419
3 1617 435 6096
3 3258 319 2563
3 4750 7175 5075
3 4857 7381 3769
3 5738 5074 8161
3 8743 8707 6633
3 4889 1974 9339
3 6822 5026 703
3 6852 10384 1297
3 9203 7395 2503
3 4174 5674 9321
3 63 7642 4860
3 6228 2327 4174
3 265 6228 8309
3 8956 5930 420
3 1541 7446 962
3 7426 6307 6134
3 5441 3050 6143
3 6447 5466 353
3 9817 1115 6120
3 3986 1146 5766
3 6516 4932 6471
3 9344 9029 841
3 236 7511 2850
3 1334 6663 5833
3 3204 1260 6067
3 7752 9693 5912
3 2270 1717 2959
3 4585 10379 9547
3 6899 3168 8007
3 7500 6918 765
3 8592 2309 4650
3 471 8890 6960
3 1178 9733 3862
3 7993 3362 7681
3 1671 3146 10229
3 3267 1671 9196
3 6543 723 3708
3 8682 2352 1189
3 9412 6744 6041
3 8334 4942 160
3 765 4054 6823
3 850 8314 6726
3 7723 9887 9360
3 4102 3663 10021
3 9250 669 1844
3 9081 3258 10194
3 7896 1737 7807
3 2403 2103 7807
3 2459 8348 7636
3 7967 3293 9948
3 1302 5945 7815
3 8385 9067 4489
3 5931 160 2525
3 4889 3604 10011
3 2404 1572 3431
3 114 7465 3544
3 670 5171 1845
3 9937 2190 9651
3 8215 9253 1919
3 4261 4352 4608
3 4773 2863 4972
3 3037 7579 319
3 3678 4538 6969
3 3147 3017 7120
3 6899 8007 6337
3 3164 9727 7988
3 5074 5609 10360
3 6012 10080 4124
3 5389 6337 8266
3 2700 4257 10139
3 8154 5409 9795
3 8131 3125 9936
3 8968 7776 3140
3 820 6072 445
3 1014 4491 2645
3 9498 183 9092
3 4238 2341 9010
3 8945 4431 437
3 174 3547 1794
3 6405 6637 7148
3 9007 7757 7333
3 2285 4130 3664
3 529 6613 4746
3 2327 7145 2180
3 6458 9937 5410
3 3380 1077 4327
3 2044 1077 7043
3 978 2659 5971
3 7491 253 2413
3 471 6981 8890
3 5436 3035 7055
3 10087 3587 9475
3 10264 9369 8992
3 8790 6465 7172
3 6513 3557 1707
3 6758 4033 1013
3 9227 2567 756
3 4759 1515 2666
3 4673 535 2339
3 9577 8327 3794
3 5155 8432 5195
3 7851 333 1755
3 4508 10021 8139
3 2836 3391 7225
3 1666 1993 229
3 2911 7019 9177
3 9148 1306 7456
3 6232 7456 10309
3 10338 4417 4302
3 2171 768 8687
3 4287 4001 2655
3 2853 5475 2384
3 9590 6178 1813
3 7616 233 3538
3 10384 8903 3091
3 4705 9424 111
3 7228 6450 7823
3 562 10338 6545
3 3664 2309 9683
3 702 6450 6821
3 3710 4451 4310
3 6639 9353 8214
3 1887 6130 8831
3 3878 5502 4037
3 1792 8192 4261
3 6450 702 7823
3 1185 3589 6238
3 2288 6894 2596
3 5204 7363 4246
3 3629 10379 2131
3 3894 8036 5026
3 4538 3678 9977
3 891 1064 2677
3 7323 1300 5639
3 7896 7807 8593
3 6196 2294 4252
3 8783 765 4265
3 4491 3111 6374
3 8874 7543 8294
3 6114 3727 4491
3 133 5930 8956
3 7511 236 602
3 9819 4464 9581
3 3198 6969 8075
3 3205 3446 3383
3 1458 4774 106
3 7301 10021 7911
3 4323 9531 9577
3 5385 9693 9526
3 7677 980 6632
3 1336 8631 908
3 9398 8956 1189
3 4768 1086 3163
3 2824 2632 5637
3 2459 704 8874
3 8265 6968 3197
3 8760 8097 9608
3 2791 4028 9590
3 10252 3472 2934
3 191 7728 3362
3 4260 4513 4380
3 173 10379 6254
3 6895 7467 9514
3 6339 404 8626
3 9016 533 233
3 6690 10203 7298
3 10167 9629 8097
3 2823 2350 9563
3 2780 10351 9134
3 10031 4450 5669
3 9400 3754 4398
3 376 8933 4954
3 10201 5371 1947
3 9781 4612 7116
3 6452 2495 1617
3 9781 1617 6096
3 9407 5022 6057
3 4265 3796 8783
3 7918 10059 1108
3 4534 2953 2416
3 7019 2196 3398
3 2236 8834 2383
3 1108 765 7918
3 3913 3823 4102
3 286 3267 6910
3 768 2171 6062
3 7710 6767 416
3 7315 4509 2909
3 9487 5441 4136
3 9063 4606 7710
3 8465 9598 8479
3 8465 8479 7113
3 2039 4496 2422
3 5307 5634 9598
3 8992 9369 8202
3 4147 4863 9685
3 3823 2914 3476
3 7911 2721 1962
3 5862 9125 6979
3 7709 415 9750
3 1705 10286 338
3 763 4892 2178
3 6528 1526 3261
3 7505 9316 10137
3 445 6072 5896
3 2186 2627 5962
3 1260 415 10077
3 5896 6072 5295
3 3856 2685 5156
3 7926 3396 9578
3 253 7072 7625
3 4860 6717 63
3 3370 1736 3528
3 8578 278 2196
3 7171 1707 1013
3 548 1212 895
3 6233 8938 3346
3 257 10309 1306
3 9148 9669 2697
3 6852 9447 10384
3 2697 2503 6511
3 4652 4018 2034
3 1707 7171 275
3 2078 9405 7105
3 175 2099 275
3 8008 7280 828
3 10172 5738 8161
3 8075 2350 3473
3 8131 956 4940
3 7717 393 3149
3 7671 536 6543
3 7500 2645 3727
3 1649 3705 6178
3 769 1142 1355
3 10214 9082 10357
3 7545 48 2850
3 2740 10152 423
3 6812 6269 8725
3 159 5887 2664
3 4054 6880 4360
3 3132 7831 2328
3 4360 6823 4054
3 6120 8862 8952
3 1204 1386 10081
3 9080 2740 1971
3 2131 9849 2861
3 8503 833 133
3 399 1646 4414
3 2963 7450 2899
3 3663 5862 2797
3 1035 4923 6143
3 7678 7228 7132
3 4323 4626 7677
3 4323 9577 3794
3 4636 8978 4772
3 2460 883 555
3 3538 7446 1541
3 9072 2939 850
3 8593 7807 2103
3 3589 3528 121
3 6639 2258 1976
3 5173 4264 1034
3 9683 392 4395
3 6834 2485 7006
3 1361 5816 3519
3 1211 7133 1297
3 7225 10361 2634
3 5669 5594 522
3 4972 6654 2096
3 5197 8599 1957
3 8524 287 9793
3 7228 124 6450
3 7824 7728 4636
3 3689 9000 9500
3 4608 3768 7008
3 8938 6459 8432
3 7807 4369 2403
3 2984 9253 9503
3 9018 8399 2495
3 8060 1794 6852
3 2095 1226 6799
3 8191 8593 4351
3 5170 6720 2311
3 4608 7008 1792
3 2984 9503 8029
3 3197 9819 5718
3 3678 2117 891
3 3728 9137 5039
3 9977 3147 4538
3 5034 2129 8384
3 6113 2676 8609
3 6458 2341 2190
3 10013 1683 9051
3 7627 1798 10087
3 6880 3906 7847
3 4860 7642 10265
3 5436 1778 5971
3 3790 2340 6533
3 1475 9003 4178
3 9065 877 2845
3 8752 6851 8877
3 9733 4398 651
3 6613 3123 7477
3 602 78 9567
3 6576 10021 7301
3 3133 7711 5203
3 6895 7300 5035
3 2190 2341 9651
3 7280 8591 828
3 7626 319 1797
3 419 6528 10371
3 420 5912 5385
3 10374 7077 1650
3 1083 9186 7977
3 446 9635 4916
3 3474 9819 3197
3 4178 5887 1475
3 4609 4857 3769
3 5203 3703 3310
3 9715 8591 7280
3 8195 3026 522
3 765 6823 7500
3 9530 5277 49
3 4491 3727 2645
3 4036 7896 8593
3 9300 836 4124
3 3301 9157 6233
3 4414 4001 4287
3 7513 2383 6533
3 5827 4112 3145
3 8806 7363 7408
3 9018 2495 6452
3 49 9817 9530
3 9996 9078 6861
3 8195 5594 8392
3 8203 654 4048
3 3629 2861 6254
3 7542 4600 8579
3 2539 792 6
3 3906 6880 9721
3 8757 5615 637
3 4585 555 2131
3 445 1901 4816
3 385 5453 820
3 6128 265 2725
3 1792 7008 2984
3 8265 3197 5388
3 8350 8709 4252
3 5535 10167 8760
3 1100 1803 1829
3 3547 174 7133
3 2243 6663 1207
3 5453 3669 6072
3 4254 4802 7046
3 24 4417 10338
3 7090 3350 10214
3 1649 6822 8055
3 1535 3181 8036
3 7893 3574 8821
3 8839 8656 7783
3 8687 1258 2171
3 2191 908 8631
3 8686 7323 443
3 2388 7728 191
3 2054 8422 4001
3 6233 3346 3301
3 6956 1521 9947
3 8130 909 1477
3 9503 1505 8594
3 1361 5197 1957
3 8192 6603 8029
3 1901 2015 9651
3 1526 6528 421
3 9010 2559 6071
3 6756 7008 6062
3 5130 6475 5304
3 10013 9651 187
3 1901 445 4257
3 3160 10333 7382
3 9487 3573 2229
3 3790 626 2340
3 5304 6475 6452
3 6883 338 8115
3 8277 2824 7677
3 4565 4651 9560
3 10324 22 9093
3 4252 22 9656
3 3198 8075 3473
3 2939 3587 7560
3 1962 9728 602
3 4401 2209 4767
3 4026 3630 3509
3 78 286 6910
3 3587 1177 1521
3 7282 3695 3400
3 3547 7133 7282
3 4115 781 4981
3 1077 4223 2338
3 6329 7105 2814
3 2525 6833 4792
3 2814 7105 6350
3 2485 5719 182
3 2678 7784 1300
3 2187 7616 3538
3 6603 8192 1792
3 4037 9450 3519
3 3164 9389 2917
3 3464 7018 8461
3 1871 4370 5571
3 2863 6654 4972
3 3528 5849 3370
3 6143 4762 7545
3 6375 6116 4492
3 6969 8266 6337
3 6969 6337 8007
3 910 8308 651
3 6232 10309 6460
3 4370 2915 4734
3 7970 4414 4287
3 8961 1761 13
3 9156 247 2773
3 5609 1038 6012
3 8557 9360 9586
3 7383 7248 333
3 1189 8956 8127
3 2340 626 12
3 9733 9816 3862
3 4816 2902 820
3 5844 2040 10226
3 850 6726 1646
3 9579 5390 4401
3 6910 3267 7269
3 2253 9934 1501
3 5409 8789 9795
3 8154 2372 7941
3 10226 7667 2413
3 7402 2281 6720
3 6811 7790 2999
3 8029 6603 2984
3 5718 6336 5388
3 9899 7808 3358
3 729 738 3064
3 9608 8097 9131
3 537 9067 2393
3 1297 10384 4840
3 8760 10167 8097
3 4302 4709 1099
3 841 6296 9344
3 6195 9994 7401
3 2352 4354 1189
3 3690 1249 7808
3 7008 3768 768
3 8851 5129 598
3 319 9081 4619
3 5026 8036 703
3 1683 10022 9051
3 4554 532 8746
3 5282 8097 9629
3 2266 9108 5019
3 4636 7728 2388
3 5531 7678 2096
3 3998 3168 6030
3 3678 891 6115
3 5702 5562 2850
3 5562 955 7671
3 9010 6071 4238
3 9651 2015 9937
3 9886 7776 8968
3 7351 3975 3568
3 10360 6481 4124
3 420 8127 8956
3 3651 4375 4693
3 3796 4438 6880
3 10226 2413 5844
3 7157 161 1032
3 535 508 818
3 8557 9487 4136
3 5035 7300 3892
3 7927 5193 9910
3 6622 8923 5380
3 6895 5257 376
3 2256 1119 5331
3 1477 6528 4659
3 2782 10229 4968
3 1855 6758 6513
3 3928 9531 3011
3 8911 3442 709
3 3913 4102 6576
3 5931 2525 5073
3 6758 4159 4033
3 9533 2979 8674
3 7172 8675 8790
3 720 2305 9500
3 1541 2187 3538
3 3521 5945 6041
3 3894 4063 9269
3 8920 2854 3032
3 8978 2388 6253
3 3889 9498 8392
3 8806 4327 1077
3 1634 161 7157
3 4554 7579 3037
3 910 7274 8308
3 7970 8078 4414
3 6253 2388 191
3 9513 544 4677
3 8938 6233 6459
3 4327 8806 3365
3 4942 5512 5720
3 6096 9635 446
3 4287 3346 8938
3 9300 4699 9715
3 2180 8361 714
3 7269 3718 6078
3 1458 4312 4774
3 5601 5303 2789
3 8557 6807 9360
3 3168 6899 6030
3 7933 5130 5304
3 2770 2777 2173
3 3812 7935 5564
3 2020 10089 4649
3 3812 8709 8350
3 2294 5718 7637
3 3148 394 1204
3 7847 3906 8704
3 6290 2431 2697
3 7784 8655 24
3 7248 8486 3870
3 9937 6458 2190
3 8626 8444 8116
3 6041 5303 5601
3 7499 3338 9206
3 6872 200 2383
3 651 4398 10372
3 6603 1792 2984
3 6756 8281 4233
3 6483 8314 850
3 6440 9280 6051
3 7560 850 2939
3 1035 3050 5441
3 8029 8594 8192
3 5023 3905 9722
3 206 5146 3709
3 3297 7988 7018
3 8579 7665 7542
3 3519 3878 4037
3 2096 8931 5531
3 3026 9497 8334
3 3060 2522 9514
3 4312 4272 3297
3 445 4816 820
3 6883 1666 1705
3 7206 2780 4253
3 5818 8746 7390
3 9817 9359 9530
3 2229 3573 1475
3 1115 49 4223
3 9757 8983 4451
3 9504 7934 3519
3 3012 9608 3385
3 6091 2117 3998
3 6091 6602 4962
3 2464 4380 1932
3 7823 4637 7132
3 8592 4318 9683
3 6336 5718 2294
3 3168 3678 6969
3 474 3986 5766
3 5896 5295 10139
3 1605 1071 10188
3 5115 7286 5335
3 765 1108 4265
3 420 10215 7512
3 10226 6717 10022
3 7513 6690 7298
3 8334 9497 4942
3 10250 7625 6690
3 3039 3940 4207
3 7274 1120 8600
3 9117 8938 5630
3 9633 6078 7911
3 787 2242 3551
3 10021 2721 7911
3 6163 6128 2725
3 7269 7301 3718
3 2063 9663 1085
3 3794 258 4183
3 399 6099 9072
3 83 6084 3162
3 1475 5887 159
3 216 8306 9669
3 6143 7545 4136
3 1744 3542 2888
3 9910 5193 5155
3 7560 6483 850
3 6452 9781 210
3 9590 962 3894
3 6402 2999 9582
3 1753 6059 71
3 8092 3012 3385
3 6178 3894 5026
3 891 2677 6115
3 962 4063 3894
3 1272 2169 6048
3 10214 6754 9269
3 4843 4256 3125
3 5310 6525 9927
3 522 3026 5931
3 3025 6812 6403
3 1236 4178 9003
3 210 7933 5304
3 7651 4012 1101
3 8988 242 3689
3 7238 2310 1976
3 10195 7709 6067
3 694 2678 8686
3 9593 9936 8851
3 2040 7642 63
3 3768 7785 695
3 7667 3166 4238
3 6910 1962 9567
3 9516 8834 4493
3 768 3768 695
3 78 236 286
3 8915 4066 1905
3 6099 402 9072
3 2040 10237 7642
3 2787 8616 6608
3 4233 9253 2984
3 9472 10039 764
3 998 2959 6060
3 1064 1083 2677
3 4568 3997 10324
3 2959 10202 4937
3 8348 6375 3114
3 1976 7934 6639
3 8728 8039 3274
3 6756 6062 8281
3 6071 7491 2413
3 6821 124 3690
3 332 3741 9046
3 4117 5912 7036
3 3166 10226 10022
3 651 7104 1478
3 7535 3831 3262
3 3037 319 7626
3 6955 532 7656
3 1284 760 1598
3 556 1981 7777
3 2498 7477 3123
3 2117 3168 3998
3 7636 8348 3114
3 1083 3140 735
3 3765 3338 361
3 399 9830 1646
3 1259 289 3060
3 2255 8526 9169
3 8247 10351 7206
3 762 2703 8946
3 4650 8713 10188
3 2715 4870 1014
3 10260 172 8698
3 3307 2935 8658
3 1297 174 8060
3 6122 2566 9254
3 5958 9514 4540
3 8315 5823 4989
3 6799 1226 7418
3 2082 6265 7645
3 4708 9530 7418
3 7808 2535 4545
3 4540 904 9793
3 1618 1974 3391
3 3660 3205 3032
3 8679 3864 1440
3 124 7228 7678
3 9003 9586 1236
3 8931 8865 1866
3 1146 3986 8812
3 1974 10361 7225
3 10006 7906 1470
3 5827 79 9573
3 626 5121 9816
3 9065 731 5441
3 7906 2289 1470
3 6910 9567 78
3 9681 8000 2171
3 3794 10073 4323
3 3587 2939 9072
3 8202 1040 8195
3 3689 242 4450
3 3519 7934 1976
3 9585 3913 6576
3 10080 697 9886
3 9635 5211 4916
3 7529 9051 7857
3 4287 8938 9117
3 257 1306 2431
3 10309 7456 1306
3 159 2664 1072
3 4233 2984 6756
3 8578 2310 5199
3 2202 1131 1932
3 2464 8093 4497
3 8309 7917 4624
3 5305 4668 5514
3 3703 6217 6048
3 5441 1870 1035
3 1099 8880 6545
3 6752 7267 2716
3 1300 562 6545
3 3389 4009 8908
3 2117 3678 3168
3 4252 2294 8350
3 4028 2791 9236
3 4491 4870 7267
3 7446 3538 7090
3 3133 8657 8420
3 4923 1035 4968
3 3352 2184 7672
3 4255 7286 5115
3 4207 7653 8552
3 8686 10148 9682
3 333 7851 7383
3 4540 287 5958
3 10094 1366 10152
3 6823 1014 7500
3 1658 1071 8233
3 9334 10309 257
3 5155 5195 9910
3 9117 5630 7970
3 10265 7642 7513
3 8078 7970 5630
3 9393 2805 9
3 3424 34 1212
3 3358 2313 9899
3 6639 7934 9353
3 2196 1976 2310
3 8688 8745 7403
3 9948 389 5241
3 770 3028 448
3 3582 471 8776
3 1671 286 236
3 9582 2057 895
3 4773 7678 7132
3 2123 8776 3862
3 9795 8789 3267
3 4654 7752 474
3 1623 5630 8938
3 2131 10379 4585
3 6654 8865 8931
3 883 6655 2861
3 8968 9871 4699
3 7406 5564 7935
3 6029 6898 6196
3 21 3998 9657
3 1919 4233 1268
3 8875 7417 9131
3 7634 537 2393
3 5827 3145 239
3 7775 2558 1920
3 7672 7323 8880
3 6228 265 6128
3 8688 7402 8598
3 4368 7752 4654
3 3012 8550 4489
3 7225 3391 1974
3 2129 6022 1458
3 4916 5211 7268
3 2295 5241 3964
3 2293 7636 3114
3 7918 765 6918
3 8315 5170 5823
3 2084 1215 5029
3 9353 9252 8214
3 8161 5074 10360
3 9295 7133 1211
3 1835 9047 9405
3 2543 1529 7417
3 6718 10065 4962
3 9927 650 7209
3 5277 9530 4708
3 1077 2338 7043
3 1249 124 5531
3 8036 3181 703
3 7274 3097 1119
3 3862 8776 1178
3 3742 8056 4545
3 6293 12 3187
3 7203 6930 10289
3 5121 2123 3862
3 9573 908 3889
3 9514 5257 6895
3 9054 3475 812
3 10094 8201 4253
3 9673 1222 8787
3 7752 1891 474
3 1657 7206 8201
3 5026 1649 6178
3 1300 7784 562
3 7046 4802 8902
3 8687 768 695
3 10228 6190 8911
3 5195 8432 272
3 5674 8143 9321
3 159 2229 1475
3 5413 4419 7893
3 5823 3327 1268
3 1649 8055 3705
3 10031 522 5791
3 220 5587 8526
3 278 6044 3695
3 8108 6328 5437
3 4760 3014 1604
3 8160 1976 7019
3 4349 2091 714
3 3547 9817 1794
3 3519 6539 1361
3 7417 1529 8092
3 10361 1974 4889
3 4858 7552 6120
3 7145 6128 6163
3 7116 4612 10275
3 3012 1529 8550
3 2984 7008 6756
3 7148 6637 9778
3 836 8161 10360
3 6880 5527 4360
3 8845 1675 7203
3 8673 5825 9534
3 10031 10052 522
3 917 836 9300
3 6465 9426 7172
3 3293 7967 4368
3 1489 8946 5807
3 3310 3703 2849
3 9051 10022 6717
3 1108 3796 4265
3 9948 5241 3802
3 2413 253 10250
3 3928 10347 10289
3 8845 2538 3905
3 1974 1618 2902
3 6060 2251 330
3 3812 7352 7935
3 3723 8349 3112
3 4393 9524 5015
3 5825 6146 502
3 4884 7231 10039
3 2567 9227 7232
3 3261 3312 4659
3 4493 6981 3076
3 7408 10307 883
3 9353 7934 9252
3 7300 6342 3892
3 124 7678 5531
3 8709 5564 9093
3 3975 1017 3568
3 2849 3655 1144
3 1249 5531 10054
3 9046 10220 332
3 6822 1649 5026
3 3400 3695 9469
3 2901 3060 4484
3 10007 8902 3012
3 3568 1017 5703
3 4962 10065 9871
3 3741 6123 8055
3 5564 7406 299
3 1514 2180 3020
3 1438 3205 6806
3 1231 5720 2484
3 3327 6640 1268
3 9253 4233 1919
3 5912 4117 7752
3 1976 6539 3519
3 2341 2559 9010
3 7934 9504 9252
3 6218 2578 9051
3 3796 9466 4438
3 9713 3038 9475
3 7656 3037 6955
3 7513 10237 10250
3 4659 3312 8130
3 9439 6047 6142
3 8392 8202 8195
3 6218 6533 2340
3 8308 8600 9816
3 1236 1645 4178
3 9567 1962 602
3 3341 3944 7253
3 7387 5140 9799
3 7043 7363 2044
3 3146 4923 4968
3 3511 7721 9027
3 7087 194 10221
3 1279 9831 5314
3 10237 7513 7642
3 8041 8864 6655
3 8327 9577 9531
3 6632 9579 4401
3 9585 7269 8789
3 9681 1258 8687
3 6062 7008 768
3 4540 9514 7467
3 8215 1919 1268
3 3964 1230 8763
3 287 8524 5958
3 8000 8281 6062
3 2171 1258 9681
3 5639 6545 8880
3 4545 8056 7808
3 2303 4255 5115
3 378 5787 8368
3 3705 332 10220
3 4882 1101 4068
3 10054 5531 1866
3 1866 8042 7518
3 5933 6789 10127
3 5165 8619 4733
3 4450 6815 5669
3 4233 8281 1268
3 10014 1993 8679
3 555 4585 3365
3 2202 4819 2825
3 6254 10379 3629
3 2244 7147 6747
3 828 998 8008
3 7363 4708 4246
3 9830 9072 850
3 9871 8968 4962
3 7164 792 2539
3 850 1646 9830
3 271 257 5194
3 5301 1380 4835
3 7611 4923 236
3 7149 8746 532
3 9657 3998 6030
3 9656 6196 4252
3 8433 10309 9334
3 3997 22 10324
3 1996 7757 9007
3 3307 4310 4451
3 1581 10154 8770
3 3031 7139 10075
3 1306 9148 2697
3 7184 7468 2434
3 3487 2253 8154
3 3146 1671 236
3 2372 9795 3267
3 1438 6806 6268
3 194 4565 7333
3 8154 7941 3487
3 2845 4271 7439
3 3512 3011 9531
3 8557 1475 9487
3 402 6099 7424
3 1203 4884 4703
3 10221 194 10075
3 6436 1997 1085
3 3476 2914 6971
3 2392 6602 10202
3 6718 4962 963
3 2392 4962 6602
3 3113 8350 2294
3 3811 3723 1779
3 6718 963 998
3 10054 3358 1249
3 2245 1572 2404
3 9268 1046 279
3 10054 2313 3358
3 2509 2458 1133
3 3352 8254 3636
3 2231 269 3801
3 175 5490 2099
3 8880 1099 9080
3 1300 6545 5639
3 4173 7555 1914
3 7528 9189 3749
3 7333 4565 9570
3 9750 6067 7709
3 9582 895 1212
3 2525 1231 6833
3 5823 8310 3327
3 4530 7403 6612
3 8432 1623 8938
3 1866 7518 10054
3 4546 7223 3741
3 332 3705 8055
3 2259 6640 3327
3 10307 7408 5204
3 4028 2239 5587
3 5073 2525 7657
3 106 8031 6801
3 4870 2715 4205
3 7418 9530 6799
3 4214 6 9435
3 3519 9450 9504
3 7237 6748 8310
3 319 7579 4554
3 402 3587 9072
3 8605 5579 1222
3 1177 859 1664
3 6217 5203 7711
3 454 1747 4782
3 8008 8516 7280
3 379 4310 3307
3 10194 3258 421
3 210 7851 7933
3 1645 1236 9498
3 4489 10007 3012
3 8233 1728 7050
3 805 252 3892
3 6032 6308 7143
3 5203 3310 3133
3 8392 5669 3889
3 5441 9487 2229
3 3310 8368 3133
3 10022 4238 3166
3 9176 4483 3011
3 6533 10265 7513
3 3928 5023 9531
3 4699 8591 9715
3 1178 9033 9400
3 3728 5039 1084
3 664 583 9763
3 6971 2914 3823
3 63 6717 10226
3 7268 5211 5738
3 6062 2171 8000
3 1099 4709 8247
3 7672 2640 7323
3 10374 3526 9607
3 8686 2678 7323
3 8778 5314 2104
3 9867 2979 9533
3 256 805 6342
3 7253 5959 7424
3 3557 6513 6758
3 10241 9651 10013
3 9578 427 2635
3 3327 6748 9502
3 6115 9977 3678
3 9500 8619 8988
3 6533 6218 10265
3 1976 2196 7019
3 1638 2179 1203
3 1638 9472 764
3 8728 3274 756
3 6146 5825 8673
3 590 2535 9899
3 1278 10009 1109
3 9500 8988 3689
3 7133 174 1297
3 2664 5887 8631
3 590 9899 8225
3 7222 4545 2535
3 1813 3705 2791
3 4054 765 8783
3 2623 590 8225
3 9782 9137 3604
3 5683 3542 1744
3 10371 6528 1477
3 3261 4659 6528
3 2836 4944 3391
3 3292 1473 2716
3 4133 2123 626
3 4791 6834 7006
3 7209 4606 6482
3 300 7437 8961
3 8746 5818 9513
3 6430 6883 9291
3 7857 5859 10037
3 2338 4223 49
3 3790 200 4133
3 2300 3187 626
3 1226 2095 4246
3 2917 9389 7988
3 2636 2922 5155
3 8690 8406 8937
3 1559 1870 5441
3 7707 728 2569
3 5039 9137 4435
3 7518 8937 10054
3 4937 7405 6160
3 3749 4651 4565
3 4989 8281 8000
3 2846 7293 3320
3 10148 443 9026
3 537 10095 7046
3 6293 5859 7857
3 2740 1657 10152
3 1663 9993 9946
3 4444 5092 7253
3 7424 5959 9724
3 1438 9254 344
3 8272 781 4115
3 3396 2618 1319
3 139 539 7729
3 601 7157 2566
3 9131 7417 8092
3 5958 1259 3060
3 10135 1454 1827
3 2470 498 322
3 474 5766 10373
3 10333 10302 4716
3 1888 4820 9677
3 7383 210 7248
3 762 1929 8486
3 5514 2374 4249
3 2535 7808 9899
3 883 2460 7408
3 7408 2460 8806
3 9496 1870 1559
3 203 1946 5514
3 6751 3975 1779
3 9795 2372 8154
3 3262 3831 5592
3 419 10194 421
3 2253 1239 5094
3 4968 1035 10374
3 10374 1035 9496
3 4523 680 3120
3 6740 7947 8944
3 2959 1717 4692
3 9196 1671 10229
3 3986 9185 8812
3 8310 6748 3327
3 9635 8468 5211
3 9670 9026 9994
3 916 6355 4207
3 4612 446 285
3 5414 8941 1155
3 2339 535 4108
3 8056 3690 7808
3 3327 9502 2259
3 8961 7437 1761
3 1976 2258 9501
3 4740 5204 5833
3 7402 6720 5170
3 6655 883 8041
3 9026 2640 7672
3 819 4589 467
3 8689 7253 2922
3 7405 819 467
3 8559 3830 5246
3 891 2117 6091
3 10003 4391 7375
3 8433 9334 271
3 7871 6330 2815
3 8709 9093 4252
3 6196 6898 6336
3 7405 4937 819
3 279 1046 3542
3 10154 2181 2431
3 3695 5963 9469
3 7145 6163 7742
3 4803 815 7953
3 7742 7851 8361
3 2146 3123 4043
3 6067 8981 9190
3 2535 590 7222
3 8292 3741 7223
3 4360 7847 2715
3 6880 4438 9721
3 9189 8091 565
3 1559 10374 9496
3 2361 1153 658
3 332 6123 3741
3 1928 8794 5191
3 8875 9131 7225
3 972 8083 691
3 1526 2563 4554
3 7043 4708 7363
3 1901 9651 10241
3 8774 912 4312
3 3512 9176 3011
3 818 4108 535
3 5554 9489 8944
3 3664 6068 1272
3 3690 124 1249
3 9779 9470 938
3 6752 57 3976
3 7403 3875 8688
3 3358 7808 1249
3 6134 6307 6705
3 79 2009 8631
3 2393 8385 8980
3 7976 5407 7039
3 1512 8980 9044
3 7424 9724 402
3 3088 1028 869
3 3804 6449 2929
3 9909 2618 7926
3 6612 9681 4530
3 7282 3400 6799
3 1367 537 7634
3 257 2431 1581
3 8368 4228 378
3 5441 731 1559
3 1021 1067 978
3 5817 1381 2793
3 3998 467 4589
3 5564 8709 3812
3 289 1598 4484
3 3727 1204 7500
3 57 2716 1473
3 467 4567 298
3 7555 7403 1914
3 8225 1279 2623
3 2313 10054 8937
3 6475 2725 9018
3 333 2498 3123
3 6714 8292 5987
3 7403 8745 6612
3 6747 10018 8290
3 10009 7083 4140
3 10076 4500 6436
3 236 4837 7611
3 5277 2338 49
3 9871 10065 6718
3 4740 8041 10307
3 5791 522 5931
3 9849 555 883
3 4529 9026 9670
3 6146 1218 502
3 9899 2313 8937
3 1207 7148 2243
3 522 5594 8195
3 7657 6399 10128
3 9065 159 1072
3 2715 4399 4205
3 10039 9472 4703
3 954 3739 1124
3 5217 4885 1202
3 10275 4612 2703
3 7439 3526 731
3 8055 6123 332
3 626 8600 2300
3 4844 1587 9792
3 274 7172 5217
3 3291 5728 2881
3 7611 4762 6143
3 9131 8097 2836
3 6576 7301 7269
3 1997 9008 1085
3 1501 9585 5409
3 3521 5601 8821
3 4534 2543 2353
3 7874 172 10260
3 4483 5420 3928
3 4816 1901 1860
3 9885 3689 5791
3 9934 2253 2066
3 2066 6971 9934
3 7147 938 7272
3 3741 6714 9046
3 10220 6325 2791
3 4263 6061 3817
3 2245 3225 1572
3 455 8059 5785
3 9909 5194 257
3 9712 6955 3037
3 7144 8461 9727
3 9690 5509 7734
3 5766 4484 1598
3 8821 5601 5413
3 4612 6096 446
3 8066 8516 5289
3 8688 3875 7555
3 8059 9767 5760
3 4989 8000 2523
3 2082 7645 6661
3 2715 1014 4360
3 7847 5527 6880
3 3562 8812 8906
3 2634 2364 2543
3 7618 1750 2235
3 8092 1529 3012
3 9573 6815 5827
3 5409 2253 1501
3 10241 3196 6832
3 8584 5963 278
3 3187 2300 3158
3 8789 5409 9585
3 3158 6293 3187
3 12 626 3187
3 1286 10011 9137
3 9177 1024 2911
3 691 8083 2417
3 1120 7274 8586
3 8746 9513 4554
3 3476 3163 3823
3 1125 8690 8937
3 9681 6612 2523
3 6131 8584 278
3 3814 4246 1334
3 4491 1014 4870
3 1968 4937 10202
3 819 4937 1968
3 299 9093 5564
3 3570 6161 7407
3 9093 22 4252
3 7406 7935 3569
3 3724 3111 4491
3 4399 4214 4205
3 6806 3383 6268
3 6284 5852 10349
3 5200 2311 6720
3 2523 8745 8688
3 7297 8778 4173
3 1529 6176 8550
3 1605 8240 3664
3 4554 3312 3261
3 4554 7656 532
3 1860 9782 3604
3 8991 2188 6845
3 9894 8981 2509
3 2057 8724 5734
3 5073 9000 9885
3 9501 6749 1976
3 9817 6781 1794
3 9927 9344 650
3 8937 7518 1125
3 7043 2338 5277
3 8598 2523 8688
3 2861 9849 883
3 8814 3043 8418
3 747 9780 57
3 5833 5204 3814
3 1969 2352 2517
3 7266 6751 1779
3 8161 836 917
3 5895 1651 10333
3 7321 6593 3240
3 2457 6402 4068
3 10009 5313 8777
3 3385 9608 9131
3 4354 709 9398
3 1125 4741 8690
3 2517 8682 838
3 9970 7021 7477
3 9948 3293 4654
3 5743 9950 5034
3 2214 5978 1454
3 9339 1860 4889
3 4759 2666 3761
3 9995 8039 507
3 3551 10269 269
3 7709 10195 10303
3 9750 415 3204
3 4028 9236 2239
3 1581 2618 257
3 8770 10154 5407
3 8789 7269 3267
3 755 7087 10221
3 7333 7757 1996
3 9607 7077 10374
3 4825 4793 7953
3 3542 5683 9297
3 2431 1514 10154
3 8801 948 2674
3 5487 859 1177
3 6058 912 8774
3 9914 9176 3512
3 7967 9948 3802
3 8293 7222 590
3 9405 2078 1835
3 5313 10009 1278
3 4173 7276 7273
3 1406 8025 6370
3 5738 5211 5074
3 2623 8293 590
3 10011 2634 10361
3 5987 1109 4009
3 2609 770 4868
3 4735 6046 9673
3 6799 3547 7282
3 1541 4028 10350
3 7607 220 2255
3 5572 588 10267
3 10129 7517 6384
3 6399 4792 497
3 467 298 7405
3 3511 9027 10136
3 9831 10018 9461
3 7363 8806 2044
3 10202 2959 963
3 4173 7321 5820
3 7296 5459 8777
3 7046 10095 4254
3 4567 467 3998
3 5706 6161 3570
3 4981 781 7321
3 2184 3636 7401
3 2328 6180 6307
3 10013 187 1683
3 7019 3398 1211
3 6637 6405 3400
3 7321 781 5820
3 3367 9945 1348
3 1348 7265 978
3 3012 8902 9608
3 210 7116 7248
3 6066 5617 9435
3 3166 7667 10226
3 4703 4884 10039
3 8688 2281 7402
3 7782 10137 6406
3 5217 7172 9426
3 769 9257 1142
3 2416 2953 3028
3 3561 8078 1623
3 2253 5409 8154
3 10321 5660 5043
3 5420 10347 3928
3 6883 8115 9291
3 5669 10052 10031
3 10254 3369 9831
3 9831 3369 2104
3 10009 4140 4009
3 8690 8773 10187
3 7935 7352 3569
3 2716 5421 6752
3 299 4568 9093
3 8349 3723 3811
3 9715 917 9300
3 9292 1315 905
3 9886 8968 4699
3 9027 7721 1928
3 1268 8281 4989
3 1297 4840 9177
3 10221 10075 755
3 10152 1657 10094
3 4589 1968 6602
3 4009 3389 5987
3 8160 6539 1976
3 9899 8937 8406
3 877 2664 8685
3 8777 7083 10009
3 5760 3684 8059
3 2269 5705 7353
3 3728 1084 2524
3 1779 3975 7351
3 5241 389 13
3 1319 1581 8770
3 10254 4173 7273
3 1932 4835 2464
3 2634 10011 1286
3 6143 4923 7611
3 443 10148 8686
3 13 10216 10373
3 1581 2181 10154
3 3240 6593 9965
3 9670 7404 4529
3 6752 5421 57
3 4140 8595 5270
3 9767 805 5760
3 1666 6653 1705
3 8704 6 7847
3 3267 286 1671
3 4246 3814 5204
3 6815 9573 3889
3 7941 2372 9784
3 7607 10350 220
3 6293 6218 12
3 12 6218 2340
3 6218 6717 4860
3 1279 8293 2623
3 2523 8598 8315
3 2184 9994 9026
3 9670 9994 8595
3 8595 1915 9670
3 4529 10148 9026
3 6593 4173 10254
3 4115 8585 8272
3 10187 8406 8690
3 1334 4246 1207
3 7273 7276 8778
3 6131 8578 5199
3 731 9065 7439
3 3369 10254 7273
3 6747 8290 8773
3 4962 891 6091
3 6602 6091 3998
3 4691 1715 4316
3 7548 1717 2270
3 2044 8806 1077
3 7351 3811 1779
3 4116 5963 8584
3 5703 1017 3975
3 10307 5204 4740
3 10307 8041 883
3 3817 5827 239
3 1968 4589 819
3 6160 5704 4937
3 1071 1605 4130
3 7006 7607 2255
3 6176 1529 3028
3 3205 6988 5474
3 4989 2523 8315
3 1914 7297 4173
3 7424 399 3341
3 257 2618 9909
3 1177 3587 9724
3 6714 3741 8292
3 2431 2181 1581
3 5407 10154 7039
3 8464 9804 2770
3 909 3312 6142
3 3160 10172 8941
3 3587 402 9724
3 8406 10187 10018
3 10289 10347 5420
3 9831 2104 5314
3 4891 8794 3418
3 10009 6125 1109
3 3037 7656 4554
3 9416 2253 3487
3 3823 5862 4102
3 1541 7166 4028
3 9935 3263 5798
3 5173 1474 4264
3 9816 9733 8308
3 535 3005 7573
3 1976 6749 7238
3 2281 7555 5820
3 4981 3240 8435
3 8773 8690 4741
3 6612 8745 2523
3 10018 8225 8406
3 1774 556 7777
3 9175 7290 4317
3 5987 8292 1278
3 1971 2740 423
3 8225 9899 8406
3 7401 9994 2184
3 9080 1099 2740
3 1109 5987 1278
3 9831 1279 8225
3 4450 10031 5791
3 1960 8254 3352
3 4009 6125 10009
3 5987 10220 6714
3 2791 9590 1813
3 4406 2239 9557
3 5464 8574 7764
3 7324 7070 6250
3 4246 4708 1226
3 7518 8042 4741
3 1915 7404 9670
3 4257 2700 2015
3 5832 2244 8773
3 4741 1125 7518
3 2173 8821 3574
3 908 2191 1645
3 220 4028 5587
3 2558 7144 1920
3 79 5827 2009
3 8315 8598 7402
3 9047 4516 3934
3 5487 1177 5092
3 3695 6044 5963
3 5073 5791 5931
3 2525 160 1231
3 2701 5742 6180
3 7517 2320 5395
3 4263 3817 9208
3 10383 9002 437
3 6134 6705 7233
3 1207 4246 2095
3 5129 6205 598
3 4435 4007 5039
3 1651 2356 7755
3 8637 302 770
3 5289 1155 8066
3 9886 9300 10080
3 2634 8875 7225
3 285 4916 1466
3 1650 4404 10374
3 169 5118 3043
3 5887 2191 8631
3 8816 482 171
3 6 8704 2539
3 9027 8034 9525
3 1013 1707 3557
3 8790 8675 2567
3 10289 6930 3928
3 4844 5608 9752
3 5121 3862 9816
3 1870 9496 1035
3 3539 9505 3016
3 3817 239 6555
3 3576 5093 8861
3 9054 9176 9914
3 3261 1526 4554
3 5637 2632 3475
3 9685 1121 7738
3 6176 770 8711
3 2791 6325 3311
3 8778 7276 4173
3 9530 9359 3547
3 1286 2364 2634
3 8931 2096 6654
3 8773 2244 6747
3 2254 9168 322
3 781 8272 2281
3 2849 1144 8368
3 5959 5092 9724
3 7907 4527 1853
3 4530 9681 10149
3 1207 6405 7148
3 8778 3369 7273
3 5231 6804 10064
3 3944 3561 5155
3 4677 6673 9513
3 1319 9578 3396
3 1319 1183 9578
3 399 7424 6099
3 10304 9492 7337
3 1623 5155 3561
3 3889 908 9498
3 6956 9713 3587
3 7390 8746 8551
3 8585 6132 8272
3 714 7039 2790
3 6720 2281 8272
3 3205 4800 9935
3 6593 7321 4173
3 8310 5170 2311
3 3028 9714 6176
3 445 5896 4257
3 5034 8384 4149
3 7529 3196 10241
3 1230 2689 7294
3 3383 9254 6268
3 6832 3588 2217
3 9782 4007 4435
3 7558 10151 7635
3 8631 1336 79
3 2393 9067 8385
3 5023 8327 9531
3 2251 10042 1842
3 5528 9196 10229
3 9793 287 4540
3 5191 8794 10321
3 6293 2578 6218
3 159 9065 2229
3 9141 2689 6792
3 9784 3487 7941
3 1071 6347 1728
3 3332 3338 3765
3 10386 3462 344
3 10075 194 4501
3 9914 5637 9054
3 3418 1928 6220
3 7602 4323 7677
3 9017 3924 2974
3 7542 812 10257
3 9531 4323 7602
3 5963 6044 278
3 8310 5823 5170
3 8000 9681 2523
3 8688 7555 2281
3 7272 9965 1710
3 5289 6723 3696
3 7280 8516 8066
3 1780 3724 7267
3 5705 3976 57
3 7353 5705 57
3 8551 8746 7149
3 8550 9044 4489
3 422 7558 2846
3 963 4962 2392
3 8591 9871 828
3 2703 4612 285
3 10151 1365 7635
3 1658 7050 8555
3 8961 13 300
3 9006 7360 7077
3 2845 877 4673
3 3446 6412 3383
3 7967 9526 9693
3 4484 3060 289
3 1683 187 2341
3 8384 2517 838
3 4088 30 9164
3 10136 5528 10229
3 8828 1388 834
3 2636 5155 7927
3 1029 5599 427
3 5170 8315 7402
3 2196 2310 8578
3 71 4824 1753
3 4026 7866 2303
3 7017 8121 1163
3 2303 8342 7504
3 10254 9461 9965
3 2269 7353 7547
3 4938 5705 2269
3 1142 9257 73
3 4565 7087 8626
3 4312 912 6058
3 7851 210 7383
3 720 3884 6383
3 3793 7369 5340
3 3739 404 1124
3 5981 4679 5996
3 1755 5261 7851
3 4368 7967 9693
3 2217 5029 4387
3 4140 7083 8777
3 10254 9965 6593
3 1101 4882 7651
3 3523 7645 3527
3 4214 3292 4205
3 2104 3369 8778
3 5987 3389 3311
3 1675 8845 3905
3 10251 6740 6448
3 3385 9131 8092
3 10018 6747 1710
3 8225 10018 9831
3 10037 5859 972
3 4068 6402 9582
3 1120 3158 8600
3 626 3790 4133
3 4009 9116 1078
3 9250 419 10371
3 7426 3801 7410
3 6406 269 2231
3 5833 6663 2243
3 10187 8290 10018
3 3542 1046 9268
3 6767 650 416
3 4414 8078 399
3 812 3475 2065
3 9484 9818 5395
3 7209 6482 3263
3 2889 6482 9063
3 3263 9927 7209
3 10220 9046 6714
3 71 403 7930
3 9190 9297 5683
3 2384 1428 7468
3 6067 2458 2509
3 1101 9640 814
3 7184 755 10075
3 194 7333 1996
3 2030 4387 5029
3 2231 1613 6406
3 10137 2242 787
3 4892 763 2137
3 782 10269 3551
3 9560 7816 9570
3 9566 4272 4312
3 5574 1281 7445
3 8595 7296 1915
3 5155 5193 7927
3 7401 3636 6195
3 7555 3875 7403
3 1936 5281 6022
3 5155 2922 3944
3 2173 3574 1945
3 9693 7752 4368
3 6132 6720 8272
3 5200 6720 6132
3 7019 2911 8160
3 9965 9461 1710
3 1728 6347 7050
3 4488 1764 2412
3 4140 5459 7296
3 2790 3020 714
3 7741 6943 529
3 2091 4349 2146
3 10011 3604 9137
3 1871 5571 616
3 8988 6555 4112
3 9948 10216 13
3 9780 9175 4317
3 57 1473 747
3 747 3292 8224
3 3697 1929 762
3 3240 4981 7321
3 6218 4860 10265
3 7018 1406 8774
3 2082 9940 6265
3 2129 5034 1936
3 8773 4741 5832
3 2959 4937 2270
3 4940 956 2048
3 57 5421 2716
3 8586 6293 3158
3 5528 8714 9784
3 909 3439 3923
3 1207 6663 1334
3 4554 9513 5213
3 8290 10187 8773
3 9778 6637 3400
3 909 8130 3312
3 7439 9065 2845
3 1710 9461 10018
3 9526 838 5385
3 6048 2169 2849
3 7635 2394 7838
3 5198 1960 1426
3 1348 4247 9867
3 6832 3196 7529
3 2921 9927 3263
3 5029 9782 2030
3 877 1072 2664
3 10383 9870 9002
3 6891 5123 9255
3 7427 6759 1856
3 1707 275 6146
3 9965 7272 938
3 5964 4115 4981
3 2543 1286 2353
3 9557 3311 3389
3 1813 6178 3705
3 8908 4009 1078
3 8595 6195 5270
3 3205 1438 4800
3 2239 9236 3311
3 10107 4332 7252
3 5241 1761 6792
3 7108 6195 3636
3 9295 3695 7282
3 6992 5802 5475
3 9469 9778 3400
3 3636 2184 3352
3 5833 3814 1334
3 6176 9714 770
3 9461 10254 9831
3 3107 3 4310
3 2311 7237 8310
3 4981 938 5964
3 8435 9965 938
3 3398 9295 1211
3 10128 3884 7657
3 2485 182 7616
3 4783 4296 2775
3 2470 8694 2754
3 1319 7531 1183
3 7531 1319 8770
3 3695 9295 278
3 7815 5945 2777
3 532 6955 7149
3 5820 7555 4173
3 4375 8419 5329
3 5261 1755 3123
3 7280 8066 9715
3 10202 6602 1968
3 4706 3085 9879
3 210 9781 7116
3 9137 4534 109
3 3202 7165 1910
3 179 9141 4481
3 2524 2953 3728
3 1587 10259 8972
3 3905 5023 1675
3 9196 2372 3267
3 1120 8586 3158
3 10011 10361 4889
3 9784 9196 5528
3 8083 1119 2417
3 9196 9784 2372
3 9054 5637 3475
3 2543 8875 2634
3 5818 201 237
3 9268 959 5802
3 7184 2384 7468
3 1945 3574 7893
3 404 6339 1124
3 8880 7323 5639
3 9026 443 7323
3 7272 6747 7147
3 278 8578 6131
3 2255 220 8526
3 9779 938 7147
3 8435 3240 9965
3 3389 8908 9557
3 2416 2543 4534
3 7296 8595 4140
3 5270 9116 4140
3 4406 9857 2239
3 7101 1224 308
3 3400 6405 6799
3 1207 2095 6405
3 7272 1710 6747
3 5177 4760 8886
3 72 9256 7199
3 4981 8435 938
3 13 1761 5241
3 278 3398 2196
3 6799 9530 3547
3 9500 9000 7657
3 2281 5820 781
3 1281 1084 5039
3 5964 938 9470
3 6405 2095 6799
3 1390 2997 7916
3 6804 4444 3328
3 6060 330 998
3 9947 1521 1177
3 4007 8020 7445
3 187 9651 2341
3 895 2057 548
3 8685 2664 2009
3 6176 8711 9044
3 2543 2416 3028
3 5329 8419 5379
3 998 828 6718
3 5441 2229 9065
3 7524 8145 5205
3 3802 2295 5743
3 10136 2782 3511
3 8579 4600 2569
3 7547 7353 9780
3 7360 9006 3511
3 904 7503 805
3 6066 792 8259
3 583 7165 1590
3 792 9435 6
3 7926 9578 2635
3 4394 4600 3576
3 3307 4451 8983
3 427 9578 1029
3 2329 3525 6059
3 9110 1725 1784
3 747 5329 9780
3 3688 7838 8979
3 7184 10075 7139
3 3352 9080 1971
3 2793 1097 5817
3 1971 1426 1960
3 9757 811 5554
3 5414 3696 620
3 4028 7166 9590
3 182 5719 9016
3 6195 9116 5270
3 8108 454 5473
3 6723 5289 8516
3 6106 2251 1842
3 8711 770 2609
3 786 6723 8516
3 3467 10042 2251
3 4782 2499 9945
3 7267 3724 4491
3 6555 3145 4112
3 6297 3815 10106
3 8600 626 9816
3 3143 8966 7077
3 8121 6209 3143
3 972 5331 8083
3 9573 1336 908
3 2618 1581 1319
3 3439 909 9439
3 3580 5617 6066
3 2036 3801 7233
3 4964 4838 6093
3 9161 3877 4457
3 5976 3052 4276
3 7851 7742 5130
3 4276 437 6326
3 6513 1707 6146
3 1860 2194 2030
3 8844 4892 8081
3 3341 3561 3944
3 7424 3341 7253
3 7410 7831 7426
3 7711 7340 6217
3 8277 4401 83
3 7252 503 5492
3 818 2845 4108
3 9141 1761 7437
3 1289 1640 1070
3 2012 10041 3466
3 4095 4715 482
3 5289 5414 1155
3 1203 275 5218
3 963 2392 10202
3 4892 408 8081
3 6106 330 2251
3 4108 2845 2339
3 8300 1981 556
3 1029 1183 8559
3 585 1084 72
3 714 2091 7039
3 1716 7547 9780
3 4692 6060 2959
3 2184 9026 7672
3 4984 2187 1541
3 8524 9793 603
3 10373 4654 474
3 3765 7050 3332
3 499 4791 7006
3 10188 8713 1605
3 4404 2782 4968
3 2470 6400 498
3 13 5766 300
3 7437 300 760
3 2578 7857 9051
3 904 4540 7467
3 10229 2782 10136
3 8714 4903 9416
3 2917 3297 9566
3 8988 9208 6555
3 4298 10289 9763
3 109 1286 9137
3 9176 7542 7665
3 5092 5959 7253
3 5895 620 2717
3 1183 7531 8559
3 9175 9780 5329
3 1183 1029 9578
3 8486 2703 762
3 2642 3696 6723
3 8486 7248 10275
3 229 4819 5684
3 3710 6417 811
3 2716 4870 3292
3 1029 8559 5246
3 5407 7976 7531
3 4673 2339 2845
3 1163 3005 7428
3 5785 3684 5760
3 9141 1284 4481
3 1099 8247 1657
3 877 8685 4673
3 10275 7248 7116
3 1479 3846 2188
3 322 8694 2470
3 8116 8444 3413
3 8253 4079 1097
3 10160 1532 9432
3 6430 9291 1223
3 2305 5396 9171
3 7947 5554 8944
3 7529 10013 9051
3 3846 1513 5780
3 3511 1650 7360
3 5818 7390 9993
3 1675 3928 6930
3 7050 4288 3332
3 5487 6804 2507
3 6400 2470 10129
3 5779 8711 2609
3 3846 1479 3688
3 3688 1479 8849
3 2791 3705 10220
3 6195 7108 9116
3 8821 5413 7893
3 4984 7607 7006
3 1109 6125 4009
3 2953 585 8637
3 6658 1347 2361
3 8099 922 3680
3 7531 8770 5407
3 5422 7615 8901
3 1512 8711 5779
3 3817 2009 5827
3 7777 2896 1834
3 3604 4889 1860
3 3623 7756 6361
3 6061 118 5322
3 9268 2888 3542
3 1101 814 1132
3 7335 2334 2661
3 2180 7145 7742
3 6482 4606 9063
3 10303 9062 7709
3 1215 8020 9782
3 415 1260 3204
3 9426 6465 4885
3 3032 6412 3660
3 10303 10195 5683
3 5474 6988 6993
3 6054 7907 10004
3 2384 5475 1428
3 8981 9894 279
3 4921 8923 6622
3 6264 1111 3532
3 2979 7427 8674
3 6836 7398 5605
3 6330 588 9673
3 1458 6022 5281
3 6146 8673 6513
3 10333 7755 10302
3 9206 2240 7499
3 3432 1239 2253
3 1650 7077 7360
3 1458 2517 8384
3 9176 9054 7542
3 1590 2538 4298
3 2174 6189 7343
3 1184 4528 754
3 3043 5118 8418
3 8689 4444 7253
3 8300 6092 6889
3 7290 1201 3466
3 7107 4673 2009
3 6307 1871 6705
3 7672 9080 3352
3 1078 7108 8254
3 2846 8849 7293
3 8777 5459 4140
3 2239 3311 9557
3 3311 10220 5987
3 8908 1078 9557
3 2255 323 7006
3 4808 9857 4406
3 1378 8694 9168
3 8595 9994 6195
3 7657 2525 6399
3 7729 1176 139
3 9500 7657 720
3 3817 6061 7107
3 3870 1929 6277
3 10241 10013 7529
3 4489 9067 10007
3 4868 5779 2609
3 3689 4450 5791
3 5807 2703 285
3 4112 5827 6815
3 8419 3064 8815
3 5498 8800 5996
3 1841 10041 2012
3 6703 2161 6471
3 3043 8814 169
3 10374 1559 731
3 4481 1284 455
3 3964 5241 6792
3 9065 1072 877
3 10068 10051 1163
3 3060 9514 5958
3 909 6047 9439
3 4444 6804 5487
3 5818 3971 201
3 8714 9416 3487
3 9416 4903 9525
3 508 7077 818
3 3487 9784 8714
3 10257 2065 5093
3 6004 4315 4986
3 4112 4450 8988
3 740 3134 9536
3 3292 4214 9435
3 4399 2715 7847
3 8559 7531 7976
3 8705 3830 7039
3 526 3588 6418
3 1860 1901 10241
3 2635 427 5599
3 6061 5613 4673
3 10037 972 7334
3 6832 3093 1292
3 9051 6717 6218
3 4800 1438 3522
3 2285 6217 7340
3 5683 10195 9190
3 4673 8685 2009
3 2245 5310 3522
3 1155 917 8066
3 2852 2986 9439
3 6069 8516 8008
3 5240 4891 6209
3 2012 170 4714
3 1201 7290 9175
3 10358 6917 6689
3 9006 3143 6220
3 9524 6696 5015
3 1155 10172 8161
3 2854 8920 5474
3 4095 482 5226
3 4393 5613 6061
3 3032 3205 8920
3 1215 2084 3646
3 151 224 3161
3 7139 2853 7184
3 3563 4887 400
3 9208 2363 4263
3 10095 537 1367
3 8480 282 4017
3 2538 7203 4298
3 5525 9416 9525
3 2353 1286 109
3 6971 3823 1501
3 2065 10257 812
3 8985 9136 4278
3 2922 1774 8689
3 5526 2896 7777
3 9780 7353 57
3 9818 9484 6026
3 3311 6325 10220
3 7504 8342 4235
3 5395 9818 3016
3 8991 1479 2188
3 2750 9857 1620
3 2846 7838 8849
3 2363 8988 8619
3 9000 5073 7657
3 4808 4406 9557
3 5743 4149 3802
3 2928 6448 6740
3 7428 3005 6696
3 9489 4899 5585
3 7265 6169 978
3 7768 4169 3219
3 7871 2815 8543
3 4387 10241 6832
3 4214 7847 6
3 3064 738 6675
3 6208 3093 6832
3 9782 1860 2030
3 3467 2251 7291
3 437 9945 10383
3 998 963 2959
3 4692 7291 2251
3 9649 2692 8574
3 6106 7111 330
3 10229 3146 4968
3 7756 2696 6361
3 3011 4483 3928
3 7602 2824 9914
3 583 1590 4298
3 10024 910 3924
3 1774 1834 8689
3 7777 1834 1774
3 5246 4838 4964
3 7335 2661 1358
3 5600 556 1774
3 7149 6955 8551
3 3830 8559 7976
3 714 3020 2180
3 73 1355 1142
3 3158 2300 8600
3 5797 9268 6992
3 760 300 1598
3 5464 5723 4940
3 4247 7427 2979
3 4867 5995 10391
3 6418 10050 3646
3 5687 2918 2660
3 8673 1855 6513
3 3889 5669 6815
3 3636 8254 7108
3 2377 6547 6327
3 2846 7635 7838
3 4808 1078 8254
3 3320 1027 8870
3 10333 3160 5895
3 5304 6452 210
3 9950 5281 5034
3 9936 5129 8851
3 8385 4489 9044
3 330 6069 998
3 3064 4690 8024
3 3466 1201 2012
3 3870 9970 2498
3 4808 8254 7338
3 5587 9857 2750
3 5520 4017 8476
3 8526 5587 2750
3 5104 5198 3229
3 818 7077 9607
3 9607 3526 7439
3 8486 10275 2703
3 651 1478 910
3 760 438 7437
3 9607 7439 818
3 7203 1675 6930
3 3608 4528 1910
3 8259 792 7164
3 770 9714 3028
3 6026 1853 9818
3 438 760 1284
3 2353 109 4534
3 6074 1390 4817
3 10024 7274 910
3 3312 4554 5213
3 6142 5213 9439
3 4298 7203 10289
3 2145 5525 5043
3 5094 1239 3432
3 2214 1454 2735
3 3884 10128 6383
3 3576 10257 5093
3 10390 8246 6093
3 5119 2012 5379
3 2030 10241 4387
3 8849 7838 3688
3 2303 5115 8342
3 1028 3088 1426
3 3328 10064 6804
3 1960 3352 1971
3 1284 603 8059
3 5807 1466 1489
3 7184 2853 2384
3 1281 5039 4007
3 5475 5802 1428
3 620 3160 5414
3 8008 998 6069
3 7108 1078 9116
3 2251 6060 4692
3 4317 1716 9780
3 6372 2411 2062
3 3049 6242 6453
3 1842 7111 6106
3 8901 9640 7651
3 5281 1936 5034
3 8224 4375 5329
3 7910 7334 691
3 3630 4026 9270
3 3133 1875 8657
3 5034 4149 5743
3 6067 3025 6403
3 1598 603 1284
3 5244 7786 3584
3 1133 2458 4069
3 4968 10374 4404
3 8619 9500 2305
3 6214 2754 1176
3 2704 3622 1266
3 9914 2824 5637
3 2025 3859 8829
3 6067 6403 2458
3 4205 3292 4870
3 10005 3432 2145
3 476 1876 8646
3 3710 9757 4451
3 8980 8385 9044
3 2188 5780 5202
3 7953 4793 4803
3 478 5676 8067
3 155 3320 9139
3 6059 3525 71
3 4793 4825 1092
3 2195 8411 3662
3 1540 10110 8437
3 378 1875 3133
3 3685 8301 3647
3 1708 5371 10201
3 3846 3688 8979
3 2922 2636 1774
3 9189 4651 3749
3 3412 8443 8625
3 5322 118 4263
3 2871 1924 946
3 3801 8262 1613
3 9000 3689 9885
3 1029 5246 4964
3 9227 9995 4759
3 9640 5422 922
3 9297 9190 8981
3 786 8516 6069
3 5059 7374 10077
3 7111 6069 330
3 3609 5276 6069
3 9062 10303 2888
3 7468 959 954
3 7289 4691 4316
3 8116 7528 8626
3 755 2434 1124
3 959 279 4793
3 5331 5859 8586
3 5379 1201 9175
3 5907 5120 7257
3 8361 2180 7742
3 3623 9850 10037
3 7529 7857 9850
3 2661 2334 1292
3 7139 3031 2853
3 4501 194 1996
3 5798 3263 6482
3 1124 7087 755
3 6993 9935 5798
3 9799 6440 6051
3 1092 3739 954
3 2548 8099 293
3 2975 3923 3439
3 8981 6067 2509
3 7954 7614 8967
3 8148 2871 8957
3 2434 954 1124
3 8704 3906 2539
3 2509 1133 9894
3 10075 6435 3031
3 2429 664 9763
3 9190 10195 6067
3 2870 2986 2577
3 7439 4271 818
3 8920 3205 5474
3 2304 2076 5205
3 9482 4466 1613
3 3511 4404 1650
3 5240 3859 2025
3 4793 1092 959
3 4466 3219 4169
3 7910 691 8618
3 7782 7505 10137
3 764 10039 2136
3 3601 563 5281
3 5525 2253 9416
3 7825 8464 2770
3 8542 3717 5381
3 10267 7871 8543
3 5525 9525 8034
3 4315 2429 6997
3 9524 6828 7428
3 5510 8300 6889
3 5599 6093 557
3 171 482 4715
3 2507 6804 5231
3 2642 9271 5173
3 8551 6955 9946
3 7111 4095 5226
3 946 6624 1929
3 4689 6674 6352
3 8816 7661 3609
3 9950 5996 6474
3 1842 4715 4095
3 5119 5379 8419
3 2920 3555 8253
3 8694 322 9168
3 8870 422 2846
3 79 1336 9573
3 4130 6347 1071
3 9236 2791 3311
3 9169 8526 2750
3 5104 1960 5198
3 7846 684 9335
3 2707 10107 4472
3 3320 8870 2846
3 9192 5510 9692
3 4349 5261 2146
3 3219 4466 9482
3 8979 1513 3846
3 7573 508 535
3 4673 5613 4393
3 3801 269 7410
3 2754 8694 1378
3 3830 7976 7039
3 3085 8969 9879
3 9044 8550 6176
3 139 1378 2062
3 4375 8224 3580
3 3424 1212 548
3 2297 671 6276
3 4733 7213 2304
3 6845 2188 5411
3 2538 1590 7165
3 3028 1529 2543
3 8877 784 8752
3 1664 9947 1177
3 2636 5600 1774
3 8619 5165 2363
3 4435 9137 9782
3 8702 8580 6202
3 6073 5574 5031
3 6093 4838 5246
3 8300 556 6092
3 3229 8254 5104
3 4009 4140 9116
3 4882 9582 1212
3 7838 2394 8979
3 1918 5106 126
3 7342 9992 2505
3 1941 6524 3964
3 3328 4444 8689
3 7573 3005 1163
3 3542 9297 279
3 1941 5981 4611
3 8054 9110 1784
3 7831 9685 2328
3 4420 7775 7239
3 1613 8262 9482
3 3005 535 6696
3 10154 3020 2790
3 2146 5261 3123
3 1560 2917 9566
3 488 5676 1333
3 493 6973 2667
3 6372 3409 2411
3 2524 1084 585
3 3580 8224 5617
3 378 3820 8657
3 7732 7174 4946
3 3609 6069 5226
3 6066 9435 792
3 2538 8845 7203
3 9188 9762 4488
3 3609 5226 482
3 7661 8023 5276
3 2012 1201 5379
3 3143 7077 8121
3 4714 1841 2012
3 7111 1842 4095
3 9593 956 8131
3 5379 9175 5329
3 1936 6022 2129
3 3924 9017 10024
3 1920 7144 9727
3 4232 7428 1977
3 720 7657 3884
3 8551 9946 7390
3 5165 1415 5322
3 3432 10005 8646
3 508 7573 7077
3 8703 4218 8531
3 2979 9867 4247
3 9192 8932 9312
3 1013 4033 8727
3 9857 5587 2239
3 10107 3816 4472
3 2062 3685 6372
3 4247 5436 7427
3 10129 2470 6214
3 7734 5509 88
3 5246 3830 8705
3 9692 8932 9192
3 4964 6093 5599
3 10390 6093 5246
3 4964 5599 1029
3 1708 9206 1888
3 10050 6418 9394
3 2084 5029 2217
3 7340 7711 9206
3 3864 2437 9045
3 1071 3080 874
3 6061 9524 4393
3 3845 5322 2857
3 3817 6555 9208
3 4673 7107 6061
3 9484 2320 9201
3 3585 4733 9171
3 4819 4801 5684
3 8698 172 1440
3 8586 2256 5331
3 9257 769 4869
3 4534 9137 3728
3 2717 1034 2356
3 2642 2717 620
3 5213 9513 6673
3 6705 1871 616
3 7661 5276 3609
3 7343 2506 2174
3 6474 3601 5281
3 10051 10068 5260
3 8714 5528 4903
3 9782 5029 1215
3 1284 9141 438
3 4679 5498 5996
3 7107 2009 3817
3 6159 2750 1620
3 6555 239 3145
3 6045 3409 6565
3 8341 8463 7826
3 9881 599 3845
3 1853 3016 9818
3 6214 2470 2754
3 8871 1426 423
3 4235 9270 7504
3 8254 1960 5104
3 5464 2048 4018
3 5202 5780 4869
3 10390 4330 88
3 6092 8245 6889
3 10390 5246 8705
3 7764 5723 5464
3 9383 3424 3509
3 2498 7248 3870
3 8361 5261 4349
3 6613 6327 4043
3 3670 6623 9649
3 9970 7477 2498
3 1177 9724 5092
3 9006 8966 3143
3 8816 8023 7661
3 6478 8162 786
3 2217 3588 2084
3 8438 5276 6352
3 5226 6069 7111
3 3609 482 8816
3 8023 4689 5276
3 2012 5119 170
3 4149 8384 9526
3 7651 4882 8901
3 9111 8259 7164
3 9763 10289 2429
3 664 3608 5272
3 518 4883 4738
3 1501 3913 9585
3 4068 9582 4882
3 5487 5092 4444
3 747 1473 3292
3 5482 9786 282
3 1426 1971 423
3 4481 455 179
3 9857 7338 1620
3 4793 9894 4803
3 5198 3088 869
3 3229 579 8477
3 10074 3067 493
3 6526 1281 5574
3 3328 8689 1834
3 5322 4263 5165
3 4263 118 6061
3 292 4020 1764
3 9208 8988 2363
3 8991 8849 1479
3 6159 9169 2750
3 5447 179 4148
3 5015 4673 4393
3 9557 1078 4808
3 5015 6696 535
3 1928 7721 3511
3 323 499 7006
3 6784 1890 3237
3 8705 4330 10390
3 1176 9201 6214
3 6361 2696 6492
3 1034 2793 1381
3 7777 1981 8300
3 9312 5526 7777
3 4946 9111 7164
3 4349 714 8361
3 7164 3203 4946
3 6370 7261 8031
3 786 5276 8438
3 5859 6293 8586
3 5420 4483 6997
3 1084 1281 72
3 6997 728 4315
3 6344 10283 1376
3 5331 1119 8083
3 2953 4534 3728
3 2852 10358 3767
3 4130 1605 3664
3 7910 3291 2881
3 2782 4404 3511
3 4903 5528 9027
3 5213 6142 3312
3 7199 9256 302
3 3588 526 2084
3 4007 9782 8020
3 9759 9769 2661
3 8302 7338 9348
3 7338 9857 4808
3 9993 1663 2506
3 3161 224 1724
3 1466 7268 10333
3 3685 1619 8301
3 1381 7755 2356
3 4799 3335 8628
3 9042 1194 4106
3 5780 2188 3846
3 2642 1034 2717
3 3805 10225 1380
3 8224 3292 5617
3 3227 3680 6398
3 3412 403 3525
3 8626 7087 6339
3 3067 9335 8737
3 786 6069 5276
3 6352 5276 4689
3 6478 8438 6352
3 5329 747 8224
3 2953 8637 448
3 4892 2137 7782
3 5490 175 8843
3 6784 5240 10051
3 1426 3088 5198
3 874 1827 5978
3 1265 3680 6905
3 7763 6492 2696
3 8555 166 3080
3 3717 6350 1894
3 8233 7050 1658
3 1835 8088 9366
3 3813 3580 7174
3 4793 279 9894
3 2316 1907 9260
3 2744 10268 6547
3 3203 2962 1629
3 10268 6967 6547
3 4528 2987 1910
3 3623 7529 9850
3 6888 8246 10390
3 2429 4315 6004
3 6997 4483 9176
3 845 3133 8420
3 7174 3877 3813
3 8451 201 5018
3 8637 585 7199
3 3750 10358 6344
3 2429 5420 6997
3 8646 9225 476
3 1265 6398 3680
3 3432 2253 5525
3 1876 5094 3432
3 9485 8633 7966
3 7821 2051 8162
3 3309 8565 6667
3 3064 8419 4375
3 1316 3309 9548
3 739 730 261
3 8024 8815 3064
3 6478 6352 6674
3 4457 7732 3203
3 8565 3309 1316
3 4420 2558 7775
3 1132 4068 1101
3 7338 8254 3229
3 8619 2305 9171
3 5520 868 5648
3 7734 8948 2744
3 5648 9736 5520
3 8801 624 596
3 7068 7916 9159
3 9348 3229 8477
3 1378 9168 6158
3 1266 8847 488
3 4312 1458 9566
3 1427 4591 2050
3 2896 10064 3328
3 3806 155 9139
3 6383 2305 720
3 3833 6658 2361
3 139 2754 1378
3 7907 7729 10004
3 9201 10129 6214
3 529 5667 6613
3 3338 7499 361
3 478 8067 7293
3 1631 6129 1890
3 6349 10295 9867
3 9881 9210 6828
3 6384 7517 5395
3 2417 1119 3097
3 9002 6326 437
3 9533 9870 6349
3 8081 2450 6297
3 5617 3292 9435
3 585 72 7199
3 4511 6703 3069
3 9343 1861 10376
3 3418 6220 4891
3 502 7305 9534
3 4375 3580 3813
3 7999 4717 9283
3 7542 9054 812
3 1876 476 8860
3 9701 8702 6202
3 3576 4600 7542
3 6220 3511 9006
3 4833 10210 2051
3 10210 6723 8162
3 5244 1528 7786
3 240 4713 1904
3 821 2770 2173
3 9460 9141 179
3 5243 1764 6750
3 3131 769 1355
3 6526 72 1281
3 1458 8384 2129
3 684 5676 10140
3 423 10152 7559
3 5676 6845 1333
3 5520 578 868
3 155 1027 3320
3 3802 5241 2295
3 2507 859 5487
3 203 5514 4249
3 6189 9749 9993
3 88 4330 8705
3 5322 1415 2304
3 8099 8967 922
3 2174 705 6189
3 6828 9524 6061
3 6832 2217 4387
3 10047 318 2857
3 6061 5322 599
3 7631 9042 4106
3 5852 2188 5202
3 2696 7192 7763
3 1381 7260 7755
3 913 7735 10376
3 10333 7268 7382
3 9111 7174 6066
3 9460 4322 7294
3 2030 2194 10241
3 9677 5371 1708
3 448 3028 2953
3 318 4883 8423
3 7517 10129 9201
3 8944 1694 459
3 3623 10037 7334
3 5191 8034 9027
3 7873 6449 3804
3 4891 6220 6209
3 8944 459 2928
3 2429 10289 5420
3 3864 8679 1993
3 1528 5244 3539
3 9525 4903 9027
3 8020 10050 5574
3 1729 8901 10222
3 10210 4216 5173
3 3539 3016 2745
3 6588 1640 5041
3 4450 242 8988
3 8372 10267 8543
3 617 10267 8372
3 1946 5305 5514
3 9383 3509 3630
3 7390 9946 9993
3 8945 454 4431
3 3367 6349 10383
3 259 6478 6674
3 6478 786 8438
3 2062 1378 6158
3 905 6240 9292
3 282 1621 4017
3 4288 6347 4130
3 3640 7084 4076
3 9159 4656 7068
3 1092 954 959
3 587 9533 7304
3 2179 1638 764
3 6634 8561 1815
3 7468 1428 959
3 8705 6967 10268
3 6888 10390 88
3 2175 2507 5231
3 1124 6339 7087
3 7437 438 9141
3 8711 1512 9044
3 3646 10050 8020
3 6705 4920 7233
3 7294 9141 9460
3 2660 2918 7519
3 3801 1613 2231
3 1284 8059 455
3 6406 787 269
3 7077 8966 9006
3 6209 10051 5240
3 5043 5660 2145
3 2696 7756 5728
3 8771 2412 5243
3 10004 7729 10160
3 2735 179 2214
3 874 5760 1071
3 2256 8586 7274
3 1281 4007 7445
3 3338 2285 7340
3 3964 6524 5743
3 684 9139 644
3 579 5198 869
3 5139 9786 5482
3 2717 2356 5895
3 6158 1619 3685
3 2052 7822 6667
3 6372 3647 1621
3 8420 1888 7887
3 3229 5198 579
3 2857 9210 9881
3 7338 3229 9348
3 539 139 2062
3 2613 8639 4580
3 6301 151 5156
3 5396 2305 6383
3 8054 1048 10064
3 9198 7084 3640
3 3328 1834 2896
3 7017 6209 8121
3 9045 2195 3864
3 8253 3555 7811
3 7786 6346 3584
3 6054 4527 7907
3 4868 302 9256
3 5785 874 5978
3 5244 3584 5395
3 7165 583 5272
3 8946 2703 5807
3 8164 8926 2304
3 9027 5528 10136
3 5807 285 1466
3 6959 7326 1199
3 9484 9201 6026
3 3160 620 5895
3 4868 770 302
3 8637 770 448
3 1163 10051 7017
3 1163 8121 7573
3 88 5509 6888
3 2256 7274 1119
3 8305 9916 2811
3 3518 5553 3422
3 2590 6841 4591
3 9394 6418 2334
3 8300 5510 9192
3 1292 5979 6628
3 729 3064 4375
3 1555 8867 4216
3 739 261 6676
3 3845 599 5322
3 3805 8093 10225
3 6689 4338 3767
3 7777 8300 9312
3 5328 7188 8061
3 9325 5874 2075
3 5042 906 1316
3 7428 4232 10068
3 8066 917 9715
3 10210 8162 2051
3 6666 4833 2051
3 1315 3866 8564
3 3866 4833 6666
3 2411 10160 2062
3 6376 8480 9736
3 6588 3650 2739
3 9482 8262 3801
3 408 1613 2450
3 10269 353 4147
3 7782 6406 408
3 9143 2997 1390
3 4892 7782 408
3 7233 2673 9527
3 5426 6129 4232
3 8302 1620 7338
3 5381 3717 1894
3 2689 1230 6792
3 6209 6220 3143
3 88 8948 7734
3 8932 5526 9312
3 9192 9312 8300
3 1684 3813 3877
3 4522 2022 4251
3 1907 6547 9260
3 9870 10383 6349
3 9161 1684 3877
3 4869 769 5852
3 10106 7251 6297
3 1528 3177 6346
3 6066 8259 9111
3 1184 4986 10376
3 4920 6705 8921
3 8574 6366 9140
3 728 7707 9343
3 5272 3608 1910
3 7293 8849 478
3 683 9723 4706
3 5728 7756 2881
3 9534 5825 502
3 5145 6366 4652
3 7713 4052 324
3 6658 3833 1560
3 2145 3432 5525
3 6673 9439 5213
3 4693 4375 3813
3 2175 225 3286
3 5818 544 9513
3 10068 1163 7428
3 946 1929 3697
3 179 5785 5978
3 1426 8871 1028
3 5514 3042 2374
3 6750 1764 4016
3 8301 9349 8476
3 4234 8341 7826
3 2961 5386 9160
3 9210 1977 6828
3 5411 2188 5852
3 644 8067 5676
3 9206 3338 7340
3 10268 8948 8705
3 10268 2744 8948
3 3608 4986 754
3 1176 2754 139
3 478 8849 8991
3 868 1027 155
3 4832 4527 9432
3 9224 4394 475
3 3402 5926 8040
3 4288 2285 3338
3 3424 916 3509
3 3576 475 4394
3 4668 2917 1560
3 3584 147 7212
3 4527 7537 3016
3 585 2953 2524
3 7857 2578 6293
3 5141 2974 9562
3 7744 8703 8531
3 9343 4986 728
3 8020 1215 3646
3 638 9701 10017
3 475 3576 8861
3 3406 10050 9394
3 8420 4820 1888
3 4882 1212 8901
3 6850 7910 8618
3 4887 1540 7318
3 4824 71 7930
3 3806 5648 155
3 4803 9894 815
3 814 9893 1132
3 9139 7846 3806
3 5648 7694 9736
3 9291 8115 3412
3 6940 2704 3425
3 7887 845 8420
3 1048 5231 10064
3 6243 8847 1266
3 10329 9889 7797
3 2434 7468 954
3 5438 6883 2437
3 9993 9841 5818
3 9432 4527 6054
3 7874 3805 5301
3 8698 1912 10260
3 4833 9902 4216
3 8162 6478 259
3 1827 3080 166
3 6188 6518 3302
3 3640 4076 3731
3 3717 8542 2814
3 6705 8371 8921
3 4738 9679 1148
3 3696 5414 5289
3 1474 6152 8936
3 7504 4026 2303
3 5381 1894 9649
3 5395 2320 9484
3 3801 2036 9482
3 8705 7039 6967
3 2792 9325 6346
3 6327 3533 2778
3 7174 3580 6066
3 6273 1110 9523
3 7931 3739 1092
3 4149 9526 3802
3 8067 3320 7293
3 3135 741 9161
3 6277 7021 9970
3 6350 9047 5723
3 3016 7537 5033
3 6208 7529 3623
3 8574 2692 7764
3 5116 8975 10092
3 2871 8148 8253
3 9850 7857 10037
3 1390 6074 2933
3 769 3131 5852
3 7335 5031 3406
3 7428 6696 9524
3 972 5859 5331
3 7274 10024 9017
3 1907 2744 6547
3 4813 2440 7326
3 5760 256 1071
3 5648 868 155
3 6418 3646 526
3 3016 9505 5395
3 9201 2320 7517
3 2361 2864 5628
3 478 8991 6845
3 6045 7082 5087
3 7694 3806 10074
3 2334 6418 1292
3 1390 2933 9143
3 5136 2667 4933
3 2932 2711 8718
3 3647 8301 8476
3 8477 579 5521
3 8658 3821 3307
3 8473 2182 698
3 5667 4914 10133
3 2175 5231 1048
3 6608 4296 4783
3 7732 3877 7174
3 2091 2146 4043
3 7907 1176 7729
3 4946 3203 7732
3 6004 3608 2429
3 1928 3511 6220
3 8162 259 7821
3 563 7923 6658
3 8531 10294 6881
3 9225 8646 10005
3 9027 1928 5191
3 10047 4883 318
3 2361 1347 510
3 7665 728 6997
3 6940 3622 2704
3 1890 518 6518
3 8752 2182 8473
3 10140 5676 8847
3 3806 7694 5648
3 6376 282 8480
3 5785 179 455
3 454 4782 4431
3 8674 7427 1856
3 9139 3320 8067
3 6326 9870 9533
3 1454 5978 1827
3 5260 10068 1631
3 6723 786 8162
3 1555 6152 1474
3 1292 6418 3588
3 5042 6239 906
3 4445 165 4284
3 6326 587 5976
3 7188 3161 8501
3 5145 3421 6366
3 9002 9870 6326
3 6189 3971 5818
3 3425 9310 6940
3 7251 5491 6297
3 3646 2084 526
3 8121 7077 7573
3 1894 6350 2692
3 8555 7050 3765
3 6129 10068 4232
3 6967 7039 2091
3 3539 5244 5395
3 6361 1292 6208
3 9270 4026 7504
3 2692 6350 5723
3 10160 539 2062
3 4668 7239 7775
3 6045 4251 7082
3 4891 2025 8794
3 10222 3630 9723
3 7477 7021 5306
3 8957 762 1489
3 9769 7763 7192
3 2711 2932 6073
3 5660 10005 2145
3 7542 10257 3576
3 10064 2896 8054
3 2175 1048 225
3 8501 3161 1724
3 5328 3161 7188
3 705 3288 6189
3 3097 7274 9017
3 3097 9017 2974
3 10302 7755 1489
3 201 3971 6189
3 1315 9292 3866
3 6061 599 6828
3 729 9548 3309
3 1427 5033 4527
3 9201 1176 6026
3 7870 2739 740
3 5234 1289 1806
3 2745 3177 1528
3 8480 5520 9736
3 5396 3585 9171
3 8901 7615 9640
3 3052 5976 4448
3 510 3601 6474
3 7174 9111 4946
3 7388 5174 2387
3 3051 4447 4867
3 2363 5165 4263
3 5033 1427 2050
3 1333 6845 1266
3 7082 1532 5087
3 4332 586 7303
3 8844 2178 4892
3 5743 2295 3964
3 10051 6209 7017
3 4332 7303 503
3 2744 9690 7734
3 1266 6845 5411
3 1935 9536 3134
3 502 1218 5490
3 8081 408 2450
3 5667 3533 6327
3 563 1458 5281
3 9110 8932 7189
3 1910 7165 5272
3 181 6141 4292
3 9970 3870 6277
3 9335 684 10140
3 4284 7571 4852
3 7334 972 691
3 4322 9188 8763
3 8718 1358 2932
3 3048 3642 7622
3 7067 1022 4852
3 2569 4600 4394
3 712 3049 1349
3 729 4375 3651
3 7822 260 729
3 3227 5120 1753
3 4288 3338 3332
3 9335 9199 8737
3 9319 7028 6731
3 6731 2492 612
3 2062 6158 3685
3 7212 147 6346
3 6828 1977 7428
3 9291 3412 2329
3 644 5676 684
3 5426 1977 8423
3 2411 1532 10160
3 5173 9271 6723
3 6059 5120 2329
3 4216 10210 4833
3 614 5415 6453
3 5260 1890 6784
3 8176 9536 1935
3 4883 5426 8423
3 5120 1223 2329
3 5301 172 7874
3 5042 9707 6239
3 6792 1761 9141
3 1357 4656 2977
3 3650 1685 740
3 6135 9424 1153
3 4746 6613 5306
3 1358 8718 7335
3 3423 5651 5926
3 3472 4820 8420
3 5936 7999 3202
3 728 8579 2569
3 6828 599 9881
3 913 686 7735
3 8574 5464 4652
3 7755 7260 8957
3 4716 1466 10333
3 7260 4079 8253
3 762 8946 1489
3 1489 1466 4716
3 1292 3093 6208
3 10209 30 700
3 7705 10208 10132
3 1265 8395 6398
3 6346 3177 2792
3 5043 8034 5191
3 5526 8932 9110
3 10293 477 774
3 7707 4394 9224
3 1621 282 9786
3 6658 7923 510
3 1355 222 3131
3 6372 3685 3647
3 9310 1502 4052
3 3421 6623 3670
3 684 7846 9139
3 4017 3647 8476
3 9749 9841 9993
3 6135 1153 2361
3 4677 544 5818
3 1784 1048 8054
3 10222 8901 1212
3 10349 2704 6284
3 9260 30 4088
3 7391 4445 659
3 4832 4284 165
3 4783 4820 2787
3 2857 9881 3845
3 10084 4472 596
3 5676 478 6845
3 5728 3291 1632
3 9210 2857 318
3 3877 7732 4457
3 5301 4835 8679
3 8886 4046 839
3 6073 6526 5574
3 2356 1651 5895
3 222 1355 839
3 1555 1474 8867
3 2928 6740 8944
3 3866 9292 1555
3 8763 964 4679
3 3202 1574 5936
3 3304 2739 7870
3 4693 3813 1684
3 9640 4012 7651
3 535 4673 5015
3 3402 8040 5175
3 5043 5525 8034
3 2334 3406 9394
3 10120 2220 698
3 2661 1292 6628
3 6628 9759 2661
3 6142 6047 909
3 10283 6344 10358
3 5818 9749 6189
3 6667 7822 3309
3 9548 729 3651
3 9706 1289 5234
3 9536 7870 740
3 9139 8067 644
3 3285 1460 2174
3 5907 6398 8395
3 1640 1289 9706
3 269 9685 7831
3 2548 4824 8967
3 596 948 8801
3 2050 4591 6841
3 5995 4867 2406
3 4018 437 4276
3 1890 5260 1631
3 6561 1614 2033
3 5976 587 4448
3 4447 4332 2406
3 6326 9533 587
3 7199 302 8637
3 4447 586 4332
3 620 3696 2642
3 275 2099 1218
3 596 4472 7769
3 10349 5852 3131
3 3133 5787 378
3 8561 6634 2406
3 5976 4276 6326
3 5995 1815 8659
3 1355 73 6527
3 3651 4693 1684
3 3406 5574 10050
3 8530 10191 8737
3 3932 7068 7946
3 1405 1427 4527
3 5447 9460 179
3 9690 2744 1907
3 5432 126 5106
3 3856 3161 5328
3 741 1684 9161
3 7999 2960 3202
3 4017 5520 8480
3 3420 8801 2760
3 3871 2594 2121
3 7768 3212 4169
3 7233 3801 7426
3 659 4445 4284
3 2673 3219 9527
3 2674 2760 8801
3 175 2179 8843
3 7769 3220 596
3 6784 3237 6188
3 2806 3932 7370
3 4867 10391 3051
3 4522 1022 7067
3 7211 7391 6841
3 1929 3870 8486
3 5936 1574 4528
3 4298 9763 583
3 3202 2987 4528
3 5174 7519 2387
3 4929 7388 7191
3 8372 8543 5382
3 9432 6054 10160
3 8659 1815 3969
3 4276 3269 4018
3 8561 6561 3969
3 4276 3052 8660
3 2406 4332 10107
3 8794 1928 3418
3 10085 625 5145
3 5395 9505 3539
3 2975 3439 2577
3 8095 5660 10321
3 1864 4218 9225
3 2033 8659 3969
3 8561 1614 6561
3 8646 1876 3432
3 10222 9723 9071
3 7707 9224 638
3 8659 3051 10391
3 1815 5995 6634
3 2034 3269 8660
3 8555 3765 361
3 9649 1894 2692
3 8561 2406 10107
3 4447 2406 4867
3 10391 5995 8659
3 6705 616 8371
3 6361 6492 5979
3 5031 5574 3406
3 5031 7335 2711
3 2075 8165 9325
3 2304 5165 4733
3 7954 814 7614
3 3286 225 3497
3 5018 1376 8451
3 5852 6284 1266
3 2317 9163 7193
3 9736 7694 6376
3 6297 2450 3212
3 3080 1658 8555
3 1784 225 1048
3 6307 6180 1871
3 7410 269 7831
3 8948 88 8705
3 7916 2997 9159
3 4852 8407 659
3 181 2961 7998
3 5306 6613 7477
3 6294 7102 1097
3 1349 6453 9292
3 9287 7737 8750
3 5100 2521 9094
3 1316 9548 5042
3 2025 8095 10321
3 1924 6624 946
3 179 2735 4148
3 7762 3177 5033
3 3269 2034 4018
3 9325 8165 7212
3 10302 1489 4716
3 518 1890 6129
3 5482 282 2667
3 9856 6216 7535
3 5067 7326 2041
3 9042 6598 8064
3 6188 3859 6784
3 10047 4738 4883
3 10321 5043 5191
3 774 3517 3682
3 3288 201 6189
3 2933 2977 9143
3 2637 9327 6796
3 1708 2240 9206
3 493 3067 6973
3 4234 7826 4845
3 7051 9532 7975
3 9786 5139 2887
3 4933 9592 5136
3 5785 5760 874
3 5136 9592 5482
3 5514 4668 3042
3 8054 2896 5526
3 1621 3647 4017
3 2792 5874 9325
3 7825 2770 821
3 1266 6940 6243
3 2075 5874 9824
3 3067 8737 6973
3 2977 2933 1357
3 6243 9310 8847
3 5688 2661 9769
3 5570 10135 9762
3 9110 8054 5526
3 8576 2502 823
3 10132 4913 4220
3 7050 6347 4288
3 6984 3304 8176
3 5438 1666 6883
3 2195 3662 9493
3 2437 6430 1223
3 9199 10140 8847
3 9493 3662 4799
3 4445 7391 7211
3 2411 6045 5087
3 7755 10333 1651
3 3016 1853 4527
3 3422 5553 3302
3 2617 2880 5022
3 361 7499 8555
3 6026 1176 1853
3 1935 181 3861
3 1753 4824 2548
3 3406 2334 7335
3 4747 10120 698
3 5663 6085 6188
3 6129 5426 4883
3 6832 7529 6208
3 2248 2774 6202
3 7887 9206 845
3 7850 5651 4763
3 9188 964 8763
3 8502 1725 9110
3 7233 7426 6134
3 9762 2735 5570
3 2121 2594 10112
3 4251 6565 612
3 7729 539 10160
3 6271 10155 1583
3 9432 1532 2022
3 5422 8901 1729
3 7182 5336 7259
3 7249 4264 1474
3 3495 3288 3285
3 5173 6723 10210
3 3309 7822 729
3 3866 6666 8564
3 8695 9916 6959
3 6784 10051 5260
3 3670 9649 8574
3 2926 3566 7194
3 3131 222 10349
3 1097 4079 5817
3 8972 6440 9799
3 7755 8957 1489
3 6723 9271 2642
3 4738 10047 5205
3 1266 5411 5852
3 3177 2745 5033
3 1416 203 4249
3 1292 3588 6832
3 2386 5688 7192
3 5156 151 3856
3 7614 814 9640
3 4087 2317 9259
3 1853 1176 7907
3 9640 7615 5422
3 92 8095 2025
3 5482 3379 5139
3 922 5422 3680
3 3123 1755 333
3 2881 7334 7910
3 4052 10191 9310
3 5272 583 664
3 7213 4733 3585
3 6658 1458 563
3 9407 8910 5022
3 1184 10376 7735
3 3041 7735 686
3 6634 5995 2406
3 2673 7233 2759
3 7665 6997 9176
3 1864 9225 10005
3 225 1784 1725
3 5205 10047 2857
3 3049 6453 1349
3 6242 794 6453
3 1070 2407 3304
3 2407 1070 6588
3 5042 9548 3651
3 1194 1034 4264
3 9592 2887 3379
3 9786 3409 1621
3 10084 596 624
3 9335 10140 9199
3 282 6376 2667
3 1614 8561 2707
3 6297 5491 8081
3 9786 2710 612
3 4929 752 5588
3 10109 7195 8771
3 9424 1416 4249
3 5723 8131 4940
3 5491 8844 8081
3 1614 4472 10084
3 2050 7762 5033
3 2174 1460 705
3 4276 8660 3269
3 9439 6673 4677
3 4824 7954 8967
3 5141 3097 2974
3 4332 503 7252
3 2667 7694 10074
3 2076 8926 8164
3 1405 4591 1427
3 6474 5281 9950
3 5205 2076 9825
3 2221 3291 1362
3 5243 2412 1764
3 2091 6547 6967
3 2685 3856 9801
3 5305 7894 4668
3 6045 2411 3409
3 7856 5398 7193
3 5818 237 4677
3 2317 7193 9801
3 4043 3123 6613
3 4468 10306 2685
3 6547 2091 6327
3 7767 9396 860
3 6702 8910 9407
3 7021 6277 6624
3 1986 6942 6463
3 8867 1474 5173
3 664 2429 3608
3 1864 5660 8095
3 7870 8176 3304
3 6241 5234 1806
3 961 401 7658
3 9260 6547 30
3 3650 6588 5041
3 4738 5673 518
3 1631 10068 6129
3 8829 3859 6085
3 6188 6085 3859
3 6346 147 3584
3 3134 5386 181
3 4232 1977 5426
3 9801 3856 8061
3 2711 6073 5031
3 9536 8176 7870
3 9161 5387 3135
3 8969 4846 1417
3 8969 4235 4846
3 6054 10004 10160
3 2667 6376 7694
3 9238 1223 5907
3 2022 1532 7082
3 649 3864 9493
3 165 4591 4832
3 316 7284 8628
3 488 1333 1266
3 10261 8616 7873
3 6841 7762 2050
3 1212 34 9383
3 2887 9592 2710
3 30 10209 9164
3 7988 9727 7018
3 5144 624 8801
3 510 7923 563
3 6151 8729 1410
3 6565 4251 6045
3 1906 2317 9691
3 9859 7856 7193
3 4522 7067 9432
3 612 3409 9786
3 3969 1815 8561
3 4845 822 203
3 9140 3670 8574
3 2304 8926 2076
3 8618 3097 5141
3 2870 2577 3439
3 9561 2975 2577
3 5673 4738 3422
3 7916 4817 1390
3 312 8505 2926
3 2977 2997 9143
3 5141 8876 8618
3 9510 4783 2775
3 1149 9680 5158
3 9171 4733 8619
3 2962 9161 1629
3 9161 4457 1629
3 5553 6085 5663
3 4528 1574 3202
3 5033 7537 4527
3 1783 7860 2177
3 4677 237 10283
3 1555 9902 4833
3 1555 6453 8936
3 1555 4833 3866
3 4018 4652 5464
3 705 1460 3285
3 2760 4921 6622
3 6202 10017 9701
3 2739 3650 740
3 2034 10085 4652
3 2304 5205 2857
3 2674 948 3220
3 9210 318 8423
3 9771 7686 9802
3 946 3697 2871
3 968 7094 793
3 2739 3304 2407
3 4264 7249 5415
3 4079 7260 1381
3 7233 4920 2759
3 1640 6588 1070
3 9292 6240 1349
3 8867 5173 4216
3 5817 4079 1381
3 2977 4656 9159
3 4817 6527 6074
3 2887 2710 9786
3 612 6565 3409
3 5136 5482 2667
3 3409 6372 1621
3 1502 7182 2138
3 523 3128 575
3 2036 7233 9527
3 4020 1947 4016
3 6327 2091 4043
3 2048 5464 4940
3 7763 9759 6628
3 3607 4020 10135
3 3932 8734 7068
3 3523 6661 7645
3 8718 2711 7335
3 4852 7571 9432
3 6628 5979 6492
3 9374 1669 1594
3 5174 7388 9255
3 6361 6208 3623
3 4913 6942 1986
3 4284 4832 9432
3 10135 1827 166
3 4220 9859 7705
3 2704 222 839
3 6561 2033 3969
3 3871 2011 9410
3 172 5301 1440
3 8574 4652 6366
3 4046 9676 839
3 9511 2792 4813
3 1528 3539 2745
3 9825 7524 5205
3 4472 1614 2707
3 8513 7094 9542
3 8148 7260 8253
3 1701 7094 968
3 2707 8561 10107
3 2704 10349 222
3 3237 1890 6518
3 7756 3623 7334
3 6608 8616 10261
3 316 1912 8698
3 6850 3291 7910
3 9335 10074 7846
3 2574 1053 2038
3 8698 7284 316
3 6850 8474 1362
3 7767 3874 2299
3 3100 1265 3876
3 5926 4598 8040
3 3518 8829 8934
3 5818 9841 9749
3 3815 6297 3212
3 4986 4315 728
3 5663 6188 3302
3 8061 3856 5328
3 5574 7445 8020
3 4471 3815 3212
3 477 91 8828
3 9045 8411 2195
3 4820 3472 2787
3 960 7659 8411
3 8628 7284 4799
3 8536 4593 6887
3 7802 860 9396
3 1727 9222 8986
3 10005 5660 1864
3 1806 1070 9705
3 6598 9042 7631
3 2025 4891 5240
3 8936 7249 1474
3 2806 4794 3233
3 9859 1669 9374
3 2317 7188 9691
3 3832 1594 1933
3 3080 1071 1658
3 7705 9859 7193
3 9460 5447 9188
3 4611 5996 9950
3 1594 1669 7623
3 5588 752 10099
3 2778 30 2377
3 5087 1532 2411
3 1701 1806 9705
3 9542 7094 1701
3 8957 7260 8148
3 9561 2577 2986
3 4169 2450 1613
3 8144 7525 9680
3 4471 3212 7768
3 5448 3100 3876
3 5852 5202 4869
3 2760 6622 3420
3 3496 224 151
3 5145 4652 10085
3 762 8957 3697
3 8253 7811 2871
3 9950 5743 1941
3 6624 6277 1929
3 1613 4466 4169
3 5874 8678 8305
3 2304 7213 8164
3 596 3220 948
3 3783 9889 8576
3 2036 9527 9482
3 181 1935 3134
3 7426 3132 6307
3 4986 3608 6004
3 10321 8794 2025
3 1629 4457 3203
3 2450 4169 3212
3 477 834 3517
3 2792 6841 4813
3 8828 834 477
3 8801 3420 5144
3 9764 7827 6729
3 3859 5240 6784
3 5553 3518 8934
3 6366 3421 9140
3 6202 9764 2248
3 4216 9902 1555
3 6882 2990 6730
3 8407 6167 144
3 7631 696 9245
3 2756 7397 1383
3 9245 696 614
3 652 9599 7093
3 8430 2793 1194
3 6453 1555 9292
3 696 4106 4264
3 8064 6598 4295
3 9245 7095 6598
3 6598 7095 4295
3 712 6242 3049
3 1806 1701 968
3 5235 711 9707
3 1289 1070 1806
3 7551 2098 8811
3 2778 3533 5667
3 5398 7856 9374
3 10074 493 2667
3 7370 6891 4794
3 10085 2034 1615
3 4148 2735 9762
3 7519 5687 2387
3 9374 7856 9859
3 9432 2022 4522
3 2377 6327 2778
3 10133 700 5667
3 8407 9675 7391
3 1560 2374 3042
3 8737 9199 8847
3 2492 4522 612
3 2022 7082 4251
3 529 6943 5667
3 4445 4591 165
3 9566 1458 6658
3 1764 4020 4016
3 4527 4832 1405
3 7525 9824 5874
3 9270 4235 8969
3 3070 6057 3644
3 7999 1184 7735
3 1806 968 6241
3 3237 6518 6188
3 5743 6524 1941
3 91 2026 8828
3 3517 1388 8828
3 1753 2548 293
3 8886 1355 4817
3 5606 9374 1594
3 686 396 3041
3 151 9709 3496
3 7249 8936 6453
3 3288 7802 5018
3 3372 4498 4177
3 4933 2667 6973
3 8847 5676 488
3 8737 8847 8530
3 4531 2904 6672
3 1022 4522 7028
3 2283 5498 4679
3 659 8407 7391
3 9801 8061 7188
3 30 6547 2377
3 5033 2745 3016
3 4220 1986 7623
3 4591 1405 4832
3 9325 7212 6346
3 10133 10209 700
3 4746 5306 7021
3 8975 10270 6641
3 2491 5030 1654
3 2329 3412 3525
3 7471 4199 816
3 7811 2069 3386
3 5979 1292 6361
3 9592 4933 6973
3 1266 3622 6940
3 1440 649 4799
3 6001 9128 10370
3 6917 3069 6689
3 4339 785 8876
3 960 4410 9238
3 1951 8730 8644
3 2792 7762 6841
3 1098 8886 4817
3 922 8967 9640
3 9432 7571 4284
3 7189 8932 9692
3 4528 7999 5936
3 7916 5177 1098
3 4982 7093 2662
3 9801 5398 4468
3 3874 7797 2299
3 3288 705 3285
3 1864 8095 92
3 4294 8513 8063
3 8936 6152 1555
3 1349 6240 712
3 9110 7189 8502
3 151 3161 3856
3 2774 9874 9343
3 8702 9764 8
3 181 5386 2961
3 1097 8430 8751
3 5428 7737 715
3 5953 7102 9858
3 1809 6984 3861
3 2793 1034 1194
3 711 6239 9707
3 6598 7631 9245
3 5415 7249 6453
3 8513 9542 226
3 6273 7021 1924
3 7792 2942 9455
3 6241 710 5234
3 614 696 5415
3 794 614 6453
3 8063 226 8429
3 4264 5415 696
3 1194 4264 4106
3 9706 5041 1640
3 7095 614 794
3 2407 6588 2739
3 8513 4294 7094
3 227 9288 8430
3 1034 2642 5173
3 968 793 6241
3 1070 3304 10126
3 5339 3172 9319
3 2440 4813 6841
3 2550 4531 6672
3 8943 8734 6586
3 5688 9769 7192
3 9592 6973 10112
3 4794 2806 7370
3 10112 612 9592
3 2811 3471 4678
3 400 9238 5907
3 753 2696 7622
3 10132 4220 7705
3 7422 9283 840
3 7422 7361 6556
3 7999 9283 4291
3 3697 8957 2871
3 1384 5543 2757
3 9676 7182 368
3 9705 1070 10126
3 6556 975 5101
3 5606 3832 8062
3 1355 6527 4817
3 1357 2660 4656
3 6787 5336 4046
3 7916 7068 5177
3 8934 6085 5553
3 181 4292 3861
3 1632 2696 5728
3 8703 639 4218
3 691 3097 8618
3 1745 3634 2402
3 3517 774 477
3 2935 8983 6740
3 1527 8316 3967
3 9424 4249 1153
3 2778 700 30
3 9163 2317 4087
3 7193 9163 7705
3 3472 10252 2787
3 3085 9270 8969
3 7067 4852 9432
3 2550 3871 9477
3 3524 2549 612
3 4798 816 3334
3 3042 4668 1560
3 6731 7028 2492
3 5174 9255 5123
3 700 2778 5667
3 6959 8678 5874
3 4853 4153 6463
3 1662 10337 10173
3 4852 659 4284
3 9523 529 5983
3 5123 6891 7370
3 7028 3172 144
3 1416 4845 203
3 6905 9944 9071
3 7946 7370 3932
3 8473 6851 8752
3 5588 4893 4929
3 8876 5141 9562
3 4338 2986 3767
3 546 5084 2809
3 2887 5139 3379
3 7762 2792 3177
3 7502 4300 2925
3 10191 8530 9310
3 2704 839 9676
3 1594 3832 5606
3 510 1347 6658
3 839 1355 8886
3 9801 7188 2317
3 823 2502 4177
3 3227 1753 293
3 368 3425 9676
3 126 5432 417
3 1753 5120 6059
3 8967 7614 9640
3 7887 1888 9206
3 6787 1604 3014
3 8596 8500 3634
3 518 6129 4883
3 1376 5018 1531
3 26 8838 4177
3 6891 9255 7388
3 3861 4292 7423
3 2548 8967 8099
3 9701 638 8702
3 2774 10017 6202
3 9765 8703 7744
3 6682 1444 8106
3 2920 8253 7102
3 8087 509 919
3 5756 6682 5002
3 2356 1034 1381
3 4392 5811 5090
3 6294 1097 8751
3 5929 5519 9913
3 9042 8064 8430
3 8430 1097 2793
3 9542 1701 9705
3 226 7737 9287
3 9245 614 7095
3 4106 696 7631
3 8430 1194 9042
3 226 8063 8513
3 9542 9705 226
3 1425 8439 3325
3 9858 7102 6294
3 226 9705 10126
3 1271 8107 5604
3 4322 9460 9188
3 7811 1110 1924
3 3471 2811 3062
3 8954 6984 1809
3 9759 7763 9769
3 4738 5205 8145
3 5983 529 4746
3 2904 5339 4039
3 7811 3386 1110
3 4297 316 8439
3 5996 8800 5628
3 9045 2437 1223
3 367 8103 6257
3 4445 7211 2590
3 10260 1912 6609
3 9439 2986 2870
3 4813 7326 9511
3 8437 5799 7318
3 1440 4799 7284
3 4199 3324 3334
3 6672 4039 2549
3 7873 8616 6449
3 3661 816 4798
3 2195 9493 3864
3 400 960 9238
3 816 3661 8410
3 4052 7713 10191
3 7294 2689 9141
3 4377 2225 1611
3 3425 368 9310
3 144 3172 9675
3 7068 3014 4761
3 6133 4593 3825
3 5177 4761 4760
3 4760 4046 8886
3 3607 10201 1947
3 1059 2440 6841
3 292 9762 4020
3 2685 9801 4468
3 774 9380 10293
3 4458 1758 5435
3 5983 4746 6273
3 2299 1531 9396
3 563 3601 510
3 10294 8531 92
3 8305 7525 5874
3 2214 179 5978
3 5606 10306 4468
3 1669 9859 4220
3 10376 4986 9343
3 2569 4394 7707
3 7519 2918 5687
3 2698 8737 10191
3 612 10112 3524
3 2138 7920 324
3 635 3871 2121
3 9494 4506 9808
3 6731 4039 5339
3 4852 1022 7028
3 3172 7028 9319
3 3100 7843 8395
3 144 9675 8407
3 4522 4251 612
3 3172 5339 2493
3 9523 1110 3386
3 510 5996 2864
3 3019 9071 683
3 9941 8504 111
3 5776 10270 5116
3 5542 3463 5427
3 4656 2660 7519
3 918 7629 4854
3 6167 4852 7028
3 691 2417 3097
3 1632 3291 2221
3 2641 6516 6471
3 6851 8617 8877
3 1362 3291 6850
3 4338 9561 2986
3 1199 8695 6959
3 8451 10283 201
3 9676 3425 2704
3 6189 9993 7343
3 2857 5322 2304
3 5117 4121 4290
3 6301 5156 10330
3 9374 5606 4468
3 10126 3304 6984
3 3495 9710 860
3 860 3288 3495
3 8395 1265 3100
3 4177 2502 9302
3 8423 1977 9210
3 1089 10329 7767
3 1088 9709 151
3 6882 9380 3402
3 2985 8062 7047
3 9680 4737 8144
3 8307 9583 9261
3 9511 7326 6959
3 6346 7786 1528
3 9874 2213 686
3 6398 7257 3227
3 296 9090 9425
3 5553 5663 3302
3 6729 2248 9764
3 5953 2280 2920
3 5543 9858 8751
3 8106 1270 5002
3 7736 3463 8749
3 8749 3463 5542
3 715 7397 2756
3 6836 5953 1384
3 5811 9913 5090
3 9288 8751 8430
3 2698 2121 8737
3 1708 10201 7499
3 2011 635 7713
3 4747 6057 10120
3 5981 3964 8763
3 9310 6243 6940
3 6959 9916 8305
3 7318 3902 400
3 3067 10074 9335
3 3792 1604 6787
3 10283 237 201
3 9510 2775 7780
3 1440 5301 8679
3 324 7920 2011
3 2549 3524 5288
3 1161 6994 7071
3 8886 1098 5177
3 5981 1941 3964
3 5756 7811 3555
3 8253 1097 7102
3 8976 5286 4153
3 9164 10209 7706
3 229 6653 1666
3 7193 5398 9801
3 1745 2985 3753
3 3335 316 8628
3 8062 10306 5606
3 4199 3334 816
3 4468 5398 9374
3 3902 5799 1425
3 9045 1223 9238
3 8530 8847 9310
3 8596 1699 6987
3 5174 5123 4656
3 8062 2985 10330
3 4854 7629 10092
3 3861 6984 1935
3 7326 5067 1199
3 5874 2792 9511
3 2788 4897 7860
3 4528 3608 754
3 9206 3133 845
3 8954 10126 6984
3 10112 2594 3871
3 5158 9680 4678
3 4218 1864 8531
3 6984 8176 1935
3 9261 1210 9675
3 7028 4522 2492
3 9888 10330 2985
3 2904 4039 6672
3 4747 698 2182
3 2493 10029 3172
3 698 2220 8473
3 4560 7903 7819
3 6167 7028 144
3 1441 7440 9476
3 10283 2852 4677
3 8407 4852 6167
3 4181 1975 9107
3 3402 9380 3682
3 7068 4656 7946
3 3525 403 71
3 8536 226 8954
3 10330 5156 8062
3 4490 2138 6579
3 10112 6973 2121
3 5067 8695 1199
3 5288 3871 2550
3 9159 2997 2977
3 1809 3861 6476
3 9665 6133 2521
3 7998 6141 181
3 4817 7916 1098
3 6419 3233 8825
3 1560 9566 6658
3 7713 324 2011
3 9319 6731 5339
3 3379 5482 9592
3 8934 8829 6085
3 6556 10328 4196
3 3524 10112 3871
3 2248 2158 10304
3 2121 6973 8737
3 639 9225 4218
3 324 4052 2138
3 9625 3532 757
3 9858 6294 8751
3 6133 3825 6476
3 715 7737 5269
3 9913 2589 5929
3 5542 5427 2758
3 9094 6476 7423
3 5519 6642 1271
3 5604 5269 4392
3 7713 2121 2698
3 4039 612 2549
3 6492 7763 6628
3 5018 7802 9396
3 5288 3524 3871
3 860 9710 1089
3 4506 10385 6669
3 5156 2685 10306
3 7283 8696 3228
3 1924 2871 7811
3 5929 9152 3694
3 9878 1416 9424
3 8555 3607 166
3 7047 3832 1933
3 612 2710 9592
3 8954 6476 3825
3 2121 7713 635
3 2299 7797 3783
3 1 7416 3789
3 7047 8062 3832
3 715 2756 5428
3 2550 7589 9797
3 2550 9797 4531
3 226 10126 8954
3 1463 7368 9853
3 10376 1861 913
3 4292 6141 7998
3 4039 6731 612
3 9944 5422 9071
3 6121 3955 5111
3 4746 7021 6273
3 3682 5926 3402
3 3325 3902 1425
3 7211 6841 2590
3 7622 2696 1632
3 6057 367 10299
3 3680 9944 6905
3 5336 3277 9222
3 10017 7707 638
3 3080 1827 874
3 2590 4591 4445
3 1604 3792 4760
3 7658 401 5183
3 8439 5799 4297
3 4052 1502 2138
3 5907 3563 400
3 9045 9238 4410
3 8411 9045 4410
3 1059 6841 7391
3 5288 6672 2549
3 7471 7658 5183
3 1223 9291 2329
3 8411 4410 960
3 10191 7713 2698
3 9477 9410 4490
3 7318 1540 8437
3 4799 649 9493
3 316 6609 1912
3 4656 7519 5174
3 4046 3792 6787
3 7259 5336 1673
3 3750 1531 6516
3 4046 5336 7182
3 10330 1088 6301
3 5570 1454 10135
3 5498 2098 8800
3 7860 4897 2177
3 2589 4535 2379
3 7756 7334 2881
3 8596 3753 1699
3 4854 6943 7741
3 9310 368 1502
3 7257 5120 3227
3 4510 4593 9665
3 5907 1223 5120
3 7326 2440 1059
3 5667 6327 6613
3 7283 6987 6463
3 5002 3223 5776
3 2177 6739 7872
3 918 529 9523
3 10270 5776 6641
3 3694 2894 4974
3 5667 6943 4914
3 1885 9090 7473
3 3062 2811 9916
3 1933 7623 7047
3 7622 3642 753
3 6672 5288 2550
3 8037 888 9916
3 3825 4593 8536
3 9662 5651 3423
3 4511 2641 2161
3 5002 2069 7811
3 834 1388 3517
3 816 7658 7471
3 2280 5953 6682
3 5002 7811 5756
3 4297 6609 316
3 7473 5365 10337
3 9858 1384 5953
3 1359 4535 4510
3 6476 8954 1809
3 6881 7744 8531
3 9723 3085 4706
3 6476 3861 7423
3 4510 4535 5811
3 5519 5090 9913
3 6463 6942 4853
3 5269 7737 6887
3 5269 5811 4392
3 5543 1384 9858
3 1445 5604 8107
3 7859 6790 4682
3 4854 7741 918
3 7845 9037 8332
3 3626 7328 4073
3 7397 715 5604
3 540 7478 1232
3 3626 7875 8572
3 4439 7919 10230
3 4367 2113 3626
3 2595 6386 8572
3 2419 9699 7620
3 9410 9477 3871
3 4974 7283 7779
3 6682 5953 6836
3 6257 8103 8633
3 785 4339 6688
3 3644 2182 784
3 6905 9071 3019
3 9797 3857 9949
3 5182 400 3902
3 7388 2387 7191
3 2299 9396 7767
3 510 2864 2361
3 4593 4510 6887
3 1148 3422 4738
3 9477 7589 2550
3 10385 9494 8943
3 8074 9261 4991
3 5604 2687 1271
3 4761 3014 4760
3 4488 9762 292
3 2920 7102 5953
3 6887 7737 8536
3 10337 1662 6121
3 1822 2037 1054
3 4392 5090 2687
3 4249 658 1153
3 4611 9950 1941
3 9926 1062 9665
3 4794 4893 5716
3 840 7361 7422
3 2687 5604 4392
3 7735 3041 7999
3 4046 4760 3792
3 4991 9675 2493
3 7946 4656 5123
3 5673 3422 3302
3 1986 4220 4913
3 7388 4893 4794
3 5175 4598 7850
3 6586 8734 2806
3 10385 8943 6586
3 91 477 10293
3 7737 226 8536
3 4794 6891 7388
3 6836 1444 6682
3 3223 6641 5776
3 5776 3386 5002
3 2280 3555 2920
3 6642 5286 8976
3 5519 2687 5090
3 4974 7779 4153
3 918 7741 529
3 9675 10029 2493
3 1149 5158 9662
3 2735 1454 5570
3 3753 7623 1699
3 4094 5371 9510
3 5628 8800 2098
3 658 4249 2374
3 2138 7182 7259
3 6856 1210 2041
3 2041 3265 5067
3 2041 7326 6856
3 6856 1059 7391
3 5435 4490 4458
3 1699 7623 6987
3 5339 2904 4531
3 10119 3376 3048
3 2221 1362 8474
3 5944 4186 8482
3 1110 6273 1924
3 2852 9439 4677
3 2811 7525 8305
3 3386 918 9523
3 1271 2687 5519
3 5116 7629 5776
3 2280 6682 5756
3 10092 8975 4854
3 8910 6702 7052
3 8734 3932 2806
3 1270 3223 5002
3 6642 5929 5286
3 2628 538 10093
3 5925 3681 3422
3 7473 4580 8639
3 3682 9380 774
3 5156 10306 8062
3 3062 888 9425
3 8531 1864 92
3 6463 6987 1986
3 9494 7068 8943
3 7658 816 8410
3 7192 2696 4928
3 3903 4199 7471
3 5269 6887 5811
3 2894 3694 9152
3 8500 8696 5878
3 5427 3463 7736
3 6836 1384 7398
3 5929 6642 5519
3 5811 6887 4510
3 5454 8482 8696
3 9152 5929 2589
3 4974 2894 5454
3 715 5269 5604
3 2080 2894 9152
3 1656 1580 6924
3 9277 3937 5133
3 3172 10029 9675
3 3233 4931 8825
3 2589 9913 4535
3 3871 635 2011
3 9665 5624 1359
3 3694 5286 5929
3 7182 9676 4046
3 5605 1444 6836
3 1570 396 6890
3 3753 2985 7047
3 3048 7622 2221
3 6787 3014 9494
3 9665 1359 4510
3 5275 4861 7470
3 8771 5243 7780
3 1531 3750 1376
3 3277 6787 9494
3 6476 9094 6133
3 4678 9680 2811
3 8986 10207 9494
3 5673 6518 518
3 7779 6463 4153
3 8975 5116 10270
3 8576 2299 3783
3 663 9926 5100
3 5448 7194 1540
3 7423 776 9094
3 3680 3227 293
3 693 5049 9853
3 4091 1885 3471
3 1885 9425 9090
3 8482 5878 8696
3 5067 2207 8037
3 2037 1822 6537
3 6959 5874 9511
3 9343 7707 10017
3 296 5365 7473
3 7473 9090 296
3 1088 151 6301
3 8040 4598 5175
3 6882 3402 2942
3 6730 7828 7743
3 5776 918 3386
3 8106 5002 6682
3 10304 2774 2248
3 3833 2374 1560
3 4196 975 6556
3 4153 4853 8976
3 4016 1947 1652
3 9654 5271 6104
3 4928 2696 753
3 7629 5116 10092
3 1933 1594 7623
3 51 6276 5989
3 8037 8695 5067
3 3265 9853 2207
3 9879 8969 1417
3 8500 5878 3634
3 9888 2985 1745
3 9797 7589 9477
3 2401 7123 4498
3 7283 4974 8696
3 6135 2361 5628
3 4974 5286 3694
3 9071 1729 10222
3 6987 7623 1986
3 3825 8536 8954
3 6560 662 975
3 9425 4091 3062
3 9071 9723 683
3 7622 1632 2221
3 6419 10385 6586
3 7629 918 5776
3 9283 4717 840
3 888 538 2628
3 3642 3048 3376
3 8084 6753 5432
3 10093 296 2628
3 3062 4091 3471
3 4153 5286 4974
3 4281 7327 1062
3 4761 5177 7068
3 2811 9680 7525
3 9723 3630 3085
3 10304 6890 686
3 5624 9665 1062
3 9142 1783 1734
3 5756 3555 2280
3 5629 5454 2894
3 4678 8639 336
3 9494 3014 7068
3 4490 2011 7920
3 778 3233 4794
3 1502 368 7182
3 4490 5435 9477
3 9654 6104 5828
3 7093 4982 9954
3 6419 8825 6669
3 7843 3563 5907
3 9523 5983 6273
3 9677 4820 4783
3 7850 2942 5175
3 1726 6255 7124
3 5422 1729 9071
3 2774 10304 9874
3 9343 10017 2774
3 7551 2412 7502
3 2491 4121 4377
3 6474 5996 510
3 4482 693 1210
3 6202 8580 8
3 3374 9654 9949
3 3857 9797 9477
3 4490 7920 2138
3 6856 7391 9675
3 3374 3857 1758
3 7326 1059 6856
3 2493 9797 9949
3 919 2080 9152
3 5022 8910 2617
3 7779 7283 6463
3 5624 1062 8087
3 8763 7294 4322
3 1726 3634 6255
3 8420 8657 3472
3 4177 2235 4969
3 9634 509 8087
3 3874 10329 7797
3 9410 2011 4490
3 5339 4531 9797
3 9808 9107 3086
3 7654 8028 1661
3 9665 4593 6133
3 6641 3223 1270
3 2379 4535 1359
3 2379 919 2589
3 10093 5365 296
3 4535 9913 5811
3 2521 9926 9665
3 1745 8596 3634
3 975 662 5101
3 840 4717 7999
3 3047 2220 10120
3 10271 567 9107
3 2182 3644 6057
3 2613 5651 9662
3 10328 9521 4196
3 5111 3955 8570
3 8752 784 2182
3 7084 6149 10337
3 1425 5799 8439
3 4783 2787 6608
3 8439 316 3325
3 7679 2445 3270
3 3118 2662 7093
3 9808 4506 9107
3 9302 4372 3372
3 2379 8087 919
3 5588 5716 4893
3 1062 9926 663
3 2041 1210 693
3 4598 5926 5651
3 6057 4747 2182
3 2806 6419 6586
3 9949 3857 3374
3 5271 2713 6104
3 2713 5271 1611
3 7770 3260 567
3 1673 5336 9222
3 5032 6104 8466
3 2989 9294 2788
3 3277 5336 6787
3 1654 1673 1727
3 7370 7946 5123
3 8596 6987 3228
3 8500 8596 3228
3 693 3265 2041
3 952 2080 9634
3 6255 3634 5878
3 3634 1726 2402
3 919 509 9634
3 7623 1669 4220
3 3874 7767 10329
3 2379 1359 5624
3 5629 5944 8482
3 4282 6560 4209
3 5629 2894 2080
3 2883 4499 647
3 8633 3377 6257
3 9916 8695 8037
3 8632 3642 3376
3 6057 3070 9407
3 8876 9562 4339
3 919 9152 2589
3 3955 538 9853
3 8451 1376 10283
3 913 1861 9874
3 336 5158 4678
3 840 10328 6556
3 5049 693 4482
3 888 3062 9916
3 3302 6518 5673
3 7473 8639 1885
3 975 9521 16
3 10293 9380 6882
3 7337 6537 10304
3 6202 8 9764
3 7802 3288 860
3 3100 5448 1540
3 5799 3902 7318
3 9510 9677 4783
3 4458 1673 1654
3 10207 3277 9494
3 9222 3277 10207
3 293 8099 3680
3 4458 4490 6579
3 9222 10207 8986
3 10138 5629 952
3 8305 8678 6959
3 2883 10097 4281
3 9634 10097 647
3 567 4181 9107
3 3324 315 3334
3 10138 6951 4186
3 1210 9261 9583
3 8825 9294 2989
3 4209 6560 975
3 8825 4931 875
3 2493 5339 9797
3 5100 9926 2521
3 777 7422 6556
3 4887 3563 1540
3 2154 4181 567
3 6560 4282 662
3 417 10127 126
3 9634 2080 919
3 6669 10385 6419
3 10135 166 3607
3 3228 6987 7283
3 5878 8482 4186
3 8037 2207 9853
3 1673 2138 7259
3 8825 875 9294
3 9625 10099 9485
3 1673 9222 1727
3 8799 1463 9583
3 1089 7767 860
3 10299 10120 6057
3 1673 4458 6579
3 8576 2401 2502
3 754 4986 1184
3 888 8037 538
3 6516 1531 4321
3 4679 964 2283
3 4482 1210 9583
3 1745 3753 8596
3 8087 2379 5624
3 2098 2283 8811
3 296 9425 888
3 4134 10337 1568
3 3681 3518 3422
3 778 5716 5588
3 8 8580 8702
3 6104 2713 8466
3 10304 2158 6729
3 3903 7471 5183
3 10138 9634 6951
3 875 4931 3233
3 4893 7388 4929
3 4506 6669 10271
3 3086 9107 1975
3 7068 8734 8943
3 4506 9494 10385
3 1449 1882 3174
3 400 4887 7318
3 7645 1587 4844
3 1449 1734 9752
3 7416 3086 3789
3 9005 5117 2208
3 2401 4372 9302
3 5271 3374 1758
3 6255 5878 4186
3 9889 1884 8576
3 5454 8696 4974
3 7843 5907 8395
3 3964 6792 1230
3 8763 1230 7294
3 6369 7368 1463
3 9949 4991 2493
3 3423 1149 9662
3 7850 4598 5651
3 8633 752 3643
3 10272 1727 8986
3 4991 9949 8074
3 9488 1750 2349
3 9583 5049 4482
3 1654 5030 4458
3 663 4281 1062
3 417 5432 1568
3 4321 4932 6516
3 2521 6133 9094
3 6951 9634 647
3 952 5629 2080
3 7327 8087 1062
3 1210 6856 9675
3 2098 9941 3679
3 5049 9583 1463
3 1885 4091 9425
3 6556 7361 840
3 658 3833 2361
3 10109 7780 2775
3 3072 1282 2414
3 8482 5454 5629
3 10061 8799 8307
3 9853 5049 1463
3 7416 9808 3086
3 9198 6149 7084
3 2207 5067 3265
3 6689 3767 10358
3 4705 9878 9424
3 6688 3071 3645
3 531 3532 1208
3 6579 2138 1673
3 6951 7124 4186
3 8986 5117 10272
3 5629 10138 5944
3 10097 7327 4281
3 296 888 2628
3 4458 2491 1758
3 3019 683 3840
3 1252 672 5161
3 8087 7327 9634
3 672 1252 372
3 8831 6130 4969
3 8639 3471 1885
3 9954 7850 4763
3 2401 1884 9889
3 7416 9494 9808
3 2565 8028 1568
3 7499 2240 1708
3 7047 7623 3753
3 1 3174 372
3 9874 1861 9343
3 1662 10173 10093
3 8696 8500 3228
3 2402 9888 1745
3 1734 1449 9142
3 10093 538 1662
3 3233 778 875
3 3086 1975 3789
3 9625 7966 3532
3 9752 2014 4844
3 10099 778 5588
3 4290 1654 5117
3 3256 5828 5032
3 4488 8811 964
3 1758 9477 5435
3 10061 8074 9654
3 1611 2491 4377
3 9654 3374 5271
3 7124 6255 4186
3 442 4377 1441
3 4209 2882 4282
3 8074 9949 9654
3 4196 9521 975
3 5117 1654 10272
3 3857 9477 1758
3 840 7999 3041
3 372 5117 8986
3 8799 9583 8307
3 6257 3377 10120
3 806 9476 10277
3 9261 9675 4991
3 2713 2225 442
3 10299 6257 10120
3 5018 201 3288
3 3767 2986 2852
3 9662 5158 336
3 4290 2491 1654
3 5828 3256 10061
3 442 1441 5032
3 1531 5018 9396
3 3783 7797 9889
3 5111 10337 6121
3 4042 9142 7770
3 9853 3265 693
3 567 3260 2154
3 1570 5664 396
3 9107 4506 10271
3 6537 9454 2037
3 7744 7829 9765
3 372 8986 7416
3 5140 7621 9799
3 780 10083 290
3 5828 10061 9654
3 442 5032 8466
3 2225 2713 1611
3 10201 8555 7499
3 8307 8074 10061
3 5271 1758 1611
3 9320 1942 6789
3 4458 5030 2491
3 1069 6149 9198
3 5384 3554 757
3 3069 6917 4511
3 6369 1463 8799
3 875 6738 5549
3 5824 3256 8927
3 8771 7780 10109
3 3955 9853 7368
3 5100 9094 776
3 7422 4291 9283
3 1662 538 3955
3 1887 1531 2299
3 9261 8074 8307
3 823 3054 8576
3 3041 396 10328
3 3607 8555 10201
3 9634 10138 952
3 9853 538 8037
3 3471 8639 4678
3 6121 1662 3955
3 4186 5944 10138
3 2662 3118 5989
3 10061 3256 8799
3 9941 7551 7502
3 5996 4611 5981
3 1727 10272 1654
3 4121 3065 1441
3 780 1282 3065
3 2208 5117 1252
3 1 2154 3260
3 6398 5907 7257
3 2414 5268 10277
3 7295 5664 3628
3 3325 4200 3902
3 1265 312 2926
3 4286 5161 672
3 6703 6471 7051
3 336 8639 2613
3 5873 7654 1661
3 8389 8622 9088
3 3532 7966 1208
3 7093 4763 2613
3 4897 9294 875
3 9455 5989 2574
3 8504 7502 2925
3 8799 3256 6369
3 5549 778 9625
3 484 5227 5824
3 7999 4528 1184
3 1568 8570 2565
3 4982 2942 9954
3 5549 4897 875
3 5111 8570 1568
3 2574 5393 1053
3 3628 3115 164
3 6729 2158 2248
3 4763 7093 9954
3 2942 2990 6882
3 372 2501 672
3 4377 442 2225
3 686 913 9874
3 111 6135 3679
3 2098 3679 5628
3 5448 3876 7194
3 5032 5828 6104
3 2402 1726 7124
3 567 10271 7770
3 647 4499 6951
3 9485 10099 752
3 10127 2414 7621
3 367 1208 8103
3 1882 8389 4286
3 5371 4094 1947
3 2617 7052 7325
3 5227 484 5873
3 5873 484 417
3 1661 2565 6369
3 1611 1758 2491
3 2177 7872 1783
3 8986 9494 7416
3 9088 5161 8389
3 4794 5716 778
3 2161 6703 4511
3 156 5443 5439
3 1449 5608 1882
3 10358 2852 10283
3 2412 8811 4488
3 372 7416 1
3 4861 156 5439
3 5628 2864 5996
3 3750 2641 4511
3 3789 1975 2154
3 8831 2235 9488
3 8763 4679 5981
3 9302 2502 2401
3 8576 1884 2401
3 9455 2942 5989
3 4209 4498 2882
3 10173 10337 5365
3 8028 2565 1661
3 5371 9677 9510
3 10110 1540 7194
3 3072 2414 10277
3 9625 778 10099
3 4121 2491 4290
3 8103 1208 7966
3 2775 4296 5800
3 3065 4121 4818
3 778 6738 875
3 9599 652 3270
3 2501 3174 4286
3 5161 9088 1252
3 1 3789 2154
3 672 2501 4286
3 3100 3563 7843
3 4511 10358 3750
3 6750 1652 4094
3 3174 1882 4286
3 6730 7743 6882
3 3174 2501 372
3 10304 2213 9874
3 2989 7770 8825
3 9941 2098 7551
3 3840 4706 110
3 16 7295 26
3 647 10097 2883
3 1441 4377 4121
3 5275 9005 2208
3 4121 5117 9005
3 8622 5275 2208
3 5439 290 10083
3 3256 9320 8927
3 10083 4818 7470
3 2208 1252 9088
3 16 4498 4209
3 10127 5268 2414
3 1224 6404 156
3 7950 1942 9476
3 4763 5651 2613
3 4076 7084 8084
3 8927 9320 5933
3 5933 9320 6789
3 1708 1888 9677
3 417 7654 5873
3 5227 6369 3256
3 417 1568 8028
3 3256 5824 5227
3 2565 8570 7368
3 3645 785 6688
3 3527 2014 7872
3 4932 2349 5682
3 8825 10271 6669
3 312 3840 8505
3 4321 1531 1887
3 7473 3303 4580
3 3372 4372 4498
3 1265 6905 312
3 9142 1449 3260
3 3069 6703 9406
3 4177 4498 16
3 6729 9492 10304
3 5161 4286 8389
3 2208 9088 8622
3 3256 9476 1942
3 7440 1441 1282
3 8466 2713 442
3 9142 4042 1783
3 806 6789 7950
3 10277 5268 806
3 7966 8633 8103
3 7950 9476 806
3 5268 10127 6789
3 2880 2705 5022
3 5443 2414 5439
3 2806 3233 6419
3 9476 3256 1441
3 9320 3256 1942
3 10358 4511 6917
3 1661 6369 5873
3 8570 3955 7368
3 6516 2641 3750
3 1282 3072 7440
3 10127 8927 5933
3 3065 4818 780
3 3256 5032 1441
3 4897 2788 9294
3 9485 7966 9625
3 3640 7679 1069
3 8927 417 484
3 156 8389 1224
3 2613 652 7093
3 1568 5432 6753
3 683 4706 3840
3 10097 9634 7327
3 16 4209 975
3 5275 156 4861
3 10127 417 8927
3 6789 806 5268
3 2989 2788 7860
3 1882 2262 8389
3 5549 2177 4897
3 4181 2154 1975
3 5443 3213 2414
3 2705 1208 367
3 9752 5608 1449
3 5549 6738 778
3 1111 9856 5340
3 1224 7101 6404
3 9532 6471 5682
3 367 5022 2705
3 2299 3054 1887
3 4094 9510 7780
3 1282 1441 3065
3 2613 9662 336
3 4818 4121 7470
3 10173 5365 10093
3 3270 2445 4925
3 9954 2942 7850
3 9302 3372 4177
3 9188 5447 4148
3 9454 6537 7337
3 308 1882 5608
3 752 8633 9485
3 1783 3498 1734
3 7369 5384 5340
3 1783 4042 7860
3 8910 7052 2617
3 4121 9005 7470
3 531 1208 2705
3 8927 484 5824
3 1252 5117 372
3 2880 531 2705
3 7860 4042 7770
3 6789 1942 7950
3 2414 780 290
3 1540 3563 3100
3 1887 4932 4321
3 4925 51 3270
3 3072 10277 7440
3 4488 292 1764
3 2613 3270 652
3 3270 3118 9599
3 3679 6135 5628
3 1069 2613 4580
3 8436 10109 2775
3 10328 840 3041
3 10337 6149 7473
3 4969 823 4177
3 823 1887 3054
3 396 9521 10328
3 6149 3303 7473
3 9455 7336 7792
3 6890 3447 1570
3 5439 10083 4861
3 2925 4300 3565
3 8389 156 5275
3 7325 6249 2617
3 5608 4844 7101
3 1111 6264 2617
3 7872 2014 9752
3 6404 9792 3213
3 823 4969 1887
3 1 3260 3174
3 312 6905 3019
3 6149 1069 4580
3 2414 1282 780
3 9142 3260 7770
3 5432 6051 8084
3 6257 10299 367
3 5340 7535 3793
3 9488 2349 4932
3 9799 6051 7387
3 7470 9005 5275
3 4134 1568 6753
3 6276 5393 2574
3 2942 7792 6730
3 9752 1734 3498
3 5989 6276 2574
3 5873 6369 5227
3 7975 7324 7051
3 8811 2412 7551
3 1652 1947 4094
3 4861 10083 7470
3 7770 2989 7860
3 7535 6216 3831
3 7195 3565 8771
3 964 9188 4488
3 7780 5243 6750
3 10337 4134 7084
3 7679 3270 1069
3 290 5439 2414
3 3213 9792 4992
3 757 3554 6739
3 1582 7618 164
3 2942 3402 5175
3 780 4818 10083
3 2565 7368 6369
3 8028 7654 417
3 10277 9476 7440
3 7770 10271 8825
3 5443 6404 3213
3 3498 7872 9752
3 308 2262 1882
3 8084 6051 4076
3 4580 3303 6149
3 312 3019 3840
3 10337 5111 1568
3 1822 10369 6890
3 2297 6276 2445
3 531 2617 6264
3 5549 9625 757
3 1054 10369 1822
3 6730 2990 2942
3 3498 1783 7872
3 164 8838 3628
3 3174 3260 1449
3 7975 2349 1160
3 5682 6471 4932
3 8831 4932 1887
3 757 2177 5549
3 4992 9799 7621
3 1918 5140 7387
3 8389 308 1224
3 6753 7084 4134
3 308 5608 7101
3 7621 5140 10127
