ply
format ascii 1.0
comment TextureFile obj_000025.png
element vertex 9909
property float x
property float y
property float z
property float nx
property float ny
property float nz
property float texture_u
property float texture_v
element face 17590
property list uchar int vertex_indices
end_header
-12.8470 -34.2490 -22.5433 -0.4195 0.0002 -0.9077 0.1236 0.6333
-12.8877 85.0333 18.9089 -0.9984 -0.0370 0.0435 0.4583 0.1595
13.5817 80.5900 18.0858 1.0000 0.0026 -0.0053 0.4054 0.1702
-12.1295 -121.8048 21.9530 -0.9582 0.0313 0.2845 0.9668 0.1959
-13.2195 112.2636 6.0144 -0.9801 0.1786 -0.0870 0.5098 0.0507
13.6399 -105.9316 15.3321 1.0000 -0.0007 -0.0059 0.3944 0.9158
-11.5971 124.0607 -21.4761 -0.0704 0.9928 -0.0971 0.7496 0.0104
-13.8891 -80.2345 -3.5098 -0.9998 0.0057 -0.0198 0.5479 0.8201
-13.8222 -22.8313 -15.9041 -0.9999 -0.0056 -0.0153 0.5974 0.5907
-11.2288 42.0627 -23.9938 -0.1491 -0.0070 -0.9888 0.1301 0.3283
-11.8665 36.0008 24.6048 -0.0859 0.0190 0.9961 0.1058 0.3559
-13.3182 25.5283 11.1128 -0.9994 0.0024 0.0333 0.4894 0.3974
-13.1717 103.9946 13.4789 -0.9989 0.0002 0.0459 0.4800 0.0837
2.1981 -123.0220 -8.8889 0.0820 -0.9963 -0.0253 0.9265 0.0591
-6.9251 0.6522 24.5660 -0.0152 0.0193 0.9997 0.0860 0.4972
13.5761 0.4032 -23.2880 0.8724 -0.0036 -0.4888 0.2400 0.4908
13.5761 0.4032 -23.2880 0.7481 0.0105 -0.6635 0.2293 0.4948
-13.4789 45.7017 -8.8449 -1.0000 0.0025 -0.0013 0.5692 0.3167
5.0494 123.7225 1.3858 0.0995 0.9949 -0.0156 0.6831 0.1018
14.0067 -30.3785 1.8606 1.0000 0.0029 0.0001 0.3405 0.6138
-11.7574 26.9922 -23.7739 -0.4564 0.0144 -0.8896 0.1280 0.3885
-5.6556 -101.4975 24.1883 0.0232 0.0092 0.9997 0.0810 0.9055
3.8077 11.4146 23.9590 0.0991 -0.0135 0.9950 0.0431 0.4542
-11.9390 -40.9024 -22.8606 -0.4507 0.0194 -0.8925 0.1273 0.6599
10.0352 -43.7794 -24.0047 0.0954 -0.0069 -0.9954 0.2151 0.6714
-5.6300 -114.4534 -23.7442 -0.0344 -0.0129 -0.9993 0.1525 0.9540
13.7652 5.6742 -22.9771 0.9525 0.0020 -0.3044 0.2413 0.4697
-12.8381 6.3955 23.7214 -0.9944 -0.0018 0.1055 0.4390 0.4739
13.6788 41.9686 -16.1177 0.9992 0.0012 0.0405 0.2687 0.3246
-13.5850 -93.7693 23.7761 -0.9943 0.0239 0.1039 0.4388 0.8743
-12.9232 -105.9393 -23.0880 -0.9371 0.2243 -0.2676 0.6261 0.9229
-12.9232 -105.9393 -23.0880 -0.4600 0.1739 -0.8707 0.1233 0.9199
13.4059 -73.7611 23.4164 0.7576 0.0042 0.6527 0.0048 0.7947
13.4059 -73.7611 23.4164 0.9794 -0.0014 0.2021 0.4267 0.7872
6.9913 -64.5598 23.5270 0.0795 -0.0196 0.9966 0.0304 0.7579
-1.2878 -44.1386 24.3756 0.0558 0.0027 0.9984 0.0635 0.6762
-13.2260 111.3460 3.6692 -0.3387 0.8884 -0.3098 0.8195 0.2400
-13.2260 111.3460 3.6692 -0.9746 0.2197 -0.0440 0.5192 0.0543
14.0819 -69.5202 10.2939 0.9999 0.0006 0.0130 0.3743 0.7703
-13.5145 27.0274 -1.1825 -1.0000 0.0062 0.0066 0.5386 0.3914
-13.7873 -10.2492 -8.8557 -1.0000 0.0045 0.0050 0.5692 0.5404
13.5053 84.0115 14.7138 0.9998 0.0063 -0.0167 0.3919 0.1566
4.2456 -120.1983 -22.6082 -0.0628 -0.6782 -0.7322 0.8335 0.0057
13.2011 86.1159 23.9999 0.4725 0.0080 0.8813 0.0056 0.1556
13.2011 86.1159 23.9999 0.8813 0.0092 0.4724 0.4290 0.1482
14.0594 -19.1087 13.5861 0.9999 -0.0041 0.0097 0.3874 0.5688
-2.2398 124.4225 13.1873 0.1239 0.9923 0.0052 0.7122 0.1490
13.2610 -44.4833 23.4910 0.9682 -0.0135 0.2498 0.4270 0.6702
-1.3559 -123.4538 3.0099 0.0696 -0.9972 -0.0280 0.9123 0.1066
1.6281 124.0298 18.0902 0.0974 0.9950 0.0210 0.6968 0.1686
13.9542 6.9958 22.8283 0.7156 -0.0070 0.6985 0.0026 0.4718
13.9542 6.9958 22.8283 0.9183 0.0054 0.3958 0.4244 0.4644
-13.3734 77.0605 -0.1471 -0.9996 -0.0107 0.0244 0.5344 0.1914
-13.7045 -68.9536 -13.2472 -0.9999 -0.0064 -0.0160 0.5868 0.7751
-13.7436 -110.8245 23.0580 -0.9969 0.0218 0.0756 0.4417 0.9424
-11.2265 -18.5105 -23.2041 -0.6358 0.0014 -0.7719 0.1301 0.5704
-3.0788 -123.0336 -19.1147 0.0083 -0.9952 -0.0971 0.9054 0.0182
12.4263 86.6490 -24.1304 0.5054 0.0006 -0.8629 0.2247 0.1501
2.6655 -122.9482 15.5060 0.1420 -0.9894 0.0312 0.9284 0.1566
-4.1328 -122.9675 -21.9229 0.0302 -0.9980 -0.0549 0.9012 0.0070
10.9279 -43.7148 23.5342 0.0008 0.0135 0.9999 0.0147 0.6745
-11.9016 30.3475 -23.7040 -0.8864 -0.0161 -0.4626 0.6379 0.3090
-11.9016 30.3475 -23.7040 -0.4935 -0.0074 -0.8697 0.1274 0.3751
13.7606 116.9664 23.6966 0.8450 -0.0201 0.5343 0.0033 0.0322
2.0400 36.6063 -24.6470 -0.0215 0.0010 -0.9998 0.1832 0.3501
-13.4043 -102.4151 -23.2647 -0.9946 0.0999 0.0279 0.6268 0.9088
-13.4043 -102.4151 -23.2647 -0.2354 0.0616 -0.9699 0.1214 0.9058
-11.4885 -120.8438 -22.7543 -0.4340 0.3875 -0.8133 0.1291 0.9795
13.6543 -53.6038 -23.1600 0.9073 -0.0000 -0.4205 0.2405 0.7067
13.6543 -53.6038 -23.1600 0.6544 -0.0008 -0.7561 0.2296 0.7107
13.5537 56.0970 -23.3536 0.7662 0.0049 -0.6425 0.2292 0.2722
3.3432 -122.9014 -3.8980 0.1014 -0.9944 -0.0288 0.9311 0.0790
14.0111 -29.7944 0.1844 1.0000 0.0037 0.0038 0.3338 0.6115
-12.2823 35.1977 -22.8907 -0.8858 0.0048 -0.4640 0.6346 0.2896
-12.2823 35.1977 -22.8907 -0.6502 0.0061 -0.7598 0.1259 0.3557
-9.7380 -124.5856 20.8521 0.1790 -0.9827 -0.0474 0.8788 0.1779
13.3682 16.1728 23.1085 0.2242 -0.0011 0.9745 0.0049 0.4352
-12.9461 -26.7006 24.4152 -0.9612 0.0137 0.2756 0.4363 0.6062
-12.9461 -26.7006 24.4152 -0.6620 -0.0135 0.7494 0.1101 0.6065
13.5467 93.9840 14.3220 0.9989 -0.0460 -0.0001 0.3904 0.1167
-13.7506 -63.6943 13.1069 -0.9998 0.0097 0.0198 0.4815 0.7540
6.4176 -17.5501 23.8404 0.1146 0.0363 0.9927 0.0327 0.5700
-12.0688 -7.5490 24.5016 -0.0947 0.0144 0.9954 0.1066 0.5300
-4.9760 -119.5369 22.8429 -0.0179 -0.8989 0.4378 0.7966 0.1874
8.0662 122.1473 23.8433 -0.0038 0.3084 0.9512 0.0261 0.0115
5.3301 -120.3030 22.1615 -0.4672 0.5034 0.7268 0.0370 0.9807
5.3301 -120.3030 22.1615 -0.1261 -0.7372 0.6638 0.8378 0.1846
-0.5792 -119.8442 21.4963 -0.0684 -0.9809 0.1819 0.8142 0.1820
13.4702 -110.2562 23.4893 0.7348 -0.0173 0.6781 0.0045 0.9405
13.4702 -110.2562 23.4893 0.9520 0.0022 0.3060 0.4270 0.9331
5.1687 -61.3921 -24.2742 0.0130 -0.0015 -0.9999 0.1957 0.7418
-12.8977 -87.9931 24.3770 -0.2563 0.0023 0.9666 0.1099 0.8515
1.9082 69.4966 -24.7845 -0.0149 -0.0087 -0.9999 0.1826 0.2186
2.0969 -123.1465 9.0068 0.1152 -0.9933 0.0089 0.9261 0.1306
5.9855 -117.6737 23.6413 0.0287 0.0009 0.9996 0.0344 0.9702
-12.2828 11.4519 24.5501 -0.3287 -0.0046 0.9444 0.1074 0.4540
-6.1402 -69.6488 24.5482 -0.0233 -0.0633 0.9977 0.0829 0.7782
3.9310 -120.6026 21.9735 0.0810 0.2614 0.9618 0.0426 0.9819
-2.5461 -64.2218 -24.0302 -0.0434 -0.0010 -0.9991 0.1648 0.7532
-11.6352 -117.2535 -23.4477 -0.0221 -0.0420 -0.9989 0.1285 0.9651
12.5743 -76.9025 23.7430 -0.3095 -0.0047 0.9509 0.0081 0.8072
13.5114 25.2879 23.2224 0.3947 0.0020 0.9188 0.0043 0.3987
-13.2144 68.8042 7.4143 -0.9997 -0.0112 0.0224 0.5042 0.2244
-5.3369 -120.1163 -22.4305 0.0203 -0.7503 -0.6608 0.7952 0.0064
-13.1896 75.8561 8.4600 -0.9997 -0.0015 0.0227 0.5000 0.1962
14.1108 113.1860 10.6253 1.0000 -0.0000 -0.0031 0.3756 0.0399
-13.5912 96.9003 -4.1715 -0.9998 -0.0197 0.0024 0.5505 0.1121
13.6440 81.5587 -22.2950 0.9996 -0.0117 -0.0260 0.2440 0.1664
5.4727 -119.9841 -22.9463 -0.0292 -0.7072 -0.7064 0.8384 0.0043
-13.2857 -60.9164 24.3897 -0.9604 0.0037 0.2787 0.4364 0.7429
-13.2857 -60.9164 24.3897 -0.6942 -0.0202 0.7195 0.1115 0.7433
4.0678 -54.5921 23.9635 0.0928 0.0326 0.9952 0.0421 0.7180
13.9704 -48.5496 -0.5309 0.9999 0.0075 0.0156 0.3310 0.6865
-13.2584 66.8530 4.3226 -0.9998 0.0129 0.0161 0.5166 0.2322
8.5745 -107.9574 23.2988 0.0450 -0.1006 0.9939 0.0241 0.9314
13.3590 -107.0591 23.6350 0.6754 0.0032 0.7374 0.0049 0.9278
-12.7554 -62.1341 -22.9396 -0.3996 -0.0066 -0.9167 0.1240 0.7448
11.7931 -70.9225 23.4249 -0.2020 0.0059 0.9794 0.0112 0.7833
13.8502 20.9001 10.1451 0.9991 0.0119 -0.0406 0.3737 0.4088
-12.9743 -9.0038 -22.2950 -0.6506 -0.0137 -0.7593 0.1231 0.5324
14.2262 -40.0481 -16.2686 0.9997 -0.0214 0.0077 0.2681 0.6525
-13.2106 -35.6440 -22.2381 -0.9215 -0.0054 -0.3884 0.6227 0.6419
-13.2106 -35.6440 -22.2381 -0.8213 -0.0284 -0.5697 0.1222 0.6389
13.3733 -33.1402 -23.4937 0.5767 0.0080 -0.8169 0.2285 0.6289
-8.5261 124.1856 -17.5391 0.0478 0.9976 -0.0505 0.7374 0.0262
-6.5058 -67.7692 -23.9005 -0.0522 0.0059 -0.9986 0.1490 0.7673
-11.6976 77.3145 -23.1014 -0.5031 -0.0058 -0.8642 0.1282 0.1874
13.7438 -68.2606 -23.0282 0.9585 -0.0057 -0.2850 0.2411 0.7653
13.7438 -68.2606 -23.0282 0.6719 -0.0051 -0.7407 0.2299 0.7693
3.0472 -13.0793 24.0510 0.0561 -0.0758 0.9955 0.0462 0.5521
-13.1688 -51.9093 -22.6429 -0.9791 -0.0028 -0.2035 0.6244 0.7069
-13.1688 -51.9093 -22.6429 -0.7539 0.0370 -0.6560 0.1224 0.7039
12.6712 -120.8202 -5.3049 0.9797 -0.2003 -0.0031 0.3119 0.9754
12.6712 -120.8202 -5.3049 0.7995 -0.6006 0.0085 0.9684 0.0734
4.5889 -122.7924 -3.9088 0.0927 -0.9956 -0.0096 0.9361 0.0790
-11.2188 99.8075 -24.3511 -0.8848 0.0074 -0.4659 0.6405 0.0314
-11.2188 99.8075 -24.3511 -0.2458 -0.0039 -0.9693 0.1302 0.0975
9.0423 -104.3830 -23.7754 0.1008 -0.0204 -0.9947 0.2111 0.9137
-13.4785 -111.9327 -23.4135 -0.9727 -0.0778 -0.2186 0.6274 0.9469
-13.4785 -111.9327 -23.4135 -0.4582 -0.0351 -0.8881 0.1211 0.9439
14.2235 -49.0836 -14.9634 1.0000 -0.0007 0.0090 0.2733 0.6886
-9.8521 -84.4206 24.4774 0.0391 -0.0070 0.9992 0.0977 0.8373
-8.3171 -66.2737 24.5686 -0.0569 -0.0015 0.9984 0.0916 0.7647
-13.6682 -102.3447 -19.4306 -0.9944 0.0090 -0.1055 0.6115 0.9085
11.3643 -69.7012 -23.7387 0.1060 0.0001 -0.9944 0.2204 0.7751
13.0735 -53.8545 23.8314 0.5902 0.0106 0.8072 0.0061 0.7151
13.4365 104.1663 -22.8575 0.9444 0.0037 -0.3287 0.2417 0.0760
11.5721 108.8064 -24.2963 0.1605 -0.0092 -0.9870 0.2213 0.0615
14.0527 -4.2889 18.6354 1.0000 -0.0052 0.0058 0.4076 0.5095
13.1210 66.7524 2.6015 0.9996 0.0075 -0.0265 0.3435 0.2256
-5.1886 -124.0096 14.5246 0.0846 -0.9964 0.0040 0.8970 0.1526
-13.3737 9.9789 -21.8377 -0.9375 0.0191 -0.3474 0.6211 0.4595
-11.2574 98.8064 -24.2827 -0.8796 -0.0028 -0.4757 0.6402 0.0354
-11.2574 98.8064 -24.2827 -0.8365 -0.0052 -0.5479 0.1300 0.1015
10.5366 -97.1720 23.2418 -0.0932 0.0358 0.9950 0.0162 0.8882
13.2138 44.9756 -23.6900 0.5871 -0.0009 -0.8095 0.2278 0.3167
13.1089 -24.1713 23.6142 0.1003 0.0063 0.9949 0.0059 0.5964
13.9176 101.7430 11.2318 0.9995 -0.0301 -0.0071 0.3780 0.0857
-12.7688 -118.9493 17.2371 -0.4845 -0.8748 0.0013 0.7655 0.1650
13.5154 -115.9543 18.3096 0.9997 -0.0221 -0.0060 0.4063 0.9559
-4.6689 -89.6218 24.4055 0.0696 -0.0188 0.9974 0.0770 0.8581
-11.9868 28.8741 24.6059 -0.2097 -0.0081 0.9777 0.1063 0.3844
-13.1117 -77.9757 -22.3197 -0.9971 0.0063 -0.0758 0.6231 0.8111
-12.0720 9.5806 24.5834 -0.1976 -0.0109 0.9802 0.1066 0.4615
-12.5883 -18.8685 24.6209 -0.3114 -0.0138 0.9502 0.1087 0.5752
-11.6400 67.7113 -23.7862 -0.8294 0.0145 -0.5585 0.1285 0.2258
-11.6400 67.7113 -23.7862 -0.9049 0.0020 -0.4257 0.6382 0.1597
-9.1683 123.1744 -23.0436 0.0018 -0.0678 -0.9977 0.1384 0.0041
13.8375 -105.4217 -19.4048 0.9991 0.0016 0.0428 0.2555 0.9138
13.1087 58.9885 -3.5169 0.9999 0.0069 0.0096 0.3191 0.2566
-13.4488 42.8606 -3.0955 -1.0000 0.0037 0.0079 0.5462 0.3281
13.5750 11.2394 -6.0749 0.9998 0.0212 0.0020 0.3088 0.4475
-12.3890 -119.2682 -2.7628 -0.9953 -0.0949 -0.0171 0.9770 0.2947
-12.3890 -119.2682 -2.7628 -0.7380 -0.6747 0.0056 0.7670 0.0850
13.5160 82.4257 14.9711 0.9998 0.0058 -0.0179 0.3930 0.1629
-1.0122 -27.4716 24.4688 0.0876 0.0291 0.9957 0.0624 0.6096
-7.4138 -123.8422 22.9634 0.0124 -0.7143 0.6998 0.8881 0.1864
13.4319 -3.1247 -23.4520 0.7064 0.0019 -0.7078 0.2287 0.5089
-13.0488 18.2662 17.7951 -0.9990 0.0035 0.0451 0.4627 0.4264
13.4363 115.7183 24.0705 0.5186 0.0013 0.8550 0.0046 0.0372
-13.0428 -17.8963 23.8195 -0.9874 0.0079 0.1578 0.4386 0.5710
13.7598 -96.8541 5.5068 0.9994 -0.0281 -0.0198 0.3551 0.8796
-7.5894 124.0809 -18.4911 0.0442 0.9975 -0.0552 0.7336 0.0223
-13.6641 10.8544 -14.9356 -0.9999 0.0089 -0.0134 0.5936 0.4560
-4.8680 124.5204 3.5286 0.0628 0.9975 -0.0332 0.7227 0.1104
-4.3629 -109.5871 24.2717 0.0014 -0.0581 0.9983 0.0758 0.9379
13.2786 -71.5369 -23.3929 0.5443 -0.0028 -0.8389 0.2281 0.7824
-13.6276 -119.1553 21.9925 -0.9433 -0.3320 -0.0064 0.4459 0.9757
-13.6276 -119.1553 21.9925 -0.0767 -0.9945 -0.0710 0.7620 0.1840
11.7753 -14.1926 23.2854 -0.0042 0.0017 1.0000 0.0113 0.5565
13.0743 37.7841 23.5849 0.2285 -0.0183 0.9734 0.0061 0.3488
6.7200 -35.5111 23.6801 0.0876 -0.0034 0.9962 0.0315 0.6418
-12.2635 104.4543 24.4605 -0.4720 0.0077 0.8816 0.1074 0.0823
-10.5893 13.1236 24.5712 0.0355 0.0075 0.9993 0.1007 0.4473
-10.0969 -68.3704 24.5123 0.0291 0.0237 0.9993 0.0987 0.7731
-13.7040 -7.1663 -2.9956 -0.9999 0.0047 0.0114 0.5458 0.5281
-13.5207 34.8358 -7.2593 -1.0000 0.0022 0.0028 0.5629 0.3602
13.7126 122.0971 4.9846 0.8042 0.5943 -0.0082 0.6485 0.1162
13.7126 122.0971 4.9846 0.9945 0.1032 -0.0204 0.3530 0.0043
11.0765 -121.5979 9.3311 0.3122 -0.9495 0.0307 0.9620 0.1319
-10.1757 -39.8547 24.5719 -0.0264 -0.0083 0.9996 0.0990 0.6591
13.3620 39.3325 23.4999 0.3327 -0.0204 0.9428 0.0049 0.3426
10.0440 -121.9906 1.7451 0.1581 -0.9874 0.0074 0.9579 0.1016
-13.6954 -39.6380 -18.7548 -0.9986 -0.0016 -0.0531 0.6088 0.6579
-13.5029 35.2239 -3.7692 -1.0000 0.0039 0.0062 0.5489 0.3586
14.0639 2.1610 14.9302 0.9997 -0.0091 -0.0209 0.3928 0.4838
-13.4250 47.6630 -14.2309 -1.0000 -0.0016 -0.0016 0.5907 0.3089
-9.4466 -123.6087 -7.4527 0.0356 -0.9982 -0.0492 0.8799 0.0648
-13.2876 74.6970 2.6837 -0.9998 0.0012 0.0202 0.5231 0.2008
6.9441 110.8992 24.6279 0.0492 0.0017 0.9988 0.0306 0.0565
-13.3793 65.6664 -4.3913 -0.9999 0.0077 0.0115 0.5514 0.2369
-12.6582 50.9602 -22.5264 -0.6193 -0.0024 -0.7851 0.1244 0.2927
13.5914 5.6618 23.1437 0.3716 -0.0141 0.9283 0.0040 0.4772
-9.5327 121.4902 -23.7006 -0.0103 0.7977 -0.6030 0.8914 0.2076
-13.8259 -42.1925 -10.0328 -0.9998 -0.0196 0.0038 0.5740 0.6681
-8.2371 124.3607 24.1564 0.0662 0.6916 0.7193 0.7362 0.1928
-1.0776 121.3855 -23.8234 0.0112 0.7591 -0.6509 0.8909 0.2414
-2.0467 -123.1031 -14.4774 0.0649 -0.9966 -0.0513 0.9095 0.0367
-14.2189 -107.2106 0.4254 -0.9999 -0.0042 -0.0106 0.5321 0.9280
13.1939 29.8844 23.4318 0.3122 -0.0085 0.9500 0.0056 0.3803
-13.3454 58.5828 3.8799 -0.9999 0.0065 0.0151 0.5183 0.2652
12.8678 40.4949 23.6761 0.1563 -0.0211 0.9875 0.0069 0.3379
-4.2998 -123.6203 -2.5285 0.0607 -0.9979 -0.0237 0.9005 0.0845
-13.8031 -87.8108 19.4151 -0.9994 0.0060 0.0330 0.4562 0.8504
-13.5557 26.3268 -6.5567 -0.9999 0.0041 0.0128 0.5601 0.3942
-13.4318 21.8052 -20.3085 -0.9960 0.0147 -0.0881 0.6150 0.4123
-13.6513 101.8250 -8.5628 -1.0000 -0.0029 -0.0056 0.5681 0.0924
-13.3141 57.3065 6.7559 -0.9998 0.0081 0.0183 0.5068 0.2703
5.3947 -95.4251 23.7016 0.0839 0.0540 0.9950 0.0368 0.8813
12.6542 -31.2916 -23.8161 0.2512 -0.0133 -0.9678 0.2256 0.6215
-13.4944 32.6980 -14.9130 -0.9999 0.0104 -0.0102 0.5935 0.3687
-10.9653 -26.8081 -23.4070 -0.2874 0.0026 -0.9578 0.1312 0.6036
-3.1121 2.6110 24.6231 0.0976 0.0684 0.9929 0.0708 0.4894
13.4607 -103.3868 2.7638 0.9994 -0.0255 -0.0254 0.3442 0.9057
7.4473 28.8452 23.7738 0.0647 -0.0174 0.9978 0.0286 0.3845
-2.7671 -87.5401 -23.8955 -0.0371 -0.0067 -0.9993 0.1639 0.8464
-10.3914 124.4427 24.1455 -0.0806 0.7324 0.6761 0.7448 0.1928
-10.3914 124.4427 24.1455 -0.1149 0.1970 0.9736 0.0999 0.0024
12.0053 -83.2734 23.3742 -0.2416 -0.0222 0.9701 0.0104 0.8327
13.9195 -84.4530 14.8704 0.9997 -0.0063 0.0215 0.3926 0.8300
-12.3245 121.5529 10.2538 -0.9621 0.1783 -0.2066 0.4929 0.0135
-12.3245 121.5529 10.2538 -0.6090 0.6365 -0.4733 0.8259 0.1995
-12.3245 121.5529 10.2538 -0.6946 0.2999 -0.6539 0.7917 0.1970
13.9984 -43.0735 -3.1133 0.9998 -0.0024 0.0216 0.3207 0.6646
-13.4844 35.0261 -13.9323 -0.9999 0.0062 -0.0110 0.5895 0.3594
-6.0783 124.4895 0.3530 0.0678 0.9972 -0.0322 0.7276 0.0977
13.1417 64.9763 -23.7151 0.6084 0.0014 -0.7936 0.2275 0.2367
-12.4184 43.6247 24.2208 -0.9158 0.0112 0.4014 0.4370 0.3250
-12.4184 43.6247 24.2208 -0.6793 0.0162 0.7337 0.1080 0.3254
-11.5601 -124.6122 22.7764 -0.2536 -0.9419 0.2204 0.8715 0.1856
-11.5601 -124.6122 22.7764 -0.5765 -0.3762 0.7254 0.1046 0.9979
-11.5601 -124.6122 22.7764 -0.8276 -0.4972 0.2604 0.9556 0.1926
-1.8965 -110.2987 23.9437 0.0996 -0.0148 0.9949 0.0659 0.9407
-12.4874 -26.7141 24.6684 0.0479 -0.0178 0.9987 0.1083 0.6066
13.6952 -20.3898 22.7675 0.9661 -0.0086 0.2582 0.4241 0.5739
13.8364 -19.2559 -22.6059 0.9760 0.0054 -0.2178 0.2427 0.5694
-1.7819 -120.3648 -22.3166 -0.0147 -0.1580 -0.9873 0.1679 0.9776
-13.5280 96.1467 1.0450 -0.9998 -0.0132 0.0147 0.5297 0.1151
0.2589 -122.4417 -22.8290 0.0459 -0.4426 -0.8956 0.1760 0.9859
0.2589 -122.4417 -22.8290 0.0309 -0.8635 -0.5033 0.9187 0.0033
-5.0720 -70.7529 -23.9711 -0.0430 -0.0019 -0.9991 0.1547 0.7793
13.3584 80.1505 23.7142 0.7897 -0.0029 0.6134 0.0049 0.1794
13.5143 122.1984 -4.6561 0.9701 0.2426 -0.0113 0.3145 0.0039
-13.4364 19.1103 -20.9181 -0.9959 0.0171 -0.0889 0.6175 0.4230
13.1775 -29.0193 23.6336 0.5039 0.0141 0.8636 0.0057 0.6158
13.7534 122.0937 8.2862 0.9381 0.3461 -0.0112 0.3662 0.0043
13.7534 122.0937 8.2862 0.8057 0.5923 -0.0041 0.6483 0.1294
-3.0175 -16.8361 -24.0799 -0.0579 -0.0053 -0.9983 0.1629 0.5637
-14.0101 -110.3296 18.1629 -0.9992 0.0029 0.0398 0.4612 0.9405
13.9645 -88.3550 10.0131 0.9999 -0.0117 0.0058 0.3731 0.8456
4.5833 -26.6921 -24.3546 -0.0103 -0.0030 -0.9999 0.1933 0.6031
0.2448 48.9694 24.5715 0.0484 -0.0067 0.9988 0.0574 0.3041
-12.1699 121.2885 -22.7659 -0.1391 0.9601 -0.2425 0.8951 0.1971
12.6748 -120.7030 -15.3194 0.9842 -0.1744 0.0300 0.2719 0.9749
14.1691 -58.8041 -19.5443 0.9993 -0.0352 -0.0130 0.2550 0.7275
1.5661 -123.1924 9.6088 0.1190 -0.9929 0.0094 0.9240 0.1330
13.5196 93.8435 6.8038 0.9986 -0.0516 -0.0102 0.3603 0.1173
13.1503 -36.9073 22.9394 0.6703 -0.0504 0.7404 0.0058 0.6473
-13.3016 78.0757 1.9990 -0.9994 -0.0042 0.0351 0.5259 0.1873
-12.9317 65.2831 16.4894 -0.9987 0.0196 0.0462 0.4679 0.2385
-13.2868 -112.7061 24.3308 -0.5463 0.0148 0.8374 0.1115 0.9503
13.9576 -96.9709 -22.3325 0.9810 0.0083 -0.1939 0.2438 0.8800
-11.8354 34.3044 24.6103 0.0044 0.0024 1.0000 0.1057 0.3627
-13.2435 -107.9999 -23.5384 -0.6553 -0.0255 -0.7549 0.1221 0.9282
12.9388 116.5003 -23.6923 0.8905 -0.0104 -0.4549 0.2384 0.0267
13.7711 -42.2799 -23.0330 0.9127 -0.0043 -0.4087 0.2410 0.6614
13.7711 -42.2799 -23.0330 0.7505 0.0001 -0.6609 0.2301 0.6654
-1.9340 -119.6841 -23.2421 -0.0048 -0.7806 -0.6250 0.8088 0.0031
-12.0412 59.4130 -22.8645 -0.6042 -0.0378 -0.7960 0.1269 0.2589
-13.2653 61.8317 -19.5560 -0.9984 0.0030 -0.0564 0.6120 0.2523
13.2682 81.2239 5.8437 0.9990 -0.0032 -0.0447 0.3565 0.1677
-11.8722 100.6816 -23.4431 -0.2926 0.0064 -0.9562 0.1275 0.0940
-12.9687 92.2804 19.4141 -0.9988 -0.0371 0.0329 0.4562 0.1305
-13.2511 79.6058 3.5676 -0.9993 -0.0036 0.0375 0.5196 0.1812
-11.8234 -76.3960 24.5151 -0.0443 0.0019 0.9990 0.1056 0.8052
0.7817 -60.1429 24.0784 0.0490 -0.0218 0.9986 0.0552 0.7402
4.3594 59.2639 -24.6974 0.0096 -0.0064 -0.9999 0.1924 0.2595
-12.4285 77.3651 23.9770 -0.9760 -0.0042 0.2178 0.4380 0.1902
-12.4285 77.3651 23.9770 -0.7089 -0.0171 0.7051 0.1080 0.1905
-8.0104 -97.7862 -23.6727 -0.0528 0.0031 -0.9986 0.1430 0.8873
-12.5138 -32.4990 24.5893 0.0608 -0.0074 0.9981 0.1084 0.6297
7.9492 -18.3956 23.6758 0.0982 -0.0034 0.9952 0.0266 0.5733
13.6499 -36.0638 -23.2392 0.9433 0.0050 -0.3318 0.2402 0.6366
13.6499 -36.0638 -23.2392 0.6543 0.0003 -0.7562 0.2296 0.6406
-8.5298 -27.7078 24.5902 -0.0187 -0.0115 0.9998 0.0924 0.6106
-6.7572 -121.6404 -22.9297 0.0114 0.4952 -0.8687 0.1480 0.9827
13.0876 35.7969 23.5586 0.2163 -0.0144 0.9762 0.0060 0.3567
-4.2625 -119.9755 20.8424 -0.0335 0.0226 0.9992 0.0754 0.9794
-13.6228 -57.5196 16.0451 -0.9997 0.0068 0.0232 0.4697 0.7293
-12.8281 -30.8596 24.5269 -0.6431 -0.0108 0.7657 0.1096 0.6232
13.4378 84.4576 -13.6390 0.9992 -0.0044 0.0407 0.2786 0.1548
-12.1738 57.0768 24.3958 -0.8770 0.0268 0.4798 0.4363 0.2713
-12.1738 57.0768 24.3958 -0.6557 0.0187 0.7548 0.1070 0.2716
12.9379 -119.9094 7.3480 0.9839 -0.1770 -0.0231 0.3625 0.9717
9.3688 -74.1848 23.5027 -0.0223 0.0044 0.9997 0.0209 0.7964
13.6422 95.7501 5.8308 0.9983 -0.0566 -0.0145 0.3564 0.1096
-13.1870 45.6941 12.3982 -0.9989 0.0009 0.0468 0.4843 0.3168
-13.3190 118.4064 -21.4208 -0.9948 -0.0209 -0.0998 0.6195 0.0261
-6.2546 -123.2117 23.2783 0.0270 -0.1218 0.9922 0.0834 0.9923
-13.4533 17.3239 -21.0026 -0.9927 0.0108 -0.1203 0.6178 0.4302
-11.3078 75.0156 -24.1841 -0.3454 0.0001 -0.9384 0.1298 0.1966
-11.3078 75.0156 -24.1841 -0.8730 0.0105 -0.4875 0.6398 0.1305
-13.7479 -86.8517 -14.8125 -0.9999 0.0075 -0.0152 0.5931 0.8466
13.6314 -110.6210 22.9832 0.9895 0.0024 0.1447 0.4250 0.9346
-13.3489 109.3047 5.0603 -0.9998 0.0169 0.0055 0.5136 0.0625
-8.5014 123.9062 -21.6204 0.0348 0.9948 -0.0961 0.7373 0.0098
13.5190 80.2855 22.1800 0.9997 0.0015 0.0229 0.4218 0.1715
13.6571 99.3500 -5.4216 0.9997 -0.0253 -0.0010 0.3114 0.0953
13.5721 110.9696 23.9000 0.7257 -0.0055 0.6880 0.0041 0.0562
-13.3490 62.3812 2.4589 -0.9999 0.0025 0.0122 0.5240 0.2501
5.4916 -120.6017 -22.5572 -0.0495 -0.0235 -0.9985 0.1970 0.9785
13.7269 60.8806 -23.0409 0.9635 -0.0031 -0.2675 0.2410 0.2490
13.7269 60.8806 -23.0409 0.8616 0.0026 -0.5076 0.2299 0.2531
-8.5528 124.3457 -12.7717 0.0357 0.9991 -0.0233 0.7375 0.0452
-6.1222 -123.9701 9.8956 0.0511 -0.9982 -0.0327 0.8932 0.1341
13.9816 -24.1914 -20.2175 0.9986 0.0043 -0.0527 0.2523 0.5891
-10.9164 123.1401 -22.9666 -0.0909 -0.3739 -0.9230 0.1314 0.0042
-11.5713 -11.4445 -22.8601 -0.6322 -0.0044 -0.7748 0.1287 0.5422
-13.8462 -85.9259 -7.6159 -0.9997 0.0129 -0.0190 0.5643 0.8429
13.3288 92.0175 -23.3642 0.9076 0.0118 -0.4196 0.2397 0.1246
13.3288 92.0175 -23.3642 0.7568 0.0284 -0.6530 0.2283 0.1286
13.9343 -7.5710 -19.3428 0.9999 0.0020 -0.0104 0.2558 0.5227
-12.9181 71.0526 16.0015 -0.9987 -0.0161 0.0482 0.4699 0.2154
2.2796 -108.8437 23.6899 -0.0086 0.0112 0.9999 0.0492 0.9349
-11.7328 -123.0057 22.8968 -0.5746 0.2220 0.7878 0.1052 0.9915
-12.6930 35.2522 23.6938 -0.9772 0.0074 0.2122 0.4391 0.3585
-13.4382 54.8346 -0.7915 -1.0000 0.0069 0.0043 0.5370 0.2802
-12.8689 117.7493 9.5739 -0.5037 0.3110 -0.8059 0.7895 0.2122
13.4723 93.4749 5.1580 0.9987 -0.0471 -0.0181 0.3537 0.1187
-14.2349 -104.1684 6.4215 -1.0000 -0.0003 0.0071 0.5082 0.9158
13.8198 109.4528 23.0437 0.9961 -0.0087 0.0880 0.4252 0.0549
-12.6643 -31.2792 24.6114 -0.2105 -0.0071 0.9776 0.1090 0.6248
13.5032 80.8268 23.1926 0.9980 -0.0055 0.0623 0.4258 0.1693
-6.4985 -123.8027 22.9634 0.1004 -0.7692 0.6310 0.8917 0.1864
2.4061 -120.0802 -22.6388 -0.0135 -0.7977 -0.6029 0.8261 0.0056
13.5866 86.0569 -17.0175 0.9994 -0.0036 0.0334 0.2651 0.1484
14.0495 -74.7946 10.6639 0.9999 -0.0053 0.0120 0.3757 0.7914
-13.4048 -100.3798 -21.2216 -0.9882 0.0019 -0.1529 0.6187 0.9007
13.1587 76.5611 23.9776 0.6261 0.0048 0.7798 0.0057 0.1938
14.0692 -33.8474 -12.1453 1.0000 0.0074 0.0028 0.2846 0.6277
14.1109 -67.6116 -19.6012 0.9990 -0.0037 -0.0442 0.2548 0.7627
-12.3994 48.7214 -22.6938 -0.6118 -0.0157 -0.7908 0.1254 0.3017
-11.7863 11.2414 -23.3049 -0.6819 -0.0268 -0.7309 0.1279 0.4515
-12.7096 -46.7972 -22.6946 -0.2961 -0.0123 -0.9551 0.1242 0.6835
-7.7017 22.3172 -24.1704 -0.0751 -0.0081 -0.9971 0.1442 0.4072
-11.4398 92.2114 -23.7870 -0.9433 0.0140 -0.3316 0.6382 0.0617
12.6935 -36.3440 23.2079 0.2844 -0.1168 0.9516 0.0076 0.6451
13.2588 -41.7171 23.6173 0.7551 0.0305 0.6550 0.0053 0.6666
13.2588 -41.7171 23.6173 0.9835 0.0335 0.1776 0.4275 0.6592
-14.1090 -96.1054 -2.6104 -0.9998 0.0154 -0.0153 0.5443 0.8836
-12.8477 69.9569 17.1484 -0.9989 -0.0068 0.0468 0.4653 0.2198
13.8168 30.9305 11.7106 0.9992 0.0082 -0.0380 0.3799 0.3688
-12.6635 -34.9396 24.6052 -0.0655 -0.0040 0.9978 0.1090 0.6395
13.1796 -69.7521 -23.4680 0.4203 -0.0037 -0.9074 0.2277 0.7753
-12.9868 70.3639 14.3219 -0.9986 -0.0176 0.0500 0.4766 0.2181
-14.2047 -105.1873 -1.0562 -0.9999 -0.0052 -0.0147 0.5381 0.9199
-1.4389 -123.6160 14.8781 0.1013 -0.9947 0.0154 0.9120 0.1541
13.6468 -119.4347 -22.6663 0.9876 -0.1466 0.0554 0.2425 0.9698
13.6468 -119.4347 -22.6663 0.8219 -0.2124 -0.5286 0.2296 0.9739
-12.6111 30.4396 24.0524 -0.9195 -0.0011 0.3931 0.4377 0.3777
-12.6111 30.4396 24.0524 -0.8032 0.0368 0.5946 0.1088 0.3781
13.4188 68.8765 23.6058 0.7993 -0.0165 0.6008 0.0047 0.2245
13.4188 68.8765 23.6058 0.8994 0.0007 0.4372 0.4275 0.2171
-13.3676 63.6011 -15.1639 -0.9999 0.0009 -0.0143 0.5945 0.2452
-7.6013 -124.0087 9.1420 0.0408 -0.9989 -0.0247 0.8873 0.1311
-12.6283 79.2316 22.6738 -0.9985 0.0045 0.0548 0.4432 0.1827
-1.4426 124.2878 14.2424 0.0794 0.9968 0.0120 0.7090 0.1532
0.8333 -120.6987 21.5062 -0.0745 0.7136 0.6966 0.0550 0.9823
13.2730 -9.9429 23.2945 0.2972 0.0513 0.9534 0.0053 0.5396
-12.8546 117.2823 23.1760 -0.9989 0.0108 -0.0467 0.4412 0.0306
2.0759 -123.1297 4.9712 0.1108 -0.9937 -0.0152 0.9260 0.1145
5.0239 -34.7478 -24.3302 -0.0103 -0.0008 -0.9999 0.1951 0.6353
-13.2180 39.1440 -21.4526 -0.9859 0.0026 -0.1674 0.6196 0.3429
1.7970 41.4117 24.3446 0.0774 -0.0304 0.9965 0.0512 0.3343
-13.0548 -81.7171 -23.1906 -0.9885 -0.1144 -0.0990 0.6266 0.8261
-13.0548 -81.7171 -23.1906 -0.2125 0.1151 -0.9704 0.1228 0.8231
1.4811 -104.2615 -24.0319 -0.0129 -0.0088 -0.9999 0.1809 0.9132
-13.2368 118.9279 -9.6332 -0.8756 0.1769 0.4495 0.5724 0.0240
-7.9702 96.1872 -24.6778 -0.0494 0.0032 -0.9988 0.1431 0.1119
13.6742 -82.7389 21.3879 0.9969 -0.0004 0.0792 0.4186 0.8231
-12.5574 68.3745 23.5492 -0.9778 0.0098 0.2094 0.4397 0.2261
8.5054 -95.6485 -23.9365 0.1108 -0.0103 -0.9938 0.2090 0.8788
1.1883 -23.5391 24.2899 0.0187 -0.0267 0.9995 0.0536 0.5939
12.9684 -65.1806 23.8050 0.0877 0.0116 0.9961 0.0065 0.7604
13.3972 33.7919 3.0680 0.9993 0.0044 -0.0380 0.3454 0.3573
-13.4631 43.4913 -12.0828 -0.9999 0.0051 -0.0087 0.5821 0.3256
-12.5660 -92.6265 -23.2818 -0.4380 -0.0128 -0.8989 0.1248 0.8667
-12.7876 -110.0918 -23.6690 0.0001 0.0071 -1.0000 0.1239 0.9365
-12.3191 121.9190 23.8866 -0.3451 0.8210 0.4548 0.8804 0.1995
-13.0331 -45.3026 -22.5498 -0.6690 0.0037 -0.7432 0.1229 0.6775
-12.6325 -118.8471 -23.0572 -0.8778 -0.0756 -0.4731 0.6260 0.9745
-12.6325 -118.8471 -23.0572 -0.6958 -0.2539 -0.6719 0.1245 0.9715
-12.6483 121.5456 15.1134 -0.6910 0.7204 0.0593 0.8453 0.1982
-12.0877 27.6522 -23.2942 -0.8789 0.0058 -0.4770 0.6362 0.3198
13.0939 76.1751 -23.7761 0.6070 -0.0039 -0.7947 0.2273 0.1919
13.3047 -39.1813 22.8177 0.7462 0.0629 0.6627 0.0052 0.6564
13.3047 -39.1813 22.8177 0.9547 0.0472 0.2937 0.4243 0.6490
13.8873 -105.0122 -22.4351 0.8622 -0.0206 -0.5062 0.2305 0.9162
13.8873 -105.0122 -22.4351 0.9620 0.0010 -0.2731 0.2434 0.9122
-11.7387 121.9851 22.4781 -0.6690 0.1348 0.7310 0.1053 0.0122
-11.7387 121.9851 22.4781 -0.5734 0.8158 0.0751 0.8748 0.2019
-11.7387 121.9851 22.4781 -0.9795 0.1167 0.1643 0.4440 0.0118
-7.4976 -123.3748 23.2390 -0.0662 -0.1642 0.9842 0.0883 0.9930
-13.0389 72.2700 -21.7058 -0.9924 0.0007 -0.1231 0.6206 0.2105
-9.9365 122.0512 23.5222 -0.2904 0.8477 0.4439 0.8790 0.2091
-9.9365 122.0512 23.5222 -0.3019 0.3730 0.8773 0.0981 0.0119
5.7199 -102.8224 23.6019 0.1081 0.0822 0.9907 0.0355 0.9108
5.7979 -96.4523 23.7314 0.0707 -0.0184 0.9973 0.0352 0.8854
13.1721 -112.5151 -23.2165 0.2720 0.0012 -0.9623 0.2277 0.9462
-13.3471 40.5771 -19.5483 -0.9980 0.0012 -0.0628 0.6120 0.3372
-3.1612 -123.3087 -11.3493 0.0757 -0.9970 0.0151 0.9051 0.0492
13.3361 75.9604 -10.6154 0.9993 -0.0070 0.0354 0.2907 0.1887
-12.6882 -13.8631 24.5056 -0.7233 0.0041 0.6906 0.1091 0.5552
-12.6882 -13.8631 24.5056 -0.8772 0.0266 0.4794 0.7649 0.1970
-13.7767 -42.9215 -13.7185 -0.9997 -0.0232 -0.0089 0.5887 0.6710
-12.2091 22.5818 24.4409 -0.3860 0.0095 0.9225 0.1072 0.4095
13.0665 -18.1289 -23.7113 0.4331 0.0031 -0.9013 0.2272 0.5689
-12.0604 52.1260 -22.8814 -0.9360 -0.0193 -0.3516 0.6346 0.2220
-12.0604 52.1260 -22.8814 -0.5280 0.0061 -0.8492 0.1268 0.2881
13.1831 -101.0837 23.7490 0.6347 0.0214 0.7725 0.0056 0.9039
-13.7250 -34.2431 6.3190 -0.9999 0.0025 0.0153 0.5086 0.6363
-12.1874 118.8425 9.2641 -0.9863 0.0403 -0.1602 0.4968 0.0244
3.2226 -107.2565 -24.0044 0.0068 -0.0157 -0.9999 0.1879 0.9252
-12.3784 -17.4132 24.6557 -0.0315 -0.0039 0.9995 0.1078 0.5694
6.3812 -121.9627 21.8091 0.1902 -0.9726 0.1338 0.9432 0.1818
-1.8769 124.1908 -1.2175 0.0646 0.9975 -0.0280 0.7108 0.0914
13.5718 18.1996 -23.3266 0.8790 -0.0075 -0.4768 0.2399 0.4196
13.5718 18.1996 -23.3266 0.7421 0.0049 -0.6703 0.2293 0.4237
-4.1685 -31.6203 24.6330 0.0640 0.0295 0.9975 0.0750 0.6262
-13.5498 27.2575 -14.0856 -0.9998 0.0199 -0.0075 0.5902 0.3905
3.6823 -28.5332 23.9061 0.0915 0.0097 0.9958 0.0436 0.6139
13.8324 -49.8323 6.8545 0.9997 0.0096 0.0239 0.3605 0.6916
-11.8396 43.1572 24.6286 -0.2126 0.0037 0.9771 0.1057 0.3273
-12.3589 21.4058 24.4078 -0.5500 0.0083 0.8351 0.1078 0.4142
13.4497 90.3366 -12.2915 0.9994 -0.0184 0.0308 0.2840 0.1313
13.0004 -59.5180 23.7990 0.3166 -0.0079 0.9485 0.0064 0.7377
-12.3351 -101.4412 -23.4623 -0.1911 0.0260 -0.9812 0.1257 0.9019
1.0246 -44.4379 -24.1767 -0.0400 -0.0034 -0.9992 0.1791 0.6741
-3.6842 123.5178 -22.8964 0.0321 0.9157 -0.4005 0.7180 0.0047
-13.7600 -61.2215 11.4063 -0.9997 0.0082 0.0210 0.4883 0.7441
-6.5565 -123.6117 -2.4120 -0.0038 -0.9976 -0.0685 0.8915 0.0849
13.3306 10.1214 23.2202 0.0104 0.0425 0.9990 0.0051 0.4593
13.4918 49.7053 7.5048 0.9990 0.0077 -0.0439 0.3631 0.2937
-13.2075 98.9428 13.8886 -0.9975 0.0530 0.0476 0.4783 0.1039
13.4786 118.5120 -21.6546 0.9971 0.0271 -0.0714 0.2465 0.0187
-13.8933 -68.1343 6.0623 -1.0000 0.0050 0.0028 0.5096 0.7718
14.0631 -18.3134 10.3809 1.0000 0.0008 -0.0043 0.3746 0.5656
13.1118 -120.5429 -22.7088 0.5660 -0.4689 -0.6781 0.2274 0.9783
13.1118 -120.5429 -22.7088 0.5858 -0.6347 -0.5040 0.9701 0.0038
-13.2399 -110.0373 24.3519 -0.4857 0.0252 0.8737 0.1113 0.9397
-0.9805 -123.0593 -15.4747 0.0131 -0.9991 -0.0404 0.9138 0.0327
-11.8550 102.7126 -23.4748 -0.3285 -0.0239 -0.9442 0.1276 0.0859
-10.4562 -122.6198 -22.9869 0.1230 -0.4585 -0.8802 0.1332 0.9866
-10.4562 -122.6198 -22.9869 0.0074 -0.5991 -0.8007 0.8759 0.0027
-2.8701 -58.9711 24.4778 0.0226 -0.0794 0.9966 0.0698 0.7355
-12.7125 82.7309 -22.6311 -0.9128 0.0110 -0.4083 0.6243 0.1687
-12.7125 82.7309 -22.6311 -0.5212 -0.0292 -0.8529 0.1242 0.1657
-13.5377 -32.6712 -21.3162 -0.9834 -0.0114 -0.1814 0.6191 0.6300
7.1890 106.9600 24.6139 0.0385 -0.0106 0.9992 0.0296 0.0722
-2.7880 -122.9271 -21.6178 0.0490 -0.9988 -0.0059 0.9066 0.0082
13.2446 122.0203 -20.4887 0.9725 0.2312 -0.0281 0.2512 0.0046
13.3583 89.6718 23.7282 0.7571 -0.0050 0.6532 0.0049 0.1414
13.3583 89.6718 23.7282 0.9763 0.0107 0.2160 0.4280 0.1339
13.7003 59.3025 -23.0728 0.9500 -0.0100 -0.3121 0.2409 0.2553
-12.8814 -42.7042 -22.6078 -0.4815 0.0229 -0.8761 0.1235 0.6671
1.4107 124.1440 9.5793 0.0944 0.9955 -0.0015 0.6976 0.1346
1.2890 -100.7296 23.7877 0.0219 -0.0041 0.9998 0.0532 0.9025
-13.1943 -71.5857 24.4836 -0.2991 -0.0155 0.9541 0.1111 0.7860
-10.2152 39.3864 24.5839 -0.0002 -0.0117 0.9999 0.0992 0.3424
-13.6077 -109.5703 -21.6700 -0.9985 0.0021 -0.0552 0.6205 0.9374
2.0617 -59.0092 24.1150 0.0366 -0.0212 0.9991 0.0501 0.7357
-13.7852 -35.7569 -4.4341 -1.0000 0.0079 0.0030 0.5516 0.6424
14.0751 -77.6145 -9.4818 1.0000 -0.0016 -0.0029 0.2952 0.8027
12.8114 -63.0130 23.7558 -0.2206 0.0086 0.9753 0.0071 0.7517
12.5315 -43.8961 23.9601 -0.3290 0.0292 0.9439 0.0083 0.6753
-9.1865 124.5449 -3.2432 0.0388 0.9991 -0.0195 0.7400 0.0833
12.5617 -88.4863 23.6228 -0.4502 -0.0024 0.8929 0.0081 0.8535
13.7087 -6.0289 -2.9380 0.9995 0.0319 -0.0027 0.3214 0.5165
11.1543 23.5479 23.4031 0.0633 -0.0192 0.9978 0.0138 0.4057
10.4447 30.4292 -24.2520 0.1369 -0.0052 -0.9906 0.2168 0.3748
-13.3509 82.8974 -14.2572 -0.9997 -0.0156 -0.0211 0.5908 0.1680
-12.8893 63.3480 17.9825 -0.9989 0.0045 0.0470 0.4620 0.2462
-4.8292 122.0748 23.7207 -0.0161 0.4770 0.8787 0.0777 0.0118
-4.8292 122.0748 23.7207 -0.0031 0.7110 0.7032 0.8798 0.2295
1.7534 -122.9773 -10.8535 0.0877 -0.9961 -0.0052 0.9247 0.0512
-14.0511 -86.7751 5.5377 -0.9999 0.0109 0.0017 0.5117 0.8463
-3.7264 -119.9746 20.8574 -0.0256 0.0721 0.9971 0.0732 0.9794
13.4688 -101.0871 -5.9405 0.9994 -0.0345 0.0056 0.3094 0.8965
-11.7389 47.3655 24.6324 -0.2047 -0.0054 0.9788 0.1053 0.3105
-12.8800 65.8533 -22.2894 -0.9155 -0.0017 -0.4022 0.6229 0.2362
-12.8800 65.8533 -22.2894 -0.6662 -0.0046 -0.7457 0.1235 0.2332
-11.9673 -58.1409 -23.0938 -0.3813 0.0230 -0.9242 0.1272 0.7288
-13.2563 -75.5533 -21.6064 -0.9888 0.0022 -0.1494 0.6202 0.8014
-12.3621 19.2578 -22.7938 -0.6777 -0.0078 -0.7353 0.1256 0.4195
13.9244 -90.9279 10.4643 0.9999 -0.0166 0.0025 0.3749 0.8559
-12.6818 73.7117 21.2135 -0.9980 -0.0110 0.0628 0.4490 0.2048
7.7061 33.3612 -24.6008 0.0702 -0.0046 -0.9975 0.2058 0.3631
13.2685 49.3850 -23.6177 0.6101 0.0061 -0.7923 0.2280 0.2990
13.4966 91.1577 13.7569 1.0000 -0.0057 -0.0057 0.3881 0.1280
-13.5431 -25.8437 -21.5343 -0.9603 -0.0041 -0.2789 0.6199 0.6027
12.8781 -118.1312 -4.9048 0.9984 -0.0555 -0.0056 0.3135 0.9646
14.0665 -54.8757 -20.9383 0.9981 -0.0032 -0.0620 0.2494 0.7118
13.5100 73.4177 -23.3158 0.9266 0.0024 -0.3761 0.2399 0.1989
13.5100 73.4177 -23.3158 0.8526 -0.0068 -0.5225 0.2290 0.2030
13.2632 74.4600 5.8353 0.9990 -0.0020 -0.0456 0.3564 0.1947
-13.4970 32.2884 -2.1246 -1.0000 0.0011 0.0071 0.5423 0.3703
11.9143 -102.1258 23.4581 -0.2874 0.0177 0.9577 0.0107 0.9080
12.6739 -60.8444 23.7521 -0.3871 -0.0295 0.9216 0.0077 0.7430
-12.9975 -28.8235 24.3077 -0.9799 0.0107 0.1992 0.4367 0.6146
-12.9975 -28.8235 24.3077 -0.6384 0.0006 0.7697 0.1103 0.6150
13.1902 7.5359 -23.7045 0.5655 -0.0005 -0.8247 0.2277 0.4663
-12.9783 120.7563 10.7403 -0.9602 0.1340 -0.2449 0.4909 0.0167
-13.5803 -84.1940 23.5443 -0.9883 -0.0004 0.1527 0.4397 0.8360
13.7011 9.3260 -13.6148 0.9995 0.0069 0.0302 0.2787 0.4551
-12.3993 75.4454 24.0057 -0.9753 -0.0033 0.2211 0.4379 0.1978
-12.3993 75.4454 24.0057 -0.7189 0.0088 0.6951 0.1079 0.1982
-4.2337 -122.5846 23.1786 -0.0116 0.3221 0.9466 0.0753 0.9898
-13.3192 74.1681 1.3016 -0.9998 -0.0008 0.0174 0.5286 0.2029
-13.3864 28.8830 8.8494 -0.9997 0.0034 0.0246 0.4985 0.3840
-12.8834 -82.9213 -23.1436 -0.9254 -0.0282 -0.3780 0.6264 0.8309
-12.8834 -82.9213 -23.1436 -0.3324 -0.1149 -0.9361 0.1235 0.8279
13.3037 -110.3871 -11.2426 0.9986 -0.0380 0.0360 0.2882 0.9337
-13.2345 106.1707 11.9977 -0.9992 -0.0012 0.0406 0.4859 0.0750
13.1086 -49.0640 23.7718 0.5050 -0.0158 0.8630 0.0059 0.6959
13.1086 -49.0640 23.7718 0.9452 0.0061 0.3264 0.4281 0.6885
13.6450 74.1635 -22.8208 0.9913 0.0249 -0.1294 0.2419 0.1959
12.9669 -104.0353 -23.2063 0.2394 -0.0107 -0.9709 0.2268 0.9123
-12.0021 -62.0988 -23.1171 -0.3394 0.0014 -0.9407 0.1270 0.7447
-13.0844 66.9942 11.4002 -0.9995 0.0067 0.0319 0.4883 0.2316
-13.5835 -86.6352 -19.2167 -0.9972 0.0102 -0.0736 0.6107 0.8457
-13.8102 -14.6569 -10.9028 -1.0000 0.0015 0.0029 0.5774 0.5580
11.8419 -90.0031 23.2988 -0.0268 -0.0106 0.9996 0.0110 0.8596
-13.4698 -102.7168 24.0710 -0.7621 -0.0327 0.6466 0.1122 0.9104
-10.9702 -104.3156 24.5432 0.1193 -0.0375 0.9921 0.1022 0.9168
-12.8102 116.7308 -23.0590 -0.6983 -0.0013 -0.7158 0.1238 0.0298
-13.8292 -24.0536 -13.2739 -1.0000 -0.0034 0.0029 0.5869 0.5956
13.9858 -34.7810 0.2710 0.9999 -0.0095 0.0100 0.3342 0.6314
-10.4273 -118.9750 23.5938 0.0515 -0.7279 0.6838 0.7748 0.1904
-10.4273 -118.9750 23.5938 0.0003 -0.4972 0.8677 0.1000 0.9754
-12.5645 -118.9750 2.0863 -0.9692 -0.2460 0.0131 0.9781 0.2753
-12.5645 -118.9750 2.0863 -0.3250 -0.9455 0.0208 0.7663 0.1044
13.7640 31.2925 23.0832 0.5536 -0.0251 0.8324 0.0033 0.3747
13.7640 31.2925 23.0832 0.9036 0.0162 0.4281 0.4254 0.3673
13.7396 32.8196 -16.1390 0.9992 0.0043 0.0390 0.2686 0.3612
-13.2201 45.3370 -21.3673 -0.9947 0.0014 -0.1024 0.6193 0.3182
-2.4966 123.0826 -23.2332 -0.0046 0.0826 -0.9966 0.1650 0.0044
-0.7290 -122.1919 23.1093 -0.0041 0.2030 0.9792 0.0613 0.9883
-13.5419 -109.7527 -22.7417 -0.9645 0.1592 -0.2109 0.6248 0.9381
-3.8398 23.6198 -24.4154 -0.0549 0.0007 -0.9985 0.1597 0.4020
12.2738 -121.4369 -11.3951 0.6362 -0.7714 0.0157 0.9668 0.0490
0.7858 -41.0570 -24.1831 -0.0407 0.0078 -0.9991 0.1781 0.6606
-11.3962 81.0235 -23.9296 -0.9571 -0.0072 -0.2898 0.6388 0.1065
7.4232 -94.7112 -24.0527 0.0628 -0.0089 -0.9980 0.2047 0.8750
13.7474 30.9279 -15.9503 0.9993 0.0071 0.0375 0.2693 0.3688
-12.7505 -86.1325 -23.1613 -0.3160 0.0918 -0.9443 0.1240 0.8407
12.5276 -17.1621 -23.8566 0.1981 0.0054 -0.9802 0.2251 0.5650
-13.4551 51.5525 -10.6336 -1.0000 0.0026 -0.0058 0.5764 0.2933
12.9373 -84.3364 23.7106 0.1009 -0.0366 0.9942 0.0066 0.8369
-13.4318 71.1873 -6.9439 -1.0000 -0.0076 0.0000 0.5616 0.2149
13.7887 -97.3777 10.8472 0.9996 -0.0268 -0.0072 0.3765 0.8817
-11.8906 57.3662 -23.1998 -0.9703 0.0200 -0.2409 0.6358 0.2010
14.0331 -82.6054 -8.5978 0.9999 -0.0144 0.0044 0.2987 0.8226
13.7345 -9.8407 22.8996 0.6366 0.0418 0.7701 0.0034 0.5391
13.7345 -9.8407 22.8996 0.9739 0.0187 0.2261 0.4246 0.5317
13.7343 34.7567 -16.1393 0.9992 0.0082 0.0395 0.2686 0.3535
7.4814 121.1070 24.4436 0.0138 0.3275 0.9447 0.0284 0.0157
7.4814 121.1070 24.4436 0.0143 0.5029 0.8642 0.8826 0.2787
-13.8216 -26.3751 -16.4729 -0.9997 0.0067 -0.0218 0.5997 0.6049
13.2956 85.5411 -8.9763 0.9997 -0.0114 0.0212 0.2972 0.1505
-13.4553 53.1665 -4.5197 -1.0000 0.0033 0.0016 0.5519 0.2869
9.1098 21.9060 23.5378 0.0883 -0.0047 0.9961 0.0219 0.4122
-12.1042 114.5217 -23.3646 -0.3333 -0.0070 -0.9428 0.1266 0.0386
-12.2472 114.1483 7.0028 -0.9475 0.2335 -0.2185 0.5059 0.0431
-12.2472 114.1483 7.0028 -0.3450 0.6903 -0.6360 0.8156 0.2533
-12.2472 114.1483 7.0028 -0.6062 0.4870 -0.6288 0.7920 0.2266
-13.4486 40.7611 -16.3003 -0.9998 0.0074 -0.0172 0.5990 0.3365
-2.2759 -123.2885 -8.5980 0.0881 -0.9957 -0.0296 0.9086 0.0602
2.0716 -119.9394 22.0926 -0.0867 -0.9634 0.2537 0.8248 0.1844
-11.2214 3.7536 -23.5018 -0.3891 -0.0235 -0.9209 0.1301 0.4814
13.0489 24.6662 -23.8022 0.4731 0.0000 -0.8810 0.2272 0.3978
-5.6799 124.6153 5.0896 0.0507 0.9985 -0.0192 0.7260 0.1166
-0.2079 124.2419 16.7815 0.0508 0.9985 0.0219 0.7041 0.1633
-12.8062 -97.6956 24.4289 -0.3777 0.0360 0.9252 0.1095 0.8903
-14.2167 -101.0442 7.6186 -0.9999 0.0070 0.0099 0.5034 0.9033
2.3454 -12.2488 -24.3377 -0.0440 0.0032 -0.9990 0.1844 0.5454
10.7089 88.5983 24.3378 0.0346 0.0036 0.9994 0.0155 0.1456
-12.2143 -119.9042 -12.9629 -0.9991 -0.0411 -0.0122 0.9744 0.3355
-12.2143 -119.9042 -12.9629 -0.8562 -0.5165 0.0084 0.7677 0.0442
13.9878 -21.0299 0.0318 0.9999 0.0090 -0.0063 0.3332 0.5765
-11.3658 -121.9618 -23.1778 -0.0114 0.1156 -0.9932 0.1296 0.9840
-12.9126 47.7437 -22.3023 -0.9102 0.0027 -0.4141 0.6230 0.3086
-12.9126 47.7437 -22.3023 -0.5986 0.0006 -0.8011 0.1234 0.3056
-13.9230 -75.9615 9.4197 -0.9999 0.0076 0.0086 0.4962 0.8031
-12.5869 -118.5664 24.3831 0.0427 -0.2279 0.9727 0.1087 0.9738
-8.4512 123.5105 -22.9962 0.0383 0.1484 -0.9882 0.1412 0.0027
-8.4512 123.5105 -22.9962 0.0562 0.8854 -0.4614 0.7371 0.0043
-12.8496 54.4684 19.2487 -0.9992 0.0047 0.0398 0.4569 0.2817
-13.0039 55.0386 15.5095 -0.9990 0.0045 0.0448 0.4719 0.2794
-13.4492 21.7465 5.8749 -0.9999 0.0015 0.0126 0.5104 0.4125
1.7067 19.2891 -24.5993 -0.0221 -0.0201 -0.9996 0.1818 0.4193
13.1854 26.5636 -23.7015 0.5284 0.0031 -0.8490 0.2277 0.3902
-13.4449 53.6697 -0.4092 -1.0000 0.0033 0.0059 0.5355 0.2849
-6.8612 86.3530 24.7076 -0.0281 -0.0008 0.9996 0.0858 0.1546
13.6434 91.2749 -22.7090 0.9807 0.0041 -0.1957 0.2423 0.1275
-13.5598 13.7196 -3.0806 -0.9999 0.0009 0.0104 0.5462 0.4446
5.4915 123.6041 -5.8969 0.0946 0.9955 -0.0006 0.6813 0.0727
-12.0542 37.8113 -23.3176 -0.8950 0.0133 -0.4460 0.6363 0.2792
-7.9811 124.0436 24.3915 0.0208 0.1700 0.9852 0.0903 0.0040
-7.9811 124.0436 24.3915 0.0469 0.5699 0.8204 0.7352 0.1938
-7.0860 124.3977 23.7316 0.0626 0.9930 0.1003 0.7316 0.1911
-4.4548 -123.9181 11.4397 0.0710 -0.9973 -0.0162 0.8999 0.1403
13.2201 -110.4566 -5.0032 0.9996 -0.0282 0.0008 0.3131 0.9339
-12.5362 56.7192 23.8596 -0.9511 0.0089 0.3088 0.4385 0.2727
-12.5362 56.7192 23.8596 -0.8350 0.0219 0.5497 0.1085 0.2731
-11.8141 16.3688 -23.4166 -0.7336 -0.0162 -0.6793 0.1278 0.4310
-13.6341 -77.1314 -17.2590 -0.9990 0.0050 -0.0448 0.6028 0.8077
13.1818 -45.8770 -23.5503 0.4952 -0.0113 -0.8687 0.2277 0.6798
13.6332 66.4517 14.6319 0.9997 0.0054 -0.0230 0.3916 0.2268
-13.4092 57.5652 -12.5389 -0.9999 0.0064 -0.0085 0.5840 0.2693
9.6180 -112.5335 23.2196 -0.0087 0.0284 0.9996 0.0199 0.9496
3.2866 -112.9069 23.7364 0.0281 0.0255 0.9993 0.0452 0.9511
13.4144 -109.1381 23.5787 0.6247 -0.0103 0.7808 0.0047 0.9361
13.3583 -118.3522 -20.7205 0.9816 -0.1206 0.1478 0.2503 0.9655
-8.9040 -119.5115 20.7049 -0.1572 -0.8360 0.5257 0.7809 0.1788
-11.9407 43.2603 -23.5500 -0.9123 -0.0056 -0.4094 0.6372 0.2574
-7.3369 70.4250 24.7496 -0.0166 -0.0000 0.9999 0.0877 0.2183
12.8880 -56.3805 23.8449 -0.0050 -0.0416 0.9991 0.0068 0.7252
2.1922 123.3590 24.1077 0.0741 0.5139 0.8546 0.6945 0.1926
2.1922 123.3590 24.1077 0.0136 -0.0492 0.9987 0.0496 0.0067
2.4698 -49.2235 -24.2379 -0.0219 -0.0003 -0.9998 0.1849 0.6932
-6.5425 -122.5451 -22.9786 -0.0109 -0.4057 -0.9139 0.1488 0.9863
-13.6724 -2.7580 -1.8369 -0.9999 0.0039 0.0108 0.5412 0.5104
-13.8894 -89.2983 -8.1127 -0.9996 0.0178 -0.0210 0.5663 0.8564
-11.0789 82.1047 -24.3138 -0.3044 -0.0131 -0.9524 0.1307 0.1682
-11.5539 92.4332 -23.4576 -0.4828 -0.0111 -0.8756 0.1288 0.1269
-11.5539 92.4332 -23.4576 -0.9367 0.0074 -0.3500 0.6369 0.0608
-11.2866 -16.8022 -23.1412 -0.5497 0.0027 -0.8354 0.1299 0.5636
2.8191 122.9470 24.0641 -0.0009 -0.2806 0.9598 0.0471 0.0083
5.6982 -119.5231 -23.4103 0.0082 -0.3273 -0.9449 0.1978 0.9742
5.6982 -119.5231 -23.4103 -0.0034 -0.7028 -0.7114 0.8393 0.0025
-8.9223 -124.0971 9.7602 0.0485 -0.9979 -0.0439 0.8820 0.1336
13.9393 111.7409 -2.1488 0.9999 -0.0106 -0.0100 0.3245 0.0457
13.2032 -23.9120 -23.6267 0.6398 0.0001 -0.7685 0.2278 0.5920
-8.1812 -89.1203 -23.6217 -0.0526 -0.0060 -0.9986 0.1423 0.8527
13.6175 120.1035 -10.8679 0.9977 0.0664 -0.0130 0.2897 0.0123
1.8539 -56.0703 -24.2139 -0.0322 0.0005 -0.9995 0.1824 0.7206
13.8477 9.2627 -17.1321 0.9994 -0.0131 0.0319 0.2646 0.4554
10.8093 -94.5463 23.3225 -0.0399 -0.0216 0.9990 0.0151 0.8777
0.9341 -119.0368 23.4701 -0.0020 -0.6230 0.7822 0.8202 0.1899
0.9341 -119.0368 23.4701 0.0201 -0.3710 0.9284 0.0546 0.9756
13.5050 9.0602 23.2212 0.3898 0.0199 0.9207 0.0044 0.4636
-11.0402 62.9048 -24.1495 -0.1543 -0.0078 -0.9880 0.1309 0.2450
7.9871 68.0363 -24.6362 0.1032 -0.0085 -0.9946 0.2069 0.2245
7.8986 83.2080 -24.7507 0.0916 -0.0050 -0.9958 0.2066 0.1638
-3.7369 -99.3817 24.2913 0.0458 -0.0071 0.9989 0.0733 0.8971
13.6725 -79.2098 -23.0281 0.8953 -0.0165 -0.4451 0.2411 0.8090
13.6725 -79.2098 -23.0281 0.6914 0.0040 -0.7224 0.2297 0.8131
-1.0272 -123.1052 -13.3939 0.0332 -0.9990 -0.0314 0.9136 0.0410
-13.0690 99.1015 16.4186 -0.9920 0.1224 0.0306 0.4682 0.1033
13.0772 76.1837 1.8126 0.9997 -0.0011 -0.0241 0.3404 0.1879
-11.4370 -123.8911 0.2499 -0.1681 -0.9856 -0.0167 0.8720 0.0956
-12.0484 63.6337 -22.9010 -0.6128 -0.0207 -0.7900 0.1268 0.2421
13.9949 -16.9558 4.5168 0.9999 0.0085 -0.0117 0.3512 0.5602
11.7940 -49.2978 23.6358 -0.1820 -0.0175 0.9831 0.0112 0.6969
-12.3013 -119.6437 -8.5187 -0.9648 -0.2628 -0.0014 0.9755 0.3177
-12.3013 -119.6437 -8.5187 -0.8467 -0.5316 0.0241 0.7673 0.0620
-14.2419 -105.5010 4.1620 -1.0000 -0.0007 -0.0002 0.5172 0.9211
-14.0102 -97.9971 -9.8840 -0.9993 0.0149 -0.0333 0.5734 0.8912
-11.2102 114.0513 -24.3428 -0.6665 0.0235 -0.7451 0.1302 0.0405
-12.6798 -20.6117 24.5618 -0.4903 -0.0034 0.8716 0.1090 0.5822
5.3340 -90.5517 23.6351 0.0444 0.0403 0.9982 0.0370 0.8618
8.8205 88.7942 24.4063 0.0452 0.0012 0.9990 0.0231 0.1449
-8.4270 -117.0805 -23.5977 -0.0520 0.0018 -0.9986 0.1413 0.9645
-4.5096 -64.1205 24.4630 -0.0077 -0.0382 0.9992 0.0764 0.7561
12.9702 -39.8196 23.2549 0.4182 0.1054 0.9022 0.0065 0.6590
12.9702 -39.8196 23.2549 0.8757 0.2909 0.3853 0.4261 0.6516
-11.4231 -119.2621 21.5611 0.1132 -0.9145 0.3884 0.7708 0.1822
12.0316 -63.9164 23.4103 -0.2936 0.0073 0.9559 0.0103 0.7553
-11.6983 -120.0480 -22.1426 -0.7040 0.1992 -0.6817 0.1282 0.9763
-11.6983 -120.0480 -22.1426 -0.9644 0.1489 -0.2186 0.9738 0.3722
-11.6983 -120.0480 -22.1426 -0.6475 -0.7108 -0.2748 0.7697 0.0075
13.7210 41.9440 23.1497 0.6949 0.0217 0.7187 0.0035 0.3321
13.7210 41.9440 23.1497 0.9779 0.0128 0.2088 0.4256 0.3247
-5.4692 122.0096 -23.0174 -0.0372 0.6954 -0.7177 0.8941 0.2239
-5.4692 122.0096 -23.0174 -0.0157 0.2065 -0.9783 0.1531 0.0087
-0.9910 -94.8946 23.9784 0.0850 0.0334 0.9958 0.0623 0.8791
12.6507 -102.4245 23.8492 -0.2666 0.0142 0.9637 0.0078 0.9092
7.3048 -43.2191 23.8278 0.0647 0.0285 0.9975 0.0291 0.6726
9.6820 -93.1443 -23.8218 0.1296 -0.0059 -0.9916 0.2137 0.8688
8.8120 -120.0205 22.6979 -0.0339 -0.4062 0.9132 0.0231 0.9796
-11.5929 12.0477 -23.4911 -0.5506 -0.0359 -0.8340 0.1287 0.4483
8.3967 12.6246 -24.5700 0.1037 -0.0012 -0.9946 0.2086 0.4460
-12.0027 -50.0012 24.4896 0.0259 -0.0032 0.9997 0.1063 0.6997
-14.1708 -112.4438 0.3472 -0.9997 -0.0212 -0.0132 0.5325 0.9489
-13.2565 74.5764 4.2280 -0.9998 0.0016 0.0173 0.5169 0.2013
-12.5864 14.8012 24.1774 -0.9319 0.0319 0.3614 0.4372 0.4403
-12.5864 14.8012 24.1774 -0.5749 0.0321 0.8176 0.1087 0.4406
11.4936 -4.4988 23.2027 0.0517 0.0162 0.9985 0.0124 0.5178
-12.3698 79.4331 24.1240 -0.9613 -0.0080 0.2754 0.4374 0.1819
-12.3698 79.4331 24.1240 -0.7492 -0.0147 0.6622 0.1078 0.1823
-13.2444 120.8585 -10.6748 -0.9584 0.2128 0.1904 0.5765 0.0163
-13.2444 120.8585 -10.6748 -0.6822 0.7295 0.0493 0.9435 0.1928
-13.6416 -92.7622 22.9708 -0.9968 0.0100 0.0792 0.4420 0.8702
13.1260 9.1005 23.2545 -0.0836 0.0532 0.9951 0.0059 0.4634
-10.6565 27.9163 24.5616 0.0346 -0.0137 0.9993 0.1009 0.3882
-11.7758 124.6934 16.8859 -0.5990 0.8007 -0.0031 0.7504 0.1638
-14.0506 -111.8253 -7.2966 -0.9995 -0.0236 -0.0209 0.5630 0.9464
4.4982 122.7019 -23.3602 -0.0537 0.0851 -0.9949 0.1930 0.0059
13.0336 -108.4960 23.7577 0.2157 -0.0673 0.9741 0.0062 0.9335
13.8189 -3.7430 -11.8634 0.9998 0.0030 0.0183 0.2857 0.5074
-13.6793 -58.7473 -16.6750 -0.9993 -0.0189 -0.0313 0.6005 0.7343
-13.9469 -77.6216 7.4194 -0.9999 0.0102 0.0040 0.5042 0.8097
13.8191 -91.9281 18.1085 0.9997 -0.0094 0.0231 0.4055 0.8599
-5.7630 120.6250 -24.2614 -0.0042 0.2530 -0.9675 0.1520 0.0142
-12.7641 -13.0288 -22.4244 -0.2539 0.0021 -0.9672 0.1240 0.5485
-14.1313 -97.9634 -2.8518 -0.9998 0.0128 -0.0141 0.5452 0.8910
10.4548 -107.6363 23.3123 -0.0194 -0.0660 0.9976 0.0166 0.9301
-12.3923 -16.2527 24.6501 -0.0201 0.0068 0.9998 0.1079 0.5648
2.4956 -122.7159 21.8126 0.1718 -0.9738 0.1490 0.9277 0.1818
-13.8251 -118.9471 -4.7283 -0.9050 -0.4245 -0.0298 0.5527 0.9749
-6.6067 123.5230 -23.0043 -0.0051 0.8684 -0.4959 0.7297 0.0043
-6.6067 123.5230 -23.0043 -0.0275 0.4732 -0.8805 0.1486 0.0027
-1.4285 -95.4195 -23.9774 -0.0365 0.0063 -0.9993 0.1693 0.8779
3.3390 111.8388 -24.8300 0.0056 0.0272 -0.9996 0.1884 0.0494
-13.6791 9.8320 -15.0827 -0.9999 0.0115 -0.0102 0.5941 0.4601
-13.7244 -4.0745 -18.2757 -0.9994 0.0017 -0.0352 0.6069 0.5157
-11.1955 81.3911 -24.2472 -0.5739 -0.0288 -0.8184 0.1303 0.1711
7.4298 -9.2380 -24.3876 0.0512 -0.0033 -0.9987 0.2047 0.5334
13.8599 -93.1569 13.1492 0.9997 -0.0165 0.0156 0.3857 0.8648
5.4241 122.3912 23.8370 0.0147 -0.1225 0.9924 0.0367 0.0106
13.5481 -31.3297 23.1571 0.7787 -0.0094 0.6273 0.0042 0.6250
13.5481 -31.3297 23.1571 0.9953 -0.0193 0.0947 0.4257 0.6176
-13.3677 37.7913 7.7576 -0.9998 0.0055 0.0190 0.5028 0.3484
-8.6764 63.7239 -24.3392 -0.0620 -0.0121 -0.9980 0.1403 0.2417
3.0976 -45.0461 24.0438 0.0800 0.0149 0.9967 0.0460 0.6799
9.9139 -100.3317 23.3027 0.0036 -0.0108 0.9999 0.0187 0.9009
2.4297 -98.1424 23.7480 0.0522 -0.0049 0.9986 0.0486 0.8921
7.5979 -92.2962 -24.0608 0.0586 -0.0031 -0.9983 0.2054 0.8654
-13.2377 -42.9407 -22.2259 -0.8985 0.0062 -0.4388 0.6227 0.6711
-13.2377 -42.9407 -22.2259 -0.7861 0.0350 -0.6171 0.1221 0.6681
-12.0444 -23.8960 -22.6544 -0.4118 0.0162 -0.9111 0.1269 0.5920
-12.0090 -123.6610 0.3749 -0.9444 -0.3285 -0.0151 0.9594 0.2822
-12.0090 -123.6610 0.3749 -0.3882 -0.9213 -0.0229 0.8697 0.0961
1.5572 -123.2022 7.1000 0.1139 -0.9935 -0.0054 0.9239 0.1230
-6.2765 -123.2022 -14.2893 0.0022 -0.9990 -0.0457 0.8926 0.0375
-13.2332 -97.0661 -23.0013 -0.9951 0.0520 -0.0846 0.6258 0.8874
-13.6185 99.5945 -2.1936 -0.9999 -0.0059 0.0117 0.5426 0.1013
-6.5375 -101.8369 -23.7207 -0.0434 -0.0008 -0.9991 0.1489 0.9035
-7.2847 -123.2408 -13.8861 0.0256 -0.9989 -0.0404 0.8886 0.0391
-12.4753 89.5940 24.2003 -0.9273 0.0020 0.3742 0.4371 0.1413
-12.4753 89.5940 24.2003 -0.8362 -0.0190 0.5482 0.1082 0.1417
12.0952 -111.4442 23.3710 -0.2203 0.0030 0.9754 0.0100 0.9453
-13.1815 -98.3108 -23.0647 -0.9831 -0.0550 0.1745 0.6260 0.8924
-13.3987 41.8118 2.9493 -0.9999 0.0015 0.0105 0.5221 0.3323
-11.5679 -16.2857 24.5792 0.0285 -0.0038 0.9996 0.1046 0.5649
13.2826 -79.1871 -23.3316 0.4935 -0.0066 -0.8697 0.2281 0.8130
-14.0121 -93.1197 -5.7617 -0.9997 0.0207 -0.0135 0.5569 0.8717
8.6687 -121.5489 21.5924 0.1869 -0.9579 0.2181 0.9524 0.1809
13.5748 37.4546 7.3801 0.9989 0.0086 -0.0470 0.3626 0.3427
-13.8709 -106.4032 20.0552 -0.9982 0.0070 0.0599 0.4537 0.9248
-12.5372 9.8448 24.3949 -0.8917 -0.0015 0.4526 0.4363 0.4601
-12.5372 9.8448 24.3949 -0.4152 -0.0319 0.9092 0.1085 0.4605
-6.0649 -96.2643 24.2836 -0.0084 -0.0780 0.9969 0.0826 0.8846
3.6925 -92.9808 -24.0855 -0.0208 0.0041 -0.9998 0.1898 0.8681
13.6142 64.0500 -16.6524 0.9986 0.0054 0.0521 0.2665 0.2364
13.9795 -40.6699 -1.6049 0.9999 -0.0019 0.0158 0.3267 0.6550
0.9884 11.7992 24.2380 0.0937 -0.0073 0.9956 0.0544 0.4526
13.9522 103.4646 19.5860 0.9995 -0.0173 0.0267 0.4114 0.0788
-13.7069 -6.5308 -18.5178 -0.9994 0.0022 -0.0344 0.6079 0.5255
13.0308 -46.9271 23.8474 0.4869 -0.0103 0.8734 0.0063 0.6874
13.0308 -46.9271 23.8474 0.9016 0.0072 0.4326 0.4284 0.6800
2.6202 -91.3800 23.7751 0.0415 -0.0394 0.9984 0.0479 0.8651
13.5189 59.1434 -14.4764 0.9985 0.0065 0.0535 0.2752 0.2560
8.9801 30.7401 -24.4593 0.1211 0.0002 -0.9926 0.2109 0.3736
-13.3069 107.6927 9.8792 -0.9998 0.0001 0.0205 0.4944 0.0689
13.6185 54.0124 -15.6515 0.9984 0.0056 0.0559 0.2705 0.2765
-12.1373 113.6243 5.8903 -0.9968 0.0574 -0.0548 0.5103 0.0452
13.1323 -114.6177 -13.5247 0.9963 -0.0758 0.0415 0.2790 0.9506
-12.3717 78.5305 24.1019 -0.9651 0.0083 0.2617 0.4375 0.1855
-12.3717 78.5305 24.1019 -0.7002 -0.0330 0.7132 0.1078 0.1859
-11.5146 84.8024 24.4852 -0.0800 -0.0095 0.9967 0.1044 0.1608
3.5348 123.7835 -2.3460 0.0823 0.9965 -0.0165 0.6891 0.0869
7.9541 122.9513 -23.0102 0.0531 0.9425 -0.3300 0.6715 0.0043
-13.3194 92.5953 10.2248 -0.9996 -0.0184 0.0225 0.4930 0.1293
-2.8995 -123.7387 11.4084 0.1268 -0.9918 0.0127 0.9061 0.1402
2.2104 -61.0925 24.0547 0.0472 -0.0435 0.9979 0.0495 0.7440
-12.0651 -52.7299 24.4772 0.0290 -0.0030 0.9996 0.1066 0.7106
13.9104 108.3189 -0.8508 0.9998 -0.0175 -0.0127 0.3297 0.0594
13.5661 -119.9231 22.4822 0.9609 -0.2764 -0.0153 0.4230 0.9718
13.5661 -119.9231 22.4822 0.6012 -0.6708 0.4342 0.9719 0.1845
-13.2093 38.1108 12.5424 -0.9991 0.0047 0.0422 0.4837 0.3471
-9.3629 -33.2972 24.6453 0.0129 0.0263 0.9996 0.0958 0.6329
11.7582 -109.8102 23.3818 -0.0169 -0.0058 0.9998 0.0113 0.9388
-13.8033 -118.6509 21.7612 -0.9850 -0.1725 -0.0046 0.4469 0.9737
10.4371 -121.5605 -22.7593 0.0744 -0.2719 -0.9595 0.2167 0.9824
10.4371 -121.5605 -22.7593 0.1603 -0.7874 -0.5952 0.9594 0.0036
13.7650 102.1075 23.3193 0.9745 -0.0070 0.2244 0.4263 0.0842
11.1641 50.5439 23.9168 0.0417 -0.0187 0.9990 0.0137 0.2978
6.0691 -121.5798 22.6728 0.1615 -0.6965 0.6992 0.9420 0.1852
14.1989 -57.9967 -17.4296 0.9996 -0.0268 0.0049 0.2634 0.7242
-13.5863 15.2206 -6.1060 -0.9999 0.0042 0.0126 0.5583 0.4386
-13.4416 50.7870 -0.0907 -1.0000 -0.0024 0.0084 0.5342 0.2964
-13.2568 84.1188 5.6910 -0.9994 -0.0316 0.0156 0.5111 0.1632
-6.2920 124.3711 -8.8029 0.0447 0.9987 -0.0240 0.7284 0.0611
1.5335 -56.1478 24.2204 0.0473 -0.0184 0.9987 0.0522 0.7243
-2.3612 -88.5486 24.1461 0.0773 -0.0295 0.9966 0.0678 0.8538
-11.5841 122.6676 22.4968 -0.6964 -0.1815 0.6943 0.1047 0.0095
-11.5841 122.6676 22.4968 -0.9317 -0.1999 0.3034 0.4439 0.0091
12.9856 -108.0715 -23.2239 0.2788 0.0182 -0.9602 0.2269 0.9284
-6.7659 123.9784 -19.7644 0.0349 0.9978 -0.0564 0.7303 0.0173
-4.1679 -119.6703 21.3612 -0.0442 -0.9946 0.0936 0.7998 0.1814
10.4670 -121.8133 -22.4168 0.1725 -0.9268 -0.3337 0.9596 0.0050
13.7687 -42.8423 10.4951 0.9995 -0.0199 0.0261 0.3751 0.6637
-12.9141 24.8040 20.2644 -0.9991 0.0065 0.0423 0.4528 0.4003
-13.3760 84.5863 -14.7301 -0.9996 -0.0173 -0.0224 0.5927 0.1613
-12.8256 -119.2501 23.9867 -0.0642 -0.8632 0.5007 0.7652 0.1919
14.0911 26.0238 19.5045 0.9999 0.0126 0.0018 0.4111 0.3884
12.7790 -36.5827 -23.7529 0.2260 0.0025 -0.9741 0.2261 0.6427
13.2214 -33.9284 23.5362 0.7153 -0.0335 0.6981 0.0055 0.6354
13.7380 -76.9066 20.4877 0.9975 -0.0046 0.0706 0.4150 0.7998
-0.3278 -119.5574 22.9999 -0.0213 -0.8180 0.5748 0.8152 0.1880
5.5714 -74.6324 23.7740 0.0952 0.0222 0.9952 0.0361 0.7981
-12.2176 84.2008 24.3874 -0.5246 -0.0239 0.8510 0.1072 0.1632
-1.4179 -49.5516 -24.0801 -0.0449 -0.0045 -0.9990 0.1693 0.6945
-13.1990 54.7751 11.2257 -0.9991 0.0045 0.0423 0.4890 0.2805
13.4235 84.9022 10.7781 0.9998 0.0046 -0.0200 0.3762 0.1530
-13.7499 -31.9613 -1.1091 -1.0000 -0.0060 -0.0013 0.5383 0.6272
-14.0849 -100.8330 -8.5974 -0.9996 0.0072 -0.0270 0.5682 0.9025
-0.4648 -102.8906 23.9377 0.0912 0.0110 0.9958 0.0602 0.9111
-11.7068 124.4801 -7.2751 -0.3095 0.9508 -0.0110 0.7501 0.0672
-5.2855 -71.1316 24.3967 -0.0216 -0.1099 0.9937 0.0795 0.7841
13.5065 91.3650 -13.3265 0.9992 -0.0225 0.0320 0.2798 0.1272
13.4988 89.8511 15.2349 1.0000 -0.0038 -0.0085 0.3940 0.1332
-13.7506 -5.3989 -11.6321 -1.0000 0.0037 -0.0012 0.5803 0.5210
12.7195 121.1315 -23.7943 0.2534 0.5071 -0.8238 0.2258 0.0122
-12.2011 124.0874 2.0842 -0.9498 0.3129 0.0081 0.5255 0.0034
-6.6507 123.7140 24.3412 0.0523 -0.0482 0.9975 0.0849 0.0053
13.2625 88.4950 -2.7682 0.9997 -0.0229 0.0073 0.3220 0.1386
-1.7042 -5.7260 24.3796 0.0192 -0.0264 0.9995 0.0652 0.5227
-11.0688 -123.7889 23.2049 0.0076 -0.0966 0.9953 0.1026 0.9946
-11.0688 -123.7889 23.2049 0.1194 -0.5847 0.8024 0.8735 0.1873
13.2350 47.5484 1.0227 0.9996 0.0077 -0.0263 0.3372 0.3023
14.0310 115.7716 19.0838 0.9996 0.0035 0.0267 0.4094 0.0296
-0.8950 -119.9810 21.1547 -0.1518 -0.2491 0.9565 0.0619 0.9794
-0.8950 -119.9810 21.1547 -0.1094 -0.8593 0.4997 0.8129 0.1806
-12.7335 101.9830 20.3494 -0.9989 0.0158 0.0447 0.4525 0.0918
13.0671 -73.0112 23.7902 0.5308 -0.0250 0.8472 0.0061 0.7917
0.3609 -121.5991 22.8362 -0.0538 0.6872 0.7245 0.0569 0.9859
-12.1603 124.2003 10.3585 -0.9954 0.0936 0.0196 0.4924 0.0029
-12.1603 124.2003 10.3585 -0.7799 0.6260 0.0009 0.7519 0.1377
6.8012 123.4337 23.0422 0.0922 0.9938 0.0616 0.6761 0.1884
12.9213 1.7531 23.2063 -0.0650 -0.0237 0.9976 0.0067 0.4928
13.9447 -78.6661 14.9162 0.9996 -0.0043 0.0290 0.3927 0.8069
10.1680 -17.6976 23.4173 0.0821 0.0298 0.9962 0.0177 0.5705
-11.3715 -122.2721 22.6981 -0.0557 0.4212 0.9053 0.1038 0.9886
3.4078 -122.3768 22.4671 0.1738 -0.8424 0.5101 0.9313 0.1844
13.4278 79.7758 10.3885 0.9996 0.0015 -0.0267 0.3746 0.1735
-7.2874 121.9092 -23.0481 -0.0292 0.4693 -0.8826 0.1459 0.0091
-7.2874 121.9092 -23.0481 -0.0041 0.8358 -0.5490 0.8940 0.2166
-8.7823 124.7797 7.8181 0.0530 0.9985 -0.0132 0.7384 0.1275
-10.9581 78.9243 -24.3021 -0.3287 -0.0172 -0.9443 0.1312 0.1809
13.0014 122.7221 -9.2985 0.6674 0.7447 -0.0033 0.6513 0.0591
-12.8038 -118.8960 13.6929 -0.5886 -0.8084 -0.0011 0.7653 0.1508
12.6761 -64.3174 23.7301 -0.3259 0.0161 0.9453 0.0077 0.7569
-13.5149 -22.3743 11.7323 -0.9993 0.0098 0.0350 0.4869 0.5889
13.9795 -18.5206 -10.7239 0.9999 0.0133 0.0061 0.2902 0.5664
-13.7549 -23.6846 -18.2502 -0.9991 -0.0052 -0.0416 0.6068 0.5941
-11.6699 110.9332 -23.5369 -0.6336 -0.0047 -0.7736 0.1284 0.0530
-13.5913 -70.4835 -17.3363 -0.9992 0.0079 -0.0399 0.6031 0.7812
12.7674 -59.0999 23.8234 -0.2816 -0.0075 0.9595 0.0073 0.7361
12.9889 119.8400 -24.0590 0.4822 -0.0845 -0.8720 0.2269 0.0174
-13.1622 98.3247 23.4748 -0.9706 0.0199 0.2401 0.4400 0.1064
-11.4734 78.2576 -23.5385 -0.9694 0.0472 -0.2411 0.6372 0.1175
-13.3223 -110.5450 -23.5096 -0.8744 0.1566 -0.4593 0.7427 0.2030
-13.3223 -110.5450 -23.5096 -0.5731 0.0555 -0.8176 0.1217 0.9383
-11.8810 -79.1792 24.5270 -0.0516 -0.0046 0.9987 0.1058 0.8163
-2.2824 18.7647 24.1885 0.0941 0.0503 0.9943 0.0675 0.4248
-13.4160 51.9917 -15.7159 -1.0000 0.0019 -0.0078 0.5967 0.2916
-12.1887 23.7985 24.4705 -0.3965 -0.0199 0.9178 0.1071 0.4047
5.4758 -105.7727 -23.9988 0.0311 -0.0180 -0.9994 0.1969 0.9193
13.2412 79.4326 -23.5980 0.8836 0.0043 -0.4682 0.2388 0.1749
13.2412 79.4326 -23.5980 0.6479 0.0214 -0.7614 0.2279 0.1789
13.6459 -3.9160 22.9869 0.8074 -0.0181 0.5897 0.0038 0.5155
2.5277 -4.2827 24.0898 0.1162 0.0046 0.9932 0.0482 0.5169
0.3464 123.3290 24.1319 0.0363 0.0034 0.9993 0.0570 0.0068
13.3450 88.1365 5.3562 0.9993 -0.0269 -0.0249 0.3545 0.1401
-6.4010 -87.5983 -23.7365 -0.0531 -0.0076 -0.9986 0.1494 0.8466
13.8338 -13.1886 -22.7446 0.9704 0.0027 -0.2416 0.2422 0.5451
-12.6328 47.1965 23.7597 -0.9691 -0.0056 0.2467 0.4389 0.3108
-13.4274 -20.3447 -21.9248 -0.9480 -0.0159 -0.3178 0.6215 0.5807
-13.4274 -20.3447 -21.9248 -0.7543 0.0172 -0.6563 0.1213 0.5778
-0.7882 -121.9841 -23.0121 0.0154 -0.0135 -0.9998 0.1719 0.9841
-9.6621 -65.6099 24.4094 -0.0180 0.0007 0.9998 0.0970 0.7621
11.5896 -120.3192 -22.9385 -0.0174 -0.2765 -0.9609 0.2213 0.9774
-11.7814 54.2695 24.6260 -0.1728 0.0018 0.9850 0.1054 0.2829
12.5681 78.6752 24.2594 0.2597 0.0078 0.9657 0.0081 0.1853
12.1066 102.0650 -24.2173 0.2740 0.0108 -0.9617 0.2234 0.0884
-11.2220 83.3285 -24.2468 -0.3911 0.0073 -0.9203 0.1301 0.1633
-13.7870 -93.3041 20.5529 -0.9989 0.0063 0.0465 0.4517 0.8724
13.3928 38.1349 23.4572 0.3939 -0.0226 0.9189 0.0048 0.3474
2.1987 -112.3223 23.6750 0.0080 0.0063 0.9999 0.0496 0.9488
-12.0280 -19.7067 -22.6121 -0.2429 -0.0006 -0.9701 0.1269 0.5752
-4.6414 54.3098 -24.4449 -0.0376 -0.0096 -0.9992 0.1565 0.2793
13.7771 63.4390 -22.7793 0.9813 0.0106 -0.1923 0.2421 0.2388
14.0567 -76.7019 1.8779 0.9999 -0.0129 0.0002 0.3406 0.7990
-12.3297 37.3964 24.3782 -0.7128 0.0184 0.7011 0.1076 0.3503
-13.0926 -118.9462 0.4947 0.1818 -0.9832 0.0141 0.7642 0.0980
-13.6488 -14.9994 4.3519 -0.9999 0.0055 0.0159 0.5165 0.5594
-14.2072 -112.6412 3.8425 -0.9998 -0.0207 -0.0039 0.5185 0.9497
-12.5665 121.4272 -15.7315 -0.5501 0.8347 -0.0251 0.9232 0.1955
-12.5665 121.4272 -15.7315 -0.9934 0.1150 -0.0039 0.5967 0.0140
14.2289 -57.5580 -18.8775 0.9997 -0.0116 -0.0208 0.2576 0.7225
7.1219 -122.2485 14.2785 0.1794 -0.9834 0.0267 0.9462 0.1517
-12.7391 -15.6475 24.5115 -0.5259 0.0042 0.8505 0.1093 0.5624
-12.7391 -15.6475 24.5115 -0.8793 0.0236 0.4758 0.7649 0.2041
13.4214 -120.1248 -22.7394 0.9398 -0.3290 0.0924 0.2422 0.9726
13.4214 -120.1248 -22.7394 0.6664 -0.3854 -0.6382 0.2287 0.9766
13.4214 -120.1248 -22.7394 0.8319 -0.5542 -0.0279 0.9714 0.0037
-13.1749 -95.4765 -22.9206 -0.9785 -0.0427 -0.2019 0.6255 0.8811
-13.1989 -58.0947 24.5223 -0.8774 0.0044 0.4798 0.4358 0.7316
-13.1989 -58.0947 24.5223 -0.5455 0.0160 0.8380 0.1111 0.7320
-13.5284 -59.9427 -19.0919 -0.9969 -0.0158 -0.0776 0.6102 0.7390
-10.8813 -14.9912 -23.3444 -0.5392 -0.0126 -0.8421 0.1315 0.5564
13.7248 -93.8304 -3.1233 0.9995 -0.0313 0.0055 0.3206 0.8675
-11.8785 51.8759 -23.6058 -0.9344 -0.0049 -0.3561 0.6375 0.2230
-3.6783 7.7505 -24.2055 -0.0564 -0.0113 -0.9983 0.1603 0.4655
-11.9473 124.5428 21.3896 -0.6293 0.7768 0.0236 0.7510 0.1818
6.6617 122.8586 -23.3082 0.0317 0.8031 -0.5950 0.6766 0.0031
-13.9317 -89.8252 15.1730 -0.9996 0.0113 0.0247 0.4732 0.8585
-13.2356 33.9461 -21.4327 -0.9931 0.0088 -0.1170 0.6195 0.3637
-13.6956 -111.6223 -18.7333 -0.9986 -0.0344 -0.0408 0.6087 0.9456
13.9219 -45.6210 0.6728 0.9998 0.0053 0.0178 0.3358 0.6748
-13.7937 -45.4439 -2.9721 -1.0000 -0.0041 -0.0089 0.5457 0.6811
-13.1824 -62.0049 24.4579 -0.5166 -0.0155 0.8561 0.1110 0.7477
-12.7089 92.7192 -22.8239 -0.9171 -0.0131 -0.3984 0.6251 0.1288
-12.7089 92.7192 -22.8239 -0.6899 0.0032 -0.7239 0.1242 0.1258
-12.6451 -76.5991 -23.1801 -0.1874 0.1363 -0.9728 0.1245 0.8026
-7.6093 -62.9541 24.4229 0.0024 -0.0368 0.9993 0.0888 0.7515
1.1874 -119.9767 21.5806 -0.0932 -0.9156 0.3912 0.8212 0.1823
13.8840 -93.2052 10.4190 0.9998 -0.0212 -0.0027 0.3748 0.8650
-9.0861 124.5973 -0.7056 0.0401 0.9988 -0.0282 0.7396 0.0934
14.0297 -87.3590 -18.6504 0.9999 -0.0091 -0.0056 0.2586 0.8416
-11.6791 -2.5422 -22.9231 -0.6353 -0.0207 -0.7720 0.1283 0.5066
-7.1736 122.5204 -22.9237 -0.0490 -0.2740 -0.9605 0.1463 0.0067
-13.7216 -67.6846 -12.6025 -0.9999 -0.0031 -0.0128 0.5842 0.7700
-12.1536 29.2629 -23.1921 -0.8871 -0.0105 -0.4614 0.6358 0.3134
-12.1536 29.2629 -23.1921 -0.7832 -0.0028 -0.6218 0.1264 0.3795
-8.7743 -35.0935 -23.6243 -0.0941 -0.0026 -0.9956 0.1399 0.6367
-9.1854 -120.3424 20.6533 0.0040 0.6038 0.7972 0.0951 0.9809
-7.7586 -106.0289 24.2918 0.0268 -0.0265 0.9993 0.0894 0.9236
14.1119 -72.4941 -5.9606 1.0000 -0.0067 0.0024 0.3093 0.7822
8.8711 84.5042 24.4531 0.0447 0.0007 0.9990 0.0229 0.1620
5.7231 -101.4935 23.4805 0.0989 -0.0350 0.9945 0.0355 0.9055
-13.3609 -47.3209 -21.7300 -0.9812 -0.0039 -0.1929 0.6207 0.6886
-10.3112 -119.3973 -23.3776 0.0026 -0.5805 -0.8142 0.7753 0.0026
-13.7668 -45.3940 -16.1761 -0.9999 0.0000 -0.0166 0.5985 0.6809
-13.2160 -106.3946 -22.9996 -0.8127 0.5447 -0.2070 0.6258 0.9247
-13.6298 -118.9578 17.0065 -0.8933 -0.4471 0.0464 0.4659 0.9749
-13.6298 -118.9578 17.0065 -0.0023 -0.9999 0.0116 0.7620 0.1640
-3.8664 -123.5318 22.7038 0.1356 -0.9074 0.3978 0.9023 0.1853
5.9116 105.1497 24.6394 0.0374 -0.0108 0.9992 0.0347 0.0795
2.3937 -94.3746 23.9102 -0.0026 0.0041 1.0000 0.0488 0.8771
13.6658 -3.3057 -4.0839 0.9999 0.0052 0.0124 0.3168 0.5056
-13.3210 112.6603 -5.9149 -0.6232 0.5920 0.5110 0.8199 0.2017
-13.3210 112.6603 -5.9149 -0.9002 0.3463 0.2639 0.5575 0.0491
-10.7641 -119.2844 23.1178 -0.0048 -0.9676 0.2523 0.7735 0.1885
-11.9525 101.7620 -23.4194 -0.3049 -0.0101 -0.9523 0.1272 0.0897
-5.2367 20.7141 24.3747 0.0291 0.0144 0.9995 0.0793 0.4170
-12.6985 112.2483 4.9536 -0.2219 0.8238 -0.5216 0.8174 0.2451
-13.9415 -90.6970 -6.7510 -0.9996 0.0227 -0.0147 0.5608 0.8620
-0.3808 -119.7162 -23.2105 0.0005 -0.7260 -0.6877 0.8150 0.0033
-0.3400 123.1934 -23.1803 0.0230 0.6674 -0.7443 0.7046 0.0036
-13.3366 -119.2767 -20.9106 -0.9981 -0.0114 -0.0600 0.6174 0.9762
-13.3366 -119.2767 -20.9106 -0.6549 -0.7515 -0.0796 0.7632 0.0125
-11.8467 -38.2086 24.5222 0.0202 -0.0030 0.9998 0.1057 0.6525
-11.7727 108.9460 -23.5106 -0.3614 0.0123 -0.9323 0.1279 0.0609
-1.4320 -121.7077 22.7106 -0.0938 0.7377 0.6686 0.0641 0.9863
13.6373 -115.3834 -22.9518 0.8964 -0.0158 -0.4429 0.2414 0.9536
13.6373 -115.3834 -22.9518 0.6782 0.0055 -0.7349 0.2295 0.9577
13.5280 -64.9861 22.8266 0.9903 0.0125 0.1384 0.4244 0.7522
-9.3502 -113.3451 24.2341 0.0281 -0.0548 0.9981 0.0957 0.9529
-12.4103 119.8911 1.1082 -0.9996 0.0219 0.0194 0.5294 0.0202
-4.7202 -48.0248 24.6117 0.0592 0.0380 0.9975 0.0772 0.6918
9.9174 -87.2283 23.4560 0.0715 -0.0525 0.9961 0.0187 0.8485
-13.7960 -39.4130 3.9530 -0.9999 0.0075 0.0146 0.5180 0.6570
-11.3676 -0.6087 -23.2667 -0.6297 -0.0254 -0.7764 0.1296 0.4989
6.3279 -120.8673 22.7605 -0.0500 0.5635 0.8246 0.0331 0.9830
-13.1350 -93.1512 -22.8705 -0.9319 0.1884 -0.3098 0.6253 0.8718
-13.1350 -93.1512 -22.8705 -0.6055 0.1754 -0.7763 0.1225 0.8688
13.0204 -92.1680 23.7284 0.0815 -0.0014 0.9967 0.0063 0.8682
-14.0376 -95.9754 14.1660 -0.9995 0.0115 0.0291 0.4772 0.8831
9.0896 122.1354 23.8566 -0.0005 0.3147 0.9492 0.0220 0.0116
13.9168 -2.2715 -19.1769 1.0000 0.0013 -0.0024 0.2564 0.5015
-12.1630 111.6105 0.7070 -0.9833 0.1819 0.0001 0.5310 0.0533
-12.0084 52.8313 24.5576 -0.4344 0.0087 0.9007 0.1063 0.2886
-11.3728 48.0605 -24.0144 -0.3204 -0.0057 -0.9473 0.1295 0.3043
13.9280 116.6901 0.3934 0.9994 0.0280 -0.0183 0.3347 0.0259
-13.9822 -101.8592 17.4200 -0.9991 0.0080 0.0423 0.4642 0.9066
13.3282 0.0165 23.1725 0.2185 -0.0186 0.9757 0.0051 0.4997
13.8838 28.7344 22.9325 0.7491 0.0093 0.6623 0.0028 0.3849
13.8838 28.7344 22.9325 0.9755 0.0055 0.2198 0.4248 0.3775
2.4461 -120.6613 -22.3972 -0.0321 0.2709 -0.9621 0.1848 0.9788
-0.7335 122.9951 -23.2486 0.0047 0.0424 -0.9991 0.1721 0.0048
7.5904 93.7530 24.4719 0.0560 -0.0020 0.9984 0.0280 0.1250
-13.4182 72.5129 -5.8545 -1.0000 0.0069 0.0055 0.5573 0.2096
-12.2322 56.1814 -22.7933 -0.5577 0.0084 -0.8300 0.1261 0.2719
12.7627 61.6211 -23.9475 0.3660 -0.0069 -0.9306 0.2260 0.2501
12.6767 -120.6999 10.4539 0.7590 -0.6511 0.0014 0.9684 0.1364
-13.3905 67.6113 -13.4731 -0.9999 0.0023 -0.0124 0.5877 0.2291
0.9572 123.9595 -7.7872 0.0679 0.9977 -0.0018 0.6995 0.0651
12.8273 -37.9139 23.0368 0.3137 0.0239 0.9492 0.0071 0.6514
13.5412 78.9175 15.3745 0.9998 -0.0002 -0.0192 0.3946 0.1769
-13.3089 -80.0727 24.3021 -0.5632 -0.0053 0.8263 0.1115 0.8199
-12.0244 44.6229 -23.4177 -0.9076 -0.0040 -0.4198 0.6367 0.2520
-13.8487 -20.6770 -14.1321 -1.0000 -0.0005 -0.0021 0.5903 0.5821
-13.9328 -93.4874 -9.9523 -0.9995 0.0204 -0.0243 0.5736 0.8731
-11.0582 123.9677 24.0297 -0.2948 -0.3728 0.8798 0.1026 0.0043
-14.1035 -108.0161 -7.9631 -0.9998 -0.0049 -0.0201 0.5657 0.9312
-11.8797 -120.1205 -21.3919 -0.9889 0.0798 -0.1252 0.9736 0.3692
-11.8797 -120.1205 -21.3919 -0.7796 -0.6106 -0.1395 0.7690 0.0105
-11.8797 -120.1205 -21.3919 -0.8720 -0.4886 -0.0311 0.7571 0.2044
-13.5306 29.0789 -12.8981 -1.0000 0.0029 -0.0050 0.5854 0.3832
4.5690 -92.8246 23.7375 0.1047 -0.0243 0.9942 0.0401 0.8709
-12.0009 118.1099 24.5281 -0.3053 -0.0002 0.9523 0.1063 0.0277
-4.3136 124.4342 2.3491 0.0595 0.9977 -0.0339 0.7205 0.1057
-8.8112 124.0608 -19.7401 0.0455 0.9963 -0.0722 0.7385 0.0174
13.5639 -80.0182 -23.1329 0.6481 0.0005 -0.7615 0.2292 0.8163
10.2156 -121.3845 19.7072 0.1955 -0.9787 0.0634 0.9585 0.1734
-3.1641 4.3922 24.3479 0.0618 0.0197 0.9979 0.0710 0.4822
-13.2617 -102.4970 -22.2077 -0.9979 0.0406 -0.0503 0.6226 0.9091
13.4867 84.4053 23.4390 0.9715 0.0025 0.2372 0.4268 0.1550
-3.9320 -123.9202 13.6667 0.1135 -0.9935 0.0110 0.9020 0.1492
-13.0003 -89.3365 24.3441 -0.3926 0.0031 0.9197 0.1103 0.8569
13.8039 -102.9090 -17.6477 0.9991 -0.0177 0.0381 0.2626 0.9038
6.9204 -121.3377 -22.9070 0.0001 0.2411 -0.9705 0.2027 0.9815
9.7504 -82.3764 23.4148 0.0532 -0.0085 0.9986 0.0194 0.8291
13.6789 33.5109 23.2134 0.5352 -0.0244 0.8444 0.0037 0.3658
13.6789 33.5109 23.2134 0.9144 0.0165 0.4044 0.4259 0.3584
13.6690 57.8576 14.1347 0.9998 0.0070 -0.0209 0.3896 0.2611
-11.1932 -121.3570 -22.9764 0.0271 0.3459 -0.9379 0.1303 0.9815
14.0378 -53.7239 -2.5527 0.9999 0.0065 0.0154 0.3229 0.7071
-13.2460 82.9647 4.4356 -0.9994 -0.0212 0.0264 0.5161 0.1678
13.3114 29.1465 -2.3360 1.0000 0.0084 0.0052 0.3238 0.3759
-13.4180 57.5438 -0.9806 -1.0000 0.0071 0.0060 0.5378 0.2694
13.3060 119.1018 -22.9126 0.9716 -0.0791 -0.2231 0.2415 0.0163
-11.4339 5.1545 -23.4122 -0.5644 -0.0140 -0.8254 0.1293 0.4758
-7.1600 -88.5029 24.4001 0.0185 0.0225 0.9996 0.0870 0.8536
13.8185 119.5413 0.5972 0.9981 0.0577 -0.0224 0.3355 0.0145
13.1002 71.6935 -3.5400 0.9998 -0.0044 0.0215 0.3190 0.2058
13.6500 42.0912 9.8959 0.9992 0.0087 -0.0402 0.3727 0.3241
13.8422 -8.9479 -22.6519 0.9730 -0.0009 -0.2306 0.2426 0.5282
-12.5540 59.4853 -22.5904 -0.5050 -0.0479 -0.8618 0.1248 0.2586
-11.9361 33.6513 -23.5580 -0.8829 0.0045 -0.4695 0.6373 0.2958
-11.9361 33.6513 -23.5580 -0.6518 0.0018 -0.7584 0.1273 0.3619
-12.6362 118.4288 -8.5709 -0.8973 0.1479 0.4160 0.5681 0.0260
-13.9618 -78.1331 5.0759 -0.9999 0.0107 0.0009 0.5136 0.8117
5.1325 -102.7416 -24.0463 0.0161 -0.0102 -0.9998 0.1955 0.9071
13.3551 -44.7285 21.4142 0.9990 -0.0134 0.0421 0.4187 0.6712
13.3859 28.6130 -6.2706 0.9997 0.0011 0.0262 0.3080 0.3780
-12.7024 77.9355 20.8156 -0.9994 0.0086 0.0325 0.4506 0.1879
13.9301 -85.3342 -22.2681 0.9914 -0.0062 -0.1308 0.2441 0.8335
12.0157 -79.5146 23.4282 -0.4550 0.0004 0.8905 0.0103 0.8177
13.8359 36.2548 -19.3516 0.9997 0.0077 0.0234 0.2558 0.3475
-3.4766 122.2251 23.6262 -0.0084 0.6267 0.7792 0.8794 0.2349
-3.4766 122.2251 23.6262 0.0131 0.4095 0.9122 0.0722 0.0112
13.2880 40.9015 -4.1113 0.9997 0.0109 0.0198 0.3167 0.3289
4.5758 -120.6840 22.2284 -0.1604 0.7603 0.6295 0.0401 0.9822
13.8649 100.8873 8.0228 0.9995 -0.0297 -0.0116 0.3652 0.0891
-13.8641 -118.9728 -3.1764 -0.9930 -0.1169 -0.0179 0.5465 0.9750
-13.8641 -118.9728 -3.1764 -0.3579 -0.9320 0.0576 0.7611 0.0834
-10.2730 121.8792 -22.6409 -0.3371 0.0863 -0.9375 0.1339 0.0092
-10.2730 121.8792 -22.6409 -0.4287 0.9032 -0.0216 0.8956 0.2047
13.4237 93.3844 23.3344 0.9902 -0.0042 0.1396 0.4264 0.1191
-14.1452 -102.1815 -5.3904 -0.9999 0.0072 -0.0122 0.5554 0.9079
-7.8712 26.0203 24.5406 -0.0596 -0.0261 0.9979 0.0898 0.3958
7.1766 -12.2395 23.5920 0.1174 0.0087 0.9930 0.0297 0.5487
-12.5470 123.1977 -16.9363 -0.9998 -0.0199 -0.0015 0.6015 0.0069
-11.2450 -49.3192 -23.4312 -0.3858 0.0167 -0.9224 0.1301 0.6936
1.3972 -9.1325 24.3026 0.0672 -0.0075 0.9977 0.0528 0.5363
13.5051 -35.5235 22.4838 0.9698 -0.0783 0.2310 0.4230 0.6344
8.2008 24.2258 23.5672 0.0491 0.0094 0.9988 0.0256 0.4030
-13.7565 -54.9548 -3.0933 -0.9998 0.0139 -0.0124 0.5462 0.7191
-13.1105 -56.3435 24.4733 -0.3821 0.1063 0.9180 0.1108 0.7250
13.9784 -92.4145 -18.6107 0.9999 -0.0130 0.0103 0.2587 0.8618
-13.6373 -100.3574 23.4066 -0.9956 0.0030 0.0940 0.4403 0.9006
-3.9741 -107.5139 24.2184 0.0857 0.0299 0.9959 0.0742 0.9296
7.9164 122.4586 -23.5015 -0.0409 0.0792 -0.9960 0.2066 0.0069
-12.9875 59.0724 -22.1452 -0.9206 -0.0005 -0.3905 0.6224 0.2633
-12.9875 59.0724 -22.1452 -0.8298 0.0090 -0.5580 0.1231 0.2603
8.5078 123.2715 -5.4173 0.1181 0.9930 -0.0013 0.6693 0.0746
14.1579 -54.0951 -18.9689 0.9992 0.0041 -0.0391 0.2573 0.7086
-12.9333 -5.9457 23.9409 -0.9642 0.0065 0.2650 0.4381 0.5232
1.9906 -74.5947 24.0319 0.0776 -0.0045 0.9970 0.0504 0.7980
13.2167 11.6442 23.1483 0.0093 0.0299 0.9995 0.0055 0.4533
-12.1768 115.8270 8.0702 -0.9946 0.0403 -0.0958 0.5016 0.0364
-12.1768 115.8270 8.0702 -0.7844 0.3236 -0.5292 0.7923 0.2199
-11.6103 100.2688 -23.5791 -0.6965 0.0156 -0.7174 0.1286 0.0956
7.8003 112.9174 24.5800 0.0563 -0.0001 0.9984 0.0272 0.0484
-12.4904 -119.5715 5.5587 -0.9949 -0.1007 -0.0042 0.9758 0.2615
-13.4566 -77.8639 24.2033 -0.9910 0.0041 0.1338 0.4371 0.8107
-13.4566 -77.8639 24.2033 -0.4485 -0.0155 0.8937 0.1121 0.8111
-13.7911 -28.0302 -10.5784 -1.0000 0.0006 0.0095 0.5761 0.6115
14.0880 -57.1675 -4.6162 0.9998 0.0046 0.0168 0.3147 0.7209
-13.4642 -67.5547 -19.6864 -0.9962 0.0005 -0.0875 0.6125 0.7695
-12.7985 99.7526 -22.9991 -0.7221 -0.0057 -0.6917 0.1238 0.0977
7.5809 115.3373 24.5855 0.0486 0.0057 0.9988 0.0280 0.0388
13.1324 122.1672 -22.5909 0.9281 0.3324 -0.1677 0.2428 0.0040
-4.9031 -113.9786 24.1994 0.0073 0.0202 0.9998 0.0779 0.9554
-4.2374 -20.5766 -23.9745 -0.0555 -0.0053 -0.9984 0.1581 0.5787
14.0181 -50.2185 -2.7223 0.9998 0.0072 0.0168 0.3222 0.6931
-13.4746 -38.8151 -21.6146 -0.9611 0.0080 -0.2762 0.6203 0.6546
-13.5927 -20.8843 -21.3252 -0.9890 -0.0029 -0.1482 0.6191 0.5829
7.6490 -62.1916 -24.1992 0.0755 -0.0049 -0.9971 0.2056 0.7450
14.1477 -63.6988 -10.1309 1.0000 0.0001 0.0027 0.2926 0.7470
-13.7788 -87.9930 -12.7188 -0.9999 0.0117 -0.0119 0.5847 0.8512
14.0997 -40.4662 -11.3812 0.9999 -0.0070 0.0081 0.2876 0.6542
-11.9361 120.9886 -23.3452 -0.3754 0.7272 -0.5747 0.8928 0.1980
-11.9361 120.9886 -23.3452 -0.5078 0.1784 -0.8428 0.1273 0.0128
13.9291 -89.8537 -22.4710 0.9708 -0.0059 -0.2397 0.2433 0.8516
3.4234 -68.5871 23.9331 0.1063 -0.0681 0.9920 0.0447 0.7740
13.4412 -65.5789 23.3777 0.7797 -0.0035 0.6261 0.0046 0.7620
13.4412 -65.5789 23.3777 0.9782 0.0302 0.2055 0.4266 0.7545
-4.1779 26.2702 -24.3970 -0.0498 -0.0050 -0.9987 0.1583 0.3914
-7.2104 -119.7505 20.9197 -0.1266 -0.2551 0.9586 0.0872 0.9785
-7.2104 -119.7505 20.9197 -0.0750 -0.8361 0.5434 0.7877 0.1797
-8.2717 -82.2114 24.4621 0.0300 0.0055 0.9995 0.0914 0.8284
6.7430 -121.8081 22.2101 0.2026 -0.8777 0.4343 0.9447 0.1834
0.2651 27.7326 24.0157 0.0793 0.0127 0.9968 0.0573 0.3889
-12.8014 -4.0195 24.1696 -0.9368 0.0229 0.3491 0.4372 0.5155
-12.8014 -4.0195 24.1696 -0.5589 0.0125 0.8291 0.1095 0.5159
10.0541 -98.3191 23.2421 0.0318 -0.0110 0.9994 0.0182 0.8928
3.0059 -118.8054 23.5601 0.0071 -0.3679 0.9299 0.0463 0.9747
1.0870 -120.5089 21.3975 -0.0916 0.4735 0.8760 0.0540 0.9815
-0.4516 44.6419 24.5703 0.0515 -0.0109 0.9986 0.0602 0.3214
-13.7493 -30.2658 -6.6809 -0.9999 0.0013 0.0130 0.5606 0.6204
-12.1323 113.1861 5.0008 -0.9995 -0.0302 0.0082 0.5139 0.0470
-5.4684 -112.1463 24.0968 0.0715 0.0166 0.9973 0.0802 0.9481
-13.3714 59.2566 2.1301 -0.9999 0.0058 0.0154 0.5253 0.2625
-1.9758 97.0775 24.8174 0.0089 -0.0058 0.9999 0.0662 0.1117
-7.0813 121.1753 -24.0198 0.0053 0.4126 -0.9109 0.1467 0.0120
-7.0813 121.1753 -24.0198 -0.0068 0.5963 -0.8027 0.8901 0.2174
13.7282 -11.3254 -22.9392 0.9091 0.0068 -0.4165 0.2414 0.5377
8.0971 -122.1270 -22.0221 0.1095 -0.9903 -0.0858 0.9501 0.0066
-8.5975 52.8870 24.6607 -0.0134 0.0025 0.9999 0.0927 0.2884
13.9374 -48.5953 1.9631 0.9998 0.0055 0.0185 0.3410 0.6866
-13.6308 14.6409 -17.2773 -1.0000 -0.0011 -0.0095 0.6029 0.4409
13.4796 76.1924 12.3390 0.9998 0.0006 -0.0208 0.3824 0.1878
13.2245 87.3664 -0.3717 0.9996 -0.0290 -0.0023 0.3316 0.1432
13.3125 -14.8498 23.3974 0.3449 0.0034 0.9386 0.0051 0.5592
13.6952 117.8344 -14.8015 0.9985 0.0518 -0.0179 0.2739 0.0214
4.6014 -112.9047 23.6660 0.0817 -0.0199 0.9965 0.0400 0.9511
13.2818 86.5612 -7.2705 0.9997 -0.0168 0.0166 0.3040 0.1464
13.5086 108.6473 -22.5304 0.9668 0.0029 -0.2557 0.2430 0.0581
7.1684 -122.4652 -5.9028 0.1399 -0.9902 0.0038 0.9464 0.0710
-12.2410 114.5789 4.0397 -0.9982 -0.0523 0.0306 0.5177 0.0414
-14.1440 -95.7588 9.0108 -0.9998 0.0158 0.0096 0.4978 0.8822
-8.0685 -123.7292 23.0600 -0.0827 -0.3399 0.9368 0.0906 0.9944
-8.0685 -123.7292 23.0600 -0.0281 -0.7369 0.6755 0.8855 0.1868
-12.9170 118.4138 -22.9435 -0.7265 -0.0062 -0.6871 0.1234 0.0231
-12.3348 102.4822 24.3688 -0.8692 0.0819 0.4877 0.4364 0.0898
-12.3348 102.4822 24.3688 -0.6470 -0.0247 0.7621 0.1077 0.0901
13.0421 122.5758 -20.7679 0.6864 0.7270 -0.0149 0.6511 0.0132
13.0421 122.5758 -20.7679 0.9411 0.3369 -0.0281 0.2501 0.0024
-13.4749 -36.7289 -21.6274 -0.9522 -0.0073 -0.3054 0.6203 0.6462
-9.4304 44.0641 24.6519 -0.0145 -0.0070 0.9999 0.0960 0.3237
1.7442 43.8678 24.4230 0.0713 -0.0210 0.9972 0.0514 0.3244
9.4268 122.7080 -23.3384 0.0571 0.8019 -0.5947 0.6656 0.0030
2.7971 -30.9346 24.1191 0.0835 0.0049 0.9965 0.0472 0.6235
-12.7276 82.4822 20.1594 -0.9989 -0.0163 0.0447 0.4533 0.1697
13.6964 3.4723 -23.0848 0.9231 -0.0099 -0.3844 0.2408 0.4785
13.6964 3.4723 -23.0848 0.7793 -0.0028 -0.6267 0.2298 0.4826
-8.3496 -124.3554 20.9242 0.1305 -0.9910 -0.0299 0.8843 0.1782
6.8268 123.5677 8.1711 0.1191 0.9929 0.0004 0.6760 0.1289
-13.6449 -107.1714 23.5449 -0.9898 -0.0111 0.1421 0.4397 0.9278
-1.0432 121.9689 23.8528 -0.0101 0.6497 0.7601 0.8803 0.2446
3.8135 -121.7922 22.9010 0.1425 -0.6482 0.7480 0.9330 0.1861
3.8135 -121.7922 22.9010 0.0779 -0.3441 0.9357 0.0431 0.9867
-13.6372 -43.7256 -19.2177 -0.9983 -0.0022 -0.0586 0.6107 0.6742
14.1570 -68.1963 -15.5262 1.0000 -0.0053 -0.0051 0.2710 0.7650
13.5847 79.3712 -16.8905 0.9993 0.0026 0.0361 0.2656 0.1751
13.7374 27.9845 -15.3398 0.9991 0.0015 0.0420 0.2718 0.3805
-13.4653 -73.0063 23.9190 -0.9848 -0.0107 0.1733 0.4382 0.7913
-13.6396 3.4678 -18.9343 -0.9990 0.0066 -0.0449 0.6095 0.4856
-13.4051 73.8933 -6.3967 -1.0000 0.0075 0.0027 0.5594 0.2040
-3.4874 123.6222 24.2836 0.0168 0.1013 0.9947 0.0723 0.0056
-12.7086 84.4645 -22.7545 -0.9160 -0.0265 -0.4004 0.6248 0.1618
-12.7086 84.4645 -22.7545 -0.5434 -0.0504 -0.8380 0.1242 0.1588
-12.1452 64.0764 24.2947 -0.7016 -0.0131 0.7124 0.1069 0.2437
12.5905 71.2004 -24.0731 0.3677 -0.0010 -0.9299 0.2253 0.2118
-3.7155 -119.6333 22.6602 -0.0255 -0.9574 0.2877 0.8016 0.1866
13.4172 89.1317 7.8431 0.9998 -0.0159 -0.0134 0.3645 0.1361
10.2788 122.9024 23.6431 0.0458 0.2927 0.9551 0.0173 0.0085
10.2788 122.9024 23.6431 0.0675 0.8556 0.5132 0.6622 0.1908
-13.4625 4.3478 -21.5239 -0.9722 -0.0055 -0.2341 0.6199 0.4820
-9.9244 121.2182 24.4371 -0.0124 0.6079 0.7939 0.8826 0.2091
13.5114 92.1532 15.8702 0.9999 -0.0098 -0.0020 0.3965 0.1240
-13.6327 -95.1157 23.5771 -0.9963 0.0096 0.0851 0.4396 0.8796
14.0599 -27.1088 -6.9598 0.9999 -0.0027 0.0102 0.3053 0.6008
-3.0789 -28.2818 24.5676 0.0221 -0.0416 0.9989 0.0707 0.6129
-1.6795 -50.8720 24.4970 0.0700 0.0023 0.9975 0.0651 0.7032
-11.4891 -98.3790 24.5691 0.0650 -0.0108 0.9978 0.1043 0.8931
-11.9763 56.6727 -22.9562 -0.9555 0.0178 -0.2945 0.6349 0.2038
-11.9763 56.6727 -22.9562 -0.5693 0.0237 -0.8218 0.1271 0.2699
7.0375 -122.0373 19.1471 0.1864 -0.9805 0.0625 0.9458 0.1711
-13.8358 -92.1396 -13.3362 -0.9997 0.0187 -0.0165 0.5872 0.8677
-13.1343 117.5039 -22.5710 -0.9854 -0.0151 -0.1694 0.6241 0.0297
-13.1343 117.5039 -22.5710 -0.8550 -0.0082 -0.5186 0.1225 0.0267
-6.7878 -124.1335 15.1846 0.0818 -0.9966 -0.0083 0.8906 0.1553
-12.9273 -49.8154 24.5445 -0.3925 0.0233 0.9195 0.1100 0.6989
-13.4230 -114.0013 -23.3738 -0.9791 0.0015 -0.2034 0.6273 0.9551
-13.4230 -114.0013 -23.3738 -0.6621 0.0311 -0.7487 0.1213 0.9521
13.5295 12.8963 -2.9527 0.9997 0.0253 -0.0036 0.3213 0.4408
-7.7880 124.6879 18.7928 0.0646 0.9974 0.0326 0.7344 0.1714
-6.8336 81.5260 -24.6215 -0.0409 -0.0089 -0.9991 0.1477 0.1705
-12.3844 123.8827 -18.2737 -0.7193 0.6947 -0.0061 0.7528 0.0232
-12.3844 123.8827 -18.2737 -0.8935 0.4490 0.0035 0.6069 0.0042
-11.8790 83.4142 -23.0745 -0.4401 -0.0426 -0.8969 0.1275 0.1630
-8.7658 122.5917 23.7614 -0.0201 -0.3907 0.9203 0.0934 0.0098
13.9708 32.5465 17.2465 0.9998 0.0094 -0.0191 0.4020 0.3623
13.9340 -89.7568 -13.8199 0.9995 -0.0192 0.0240 0.2779 0.8512
-8.6537 -85.6411 24.5083 0.0130 -0.0103 0.9999 0.0929 0.8421
-13.3814 61.8938 -0.2645 -0.9999 0.0080 0.0068 0.5349 0.2520
14.1001 -70.3835 7.4226 1.0000 -0.0016 0.0036 0.3628 0.7737
-13.7844 -59.1108 9.6350 -0.9998 0.0066 0.0205 0.4953 0.7357
-4.5159 17.9007 24.6445 0.0381 0.0295 0.9988 0.0764 0.4282
-11.4326 98.1103 -23.9463 -0.8547 -0.0062 -0.5190 0.1293 0.1042
-11.4326 98.1103 -23.9463 -0.8790 -0.0090 -0.4767 0.6388 0.0382
-5.9005 26.4927 24.6009 -0.0096 -0.0146 0.9998 0.0819 0.3939
-7.9275 -123.0210 -22.0364 0.0149 -0.9935 -0.1131 0.8860 0.0065
-11.9701 124.0694 23.5622 -0.5416 -0.4585 0.7046 0.1062 0.0038
-11.9701 124.0694 23.5622 -0.9690 -0.0888 0.2307 0.4397 0.0035
-11.9701 124.0694 23.5622 -0.6293 0.6244 0.4627 0.7511 0.1905
12.6417 -65.4865 23.7336 -0.4215 0.0124 0.9067 0.0078 0.7616
13.8480 -58.3626 -22.9301 0.7546 0.0385 -0.6551 0.2304 0.7297
13.8480 -58.3626 -22.9301 0.9613 0.0387 -0.2726 0.2414 0.7257
-12.7752 119.9349 23.8024 -0.9510 -0.0258 0.3080 0.4387 0.0200
-13.8303 -31.8399 -13.7596 -0.9997 -0.0234 -0.0053 0.5889 0.6267
13.7162 64.8456 -18.8416 0.9993 0.0073 0.0372 0.2578 0.2332
-13.4726 -65.4723 23.3887 -0.9966 0.0205 0.0803 0.4404 0.7611
6.3764 -121.7218 -22.9332 0.0216 -0.1770 -0.9840 0.2005 0.9830
-13.7712 -68.9521 -8.3169 -0.9999 0.0003 -0.0114 0.5671 0.7750
-2.7751 15.2948 -24.3278 -0.0437 -0.0235 -0.9988 0.1639 0.4353
-12.4480 -119.5320 -14.0398 -0.4756 -0.8797 -0.0054 0.7667 0.0399
-12.6519 -14.9168 24.5580 -0.5968 0.0202 0.8021 0.1089 0.5594
12.5518 39.1439 -23.9947 0.2735 0.0125 -0.9618 0.2252 0.3400
12.9501 112.0200 24.2744 0.2161 -0.0012 0.9764 0.0066 0.0520
-13.6779 -12.7600 0.7654 -0.9999 0.0017 0.0102 0.5308 0.5504
-9.1546 -63.2290 24.4289 0.0115 -0.0170 0.9998 0.0949 0.7526
-11.2800 55.6011 -24.0575 -0.3061 -0.0226 -0.9517 0.1299 0.2742
-13.0144 -63.0321 24.4793 0.0068 -0.0260 0.9996 0.1104 0.7518
14.0908 -31.6195 -19.1070 0.9995 0.0021 -0.0302 0.2567 0.6188
13.1525 122.5608 -15.4456 0.6829 0.7305 -0.0095 0.6507 0.0345
-13.7237 -24.9147 -18.9770 -0.9989 0.0044 -0.0458 0.6097 0.5990
-13.4279 -28.3223 -21.8937 -0.9374 0.0074 -0.3483 0.6214 0.6126
-13.4279 -28.3223 -21.8937 -0.7735 -0.0272 -0.6332 0.1213 0.6097
-10.0641 30.9223 24.5680 -0.0030 -0.0178 0.9998 0.0986 0.3762
3.4139 122.6269 -23.2979 -0.0582 -0.0031 -0.9983 0.1886 0.0062
13.3271 -21.5982 23.4607 0.5588 0.0411 0.8283 0.0051 0.5861
3.3408 -122.7330 -17.7811 0.0684 -0.9970 -0.0365 0.9311 0.0235
-12.0357 1.5367 -22.7633 -0.5421 -0.0249 -0.8399 0.1269 0.4903
10.9193 -59.7390 23.3966 0.0219 0.0021 0.9998 0.0147 0.7386
9.4957 121.5144 24.2014 0.0006 0.4684 0.8835 0.0204 0.0141
-3.5104 124.3849 1.6867 0.0455 0.9987 -0.0245 0.7173 0.1030
-13.0698 113.1325 -6.0834 -0.6950 0.4668 0.5469 0.5582 0.0472
-13.0698 113.1325 -6.0834 -0.6311 0.5359 0.5609 0.8188 0.2010
11.7032 -37.6330 23.1899 0.1247 0.0297 0.9917 0.0116 0.6502
13.5376 -111.3016 11.3221 0.9994 -0.0253 -0.0232 0.3784 0.9373
13.6082 122.3934 15.0820 0.7525 0.6586 -0.0084 0.6489 0.1566
13.4692 94.5542 -0.5954 0.9983 -0.0584 -0.0076 0.3307 0.1144
14.0728 -80.5905 -19.2942 0.9996 -0.0039 -0.0267 0.2560 0.8145
-7.6532 -45.9280 -23.7378 -0.0619 0.0052 -0.9981 0.1444 0.6800
-0.7990 76.4939 -24.7705 -0.0238 -0.0059 -0.9997 0.1718 0.1907
-13.8174 -82.7258 -7.7277 -0.9998 0.0047 -0.0200 0.5647 0.8301
13.4409 -65.5418 -23.3151 0.5678 0.0002 -0.8231 0.2287 0.7584
13.1910 46.1516 23.6387 0.4842 -0.0033 0.8749 0.0056 0.3153
-11.0164 92.5511 24.5582 -0.0436 -0.0009 0.9990 0.1024 0.1298
-12.4035 36.6425 24.3180 -0.9062 0.0199 0.4225 0.4366 0.3529
-12.4035 36.6425 24.3180 -0.7731 0.0108 0.6341 0.1079 0.3533
13.9244 -76.7997 16.0929 0.9995 -0.0053 0.0319 0.3974 0.7994
13.9728 25.9349 14.5298 0.9994 0.0114 -0.0320 0.3912 0.3887
5.9238 50.1375 -24.6500 0.0373 -0.0053 -0.9993 0.1987 0.2960
-8.7945 24.6245 24.4220 -0.0075 -0.0153 0.9999 0.0935 0.4014
-13.6991 3.5617 -8.2090 -0.9999 0.0136 0.0069 0.5667 0.4852
-11.0068 90.6788 -24.3792 -0.2733 0.0243 -0.9616 0.1310 0.1340
-12.1188 123.0741 -22.6977 -0.5074 -0.2655 -0.8198 0.1266 0.0045
-12.9597 -48.9316 24.5177 -0.5530 -0.0091 0.8331 0.1102 0.6954
-13.4082 -27.1863 -21.8575 -0.8823 0.0294 -0.4697 0.6212 0.6081
-6.8319 -70.5512 24.4017 0.0054 -0.0179 0.9998 0.0857 0.7818
3.6369 -120.1346 21.9184 -0.0718 -0.9389 0.3367 0.8310 0.1837
3.6369 -120.1346 21.9184 -0.5895 0.1741 0.7888 0.0438 0.9800
-13.4739 -59.7561 22.3647 -0.9991 0.0072 0.0428 0.4444 0.7383
-13.4556 -7.4386 -21.8032 -0.9115 0.0191 -0.4108 0.6210 0.5292
-11.1241 124.5248 -7.6577 -0.0297 0.9994 -0.0191 0.7477 0.0657
2.2848 -42.3560 24.2448 0.0935 0.0294 0.9952 0.0492 0.6691
13.3664 105.9914 24.0578 0.6315 -0.0032 0.7754 0.0049 0.0761
4.7043 -41.4317 23.8985 0.0827 0.0357 0.9959 0.0395 0.6654
13.6874 -15.4858 -23.0767 0.9384 -0.0123 -0.3454 0.2409 0.5543
13.6874 -15.4858 -23.0767 0.8230 0.0035 -0.5680 0.2297 0.5583
-12.3117 122.2578 -21.6447 -0.9424 -0.2920 -0.1633 0.6204 0.0107
-12.2578 95.5519 24.4882 -0.2971 -0.0123 0.9548 0.1073 0.1178
-11.4733 109.7800 -23.8029 -0.9208 -0.0086 -0.3899 0.8066 0.2311
13.1337 -80.8380 23.6848 0.5724 -0.0084 0.8199 0.0058 0.8229
1.7626 123.1561 -23.1206 0.0603 0.3182 -0.9461 0.1820 0.0041
1.7626 123.1561 -23.1206 0.0079 0.8775 -0.4794 0.6962 0.0038
-12.7475 62.6271 21.1891 -0.9984 0.0072 0.0562 0.4491 0.2491
11.9511 -39.8253 23.3976 0.0703 0.1087 0.9916 0.0106 0.6590
0.2268 -14.8494 24.3544 0.0967 0.0555 0.9938 0.0574 0.5592
-11.4436 100.1534 -23.8908 -0.9097 0.0171 -0.4150 0.6386 0.0300
-11.1744 91.1820 -24.3084 -0.4539 0.0083 -0.8910 0.1303 0.1319
-12.3898 50.3925 24.2586 -0.9464 0.0114 0.3227 0.4369 0.2980
-12.3898 50.3925 24.2586 -0.7649 -0.0013 0.6441 0.1079 0.2984
-11.4664 98.7321 -23.8979 -0.8539 -0.0058 -0.5204 0.1292 0.1018
-11.4664 98.7321 -23.8979 -0.8910 0.0137 -0.4538 0.6386 0.0357
-12.2731 30.6275 24.4974 -0.6630 0.0302 0.7480 0.1074 0.3774
3.6995 -121.2587 22.7757 -0.0967 0.6212 0.7777 0.0436 0.9845
-7.4892 -123.7751 -1.0147 0.0033 -0.9993 -0.0377 0.8878 0.0905
-13.6957 7.3038 -15.5012 -0.9999 0.0052 -0.0109 0.5958 0.4702
14.0052 111.5848 2.3612 0.9998 -0.0087 -0.0169 0.3425 0.0463
-7.3456 -8.4966 24.5167 0.0211 0.0155 0.9997 0.0877 0.5338
-12.1674 -122.9154 -8.4063 -0.9820 -0.1887 -0.0071 0.9624 0.3173
12.6094 -7.4670 -23.8638 0.2259 -0.0037 -0.9741 0.2254 0.5263
-2.7497 -84.3931 24.3022 0.0537 -0.0028 0.9986 0.0693 0.8372
13.5795 -17.1135 -23.2431 0.9269 -0.0107 -0.3751 0.2402 0.5608
13.5795 -17.1135 -23.2431 0.7221 0.0096 -0.6917 0.2293 0.5648
-12.1336 2.9210 24.5225 -0.2112 -0.0293 0.9770 0.1068 0.4881
-13.1720 -15.5468 19.2651 -0.9993 0.0073 0.0359 0.4568 0.5616
2.3118 55.9075 -24.6498 -0.0221 -0.0051 -0.9997 0.1842 0.2730
-13.6443 17.0774 -12.4846 -0.9998 0.0213 -0.0015 0.5838 0.4312
-12.7631 3.9572 -22.4472 -0.5335 0.0082 -0.8458 0.1240 0.4806
1.3930 -123.1296 0.9762 0.1097 -0.9940 0.0000 0.9233 0.0985
-4.9191 -123.9618 18.9264 0.1299 -0.9915 -0.0027 0.8980 0.1702
3.4593 -120.6325 -22.4304 -0.0543 0.2181 -0.9744 0.1888 0.9787
5.2937 -106.4044 23.5092 0.0744 0.0399 0.9964 0.0372 0.9251
-13.4163 32.6565 5.7166 -0.9999 0.0055 0.0141 0.5110 0.3689
-10.1208 123.9613 -21.7298 0.0458 0.9943 -0.0967 0.7437 0.0094
0.4833 -123.1682 -8.4542 0.0881 -0.9961 -0.0040 0.9196 0.0608
-5.2361 -122.3553 -23.0410 0.0156 -0.2237 -0.9745 0.1541 0.9855
-12.7426 121.7599 23.3561 -0.9762 0.1674 -0.1382 0.4405 0.0127
-12.7426 121.7599 23.3561 -0.6027 0.7915 -0.1014 0.8783 0.1978
13.7681 65.2352 -22.7052 0.9917 0.0117 -0.1281 0.2423 0.2316
-13.1332 34.3678 -22.0198 -0.9826 0.0020 -0.1855 0.6219 0.3620
-13.1332 34.3678 -22.0198 -0.7964 0.0059 -0.6048 0.1225 0.3591
13.9541 -76.9115 -22.3018 0.9933 0.0034 -0.1159 0.2440 0.7998
-13.4402 120.6474 -15.7088 -0.9660 0.2583 0.0048 0.5966 0.0171
13.6698 -105.9104 -15.8681 0.9985 -0.0133 0.0530 0.2697 0.9158
-12.7777 -38.6898 24.5705 -0.1710 0.0160 0.9851 0.1094 0.6545
14.2323 -55.6108 -15.5626 1.0000 -0.0007 0.0062 0.2709 0.7147
-12.9869 -63.5472 -22.7122 -0.9491 -0.0083 -0.3149 0.6246 0.7534
-12.9869 -63.5472 -22.7122 -0.4979 -0.0197 -0.8670 0.1231 0.7505
9.8638 110.2740 24.4553 0.0594 0.0037 0.9982 0.0189 0.0590
-5.6578 99.6377 -24.7672 -0.0356 -0.0035 -0.9994 0.1524 0.0981
12.3865 -46.8352 23.9216 -0.3674 -0.0226 0.9298 0.0088 0.6870
4.6970 -122.5227 -19.1513 0.0738 -0.9959 -0.0520 0.9365 0.0180
-11.9287 58.1274 -22.9394 -0.9781 0.0177 -0.2073 0.6348 0.1980
-11.9287 58.1274 -22.9394 -0.5606 0.0088 -0.8280 0.1273 0.2641
1.9779 -121.7291 22.9635 -0.0091 0.3861 0.9224 0.0504 0.9864
7.5172 -122.1025 -22.5552 0.0910 -0.8962 -0.4343 0.9478 0.0044
-12.8781 -40.4381 24.5654 -0.2634 0.0048 0.9647 0.1098 0.6615
0.9906 -110.3715 23.8572 -0.0209 0.0271 0.9994 0.0544 0.9410
11.3115 -22.0878 23.3726 0.0555 0.0053 0.9984 0.0131 0.5881
-8.9761 -118.2946 23.9831 0.0488 -0.5724 0.8185 0.7806 0.1919
-8.9761 -118.2946 23.9831 0.0248 -0.3871 0.9217 0.0942 0.9727
7.5969 -105.3773 -23.8970 0.0761 -0.0214 -0.9969 0.2054 0.9177
13.9302 -45.5035 -22.6443 0.9651 -0.0062 -0.2619 0.2426 0.6743
12.9226 -55.4190 -23.6216 0.2954 -0.0076 -0.9553 0.2267 0.7180
-2.7040 -102.4214 24.1254 0.0915 0.0531 0.9944 0.0692 0.9092
7.5159 -26.8057 -24.3323 0.0486 -0.0158 -0.9987 0.2050 0.6036
14.1387 -31.5699 -15.9075 1.0000 -0.0048 -0.0030 0.2695 0.6186
-12.5634 7.7912 -22.5314 -0.4953 0.0079 -0.8687 0.1248 0.4653
9.0374 -83.4215 -23.9583 0.1221 -0.0163 -0.9924 0.2111 0.8299
-11.7979 50.6327 -23.7647 -0.9313 0.0141 -0.3641 0.6381 0.2279
-11.7979 50.6327 -23.7647 -0.7837 -0.0032 -0.6212 0.1278 0.2940
-8.4312 -86.7701 24.4187 0.0248 -0.0061 0.9997 0.0921 0.8467
14.0225 -41.5699 -21.2532 0.9949 0.0196 -0.0991 0.2482 0.6586
12.9633 -118.2208 -16.7489 0.9924 -0.1031 0.0668 0.2662 0.9650
-13.1647 -26.1164 -22.2719 -0.8897 0.0049 -0.4566 0.6229 0.6038
-13.1647 -26.1164 -22.2719 -0.5674 0.0011 -0.8234 0.1224 0.6008
-11.8193 64.5397 -23.2428 -0.9003 0.0049 -0.4352 0.6360 0.1723
-11.8193 64.5397 -23.2428 -0.8396 0.0009 -0.5432 0.1278 0.2384
12.5137 104.2218 -24.0661 0.3221 -0.0036 -0.9467 0.2250 0.0798
-12.1049 -119.5702 -22.4568 -0.4863 -0.8305 -0.2717 0.7681 0.0063
13.4517 122.5067 8.6798 0.6651 0.7468 0.0003 0.6495 0.1310
7.9055 -92.4513 23.3031 0.0926 -0.0965 0.9910 0.0267 0.8694
-13.2771 -42.9977 23.9244 -0.9758 0.0004 0.2189 0.4382 0.6713
-13.2771 -42.9977 23.9244 -0.8563 0.0586 0.5132 0.1114 0.6717
13.9131 24.9895 12.7311 0.9991 0.0102 -0.0409 0.3840 0.3925
-3.3287 -122.8725 -22.5625 0.0244 -0.8956 -0.4442 0.9044 0.0044
13.3216 -112.8257 23.6615 0.6501 0.0046 0.7599 0.0051 0.9508
-4.3322 -105.6494 -23.8171 -0.0394 0.0001 -0.9992 0.1577 0.9188
13.2672 93.3770 23.8573 0.8277 -0.0112 0.5610 0.0053 0.1265
13.2672 93.3770 23.8573 0.9533 -0.0069 0.3021 0.4285 0.1191
-12.6612 79.9684 21.6297 -0.9994 0.0050 0.0333 0.4474 0.1798
-12.9480 -55.8284 -22.7486 -0.4297 -0.0283 -0.9025 0.1232 0.7196
13.6191 -42.4458 15.9373 0.9991 -0.0266 0.0343 0.3968 0.6621
-13.2993 -22.7912 -22.1342 -0.9432 -0.0139 -0.3320 0.6223 0.5905
-13.2993 -22.7912 -22.1342 -0.5999 0.0153 -0.7999 0.1218 0.5875
-7.2852 -123.5918 -7.0334 0.0075 -0.9977 -0.0671 0.8886 0.0665
-13.3281 -2.8219 -22.0307 -0.9080 -0.0037 -0.4189 0.6219 0.5107
-13.3281 -2.8219 -22.0307 -0.6329 0.0217 -0.7739 0.1217 0.5077
-7.3113 122.7325 23.7007 0.0477 -0.5119 0.8577 0.0876 0.0092
-13.8064 -14.0603 -15.4733 -1.0000 0.0042 -0.0013 0.5957 0.5556
-7.0380 -123.9575 5.8714 -0.0478 -0.9982 -0.0373 0.8896 0.1181
-2.5256 -123.4987 2.5786 0.0771 -0.9968 -0.0197 0.9076 0.1049
-13.0926 96.1453 22.8083 -0.9992 -0.0384 0.0085 0.4427 0.1151
0.4025 121.9273 -23.2085 -0.0339 0.2555 -0.9662 0.1766 0.0090
0.4025 121.9273 -23.2085 -0.0151 0.7400 -0.6725 0.8934 0.2473
13.0591 78.7196 24.0665 0.6382 -0.0109 0.7698 0.0061 0.1851
12.0301 -7.2309 23.1915 0.0331 0.0127 0.9994 0.0103 0.5287
-11.3822 124.8832 9.6401 -0.2997 0.9540 -0.0073 0.7488 0.1348
-13.4694 39.9226 -4.0378 -0.9999 0.0069 0.0078 0.5500 0.3398
-12.9084 61.2350 17.4157 -0.9990 -0.0031 0.0444 0.4642 0.2546
-12.9864 -70.4528 -23.0827 -0.9835 0.0143 -0.1804 0.6261 0.7810
-12.9864 -70.4528 -23.0827 -0.1609 0.0114 -0.9869 0.1231 0.7781
-12.1910 48.9342 24.4916 -0.6000 -0.0112 0.7999 0.1071 0.3042
9.7661 -108.7650 23.2139 -0.0184 0.0186 0.9997 0.0193 0.9346
-4.2673 -123.3858 -10.6088 0.0777 -0.9966 0.0258 0.9007 0.0522
-11.4064 88.0268 -24.0035 -0.8655 -0.0152 -0.5007 0.1294 0.1446
-11.4064 88.0268 -24.0035 -0.9172 0.0086 -0.3984 0.6391 0.0785
-13.7535 -77.8896 -10.0127 -0.9998 0.0060 -0.0204 0.5739 0.8108
14.0133 -12.2290 8.3405 0.9999 0.0089 -0.0148 0.3664 0.5413
10.3342 -104.9687 23.2639 -0.0531 -0.0676 0.9963 0.0170 0.9194
-12.7581 5.5909 24.1775 -0.9791 0.0091 0.2033 0.4372 0.4771
-12.7581 5.5909 24.1775 -0.7096 -0.0100 0.7046 0.1093 0.4775
-12.1994 -123.4167 7.5642 -0.9811 -0.1934 -0.0080 0.9604 0.2534
-13.0449 75.0460 -21.5912 -0.9845 -0.0023 -0.1754 0.6202 0.1994
13.5073 122.4681 12.1716 0.6236 0.7817 -0.0013 0.6493 0.1449
14.0872 108.6795 11.3106 0.9999 -0.0135 -0.0023 0.3783 0.0580
13.5383 -100.2818 -9.1920 0.9994 -0.0330 0.0144 0.2964 0.8933
-12.6154 83.4682 23.1629 -0.9931 -0.0386 0.1103 0.4413 0.1658
-13.4571 48.2492 -10.7944 -1.0000 0.0015 -0.0093 0.5770 0.3065
-0.5043 -2.1480 24.4505 0.0747 -0.0068 0.9972 0.0604 0.5084
-13.5428 -34.1426 -21.2693 -0.9844 0.0050 -0.1757 0.6189 0.6359
-12.8180 -65.5344 24.4969 -0.1255 0.0072 0.9921 0.1096 0.7618
-13.6484 15.3899 -16.0310 -1.0000 0.0016 -0.0089 0.5979 0.4379
-4.2650 -43.7759 -23.9711 -0.0553 -0.0036 -0.9985 0.1580 0.6714
-4.5201 -55.3756 24.5677 0.0343 0.0024 0.9994 0.0764 0.7212
-12.5445 -119.5157 -18.6004 0.0756 -0.9968 0.0276 0.7664 0.0217
-5.3553 -97.0171 24.2375 -0.0390 -0.0561 0.9977 0.0798 0.8876
12.5535 -120.8067 4.0108 0.8717 -0.4901 -0.0016 0.7815 0.2082
12.5535 -120.8067 4.0108 0.8419 -0.5395 -0.0102 0.9679 0.1106
-14.1081 -109.0101 14.5601 -0.9995 0.0126 0.0288 0.4756 0.9352
-11.1802 -76.7139 -23.4770 -0.1738 -0.0057 -0.9848 0.1303 0.8031
14.2463 -56.7516 -17.7185 1.0000 -0.0024 -0.0061 0.2623 0.7193
-11.5425 108.7924 -23.6242 -0.4872 0.0083 -0.8732 0.1289 0.0615
-11.5425 108.7924 -23.6242 -0.9149 -0.0046 -0.4037 0.8059 0.2351
14.0479 -11.7610 12.7067 1.0000 0.0047 -0.0045 0.3839 0.5394
-1.9628 -0.6657 -24.1901 -0.0527 -0.0031 -0.9986 0.1672 0.4991
-12.4459 -119.4689 1.5802 -0.9837 -0.1799 0.0017 0.9762 0.2774
-13.2127 77.0609 6.8857 -0.9999 0.0085 0.0142 0.5063 0.1914
0.9724 -123.1253 -6.1356 0.1112 -0.9938 -0.0094 0.9216 0.0701
-4.3185 -29.3234 -23.9432 -0.0542 0.0002 -0.9985 0.1577 0.6137
-6.9929 -16.7470 -23.8067 -0.0875 -0.0033 -0.9962 0.1470 0.5634
-8.9845 -119.4221 22.6441 -0.0551 -0.9960 0.0698 0.7806 0.1866
13.6241 64.0725 23.1659 0.9706 0.0012 0.2405 0.4257 0.2363
13.8368 108.0340 -13.4256 0.9999 -0.0108 -0.0034 0.2794 0.0605
13.9207 0.8171 -19.5503 1.0000 0.0011 -0.0067 0.2550 0.4891
13.7788 -94.6228 18.7105 0.9998 -0.0113 0.0153 0.4079 0.8706
13.9069 -52.7509 5.3353 0.9997 0.0167 0.0173 0.3544 0.7033
2.1168 124.0587 12.0318 0.1008 0.9949 0.0049 0.6948 0.1444
14.0995 21.7178 17.4338 0.9997 0.0086 -0.0209 0.4028 0.4056
6.7502 123.2072 23.7849 0.0833 0.4838 0.8712 0.0314 0.0073
6.7502 123.2072 23.7849 0.1153 0.8005 0.5881 0.6763 0.1913
7.8600 13.7820 23.3406 0.1027 0.0733 0.9920 0.0269 0.4447
14.1302 -70.7462 -9.9677 1.0000 -0.0080 0.0020 0.2933 0.7752
12.7856 110.1268 -23.9009 0.8740 0.0026 -0.4859 0.2376 0.0522
12.7856 110.1268 -23.9009 0.5375 0.0052 -0.8432 0.2261 0.0562
-12.9571 83.4209 15.3828 -0.9988 -0.0278 0.0409 0.4724 0.1660
5.1649 121.9432 -23.4078 -0.0425 0.1754 -0.9836 0.1956 0.0090
5.6565 -122.6699 8.1024 0.1526 -0.9882 0.0113 0.9403 0.1270
13.5169 -49.6814 17.1275 0.9992 0.0242 0.0318 0.4016 0.6910
6.8315 -122.5377 -9.0628 0.1277 -0.9918 0.0063 0.9450 0.0584
-12.0247 -124.2219 21.9346 -0.9574 -0.2689 0.1055 0.9572 0.1960
-11.4620 121.1848 -23.6773 -0.6699 0.1726 -0.7221 0.1292 0.0120
-11.4620 121.1848 -23.6773 -0.4623 0.7673 -0.4444 0.8915 0.1999
-8.2705 -123.8210 3.3048 0.0259 -0.9978 -0.0610 0.8846 0.1078
-13.7902 -39.9938 -12.6288 -1.0000 0.0027 -0.0057 0.5843 0.6593
-12.5144 71.0637 23.5900 -0.9728 0.0099 0.2313 0.4395 0.2153
13.9071 -34.6064 11.8323 0.9996 -0.0177 0.0208 0.3804 0.6307
4.9123 122.9428 -23.2611 0.0153 0.7142 -0.6998 0.6836 0.0033
14.1043 -62.5891 -20.0595 0.9982 0.0001 -0.0594 0.2529 0.7426
-12.6138 59.6029 23.4827 -0.9752 0.0003 0.2215 0.4400 0.2612
12.4620 -78.6321 23.6488 -0.4409 0.0020 0.8976 0.0085 0.8141
-13.1525 -59.1804 24.5658 -0.5269 -0.0149 0.8498 0.1109 0.7364
-11.3779 107.1434 -24.0111 -0.8569 0.0221 -0.5150 0.1295 0.0681
-11.3779 107.1434 -24.0111 -0.8791 0.0059 -0.4766 0.8074 0.2417
3.9503 -73.9981 23.8988 0.0664 -0.0045 0.9978 0.0426 0.7956
-4.8412 124.3467 -1.9439 0.0378 0.9992 -0.0114 0.7226 0.0885
-13.2808 -119.4144 -8.6299 -0.0934 -0.9952 0.0279 0.7634 0.0616
-13.3655 -119.3483 -19.0057 -0.5737 -0.8188 -0.0222 0.7631 0.0201
-13.3655 -119.3483 -19.0057 -0.9933 -0.1114 -0.0321 0.6098 0.9765
13.5789 65.8763 -16.1934 0.9987 0.0053 0.0514 0.2684 0.2291
-13.5075 -76.1533 -19.1990 -0.9965 0.0081 -0.0833 0.6106 0.8038
5.2996 -121.4059 -22.9061 -0.0257 0.2705 -0.9624 0.1962 0.9817
-8.4142 -103.0819 24.3701 0.0410 0.0133 0.9991 0.0920 0.9119
-6.9663 -120.1998 20.8306 -0.0078 0.0793 0.9968 0.0862 0.9803
-11.7444 108.0031 -23.5264 -0.3403 -0.0090 -0.9403 0.1281 0.0647
-11.8610 79.5016 -23.0204 -0.3858 -0.0069 -0.9226 0.1276 0.1786
-11.6698 76.4084 -23.1046 -0.4968 -0.0082 -0.8679 0.1284 0.1910
-11.6698 76.4084 -23.1046 -0.9728 0.0321 -0.2294 0.6355 0.1249
-12.8885 51.4921 18.5827 -0.9992 0.0032 0.0409 0.4596 0.2936
-13.3689 50.8828 5.3771 -0.9998 -0.0002 0.0174 0.5124 0.2960
-11.8239 17.9839 -23.4421 -0.7001 -0.0137 -0.7139 0.1277 0.4245
-12.6585 117.7035 22.2736 -0.9952 0.0014 -0.0974 0.4448 0.0289
6.4482 -122.3351 15.6138 0.1814 -0.9827 0.0383 0.9435 0.1570
-13.8481 -60.3839 -0.5962 -0.9999 0.0050 -0.0089 0.5362 0.7408
-12.6825 118.9096 21.1494 -0.9984 0.0342 0.0440 0.4493 0.0241
-13.3632 63.6107 0.5562 -1.0000 0.0073 0.0062 0.5316 0.2451
-5.7074 -123.9532 7.8433 0.0508 -0.9984 -0.0238 0.8949 0.1259
13.7975 6.4767 -14.9926 0.9996 0.0183 0.0197 0.2732 0.4665
-13.5740 -119.3324 -6.6928 -0.0810 -0.9962 0.0324 0.7622 0.0693
-13.5740 -119.3324 -6.6928 -0.9093 -0.4158 -0.0187 0.5606 0.9764
-2.0951 -42.2227 24.4659 0.0504 -0.0310 0.9982 0.0667 0.6686
5.4180 -99.2190 23.5231 0.0974 0.0342 0.9947 0.0367 0.8964
13.5710 78.8298 20.2023 0.9999 0.0050 0.0131 0.4139 0.1773
14.1696 -47.4055 -14.0087 0.9997 0.0260 -0.0016 0.2771 0.6819
-11.0279 121.1925 24.4559 -0.0030 0.1753 0.9845 0.1024 0.0153
-11.0279 121.1925 24.4559 0.0640 0.6552 0.7527 0.8827 0.2047
-12.8236 29.5668 21.5980 -0.9984 0.0128 0.0544 0.4475 0.3812
-13.7481 -44.5478 -16.8546 -0.9996 0.0054 -0.0288 0.6012 0.6775
2.3734 -96.9829 23.7605 0.1559 0.0154 0.9877 0.0489 0.8875
-13.5340 6.4329 1.2063 -0.9999 0.0107 0.0108 0.5290 0.4737
-12.0852 53.5533 -22.8940 -0.9479 0.0190 -0.3179 0.6346 0.2163
-12.0852 53.5533 -22.8940 -0.5483 -0.0017 -0.8363 0.1267 0.2824
-7.7432 -122.9613 23.1971 -0.1248 0.2443 0.9616 0.0893 0.9913
13.1071 -12.4872 23.3665 0.0736 0.0201 0.9971 0.0060 0.5497
6.8795 -122.5218 -6.9601 0.1349 -0.9909 0.0028 0.9452 0.0668
13.7220 -98.4437 6.5298 0.9994 -0.0329 -0.0048 0.3592 0.8859
-13.3924 60.5139 0.2947 -0.9999 0.0079 0.0102 0.5327 0.2575
13.2661 -52.3718 23.5584 0.7841 -0.0091 0.6206 0.0053 0.7092
13.2661 -52.3718 23.5584 0.9897 0.0156 0.1422 0.4273 0.7017
9.2952 -122.1016 5.1707 0.1574 -0.9875 0.0093 0.9549 0.1153
-12.0280 24.9613 -23.4987 -0.8796 0.0011 -0.4756 0.6370 0.3306
-12.0280 24.9613 -23.4987 -0.6906 -0.0403 -0.7222 0.1269 0.3967
-13.5635 119.6019 -14.0073 -0.9970 0.0761 0.0141 0.5898 0.0213
-12.7382 61.1966 21.4242 -0.9985 0.0014 0.0549 0.4482 0.2548
-4.1114 -97.5445 24.3130 0.0328 -0.0111 0.9994 0.0748 0.8897
7.8117 -8.1467 23.5483 0.0723 -0.0001 0.9974 0.0271 0.5324
13.4798 120.1075 -18.6750 0.9971 0.0720 -0.0228 0.2585 0.0123
-12.8512 3.0345 23.8469 -0.9979 0.0063 0.0643 0.4385 0.4873
-12.8512 3.0345 23.8469 -0.7941 -0.0160 0.6075 0.1097 0.4877
-13.1804 73.8987 -19.8718 -0.9985 0.0018 -0.0539 0.6133 0.2040
13.4740 -106.8821 7.2100 0.9994 -0.0166 -0.0291 0.3619 0.9196
14.0383 -79.3237 7.3357 1.0000 -0.0073 0.0010 0.3624 0.8095
13.8471 20.4551 -22.6156 0.9886 0.0047 -0.1505 0.2427 0.4106
-11.8594 22.6378 24.4853 -0.0752 -0.0070 0.9971 0.1058 0.4093
-13.0327 -36.3114 24.3970 -0.9701 -0.0046 0.2425 0.4363 0.6446
-13.0327 -36.3114 24.3970 -0.6939 -0.0104 0.7200 0.1104 0.6450
13.6806 -117.2941 22.6402 0.9981 0.0290 -0.0539 0.4236 0.9613
13.4250 -75.1282 23.3846 0.7535 -0.0234 0.6570 0.0047 0.8001
13.4250 -75.1282 23.3846 0.9074 0.0029 0.4202 0.4266 0.7927
12.4080 120.5822 -24.2108 0.1594 0.2627 -0.9516 0.2246 0.0144
13.8635 121.4805 23.3333 0.9724 0.1124 0.2043 0.4264 0.0068
-13.8004 -44.6139 -1.6105 -1.0000 0.0024 -0.0017 0.5403 0.6778
-13.4423 -67.0927 24.1693 -0.9919 -0.0119 0.1263 0.4372 0.7676
0.9439 7.7560 -24.4396 -0.0391 -0.0117 -0.9992 0.1788 0.4654
-13.7225 -43.4734 9.0283 -0.9997 0.0073 0.0219 0.4978 0.6732
-2.2520 -105.4507 23.9414 0.0949 -0.0511 0.9942 0.0674 0.9213
7.3098 34.8291 23.8293 0.0615 -0.0149 0.9980 0.0291 0.3606
-10.9631 95.2599 -24.3809 -0.3688 -0.0028 -0.9295 0.1312 0.1156
13.9089 100.5161 17.7510 0.9995 -0.0291 0.0080 0.4041 0.0906
-13.6794 -21.8060 5.3484 -0.9999 0.0068 0.0154 0.5125 0.5866
-2.9949 -8.9412 24.4763 0.0626 -0.0181 0.9979 0.0703 0.5355
-10.5420 -4.7927 24.6021 -0.0244 0.0059 0.9997 0.1005 0.5190
-2.9361 55.1466 24.6927 0.0164 0.0021 0.9999 0.0701 0.2794
-5.5770 -85.9655 24.4680 0.0272 -0.0187 0.9995 0.0806 0.8434
13.8632 10.4250 -22.6080 0.9829 -0.0032 -0.1840 0.2427 0.4507
13.0590 68.3984 -0.3154 1.0000 0.0043 -0.0064 0.3318 0.2190
-1.4320 -117.9203 24.0220 0.0400 -0.1642 0.9856 0.0641 0.9712
-12.0022 50.8350 -22.9654 -0.9787 0.0003 -0.2051 0.6349 0.2271
-12.0022 50.8350 -22.9654 -0.5868 0.0190 -0.8095 0.1270 0.2932
-9.8864 -121.7475 -23.0256 0.0530 0.3808 -0.9232 0.1355 0.9831
-13.1909 -71.0226 24.5108 -0.0307 -0.0458 0.9985 0.1111 0.7837
13.8125 -36.4848 14.7699 0.9995 -0.0197 0.0257 0.3922 0.6382
-12.8946 -19.5566 -22.4016 -0.3804 0.0024 -0.9248 0.1235 0.5746
-7.2707 -122.4480 -23.0121 -0.0264 -0.1278 -0.9915 0.1459 0.9859
-7.2707 -122.4480 -23.0121 -0.0315 -0.5680 -0.8224 0.8886 0.0026
-12.5386 -119.1843 9.0697 -0.9954 -0.0961 -0.0031 0.9773 0.2474
-12.5386 -119.1843 9.0697 -0.5245 -0.8514 0.0077 0.7664 0.1323
-13.0539 115.3429 8.4609 -0.9453 0.1928 -0.2630 0.5000 0.0383
-13.0539 115.3429 8.4609 -0.5843 0.4566 -0.6709 0.7888 0.2218
-13.0539 115.3429 8.4609 -0.4935 0.5484 -0.6750 0.8188 0.2591
14.0675 -78.8792 -10.9304 1.0000 -0.0040 0.0019 0.2894 0.8077
14.0380 -1.8481 20.5292 0.9997 -0.0110 0.0216 0.4152 0.4998
-0.1970 122.4608 23.6789 -0.0242 -0.3313 0.9432 0.0591 0.0103
-13.0265 -47.8475 24.5136 -0.5290 -0.0306 0.8480 0.1104 0.6911
-13.4260 51.1317 -13.7611 -1.0000 0.0015 -0.0049 0.5889 0.2950
13.8988 -4.1873 22.5977 0.8246 -0.0181 0.5654 0.0028 0.5165
13.8988 -4.1873 22.5977 0.9921 -0.0204 0.1235 0.4234 0.5091
10.3471 -68.7270 23.4052 0.0318 0.0222 0.9992 0.0170 0.7745
12.4310 -121.3196 -22.1676 0.4535 -0.8603 -0.2330 0.9674 0.0060
-4.8496 -121.3196 21.7765 -0.0349 0.7948 0.6058 0.0777 0.9848
-12.4605 35.4426 24.2523 -0.9151 0.0143 0.4029 0.4369 0.3577
-12.4605 35.4426 24.2523 -0.8471 0.0112 0.5314 0.1082 0.3581
-12.9071 34.6563 19.2115 -0.9988 0.0047 0.0488 0.4571 0.3609
-12.6450 50.0838 23.4991 -0.9839 0.0127 0.1784 0.4399 0.2992
-12.7945 23.4894 -22.4945 -0.6863 -0.0344 -0.7265 0.1239 0.4025
1.5855 -122.9377 19.9389 0.1713 -0.9845 0.0367 0.9240 0.1743
2.0999 -122.9377 -13.6011 0.0530 -0.9984 -0.0203 0.9261 0.0402
13.3442 -1.0538 23.1545 0.1538 -0.0080 0.9881 0.0050 0.5040
-13.4583 30.4566 -18.4907 -0.9997 0.0106 -0.0229 0.6078 0.3777
13.0625 74.0514 -0.6743 0.9999 0.0006 0.0171 0.3304 0.1964
-4.1195 -123.2643 -14.4590 0.0253 -0.9971 -0.0721 0.9012 0.0368
13.4801 -52.2953 -23.3163 0.6082 -0.0115 -0.7937 0.2289 0.7055
-14.1805 -106.0610 -2.3158 -0.9999 -0.0016 -0.0148 0.5431 0.9234
-8.3998 123.8068 24.4118 -0.0659 -0.0907 0.9937 0.0919 0.0049
-13.6482 107.5872 -5.0974 -0.9998 0.0112 0.0183 0.5542 0.0693
-8.2930 -123.6107 -6.9258 0.0317 -0.9975 -0.0634 0.8846 0.0669
-9.6270 -0.1540 24.5615 -0.0420 -0.0142 0.9990 0.0968 0.5004
-12.9891 113.4527 -22.7822 -0.9457 -0.0149 -0.3248 0.6249 0.0459
-12.9891 113.4527 -22.7822 -0.7876 0.0053 -0.6161 0.1231 0.0429
-12.5535 48.8736 23.9713 -0.9657 0.0196 0.2591 0.4380 0.3041
-12.5535 48.8736 23.9713 -0.8190 -0.0098 0.5737 0.1085 0.3044
-6.3072 -123.9841 12.0612 0.0618 -0.9981 -0.0077 0.8925 0.1428
13.9379 -10.8949 -17.9175 1.0000 -0.0004 0.0017 0.2615 0.5359
-12.4786 86.5572 24.1329 -0.7998 -0.0117 0.6001 0.1082 0.1538
-13.4416 94.6771 -14.4490 -0.9996 -0.0141 -0.0235 0.5916 0.1210
4.6657 -119.8221 -23.1185 -0.0154 -0.7592 -0.6506 0.8352 0.0036
12.7467 -61.9275 23.7435 -0.3015 -0.0274 0.9531 0.0074 0.7474
2.3700 121.8814 -23.3087 -0.0452 0.3329 -0.9419 0.1845 0.0092
2.3700 121.8814 -23.3087 -0.0016 0.7132 -0.7010 0.8930 0.2552
13.8241 -91.3196 -9.4641 0.9996 -0.0268 0.0019 0.2953 0.8574
-13.4763 44.6547 -7.9936 -1.0000 0.0016 -0.0006 0.5658 0.3209
-13.1094 62.2975 -21.7418 -0.9554 0.0016 -0.2954 0.6208 0.2504
9.7206 -122.1600 -9.9943 0.1449 -0.9894 0.0138 0.9566 0.0546
-13.0353 -29.6690 24.3018 -0.9845 0.0370 0.1714 0.4367 0.6180
-13.0353 -29.6690 24.3018 -0.6571 0.0245 0.7534 0.1105 0.6184
-12.2377 85.2483 24.4227 -0.4983 -0.0286 0.8666 0.1073 0.1590
-6.6976 4.5411 24.7288 -0.0160 0.0435 0.9989 0.0851 0.4817
-12.3360 114.4253 -0.6997 -0.9989 -0.0461 0.0120 0.5366 0.0420
-13.8219 -61.4209 -2.6291 -0.9999 0.0042 -0.0101 0.5444 0.7449
-13.5209 101.8621 -16.6180 -0.9995 -0.0058 -0.0325 0.6003 0.0922
-0.1796 -107.5778 23.8246 0.0396 -0.0461 0.9982 0.0591 0.9298
-10.9420 -4.2865 -23.3927 -0.2358 -0.0045 -0.9718 0.1313 0.5136
-12.3999 115.2382 7.9941 -0.3413 0.5312 -0.7755 0.8162 0.2573
-12.3999 115.2382 7.9941 -0.6588 0.4123 -0.6293 0.7914 0.2222
13.9163 -86.8093 -1.3583 0.9998 -0.0202 -0.0004 0.3277 0.8394
-10.9683 104.8180 -24.4375 -0.3134 -0.0097 -0.9496 0.1312 0.0774
-9.1449 17.0063 24.5673 0.0190 -0.0046 0.9998 0.0949 0.4318
13.6859 -2.2481 3.0699 0.9993 0.0196 -0.0324 0.3454 0.5014
-12.3404 -120.5728 19.3158 -0.9965 -0.0820 0.0185 0.9717 0.2065
-11.9885 -121.8638 -22.7563 -0.9776 0.0747 -0.1970 0.9666 0.3746
-11.9885 -121.8638 -22.7563 -0.7317 0.3209 -0.6014 0.1271 0.9836
-13.5256 26.2876 -1.3309 -1.0000 0.0084 0.0048 0.5392 0.3943
-9.3684 -123.3965 -13.1515 0.0356 -0.9988 -0.0344 0.8803 0.0420
13.9910 -4.9988 12.7529 0.9999 0.0053 -0.0135 0.3841 0.5124
13.7647 32.6522 -23.0459 0.9916 0.0019 -0.1295 0.2410 0.3619
13.7647 32.6522 -23.0459 0.8027 -0.0072 -0.5964 0.2300 0.3659
7.1080 105.3120 24.5861 0.0438 -0.0154 0.9989 0.0299 0.0788
-13.3622 -89.7295 -23.1127 -0.9990 -0.0104 -0.0430 0.6262 0.8581
-13.3622 -89.7295 -23.1127 -0.6693 -0.0305 -0.7424 0.1216 0.8551
-1.4932 38.0527 24.4808 0.0620 -0.0252 0.9978 0.0643 0.3477
-11.7993 99.4928 -23.4801 -0.3729 -0.0054 -0.9279 0.1278 0.0987
-13.3205 52.3332 -19.6190 -0.9986 0.0043 -0.0532 0.6123 0.2902
-13.0840 -92.5078 -22.8522 -0.9570 -0.0358 -0.2879 0.6252 0.8692
-13.0840 -92.5078 -22.8522 -0.6406 -0.0588 -0.7657 0.1227 0.8662
-13.9816 -87.6449 -2.2158 -0.9996 0.0182 -0.0199 0.5427 0.8498
13.9382 -32.1487 12.4237 0.9997 -0.0149 0.0191 0.3828 0.6209
-10.0940 -122.8832 -22.7927 0.1232 -0.4735 -0.8721 0.1347 0.9876
-10.0940 -122.8832 -22.7927 0.0265 -0.8316 -0.5547 0.8774 0.0035
-13.5296 114.1802 -7.9241 -0.9759 0.1231 0.1802 0.5655 0.0430
-12.4892 65.0414 23.7924 -0.9269 0.0084 0.3753 0.4387 0.2394
-12.4892 65.0414 23.7924 -0.8323 -0.0108 0.5543 0.1083 0.2398
-12.5572 -117.0370 -23.3874 -0.1458 -0.2787 -0.9492 0.1248 0.9643
-0.2855 -123.2759 -5.9977 0.0527 -0.9985 -0.0154 0.9166 0.0706
-6.1757 -123.6493 -3.8842 0.0304 -0.9995 0.0025 0.8930 0.0791
13.8572 -74.6412 -22.7916 0.8004 0.0167 -0.5992 0.2304 0.7948
13.8572 -74.6412 -22.7916 0.9766 -0.0025 -0.2149 0.2420 0.7908
7.4540 -107.6907 23.3686 0.0448 -0.0509 0.9977 0.0286 0.9303
-13.5715 22.6802 -6.3693 -1.0000 0.0055 0.0077 0.5593 0.4088
6.6885 -49.5992 -24.2644 0.0292 -0.0004 -0.9996 0.2017 0.6947
-6.5368 -124.0150 22.5377 0.1298 -0.9257 0.3552 0.8916 0.1847
13.4799 76.3029 23.4767 0.9592 -0.0027 0.2827 0.4270 0.1874
14.1940 -50.6664 -17.6356 0.9989 -0.0442 0.0124 0.2626 0.6949
-12.2817 123.9742 -19.6904 -0.6190 0.7847 -0.0331 0.7524 0.0176
-12.9527 -81.2574 -23.1422 -0.4849 0.1779 -0.8563 0.1232 0.8213
-9.7272 34.9052 24.5282 0.0199 -0.0124 0.9997 0.0972 0.3603
12.8069 82.0256 -23.8892 0.6266 0.0177 -0.7791 0.2262 0.1685
-12.7765 59.1734 20.6389 -0.9988 0.0001 0.0486 0.4513 0.2629
-11.9402 35.3447 -23.5394 -0.8896 0.0035 -0.4567 0.6372 0.2891
13.4135 -103.4274 -8.1688 0.9993 -0.0322 0.0183 0.3005 0.9058
13.7369 66.0685 -20.0338 0.9998 0.0118 0.0183 0.2530 0.2283
-12.7851 -9.7497 24.3388 -0.8962 0.0223 0.4431 0.4366 0.5384
-12.7851 -9.7497 24.3388 -0.6513 0.0255 0.7584 0.1095 0.5388
12.9259 121.9711 23.9058 0.1281 0.3742 0.9185 0.0067 0.0122
-12.3025 97.7883 24.4809 -0.3387 0.0090 0.9409 0.1075 0.1089
13.7599 -30.5967 19.8354 0.9986 -0.0217 0.0485 0.4124 0.6147
-0.0487 124.0094 -10.4973 0.0541 0.9985 -0.0071 0.7035 0.0543
-12.8616 -54.7597 24.5171 -0.1622 -0.0192 0.9866 0.1098 0.7187
13.3628 -104.6060 0.3329 0.9995 -0.0263 -0.0174 0.3344 0.9105
13.9522 -93.0057 -22.2399 0.9907 -0.0020 -0.1358 0.2442 0.8642
-13.7675 -7.2582 -9.4554 -1.0000 0.0067 -0.0021 0.5716 0.5284
-13.6481 -119.2461 -10.5798 -0.9933 -0.1136 -0.0214 0.5761 0.9761
-13.6481 -119.2461 -10.5798 -0.4661 -0.8843 0.0287 0.7619 0.0538
-11.8604 82.3623 -23.0509 -0.5233 -0.0084 -0.8521 0.1276 0.1672
12.8257 -86.0847 23.6986 -0.0703 0.0188 0.9973 0.0071 0.8439
-2.9218 -65.6768 24.4144 0.0103 -0.0201 0.9997 0.0700 0.7623
-13.9015 -75.5267 -0.8659 -0.9998 0.0091 -0.0164 0.5373 0.8013
13.4702 -84.6427 23.2806 0.7538 -0.0261 0.6566 0.0045 0.8382
13.4702 -84.6427 23.2806 0.9924 0.0035 0.1228 0.4262 0.8307
-12.1529 86.6947 -23.1507 -0.3795 -0.0188 -0.9250 0.1264 0.1499
-6.9199 15.4637 24.4401 -0.0088 0.0113 0.9999 0.0860 0.4380
-5.7948 -109.5264 24.0862 -0.0132 -0.0513 0.9986 0.0815 0.9376
2.3210 -122.9218 -12.0498 0.0826 -0.9966 -0.0057 0.9270 0.0464
14.1052 -67.6611 -2.4122 1.0000 0.0019 0.0092 0.3235 0.7629
-1.9556 -122.0428 -23.0326 0.0184 0.0076 -0.9998 0.1672 0.9843
12.7752 80.3520 -23.9620 0.5694 0.0141 -0.8219 0.2261 0.1752
12.6332 -9.5763 -23.8437 0.2197 -0.0016 -0.9756 0.2255 0.5347
-5.7683 -124.1004 20.3698 0.1230 -0.9924 -0.0079 0.8947 0.1760
11.9378 -24.7347 23.3725 -0.0789 0.0082 0.9968 0.0106 0.5987
-11.6014 -61.6445 24.4697 0.0109 -0.0108 0.9999 0.1047 0.7462
-13.1761 30.8399 14.5096 -0.9990 0.0061 0.0443 0.4758 0.3761
13.6708 68.6678 -18.4468 0.9995 0.0066 0.0316 0.2594 0.2179
1.9748 -121.9960 -22.9613 0.0217 -0.1705 -0.9851 0.1829 0.9841
13.1692 47.2379 -23.7156 0.5234 0.0084 -0.8520 0.2276 0.3076
13.2888 -24.5892 23.5315 0.4294 0.0012 0.9031 0.0052 0.5981
-8.8716 10.9905 24.4805 -0.0282 0.0034 0.9996 0.0938 0.4559
-13.3002 94.5034 -18.3557 -0.9981 -0.0237 -0.0563 0.6072 0.1217
-11.8850 56.2110 -23.2717 -0.9576 0.0050 -0.2880 0.6361 0.2056
-12.4139 -18.2048 24.6466 -0.0097 -0.0140 0.9999 0.1080 0.5726
-10.8333 -81.5387 24.5265 0.0181 0.0186 0.9997 0.1017 0.8257
12.7361 54.1864 -23.8806 0.2040 -0.0090 -0.9789 0.2259 0.2798
13.4665 -49.0654 -23.3682 0.6194 0.0027 -0.7851 0.2288 0.6926
13.3079 71.5999 7.1117 0.9989 0.0008 -0.0466 0.3615 0.2062
14.0273 -30.6622 -5.7218 1.0000 0.0055 0.0062 0.3102 0.6150
-11.9004 70.1258 24.4849 -0.5186 0.0138 0.8549 0.1059 0.2195
-13.7502 -89.8275 -16.5713 -0.9994 0.0153 -0.0305 0.6001 0.8585
-0.2482 -15.9356 24.3497 0.0441 -0.0357 0.9984 0.0593 0.5635
14.0083 -24.8155 -1.7862 0.9999 -0.0039 0.0121 0.3260 0.5916
-11.6419 57.4588 24.6191 -0.0129 0.0079 0.9999 0.1049 0.2701
-4.2442 123.1849 -23.2159 -0.0167 0.1613 -0.9868 0.1580 0.0040
7.1434 -58.2511 -24.2428 0.0452 -0.0013 -0.9990 0.2036 0.7293
7.5276 123.1463 -22.1742 0.0632 0.9897 -0.1285 0.6732 0.0076
-13.6165 -110.4633 -23.1818 -0.9933 0.0700 -0.0922 0.6265 0.9410
-13.6165 -110.4633 -23.1818 -0.7159 0.1543 -0.6810 0.1206 0.9380
-12.4464 111.0419 -23.2844 -0.3448 0.0056 -0.9386 0.1252 0.0526
13.3800 -15.9274 23.3501 0.5373 -0.0105 0.8433 0.0049 0.5635
13.4879 -85.2448 -23.1501 0.6691 -0.0077 -0.7431 0.2289 0.8372
13.4468 -105.4691 5.0422 0.9994 -0.0259 -0.0242 0.3533 0.9140
-11.6918 51.8370 24.6234 -0.0248 -0.0017 0.9997 0.1051 0.2926
13.6340 75.3448 -22.7230 0.9939 -0.0002 -0.1103 0.2423 0.1912
12.8618 44.6346 23.7564 0.1183 -0.0128 0.9929 0.0069 0.3214
9.3376 -72.2355 23.5041 0.0034 -0.0214 0.9998 0.0210 0.7886
13.4968 -81.1942 23.1249 0.9692 0.0022 0.2462 0.4255 0.8170
-12.8163 80.7717 17.9923 -0.9984 -0.0124 0.0549 0.4619 0.1765
12.5340 -49.1072 23.9354 -0.2700 -0.0248 0.9625 0.0082 0.6961
13.4458 -32.5331 23.2593 0.7694 -0.0076 0.6388 0.0046 0.6299
13.4458 -32.5331 23.2593 0.8993 -0.0402 0.4354 0.4261 0.6224
-13.4060 51.4580 2.7601 -0.9999 -0.0005 0.0151 0.5228 0.2937
0.9363 -122.0544 -22.9664 0.0192 -0.2635 -0.9645 0.1787 0.9843
14.0641 -52.5793 -4.6921 0.9999 0.0065 0.0153 0.3144 0.7026
13.7374 -102.4587 -22.7941 0.8888 -0.0122 -0.4581 0.2420 0.9020
13.7374 -102.4587 -22.7941 0.6646 0.0001 -0.7472 0.2299 0.9060
4.7790 0.0730 23.6616 0.1359 0.0765 0.9878 0.0392 0.4995
-4.5201 124.2120 -11.3610 0.0266 0.9993 -0.0258 0.7213 0.0509
-13.6181 12.2831 -7.4872 -0.9999 0.0010 0.0132 0.5638 0.4503
14.0940 -49.3665 -20.4580 0.9974 0.0272 -0.0663 0.2513 0.6897
3.2750 15.7502 23.7583 0.1102 0.0280 0.9935 0.0453 0.4368
-13.3868 54.2202 3.5824 -0.9998 0.0026 0.0179 0.5195 0.2827
4.0151 -19.3894 -24.3920 -0.0249 -0.0036 -0.9997 0.1911 0.5739
-2.1773 123.4922 -22.7682 0.0416 0.9482 -0.3149 0.7120 0.0053
14.0299 -23.3870 -6.0760 0.9999 0.0154 0.0024 0.3088 0.5859
3.0989 -118.2306 23.7572 0.0332 -0.1615 0.9863 0.0460 0.9724
13.9202 -88.3787 2.1996 0.9998 -0.0117 -0.0173 0.3419 0.8457
3.6873 25.9751 23.7641 0.0608 -0.0306 0.9977 0.0436 0.3960
-13.5630 -109.4092 24.0418 -0.9852 0.0587 0.1610 0.4377 0.9368
-13.5630 -109.4092 24.0418 -0.6273 0.0599 0.7765 0.1126 0.9372
-13.1692 79.1314 8.9007 -0.9999 0.0033 0.0147 0.4983 0.1831
-11.4985 110.9758 -23.7601 -0.7940 -0.0014 -0.6079 0.1290 0.0528
-11.4985 110.9758 -23.7601 -0.9329 -0.0142 -0.3599 0.8064 0.2263
-11.9009 -30.3198 -22.7604 -0.5300 0.0206 -0.8478 0.1274 0.6176
-12.0414 121.3767 -22.2552 -0.0238 0.9570 -0.2890 0.8972 0.1976
-13.7694 -46.9584 -14.3485 -0.9998 -0.0203 -0.0089 0.5912 0.6871
-5.6169 -123.4776 23.1117 0.1005 -0.5887 0.8021 0.8953 0.1870
-12.1228 -119.6697 -21.6567 -0.7088 -0.6987 -0.0968 0.7680 0.0095
-12.1228 -119.6697 -21.6567 -0.8720 -0.4886 -0.0311 0.7589 0.2054
5.6347 123.5935 -8.8765 0.0968 0.9953 0.0052 0.6808 0.0608
2.0302 -120.8951 -22.5130 -0.0272 0.5036 -0.8635 0.1831 0.9797
13.3788 81.1528 -23.3837 0.8861 -0.0195 -0.4632 0.2396 0.1680
13.3788 81.1528 -23.3837 0.8195 0.0077 -0.5731 0.2285 0.1720
13.8458 20.6239 -19.5850 0.9999 0.0095 0.0123 0.2548 0.4100
13.6124 8.1594 23.1629 0.5430 -0.0047 0.8397 0.0039 0.4672
-13.3728 -86.5006 24.2070 -0.9124 -0.0092 0.4091 0.4371 0.8452
-13.3728 -86.5006 24.2070 -0.4243 -0.0099 0.9055 0.1118 0.8456
13.5779 -114.6678 -19.5132 0.9923 -0.0791 0.0957 0.2551 0.9508
7.1662 -101.6651 23.3272 0.0857 -0.0318 0.9958 0.0297 0.9062
-13.1322 -63.8443 24.4582 -0.2273 -0.0077 0.9738 0.1108 0.7550
-12.8756 68.3684 16.5405 -0.9990 0.0074 0.0440 0.4677 0.2261
-13.5644 -78.6019 23.2201 -0.9963 0.0010 0.0864 0.4410 0.8136
-11.5944 87.6238 -23.4983 -0.8397 0.0104 -0.5430 0.1287 0.1462
-11.5944 87.6238 -23.4983 -0.9081 0.0116 -0.4186 0.6370 0.0801
-12.8990 -4.5849 23.9408 -0.9370 0.0236 0.3486 0.4381 0.5177
7.1964 -91.3742 23.7033 0.0886 -0.0747 0.9933 0.0296 0.8651
13.5984 78.0693 -17.2178 0.9994 -0.0012 0.0343 0.2643 0.1803
-13.4261 46.8480 -13.7910 -1.0000 0.0039 -0.0064 0.5890 0.3121
-13.5422 -15.1882 -21.5853 -0.9560 -0.0022 -0.2933 0.6201 0.5601
-13.3001 -3.6601 -22.0749 -0.8986 -0.0107 -0.4386 0.6221 0.5141
-13.3001 -3.6601 -22.0749 -0.5992 0.0014 -0.8006 0.1218 0.5111
12.6711 48.2510 -23.9044 0.2486 0.0058 -0.9686 0.2257 0.3036
-11.5059 102.8819 -23.6990 -0.8942 -0.0046 -0.4476 0.6378 0.0191
-13.6146 -119.1212 23.4435 -0.9337 -0.3267 0.1464 0.4401 0.9756
-13.6146 -119.1212 23.4435 -0.3352 -0.9318 0.1392 0.7621 0.1898
-11.8470 45.3093 24.6139 -0.2344 0.0027 0.9721 0.1057 0.3187
13.9011 -94.2756 -16.4036 0.9995 -0.0169 0.0266 0.2675 0.8693
-13.2715 -44.1337 -22.1611 -0.9742 -0.0096 -0.2255 0.6224 0.6758
-12.6975 101.6840 22.5446 -0.9977 0.0420 -0.0537 0.4437 0.0929
-10.2097 -124.4150 22.3069 0.2939 -0.7147 0.6347 0.8769 0.1838
12.9283 81.2633 24.1617 0.4076 -0.0043 0.9132 0.0067 0.1750
13.8725 107.9890 -4.4788 0.9998 -0.0185 -0.0061 0.3152 0.0607
-13.2415 -95.7427 -22.3926 -0.9941 0.0069 -0.1080 0.6234 0.8821
-0.1337 -92.2363 -23.9787 -0.0309 0.0067 -0.9995 0.1745 0.8651
13.8679 -91.1417 -12.4916 0.9995 -0.0218 0.0233 0.2832 0.8567
12.5092 -120.9998 -1.2223 0.7615 -0.6480 0.0116 0.9677 0.0897
12.5092 -120.9998 -1.2223 0.8845 -0.4663 0.0146 0.3282 0.9761
-13.1888 113.0686 6.9043 -0.9851 0.1371 -0.1037 0.5062 0.0474
-2.0982 123.9476 -17.3733 0.0398 0.9982 -0.0454 0.7117 0.0268
-11.3467 59.3685 -24.0727 -0.3516 -0.0044 -0.9361 0.1296 0.2591
13.6545 80.3467 -19.8216 1.0000 0.0026 0.0086 0.2539 0.1712
-12.5767 -79.6263 -23.0690 -0.4796 -0.0128 -0.8774 0.1247 0.8147
-2.4255 -119.7474 21.4259 -0.0491 -0.9928 0.1089 0.8068 0.1817
13.6999 -100.1324 17.9798 0.9998 -0.0176 0.0073 0.4050 0.8927
13.4694 6.5735 -23.4161 0.7448 -0.0060 -0.6673 0.2288 0.4702
-11.9832 121.8514 20.0124 -0.9742 0.2156 0.0671 0.4539 0.0123
-11.9832 121.8514 20.0124 -0.6586 0.7520 0.0272 0.8649 0.2009
-12.4596 83.0676 23.8869 -0.9446 -0.0384 0.3261 0.4384 0.1674
-12.4596 83.0676 23.8869 -0.8410 0.0184 0.5407 0.1082 0.1678
12.9730 -45.2125 23.9252 0.5334 -0.0115 0.8458 0.0065 0.6805
6.2245 95.8079 24.5740 0.0382 -0.0028 0.9993 0.0335 0.1168
13.9151 112.5982 -4.9975 0.9999 0.0039 -0.0108 0.3131 0.0423
-1.4965 -123.5278 18.3926 0.1523 -0.9878 0.0329 0.9117 0.1681
-11.9210 -106.7833 -23.5605 -0.0266 0.0486 -0.9985 0.1274 0.9233
-11.6139 66.5465 -23.8552 -0.7226 0.0012 -0.6912 0.1286 0.2304
-11.6139 66.5465 -23.8552 -0.9475 -0.0115 -0.3195 0.6385 0.1643
-7.4477 94.9564 -24.6808 -0.0329 -0.0076 -0.9994 0.1452 0.1169
-5.1729 124.0021 24.2386 0.0477 0.3375 0.9401 0.0790 0.0041
-5.1729 124.0021 24.2386 0.0670 0.8035 0.5915 0.7240 0.1932
14.1076 -32.7795 -16.8691 0.9999 -0.0090 -0.0095 0.2657 0.6234
-14.1758 -103.3879 -3.4043 -0.9999 0.0034 -0.0149 0.5475 0.9127
12.2818 -92.1615 23.3978 -0.4060 -0.0011 0.9139 0.0093 0.8682
-13.5637 -106.7563 -22.4844 -0.9045 0.4221 -0.0604 0.6237 0.9262
-13.3801 72.2161 -13.1015 -0.9999 -0.0060 -0.0154 0.5862 0.2107
7.1126 -121.8359 -22.8679 0.0434 -0.2741 -0.9607 0.2034 0.9835
7.1126 -121.8359 -22.8679 0.0671 -0.6773 -0.7327 0.9461 0.0032
-11.6466 115.6863 -23.5235 -0.3143 0.0039 -0.9493 0.1284 0.0340
-11.6466 115.6863 -23.5235 -0.9174 -0.0132 -0.3977 0.8055 0.2075
13.2478 86.4900 3.6854 0.9992 -0.0297 -0.0257 0.3478 0.1467
5.8496 -120.0663 22.5230 0.0440 0.1079 0.9932 0.0350 0.9798
5.8496 -120.0663 22.5230 -0.0506 -0.7018 0.7106 0.8399 0.1861
13.2278 18.3721 23.1547 0.2466 -0.0133 0.9690 0.0055 0.4264
-13.5114 -77.5788 -19.2922 -0.9963 0.0095 -0.0858 0.6110 0.8095
-13.0904 76.6406 11.6696 -0.9993 -0.0042 0.0382 0.4872 0.1931
13.7723 -93.0975 -7.1542 0.9993 -0.0378 0.0044 0.3045 0.8645
8.7385 -120.4513 -22.7210 -0.0897 -0.1696 -0.9814 0.2099 0.9779
8.7385 -120.4513 -22.7210 -0.0968 -0.5185 -0.8496 0.8514 0.0052
-6.6749 32.0773 24.3841 0.0286 -0.0090 0.9995 0.0850 0.3716
-12.8513 -33.8060 24.5692 -0.5293 0.0120 0.8484 0.1097 0.6349
-4.6096 -123.7145 2.6887 0.0522 -0.9966 -0.0635 0.8993 0.1053
8.4048 -120.7779 22.6335 0.1620 -0.5543 0.8164 0.9513 0.1851
8.4048 -120.7779 22.6335 0.0518 0.2876 0.9563 0.0247 0.9826
-13.7788 -47.1673 -12.7962 -0.9997 -0.0246 -0.0047 0.5850 0.6880
-13.3705 -97.0728 24.1418 -0.6254 0.0437 0.7791 0.1118 0.8878
-11.4910 39.9043 -23.9566 -0.3373 -0.0186 -0.9412 0.1291 0.3369
-13.5163 34.4258 -11.0064 -1.0000 0.0042 -0.0059 0.5778 0.3618
10.2134 93.7951 24.3584 0.0371 0.0094 0.9993 0.0175 0.1249
-13.7502 -3.3685 -16.8945 -0.9999 0.0037 -0.0136 0.6014 0.5129
13.5587 -99.0768 -1.6392 0.9994 -0.0332 -0.0047 0.3266 0.8884
-0.9530 -111.9020 23.9378 0.0961 -0.0077 0.9953 0.0622 0.9471
-12.7582 77.8585 -22.6325 -0.9176 -0.0113 -0.3973 0.6243 0.1882
-12.7582 77.8585 -22.6325 -0.5015 -0.0257 -0.8648 0.1240 0.1852
10.1822 -121.9213 6.0314 0.1697 -0.9853 0.0203 0.9584 0.1187
13.6603 77.6621 -20.0400 1.0000 -0.0013 -0.0072 0.2530 0.1819
-5.4199 123.8781 24.2966 0.0313 0.1639 0.9860 0.0800 0.0046
-12.8940 99.6037 19.2397 -0.9903 0.1353 0.0313 0.4569 0.1013
-7.3749 -123.9982 8.3149 0.0239 -0.9994 -0.0260 0.8882 0.1278
-0.8011 -123.5394 13.0814 0.1157 -0.9933 0.0011 0.9145 0.1469
-13.7915 -61.4244 -8.3958 -1.0000 0.0019 -0.0090 0.5674 0.7450
3.4611 54.5154 -24.6724 -0.0177 -0.0025 -0.9998 0.1888 0.2785
-12.0801 -34.8100 24.5569 0.0267 -0.0020 0.9996 0.1066 0.6390
3.8030 -122.7265 17.0918 0.1546 -0.9870 0.0451 0.9329 0.1629
-8.5663 -121.8745 -23.0337 0.0129 0.1748 -0.9845 0.1408 0.9836
2.3263 -90.0499 23.8270 0.0692 0.0212 0.9974 0.0490 0.8598
13.0699 71.1557 1.2047 0.9998 0.0023 -0.0183 0.3379 0.2080
3.7690 -120.9762 -22.6175 -0.0434 0.4503 -0.8918 0.1901 0.9800
-3.2289 -123.1192 23.0399 0.1298 -0.7011 0.7011 0.9048 0.1867
13.2024 72.6959 4.6103 0.9989 -0.0016 -0.0473 0.3515 0.2018
-1.3266 -107.6001 23.9264 0.0851 0.0589 0.9946 0.0636 0.9299
-13.3448 60.7029 3.5094 -0.9999 0.0068 0.0129 0.5198 0.2568
-11.1771 -2.5852 -23.3442 -0.4528 -0.0206 -0.8914 0.1303 0.5068
10.6291 121.1668 24.3678 0.0281 0.2377 0.9709 0.0159 0.0155
12.8776 -90.0031 23.7671 -0.0919 -0.0001 0.9958 0.0069 0.8596
-12.7905 -107.9074 -23.6191 -0.0220 0.0437 -0.9988 0.1239 0.9278
5.8724 -122.6136 0.6429 0.1277 -0.9917 0.0123 0.9412 0.0972
-10.2765 -123.8390 0.6709 0.0500 -0.9987 -0.0138 0.8766 0.0973
13.5663 83.5235 18.2095 0.9999 0.0081 -0.0068 0.4059 0.1585
-11.0171 116.5735 -24.3335 -0.3950 0.0523 -0.9172 0.1310 0.0304
-14.0629 -91.8832 10.6245 -0.9997 0.0147 0.0219 0.4914 0.8667
-4.4557 -83.0816 24.3759 0.0260 -0.0062 0.9996 0.0762 0.8319
-1.5352 -85.1392 -23.9585 -0.0363 -0.0080 -0.9993 0.1689 0.8368
-13.2531 65.0760 -19.5829 -0.9985 0.0072 -0.0540 0.6121 0.2393
0.7004 -120.0697 -22.6497 -0.0023 -0.8452 -0.5344 0.8193 0.0055
14.1559 -69.2264 -14.3894 1.0000 -0.0051 0.0012 0.2756 0.7691
-12.8800 -18.2131 24.3662 -0.9542 0.0152 0.2987 0.4364 0.5722
-12.8800 -18.2131 24.3662 -0.6740 -0.0010 0.7387 0.1098 0.5726
-9.5450 -120.3968 -22.6546 0.0659 0.1328 -0.9890 0.1368 0.9777
-9.5450 -120.3968 -22.6546 0.0540 -0.5548 -0.8302 0.7783 0.0055
-12.7481 51.2879 21.7421 -0.9986 0.0031 0.0536 0.4469 0.2944
-13.6050 -87.7202 23.4722 -0.9828 -0.0129 0.1844 0.4400 0.8501
13.5928 96.9083 -3.6924 0.9991 -0.0414 0.0002 0.3183 0.1050
-6.4760 -122.9518 -22.4762 -0.0078 -0.9794 -0.2019 0.8918 0.0047
9.8732 -44.3542 23.6067 0.1111 -0.0735 0.9911 0.0189 0.6771
13.6659 -117.4988 23.1208 0.7782 -0.0301 0.6274 0.0037 0.9695
13.6659 -117.4988 23.1208 0.9984 0.0223 0.0513 0.4255 0.9621
12.9864 -95.0002 23.7294 0.1204 0.0068 0.9927 0.0064 0.8796
13.3366 70.4258 -11.6660 0.9993 -0.0021 0.0385 0.2865 0.2109
13.8125 -32.7605 -22.9283 0.9439 0.0119 -0.3302 0.2415 0.6234
-12.5760 84.8309 23.9273 -0.9792 -0.0541 0.1954 0.4382 0.1603
-12.5760 84.8309 23.9273 -0.8119 -0.0361 0.5827 0.1086 0.1607
-13.1650 48.5961 -21.7250 -0.9717 -0.0005 -0.2362 0.6207 0.3052
4.9320 47.8097 24.2472 0.0675 -0.0156 0.9976 0.0386 0.3087
-13.7588 -8.1448 -14.6428 -1.0000 0.0061 -0.0056 0.5924 0.5320
-5.9867 -124.1304 16.8432 0.0957 -0.9953 -0.0156 0.8938 0.1619
-13.5632 4.2027 2.2142 -0.9998 0.0182 0.0107 0.5250 0.4826
13.1896 17.1138 -23.6929 0.5509 -0.0024 -0.8346 0.2277 0.4280
3.7636 -122.8119 14.5903 0.1411 -0.9895 0.0304 0.9328 0.1529
-13.3848 89.5646 4.7986 -0.9997 -0.0103 0.0216 0.5147 0.1414
13.4231 -4.4860 23.1882 0.2093 0.0200 0.9776 0.0047 0.5177
-10.7012 -17.6128 -23.4067 -0.2449 0.0113 -0.9695 0.1322 0.5668
3.1653 123.9712 8.3730 0.0992 0.9951 -0.0005 0.6906 0.1297
12.5671 89.0407 24.2783 0.1586 0.0019 0.9873 0.0081 0.1439
-10.1741 -123.9905 6.1255 0.0526 -0.9980 -0.0354 0.8770 0.1191
-11.4185 -26.9184 -23.1678 -0.5647 0.0014 -0.8253 0.1294 0.6040
13.8289 27.7583 -17.5249 0.9996 0.0022 0.0296 0.2631 0.3814
-3.1044 -123.4656 -5.6021 0.0698 -0.9972 0.0260 0.9053 0.0722
-1.7638 -122.2595 23.1125 -0.0443 0.4049 0.9133 0.0654 0.9885
13.8164 -8.9999 -10.8522 0.9997 0.0185 0.0143 0.2897 0.5284
-6.2177 -60.6419 24.4844 0.0104 0.0214 0.9997 0.0832 0.7422
-11.8375 -58.3544 24.4705 0.0592 0.0119 0.9982 0.1057 0.7331
14.0150 30.6831 18.9670 0.9999 0.0132 -0.0031 0.4089 0.3697
-12.4776 116.5812 -7.4921 -0.9360 0.1417 0.3222 0.5638 0.0334
-12.8431 109.0122 23.6777 -0.9764 -0.0071 0.2157 0.4392 0.0637
-12.8431 109.0122 23.6777 -0.8604 -0.0151 0.5094 0.1097 0.0640
-3.6381 -47.5135 24.4578 0.0438 0.0015 0.9990 0.0729 0.6897
-5.9014 -123.8231 3.4612 0.0360 -0.9965 -0.0757 0.8941 0.1084
12.8983 -28.6321 23.6301 -0.1912 0.0103 0.9815 0.0068 0.6143
12.4007 -120.9526 12.7213 0.5590 -0.8291 0.0110 0.9673 0.1454
13.5678 36.4847 -23.4024 0.9241 0.0092 -0.3820 0.2396 0.3465
13.5678 36.4847 -23.4024 0.6136 -0.0109 -0.7895 0.2292 0.3506
-1.1298 -107.0979 23.9050 0.0103 -0.1729 0.9849 0.0629 0.9279
-13.5174 -36.5877 14.9017 -0.9995 0.0062 0.0303 0.4743 0.6457
-12.5297 -119.2023 -7.5480 -0.8679 -0.4965 0.0138 0.9772 0.3138
-12.5297 -119.2023 -7.5480 0.1093 -0.9919 0.0646 0.7664 0.0659
-0.6067 -93.6562 23.9355 0.0677 -0.0014 0.9977 0.0608 0.8742
-11.1951 14.6814 -23.6820 -0.2750 -0.0166 -0.9613 0.1303 0.4377
13.3187 90.7229 -4.0531 0.9997 -0.0225 0.0089 0.3169 0.1297
14.1637 15.4552 18.9716 0.9999 0.0066 -0.0116 0.4089 0.4306
-9.9895 124.5202 24.1095 0.0218 0.9652 0.2606 0.7432 0.1926
-9.9895 124.5202 24.1095 -0.0172 0.4933 0.8697 0.0983 0.0020
-13.7244 -77.0226 -10.9911 -0.9999 -0.0015 -0.0160 0.5778 0.8073
-2.8207 58.3754 24.6834 0.0096 0.0044 0.9999 0.0696 0.2665
-13.3257 22.9860 11.0742 -0.9994 0.0008 0.0351 0.4896 0.4075
-13.7377 -91.6820 -17.5288 -0.9990 0.0111 -0.0431 0.6039 0.8659
-13.2490 -119.5212 -12.3910 -0.2411 -0.9704 0.0170 0.7635 0.0465
-11.3411 -113.6557 -23.5664 0.0509 -0.0143 -0.9986 0.1297 0.9508
-11.1592 -42.1816 -23.4110 -0.3334 0.0126 -0.9427 0.1304 0.6651
1.9000 120.9183 24.5817 0.0117 0.2581 0.9660 0.0508 0.0164
-11.8923 22.2474 -23.5119 -0.8287 -0.0056 -0.5596 0.1275 0.4075
-12.1351 112.1630 2.8798 -0.9981 -0.0555 0.0271 0.5223 0.0511
13.5955 76.3870 19.9643 0.9998 0.0142 0.0112 0.4129 0.1870
-13.2559 68.0712 4.2969 -0.9998 -0.0086 0.0161 0.5167 0.2273
13.8316 44.5110 -20.2319 0.9999 -0.0021 0.0151 0.2522 0.3145
-9.5694 -56.8075 -23.6465 -0.0875 0.0040 -0.9962 0.1367 0.7235
13.4192 -93.9920 -23.1292 0.5934 -0.0071 -0.8049 0.2286 0.8722
13.2884 41.5303 1.3395 0.9997 0.0080 -0.0214 0.3385 0.3264
13.6283 23.8163 23.1504 0.2414 -0.0255 0.9701 0.0039 0.4046
-10.8816 101.3192 -24.4385 -0.2695 0.0112 -0.9629 0.1315 0.0914
-13.1489 -50.7898 -22.5697 -0.9667 0.0350 -0.2533 0.6241 0.7024
-13.1489 -50.7898 -22.5697 -0.7321 0.0628 -0.6783 0.1224 0.6995
1.3455 123.9292 -11.5253 0.0627 0.9980 -0.0096 0.6979 0.0502
3.9081 -18.9982 24.0682 0.0666 -0.0560 0.9962 0.0427 0.5757
14.0793 -75.8175 -3.3879 1.0000 -0.0086 0.0032 0.3196 0.7955
-7.1267 -123.1342 -19.1282 0.0314 -0.9995 -0.0091 0.8892 0.0181
5.3644 -122.6754 2.1437 0.1251 -0.9921 -0.0048 0.9392 0.1032
-13.7307 -23.0671 -2.0161 -1.0000 0.0022 0.0034 0.5419 0.5916
-12.7882 -118.8675 3.4808 -0.1570 -0.9875 -0.0159 0.7654 0.1100
-13.4734 34.2903 -15.3854 -0.9999 0.0083 -0.0126 0.5954 0.3623
-12.1284 73.8544 24.3222 -0.6168 -0.0011 0.7871 0.1068 0.2046
13.1018 -22.4373 23.5795 0.0650 0.0280 0.9975 0.0060 0.5895
-13.8166 -22.9612 -10.4912 -1.0000 -0.0048 0.0086 0.5758 0.5912
12.6019 -59.7007 23.7374 -0.4337 -0.0147 0.9009 0.0080 0.7385
5.3376 28.2947 -24.7023 0.0068 0.0170 -0.9998 0.1963 0.3833
-12.8075 101.4591 23.6982 -0.9787 0.0703 0.1931 0.4391 0.0938
-12.8075 101.4591 23.6982 -0.7916 -0.0427 0.6096 0.1095 0.0942
14.0381 -26.1263 8.5749 1.0000 -0.0053 -0.0013 0.3674 0.5968
13.5269 80.2067 14.8955 0.9998 0.0044 -0.0192 0.3927 0.1718
-13.3119 57.9573 -18.9140 -0.9991 0.0075 -0.0424 0.6095 0.2677
-11.4108 108.2890 -23.9159 -0.8979 0.0004 -0.4402 0.8071 0.2371
-12.9281 52.8391 17.4270 -0.9991 0.0041 0.0418 0.4642 0.2882
-12.3880 115.8194 -23.2824 -0.3668 0.0035 -0.9303 0.1255 0.0335
-13.6367 -61.4358 17.4073 -0.9996 0.0102 0.0248 0.4643 0.7450
13.1960 86.0534 1.7013 0.9995 -0.0309 -0.0101 0.3399 0.1484
-13.4104 102.8437 4.8892 -0.9997 0.0127 0.0219 0.5143 0.0883
-11.8698 -40.4627 24.5172 0.0294 -0.0012 0.9996 0.1058 0.6616
-13.5760 -27.4269 -21.1201 -0.9956 -0.0060 -0.0931 0.6183 0.6091
-13.3919 79.9539 -3.5737 -1.0000 0.0002 0.0049 0.5481 0.1798
7.6096 82.9358 24.4962 0.0469 -0.0015 0.9989 0.0279 0.1683
12.9816 -81.7887 -23.4609 0.3051 -0.0125 -0.9522 0.2269 0.8234
9.1058 -76.1328 23.5140 0.0106 0.0113 0.9999 0.0219 0.8041
-12.3671 92.8133 -23.1476 -0.5095 -0.0065 -0.8604 0.1256 0.1254
-5.6676 120.9810 24.5689 -0.0042 0.3019 0.9533 0.0810 0.0162
-12.7553 100.4093 21.1858 -0.9960 0.0898 -0.0019 0.4492 0.0980
-13.5036 12.8676 1.8214 -0.9999 0.0022 0.0114 0.5266 0.4480
-13.1026 11.5375 -22.2638 -0.6842 0.0013 -0.7293 0.1226 0.4503
-13.6158 10.4168 -6.9573 -0.9999 0.0033 0.0108 0.5617 0.4578
13.0192 83.4964 24.1360 0.5626 -0.0073 0.8267 0.0063 0.1660
-12.3033 69.8716 24.1475 -0.9268 0.0111 0.3754 0.4373 0.2201
-12.3033 69.8716 24.1475 -0.7265 0.0021 0.6871 0.1075 0.2205
-12.6471 49.1427 23.5196 -0.9971 0.0029 0.0760 0.4398 0.3030
-13.0547 -54.4501 -22.7217 -0.9512 -0.0269 -0.3075 0.6247 0.7171
-13.0547 -54.4501 -22.7217 -0.6182 -0.0325 -0.7854 0.1228 0.7141
14.1483 -38.6293 -16.1085 0.9992 0.0359 -0.0197 0.2687 0.6468
13.7358 60.4810 19.5019 1.0000 0.0038 0.0039 0.4111 0.2506
-13.0001 -61.2322 24.5200 -0.0549 -0.0392 0.9977 0.1103 0.7446
-11.3422 -124.6317 22.9339 -0.2654 -0.3778 0.8870 0.1037 0.9980
-11.3422 -124.6317 22.9339 0.1115 -0.8819 0.4580 0.8724 0.1863
13.7493 48.4554 -17.6079 0.9989 0.0038 0.0470 0.2627 0.2987
6.6288 -65.6099 23.6235 0.1061 0.0353 0.9937 0.0318 0.7621
-13.1352 24.8561 15.5523 -0.9990 0.0011 0.0442 0.4717 0.4001
-12.9469 -106.9889 24.4153 -0.3841 -0.0021 0.9233 0.1101 0.9275
13.9605 -14.2944 20.5088 0.9983 -0.0078 0.0576 0.4151 0.5495
6.0791 -100.2251 23.6281 0.0608 0.0230 0.9979 0.0340 0.9004
5.5367 121.6733 -23.5570 -0.0081 0.6499 -0.7600 0.8920 0.2679
14.1451 -62.2272 -6.9978 1.0000 0.0022 0.0088 0.3051 0.7411
-7.2669 -123.3132 -15.0289 0.0323 -0.9993 0.0164 0.8887 0.0345
-13.3273 -119.5053 -15.1772 -0.4411 -0.8974 -0.0127 0.7632 0.0354
-12.8535 -58.7860 -22.8719 -0.4561 0.0212 -0.8897 0.1236 0.7314
13.2042 -6.7569 -23.6212 0.4681 0.0013 -0.8837 0.2278 0.5234
13.0156 -33.6067 23.6662 0.1414 -0.0477 0.9888 0.0063 0.6341
-9.9810 92.4191 -24.5577 -0.1029 -0.0088 -0.9947 0.1351 0.1270
-12.7226 -7.1038 24.3134 -0.7387 0.0124 0.6739 0.1092 0.5282
-12.7226 -7.1038 24.3134 -0.8758 0.0111 0.4826 0.7495 0.1977
-13.2050 1.7045 15.6279 -0.9992 0.0053 0.0389 0.4714 0.4926
13.6184 89.9490 -22.8048 0.9764 -0.0039 -0.2158 0.2419 0.1328
-0.1544 -100.6487 -24.0335 -0.0288 -0.0059 -0.9996 0.1744 0.8988
13.2319 44.3694 -2.7178 0.9999 0.0085 0.0078 0.3222 0.3150
4.9883 1.5285 23.7366 0.0824 -0.0399 0.9958 0.0384 0.4937
12.1003 -1.6235 23.1344 0.0073 0.0051 1.0000 0.0100 0.5063
3.5232 -68.6007 -24.2633 -0.0281 -0.0002 -0.9996 0.1891 0.7707
1.9306 122.5875 23.8342 -0.0505 -0.5038 0.8624 0.0506 0.0098
-10.5436 -113.1844 24.3592 0.1099 0.0142 0.9938 0.1005 0.9522
-12.0742 124.3378 7.8970 -0.8735 0.4868 0.0012 0.7985 0.1970
-12.0742 124.3378 7.8970 -0.8149 0.5795 0.0058 0.7515 0.1278
14.0876 -74.6942 -19.1851 0.9997 -0.0054 -0.0243 0.2564 0.7910
-13.3417 78.0506 -12.7718 -0.9999 0.0052 -0.0124 0.5849 0.1874
13.6303 97.3120 -22.3778 0.9949 0.0106 -0.1004 0.2437 0.1034
13.4555 22.4634 2.8635 0.9993 0.0121 -0.0362 0.3446 0.4026
12.7902 -39.0616 23.2202 0.2580 0.1186 0.9588 0.0072 0.6560
14.0855 115.6756 8.2936 0.9999 0.0137 -0.0098 0.3663 0.0300
-0.8157 -54.5538 24.2455 0.0381 -0.0294 0.9988 0.0616 0.7179
-5.9379 44.4910 24.7257 -0.0019 -0.0093 1.0000 0.0821 0.3220
11.9618 -40.8694 23.4879 -0.4718 0.0700 0.8789 0.0105 0.6632
-10.4705 -57.5483 24.4658 0.0057 0.0114 0.9999 0.1002 0.7298
-3.6404 -119.1980 23.3703 0.0055 -0.7137 0.7005 0.8019 0.1895
-10.5411 -121.7144 22.2899 0.1430 0.5745 0.8059 0.1005 0.9863
-12.9201 -0.5252 -22.3484 -0.4747 0.0079 -0.8801 0.1234 0.4985
13.4994 92.6999 -12.0471 0.9991 -0.0347 0.0262 0.2850 0.1218
13.7541 -94.2342 1.8954 0.9994 -0.0279 -0.0206 0.3407 0.8691
-12.2534 -18.7823 -22.5619 -0.2343 -0.0034 -0.9721 0.1260 0.5715
-13.6059 15.5196 -18.1741 -0.9998 0.0131 -0.0120 0.6065 0.4374
-12.8288 -27.0518 -22.4547 -0.3644 -0.0061 -0.9312 0.1237 0.6046
-6.6207 -120.4075 -22.2854 0.0560 -0.0037 -0.9984 0.1485 0.9778
-6.6207 -120.4075 -22.2854 0.0423 -0.5547 -0.8310 0.7900 0.0070
13.3595 -83.0913 23.4791 0.7792 -0.0135 0.6267 0.0049 0.8320
13.8420 -76.1509 -22.8437 0.9762 -0.0019 -0.2169 0.2418 0.7968
13.8420 -76.1509 -22.8437 0.7623 0.0005 -0.6472 0.2303 0.8008
13.5408 94.0922 17.1746 0.9993 -0.0380 0.0070 0.4018 0.1163
13.3787 -61.0052 -23.3728 0.5148 -0.0126 -0.8572 0.2285 0.7403
-13.8578 -59.8317 2.8726 -1.0000 0.0072 -0.0006 0.5224 0.7386
8.2787 123.4004 9.5827 0.1180 0.9930 -0.0063 0.6702 0.1346
13.5858 12.5529 23.0987 0.3521 0.0213 0.9357 0.0040 0.4496
10.1607 -91.3806 23.2057 0.0657 -0.0771 0.9949 0.0177 0.8651
-13.2703 112.9609 12.0561 -0.9996 0.0004 0.0296 0.4857 0.0479
-12.9193 103.2682 17.6359 -0.9978 -0.0034 0.0666 0.4633 0.0866
13.4621 -76.3528 23.3132 0.7532 -0.0011 0.6578 0.0045 0.8050
13.4621 -76.3528 23.3132 0.9941 -0.0019 0.1081 0.4263 0.7976
-4.3863 122.1557 -23.0047 -0.0428 0.2067 -0.9775 0.1575 0.0081
6.0734 -29.4812 23.6872 0.0926 0.0259 0.9954 0.0341 0.6177
2.7058 -29.8744 -24.2805 -0.0365 -0.0036 -0.9993 0.1858 0.6159
-8.2973 -64.1300 24.4823 -0.0085 0.0304 0.9995 0.0915 0.7562
13.9329 -81.2021 -22.5091 0.8615 -0.0065 -0.5077 0.2307 0.8210
13.9329 -81.2021 -22.5091 0.9946 -0.0039 -0.1033 0.2431 0.8170
14.0819 -33.4590 -6.3719 0.9999 0.0152 0.0047 0.3076 0.6261
-13.5022 37.2282 -5.2299 -1.0000 0.0062 0.0061 0.5548 0.3506
12.8032 -105.2536 23.8990 -0.0687 -0.0054 0.9976 0.0072 0.9205
9.2430 -110.6603 23.4178 0.0152 -0.0420 0.9990 0.0214 0.9422
-11.6540 58.8030 24.6082 -0.2250 0.0128 0.9743 0.1049 0.2647
-6.6136 -123.6162 -5.0964 0.0075 -0.9998 -0.0183 0.8913 0.0742
14.0405 -21.7600 -18.4178 0.9998 0.0063 -0.0209 0.2595 0.5794
13.5440 60.8743 10.6139 0.9992 0.0067 -0.0387 0.3755 0.2491
13.2784 84.3826 -8.5290 0.9998 -0.0057 0.0216 0.2990 0.1551
-13.8478 -27.3295 -14.1815 -1.0000 0.0024 0.0008 0.5905 0.6087
-13.3184 65.4631 2.0927 -0.9996 0.0227 0.0151 0.5255 0.2377
-12.2288 13.8404 -22.8255 -0.6575 -0.0085 -0.7534 0.1261 0.4411
13.5731 70.3917 13.6938 0.9995 0.0149 -0.0294 0.3878 0.2110
-13.4226 52.7035 -14.2754 -1.0000 0.0010 -0.0055 0.5909 0.2887
12.5458 106.3645 -24.0678 0.3960 -0.0021 -0.9183 0.2252 0.0713
-13.6297 -96.4037 23.7152 -0.9970 -0.0009 0.0776 0.4390 0.8848
-13.6297 -96.4037 23.7152 -0.8316 0.0158 0.5551 0.1128 0.8852
-13.6819 8.2771 -11.2082 -0.9999 0.0072 0.0130 0.5787 0.4663
-13.3170 -49.2960 24.0673 -0.9977 0.0137 0.0667 0.4376 0.6965
-13.3170 -49.2960 24.0673 -0.7659 -0.0013 0.6429 0.1116 0.6969
-2.0163 -123.4956 -0.6968 0.0933 -0.9938 0.0609 0.9097 0.0918
14.0441 -20.9187 -16.3294 0.9999 0.0111 -0.0010 0.2678 0.5760
-13.4640 39.4532 -15.5114 -0.9999 0.0044 -0.0099 0.5959 0.3417
13.7712 63.6884 -20.7215 0.9999 0.0077 0.0129 0.2503 0.2378
-12.9773 99.8906 23.1954 -0.9847 0.1725 -0.0250 0.4411 0.1001
5.9129 120.6003 -24.3254 -0.0031 0.2723 -0.9622 0.1986 0.0143
9.3892 -50.0030 23.7009 0.0626 -0.0259 0.9977 0.0208 0.6997
-12.7099 109.8067 20.8657 -0.9982 0.0011 0.0602 0.4504 0.0605
11.8317 -42.1252 23.5140 -0.2671 0.0594 0.9618 0.0111 0.6682
13.4622 -67.8742 23.3532 0.7749 0.0050 0.6320 0.0045 0.7711
13.4622 -67.8742 23.3532 0.9527 -0.0117 0.3037 0.4265 0.7637
14.1169 -47.4728 -9.3940 0.9998 -0.0038 0.0183 0.2956 0.6822
13.7807 56.5461 -19.2623 0.9993 0.0063 0.0378 0.2561 0.2664
-11.4665 -10.2874 24.5496 -0.0270 -0.0132 0.9995 0.1042 0.5409
13.9188 106.0456 2.9405 0.9996 -0.0240 -0.0170 0.3449 0.0685
-13.1347 -119.2868 23.4842 -0.1654 -0.9823 0.0879 0.7640 0.1899
-4.9688 -120.5122 -22.2245 0.0088 -0.0495 -0.9987 0.1551 0.9782
-13.4916 -89.7364 -20.6454 -0.9939 0.0141 -0.1094 0.6164 0.8581
-13.1521 -29.2593 23.5421 -0.9944 0.0164 0.1042 0.4397 0.6164
-3.2142 123.2103 24.1454 -0.0362 -0.6544 0.7553 0.0712 0.0073
-13.1783 -5.5872 17.5636 -0.9992 0.0070 0.0395 0.4636 0.5218
3.0257 -42.4904 -24.2588 -0.0227 -0.0025 -0.9997 0.1871 0.6663
-11.8410 124.5674 2.0918 -0.5798 0.8147 -0.0143 0.7506 0.1046
-12.4799 114.5013 7.5003 -0.3360 0.6239 -0.7056 0.8165 0.2553
-12.4799 114.5013 7.5003 -0.6057 0.4873 -0.6291 0.7911 0.2252
13.3936 111.9849 -22.7909 0.9251 -0.0017 -0.3798 0.2420 0.0447
-13.2189 54.1233 -21.1418 -0.9972 0.0030 -0.0753 0.6184 0.2831
-13.2318 52.9635 10.7365 -0.9992 0.0047 0.0407 0.4909 0.2877
14.2196 -38.7934 -13.3922 0.9998 -0.0175 0.0116 0.2796 0.6475
-13.4051 35.0985 5.7467 -0.9999 0.0055 0.0114 0.5109 0.3591
-11.4087 25.4062 -23.8594 -0.1717 -0.0307 -0.9847 0.1294 0.3949
12.3350 122.9107 -22.3161 0.1617 0.9741 -0.1582 0.6540 0.0071
13.6521 84.4545 -19.6540 0.9999 -0.0007 0.0149 0.2545 0.1548
12.8955 -110.2594 23.7021 -0.1956 -0.0104 0.9806 0.0068 0.9406
13.0198 -52.7712 23.8637 0.5566 -0.0043 0.8308 0.0063 0.7108
12.5776 -62.5881 23.6476 -0.4532 0.0046 0.8914 0.0081 0.7500
-12.2059 46.4704 -22.8376 -0.9201 0.0420 -0.3894 0.6344 0.2446
-12.2059 46.4704 -22.8376 -0.6127 0.0134 -0.7902 0.1262 0.3107
13.2139 -51.1912 23.6518 0.7280 0.0025 0.6856 0.0055 0.7044
13.2139 -51.1912 23.6518 0.9611 0.0225 0.2753 0.4277 0.6970
13.5228 33.3700 5.5530 0.9988 0.0077 -0.0484 0.3553 0.3590
-5.3478 -123.6278 0.0801 0.0214 -0.9986 -0.0491 0.8963 0.0949
3.9095 123.8558 16.9336 0.0856 0.9961 0.0228 0.6877 0.1640
-4.9704 -34.1645 24.6120 -0.0039 -0.0345 0.9994 0.0782 0.6364
12.6682 -41.7468 23.9174 -0.1740 0.0995 0.9797 0.0077 0.6667
-12.8390 116.0181 19.3935 -0.9969 0.0012 0.0788 0.4563 0.0356
13.5736 -119.8392 21.8671 0.9738 -0.2191 -0.0610 0.4205 0.9714
-13.1569 -119.4851 -10.2921 -0.1391 -0.9894 0.0425 0.7639 0.0549
-13.2999 69.7112 3.4447 -0.9998 -0.0093 0.0170 0.5201 0.2208
-0.4048 -123.2462 -8.1264 0.0431 -0.9991 -0.0039 0.9161 0.0621
-13.8043 -46.0053 1.5481 -1.0000 0.0021 0.0034 0.5277 0.6833
2.6641 -55.1735 24.0552 0.0971 0.0249 0.9950 0.0477 0.7204
-12.8477 121.4132 10.7526 -0.9588 0.1944 -0.2072 0.4909 0.0141
-12.8477 121.4132 10.7526 -0.6800 0.6560 -0.3275 0.8279 0.1974
-12.8477 121.4132 10.7526 -0.7238 0.2750 -0.6329 0.7896 0.1975
-13.2515 110.8883 -0.8693 -0.3541 0.9338 0.0516 0.8196 0.2218
-13.2515 110.8883 -0.8693 -0.9242 0.3819 0.0013 0.5373 0.0562
2.7390 -122.7213 20.4433 0.1671 -0.9852 0.0395 0.9287 0.1763
-12.5421 88.0163 24.0741 -0.9301 0.0052 0.3671 0.4376 0.1476
-12.5421 88.0163 24.0741 -0.8089 -0.0169 0.5877 0.1085 0.1480
13.9482 15.5599 22.7346 0.6483 0.0084 0.7614 0.0026 0.4376
13.9482 15.5599 22.7346 0.9165 0.0141 0.3998 0.4240 0.4302
7.4955 42.1940 -24.5850 0.0768 0.0085 -0.9970 0.2050 0.3278
6.8495 -100.8972 -24.0150 0.0483 -0.0098 -0.9988 0.2024 0.8998
13.7625 40.5754 23.0752 0.9471 0.0040 0.3208 0.4253 0.3302
13.8445 3.1872 -22.4756 0.9960 0.0023 -0.0890 0.2433 0.4797
-8.0467 121.4407 -23.7603 -0.0034 0.7766 -0.6300 0.8911 0.2136
-2.3972 121.8995 -23.2139 -0.0049 0.4957 -0.8685 0.1654 0.0092
-2.3972 121.8995 -23.2139 -0.0042 0.7798 -0.6261 0.8933 0.2361
3.3308 -85.9020 23.8709 0.0826 -0.0308 0.9961 0.0450 0.8432
13.8172 49.7061 -19.3950 0.9995 0.0046 0.0320 0.2556 0.2937
-13.2204 -51.3367 24.3733 -0.9535 -0.0252 0.3004 0.4364 0.7046
-13.2204 -51.3367 24.3733 -0.6121 0.0103 0.7907 0.1112 0.7050
13.6656 92.0495 -19.9396 1.0000 -0.0076 -0.0030 0.2534 0.1244
-13.1648 84.8737 11.9192 -0.9991 -0.0271 0.0318 0.4862 0.1601
13.6184 -111.6556 17.8398 0.9998 -0.0166 -0.0060 0.4044 0.9387
-12.3663 -119.5787 -20.9931 -0.1908 -0.9816 -0.0121 0.7671 0.0121
-13.7670 -118.3726 -9.2424 -0.9978 -0.0577 -0.0321 0.5708 0.9726
7.0934 -53.9243 23.7315 0.0534 -0.0716 0.9960 0.0300 0.7154
-12.1062 -119.1585 22.0555 -0.0765 -0.9924 0.0960 0.7681 0.1842
-4.8221 -64.1211 -23.9317 -0.0464 0.0073 -0.9989 0.1557 0.7528
8.4331 -109.4851 23.2744 0.0249 0.0490 0.9985 0.0246 0.9375
-6.4492 -2.9888 -23.9416 -0.0707 -0.0073 -0.9975 0.1492 0.5084
-7.0730 -97.9505 24.3155 0.0981 0.0341 0.9946 0.0866 0.8914
-7.6512 -122.0676 -23.0393 -0.0314 -0.1154 -0.9928 0.1444 0.9844
-13.6806 -37.8405 9.6634 -0.9997 0.0058 0.0220 0.4952 0.6507
13.6346 68.4920 -23.0917 0.9571 0.0001 -0.2898 0.2408 0.2186
13.6346 68.4920 -23.0917 0.8445 0.0202 -0.5351 0.2295 0.2226
-13.7437 -57.7367 -13.7122 -0.9998 -0.0186 0.0019 0.5887 0.7302
13.6128 99.8578 23.7425 0.7308 -0.0175 0.6824 0.0039 0.1006
13.6128 99.8578 23.7425 0.9636 -0.0221 0.2664 0.4280 0.0932
-12.7626 42.9399 21.8443 -0.9985 0.0062 0.0544 0.4465 0.3278
13.0556 -105.6695 23.8607 0.3642 -0.0034 0.9313 0.0062 0.9222
0.0647 123.7395 23.9975 0.0976 0.7929 0.6015 0.7030 0.1922
-13.4704 8.4096 6.7856 -0.9998 0.0077 0.0181 0.5067 0.4658
-12.4111 -112.7990 -23.6780 0.0134 0.0051 -0.9999 0.1254 0.9473
-8.4486 -120.3289 -22.5063 0.1322 -0.3215 -0.9376 0.1412 0.9774
-8.4486 -120.3289 -22.5063 0.1456 -0.5359 -0.8316 0.7827 0.0061
-11.5059 -35.7152 -23.1093 -0.5622 0.0057 -0.8270 0.1290 0.6392
-12.9392 112.1214 -22.8557 -0.9180 -0.0128 -0.3963 0.6252 0.0512
-13.5953 -106.8867 -23.0658 -0.8939 0.3900 -0.2210 0.6261 0.9267
-13.5953 -106.8867 -23.0658 -0.8248 -0.0036 -0.5654 0.1207 0.9237
-13.4122 46.4349 -17.0001 -0.9998 0.0042 -0.0193 0.6018 0.3138
8.7556 -40.6886 23.6807 0.0504 0.0201 0.9985 0.0233 0.6625
-13.4983 -29.0684 13.7995 -0.9994 0.0084 0.0339 0.4787 0.6156
-12.1477 -122.6668 -15.5794 -0.9766 -0.2149 -0.0086 0.9634 0.3460
-12.3885 119.4101 3.4785 -0.9998 0.0097 0.0151 0.5199 0.0221
11.6999 -19.6900 -23.9442 0.1070 -0.0058 -0.9942 0.2218 0.5751
-12.5336 121.4484 -17.5650 -0.9236 0.3831 -0.0121 0.6041 0.0139
-12.5336 121.4484 -17.5650 -0.5689 0.8224 0.0027 0.9159 0.1956
-10.0009 122.3004 23.3941 -0.3952 0.5150 0.7607 0.8784 0.2088
-10.0009 122.3004 23.3941 -0.3615 0.0416 0.9314 0.0983 0.0109
-5.8063 0.7904 24.6502 -0.0181 -0.0102 0.9998 0.0816 0.4966
-10.8819 80.8492 -24.3370 -0.1228 -0.0124 -0.9923 0.1315 0.1732
-13.4388 -3.0432 10.1434 -0.9993 0.0068 0.0375 0.4933 0.5116
-13.3394 81.5049 1.7446 -0.9996 -0.0000 0.0275 0.5269 0.1736
-12.2953 1.0464 24.4581 -0.2886 -0.0023 0.9574 0.1075 0.4956
2.6580 124.0116 7.3671 0.0917 0.9958 -0.0075 0.6927 0.1257
12.8699 91.0470 -23.8378 0.5792 0.0025 -0.8152 0.2264 0.1325
-9.3289 -101.6942 -23.6103 -0.0425 0.0037 -0.9991 0.1377 0.9029
-13.9066 -72.8779 6.1126 -1.0000 0.0059 -0.0025 0.5094 0.7907
2.0703 -121.3676 22.6696 -0.0717 0.7449 0.6634 0.0501 0.9850
-8.1754 124.4318 -8.1344 0.0305 0.9994 -0.0185 0.7360 0.0637
-13.1834 61.9957 11.7003 -0.9994 0.0102 0.0332 0.4871 0.2516
12.7738 -41.7934 -23.7023 0.1605 -0.0077 -0.9870 0.2261 0.6635
-1.9994 -120.0761 20.9484 -0.1181 -0.1732 0.9778 0.0663 0.9798
-1.0360 11.3564 -24.3905 -0.0465 -0.0090 -0.9989 0.1709 0.4510
-3.3121 -123.4445 -1.8290 0.0628 -0.9978 -0.0196 0.9045 0.0873
-9.3827 57.1074 24.6415 -0.0106 0.0014 0.9999 0.0959 0.2715
0.8507 121.9815 23.8857 -0.0208 0.6181 0.7858 0.8804 0.2522
-3.8720 -123.8372 10.3475 0.0794 -0.9965 -0.0251 0.9022 0.1360
13.2828 -53.7460 -23.4736 0.5480 -0.0087 -0.8365 0.2281 0.7113
-7.1826 -124.2690 19.7847 0.0959 -0.9954 -0.0056 0.8890 0.1737
8.2904 -112.0792 23.3505 0.0947 -0.0319 0.9950 0.0252 0.9478
13.3236 -18.9722 23.3639 0.6523 -0.0061 0.7580 0.0051 0.5756
4.8587 7.3476 23.8018 0.1025 -0.0096 0.9947 0.0389 0.4704
-11.9835 14.6287 24.5724 -0.2570 0.0334 0.9658 0.1063 0.4413
13.5557 -104.9613 -22.9519 0.5637 -0.0132 -0.8259 0.2292 0.9160
-3.7902 -123.7634 8.2958 0.0909 -0.9958 0.0106 0.9026 0.1278
7.9105 97.8074 24.4735 0.0605 0.0007 0.9982 0.0267 0.1088
9.7407 80.2765 24.3854 0.0381 -0.0034 0.9993 0.0194 0.1789
-9.9551 -104.5411 24.3528 0.1105 -0.0426 0.9930 0.0981 0.9177
13.4352 82.1383 10.5435 0.9996 0.0011 -0.0279 0.3753 0.1641
13.5742 46.7555 -23.3218 0.7577 0.0042 -0.6526 0.2293 0.3095
3.6932 -122.8844 -5.4747 0.0809 -0.9967 -0.0044 0.9325 0.0727
-13.4569 50.3798 -2.9214 -1.0000 -0.0004 0.0041 0.5455 0.2980
13.3547 79.3141 -11.0316 0.9994 0.0061 0.0327 0.2890 0.1753
0.9348 -87.2061 24.0581 0.0752 -0.0514 0.9958 0.0546 0.8484
8.6912 -118.2636 23.5272 0.0586 -0.0900 0.9942 0.0236 0.9726
9.0836 -101.5191 23.2302 0.0208 0.0249 0.9995 0.0220 0.9056
-11.7201 -20.2347 -22.7572 -0.6358 0.0119 -0.7718 0.1282 0.5773
7.9138 60.7023 -24.5785 0.0863 -0.0095 -0.9962 0.2066 0.2538
-13.6119 101.5772 -1.9082 -0.9999 0.0032 0.0170 0.5415 0.0934
3.0554 -119.1151 -23.5746 0.0044 -0.2506 -0.9681 0.1872 0.9726
-2.2877 -123.2110 -13.2435 0.0720 -0.9967 -0.0373 0.9086 0.0417
13.9938 108.7144 3.8691 0.9997 -0.0174 -0.0177 0.3486 0.0578
13.0634 96.4986 -23.6620 0.7629 0.0073 -0.6465 0.2272 0.1107
-7.5682 -92.2582 -23.6470 -0.0536 0.0019 -0.9986 0.1447 0.8652
-12.8150 93.1302 23.8575 -0.9439 -0.0596 0.3247 0.4385 0.1271
-12.8150 93.1302 23.8575 -0.7945 -0.0420 0.6058 0.1096 0.1275
-5.5125 -119.9010 20.8354 -0.0324 -0.7416 0.6701 0.7945 0.1793
-5.5125 -119.9010 20.8354 0.0124 -0.0990 0.9950 0.0804 0.9791
12.5719 -69.2220 23.7042 -0.4319 0.0167 0.9018 0.0081 0.7765
-11.8854 -21.4657 -22.6497 -0.4506 0.0202 -0.8925 0.1275 0.5822
13.9903 -31.3090 7.3333 0.9999 -0.0103 0.0024 0.3624 0.6175
2.3380 26.5922 23.8668 0.0880 0.0223 0.9959 0.0490 0.3935
6.8644 -104.7746 23.4452 0.1543 -0.1906 0.9695 0.0309 0.9186
13.8750 119.7256 3.7205 0.9981 0.0582 -0.0206 0.3480 0.0138
13.2066 -84.7466 23.5800 0.6648 -0.0280 0.7465 0.0056 0.8386
-13.1786 58.0236 11.6591 -0.9990 -0.0028 0.0444 0.4872 0.2675
7.7224 -88.7311 -24.0320 0.0827 0.0163 -0.9964 0.2059 0.8511
11.0903 -107.2056 -23.4730 0.1341 -0.0059 -0.9909 0.2193 0.9250
4.2140 -122.7638 -12.3196 0.0807 -0.9967 -0.0072 0.9346 0.0453
12.8313 -78.7825 -23.5189 0.1584 -0.0110 -0.9873 0.2263 0.8114
-0.9355 -56.3886 -24.1012 -0.0388 -0.0023 -0.9992 0.1713 0.7218
-12.5067 121.0634 10.2229 -0.7041 0.2815 -0.6519 0.7909 0.1989
-12.8328 79.4677 17.3580 -0.9988 -0.0064 0.0477 0.4645 0.1818
13.9422 -71.9072 16.2619 0.9995 -0.0025 0.0305 0.3981 0.7798
-5.5901 -28.6400 24.5192 0.0338 -0.0011 0.9994 0.0807 0.6143
13.7055 97.1894 -18.5353 1.0000 -0.0018 0.0007 0.2590 0.1039
-14.0224 -96.2721 -8.7350 -0.9994 0.0161 -0.0295 0.5688 0.8843
4.9301 -52.9855 -24.2851 0.0022 0.0007 -1.0000 0.1947 0.7082
-2.8585 -123.5415 1.8118 0.0755 -0.9955 -0.0565 0.9063 0.1018
-13.2263 49.7425 11.2087 -0.9992 0.0045 0.0394 0.4890 0.3006
-11.0064 -119.2748 22.4469 -0.0981 -0.9940 -0.0481 0.7725 0.1858
-2.3121 -123.5608 5.1587 0.0777 -0.9968 -0.0158 0.9085 0.1152
-12.7882 26.4452 23.4938 -0.9814 0.0148 0.1913 0.4399 0.3937
-13.6339 -53.5608 -18.2418 -0.9985 -0.0024 -0.0542 0.6068 0.7135
-13.6630 5.6970 -17.4280 -0.9996 0.0074 -0.0278 0.6035 0.4766
14.0563 -58.9472 -22.2786 0.9857 -0.0014 -0.1682 0.2441 0.7280
-13.2927 -66.5951 24.4568 -0.4971 0.0748 0.8645 0.1115 0.7660
-9.9880 -124.6926 21.9018 0.1937 -0.9474 0.2548 0.8778 0.1821
-13.6300 -82.2775 22.5261 -0.9984 0.0076 0.0566 0.4438 0.8283
12.7380 -72.6437 23.8361 -0.1982 -0.0085 0.9801 0.0074 0.7902
12.9178 -77.5916 23.7840 -0.1171 0.0066 0.9931 0.0067 0.8100
13.9328 -12.4026 -19.7494 0.9999 0.0062 -0.0149 0.2542 0.5420
-13.5221 10.1225 0.9089 -0.9999 0.0035 0.0119 0.5302 0.4590
4.1107 -104.8407 23.7253 0.0868 -0.1557 0.9840 0.0419 0.9189
-2.3860 -101.4646 24.0194 0.1158 0.0184 0.9931 0.0679 0.9054
10.8572 101.1729 24.3628 0.0409 -0.0011 0.9992 0.0149 0.0954
-12.9495 -75.3941 -22.8321 -0.9683 -0.0209 -0.2489 0.6251 0.8008
-12.9495 -75.3941 -22.8321 -0.6576 -0.1874 -0.7297 0.1232 0.7978
-13.2897 110.8265 1.6700 -0.5516 0.8258 -0.1178 0.8197 0.2320
-13.2897 110.8265 1.6700 -0.9845 0.1753 -0.0061 0.5272 0.0564
13.1178 122.5575 -18.1788 0.9458 0.3238 -0.0234 0.2604 0.0025
13.1178 122.5575 -18.1788 0.6527 0.7575 -0.0126 0.6508 0.0236
-7.1983 -103.5415 24.3751 0.0311 -0.0086 0.9995 0.0871 0.9137
-13.1455 120.4999 -10.0930 -0.8900 0.2167 0.4013 0.5742 0.0177
-13.5209 29.1428 -3.2771 -1.0000 0.0051 0.0054 0.5469 0.3829
13.9802 -58.8129 9.4913 0.9997 0.0205 0.0141 0.3710 0.7275
13.6816 -100.1263 -13.6818 0.9988 -0.0262 0.0405 0.2784 0.8926
13.3736 87.1035 7.6227 0.9996 -0.0168 -0.0211 0.3636 0.1442
-5.1351 -123.9617 13.2002 0.0569 -0.9980 -0.0287 0.8972 0.1474
4.6141 -13.3630 23.9339 0.0724 -0.0404 0.9966 0.0399 0.5532
-2.0184 124.3348 3.4973 0.0547 0.9983 -0.0192 0.7113 0.1102
-3.4306 -16.2857 24.4881 0.0322 -0.0509 0.9982 0.0721 0.5649
13.5089 -91.4945 -23.0939 0.6271 -0.0088 -0.7789 0.2290 0.8622
1.9854 -122.8140 -16.7534 0.0717 -0.9967 -0.0368 0.9256 0.0276
-0.2221 -122.7286 -22.3663 0.0437 -0.9532 -0.2991 0.9168 0.0052
-12.9834 28.3778 -22.3411 -0.9150 0.0053 -0.4035 0.6232 0.3860
-12.9834 28.3778 -22.3411 -0.6418 0.0170 -0.7666 0.1231 0.3830
-12.7131 53.3801 22.2020 -0.9981 0.0049 0.0612 0.4451 0.2860
-13.9786 -109.3718 -12.3962 -0.9995 -0.0171 -0.0274 0.5834 0.9366
-14.1753 -108.5198 -3.2794 -0.9999 -0.0068 -0.0145 0.5470 0.9332
-2.1002 103.8567 24.8722 0.0110 -0.0074 0.9999 0.0667 0.0846
-13.4347 98.7583 -18.1457 -0.9987 -0.0127 -0.0494 0.6064 0.1046
13.7736 -22.7972 -22.9115 0.9553 -0.0013 -0.2957 0.2415 0.5835
13.7736 -22.7972 -22.9115 0.7968 0.0094 -0.6042 0.2301 0.5876
8.3081 -55.0079 -24.1631 0.0922 -0.0010 -0.9957 0.2082 0.7163
-3.5876 124.0627 -15.9284 0.0406 0.9985 -0.0371 0.7176 0.0326
-13.4872 2.6705 -21.4610 -0.9925 0.0078 -0.1217 0.6196 0.4887
13.4226 72.0601 -13.5630 0.9990 -0.0032 0.0448 0.2789 0.2043
-13.1746 63.3373 10.9735 -0.9994 0.0211 0.0263 0.4900 0.2462
-13.4092 -69.3199 24.1982 -0.9959 0.0230 0.0877 0.4371 0.7765
-13.4092 -69.3199 24.1982 -0.8662 0.0331 0.4986 0.7743 0.2036
-13.4092 -69.3199 24.1982 -0.8288 0.0399 0.5580 0.1119 0.7769
-13.4305 14.1472 -21.3569 -0.9805 0.0019 -0.1964 0.6192 0.4429
-13.4448 25.3736 5.7508 -0.9999 0.0020 0.0147 0.5109 0.3980
-13.7223 -31.5510 -4.0751 -1.0000 0.0035 0.0033 0.5501 0.6255
-4.9234 124.5297 18.1827 0.0647 0.9974 0.0315 0.7230 0.1689
-12.6375 81.6105 22.1447 -0.9991 -0.0056 0.0417 0.4453 0.1732
9.6819 -122.0749 -0.8023 0.1614 -0.9866 0.0222 0.9564 0.0914
3.5536 -120.7641 22.0686 -0.2093 0.6243 0.7526 0.0441 0.9825
-13.9751 -81.0357 7.7991 -0.9999 0.0092 0.0069 0.5027 0.8234
-12.6089 -38.0243 24.5786 -0.0266 0.0081 0.9996 0.1088 0.6518
13.2774 88.6830 1.4841 0.9995 -0.0294 -0.0136 0.3390 0.1379
-12.9928 -66.3879 -22.8455 -0.9733 -0.0002 -0.2296 0.6252 0.7648
-12.9928 -66.3879 -22.8455 -0.8103 0.0162 -0.5857 0.1231 0.7618
-2.2210 -68.2359 -24.0475 -0.0379 0.0030 -0.9993 0.1661 0.7692
12.3022 -35.5333 23.3523 0.0196 -0.1060 0.9942 0.0092 0.6418
-12.1988 -104.0312 24.6487 -0.0931 -0.0020 0.9957 0.1071 0.9157
13.8489 -90.9436 1.9967 0.9993 -0.0322 -0.0187 0.3411 0.8559
14.1047 -60.5610 -20.2123 0.9987 -0.0199 -0.0470 0.2523 0.7345
13.0770 -112.4131 23.7497 0.0215 0.0219 0.9995 0.0061 0.9492
13.0110 -69.0930 23.7852 0.2371 0.0208 0.9713 0.0063 0.7760
-13.1153 65.6229 -21.6885 -0.9866 0.0061 -0.1632 0.6205 0.2371
-12.7447 -4.0086 -22.4387 -0.3656 -0.0026 -0.9308 0.1241 0.5125
6.7411 97.4740 24.5649 0.0537 0.0005 0.9986 0.0314 0.1102
13.6899 72.5312 -21.7242 0.9999 0.0112 -0.0058 0.2463 0.2025
-13.3928 78.0167 -3.3254 -1.0000 0.0066 -0.0022 0.5471 0.1876
-13.3990 26.6301 -20.0998 -0.9959 0.0092 -0.0900 0.6142 0.3930
-11.6991 101.3480 -23.4899 -0.4912 0.0007 -0.8711 0.1282 0.0913
13.5523 29.7239 5.6674 0.9988 0.0056 -0.0488 0.3558 0.3736
1.0101 123.1528 24.1079 -0.0098 -0.2653 0.9641 0.0543 0.0075
4.2133 -84.3863 -24.1451 -0.0210 -0.0087 -0.9997 0.1918 0.8338
-12.5539 62.6375 23.6414 -0.9920 0.0158 0.1251 0.4393 0.2490
-12.5539 62.6375 23.6414 -0.8530 -0.0004 0.5219 0.1085 0.2494
13.7874 -45.6539 8.1536 0.9997 -0.0054 0.0243 0.3657 0.6749
13.4743 93.8070 20.7117 0.9991 -0.0335 0.0275 0.4159 0.1174
-1.7860 124.0979 -10.5482 0.0529 0.9985 -0.0133 0.7104 0.0541
-12.5950 123.2657 -22.0265 -0.9795 0.0142 -0.2011 0.6219 0.0067
-10.5991 115.3426 -24.4369 -0.0674 0.0412 -0.9969 0.1326 0.0354
-11.7321 53.4570 -23.8597 -0.3991 0.0143 -0.9168 0.1281 0.2827
-11.7321 53.4570 -23.8597 -0.9278 0.0288 -0.3721 0.6385 0.2166
-12.0717 122.4798 -22.2415 -0.4069 -0.5382 -0.7381 0.1267 0.0068
-13.5007 31.6537 -15.6169 -0.9999 -0.0026 -0.0159 0.5963 0.3729
14.1305 -36.1432 -10.5161 0.9995 0.0308 -0.0041 0.2911 0.6369
-13.8462 -111.6079 -15.0232 -0.9991 -0.0270 -0.0334 0.5939 0.9456
-11.2254 -119.6164 -23.2439 0.0110 -0.5961 -0.8028 0.7716 0.0031
-13.1205 -58.6875 -22.4566 -0.9695 0.0092 -0.2447 0.6236 0.7340
-13.1205 -58.6875 -22.4566 -0.8501 0.0144 -0.5264 0.1226 0.7310
-13.6125 -102.1444 23.7413 -0.9941 0.0026 0.1081 0.4389 0.9077
-9.1592 120.6716 -24.2149 -0.0232 0.1627 -0.9864 0.1384 0.0141
-1.6583 122.8807 -23.2292 -0.0090 -0.1640 -0.9864 0.1684 0.0052
-11.0835 -33.9533 -23.3807 -0.3410 0.0010 -0.9400 0.1307 0.6322
14.2031 -53.9482 -14.7369 0.9998 0.0178 0.0015 0.2742 0.7080
13.1997 66.6317 -23.6515 0.6488 0.0034 -0.7610 0.2278 0.2301
14.0594 -49.9175 -5.3736 0.9999 0.0073 0.0153 0.3116 0.6919
13.9281 -3.8914 9.7827 0.9997 0.0094 -0.0233 0.3722 0.5080
-13.9085 -82.1348 -3.0177 -0.9997 0.0049 -0.0230 0.5459 0.8277
9.4719 -122.1444 -3.8198 0.1469 -0.9891 0.0088 0.9556 0.0793
-12.9955 63.9978 15.6545 -0.9988 0.0177 0.0456 0.4713 0.2436
-9.8022 -109.1417 -23.6433 -0.0274 0.0112 -0.9996 0.1358 0.9327
13.8041 21.3405 -18.0109 0.9995 0.0038 0.0310 0.2611 0.4071
7.4508 87.8006 -24.7961 0.0717 -0.0012 -0.9974 0.2048 0.1455
-5.2219 -123.3230 -13.9121 -0.0086 -0.9961 -0.0880 0.8968 0.0390
-13.1367 105.8173 14.0781 -0.9986 -0.0007 0.0521 0.4776 0.0764
-5.4298 -35.6487 24.5163 0.0310 0.0093 0.9995 0.0801 0.6423
5.5190 25.7196 -24.7076 0.0187 -0.0013 -0.9998 0.1971 0.3936
14.0251 -84.8851 -20.0866 0.9995 -0.0076 -0.0309 0.2528 0.8317
6.3594 26.5859 23.7752 0.0429 -0.0679 0.9968 0.0329 0.3935
-1.3220 124.3198 5.0049 0.0705 0.9975 0.0033 0.7086 0.1163
-14.1138 -103.4243 -7.9968 -0.9997 -0.0007 -0.0231 0.5658 0.9128
7.6821 -47.2271 -24.2118 0.0718 0.0020 -0.9974 0.2057 0.6852
-11.1317 63.9744 -24.1419 -0.2259 -0.0125 -0.9741 0.1305 0.2407
-8.7042 3.9370 -23.8109 -0.0953 -0.0124 -0.9954 0.1402 0.4807
-13.4715 28.7753 -18.9734 -0.9991 0.0098 -0.0409 0.6097 0.3844
-13.0883 78.6089 11.9915 -0.9991 -0.0040 0.0419 0.4859 0.1852
-11.3763 124.8447 20.4098 -0.1931 0.9806 0.0333 0.7488 0.1779
7.7870 -120.6006 22.5889 0.0012 0.3128 0.9498 0.0272 0.9819
9.7603 -121.8916 -22.4337 0.1119 -0.9291 -0.3524 0.9567 0.0049
0.2917 -18.3970 -24.2282 -0.0448 -0.0142 -0.9989 0.1762 0.5700
-8.7367 -104.2295 24.2755 0.0349 -0.0404 0.9986 0.0933 0.9165
13.0210 -100.5070 -23.2261 0.2640 -0.0186 -0.9643 0.2271 0.8982
3.5630 -22.7681 24.1154 0.1154 0.0785 0.9902 0.0441 0.5908
13.7948 -27.8731 20.3331 0.9984 -0.0174 0.0529 0.4144 0.6038
-13.4938 -74.3709 -19.1881 -0.9969 0.0012 -0.0782 0.6106 0.7967
-12.3322 -19.2745 24.6139 0.0372 -0.0151 0.9992 0.1076 0.5769
-3.8985 48.7127 24.7124 0.0188 -0.0011 0.9998 0.0739 0.3051
-14.1207 -106.7382 -6.3147 -0.9998 0.0072 -0.0164 0.5591 0.9261
-11.7891 -18.2840 -22.6736 -0.4769 -0.0025 -0.8790 0.1279 0.5695
0.9456 123.9623 -3.7854 0.0705 0.9975 -0.0092 0.6995 0.0811
-13.7707 -41.8173 -17.1637 -0.9989 -0.0264 -0.0392 0.6025 0.6666
2.7468 122.8030 -23.2585 -0.0562 0.1898 -0.9802 0.1860 0.0055
-11.2471 67.0123 -24.1143 -0.4055 -0.0024 -0.9141 0.1300 0.2286
1.0734 -104.1475 23.9138 -0.0115 -0.0720 0.9973 0.0541 0.9161
13.8389 116.9843 -4.7622 0.9989 0.0449 -0.0112 0.3141 0.0248
-12.7118 112.4296 -4.7669 -0.6137 0.6603 0.4329 0.8174 0.2063
-13.1703 35.2675 13.7395 -0.9990 0.0077 0.0433 0.4789 0.3584
-12.0367 -72.3229 -23.2350 -0.2326 0.0117 -0.9725 0.1269 0.7855
-12.1201 -68.8100 -23.2184 -0.2365 0.0044 -0.9716 0.1266 0.7715
-13.0558 54.5945 -21.9738 -0.8778 0.0156 -0.4787 0.6217 0.2812
-13.0558 54.5945 -21.9738 -0.8631 -0.0014 -0.5050 0.1228 0.2782
13.6401 77.0407 -22.2441 0.9999 0.0004 -0.0126 0.2442 0.1844
-13.6737 -79.3996 -16.1971 -0.9997 -0.0027 -0.0238 0.5986 0.8168
-12.4371 92.3442 24.2985 -0.6071 -0.0060 0.7946 0.1081 0.1307
-4.1028 124.2537 -8.2481 0.0543 0.9984 -0.0135 0.7197 0.0633
-13.0796 43.9862 14.6683 -0.9990 0.0041 0.0450 0.4752 0.3236
-12.0619 123.4292 14.7620 -0.9986 -0.0481 0.0200 0.4748 0.0060
8.5056 -82.5569 -24.0265 0.0936 -0.0156 -0.9955 0.2090 0.8264
13.5147 87.0311 -23.1217 0.9508 -0.0022 -0.3099 0.2407 0.1445
13.5147 87.0311 -23.1217 0.7966 0.0043 -0.6044 0.2290 0.1485
-13.7027 -35.5342 -18.8238 -0.9988 -0.0028 -0.0496 0.6091 0.6415
-11.3509 112.5970 -24.1739 -0.9110 0.0061 -0.4123 0.8081 0.2199
-12.2131 -121.8646 -2.8605 -0.9988 -0.0492 -0.0060 0.9666 0.2951
-11.8603 25.8078 -23.6877 -0.6528 -0.0236 -0.7571 0.1276 0.3933
-13.1767 -90.7806 24.2997 -0.4398 -0.0004 0.8981 0.1110 0.8627
-13.7426 -31.3131 1.4826 -1.0000 -0.0024 -0.0030 0.5279 0.6246
7.8323 -7.0840 -24.4004 0.0539 -0.0095 -0.9985 0.2063 0.5248
5.3505 -77.3384 23.6412 0.0824 -0.0280 0.9962 0.0370 0.8090
-12.9465 -46.1038 24.6030 -0.3451 -0.0095 0.9385 0.1101 0.6841
-12.5308 118.0968 24.2000 -0.8865 -0.0044 0.4627 0.4371 0.0273
-12.5308 118.0968 24.2000 -0.5349 -0.0006 0.8449 0.1084 0.0277
11.8870 -72.5736 23.4301 -0.3476 -0.0112 0.9376 0.0108 0.7899
-1.2665 14.6943 24.4057 0.0773 0.0070 0.9970 0.0634 0.4411
13.8959 -98.1257 -22.5282 0.8096 -0.0189 -0.5867 0.2306 0.8887
13.8959 -98.1257 -22.5282 0.9253 0.0148 -0.3790 0.2431 0.8846
-13.4937 -91.2968 24.0382 -0.9073 -0.0157 0.4202 0.4378 0.8644
-13.4937 -91.2968 24.0382 -0.6499 -0.0143 0.7599 0.1123 0.8648
-5.7006 -97.9289 24.1673 0.0227 0.0057 0.9997 0.0811 0.8913
13.5027 88.3115 20.4520 0.9999 0.0097 0.0134 0.4149 0.1394
13.7813 -117.2356 -22.5945 0.9684 -0.0341 -0.2471 0.2428 0.9610
12.9918 -117.2356 -23.2676 0.2094 -0.0058 -0.9778 0.2269 0.9651
13.3144 -81.0532 23.5492 0.7848 0.0041 0.6197 0.0051 0.8238
13.3144 -81.0532 23.5492 0.9183 -0.0004 0.3959 0.4272 0.8164
-13.4304 53.9191 -12.6891 -1.0000 0.0044 -0.0066 0.5846 0.2839
-13.3914 66.8562 -6.6128 -0.9999 0.0076 0.0099 0.5603 0.2322
-13.3380 97.5338 13.4480 -0.9992 0.0307 0.0271 0.4801 0.1095
14.2056 -48.3165 -13.4405 0.9999 0.0032 0.0164 0.2794 0.6855
13.3205 -107.9279 -9.4934 0.9996 -0.0211 0.0194 0.2952 0.9238
13.4281 35.3404 -23.4968 0.5802 -0.0018 -0.8145 0.2287 0.3552
-12.4877 123.6241 -21.9994 -0.9461 0.2936 -0.1366 0.6218 0.0052
-12.4877 123.6241 -21.9994 -0.6355 0.7438 -0.2073 0.7532 0.0083
-13.4454 -63.2649 23.7545 -0.9953 -0.0033 0.0971 0.4389 0.7523
13.4285 92.8946 22.2266 0.9999 0.0029 0.0153 0.4220 0.1211
13.7468 41.3376 -23.0901 0.9612 -0.0046 -0.2757 0.2408 0.3272
13.7468 41.3376 -23.0901 0.7630 -0.0003 -0.6464 0.2300 0.3312
-13.3607 67.3751 -4.0346 -1.0000 -0.0030 0.0093 0.5500 0.2301
-13.1383 -53.4796 24.4737 -0.9407 0.0203 0.3387 0.4360 0.7132
-13.1383 -53.4796 24.4737 -0.2557 -0.0118 0.9667 0.1109 0.7136
-12.2963 47.8064 -22.7537 -0.6530 -0.0037 -0.7573 0.1259 0.3053
8.3737 -119.5460 -23.3777 0.0333 -0.1804 -0.9830 0.2085 0.9743
8.3737 -119.5460 -23.3777 0.0139 -0.6526 -0.7575 0.8500 0.0026
12.7277 92.3982 24.2853 0.2688 -0.0041 0.9632 0.0075 0.1305
0.4292 -120.3512 21.2725 -0.1025 0.1382 0.9851 0.0566 0.9809
13.4724 -12.1707 23.2738 0.5305 0.0114 0.8476 0.0045 0.5485
13.0914 82.4175 24.0486 0.7349 -0.0127 0.6781 0.0060 0.1703
14.0823 -74.3641 2.0137 1.0000 -0.0080 0.0002 0.3412 0.7897
13.2585 -20.5129 23.4576 0.5237 0.0277 0.8514 0.0053 0.5818
-1.4475 124.2889 11.7173 0.0710 0.9975 0.0048 0.7091 0.1431
-13.6517 5.5377 -6.5989 -0.9998 0.0147 0.0102 0.5602 0.4773
-7.7027 -4.6597 24.6906 -0.0636 -0.0301 0.9975 0.0891 0.5184
-12.1925 120.8158 9.7855 -0.9919 0.0242 -0.1247 0.4947 0.0165
-12.1925 120.8158 9.7855 -0.6890 0.2114 -0.6932 0.7922 0.1999
-13.4205 58.7404 -4.0381 -1.0000 0.0053 0.0025 0.5500 0.2646
-11.8997 -33.8030 24.5553 -0.0017 0.0009 1.0000 0.1059 0.6349
-11.9449 110.3763 24.5428 -0.1580 -0.0022 0.9874 0.1061 0.0586
10.8779 122.5661 -23.3676 0.0526 0.6828 -0.7287 0.6598 0.0029
-13.6326 -106.1347 -20.6445 -0.9856 0.1160 -0.1231 0.6164 0.9237
-13.2129 42.8418 -21.3776 -0.9957 0.0019 -0.0928 0.6193 0.3282
-13.2004 24.5576 -22.0532 -0.9867 0.0035 -0.1626 0.6220 0.4013
-13.2004 24.5576 -22.0532 -0.8463 0.0008 -0.5327 0.1222 0.3983
-7.7890 -53.9866 24.5639 -0.0604 -0.0032 0.9982 0.0895 0.7156
-3.0286 -68.6272 24.2860 0.0056 0.0044 1.0000 0.0705 0.7741
-13.3047 60.1184 6.5721 -0.9999 0.0046 0.0135 0.5076 0.2591
-9.6145 -119.4370 20.6376 -0.0258 -0.9351 0.3534 0.7781 0.1785
-9.6145 -119.4370 20.6376 -0.0007 -0.4632 0.8863 0.0968 0.9772
8.3028 -103.4393 23.4935 -0.0059 0.0035 1.0000 0.0252 0.9133
13.1516 -67.5514 23.7363 0.5842 -0.0019 0.8116 0.0058 0.7698
-13.3934 69.1504 -12.3610 -0.9999 0.0056 -0.0096 0.5833 0.2230
13.3102 52.3606 23.6670 0.6809 -0.0002 0.7324 0.0051 0.2905
13.8636 -1.1230 -21.9768 0.9986 -0.0008 -0.0531 0.2453 0.4969
13.3568 -87.4339 -23.2403 0.4807 -0.0063 -0.8769 0.2284 0.8459
-13.3854 62.6831 -1.3148 -0.9999 0.0085 0.0062 0.5391 0.2488
0.8220 -118.9039 -23.6212 0.0034 -0.1213 -0.9926 0.1783 0.9717
-12.1313 -79.3002 -23.1942 -0.2248 -0.0423 -0.9735 0.1265 0.8134
2.5084 120.7420 -24.2433 0.0006 0.4728 -0.8812 0.1850 0.0138
13.5453 -96.5356 23.1052 0.9518 0.0003 0.3066 0.4255 0.8783
-13.1267 87.5420 -20.8823 -0.9940 0.0020 -0.1096 0.6173 0.1495
13.8599 10.0522 8.4854 0.9989 0.0025 -0.0464 0.3670 0.4522
13.3348 -62.8563 23.5520 0.5916 0.0073 0.8062 0.0050 0.7511
13.3348 -62.8563 23.5520 0.9402 0.0170 0.3402 0.4273 0.7437
-0.7962 14.6929 -24.4266 -0.0454 -0.0046 -0.9990 0.1718 0.4377
12.3653 -22.1905 -23.8523 0.1348 0.0011 -0.9909 0.2244 0.5851
3.6765 -32.9056 23.9574 0.1244 -0.0113 0.9922 0.0437 0.6313
-13.7870 -40.0097 -0.8842 -1.0000 -0.0013 -0.0027 0.5374 0.6594
14.0522 -33.9081 -20.0082 0.9992 -0.0062 -0.0383 0.2531 0.6279
6.8018 -122.5251 -2.7169 0.1411 -0.9900 0.0024 0.9449 0.0837
-12.5435 96.8111 24.3486 -0.5594 -0.0126 0.8288 0.1085 0.1128
13.7875 61.8673 -22.8294 0.9820 0.0116 -0.1888 0.2419 0.2451
-13.0660 -23.4275 24.1327 -0.9927 0.0068 0.1206 0.4374 0.5931
-13.0660 -23.4275 24.1327 -0.7172 0.0247 0.6964 0.1106 0.5935
12.5211 -61.4447 23.6466 -0.4612 -0.0353 0.8866 0.0083 0.7454
-11.3169 95.0236 -24.1559 -0.5388 -0.0014 -0.8424 0.1298 0.1166
-11.3169 95.0236 -24.1559 -0.9032 -0.0260 -0.4285 0.6397 0.0505
-13.1810 -102.2723 24.3423 -0.5068 -0.0100 0.8620 0.1110 0.9086
12.6064 -120.7203 17.4263 0.4319 -0.9019 -0.0049 0.9681 0.1642
1.5064 -120.2615 21.3786 -0.1495 -0.1027 0.9834 0.0523 0.9805
2.5510 -122.7779 -17.8202 0.0495 -0.9978 -0.0449 0.9279 0.0234
14.0416 -82.2438 -12.0069 0.9999 -0.0127 0.0047 0.2851 0.8212
-13.2169 14.3628 -22.1436 -0.9641 -0.0095 -0.2654 0.6224 0.4420
-13.2169 14.3628 -22.1436 -0.6687 -0.0132 -0.7434 0.1222 0.4390
1.4386 -123.1513 2.9433 0.1175 -0.9929 -0.0184 0.9235 0.1064
-13.7677 -95.4164 -17.7434 -0.9987 0.0070 -0.0513 0.6048 0.8808
-9.1163 98.7934 -24.6241 -0.0620 -0.0130 -0.9980 0.1386 0.1015
7.6042 -44.5593 23.8338 0.0807 -0.0447 0.9957 0.0280 0.6779
14.1982 -54.9662 -12.9122 0.9999 -0.0040 0.0140 0.2815 0.7121
-11.9924 124.4915 5.1203 -0.8735 0.4868 0.0012 0.7991 0.2081
-11.9924 124.4915 5.1203 -0.5428 0.8398 -0.0033 0.7512 0.1167
-13.7394 -27.6698 -5.2256 -1.0000 -0.0020 0.0054 0.5547 0.6100
-11.6880 -23.2261 24.5925 0.0347 0.0051 0.9994 0.1051 0.5926
-13.7933 -26.1031 -8.9796 -0.9999 -0.0031 0.0098 0.5697 0.6038
8.1857 -60.9746 23.6003 0.0774 -0.0047 0.9970 0.0256 0.7435
-7.1784 100.0540 -24.7001 -0.0410 -0.0021 -0.9992 0.1463 0.0965
-12.3637 93.0943 24.3649 -0.4750 -0.0265 0.8796 0.1078 0.1277
1.8139 49.8866 -24.6245 -0.0262 -0.0037 -0.9997 0.1823 0.2970
-12.9806 -42.1847 24.5415 -0.8689 0.0008 0.4949 0.4357 0.6680
-12.9806 -42.1847 24.5415 -0.2008 -0.0217 0.9794 0.1102 0.6684
-12.1973 -120.5722 21.5355 -0.9428 0.0516 0.3292 0.9718 0.1976
-8.1292 -120.1327 -22.5768 0.0871 -0.4594 -0.8840 0.1425 0.9767
-8.1292 -120.1327 -22.5768 0.0548 -0.7536 -0.6551 0.7840 0.0058
-13.9838 -80.8896 2.5662 -0.9999 0.0098 -0.0065 0.5236 0.8228
-7.6517 11.7062 -24.0216 -0.0793 -0.0079 -0.9968 0.1444 0.4496
12.8264 93.6197 -23.8598 0.6312 -0.0006 -0.7756 0.2263 0.1222
-12.3809 12.5190 -22.6967 -0.6243 -0.0100 -0.7811 0.1255 0.4464
-3.1823 -123.4157 -7.6628 0.0836 -0.9960 -0.0302 0.9050 0.0640
-12.1465 74.0578 -22.8640 -0.4527 0.0152 -0.8915 0.1264 0.2004
-13.7777 -37.8447 -16.4092 -0.9996 -0.0038 -0.0273 0.5994 0.6507
14.0717 -29.3381 -9.0318 0.9999 -0.0073 0.0152 0.2970 0.6097
-12.8315 80.0743 -22.5168 -0.9728 0.0097 -0.2313 0.6239 0.1793
-12.8315 80.0743 -22.5168 -0.7448 -0.0022 -0.6672 0.1237 0.1763
13.4762 -102.4238 2.5943 0.9994 -0.0275 -0.0200 0.3435 0.9018
-7.3048 -95.4834 24.3366 0.0203 -0.0093 0.9998 0.0875 0.8815
5.4430 -43.1726 -24.2717 0.0041 0.0019 -1.0000 0.1968 0.6690
14.0525 -53.0881 -21.3847 0.9966 -0.0060 -0.0826 0.2476 0.7046
13.6642 69.4319 -22.9936 0.9904 0.0049 -0.1382 0.2412 0.2148
13.6642 69.4319 -22.9936 0.8501 0.0169 -0.5264 0.2296 0.2189
13.8194 116.6311 -9.1465 0.9994 0.0339 -0.0081 0.2965 0.0262
-13.4740 37.8769 -14.1424 -1.0000 0.0015 -0.0088 0.5904 0.3480
13.8208 -9.6235 -2.7054 0.9997 0.0237 -0.0043 0.3223 0.5309
13.1549 -64.5099 23.6962 0.6341 0.0072 0.7732 0.0058 0.7577
10.2678 -120.7396 22.5233 0.1299 -0.6661 0.7345 0.9588 0.1846
10.2678 -120.7396 22.5233 -0.0068 -0.2826 0.9592 0.0173 0.9825
12.8290 33.1914 -23.9335 0.4069 -0.0016 -0.9135 0.2263 0.3638
13.4790 81.3276 -14.6702 0.9990 0.0030 0.0447 0.2745 0.1673
-13.4044 50.7289 -16.9335 -0.9999 0.0025 -0.0152 0.6015 0.2966
0.5234 -53.4010 24.3059 0.1128 0.0169 0.9935 0.0563 0.7133
-8.9879 75.9017 -24.4782 -0.0715 -0.0068 -0.9974 0.1391 0.1930
13.4476 27.3727 3.3864 0.9992 0.0056 -0.0407 0.3466 0.3830
-13.5222 -114.8664 24.1258 -0.9306 -0.0402 0.3639 0.4374 0.9586
-13.5222 -114.8664 24.1258 -0.5456 -0.1128 0.8304 0.1124 0.9590
-12.9058 -79.8239 24.3919 -0.1707 -0.0080 0.9853 0.1099 0.8189
13.3643 -49.2711 21.1740 0.9990 0.0204 0.0389 0.4177 0.6894
-11.2819 122.1777 22.8116 -0.5739 0.0633 0.8165 0.1034 0.0114
-11.2819 122.1777 22.8116 -0.3834 0.5350 0.7528 0.8761 0.2037
-5.0594 -123.1822 -14.9746 0.0115 -0.9993 -0.0356 0.8975 0.0347
-13.2812 -57.8361 -21.5972 -0.9874 0.0011 -0.1585 0.6202 0.7306
-12.8939 84.5542 -22.2880 -0.9725 -0.0204 -0.2321 0.6229 0.1614
-12.2093 90.5967 -23.1651 -0.3642 -0.0032 -0.9313 0.1262 0.1343
-12.0834 124.3284 15.7078 -0.7442 0.6679 -0.0117 0.7516 0.1591
-12.0834 124.3284 15.7078 -0.9989 -0.0450 0.0132 0.4711 0.0024
4.8961 -119.8915 22.6891 -0.0402 -0.7974 0.6021 0.8361 0.1867
-0.1416 -25.9849 24.2852 0.1046 0.0190 0.9943 0.0589 0.6037
-11.3738 67.7711 -24.0684 -0.4850 -0.0015 -0.8745 0.1295 0.2255
10.2063 -47.0938 23.6456 0.0435 0.0387 0.9983 0.0175 0.6881
-13.3934 71.3298 -2.4200 -0.9999 0.0031 0.0105 0.5435 0.2143
-3.1045 -123.1938 -14.8611 0.0645 -0.9956 -0.0673 0.9053 0.0352
13.6442 92.2886 -22.6716 0.9759 0.0045 -0.2180 0.2425 0.1235
-12.8167 78.9914 -22.5297 -0.9449 -0.0093 -0.3273 0.6239 0.1837
-12.8167 78.9914 -22.5297 -0.7365 0.0185 -0.6762 0.1238 0.1807
-12.3162 121.7734 -21.2573 -0.9873 0.0947 -0.1278 0.6188 0.0126
-13.8414 -102.2212 -16.3505 -0.9993 -0.0014 -0.0367 0.5992 0.9080
13.2447 82.8787 -7.2803 0.9998 -0.0032 0.0207 0.3040 0.1611
-13.4946 26.0132 1.3247 -1.0000 0.0007 0.0096 0.5286 0.3954
-13.1811 -114.6329 24.3729 -0.3949 -0.0571 0.9170 0.1110 0.9580
-11.5104 72.2235 -23.9623 -0.6397 -0.0027 -0.7686 0.1290 0.2077
-11.5104 72.2235 -23.9623 -0.9279 -0.0065 -0.3728 0.6389 0.1416
11.8645 6.5106 23.1448 -0.0248 -0.0035 0.9997 0.0109 0.4738
9.1080 -93.3530 23.3224 0.0045 0.0063 1.0000 0.0219 0.8730
-13.3453 -55.7087 -21.3652 -0.9923 -0.0151 -0.1229 0.6193 0.7221
6.5194 -121.3036 22.8216 0.1171 -0.2334 0.9653 0.0323 0.9847
6.5194 -121.3036 22.8216 0.1738 -0.6715 0.7203 0.9438 0.1858
13.4806 87.4155 23.0862 0.9990 0.0106 0.0435 0.4254 0.1430
-0.1364 -106.6167 24.0192 0.0218 -0.0431 0.9988 0.0589 0.9260
-13.3342 44.1885 7.8122 -0.9997 0.0008 0.0229 0.5026 0.3228
-3.0086 -123.7539 6.8431 0.0767 -0.9962 -0.0422 0.9057 0.1219
-11.4004 116.6388 -23.9735 -0.8514 0.0202 -0.5242 0.1294 0.0302
-11.4004 116.6388 -23.9735 -0.8668 0.0150 -0.4984 0.8073 0.2037
12.6206 -33.8450 23.5733 -0.2599 -0.0526 0.9642 0.0079 0.6351
-12.0070 69.1318 24.4324 -0.5843 0.0079 0.8115 0.1063 0.2235
-0.7507 -123.3144 -3.8889 0.0711 -0.9975 0.0041 0.9147 0.0790
-13.0614 -37.7368 -22.3611 -0.8757 -0.0095 -0.4827 0.6232 0.6503
-13.0614 -37.7368 -22.3611 -0.4897 0.0208 -0.8716 0.1228 0.6473
13.6478 1.9519 -23.1713 0.9285 -0.0069 -0.3713 0.2405 0.4846
13.6478 1.9519 -23.1713 0.7472 0.0066 -0.6645 0.2296 0.4886
13.4771 91.1467 20.6005 0.9998 0.0048 0.0188 0.4155 0.1280
14.0806 -77.2805 -6.7813 1.0000 -0.0070 0.0014 0.3060 0.8013
-13.3328 -119.4988 -13.4555 -0.4630 -0.8864 0.0025 0.7632 0.0423
-12.7171 2.8441 -22.4678 -0.4813 -0.0153 -0.8764 0.1242 0.4851
4.3541 -17.0526 24.0872 0.1060 0.0449 0.9933 0.0409 0.5680
-12.6945 -67.8889 -23.1118 -0.3749 0.0223 -0.9268 0.1243 0.7678
13.4844 -39.9113 -23.4063 0.6573 -0.0056 -0.7536 0.2289 0.6560
-1.3452 122.0807 -23.1166 -0.0155 0.3181 -0.9479 0.1696 0.0084
-9.1691 -121.2216 -22.7570 0.0760 0.3270 -0.9420 0.1384 0.9810
13.9905 0.2502 12.4205 0.9997 -0.0054 -0.0223 0.3828 0.4914
13.3198 71.8619 23.7937 0.6537 -0.0133 0.7567 0.0051 0.2125
13.3198 71.8619 23.7937 0.9004 0.0045 0.4351 0.4282 0.2051
10.3711 -0.9486 -24.1884 0.1287 -0.0111 -0.9916 0.2165 0.5002
-13.4656 -19.3705 -21.8588 -0.9783 0.0087 -0.2068 0.6212 0.5769
-13.4656 -19.3705 -21.8588 -0.7620 0.0147 -0.6474 0.1212 0.5739
-12.9654 -51.8432 24.5321 -0.2444 -0.0068 0.9697 0.1102 0.7070
13.4872 -109.3314 -23.0585 0.5629 0.0062 -0.8265 0.2289 0.9335
13.0687 72.8391 24.0266 0.5765 -0.0036 0.8171 0.0061 0.2086
-12.5341 118.8913 -23.2173 -0.4233 -0.0062 -0.9059 0.1249 0.0212
-8.0842 3.9020 24.5704 -0.0256 -0.0039 0.9997 0.0907 0.4842
2.2028 -120.2297 -22.4746 -0.0242 -0.6378 -0.7699 0.8253 0.0062
13.4744 88.7779 13.0100 0.9999 -0.0070 -0.0105 0.3851 0.1375
-13.2015 79.8786 5.2384 -0.9998 0.0023 0.0197 0.5129 0.1801
-10.5007 -123.5320 -10.1973 0.0226 -0.9990 -0.0392 0.8757 0.0538
13.7349 -97.2651 19.7503 0.9996 -0.0135 0.0233 0.4121 0.8812
-12.4272 -119.2653 -4.5904 -0.8795 -0.4755 0.0176 0.9770 0.3020
-12.4272 -119.2653 -4.5904 -0.8043 -0.5940 0.0167 0.7668 0.0777
-13.6295 -119.2653 -5.2212 -0.4858 -0.8738 0.0241 0.7620 0.0752
13.5366 -47.6339 -23.3094 0.7521 -0.0095 -0.6590 0.2291 0.6868
2.5419 -96.3663 23.7321 -0.0081 -0.0187 0.9998 0.0482 0.8850
-4.1782 -51.5914 24.4774 0.0294 -0.0348 0.9990 0.0750 0.7060
8.4706 -121.2954 22.2690 0.1839 -0.7628 0.6200 0.9516 0.1836
-12.0431 -123.8316 6.2291 -0.9492 -0.3143 -0.0139 0.9587 0.2588
-12.0431 -123.8316 6.2291 -0.6021 -0.7980 -0.0267 0.8696 0.1195
-13.6560 15.8978 -12.2596 -1.0000 -0.0018 0.0032 0.5829 0.4359
12.8313 -43.8642 23.9896 0.2492 0.0062 0.9684 0.0071 0.6751
14.0306 -2.4257 15.4081 0.9999 -0.0062 -0.0133 0.3947 0.5021
12.7715 51.7399 23.8956 0.2157 -0.0157 0.9763 0.0073 0.2930
13.5638 11.0028 -1.9931 1.0000 0.0072 0.0036 0.3251 0.4484
-4.2997 -92.6424 -23.8384 -0.0462 0.0047 -0.9989 0.1578 0.8668
-13.4709 6.6451 -21.4101 -0.9917 0.0029 -0.1289 0.6194 0.4729
-4.6320 -70.0517 24.4789 0.0459 -0.0211 0.9987 0.0769 0.7798
-13.1574 -101.5482 -23.0162 -0.9388 0.2496 -0.2374 0.6259 0.9053
13.9704 -84.5152 -3.8685 0.9998 -0.0186 0.0046 0.3176 0.8302
-13.6374 1.4419 -0.0191 -0.9999 0.0100 0.0131 0.5339 0.4937
13.3248 -25.4934 -23.5528 0.6740 0.0135 -0.7386 0.2283 0.5983
12.7697 122.8082 1.5157 0.1909 0.9814 -0.0179 0.6522 0.1023
-13.0564 95.1852 21.7433 -0.9991 -0.0416 0.0095 0.4469 0.1189
-13.4210 -117.9309 -19.1313 -0.9986 -0.0337 -0.0420 0.6103 0.9708
-3.5040 122.8550 23.8375 -0.0318 -0.6234 0.7812 0.0724 0.0087
-13.0680 111.2094 2.6584 -0.4296 0.8837 -0.1857 0.8188 0.2359
14.0698 -71.4525 10.5273 0.9999 -0.0050 0.0127 0.3752 0.7780
10.1871 -101.4937 23.2306 -0.0445 0.0200 0.9988 0.0176 0.9055
-6.3537 -123.7496 -1.5035 0.0320 -0.9993 -0.0210 0.8923 0.0886
13.7921 -17.1094 22.2423 0.9928 -0.0096 0.1194 0.4220 0.5608
14.0464 -33.6769 -3.3109 0.9999 -0.0036 0.0129 0.3199 0.6270
-13.7015 -56.9487 -15.5551 -0.9995 0.0117 -0.0278 0.5960 0.7271
13.9878 11.5238 11.3888 0.9992 0.0022 -0.0392 0.3786 0.4463
13.5017 53.0147 -23.4033 0.7267 -0.0018 -0.6870 0.2290 0.2845
-8.2445 -96.5183 24.4372 0.0672 0.0239 0.9975 0.0913 0.8856
13.7875 -95.0498 4.6075 0.9994 -0.0271 -0.0195 0.3515 0.8723
-5.2780 86.1115 -24.7070 -0.0271 -0.0058 -0.9996 0.1539 0.1522
13.8413 -87.1918 18.4867 0.9994 0.0017 0.0346 0.4070 0.8409
13.4524 93.9694 -5.6523 0.9983 -0.0580 0.0098 0.3105 0.1168
11.8832 -103.8041 23.4681 -0.2713 0.0071 0.9625 0.0108 0.9148
-10.9452 98.1975 -24.4057 -0.1555 -0.0162 -0.9877 0.1313 0.1039
-8.3795 -123.9170 4.3891 0.0248 -0.9992 -0.0307 0.8842 0.1121
-13.4721 38.8614 -13.9706 -1.0000 0.0052 -0.0061 0.5897 0.3441
-13.3727 108.8604 2.5393 -0.9995 0.0252 0.0210 0.5237 0.0643
12.8290 -53.4394 23.9131 0.0685 -0.0141 0.9976 0.0071 0.7134
-12.8042 102.6022 23.3501 -0.9958 -0.0210 -0.0889 0.4405 0.0893
12.8855 -64.0950 23.7704 -0.1366 0.0147 0.9905 0.0068 0.7560
13.7288 -23.8819 -22.9874 0.8664 -0.0008 -0.4994 0.2412 0.5879
13.7288 -23.8819 -22.9874 0.7853 -0.0001 -0.6192 0.2299 0.5919
13.5721 7.6345 -2.5999 0.9999 0.0065 0.0078 0.3227 0.4619
13.8419 111.8631 -15.5993 0.9998 0.0088 -0.0156 0.2708 0.0452
-9.1465 106.4371 -24.6190 -0.0627 -0.0047 -0.9980 0.1384 0.0710
7.4690 -15.0599 23.5768 0.1103 -0.0078 0.9939 0.0285 0.5600
13.6682 11.2202 4.5422 0.9990 0.0040 -0.0443 0.3513 0.4475
4.2067 -82.4697 23.8333 0.0739 -0.0040 0.9973 0.0415 0.8295
13.2627 63.2889 -9.7071 0.9992 0.0026 0.0394 0.2943 0.2394
12.9447 104.3409 -23.7106 0.8670 0.0076 -0.4983 0.2383 0.0753
12.9447 104.3409 -23.7106 0.8429 0.0072 -0.5380 0.2267 0.0793
13.6645 122.3764 17.7918 0.6667 0.7451 -0.0176 0.6487 0.1674
13.6645 122.3764 17.7918 0.8699 0.4932 -0.0045 0.4042 0.0032
12.6527 74.8694 24.2398 0.2601 -0.0043 0.9656 0.0078 0.2005
13.4542 49.1860 23.5256 0.7009 0.0014 0.7133 0.0046 0.3032
13.4542 49.1860 23.5256 0.8686 0.0187 0.4951 0.4272 0.2958
13.1390 85.2768 -23.6243 0.6867 0.0008 -0.7269 0.2275 0.1556
12.8854 -25.1906 23.5854 -0.2267 0.0156 0.9738 0.0068 0.6005
-7.2967 -124.2745 21.9276 0.1234 -0.9876 0.0974 0.8885 0.1822
12.3800 80.1784 -24.1340 0.1549 -0.0053 -0.9879 0.2245 0.1759
-5.8088 -97.7452 -23.7805 -0.0481 -0.0012 -0.9988 0.1518 0.8872
-8.7877 -123.4148 -12.4967 0.0211 -0.9983 -0.0541 0.8826 0.0446
-4.1888 124.5276 16.3063 0.0622 0.9979 0.0191 0.7200 0.1614
-12.9638 -21.1065 24.2606 -0.9639 0.0206 0.2656 0.4369 0.5838
-12.9638 -21.1065 24.2606 -0.7194 -0.0084 0.6946 0.1102 0.5842
-13.3571 81.3006 -1.0082 -0.9999 -0.0009 0.0102 0.5379 0.1744
-7.8257 -122.8899 -22.6857 0.0078 -0.8422 -0.5390 0.8864 0.0039
14.1451 18.5827 19.0379 1.0000 0.0060 -0.0052 0.4092 0.4181
-12.7585 42.4512 -22.4372 -0.7210 0.0075 -0.6929 0.1240 0.3267
-12.4221 -27.7833 24.6340 0.0826 -0.0234 0.9963 0.1080 0.6109
-14.1665 -97.9131 9.5369 -0.9998 0.0123 0.0126 0.4957 0.8908
12.9901 -62.3467 23.7647 0.2353 0.0130 0.9718 0.0064 0.7490
-13.6081 -103.5161 23.8114 -0.9973 0.0080 0.0735 0.4387 0.9132
-13.6081 -103.5161 23.8114 -0.7997 -0.0510 0.5982 0.1127 0.9136
13.7590 20.0848 -15.1953 0.9994 0.0144 0.0303 0.2724 0.4121
-13.0856 -24.4927 23.9975 -0.9863 -0.0041 0.1648 0.4379 0.5973
-12.5268 -22.5725 24.6608 -0.2484 0.0076 0.9686 0.1084 0.5900
-9.5205 -119.9065 -22.9764 0.0250 -0.6105 -0.7916 0.7784 0.0042
-7.0035 -83.3569 24.4415 0.0288 -0.0176 0.9994 0.0863 0.8330
-5.4712 7.1289 24.5347 -0.0372 -0.0742 0.9965 0.0802 0.4713
13.9627 -87.5768 -13.3412 0.9997 -0.0197 0.0135 0.2798 0.8425
-12.7141 85.7072 -22.7375 -0.7405 0.0020 -0.6721 0.1242 0.1538
12.1805 -56.3225 23.5685 -0.4190 -0.0207 0.9077 0.0097 0.7249
12.3596 110.1128 -24.1592 0.3446 0.0020 -0.9388 0.2244 0.0563
-13.7536 -56.1454 10.3948 -0.9998 0.0040 0.0205 0.4923 0.7239
-13.7877 -52.6325 -0.9570 -0.9998 -0.0033 -0.0183 0.5377 0.7098
-6.4764 -38.3713 -23.8228 -0.0664 -0.0002 -0.9978 0.1491 0.6498
-12.1793 123.9091 -21.8887 -0.4436 0.8805 -0.1671 0.7520 0.0088
-12.8521 108.8295 23.1649 -0.9954 -0.0105 -0.0950 0.4412 0.0644
-13.6723 -37.1713 -19.3049 -0.9982 -0.0041 -0.0602 0.6110 0.6480
14.1718 -57.7430 -12.6269 1.0000 -0.0048 0.0067 0.2826 0.7232
-12.8359 9.9165 23.6574 -0.9980 0.0110 0.0630 0.4393 0.4598
-12.3901 109.7085 -23.3153 -0.3593 0.0068 -0.9332 0.1255 0.0579
13.4935 57.5619 23.4673 0.6914 0.0117 0.7223 0.0044 0.2697
13.4935 57.5619 23.4673 0.9015 0.0109 0.4327 0.4269 0.2623
-13.3882 46.9779 3.7035 -0.9999 0.0007 0.0151 0.5190 0.3116
-6.8044 -123.4809 -9.3824 0.0414 -0.9989 0.0216 0.8905 0.0571
-11.4365 22.2584 -23.7534 -0.3083 -0.0183 -0.9511 0.1293 0.4075
1.4810 -5.2404 -24.3119 -0.0318 -0.0094 -0.9995 0.1809 0.5174
-13.7912 -43.3822 2.4147 -1.0000 0.0010 0.0006 0.5242 0.6728
10.5633 -38.6241 23.5012 0.1253 0.0653 0.9900 0.0161 0.6542
13.1941 77.3223 -6.1551 0.9996 -0.0015 0.0295 0.3085 0.1833
-2.2135 123.2829 24.2604 -0.0115 -0.3752 0.9269 0.0672 0.0070
-11.8656 110.2609 -23.4634 -0.3195 0.0083 -0.9476 0.1276 0.0557
8.8364 -122.1624 5.7140 0.1584 -0.9873 0.0101 0.9530 0.1174
-12.5029 81.7005 23.7313 -0.9692 -0.0023 0.2464 0.4390 0.1728
-13.5812 19.3367 -15.3932 -0.9999 -0.0037 -0.0120 0.5954 0.4221
-0.7075 -63.2713 24.2967 0.0819 0.0252 0.9963 0.0612 0.7527
13.9383 -105.3711 -21.9132 0.9998 0.0089 -0.0192 0.2455 0.9136
4.0653 123.6838 22.9613 0.0864 0.9943 0.0628 0.6870 0.1881
-9.6682 124.1426 -19.2835 0.0461 0.9967 -0.0668 0.7419 0.0192
-13.5134 -31.2300 -21.4894 -0.9797 -0.0076 -0.2005 0.6198 0.6243
13.5815 78.3529 17.7845 1.0000 0.0034 -0.0090 0.4042 0.1792
13.3271 4.6839 -23.5677 0.6391 -0.0079 -0.7691 0.2283 0.4777
-13.5346 -63.7159 -18.8253 -0.9971 0.0032 -0.0766 0.6091 0.7541
13.1577 54.7601 -4.5615 0.9999 0.0096 0.0135 0.3149 0.2735
-13.1933 112.1043 5.3786 -0.9577 0.2562 -0.1308 0.5123 0.0513
12.1505 122.1511 -23.5219 0.1547 0.2166 -0.9639 0.2236 0.0081
12.7054 13.2631 -23.9263 0.3629 -0.0023 -0.9318 0.2258 0.4434
13.4797 63.8765 9.5629 0.9985 0.0040 -0.0540 0.3713 0.2371
-13.6316 -17.7746 6.0700 -0.9997 0.0076 0.0221 0.5096 0.5705
13.7249 -5.7353 -7.0226 0.9998 0.0013 0.0196 0.3050 0.5153
-9.5138 -29.3214 24.5299 -0.0363 -0.0093 0.9993 0.0964 0.6170
-13.4723 91.7106 1.4085 -0.9998 -0.0082 0.0174 0.5282 0.1328
-13.3892 34.6879 7.1465 -0.9999 0.0035 0.0155 0.5053 0.3608
12.3560 74.1146 -24.1475 0.2936 0.0007 -0.9559 0.2244 0.2002
13.7329 -113.5084 -22.8235 0.9181 -0.0124 -0.3960 0.2419 0.9461
13.7329 -113.5084 -22.8235 0.8278 -0.0038 -0.5610 0.2299 0.9502
-12.1964 39.6887 -22.9745 -0.9116 -0.0131 -0.4109 0.6349 0.2717
-12.1964 39.6887 -22.9745 -0.7198 -0.0082 -0.6941 0.1262 0.3378
13.4174 85.7409 -12.8979 0.9993 -0.0076 0.0376 0.2815 0.1497
-13.0099 57.4099 15.0491 -0.9989 0.0023 0.0461 0.4737 0.2699
0.5214 -34.3862 -24.1751 -0.0457 -0.0016 -0.9990 0.1771 0.6339
13.0075 83.4672 -23.7362 0.6252 -0.0002 -0.7805 0.2270 0.1628
-1.7192 -7.8768 24.3527 0.0439 -0.0102 0.9990 0.0652 0.5313
-13.3500 66.4149 -2.6661 -0.9999 0.0071 0.0107 0.5445 0.2339
-9.2455 112.1863 -24.5728 -0.0430 0.0195 -0.9989 0.1380 0.0480
13.5244 24.6437 -23.4085 0.8983 0.0081 -0.4393 0.2395 0.3939
13.5244 24.6437 -23.4085 0.7710 -0.0047 -0.6368 0.2291 0.3979
-13.0117 107.2191 -22.6151 -0.9426 0.0093 -0.3338 0.6242 0.0708
-4.9528 -14.5068 -23.9498 -0.0650 -0.0025 -0.9979 0.1552 0.5544
-10.6402 -110.9954 24.3812 0.0560 -0.0256 0.9981 0.1009 0.9435
-13.3739 -71.8180 -20.6269 -0.9929 -0.0047 -0.1190 0.6163 0.7865
-11.9345 -77.3426 -23.2716 -0.1624 0.0057 -0.9867 0.1273 0.8056
4.9303 -90.6857 -24.1093 0.0005 0.0019 -1.0000 0.1947 0.8589
-14.1735 -107.6463 10.3825 -0.9997 0.0102 0.0204 0.4923 0.9297
-12.8021 73.7576 19.1455 -0.9987 -0.0087 0.0497 0.4573 0.2046
-13.6300 -80.2650 -17.4215 -0.9992 -0.0045 -0.0387 0.6035 0.8203
-4.6104 121.8481 -23.2216 -0.0192 0.7687 -0.6393 0.8933 0.2273
-8.9630 124.4499 24.1558 0.0429 0.8363 0.5466 0.7391 0.1928
-9.1551 121.9335 -22.8617 -0.0847 0.4535 -0.8872 0.1384 0.0090
-9.1551 121.9335 -22.8617 -0.0725 0.7692 -0.6349 0.8947 0.2091
10.4463 -102.4813 23.3301 -0.0326 0.0686 0.9971 0.0166 0.9095
12.8833 73.4305 24.1268 0.4829 0.0058 0.8757 0.0068 0.2063
-7.0792 123.2052 -23.1170 -0.0541 0.0807 -0.9953 0.1467 0.0039
-12.0807 32.7331 24.6099 -0.2786 0.0041 0.9604 0.1066 0.3690
13.8669 -11.0580 -22.0904 0.9993 0.0010 -0.0376 0.2448 0.5366
13.9855 -112.1079 -22.1564 0.9964 -0.0215 -0.0822 0.2445 0.9405
13.4018 51.2081 -23.5122 0.6653 -0.0021 -0.7465 0.2286 0.2917
-4.9633 31.2722 24.3329 -0.0270 -0.1177 0.9927 0.0782 0.3748
7.6840 -70.1709 -24.1646 0.0769 -0.0031 -0.9970 0.2057 0.7769
13.9282 8.4074 22.8679 0.6862 0.0106 0.7273 0.0027 0.4662
13.9282 8.4074 22.8679 0.9190 0.0034 0.3943 0.4245 0.4588
-13.7263 -13.9666 -3.5480 -0.9999 0.0001 0.0140 0.5480 0.5552
-13.8870 -104.0719 -14.8374 -0.9995 0.0013 -0.0313 0.5932 0.9154
-8.7623 -122.0418 22.4587 -0.0115 0.6462 0.7631 0.0934 0.9877
-11.1611 -67.2205 -23.5047 -0.2095 0.0102 -0.9778 0.1304 0.7651
13.3466 62.2459 23.7088 0.5700 -0.0127 0.8215 0.0050 0.2510
13.3466 62.2459 23.7088 0.9047 -0.0005 0.4261 0.4279 0.2436
13.5649 65.6540 -23.3012 0.9310 0.0031 -0.3650 0.2400 0.2299
13.5649 65.6540 -23.3012 0.7153 0.0113 -0.6987 0.2292 0.2340
13.2136 84.1942 -5.3075 0.9998 -0.0101 0.0182 0.3119 0.1558
-6.5541 -78.8131 -23.8138 -0.0499 -0.0098 -0.9987 0.1488 0.8115
13.1751 78.5127 -5.4021 0.9996 -0.0065 0.0281 0.3115 0.1785
3.8016 -122.8856 11.4641 0.1295 -0.9914 0.0205 0.9329 0.1404
11.2781 38.9360 23.6994 0.0482 -0.0210 0.9986 0.0133 0.3442
-2.6560 -120.8473 -22.3457 -0.0244 0.3415 -0.9396 0.1644 0.9795
-6.1887 -118.7236 23.7229 0.0058 -0.4911 0.8711 0.0831 0.9744
-6.1887 -118.7236 23.7229 0.0105 -0.5595 0.8287 0.7918 0.1909
-13.4844 30.2529 -15.7416 -1.0000 -0.0035 -0.0048 0.5968 0.3785
-13.0031 97.7681 -22.6251 -0.9718 -0.0247 -0.2344 0.6243 0.1086
-13.0031 97.7681 -22.6251 -0.8319 -0.0187 -0.5546 0.1230 0.1056
-13.0945 -17.5359 -22.2607 -0.6396 0.0043 -0.7687 0.1227 0.5665
0.8908 -120.7812 -22.4015 -0.0259 0.4380 -0.8986 0.1786 0.9792
-11.7912 65.3279 -23.2670 -0.9520 -0.0061 -0.3061 0.6361 0.1692
-11.7912 65.3279 -23.2670 -0.8189 0.0115 -0.5739 0.1279 0.2353
-12.9944 -14.8684 24.0010 -0.9958 0.0120 0.0911 0.4379 0.5589
-12.9944 -14.8684 24.0010 -0.8413 -0.0073 0.5406 0.1103 0.5592
-12.9944 -14.8684 24.0010 -0.8776 0.0261 0.4787 0.7669 0.2010
-8.3403 -124.1496 12.0985 0.0732 -0.9970 -0.0259 0.8844 0.1430
-12.3971 -41.5152 -22.7229 -0.3190 0.0300 -0.9473 0.1254 0.6624
13.6167 9.6029 -8.5093 0.9998 0.0186 0.0105 0.2991 0.4540
13.5414 54.8163 23.3618 0.7519 -0.0064 0.6593 0.0042 0.2807
13.5414 54.8163 23.3618 0.9653 0.0104 0.2608 0.4265 0.2733
-3.5852 -122.4847 -22.9749 0.0235 -0.2288 -0.9732 0.1607 0.9861
-3.5852 -122.4847 -22.9749 0.0075 -0.7396 -0.6730 0.9034 0.0027
-13.5855 -18.0135 -21.2492 -0.9900 -0.0034 -0.1411 0.6188 0.5714
-13.0842 -37.1956 24.3298 -0.9825 0.0360 0.1828 0.4366 0.6481
-13.0842 -37.1956 24.3298 -0.7023 -0.0086 0.7118 0.1107 0.6485
13.4735 -104.7565 -11.8056 0.9989 -0.0280 0.0387 0.2859 0.9111
-14.2185 -99.8935 6.0467 -0.9999 0.0112 0.0060 0.5097 0.8987
-12.5332 16.3412 24.2149 -0.7219 -0.0003 0.6920 0.1084 0.4345
-11.8670 -123.6633 22.8597 -0.6288 0.0001 0.7775 0.1058 0.9941
-11.8670 -123.6633 22.8597 -0.9644 -0.0853 0.2502 0.9594 0.1923
-2.4349 -10.1484 -24.1185 -0.0530 -0.0037 -0.9986 0.1653 0.5370
-13.8875 -110.6606 20.6772 -0.9985 0.0045 0.0539 0.4512 0.9418
-6.4116 123.0344 -23.1269 -0.0496 -0.2254 -0.9730 0.1494 0.0046
-11.6079 -22.7960 -22.9385 -0.6040 0.0286 -0.7964 0.1286 0.5876
-13.6101 12.8359 -15.3564 -0.9998 0.0173 -0.0131 0.5952 0.4481
11.5606 -121.0147 21.1829 0.2411 -0.9684 0.0632 0.9639 0.1793
13.7801 -96.5628 16.1039 0.9998 -0.0167 0.0086 0.3975 0.8784
6.4613 -120.2211 22.4629 -0.0680 -0.5403 0.8388 0.8423 0.1858
-11.8694 17.8896 24.5260 -0.1754 -0.0085 0.9845 0.1058 0.4283
12.9691 -107.5725 23.8419 0.0881 -0.0562 0.9945 0.0065 0.9298
12.6908 94.4952 24.3086 0.3019 0.0039 0.9533 0.0076 0.1221
14.1114 -54.5794 -6.7526 0.9999 0.0061 0.0150 0.3061 0.7106
-12.9735 69.0413 14.1981 -0.9989 -0.0064 0.0454 0.4771 0.2234
-12.2615 80.1634 -22.8908 -0.3153 0.0027 -0.9490 0.1260 0.1760
1.0500 -96.2656 23.9161 0.1109 0.0546 0.9923 0.0542 0.8846
-12.5432 73.5055 -22.6823 -0.5695 0.0066 -0.8220 0.1249 0.2026
-1.0125 124.0340 -13.0436 0.0414 0.9989 -0.0199 0.7073 0.0441
-13.8142 -109.6803 -17.2927 -0.9991 -0.0193 -0.0388 0.6030 0.9379
-13.0084 -76.1389 -22.9535 -0.9833 0.1152 -0.1410 0.6256 0.8038
-13.0084 -76.1389 -22.9535 -0.3430 0.1829 -0.9214 0.1230 0.8008
13.7000 -43.9542 -23.1338 0.8914 -0.0107 -0.4531 0.2406 0.6681
13.7000 -43.9542 -23.1338 0.7429 0.0077 -0.6694 0.2298 0.6721
13.8182 58.2951 -22.6367 0.9899 -0.0008 -0.1416 0.2426 0.2594
14.1175 6.2798 15.7368 0.9998 -0.0095 -0.0161 0.3960 0.4673
13.5620 -102.9358 6.5489 0.9994 -0.0299 -0.0200 0.3593 0.9039
13.5859 102.6769 -21.8484 0.9955 0.0021 -0.0951 0.2458 0.0820
13.5663 14.9898 2.7654 0.9993 0.0110 -0.0368 0.3442 0.4325
-11.6936 49.1146 24.6215 -0.0051 0.0045 1.0000 0.1051 0.3035
-12.5511 -63.4303 -22.9747 -0.3797 -0.0140 -0.9250 0.1248 0.7500
-13.3770 110.2729 1.1537 -0.9967 0.0753 0.0319 0.5292 0.0586
14.0909 -75.4100 -7.0022 1.0000 -0.0073 -0.0005 0.3051 0.7938
13.6543 -100.7460 20.7438 0.9996 -0.0107 0.0244 0.4160 0.8951
13.5050 -66.6014 23.2708 0.9532 0.0056 0.3024 0.4261 0.7586
-3.4266 122.4902 -23.0951 -0.0420 -0.2096 -0.9769 0.1613 0.0068
-11.4375 82.2384 -23.7959 -0.9479 -0.0012 -0.3185 0.6382 0.1016
-2.6474 -119.9138 20.9302 -0.0521 -0.9010 0.4306 0.8059 0.1797
-2.6474 -119.9138 20.9302 -0.1133 -0.3479 0.9307 0.0689 0.9791
-13.6547 -59.5944 -15.7011 -0.9996 -0.0191 -0.0204 0.5966 0.7376
13.5738 -104.0015 8.7118 0.9995 -0.0219 -0.0214 0.3679 0.9081
-11.0045 -122.4302 -23.1351 0.0720 -0.1857 -0.9800 0.1310 0.9858
-11.0045 -122.4302 -23.1351 0.0075 -0.6024 -0.7982 0.8737 0.0021
9.4205 18.7082 23.4539 0.0828 -0.0234 0.9963 0.0207 0.4250
-0.7593 59.6421 24.6509 0.0273 -0.0085 0.9996 0.0614 0.2614
-6.9852 -101.0456 24.4017 0.0750 -0.0821 0.9938 0.0863 0.9037
-13.7857 -118.6223 23.4653 -0.9795 -0.1845 0.0809 0.4400 0.9736
-13.7857 -118.6223 23.4653 -0.8352 0.0291 0.5491 0.1135 0.9740
-9.5605 102.0507 -24.5943 -0.0813 0.0028 -0.9967 0.1368 0.0885
13.8607 22.3590 -18.9761 0.9998 -0.0071 0.0181 0.2573 0.4030
13.9525 25.0132 22.7591 0.9360 -0.0034 0.3519 0.4241 0.3924
-13.6029 -119.0348 20.5685 -0.9280 -0.3707 -0.0366 0.4516 0.9752
-13.6029 -119.0348 20.5685 -0.0089 -0.9978 -0.0664 0.7621 0.1783
13.2125 -58.9448 23.6931 0.6558 -0.0080 0.7549 0.0055 0.7354
13.2125 -58.9448 23.6931 0.8784 0.0048 0.4780 0.4278 0.7280
13.9397 -88.3507 -22.4626 0.9816 0.0040 -0.1907 0.2433 0.8456
13.4920 102.4902 23.9326 0.6427 -0.0047 0.7661 0.0044 0.0901
13.4920 102.4902 23.9326 0.9096 -0.0124 0.4153 0.4288 0.0827
-13.5050 -75.4660 23.7107 -0.9887 0.0144 0.1490 0.4391 0.8011
13.2155 117.6359 -23.1087 0.9067 -0.0016 -0.4218 0.2407 0.0222
13.6391 95.2686 9.1546 0.9976 -0.0684 -0.0065 0.3697 0.1116
14.0294 -81.4750 5.8018 1.0000 -0.0058 -0.0027 0.3563 0.8181
-13.3190 -56.8460 24.2913 -0.9798 0.0251 0.1984 0.4367 0.7267
-13.3190 -56.8460 24.2913 -0.8319 0.0226 0.5544 0.1116 0.7270
-8.9112 57.5734 -24.2631 -0.0651 -0.0080 -0.9978 0.1394 0.2663
13.0882 -40.8879 23.6842 0.3096 0.3680 0.8768 0.0060 0.6633
13.0882 -40.8879 23.6842 0.9088 0.1771 0.3777 0.4278 0.6558
14.0715 -83.6107 -18.3182 0.9999 -0.0080 -0.0081 0.2599 0.8266
-13.2323 4.8039 -22.1008 -0.9224 -0.0221 -0.3855 0.6222 0.4802
-13.2323 4.8039 -22.1008 -0.5868 -0.0013 -0.8097 0.1221 0.4772
-13.7146 -88.4274 -16.9318 -0.9994 0.0119 -0.0320 0.6015 0.8529
-11.6719 121.3468 -22.2889 -0.0656 0.9220 -0.3817 0.8970 0.1991
-13.9408 -106.3973 -13.4301 -0.9996 0.0151 -0.0256 0.5875 0.9247
-13.3811 69.9535 -1.0882 -0.9999 -0.0099 0.0112 0.5382 0.2198
-13.8173 -41.9490 -14.8219 -0.9995 -0.0283 -0.0150 0.5931 0.6671
-13.6141 6.9411 -4.9621 -0.9998 0.0136 0.0122 0.5537 0.4717
10.9917 -121.8894 -6.3809 0.2803 -0.9599 0.0011 0.9616 0.0691
-13.2854 -32.3670 -22.1382 -0.7815 -0.0002 -0.6239 0.1219 0.6258
-2.0685 3.6846 24.2817 0.0956 0.0278 0.9950 0.0666 0.4851
14.0114 -32.4780 0.0909 0.9999 -0.0065 0.0101 0.3335 0.6222
-11.8814 48.0790 -23.6617 -0.9633 0.0002 -0.2685 0.6377 0.2381
-11.8814 48.0790 -23.6617 -0.8159 0.0143 -0.5780 0.1275 0.3042
13.1800 -94.3301 23.6574 0.5342 0.0174 0.8452 0.0057 0.8769
-10.8930 77.6955 -24.3219 -0.3035 0.0054 -0.9528 0.1315 0.1859
-11.1296 -80.6259 -23.4651 -0.1742 -0.0029 -0.9847 0.1305 0.8187
-12.0479 47.8247 -23.0647 -0.9589 0.0091 -0.2837 0.6353 0.2392
-12.0479 47.8247 -23.0647 -0.8195 -0.0010 -0.5730 0.1268 0.3053
4.1734 -122.4963 -22.2110 0.0814 -0.9794 -0.1846 0.9344 0.0058
12.8499 122.8443 5.5899 0.3023 0.9532 -0.0022 0.6519 0.1186
13.4399 -93.9943 23.3593 0.7376 0.0154 0.6751 0.0046 0.8755
13.4399 -93.9943 23.3593 0.9653 0.0182 0.2604 0.4265 0.8681
3.8715 10.0903 -24.5614 -0.0262 -0.0115 -0.9996 0.1905 0.4561
8.3129 -122.0761 12.7105 0.1788 -0.9832 0.0361 0.9509 0.1454
13.0834 79.9911 2.0375 0.9997 -0.0025 -0.0230 0.3413 0.1726
-12.8439 94.9207 23.9656 -0.9146 -0.0386 0.4026 0.4380 0.1200
-12.8439 94.9207 23.9656 -0.7763 -0.0401 0.6291 0.1097 0.1204
-2.6060 -123.6942 16.3939 0.1234 -0.9923 -0.0075 0.9073 0.1601
10.2644 -24.0727 23.4657 0.0656 0.0209 0.9976 0.0173 0.5960
14.1076 112.0391 12.9924 1.0000 -0.0032 0.0042 0.3850 0.0445
4.4162 -122.8152 -1.2318 0.1017 -0.9948 0.0108 0.9354 0.0897
13.1014 77.6660 24.0307 0.6336 -0.0013 0.7737 0.0060 0.1893
1.1157 -120.3181 -22.3784 -0.0204 -0.1564 -0.9875 0.1795 0.9774
1.1157 -120.3181 -22.3784 -0.0175 -0.6300 -0.7764 0.8210 0.0066
13.1984 98.3166 -23.4004 0.8760 0.0149 -0.4820 0.2396 0.0994
13.1984 98.3166 -23.4004 0.8299 0.0156 -0.5577 0.2278 0.1034
-13.4810 22.8718 2.5132 -1.0000 -0.0002 0.0089 0.5238 0.4080
-13.4952 120.4094 -19.3683 -0.9856 0.1630 -0.0452 0.6113 0.0181
13.6744 -1.3432 -5.1599 0.9998 0.0053 0.0180 0.3125 0.4978
0.3128 -111.0765 23.8192 0.0421 -0.0129 0.9990 0.0571 0.9438
13.9423 -43.2465 -0.5469 0.9998 -0.0039 0.0193 0.3309 0.6653
13.6079 49.2511 -15.0580 0.9982 0.0031 0.0591 0.2729 0.2955
-2.3055 -122.8268 -22.4613 0.0816 -0.8895 -0.4496 0.9085 0.0048
-3.0866 -112.7139 24.1478 0.0712 -0.0227 0.9972 0.0707 0.9504
-12.0087 -74.0476 -23.2653 -0.1406 0.0069 -0.9900 0.1270 0.7924
-7.1678 -123.2388 -16.8962 -0.0071 -0.9952 -0.0974 0.8891 0.0270
-11.5543 -122.6946 -23.1014 -0.3170 -0.3389 -0.8858 0.1288 0.9869
-11.5543 -122.6946 -23.1014 -0.1972 -0.7905 -0.5798 0.8715 0.0022
-7.8668 -103.9118 -23.6716 -0.0398 0.0053 -0.9992 0.1436 0.9118
-1.1692 -100.1893 23.9343 0.1052 -0.0614 0.9926 0.0630 0.9003
12.7309 50.7471 -23.8798 0.3065 0.0081 -0.9518 0.2259 0.2936
-13.6027 -25.9364 9.9014 -0.9996 0.0074 0.0283 0.4943 0.6031
-13.6753 1.9624 -18.1567 -0.9997 0.0068 -0.0246 0.6064 0.4916
-13.7576 -70.1140 -9.9222 -0.9999 0.0064 -0.0136 0.5735 0.7797
-12.2278 121.9262 14.4375 -0.9330 0.3584 0.0326 0.4761 0.0120
-12.2278 121.9262 14.4375 -0.6220 0.7811 0.0539 0.8426 0.1999
-13.7813 -44.1682 -13.3629 -1.0000 0.0050 -0.0066 0.5873 0.6760
10.6078 -95.2863 23.2432 -0.0756 -0.0418 0.9963 0.0159 0.8807
-13.3736 104.3302 5.9744 -0.9998 0.0085 0.0167 0.5100 0.0824
-13.2341 -90.8425 -23.1293 -0.9706 -0.1109 -0.2136 0.6263 0.8626
-13.2341 -90.8425 -23.1293 -0.6016 -0.1361 -0.7871 0.1221 0.8596
9.9517 -121.7688 12.7564 0.1984 -0.9795 0.0352 0.9575 0.1456
1.9844 -11.7535 24.2106 0.0528 -0.0420 0.9977 0.0504 0.5468
-13.4016 70.9008 -10.2901 -1.0000 -0.0076 -0.0065 0.5750 0.2160
-11.5712 121.9730 23.4538 0.2567 0.9627 0.0851 0.8787 0.2025
-3.1477 16.3095 -24.3593 -0.0397 -0.0324 -0.9987 0.1624 0.4312
2.2963 -15.8555 24.2235 0.0987 0.0623 0.9932 0.0492 0.5632
13.2271 -13.7648 23.3864 0.0950 0.0219 0.9952 0.0055 0.5548
-12.8927 -21.5831 -22.4161 -0.4389 0.0149 -0.8984 0.1235 0.5827
-4.5686 24.7773 -24.3700 -0.0649 -0.0004 -0.9979 0.1567 0.3974
0.1578 122.3932 -23.1511 -0.0221 -0.1897 -0.9816 0.1756 0.0072
-11.3078 63.3062 -24.0865 -0.4250 -0.0066 -0.9052 0.1298 0.2434
-13.7970 -118.8047 -7.5756 -0.9822 -0.1879 -0.0047 0.5641 0.9743
-11.6261 -120.0301 21.5405 0.5098 0.4660 0.7231 0.1048 0.9796
13.2521 2.1422 -23.6072 0.5989 0.0036 -0.8008 0.2280 0.4879
-13.1196 98.6702 18.5341 -0.9689 0.2475 -0.0012 0.4598 0.1050
-13.1721 59.5914 11.9898 -0.9990 -0.0038 0.0446 0.4859 0.2612
-11.4348 89.3977 -23.8868 -0.9317 -0.0045 -0.3632 0.6386 0.0730
-1.1802 124.1319 20.2392 0.0693 0.9969 0.0368 0.7080 0.1772
-13.4144 -84.2790 -20.9125 -0.9937 0.0097 -0.1114 0.6174 0.8363
-10.9821 -46.6021 -23.4665 -0.2184 0.0032 -0.9758 0.1311 0.6827
-3.4509 -5.2882 24.5116 0.0737 -0.0015 0.9973 0.0721 0.5209
-13.7229 -64.8996 -13.2351 -0.9999 -0.0032 -0.0166 0.5868 0.7588
-13.8369 -58.1886 5.3915 -0.9999 0.0079 0.0071 0.5123 0.7320
13.9146 33.2148 22.6926 0.9757 0.0110 0.2187 0.4238 0.3596
-11.8063 -32.4325 24.5584 0.0136 -0.0043 0.9999 0.1055 0.6295
-12.4327 123.7662 -15.6942 -0.8916 0.4529 0.0030 0.5966 0.0047
9.3152 13.4824 23.2273 0.0753 0.0314 0.9967 0.0211 0.4459
13.6824 -101.4808 15.9464 0.9998 -0.0181 0.0022 0.3969 0.8981
13.3531 12.9650 -23.5516 0.6150 -0.0033 -0.7885 0.2284 0.4446
-0.2633 122.1481 -23.1282 -0.0270 0.1371 -0.9902 0.1740 0.0082
-7.6048 123.4589 -23.0076 -0.0349 0.1896 -0.9812 0.1446 0.0029
13.6793 70.5061 -19.0471 0.9998 0.0044 0.0207 0.2570 0.2106
13.8431 -94.8014 10.2402 0.9996 -0.0244 -0.0123 0.3740 0.8714
6.7775 24.7235 23.5847 0.0584 0.0200 0.9981 0.0313 0.4010
-4.7537 124.3186 -5.8550 0.0495 0.9988 -0.0060 0.7223 0.0729
-13.0375 -50.6821 24.5062 -0.5410 0.0294 0.8405 0.1105 0.7024
7.2115 122.6344 -23.4636 0.0151 0.5109 -0.8595 0.6745 0.0025
7.2115 122.6344 -23.4636 -0.0320 0.0868 -0.9957 0.2038 0.0062
-12.7571 -118.9837 18.1682 -0.1296 -0.9909 -0.0351 0.7655 0.1687
-13.2944 91.4196 -18.3215 -0.9985 0.0024 -0.0546 0.6071 0.1340
-12.9736 -100.9284 24.4348 -0.3304 0.0052 0.9438 0.1102 0.9033
9.0646 122.2417 -23.5695 -0.0342 0.1219 -0.9920 0.2112 0.0078
12.8572 103.8130 24.2971 0.2702 -0.0004 0.9628 0.0070 0.0848
-12.7203 -75.5130 -23.0427 -0.7492 -0.3025 -0.5893 0.1242 0.7983
5.8592 -122.6594 -4.5764 0.1261 -0.9920 -0.0023 0.9411 0.0763
7.9034 -107.5991 -23.8363 0.0834 -0.0195 -0.9963 0.2066 0.9266
-12.8039 43.5139 -22.4334 -0.7206 -0.0123 -0.6933 0.1238 0.3225
-13.4645 13.8196 5.2565 -0.9999 0.0004 0.0106 0.5128 0.4442
12.7212 -120.5357 22.1203 0.1664 -0.8212 0.5459 0.9686 0.1830
-12.9669 -11.3134 23.7657 -0.9936 0.0022 0.1132 0.4388 0.5446
-11.9037 19.1805 -23.3718 -0.7250 -0.0267 -0.6883 0.1274 0.4198
-9.6770 -90.5921 24.4451 0.0473 0.0137 0.9988 0.0970 0.8619
-9.5164 -107.9918 24.4143 0.0821 0.0149 0.9965 0.0964 0.9315
13.4910 -103.3517 23.4180 0.7719 0.0004 0.6358 0.0044 0.9129
13.4910 -103.3517 23.4180 0.9747 0.0009 0.2234 0.4267 0.9055
-12.5538 123.5602 -20.1287 -0.8541 0.5200 -0.0124 0.7535 0.0158
-12.5538 123.5602 -20.1287 -0.9999 0.0096 0.0118 0.6143 0.0055
12.7180 -81.0891 23.7829 -0.2713 -0.0117 0.9624 0.0075 0.8240
13.9233 -25.9012 17.9174 0.9994 -0.0162 0.0298 0.4047 0.5959
13.9580 -49.9650 -22.3007 0.9893 0.0127 -0.1453 0.2440 0.6921
-13.5577 6.1407 -0.5594 -0.9998 0.0131 0.0140 0.5361 0.4749
-12.7169 98.1795 -23.0592 -0.7432 -0.0133 -0.6690 0.1242 0.1040
-13.0872 94.0836 18.3164 -0.9987 -0.0398 0.0317 0.4606 0.1233
-13.0143 -108.3961 24.3797 -0.4393 0.0030 0.8983 0.1104 0.9331
12.8284 -120.9593 -19.5490 0.7054 -0.7088 0.0102 0.9690 0.0164
12.8284 -120.9593 -19.5490 0.9858 -0.1384 0.0950 0.2550 0.9759
-12.9705 -73.3078 -23.1913 -0.9431 0.0826 -0.3221 0.6266 0.7925
-12.9705 -73.3078 -23.1913 -0.0739 0.1028 -0.9920 0.1232 0.7895
-13.0992 42.8288 -22.0165 -0.9615 -0.0058 -0.2749 0.6219 0.3282
-13.0992 42.8288 -22.0165 -0.7881 -0.0113 -0.6154 0.1226 0.3252
-11.6558 -123.8028 -1.7242 -0.3395 -0.9402 -0.0268 0.8711 0.0877
9.3417 106.5436 24.5109 0.0565 -0.0051 0.9984 0.0210 0.0739
-13.9627 -101.2314 -12.1958 -0.9995 0.0048 -0.0319 0.5826 0.9041
-13.1182 77.6230 11.1477 -0.9994 -0.0042 0.0350 0.4893 0.1891
-4.3878 -123.3165 -9.5654 0.0368 -0.9988 -0.0326 0.9002 0.0564
-13.4053 56.3702 -13.8533 -0.9999 0.0068 -0.0075 0.5892 0.2741
10.1090 115.7852 24.4465 0.0563 0.0038 0.9984 0.0179 0.0370
13.8263 52.4646 -20.3111 0.9999 0.0054 0.0147 0.2519 0.2827
-12.3368 45.3869 24.2967 -0.8841 0.0105 0.4671 0.4367 0.3180
-12.3368 45.3869 24.2967 -0.6837 -0.0084 0.7297 0.1077 0.3184
-12.6978 -119.0884 20.8720 -0.4015 -0.9144 0.0510 0.7657 0.1795
-12.6714 104.1864 21.7954 -0.9998 0.0004 -0.0218 0.4467 0.0829
-13.5305 30.6420 -8.8828 -1.0000 0.0069 -0.0012 0.5694 0.3769
-11.9678 -122.3714 -22.8140 -0.9623 -0.0683 -0.2633 0.9646 0.3749
-11.9678 -122.3714 -22.8140 -0.7282 -0.4284 -0.5350 0.1272 0.9856
12.6812 108.3484 -24.0150 0.5737 -0.0001 -0.8191 0.2257 0.0633
13.5779 -5.7428 23.0810 0.7825 0.0262 0.6221 0.0041 0.5228
13.0737 -56.6839 23.8008 0.5295 -0.0231 0.8480 0.0061 0.7264
-6.0589 19.5346 24.6126 0.0291 0.0785 0.9965 0.0826 0.4217
-5.0963 -84.4116 24.3672 0.0242 0.0185 0.9995 0.0787 0.8372
8.1940 -82.1374 23.5583 0.0801 -0.0094 0.9967 0.0256 0.8281
-9.5321 -100.5005 -23.5955 -0.0426 0.0029 -0.9991 0.1369 0.8982
9.8901 -120.2202 22.6736 -0.0211 -0.2792 0.9600 0.0188 0.9804
14.0982 -71.9594 2.7226 1.0000 -0.0030 -0.0004 0.3440 0.7800
-11.8130 44.9643 -23.8041 -0.8740 -0.0103 -0.4857 0.6383 0.2506
-11.8130 44.9643 -23.8041 -0.4629 0.0132 -0.8863 0.1278 0.3167
-12.9259 -57.0424 -22.7260 -0.8669 -0.0127 -0.4983 0.6247 0.7274
-12.9259 -57.0424 -22.7260 -0.3714 0.0093 -0.9284 0.1233 0.7245
13.4403 19.1237 -1.6736 1.0000 0.0071 0.0056 0.3264 0.4159
-2.6238 -122.7289 23.1739 0.0409 -0.1176 0.9922 0.0688 0.9904
-13.5843 -50.2919 -18.9992 -0.9978 -0.0061 -0.0659 0.6098 0.7005
13.9024 115.9796 -2.5366 0.9995 0.0278 -0.0137 0.3230 0.0288
13.2405 77.9950 5.3657 0.9988 0.0022 -0.0481 0.3546 0.1806
-13.5927 24.6815 -9.6920 -1.0000 0.0046 0.0042 0.5726 0.4008
13.3257 22.2241 -23.5710 0.7034 -0.0024 -0.7108 0.2283 0.4076
3.8294 -122.6628 18.1227 0.1676 -0.9842 0.0565 0.9330 0.1670
4.9135 -122.6628 13.4863 0.1676 -0.9855 0.0275 0.9374 0.1485
-12.5686 120.6004 24.2458 -0.8782 -0.0409 0.4766 0.4369 0.0173
-12.5686 120.6004 24.2458 -0.5774 -0.0326 0.8158 0.1086 0.0177
-8.5753 -123.9075 5.4145 0.0342 -0.9992 -0.0227 0.8834 0.1162
-3.5076 121.8919 -23.1985 -0.0155 0.4740 -0.8804 0.1610 0.0092
-3.5076 121.8919 -23.1985 -0.0300 0.6804 -0.7323 0.8934 0.2317
4.3514 -24.8953 24.0437 0.0643 -0.0278 0.9975 0.0410 0.5993
9.5880 92.6310 24.4187 0.0450 0.0086 0.9990 0.0200 0.1295
1.6032 -106.2179 -24.0114 -0.0132 -0.0104 -0.9999 0.1814 0.9210
-12.7476 -33.0661 24.6028 -0.1729 0.0058 0.9849 0.1093 0.6320
14.0757 -76.0642 -9.5813 1.0000 -0.0056 -0.0001 0.2948 0.7965
-9.0032 -80.2120 24.5434 -0.0160 -0.0224 0.9996 0.0943 0.8204
8.1126 123.3233 -13.9857 0.0947 0.9955 -0.0095 0.6708 0.0404
-13.2718 -65.8394 -21.4537 -0.9888 -0.0057 -0.1490 0.6196 0.7626
-8.8981 -123.7208 -3.6576 0.0696 -0.9975 -0.0114 0.8821 0.0800
-12.9894 -58.5186 24.6216 -0.0955 0.0038 0.9954 0.1103 0.7337
-12.2524 113.3233 6.0816 -0.3507 0.7054 -0.6160 0.8156 0.2496
-12.2524 113.3233 6.0816 -0.8892 0.3433 -0.3025 0.5095 0.0464
-12.2473 55.2781 24.3620 -0.8807 0.0113 0.4736 0.4365 0.2785
-12.2473 55.2781 24.3620 -0.8356 0.0238 0.5488 0.1073 0.2788
13.4489 -42.7767 20.0627 0.9987 -0.0223 0.0453 0.4133 0.6634
13.5220 -101.0447 3.0025 0.9993 -0.0328 -0.0188 0.3451 0.8963
-2.2331 21.0755 -24.5008 -0.0458 -0.0105 -0.9989 0.1661 0.4122
-1.7383 80.4055 24.7726 0.0085 -0.0007 1.0000 0.0653 0.1784
4.2453 15.4597 23.6609 0.0755 -0.0672 0.9949 0.0414 0.4380
5.7336 -45.8226 23.8654 0.0767 0.0373 0.9964 0.0354 0.6830
-12.4904 -119.4850 -17.5729 -0.2879 -0.9576 0.0078 0.7666 0.0258
13.9624 -57.4223 -22.0826 0.9905 0.0351 -0.1329 0.2448 0.7219
12.9350 48.6349 23.8237 0.2728 -0.0227 0.9618 0.0066 0.3054
-7.6103 10.7881 24.6219 -0.0498 0.0035 0.9988 0.0888 0.4567
12.6562 -51.2481 23.9250 -0.1843 -0.0216 0.9826 0.0078 0.7047
-11.8921 39.1655 -23.6549 -0.9146 -0.0062 -0.4043 0.6377 0.2738
-11.8921 39.1655 -23.6549 -0.5581 -0.0277 -0.8293 0.1275 0.3399
-13.8149 -58.4041 -2.2390 -0.9999 0.0059 -0.0145 0.5428 0.7329
1.8797 -122.7405 -19.0875 0.0788 -0.9965 -0.0280 0.9252 0.0183
13.6066 -26.7956 -23.2407 0.8672 0.0009 -0.4979 0.2402 0.5995
13.6066 -26.7956 -23.2407 0.7605 0.0090 -0.6493 0.2294 0.6035
8.1571 -122.3010 0.7082 0.1488 -0.9888 0.0121 0.9503 0.0974
-4.6114 -120.9902 21.3226 -0.0233 0.7457 0.6659 0.0768 0.9835
-6.5861 -123.9191 7.1484 0.0383 -0.9990 -0.0219 0.8914 0.1232
-12.7931 54.2995 -22.4215 -0.7224 0.0047 -0.6914 0.1239 0.2794
-13.2656 -117.2407 -21.9514 -0.9806 -0.1227 -0.1530 0.6216 0.9681
-11.9181 -1.6545 -22.7455 -0.5167 -0.0148 -0.8561 0.1274 0.5031
13.7645 -100.8889 -22.7153 0.7958 0.0166 -0.6053 0.2300 0.8997
1.9202 122.7593 -23.2440 0.0158 0.0985 -0.9950 0.1827 0.0057
-12.8395 104.7238 23.2908 -0.9999 0.0053 -0.0103 0.4407 0.0808
12.4227 -45.0128 23.9416 -0.3671 0.0181 0.9300 0.0087 0.6797
0.1783 124.0508 21.3913 0.0579 0.9976 0.0371 0.7026 0.1818
-7.9577 6.0997 24.6008 0.0041 0.0690 0.9976 0.0902 0.4754
2.6235 -122.9079 -10.4805 0.0779 -0.9970 0.0036 0.9282 0.0527
-11.1953 -85.7422 -23.4407 -0.1340 0.0226 -0.9907 0.1303 0.8392
-13.3810 79.3369 -1.5280 -0.9999 0.0093 0.0055 0.5400 0.1823
-4.6708 -8.5729 24.5441 0.0120 -0.0477 0.9988 0.0770 0.5341
13.6150 94.9674 15.3392 0.9958 -0.0913 0.0063 0.3944 0.1128
-6.1603 -1.3768 24.6794 0.0332 0.0152 0.9993 0.0830 0.5053
-0.2351 82.7979 -24.8101 -0.0220 -0.0065 -0.9997 0.1741 0.1655
-13.7156 3.4277 -13.6437 -1.0000 0.0027 -0.0041 0.5884 0.4857
-13.5964 -19.0576 -21.1828 -0.9901 0.0059 -0.1405 0.6185 0.5756
-12.9883 -77.6664 24.4108 -0.2455 0.0052 0.9694 0.1103 0.8103
-11.0001 88.8019 -24.4047 -0.2498 -0.0104 -0.9682 0.1310 0.1415
13.4934 -86.9329 23.2135 0.7414 0.0149 0.6709 0.0044 0.8473
13.4934 -86.9329 23.2135 0.9933 0.0021 0.1156 0.4259 0.8399
-1.1407 -123.3508 -0.1658 0.0733 -0.9964 0.0419 0.9132 0.0939
-4.9312 124.5916 14.9331 0.0594 0.9982 0.0120 0.7230 0.1560
-12.9629 113.3001 6.4502 -0.8042 0.4467 -0.3922 0.5081 0.0465
-12.9629 113.3001 6.4502 -0.5074 0.6648 -0.5482 0.8184 0.2511
-13.2240 -42.1382 24.1140 -0.9363 0.0019 0.3511 0.4375 0.6679
-13.2240 -42.1382 24.1140 -0.8588 -0.0062 0.5123 0.1112 0.6682
-13.6807 6.6405 -10.2024 -0.9999 0.0094 0.0114 0.5746 0.4729
-12.7036 58.8334 -22.4673 -0.4936 -0.0424 -0.8686 0.1242 0.2613
-12.8668 118.7729 23.1672 -0.9991 0.0050 -0.0418 0.4412 0.0246
-12.9518 92.7487 23.2841 -0.9946 -0.0638 0.0814 0.4408 0.1287
-13.1258 -86.3805 -22.9993 -0.9925 -0.0365 -0.1168 0.6258 0.8447
-13.1258 -86.3805 -22.9993 -0.6689 0.0780 -0.7393 0.1225 0.8417
-13.1645 14.1846 15.5102 -0.9992 0.0028 0.0408 0.4718 0.4427
-9.6462 -124.4633 17.1528 0.1356 -0.9902 -0.0326 0.8792 0.1632
13.9004 121.7949 19.5515 0.9851 0.1715 0.0122 0.4113 0.0055
6.9915 91.9633 24.5389 0.0455 -0.0024 0.9990 0.0304 0.1322
12.6620 68.8619 -24.0405 0.3811 -0.0075 -0.9245 0.2256 0.2212
-12.0714 87.7825 24.5000 -0.1836 -0.0112 0.9829 0.1066 0.1489
14.0782 -80.6844 -14.0197 0.9999 -0.0091 0.0066 0.2771 0.8149
-4.1146 -123.6036 -0.1082 0.0018 -0.9994 -0.0352 0.9013 0.0942
13.8475 108.0531 -9.2763 0.9999 -0.0135 -0.0039 0.2960 0.0605
-13.6200 -36.8531 11.5498 -0.9995 0.0061 0.0297 0.4877 0.6467
-13.7577 -54.3839 -9.5614 -1.0000 0.0063 -0.0013 0.5721 0.7168
13.6731 -16.8383 22.9689 0.9545 -0.0117 0.2981 0.4249 0.5597
12.7981 -112.1997 23.7037 -0.2761 0.0243 0.9608 0.0072 0.9483
-13.2338 121.0365 -14.7214 -0.6753 0.7373 -0.0180 0.9273 0.1928
-4.6868 124.4710 19.2090 0.0620 0.9964 0.0585 0.7220 0.1731
11.4922 122.3280 -23.5329 0.0614 0.2283 -0.9717 0.2209 0.0074
11.4922 122.3280 -23.5329 0.0379 0.6605 -0.7498 0.6573 0.0022
1.7357 -19.2097 -24.2749 -0.0475 -0.0062 -0.9989 0.1819 0.5732
-12.3070 116.9020 8.8766 -0.8712 0.2227 -0.4375 0.4984 0.0321
-12.3070 116.9020 8.8766 -0.4703 0.3861 -0.7936 0.7917 0.2156
-12.9158 -30.8029 -22.4871 -0.4921 0.0145 -0.8704 0.1234 0.6196
6.6252 -77.2742 23.5218 0.0877 -0.0013 0.9961 0.0319 0.8087
-12.8796 -59.5663 24.5827 0.0159 -0.0359 0.9992 0.1098 0.7379
-1.3062 -122.9658 -17.3052 0.0023 -0.9989 -0.0468 0.9125 0.0254
-12.1940 8.4799 -22.7540 -0.6163 -0.0178 -0.7873 0.1263 0.4625
13.5677 80.6351 20.3527 0.9999 0.0027 0.0166 0.4145 0.1701
6.0311 -119.6558 22.9572 -0.0034 -0.6241 0.7813 0.8406 0.1878
-10.0013 -119.3017 21.4043 -0.0675 -0.9963 0.0541 0.7765 0.1816
-13.3445 -28.0428 17.9719 -0.9993 0.0108 0.0354 0.4620 0.6115
13.6586 44.1323 23.2373 0.6850 -0.0106 0.7285 0.0037 0.3234
13.6586 44.1323 23.2373 0.8938 0.0075 0.4484 0.4260 0.3160
-12.3238 39.1713 -22.8364 -0.7041 -0.0038 -0.7101 0.1257 0.3399
13.0694 -87.2803 23.7026 0.3917 0.0119 0.9200 0.0061 0.8487
-13.5002 87.0588 -6.1131 -1.0000 -0.0087 -0.0027 0.5583 0.1514
13.6202 72.3724 -17.6928 0.9992 0.0055 0.0401 0.2624 0.2031
13.5228 82.8128 23.1556 0.9907 -0.0067 0.1359 0.4257 0.1614
-13.3445 -54.1244 23.9648 -0.9612 0.0182 0.2752 0.4381 0.7158
13.6118 -113.2770 22.8584 0.9999 -0.0076 0.0154 0.4245 0.9452
13.9719 -107.4115 -22.0529 0.9987 0.0074 -0.0503 0.2450 0.9218
-10.1695 -119.5159 20.6496 0.1332 -0.8045 0.5788 0.7758 0.1786
-10.1695 -119.5159 20.6496 0.4196 -0.3181 0.8501 0.0990 0.9776
-6.4636 -112.0709 24.3159 0.1971 0.0170 0.9802 0.0842 0.9478
-13.7069 -113.7551 23.7578 -0.9787 -0.0143 0.2047 0.4389 0.9541
8.7845 81.8764 24.4388 0.0483 -0.0044 0.9988 0.0232 0.1725
-12.0680 31.2238 24.6202 -0.3776 0.0124 0.9259 0.1066 0.3750
1.1612 -121.6782 22.9035 -0.0183 0.5669 0.8235 0.0537 0.9862
7.3960 103.2808 -24.8230 0.0736 0.0015 -0.9973 0.2046 0.0836
-12.7111 -119.1150 21.7111 -0.0072 -0.9977 -0.0678 0.7657 0.1828
9.3687 -120.7138 22.5772 0.0465 -0.5228 0.8512 0.9552 0.1848
9.3687 -120.7138 22.5772 -0.0251 -0.1168 0.9928 0.0209 0.9823
-13.2412 -74.1372 -21.5797 -0.9871 0.0143 -0.1596 0.6201 0.7958
12.6307 -103.9225 23.8646 -0.2942 0.0104 0.9557 0.0079 0.9152
-0.7421 124.3272 10.1283 0.0379 0.9993 0.0059 0.7062 0.1368
13.3373 87.4240 -9.5609 0.9997 -0.0152 0.0195 0.2949 0.1429
3.2082 123.9538 10.8724 0.1023 0.9947 0.0030 0.6905 0.1397
-12.3830 111.8494 4.1294 -0.5292 0.7691 -0.3584 0.8161 0.2418
13.9811 116.8827 3.1701 0.9994 0.0277 -0.0199 0.3458 0.0252
-12.1520 -119.7412 -19.7155 -0.8720 -0.4886 -0.0311 0.7586 0.1977
-12.1520 -119.7412 -19.7155 -0.7225 -0.6914 -0.0076 0.7679 0.0172
13.5160 -70.0123 23.0947 0.9838 -0.0048 0.1790 0.4254 0.7723
-13.8987 -78.3942 12.4736 -0.9998 0.0082 0.0175 0.4840 0.8128
-11.9704 40.8158 -23.5401 -0.9186 0.0079 -0.3950 0.6372 0.2672
-11.9704 40.8158 -23.5401 -0.8198 0.0009 -0.5726 0.1272 0.3333
4.1776 -42.4930 24.0302 0.0921 0.0359 0.9951 0.0416 0.6697
-14.0682 -96.6189 -6.7021 -0.9998 0.0154 -0.0118 0.5606 0.8856
13.6290 -22.6680 23.0256 0.9634 -0.0032 0.2679 0.4252 0.5830
0.6948 -120.5657 -22.3344 -0.0245 0.0188 -0.9995 0.1778 0.9784
-11.5662 -84.7567 24.5912 -0.0064 0.0043 1.0000 0.1046 0.8386
-14.1011 -104.6925 -8.1375 -0.9998 -0.0089 -0.0200 0.5664 0.9179
13.6441 88.6388 -19.4489 1.0000 -0.0003 0.0090 0.2554 0.1381
-13.4961 37.3569 -12.3806 -1.0000 0.0042 -0.0085 0.5833 0.3501
-2.8536 124.4478 15.9230 0.0970 0.9951 0.0173 0.7147 0.1599
13.3721 -113.9066 23.5865 0.8191 -0.0050 0.5736 0.0049 0.9551
13.0553 76.8426 -0.6212 1.0000 -0.0027 0.0053 0.3306 0.1852
-13.4088 65.1970 -11.1679 -1.0000 -0.0006 -0.0063 0.5785 0.2388
-12.4347 57.2216 -22.6257 -0.5578 0.0249 -0.8296 0.1253 0.2677
-12.4802 -119.2472 -6.0548 -0.8748 -0.4844 0.0124 0.9770 0.3079
-12.4802 -119.2472 -6.0548 -0.8375 -0.5461 0.0179 0.7666 0.0718
13.0755 73.4615 -23.7803 0.5759 0.0036 -0.8175 0.2273 0.2028
-12.4326 -37.3595 24.5661 0.0870 -0.0070 0.9962 0.1080 0.6491
13.2625 108.1896 24.1589 0.5042 -0.0056 0.8636 0.0053 0.0673
13.7648 109.0416 -19.2016 0.9992 -0.0010 -0.0411 0.2564 0.0565
-6.8460 -84.3741 24.3774 0.0162 0.0095 0.9998 0.0857 0.8371
13.7104 62.3612 -18.3938 0.9990 0.0046 0.0456 0.2596 0.2431
-11.0049 -119.1536 -23.5300 -0.0188 -0.0390 -0.9991 0.1310 0.9727
-11.0049 -119.1536 -23.5300 0.0089 -0.5332 -0.8459 0.7725 0.0020
12.5095 114.1680 -24.1401 0.4712 -0.0147 -0.8819 0.2250 0.0401
-11.6109 121.3052 -22.7617 -0.0934 0.9913 -0.0923 0.8951 0.1993
-13.4331 18.7156 7.3897 -0.9998 0.0011 0.0206 0.5043 0.4246
-3.6982 -119.8734 -22.9051 -0.0151 -0.8585 -0.5125 0.8017 0.0045
-12.5699 112.9040 5.7770 -0.3364 0.7199 -0.6072 0.8169 0.2484
12.8121 -116.5634 23.5236 -0.2149 -0.0810 0.9733 0.0071 0.9658
13.2322 57.0481 -23.6391 0.5899 0.0068 -0.8075 0.2279 0.2684
-12.6507 -87.2359 -23.2734 -0.1548 0.0715 -0.9854 0.1244 0.8452
7.6708 -17.5711 -24.3792 0.0585 -0.0035 -0.9983 0.2057 0.5667
-11.6105 32.1445 -23.8844 -0.4448 0.0051 -0.8956 0.1286 0.3679
13.6691 72.3576 -22.9305 0.9806 0.0099 -0.1959 0.2414 0.2032
13.5760 82.1750 18.2439 1.0000 0.0055 -0.0041 0.4060 0.1639
-11.7838 59.6113 -23.5470 -0.9612 -0.0034 -0.2757 0.6372 0.1920
1.5670 18.3041 24.0742 0.0413 -0.0636 0.9971 0.0521 0.4266
2.5132 18.1144 -24.5817 -0.0282 -0.0146 -0.9995 0.1850 0.4240
-7.7888 -124.1049 12.6720 0.0728 -0.9967 -0.0357 0.8866 0.1452
-13.1294 -64.0998 -22.2682 -0.9676 -0.0024 -0.2523 0.6229 0.7557
-14.0312 -85.9102 2.4506 -0.9999 0.0114 -0.0092 0.5241 0.8428
-13.7046 -10.7009 -1.4505 -1.0000 0.0013 0.0096 0.5396 0.5422
-13.3529 64.4886 1.4429 -0.9998 0.0144 0.0097 0.5281 0.2416
-8.3415 -124.4122 21.9132 0.1516 -0.9867 0.0588 0.8844 0.1822
-13.5812 -112.2615 -22.8396 -0.9930 -0.0554 -0.1045 0.6251 0.9482
-13.2750 110.0957 11.4315 -0.9993 -0.0054 0.0358 0.4882 0.0593
-13.7973 -23.7484 -8.9313 -0.9999 -0.0033 0.0117 0.5695 0.5944
8.6740 -23.1781 23.4889 0.0704 0.0484 0.9963 0.0237 0.5925
13.6715 -4.9328 -3.6193 0.9998 0.0187 0.0031 0.3186 0.5121
10.1502 -109.2858 -23.5695 0.1119 -0.0095 -0.9937 0.2156 0.9333
-13.5751 -81.2228 -18.6092 -0.9981 0.0014 -0.0619 0.6082 0.8241
-13.2629 76.1489 4.1449 -0.9998 0.0051 0.0178 0.5173 0.1950
-12.9546 27.0167 -22.3952 -0.8857 0.0064 -0.4641 0.6234 0.3914
-12.9546 27.0167 -22.3952 -0.6228 0.0160 -0.7822 0.1232 0.3884
-0.9307 4.7017 24.3403 0.0622 -0.0579 0.9964 0.0621 0.4810
14.0318 -78.1357 1.8918 0.9999 -0.0141 0.0000 0.3407 0.8047
-14.0385 -88.8376 -0.5784 -0.9997 0.0174 -0.0161 0.5362 0.8545
6.6604 123.6040 11.5795 0.1062 0.9943 -0.0080 0.6767 0.1426
-3.3579 -0.3440 24.5659 0.0320 -0.0163 0.9994 0.0718 0.5012
-13.4342 0.5801 -21.7955 -0.9480 0.0117 -0.3180 0.6210 0.4971
-12.8009 -118.0334 24.3668 -0.2990 0.0044 0.9543 0.1095 0.9716
13.8327 37.9624 -22.7263 0.9836 -0.0021 -0.1804 0.2423 0.3406
-11.3675 114.0435 -24.1131 -0.8477 0.0134 -0.5303 0.1296 0.0406
-11.3675 114.0435 -24.1131 -0.9247 -0.0132 -0.3806 0.8078 0.2141
13.2834 64.2953 23.7790 0.7610 0.0018 0.6487 0.0052 0.2428
-8.0961 122.0327 -22.9121 -0.0871 0.4371 -0.8952 0.1426 0.0086
-13.7081 -78.5009 -12.4857 -0.9999 0.0015 -0.0124 0.5838 0.8132
13.6431 -107.0415 20.7643 1.0000 0.0004 0.0054 0.4161 0.9203
13.0649 -28.3259 -23.7125 0.4556 -0.0073 -0.8901 0.2272 0.6097
-11.9558 122.5383 18.0140 -0.9999 -0.0008 0.0144 0.4618 0.0096
-13.5272 -33.3979 14.0078 -0.9995 0.0066 0.0319 0.4779 0.6329
-13.0802 118.3184 15.1526 -0.9979 0.0464 0.0441 0.4733 0.0265
-12.9370 -80.1571 -22.8399 -0.7164 0.1927 -0.6706 0.1233 0.8169
-8.1853 -81.1596 -23.6955 -0.0685 -0.0100 -0.9976 0.1423 0.8209
-13.4108 53.4846 -16.0709 -0.9999 0.0050 -0.0115 0.5981 0.2856
-12.7767 -117.4265 24.3752 -0.2371 -0.0263 0.9711 0.1094 0.9692
-13.8187 -39.1697 -14.5978 -0.9999 -0.0045 -0.0120 0.5922 0.6560
-13.3990 69.4106 -9.5425 -1.0000 0.0021 0.0042 0.5720 0.2220
-5.5619 122.1147 23.6813 -0.0249 0.4896 0.8716 0.0806 0.0117
-5.5619 122.1147 23.6813 0.0015 0.7150 0.6991 0.8796 0.2265
-12.7342 120.4305 10.2154 -0.7296 0.1966 -0.6549 0.7900 0.2015
6.4192 89.5698 24.5388 0.0433 -0.0040 0.9991 0.0327 0.1418
-13.6545 -92.5153 -19.2200 -0.9973 0.0052 -0.0738 0.6107 0.8692
-10.5330 9.6227 24.5765 0.0278 0.0046 0.9996 0.1005 0.4613
-10.5172 121.7490 -23.1704 -0.2457 0.9403 -0.2355 0.8935 0.2037
-13.8245 -38.5847 -12.1894 -0.9999 -0.0122 0.0022 0.5826 0.6537
14.0367 -79.4658 -2.3457 0.9999 -0.0123 0.0050 0.3237 0.8101
-13.4969 19.0220 0.9985 -0.9999 0.0009 0.0108 0.5299 0.4234
-0.2313 -120.1764 21.2114 -0.1042 -0.0205 0.9943 0.0593 0.9802
-12.3733 -4.1776 24.4482 -0.3196 0.0096 0.9475 0.1078 0.5165
13.8009 38.8404 -18.8385 0.9995 0.0085 0.0301 0.2578 0.3371
9.9997 122.3400 -23.5834 -0.0126 0.1341 -0.9909 0.2150 0.0074
9.9997 122.3400 -23.5834 0.0319 0.5627 -0.8261 0.6633 0.0020
-5.6887 -123.5641 -2.9140 0.0337 -0.9985 -0.0424 0.8950 0.0829
-5.2215 122.3207 23.5753 -0.0088 0.3302 0.9439 0.0792 0.0108
-13.4657 -18.5751 -21.8222 -0.9784 -0.0006 -0.2067 0.6211 0.5737
-13.4657 -18.5751 -21.8222 -0.7753 0.0187 -0.6313 0.1212 0.5707
-5.0879 -98.9418 24.1885 0.0001 0.0008 1.0000 0.0787 0.8953
7.1529 -41.8469 23.7687 0.0450 0.0575 0.9973 0.0298 0.6671
-13.1035 -86.9880 -22.9713 -0.9842 0.0120 -0.1768 0.6257 0.8471
-13.1035 -86.9880 -22.9713 -0.7518 0.1750 -0.6357 0.1226 0.8442
13.6969 -119.3167 23.0139 0.5096 -0.2583 0.8207 0.0036 0.9768
13.6969 -119.3167 23.0139 0.9955 -0.0842 0.0439 0.4251 0.9694
13.6969 -119.3167 23.0139 0.7108 -0.5441 0.4457 0.9725 0.1866
13.9612 -75.0469 -22.1489 0.9962 0.0028 -0.0867 0.2446 0.7924
13.3717 -116.7342 23.5148 0.5170 -0.0525 0.8544 0.0049 0.9664
-10.0408 -120.9348 21.3887 0.1122 0.7209 0.6838 0.0985 0.9832
-13.4316 48.3128 -15.6294 -1.0000 -0.0010 -0.0056 0.5963 0.3063
-13.5117 37.4405 -8.4868 -1.0000 0.0047 -0.0000 0.5678 0.3498
-13.7597 -5.1312 -8.4506 -1.0000 0.0049 0.0048 0.5676 0.5199
-5.6825 -16.2132 24.4748 0.0354 0.0216 0.9991 0.0811 0.5646
-13.1704 40.5740 13.0404 -0.9991 0.0054 0.0409 0.4817 0.3372
8.5634 -110.3940 23.4118 -0.0412 0.0618 0.9972 0.0241 0.9411
13.0795 -27.9366 23.6392 0.2403 -0.0066 0.9707 0.0061 0.6115
6.8997 -122.5177 -7.9446 0.1358 -0.9907 0.0043 0.9453 0.0628
7.9722 -83.5366 23.5570 0.0747 -0.0094 0.9972 0.0265 0.8337
4.8789 -120.8528 -22.6179 -0.0506 0.4353 -0.8989 0.1945 0.9795
-8.9199 85.7889 -24.5417 -0.0833 0.0104 -0.9965 0.1393 0.1535
-3.3443 -122.9104 -19.8610 0.0286 -0.9980 -0.0565 0.9043 0.0152
-13.0457 51.6122 -22.0775 -0.8763 0.0096 -0.4816 0.6221 0.2931
-13.0457 51.6122 -22.0775 -0.8547 0.0138 -0.5190 0.1229 0.2901
5.9698 14.7024 23.4861 0.1033 0.0158 0.9945 0.0345 0.4410
8.2043 -120.3279 22.5516 -0.0214 -0.1369 0.9903 0.0256 0.9808
-13.0128 21.7673 18.4488 -0.9990 0.0017 0.0445 0.4601 0.4124
-4.6764 124.2461 -10.4987 0.0278 0.9992 -0.0269 0.7220 0.0543
6.7866 -120.3472 -22.6369 -0.0529 -0.2307 -0.9716 0.2021 0.9775
6.7866 -120.3472 -22.6369 -0.0114 -0.6884 -0.7252 0.8436 0.0056
13.3258 91.7475 -1.2894 0.9996 -0.0291 -0.0033 0.3280 0.1256
13.2503 80.1478 -7.7636 0.9996 -0.0022 0.0276 0.3021 0.1720
-12.8209 -51.1010 24.5436 0.0105 -0.0051 0.9999 0.1096 0.7041
14.1519 -41.6703 -18.3841 0.9993 -0.0361 0.0070 0.2596 0.6590
13.3397 80.4758 7.8040 0.9993 0.0001 -0.0369 0.3643 0.1707
13.0938 15.4445 -23.7312 0.4951 -0.0086 -0.8688 0.2273 0.4347
-13.9309 -75.8012 5.5957 -0.9999 0.0106 0.0015 0.5115 0.8024
-11.2766 92.9541 -24.2283 -0.9411 0.0043 -0.3380 0.6400 0.0588
-11.2766 92.9541 -24.2283 -0.5047 0.0111 -0.8632 0.1299 0.1249
13.3827 -26.4065 23.4668 0.8026 -0.0099 0.5965 0.0049 0.6054
-13.7825 -118.9433 14.5939 -0.9580 -0.2860 0.0229 0.4755 0.9749
-13.7825 -118.9433 14.5939 -0.1746 -0.9846 -0.0037 0.7614 0.1544
10.5503 -51.5065 23.5779 0.0367 -0.0378 0.9986 0.0162 0.7057
-13.6240 5.0249 -3.1001 -0.9997 0.0165 0.0160 0.5462 0.4793
13.5067 85.1820 22.9661 0.9997 0.0091 0.0206 0.4249 0.1519
2.8189 -120.6468 21.7655 -0.1773 0.6437 0.7445 0.0471 0.9821
-13.1772 115.5646 9.0974 -0.9875 0.0878 -0.1310 0.4975 0.0375
14.1478 13.4729 17.1906 0.9998 0.0065 -0.0169 0.4018 0.4385
1.7595 -120.6661 21.5755 -0.0926 0.7019 0.7062 0.0513 0.9822
-13.3764 -30.8752 -22.0056 -0.9624 -0.0188 -0.2710 0.6218 0.6228
-13.3764 -30.8752 -22.0056 -0.7532 0.0145 -0.6576 0.1215 0.6199
-2.9549 44.7141 24.6715 0.0287 -0.0089 0.9995 0.0702 0.3211
-13.2778 81.9912 3.2918 -0.9993 -0.0052 0.0375 0.5207 0.1717
-12.7243 -8.9463 24.3528 -0.7513 0.0444 0.6585 0.1092 0.5356
-12.7243 -8.9463 24.3528 -0.8758 0.0111 0.4826 0.7493 0.2050
-12.6606 -49.0475 -22.7346 -0.4050 0.0419 -0.9133 0.1244 0.6925
-11.0334 114.7208 -24.4197 -0.3145 0.0374 -0.9485 0.1309 0.0378
-12.9379 49.8009 17.4498 -0.9991 0.0030 0.0427 0.4641 0.3003
-13.4254 44.0143 -0.6958 -1.0000 0.0012 0.0073 0.5366 0.3235
-11.2654 -23.7171 -23.2396 -0.5345 0.0288 -0.8447 0.1300 0.5912
-11.3568 77.1757 -24.0498 -0.5346 0.0290 -0.8446 0.1296 0.1879
-11.3568 77.1757 -24.0498 -0.8850 0.0017 -0.4655 0.6392 0.1218
-11.9642 -65.7187 -23.1836 -0.2877 0.0245 -0.9574 0.1272 0.7591
-12.6875 -17.5692 -22.4601 -0.2573 0.0017 -0.9663 0.1243 0.5667
-10.2581 -7.6339 24.6352 -0.0157 0.0147 0.9998 0.0994 0.5303
3.9108 72.9100 24.5982 0.0355 -0.0086 0.9993 0.0427 0.2084
-13.4322 112.6907 -19.2089 -0.9974 -0.0081 -0.0712 0.6106 0.0489
12.1415 3.2065 23.1580 -0.0466 0.0012 0.9989 0.0098 0.4870
13.8270 33.3596 -18.3519 0.9995 0.0034 0.0299 0.2597 0.3590
-13.5305 -61.0185 -18.8128 -0.9972 -0.0140 -0.0733 0.6091 0.7433
-8.8846 -4.6444 24.5516 -0.0448 -0.0061 0.9990 0.0939 0.5184
-2.1362 -123.3890 0.2871 0.0604 -0.9976 0.0338 0.9092 0.0957
-10.9863 -29.9346 24.5758 0.0137 0.0038 0.9999 0.1023 0.6195
13.4517 91.6153 7.6127 0.9996 -0.0264 -0.0046 0.3635 0.1262
10.1670 112.4104 24.4308 0.0591 -0.0012 0.9983 0.0177 0.0505
-13.0641 29.2063 16.9401 -0.9988 0.0029 0.0494 0.4661 0.3827
-12.8597 45.9508 -22.3673 -0.8844 0.0085 -0.4666 0.6233 0.3157
-12.8597 45.9508 -22.3673 -0.6060 0.0138 -0.7953 0.1236 0.3128
-6.9668 122.4379 23.5671 0.0363 -0.0728 0.9967 0.0862 0.0104
13.3917 93.1500 -5.2542 0.9988 -0.0486 0.0095 0.3121 0.1200
13.6558 3.5623 23.0966 0.4804 -0.0057 0.8770 0.0038 0.4856
4.4581 -31.6300 24.0025 0.0597 -0.0602 0.9964 0.0405 0.6262
-7.3516 123.3169 24.2062 0.0211 -0.5942 0.8040 0.0877 0.0069
-12.4600 -119.5266 -16.1384 -0.4493 -0.8931 -0.0230 0.7667 0.0315
-13.1779 -47.0239 -22.3737 -0.9603 -0.0085 -0.2787 0.6233 0.6874
-13.1779 -47.0239 -22.3737 -0.7577 0.0127 -0.6525 0.1223 0.6844
-13.3566 -111.9962 24.3036 -0.6024 -0.0232 0.7979 0.1117 0.9475
11.4503 -84.4185 23.3311 -0.0070 -0.0055 1.0000 0.0126 0.8373
-12.6713 70.4693 -22.5751 -0.8781 0.0051 -0.4785 0.6241 0.2177
-12.6713 70.4693 -22.5751 -0.5477 0.0054 -0.8366 0.1243 0.2147
-13.3785 -81.2465 -21.0149 -0.9916 0.0015 -0.1294 0.6179 0.8242
13.6285 -1.9539 1.1120 0.9998 0.0124 -0.0149 0.3376 0.5002
3.1960 -122.3696 -22.7331 0.0407 -0.4831 -0.8746 0.1878 0.9856
3.1960 -122.3696 -22.7331 0.0661 -0.9112 -0.4066 0.9305 0.0037
-0.7075 -58.8191 24.2928 0.1069 -0.0228 0.9940 0.0612 0.7349
-13.3599 60.8955 2.0803 -0.9999 0.0062 0.0138 0.5255 0.2560
5.3732 121.8310 24.0571 0.0088 0.5219 0.8529 0.8811 0.2703
-14.2164 -99.2280 2.4623 -0.9999 0.0114 -0.0062 0.5240 0.8961
-13.7051 -49.6827 -16.9028 -0.9993 -0.0096 -0.0352 0.6014 0.6980
5.5934 -70.4773 23.6848 0.1053 0.0292 0.9940 0.0360 0.7815
14.0276 0.8129 22.3756 0.9864 -0.0200 0.1634 0.4226 0.4891
9.4479 -121.1365 22.2745 0.1297 -0.8038 0.5806 0.9555 0.1836
-13.2747 0.1581 -22.0906 -0.8734 0.0103 -0.4869 0.6222 0.4988
-13.2747 0.1581 -22.0906 -0.5888 -0.0007 -0.8082 0.1219 0.4958
-11.2424 -60.8425 -23.4917 -0.2732 0.0022 -0.9620 0.1301 0.7396
-12.0985 -123.9993 13.8270 -0.9927 -0.1206 0.0076 0.9581 0.2284
-12.0985 -123.9993 13.8270 -0.8058 -0.5919 -0.0195 0.8693 0.1499
13.5774 44.9396 -23.3289 0.7688 0.0004 -0.6395 0.2293 0.3168
-13.4582 16.0058 5.8914 -0.9999 0.0008 0.0140 0.5103 0.4354
-7.0696 -17.1291 24.7002 0.0331 0.0421 0.9986 0.0866 0.5683
14.0718 -82.3243 -15.5276 0.9999 -0.0105 0.0063 0.2710 0.8215
-11.9653 -22.9748 -22.6635 -0.4322 0.0334 -0.9011 0.1272 0.5883
9.9138 123.1379 -17.6392 0.0769 0.9970 -0.0105 0.6636 0.0258
-13.4654 1.1495 8.6808 -0.9995 0.0056 0.0295 0.4991 0.4948
-12.4452 75.5002 -22.7192 -0.4744 -0.0211 -0.8800 0.1253 0.1946
-10.2967 -119.3317 21.0691 0.0511 -0.9558 0.2896 0.7753 0.1803
-12.4014 66.9545 23.9804 -0.9316 0.0075 0.3634 0.4380 0.2318
-12.4014 66.9545 23.9804 -0.8310 -0.0151 0.5561 0.1079 0.2322
-12.0428 -81.2219 -23.2175 -0.1602 0.0227 -0.9868 0.1269 0.8211
13.2241 -23.3533 23.5712 0.3850 0.0119 0.9229 0.0055 0.5932
-3.1617 123.2508 -23.2046 -0.0002 0.1792 -0.9838 0.1624 0.0038
-3.1617 123.2508 -23.2046 0.0200 0.6967 -0.7171 0.7159 0.0035
13.4849 6.6426 23.1984 0.3759 -0.0108 0.9266 0.0044 0.4733
1.3467 -122.1091 23.0233 0.0882 -0.1767 0.9803 0.0530 0.9879
-5.4217 -122.5018 23.1100 -0.0464 0.5604 0.8269 0.0800 0.9895
13.8202 98.1514 13.4325 0.9992 -0.0399 -0.0041 0.3868 0.1000
-13.7199 -117.0681 23.5518 -0.9983 0.0228 0.0536 0.4397 0.9674
-13.7199 -117.0681 23.5518 -0.7994 -0.0136 0.6006 0.1132 0.9678
-13.7169 -71.7499 -14.0121 -0.9998 0.0073 -0.0211 0.5899 0.7862
6.8432 5.7530 -24.5492 -0.0047 -0.0172 -0.9998 0.2024 0.4734
-8.1912 -123.3070 -13.5937 0.0647 -0.9975 -0.0275 0.8850 0.0402
13.1447 33.0163 23.5010 0.2633 -0.0193 0.9645 0.0058 0.3678
13.2261 42.0539 23.6040 0.4871 0.0003 0.8733 0.0055 0.3317
-12.0262 -47.8677 24.4957 0.0268 -0.0101 0.9996 0.1064 0.6912
-2.3207 -122.4280 -22.9469 0.0344 -0.2776 -0.9601 0.1657 0.9858
12.5300 -46.1047 23.9969 -0.2736 -0.0007 0.9618 0.0083 0.6841
13.9931 106.2535 19.4982 0.9995 -0.0095 0.0317 0.4110 0.0677
-11.9147 124.6045 19.5519 -0.6685 0.7437 0.0068 0.7509 0.1744
-10.7587 82.7534 -24.3730 -0.1002 -0.0115 -0.9949 0.1320 0.1656
-6.1772 123.3989 24.2472 -0.0026 -0.6266 0.7794 0.0830 0.0065
-12.0597 107.8407 24.5059 -0.3513 -0.0082 0.9362 0.1066 0.0687
-12.7715 107.0939 -23.0527 -0.7854 -0.0045 -0.6190 0.1239 0.0683
11.6247 -119.0437 23.2763 -0.0456 -0.2772 0.9597 0.0119 0.9757
11.6247 -119.0437 23.2763 -0.0080 -0.5042 0.8635 0.8630 0.1891
-1.8238 -123.5984 10.9434 0.1077 -0.9938 0.0284 0.9104 0.1383
13.4642 82.6501 -14.4206 0.9990 -0.0023 0.0439 0.2755 0.1620
2.5696 -120.2030 21.6027 -0.1169 -0.9131 0.3906 0.8268 0.1824
2.5696 -120.2030 21.6027 -0.2079 -0.0966 0.9734 0.0481 0.9803
-13.8534 -60.9976 5.8578 -0.9999 0.0065 0.0078 0.5104 0.7433
12.0993 -94.7027 23.3449 -0.2678 0.0285 0.9630 0.0100 0.8784
-11.7128 71.5362 24.5689 -0.3101 0.0068 0.9507 0.1052 0.2138
13.5611 56.0043 -14.8430 0.9986 0.0070 0.0530 0.2738 0.2685
9.5312 123.1461 23.3293 0.0951 0.9543 0.2833 0.6652 0.1895
13.3491 32.0184 1.6182 0.9995 0.0018 -0.0304 0.3396 0.3644
-13.5757 118.1789 -17.8392 -0.9990 0.0047 -0.0453 0.6052 0.0270
13.3395 -27.2909 23.5011 0.6559 -0.0153 0.7547 0.0050 0.6089
3.1720 123.6517 -18.0285 0.0670 0.9971 -0.0374 0.6906 0.0242
-13.3117 -13.1279 -22.0721 -0.6943 -0.0007 -0.7197 0.1218 0.5489
-13.4502 38.5080 -0.1447 -0.9999 0.0077 0.0098 0.5344 0.3455
-13.1225 114.4646 8.0277 -0.9568 0.1754 -0.2319 0.5018 0.0419
-11.7408 -124.5710 17.3737 -0.5750 -0.8175 -0.0344 0.8708 0.1640
9.4302 -80.7732 -23.9442 0.1234 -0.0088 -0.9923 0.2127 0.8193
-12.0303 -53.6085 -23.0670 -0.3461 -0.0134 -0.9381 0.1269 0.7107
-13.2720 -104.9560 24.2423 -0.4255 -0.0041 0.9050 0.1114 0.9194
-12.6390 121.1237 -22.8823 -0.4489 0.4005 -0.7988 0.1245 0.0123
-12.6390 121.1237 -22.8823 -0.4213 0.8254 -0.3757 0.8947 0.1952
-7.7383 123.6208 24.4020 0.0113 -0.2563 0.9665 0.0893 0.0056
-12.8767 111.0576 1.3377 -0.4039 0.9132 -0.0538 0.8181 0.2307
-13.0344 104.0328 -22.6429 -0.9620 0.0043 -0.2730 0.6244 0.0836
-13.0344 104.0328 -22.6429 -0.8012 0.0013 -0.5984 0.1229 0.0806
-0.7280 -121.6730 22.7840 -0.0893 0.7241 0.6839 0.0613 0.9862
-3.0700 -123.3572 -9.2769 0.0605 -0.9952 -0.0774 0.9054 0.0575
-12.5222 -71.1643 24.5085 -0.0070 -0.0060 1.0000 0.1084 0.7843
1.4105 -107.3986 23.8488 0.0306 -0.0758 0.9967 0.0527 0.9291
12.8221 -83.3664 23.7642 -0.0826 -0.0339 0.9960 0.0071 0.8331
-11.6625 -106.1925 24.5836 0.1166 -0.0052 0.9932 0.1050 0.9243
13.8829 42.9478 20.5854 0.9999 0.0115 0.0107 0.4154 0.3207
-6.3806 83.8167 -24.6607 -0.0345 -0.0079 -0.9994 0.1495 0.1614
13.7734 104.1264 -11.1164 0.9998 -0.0202 0.0012 0.2887 0.0762
13.0348 -85.4163 23.6694 0.1944 0.0148 0.9808 0.0062 0.8412
13.3863 60.8470 -23.5005 0.6424 -0.0044 -0.7664 0.2285 0.2532
-13.6934 -47.3528 11.0988 -0.9997 0.0051 0.0224 0.4895 0.6887
14.0666 -66.0893 -20.9028 0.9982 -0.0009 -0.0602 0.2496 0.7566
-12.6814 -30.2935 24.6246 -0.3139 0.0103 0.9494 0.1090 0.6209
-0.0288 -114.7693 23.9517 0.0457 0.0491 0.9977 0.0585 0.9586
-13.3075 18.4720 -21.8169 -0.9600 0.0064 -0.2800 0.6211 0.4256
14.1182 -45.1437 -9.1341 0.9999 0.0053 0.0110 0.2966 0.6729
-12.9492 -74.5037 -23.3142 -0.9709 -0.1138 -0.2109 0.6270 0.7972
-12.9492 -74.5037 -23.3142 -0.0648 -0.0622 -0.9960 0.1232 0.7943
9.2147 -45.7530 23.5660 0.0602 0.0175 0.9980 0.0215 0.6827
13.7052 99.3830 -18.3124 0.9999 -0.0047 -0.0111 0.2599 0.0951
-6.7115 -90.8220 24.3722 0.0369 -0.0611 0.9974 0.0852 0.8629
-13.5105 30.1120 -14.1194 -0.9999 0.0003 -0.0157 0.5903 0.3790
-12.8585 60.2259 18.7173 -0.9992 -0.0011 0.0401 0.4590 0.2587
-12.7595 64.4728 -22.4483 -0.7066 0.0025 -0.7076 0.1240 0.2387
-2.1686 59.4528 24.6703 0.0085 -0.0005 1.0000 0.0670 0.2621
-0.7228 26.5737 -24.5202 -0.0406 0.0088 -0.9991 0.1721 0.3902
-5.3088 -92.5245 24.2935 0.0175 0.0133 0.9998 0.0796 0.8697
-13.7916 -87.3340 -10.9864 -0.9998 0.0132 -0.0166 0.5778 0.8485
-13.0515 95.4068 23.5406 -0.9759 -0.0389 0.2146 0.4397 0.1180
13.2374 85.1178 23.9645 0.6429 -0.0055 0.7660 0.0054 0.1596
13.2374 85.1178 23.9645 0.8882 0.0083 0.4593 0.4289 0.1521
-5.9471 -105.5195 24.3588 0.0005 -0.0198 0.9998 0.0821 0.9216
1.1836 -121.0777 22.1202 -0.0659 0.8345 0.5471 0.0536 0.9838
-13.3899 63.4982 -3.9714 -0.9999 0.0082 0.0082 0.5497 0.2456
9.7137 -95.2493 23.2123 0.0380 0.0021 0.9993 0.0195 0.8806
-13.7524 -50.8285 -8.4085 -1.0000 0.0005 0.0027 0.5675 0.7026
14.0312 3.3765 22.6268 0.9603 -0.0151 0.2785 0.4236 0.4789
-6.8605 -123.0031 23.2505 -0.0384 0.1841 0.9822 0.0858 0.9915
-12.0309 -53.8886 24.4764 0.0284 -0.0058 0.9996 0.1064 0.7152
-12.7534 25.0238 23.7022 -0.9530 0.0161 0.3025 0.4391 0.3994
-13.3998 107.3896 2.8212 -0.9996 0.0148 0.0240 0.5226 0.0701
13.7057 65.4861 19.5060 1.0000 0.0058 -0.0013 0.4111 0.2306
-12.7158 55.5640 21.9778 -0.9979 0.0052 0.0647 0.4460 0.2773
13.4533 87.5199 -13.4057 0.9993 -0.0096 0.0368 0.2795 0.1425
3.7964 -65.2966 -24.2714 -0.0204 -0.0002 -0.9998 0.1902 0.7575
13.5112 -30.0512 23.1865 0.8055 -0.0059 0.5926 0.0043 0.6199
13.5112 -30.0512 23.1865 0.9069 0.0159 0.4210 0.4258 0.6125
3.1809 123.3096 24.0686 0.0526 0.2520 0.9663 0.0456 0.0069
3.1809 123.3096 24.0686 0.0783 0.6215 0.7795 0.6906 0.1925
-5.8685 124.6204 16.4674 0.0591 0.9981 0.0165 0.7267 0.1621
12.7166 -90.6647 23.6965 -0.4622 -0.0169 0.8866 0.0075 0.8622
-13.0197 30.6625 17.6636 -0.9987 0.0047 0.0512 0.4632 0.3768
12.9458 -63.2243 -23.5822 0.2824 -0.0021 -0.9593 0.2268 0.7492
-6.6715 76.6693 -24.6027 -0.0399 -0.0069 -0.9992 0.1483 0.1900
-2.5652 -120.2532 -22.3161 -0.0313 -0.0033 -0.9995 0.1647 0.9771
-2.5652 -120.2532 -22.3161 -0.0166 -0.8524 -0.5227 0.8062 0.0068
-6.4601 -123.6216 -0.1499 0.0579 -0.9983 0.0097 0.8919 0.0940
-13.4416 45.4155 -14.3549 -1.0000 0.0066 -0.0022 0.5912 0.3179
12.9664 -81.5080 23.7973 0.2666 -0.0091 0.9638 0.0065 0.8256
13.6819 26.7640 7.9771 0.9988 0.0092 -0.0480 0.3650 0.3854
5.6482 -44.6176 -24.2830 0.0189 -0.0046 -0.9998 0.1976 0.6748
-13.7422 -66.2967 -10.4497 -0.9999 -0.0063 -0.0136 0.5756 0.7644
14.1083 -76.5657 -14.5632 1.0000 -0.0006 0.0019 0.2749 0.7985
14.1326 -70.9424 -18.9818 0.9997 -0.0034 -0.0248 0.2572 0.7760
-0.0619 -19.7587 24.2144 0.0753 0.0066 0.9971 0.0586 0.5788
-12.4317 121.3340 22.1809 -0.6671 0.7326 -0.1353 0.8736 0.1991
-12.4317 121.3340 22.1809 -0.9708 0.2006 -0.1317 0.4452 0.0144
-12.1986 -67.3506 -23.1792 -0.2303 0.0247 -0.9728 0.1262 0.7657
-13.1153 -57.0088 -22.3985 -0.9357 -0.0143 -0.3526 0.6234 0.7273
-0.9955 -88.5709 24.0323 0.0829 -0.0429 0.9956 0.0623 0.8539
1.4065 -95.0458 23.8095 0.0274 -0.0145 0.9995 0.0527 0.8797
-5.4797 -119.8446 -22.9501 -0.0003 -0.8420 -0.5394 0.7946 0.0043
13.7146 115.9934 -17.7438 0.9991 0.0334 -0.0275 0.2622 0.0287
-13.7801 -32.6158 -16.8823 -0.9997 -0.0146 -0.0170 0.6013 0.6298
8.5973 -122.2756 -3.8816 0.1368 -0.9905 0.0101 0.9521 0.0791
6.3090 123.5238 -12.6548 0.0949 0.9954 -0.0120 0.6781 0.0457
13.9499 -102.6606 -22.2454 0.9998 -0.0043 0.0190 0.2442 0.9028
-13.8114 -16.1858 -11.2552 -1.0000 0.0038 0.0032 0.5788 0.5641
-6.6366 124.3367 -10.2755 0.0502 0.9983 -0.0307 0.7298 0.0552
-12.7966 0.9720 23.9831 -0.9285 0.0007 0.3714 0.4380 0.4955
-12.7966 0.9720 23.9831 -0.7773 0.0193 0.6288 0.1095 0.4959
-12.9401 77.9574 -22.1406 -0.9690 -0.0028 -0.2471 0.6224 0.1878
-13.8279 -79.7418 -6.5702 -0.9998 0.0047 -0.0186 0.5601 0.8182
4.1717 -76.6878 23.7320 0.0688 -0.0177 0.9975 0.0417 0.8064
-4.0956 21.6229 24.5192 0.0014 -0.0718 0.9974 0.0747 0.4134
-13.5952 0.9464 2.9287 -0.9998 0.0063 0.0183 0.5221 0.4956
-12.0219 105.5814 24.5213 -0.1798 0.0027 0.9837 0.1064 0.0778
-12.7360 -16.0337 -22.4429 -0.3490 0.0065 -0.9371 0.1241 0.5605
-14.2463 -102.9211 3.3650 -1.0000 0.0010 -0.0012 0.5204 0.9108
-5.4651 -110.8442 -23.7850 -0.0372 -0.0057 -0.9993 0.1532 0.9395
-12.4472 121.5400 -2.7173 -0.9993 0.0315 0.0193 0.5447 0.0136
-7.1354 114.3835 -24.5886 -0.0257 0.0353 -0.9990 0.1465 0.0392
13.2466 79.6889 5.5199 0.9989 -0.0007 -0.0472 0.3552 0.1738
-12.2333 40.2825 -22.9447 -0.9082 -0.0191 -0.4180 0.6348 0.2693
-12.2333 40.2825 -22.9447 -0.6868 -0.0023 -0.7269 0.1261 0.3354
13.1986 65.8154 23.8643 0.6668 -0.0018 0.7452 0.0056 0.2367
13.8170 112.7654 23.4868 0.9823 -0.0040 0.1871 0.4270 0.0416
13.8367 47.5703 19.7370 0.9999 0.0110 0.0044 0.4120 0.3022
13.4209 24.8489 -5.4740 0.9998 0.0192 0.0097 0.3112 0.3931
-12.0171 -124.2319 20.0920 -0.9571 -0.2896 0.0034 0.9571 0.2034
13.3161 44.5299 23.5637 0.5725 -0.0151 0.8198 0.0051 0.3218
14.0189 -23.5880 5.2178 1.0000 -0.0008 -0.0059 0.3540 0.5867
-11.9960 123.6912 -22.6725 -0.3900 0.8043 -0.4484 0.7512 0.0056
-11.9960 123.6912 -22.6725 -0.4595 0.1691 -0.8719 0.1270 0.0020
14.0301 -11.6209 10.1455 0.9999 0.0074 -0.0096 0.3737 0.5388
-0.7304 -60.8447 24.1900 0.0837 -0.0062 0.9965 0.0613 0.7430
-12.9967 38.6914 -22.2225 -0.9555 0.0176 -0.2944 0.6227 0.3448
-12.9967 38.6914 -22.2225 -0.6839 0.0052 -0.7296 0.1230 0.3418
-5.8657 -87.2163 24.3574 0.0184 -0.0312 0.9993 0.0818 0.8484
3.8046 -56.4533 23.9962 0.0867 0.0024 0.9962 0.0431 0.7255
13.4042 81.8213 -12.9213 0.9993 0.0014 0.0366 0.2815 0.1653
-4.7269 123.4302 24.2720 -0.0073 -0.3571 0.9340 0.0772 0.0064
1.7415 96.4426 -24.9184 -0.0017 -0.0001 -1.0000 0.1820 0.1109
14.0434 -10.4326 18.7190 0.9997 -0.0030 0.0225 0.4079 0.5341
-12.4557 -119.4712 -11.8986 -0.4526 -0.8912 0.0295 0.7667 0.0485
13.3435 -72.5212 23.5399 0.7089 -0.0337 0.7045 0.0050 0.7897
4.1007 -78.2096 -24.2063 -0.0052 -0.0090 -0.9999 0.1914 0.8091
13.1561 -58.0835 23.7512 0.5802 0.0100 0.8144 0.0058 0.7320
10.8642 -121.9876 -12.0466 0.2360 -0.9718 0.0032 0.9611 0.0464
13.2615 78.6707 -8.1305 0.9995 -0.0028 0.0329 0.3006 0.1779
-13.2480 115.8887 12.2550 -0.9996 0.0265 0.0091 0.4849 0.0362
-12.8977 13.4232 -22.4024 -0.6091 -0.0168 -0.7929 0.1234 0.4428
8.1132 -20.6487 23.6258 0.0669 -0.0310 0.9973 0.0259 0.5823
-13.3616 120.8829 -17.5206 -0.9431 0.3326 0.0023 0.6039 0.0162
-13.3616 120.8829 -17.5206 -0.5649 0.8251 -0.0017 0.9161 0.1923
0.6173 -72.0156 -24.1727 -0.0345 -0.0049 -0.9994 0.1775 0.7843
13.9209 -63.4103 -22.5984 0.9656 0.0152 -0.2597 0.2428 0.7459
-12.3439 -121.5013 12.2220 -0.9965 -0.0838 0.0043 0.9680 0.2348
-12.6237 22.5208 24.1112 -0.9302 0.0345 0.3655 0.4375 0.4094
-12.6237 22.5208 24.1112 -0.6519 0.0181 0.7581 0.1088 0.4098
-5.2132 -108.4986 24.3613 -0.0333 -0.0371 0.9988 0.0792 0.9335
-13.1142 63.6384 -21.7131 -0.9799 0.0017 -0.1996 0.6206 0.2450
-12.1447 123.9710 11.9941 -0.9997 0.0004 0.0229 0.4859 0.0039
-14.1193 -105.9161 -6.0674 -0.9999 -0.0020 -0.0159 0.5581 0.9228
-8.9541 -119.6579 20.5525 -0.1673 -0.6828 0.7112 0.7807 0.1782
-8.9541 -119.6579 20.5525 -0.1658 -0.3142 0.9348 0.0941 0.9781
8.2385 103.5315 24.5208 0.0421 -0.0149 0.9990 0.0254 0.0859
-12.1959 124.0839 -13.2859 -0.7573 0.6530 -0.0009 0.7520 0.0432
-12.9563 121.5675 11.6017 -0.9944 0.1015 -0.0306 0.4875 0.0135
-12.9563 121.5675 11.6017 -0.6580 0.7523 -0.0325 0.8313 0.1970
-2.9757 124.4380 4.5963 0.0648 0.9978 -0.0157 0.7152 0.1146
-13.6664 -109.1716 23.3223 -0.9918 0.0346 0.1227 0.4406 0.9358
13.2895 29.0832 23.3884 0.6252 0.0461 0.7791 0.0052 0.3835
-5.3353 -122.9602 -22.4759 0.0349 -0.9491 -0.3131 0.8964 0.0047
5.6993 -110.3502 23.4794 0.0968 0.0027 0.9953 0.0356 0.9409
-12.4028 117.0205 2.5624 -0.9995 -0.0258 0.0198 0.5236 0.0316
-13.4323 56.6751 -9.1352 -1.0000 0.0054 -0.0028 0.5704 0.2729
1.1163 -30.5663 24.2768 0.0859 0.0053 0.9963 0.0539 0.6220
11.5271 122.8667 -22.3887 0.0019 0.9813 -0.1923 0.6572 0.0068
-12.7921 108.6193 -23.0339 -0.7471 -0.0020 -0.6647 0.1239 0.0622
-13.1127 -44.2237 -22.4567 -0.7601 0.0142 -0.6497 0.1226 0.6732
-5.4635 -123.3645 -8.9415 0.0168 -0.9989 -0.0432 0.8959 0.0588
-6.7711 124.1191 -16.9822 0.0422 0.9979 -0.0484 0.7303 0.0284
14.1763 -59.6700 -16.9352 1.0000 -0.0061 -0.0068 0.2654 0.7309
-13.5319 95.1197 -9.1499 -0.9998 -0.0166 -0.0078 0.5704 0.1192
1.3488 -62.8415 -24.2006 -0.0376 -0.0030 -0.9993 0.1804 0.7476
-7.1152 -67.6908 24.6040 -0.0226 -0.0153 0.9996 0.0868 0.7704
14.0474 -42.4397 -5.2785 0.9998 0.0020 0.0173 0.3120 0.6620
3.4677 -93.5903 23.8259 0.0432 0.0209 0.9988 0.0445 0.8739
-8.7840 -52.0272 24.4926 -0.0145 -0.0169 0.9998 0.0935 0.7078
7.1345 -56.5356 23.6960 0.1016 0.0295 0.9944 0.0298 0.7258
-13.4993 89.7212 -1.1752 -1.0000 -0.0055 0.0078 0.5385 0.1408
-13.9086 -71.9951 7.6504 -1.0000 0.0046 0.0008 0.5033 0.7872
-7.0268 -124.0568 11.5012 0.0651 -0.9979 -0.0056 0.8896 0.1406
-11.9910 -34.0364 -22.7727 -0.4138 -0.0002 -0.9104 0.1271 0.6325
13.3547 28.0990 23.3889 0.3395 -0.0227 0.9403 0.0050 0.3875
6.3077 121.7894 -23.4802 -0.0416 0.0602 -0.9973 0.2002 0.0096
6.3077 121.7894 -23.4802 -0.0184 0.6253 -0.7801 0.8923 0.2709
7.5395 -97.6968 23.4434 0.0255 -0.0728 0.9970 0.0282 0.8903
-13.7918 -45.6479 -12.9397 -1.0000 -0.0018 -0.0039 0.5856 0.6819
6.6128 -8.6389 23.6155 0.0971 0.0079 0.9952 0.0319 0.5343
13.1150 119.4515 -23.8410 0.9370 -0.2165 -0.2743 0.2378 0.0149
13.1150 119.4515 -23.8410 0.7341 -0.1348 -0.6655 0.2274 0.0189
-13.8086 -43.0384 -9.0478 -0.9997 -0.0248 0.0004 0.5700 0.6715
-7.2794 -85.9185 -23.7085 -0.0557 -0.0080 -0.9984 0.1459 0.8399
12.6092 -74.0430 23.7829 -0.3961 -0.0128 0.9181 0.0079 0.7958
-5.7817 122.3688 -22.9386 -0.0332 -0.0660 -0.9973 0.1519 0.0073
-11.6292 75.2485 -23.2238 -0.9891 -0.0192 -0.1459 0.6359 0.1295
13.3273 -67.3840 -23.3943 0.5100 -0.0046 -0.8601 0.2283 0.7658
-13.0116 67.6006 13.3707 -0.9992 0.0098 0.0387 0.4804 0.2292
14.0189 -84.3772 -12.6190 0.9998 -0.0169 0.0073 0.2827 0.8297
-8.4420 -110.0738 24.3933 0.0443 0.1042 0.9936 0.0921 0.9398
-13.8224 -89.5870 -11.2821 -0.9997 0.0162 -0.0175 0.5789 0.8575
5.4872 -122.5709 -17.6271 0.0767 -0.9961 -0.0441 0.9396 0.0241
2.2298 -24.1946 -24.2764 -0.0385 -0.0073 -0.9992 0.1839 0.5932
-13.8055 -35.7877 -6.7304 -0.9999 0.0065 0.0098 0.5608 0.6425
13.5911 -24.4957 23.0416 0.9360 -0.0149 0.3517 0.4252 0.5903
-8.4001 -124.2937 16.6976 0.0999 -0.9941 -0.0413 0.8841 0.1613
13.4658 -83.2545 23.2716 0.9359 0.0056 0.3523 0.4261 0.8252
-13.1504 -9.6638 18.9931 -0.9992 0.0059 0.0383 0.4579 0.5380
-13.0785 -118.7746 24.2711 -0.3915 -0.0966 0.9151 0.1106 0.9746
-13.0785 -118.7746 24.2711 -0.1676 -0.5702 0.8042 0.7642 0.1931
-5.8207 -89.9715 24.4991 0.0538 -0.0684 0.9962 0.0816 0.8595
-9.7238 124.1543 24.2651 -0.1036 0.0945 0.9901 0.0972 0.0035
-12.8264 94.6502 -22.7113 -0.9734 -0.0468 -0.2242 0.6246 0.1211
-12.8264 94.6502 -22.7113 -0.7617 -0.0567 -0.6454 0.1237 0.1181
-13.6646 7.2450 -16.9935 -0.9997 0.0020 -0.0230 0.6018 0.4705
-13.5052 -97.9597 24.0748 -0.8742 0.0419 0.4838 0.4376 0.8910
-13.5052 -97.9597 24.0748 -0.5880 0.0269 0.8084 0.1123 0.8914
13.4308 -57.4322 -23.3559 0.6329 0.0106 -0.7741 0.2287 0.7260
4.1313 17.2134 23.8865 0.0610 -0.0683 0.9958 0.0418 0.4310
13.8378 32.6603 -22.3442 0.9987 0.0013 -0.0518 0.2438 0.3618
12.9414 -88.4567 -23.3685 0.2225 -0.0056 -0.9749 0.2267 0.8500
-10.1884 -123.2825 -17.2246 0.0330 -0.9984 -0.0464 0.8770 0.0257
-14.0497 -99.7086 14.9104 -0.9994 0.0099 0.0321 0.4742 0.8980
-11.8412 -16.3991 -22.6458 -0.6477 -0.0020 -0.7619 0.1277 0.5620
13.4094 -57.7130 23.3191 0.8431 0.0202 0.5374 0.0047 0.7305
13.4094 -57.7130 23.3191 0.9906 0.0046 0.1370 0.4263 0.7231
-9.2525 124.7067 2.2780 0.0475 0.9985 -0.0260 0.7403 0.1054
4.2770 -122.7769 -9.9471 0.0755 -0.9968 -0.0272 0.9348 0.0548
-11.7374 86.0995 -23.3064 -0.6272 -0.0337 -0.7781 0.1281 0.1523
-11.7374 86.0995 -23.3064 -0.8696 0.0195 -0.4933 0.6363 0.0862
13.4217 -108.1754 23.5829 0.5896 -0.0071 0.8077 0.0047 0.9322
13.4217 -108.1754 23.5829 0.9030 0.0017 0.4296 0.4274 0.9248
7.6641 -45.8045 23.6877 0.0875 0.0145 0.9961 0.0277 0.6829
-11.3957 34.7459 -23.9744 -0.2626 0.0027 -0.9649 0.1294 0.3575
6.5764 85.6412 24.5450 0.0379 0.0044 0.9993 0.0321 0.1575
-13.4281 48.2792 0.1894 -1.0000 -0.0041 0.0088 0.5331 0.3064
-10.8875 102.9757 -24.4341 -0.2578 -0.0088 -0.9662 0.1315 0.0848
13.8384 116.3518 -7.0938 0.9995 0.0301 -0.0084 0.3048 0.0273
-13.3171 72.7376 1.0086 -0.9998 0.0074 0.0183 0.5298 0.2087
6.3913 123.5281 -9.7237 0.1021 0.9948 0.0052 0.6777 0.0574
-13.7565 -88.2121 -14.9047 -0.9998 0.0111 -0.0157 0.5934 0.8520
-13.1678 -52.4228 24.4131 -0.9495 -0.0196 0.3131 0.4363 0.7090
-13.1678 -52.4228 24.4131 -0.4912 -0.0028 0.8711 0.1110 0.7094
-12.9209 -100.1592 -23.1765 -0.9044 -0.0906 -0.4170 0.6265 0.8998
-12.9209 -100.1592 -23.1765 -0.5381 0.0225 -0.8426 0.1234 0.8968
13.4325 87.4180 10.9206 0.9998 -0.0097 -0.0158 0.3768 0.1429
-13.0644 -53.1894 -22.7665 -0.8723 -0.0240 -0.4883 0.6249 0.7120
-13.0644 -53.1894 -22.7665 -0.5898 -0.0286 -0.8070 0.1228 0.7091
-3.7085 124.3217 -0.8594 0.0473 0.9986 -0.0240 0.7181 0.0928
13.8386 -94.3588 8.8745 0.9996 -0.0253 -0.0106 0.3686 0.8696
-11.6535 124.7805 14.3790 -0.5449 0.8385 -0.0005 0.7499 0.1537
-13.7492 -2.0382 -14.1172 -1.0000 0.0034 -0.0008 0.5903 0.5076
7.1758 -92.2549 23.4583 0.1518 -0.2408 0.9586 0.0297 0.8686
13.6154 94.9947 -22.6415 0.9776 0.0128 -0.2102 0.2426 0.1127
-13.7812 -19.5818 -18.4751 -0.9991 -0.0051 -0.0416 0.6077 0.5777
-11.1738 -39.4195 -23.3743 -0.3522 0.0128 -0.9358 0.1303 0.6540
14.0913 -66.5578 6.4760 1.0000 0.0056 0.0023 0.3590 0.7585
-0.4127 -103.8928 -23.9917 -0.0343 -0.0090 -0.9994 0.1734 0.9117
-11.2944 89.2223 -24.2334 -0.9241 0.0042 -0.3822 0.6400 0.0737
-11.2944 89.2223 -24.2334 -0.7149 0.0027 -0.6992 0.1299 0.1398
-12.8749 88.5015 -22.5208 -0.9442 0.0077 -0.3293 0.6239 0.1456
13.9752 -47.5837 -1.4575 0.9998 0.0094 0.0158 0.3273 0.6826
13.9322 0.1724 10.0805 0.9995 -0.0003 -0.0329 0.3734 0.4917
-8.9372 88.5676 -24.5400 -0.0631 -0.0135 -0.9979 0.1393 0.1424
-13.8334 -56.8762 3.0075 -1.0000 0.0082 -0.0016 0.5218 0.7268
-13.8900 -68.6398 2.3363 -1.0000 0.0037 -0.0047 0.5245 0.7738
3.7425 -30.7665 -24.2983 -0.0174 -0.0021 -0.9998 0.1900 0.6194
3.1683 41.6970 -24.6530 -0.0152 0.0031 -0.9999 0.1877 0.3298
12.4819 -80.6653 23.6662 -0.4580 -0.0062 0.8889 0.0085 0.8223
-12.6229 -55.1324 -22.8778 -0.2985 -0.0230 -0.9541 0.1245 0.7168
-12.8755 35.9561 -22.3840 -0.7330 -0.0022 -0.6802 0.1235 0.3527
-13.3231 -89.1779 -21.9355 -0.9983 0.0288 -0.0512 0.6215 0.8559
-13.1414 53.3105 12.5682 -0.9989 0.0039 0.0463 0.4836 0.2863
4.3182 -24.8670 -24.3353 -0.0144 -0.0001 -0.9999 0.1923 0.5958
7.7094 -2.9975 23.5766 0.1101 0.0414 0.9931 0.0275 0.5118
6.4279 -1.4705 -24.4824 0.0121 -0.0092 -0.9999 0.2007 0.5023
-13.6811 2.2978 -3.9930 -0.9999 0.0104 0.0120 0.5498 0.4902
-13.3105 -115.8105 -23.4921 -0.9227 -0.1407 -0.3590 0.6278 0.9624
-13.3105 -115.8105 -23.4921 -0.5193 -0.0081 -0.8545 0.1218 0.9594
-11.9318 -104.0795 -23.5038 -0.0547 0.0023 -0.9985 0.1273 0.9125
4.7441 -109.4862 23.6485 0.0979 -0.0210 0.9950 0.0394 0.9375
-12.2946 33.8477 24.4567 -0.6365 0.0090 0.7712 0.1075 0.3645
13.8794 109.1292 -6.9466 0.9999 -0.0115 -0.0074 0.3053 0.0562
-11.9192 -11.9217 -22.5920 -0.4121 -0.0018 -0.9111 0.1274 0.5441
-12.8457 91.4681 23.4491 -0.9753 -0.0563 0.2135 0.4401 0.1338
8.5250 10.2168 23.4532 0.1010 -0.0103 0.9948 0.0243 0.4590
13.7453 56.9114 19.5732 1.0000 0.0040 0.0060 0.4114 0.2649
-13.3513 69.2717 0.4166 -0.9997 -0.0184 0.0176 0.5322 0.2225
1.3709 -122.9125 -15.9847 0.0876 -0.9952 -0.0441 0.9232 0.0307
13.5334 -91.0879 23.0190 0.9788 0.0023 0.2047 0.4251 0.8565
-7.6179 17.6954 24.4494 -0.0189 -0.0148 0.9997 0.0888 0.4291
-12.7416 32.7490 -22.5214 -0.7090 -0.0018 -0.7052 0.1241 0.3655
8.4446 121.7276 -23.5946 -0.0455 0.0956 -0.9944 0.2088 0.0098
8.4446 121.7276 -23.5946 -0.0160 0.6115 -0.7911 0.8918 0.2795
-13.9080 -100.6489 -14.0874 -0.9996 0.0030 -0.0265 0.5902 0.9018
-11.0684 -124.0911 7.4767 0.0382 -0.9988 -0.0312 0.8735 0.1245
7.8151 75.1515 -24.7133 0.0898 -0.0043 -0.9959 0.2062 0.1960
-9.8856 -123.6323 23.0534 0.1475 -0.1816 0.9722 0.0979 0.9940
6.9034 -72.8418 23.5936 0.1435 0.0229 0.9894 0.0308 0.7910
-13.6668 10.1858 -11.2492 -0.9999 0.0040 0.0138 0.5788 0.4587
4.9793 -31.0884 -24.3185 0.0019 -0.0005 -1.0000 0.1949 0.6207
13.5288 113.3925 23.9732 0.7336 -0.0013 0.6796 0.0043 0.0465
6.5519 -120.6296 -22.6065 -0.0298 0.2214 -0.9747 0.2012 0.9786
6.9019 -122.3331 12.4142 0.1730 -0.9843 0.0342 0.9453 0.1442
6.1177 -86.1309 -24.1177 0.0364 -0.0131 -0.9993 0.1995 0.8407
13.7338 102.1478 -3.7171 0.9996 -0.0263 -0.0053 0.3183 0.0841
-12.6665 104.7496 24.0437 -0.9447 0.0080 0.3279 0.4377 0.0807
-12.6665 104.7496 24.0437 -0.7169 0.0160 0.6970 0.1090 0.0811
13.8689 112.6341 -10.1799 1.0000 0.0062 -0.0061 0.2924 0.0421
13.4099 -111.3219 7.0751 0.9993 -0.0255 -0.0282 0.3614 0.9374
-12.9573 15.9369 -22.3951 -0.6360 -0.0064 -0.7717 0.1232 0.4327
12.0261 -69.7511 23.4862 -0.3966 0.0327 0.9174 0.0103 0.7786
13.6445 47.4807 -15.5573 0.9978 0.0009 0.0657 0.2709 0.3026
13.8665 -65.6344 -22.8644 0.7740 0.0033 -0.6332 0.2304 0.7588
13.8665 -65.6344 -22.8644 0.9807 -0.0028 -0.1954 0.2417 0.7548
-13.7776 -63.5173 -8.6116 -0.9999 -0.0044 -0.0115 0.5683 0.7533
-1.4538 -112.4923 -23.8894 -0.0160 -0.0225 -0.9996 0.1692 0.9461
-1.6599 -120.8742 -22.3804 -0.0186 0.4799 -0.8771 0.1684 0.9796
13.1501 84.3453 2.2921 0.9995 -0.0272 -0.0184 0.3423 0.1552
13.4346 79.5088 -13.5718 0.9992 0.0073 0.0382 0.2789 0.1746
13.8548 29.4590 -20.1721 1.0000 0.0035 0.0026 0.2525 0.3746
4.9365 -121.7455 22.7373 0.1372 -0.6470 0.7501 0.9374 0.1855
11.2707 -13.7553 -23.9912 0.1144 0.0002 -0.9934 0.2201 0.5514
-12.0372 120.3314 24.5265 -0.2634 0.0174 0.9645 0.1065 0.0188
7.1729 53.4323 24.1785 0.0593 -0.0157 0.9981 0.0297 0.2862
-12.3827 -94.1678 24.5329 -0.1338 0.0008 0.9910 0.1078 0.8762
-11.9856 62.6667 -22.9261 -0.8932 0.0033 -0.4497 0.6348 0.1798
-11.9856 62.6667 -22.9261 -0.5434 0.0059 -0.8394 0.1271 0.2459
13.5108 57.1420 9.2114 0.9988 0.0086 -0.0479 0.3699 0.2640
13.4398 -101.9597 -4.1439 0.9992 -0.0387 -0.0042 0.3165 0.9000
-2.6025 -60.1411 24.3016 0.0376 -0.0437 0.9983 0.0688 0.7402
3.3158 -122.8387 -12.5214 0.0826 -0.9966 0.0038 0.9310 0.0445
-13.4764 41.8996 -10.4440 -1.0000 0.0068 -0.0019 0.5756 0.3319
12.8272 36.3226 -23.9398 0.4072 -0.0031 -0.9133 0.2263 0.3512
7.7005 -40.7541 -24.2301 0.0570 -0.0094 -0.9983 0.2058 0.6593
-12.8133 5.0035 -22.4022 -0.5381 -0.0043 -0.8429 0.1238 0.4764
12.9778 -91.2684 23.7496 0.0706 -0.0174 0.9974 0.0065 0.8646
-13.6290 7.5469 -6.5588 -0.9999 0.0091 0.0111 0.5601 0.4693
13.1769 -19.4733 -23.6229 0.5202 -0.0068 -0.8540 0.2277 0.5743
-7.4501 -123.6164 -3.3938 -0.0015 -1.0000 -0.0063 0.8879 0.0810
13.5435 -98.7978 -5.6820 0.9993 -0.0378 0.0031 0.3104 0.8873
13.3521 89.5267 3.8918 0.9994 -0.0258 -0.0210 0.3487 0.1345
-13.3795 -56.3429 23.8777 -0.9913 0.0183 0.1302 0.4384 0.7246
2.3318 -123.0447 2.8754 0.1172 -0.9928 -0.0244 0.9270 0.1061
13.2983 59.0078 -23.5701 0.6587 0.0004 -0.7524 0.2282 0.2606
13.1744 81.5197 4.0662 0.9989 -0.0057 -0.0460 0.3494 0.1665
-12.7986 112.6886 19.7251 -0.9971 -0.0031 0.0760 0.4550 0.0490
13.0728 -60.3131 -23.4975 0.3545 -0.0061 -0.9351 0.2273 0.7375
-14.0913 -91.0624 6.1646 -0.9999 0.0122 0.0034 0.5092 0.8634
-1.4140 123.1749 -23.2123 0.0109 0.3387 -0.9408 0.1694 0.0041
7.3792 -88.8470 23.4432 0.1003 -0.0789 0.9918 0.0289 0.8550
13.7199 63.2294 19.8139 0.9999 0.0059 0.0120 0.4123 0.2396
12.9450 72.0706 -23.8645 0.5760 -0.0001 -0.8175 0.2267 0.2083
-11.5274 84.9879 -23.6357 -0.9369 -0.0183 -0.3492 0.6376 0.0906
-11.7845 81.2461 -23.0912 -0.5086 -0.0183 -0.8608 0.1279 0.1717
14.1391 -45.9003 -15.4872 0.9998 0.0184 -0.0097 0.2712 0.6759
-13.3733 -89.8944 -22.6341 -0.9998 -0.0146 0.0145 0.6243 0.8588
13.0896 -110.4463 -23.2372 0.2536 0.0010 -0.9673 0.2273 0.9379
14.2260 -39.5820 -14.9540 0.9987 -0.0449 0.0235 0.2733 0.6506
-9.0781 123.7075 -22.7523 0.0756 0.8792 -0.4705 0.7396 0.0053
0.1659 -123.0288 -15.7235 0.0434 -0.9975 -0.0562 0.9184 0.0317
13.5315 -104.1413 6.8283 0.9994 -0.0276 -0.0227 0.3604 0.9087
1.9099 -120.0729 21.5721 -0.1600 -0.8225 0.5458 0.8241 0.1823
13.8212 34.9395 -22.7252 0.9943 -0.0041 -0.1068 0.2423 0.3527
-12.9255 119.5730 10.1635 -0.8904 0.1668 -0.4236 0.4932 0.0214
-12.9255 119.5730 10.1635 -0.5698 0.1804 -0.8017 0.7893 0.2049
4.3655 63.7823 24.4760 0.0430 -0.0102 0.9990 0.0409 0.2448
13.0830 78.6132 1.8232 0.9998 -0.0004 -0.0195 0.3404 0.1781
-12.3624 122.0508 23.3666 -0.3572 0.9303 -0.0836 0.8783 0.1994
-12.9972 -66.2406 24.5001 -0.2153 0.0692 0.9741 0.1103 0.7646
-13.7824 -33.3086 -12.4774 -0.9999 -0.0139 -0.0086 0.5837 0.6326
-13.9980 -104.8804 -11.2897 -0.9995 0.0016 -0.0317 0.5790 0.9187
-11.6133 41.7237 -23.9029 -0.3678 -0.0022 -0.9299 0.1286 0.3296
12.8752 7.2911 23.2888 -0.1122 0.0102 0.9936 0.0069 0.4707
-7.5746 82.7431 -24.6024 -0.0476 -0.0115 -0.9988 0.1447 0.1657
9.5828 -6.3134 -24.2043 0.1146 -0.0075 -0.9934 0.2133 0.5217
-12.4645 119.6666 -0.7062 -0.9998 0.0123 0.0171 0.5367 0.0211
-13.7889 -119.0810 0.6786 -0.2683 -0.9632 -0.0132 0.7614 0.0988
-13.7889 -119.0810 0.6786 -0.9371 -0.3484 -0.0226 0.5311 0.9754
-6.1678 104.1084 -24.7418 -0.0503 0.0021 -0.9987 0.1503 0.0803
-14.0513 -90.6055 -1.4150 -0.9997 0.0145 -0.0180 0.5395 0.8616
-13.4674 84.7365 -4.4170 -0.9998 -0.0193 0.0036 0.5515 0.1607
13.8316 14.9344 -22.7967 0.9612 -0.0031 -0.2760 0.2420 0.4327
13.8316 14.9344 -22.7967 0.8648 0.0111 -0.5020 0.2303 0.4367
13.3713 -53.4261 22.9073 0.9960 0.0258 0.0850 0.4247 0.7060
13.3960 122.6693 20.2809 0.4900 0.8715 -0.0173 0.6497 0.1773
13.5173 82.3779 22.0322 0.9999 -0.0005 0.0130 0.4212 0.1631
-11.7415 9.6198 -23.2764 -0.7008 -0.0270 -0.7128 0.1281 0.4580
-8.2815 -14.1566 -23.6719 -0.1131 0.0003 -0.9936 0.1419 0.5530
13.2941 89.9937 -0.8204 0.9997 -0.0228 -0.0047 0.3298 0.1327
-5.9415 -120.2712 20.8079 0.0257 0.1238 0.9920 0.0821 0.9806
13.3029 -106.0431 -3.7011 0.9998 -0.0194 0.0010 0.3183 0.9163
11.0933 -84.7699 -23.6315 0.1327 -0.0111 -0.9911 0.2193 0.8353
12.7832 -99.5876 23.8419 -0.1370 0.0198 0.9904 0.0072 0.8979
-11.2072 64.9080 -24.1365 -0.3125 -0.0063 -0.9499 0.1302 0.2370
13.7790 -1.6371 -22.9108 0.9926 0.0033 -0.1216 0.2415 0.4989
13.7790 -1.6371 -22.9108 0.8524 -0.0087 -0.5227 0.2301 0.5030
-11.6767 -21.7434 24.5783 0.0504 0.0358 0.9981 0.1050 0.5867
-12.5631 -0.5293 24.3162 -0.6409 0.0150 0.7675 0.1086 0.5019
14.1025 -42.6885 -13.5360 1.0000 0.0035 0.0020 0.2790 0.6630
-12.6810 31.4328 23.8861 -0.9811 0.0042 0.1935 0.4384 0.3738
-12.6810 31.4328 23.8861 -0.7792 -0.0139 0.6267 0.1090 0.3742
-12.5989 -111.3176 24.5569 -0.1588 -0.0027 0.9873 0.1087 0.9448
10.9708 -121.8425 0.0690 0.3025 -0.9530 0.0185 0.9616 0.0949
8.4957 -121.8425 17.6379 0.1881 -0.9807 0.0526 0.9517 0.1651
-0.1877 -32.8772 24.3327 0.0546 0.0069 0.9985 0.0591 0.6312
-3.0083 124.5011 9.9639 0.1039 0.9946 -0.0076 0.7153 0.1361
-13.7500 -80.6065 19.7331 -0.9993 0.0069 0.0359 0.4550 0.8216
0.0171 60.2436 -24.6478 -0.0221 -0.0104 -0.9997 0.1751 0.2556
11.9979 -121.3369 1.0159 0.4683 -0.8834 0.0171 0.9657 0.0987
-13.5829 25.8308 -11.3049 -0.9999 0.0111 -0.0028 0.5790 0.3962
-11.5283 112.4242 -23.6759 -0.7572 0.0110 -0.6531 0.1289 0.0470
-11.5283 112.4242 -23.6759 -0.9409 0.0003 -0.3387 0.8061 0.2205
-3.8874 -120.4579 -22.2345 -0.0198 -0.1213 -0.9924 0.1595 0.9780
-13.3965 76.4188 -5.4253 -1.0000 0.0024 -0.0008 0.5555 0.1939
-12.1677 116.6055 7.9127 -0.9995 -0.0262 0.0147 0.5022 0.0333
3.0619 -29.4080 24.0640 0.0892 0.0755 0.9931 0.0461 0.6174
12.9807 110.7868 24.2684 0.2052 0.0027 0.9787 0.0065 0.0569
-13.6787 -54.6718 -15.2956 -0.9995 -0.0274 -0.0165 0.5950 0.7180
-13.2805 60.6001 8.3014 -0.9998 0.0067 0.0186 0.5007 0.2572
-13.6852 -0.1517 -3.8546 -0.9999 0.0028 0.0114 0.5493 0.5000
-8.5043 -123.2739 -16.4237 0.0262 -0.9979 -0.0589 0.8837 0.0289
14.0143 4.8557 22.7182 0.7418 -0.0073 0.6705 0.0023 0.4804
14.0143 4.8557 22.7182 0.9596 -0.0055 0.2813 0.4239 0.4730
-4.5093 67.3115 -24.5870 -0.0374 -0.0109 -0.9992 0.1570 0.2274
8.1529 -1.0752 23.3195 0.0941 0.0202 0.9954 0.0258 0.5041
-13.4856 -119.0072 23.9630 -0.9001 -0.3216 0.2940 0.4381 0.9751
-13.4856 -119.0072 23.9630 -0.7377 0.0203 0.6748 0.1123 0.9755
-13.4856 -119.0072 23.9630 -0.3188 -0.8199 0.4755 0.7626 0.1918
2.6105 3.1655 -24.4181 -0.0289 -0.0134 -0.9995 0.1854 0.4838
11.8169 -57.5929 23.3960 -0.2055 -0.0064 0.9786 0.0111 0.7300
-13.9939 -118.6724 2.0842 -0.9742 -0.2250 -0.0157 0.5255 0.9738
-13.9513 -78.5050 1.4735 -1.0000 0.0071 -0.0053 0.5280 0.8132
3.6363 -14.8629 23.8781 0.0947 0.0353 0.9949 0.0438 0.5592
-7.0067 -124.1177 13.3953 0.0669 -0.9967 -0.0470 0.8897 0.1481
13.3396 82.6094 -23.4202 0.7664 -0.0049 -0.6424 0.2283 0.1662
13.4920 -107.7659 -23.0424 0.5602 0.0245 -0.8280 0.2289 0.9272
-5.7809 15.7302 24.5549 -0.0649 -0.0267 0.9975 0.0815 0.4369
-2.0923 124.3496 9.5837 0.0952 0.9955 -0.0039 0.7116 0.1346
13.0194 93.0760 24.1207 0.5389 0.0118 0.8423 0.0063 0.1277
-13.3776 68.4607 -5.6275 -0.9999 -0.0109 0.0033 0.5563 0.2258
7.1227 -113.1065 -23.7579 0.0602 -0.0331 -0.9976 0.2035 0.9486
-13.7754 -22.2798 -18.0117 -0.9995 -0.0077 -0.0316 0.6058 0.5885
-5.0836 -65.0944 24.3653 0.0049 -0.0200 0.9998 0.0787 0.7600
-13.0575 -83.5754 -22.8962 -0.9726 0.0594 -0.2246 0.6254 0.8335
-13.0575 -83.5754 -22.8962 -0.8542 0.0312 -0.5190 0.1228 0.8305
-13.5382 -85.0893 23.7501 -0.9667 0.0100 0.2557 0.4389 0.8396
14.0450 108.4648 6.8510 0.9998 -0.0167 -0.0137 0.3605 0.0588
-13.3612 107.1738 4.9598 -0.9999 0.0077 0.0151 0.5140 0.0710
-13.4737 27.1153 3.1963 -0.9999 0.0014 0.0113 0.5211 0.3910
13.8536 -106.3813 -19.4232 0.9987 0.0118 0.0501 0.2555 0.9176
13.8373 121.4482 7.9223 0.9963 0.0838 -0.0181 0.3648 0.0069
-1.7395 -103.7988 24.1666 0.1099 -0.0417 0.9931 0.0653 0.9147
13.8512 6.4525 -20.8371 0.9999 0.0099 -0.0125 0.2498 0.4666
0.9957 -123.0597 -10.0306 0.0974 -0.9948 -0.0300 0.9217 0.0545
-12.5744 -57.5696 -22.8510 -0.2943 0.0520 -0.9543 0.1247 0.7266
12.6943 -47.6011 24.0228 0.0707 -0.0167 0.9974 0.0076 0.6901
-3.9824 -123.8456 7.3367 0.0648 -0.9974 -0.0315 0.9018 0.1239
-13.6306 -65.1188 -16.5216 -0.9993 -0.0065 -0.0357 0.5999 0.7597
-13.7942 -101.2549 21.0344 -0.9982 0.0030 0.0596 0.4498 0.9042
-13.2273 -83.9860 24.2635 -0.4306 -0.0053 0.9025 0.1112 0.8355
13.9073 -83.1726 -22.5855 0.9578 -0.0020 -0.2874 0.2428 0.8249
-2.7429 -123.7327 17.9067 0.1226 -0.9923 0.0199 0.9067 0.1662
12.7909 -92.5638 -23.3788 0.2115 -0.0049 -0.9774 0.2261 0.8665
-11.1373 -10.0341 -23.2567 -0.5487 0.0036 -0.8360 0.1305 0.5365
6.0470 101.1216 24.5951 0.0428 -0.0066 0.9991 0.0342 0.0956
14.0744 -31.5230 -10.3593 0.9999 -0.0113 0.0130 0.2917 0.6184
13.7375 120.8220 23.8499 0.5966 0.0681 0.7996 0.0034 0.0168
13.7375 120.8220 23.8499 0.9624 0.0279 0.2702 0.4284 0.0094
-12.5215 119.4919 24.2376 -0.8710 -0.0170 0.4910 0.4370 0.0218
-12.5215 119.4919 24.2376 -0.5008 -0.0129 0.8654 0.1084 0.0221
13.3001 57.9536 5.0535 0.9990 0.0090 -0.0444 0.3533 0.2607
-2.2387 -72.6460 24.2204 0.0631 -0.0191 0.9978 0.0673 0.7902
13.6242 73.2897 17.7545 0.9992 0.0255 -0.0296 0.4041 0.1994
-4.0364 -123.7443 5.1648 0.0949 -0.9954 -0.0142 0.9016 0.1152
-13.4059 96.9287 9.3887 -0.9998 0.0008 0.0187 0.4963 0.1120
-12.5991 24.1839 24.1555 -0.9394 0.0107 0.3426 0.4373 0.4027
-12.5991 24.1839 24.1555 -0.6197 -0.0191 0.7846 0.1087 0.4031
4.6947 123.7200 19.9934 0.0910 0.9955 0.0248 0.6845 0.1762
-11.3394 9.4253 -23.5160 -0.4723 -0.0301 -0.8809 0.1297 0.4588
-13.0214 -119.5823 -18.9399 -0.2340 -0.9722 0.0051 0.7644 0.0203
14.0830 113.2805 16.1646 0.9999 -0.0000 0.0123 0.3977 0.0396
12.0937 -95.9428 23.3856 -0.2911 0.0399 0.9559 0.0100 0.8833
4.0191 -114.8761 23.6722 0.0632 0.0117 0.9979 0.0423 0.9590
-9.8136 122.0826 -22.6464 -0.0897 -0.0024 -0.9960 0.1358 0.0084
-9.8136 122.0826 -22.6464 -0.0974 0.8571 -0.5058 0.8956 0.2065
-12.9184 36.7023 18.7314 -0.9989 0.0046 0.0477 0.4590 0.3527
7.3524 -118.2638 23.6098 0.0490 -0.1021 0.9936 0.0290 0.9726
2.4085 -92.8093 23.7470 0.0118 0.0285 0.9995 0.0487 0.8708
3.4238 -52.7208 23.9483 0.0705 -0.0506 0.9962 0.0447 0.7106
13.5698 98.5758 -22.6077 0.9794 0.0203 -0.2008 0.2427 0.0983
13.4711 -10.9674 -23.3758 0.7376 -0.0049 -0.6753 0.2289 0.5403
-12.9445 67.8463 -22.1419 -0.8944 0.0043 -0.4473 0.6224 0.2282
7.8605 -122.3129 4.4863 0.1570 -0.9876 -0.0032 0.9491 0.1125
-12.8182 -24.8542 -22.4957 -0.4008 0.0063 -0.9162 0.1238 0.5958
-13.4457 52.3212 -0.5457 -1.0000 0.0001 0.0061 0.5360 0.2903
-12.6186 45.7872 23.7544 -0.9633 -0.0044 0.2685 0.4389 0.3164
-13.1629 -32.4233 24.1194 -0.9974 0.0110 0.0707 0.4374 0.6290
-13.1629 -32.4233 24.1194 -0.7712 0.0239 0.6362 0.1110 0.6294
-13.1622 -39.4485 24.2501 -0.9860 0.0208 0.1656 0.4369 0.6571
-13.1622 -39.4485 24.2501 -0.8054 0.0061 0.5927 0.1110 0.6575
12.6125 -100.9669 23.8055 -0.4050 0.0171 0.9142 0.0079 0.9034
13.6821 119.8576 -5.7163 0.9980 0.0624 -0.0106 0.3103 0.0133
-13.4189 61.2555 -8.4762 -1.0000 0.0021 0.0007 0.5677 0.2546
13.8783 -73.6893 -22.7068 0.8147 0.0123 -0.5797 0.2305 0.7910
13.8783 -73.6893 -22.7068 0.9894 0.0004 -0.1450 0.2423 0.7870
-13.3523 37.1255 -19.5435 -0.9980 0.0035 -0.0635 0.6120 0.3510
-12.6499 -11.0300 24.4831 -0.6353 0.0177 0.7721 0.1089 0.5439
5.9832 123.5878 -0.3631 0.1166 0.9930 -0.0164 0.6794 0.0948
-11.8522 -13.2971 -22.6231 -0.5193 0.0032 -0.8546 0.1276 0.5496
6.4738 81.0617 24.5612 0.0415 -0.0019 0.9991 0.0325 0.1758
-12.9564 -118.9016 9.8410 -0.1852 -0.9827 0.0023 0.7647 0.1354
13.3174 121.9697 -18.1939 0.9780 0.2076 -0.0230 0.2604 0.0048
-9.1687 7.1053 24.5443 0.0455 0.0301 0.9985 0.0950 0.4714
-9.8614 -62.3103 24.4877 -0.0012 -0.0200 0.9998 0.0978 0.7489
-1.2436 -122.5112 23.1333 0.0507 -0.1574 0.9862 0.0633 0.9895
13.4008 81.8761 9.5856 0.9994 -0.0005 -0.0334 0.3714 0.1651
-13.2106 47.2731 11.8770 -0.9990 0.0025 0.0436 0.4864 0.3104
-10.1077 -86.5709 24.4847 0.0450 0.0086 0.9990 0.0988 0.8459
-9.9977 -94.6252 24.4059 0.0467 -0.0043 0.9989 0.0983 0.8781
-13.7552 -22.2014 -5.6208 -0.9999 0.0004 0.0128 0.5563 0.5882
-10.8545 -120.0334 -22.7928 -0.1753 -0.8323 -0.5259 0.7731 0.0049
-10.8545 -120.0334 -22.7928 -0.0870 -0.4750 -0.8757 0.7351 0.2001
-12.1659 20.2662 24.4851 -0.2545 -0.0017 0.9671 0.1070 0.4188
13.6748 -99.7237 8.1951 0.9995 -0.0316 -0.0095 0.3659 0.8910
13.7102 54.9348 -17.3978 0.9989 0.0043 0.0473 0.2636 0.2728
13.1079 87.0015 -23.6511 0.6879 0.0007 -0.7258 0.2274 0.1487
13.4267 104.9063 23.9928 0.6626 -0.0028 0.7489 0.0047 0.0805
-5.6321 -120.3600 -22.2724 0.0320 -0.5680 -0.8224 0.7940 0.0070
-5.6321 -120.3600 -22.2724 0.0203 -0.2281 -0.9734 0.1525 0.9776
13.5685 -106.9839 -14.4889 0.9979 -0.0172 0.0620 0.2752 0.9201
11.4980 -74.1633 -23.7177 0.1152 -0.0051 -0.9933 0.2210 0.7929
13.7927 -92.6902 -10.4663 0.9995 -0.0273 0.0127 0.2913 0.8629
13.8737 -89.4067 -9.4664 0.9997 -0.0263 0.0025 0.2953 0.8498
14.1576 -65.1120 -8.1860 1.0000 0.0001 0.0024 0.3004 0.7527
13.6079 2.6590 -2.4312 0.9999 0.0072 0.0113 0.3234 0.4818
9.4908 7.3713 -24.3488 0.1235 -0.0135 -0.9923 0.2129 0.4670
13.4656 2.1547 23.1797 0.4043 -0.0145 0.9145 0.0045 0.4912
13.1777 118.4614 24.2203 0.3155 0.0011 0.9489 0.0057 0.0263
13.1071 78.1903 -3.0980 0.9997 -0.0065 0.0240 0.3207 0.1798
-7.3165 123.8951 24.3890 0.0584 0.2033 0.9774 0.0876 0.0045
-13.4529 -89.4246 24.0559 -0.9821 0.0540 0.1804 0.4377 0.8569
-13.4529 -89.4246 24.0559 -0.5455 0.0158 0.8380 0.1121 0.8573
-11.3881 124.3539 -16.5229 -0.0696 0.9971 -0.0298 0.7488 0.0302
9.6074 122.6311 23.7664 0.0406 0.2256 0.9734 0.0199 0.0096
-12.0627 25.6903 24.5690 -0.2385 -0.0116 0.9711 0.1066 0.3971
-13.1651 -16.3968 -22.2042 -0.5991 0.0009 -0.8007 0.1224 0.5620
-13.9234 -115.6379 17.7715 -0.9992 -0.0257 0.0300 0.4628 0.9617
10.7928 -65.4700 -23.7987 0.1164 -0.0017 -0.9932 0.2181 0.7581
-14.0098 -93.8143 -7.2709 -0.9996 0.0213 -0.0164 0.5629 0.8744
12.6954 -21.4357 23.4751 -0.1927 0.0207 0.9810 0.0076 0.5855
-9.1255 13.9867 24.4605 -0.0176 -0.0013 0.9998 0.0948 0.4439
13.8701 26.2289 -19.8351 1.0000 -0.0011 0.0014 0.2538 0.3875
-11.7669 -120.6437 -22.2459 -0.7365 0.3180 -0.5970 0.1280 0.9787
-11.7669 -120.6437 -22.2459 -0.9733 0.1648 -0.1601 0.9715 0.3726
-13.4351 43.9501 -15.7474 -0.9999 0.0012 -0.0132 0.5968 0.3237
-11.9608 -75.2925 -23.2724 -0.2575 -0.0043 -0.9663 0.1272 0.7974
-13.3849 62.2613 -14.1567 -0.9999 0.0003 -0.0117 0.5904 0.2505
-4.9047 -80.3055 24.3778 0.0256 -0.0138 0.9996 0.0780 0.8208
-13.4839 87.2900 -1.2263 -0.9999 -0.0128 0.0111 0.5387 0.1505
-12.1952 -121.7369 -7.3680 -0.9992 -0.0386 -0.0044 0.9671 0.3131
-4.1259 -123.8799 12.0831 0.0925 -0.9956 -0.0121 0.9012 0.1429
6.1523 -97.6588 23.5849 0.0818 -0.0853 0.9930 0.0338 0.8902
-10.5364 0.7959 24.5633 -0.0400 -0.0172 0.9991 0.1005 0.4966
-9.2729 -123.7945 1.0873 0.0461 -0.9987 -0.0211 0.8806 0.0989
5.2176 122.8178 23.9797 0.0243 -0.2998 0.9537 0.0375 0.0089
13.7850 116.5789 -12.5234 0.9993 0.0350 -0.0122 0.2830 0.0264
-13.7765 -34.2981 -14.4862 -0.9998 0.0143 -0.0106 0.5918 0.6365
-3.7483 -45.8058 24.5970 0.0054 -0.0226 0.9997 0.0733 0.6829
-13.1100 -49.0430 -22.4487 -0.9528 -0.0097 -0.3036 0.6236 0.6955
-13.1100 -49.0430 -22.4487 -0.5423 0.0350 -0.8395 0.1226 0.6925
-12.6252 -83.3372 -23.1649 -0.1708 -0.0835 -0.9818 0.1245 0.8296
12.5223 -121.2038 -14.9195 0.9597 -0.2805 0.0148 0.2735 0.9769
12.5223 -121.2038 -14.9195 0.6992 -0.7149 0.0036 0.9678 0.0349
-13.0042 61.9632 15.6611 -0.9987 -0.0046 0.0504 0.4712 0.2517
5.4331 -115.2920 23.6482 0.0324 0.0482 0.9983 0.0366 0.9607
-7.6208 -119.4926 22.0180 -0.0594 -0.9982 0.0099 0.7860 0.1841
-11.5564 -109.3797 24.5790 0.0769 -0.0244 0.9967 0.1045 0.9370
-9.0787 78.5974 -24.4733 -0.0780 -0.0028 -0.9970 0.1387 0.1822
-13.2488 89.8238 11.0371 -0.9994 -0.0146 0.0300 0.4897 0.1404
13.3417 120.4881 -23.3777 0.9976 0.0372 -0.0579 0.2397 0.0108
13.4506 84.3978 -23.3016 0.9031 0.0046 -0.4294 0.2400 0.1550
13.4506 84.3978 -23.3016 0.7379 0.0012 -0.6749 0.2288 0.1591
13.3998 122.5071 23.5834 0.4040 0.3655 0.8386 0.0048 0.0101
13.3998 122.5071 23.5834 0.5569 0.7767 0.2944 0.6497 0.1905
-12.0530 124.2767 -8.8357 -0.6410 0.7675 -0.0092 0.7515 0.0609
-13.7108 5.0347 -13.9511 -1.0000 0.0027 -0.0045 0.5896 0.4793
-13.4168 -118.2320 24.0149 -0.7002 0.0335 0.7132 0.1120 0.9724
10.4887 -113.1331 -23.4798 0.0902 -0.0162 -0.9958 0.2169 0.9487
-11.7784 58.2373 -23.6232 -0.9570 0.0121 -0.2899 0.6375 0.1975
-8.2315 15.2132 24.5590 0.0103 0.0079 0.9999 0.0913 0.4390
9.2289 120.6280 -24.3267 0.0276 0.1265 -0.9916 0.2119 0.0142
9.2289 120.6280 -24.3267 0.0133 0.5212 -0.8533 0.8889 0.2826
8.5949 -23.9836 -24.2256 0.0949 0.0007 -0.9955 0.2094 0.5923
-13.3793 -74.1708 24.3697 -0.9872 0.0021 0.1592 0.4364 0.7959
-13.3793 -74.1708 24.3697 -0.2705 -0.0665 0.9604 0.1118 0.7963
-12.8743 -105.0971 -23.1668 -0.6615 -0.0759 -0.7461 0.1235 0.9166
0.2254 -61.5613 -24.1584 -0.0448 -0.0020 -0.9990 0.1759 0.7425
12.7863 93.4903 24.2481 0.5279 0.0108 0.8492 0.0072 0.1261
-13.3911 8.8247 -21.8539 -0.9860 0.0059 -0.1665 0.6212 0.4641
-13.3911 8.8247 -21.8539 -0.8579 0.0087 -0.5138 0.1215 0.4612
14.0325 -28.9961 -5.5536 0.9999 -0.0050 0.0113 0.3109 0.6083
-11.7074 54.4446 -23.8293 -0.4334 0.0381 -0.9004 0.1282 0.2788
-11.7074 54.4446 -23.8293 -0.9319 0.0290 -0.3616 0.6384 0.2127
10.5872 14.8215 -24.2614 0.1522 -0.0030 -0.9883 0.2173 0.4372
-12.9739 105.5759 -22.7420 -0.9157 0.0099 -0.4018 0.6248 0.0774
-12.9739 105.5759 -22.7420 -0.8094 -0.0110 -0.5872 0.1231 0.0744
-9.2627 -83.2267 24.5335 0.0325 -0.0134 0.9994 0.0954 0.8325
-4.1272 -105.8362 24.2223 0.0811 -0.0399 0.9959 0.0748 0.9229
-13.4396 -44.8021 -21.3989 -0.9868 -0.0111 -0.1618 0.6194 0.6785
-11.5170 60.7312 -23.9490 -0.5761 0.0004 -0.8174 0.1290 0.2537
-13.4590 -115.3967 -20.9759 -0.9983 -0.0475 -0.0332 0.6177 0.9607
10.3638 121.6667 -23.6746 -0.0028 0.1332 -0.9911 0.2164 0.0101
10.3638 121.6667 -23.6746 0.0200 0.5221 -0.8527 0.8915 0.2872
-0.7771 -121.6356 -22.9199 -0.0068 0.4156 -0.9095 0.1719 0.9827
-13.8065 -39.7941 2.1633 -1.0000 0.0002 0.0004 0.5252 0.6585
-8.6126 -123.3391 -14.7250 0.0356 -0.9993 -0.0131 0.8833 0.0357
10.5530 -122.0283 -16.2898 0.2011 -0.9794 -0.0184 0.9599 0.0295
13.0697 -96.0823 23.7117 0.3168 0.0188 0.9483 0.0061 0.8839
9.3960 -122.1721 -7.0533 0.1530 -0.9882 -0.0060 0.9553 0.0664
-13.0453 -82.9947 -22.7417 -0.9569 0.0171 -0.2900 0.6248 0.8312
13.6497 17.3355 5.0653 0.9986 0.0111 -0.0510 0.3534 0.4231
-13.2197 44.3297 11.5662 -0.9994 -0.0042 0.0354 0.4876 0.3222
13.9877 -83.5832 3.2820 0.9999 -0.0107 -0.0087 0.3462 0.8265
-12.8633 -17.4441 24.4003 -0.9394 0.0053 0.3429 0.4363 0.5691
-12.8633 -17.4441 24.4003 -0.6552 0.0002 0.7554 0.1098 0.5695
-1.8533 -122.8451 23.0598 0.1458 -0.7105 0.6884 0.9103 0.1868
-1.8533 -122.8451 23.0598 0.0831 -0.3577 0.9301 0.0658 0.9909
13.7584 -7.6389 -5.8596 0.9994 0.0356 -0.0029 0.3097 0.5229
-6.8474 124.7046 10.2165 0.0479 0.9988 -0.0066 0.7307 0.1371
-7.4078 124.7046 6.8500 0.0429 0.9990 -0.0124 0.7329 0.1236
13.8446 -79.6231 17.9798 0.9993 0.0001 0.0373 0.4050 0.8107
13.3508 27.6595 -4.5247 0.9998 0.0118 0.0145 0.3150 0.3818
-9.1275 124.7514 19.6359 0.0580 0.9977 0.0356 0.7398 0.1748
-13.8334 -37.1612 -13.6378 -1.0000 0.0044 -0.0070 0.5884 0.6480
-12.3211 117.7266 6.1947 -0.9988 -0.0278 0.0398 0.5091 0.0288
6.1484 -20.9737 23.7621 0.0779 -0.0628 0.9950 0.0338 0.5836
13.7181 -119.2900 22.5374 0.9943 -0.0791 -0.0720 0.4232 0.9692
14.0378 -59.1079 -0.2364 0.9999 0.0060 0.0085 0.3322 0.7287
-12.5102 114.0123 -6.1231 -0.8347 0.3335 0.4381 0.5583 0.0437
13.1057 56.9306 23.8753 0.4921 -0.0066 0.8705 0.0060 0.2722
-11.8626 -6.0034 -22.6728 -0.4691 -0.0138 -0.8831 0.1276 0.5204
-13.8676 -97.8321 -15.4392 -0.9996 0.0057 -0.0271 0.5956 0.8905
13.8993 26.5690 22.9271 0.6033 -0.0113 0.7974 0.0028 0.3936
13.8993 26.5690 22.9271 0.9655 0.0049 0.2604 0.4248 0.3862
13.8904 -88.4597 0.4970 0.9997 -0.0197 -0.0116 0.3351 0.8460
-13.2719 74.4173 -18.0421 -0.9994 0.0004 -0.0356 0.6060 0.2019
2.0397 -122.9966 -5.2107 0.1000 -0.9949 -0.0103 0.9259 0.0738
-13.2351 -88.1510 -23.0759 -0.8823 0.1164 -0.4562 0.6261 0.8518
-13.2351 -88.1510 -23.0759 -0.7264 0.0966 -0.6804 0.1221 0.8488
-12.7556 115.7317 8.4734 -0.4613 0.4505 -0.7644 0.7899 0.2203
-12.7556 115.7317 8.4734 -0.3338 0.5219 -0.7850 0.8176 0.2592
-13.0920 80.6241 12.0610 -0.9992 -0.0019 0.0393 0.4856 0.1771
-1.9328 -122.5571 -22.8923 0.0400 -0.2851 -0.9577 0.1673 0.9863
-1.9328 -122.5571 -22.8923 0.0709 -0.8604 -0.5047 0.9100 0.0031
3.1706 -122.9305 12.8348 0.1253 -0.9920 0.0161 0.9304 0.1459
12.9604 -73.2209 -23.5342 0.3283 -0.0071 -0.9445 0.2268 0.7891
-4.4365 123.7672 -21.8713 0.0363 0.9901 -0.1356 0.7210 0.0088
-14.0164 -118.6831 3.8119 -0.9978 -0.0659 -0.0047 0.5186 0.9738
-14.0164 -118.6831 3.8119 -0.8603 -0.5098 0.0045 0.7605 0.1113
-11.5047 76.3721 -23.7697 -0.9421 0.0281 -0.3342 0.6381 0.1250
13.6499 90.1282 -19.5927 1.0000 -0.0070 0.0059 0.2548 0.1321
13.3503 109.9791 -22.8845 0.9143 0.0115 -0.4048 0.2416 0.0528
-13.0343 -61.1156 -22.5514 -0.9422 -0.0028 -0.3350 0.6240 0.7437
6.0235 -120.4059 22.3143 0.1394 0.3274 0.9346 0.0343 0.9811
6.0235 -120.4059 22.3143 -0.0577 -0.5389 0.8404 0.8406 0.1852
13.3188 -106.9251 0.1354 0.9996 -0.0196 -0.0179 0.3336 0.9198
-3.9453 -92.8741 24.3205 0.0366 0.0010 0.9993 0.0741 0.8711
13.5953 53.0093 23.2508 0.8607 -0.0056 0.5092 0.0040 0.2879
13.5953 53.0093 23.2508 0.9275 0.0029 0.3737 0.4261 0.2805
-0.2072 -98.8703 24.1799 0.0561 -0.1329 0.9895 0.0592 0.8950
-12.5523 32.0972 24.1517 -0.8969 -0.0030 0.4422 0.4373 0.3711
-12.5523 32.0972 24.1517 -0.7608 -0.0555 0.6466 0.1085 0.3715
7.8707 -120.2737 -22.7306 -0.0584 -0.3361 -0.9400 0.2065 0.9772
7.8707 -120.2737 -22.7306 -0.0320 -0.6457 -0.7629 0.8480 0.0052
-12.9932 77.0553 13.9963 -0.9990 0.0024 0.0441 0.4779 0.1914
-5.3561 -100.5733 24.1749 0.0393 -0.0071 0.9992 0.0798 0.9018
-12.8819 -11.2412 24.2179 -0.9794 -0.0029 0.2017 0.4370 0.5444
-12.8819 -11.2412 24.2179 -0.7614 0.0082 0.6483 0.1098 0.5447
14.0584 109.5941 17.4589 0.9998 -0.0064 0.0163 0.4029 0.0543
13.1120 68.7522 -4.7604 0.9997 -0.0034 0.0229 0.3141 0.2176
-12.1903 79.0808 -22.9153 -0.3179 -0.0072 -0.9481 0.1263 0.1803
-1.1635 -43.2159 -24.1310 -0.0435 -0.0043 -0.9990 0.1704 0.6692
-13.6383 14.5083 -14.4592 -0.9999 -0.0155 0.0005 0.5916 0.4414
-12.3863 123.4951 -22.4820 -0.9209 0.0808 -0.3813 0.6237 0.0058
-12.3863 123.4951 -22.4820 -0.5578 0.7593 -0.3352 0.7528 0.0064
-12.3863 123.4951 -22.4820 -0.6247 0.0049 -0.7809 0.1255 0.0028
12.7000 82.5876 24.2732 0.2320 -0.0026 0.9727 0.0076 0.1697
-12.6864 14.0043 24.1226 -0.9533 0.0535 0.2974 0.4374 0.4434
-12.6864 14.0043 24.1226 -0.6824 0.0353 0.7302 0.1091 0.4438
-12.8271 -118.8891 15.0908 -0.2132 -0.9769 -0.0167 0.7652 0.1564
2.4345 123.1878 -23.0616 0.0324 0.9244 -0.3800 0.6935 0.0041
2.4345 123.1878 -23.0616 -0.0178 0.4065 -0.9135 0.1847 0.0040
-14.0525 -106.8431 -9.8069 -0.9996 0.0045 -0.0276 0.5731 0.9265
0.2932 -109.7329 23.7676 0.0423 0.0100 0.9991 0.0572 0.9385
1.5829 -59.3682 -24.2242 -0.0337 0.0011 -0.9994 0.1813 0.7338
-13.8763 -118.8814 10.9509 -0.9849 -0.1728 0.0132 0.4901 0.9746
-13.8763 -118.8814 10.9509 -0.4488 -0.8936 -0.0040 0.7610 0.1398
13.1122 82.8583 -0.6248 0.9998 -0.0180 0.0108 0.3306 0.1612
-6.2645 2.2165 24.6682 -0.0527 -0.0285 0.9982 0.0834 0.4909
-13.5243 -12.4436 9.2297 -0.9995 0.0056 0.0296 0.4970 0.5492
-12.4839 -119.2934 -22.7741 -0.4581 -0.8015 -0.3845 0.7666 0.0050
13.5493 88.7050 -23.0291 0.9418 -0.0006 -0.3362 0.2411 0.1378
3.9098 -120.0793 22.1595 -0.0772 -0.9043 0.4198 0.8321 0.1846
3.9098 -120.0793 22.1595 -0.0939 -0.0936 0.9912 0.0427 0.9798
-6.5960 122.3517 -22.9094 -0.0540 -0.0194 -0.9984 0.1486 0.0073
3.2328 -98.2552 -24.0955 -0.0066 -0.0086 -0.9999 0.1879 0.8892
-12.3601 82.9519 -22.8544 -0.4496 -0.0412 -0.8923 0.1256 0.1648
-4.6670 38.5971 24.6117 0.0263 -0.0159 0.9995 0.0770 0.3455
9.6418 -51.6786 -24.0142 0.1031 0.0011 -0.9947 0.2135 0.7030
13.4585 -34.6981 23.0333 0.9400 -0.1009 0.3260 0.4252 0.6311
13.3875 122.3985 -7.1910 0.7652 0.6437 -0.0048 0.6498 0.0675
-12.7213 61.9091 -22.4954 -0.8844 0.0210 -0.4662 0.6238 0.2519
-12.7213 61.9091 -22.4954 -0.5623 0.0156 -0.8268 0.1242 0.2490
11.7596 -92.0346 23.2522 -0.1419 -0.0004 0.9899 0.0113 0.8677
-13.2954 48.2126 9.4502 -0.9997 0.0052 0.0253 0.4961 0.3067
-12.0411 -32.8749 -22.7510 -0.3951 0.0055 -0.9186 0.1269 0.6278
13.7217 -97.2836 -13.1447 0.9992 -0.0220 0.0343 0.2806 0.8813
7.5687 -110.8102 23.3729 0.0450 0.0428 0.9981 0.0281 0.9428
11.9207 -100.3046 23.4464 -0.2761 0.0041 0.9611 0.0107 0.9008
13.8016 -7.5710 -10.5626 0.9997 0.0024 0.0229 0.2909 0.5227
12.4818 122.9702 -18.7596 0.2550 0.9668 -0.0171 0.6534 0.0213
-13.2998 -56.7358 -21.5605 -0.9869 -0.0183 -0.1601 0.6200 0.7262
-13.6019 23.0745 -10.6558 -1.0000 0.0032 0.0037 0.5764 0.4072
4.6454 -122.7824 10.8864 0.1520 -0.9882 0.0199 0.9363 0.1381
12.0255 -108.1809 23.3939 -0.2472 -0.0362 0.9683 0.0103 0.9322
3.8274 123.4758 23.8685 0.0750 0.7596 0.6461 0.6880 0.1917
14.0366 12.8843 22.6264 0.7731 -0.0005 0.6343 0.0022 0.4483
14.0366 12.8843 22.6264 0.9237 0.0133 0.3829 0.4236 0.4409
8.5138 -121.5686 -22.8778 0.0225 -0.0679 -0.9974 0.2090 0.9824
13.8252 -33.6781 16.0907 0.9995 -0.0178 0.0276 0.3974 0.6270
-12.0763 77.0193 -22.9094 -0.4072 -0.0242 -0.9130 0.1267 0.1886
-3.8334 -37.0526 24.4770 0.0532 0.0140 0.9985 0.0737 0.6479
13.7112 -69.9647 -23.0448 0.7524 -0.0093 -0.6586 0.2298 0.7761
-10.8771 110.5083 -24.4945 -0.1810 -0.0137 -0.9834 0.1315 0.0547
0.8311 -122.8326 -18.7883 0.0758 -0.9967 -0.0302 0.9210 0.0195
-2.5958 -94.2915 24.1860 0.1203 0.0002 0.9927 0.0687 0.8767
-12.4615 73.9922 23.7781 -0.9592 -0.0061 0.2828 0.4388 0.2036
-13.3068 68.5530 1.2873 -0.9996 -0.0223 0.0197 0.5287 0.2254
13.7106 100.4890 -0.7524 0.9995 -0.0282 -0.0106 0.3301 0.0907
13.5437 -18.8258 -23.3133 0.9220 0.0040 -0.3872 0.2399 0.5676
13.5437 -18.8258 -23.3133 0.7035 0.0085 -0.7107 0.2291 0.5717
-13.7560 -34.4100 -16.5961 -0.9999 0.0112 -0.0080 0.6002 0.6370
-11.8833 118.9640 -23.3899 -0.2394 -0.0137 -0.9708 0.1275 0.0209
14.1043 -52.1307 -7.6784 0.9999 0.0074 0.0132 0.3024 0.7008
13.6263 35.9374 23.3053 0.4608 -0.0197 0.8873 0.0039 0.3561
13.6263 35.9374 23.3053 0.8800 -0.0077 0.4750 0.4263 0.3487
13.9853 112.3131 20.2065 0.9991 -0.0035 0.0429 0.4139 0.0434
-11.6307 123.6509 23.5483 -0.4934 -0.5559 0.6690 0.1048 0.0055
13.8549 34.2796 -19.9078 1.0000 0.0023 0.0065 0.2535 0.3554
-12.7466 -52.4898 -22.9385 -0.2683 -0.0166 -0.9632 0.1240 0.7063
-13.3753 59.5311 -14.8939 -0.9999 0.0037 -0.0123 0.5934 0.2614
-13.3654 114.8763 -7.8217 -0.8504 0.2885 0.4400 0.5651 0.0402
5.3183 -122.5605 14.7519 0.1687 -0.9853 0.0279 0.9390 0.1536
13.8025 97.5423 18.5578 0.9983 -0.0556 0.0147 0.4073 0.1025
-11.7928 -9.1437 -22.6654 -0.4783 -0.0104 -0.8781 0.1279 0.5330
13.4799 37.6953 -10.8880 0.9994 0.0080 0.0334 0.2896 0.3417
-13.5067 -83.1592 23.9188 -0.9662 -0.0127 0.2575 0.4382 0.8318
-13.7475 -55.6013 -13.2590 -0.9998 0.0085 -0.0186 0.5868 0.7217
-13.5774 -22.1901 -21.3847 -0.9800 -0.0135 -0.1983 0.6193 0.5881
3.5446 -114.1434 -23.8320 0.0154 -0.0397 -0.9991 0.1892 0.9527
3.1910 -122.8987 -7.5036 0.0896 -0.9960 0.0070 0.9305 0.0646
12.7374 -70.6204 -23.5999 0.1747 -0.0026 -0.9846 0.2259 0.7787
-13.2758 76.3246 -17.9767 -0.9993 0.0062 -0.0359 0.6057 0.1943
-7.1291 124.6312 3.4392 0.0351 0.9992 -0.0212 0.7318 0.1100
-5.4749 -119.5033 -23.3880 -0.0065 -0.7734 -0.6339 0.7946 0.0026
-5.4749 -119.5033 -23.3880 -0.0025 -0.4170 -0.9089 0.1531 0.9741
14.1413 -68.0770 -7.9644 1.0000 -0.0053 0.0026 0.3013 0.7645
-12.3318 -12.4429 24.5843 -0.0224 0.0140 0.9997 0.1076 0.5495
-13.6055 -82.8809 -18.2188 -0.9979 0.0070 -0.0651 0.6067 0.8307
5.0853 123.0792 -23.0190 0.0471 0.9523 -0.3014 0.6830 0.0042
13.7731 99.0475 5.4087 0.9993 -0.0342 -0.0165 0.3547 0.0965
-12.6169 57.3404 23.3573 -0.9971 -0.0014 0.0760 0.4405 0.2702
13.6943 -92.4028 21.3516 0.9978 0.0009 0.0656 0.4185 0.8618
13.1806 122.6672 -0.4140 0.4198 0.9076 -0.0082 0.6506 0.0946
13.6334 -115.6216 22.7028 0.9996 0.0157 -0.0236 0.4239 0.9546
14.0310 -32.0894 -1.0104 1.0000 -0.0003 0.0100 0.3291 0.6207
11.9046 -105.1160 23.4739 -0.3043 -0.0239 0.9523 0.0108 0.9200
-13.7532 -30.5094 3.3373 -1.0000 0.0023 0.0048 0.5205 0.6214
10.2312 123.1728 11.1399 0.1257 0.9920 -0.0103 0.6624 0.1408
-13.4385 55.8479 -5.3612 -1.0000 0.0067 0.0006 0.5553 0.2762
-3.1691 -35.9349 24.5357 0.0259 -0.0369 0.9990 0.0710 0.6435
-13.0778 -111.3274 -23.6154 -0.3386 -0.0153 -0.9408 0.1227 0.9415
-11.4052 -123.4318 23.1581 -0.2822 0.1269 0.9509 0.1039 0.9932
-12.5665 96.2122 -23.1722 -0.6154 -0.0242 -0.7878 0.1248 0.1118
13.3502 -99.7469 23.5392 0.7101 -0.0095 0.7041 0.0050 0.8985
13.3502 -99.7469 23.5392 0.9151 0.0179 0.4028 0.4272 0.8911
13.5711 -93.9929 22.8512 0.9853 0.0105 0.1706 0.4245 0.8681
-3.1237 -12.8265 24.5401 0.0848 0.0697 0.9940 0.0708 0.5511
-0.2647 -39.7093 24.2804 0.0842 0.0269 0.9961 0.0594 0.6585
1.0487 -121.3081 -22.7389 -0.0201 0.5361 -0.8439 0.1792 0.9814
-13.2283 15.1908 -22.0993 -0.9513 0.0034 -0.3082 0.6222 0.4387
-13.2283 15.1908 -22.0993 -0.7616 0.0188 -0.6478 0.1221 0.4357
-11.1615 108.1670 -24.3967 -0.6368 -0.0130 -0.7709 0.1304 0.0640
-11.1615 108.1670 -24.3967 -0.8876 -0.0098 -0.4604 0.8090 0.2376
13.6843 70.1366 17.7237 0.9999 0.0082 -0.0119 0.4040 0.2120
-13.5147 27.9905 -15.5523 -0.9997 0.0219 -0.0112 0.5960 0.3875
13.6104 -107.9899 12.8695 0.9999 -0.0086 -0.0146 0.3846 0.9241
-4.0592 -38.5606 24.6199 0.0621 0.0345 0.9975 0.0746 0.6539
13.1347 74.3449 -23.7334 0.5933 -0.0033 -0.8049 0.2275 0.1992
2.5971 122.4221 23.7769 -0.0395 -0.3129 0.9490 0.0480 0.0104
5.9479 -69.2575 23.6093 0.0741 -0.0499 0.9960 0.0346 0.7767
5.5217 -33.5136 23.7598 0.0749 -0.0324 0.9967 0.0363 0.6338
9.8474 -27.9426 -24.1107 0.0914 -0.0047 -0.9958 0.2144 0.6081
-11.7332 124.5926 -0.1104 -0.4269 0.9039 -0.0278 0.7502 0.0958
-11.8908 49.3574 -23.6233 -0.9736 0.0211 -0.2272 0.6375 0.2330
-11.8908 49.3574 -23.6233 -0.8068 0.0058 -0.5908 0.1275 0.2991
-11.7638 88.3711 24.5139 -0.0358 -0.0066 0.9993 0.1054 0.1465
13.2224 -43.5003 -23.5798 0.4419 -0.0105 -0.8970 0.2279 0.6703
0.5334 -117.8968 23.9340 0.0492 -0.1727 0.9838 0.0562 0.9711
8.1076 123.3479 0.6848 0.1188 0.9928 -0.0147 0.6709 0.0990
-0.6443 16.1446 24.3470 0.1175 0.0744 0.9903 0.0609 0.4353
13.5365 52.1968 -13.9912 0.9987 0.0047 0.0505 0.2772 0.2837
8.9425 -96.1373 23.3939 0.1380 0.0617 0.9885 0.0226 0.8841
7.7199 -122.4433 -12.8767 0.1182 -0.9930 -0.0079 0.9486 0.0431
-11.5097 19.1605 -23.6990 -0.3963 -0.0228 -0.9178 0.1290 0.4198
-11.6584 107.1558 -23.5438 -0.5816 0.0093 -0.8134 0.1284 0.0681
-11.6584 107.1558 -23.5438 -0.8819 -0.0120 -0.4713 0.6372 0.0020
-13.5939 9.5334 -4.9282 -0.9999 0.0049 0.0128 0.5535 0.4613
-13.4879 28.3029 -17.6236 -0.9998 0.0166 -0.0069 0.6043 0.3863
-12.3039 26.2320 -22.9072 -0.8908 0.0139 -0.4542 0.6347 0.3255
-12.3039 26.2320 -22.9072 -0.6084 0.0158 -0.7935 0.1258 0.3916
13.6765 68.2082 20.3960 0.9998 0.0054 0.0176 0.4146 0.2197
5.8893 38.1406 -24.6737 0.0215 0.0021 -0.9998 0.1985 0.3440
13.5714 45.7560 23.3876 0.6182 -0.0159 0.7859 0.0041 0.3169
13.5714 45.7560 23.3876 0.8884 0.0052 0.4591 0.4266 0.3095
14.1163 -70.4458 -4.0016 1.0000 -0.0040 0.0075 0.3171 0.7740
-13.3993 36.4304 5.3355 -0.9999 0.0062 0.0108 0.5125 0.3538
-13.7230 -73.0736 -12.5046 -0.9999 -0.0025 -0.0099 0.5838 0.7915
-12.0216 124.3866 14.1711 -0.7409 0.6716 -0.0024 0.7513 0.1529
-13.1468 -99.9168 -22.8161 -0.9511 -0.0805 -0.2981 0.6251 0.8988
-13.1468 -99.9168 -22.8161 -0.8447 -0.1762 -0.5054 0.1225 0.8958
-13.4305 -66.4736 24.3074 -0.9968 0.0212 0.0774 0.4367 0.7651
-13.4305 -66.4736 24.3074 -0.5753 0.1187 0.8093 0.1120 0.7655
12.5846 26.4304 -23.9489 0.2583 0.0045 -0.9661 0.2253 0.3908
-12.1272 121.4577 24.4149 -0.1697 0.0984 0.9806 0.1068 0.0143
-12.1272 121.4577 24.4149 -0.1576 0.6408 0.7513 0.8825 0.2003
-12.3827 107.6305 -23.3240 -0.3839 -0.0023 -0.9234 0.1255 0.0662
-5.4470 -106.7375 24.1483 0.0111 -0.0199 0.9997 0.0801 0.9265
-8.3035 -0.1562 24.6736 -0.0242 0.0194 0.9995 0.0915 0.5004
-12.8466 -42.5511 24.5549 -0.0435 -0.0248 0.9987 0.1097 0.6699
12.8760 -106.3366 23.8894 -0.0107 -0.0276 0.9996 0.0069 0.9249
-12.8871 -1.4330 -22.3790 -0.5019 0.0015 -0.8649 0.1235 0.5022
-13.4925 17.3497 1.5135 -0.9999 0.0030 0.0122 0.5278 0.4301
-13.0388 -114.1743 -23.6554 -0.4028 0.0369 -0.9146 0.1229 0.9528
4.9450 -120.5179 22.1479 -0.2278 0.5239 0.8208 0.0386 0.9816
6.2171 -122.5755 4.3934 0.1486 -0.9889 -0.0096 0.9426 0.1122
13.6204 -1.1693 -0.4189 1.0000 0.0053 0.0000 0.3314 0.4971
-13.6766 -55.7608 -15.2882 -0.9995 0.0160 -0.0286 0.5950 0.7223
-11.3750 -25.0701 -23.1895 -0.5516 0.0025 -0.8341 0.1295 0.5967
12.0115 -30.2341 23.3874 -0.1235 0.0047 0.9923 0.0103 0.6207
-12.0689 35.1054 24.5990 -0.3410 0.0131 0.9400 0.1066 0.3595
13.6268 74.2112 21.0649 0.9996 0.0146 0.0258 0.4173 0.1957
7.7020 123.3638 -7.7441 0.1118 0.9937 0.0043 0.6725 0.0653
13.1059 82.8037 2.0491 0.9997 -0.0161 -0.0194 0.3413 0.1614
-2.5541 -96.1948 24.1116 0.0682 -0.0051 0.9977 0.0686 0.8843
12.6375 30.5655 -23.9596 0.2856 -0.0091 -0.9583 0.2255 0.3743
-8.6439 124.2235 24.3044 -0.0513 0.2800 0.9586 0.0929 0.0032
-8.6439 124.2235 24.3044 0.0572 0.6121 0.7887 0.7378 0.1934
-7.5416 38.1616 -24.2502 -0.0641 -0.0021 -0.9979 0.1449 0.3439
-13.7505 -73.9377 -10.1010 -0.9999 0.0012 -0.0101 0.5742 0.7950
-11.1860 -13.7952 -23.1883 -0.5866 0.0010 -0.8099 0.1303 0.5516
-13.6996 4.7648 -10.4945 -1.0000 0.0072 0.0064 0.5758 0.4804
13.6392 -26.8824 22.7915 0.9787 -0.0124 0.2050 0.4242 0.5999
14.0939 -69.9197 1.1154 1.0000 0.0012 0.0002 0.3376 0.7719
14.0498 -32.6100 -4.3046 0.9999 0.0112 0.0075 0.3159 0.6227
-13.7419 -49.0137 -6.1287 -1.0000 -0.0018 -0.0022 0.5583 0.6953
5.6281 -120.6969 22.4937 0.3254 0.2873 0.9009 0.0358 0.9823
4.5883 55.3787 24.3688 0.0560 -0.0113 0.9984 0.0400 0.2784
-10.4069 -114.8314 24.3992 0.0710 0.0017 0.9975 0.0999 0.9588
2.2412 -85.4123 23.9694 0.0749 -0.0079 0.9972 0.0494 0.8412
13.3325 89.9491 -6.1779 0.9997 -0.0185 0.0132 0.3084 0.1328
-13.7933 -80.8836 -8.5920 -0.9998 0.0026 -0.0198 0.5682 0.8227
13.3785 -103.5322 -3.7805 0.9993 -0.0376 0.0015 0.3180 0.9063
13.0014 -101.7626 23.8590 0.2231 0.0124 0.9747 0.0064 0.9066
-13.7379 -40.9777 7.8858 -0.9998 0.0065 0.0188 0.5023 0.6632
-13.7826 -40.9772 -5.1518 -1.0000 0.0005 0.0031 0.5544 0.6632
-2.5970 30.9166 -24.5102 -0.0407 -0.0048 -0.9992 0.1646 0.3729
2.3467 -26.5451 24.1241 0.0518 -0.0498 0.9974 0.0490 0.6059
13.9640 -28.2293 -21.0534 0.9985 0.0096 -0.0532 0.2489 0.6052
4.6177 122.3333 23.8304 -0.0278 -0.1122 0.9933 0.0399 0.0108
-11.8654 37.4907 -23.7048 -0.8947 0.0046 -0.4467 0.6379 0.2805
-11.8654 37.4907 -23.7048 -0.5648 0.0156 -0.8251 0.1276 0.3466
12.6612 4.7424 -23.9132 0.3352 -0.0064 -0.9421 0.2256 0.4775
-12.7748 16.3818 23.7605 -0.9601 -0.0010 0.2795 0.4389 0.4339
-12.7389 -50.6089 -22.8327 -0.3559 0.0954 -0.9296 0.1241 0.6987
-12.8423 101.5204 18.6252 -0.9980 0.0184 0.0609 0.4594 0.0936
-2.9160 -123.6803 19.1674 0.1337 -0.9905 0.0320 0.9061 0.1712
-9.0938 -107.4139 -23.6422 -0.0316 0.0065 -0.9995 0.1387 0.9258
-12.7561 99.1164 24.1667 -0.8823 0.0602 0.4669 0.4372 0.1032
-12.7561 99.1164 24.1667 -0.5843 0.0253 0.8111 0.1093 0.1036
-10.9452 -65.2347 24.4649 0.0214 0.0038 0.9998 0.1021 0.7606
13.0719 -88.2837 23.6990 0.3058 0.0173 0.9519 0.0061 0.8527
13.2292 -95.4137 23.6418 0.5819 0.0135 0.8131 0.0055 0.8812
1.8277 -122.9060 -14.7440 0.0751 -0.9966 -0.0347 0.9250 0.0357
6.2579 122.8934 23.9633 0.0772 0.0101 0.9970 0.0333 0.0086
10.1547 -90.2492 23.4043 0.0807 -0.0036 0.9967 0.0178 0.8606
13.2984 -115.3756 8.3775 0.9983 -0.0503 -0.0288 0.3666 0.9536
-12.3514 -119.2028 -23.1316 -0.6181 -0.4100 -0.6707 0.1256 0.9729
-12.3514 -119.2028 -23.1316 -0.4704 -0.8268 -0.3084 0.7671 0.0036
-13.0867 87.0457 14.9424 -0.9992 -0.0113 0.0389 0.4741 0.1515
13.7044 -34.6411 -23.2000 0.9625 -0.0237 -0.2703 0.2404 0.6309
13.7044 -34.6411 -23.2000 0.6651 -0.0021 -0.7467 0.2298 0.6349
-13.8011 -107.3401 -18.1769 -0.9991 0.0099 -0.0415 0.6065 0.9285
-12.9587 -67.7760 -22.9146 -0.9803 -0.0124 -0.1971 0.6254 0.7703
-12.9587 -67.7760 -22.9146 -0.6026 0.0117 -0.7980 0.1232 0.7674
1.3902 16.8051 23.9286 0.0935 0.0224 0.9954 0.0528 0.4326
13.7192 -88.4256 21.0303 0.9972 0.0036 0.0748 0.4172 0.8459
13.8274 -93.6745 5.8911 0.9997 -0.0230 -0.0065 0.3567 0.8669
6.1525 76.8962 24.5459 0.0409 -0.0067 0.9991 0.0338 0.1924
-13.6613 -100.1754 -19.2750 -0.9949 0.0053 -0.1007 0.6109 0.8999
-0.2144 -87.5268 -23.9929 -0.0336 -0.0097 -0.9994 0.1741 0.8463
14.0223 -80.1474 3.3735 1.0000 -0.0076 -0.0046 0.3466 0.8128
13.8842 10.9085 -18.1077 0.9998 -0.0005 0.0182 0.2607 0.4488
13.8088 101.7809 3.1359 0.9994 -0.0283 -0.0174 0.3456 0.0855
-13.5364 -74.1833 23.3682 -0.9943 0.0046 0.1061 0.4404 0.7960
-12.9448 -68.5990 -22.9698 -0.9774 0.0153 -0.2107 0.6257 0.7736
-12.9448 -68.5990 -22.9698 -0.6569 0.0816 -0.7496 0.1233 0.7707
-12.0444 -52.1954 -23.0652 -0.3240 0.0141 -0.9460 0.1269 0.7051
12.8166 -120.6149 15.3156 0.6494 -0.7604 0.0035 0.9689 0.1558
13.7125 -118.4912 22.6112 0.9982 0.0114 -0.0594 0.4235 0.9661
-13.5474 -64.9417 -18.5804 -0.9985 -0.0039 -0.0551 0.6081 0.7590
10.0228 -99.0335 23.2046 -0.0090 -0.0151 0.9998 0.0183 0.8957
-13.3510 -83.5800 -21.3018 -0.9863 0.0128 -0.1646 0.6190 0.8335
-6.2235 -120.1093 -22.4683 0.0226 -0.7360 -0.6766 0.7916 0.0062
-4.3502 -77.8122 24.4097 0.0414 -0.0109 0.9991 0.0757 0.8109
9.4552 -122.1669 -2.3335 0.1465 -0.9891 0.0120 0.9555 0.0853
13.8670 -55.0907 10.2448 0.9992 0.0331 0.0241 0.3741 0.7126
-8.1130 124.4454 -6.0537 0.0551 0.9985 -0.0074 0.7357 0.0721
-13.2621 -70.4979 24.5319 -0.8662 0.0331 0.4986 0.7729 0.2083
-13.2621 -70.4979 24.5319 -0.4306 0.0124 0.9025 0.1114 0.7816
13.4379 77.4303 10.6853 0.9996 0.0030 -0.0268 0.3758 0.1829
-13.0446 82.3979 13.0724 -0.9991 -0.0034 0.0415 0.4816 0.1700
-13.5055 105.7094 -17.0983 -0.9990 -0.0068 -0.0449 0.6022 0.0769
9.4728 -85.7408 -23.8586 0.1498 -0.0134 -0.9886 0.2129 0.8392
13.5885 -98.4155 0.4554 0.9993 -0.0360 -0.0113 0.3349 0.8858
-13.7416 -47.9591 -7.6886 -1.0000 -0.0081 0.0030 0.5646 0.6911
-13.0227 -43.9614 24.5214 -0.8862 0.0273 0.4626 0.4358 0.6751
-13.0227 -43.9614 24.5214 -0.0980 0.0325 0.9947 0.1104 0.6755
3.1367 -122.6373 -19.0953 0.0734 -0.9962 -0.0465 0.9302 0.0183
1.8635 -122.6566 -22.2657 0.0602 -0.9725 -0.2250 0.9252 0.0056
13.5638 71.4876 14.3675 0.9994 0.0234 -0.0273 0.3905 0.2066
13.5938 -98.9978 22.9526 0.9752 0.0012 0.2213 0.4249 0.8881
-13.1503 -85.3597 -22.8900 -0.9907 0.0220 -0.1343 0.6253 0.8406
-13.1503 -85.3597 -22.8900 -0.7181 0.0455 -0.6945 0.1224 0.8377
14.0590 -13.0407 16.2365 1.0000 -0.0005 0.0035 0.3980 0.5445
-13.3334 55.0386 -19.0993 -0.9990 0.0080 -0.0433 0.6102 0.2794
-13.3268 70.6563 -16.6636 -0.9996 0.0050 -0.0269 0.6005 0.2170
13.6053 88.9803 -17.4451 0.9997 -0.0049 0.0255 0.2634 0.1367
-13.3649 57.8770 3.2005 -0.9998 0.0133 0.0144 0.5211 0.2681
-12.7461 48.9904 21.8617 -0.9985 0.0015 0.0554 0.4465 0.3036
-13.4105 -10.5620 -21.9051 -0.9362 -0.0017 -0.3513 0.6214 0.5416
2.2326 48.1257 24.4464 0.0653 -0.0117 0.9978 0.0494 0.3074
8.7256 -65.2712 23.3935 0.0477 -0.0157 0.9987 0.0235 0.7607
-13.9091 -88.0908 15.4350 -0.9997 0.0082 0.0239 0.4721 0.8516
13.6716 28.8714 -23.2307 0.9443 -0.0047 -0.3291 0.2402 0.3770
13.6716 28.8714 -23.2307 0.7567 0.0110 -0.6536 0.2297 0.3810
0.8438 -122.8901 -17.0734 0.0678 -0.9967 -0.0446 0.9211 0.0263
-13.1369 112.0303 4.9301 -0.9792 0.1913 -0.0679 0.5141 0.0516
-4.7690 102.0496 -24.8158 -0.0323 -0.0000 -0.9995 0.1559 0.0885
-8.9288 106.6897 24.7579 -0.0533 -0.0013 0.9986 0.0940 0.0733
-14.2277 -102.7502 7.3847 -1.0000 0.0019 0.0098 0.5043 0.9102
-13.0778 -44.8490 24.4683 -0.9012 0.0290 0.4325 0.4360 0.6787
-13.0778 -44.8490 24.4683 -0.7797 0.0282 0.6255 0.1106 0.6791
7.4704 -39.1407 23.6561 0.0511 -0.0001 0.9987 0.0285 0.6563
-13.4730 15.5168 4.3810 -1.0000 0.0020 0.0097 0.5163 0.4374
0.6795 -121.9450 23.0486 0.0118 0.3034 0.9528 0.0556 0.9873
6.7991 -111.8982 23.5140 0.0867 0.0011 0.9962 0.0312 0.9471
-1.2877 11.0017 24.4359 0.0802 0.0044 0.9968 0.0635 0.4558
-13.6330 -98.9413 23.5252 -0.9951 -0.0035 0.0985 0.4398 0.8949
13.8980 -100.5797 -19.2740 0.9996 -0.0167 0.0236 0.2561 0.8945
12.7201 -28.7455 -23.8162 0.1989 -0.0063 -0.9800 0.2259 0.6113
13.7087 30.4992 -23.1517 0.9402 -0.0075 -0.3406 0.2406 0.3705
13.7087 30.4992 -23.1517 0.7624 0.0036 -0.6471 0.2298 0.3745
13.9872 16.9924 12.8068 0.9994 0.0101 -0.0332 0.3843 0.4245
-9.8354 110.1126 -24.5631 -0.0599 0.0026 -0.9982 0.1357 0.0563
-12.9515 -90.4668 -23.4051 -0.4069 -0.0706 -0.9108 0.1232 0.8581
5.9028 -16.0963 23.7504 0.1115 0.0535 0.9923 0.0348 0.5641
-8.8034 -118.8955 23.6388 0.0130 -0.7415 0.6709 0.7813 0.1905
-8.8034 -118.8955 23.6388 0.0028 -0.4966 0.8680 0.0935 0.9751
13.9059 -87.4839 14.9028 0.9999 -0.0026 0.0163 0.3927 0.8421
-12.4924 1.7764 24.3375 -0.6841 0.0007 0.7294 0.1083 0.4927
14.1079 -73.2884 -8.3141 1.0000 -0.0091 -0.0009 0.2999 0.7854
-13.4735 -116.0636 -22.9736 -0.9677 -0.1725 -0.1840 0.6257 0.9634
-5.4620 32.9719 24.5511 -0.0126 -0.0696 0.9975 0.0802 0.3680
1.8989 -46.4182 24.2878 0.0636 0.0481 0.9968 0.0508 0.6854
-11.2027 66.1399 -24.1412 -0.4032 -0.0004 -0.9151 0.1302 0.2320
6.9248 122.7110 23.8598 0.0876 -0.0687 0.9938 0.0307 0.0093
14.0813 -65.5804 3.5083 1.0000 0.0063 -0.0007 0.3471 0.7545
13.5840 94.8911 17.9312 0.9969 -0.0775 0.0155 0.4048 0.1131
-13.5814 115.6399 -9.2242 -0.9910 0.0754 0.1110 0.5707 0.0372
-13.5942 -76.4329 22.7049 -0.9982 0.0047 0.0604 0.4431 0.8050
-13.4076 77.2819 -2.4859 -1.0000 0.0023 0.0031 0.5438 0.1905
13.0876 -9.0806 -23.6854 0.4178 0.0026 -0.9085 0.2273 0.5327
-9.7389 123.1973 -23.0477 -0.0264 -0.1931 -0.9808 0.1361 0.0040
-13.3470 -49.9550 -21.6985 -0.9845 0.0067 -0.1753 0.6206 0.6991
-12.9282 -59.8705 -22.7995 -0.8943 -0.0134 -0.4473 0.6250 0.7387
-12.9282 -59.8705 -22.7995 -0.7713 0.0099 -0.6364 0.1233 0.7358
9.3176 -122.0772 4.1835 0.1446 -0.9895 -0.0085 0.9550 0.1113
13.6663 -101.1046 9.9445 0.9995 -0.0260 -0.0160 0.3729 0.8965
8.6967 60.1992 24.2180 0.0529 -0.0177 0.9984 0.0236 0.2592
13.7708 -92.6108 0.6014 0.9994 -0.0300 -0.0155 0.3355 0.8626
12.7321 -67.7005 23.7811 -0.2601 -0.0043 0.9656 0.0075 0.7704
-13.3162 47.0204 8.2553 -0.9998 0.0025 0.0175 0.5008 0.3115
-7.8940 -47.8822 -23.7435 -0.0705 0.0065 -0.9975 0.1434 0.6878
-5.5974 124.1892 -13.8611 0.0321 0.9992 -0.0227 0.7257 0.0409
13.0380 -75.0336 23.8373 0.3642 -0.0249 0.9310 0.0062 0.7997
-13.2357 -76.2788 24.2728 -0.8745 0.2086 0.4379 0.4368 0.8043
-13.2357 -76.2788 24.2728 -0.3079 0.0397 0.9506 0.1113 0.8047
-0.0938 124.2746 7.8562 0.0634 0.9979 -0.0103 0.7037 0.1277
0.1359 -26.8841 -24.1606 -0.0438 -0.0059 -0.9990 0.1755 0.6039
-12.7142 102.4775 23.8906 -0.8124 -0.0314 0.5822 0.1092 0.0902
7.1866 -16.0890 -24.3950 0.0132 -0.0054 -0.9999 0.2037 0.5608
8.9076 -88.8140 23.2784 0.0798 -0.0375 0.9961 0.0227 0.8548
13.9968 103.7767 15.6088 0.9998 -0.0214 0.0030 0.3955 0.0776
0.7884 -5.7929 24.3217 0.0949 0.0078 0.9955 0.0552 0.5230
4.1095 -122.7811 -13.9865 0.0825 -0.9963 -0.0229 0.9341 0.0387
-14.2301 -106.0366 1.1539 -1.0000 -0.0026 -0.0071 0.5292 0.9233
-7.4223 -28.8221 -23.7525 -0.0792 0.0003 -0.9969 0.1453 0.6116
-1.5347 124.3291 8.5597 0.0200 0.9997 -0.0129 0.7094 0.1305
-13.6591 -13.9256 -20.5095 -0.9967 0.0011 -0.0806 0.6158 0.5551
-12.2299 44.4085 -22.8826 -0.9322 -0.0095 -0.3617 0.6346 0.2528
-12.2299 44.4085 -22.8826 -0.6125 0.0109 -0.7904 0.1261 0.3189
13.6085 -102.6214 8.8988 0.9995 -0.0245 -0.0179 0.3687 0.9026
-10.9443 -107.6740 24.5158 0.1004 0.0276 0.9946 0.1021 0.9302
13.8636 -55.9201 -22.7672 0.9513 -0.0039 -0.3083 0.2421 0.7159
8.3826 -78.8567 23.5618 0.0622 0.0169 0.9979 0.0248 0.8150
-13.1825 111.9058 -22.1475 -0.9737 -0.0108 -0.2275 0.6224 0.0521
-11.6133 109.8482 -23.5625 -0.6077 -0.0057 -0.7942 0.1286 0.0573
-8.4653 -73.9078 24.5587 0.0115 0.0017 0.9999 0.0922 0.7952
-13.1404 75.1801 9.9536 -0.9995 -0.0039 0.0316 0.4941 0.1989
13.7159 21.6571 23.0713 0.3409 -0.0289 0.9396 0.0035 0.4132
13.7159 21.6571 23.0713 0.8709 -0.0174 0.4911 0.4253 0.4058
-13.8073 -34.8676 -10.9159 -1.0000 0.0085 -0.0035 0.5775 0.6388
-13.5614 -107.9075 -23.1087 -0.9935 -0.0734 -0.0869 0.6262 0.9308
-13.5614 -107.9075 -23.1087 -0.8089 -0.0354 -0.5869 0.1208 0.9278
13.7218 -95.4292 2.0259 0.9993 -0.0300 -0.0212 0.3412 0.8739
-11.5555 99.1930 -23.6765 -0.8123 0.0114 -0.5831 0.1288 0.0999
-11.5555 99.1930 -23.6765 -0.9122 0.0204 -0.4093 0.6378 0.0338
-13.4366 -39.3827 18.2014 -0.9995 0.0063 0.0298 0.4611 0.6568
-13.3315 -82.2104 -21.3322 -0.9831 0.0110 -0.1827 0.6191 0.8280
13.4092 -119.1792 -23.1383 0.8717 -0.0821 -0.4831 0.2406 0.9688
13.4092 -119.1792 -23.1383 0.4512 -0.0816 -0.8887 0.2286 0.9728
-12.8379 -35.1617 -22.5395 -0.4054 -0.0149 -0.9140 0.1237 0.6370
13.3583 -3.5273 23.1619 0.1506 0.0313 0.9881 0.0049 0.5139
13.8997 -61.4020 -22.5006 0.9790 -0.0184 -0.2032 0.2432 0.7378
13.5390 -76.6063 -23.1538 0.6364 -0.0184 -0.7711 0.2291 0.8027
6.1458 -122.4815 -18.1455 0.0621 -0.9957 -0.0687 0.9423 0.0221
-6.5671 -124.1657 21.0173 0.0909 -0.9958 -0.0091 0.8915 0.1786
-4.7626 121.6337 24.1742 -0.0027 0.7351 0.6779 0.8816 0.2297
13.4596 53.6074 7.6141 0.9988 0.0090 -0.0481 0.3635 0.2781
-11.5543 104.0570 -23.6143 -0.3737 -0.0056 -0.9275 0.1288 0.0805
-11.5543 104.0570 -23.6143 -0.9016 -0.0093 -0.4324 0.6375 0.0144
-13.5281 -54.8479 19.4502 -0.9996 0.0079 0.0283 0.4561 0.7187
10.2970 122.9252 -22.3253 0.0680 0.9850 -0.1588 0.6621 0.0070
-14.1251 -115.2782 7.4015 -0.9995 -0.0297 0.0071 0.5043 0.9602
6.0261 -44.7745 23.9273 0.0586 -0.0400 0.9975 0.0343 0.6788
1.7979 -29.3277 24.1633 0.1108 0.0377 0.9931 0.0512 0.6170
0.8733 -91.2658 24.0563 0.1277 -0.0411 0.9910 0.0549 0.8646
-12.2416 32.6044 -22.9927 -0.8973 0.0202 -0.4410 0.6350 0.3000
-12.2416 32.6044 -22.9927 -0.6895 0.0043 -0.7242 0.1261 0.3661
-13.5199 36.2352 -8.4362 -1.0000 0.0046 -0.0002 0.5676 0.3546
13.4444 90.8661 22.2278 0.9999 0.0087 0.0115 0.4220 0.1292
-11.6136 61.9451 -23.8832 -0.5612 0.0020 -0.8277 0.1286 0.2488
-11.6136 61.9451 -23.8832 -0.9080 0.0162 -0.4188 0.6386 0.1827
-12.7856 -66.6886 -23.0596 -0.4537 0.0263 -0.8908 0.1239 0.7630
13.6846 14.0388 -11.9130 0.9995 -0.0016 0.0320 0.2855 0.4363
-4.2274 26.2154 24.5923 0.0157 0.0002 0.9999 0.0752 0.3950
12.7669 62.5814 24.0628 0.3192 -0.0105 0.9476 0.0073 0.2496
0.8535 38.2481 24.3211 0.0685 -0.0220 0.9974 0.0549 0.3469
-11.6840 26.1111 -23.8257 -0.4290 -0.0185 -0.9031 0.1283 0.3921
13.7017 51.6836 22.9970 0.8634 0.0211 0.5041 0.0036 0.2932
13.7017 51.6836 22.9970 0.9696 0.0029 0.2446 0.4250 0.2858
-13.5002 21.3866 0.3685 -0.9999 0.0007 0.0100 0.5324 0.4139
-11.9803 24.2835 24.5131 -0.0786 -0.0399 0.9961 0.1062 0.4027
2.6390 -99.9202 23.8343 -0.0254 0.0005 0.9997 0.0478 0.8992
-5.2102 124.2982 -8.8654 0.0546 0.9979 -0.0336 0.7241 0.0608
-12.8625 101.3148 -22.9320 -0.8823 -0.0057 -0.4706 0.6255 0.0944
-12.8625 101.3148 -22.9320 -0.7413 0.0000 -0.6711 0.1236 0.0914
7.6010 -34.5085 23.6623 0.0674 -0.0423 0.9968 0.0280 0.6377
1.9387 123.9055 -2.7975 0.0773 0.9969 -0.0165 0.6955 0.0851
13.4682 122.6801 22.7215 0.4877 0.8691 0.0821 0.6494 0.1871
13.4682 122.6801 22.7215 0.8715 0.4901 0.0182 0.4239 0.0020
-13.4573 45.9310 -4.9442 -1.0000 -0.0003 0.0074 0.5536 0.3158
13.6497 -98.9944 4.5142 0.9981 -0.0341 -0.0509 0.3512 0.8881
13.8567 36.3573 22.8853 0.9592 0.0036 0.2827 0.4246 0.3471
-13.1924 -104.2043 -22.8274 -0.9947 -0.0869 -0.0542 0.6251 0.9160
-13.1924 -104.2043 -22.8274 -0.7932 -0.1437 -0.5918 0.1223 0.9130
-13.1444 76.9178 -20.4260 -0.9975 0.0039 -0.0708 0.6155 0.1919
-11.5973 119.4246 -23.6117 -0.7140 -0.0550 -0.6980 0.1286 0.0190
-13.0817 -72.0714 -22.6231 -0.9840 0.0040 -0.1784 0.6243 0.7875
-11.3058 46.6930 -24.0285 -0.2646 -0.0019 -0.9644 0.1298 0.3098
-7.4522 -123.8970 5.7856 -0.0443 -0.9977 -0.0517 0.8879 0.1177
13.8421 42.5448 -22.7643 0.9912 -0.0028 -0.1325 0.2421 0.3223
-13.4488 37.0399 0.8223 -0.9999 0.0068 0.0116 0.5306 0.3514
14.0932 -33.5684 -14.9165 1.0000 -0.0032 0.0089 0.2735 0.6266
-7.2334 102.3535 -24.6901 -0.0456 0.0048 -0.9989 0.1461 0.0873
-9.0305 -67.4627 24.3964 -0.0191 -0.0111 0.9998 0.0944 0.7695
-13.6229 10.6760 -18.3857 -0.9998 0.0130 -0.0129 0.6073 0.4567
-7.9843 122.3887 23.6173 0.0610 -0.1250 0.9903 0.0903 0.0106
-12.7040 121.1633 18.1650 -0.9938 0.0953 0.0578 0.4612 0.0151
-12.7040 121.1633 18.1650 -0.7727 0.6340 0.0309 0.8575 0.1980
13.4898 68.5905 10.4666 0.9992 0.0117 -0.0378 0.3749 0.2182
-13.8584 -118.4165 17.8198 -0.9754 -0.2195 0.0230 0.4626 0.9728
9.2398 -36.0700 23.4195 0.0949 0.0132 0.9954 0.0214 0.6440
14.0030 -57.5655 3.5454 0.9999 0.0125 0.0067 0.3473 0.7225
13.2773 3.1342 -23.6047 0.6162 -0.0036 -0.7875 0.2281 0.4839
13.2513 95.8024 23.9988 0.4934 -0.0423 0.8688 0.0054 0.1168
13.2513 95.8024 23.9988 0.9017 -0.0629 0.4278 0.4290 0.1094
5.0732 -97.5090 23.6602 0.1079 -0.0820 0.9908 0.0381 0.8896
4.2223 123.7733 -0.4395 0.0918 0.9956 -0.0205 0.6864 0.0945
13.0941 91.9950 24.0849 0.6494 -0.0009 0.7605 0.0060 0.1321
-2.6963 -123.3562 22.7001 0.1505 -0.8333 0.5319 0.9069 0.1853
-13.4455 55.0394 -8.6098 -1.0000 0.0060 -0.0023 0.5683 0.2794
-13.1045 32.4889 -22.1304 -0.8920 0.0130 -0.4519 0.6223 0.3695
-13.1045 32.4889 -22.1304 -0.7434 -0.0016 -0.6688 0.1226 0.3666
13.5515 82.3882 20.6839 0.9998 0.0042 0.0181 0.4158 0.1631
13.0332 -102.7377 23.8624 0.3192 0.0082 0.9477 0.0062 0.9105
10.2247 -54.3196 -23.9393 0.1196 -0.0078 -0.9928 0.2159 0.7136
13.2766 -77.5324 -23.3470 0.5234 -0.0071 -0.8521 0.2281 0.8064
0.8221 -123.2240 -1.2129 0.1083 -0.9940 -0.0173 0.9210 0.0897
5.7507 -118.5839 23.6420 0.0342 -0.0510 0.9981 0.0354 0.9738
5.7507 -118.5839 23.6420 0.0229 -0.5335 0.8455 0.8395 0.1906
-13.5754 -62.2097 -18.1026 -0.9983 0.0036 -0.0582 0.6062 0.7481
13.6775 -85.3110 21.4492 0.9967 0.0042 0.0810 0.4188 0.8334
-6.3775 -91.5697 -23.7168 -0.0586 -0.0024 -0.9983 0.1495 0.8625
-0.3627 -104.3558 23.8751 0.0620 -0.0674 0.9958 0.0598 0.9170
13.9956 104.1935 12.0348 0.9997 -0.0254 -0.0055 0.3812 0.0759
-12.2204 72.8608 24.2575 -0.6922 -0.0028 0.7217 0.1072 0.2086
14.1091 -44.0618 -19.8924 0.9995 -0.0111 -0.0285 0.2536 0.6685
6.7333 -100.5209 23.5619 0.0802 -0.1100 0.9907 0.0314 0.9016
-13.3182 67.7954 0.0802 -0.9999 -0.0099 0.0137 0.5335 0.2284
-12.6346 -23.6075 24.5884 -0.6515 0.0199 0.7584 0.1089 0.5942
13.4232 92.9223 -8.1168 0.9990 -0.0403 0.0167 0.3007 0.1209
-12.4205 -119.3616 -0.7535 -0.9787 -0.2039 -0.0238 0.9766 0.2867
-13.2568 -56.0207 24.3511 -0.9696 0.0222 0.2437 0.4365 0.7234
-13.2568 -56.0207 24.3511 -0.3925 0.0670 0.9173 0.1113 0.7237
-12.1277 -119.8127 -18.1011 -0.7284 -0.6849 -0.0210 0.7680 0.0237
-12.1277 -119.8127 -18.1011 -0.9148 -0.4028 -0.0313 0.9748 0.3560
13.1997 -6.5074 23.1996 -0.0173 0.0124 0.9998 0.0056 0.5258
-12.2732 91.6853 -23.1631 -0.3399 -0.0165 -0.9403 0.1259 0.1299
-13.7027 -106.8100 -21.0305 -0.9894 0.1147 -0.0887 0.6179 0.9264
-13.9549 -80.2807 9.5506 -0.9999 0.0074 0.0095 0.4957 0.8203
-14.0478 -87.3518 1.9463 -0.9998 0.0153 -0.0110 0.5261 0.8486
3.6029 -102.1038 23.7521 0.0655 0.0250 0.9975 0.0439 0.9080
-4.3573 -120.1393 -22.3766 0.0025 -0.4385 -0.8987 0.1576 0.9767
-4.3573 -120.1393 -22.3766 -0.0053 -0.8703 -0.4925 0.7991 0.0066
-12.4881 119.4212 -4.3175 -1.0000 -0.0077 -0.0015 0.5511 0.0220
13.9792 -6.9387 9.8264 0.9998 0.0135 -0.0165 0.3724 0.5201
12.7049 -85.3781 23.6659 -0.2396 -0.0017 0.9709 0.0076 0.8411
-0.6380 -123.4609 7.3029 0.1185 -0.9929 -0.0103 0.9152 0.1238
-11.1584 124.9403 14.0862 -0.1138 0.9935 0.0041 0.7479 0.1526
-11.3832 86.6148 -24.0664 -0.9168 0.0074 -0.3992 0.6393 0.0841
13.5838 -117.5100 21.9105 0.9963 0.0109 -0.0854 0.4207 0.9621
-13.0939 -66.9357 -22.3179 -0.9812 -0.0106 -0.1925 0.6231 0.7670
13.5461 85.9404 18.2685 0.9999 0.0102 -0.0047 0.4061 0.1489
11.2482 -79.5182 -23.6933 0.1279 -0.0131 -0.9917 0.2200 0.8143
13.6037 45.6560 9.4668 0.9992 0.0072 -0.0392 0.3710 0.3099
-2.6359 -123.7412 10.5229 0.1123 -0.9937 0.0020 0.9072 0.1367
-13.4430 -107.4555 24.1040 -0.5853 -0.0183 0.8106 0.1121 0.9293
4.1634 123.7231 -3.6255 0.0821 0.9966 -0.0046 0.6866 0.0818
13.7885 12.8298 -22.8927 0.9310 -0.0030 -0.3649 0.2416 0.4411
-1.8796 -122.8622 -22.3038 0.0611 -0.9765 -0.2065 0.9102 0.0054
-12.2132 -15.7042 24.6276 0.0713 0.0106 0.9974 0.1072 0.5626
11.9094 43.4947 23.7550 0.0392 -0.0182 0.9991 0.0107 0.3259
-13.3975 -43.4650 -21.6356 -0.9768 -0.0079 -0.2142 0.6203 0.6732
8.3119 123.0033 23.7743 0.0968 0.8591 0.5026 0.6701 0.1913
8.3119 123.0033 23.7743 0.0043 0.1005 0.9949 0.0251 0.0081
13.9262 14.4561 22.7643 0.7129 0.0065 0.7012 0.0027 0.4420
13.2594 -46.4530 23.3613 0.9744 -0.0089 0.2248 0.4265 0.6781
-7.0612 124.6682 18.1954 0.0624 0.9975 0.0326 0.7315 0.1690
-13.1367 92.9753 15.7900 -0.9987 -0.0327 0.0403 0.4707 0.1278
-13.4609 -70.4059 24.0980 -0.9945 0.0238 0.1018 0.4375 0.7809
-12.3299 68.1053 24.1180 -0.9094 0.0068 0.4159 0.4374 0.2272
-12.3299 68.1053 24.1180 -0.7500 -0.0011 0.6614 0.1076 0.2276
13.8468 -94.7254 12.3396 0.9998 -0.0192 0.0066 0.3824 0.8711
-10.8695 103.7308 -24.4510 -0.2002 -0.0101 -0.9797 0.1316 0.0818
-12.9142 -41.3855 -22.5398 -0.5769 0.0287 -0.8163 0.1234 0.6619
-12.1100 40.8557 24.5352 -0.4503 -0.0134 0.8928 0.1068 0.3365
-13.7265 -18.3035 -3.7169 -0.9999 0.0011 0.0105 0.5487 0.5726
-13.4594 40.9676 -13.8686 -1.0000 0.0067 -0.0070 0.5893 0.3357
7.3123 -105.1644 23.2946 0.0690 -0.0315 0.9971 0.0291 0.9202
-13.3661 69.1614 -14.5542 -0.9999 0.0057 -0.0145 0.5920 0.2230
12.9205 118.9426 -23.9687 0.5611 -0.0903 -0.8228 0.2267 0.0210
-13.2257 -20.1575 18.6397 -0.9993 0.0093 0.0348 0.4593 0.5800
-14.0151 -112.6287 17.4406 -0.9993 -0.0176 0.0333 0.4641 0.9496
-4.3851 -119.7852 21.0197 -0.0323 -0.8188 0.5731 0.7990 0.1801
-11.9338 -42.5966 -22.9035 -0.4389 0.0231 -0.8982 0.1273 0.6667
-12.4185 112.6844 5.4284 -0.3405 0.7397 -0.5805 0.8162 0.2470
-5.7394 -123.5270 -7.8349 0.0011 -0.9963 -0.0862 0.8948 0.0633
-13.1948 -54.3271 24.4192 -0.9454 0.0296 0.3247 0.4362 0.7166
-13.1948 -54.3271 24.4192 -0.3246 -0.0360 0.9452 0.1111 0.7170
-13.9161 -74.4593 0.9919 -0.9999 0.0102 -0.0056 0.5299 0.7971
12.8825 -70.8483 23.8622 0.0257 0.0196 0.9995 0.0069 0.7830
14.1559 -51.4561 -14.6588 1.0000 -0.0014 0.0068 0.2745 0.6981
-12.8035 74.2420 -22.4248 -0.9575 0.0071 -0.2884 0.6235 0.2026
-12.8035 74.2420 -22.4248 -0.6686 0.0109 -0.7436 0.1238 0.1997
-12.2996 10.7118 -22.7317 -0.6252 -0.0180 -0.7803 0.1258 0.4536
-2.3065 122.8050 23.8574 -0.0342 -0.6152 0.7876 0.0676 0.0089
-11.9811 -123.3678 -8.8312 -0.9221 -0.3867 -0.0149 0.9606 0.3190
-11.9811 -123.3678 -8.8312 -0.4546 -0.8902 -0.0299 0.8698 0.0593
7.5425 -104.1262 23.4196 0.0649 -0.0739 0.9951 0.0282 0.9160
-12.9540 -69.5100 -23.0693 -0.9684 0.0368 -0.2467 0.6261 0.7773
-12.9540 -69.5100 -23.0693 -0.2053 0.0122 -0.9786 0.1232 0.7743
13.3273 78.0576 7.2796 0.9991 0.0024 -0.0415 0.3622 0.1804
-11.7044 -119.2058 23.5459 0.1060 -0.9584 0.2651 0.7697 0.1902
-8.7660 -123.7798 -0.6745 0.0411 -0.9990 -0.0181 0.8827 0.0919
3.9056 -88.9540 23.7509 0.0740 -0.0033 0.9973 0.0427 0.8554
1.8496 -69.1030 -24.2156 -0.0341 -0.0001 -0.9994 0.1824 0.7727
13.5872 -14.4263 23.1322 0.7252 -0.0022 0.6885 0.0040 0.5575
-12.0942 124.1433 17.4016 -0.9995 -0.0299 -0.0091 0.4643 0.0032
-13.6144 -19.3411 7.4007 -0.9997 0.0076 0.0244 0.5043 0.5767
-6.1184 -23.0895 24.5151 0.0214 0.0158 0.9996 0.0828 0.5921
14.1639 6.7167 19.9738 0.9999 -0.0090 0.0057 0.4130 0.4655
2.4465 -51.2171 -24.2513 -0.0286 0.0046 -0.9996 0.1848 0.7012
-10.2477 -124.0601 7.1298 0.0236 -0.9987 -0.0446 0.8767 0.1231
13.9742 -28.3314 13.1521 0.9996 -0.0155 0.0219 0.3857 0.6056
4.9120 -38.6335 -24.3224 -0.0070 -0.0050 -1.0000 0.1946 0.6509
-13.2257 -24.3596 20.0456 -0.9993 0.0113 0.0348 0.4537 0.5968
-8.0764 124.6566 3.0767 0.0448 0.9988 -0.0198 0.7356 0.1086
-3.6794 -102.3600 -23.8499 -0.0455 -0.0047 -0.9990 0.1603 0.9056
-12.7746 -58.1558 -22.8592 -0.3031 0.0599 -0.9511 0.1239 0.7289
-2.2692 -122.8463 -20.6175 0.0192 -0.9994 -0.0271 0.9086 0.0122
13.6569 28.7255 23.1877 0.6301 0.0204 0.7762 0.0038 0.3850
-9.2448 24.0986 -24.0577 -0.0787 -0.0115 -0.9968 0.1380 0.4001
1.2516 105.8352 -24.9088 -0.0024 0.0076 -1.0000 0.1800 0.0734
13.5427 89.8385 -15.2800 0.9994 -0.0129 0.0335 0.2720 0.1333
-13.7378 -53.2527 10.8918 -0.9998 0.0036 0.0205 0.4903 0.7123
-12.2258 105.4034 -23.3587 -0.3609 -0.0019 -0.9326 0.1261 0.0751
13.6657 -7.6395 23.0239 0.5344 -0.0189 0.8450 0.0037 0.5303
13.6657 -7.6395 23.0239 0.8885 -0.0033 0.4588 0.4251 0.5229
-12.1034 -35.7279 -22.7169 -0.4029 -0.0071 -0.9152 0.1266 0.6393
-13.0689 -99.3568 -23.1414 -0.8789 -0.1423 -0.4552 0.6264 0.8966
-13.0689 -99.3568 -23.1414 -0.6915 -0.1425 -0.7082 0.1228 0.8936
-12.3453 123.8982 -9.7288 -0.9275 0.3738 0.0062 0.5727 0.0041
-12.3453 123.8982 -9.7288 -0.7887 0.6148 -0.0028 0.7526 0.0574
-13.6269 104.6373 -11.0795 -0.9999 -0.0078 -0.0120 0.5781 0.0811
-11.2315 121.8406 -22.0960 -0.3200 -0.0822 -0.9439 0.1301 0.0094
-5.1202 -123.9781 15.4195 0.0866 -0.9961 -0.0166 0.8972 0.1562
-11.3033 -95.5682 24.5180 0.0428 0.0289 0.9987 0.1035 0.8818
13.2283 76.5031 5.0273 0.9988 -0.0005 -0.0494 0.3532 0.1866
8.7187 -102.5935 23.4017 -0.0056 0.1321 0.9912 0.0235 0.9099
13.8508 -28.5312 -22.7675 0.9660 0.0014 -0.2585 0.2421 0.6064
11.8168 -61.8824 23.3812 -0.0726 -0.0042 0.9974 0.0111 0.7472
-12.3278 120.2225 6.2942 -0.9996 0.0019 0.0274 0.5087 0.0188
-8.2824 -123.5386 -8.8382 0.0463 -0.9989 -0.0026 0.8846 0.0593
-13.9735 -108.4783 18.2697 -0.9992 0.0109 0.0386 0.4608 0.9331
11.5872 -40.7272 -23.8559 0.1136 -0.0069 -0.9935 0.2213 0.6592
-5.8973 -122.2471 -23.0652 0.0132 -0.0970 -0.9952 0.1514 0.9851
-12.5563 39.2927 24.0187 -0.9550 0.0129 0.2962 0.4378 0.3424
-12.5563 39.2927 24.0187 -0.7893 -0.0064 0.6140 0.1085 0.3427
-2.0731 123.5986 24.2701 0.0392 0.2671 0.9629 0.0666 0.0057
1.7874 -89.1050 -24.0312 -0.0281 -0.0067 -0.9996 0.1821 0.8526
13.9988 -22.6972 -0.4154 1.0000 0.0049 0.0011 0.3314 0.5831
-13.0349 79.7815 13.1671 -0.9988 -0.0041 0.0486 0.4812 0.1805
11.8509 -118.4976 23.3332 -0.0501 -0.0425 0.9978 0.0110 0.9735
-13.3757 -119.2444 -3.7481 -0.0472 -0.9962 0.0727 0.7630 0.0811
-12.8833 43.5798 19.2149 -0.9990 0.0028 0.0457 0.4570 0.3252
-13.0678 -76.8882 -23.0948 -0.9685 0.0944 -0.2302 0.6262 0.8068
-13.0678 -76.8882 -23.0948 -0.3677 0.1477 -0.9181 0.1228 0.8038
-13.0783 60.4229 13.9636 -0.9987 -0.0078 0.0508 0.4780 0.2579
3.8649 -43.8905 24.0516 0.0701 -0.0257 0.9972 0.0429 0.6753
-12.5562 33.2323 24.1514 -0.9358 0.0143 0.3522 0.4373 0.3666
-12.5562 33.2323 24.1514 -0.7723 0.0024 0.6352 0.1085 0.3670
-13.6869 -75.1246 -15.1583 -0.9997 0.0015 -0.0226 0.5944 0.7997
13.1204 80.0257 -2.8018 0.9997 -0.0113 0.0239 0.3219 0.1725
12.9050 -120.4423 12.6188 0.7204 -0.6936 -0.0062 0.9693 0.1450
12.9050 -120.4423 12.6188 0.9475 -0.3185 -0.0276 0.3836 0.9739
-12.9640 84.6267 16.9056 -0.9983 -0.0398 0.0432 0.4663 0.1611
-12.5587 112.7548 -23.2272 -0.3957 0.0074 -0.9184 0.1248 0.0457
-10.7280 -8.5454 -23.4205 -0.2593 -0.0080 -0.9658 0.1321 0.5306
12.9654 -71.9316 23.8609 0.1854 -0.0113 0.9826 0.0065 0.7873
14.0645 -63.4703 6.9771 0.9999 0.0099 0.0038 0.3610 0.7461
-12.3461 116.1970 8.5473 -0.6202 0.3854 -0.6832 0.7916 0.2184
-13.9127 -92.5023 16.8882 -0.9994 0.0043 0.0341 0.4663 0.8692
-10.9243 111.6230 -24.5033 -0.2124 0.0026 -0.9772 0.1313 0.0502
-6.4928 -106.9263 24.1624 0.0157 -0.0077 0.9998 0.0843 0.9272
13.7387 -95.5885 20.1580 0.9994 -0.0072 0.0327 0.4137 0.8745
-12.3851 84.6161 -22.9612 -0.4413 -0.0589 -0.8954 0.1255 0.1582
-5.0283 124.6064 8.8343 0.0519 0.9986 -0.0062 0.7234 0.1316
-13.4114 50.0003 2.4354 -0.9999 -0.0024 0.0135 0.5241 0.2995
-11.7505 124.2330 -19.0926 -0.1830 0.9817 -0.0526 0.7502 0.0199
-1.1969 -122.7918 -22.3620 0.0757 -0.9518 -0.2971 0.9129 0.0052
-12.6997 -6.9044 -22.4507 -0.3648 0.0105 -0.9310 0.1242 0.5240
-12.0088 64.8643 -22.9829 -0.7150 -0.0140 -0.6990 0.1270 0.2371
-12.9199 80.5472 16.0675 -0.9988 -0.0158 0.0461 0.4696 0.1774
-13.6678 -111.0801 23.9810 -0.9947 0.0304 0.0979 0.4380 0.9435
-13.6678 -111.0801 23.9810 -0.7130 0.0047 0.7011 0.1130 0.9438
-12.7956 106.7026 23.6242 -0.9804 -0.0032 0.1972 0.4394 0.0729
-14.1554 -110.6213 13.3885 -0.9998 -0.0064 0.0207 0.4803 0.9416
13.6641 79.2103 -19.7382 1.0000 0.0049 0.0086 0.2542 0.1758
13.8514 -5.4552 -22.4718 0.9970 0.0024 -0.0777 0.2433 0.5142
-13.6179 -97.4609 23.6967 -0.9963 -0.0093 0.0860 0.4391 0.8890
13.7074 -97.2635 4.5109 0.9989 -0.0351 -0.0305 0.3511 0.8812
-13.2048 13.0992 -22.0922 -0.9474 0.0180 -0.3195 0.6222 0.4471
-13.2048 13.0992 -22.0922 -0.7232 0.0087 -0.6905 0.1222 0.4441
-8.1645 123.1282 -23.0428 -0.0110 -0.0205 -0.9997 0.1424 0.0042
-5.7974 -123.0446 -18.5258 0.0180 -0.9986 -0.0492 0.8945 0.0205
13.7615 106.4498 23.5124 0.8042 -0.0061 0.5944 0.0033 0.0743
13.7615 106.4498 23.5124 0.9926 -0.0033 0.1211 0.4271 0.0669
-13.6885 111.9419 -9.0608 -0.9995 0.0132 0.0303 0.5701 0.0519
-12.9563 -101.3252 -23.2362 -0.8897 0.2438 -0.3860 0.6267 0.9045
-12.9563 -101.3252 -23.2362 -0.3456 0.0792 -0.9350 0.1232 0.9015
2.2427 -0.4910 24.1198 0.1352 0.0555 0.9893 0.0494 0.5018
4.4596 25.4941 23.7127 0.0934 0.0668 0.9934 0.0405 0.3979
-2.0843 122.2844 -23.0915 -0.0147 -0.1647 -0.9862 0.1667 0.0076
-13.4093 -68.3794 24.1624 -0.9955 -0.0158 0.0939 0.4373 0.7728
-13.4093 -68.3794 24.1624 -0.8202 0.0098 0.5719 0.1120 0.7731
-12.7955 11.0438 23.9260 -0.9625 -0.0103 0.2710 0.4382 0.4553
-12.8140 -118.8942 12.3718 -0.3570 -0.9341 0.0043 0.7653 0.1455
13.9275 -75.1423 16.1428 0.9995 -0.0039 0.0305 0.3976 0.7928
12.9399 113.9686 24.2821 0.2247 0.0004 0.9744 0.0066 0.0442
-10.6239 -42.1248 24.5687 -0.0179 0.0071 0.9998 0.1008 0.6682
-13.5293 -79.0937 -19.1942 -0.9973 0.0046 -0.0729 0.6106 0.8156
-14.1671 -107.0971 -3.5179 -0.9999 0.0040 -0.0148 0.5479 0.9275
-13.8187 -48.4161 -0.1429 -1.0000 0.0003 -0.0063 0.5344 0.6930
-12.8665 83.6130 17.6791 -0.9982 -0.0378 0.0462 0.4632 0.1652
13.8797 17.5929 -19.1381 1.0000 0.0015 -0.0027 0.2566 0.4221
-13.2604 69.4190 5.5818 -0.9998 -0.0123 0.0183 0.5115 0.2219
-12.2152 24.7041 24.4749 -0.5343 -0.0188 0.8451 0.1072 0.4011
13.9647 -14.3421 -18.3384 0.9999 0.0108 -0.0057 0.2598 0.5497
-4.4062 -85.6387 -23.8480 -0.0423 -0.0087 -0.9991 0.1574 0.8388
-13.5445 -6.6087 -21.5247 -0.9840 0.0013 -0.1780 0.6199 0.5258
-13.4609 90.2273 -12.0530 -0.9999 -0.0050 -0.0118 0.5820 0.1387
-13.7944 -113.2815 -15.0776 -0.9986 -0.0368 -0.0370 0.5941 0.9523
13.2686 97.3645 24.0501 0.6370 -0.0314 0.7702 0.0053 0.1106
13.7557 50.7228 15.6765 0.9998 0.0098 -0.0146 0.3958 0.2896
-12.6373 -98.5092 -23.4475 -0.2264 -0.0240 -0.9737 0.1245 0.8902
-11.5970 -121.5973 -23.0771 -0.3668 0.3362 -0.8674 0.1286 0.9825
13.4809 25.0988 -9.0719 0.9995 0.0102 0.0285 0.2968 0.3921
2.6915 -121.5312 -22.9081 0.0016 0.3080 -0.9514 0.1858 0.9822
-1.4869 1.0802 -24.2228 -0.0447 -0.0135 -0.9989 0.1691 0.4921
-12.7509 -95.5919 -23.3802 -0.1972 0.0166 -0.9802 0.1240 0.8786
13.9765 -87.7798 5.7801 0.9999 -0.0159 -0.0043 0.3562 0.8433
-13.5861 -118.9680 19.4169 -0.0573 -0.9977 -0.0352 0.7622 0.1737
-13.5861 -118.9680 19.4169 -0.8845 -0.4664 -0.0145 0.4562 0.9750
13.7015 22.9045 -23.0785 0.9216 -0.0004 -0.3881 0.2409 0.4008
13.7015 22.9045 -23.0785 0.8614 -0.0089 -0.5079 0.2298 0.4049
-8.4013 -124.0206 8.1797 0.0318 -0.9993 -0.0215 0.8841 0.1273
-13.2614 31.8830 12.2203 -0.9993 0.0084 0.0369 0.4850 0.3720
4.2949 -120.6715 -22.4954 -0.0560 0.2414 -0.9688 0.1922 0.9788
4.0087 121.7595 -23.4526 -0.0391 0.3757 -0.9259 0.1910 0.0097
4.0087 121.7595 -23.4526 -0.0102 0.6963 -0.7177 0.8924 0.2617
-13.7720 -21.0102 -18.3948 -0.9987 -0.0092 -0.0492 0.6074 0.5834
14.1393 -69.5132 -10.6842 1.0000 -0.0050 0.0031 0.2904 0.7703
13.3120 73.7098 23.7800 0.8979 0.0069 0.4401 0.4282 0.1977
-13.2344 -73.5490 24.4389 -0.2422 -0.0211 0.9700 0.1113 0.7938
4.1970 57.2740 24.4092 0.0475 -0.0116 0.9988 0.0416 0.2709
-1.5897 123.9570 23.9403 0.0711 0.8781 0.4732 0.7096 0.1920
13.6261 83.4432 -18.4480 0.9996 0.0012 0.0266 0.2594 0.1588
13.4279 80.8154 10.4510 0.9996 -0.0007 -0.0273 0.3749 0.1693
-12.3362 27.4495 -22.8597 -0.8678 -0.0037 -0.4969 0.6345 0.3206
-12.3362 27.4495 -22.8597 -0.6307 0.0057 -0.7760 0.1257 0.3867
11.7097 121.5921 -23.6774 0.0735 0.3463 -0.9353 0.2218 0.0104
11.7097 121.5921 -23.6774 0.0265 0.5105 -0.8594 0.8915 0.2925
-12.3239 98.3926 -23.2983 -0.3619 -0.0033 -0.9322 0.1257 0.1031
-12.3476 -28.8651 24.6076 0.0604 -0.0045 0.9982 0.1077 0.6152
8.6260 -107.1280 23.4652 0.0356 -0.1299 0.9909 0.0239 0.9280
13.1532 54.5888 23.7937 0.5718 -0.0163 0.8203 0.0058 0.2816
-12.4616 121.5535 -19.7275 -0.5871 0.8095 0.0021 0.9073 0.1959
-12.4616 121.5535 -19.7275 -0.9984 -0.0243 -0.0505 0.6127 0.0135
-13.7400 -119.1470 4.0920 -0.3598 -0.9330 -0.0018 0.7616 0.1124
-13.4922 102.0316 2.0741 -0.9995 0.0125 0.0287 0.5256 0.0916
-11.2948 -29.1973 -23.2579 -0.5346 0.0018 -0.8451 0.1299 0.6131
13.2594 -36.0588 -23.5695 0.5088 0.0001 -0.8609 0.2280 0.6406
13.1876 -68.5777 23.6940 0.6288 0.0064 0.7775 0.0056 0.7739
13.9797 -31.6217 -21.2532 0.9974 0.0056 -0.0725 0.2482 0.6188
-13.7401 -48.3331 -11.0357 -0.9999 -0.0109 -0.0001 0.5780 0.6926
-11.8931 50.8363 -23.5069 -0.9637 -0.0001 -0.2669 0.6371 0.2271
-13.3602 64.9332 -15.7029 -0.9999 0.0014 -0.0170 0.5966 0.2399
-13.1777 115.7893 -8.1798 -0.7745 0.3245 0.5430 0.5665 0.0366
-10.7048 121.6548 -22.7064 -0.4537 0.8911 0.0116 0.8954 0.2029
-13.0736 63.0527 14.2971 -0.9990 0.0084 0.0442 0.4767 0.2474
-12.8604 120.8882 15.9144 -0.9921 0.1160 0.0487 0.4702 0.0162
-1.4915 124.2373 17.3562 0.0784 0.9967 0.0213 0.7092 0.1656
-13.1330 -7.5425 -22.2035 -0.6376 -0.0133 -0.7703 0.1225 0.5266
11.1941 -58.0181 -23.7883 0.1179 -0.0041 -0.9930 0.2198 0.7284
5.1629 122.5338 -23.3995 -0.0517 0.0430 -0.9977 0.1956 0.0066
-12.7852 71.5337 -22.4174 -0.8775 -0.0214 -0.4791 0.6235 0.2135
-8.2936 -120.7685 -22.4959 0.1505 0.2356 -0.9601 0.1418 0.9792
-0.7162 -11.6445 24.2479 0.0414 -0.0306 0.9987 0.0612 0.5464
-11.2824 57.6795 -24.0732 -0.1791 -0.0087 -0.9838 0.1299 0.2659
8.8350 -47.5776 23.8001 0.0922 0.0132 0.9957 0.0230 0.6900
-14.0495 -103.1257 15.9596 -0.9995 0.0044 0.0321 0.4701 0.9117
-13.8015 -33.2707 -10.5700 -1.0000 -0.0018 -0.0029 0.5761 0.6324
-13.5303 110.9350 -4.1000 -0.9792 0.1826 0.0885 0.5502 0.0560
-13.8126 -67.1391 -3.8304 -1.0000 -0.0029 -0.0087 0.5492 0.7678
13.9036 -54.5103 -22.6584 0.9608 0.0033 -0.2772 0.2425 0.7103
-12.1389 121.8801 -21.7975 -0.9639 -0.0247 -0.2650 0.6210 0.0122
-12.1389 121.8801 -21.7975 -0.4083 -0.1238 -0.9044 0.1265 0.0092
-13.5712 -100.4964 23.9781 -0.9805 0.0108 0.1962 0.4380 0.9011
14.0126 -83.9482 6.2981 1.0000 -0.0072 0.0009 0.3583 0.8280
13.3455 82.5989 7.8270 0.9994 -0.0018 -0.0352 0.3644 0.1622
-12.2508 71.5103 24.1977 -0.9258 0.0099 0.3778 0.4371 0.2136
-12.2508 71.5103 24.1977 -0.5870 0.0009 0.8096 0.1073 0.2139
2.2135 -71.4690 23.9790 0.0627 0.0310 0.9976 0.0495 0.7855
-11.2217 -5.6381 -23.2108 -0.5596 -0.0195 -0.8285 0.1301 0.5190
9.3708 15.6219 -24.4504 0.1286 0.0003 -0.9917 0.2125 0.4340
-9.6028 124.8442 15.3914 0.0528 0.9986 0.0103 0.7417 0.1578
-13.7231 -52.9482 -15.6815 -0.9997 0.0078 -0.0219 0.5965 0.7111
-13.3409 -109.6367 -23.1646 -0.9404 0.1430 -0.3087 0.6264 0.9377
-13.3409 -109.6367 -23.1646 -0.7612 0.0078 -0.6485 0.1217 0.9347
-13.3409 -109.6367 -23.1646 -0.8744 0.1566 -0.4593 0.7413 0.1994
13.3149 117.3606 24.1352 0.4377 -0.0106 0.8990 0.0051 0.0307
-1.7253 -93.0886 24.0268 0.1076 -0.1052 0.9886 0.0652 0.8719
14.0490 -15.5135 15.8413 0.9999 -0.0089 0.0139 0.3964 0.5544
-11.5158 -118.4113 24.0981 0.2275 -0.3531 0.9075 0.1044 0.9731
-11.5158 -118.4113 24.0981 0.1049 -0.5429 0.8332 0.7705 0.1924
5.7007 -120.4028 -22.5654 -0.0474 0.0039 -0.9989 0.1978 0.9777
5.7007 -120.4028 -22.5654 -0.0417 -0.6841 -0.7282 0.8393 0.0058
13.7683 -3.2502 -22.9418 0.9621 -0.0014 -0.2728 0.2414 0.5054
13.7683 -3.2502 -22.9418 0.8357 0.0078 -0.5491 0.2300 0.5094
-11.2822 103.5802 -24.2382 -0.9247 0.0024 -0.3806 0.6400 0.0163
-11.2822 103.5802 -24.2382 -0.6087 0.0071 -0.7934 0.1299 0.0824
-12.7577 31.4448 -22.4919 -0.7248 0.0020 -0.6890 0.1240 0.3707
13.3315 66.3494 -11.4638 0.9991 0.0025 0.0426 0.2873 0.2272
13.5550 56.0539 23.3799 0.7343 -0.0103 0.6787 0.0042 0.2757
13.5550 56.0539 23.3799 0.9715 -0.0089 0.2368 0.4266 0.2683
12.8992 -80.4245 23.8047 -0.0227 0.0015 0.9997 0.0068 0.8213
13.6057 23.1880 5.7694 0.9983 0.0148 -0.0561 0.3562 0.3997
-12.8871 93.2526 -22.4307 -0.9591 -0.0145 -0.2826 0.6235 0.1267
-13.0915 -80.6011 24.3493 -0.2133 -0.0051 0.9770 0.1107 0.8220
-1.5035 -14.2849 24.5028 0.0807 0.0238 0.9965 0.0644 0.5569
-3.0299 -123.7360 9.7271 0.0907 -0.9953 -0.0352 0.9056 0.1335
-13.6175 17.1796 -16.1637 -0.9996 0.0262 -0.0140 0.5985 0.4307
13.7305 -99.1794 15.3611 0.9998 -0.0207 0.0050 0.3945 0.8889
-13.3289 63.9536 4.0929 -0.9998 0.0119 0.0147 0.5175 0.2438
13.9933 -26.0927 0.5642 1.0000 0.0000 0.0004 0.3354 0.5967
-13.7292 -33.4655 -1.5352 -1.0000 0.0082 0.0021 0.5400 0.6332
-12.4499 110.5500 24.3201 -0.6705 -0.0090 0.7419 0.1081 0.0579
-12.9872 -42.9679 24.5308 -0.8967 0.0002 0.4427 0.4358 0.6712
-12.9872 -42.9679 24.5308 -0.1559 -0.0046 0.9878 0.1103 0.6716
10.3128 20.6218 -24.2977 0.1364 0.0031 -0.9907 0.2162 0.4140
6.7712 123.5527 3.0696 0.1192 0.9928 -0.0150 0.6762 0.1085
-12.1200 39.8634 24.5002 -0.2146 -0.0310 0.9762 0.1068 0.3405
13.7422 -10.9465 22.9500 0.7094 0.0329 0.7040 0.0034 0.5436
13.7422 -10.9465 22.9500 0.9849 -0.0051 0.1731 0.4248 0.5362
-13.7676 -39.6641 -16.1949 -0.9996 0.0010 -0.0286 0.5986 0.6580
-12.7596 -119.3294 -8.9677 0.1739 -0.9828 0.0619 0.7655 0.0602
13.9292 -86.8497 -22.3650 0.9901 0.0110 -0.1397 0.2437 0.8396
-12.8148 -77.3273 -23.2497 -0.2144 0.0555 -0.9752 0.1238 0.8055
-8.9619 124.7858 17.8375 0.0488 0.9986 0.0181 0.7391 0.1676
14.0133 -83.0157 -6.6879 0.9998 -0.0177 0.0067 0.3064 0.8242
-11.5280 -18.0496 24.5583 0.0368 -0.0161 0.9992 0.1044 0.5720
-13.1621 81.8863 9.3300 -0.9999 0.0035 0.0115 0.4966 0.1721
13.8110 -91.9018 -5.7896 0.9995 -0.0302 0.0051 0.3100 0.8598
12.9869 89.4365 24.1508 0.5399 -0.0008 0.8418 0.0064 0.1423
-13.1362 80.0333 10.5620 -0.9997 -0.0010 0.0252 0.4916 0.1795
-13.2113 -104.1948 24.2795 -0.6126 -0.0142 0.7903 0.1112 0.9163
-2.8570 124.0081 -16.6395 0.0396 0.9985 -0.0373 0.7147 0.0298
1.7760 121.9312 23.9489 -0.0187 0.6054 0.7957 0.8807 0.2559
12.8416 -27.5169 23.6029 -0.1997 0.0066 0.9798 0.0070 0.6098
-13.5504 -99.7897 24.0299 -0.9901 -0.0030 0.1404 0.4378 0.8983
-13.5504 -99.7897 24.0299 -0.6737 -0.0264 0.7385 0.1125 0.8987
-12.1300 -48.5404 -22.8724 -0.4115 0.0207 -0.9112 0.1265 0.6905
1.0808 -2.0426 -24.3460 -0.0380 -0.0083 -0.9992 0.1793 0.5046
13.6811 96.1506 20.1101 0.9970 -0.0757 0.0154 0.4135 0.1080
-11.7409 -121.2775 -22.7287 -0.7398 0.3612 -0.5676 0.1281 0.9812
-11.0616 61.4307 -24.1281 -0.0927 -0.0132 -0.9956 0.1308 0.2509
-12.8211 71.9230 18.2585 -0.9986 -0.0144 0.0500 0.4609 0.2119
1.2601 -98.5556 23.9842 0.1766 -0.0834 0.9807 0.0533 0.8938
-13.0545 115.4588 -22.6813 -0.9735 -0.0176 -0.2281 0.6245 0.0379
-13.0545 115.4588 -22.6813 -0.8165 -0.0109 -0.5772 0.1228 0.0349
-13.8214 -30.6534 -15.9205 -0.9998 -0.0074 -0.0185 0.5975 0.6220
-7.4420 -76.2529 -23.7952 -0.0655 -0.0092 -0.9978 0.1453 0.8012
13.1426 22.1560 23.2531 0.1631 -0.0227 0.9863 0.0058 0.4112
12.7090 95.8515 24.2935 0.2589 -0.0149 0.9658 0.0075 0.1166
-13.0083 8.2102 -22.2851 -0.5594 -0.0107 -0.8288 0.1230 0.4636
13.0300 -25.9995 23.6396 0.0336 0.0093 0.9994 0.0063 0.6037
-7.5423 28.5200 24.6245 -0.0338 -0.0158 0.9993 0.0885 0.3858
7.7421 -108.4697 23.3777 0.0931 -0.0046 0.9956 0.0274 0.9334
-3.1850 -123.6347 5.7920 0.0718 -0.9966 -0.0415 0.9050 0.1177
-13.2452 39.0322 11.2300 -0.9993 0.0097 0.0357 0.4890 0.3434
-13.6195 13.6698 -13.2348 -0.9998 0.0155 -0.0095 0.5868 0.4448
13.2645 -79.9809 23.6052 0.7094 0.0008 0.7048 0.0053 0.8195
-14.2027 -108.4890 9.4385 -0.9998 0.0067 0.0161 0.4961 0.9331
9.2669 102.1372 24.4503 0.0480 -0.0121 0.9988 0.0213 0.0915
12.9364 -120.5934 20.3872 0.4198 -0.9076 0.0046 0.9694 0.1761
-1.2717 -18.6390 24.2994 0.0703 0.0088 0.9975 0.0634 0.5743
11.6593 -119.9045 22.8485 -0.0547 -0.4234 0.9043 0.0117 0.9791
11.6593 -119.9045 22.8485 0.0707 -0.5898 0.8045 0.9643 0.1859
-12.1221 -106.0305 -23.4953 -0.1912 0.0783 -0.9784 0.1265 0.9203
-12.8996 81.5930 16.8052 -0.9987 -0.0059 0.0512 0.4667 0.1733
13.6382 -6.5330 -23.1552 0.8988 -0.0154 -0.4380 0.2405 0.5185
13.6382 -6.5330 -23.1552 0.7946 -0.0041 -0.6072 0.2295 0.5226
-10.5129 -124.7858 21.8348 0.1844 -0.9829 0.0010 0.8757 0.1819
-13.9399 -84.7496 -2.3301 -0.9998 0.0079 -0.0208 0.5432 0.8382
9.8044 123.1175 -3.4386 0.1238 0.9923 -0.0000 0.6641 0.0825
13.2079 37.9666 -23.7062 0.5655 0.0059 -0.8247 0.2278 0.3447
5.4985 -122.7012 5.9750 0.1466 -0.9892 -0.0028 0.9397 0.1185
-13.5077 14.9507 1.0182 -0.9999 0.0018 0.0127 0.5298 0.4397
-8.1952 -119.7255 20.7020 -0.2097 -0.2652 0.9411 0.0911 0.9784
-8.1952 -119.7255 20.7020 -0.1955 -0.6765 0.7100 0.7837 0.1788
-13.4504 -119.2667 -4.7666 0.0398 -0.9990 0.0219 0.7627 0.0770
14.1558 -52.1768 -11.9468 0.9999 0.0141 0.0091 0.2854 0.7010
-14.0998 -97.7437 -4.8433 -0.9998 0.0136 -0.0121 0.5532 0.8901
-1.3993 -16.3545 24.3624 0.0404 -0.0467 0.9981 0.0639 0.5652
12.7247 -66.7843 23.7895 -0.2620 -0.0057 0.9651 0.0075 0.7668
-13.5791 17.6198 -19.1201 -0.9995 0.0165 -0.0282 0.6103 0.4290
-3.2575 121.6123 24.2061 -0.0022 0.7092 0.7050 0.8817 0.2358
-3.2575 121.6123 24.2061 0.0008 0.4922 0.8705 0.0714 0.0137
-13.3972 66.3786 -12.6919 -1.0000 -0.0003 -0.0096 0.5846 0.2341
-12.8299 82.9593 -22.3620 -0.9553 -0.0084 -0.2954 0.6232 0.1678
13.4381 121.9664 -12.8684 0.9822 0.1870 -0.0191 0.2817 0.0048
5.2042 -122.5222 16.5162 0.1710 -0.9843 0.0446 0.9385 0.1606
-2.4193 -121.7093 -22.9506 0.0018 0.4198 -0.9076 0.1653 0.9830
13.1906 75.8033 -6.0268 0.9996 -0.0013 0.0268 0.3090 0.1894
9.2962 -86.9944 -23.8688 0.1126 -0.0022 -0.9936 0.2122 0.8442
-12.4300 87.7576 -23.0551 -0.5586 -0.0190 -0.8292 0.1253 0.1456
-13.8211 -36.3281 -10.8199 -1.0000 0.0054 -0.0004 0.5771 0.6446
-0.2722 -120.7449 21.4400 -0.0845 0.7201 0.6887 0.0594 0.9825
-13.3172 -90.4279 -21.9788 -0.9984 -0.0125 -0.0557 0.6217 0.8609
-13.3267 20.4394 -21.7050 -0.9708 0.0233 -0.2389 0.6206 0.4177
13.6078 43.3052 23.2821 0.6959 -0.0095 0.7181 0.0040 0.3267
-4.2529 -24.0330 24.4533 0.0477 0.0206 0.9986 0.0753 0.5959
-13.4547 120.4805 -12.8344 -0.9837 0.1770 0.0324 0.5852 0.0178
-12.2059 111.6398 3.0223 -0.9800 0.1978 -0.0207 0.5218 0.0531
-12.2059 111.6398 3.0223 -0.5090 0.8351 -0.2083 0.8154 0.2374
12.9341 -100.6706 23.8465 0.1466 0.0206 0.9890 0.0066 0.9022
13.7160 120.0878 -2.2103 0.9978 0.0635 -0.0189 0.3243 0.0124
-13.0227 91.0686 17.1463 -0.9990 -0.0195 0.0401 0.4653 0.1354
-13.7784 -56.3545 -3.7268 -0.9997 0.0157 -0.0160 0.5487 0.7247
-1.5692 68.3869 24.7259 0.0242 -0.0070 0.9997 0.0646 0.2264
13.4738 81.3108 12.2379 0.9998 0.0012 -0.0214 0.3820 0.1674
-13.8649 -107.4460 20.3249 -0.9982 0.0093 0.0587 0.4526 0.9289
-12.1568 124.2107 -6.2022 -0.7159 0.6982 -0.0072 0.7519 0.0715
-7.6232 -120.0092 20.7495 -0.1796 -0.0333 0.9832 0.0888 0.9795
-13.1074 73.1715 11.7579 -0.9994 0.0090 0.0342 0.4868 0.2069
13.9323 -50.5799 2.1711 0.9998 0.0070 0.0179 0.3418 0.6946
4.5068 122.9660 24.0500 0.0289 -0.1943 0.9805 0.0403 0.0083
13.6521 93.0688 -16.9114 0.9998 -0.0140 0.0159 0.2655 0.1204
-13.9712 -79.6054 6.2410 -0.9999 0.0090 0.0045 0.5089 0.8176
-10.7964 -123.7042 -6.4336 0.0212 -0.9990 -0.0385 0.8746 0.0689
-11.9422 77.4652 24.4675 -0.4034 -0.0069 0.9150 0.1061 0.1901
13.4723 66.4881 9.5614 0.9988 0.0060 -0.0477 0.3713 0.2266
14.1994 -38.0417 -11.5313 0.9995 -0.0223 0.0243 0.2870 0.6445
12.8605 112.1145 -23.7921 0.8802 0.0008 -0.4746 0.2380 0.0442
12.8605 112.1145 -23.7921 0.8492 -0.0031 -0.5281 0.2264 0.0483
-9.3469 -105.6026 -23.6269 -0.0394 0.0070 -0.9992 0.1376 0.9186
-6.0628 -124.0313 13.2175 0.0785 -0.9958 -0.0476 0.8935 0.1474
14.0021 -83.3660 9.9637 1.0000 -0.0063 0.0072 0.3729 0.8256
13.9220 -71.2809 -22.5580 0.9735 -0.0022 -0.2287 0.2429 0.7773
-13.7526 -90.0830 21.0334 -0.9987 0.0035 0.0508 0.4498 0.8595
7.9058 -122.3003 -18.4524 0.1164 -0.9925 -0.0383 0.9493 0.0208
7.3726 -103.0587 23.4195 0.0549 0.0665 0.9963 0.0289 0.9118
-1.4211 -123.5450 15.9714 0.1075 -0.9940 0.0193 0.9120 0.1584
-12.2811 -121.7947 15.6877 -0.9960 -0.0881 0.0124 0.9669 0.2210
13.4802 24.1481 3.8843 0.9989 0.0100 -0.0465 0.3486 0.3959
14.0986 -47.0436 -19.8153 0.9991 0.0071 -0.0411 0.2539 0.6804
-13.3700 -12.1650 -22.0070 -0.9328 -0.0010 -0.3604 0.6218 0.5480
-13.3700 -12.1650 -22.0070 -0.6124 0.0125 -0.7904 0.1216 0.5451
-12.2608 30.7157 -23.0324 -0.8912 -0.0090 -0.4536 0.6352 0.3076
-12.2608 30.7157 -23.0324 -0.7424 0.0009 -0.6699 0.1260 0.3737
-14.0673 -115.0034 -1.6412 -0.9993 -0.0328 -0.0173 0.5404 0.9591
-13.3809 53.4111 -17.9334 -0.9997 0.0046 -0.0257 0.6055 0.2859
-13.8837 -71.3038 -0.2963 -0.9999 0.0048 -0.0111 0.5350 0.7844
-3.6342 -119.5972 -23.3276 -0.0037 -0.6906 -0.7232 0.8020 0.0028
-13.3838 -61.0276 24.0400 -0.9867 0.0131 0.1620 0.4378 0.7434
-8.1129 123.3124 24.2366 -0.0187 -0.5129 0.8583 0.0908 0.0069
5.4531 121.1303 -24.0486 -0.0028 0.4639 -0.8859 0.1968 0.0122
5.4531 121.1303 -24.0486 0.0050 0.6707 -0.7417 0.8900 0.2675
13.8225 55.6539 -22.7294 0.9867 0.0065 -0.1626 0.2422 0.2699
-4.2482 124.1721 -13.4339 0.0359 0.9991 -0.0239 0.7203 0.0426
-13.1262 82.0194 11.1775 -0.9995 -0.0017 0.0312 0.4892 0.1716
-3.7143 -122.8720 23.1942 0.0403 -0.0862 0.9955 0.0732 0.9910
-11.1287 -21.4024 -23.2930 -0.6010 0.0070 -0.7992 0.1305 0.5820
-8.7086 -122.8913 -22.7214 0.0185 -0.9038 -0.4276 0.8829 0.0038
13.4928 -47.5640 16.6649 0.9994 0.0041 0.0342 0.3997 0.6825
13.1330 100.8230 24.2131 0.4553 -0.0091 0.8903 0.0058 0.0968
-13.5156 -81.9568 23.9410 -0.9701 0.0040 0.2426 0.4381 0.8270
13.6594 71.3190 20.6907 0.9997 0.0065 0.0250 0.4158 0.2073
-13.1626 56.1081 -21.7286 -0.9650 0.0023 -0.2624 0.6207 0.2751
12.3966 121.7295 -23.5220 0.2154 0.3093 -0.9262 0.2246 0.0098
-4.7593 8.8372 24.6196 0.0083 -0.0195 0.9998 0.0774 0.4645
-0.8253 122.6278 23.7743 -0.0036 -0.5432 0.8396 0.0616 0.0096
13.8994 -34.4615 -22.5081 0.9862 -0.0068 -0.1654 0.2431 0.6302
-11.9694 -3.7906 -22.6716 -0.4554 -0.0136 -0.8902 0.1272 0.5116
-14.1464 -94.5842 1.3606 -0.9998 0.0150 -0.0097 0.5284 0.8775
-8.3786 -64.0566 -23.7483 -0.0638 0.0047 -0.9980 0.1415 0.7525
-11.1393 76.1315 -24.2327 -0.3944 0.0141 -0.9188 0.1305 0.1921
-14.0188 -84.4448 2.7414 -0.9999 0.0099 -0.0037 0.5229 0.8370
-1.7852 -40.2538 24.5071 0.0838 0.0254 0.9962 0.0655 0.6607
-12.8921 110.9904 -22.9273 -0.9434 -0.0200 -0.3309 0.6255 0.0557
-12.8921 110.9904 -22.9273 -0.7545 -0.0016 -0.6563 0.1235 0.0528
4.1538 -122.7239 15.6115 0.1541 -0.9875 0.0318 0.9343 0.1570
12.0115 -98.8031 23.5021 -0.2494 -0.0144 0.9683 0.0103 0.8948
13.8341 30.5656 -18.4982 0.9997 0.0037 0.0227 0.2592 0.3702
-13.8013 -15.2831 -17.9335 -0.9996 0.0043 -0.0284 0.6055 0.5605
1.2737 -119.7212 -23.2112 -0.0078 -0.7320 -0.6813 0.8216 0.0033
1.1233 122.3364 -23.1625 -0.0303 -0.0333 -0.9990 0.1795 0.0074
1.0456 -84.4752 -24.0545 -0.0314 -0.0080 -0.9995 0.1792 0.8341
9.4299 0.1191 -24.3258 0.1000 -0.0100 -0.9949 0.2127 0.4960
7.9132 -87.6926 23.6327 0.0792 -0.0840 0.9933 0.0267 0.8503
-13.7149 -42.5575 -17.5256 -0.9991 -0.0212 -0.0359 0.6039 0.6695
-1.7297 -120.4796 21.0277 -0.0993 0.4212 0.9015 0.0653 0.9814
12.9760 -104.5871 23.8733 0.1535 0.0010 0.9881 0.0065 0.9179
12.8689 -115.0073 23.6949 -0.1721 -0.0583 0.9834 0.0069 0.9595
-11.0737 124.5339 23.9653 -0.1596 0.4943 0.8545 0.1026 0.0020
-11.0737 124.5339 23.9653 -0.1934 0.9271 0.3211 0.7475 0.1921
-3.1201 124.1605 -11.7283 0.0525 0.9984 -0.0218 0.7158 0.0494
2.5863 -122.9690 -6.2494 0.0857 -0.9963 -0.0028 0.9280 0.0696
-8.2854 -123.8012 1.7579 0.0262 -0.9994 -0.0243 0.8846 0.1016
13.0029 79.8521 24.1219 0.5352 -0.0013 0.8447 0.0064 0.1806
-13.3254 50.7214 -19.6446 -0.9985 -0.0020 -0.0546 0.6124 0.2967
13.4051 69.3795 -13.1632 0.9988 0.0015 0.0492 0.2805 0.2151
-12.9654 -46.3832 -22.6080 -0.5644 -0.0028 -0.8255 0.1232 0.6818
-12.0403 -59.7130 -23.0912 -0.3575 0.0127 -0.9338 0.1269 0.7351
1.0310 -108.2160 23.7767 0.0403 -0.0537 0.9977 0.0542 0.9324
-13.8170 -106.0923 -17.4526 -0.9988 0.0123 -0.0473 0.6036 0.9235
-2.8477 -123.7081 15.0588 0.1171 -0.9930 -0.0153 0.9063 0.1548
-13.1459 -85.8873 -22.9291 -0.9943 -0.0112 -0.1061 0.6255 0.8427
-13.1459 -85.8873 -22.9291 -0.4677 0.0798 -0.8803 0.1225 0.8398
-13.1836 -98.7780 -23.1515 -0.9939 -0.0158 0.1088 0.6264 0.8943
-13.1836 -98.7780 -23.1515 -0.5567 -0.1142 -0.8228 0.1223 0.8913
-1.4839 -119.8148 21.3116 -0.0790 -0.9410 0.3291 0.8106 0.1812
-3.0930 122.1574 -23.0628 -0.0214 0.1554 -0.9876 0.1626 0.0081
-3.0930 122.1574 -23.0628 -0.0483 0.5133 -0.8569 0.8939 0.2334
-12.0174 -2.7935 -22.6789 -0.3407 -0.0241 -0.9399 0.1270 0.5076
13.9772 15.1702 11.7296 0.9993 0.0095 -0.0359 0.3800 0.4318
-13.3215 120.5393 -22.0613 -0.9759 0.1447 -0.1636 0.6220 0.0176
-13.5221 31.7840 -12.5032 -1.0000 0.0048 -0.0059 0.5838 0.3724
13.3044 30.6044 -0.2192 0.9999 0.0057 -0.0151 0.3322 0.3701
-11.8438 124.3472 -12.4825 -0.2328 0.9723 -0.0187 0.7506 0.0464
-13.3864 30.8735 8.3405 -0.9998 0.0056 0.0192 0.5005 0.3760
13.3641 74.1407 8.2933 0.9992 -0.0005 -0.0405 0.3663 0.1960
13.6098 91.3440 -16.6410 0.9995 -0.0184 0.0260 0.2666 0.1273
-11.3443 124.7674 1.4960 -0.1356 0.9903 -0.0318 0.7486 0.1022
6.3904 68.2036 -24.7518 0.0416 -0.0091 -0.9991 0.2005 0.2238
13.8395 -17.0190 -22.6012 0.9776 -0.0054 -0.2102 0.2428 0.5604
4.4285 76.2914 -24.8507 0.0048 -0.0079 -1.0000 0.1927 0.1915
-13.4851 30.5933 -15.2840 -0.9998 -0.0107 -0.0193 0.5949 0.3771
13.5861 -113.9527 23.2787 0.8377 -0.0073 0.5461 0.0040 0.9553
13.5861 -113.9527 23.2787 0.9960 0.0099 0.0883 0.4262 0.9479
-2.1193 -123.5600 20.1318 0.1373 -0.9902 0.0245 0.9092 0.1751
-1.1969 -123.5600 10.2910 0.1182 -0.9930 -0.0002 0.9129 0.1357
-13.8029 -12.3254 -16.3893 -0.9999 0.0081 -0.0086 0.5994 0.5487
13.3052 -62.1520 23.5650 0.5208 0.0129 0.8536 0.0052 0.7483
13.3052 -62.1520 23.5650 0.9245 0.0307 0.3799 0.4273 0.7408
14.0518 -23.6953 -10.6190 0.9999 0.0124 0.0039 0.2907 0.5871
7.6112 -77.0022 -24.1476 0.0669 -0.0041 -0.9978 0.2054 0.8042
-11.2251 -70.6449 -23.5030 -0.2059 -0.0016 -0.9786 0.1301 0.7788
-13.8693 -62.4135 1.5226 -1.0000 0.0024 -0.0047 0.5278 0.7489
-0.5733 -123.4471 16.1178 0.1532 -0.9879 0.0244 0.9154 0.1590
-12.0210 86.6745 24.4892 -0.1629 -0.0138 0.9865 0.1064 0.1533
-11.7006 39.4691 24.6030 -0.1208 -0.0116 0.9926 0.1051 0.3420
9.7560 -122.1754 -12.7143 0.1487 -0.9889 -0.0026 0.9567 0.0438
5.3836 -120.8646 22.6523 -0.1365 0.6317 0.7631 0.0368 0.9829
13.0121 -75.5464 23.8271 0.3400 -0.0253 0.9401 0.0063 0.8018
2.6439 -120.8839 22.0295 -0.1161 0.8133 0.5701 0.0478 0.9830
-13.5587 -71.2730 22.7664 -0.9985 0.0090 0.0541 0.4428 0.7843
-14.1562 -109.1066 12.4706 -0.9997 0.0124 0.0193 0.4840 0.9356
13.3951 -86.2539 -23.2236 0.5077 -0.0056 -0.8615 0.2285 0.8412
-11.9101 75.6266 24.5063 -0.4061 0.0114 0.9137 0.1060 0.1975
5.4062 -85.6639 23.7131 0.0632 -0.0161 0.9979 0.0367 0.8422
-13.7358 -72.3336 17.5441 -0.9997 0.0089 0.0231 0.4637 0.7886
-13.5660 -30.0497 -21.0938 -0.9919 0.0009 -0.1271 0.6182 0.6195
-12.1876 62.3955 24.2399 -0.7069 0.0118 0.7072 0.1071 0.2504
-2.8727 -122.0818 -23.0438 0.0102 0.0007 -0.9999 0.1635 0.9844
13.9931 -7.5180 20.3949 0.9989 -0.0056 0.0463 0.4146 0.5224
12.8087 -119.0598 -12.8071 0.9973 -0.0729 -0.0065 0.2819 0.9683
13.7951 -8.8405 -8.0105 0.9995 0.0327 0.0017 0.3011 0.5277
-12.6027 -119.0521 -5.4223 -0.3084 -0.9505 0.0379 0.7661 0.0744
-13.8691 -86.3495 16.5277 -0.9997 0.0065 0.0251 0.4678 0.8446
-13.5622 -98.1721 -20.0868 -0.9912 -0.0041 -0.1323 0.6141 0.8919
12.6696 9.1630 -23.9239 0.2760 -0.0025 -0.9612 0.2256 0.4598
-13.3131 62.7715 5.3201 -0.9999 0.0029 0.0167 0.5126 0.2485
-8.0000 -113.5986 24.1901 0.0267 -0.1600 0.9868 0.0903 0.9539
-2.9217 -122.3737 23.1228 -0.0231 0.4085 0.9125 0.0700 0.9890
-8.6977 -55.5530 24.4398 -0.0427 -0.0162 0.9990 0.0931 0.7219
-13.1399 83.3900 10.6543 -0.9994 -0.0217 0.0253 0.4913 0.1661
13.6497 -108.5190 16.3211 1.0000 -0.0066 -0.0061 0.3984 0.9262
-13.7844 -18.6101 -7.3024 -0.9999 0.0003 0.0164 0.5630 0.5738
-13.9708 -97.6202 16.6422 -0.9994 0.0099 0.0346 0.4673 0.8896
13.5653 53.1454 9.6602 0.9991 0.0074 -0.0406 0.3717 0.2800
7.2949 121.8076 -23.5185 -0.0427 0.1779 -0.9831 0.2042 0.0095
14.1743 -50.7088 -20.0292 0.9985 0.0033 -0.0550 0.2530 0.6951
1.2973 -123.0930 -8.8462 0.0891 -0.9958 -0.0231 0.9229 0.0592
-13.0696 118.9839 10.6037 -0.9976 0.0499 -0.0486 0.4915 0.0238
14.0271 23.8127 15.6674 0.9995 0.0103 -0.0286 0.3957 0.3972
-2.8068 -121.8213 22.6602 -0.0749 0.7325 0.6766 0.0696 0.9868
13.6616 -99.7815 5.3268 0.9986 -0.0426 -0.0307 0.3544 0.8913
-11.5385 12.7700 -23.5562 -0.4447 -0.0201 -0.8954 0.1289 0.4454
7.5631 -106.7610 -23.8775 0.0647 -0.0176 -0.9978 0.2052 0.9232
12.6527 65.1994 24.1250 0.2433 -0.0129 0.9699 0.0078 0.2392
-2.1022 -123.4394 -3.7206 0.0720 -0.9943 -0.0783 0.9093 0.0797
-12.3868 53.0294 24.1944 -0.9112 0.0160 0.4116 0.4371 0.2874
12.8516 -102.5136 -23.2322 0.2237 0.0015 -0.9747 0.2264 0.9062
-4.2125 -123.4587 -8.6089 0.0169 -0.9964 -0.0826 0.9009 0.0602
-12.6375 -37.7046 -22.5703 -0.3616 0.0126 -0.9322 0.1245 0.6472
13.0034 -43.1962 23.9285 0.5605 0.0061 0.8281 0.0064 0.6725
-13.6966 -38.6284 -18.7390 -0.9993 -0.0021 -0.0382 0.6088 0.6538
13.5813 -101.5492 22.8635 0.9995 -0.0059 0.0312 0.4245 0.8983
-11.9860 71.8264 -23.0000 -0.6551 0.0187 -0.7553 0.1271 0.2093
12.8721 122.8270 -11.8811 0.3944 0.9189 0.0092 0.6518 0.0488
12.8698 122.8270 10.1422 0.2908 0.9567 -0.0091 0.6518 0.1368
14.1729 -63.4063 -13.9782 1.0000 -0.0005 0.0049 0.2772 0.7459
-13.3223 47.2580 -19.7634 -0.9986 0.0035 -0.0536 0.6129 0.3105
12.2529 122.8540 -9.1147 0.1150 0.9933 0.0142 0.6543 0.0598
-3.0563 122.4806 23.5911 -0.0302 -0.3341 0.9420 0.0706 0.0102
-12.3586 114.5575 24.3673 -0.5489 0.0083 0.8358 0.1077 0.0419
-3.1804 21.1296 24.4535 0.0406 -0.0664 0.9970 0.0711 0.4153
-8.3473 122.4420 -22.8360 -0.0563 -0.1988 -0.9784 0.1416 0.0070
-13.3962 -51.3135 -21.2237 -0.9953 -0.0008 -0.0972 0.6187 0.7045
-13.7309 -103.6570 -18.7802 -0.9977 0.0022 -0.0679 0.6089 0.9138
13.7731 -84.3300 -22.8543 0.8573 0.0116 -0.5147 0.2301 0.8335
-6.9801 -112.3462 -23.7119 -0.0348 -0.0115 -0.9993 0.1471 0.9455
-4.8036 122.5742 23.5950 -0.0163 -0.4693 0.8829 0.0776 0.0098
3.0335 -105.6678 23.7328 -0.0447 0.0700 0.9965 0.0462 0.9222
0.7861 123.3871 -22.7073 0.0418 0.9511 -0.3062 0.7001 0.0055
11.8914 -67.7355 23.3627 -0.2161 0.0057 0.9764 0.0108 0.7706
-13.4217 55.2626 1.3288 -0.9999 0.0071 0.0118 0.5285 0.2785
-13.2739 16.0724 -21.9481 -0.9597 0.0017 -0.2810 0.6216 0.4352
-14.0065 -104.7888 17.3682 -0.9993 0.0028 0.0379 0.4644 0.9183
-3.7306 80.1408 -24.7055 -0.0278 -0.0057 -0.9996 0.1601 0.1761
-12.7315 79.1971 19.5424 -0.9992 0.0041 0.0402 0.4557 0.1828
-6.2709 -94.6764 24.4222 -0.0201 -0.0065 0.9998 0.0834 0.8783
-13.7380 -45.3209 9.0916 -0.9998 0.0009 0.0186 0.4975 0.6806
-13.1877 81.0396 5.9684 -0.9999 -0.0023 0.0150 0.5100 0.1755
13.6827 3.8840 3.9910 0.9992 0.0066 -0.0395 0.3491 0.4769
13.9049 -98.5026 -18.2156 0.9996 -0.0126 0.0254 0.2603 0.8861
-11.6928 59.1315 -23.8205 -0.5961 0.0035 -0.8029 0.1283 0.2601
-11.6928 59.1315 -23.8205 -0.9400 0.0143 -0.3408 0.6383 0.1940
-11.7661 60.5014 -23.5792 -0.9361 0.0132 -0.3515 0.6374 0.1885
-9.1943 66.4458 24.7099 -0.0305 -0.0011 0.9995 0.0951 0.2342
-13.7899 -56.4863 8.3644 -0.9999 0.0069 0.0145 0.5004 0.7252
-11.2058 119.8320 -24.0902 -0.6767 -0.0121 -0.7362 0.1302 0.0174
-13.6697 -60.9163 -15.3972 -0.9996 0.0031 -0.0280 0.5954 0.7429
-13.2579 -33.4235 -22.1715 -0.9517 -0.0060 -0.3069 0.6225 0.6330
-13.2579 -33.4235 -22.1715 -0.6586 0.0239 -0.7521 0.1220 0.6300
-6.9547 -50.5672 24.5501 -0.0034 -0.0228 0.9997 0.0861 0.7019
-11.7957 -122.2372 -23.1557 -0.8953 0.0141 -0.4453 0.9651 0.3762
-11.7957 -122.2372 -23.1557 -0.4335 -0.0915 -0.8965 0.1279 0.9851
-3.4030 -3.7742 24.5095 0.0472 -0.0123 0.9988 0.0720 0.5149
-13.9400 -118.8027 8.1244 -0.9889 -0.1478 0.0137 0.5014 0.9743
-13.9400 -118.8027 8.1244 -0.5870 -0.8090 0.0315 0.7608 0.1285
-6.6199 118.9882 24.7867 -0.0163 0.0588 0.9981 0.0848 0.0242
-13.6007 -80.3195 22.7761 -0.9976 0.0057 0.0694 0.4428 0.8205
13.4593 22.9654 -5.8766 0.9998 0.0140 0.0158 0.3096 0.4006
-8.8632 8.4235 24.4906 0.0137 -0.0047 0.9999 0.0938 0.4661
-8.6979 -114.2205 24.1921 0.0610 0.0574 0.9965 0.0931 0.9564
13.7229 18.7979 22.9253 0.6769 -0.0144 0.7359 0.0035 0.4247
3.4726 -98.8128 23.8296 0.0381 0.0009 0.9993 0.0445 0.8948
1.5804 -70.5209 23.9654 0.0932 -0.0287 0.9952 0.0520 0.7817
2.3858 -88.8317 23.7972 0.0534 -0.0210 0.9984 0.0488 0.8549
-8.3990 122.0763 23.8396 0.0088 0.6650 0.7468 0.8802 0.2152
-13.8788 -65.2908 5.0840 -1.0000 0.0046 -0.0002 0.5135 0.7604
4.0619 -74.5838 -24.2479 -0.0052 -0.0105 -0.9999 0.1912 0.7946
-12.9499 75.7952 15.2358 -0.9992 0.0108 0.0383 0.4729 0.1964
13.1241 -117.5228 23.5266 0.0367 -0.0420 0.9984 0.0059 0.9696
-3.5743 122.0377 23.7759 -0.0092 0.6693 0.7429 0.8800 0.2345
-13.1633 3.4770 -22.1699 -0.8972 0.0161 -0.4413 0.6225 0.4855
-13.1633 3.4770 -22.1699 -0.5870 0.0161 -0.8094 0.1224 0.4825
14.0038 -90.2066 -18.9072 0.9999 -0.0096 0.0029 0.2575 0.8530
-8.3640 74.2234 -24.5001 -0.0570 -0.0117 -0.9983 0.1416 0.1997
13.7995 -50.3277 -23.0080 0.9670 0.0070 -0.2547 0.2411 0.6936
13.7995 -50.3277 -23.0080 0.7542 0.0117 -0.6565 0.2302 0.6976
-11.2958 -124.9403 21.4955 -0.1107 -0.9938 0.0076 0.8726 0.1805
13.3588 88.2221 -10.1049 0.9997 -0.0149 0.0216 0.2927 0.1397
-13.7563 -56.7369 -5.3702 -0.9999 0.0090 -0.0061 0.5553 0.7262
-13.4108 68.1092 -11.0231 -1.0000 0.0036 -0.0044 0.5779 0.2272
-12.9153 -1.9029 23.7196 -0.9809 0.0118 0.1942 0.4390 0.5070
-12.2460 47.2821 24.4060 -0.6344 -0.0024 0.7730 0.1073 0.3108
-12.7686 110.4196 23.8453 -0.8391 -0.0125 0.5439 0.1094 0.0584
-13.7645 -42.0302 6.4742 -0.9999 0.0021 0.0146 0.5080 0.6674
13.8076 -95.5207 -14.3035 0.9992 -0.0228 0.0342 0.2759 0.8742
12.9123 -57.4705 -23.6004 0.2432 -0.0090 -0.9699 0.2266 0.7262
-8.3804 121.8428 -23.0891 -0.0358 0.8878 -0.4589 0.8938 0.2122
-8.6208 -44.4677 -23.6623 -0.0832 0.0056 -0.9965 0.1405 0.6742
13.5918 110.9445 -22.1059 0.9853 0.0017 -0.1709 0.2447 0.0489
-12.8348 -20.6186 -22.4176 -0.1892 0.0057 -0.9819 0.1237 0.5789
13.3872 -64.1407 23.4621 0.7244 -0.0118 0.6893 0.0048 0.7562
13.3872 -64.1407 23.4621 0.9410 0.0155 0.3380 0.4269 0.7488
10.8138 -118.9156 -23.3504 0.0524 -0.0737 -0.9959 0.2182 0.9718
13.9561 -18.6389 -1.3678 0.9999 0.0122 -0.0037 0.3276 0.5669
-12.2900 -108.8688 24.6059 -0.1305 -0.0031 0.9914 0.1075 0.9350
10.3117 -31.5297 23.4590 0.0615 0.0099 0.9981 0.0171 0.6258
-13.0852 119.8127 12.2279 -0.9981 0.0611 0.0030 0.4850 0.0205
-10.4178 -98.7564 24.4193 -0.0404 -0.0352 0.9986 0.1000 0.8946
-2.6484 121.3531 -23.8940 0.0033 0.4905 -0.8715 0.1644 0.0113
-2.6484 121.3531 -23.8940 -0.0023 0.7777 -0.6287 0.8906 0.2351
1.7037 -81.4151 24.0277 0.0719 -0.0034 0.9974 0.0515 0.8253
13.4468 88.6119 -12.9454 0.9994 -0.0119 0.0338 0.2814 0.1382
11.4682 -27.8717 -23.9450 0.0999 -0.0114 -0.9949 0.2208 0.6079
9.6068 -68.2156 -23.9312 0.1224 -0.0045 -0.9925 0.2134 0.7691
13.1149 55.5624 23.8467 0.4957 -0.0113 0.8684 0.0059 0.2777
12.8681 107.2572 -23.8194 0.8744 0.0043 -0.4852 0.2379 0.0636
12.8681 107.2572 -23.8194 0.7056 -0.0062 -0.7086 0.2264 0.0677
-12.6987 64.7311 21.6003 -0.9980 0.0106 0.0623 0.4475 0.2407
11.9539 -27.2552 23.3807 -0.1013 0.0058 0.9948 0.0106 0.6088
-13.8791 -85.1753 -4.9399 -0.9997 0.0122 -0.0211 0.5536 0.8399
-12.9748 -52.0331 -22.8728 -0.5276 0.0222 -0.8492 0.1231 0.7044
-2.0752 -110.9105 -23.8914 -0.0265 -0.0098 -0.9996 0.1667 0.9398
-10.9458 1.8181 -23.5106 -0.1565 -0.0179 -0.9875 0.1312 0.4892
-13.8100 -68.9933 12.4247 -0.9998 0.0088 0.0195 0.4842 0.7752
12.8592 -109.1602 23.7177 -0.2320 -0.0385 0.9720 0.0069 0.9362
14.1585 -61.4629 -9.4258 1.0000 -0.0025 0.0046 0.2954 0.7381
-11.6904 84.7678 -23.2332 -0.3976 -0.0603 -0.9156 0.1283 0.1576
-11.6904 84.7678 -23.2332 -0.9186 -0.0392 -0.3933 0.6360 0.0915
13.8881 -13.9880 -3.2206 0.9999 0.0145 0.0017 0.3202 0.5483
12.7486 -33.9829 -23.7744 0.2382 -0.0064 -0.9712 0.2260 0.6323
-13.4663 34.3843 1.0245 -0.9999 0.0063 0.0118 0.5298 0.3620
13.5826 -99.9186 3.8571 0.9987 -0.0401 -0.0305 0.3485 0.8918
-13.6739 -66.8884 18.1224 -0.9996 0.0091 0.0282 0.4614 0.7668
6.9090 -122.4625 3.1804 0.1467 -0.9892 0.0013 0.9453 0.1073
-5.9275 97.5553 -24.7636 -0.0355 0.0003 -0.9994 0.1513 0.1065
1.6397 -52.1878 24.1177 0.0848 -0.0128 0.9963 0.0518 0.7084
-13.2285 -67.5559 -21.6285 -0.9865 -0.0019 -0.1639 0.6203 0.7695
-11.8887 -123.2677 -13.2904 -0.8834 -0.4681 -0.0242 0.9610 0.3368
-11.8887 -123.2677 -13.2904 -0.2860 -0.9576 -0.0347 0.8702 0.0415
-11.4753 80.0906 -23.4431 -0.9734 -0.0152 -0.2285 0.6368 0.1102
13.3698 -92.6492 23.4930 0.6579 -0.0229 0.7527 0.0049 0.8702
13.3698 -92.6492 23.4930 0.9147 -0.0041 0.4040 0.4270 0.8628
-5.4255 13.2504 24.5508 -0.0100 0.0164 0.9998 0.0800 0.4468
-2.5191 -123.6411 14.0688 0.1149 -0.9933 0.0144 0.9076 0.1508
12.8050 -46.6952 23.9723 0.4750 -0.0084 0.8800 0.0072 0.6865
-11.7353 78.4201 -23.0690 -0.4913 -0.0057 -0.8709 0.1281 0.1830
12.7910 -67.4302 -23.5964 0.2252 -0.0016 -0.9743 0.2261 0.7660
13.7809 -101.4629 -16.4623 0.9988 -0.0202 0.0449 0.2673 0.8980
3.9716 -122.8668 -0.3264 0.1135 -0.9935 0.0063 0.9336 0.0933
-13.3716 45.7445 -18.6999 -0.9995 0.0013 -0.0317 0.6086 0.3166
-13.3041 -97.6941 -22.0028 -0.9931 -0.0231 -0.1147 0.6218 0.8899
13.0575 -14.4437 23.3855 -0.0585 0.0049 0.9983 0.0062 0.5575
8.6631 123.3721 11.2508 0.1186 0.9929 -0.0099 0.6686 0.1412
13.5937 -108.9851 23.1199 0.9697 0.0043 0.2441 0.4255 0.9281
13.8534 45.4439 -22.7697 0.9828 0.0008 -0.1848 0.2421 0.3107
-13.1952 82.7932 7.4680 -0.9993 -0.0348 0.0112 0.5040 0.1685
-13.1546 52.9418 -21.8528 -0.9926 -0.0024 -0.1210 0.6212 0.2878
-13.1546 52.9418 -21.8528 -0.8630 0.0146 -0.5051 0.1224 0.2848
14.1235 -69.7481 -19.2488 0.9996 -0.0018 -0.0298 0.2562 0.7712
-2.3559 -74.2570 -24.0464 -0.0359 -0.0093 -0.9993 0.1656 0.7933
-12.6742 113.8970 6.9617 -0.3400 0.6962 -0.6322 0.8173 0.2531
13.2990 120.5754 -23.9495 0.9925 0.0710 -0.0998 0.2374 0.0104
13.2990 120.5754 -23.9495 0.3758 0.2285 -0.8981 0.2282 0.0144
-9.4467 -96.4600 -23.5757 -0.0511 0.0085 -0.9987 0.1372 0.8820
7.3947 19.3225 -24.6571 0.0608 0.0025 -0.9981 0.2046 0.4192
-14.1598 -104.6716 -4.2133 -0.9999 -0.0077 -0.0154 0.5507 0.9178
-8.2048 -61.7584 24.5376 -0.0032 -0.0365 0.9993 0.0911 0.7467
-13.3532 -81.8189 24.2557 -0.6357 -0.0087 0.7719 0.1117 0.8269
13.0986 -97.9932 -23.2570 0.2923 -0.0155 -0.9562 0.2274 0.8882
13.9821 113.0918 0.4353 0.9999 0.0023 -0.0155 0.3348 0.0403
4.4932 -100.0508 23.7044 0.1071 0.0067 0.9942 0.0404 0.8997
3.3646 123.1386 -23.0951 0.0316 0.8646 -0.5014 0.6898 0.0039
13.6628 -104.2514 -22.8483 0.8965 0.0243 -0.4423 0.2418 0.9091
13.6628 -104.2514 -22.8483 0.7909 -0.0144 -0.6118 0.2296 0.9132
-12.1600 88.9293 24.4809 -0.4130 -0.0022 0.9107 0.1070 0.1443
-13.4603 44.8040 -5.3558 -1.0000 0.0012 0.0087 0.5553 0.3203
13.0443 -114.6909 -7.1870 0.9987 -0.0501 0.0027 0.3044 0.9509
-11.6012 62.9382 -23.8714 -0.6022 0.0114 -0.7983 0.1286 0.2448
-11.6012 62.9382 -23.8714 -0.9394 0.0218 -0.3421 0.6385 0.1787
-3.1987 -78.7506 -23.9615 -0.0345 -0.0103 -0.9994 0.1622 0.8112
-7.1370 -105.0566 24.2482 -0.0065 0.0219 0.9997 0.0869 0.9198
3.7526 -105.0566 -24.0350 0.0049 -0.0116 -0.9999 0.1900 0.9164
-8.9432 33.6376 24.4662 0.0317 0.0031 0.9995 0.0941 0.3653
-9.4803 -102.9329 24.4509 0.0922 0.0067 0.9957 0.0962 0.9113
-9.2268 -123.7926 22.9280 0.0316 -0.7549 0.6551 0.8808 0.1862
-9.2268 -123.7926 22.9280 0.0384 -0.1485 0.9882 0.0952 0.9947
-12.0462 -123.4385 22.1880 -0.9874 -0.0549 0.1487 0.9603 0.1950
-13.7300 -20.5732 -2.7970 -1.0000 0.0016 0.0021 0.5450 0.5817
13.3112 -106.2352 -1.0815 0.9998 -0.0181 -0.0107 0.3288 0.9171
-13.1008 -36.7276 -22.3425 -0.8724 -0.0250 -0.4882 0.6232 0.6462
-13.1008 -36.7276 -22.3425 -0.6753 -0.0294 -0.7370 0.1226 0.6433
-13.3953 44.0461 2.8691 -1.0000 0.0012 0.0081 0.5224 0.3233
-13.4492 49.2564 -2.3230 -1.0000 -0.0039 0.0065 0.5431 0.3025
-13.0508 -57.5211 24.6024 -0.2655 0.0424 0.9632 0.1105 0.7297
8.2388 23.0166 -24.5566 0.0891 0.0008 -0.9960 0.2079 0.4044
-6.5349 13.6647 -24.1088 -0.0677 -0.0166 -0.9976 0.1489 0.4418
12.7530 -98.4346 23.8178 -0.2099 0.0142 0.9776 0.0074 0.8933
-12.7995 89.9289 23.3950 -0.9800 -0.0153 0.1986 0.4403 0.1399
1.5497 122.9596 24.0391 -0.0330 -0.4582 0.8882 0.0522 0.0083
-8.9384 124.5391 23.6019 0.0648 0.9924 0.1051 0.7390 0.1906
-10.0702 18.5413 -23.8981 -0.1124 -0.0146 -0.9936 0.1347 0.4223
14.1536 -51.9623 -19.2050 0.9996 -0.0174 -0.0208 0.2563 0.7001
13.7730 39.2967 23.0572 0.9492 0.0036 0.3146 0.4253 0.3353
-5.7503 121.3222 -23.9219 0.0021 0.8231 -0.5679 0.8905 0.2227
-5.7503 121.3222 -23.9219 0.0048 0.4398 -0.8981 0.1520 0.0115
-13.4843 97.4868 4.0837 -0.9998 -0.0042 0.0180 0.5175 0.1097
-12.4237 -11.4536 24.5745 -0.0806 0.0046 0.9967 0.1080 0.5456
3.5565 -108.2108 23.7377 0.0599 -0.0038 0.9982 0.0441 0.9324
13.6836 51.4677 -16.5492 0.9987 0.0030 0.0516 0.2670 0.2867
-12.7492 86.3270 23.3151 -0.9922 -0.0240 0.1227 0.4406 0.1543
13.9244 13.7919 10.1854 0.9990 0.0060 -0.0441 0.3738 0.4373
-8.4948 46.9400 24.6784 -0.0182 0.0004 0.9998 0.0923 0.3122
-13.4655 49.6665 -6.5228 -1.0000 0.0006 0.0005 0.5599 0.3009
-6.6474 86.7467 -24.6712 -0.0423 -0.0026 -0.9991 0.1484 0.1497
-2.3990 -106.8069 23.9707 0.0829 0.0092 0.9965 0.0679 0.9268
-11.8531 21.3029 -23.5562 -0.6619 -0.0059 -0.7496 0.1276 0.4113
-11.3755 83.5294 -24.0112 -0.9450 -0.0191 -0.3265 0.6391 0.0964
8.1951 122.7068 -23.4032 0.0257 0.6366 -0.7708 0.6705 0.0027
-13.4198 -55.2168 22.9315 -0.9992 0.0057 0.0389 0.4422 0.7201
12.8232 -95.6654 23.7233 -0.1697 0.0269 0.9851 0.0071 0.8822
12.7724 -31.7151 23.6296 -0.2774 0.0119 0.9607 0.0073 0.6266
14.0934 111.7892 8.1336 0.9999 -0.0045 -0.0097 0.3656 0.0455
13.5086 121.9214 -8.4111 0.9927 0.1199 -0.0118 0.2995 0.0050
13.7370 122.2755 20.7507 0.9481 0.3176 0.0120 0.4161 0.0036
13.7370 122.2755 20.7507 0.8300 0.5578 -0.0013 0.6484 0.1792
-11.4141 124.8580 17.9549 -0.2099 0.9777 0.0110 0.7489 0.1680
13.6432 87.1684 -22.5411 0.9974 0.0114 -0.0714 0.2430 0.1439
-13.1195 -82.2421 24.3337 -0.2755 -0.0132 0.9612 0.1108 0.8286
-13.1063 -85.2829 24.3156 -0.3190 -0.0011 0.9477 0.1107 0.8407
-13.5898 -23.3708 -21.2614 -0.9835 0.0022 -0.1811 0.6188 0.5928
13.3233 -107.1258 -8.7326 0.9996 -0.0221 0.0186 0.2982 0.9206
7.0585 -11.0304 -24.4184 0.0333 0.0044 -0.9994 0.2032 0.5405
-14.1874 -102.0925 10.2487 -0.9998 0.0014 0.0176 0.4929 0.9075
-13.6972 -94.3851 -18.7164 -0.9965 0.0010 -0.0838 0.6087 0.8767
-13.0020 -109.2027 -23.6616 -0.8744 0.1566 -0.4593 0.7433 0.1977
-13.0020 -109.2027 -23.6616 -0.3176 -0.0252 -0.9479 0.1230 0.9330
-0.8842 54.1983 24.6310 0.0335 -0.0005 0.9994 0.0619 0.2832
13.7986 40.2917 -19.2032 0.9995 0.0020 0.0310 0.2563 0.3313
12.8868 -120.9530 -22.2305 0.7060 -0.6919 -0.1507 0.9692 0.0057
-13.7239 -17.2224 -19.6471 -0.9979 -0.0002 -0.0651 0.6124 0.5683
13.3563 -85.7991 23.3711 0.7312 -0.0162 0.6820 0.0050 0.8428
-13.1203 79.0043 -20.6119 -0.9975 0.0045 -0.0710 0.6162 0.1836
13.6230 -96.9859 -0.9829 0.9995 -0.0316 -0.0058 0.3292 0.8801
-13.3839 45.8892 4.1027 -0.9999 0.0029 0.0111 0.5174 0.3160
-11.2864 56.5586 -24.0599 -0.2059 -0.0060 -0.9786 0.1299 0.2703
-4.1380 122.3961 23.5590 -0.0030 0.1333 0.9911 0.0749 0.0105
-13.6937 -78.0388 -14.8479 -0.9999 -0.0013 -0.0110 0.5932 0.8114
-1.7073 -118.3237 23.8998 0.0254 -0.3157 0.9485 0.0652 0.9728
-1.7073 -118.3237 23.8998 0.0045 -0.5511 0.8344 0.8097 0.1916
12.5181 -89.2978 23.5984 -0.4773 -0.0139 0.8786 0.0083 0.8568
-13.5373 0.5392 -20.9487 -0.9960 0.0089 -0.0884 0.6176 0.4973
-0.0820 124.1073 -0.2795 0.0673 0.9972 -0.0316 0.7036 0.0951
-13.3403 42.5543 7.4157 -0.9999 0.0016 0.0144 0.5042 0.3293
-13.6394 -54.9104 14.7959 -0.9997 0.0043 0.0240 0.4747 0.7189
-13.5371 -114.0956 24.2023 -0.9388 -0.0323 0.3431 0.4371 0.9555
-13.5371 -114.0956 24.2023 -0.5241 -0.0238 0.8514 0.1125 0.9559
2.8392 -107.0438 23.8246 0.0635 0.0034 0.9980 0.0470 0.9277
13.7700 52.9755 19.5597 0.9999 0.0101 0.0065 0.4113 0.2806
14.0933 7.1593 14.2706 0.9996 -0.0030 -0.0278 0.3902 0.4638
13.4797 74.7991 -23.3828 0.9686 0.0161 -0.2479 0.2396 0.1934
13.4797 74.7991 -23.3828 0.7480 0.0021 -0.6637 0.2289 0.1974
-13.2037 78.5281 5.5488 -0.9999 0.0099 0.0135 0.5117 0.1855
-5.3182 93.7981 -24.7530 -0.0307 -0.0068 -0.9995 0.1537 0.1215
8.0002 -84.6104 -24.0162 0.0730 -0.0235 -0.9971 0.2070 0.8347
-12.2131 38.9447 24.4539 -0.5566 0.0101 0.8307 0.1072 0.3441
8.7415 -37.8241 23.6813 0.0760 0.0446 0.9961 0.0234 0.6510
-12.8433 -119.5409 -21.9080 -0.4319 -0.8682 -0.2443 0.7652 0.0085
-11.7046 70.7302 -23.4526 -0.9077 0.0104 -0.4195 0.6369 0.1476
-13.6928 -1.1690 -4.2746 -0.9999 0.0030 0.0111 0.5509 0.5041
-13.0337 46.2595 15.4736 -0.9990 0.0030 0.0455 0.4720 0.3145
-6.8045 124.2670 -12.7134 0.0466 0.9986 -0.0260 0.7305 0.0454
3.5701 -119.4941 -23.4158 -0.0029 -0.3898 -0.9209 0.1893 0.9741
3.5701 -119.4941 -23.4158 -0.0070 -0.6292 -0.7772 0.8308 0.0024
-12.3822 117.1761 -23.2723 -0.3222 0.0100 -0.9466 0.1255 0.0280
-13.0469 -80.5984 -22.8474 -0.9853 0.0169 -0.1699 0.6252 0.8216
-13.0469 -80.5984 -22.8474 -0.7213 0.1936 -0.6650 0.1228 0.8186
13.7753 46.6857 14.9509 0.9997 0.0086 -0.0229 0.3929 0.3058
-6.9476 -112.7303 24.4155 0.0969 -0.1301 0.9868 0.0861 0.9504
13.9992 -68.2443 14.1450 0.9997 0.0023 0.0251 0.3897 0.7652
13.0300 -82.5899 23.7596 0.3793 -0.0163 0.9251 0.0063 0.8299
12.5980 18.3552 -23.9631 0.2482 0.0017 -0.9687 0.2254 0.4231
-13.2759 120.9454 -19.9264 -0.5957 0.8032 -0.0013 0.9065 0.1927
-13.2759 120.9454 -19.9264 -0.9399 0.3386 -0.0443 0.6135 0.0160
-11.0873 107.1568 -24.4396 -0.4102 -0.0108 -0.9119 0.1307 0.0681
-13.8073 -76.7895 16.3567 -0.9997 0.0086 0.0232 0.4685 0.8064
-12.6951 -44.6113 24.5781 -0.0660 0.0386 0.9971 0.1091 0.6781
-13.2883 63.3921 -19.0507 -0.9992 0.0034 -0.0395 0.6100 0.2460
-12.1894 116.8302 8.5855 -0.9739 0.0930 -0.2071 0.4995 0.0324
6.3838 -5.3021 23.6742 0.0916 -0.0066 0.9958 0.0328 0.5210
13.4367 -36.9100 22.4735 0.8513 -0.0355 0.5235 0.0046 0.6473
13.4367 -36.9100 22.4735 0.9859 -0.0449 0.1610 0.4229 0.6399
-13.1968 98.8945 22.8394 -0.9924 0.1230 0.0088 0.4426 0.1041
13.2232 -105.0991 23.7509 0.6104 -0.0027 0.7921 0.0055 0.9199
-13.3345 36.3277 9.2967 -0.9995 0.0045 0.0314 0.4967 0.3542
12.6521 55.7198 23.9481 0.1261 -0.0160 0.9919 0.0078 0.2771
-13.6163 13.1282 -18.0362 -1.0000 -0.0058 -0.0035 0.6059 0.4469
-4.2922 -123.9398 15.9638 0.1171 -0.9931 -0.0045 0.9006 0.1584
-11.3037 -37.4384 -23.2716 -0.3942 0.0096 -0.9190 0.1298 0.6461
-11.3175 -123.5003 -11.4266 -0.1071 -0.9933 -0.0431 0.8725 0.0489
-9.0635 123.9833 24.3483 -0.0974 0.0523 0.9939 0.0946 0.0042
-12.8967 57.6609 -22.3022 -0.8956 -0.0081 -0.4449 0.6230 0.2689
-12.8967 57.6609 -22.3022 -0.5734 0.0079 -0.8193 0.1235 0.2659
-14.0944 -106.6704 13.8424 -0.9997 0.0036 0.0245 0.4785 0.9258
-13.2983 -95.7258 24.2153 -0.6128 -0.0189 0.7900 0.1115 0.8825
-13.7513 -3.5690 -13.4790 -1.0000 0.0013 0.0009 0.5877 0.5137
-10.4848 -105.8575 24.3892 0.1141 -0.0118 0.9934 0.1003 0.9230
-13.6210 -110.4122 -22.7535 -0.9992 0.0378 -0.0113 0.6248 0.9408
13.3429 -8.1104 -23.5297 0.6645 -0.0007 -0.7473 0.2283 0.5289
-13.5410 101.8789 0.6376 -0.9995 0.0107 0.0313 0.5313 0.0922
-11.6131 25.3923 -23.8251 -0.2976 -0.0379 -0.9540 0.1286 0.3949
0.6983 122.8515 -23.2524 0.0004 0.0128 -0.9999 0.1778 0.0053
13.1742 -26.7080 -23.6501 0.5381 -0.0037 -0.8429 0.2277 0.6032
13.6193 67.1920 -23.1429 0.9549 0.0047 -0.2969 0.2406 0.2238
-13.3732 -52.5685 23.7872 -0.9853 0.0008 0.1710 0.4388 0.7096
-12.4381 72.4089 -22.7413 -0.5101 0.0040 -0.8601 0.1253 0.2070
13.1231 -115.3712 -23.2323 0.3170 -0.0005 -0.9484 0.2275 0.9576
-13.2240 73.0122 7.2160 -0.9998 0.0095 0.0170 0.5050 0.2076
2.8677 123.8159 -5.9455 0.0766 0.9971 -0.0002 0.6918 0.0725
-5.8315 29.6148 24.6053 0.0685 0.0718 0.9951 0.0817 0.3814
-13.9237 -99.3267 -12.9638 -0.9996 0.0082 -0.0264 0.5857 0.8965
-13.6321 14.4700 -11.1165 -0.9999 0.0127 -0.0012 0.5783 0.4416
13.6881 -95.2959 0.2876 0.9995 -0.0286 -0.0168 0.3343 0.8733
10.8411 27.8004 23.5287 0.0635 -0.0213 0.9978 0.0150 0.3887
-8.8304 -101.8822 24.2898 0.0457 -0.0067 0.9989 0.0936 0.9071
4.3996 -122.8273 -4.9782 0.0961 -0.9954 0.0016 0.9353 0.0747
4.6517 -122.8273 -2.4604 0.1135 -0.9935 0.0012 0.9363 0.0848
-13.5896 -11.3501 -21.3502 -0.9856 0.0066 -0.1687 0.6192 0.5448
-11.2895 93.9534 -24.1903 -0.5705 0.0227 -0.8210 0.1299 0.1209
-11.2895 93.9534 -24.1903 -0.9322 -0.0105 -0.3619 0.6398 0.0548
-10.7301 -124.0913 22.9341 0.2657 -0.6407 0.7203 0.8748 0.1863
-10.7301 -124.0913 22.9341 0.3406 -0.3861 0.8573 0.1012 0.9958
-11.1119 112.9721 -24.4359 -0.4336 0.0101 -0.9010 0.1306 0.0448
-8.8412 -123.1930 -17.9460 0.0436 -0.9983 -0.0381 0.8824 0.0229
-13.7538 -46.9022 7.1298 -0.9999 0.0010 0.0145 0.5053 0.6869
-13.4647 37.6982 -15.5080 -0.9999 -0.0015 -0.0104 0.5958 0.3487
13.7206 -118.5722 -22.5689 0.9960 -0.0841 -0.0291 0.2429 0.9664
1.4251 -22.0637 24.2853 0.0741 0.0512 0.9959 0.0527 0.5880
7.3152 121.0737 -24.0772 -0.0133 0.6120 -0.7908 0.8899 0.2750
7.3152 121.0737 -24.0772 0.0016 0.4938 -0.8696 0.2042 0.0125
13.3634 68.2715 7.8783 0.9987 0.0065 -0.0514 0.3646 0.2195
-8.8150 123.5708 24.2873 -0.1216 -0.3765 0.9184 0.0936 0.0058
-12.5783 69.5757 22.7980 -0.9986 0.0105 0.0509 0.4427 0.2213
-13.3685 73.4360 -14.3409 -0.9998 0.0021 -0.0186 0.5912 0.2059
12.9544 101.7935 24.2731 0.2493 -0.0001 0.9684 0.0066 0.0929
-3.0696 -123.5389 -3.2191 0.0587 -0.9979 -0.0282 0.9054 0.0817
13.9026 -85.7181 15.3797 0.9998 -0.0024 0.0196 0.3946 0.8350
2.2852 -123.0801 11.3604 0.1310 -0.9912 0.0175 0.9268 0.1400
13.4052 -41.3501 -23.4556 0.6156 -0.0036 -0.7880 0.2286 0.6617
-10.8440 122.3459 23.0154 -0.3989 -0.1388 0.9064 0.1017 0.0107
8.2874 -74.9240 23.3919 -0.0484 0.0314 0.9983 0.0252 0.7993
13.7495 -49.3057 9.4315 0.9994 0.0111 0.0313 0.3708 0.6895
-12.5273 72.3358 23.4953 -0.9786 -0.0078 0.2055 0.4399 0.2103
-13.8041 -38.8001 -6.6487 -0.9999 -0.0030 0.0109 0.5604 0.6545
-9.4845 15.2871 24.4812 -0.0100 -0.0249 0.9996 0.0963 0.4387
-4.4763 124.1232 -15.2673 0.0358 0.9987 -0.0359 0.7212 0.0352
-11.7858 121.9609 24.0174 0.0898 0.8456 0.5262 0.8809 0.2017
13.0273 -20.7961 -23.7060 0.5119 0.0049 -0.8591 0.2271 0.5796
-7.3442 -94.2225 -23.6737 -0.0572 0.0088 -0.9983 0.1456 0.8731
-8.4513 -99.2162 24.5065 0.0720 0.0204 0.9972 0.0921 0.8964
-13.2447 63.2345 8.3207 -0.9996 0.0142 0.0232 0.5006 0.2466
11.8560 -120.4431 22.4320 0.1312 -0.6567 0.7426 0.9651 0.1843
3.6785 122.4858 23.8398 -0.0111 -0.3061 0.9520 0.0436 0.0102
13.7527 67.0883 -22.6022 0.9940 0.0132 -0.1087 0.2428 0.2242
-13.5007 91.4944 -8.1786 -1.0000 -0.0065 -0.0048 0.5665 0.1337
13.5926 27.5248 -23.3439 0.7759 -0.0060 -0.6309 0.2293 0.3864
8.5778 -55.8233 23.4972 0.0714 -0.0046 0.9974 0.0241 0.7230
-2.3457 -23.2514 -24.0681 -0.0496 0.0030 -0.9988 0.1656 0.5894
13.3293 -118.7044 23.4110 0.4717 -0.1108 0.8748 0.0051 0.9743
-3.3193 -22.8252 24.5376 0.0191 -0.0374 0.9991 0.0716 0.5910
-1.9765 122.5403 23.6785 -0.0366 -0.5266 0.8493 0.0662 0.0100
-13.0499 -74.5984 -22.7914 -0.9718 -0.1155 -0.2054 0.6250 0.7976
-12.3032 60.9630 24.1568 -0.8880 0.0085 0.4598 0.4373 0.2557
-12.3032 60.9630 24.1568 -0.6881 0.0124 0.7255 0.1075 0.2561
-11.9894 3.8944 -22.8839 -0.5675 -0.0172 -0.8232 0.1271 0.4809
13.2538 82.8394 5.4536 0.9990 -0.0050 -0.0434 0.3549 0.1613
13.4579 17.4740 0.6963 0.9997 0.0130 -0.0192 0.3359 0.4225
-13.2393 -91.7351 -22.6420 -0.9796 -0.0776 -0.1855 0.6244 0.8661
-1.3775 -30.6948 24.4323 0.0213 -0.0373 0.9991 0.0639 0.6225
-12.2652 -119.9023 21.2265 -0.9333 0.0680 0.3525 0.9744 0.1988
-12.2652 -119.9023 21.2265 -0.6676 0.3887 0.6350 0.1074 0.9791
-13.3634 62.6614 1.2057 -0.9999 0.0054 0.0104 0.5290 0.2489
-13.6818 -118.9842 15.8608 -0.4813 -0.8758 0.0370 0.7618 0.1595
13.2495 120.5763 24.1635 0.3654 0.0459 0.9297 0.0054 0.0178
13.2024 -96.5247 23.6828 0.5062 0.0159 0.8623 0.0056 0.8857
13.9895 -85.6457 10.0425 0.9999 -0.0075 0.0083 0.3733 0.8348
4.0772 -121.9324 -22.9336 0.0062 -0.1957 -0.9806 0.1913 0.9838
-13.8038 -79.3728 17.2667 -0.9997 0.0074 0.0245 0.4648 0.8167
5.0286 123.1665 23.9722 0.0798 0.3992 0.9134 0.0382 0.0075
-13.7902 -66.3045 12.3484 -0.9998 0.0089 0.0197 0.4845 0.7645
13.4715 -78.1860 23.2614 0.8316 -0.0006 0.5554 0.0045 0.8123
13.4715 -78.1860 23.2614 0.9935 0.0043 0.1139 0.4261 0.8049
-11.3755 77.8290 -24.0150 -0.8339 0.0055 -0.5519 0.1295 0.1853
-11.3755 77.8290 -24.0150 -0.9675 0.0366 -0.2504 0.6391 0.1192
-11.1553 -57.5680 -23.4969 -0.2730 0.0036 -0.9620 0.1304 0.7266
-1.0659 -120.4624 -22.3036 -0.0138 -0.1526 -0.9882 0.1707 0.9780
-13.0311 83.0073 -21.3682 -0.9900 -0.0087 -0.1407 0.6193 0.1676
13.8070 18.7034 8.3458 0.9989 0.0110 -0.0461 0.3665 0.4176
-13.7953 -97.5639 20.8998 -0.9985 0.0003 0.0546 0.4503 0.8894
-8.9299 27.9318 -24.1362 -0.0705 -0.0090 -0.9975 0.1393 0.3848
7.6998 -120.9328 -22.7464 0.0042 0.2867 -0.9580 0.2058 0.9799
10.6455 -119.6220 -23.2695 0.0132 -0.2819 -0.9594 0.2176 0.9746
10.6455 -119.6220 -23.2695 0.0141 -0.6552 -0.7554 0.8591 0.0030
-12.5680 66.0416 23.3218 -0.9963 -0.0046 0.0862 0.4406 0.2354
-12.8797 -12.5753 24.2027 -0.9657 0.0228 0.2585 0.4371 0.5497
-12.8797 -12.5753 24.2027 -0.8568 -0.0062 0.5155 0.1098 0.5501
13.6568 59.5733 23.0762 0.9758 0.0034 0.2187 0.4254 0.2543
-6.2658 -123.3638 -13.2537 0.0153 -0.9992 -0.0371 0.8927 0.0416
13.2293 98.4497 24.1128 0.5419 -0.0184 0.8403 0.0055 0.1063
3.6954 -122.5702 -20.2765 0.0843 -0.9962 -0.0207 0.9325 0.0135
-5.3508 -103.7020 24.1754 0.0084 0.0003 1.0000 0.0797 0.9143
-13.0517 74.7460 12.7296 -0.9993 0.0083 0.0353 0.4830 0.2006
-13.4255 55.3671 -12.1349 -1.0000 0.0055 -0.0063 0.5824 0.2781
-13.7722 -69.7344 14.7016 -0.9997 0.0095 0.0212 0.4751 0.7782
-13.3918 -72.8276 -20.4287 -0.9937 -0.0034 -0.1118 0.6155 0.7905
-6.2640 -119.5482 22.6320 -0.0407 -0.9905 0.1315 0.7915 0.1865
13.9401 -13.5042 -13.1294 0.9998 0.0161 0.0072 0.2806 0.5464
-13.3574 90.7702 6.9457 -0.9997 -0.0134 0.0199 0.5061 0.1366
6.3052 -57.1116 -24.2586 0.0176 -0.0006 -0.9998 0.2002 0.7247
-11.8866 -121.6251 22.3310 -0.5392 0.2808 0.7940 0.1059 0.9860
13.1625 72.7810 -5.5980 0.9996 -0.0064 0.0269 0.3107 0.2015
12.1584 122.9489 -14.3510 0.1065 0.9943 0.0078 0.6547 0.0389
-1.7512 124.2597 0.7691 0.0626 0.9975 -0.0339 0.7103 0.0993
-13.3837 75.2979 -11.7622 -0.9999 0.0110 -0.0107 0.5809 0.1984
-13.7586 -33.1898 -14.9724 -0.9998 -0.0193 -0.0064 0.5937 0.6321
-6.0624 -123.1964 -17.3963 -0.0061 -0.9955 -0.0942 0.8935 0.0250
-13.5543 105.9246 -0.8969 -0.9994 0.0114 0.0327 0.5374 0.0760
-0.4534 -122.6908 22.9162 0.1673 -0.7343 0.6579 0.9159 0.1862
13.6195 -71.6053 -23.1173 0.7231 -0.0048 -0.6907 0.2294 0.7827
0.5637 -122.7101 -22.3131 0.0458 -0.9672 -0.2499 0.9200 0.0054
13.9048 -41.3402 2.5252 0.9998 -0.0107 0.0148 0.3432 0.6576
-11.6735 60.9224 24.5915 -0.2684 0.0052 0.9633 0.1050 0.2563
-12.3286 88.2707 24.3781 -0.6870 -0.0057 0.7267 0.1076 0.1470
13.6074 -115.2381 23.2289 0.8354 0.0158 0.5494 0.0040 0.9605
13.6074 -115.2381 23.2289 0.9987 0.0125 0.0497 0.4260 0.9530
-13.0064 50.5287 -22.1706 -0.9501 -0.0014 -0.3120 0.6225 0.2974
-13.0064 50.5287 -22.1706 -0.7264 0.0041 -0.6872 0.1230 0.2945
13.5470 76.2259 -23.2065 0.9797 -0.0132 -0.2002 0.2403 0.1877
13.5470 76.2259 -23.2065 0.8548 0.0243 -0.5183 0.2292 0.1917
-4.6051 -123.9471 21.8436 0.1475 -0.9766 0.1565 0.8993 0.1819
13.8671 110.9733 -11.8148 1.0000 -0.0023 -0.0029 0.2859 0.0488
-13.1038 100.1797 -22.4495 -0.9624 -0.0061 -0.2717 0.6236 0.0990
-12.3386 113.5365 -5.2388 -0.9799 0.1164 0.1618 0.5548 0.0456
-7.4658 -122.6749 23.1005 -0.0689 0.5278 0.8466 0.0882 0.9902
9.3753 -63.2075 -23.9971 0.1243 -0.0038 -0.9922 0.2125 0.7491
-11.7805 121.5257 -22.0644 -0.1168 0.8290 -0.5469 0.8979 0.1986
-11.7805 121.5257 -22.0644 -0.3102 0.3326 -0.8906 0.1279 0.0106
-12.7266 -45.7941 -22.6981 -0.3114 0.0058 -0.9502 0.1241 0.6795
0.0656 124.0228 -6.0787 0.0656 0.9978 -0.0023 0.7030 0.0720
13.4286 -1.3344 -23.4794 0.6957 -0.0087 -0.7183 0.2287 0.5018
-1.1918 124.1082 -4.3567 0.0630 0.9980 0.0019 0.7080 0.0788
-6.3389 121.9652 -23.0146 -0.0359 0.2518 -0.9671 0.1497 0.0089
-6.3389 121.9652 -23.0146 -0.0242 0.7702 -0.6374 0.8941 0.2204
-7.1190 -123.8535 4.6907 -0.0060 -0.9995 -0.0300 0.8893 0.1133
6.8524 -55.0275 23.6277 0.0781 -0.0136 0.9969 0.0310 0.7198
-13.0566 -119.2134 -5.6744 0.2651 -0.9636 0.0349 0.7643 0.0734
0.4231 124.1550 2.0006 0.0764 0.9968 -0.0244 0.7016 0.1043
-8.1631 22.1417 24.3829 0.0195 0.0202 0.9996 0.0910 0.4113
-12.9154 121.2454 -11.7327 -0.6710 0.7400 0.0466 0.9392 0.1941
5.3268 123.7425 16.2978 0.0962 0.9953 0.0122 0.6820 0.1614
-13.3695 69.0332 -2.1341 -0.9998 -0.0198 0.0093 0.5424 0.2235
13.8637 -107.8288 -19.4651 0.9986 -0.0042 0.0527 0.2553 0.9234
4.3236 -122.4496 20.4328 0.1780 -0.9823 0.0587 0.9350 0.1763
-12.0539 -121.1581 21.9724 -0.7467 0.2186 0.6283 0.1065 0.9841
-12.0539 -121.1581 21.9724 -0.9017 0.0939 0.4221 0.9694 0.1958
4.2775 -122.8423 9.7551 0.1393 -0.9902 0.0065 0.9348 0.1336
-12.4084 111.2261 1.6226 -0.5823 0.8086 -0.0842 0.8162 0.2318
-14.2057 -105.1995 8.9182 -0.9999 -0.0035 0.0160 0.4982 0.9199
13.6227 94.3316 -14.2497 0.9996 -0.0232 0.0182 0.2761 0.1153
13.8707 -108.5679 -22.6459 0.7385 0.0155 -0.6741 0.2305 0.9304
13.8707 -108.5679 -22.6459 0.9727 0.0001 -0.2323 0.2426 0.9264
13.6193 109.6080 23.8188 0.7679 -0.0117 0.6405 0.0039 0.0617
13.3123 81.5455 -10.0354 0.9995 0.0054 0.0297 0.2930 0.1664
9.2724 101.2261 24.4417 0.0433 -0.0070 0.9990 0.0213 0.0952
8.3850 -99.2419 23.3688 0.0421 -0.0325 0.9986 0.0248 0.8965
10.6326 -106.4442 23.3748 0.0074 0.0865 0.9962 0.0158 0.9253
13.0425 -119.0074 23.4632 0.1474 -0.1958 0.9695 0.0062 0.9755
13.0425 -119.0074 23.4632 0.0217 -0.5637 0.8257 0.9698 0.1884
13.4964 -102.2629 23.3878 0.8019 0.0138 0.5973 0.0044 0.9086
13.4964 -102.2629 23.3878 0.9697 0.0036 0.2442 0.4266 0.9012
12.5926 122.6768 23.6397 0.0660 0.3772 0.9238 0.0080 0.0094
12.5926 122.6768 23.6397 0.1107 0.7441 0.6588 0.6529 0.1908
-12.1707 -123.2273 1.2682 -0.9808 -0.1946 -0.0129 0.9611 0.2786
-12.5537 -119.0460 4.3927 -0.9882 -0.1529 -0.0124 0.9779 0.2661
-12.5537 -119.0460 4.3927 -0.6412 -0.7671 -0.0206 0.7663 0.1136
-11.1029 73.3947 -24.2441 -0.3463 -0.0111 -0.9381 0.1306 0.2030
12.9212 113.8438 -23.6712 0.8840 -0.0016 -0.4676 0.2385 0.0373
13.4909 103.7777 23.9401 0.6973 0.0017 0.7167 0.0044 0.0850
-11.6710 73.2970 -23.2937 -0.7708 0.0591 -0.6343 0.1283 0.2034
-11.6710 73.2970 -23.2937 -0.9831 0.0513 -0.1755 0.6362 0.1373
-13.3306 55.3403 7.0568 -0.9998 0.0057 0.0208 0.5056 0.2782
13.4701 -83.4251 -23.1851 0.5725 -0.0061 -0.8199 0.2288 0.8299
13.0571 -89.3364 23.7264 0.2960 0.0196 0.9550 0.0062 0.8569
-12.8412 -94.5005 -23.3391 -0.3111 0.0398 -0.9495 0.1237 0.8742
0.3294 -121.8813 -22.9808 0.0079 0.1631 -0.9866 0.1763 0.9836
-13.4207 45.5830 0.1511 -1.0000 -0.0008 0.0081 0.5332 0.3172
-13.7506 -32.8636 -5.4712 -0.9999 0.0120 0.0106 0.5557 0.6308
-13.7173 -27.8959 -19.3432 -0.9982 -0.0033 -0.0592 0.6112 0.6109
-3.5867 -123.4994 1.1553 0.0920 -0.9956 -0.0177 0.9034 0.0992
-13.6006 -89.5516 23.2902 -0.9921 0.0120 0.1249 0.4407 0.8574
-13.1934 40.7668 -21.6077 -0.9775 -0.0047 -0.2110 0.6202 0.3365
-13.3111 -69.8512 -21.1533 -0.9904 0.0038 -0.1380 0.6184 0.7786
-13.3754 -21.4856 -22.0165 -0.9458 -0.0193 -0.3241 0.6219 0.5853
-13.3754 -21.4856 -22.0165 -0.6475 0.0099 -0.7620 0.1215 0.5823
-13.9275 -118.4198 14.8059 -0.9883 -0.1512 0.0210 0.4747 0.9728
0.8435 -120.1040 21.3303 -0.0902 -0.8395 0.5359 0.8199 0.1813
0.8435 -120.1040 21.3303 -0.1142 -0.1808 0.9769 0.0550 0.9799
-5.5856 -117.6069 24.1588 0.0189 -0.1501 0.9885 0.0807 0.9699
13.2427 -59.9351 23.6475 0.7489 -0.0077 0.6627 0.0054 0.7394
13.2427 -59.9351 23.6475 0.8955 -0.0064 0.4451 0.4276 0.7320
-13.0935 -89.2428 -23.3727 -0.4673 0.0560 -0.8823 0.1227 0.8532
-12.9070 118.6243 17.8658 -0.9970 0.0477 0.0614 0.4624 0.0252
13.6253 74.7284 19.0438 0.9998 0.0157 -0.0087 0.4092 0.1937
-13.6353 -45.6414 -19.2819 -0.9976 -0.0098 -0.0691 0.6109 0.6819
0.7778 123.6185 24.0343 0.0142 0.3047 0.9524 0.0552 0.0057
0.7778 123.6185 24.0343 0.0823 0.8674 0.4908 0.7002 0.1923
-6.0162 -119.5984 21.2267 -0.0457 -0.9657 0.2554 0.7925 0.1809
-12.0250 122.4785 14.1706 -0.9887 0.1483 0.0223 0.4772 0.0098
-12.9259 -115.4171 -23.7296 -0.2993 -0.0027 -0.9541 0.1233 0.9578
-13.1518 -93.5279 24.2913 -0.3161 0.0040 0.9487 0.1109 0.8737
-11.4322 -87.9045 -23.4686 -0.0815 0.0256 -0.9963 0.1293 0.8478
-13.8528 -95.4542 19.3864 -0.9992 0.0086 0.0399 0.4564 0.8810
-6.8901 92.1688 -24.6924 -0.0377 -0.0081 -0.9993 0.1475 0.1280
13.5043 85.9955 22.2130 0.9999 0.0110 0.0120 0.4219 0.1486
-13.3806 -112.8732 -23.3644 -0.9610 -0.0423 -0.2734 0.6272 0.9506
-13.3806 -112.8732 -23.3644 -0.4969 -0.0209 -0.8675 0.1215 0.9476
-11.1004 97.5957 -24.3781 -0.3010 -0.0343 -0.9530 0.1306 0.1063
13.7227 101.2068 -13.5045 0.9999 -0.0169 0.0031 0.2791 0.0878
-13.6928 -24.8316 5.8122 -0.9998 0.0064 0.0164 0.5106 0.5987
2.3440 122.8408 24.0067 -0.0305 -0.4535 0.8907 0.0490 0.0088
-13.6168 11.5610 -17.2107 -0.9999 0.0121 -0.0096 0.6026 0.4532
13.6262 -45.6714 -23.2352 0.8895 -0.0020 -0.4570 0.2402 0.6750
13.6262 -45.6714 -23.2352 0.6029 -0.0077 -0.7977 0.2295 0.6790
-13.6034 19.6356 -12.5468 -1.0000 -0.0010 -0.0056 0.5840 0.4209
-6.8421 -124.1372 16.1568 0.0812 -0.9962 -0.0320 0.8904 0.1592
9.3784 -63.2018 23.5032 0.0509 -0.0325 0.9982 0.0209 0.7524
13.3237 91.8499 23.7693 0.9361 0.0043 0.3517 0.4281 0.1252
-2.9974 -119.9559 20.8729 -0.0233 -0.7324 0.6805 0.8045 0.1795
-2.9974 -119.9559 20.8729 -0.0633 -0.0096 0.9979 0.0703 0.9793
13.3712 122.5605 5.0839 0.6555 0.7552 -0.0051 0.6498 0.1166
13.8592 20.1611 -20.7982 1.0000 0.0051 -0.0039 0.2500 0.4118
13.6658 -102.2470 14.1178 0.9998 -0.0202 -0.0028 0.3895 0.9011
-11.8700 113.3734 -23.4422 -0.4036 0.0076 -0.9149 0.1276 0.0432
-13.4081 54.8236 -15.1420 -0.9999 0.0071 -0.0071 0.5944 0.2803
13.0362 -98.9172 23.7835 0.2710 0.0173 0.9624 0.0062 0.8952
10.3575 123.0468 23.3914 0.0866 0.9491 0.3028 0.6619 0.1898
-13.5453 25.7717 -17.0554 -0.9998 0.0118 -0.0172 0.6020 0.3964
8.1783 10.5940 -24.5892 0.0766 -0.0091 -0.9970 0.2077 0.4541
12.8124 52.5045 -23.8468 0.2931 -0.0015 -0.9561 0.2262 0.2866
-2.7072 -34.2913 -24.0212 -0.0480 -0.0018 -0.9988 0.1642 0.6335
-11.3835 79.9840 -23.9765 -0.7323 0.0006 -0.6810 0.1295 0.1767
-11.3835 79.9840 -23.9765 -0.9861 -0.0070 -0.1662 0.6390 0.1106
-6.1145 -123.9312 6.0177 0.0595 -0.9982 0.0019 0.8933 0.1186
13.1809 -34.0879 -23.6059 0.4277 0.0014 -0.9039 0.2277 0.6327
-10.1890 -120.2087 -22.7498 -0.0384 -0.6189 -0.7846 0.7758 0.0051
-10.1890 -120.2087 -22.7498 -0.0741 -0.4941 -0.8663 0.7344 0.2028
13.5552 71.2746 23.1948 0.9912 0.0097 0.1318 0.4258 0.2075
-11.9688 75.2921 -22.9248 -0.4802 0.0087 -0.8771 0.1272 0.1955
12.5273 122.7665 -3.7676 0.1357 0.9908 0.0031 0.6532 0.0812
-13.9719 -107.5794 -13.3618 -0.9996 0.0054 -0.0270 0.5873 0.9295
13.5598 54.3668 -23.3543 0.9031 0.0015 -0.4293 0.2398 0.2751
13.5598 54.3668 -23.3543 0.6439 -0.0037 -0.7651 0.2292 0.2791
-1.9575 23.5723 24.4367 0.0676 -0.0226 0.9975 0.0662 0.4056
-13.0148 -87.5046 -23.2184 -0.9674 -0.0471 -0.2488 0.6267 0.8492
-13.0148 -87.5046 -23.2184 -0.5358 0.1203 -0.8357 0.1230 0.8462
-13.2143 74.3434 6.7884 -0.9998 0.0056 0.0173 0.5067 0.2022
-5.2419 3.8398 24.7262 0.0637 0.0710 0.9954 0.0793 0.4845
14.1790 13.3754 20.0774 0.9999 0.0041 0.0104 0.4134 0.4389
-7.8874 -14.6347 24.5092 0.0074 0.0103 0.9999 0.0899 0.5583
14.0791 116.5358 15.8863 0.9999 0.0103 0.0097 0.3966 0.0266
-13.1121 -69.5926 -22.3001 -0.9828 0.0154 -0.1842 0.6230 0.7776
-13.1141 -81.6314 -22.6975 -0.9910 -0.0050 -0.1341 0.6246 0.8257
13.6824 3.0347 -7.5894 0.9998 0.0104 0.0185 0.3028 0.4803
-12.6602 120.7441 -9.4455 -0.8634 0.1218 0.4896 0.5716 0.0168
-13.4630 -68.7925 -19.7479 -0.9967 0.0021 -0.0816 0.6128 0.7744
-12.1251 -123.0363 19.2519 -0.9964 -0.0832 0.0148 0.9619 0.2067
11.5015 -35.4343 -23.8942 0.1016 -0.0066 -0.9948 0.2210 0.6381
13.5017 -100.3409 -3.5631 0.9994 -0.0346 -0.0055 0.3189 0.8935
13.1258 73.9391 3.0834 0.9990 0.0002 -0.0438 0.3454 0.1968
-12.9749 -28.7492 -22.4131 -0.5400 0.0006 -0.8417 0.1231 0.6114
-13.6167 -104.9149 -19.9768 -0.9926 0.0194 -0.1201 0.6137 0.9188
-10.8624 112.8485 -24.4768 -0.0982 0.0224 -0.9949 0.1316 0.0453
10.4732 -72.8018 23.4240 0.0520 -0.0105 0.9986 0.0165 0.7908
12.1794 -93.5308 23.3626 -0.3878 0.0097 0.9217 0.0097 0.8737
-13.4666 46.9591 -10.0768 -1.0000 0.0036 -0.0061 0.5741 0.3117
-2.0827 123.3348 -23.0929 0.0314 0.8113 -0.5838 0.7116 0.0040
6.4965 -0.5807 23.4808 0.1068 0.0244 0.9940 0.0324 0.5021
12.7744 -69.8587 23.8145 -0.3063 0.0289 0.9515 0.0073 0.7791
-0.7873 -20.9686 24.3132 0.0896 0.0270 0.9956 0.0615 0.5836
-7.8915 -123.7093 0.4636 0.0436 -0.9990 -0.0126 0.8862 0.0964
-13.7187 -0.7701 -6.5577 -0.9999 0.0028 0.0128 0.5601 0.5025
-11.6413 90.8102 -23.3873 -0.3744 0.0097 -0.9272 0.1285 0.1334
-11.6413 90.8102 -23.3873 -0.9255 0.0203 -0.3782 0.6366 0.0673
-13.4306 -108.9756 -23.1612 -0.9836 -0.1235 -0.1313 0.6264 0.9350
-13.4306 -108.9756 -23.1612 -0.7825 -0.0923 -0.6157 0.1213 0.9321
-13.4016 -103.1101 -22.8387 -0.9921 -0.1203 -0.0350 0.6251 0.9116
-3.3060 -117.7309 24.1052 0.0232 -0.1528 0.9880 0.0716 0.9704
11.7298 -49.1343 -23.7774 0.1066 -0.0055 -0.9943 0.2219 0.6928
-12.6523 -60.3276 -22.9284 -0.2802 0.0180 -0.9598 0.1244 0.7376
13.9777 23.6502 22.6722 0.8725 -0.0151 0.4884 0.4237 0.3979
8.5815 2.3313 -24.4144 0.0769 -0.0095 -0.9970 0.2093 0.4871
13.8085 0.4772 -22.7321 0.9806 0.0024 -0.1961 0.2422 0.4905
-13.2621 -58.7081 -21.7653 -0.9789 0.0191 -0.2034 0.6209 0.7341
13.2181 -16.5945 23.3924 0.1841 -0.0044 0.9829 0.0055 0.5661
-4.7585 123.9610 -18.9873 0.0347 0.9979 -0.0543 0.7223 0.0204
-13.5924 21.1678 -8.8191 -1.0000 0.0032 0.0071 0.5691 0.4148
-10.0317 -119.7147 20.5092 0.0936 -0.5302 0.8427 0.7764 0.1780
-10.0317 -119.7147 20.5092 0.2676 -0.0667 0.9612 0.0984 0.9784
13.5028 -97.6682 23.1695 0.9037 -0.0087 0.4280 0.4257 0.8828
13.1389 -113.4951 23.7574 0.2043 0.0058 0.9789 0.0058 0.9535
13.7786 -85.9830 -22.8821 0.9671 0.0075 -0.2542 0.2416 0.8361
13.7786 -85.9830 -22.8821 0.6786 -0.0043 -0.7345 0.2301 0.8401
-13.8062 -30.6379 -10.6060 -0.9999 0.0059 0.0144 0.5762 0.6219
-11.2642 54.4738 -24.0414 -0.2738 0.0148 -0.9617 0.1300 0.2787
-11.1467 7.7995 -23.5762 -0.2981 -0.0151 -0.9544 0.1304 0.4653
-11.9919 -123.5805 -2.4075 -0.9441 -0.3293 -0.0147 0.9597 0.2933
-11.9919 -123.5805 -2.4075 -0.5095 -0.8600 -0.0291 0.8698 0.0850
-0.4220 122.6777 -23.1942 -0.0177 -0.1920 -0.9812 0.1733 0.0060
13.5115 90.1719 18.7468 0.9999 0.0049 0.0099 0.4080 0.1319
-4.2482 -123.5144 -1.3438 0.0585 -0.9983 0.0026 0.9007 0.0892
13.5809 112.3236 23.9056 0.7933 -0.0039 0.6089 0.0041 0.0508
-12.7001 113.5953 20.9940 -0.9979 -0.0011 0.0644 0.4499 0.0453
-9.3963 -124.3003 14.0753 0.0791 -0.9958 -0.0472 0.8802 0.1509
-13.7930 -69.6033 -5.5610 -0.9999 0.0011 -0.0106 0.5561 0.7777
-4.4556 124.5211 4.6688 0.0636 0.9977 -0.0221 0.7211 0.1149
-5.9798 124.5211 1.5399 0.0597 0.9976 -0.0344 0.7272 0.1024
-12.9475 107.7573 17.5051 -0.9979 -0.0026 0.0644 0.4639 0.0687
-4.5557 124.5872 10.3903 0.0531 0.9986 -0.0035 0.7215 0.1378
-13.5100 30.6481 -3.6692 -1.0000 0.0053 0.0058 0.5485 0.3769
2.8121 122.0708 -23.2635 -0.0576 0.1846 -0.9811 0.1862 0.0085
12.6952 -120.7727 -22.7133 0.1620 -0.4452 -0.8807 0.2258 0.9792
12.6952 -120.7727 -22.7133 0.3666 -0.6514 -0.6642 0.9685 0.0038
-6.3477 90.1816 -24.6940 -0.0381 -0.0084 -0.9992 0.1496 0.1359
3.3233 -75.2968 23.8470 0.0780 -0.0387 0.9962 0.0451 0.8008
0.6482 -123.3084 11.3907 0.1426 -0.9898 0.0051 0.9203 0.1401
13.8223 107.8702 -16.4038 0.9999 -0.0074 -0.0138 0.2675 0.0612
6.8775 123.3893 -17.3937 0.0798 0.9966 -0.0216 0.6758 0.0267
13.5412 10.2874 0.7305 1.0000 0.0039 -0.0037 0.3360 0.4513
-3.9474 121.3124 -23.9277 0.0006 0.4770 -0.8789 0.1592 0.0115
-3.9474 121.3124 -23.9277 -0.0146 0.7910 -0.6117 0.8905 0.2299
13.7189 24.0704 -15.1109 0.9992 -0.0042 0.0401 0.2727 0.3962
-13.5392 -4.9160 -21.5544 -0.9637 -0.0040 -0.2671 0.6200 0.5191
-8.8536 -119.4074 21.2021 -0.0825 -0.9903 0.1122 0.7811 0.1808
-13.4807 29.6282 -15.5631 -0.9999 0.0067 -0.0115 0.5961 0.3810
10.5532 -103.5144 23.3796 -0.0266 -0.0090 0.9996 0.0162 0.9136
-4.1445 -75.0913 -23.9690 -0.0431 -0.0102 -0.9990 0.1584 0.7966
-1.2249 -123.2732 -5.3533 0.0319 -0.9994 -0.0135 0.9128 0.0732
13.8401 -90.9898 -22.7357 0.9218 -0.0081 -0.3877 0.2422 0.8561
1.4652 -47.8467 24.3251 0.0269 -0.0167 0.9995 0.0525 0.6911
13.6444 82.4326 -19.4469 0.9999 0.0008 0.0128 0.2554 0.1629
-13.1890 -20.0787 -22.1918 -0.6910 0.0036 -0.7229 0.1223 0.5767
-13.6137 9.0917 -19.6815 -0.9989 0.0009 -0.0467 0.6125 0.4631
-0.3675 -22.6867 -24.1633 -0.0524 0.0029 -0.9986 0.1735 0.5871
-11.7625 122.6854 21.9604 -0.9826 -0.1510 0.1079 0.4461 0.0090
-12.6991 111.4330 3.1794 -0.3795 0.9009 -0.2106 0.8174 0.2380
12.0047 -66.2154 23.4034 -0.2509 -0.0023 0.9680 0.0104 0.7645
-12.3563 121.4798 -21.7740 -0.2852 0.9480 -0.1412 0.8991 0.1963
-12.3563 121.4798 -21.7740 -0.9058 0.3947 -0.1540 0.6209 0.0138
-12.3563 121.4798 -21.7740 -0.4539 0.1956 -0.8693 0.1256 0.0108
-2.3613 124.3503 18.3811 0.1066 0.9938 0.0306 0.7127 0.1697
-13.1341 -27.3655 -22.2937 -0.6544 -0.0015 -0.7562 0.1225 0.6058
-10.0530 -123.0479 -22.2640 0.0341 -0.9848 -0.1704 0.8775 0.0056
0.8507 -13.6354 24.1069 0.0864 0.0351 0.9956 0.0549 0.5543
-10.3295 -123.9848 4.8906 0.0453 -0.9986 -0.0259 0.8764 0.1141
13.3887 78.7574 9.0727 0.9995 0.0022 -0.0324 0.3694 0.1776
7.6368 -90.0370 -24.0597 0.0528 -0.0011 -0.9986 0.2055 0.8564
-13.2078 -46.5145 24.3539 -0.9165 0.0051 0.4001 0.4365 0.6854
-13.2078 -46.5145 24.3539 -0.6941 -0.0082 0.7199 0.1111 0.6857
-13.0063 -35.1044 24.4394 -0.8873 0.0032 0.4612 0.4362 0.6397
-13.0063 -35.1044 24.4394 -0.6394 -0.0020 0.7689 0.1103 0.6401
12.5227 34.7832 -24.0087 0.1765 -0.0010 -0.9843 0.2251 0.3574
13.7307 51.0495 -23.0508 0.9590 -0.0010 -0.2832 0.2410 0.2883
13.7307 51.0495 -23.0508 0.8145 0.0034 -0.5801 0.2299 0.2924
-12.1771 -121.7487 -11.8688 -0.9998 -0.0203 -0.0072 0.9670 0.3311
13.9434 -104.1522 -22.2420 0.9955 -0.0101 -0.0944 0.2442 0.9087
13.6833 -118.3142 23.0343 0.9970 0.0128 0.0766 0.4252 0.9653
13.0999 -109.5782 23.7176 0.1872 -0.0066 0.9823 0.0060 0.9378
-11.8520 122.0785 23.4442 0.1216 0.9926 0.0008 0.8786 0.2014
-13.5026 -113.6934 -21.8840 -0.9992 -0.0394 -0.0092 0.6213 0.9539
13.5665 8.4990 -23.3365 0.9289 -0.0004 -0.3704 0.2398 0.4584
13.5665 8.4990 -23.3365 0.6971 0.0046 -0.7170 0.2292 0.4625
14.2065 -56.8792 -15.9738 0.9997 -0.0223 0.0118 0.2693 0.7198
-9.2808 -22.9380 24.6576 0.0080 0.0484 0.9988 0.0954 0.5915
-2.8898 124.2297 21.0711 0.0766 0.9962 0.0403 0.7148 0.1805
13.9600 -91.4491 -22.0538 0.9995 -0.0006 -0.0313 0.2449 0.8580
13.5662 11.7570 -8.6263 0.9998 0.0067 0.0181 0.2986 0.4454
-13.8547 -100.2898 -16.0135 -0.9995 -0.0009 -0.0311 0.5979 0.9003
-12.2402 45.6724 -22.8425 -0.9254 0.0275 -0.3780 0.6344 0.2478
-12.2402 45.6724 -22.8425 -0.6185 0.0291 -0.7853 0.1261 0.3139
-12.6637 91.1218 -22.8912 -0.9154 -0.0041 -0.4026 0.6254 0.1352
-12.6637 91.1218 -22.8912 -0.6558 -0.0024 -0.7549 0.1244 0.1322
9.3503 -53.8830 23.5597 0.0582 -0.0415 0.9974 0.0210 0.7152
14.1697 -37.0791 -9.7613 0.9998 -0.0069 0.0193 0.2941 0.6406
-12.7839 117.5204 23.7051 -0.9583 0.0136 0.2856 0.4391 0.0296
13.2300 77.9039 -23.6506 0.8812 0.0098 -0.4727 0.2386 0.1810
13.2300 77.9039 -23.6506 0.7359 0.0183 -0.6768 0.2279 0.1850
-11.9228 55.2416 -23.2161 -0.9389 0.0229 -0.3435 0.6359 0.2095
-1.4185 -26.5536 -24.1037 -0.0458 -0.0054 -0.9989 0.1693 0.6026
-11.7927 98.6990 -23.4734 -0.3751 -0.0068 -0.9270 0.1279 0.1019
-5.7749 124.2649 -10.5098 0.0472 0.9984 -0.0315 0.7264 0.0543
10.2699 -97.5023 -23.6923 0.1395 -0.0116 -0.9902 0.2161 0.8862
-13.4414 36.5386 -17.1058 -0.9998 0.0028 -0.0213 0.6022 0.3534
-13.8284 -16.3751 -15.6899 -1.0000 0.0067 -0.0031 0.5966 0.5649
11.5872 -45.8465 23.5910 -0.1996 0.0165 0.9797 0.0120 0.6831
12.6611 -24.5209 -23.8421 0.1914 0.0007 -0.9815 0.2256 0.5945
4.0623 -87.3633 -24.1106 -0.0107 -0.0107 -0.9999 0.1912 0.8457
4.0453 -122.7985 -10.9861 0.0790 -0.9969 -0.0066 0.9339 0.0507
13.6560 76.3982 -19.1950 0.9997 -0.0028 0.0239 0.2564 0.1870
13.8228 16.9965 22.8250 0.7566 0.0160 0.6537 0.0031 0.4319
-6.3961 122.7129 23.6654 0.0132 -0.5497 0.8353 0.0839 0.0093
-8.9544 123.5065 -23.0258 0.0613 0.1389 -0.9884 0.1392 0.0027
13.4777 77.8673 12.2607 0.9998 0.0027 -0.0215 0.3821 0.1811
-13.5037 -42.6861 -21.1217 -0.9938 -0.0046 -0.1110 0.6183 0.6701
13.1597 83.1891 -2.9383 0.9997 -0.0119 0.0200 0.3214 0.1599
13.7322 -111.3478 -18.5562 0.9966 -0.0439 0.0697 0.2589 0.9375
-13.8061 -68.6773 -3.6696 -0.9999 0.0031 -0.0102 0.5485 0.7739
-13.3295 73.1886 -15.8074 -0.9997 0.0055 -0.0257 0.5970 0.2069
-13.7765 -35.7321 -16.3981 -0.9998 0.0063 -0.0194 0.5994 0.6423
-13.4893 -7.6955 9.6427 -0.9995 0.0054 0.0302 0.4953 0.5302
6.7300 -109.1580 -23.8722 0.0491 -0.0230 -0.9985 0.2019 0.9328
13.0719 -21.1824 23.5422 0.0747 0.0287 0.9968 0.0061 0.5845
-13.1719 31.7577 -22.0183 -0.9882 0.0051 -0.1528 0.6219 0.3725
-13.1719 31.7577 -22.0183 -0.8525 -0.0015 -0.5228 0.1223 0.3695
-11.8943 -99.6549 -23.4974 -0.0893 -0.0028 -0.9960 0.1275 0.8948
-12.3361 121.6081 3.0228 -0.9996 0.0279 0.0093 0.5218 0.0133
13.8845 -8.7688 -14.4577 0.9998 0.0058 0.0166 0.2753 0.5274
-2.5315 -119.1773 23.3493 0.0128 -0.6673 0.7446 0.8064 0.1894
-6.5203 -61.9643 24.5146 0.0025 -0.0211 0.9998 0.0844 0.7475
-11.2166 104.4709 -24.2805 -0.7048 0.0105 -0.7093 0.1302 0.0788
-11.5593 113.6464 -23.6208 -0.5258 0.0216 -0.8504 0.1288 0.0421
-11.5593 113.6464 -23.6208 -0.9285 -0.0116 -0.3711 0.8059 0.2157
-8.7000 -120.0679 20.5759 -0.1707 0.2629 0.9496 0.0931 0.9798
12.3883 84.1033 -24.1502 0.3537 -0.0030 -0.9353 0.2245 0.1602
12.8400 115.2920 -23.8555 0.8965 -0.0079 -0.4430 0.2377 0.0315
12.8400 115.2920 -23.8555 0.8635 -0.0084 -0.5042 0.2263 0.0356
-13.5218 19.2098 -1.0654 -0.9999 0.0054 0.0122 0.5381 0.4226
13.4573 89.4448 10.6920 0.9999 -0.0111 -0.0119 0.3758 0.1348
-11.1842 -123.3702 -15.8912 -0.0919 -0.9951 -0.0360 0.8730 0.0311
13.8858 121.9704 16.0549 0.8504 0.5260 -0.0139 0.6478 0.1604
13.8858 121.9704 16.0549 0.9917 0.1283 -0.0038 0.3973 0.0048
-13.0665 69.0109 12.1490 -0.9991 -0.0129 0.0407 0.4853 0.2236
13.4990 -13.2232 23.2376 0.7155 -0.0061 0.6986 0.0044 0.5527
-8.7117 -122.9500 23.0125 -0.1037 0.2834 0.9534 0.0932 0.9913
13.3688 -54.8708 23.4571 0.8033 -0.0012 0.5955 0.0049 0.7191
13.3688 -54.8708 23.4571 0.9969 0.0261 0.0736 0.4269 0.7117
-12.2355 -122.8839 11.9850 -0.9955 -0.0945 0.0060 0.9625 0.2358
2.0240 -87.4024 -24.0632 -0.0271 -0.0115 -0.9996 0.1831 0.8458
-11.4137 1.3794 -23.2960 -0.6166 -0.0253 -0.7868 0.1294 0.4909
-3.3693 -40.0720 -23.9778 -0.0487 -0.0023 -0.9988 0.1615 0.6566
-4.3040 -120.6941 -22.2507 -0.0062 0.3199 -0.9474 0.1578 0.9789
3.9202 29.3965 -24.6382 -0.0101 0.0050 -0.9999 0.1907 0.3789
7.3030 110.8579 -24.7696 0.0497 0.0173 -0.9986 0.2042 0.0533
-2.4251 -99.3944 -23.9395 -0.0463 -0.0039 -0.9989 0.1653 0.8938
-13.2494 -15.2853 -22.1342 -0.8842 -0.0022 -0.4671 0.6223 0.5605
-13.2494 -15.2853 -22.1342 -0.5640 0.0095 -0.8257 0.1220 0.5575
-11.5435 74.0666 -23.7825 -0.8473 0.0290 -0.5304 0.1289 0.2004
-11.5435 74.0666 -23.7825 -0.9800 0.0335 -0.1963 0.6382 0.1343
12.9104 100.8579 -23.8282 0.7599 0.0096 -0.6500 0.2266 0.0933
7.2204 -100.1147 23.5337 0.0797 0.0735 0.9941 0.0295 0.9000
-14.2024 -101.8182 -1.2634 -0.9999 0.0079 -0.0140 0.5389 0.9064
-4.5265 -60.4845 24.4744 0.0450 0.0293 0.9986 0.0764 0.7416
-8.8111 -97.9442 24.4920 0.0626 0.0269 0.9977 0.0936 0.8913
5.6677 -11.8101 23.8533 0.1350 0.0100 0.9908 0.0357 0.5470
-3.3426 -109.6091 24.1623 0.1130 -0.0136 0.9935 0.0717 0.9380
-13.1505 -118.9477 2.4425 0.2556 -0.9668 0.0071 0.7639 0.1058
-11.2705 -120.2387 -22.6402 -0.3779 0.2439 -0.8932 0.1300 0.9771
-11.2705 -120.2387 -22.6402 -0.6291 -0.6645 -0.4034 0.7714 0.0055
-11.2705 -120.2387 -22.6402 -0.1263 -0.4143 -0.9013 0.7343 0.1985
7.6622 94.8505 24.5007 0.0575 -0.0131 0.9983 0.0277 0.1206
-13.1632 -47.9655 -22.4082 -0.9555 -0.0131 -0.2945 0.6234 0.6912
-13.1632 -47.9655 -22.4082 -0.6901 -0.0051 -0.7237 0.1224 0.6882
-12.9845 -118.8816 7.1330 0.1893 -0.9819 0.0055 0.7646 0.1246
12.8427 -79.5469 23.7920 -0.1216 0.0039 0.9926 0.0070 0.8178
-11.8708 27.9193 -23.7003 -0.8845 0.0015 -0.4666 0.6378 0.3187
-11.8708 27.9193 -23.7003 -0.4820 0.0004 -0.8762 0.1276 0.3848
11.1794 2.6421 -24.1033 0.1299 -0.0061 -0.9915 0.2197 0.4859
-12.9263 -118.9009 11.5658 0.1417 -0.9899 0.0008 0.7648 0.1423
-12.7049 69.4627 -22.5686 -0.8829 0.0136 -0.4693 0.6241 0.2217
-12.7049 69.4627 -22.5686 -0.5698 0.0178 -0.8216 0.1242 0.2188
-13.1645 60.9633 -21.3399 -0.9928 -0.0007 -0.1198 0.6192 0.2557
5.3863 -105.4587 23.4665 0.1118 -0.0906 0.9896 0.0368 0.9214
-13.4377 41.3748 -1.0711 -1.0000 0.0044 0.0087 0.5381 0.3340
-4.0750 -122.1178 22.8444 -0.0646 0.7431 0.6661 0.0746 0.9880
5.5264 -76.1836 23.8138 0.0799 -0.0739 0.9941 0.0363 0.8043
-12.1424 113.1567 5.4731 -0.9802 0.1473 -0.1322 0.5120 0.0471
9.7967 -122.1371 -4.9040 0.1575 -0.9875 0.0073 0.9569 0.0750
13.2001 -34.7115 23.5173 0.1187 -0.2170 0.9689 0.0056 0.6386
13.2001 -34.7115 23.5173 0.8764 -0.1275 0.4644 0.4271 0.6312
13.0840 -120.4915 18.9385 0.6787 -0.7338 -0.0286 0.9700 0.1703
13.5950 16.9509 -9.4797 0.9996 0.0066 0.0276 0.2952 0.4246
-12.8026 -23.4123 -22.4925 -0.3818 0.0116 -0.9242 0.1238 0.5900
-6.5122 -7.1262 24.6219 -0.0067 -0.0435 0.9990 0.0844 0.5283
-2.0136 -19.5189 -24.0952 -0.0473 -0.0182 -0.9987 0.1670 0.5745
-10.7016 -119.5464 20.9009 0.4523 -0.2933 0.8423 0.1011 0.9777
12.1116 -121.6040 -15.5752 0.4935 -0.8698 -0.0028 0.9661 0.0323
-11.9169 67.1793 -23.1309 -0.9208 -0.0349 -0.3884 0.6356 0.1618
-11.9169 67.1793 -23.1309 -0.6004 -0.0297 -0.7992 0.1274 0.2279
13.9291 -10.8740 4.7055 0.9997 0.0153 -0.0176 0.3519 0.5359
-12.6923 -84.3071 -23.0810 -0.2926 -0.0278 -0.9558 0.1243 0.8334
13.3578 -103.1290 -23.0940 0.4304 0.0017 -0.9026 0.2284 0.9087
13.9178 -21.2480 19.8005 0.9991 -0.0103 0.0407 0.4123 0.5773
-3.6961 -121.9697 -23.0215 -0.0184 0.0869 -0.9960 0.1602 0.9840
-13.1742 -94.9164 -23.1872 -0.9692 -0.0865 -0.2307 0.6265 0.8788
-13.1742 -94.9164 -23.1872 -0.4546 0.0391 -0.8898 0.1223 0.8759
-13.3915 34.8256 -19.0854 -0.9988 0.0072 -0.0476 0.6101 0.3602
13.2814 20.1658 23.1832 0.2461 -0.0301 0.9688 0.0053 0.4192
-12.5402 -65.2730 -23.0501 -0.3186 0.0724 -0.9451 0.1249 0.7574
-13.2595 -47.5127 24.2480 -0.9939 0.0224 0.1082 0.4369 0.6893
-13.2595 -47.5127 24.2480 -0.7706 -0.0301 0.6366 0.1114 0.6897
3.7423 123.9035 5.7898 0.0926 0.9957 -0.0088 0.6883 0.1194
-9.0097 122.6125 -22.8313 -0.0771 -0.3249 -0.9426 0.1390 0.0063
-13.3159 120.9283 -12.5391 -0.6720 0.7400 0.0275 0.9360 0.1925
-13.3159 120.9283 -12.5391 -0.9605 0.2761 0.0355 0.5840 0.0160
-13.2996 66.1864 -18.2619 -0.9995 0.0044 -0.0297 0.6068 0.2348
-12.5557 61.1403 23.6581 -0.9317 0.0045 0.3632 0.4393 0.2550
12.9140 -120.6237 21.9061 0.3470 -0.9080 0.2347 0.9693 0.1822
-11.8555 37.7048 24.5826 -0.1323 0.0074 0.9912 0.1057 0.3491
-12.1084 36.0277 24.5488 -0.3830 0.0188 0.9236 0.1067 0.3558
-12.0312 -39.1221 -22.7749 -0.4422 0.0112 -0.8969 0.1269 0.6528
-14.0264 -95.0766 -7.7842 -0.9996 0.0189 -0.0209 0.5650 0.8795
-13.4795 -79.8851 24.0457 -0.9946 0.0031 0.1038 0.4377 0.8188
-13.4795 -79.8851 24.0457 -0.8384 -0.0176 0.5447 0.1122 0.8191
13.6707 39.3839 -23.1835 0.9254 -0.0163 -0.3786 0.2404 0.3350
13.6707 39.3839 -23.1835 0.7691 0.0143 -0.6390 0.2297 0.3390
-12.5547 75.3959 23.2823 -0.9898 -0.0095 0.1420 0.4408 0.1980
-0.7338 18.0192 24.0907 0.0876 0.0284 0.9958 0.0613 0.4278
-1.9636 120.7141 -24.2510 -0.0047 0.3948 -0.9188 0.1672 0.0139
2.9123 -123.0470 7.2186 0.1243 -0.9922 -0.0013 0.9294 0.1234
-13.7501 -51.0357 -3.4968 -0.9999 -0.0035 -0.0104 0.5478 0.7034
-7.1522 -114.1788 24.1233 0.0080 0.0402 0.9992 0.0869 0.9562
9.8138 -122.1019 -8.0505 0.1429 -0.9896 0.0143 0.9569 0.0624
6.4230 84.0352 24.5529 0.0365 0.0012 0.9993 0.0327 0.1639
13.6445 -104.0659 15.1002 0.9999 -0.0095 -0.0032 0.3935 0.9084
-13.2651 21.5209 -21.7795 -0.9740 0.0213 -0.2254 0.6209 0.4134
13.4699 -61.4935 23.1109 0.9681 0.0086 0.2504 0.4255 0.7382
-2.7737 124.2224 -2.8422 0.0683 0.9975 -0.0172 0.7144 0.0849
-13.6104 -91.5876 23.3092 -0.9948 0.0029 0.1022 0.4407 0.8655
-10.8543 93.0144 -24.4174 -0.2413 -0.0016 -0.9704 0.1316 0.1246
-12.7447 -24.2948 24.5371 -0.5958 0.0505 0.8016 0.1093 0.5969
2.1441 123.8297 -13.9657 0.0654 0.9976 -0.0230 0.6947 0.0404
-10.1678 -106.9287 24.3599 0.0939 0.0379 0.9949 0.0990 0.9272
13.1757 64.1334 3.7339 0.9993 0.0085 -0.0361 0.3480 0.2360
-13.3614 71.1261 0.2080 -0.9998 0.0067 0.0177 0.5330 0.2151
-13.4835 42.9524 -7.4923 -1.0000 0.0026 0.0021 0.5638 0.3277
-12.1433 93.8543 24.4884 -0.2449 -0.0143 0.9694 0.1069 0.1246
-12.9425 -40.2320 -22.4948 -0.5654 0.0073 -0.8248 0.1233 0.6573
13.8436 13.0816 22.8563 0.7239 0.0120 0.6898 0.0030 0.4475
-5.4365 -88.3616 24.3923 0.0269 0.0534 0.9982 0.0801 0.8530
13.6735 -59.5911 20.6688 0.9979 0.0186 0.0627 0.4157 0.7306
-13.6329 8.8092 -8.4510 -0.9999 0.0066 0.0113 0.5676 0.4642
-11.0017 124.6310 23.5362 -0.0677 0.9883 0.1364 0.7473 0.1903
-13.3092 110.8622 3.0714 -0.9936 0.1132 -0.0055 0.5216 0.0563
13.7496 29.1913 9.9723 0.9989 0.0070 -0.0453 0.3730 0.3757
-0.0030 -123.2453 19.2554 0.1734 -0.9843 0.0321 0.9177 0.1716
-6.4824 122.1807 23.6165 0.0095 0.2291 0.9734 0.0843 0.0114
-6.4824 122.1807 23.6165 0.0168 0.7126 0.7014 0.8793 0.2229
-12.7350 -85.0964 -23.0894 -0.3248 0.0403 -0.9449 0.1241 0.8366
-3.7862 -103.5251 24.2348 0.0315 0.0070 0.9995 0.0735 0.9136
-12.8563 76.6794 17.4590 -0.9991 0.0131 0.0405 0.4641 0.1929
12.9114 -65.1666 -23.5833 0.2773 -0.0010 -0.9608 0.2266 0.7569
4.5104 120.9360 24.5376 0.0152 0.2441 0.9696 0.0403 0.0164
9.8033 24.9784 -24.3541 0.1405 0.0040 -0.9901 0.2142 0.3966
-9.5606 -10.0768 24.6804 -0.0238 -0.0041 0.9997 0.0966 0.5401
-13.5132 92.2844 -2.4936 -1.0000 -0.0060 0.0024 0.5438 0.1305
4.3698 -122.6736 -15.7939 0.0599 -0.9977 -0.0316 0.9352 0.0315
-11.9956 4.5056 24.6195 -0.1487 -0.0185 0.9887 0.1063 0.4818
-2.7613 -118.9511 -23.6183 -0.0038 -0.1970 -0.9804 0.1640 0.9719
2.3756 -110.5885 23.8249 0.0385 -0.0276 0.9989 0.0489 0.9419
-13.8127 -100.4954 -17.1311 -0.9987 0.0006 -0.0512 0.6023 0.9011
13.9995 119.4501 18.6310 0.9996 0.0220 0.0158 0.4076 0.0149
12.7770 -58.2639 23.8293 -0.1165 -0.0011 0.9932 0.0073 0.7327
-13.3288 -34.8476 20.8226 -0.9993 0.0093 0.0362 0.4506 0.6387
-12.0030 27.2938 24.5948 -0.1453 -0.0088 0.9894 0.1063 0.3907
1.6293 124.0709 3.2838 0.0908 0.9958 -0.0132 0.6968 0.1094
-1.7831 -113.8247 23.9220 0.0798 0.0216 0.9966 0.0655 0.9548
1.5268 -123.0586 16.7782 0.1546 -0.9874 0.0324 0.9238 0.1617
14.0509 -38.5630 -6.3518 0.9999 -0.0064 0.0155 0.3077 0.6465
-10.8986 85.0517 -24.3844 -0.2448 -0.0020 -0.9696 0.1314 0.1565
13.5871 94.5287 11.2368 0.9968 -0.0804 -0.0012 0.3780 0.1145
-7.3443 -93.7620 24.3249 0.0100 -0.0071 0.9999 0.0877 0.8746
12.9666 -117.5974 1.8847 0.9975 -0.0677 -0.0222 0.3406 0.9625
1.8912 1.6390 23.9391 0.1063 0.0213 0.9941 0.0508 0.4933
-13.0450 9.1430 -22.2792 -0.5785 -0.0125 -0.8156 0.1229 0.4599
-4.5870 -123.7702 6.6593 0.0613 -0.9966 -0.0543 0.8994 0.1212
5.5007 123.7134 10.5212 0.1060 0.9944 -0.0023 0.6813 0.1383
-13.7568 -101.1602 -18.1816 -0.9977 0.0105 -0.0665 0.6065 0.9038
13.5611 -55.4488 -23.2571 0.6635 -0.0081 -0.7481 0.2292 0.7181
-13.3257 -115.8664 24.1091 -0.5981 -0.1039 0.7947 0.1116 0.9630
-12.5563 -75.5617 24.4564 -0.1730 -0.0281 0.9845 0.1085 0.8019
-13.3846 -52.9517 -21.2819 -0.9936 -0.0061 -0.1130 0.6189 0.7111
-13.0355 -117.0918 -22.9851 -0.8547 -0.3645 -0.3697 0.6257 0.9675
13.9085 -11.7950 -14.1301 0.9998 0.0196 0.0107 0.2766 0.5395
-9.8684 -13.6954 24.5107 0.0070 0.0171 0.9998 0.0978 0.5546
0.0314 -120.3941 -22.3432 -0.0132 -0.2908 -0.9567 0.1751 0.9777
-9.1889 121.6635 24.1083 -0.0246 0.5892 0.8076 0.8813 0.2120
-13.4399 83.7510 -7.7219 -0.9998 -0.0191 -0.0037 0.5647 0.1646
-13.4465 1.5494 -21.7297 -0.9507 0.0097 -0.3101 0.6207 0.4932
10.2334 -105.6411 23.2221 -0.0268 0.0571 0.9980 0.0174 0.9221
13.5291 -105.6604 8.2947 0.9995 -0.0184 -0.0264 0.3663 0.9148
-2.4600 -56.0953 -24.0437 -0.0505 0.0053 -0.9987 0.1652 0.7207
-13.3032 -85.7627 24.2463 -0.4556 0.0043 0.8902 0.1115 0.8426
12.7545 -33.0061 23.6403 -0.2113 -0.0091 0.9774 0.0074 0.6317
-11.9436 -24.9778 -22.7116 -0.4614 0.0002 -0.8872 0.1273 0.5963
-12.8846 -2.4858 -22.3839 -0.4896 0.0019 -0.8719 0.1235 0.5064
-10.7435 108.0539 -24.4938 -0.1001 -0.0052 -0.9950 0.1321 0.0645
-13.7399 1.0470 -10.8048 -1.0000 0.0096 -0.0007 0.5770 0.4952
6.6278 -45.5943 -24.2500 0.0369 0.0075 -0.9993 0.2015 0.6787
-13.3068 24.8635 -21.3143 -0.9923 0.0113 -0.1236 0.6191 0.4000
7.3379 122.3288 23.8156 0.0248 0.0876 0.9958 0.0290 0.0108
-13.3466 59.9192 3.8094 -0.9999 0.0039 0.0141 0.5186 0.2599
13.5537 84.6006 18.0682 0.9998 0.0084 -0.0189 0.4053 0.1542
-13.2921 -82.9028 24.2563 -0.3862 -0.0210 0.9222 0.1115 0.8312
13.5524 118.1552 23.9819 0.6578 -0.0068 0.7531 0.0042 0.0275
8.6041 -118.9275 -23.4793 0.0439 -0.1040 -0.9936 0.2094 0.9718
-2.8385 124.4602 6.5451 0.0928 0.9956 -0.0148 0.7146 0.1224
13.6764 9.4381 4.7360 0.9991 0.0021 -0.0432 0.3520 0.4547
-11.8960 42.1341 -23.6446 -0.9201 0.0106 -0.3916 0.6376 0.2619
-11.8960 42.1341 -23.6446 -0.7365 0.0100 -0.6763 0.1275 0.3280
-13.5236 -58.4829 -19.3943 -0.9966 -0.0080 -0.0825 0.6114 0.7332
-11.2597 82.4856 -24.2419 -0.9273 -0.0102 -0.3743 0.6400 0.1006
-11.2597 82.4856 -24.2419 -0.3772 0.0042 -0.9261 0.1300 0.1667
-13.4014 40.5688 2.9888 -0.9999 0.0051 0.0107 0.5219 0.3372
-0.4753 -71.5172 24.1244 0.0854 -0.0437 0.9954 0.0602 0.7857
13.8253 42.3452 22.5916 0.9941 0.0077 0.1077 0.4234 0.3231
-12.2782 123.7018 2.7391 -0.9934 0.1149 0.0067 0.5229 0.0049
-13.0188 -74.0071 -23.2616 -0.9707 -0.0424 -0.2367 0.6268 0.7953
-13.0188 -74.0071 -23.2616 -0.0566 0.0982 -0.9936 0.1230 0.7923
-13.5386 -16.2697 -21.5983 -0.9542 0.0059 -0.2990 0.6202 0.5645
-12.1202 -121.6581 -15.9954 -0.9999 0.0023 -0.0112 0.9674 0.3476
8.4136 123.3091 -11.4815 0.1044 0.9945 0.0019 0.6696 0.0504
-12.5969 -61.3645 -22.9609 -0.2542 0.0175 -0.9670 0.1246 0.7417
-13.8151 -55.6105 5.3334 -1.0000 0.0062 0.0073 0.5125 0.7217
-9.7650 -109.4876 24.3413 0.0649 0.0022 0.9979 0.0974 0.9375
-6.7611 124.5808 20.1099 0.0717 0.9968 0.0344 0.7303 0.1767
-13.6416 104.8611 -7.2294 -1.0000 -0.0033 0.0017 0.5627 0.0802
12.8772 -73.6786 23.8356 0.0245 -0.0003 0.9997 0.0069 0.7943
-13.4607 33.3747 -16.8994 -0.9998 0.0090 -0.0188 0.6014 0.3660
-12.8966 6.6099 -22.3816 -0.5604 0.0030 -0.8283 0.1235 0.4700
10.1969 -29.4413 23.4542 0.0435 -0.0066 0.9990 0.0176 0.6175
-0.3312 -13.8174 -24.2170 -0.0478 0.0003 -0.9989 0.1737 0.5517
-13.5968 -94.5117 23.8325 -0.9936 0.0192 0.1109 0.4386 0.8772
-13.5968 -94.5117 23.8325 -0.8148 -0.0176 0.5795 0.1127 0.8776
-13.5578 -119.1335 0.7038 0.1177 -0.9929 0.0190 0.7623 0.0989
-12.0601 6.6826 -22.8454 -0.6106 -0.0090 -0.7919 0.1268 0.4697
-1.2830 -122.8753 -19.3236 0.0504 -0.9983 -0.0284 0.9126 0.0173
-13.5264 -119.0674 -15.5845 -0.9955 -0.0871 -0.0370 0.5961 0.9754
13.7017 -64.2269 21.2484 0.9966 0.0099 0.0815 0.4180 0.7491
-12.7345 114.6276 23.9784 -0.9409 0.0122 0.3385 0.4380 0.0412
-12.7345 114.6276 23.9784 -0.8138 0.0002 0.5811 0.1093 0.0416
-11.9781 26.8947 -23.5468 -0.8959 0.0168 -0.4439 0.6372 0.3228
-11.9781 26.8947 -23.5468 -0.8456 0.0086 -0.5338 0.1271 0.3889
7.9911 -122.3504 -1.6580 0.1410 -0.9900 0.0072 0.9497 0.0880
-12.5732 120.9326 20.7525 -0.9934 0.1030 0.0500 0.4509 0.0160
8.1967 63.4444 24.3021 0.0465 -0.0148 0.9988 0.0256 0.2462
-11.6724 103.8147 24.5669 -0.1184 -0.0013 0.9930 0.1050 0.0848
13.1002 -83.6704 23.6986 0.4437 -0.0259 0.8958 0.0060 0.8343
13.4793 -111.0512 -23.0638 0.5795 0.0006 -0.8150 0.2289 0.9404
12.7710 -49.5257 23.9599 0.2117 -0.0145 0.9772 0.0073 0.6978
-12.7468 -54.1586 24.5246 0.0230 -0.0080 0.9997 0.1093 0.7163
-13.2713 -54.6495 -21.9983 -0.9775 -0.0170 -0.2104 0.6218 0.7179
13.4047 -93.0731 23.4098 0.7180 -0.0491 0.6943 0.0048 0.8719
13.4047 -93.0731 23.4098 0.9560 0.0000 0.2933 0.4267 0.8644
-14.0718 -101.8482 14.9612 -0.9995 0.0077 0.0306 0.4740 0.9065
11.8203 -91.0806 23.2826 -0.1466 -0.0118 0.9891 0.0111 0.8639
-10.4607 12.8926 -23.7608 -0.1193 -0.0148 -0.9928 0.1332 0.4449
13.8020 -7.4690 2.2766 0.9995 0.0268 -0.0188 0.3422 0.5223
13.6714 20.7246 -23.1803 0.9510 0.0030 -0.3091 0.2404 0.4095
13.6714 20.7246 -23.1803 0.7516 0.0041 -0.6596 0.2297 0.4136
13.5573 9.6823 1.6186 0.9997 0.0064 -0.0248 0.3396 0.4537
-12.1544 -82.6051 24.5315 -0.1116 0.0063 0.9937 0.1069 0.8300
-9.0629 108.9763 -24.6162 -0.0563 0.0051 -0.9984 0.1388 0.0608
-12.4764 122.8112 -7.7238 -0.9997 0.0202 0.0114 0.5647 0.0085
-12.5010 122.8112 -21.6716 -0.9509 -0.2936 -0.0976 0.6205 0.0085
13.8187 6.6227 -22.2784 0.9992 -0.0144 -0.0364 0.2441 0.4659
-4.0535 -123.8397 9.2603 0.0835 -0.9958 -0.0374 0.9015 0.1316
13.3119 -11.2094 23.3001 0.3075 0.0164 0.9514 0.0051 0.5446
-13.2651 -119.1996 22.3230 -0.0083 -0.9965 -0.0831 0.7635 0.1853
13.9035 -91.5298 12.2476 0.9998 -0.0159 0.0112 0.3821 0.8583
3.7786 -111.6229 23.6972 0.0542 -0.0048 0.9985 0.0432 0.9460
-13.7909 -49.0032 5.9534 -0.9999 0.0052 0.0100 0.5100 0.6953
13.8263 -40.6406 -22.9242 0.9920 0.0132 -0.1258 0.2415 0.6549
13.8263 -40.6406 -22.9242 0.8201 0.0062 -0.5722 0.2303 0.6589
11.9917 122.9709 -20.3094 0.0351 0.9990 -0.0274 0.6553 0.0151
6.4316 -117.4609 -23.6225 0.0274 -0.0471 -0.9985 0.2007 0.9660
13.4733 -11.3645 23.2376 0.5620 0.0355 0.8264 0.0045 0.5452
-14.1577 -96.1221 0.4303 -0.9998 0.0135 -0.0131 0.5321 0.8837
-6.9228 -8.4284 -23.8405 -0.0875 -0.0113 -0.9961 0.1473 0.5301
-13.0695 -21.0374 23.8688 -0.9892 0.0137 0.1462 0.4384 0.5835
-13.7087 -96.7773 -18.6392 -0.9968 0.0020 -0.0794 0.6084 0.8863
-12.5700 120.5008 -23.2045 -0.4473 0.1335 -0.8844 0.1248 0.0147
-13.7535 -26.3653 -18.5055 -0.9992 0.0039 -0.0404 0.6078 0.6048
-11.1908 52.8351 -24.0644 -0.1746 -0.0005 -0.9846 0.1303 0.2852
9.5885 -1.8217 23.2170 0.0871 0.0315 0.9957 0.0200 0.5071
13.0877 102.8464 24.1915 0.4900 0.0205 0.8715 0.0060 0.0887
-13.3058 -91.0546 -22.6869 -0.9929 -0.0946 -0.0715 0.6245 0.8634
8.8363 -13.4927 23.4911 0.0675 -0.0038 0.9977 0.0230 0.5537
-13.1704 42.7111 12.7376 -0.9992 0.0025 0.0396 0.4829 0.3287
13.1308 77.8192 3.1598 0.9991 0.0002 -0.0435 0.3457 0.1813
3.2613 122.2395 23.7838 -0.0112 0.5347 0.8449 0.8800 0.2618
3.2613 122.2395 23.7838 -0.0441 -0.1345 0.9899 0.0453 0.0112
7.3648 -81.4463 -24.1432 0.0586 -0.0084 -0.9982 0.2044 0.8220
13.3560 -104.7964 -7.4305 0.9995 -0.0292 0.0145 0.3034 0.9113
3.5707 -95.7786 23.8408 0.0154 -0.0122 0.9998 0.0441 0.8827
-12.8308 -43.7292 -22.6371 -0.3207 0.0054 -0.9472 0.1237 0.6712
14.1243 -30.8186 -13.6656 1.0000 -0.0051 0.0065 0.2785 0.6156
4.8703 -100.9224 23.6287 0.0996 -0.0638 0.9930 0.0389 0.9032
13.0722 -70.1792 23.7874 0.4060 0.0253 0.9135 0.0061 0.7803
-11.2071 -55.5121 -23.4812 -0.2783 0.0017 -0.9605 0.1302 0.7183
13.6900 7.0033 -10.2716 0.9997 0.0168 0.0197 0.2920 0.4644
-3.2520 -123.1315 -17.0982 0.0785 -0.9968 -0.0158 0.9047 0.0262
13.9697 -87.2178 4.2026 0.9999 -0.0110 -0.0133 0.3499 0.8410
13.3912 42.4913 -9.1335 0.9994 0.0073 0.0325 0.2966 0.3225
-13.4949 -42.0827 -21.2155 -0.9901 -0.0071 -0.1400 0.6187 0.6676
13.6723 97.8237 -12.6200 0.9999 -0.0157 0.0065 0.2827 0.1014
12.6818 108.5913 24.2970 0.0652 0.0035 0.9979 0.0077 0.0657
-11.3302 84.4742 -24.1884 -0.4219 0.0028 -0.9066 0.1297 0.1588
-11.3302 84.4742 -24.1884 -0.9451 -0.0155 -0.3265 0.6398 0.0927
-3.7672 -123.8320 18.5592 0.1193 -0.9924 0.0303 0.9027 0.1688
-12.5387 109.4042 24.2067 -0.8708 0.0128 0.4915 0.4371 0.0621
-12.5387 109.4042 24.2067 -0.7668 -0.0143 0.6418 0.1085 0.0625
-13.1648 58.0109 -21.5989 -0.9901 0.0114 -0.1395 0.6202 0.2675
-13.7118 -86.4237 -16.4644 -0.9997 0.0083 -0.0249 0.5997 0.8449
-13.6444 -115.8621 -15.9401 -0.9982 -0.0423 -0.0422 0.5976 0.9626
-0.9913 -34.2430 24.4170 0.0711 0.0103 0.9974 0.0623 0.6367
-0.9791 -123.3457 21.9316 0.1876 -0.9542 0.2331 0.9138 0.1823
-1.7646 124.1379 -3.3589 0.0655 0.9978 -0.0108 0.7103 0.0828
4.0673 122.0803 -23.3239 -0.0492 0.1778 -0.9828 0.1913 0.0084
-7.8023 107.8329 -24.6797 -0.0402 0.0016 -0.9992 0.1438 0.0654
-6.8643 -85.7603 24.4991 0.0112 -0.0023 0.9999 0.0858 0.8426
-12.6452 -80.5042 -23.1305 -0.1089 0.0797 -0.9909 0.1245 0.8182
-2.0103 -122.9448 -19.8818 0.0444 -0.9964 -0.0721 0.9097 0.0151
14.1464 -66.0003 -6.2754 1.0000 -0.0010 0.0074 0.3080 0.7562
7.5802 -22.9300 -24.3222 0.0611 -0.0157 -0.9980 0.2053 0.5881
-13.9389 -86.3885 -3.3051 -0.9996 0.0152 -0.0218 0.5471 0.8447
-3.4376 -113.7693 24.1194 0.0791 -0.0263 0.9965 0.0721 0.9546
-13.8524 -41.2859 -11.0814 -1.0000 -0.0070 -0.0038 0.5781 0.6645
9.4984 -100.7005 -23.7778 0.1344 -0.0094 -0.9909 0.2130 0.8990
-13.7391 -1.1970 -16.1859 -0.9999 0.0088 -0.0129 0.5986 0.5042
-13.3271 58.7751 -18.1945 -0.9997 0.0056 -0.0217 0.6066 0.2645
-13.0495 27.3442 17.3047 -0.9988 0.0026 0.0484 0.4647 0.3901
4.6426 -122.7856 3.5522 0.1297 -0.9914 -0.0175 0.9363 0.1088
-11.6517 120.4120 -23.6977 -0.6692 0.0481 -0.7415 0.1284 0.0151
-13.4429 -17.5411 -21.8385 -0.9019 0.0137 -0.4317 0.6211 0.5695
-13.4429 -17.5411 -21.8385 -0.7713 -0.0043 -0.6365 0.1213 0.5666
13.5588 -63.8161 -23.2193 0.6682 0.0038 -0.7440 0.2292 0.7515
13.3632 -116.9394 13.4207 0.9980 -0.0548 -0.0316 0.3868 0.9598
13.8889 -10.2859 -14.0872 0.9998 0.0107 0.0140 0.2768 0.5335
-12.8899 64.4122 17.7580 -0.9988 0.0151 0.0475 0.4629 0.2419
-12.9799 -77.8992 -23.2134 -0.4738 -0.0916 -0.8758 0.1231 0.8078
3.9004 -121.4864 -22.8995 -0.0177 0.2847 -0.9585 0.1906 0.9821
-7.9278 32.9299 24.4351 0.0291 0.0061 0.9996 0.0900 0.3682
2.5191 121.8820 24.0003 -0.0120 0.5807 0.8140 0.8809 0.2588
12.8325 -20.7636 23.4821 -0.1835 0.0286 0.9826 0.0071 0.5828
-8.1844 -123.4972 -7.8829 0.0626 -0.9972 -0.0405 0.8850 0.0631
5.5613 -122.6843 -9.8032 0.1015 -0.9948 -0.0126 0.9399 0.0554
-1.2106 121.5163 24.2772 -0.0015 0.6848 0.7287 0.8820 0.2439
-1.2106 121.5163 24.2772 -0.0066 0.4866 0.8736 0.0632 0.0141
13.6105 81.5067 -22.9604 0.9619 -0.0124 -0.2732 0.2413 0.1666
-12.4970 -64.5598 -23.0066 -0.3474 0.0415 -0.9368 0.1250 0.7545
-11.6405 8.1066 -23.3194 -0.6048 -0.0207 -0.7961 0.1285 0.4640
12.7257 -120.4945 1.8001 0.9940 -0.1086 -0.0094 0.3403 0.9741
12.7257 -120.4945 1.8001 0.8712 -0.4909 -0.0014 0.7827 0.1994
12.7257 -120.4945 1.8001 0.8574 -0.5144 0.0171 0.9686 0.1018
-13.1494 -100.8795 -22.5314 -0.9716 0.0256 -0.2351 0.6239 0.9027
13.5324 -73.9442 22.7916 0.9891 -0.0020 0.1475 0.4242 0.7880
-14.2229 -103.3959 -0.5650 -0.9999 0.0008 -0.0119 0.5361 0.9127
-12.0615 -121.3851 -19.1565 -0.9988 0.0414 -0.0269 0.9685 0.3602
13.4322 95.5456 23.5717 0.9655 -0.0648 0.2521 0.4273 0.1105
-2.8802 -109.1953 -23.8832 -0.0331 -0.0042 -0.9994 0.1635 0.9329
0.6416 -105.4728 23.7819 0.0343 0.0429 0.9985 0.0558 0.9214
-11.8312 112.2906 -23.4638 -0.3271 0.0068 -0.9450 0.1277 0.0476
-14.1799 -100.3932 -1.8863 -0.9998 0.0134 -0.0141 0.5414 0.9007
5.5812 122.7962 -23.3958 0.0157 0.7079 -0.7061 0.6810 0.0027
5.5812 122.7962 -23.3958 -0.0384 0.0946 -0.9948 0.1973 0.0056
-13.1482 95.9856 -21.7785 -0.9883 -0.0484 -0.1448 0.6209 0.1157
13.3911 -71.2162 23.5541 0.6892 -0.0098 0.7245 0.0048 0.7845
13.3911 -71.2162 23.5541 0.9696 -0.0074 0.2444 0.4273 0.7771
4.5790 -15.9494 -24.4157 -0.0152 -0.0048 -0.9999 0.1933 0.5602
14.1190 -38.8346 -11.1912 0.9985 -0.0454 0.0301 0.2884 0.6476
-11.9116 -14.7958 -22.6009 -0.4265 0.0075 -0.9045 0.1274 0.5556
-12.9154 45.4057 18.2924 -0.9991 0.0037 0.0427 0.4607 0.3179
13.7068 98.4379 2.9247 0.9991 -0.0378 -0.0167 0.3448 0.0989
-4.8240 -25.3726 24.6684 0.0529 0.0512 0.9973 0.0776 0.6012
-12.0210 -70.2711 -23.2376 -0.2436 0.0008 -0.9699 0.1269 0.7773
-13.2645 -102.8358 -23.3128 -0.8783 -0.2492 -0.4081 0.6270 0.9105
-13.2645 -102.8358 -23.3128 -0.1776 0.0129 -0.9840 0.1220 0.9075
-10.5768 -118.2695 24.0961 0.0698 -0.5687 0.8196 0.7742 0.1924
-10.5768 -118.2695 24.0961 0.0605 -0.3162 0.9468 0.1006 0.9726
0.6715 123.8074 -17.8510 0.0512 0.9978 -0.0410 0.7006 0.0249
-13.1049 -18.6810 -22.2698 -0.6454 0.0140 -0.7637 0.1226 0.5711
-13.7633 -116.6046 21.7902 -0.9996 0.0023 0.0294 0.4467 0.9655
14.2149 -40.4776 -17.8330 0.9998 0.0106 -0.0194 0.2618 0.6542
-11.6969 66.9032 -23.6278 -0.9313 -0.0187 -0.3637 0.6376 0.1629
12.3006 80.0371 24.3151 0.1398 -0.0048 0.9902 0.0092 0.1799
13.2528 -111.0855 0.8515 0.9995 -0.0270 -0.0172 0.3365 0.9364
13.9446 -95.5008 -22.3255 0.9926 0.0044 -0.1214 0.2439 0.8741
-13.4190 -105.6325 24.1621 -0.8853 0.0081 0.4649 0.4373 0.9217
-13.4190 -105.6325 24.1621 -0.5280 0.0065 0.8492 0.1120 0.9221
13.5857 -106.0252 -22.9063 0.7404 -0.0077 -0.6721 0.2293 0.9203
13.7631 -92.3017 -2.3388 0.9995 -0.0303 0.0042 0.3238 0.8614
-11.4388 29.9756 -23.9369 -0.2695 -0.0097 -0.9629 0.1293 0.3766
-11.6041 -10.3682 -22.8341 -0.6733 -0.0024 -0.7393 0.1286 0.5379
-7.3842 122.2052 23.6355 0.0438 0.7177 0.6950 0.8794 0.2193
-7.3842 122.2052 23.6355 0.0324 0.2280 0.9731 0.0879 0.0113
13.5233 94.8900 2.1604 0.9981 -0.0593 -0.0145 0.3417 0.1131
-12.5426 -19.7517 24.6015 -0.0929 -0.0128 0.9956 0.1085 0.5788
-3.7094 -45.6055 -23.9530 -0.0503 -0.0084 -0.9987 0.1602 0.6787
-9.4601 80.7545 -24.4631 -0.0801 -0.0149 -0.9967 0.1372 0.1736
-11.1385 74.1091 -24.2333 -0.2495 0.0027 -0.9684 0.1305 0.2002
13.1706 59.4553 -6.8959 0.9995 0.0053 0.0300 0.3055 0.2547
-12.2844 20.2519 -22.9165 -0.7511 -0.0280 -0.6596 0.1259 0.4155
12.9680 -40.1001 -23.6791 0.3069 -0.0091 -0.9517 0.2268 0.6567
-13.3995 49.3511 -17.3806 -0.9997 0.0012 -0.0253 0.6033 0.3021
12.4373 112.3181 -24.1434 0.3860 -0.0126 -0.9224 0.2247 0.0475
-13.7406 -38.2704 5.0860 -0.9996 0.0095 0.0262 0.5135 0.6524
-9.4425 -19.9134 24.5922 -0.0367 -0.0315 0.9988 0.0961 0.5794
-13.8251 -99.3294 -16.9842 -0.9988 -0.0002 -0.0492 0.6017 0.8965
4.4399 123.7027 -8.7648 0.0818 0.9966 0.0013 0.6855 0.0612
2.0487 124.0568 6.2489 0.0921 0.9957 -0.0093 0.6951 0.1212
-8.8065 -124.2590 22.4281 -0.0255 -0.7422 0.6697 0.8825 0.1842
-10.4959 -92.6771 24.5723 0.0265 -0.0224 0.9994 0.1003 0.8703
-13.7840 -29.6510 -8.9041 -0.9999 0.0011 0.0121 0.5694 0.6179
-13.0163 38.3494 16.5577 -0.9989 0.0037 0.0469 0.4677 0.3461
-11.5053 81.0073 -23.3793 -0.9591 -0.0228 -0.2822 0.6366 0.1065
-0.6492 -120.4241 21.1744 -0.1427 0.3398 0.9296 0.0609 0.9812
11.0709 122.9636 -5.8340 0.1218 0.9925 0.0054 0.6590 0.0729
-12.8569 115.4139 23.0726 -0.9873 0.0032 -0.1587 0.4416 0.0381
-13.0006 104.8890 16.4227 -0.9982 -0.0019 0.0605 0.4682 0.0801
13.4543 75.0309 -13.8919 0.9992 -0.0045 0.0403 0.2776 0.1925
13.5170 84.4683 22.0695 0.9999 0.0046 0.0123 0.4213 0.1547
0.4387 -119.9185 21.5680 -0.0960 -0.9271 0.3622 0.8183 0.1823
11.3663 123.0104 -11.8320 0.1102 0.9938 0.0151 0.6578 0.0490
-11.4687 -123.6796 -7.3184 -0.2132 -0.9762 -0.0396 0.8719 0.0653
-10.8529 69.8154 -24.2615 -0.2401 -0.0045 -0.9707 0.1316 0.2174
12.6314 -54.9716 23.8491 -0.3079 -0.0258 0.9511 0.0079 0.7195
-4.9606 -123.7843 4.3235 0.0854 -0.9952 -0.0475 0.8979 0.1119
14.0347 -25.0870 10.4763 0.9999 -0.0097 0.0052 0.3750 0.5927
-14.0420 -107.8064 -10.2763 -0.9996 0.0002 -0.0270 0.5749 0.9304
13.3005 -98.5262 23.6088 0.6411 0.0045 0.7675 0.0052 0.8937
13.3005 -98.5262 23.6088 0.9145 0.0059 0.4044 0.4275 0.8862
-13.3450 -86.4020 -21.4650 -0.9858 -0.0098 -0.1679 0.6197 0.8448
-13.1810 98.5276 21.2241 -0.9916 0.1290 -0.0096 0.4490 0.1056
-13.7965 -25.0077 -16.5318 -0.9998 0.0057 -0.0214 0.5999 0.5994
13.4722 88.4615 22.0378 0.9999 0.0120 0.0117 0.4212 0.1388
-12.4393 -5.7138 24.4473 -0.1982 0.0074 0.9801 0.1081 0.5226
13.8136 42.2587 -19.5574 0.9995 -0.0018 0.0300 0.2549 0.3235
13.0560 -30.2633 -23.6867 0.4690 -0.0104 -0.8831 0.2272 0.6174
9.2910 -122.0070 9.4177 0.2007 -0.9791 0.0329 0.9549 0.1322
0.7608 -103.0534 23.9711 0.0078 0.0301 0.9995 0.0553 0.9118
-3.9416 -111.0619 24.1916 0.0196 -0.0129 0.9997 0.0741 0.9438
-13.1745 -87.4422 -23.0123 -0.9869 0.1306 -0.0952 0.6258 0.8490
-13.1745 -87.4422 -23.0123 -0.7582 0.1525 -0.6339 0.1223 0.8460
-11.4821 123.9246 -22.6097 -0.1318 0.8832 -0.4502 0.7492 0.0059
-3.8791 -120.9765 -22.4245 0.0017 0.5548 -0.8320 0.1595 0.9800
13.5111 92.3629 17.7101 1.0000 -0.0059 0.0067 0.4039 0.1232
14.0983 -79.0135 -15.6553 1.0000 -0.0049 0.0004 0.2705 0.8082
-14.1643 -100.5288 11.2424 -0.9997 0.0065 0.0223 0.4889 0.9013
13.8033 54.5228 -19.6272 0.9995 0.0041 0.0305 0.2546 0.2744
-5.4824 -120.5563 20.9233 -0.0010 0.5741 0.8188 0.0803 0.9817
-13.3354 -41.4083 -22.0041 -0.9743 -0.0150 -0.2247 0.6218 0.6649
-13.3354 -41.4083 -22.0041 -0.7897 0.0200 -0.6132 0.1217 0.6620
-13.2828 76.8062 2.8938 -0.9997 0.0054 0.0229 0.5223 0.1924
5.8583 -24.1323 23.9769 0.1057 0.0534 0.9930 0.0349 0.5963
-13.5657 23.8534 -7.2737 -1.0000 0.0039 0.0089 0.5629 0.4041
9.4526 -118.8446 23.3723 -0.0011 -0.5124 0.8588 0.8543 0.1895
9.4526 -118.8446 23.3723 0.0282 -0.2248 0.9740 0.0206 0.9749
-12.5624 -102.4933 24.5484 -0.2704 0.0023 0.9628 0.1086 0.9095
13.4329 23.5721 -23.4910 0.6842 -0.0074 -0.7292 0.2287 0.4022
-13.1080 -76.8094 -22.8937 -0.9899 0.0745 -0.1209 0.6254 0.8065
13.0973 -77.1370 23.7291 0.6540 0.0100 0.7564 0.0060 0.8082
-13.4185 66.7869 -9.7436 -1.0000 0.0028 0.0008 0.5728 0.2324
-5.2007 -22.3158 24.5829 0.0019 -0.0467 0.9989 0.0791 0.5890
-10.9556 -23.3636 -23.3984 -0.3217 0.0195 -0.9467 0.1312 0.5898
-7.9048 80.0130 -24.5580 -0.0569 -0.0064 -0.9984 0.1434 0.1766
-13.7200 2.2485 -11.6806 -1.0000 0.0089 -0.0006 0.5805 0.4904
-13.3921 56.7941 2.2487 -0.9998 0.0113 0.0142 0.5249 0.2724
11.5685 1.6392 23.1442 0.0248 -0.0091 0.9997 0.0121 0.4933
-5.7718 106.9818 -24.7543 -0.0308 0.0048 -0.9995 0.1519 0.0688
-11.3061 -120.4936 21.7224 0.3710 0.5591 0.7415 0.1035 0.9815
-13.4315 52.7776 -12.6943 -1.0000 0.0013 -0.0089 0.5846 0.2884
-13.4515 105.3637 1.7759 -0.9994 0.0104 0.0321 0.5267 0.0782
13.4016 26.3673 -6.6139 0.9997 0.0118 0.0214 0.3067 0.3870
-13.6891 -104.3835 -19.2764 -0.9959 -0.0059 -0.0903 0.6109 0.9167
11.2668 -121.6061 6.3029 0.4129 -0.9106 0.0165 0.9627 0.1198
13.4455 85.9335 12.0663 0.9998 0.0000 -0.0176 0.3813 0.1489
13.6333 57.7072 -23.2160 0.9485 0.0055 -0.3166 0.2403 0.2617
13.6333 57.7072 -23.2160 0.7279 0.0043 -0.6857 0.2295 0.2658
-12.4654 80.7892 -22.8159 -0.4754 0.0168 -0.8796 0.1252 0.1735
-12.4730 112.9872 -5.1995 -0.8928 0.3065 0.3301 0.5546 0.0478
-12.4730 112.9872 -5.1995 -0.6448 0.6064 0.4654 0.8165 0.2045
12.7825 -108.0785 23.7624 -0.3413 -0.0665 0.9376 0.0073 0.9318
13.6107 -116.0870 23.2628 0.7765 -0.0227 0.6297 0.0039 0.9639
13.6107 -116.0870 23.2628 0.9700 0.0135 0.2426 0.4261 0.9564
-12.7541 17.9473 23.8349 -0.9977 0.0034 0.0678 0.4386 0.4277
-12.7541 17.9473 23.8349 -0.8336 0.0097 0.5522 0.1093 0.4281
12.9279 -93.9160 23.7249 0.0663 -0.0114 0.9977 0.0067 0.8752
-13.7181 0.2920 -16.6041 -0.9999 0.0106 -0.0122 0.6002 0.4983
-12.0398 100.4901 24.5126 -0.2530 0.0016 0.9675 0.1065 0.0981
-5.8839 -122.7186 -22.9003 0.0081 -0.3857 -0.9226 0.1515 0.9870
-5.8839 -122.7186 -22.9003 0.0361 -0.8156 -0.5775 0.8942 0.0030
-3.6921 36.3048 24.5554 0.0368 -0.0175 0.9992 0.0731 0.3547
13.5082 -111.4001 23.4239 0.7276 -0.0061 0.6859 0.0044 0.9451
13.5082 -111.4001 23.4239 0.9566 0.0131 0.2912 0.4267 0.9377
-11.4797 90.9952 -23.7564 -0.9228 0.0326 -0.3840 0.6381 0.0666
-13.6717 12.0639 -14.5681 -0.9996 0.0233 -0.0173 0.5921 0.4512
-13.0198 -119.2571 -7.1241 0.2341 -0.9704 0.0592 0.7645 0.0676
13.5574 79.1665 -23.0290 0.8566 0.0254 -0.5153 0.2292 0.1800
-13.6762 -78.1395 21.1923 -0.9990 0.0053 0.0437 0.4491 0.8118
-13.5377 21.2659 -3.6197 -0.9999 -0.0001 0.0105 0.5483 0.4144
-13.8904 -96.4040 -13.8591 -0.9998 0.0066 -0.0207 0.5892 0.8848
13.9464 -18.1146 -5.8650 0.9999 0.0146 0.0027 0.3097 0.5648
13.1106 -106.7518 23.8176 0.4475 -0.0162 0.8941 0.0059 0.9265
2.3018 9.2674 24.0867 0.1031 -0.0092 0.9946 0.0491 0.4628
-13.2891 59.0618 7.9334 -0.9999 0.0022 0.0170 0.5021 0.2633
13.6399 58.0002 -16.5776 0.9986 0.0095 0.0524 0.2668 0.2605
-12.8466 -68.4645 24.4963 -0.0730 -0.0085 0.9973 0.1097 0.7735
12.7632 99.2160 -23.9597 0.5633 0.0028 -0.8263 0.2260 0.0998
-5.3308 -32.0918 -23.9062 -0.0611 -0.0017 -0.9981 0.1537 0.6247
-13.5257 -24.6270 -21.5101 -0.9482 0.0192 -0.3172 0.6198 0.5979
13.4266 14.6095 -23.5015 0.8692 -0.0111 -0.4943 0.2392 0.4340
13.4266 14.6095 -23.5015 0.7187 0.0022 -0.6953 0.2287 0.4380
3.4046 -122.9637 -2.7404 0.1001 -0.9949 -0.0076 0.9313 0.0836
9.8553 -69.8725 23.4598 0.0521 0.0206 0.9984 0.0190 0.7791
13.4896 93.0697 20.1681 0.9998 -0.0004 0.0197 0.4137 0.1204
-7.5654 -20.7138 24.6288 -0.0186 -0.0367 0.9992 0.0886 0.5826
-13.2654 -119.1751 -3.0116 0.0343 -0.9982 0.0490 0.7635 0.0840
-12.9834 80.1789 14.4336 -0.9990 -0.0118 0.0429 0.4762 0.1789
11.4041 -82.2714 -23.6304 0.1296 -0.0173 -0.9914 0.2206 0.8253
-12.1941 42.3586 24.4687 -0.6212 0.0073 0.7836 0.1071 0.3305
-13.4918 40.6285 -7.7630 -1.0000 0.0067 0.0024 0.5649 0.3370
-12.1307 114.9401 7.1179 -0.9985 0.0309 -0.0458 0.5054 0.0400
13.7359 49.3192 22.9964 0.9699 0.0130 0.2433 0.4250 0.2952
-12.6662 68.1544 -22.6072 -0.6988 -0.0077 -0.7153 0.1244 0.2240
7.8760 -91.1767 -24.0440 0.0729 0.0003 -0.9973 0.2065 0.8609
-11.3531 85.4824 -24.1655 -0.7360 -0.0013 -0.6770 0.1296 0.1547
-11.3531 85.4824 -24.1655 -0.9431 -0.0075 -0.3324 0.6397 0.0886
9.0504 123.3688 15.7778 0.1154 0.9933 0.0036 0.6671 0.1593
-12.4864 -13.3065 24.5916 0.0180 0.0243 0.9995 0.1083 0.5530
-12.6345 43.4807 23.7205 -0.9731 0.0108 0.2302 0.4390 0.3256
13.7989 -74.4185 20.0512 0.9980 -0.0078 0.0630 0.4133 0.7899
-12.4462 77.9662 -22.8049 -0.4056 -0.0271 -0.9136 0.1253 0.1848
-12.8640 -8.0890 -22.4000 -0.4390 -0.0087 -0.8984 0.1236 0.5288
-11.9625 2.8034 -22.8646 -0.5594 -0.0274 -0.8284 0.1272 0.4852
12.7025 57.3492 -23.9128 0.2960 -0.0086 -0.9552 0.2258 0.2672
-12.5727 55.4356 23.7730 -0.9563 -0.0040 0.2924 0.4388 0.2778
10.2683 -79.2081 23.3889 0.0439 0.0052 0.9990 0.0173 0.8164
-12.2736 117.6162 9.1735 -0.9559 0.0983 -0.2769 0.4972 0.0293
-12.2736 117.6162 9.1735 -0.4990 0.3240 -0.8037 0.7919 0.2127
11.8459 -51.7810 23.5631 -0.2215 -0.0268 0.9748 0.0110 0.7068
10.7414 -121.8782 3.4027 0.2861 -0.9582 0.0105 0.9606 0.1082
-12.4588 17.5628 24.2964 -0.6154 0.0032 0.7882 0.1081 0.4296
4.7677 -122.7495 -7.5542 0.0929 -0.9956 0.0124 0.9368 0.0644
-10.0601 -78.9320 24.4797 -0.0030 -0.0349 0.9994 0.0986 0.8153
14.1113 -72.3650 -19.2395 0.9993 -0.0093 -0.0367 0.2562 0.7817
-13.4922 23.9671 -19.5225 -0.9980 0.0076 -0.0628 0.6119 0.4036
9.0638 -121.8898 14.1554 0.1898 -0.9811 0.0369 0.9539 0.1512
-13.7913 -12.7723 -8.2866 -1.0000 0.0023 0.0079 0.5670 0.5505
-1.0683 123.9096 -17.1765 0.0446 0.9984 -0.0337 0.7075 0.0276
13.7172 95.9585 15.7553 0.9969 -0.0782 0.0043 0.3961 0.1088
7.7219 -30.2701 23.5696 0.0924 0.0540 0.9943 0.0275 0.6208
-12.5588 78.6901 23.4068 -0.9756 -0.0015 0.2195 0.4403 0.1849
-7.6795 122.2722 -22.8382 -0.0691 0.1093 -0.9916 0.1443 0.0077
13.8434 -40.7483 8.6408 0.9998 -0.0171 0.0132 0.3676 0.6553
0.6388 123.1512 -23.1879 0.0325 0.7947 -0.6061 0.7007 0.0036
0.6388 123.1512 -23.1879 0.0237 0.2274 -0.9735 0.1776 0.0042
13.2926 39.8026 -23.6291 0.6169 0.0052 -0.7870 0.2281 0.3373
-14.1284 -93.9300 6.5361 -0.9999 0.0144 0.0048 0.5077 0.8749
-12.3732 121.5524 18.8438 -0.7347 0.6776 0.0320 0.8603 0.1993
13.5518 76.2475 22.1766 0.9995 0.0125 0.0285 0.4218 0.1876
13.4900 85.8553 -23.2033 0.9551 0.0057 -0.2961 0.2404 0.1492
13.4900 85.8553 -23.2033 0.7870 0.0214 -0.6166 0.2289 0.1532
-11.2249 101.0275 -24.3178 -0.9059 0.0141 -0.4233 0.6403 0.0265
-11.2249 101.0275 -24.3178 -0.3504 0.0250 -0.9363 0.1301 0.0926
-13.8532 -67.4328 9.6281 -0.9998 0.0083 0.0158 0.4954 0.7690
13.1506 69.2690 3.6320 0.9991 0.0023 -0.0417 0.3476 0.2155
12.0203 -121.2636 -22.5911 0.1704 -0.4472 -0.8781 0.2231 0.9812
12.0203 -121.2636 -22.5911 0.3275 -0.8258 -0.4592 0.9658 0.0043
-13.4689 38.6967 -15.2650 -1.0000 0.0016 -0.0089 0.5949 0.3447
-0.0492 -23.3522 24.2566 0.0549 -0.0118 0.9984 0.0585 0.5932
-5.2548 -90.8608 24.3091 0.0401 -0.0661 0.9970 0.0794 0.8630
11.5621 122.5443 -23.3352 0.0312 0.8341 -0.5507 0.6571 0.0030
8.5301 15.3802 23.4362 0.0659 -0.0632 0.9958 0.0242 0.4383
-12.7463 44.7799 21.9014 -0.9983 0.0028 0.0580 0.4463 0.3204
13.0553 -86.5014 23.6967 0.4127 0.0067 0.9109 0.0062 0.8456
-12.4703 102.4782 -23.2497 -0.3914 -0.0077 -0.9202 0.1252 0.0868
-13.3982 -88.5132 24.1145 -0.9756 0.0162 0.2192 0.4375 0.8532
-13.3982 -88.5132 24.1145 -0.5535 -0.0355 0.8321 0.1119 0.8536
-13.1300 -73.6300 -22.1959 -0.9962 0.0074 -0.0864 0.6226 0.7937
-9.7140 49.0273 24.6476 -0.0156 0.0034 0.9999 0.0972 0.3038
-1.1551 123.0306 24.0734 0.0050 -0.5730 0.8196 0.0630 0.0080
-11.5613 75.1304 -23.7008 -0.9587 0.0035 -0.2844 0.6379 0.1300
-6.0554 -77.9811 24.4879 0.0368 -0.0114 0.9993 0.0826 0.8115
13.5345 114.6096 -22.3851 0.9799 0.0119 -0.1991 0.2436 0.0343
12.2214 89.4639 -24.2277 0.2994 0.0022 -0.9541 0.2239 0.1388
-13.1611 70.4324 10.5593 -0.9994 -0.0086 0.0336 0.4916 0.2179
-13.5170 -108.9918 -22.4985 -0.9918 -0.0289 -0.1246 0.6238 0.9351
12.8025 -88.9180 23.7411 -0.1854 0.0156 0.9825 0.0072 0.8552
-13.0766 84.8050 14.2126 -0.9987 -0.0333 0.0397 0.4770 0.1604
7.1408 -50.9659 -24.2304 0.0592 -0.0046 -0.9982 0.2035 0.7002
12.0283 14.6946 23.1513 0.0493 -0.0198 0.9986 0.0103 0.4411
13.7124 -5.0119 -23.0591 0.9326 -0.0066 -0.3608 0.2409 0.5124
13.7124 -5.0119 -23.0591 0.8116 -0.0010 -0.5842 0.2298 0.5165
13.5333 88.4165 -15.3404 0.9993 -0.0067 0.0360 0.2718 0.1390
-12.9853 -78.5101 -22.9863 -0.7670 -0.2287 -0.5995 0.1231 0.8103
-12.6982 -39.6602 24.6004 -0.0629 0.0038 0.9980 0.1091 0.6583
12.6555 -96.0277 -23.3680 0.1696 -0.0124 -0.9854 0.2256 0.8803
13.3620 67.9435 -12.2960 0.9989 0.0017 0.0461 0.2840 0.2208
1.6705 -99.3107 23.7466 0.0620 -0.0615 0.9962 0.0517 0.8968
13.3703 91.4844 -7.4497 0.9997 -0.0224 0.0139 0.3033 0.1267
-13.4369 42.2606 -15.8830 -0.9999 0.0073 -0.0134 0.5973 0.3305
14.1102 16.9638 17.2045 0.9998 0.0066 -0.0201 0.4019 0.4246
-13.0357 18.0976 -22.3460 -0.6786 0.0008 -0.7345 0.1229 0.4241
-13.7235 -3.9028 -6.2697 -0.9999 0.0044 0.0127 0.5589 0.5150
1.2332 89.0799 -24.8946 -0.0165 -0.0048 -0.9999 0.1799 0.1403
13.0516 -30.7721 23.6840 0.1333 0.0101 0.9910 0.0062 0.6228
13.5296 -107.8875 9.2827 0.9995 -0.0136 -0.0296 0.3702 0.9237
-12.0259 -37.3249 -22.7496 -0.4413 0.0084 -0.8973 0.1269 0.6456
14.0287 -79.3855 10.5482 0.9999 -0.0063 0.0097 0.3753 0.8097
14.1079 11.6573 22.4965 0.7992 0.0003 0.6010 0.0020 0.4532
14.1079 11.6573 22.4965 0.9949 0.0057 0.1003 0.4230 0.4458
12.7811 -59.1083 -23.6100 0.2264 -0.0068 -0.9740 0.2261 0.7327
-13.4629 -95.0546 -20.8836 -0.9938 -0.0137 -0.1101 0.6173 0.8794
-13.5020 34.0648 -3.0513 -1.0000 0.0024 0.0066 0.5460 0.3632
-11.6571 96.5273 -23.5521 -0.4451 -0.0035 -0.8955 0.1284 0.1106
-11.6571 96.5273 -23.5521 -0.8777 -0.0022 -0.4792 0.6373 0.0445
12.5289 -58.6749 23.7135 -0.4283 -0.0097 0.9036 0.0083 0.7344
2.3992 123.7774 23.5150 0.0762 0.9561 0.2828 0.6937 0.1903
7.3434 16.7705 -24.6499 0.0399 -0.0103 -0.9992 0.2044 0.4294
-12.4128 28.9670 24.3974 -0.8672 -0.0001 0.4980 0.4363 0.3836
-12.4128 28.9670 24.3974 -0.4918 -0.0071 0.8707 0.1080 0.3840
13.8127 -49.0929 -22.9098 0.9640 -0.0114 -0.2658 0.2415 0.6886
13.8127 -49.0929 -22.9098 0.7983 0.0137 -0.6021 0.2302 0.6927
13.3433 41.5632 23.5528 0.5650 0.0239 0.8248 0.0050 0.3337
13.0725 -19.9160 23.5016 0.0908 0.0356 0.9952 0.0061 0.5794
-13.5036 8.7167 -21.0589 -0.9946 0.0031 -0.1042 0.6180 0.4646
12.8460 122.8482 23.4035 0.2213 0.8954 0.3865 0.6519 0.1898
-12.1369 -9.1738 24.5279 -0.0407 0.0270 0.9988 0.1069 0.5365
13.7851 -53.1480 10.8290 0.9993 0.0275 0.0268 0.3764 0.7048
-12.7235 111.2494 -2.3091 -0.4230 0.8915 0.1625 0.8175 0.2161
-11.4179 45.0385 -23.9860 -0.2854 -0.0054 -0.9584 0.1294 0.3164
-13.2416 -41.0559 23.9668 -0.9866 0.0142 0.1625 0.4380 0.6635
0.7629 -38.7490 24.2647 0.0627 -0.0303 0.9976 0.0553 0.6547
-9.3618 -119.8824 20.4050 -0.0285 -0.0115 0.9995 0.0958 0.9790
-13.6508 -81.4455 -16.4403 -0.9996 0.0048 -0.0274 0.5996 0.8250
-13.8878 -81.3799 14.2395 -0.9998 0.0076 0.0206 0.4769 0.8247
8.2468 -24.6060 23.7156 0.1146 0.0353 0.9928 0.0254 0.5982
-12.3698 18.2549 24.3609 -0.4261 -0.0223 0.9044 0.1078 0.4268
12.6866 -87.3563 23.6862 -0.2517 0.0017 0.9678 0.0076 0.8490
-11.6037 81.9890 24.5039 -0.1167 0.0084 0.9931 0.1047 0.1721
-13.9605 -118.5446 -0.1313 -0.9871 -0.1601 -0.0073 0.5344 0.9733
-13.1284 48.1659 13.4068 -0.9988 0.0035 0.0481 0.4803 0.3069
-12.6975 60.2442 -22.5350 -0.6546 -0.0064 -0.7560 0.1242 0.2556
13.1667 -110.6601 23.7016 0.1976 0.0100 0.9802 0.0057 0.9422
8.7833 -122.3057 -11.0969 0.1334 -0.9910 0.0072 0.9528 0.0502
-9.7284 123.5791 24.1552 -0.1685 -0.4264 0.8887 0.0972 0.0058
-9.8005 -120.1820 20.5450 0.1679 0.4810 0.8605 0.0975 0.9802
2.7261 -121.8662 22.9636 0.0482 -0.1303 0.9903 0.0474 0.9870
-11.9323 -0.3687 -22.7699 -0.5682 -0.0238 -0.8225 0.1273 0.4979
-13.9915 -84.3266 9.8170 -0.9999 0.0100 0.0134 0.4946 0.8365
-13.0771 32.6096 16.3710 -0.9987 0.0104 0.0501 0.4684 0.3691
10.6592 -109.6296 23.3481 -0.0315 0.0364 0.9988 0.0157 0.9380
-3.1053 -95.3557 -23.9012 -0.0459 0.0025 -0.9989 0.1626 0.8776
13.1576 87.1231 24.0267 0.6204 0.0022 0.7843 0.0058 0.1515
-12.5097 101.0627 24.2956 -0.8680 0.0852 0.4892 0.4367 0.0954
-12.5097 101.0627 24.2956 -0.4952 0.0088 0.8688 0.1084 0.0958
12.6847 -56.0398 23.8277 -0.2492 -0.0336 0.9679 0.0076 0.7238
4.1990 -69.1269 23.7433 0.1001 -0.0716 0.9924 0.0416 0.7761
13.9772 -65.3388 -22.0023 0.9963 0.0017 -0.0857 0.2452 0.7536
-13.7853 -90.9698 -15.7439 -0.9997 0.0144 -0.0188 0.5968 0.8631
-13.4159 -84.6455 24.1528 -0.9605 0.0036 0.2784 0.4373 0.8378
-13.4159 -84.6455 24.1528 -0.5454 0.0115 0.8381 0.1120 0.8382
-13.5337 27.8867 -5.6477 -1.0000 0.0040 0.0082 0.5564 0.3879
12.6534 -96.3302 23.7080 -0.3454 0.0485 0.9372 0.0078 0.8849
13.3712 31.3339 23.3455 0.5304 -0.0183 0.8476 0.0049 0.3746
13.1058 99.3669 -23.5361 0.8756 0.0152 -0.4828 0.2390 0.0952
13.1058 99.3669 -23.5361 0.8418 0.0046 -0.5398 0.2274 0.0992
-11.9038 32.6382 -23.6589 -0.6968 0.0392 -0.7162 0.1274 0.3660
-14.1746 -99.3513 10.1463 -0.9998 0.0098 0.0164 0.4933 0.8966
13.2140 61.4677 3.7469 0.9992 0.0116 -0.0389 0.3481 0.2467
13.4858 16.3199 -23.4346 0.7679 -0.0021 -0.6406 0.2289 0.4312
-8.0725 -124.3006 17.4565 0.0943 -0.9953 -0.0230 0.8854 0.1644
1.8544 -40.4276 24.1137 0.0844 0.0219 0.9962 0.0509 0.6614
-13.5768 25.8621 -7.9978 -0.9999 0.0023 0.0104 0.5658 0.3960
13.5747 101.0979 23.7814 0.9253 0.0161 0.3789 0.4282 0.0883
-11.8449 -119.2210 23.1282 -0.0130 -0.9997 -0.0186 0.7692 0.1885
-13.7446 -79.3553 -10.8899 -0.9998 0.0043 -0.0203 0.5774 0.8166
-14.2393 -101.1657 4.4793 -1.0000 0.0070 0.0022 0.5159 0.9038
-7.8743 -119.5944 20.9153 -0.1764 -0.8419 0.5099 0.7850 0.1797
-12.8402 8.8038 23.8094 -0.9738 0.0134 0.2270 0.4387 0.4642
13.6748 -96.2173 0.9385 0.9993 -0.0318 -0.0184 0.3369 0.8770
13.9566 4.1708 10.4046 0.9990 -0.0018 -0.0447 0.3747 0.4757
-8.2068 -29.1666 24.6925 -0.0523 0.0187 0.9985 0.0912 0.6164
-11.5019 33.3482 -23.9291 -0.4870 0.0099 -0.8733 0.1290 0.3631
-13.5806 104.0813 -1.3777 -0.9995 0.0082 0.0294 0.5394 0.0834
13.2231 53.4744 23.7394 0.5543 -0.0026 0.8323 0.0055 0.2860
-13.3967 69.6619 -7.1769 -0.9999 -0.0130 -0.0001 0.5625 0.2210
-11.2659 -52.1957 -23.4609 -0.2854 0.0046 -0.9584 0.1300 0.7051
13.1011 77.3561 -2.9321 0.9997 -0.0013 0.0240 0.3214 0.1832
13.7021 -107.7896 -16.5797 0.9982 -0.0124 0.0591 0.2668 0.9233
-3.7138 124.2212 23.3640 0.0660 0.9947 0.0790 0.7181 0.1897
-13.6749 -70.3152 -14.4922 -0.9996 0.0084 -0.0251 0.5918 0.7805
12.3929 -91.1097 23.4666 -0.4904 -0.0168 0.8713 0.0088 0.8640
13.3034 -14.6618 -23.5318 0.7161 0.0041 -0.6980 0.2282 0.5550
14.1202 -30.0293 -15.9833 0.9999 0.0094 -0.0069 0.2692 0.6124
9.7974 -121.3992 -22.8404 0.0385 -0.1472 -0.9884 0.2142 0.9817
-8.3110 21.0568 24.4770 0.0203 0.0455 0.9988 0.0916 0.4156
-12.6164 -118.9798 1.2143 -0.9446 -0.3283 -0.0001 0.9781 0.2788
-12.6164 -118.9798 1.2143 -0.1470 -0.9888 0.0269 0.7661 0.1009
-12.3300 51.4139 -22.7280 -0.5407 0.0148 -0.8411 0.1257 0.2909
-13.3226 100.5069 10.2715 -0.9993 0.0145 0.0334 0.4928 0.0977
-12.6114 -36.1617 24.5972 0.0104 -0.0098 0.9999 0.1088 0.6444
-14.1099 -91.9063 2.3148 -0.9999 0.0143 -0.0040 0.5246 0.8668
-12.6388 110.5807 22.2670 -0.9956 -0.0000 -0.0936 0.4448 0.0574
12.7734 -120.5318 7.6398 0.9634 -0.2672 -0.0210 0.3636 0.9742
12.7734 -120.5318 7.6398 0.8243 -0.5661 -0.0062 0.9688 0.1251
5.1827 -122.6748 -14.5658 0.0819 -0.9963 -0.0275 0.9384 0.0364
-4.6045 -123.5070 -3.3822 0.0389 -0.9975 -0.0584 0.8993 0.0811
-6.1550 -120.9245 21.2340 -0.0127 0.7062 0.7079 0.0830 0.9832
-11.1145 71.9414 -24.2067 -0.4279 -0.0208 -0.9036 0.1306 0.2089
-5.2438 -123.4409 -10.1696 0.0527 -0.9983 0.0229 0.8967 0.0539
13.9622 -94.0218 -20.7194 1.0000 -0.0090 -0.0036 0.2503 0.8682
-13.4101 -9.1721 -21.9131 -0.9624 -0.0061 -0.2716 0.6214 0.5361
-13.4101 -9.1721 -21.9131 -0.6578 -0.0084 -0.7532 0.1214 0.5331
-11.9475 60.4403 -22.9960 -0.9637 -0.0202 -0.2663 0.6350 0.1887
-11.9475 60.4403 -22.9960 -0.5260 -0.0130 -0.8504 0.1272 0.2548
-13.5653 21.8004 -16.6861 -0.9998 -0.0031 -0.0195 0.6005 0.4123
-13.8328 -23.7339 -14.0863 -0.9999 -0.0115 -0.0037 0.5902 0.5943
-13.1515 44.5157 -21.8661 -0.9525 0.0063 -0.3046 0.6213 0.3215
13.5212 87.9997 18.0812 1.0000 0.0053 -0.0022 0.4054 0.1406
-8.2665 -123.2817 23.1360 -0.1733 -0.0036 0.9849 0.0914 0.9926
1.4045 -63.3620 24.0968 0.0981 0.0503 0.9939 0.0527 0.7531
-6.5424 -32.6977 24.6388 -0.0375 -0.0366 0.9986 0.0845 0.6305
-13.7227 -47.5153 -16.9001 -0.9993 -0.0197 -0.0308 0.6014 0.6894
-10.3875 124.5560 -5.5476 0.0209 0.9997 -0.0160 0.7448 0.0741
4.8151 -104.8723 23.6640 0.0818 -0.2245 0.9710 0.0391 0.9190
13.7576 -77.9696 -22.9404 0.9047 -0.0211 -0.4254 0.2414 0.8041
13.7576 -77.9696 -22.9404 0.6533 0.0013 -0.7571 0.2300 0.8081
-12.9490 77.4950 14.9013 -0.9989 0.0058 0.0461 0.4743 0.1896
13.1523 99.5618 24.1716 0.3383 -0.0259 0.9407 0.0058 0.1018
11.8151 -97.1837 23.4500 -0.2392 0.0639 0.9689 0.0111 0.8883
13.3616 -25.4740 23.5024 0.6151 -0.0012 0.7884 0.0049 0.6016
12.4431 -41.2678 23.7600 -0.3522 0.1243 0.9276 0.0086 0.6648
-13.0079 118.8304 10.0456 -0.9279 0.1390 -0.3460 0.4937 0.0244
-13.0079 118.8304 10.0456 -0.5143 0.2297 -0.8263 0.7889 0.2079
-12.8627 58.7735 18.5000 -0.9992 -0.0001 0.0408 0.4599 0.2645
-13.3728 -65.6922 24.3338 -0.9892 0.0801 0.1231 0.4366 0.7620
-13.3728 -65.6922 24.3338 -0.3737 -0.0037 0.9276 0.1118 0.7624
13.4296 75.5841 10.0825 0.9996 0.0014 -0.0287 0.3734 0.1903
-12.5793 113.0117 24.1965 -0.7604 -0.0005 0.6494 0.1086 0.0481
12.1902 -121.1614 5.2780 0.4371 -0.8993 0.0137 0.9664 0.1157
-13.7658 -67.1989 -8.5812 -0.9999 -0.0013 -0.0137 0.5682 0.7680
-11.5265 56.9723 -23.9798 -0.5507 -0.0065 -0.8347 0.1289 0.2687
13.2137 74.5693 -7.0818 0.9996 -0.0059 0.0275 0.3048 0.1943
8.3388 -120.1309 -22.8710 -0.0660 -0.4682 -0.8812 0.2083 0.9766
8.3388 -120.1309 -22.8710 -0.0340 -0.6112 -0.7907 0.8498 0.0046
13.5158 48.0028 23.4698 0.5313 -0.0139 0.8470 0.0043 0.3079
13.5158 48.0028 23.4698 0.8986 0.0074 0.4387 0.4269 0.3005
-13.2563 -60.3741 -21.7725 -0.9839 -0.0208 -0.1777 0.6209 0.7408
-13.6689 -84.0980 -17.2335 -0.9992 0.0106 -0.0386 0.6027 0.8356
-12.1597 -123.0130 -4.2980 -0.9852 -0.1714 -0.0051 0.9620 0.3009
-13.1954 -45.7262 24.3723 -0.9922 0.0073 0.1242 0.4364 0.6822
-13.1954 -45.7262 24.3723 -0.6954 0.0104 0.7186 0.1111 0.6826
13.3657 122.4130 -9.8736 0.6484 0.7613 -0.0011 0.6499 0.0568
13.3657 122.4130 -9.8736 0.9629 0.2692 -0.0168 0.2936 0.0031
-13.9660 -118.7656 5.3930 -0.8618 -0.5073 0.0013 0.7607 0.1176
-12.6669 7.3456 24.2801 -0.9038 0.0220 0.4274 0.4368 0.4701
-12.6669 7.3456 24.2801 -0.5381 0.0241 0.8425 0.1090 0.4704
13.9436 -95.3427 -18.6910 0.9999 -0.0090 0.0126 0.2584 0.8735
-13.9817 -86.4359 11.4657 -0.9998 0.0086 0.0199 0.4880 0.8449
-8.9690 28.5603 24.5049 -0.0265 -0.0240 0.9994 0.0942 0.3856
-6.3925 -50.8430 -23.8463 -0.0525 0.0021 -0.9986 0.1494 0.6997
-13.3820 -62.6722 24.2345 -0.9902 0.0048 0.1393 0.4370 0.7499
-13.3820 -62.6722 24.2345 -0.7512 0.0037 0.6601 0.1118 0.7503
-11.4807 68.9638 -23.9902 -0.5456 0.0083 -0.8380 0.1291 0.2208
-11.4807 68.9638 -23.9902 -0.8930 0.0295 -0.4491 0.6390 0.1547
-12.3955 123.2997 -3.2413 -0.9981 0.0575 0.0207 0.5468 0.0065
-13.3568 -59.3424 24.2185 -0.9697 0.0014 0.2441 0.4370 0.7366
13.3552 -2.3849 23.1537 0.1822 0.0032 0.9833 0.0050 0.5093
-12.4080 118.7257 9.6401 -0.6534 0.1987 -0.7305 0.7913 0.2083
13.4867 33.8837 -23.4536 0.7067 -0.0065 -0.7075 0.2289 0.3610
-13.4272 50.3071 -13.6816 -1.0000 0.0008 -0.0053 0.5885 0.2983
-13.2369 -45.2638 -22.2605 -0.9708 -0.0028 -0.2399 0.6228 0.6804
-13.2369 -45.2638 -22.2605 -0.8563 0.0049 -0.5164 0.1221 0.6774
2.1785 122.1872 23.7792 -0.0257 0.5388 0.8420 0.8800 0.2575
-6.4990 18.4964 24.6199 -0.0667 -0.0160 0.9976 0.0843 0.4259
-13.0987 84.5897 -21.0989 -0.9929 -0.0116 -0.1180 0.6182 0.1613
-12.7539 34.9529 22.3513 -0.9989 0.0029 0.0463 0.4445 0.3597
-13.7031 -75.2785 19.7835 -0.9995 0.0088 0.0316 0.4548 0.8003
10.8710 -113.1452 23.3267 -0.0115 0.0198 0.9997 0.0149 0.9521
13.9783 -69.5768 -22.2217 0.9927 0.0009 -0.1205 0.2443 0.7705
-1.4156 1.1696 24.5472 0.1019 0.0553 0.9933 0.0640 0.4951
-13.1820 -34.4621 23.9581 -0.9799 -0.0072 0.1993 0.4381 0.6372
-1.0996 -123.2306 -7.5885 0.0228 -0.9997 -0.0132 0.9133 0.0643
-4.8321 -123.2306 -16.0598 0.0431 -0.9991 0.0032 0.8984 0.0304
10.9126 -121.9198 -1.9493 0.2976 -0.9545 0.0195 0.9613 0.0868
-12.6929 116.7887 21.1398 -0.9984 0.0011 0.0561 0.4493 0.0326
-13.3555 56.2469 5.3145 -0.9998 0.0090 0.0166 0.5126 0.2746
12.8972 -13.2408 23.3574 -0.0721 0.0093 0.9974 0.0068 0.5527
-13.6780 -64.0573 16.8569 -0.9997 0.0099 0.0230 0.4665 0.7555
-13.0044 94.5073 -21.8466 -0.9881 -0.0423 -0.1476 0.6212 0.1216
-12.5301 66.8121 -22.6438 -0.6290 -0.0387 -0.7764 0.1249 0.2294
-12.6244 -1.4697 24.2800 -0.5436 0.0033 0.8394 0.1088 0.5057
-13.1723 -81.6395 -22.1283 -0.9883 0.0098 -0.1521 0.6223 0.8258
-13.7132 -76.2654 -12.8619 -0.9999 -0.0032 -0.0103 0.5853 0.8043
-11.9247 -28.1225 -22.7201 -0.5790 -0.0032 -0.8153 0.1273 0.6089
-11.9692 61.3866 -22.9681 -0.9408 0.0149 -0.3386 0.6349 0.1849
-11.9692 61.3866 -22.9681 -0.5242 0.0157 -0.8515 0.1272 0.2510
-9.0472 -77.8051 24.5401 0.0025 -0.0082 1.0000 0.0945 0.8108
-3.9173 -115.1015 24.1389 0.0490 -0.0030 0.9988 0.0740 0.9599
-12.9770 -72.2672 -23.0918 -0.9751 0.0083 -0.2215 0.6262 0.7883
-12.9770 -72.2672 -23.0918 -0.1595 0.0294 -0.9868 0.1231 0.7853
3.8297 122.8602 -23.2977 -0.0397 0.3493 -0.9362 0.1903 0.0053
-13.2903 -100.4339 24.2441 -0.6164 0.0009 0.7875 0.1115 0.9013
-1.2818 28.5742 24.1300 0.0721 0.0217 0.9972 0.0635 0.3856
12.6820 -68.3667 23.7583 -0.2950 -0.0068 0.9555 0.0077 0.7731
5.9152 -122.2503 19.1273 0.1790 -0.9819 0.0613 0.9414 0.1710
-5.1594 -123.8491 6.0373 0.0917 -0.9956 0.0195 0.8971 0.1187
-12.3174 -119.6678 -5.2102 -0.9952 -0.0974 -0.0070 0.9754 0.3045
-13.1220 -99.5742 24.3589 -0.4497 0.0110 0.8931 0.1108 0.8978
-13.6394 -64.2896 -16.5439 -0.9994 -0.0044 -0.0353 0.6000 0.7564
12.8778 -18.7420 23.4261 -0.1366 0.0234 0.9903 0.0069 0.5747
-11.8981 123.2418 22.5357 -0.8706 -0.4394 0.2214 0.4438 0.0068
-13.2867 85.7292 -18.4904 -0.9988 -0.0115 -0.0475 0.6078 0.1567
-13.0418 -2.3248 20.2405 -0.9992 0.0078 0.0395 0.4529 0.5087
7.4021 -121.3052 22.5954 0.2119 -0.7257 0.6546 0.9473 0.1849
7.4021 -121.3052 22.5954 0.2176 -0.4754 0.8524 0.0288 0.9847
5.6929 20.1872 23.8185 0.0820 -0.0207 0.9964 0.0356 0.4191
3.9652 -122.9040 7.1699 0.1355 -0.9908 0.0056 0.9336 0.1233
-12.0230 -56.7124 24.4561 0.0489 0.0137 0.9987 0.1064 0.7265
-13.4297 57.2222 -8.1527 -1.0000 0.0048 -0.0004 0.5664 0.2707
12.7122 84.2429 24.2776 0.2500 0.0045 0.9682 0.0075 0.1631
13.0187 69.0651 24.0552 0.5007 -0.0061 0.8656 0.0063 0.2237
13.3369 85.3182 -10.7753 0.9995 -0.0083 0.0298 0.2900 0.1513
-12.0680 121.6975 22.3896 -0.5786 0.8004 -0.1568 0.8744 0.2005
13.1525 84.9255 -0.2833 0.9997 -0.0250 0.0024 0.3320 0.1529
-4.6559 -123.6624 22.6648 0.1361 -0.9218 0.3629 0.8991 0.1852
-13.7867 -9.4460 -10.3669 -1.0000 0.0071 0.0003 0.5753 0.5372
7.5712 -31.3678 23.7470 0.1046 0.0546 0.9930 0.0281 0.6252
-13.1559 67.4409 8.8783 -0.9995 -0.0018 0.0306 0.4984 0.2298
-12.9279 66.3137 16.1309 -0.9988 0.0196 0.0439 0.4694 0.2343
-13.0013 100.8185 16.3894 -0.9977 0.0133 0.0658 0.4683 0.0964
13.8587 48.4618 -22.6538 0.9869 0.0027 -0.1613 0.2426 0.2987
-7.3544 -123.5963 -4.8586 0.0134 -0.9998 -0.0114 0.8883 0.0752
13.0951 81.6888 1.9220 0.9999 -0.0081 -0.0097 0.3408 0.1659
4.7910 -109.7416 -23.9341 0.0280 -0.0239 -0.9993 0.1942 0.9351
13.2117 -30.1022 23.5930 0.6804 -0.0096 0.7328 0.0055 0.6201
-11.3471 124.3268 24.0340 -0.3378 -0.1409 0.9306 0.1037 0.0028
-11.3471 124.3268 24.0340 -0.5193 0.7062 0.4814 0.7486 0.1923
2.5134 -110.9670 -23.9500 0.0078 -0.0247 -0.9997 0.1850 0.9400
-13.4670 -71.9924 24.0097 -0.9906 -0.0180 0.1357 0.4379 0.7872
12.5646 -121.0524 -10.8050 0.9665 -0.2565 0.0011 0.2899 0.9763
12.5646 -121.0524 -10.8050 0.7902 -0.6127 0.0103 0.9679 0.0514
13.6350 -18.2262 23.0052 0.7778 -0.0198 0.6282 0.0038 0.5727
13.6350 -18.2262 23.0052 0.9243 -0.0160 0.3814 0.4251 0.5653
1.1531 -123.1100 -4.9940 0.1151 -0.9931 -0.0221 0.9223 0.0746
-13.2608 87.0121 9.5603 -0.9996 -0.0140 0.0240 0.4956 0.1516
13.1108 -114.7667 0.8860 0.9986 -0.0487 -0.0181 0.3367 0.9512
13.9652 -41.5956 -1.0060 0.9998 -0.0070 0.0182 0.3291 0.6587
-13.2047 -107.2561 -23.5577 -0.4096 0.1177 -0.9047 0.1222 0.9252
13.4988 -79.6652 23.0695 0.9940 0.0035 0.1093 0.4253 0.8108
1.5024 123.5298 24.0676 0.0072 0.2675 0.9635 0.0523 0.0060
1.5024 123.5298 24.0676 0.0709 0.7793 0.6226 0.6973 0.1925
-2.8754 124.4281 5.4645 0.0770 0.9970 -0.0108 0.7148 0.1181
13.1201 -90.4185 23.7152 0.4281 0.0012 0.9037 0.0059 0.8612
-5.4972 -123.8877 8.7178 0.0630 -0.9980 0.0049 0.8957 0.1294
-0.9849 -98.0140 24.1637 -0.0473 -0.0218 0.9986 0.0623 0.8916
-12.4522 91.3130 24.2976 -0.9138 -0.0517 0.4028 0.4367 0.1344
-12.4522 91.3130 24.2976 -0.4961 0.0084 0.8682 0.1081 0.1348
-4.5906 -53.9671 -23.9183 -0.0421 -0.0036 -0.9991 0.1567 0.7122
13.1854 -104.1873 23.7831 0.6296 0.0061 0.7769 0.0056 0.9163
-0.6891 -42.2554 24.3777 0.0501 -0.0111 0.9987 0.0611 0.6687
-11.2420 88.1419 -24.2912 -0.8717 0.0085 -0.4900 0.6402 0.0780
-11.2420 88.1419 -24.2912 -0.5966 -0.0154 -0.8024 0.1301 0.1441
-13.5742 -101.6241 24.0005 -0.9904 0.0052 0.1381 0.4379 0.9057
-13.5742 -101.6241 24.0005 -0.6683 -0.0045 0.7439 0.1126 0.9060
-12.6830 -53.5336 -22.9116 -0.2627 -0.0333 -0.9643 0.1243 0.7104
7.9445 32.0303 -24.5635 0.0608 -0.0088 -0.9981 0.2068 0.3684
-6.9370 114.4942 24.8453 -0.0321 0.0072 0.9995 0.0861 0.0421
-11.5881 83.3060 -23.2765 -0.6067 -0.0149 -0.7948 0.1287 0.1634
-11.5881 83.3060 -23.2765 -0.9582 -0.0152 -0.2856 0.6362 0.0973
12.1142 -20.4699 23.3461 -0.1208 0.0159 0.9926 0.0099 0.5816
13.6227 10.8236 -23.2474 0.9326 -0.0102 -0.3608 0.2402 0.4491
13.6227 10.8236 -23.2474 0.7151 -0.0028 -0.6990 0.2295 0.4532
12.9905 -57.5369 23.7928 0.2030 -0.0228 0.9789 0.0064 0.7298
7.3601 -21.3082 -24.3875 0.0520 -0.0147 -0.9985 0.2044 0.5816
-12.0996 -115.7586 -23.6439 0.2384 -0.0359 -0.9705 0.1266 0.9592
-5.5599 -113.2615 24.1167 0.0162 0.0034 0.9999 0.0806 0.9526
4.6942 -72.3210 -24.2581 0.0197 -0.0054 -0.9998 0.1938 0.7855
8.5300 -122.0168 -22.4933 0.1081 -0.9222 -0.3712 0.9518 0.0047
12.8510 -60.1830 23.8277 -0.0280 -0.0206 0.9994 0.0070 0.7404
2.6889 -33.5356 24.1414 0.1100 0.0116 0.9939 0.0476 0.6339
13.6732 68.3337 17.1995 0.9999 -0.0015 -0.0150 0.4019 0.2192
-13.6898 -85.5251 21.8942 -0.9987 0.0058 0.0516 0.4463 0.8413
-11.2659 16.6393 -23.7185 -0.2637 -0.0227 -0.9643 0.1300 0.4299
-8.5805 -59.7822 24.5207 0.0068 0.0207 0.9998 0.0926 0.7388
-13.2802 -77.0836 -21.4403 -0.9892 0.0073 -0.1461 0.6196 0.8076
-13.6226 -55.3317 -17.2999 -0.9995 -0.0139 -0.0296 0.6030 0.7206
-12.3990 -119.0450 24.1257 0.2183 -0.4133 0.8840 0.1079 0.9757
-12.3990 -119.0450 24.1257 0.1522 -0.7516 0.6419 0.7669 0.1925
-6.3011 -29.6600 24.6818 0.0437 0.0501 0.9978 0.0835 0.6184
14.1313 9.0785 22.3888 0.9792 -0.0044 0.2028 0.4226 0.4561
13.0931 73.3366 -2.8197 0.9998 -0.0041 0.0208 0.3218 0.1992
13.4469 -20.7338 23.2757 0.7214 0.0373 0.6915 0.0046 0.5827
13.4469 -20.7338 23.2757 0.8886 0.0344 0.4575 0.4262 0.5753
-13.8188 -55.1532 2.7480 -1.0000 0.0020 -0.0021 0.5229 0.7199
-10.3169 -85.4436 24.5294 0.0415 -0.0027 0.9991 0.0996 0.8414
-13.7504 -65.1068 -10.7252 -0.9999 -0.0054 -0.0118 0.5767 0.7597
-12.5763 -115.9955 -23.7615 0.0051 -0.1253 -0.9921 0.1247 0.9601
2.3407 -105.4899 23.6916 0.0385 -0.0491 0.9981 0.0490 0.9215
12.7993 -49.6859 -23.6609 0.2433 0.0033 -0.9700 0.2262 0.6951
-2.1913 -70.2378 24.3167 0.0537 0.0130 0.9985 0.0671 0.7806
12.7119 96.3617 -23.9915 0.5506 -0.0005 -0.8348 0.2258 0.1112
7.1444 96.7091 -24.8263 0.0698 0.0002 -0.9976 0.2036 0.1099
-11.9203 87.4752 -23.2646 -0.4076 -0.0283 -0.9127 0.1274 0.1468
13.5593 -37.9214 -23.3334 0.7271 -0.0024 -0.6865 0.2292 0.6480
-13.3016 -94.2824 24.2428 -0.5790 -0.0063 0.8153 0.1115 0.8767
13.0762 88.3079 24.0861 0.6631 0.0082 0.7485 0.0061 0.1468
13.9358 -39.7887 1.8299 0.9999 -0.0093 0.0128 0.3404 0.6514
-12.0074 -63.9319 -23.1243 -0.3357 0.0124 -0.9419 0.1270 0.7520
6.5986 -114.5255 -23.7373 0.0451 -0.0332 -0.9984 0.2014 0.9542
-11.5859 -117.8939 24.2860 0.0948 -0.1679 0.9812 0.1047 0.9711
-12.0413 -83.7227 -23.2150 -0.1954 -0.0194 -0.9805 0.1269 0.8311
14.0468 -18.0882 8.4304 1.0000 0.0028 -0.0092 0.3668 0.5647
-7.9413 -23.4094 -23.6943 -0.0809 0.0004 -0.9967 0.1433 0.5900
-13.6255 -54.4669 -18.2659 -0.9988 -0.0171 -0.0468 0.6069 0.7171
-13.4155 42.8809 0.9505 -1.0000 0.0018 0.0090 0.5300 0.3280
13.5957 49.7556 9.9754 0.9995 0.0059 -0.0324 0.3730 0.2935
-13.6954 -69.2052 18.2591 -0.9996 0.0103 0.0265 0.4609 0.7761
13.3895 -75.3978 -23.3058 0.5273 -0.0145 -0.8495 0.2285 0.7978
13.3275 82.6556 23.7999 0.7347 -0.0201 0.6781 0.0051 0.1694
13.3275 82.6556 23.7999 0.9540 -0.0054 0.2998 0.4282 0.1620
-12.7643 -89.8415 -23.4579 -0.1364 0.0057 -0.9906 0.1240 0.8556
13.8596 -47.4004 5.0023 0.9998 0.0069 0.0200 0.3531 0.6819
13.7140 -34.9812 18.8004 0.9989 -0.0222 0.0421 0.4083 0.6322
13.4630 74.9298 23.4659 0.9562 0.0035 0.2926 0.4269 0.1929
-13.7438 -37.3063 -17.6117 -0.9994 -0.0027 -0.0338 0.6042 0.6485
-13.3943 -113.4984 24.2932 -0.5396 0.0297 0.8414 0.1119 0.9535
13.3226 30.7205 -3.5507 0.9998 0.0007 0.0185 0.3189 0.3696
13.9197 -89.4199 2.8922 0.9996 -0.0239 -0.0152 0.3447 0.8498
-12.9401 93.0391 21.9673 -0.9985 -0.0552 0.0047 0.4460 0.1275
8.3602 -122.2267 8.1215 0.1700 -0.9852 0.0206 0.9511 0.1271
-13.2012 -46.2966 -22.3288 -0.9598 -0.0144 -0.2804 0.6231 0.6845
-13.2012 -46.2966 -22.3288 -0.7701 -0.0003 -0.6379 0.1222 0.6815
-13.8369 -118.8969 10.1787 -0.4997 -0.8661 -0.0085 0.7612 0.1367
-12.0199 103.9191 -23.4331 -0.3726 -0.0041 -0.9280 0.1270 0.0810
-11.6162 -11.3848 24.5393 0.0242 0.0005 0.9997 0.1048 0.5453
13.1033 121.5812 -23.3605 0.8821 0.3581 -0.3060 0.2397 0.0064
13.1033 121.5812 -23.3605 0.2835 0.3973 -0.8728 0.2274 0.0104
-13.6745 13.3616 -11.2973 -0.9998 0.0207 -0.0023 0.5790 0.4460
-12.6393 -21.8574 24.5855 -0.6451 -0.0048 0.7640 0.1089 0.5872
13.1992 88.8202 -23.5887 0.7197 -0.0027 -0.6943 0.2278 0.1414
13.4606 -73.5452 -23.2908 0.6380 -0.0025 -0.7700 0.2288 0.7904
-13.1137 91.7959 -20.6814 -0.9950 -0.0001 -0.0994 0.6165 0.1325
12.0939 122.4602 23.7401 0.0170 0.4072 0.9132 0.0100 0.0103
2.7447 -109.5699 23.7830 0.0187 0.0493 0.9986 0.0474 0.9378
-12.0604 -50.4301 -22.9802 -0.3790 0.0523 -0.9239 0.1268 0.6980
-13.8364 -28.9929 -12.9893 -0.9998 0.0058 0.0167 0.5858 0.6153
13.0087 -118.8231 -23.2431 0.1388 -0.0317 -0.9898 0.2270 0.9714
3.5865 -122.6503 19.0615 0.1623 -0.9853 0.0528 0.9320 0.1708
-11.8708 93.9268 -23.3677 -0.3696 -0.0627 -0.9271 0.1276 0.1210
3.5417 -122.9576 4.7300 0.1246 -0.9921 -0.0165 0.9319 0.1135
-13.7284 -82.3121 -13.9431 -0.9998 0.0135 -0.0169 0.5896 0.8285
-10.4719 99.6881 -24.5185 -0.1487 -0.0082 -0.9888 0.1331 0.0979
-13.3307 17.4209 11.2261 -0.9994 0.0011 0.0339 0.4890 0.4298
-9.9714 -26.8809 24.6002 -0.0136 -0.0198 0.9997 0.0982 0.6073
-1.7560 124.1603 21.0686 0.0794 0.9959 0.0428 0.7103 0.1805
0.5233 -123.3233 7.6042 0.1175 -0.9930 -0.0071 0.9198 0.1250
-12.0858 -122.4713 -22.0244 -0.9785 -0.1956 -0.0648 0.9642 0.3717
-11.3568 78.6981 -24.0346 -0.5625 -0.0159 -0.8266 0.1296 0.1818
-11.3568 78.6981 -24.0346 -0.9813 0.0100 -0.1924 0.6392 0.1157
-9.9799 124.5998 23.6559 0.0409 0.9923 0.1168 0.7432 0.1908
-12.4860 -75.9338 -23.1318 -0.3144 0.0227 -0.9490 0.1251 0.8000
-11.6132 48.4733 -23.9211 -0.4561 -0.0124 -0.8899 0.1286 0.3027
0.7870 -69.9696 24.1301 0.1008 -0.0581 0.9932 0.0552 0.7795
9.1973 -61.9676 23.5279 0.0627 -0.0026 0.9980 0.0216 0.7475
13.6669 83.2340 -22.5359 0.9997 -0.0099 -0.0224 0.2430 0.1597
-11.2161 124.6659 -0.6823 -0.0656 0.9974 -0.0298 0.7481 0.0935
-12.6024 52.1439 23.6789 -0.9584 0.0016 0.2856 0.4392 0.2910
-13.0952 -69.9035 24.5323 0.0035 0.0347 0.9994 0.1107 0.7792
-11.9587 92.3637 24.5251 -0.2252 -0.0006 0.9743 0.1062 0.1306
-12.7759 121.2782 -22.3202 -0.4690 0.8567 -0.2148 0.8969 0.1947
3.5231 52.6363 24.4134 0.0606 -0.0088 0.9981 0.0443 0.2894
-9.1581 -2.7218 24.5544 -0.0646 -0.0066 0.9979 0.0950 0.5107
12.6035 -26.7538 -23.8477 0.1529 -0.0039 -0.9882 0.2254 0.6034
-13.9044 -103.0898 19.1630 -0.9985 0.0059 0.0540 0.4572 0.9115
13.0985 -32.4682 23.6744 0.4139 -0.0085 0.9103 0.0060 0.6296
4.8761 -27.2513 23.9152 0.0693 -0.0535 0.9962 0.0389 0.6087
-5.0182 -78.7621 24.4116 0.0434 -0.0239 0.9988 0.0784 0.8146
-14.0908 -105.0813 14.3230 -0.9997 -0.0031 0.0249 0.4766 0.9195
8.6054 -29.0988 23.5618 0.0701 -0.0294 0.9971 0.0239 0.6161
-11.5934 -121.0129 22.1484 0.0001 0.4552 0.8904 0.1047 0.9835
-11.7299 71.8402 -23.3499 -0.8084 0.0285 -0.5880 0.1281 0.2093
-11.7299 71.8402 -23.3499 -0.9530 0.0120 -0.3028 0.6364 0.1432
10.3039 -121.8644 7.8717 0.2226 -0.9743 0.0344 0.9589 0.1261
13.7006 -95.7090 -22.8861 0.8902 -0.0184 -0.4551 0.2416 0.8750
13.7006 -95.7090 -22.8861 0.6470 0.0010 -0.7625 0.2298 0.8790
-7.2536 -123.1091 -17.6952 0.0119 -0.9975 -0.0697 0.8887 0.0239
-11.6164 62.5545 24.5970 -0.2912 -0.0009 0.9566 0.1048 0.2497
-10.3734 114.3084 24.6529 -0.0672 0.0023 0.9977 0.0998 0.0429
8.6624 -111.4172 23.3209 0.0401 -0.0576 0.9975 0.0237 0.9452
2.9106 123.9620 4.7378 0.0915 0.9957 -0.0116 0.6916 0.1152
13.5017 26.6346 -9.8214 0.9993 0.0017 0.0368 0.2938 0.3859
4.7073 -120.1725 22.2018 -0.1037 -0.8120 0.5743 0.8353 0.1848
-1.7542 -55.4164 24.4139 0.0998 0.0199 0.9948 0.0654 0.7213
-13.2970 -45.8742 23.5365 -0.9974 0.0088 0.0720 0.4398 0.6828
13.1754 -51.8246 -23.5641 0.4182 -0.0091 -0.9083 0.2277 0.7036
-4.0551 -59.3678 24.3697 0.0198 -0.0426 0.9989 0.0746 0.7371
12.7661 113.5032 -23.9521 0.8755 0.0000 -0.4832 0.2374 0.0387
12.7661 113.5032 -23.9521 0.5759 -0.0179 -0.8173 0.2260 0.0427
-11.6413 -100.8648 24.5851 0.0857 0.0182 0.9962 0.1049 0.9030
13.8364 -85.8696 18.3538 0.9993 0.0043 0.0361 0.4065 0.8357
-11.5025 -32.5953 -23.0937 -0.5417 0.0084 -0.8405 0.1290 0.6267
10.8659 97.0482 24.3338 0.0314 -0.0056 0.9995 0.0149 0.1119
-12.6187 108.1240 24.0984 -0.8903 -0.0093 0.4552 0.4375 0.0672
-12.6187 108.1240 24.0984 -0.5971 -0.0238 0.8018 0.1088 0.0676
7.9115 107.7506 24.5901 0.0494 -0.0006 0.9988 0.0267 0.0691
-14.0626 -88.1429 5.7594 -0.9999 0.0095 0.0047 0.5108 0.8518
-5.9932 123.2697 -23.1457 -0.0341 0.2585 -0.9654 0.1510 0.0037
-13.6749 -16.0991 2.0559 -1.0000 0.0043 0.0084 0.5256 0.5638
13.9504 -101.6039 -22.0608 0.9997 -0.0064 0.0237 0.2449 0.8985
13.6733 49.0045 -23.1760 0.9413 -0.0016 -0.3375 0.2405 0.2965
13.6733 49.0045 -23.1760 0.7479 0.0044 -0.6638 0.2297 0.3005
13.8072 29.8488 23.0166 0.5883 -0.0057 0.8086 0.0032 0.3805
-13.1566 -105.2796 -22.3570 -0.9762 -0.0046 -0.2167 0.6232 0.9203
-13.1111 -72.9834 -22.7077 -0.9865 0.0476 -0.1565 0.6246 0.7912
13.5324 -114.9723 16.8570 0.9995 -0.0283 -0.0159 0.4005 0.9520
-13.9712 -109.4802 18.7524 -0.9988 0.0148 0.0461 0.4589 0.9371
-11.6473 123.2972 -22.9327 -0.2957 -0.1097 -0.9490 0.1284 0.0036
-12.9707 16.9586 -22.3896 -0.5702 -0.0032 -0.8215 0.1232 0.4286
9.0734 -121.9773 11.7899 0.1879 -0.9815 0.0361 0.9540 0.1417
-3.5051 124.2809 21.7205 0.0837 0.9961 0.0262 0.7173 0.1831
-13.5326 -92.2499 23.9186 -0.9694 -0.0005 0.2454 0.4382 0.8682
-13.4508 -44.8213 18.8827 -0.9995 0.0070 0.0319 0.4584 0.6786
-13.2712 7.1163 13.2614 -0.9994 0.0042 0.0354 0.4808 0.4710
-0.3883 -120.6395 -22.3191 -0.0179 0.1920 -0.9812 0.1735 0.9787
-8.2896 -122.4670 -22.9973 -0.0054 -0.0638 -0.9979 0.1419 0.9860
-8.2896 -122.4670 -22.9973 0.0659 -0.5439 -0.8365 0.8846 0.0027
12.6228 97.7014 24.3055 0.1590 -0.0039 0.9873 0.0079 0.1093
-12.0384 59.4415 24.4095 -0.5782 0.0077 0.8158 0.1065 0.2622
-11.9231 69.4425 -23.0983 -0.8889 0.0290 -0.4572 0.6354 0.1527
-11.9231 69.4425 -23.0983 -0.6245 0.0223 -0.7807 0.1273 0.2188
12.7341 42.1731 -23.9153 0.2867 0.0011 -0.9580 0.2259 0.3279
-12.7122 -5.3797 -22.4419 -0.3984 -0.0109 -0.9172 0.1242 0.5179
-12.7823 38.1953 21.6036 -0.9990 0.0015 0.0449 0.4475 0.3467
-14.1331 -100.5575 -4.9077 -0.9999 0.0106 -0.0128 0.5535 0.9014
-1.6145 34.6900 24.4178 0.0572 -0.0176 0.9982 0.0648 0.3611
14.0846 -67.1529 2.2338 1.0000 0.0031 -0.0005 0.3420 0.7608
-13.2013 97.3752 18.4592 -0.9990 -0.0350 0.0262 0.4601 0.1102
13.5761 7.5909 1.5066 0.9998 0.0093 -0.0171 0.3391 0.4620
-12.8894 39.6643 19.1539 -0.9990 0.0019 0.0457 0.4573 0.3409
-14.1963 -103.8791 9.6013 -0.9998 -0.0019 0.0177 0.4955 0.9147
-8.7185 -22.3720 -23.6263 -0.0967 -0.0005 -0.9953 0.1402 0.5859
13.1967 122.7448 16.8790 0.4657 0.8849 -0.0061 0.6505 0.1637
13.6826 70.7945 -22.8437 0.9929 0.0019 -0.1190 0.2418 0.2094
14.0849 -65.7693 -1.5251 1.0000 0.0055 0.0081 0.3270 0.7553
-13.3227 86.1301 5.5309 -0.9995 -0.0222 0.0208 0.5117 0.1551
-13.3734 13.1035 9.8378 -0.9995 0.0018 0.0305 0.4945 0.4470
3.4935 -120.1180 -22.6251 -0.0325 -0.7378 -0.6742 0.8305 0.0056
-13.1605 -103.3735 -23.2072 -0.8557 -0.2298 -0.4636 0.6266 0.9126
-13.1605 -103.3735 -23.2072 -0.7925 -0.2282 -0.5656 0.1224 0.9097
-5.5446 -102.5606 24.2655 0.0081 0.0111 0.9999 0.0805 0.9098
-2.1139 124.0633 -12.8462 0.0425 0.9988 -0.0224 0.7117 0.0449
13.4289 -119.2390 18.7541 0.9956 -0.0785 -0.0504 0.4081 0.9690
13.4591 89.0869 23.1920 0.9965 0.0095 0.0827 0.4258 0.1363
13.6091 -101.2030 5.9152 0.9989 -0.0394 -0.0235 0.3568 0.8969
13.1878 9.2645 -23.6917 0.5610 0.0049 -0.8278 0.2277 0.4594
-12.2499 23.5908 -22.9770 -0.8697 -0.0463 -0.4915 0.6350 0.3360
-12.2499 23.5908 -22.9770 -0.7526 -0.0313 -0.6578 0.1260 0.4021
-1.8097 -123.4589 -1.6118 0.0380 -0.9950 -0.0921 0.9105 0.0881
-10.5827 -124.6843 22.3289 0.3859 -0.7360 0.5562 0.8754 0.1838
-12.3664 93.8390 -23.1603 -0.5485 -0.0360 -0.8354 0.1256 0.1213
-11.5403 124.5496 23.4988 -0.4146 0.8585 0.3017 0.7494 0.1902
8.7494 -106.6483 23.4886 0.0454 0.0652 0.9968 0.0234 0.9261
-13.6084 -45.8766 14.0313 -0.9996 0.0068 0.0287 0.4778 0.6828
-8.4015 -120.8103 21.0736 0.0051 0.6959 0.7181 0.0919 0.9827
-7.1316 117.4394 -24.4536 -0.0232 0.0537 -0.9983 0.1465 0.0270
-12.7442 121.6207 23.8990 -0.9604 0.1314 0.2455 0.4383 0.0133
-12.7442 121.6207 23.8990 -0.5029 0.7155 0.4849 0.8805 0.1978
13.7594 104.0440 23.4483 0.9599 -0.0093 0.2801 0.4268 0.0765
-12.6883 106.6458 22.4809 -0.9934 0.0068 -0.1149 0.4440 0.0731
13.3790 -31.6481 -23.4724 0.5518 0.0029 -0.8340 0.2285 0.6229
13.5742 -8.9592 -23.2438 0.9110 -0.0013 -0.4125 0.2402 0.5282
13.5742 -8.9592 -23.2438 0.7805 0.0012 -0.6251 0.2293 0.5322
-13.2206 36.3788 12.2637 -0.9992 0.0043 0.0403 0.4848 0.3540
13.1829 -115.4152 23.6728 0.0724 -0.0766 0.9944 0.0057 0.9612
-10.9530 113.6397 -24.4546 -0.1223 0.0195 -0.9923 0.1312 0.0422
-9.5815 -100.2695 24.4597 -0.0808 -0.1406 0.9868 0.0966 0.9006
-13.1664 -77.8431 -23.0038 -0.9978 0.0228 0.0617 0.6258 0.8106
-13.1664 -77.8431 -23.0038 -0.7604 -0.1041 -0.6411 0.1224 0.8076
-12.3262 -26.0368 24.6531 0.1449 -0.0111 0.9894 0.1076 0.6039
-14.2260 -109.9622 8.1068 -0.9999 -0.0078 0.0094 0.5014 0.9390
-13.5814 -111.1678 -21.7472 -0.9997 -0.0234 -0.0093 0.6208 0.9438
0.2518 124.2114 4.7599 0.0761 0.9971 -0.0092 0.7023 0.1153
13.6526 86.1942 -19.7803 1.0000 0.0029 0.0089 0.2540 0.1478
-5.8498 46.9709 24.7298 -0.0048 0.0001 1.0000 0.0817 0.3120
-13.6410 -41.9023 12.0972 -0.9996 0.0063 0.0281 0.4855 0.6669
-13.7031 -80.8962 -13.8077 -0.9998 0.0103 -0.0159 0.5890 0.8228
-13.2730 95.4546 14.4139 -0.9992 -0.0255 0.0305 0.4762 0.1178
13.8507 31.9438 -19.6558 0.9999 -0.0006 0.0125 0.2545 0.3647
13.9259 -47.2958 1.6269 0.9998 0.0128 0.0173 0.3396 0.6815
-11.8906 -122.8520 -22.5342 -0.9405 -0.3164 -0.1242 0.9626 0.3738
-11.8906 -122.8520 -22.5342 -0.7185 -0.4365 -0.5415 0.1275 0.9875
-11.8906 -122.8520 -22.5342 -0.3544 -0.9139 -0.1980 0.8702 0.0045
6.8807 99.0006 24.5406 0.0750 0.0045 0.9972 0.0308 0.1041
13.8148 51.4941 -19.6574 0.9994 0.0049 0.0329 0.2545 0.2866
-12.7838 121.3293 -14.7618 -0.5626 0.8254 -0.0476 0.9271 0.1946
-13.3992 57.6022 1.0636 -0.9999 0.0086 0.0122 0.5296 0.2692
-13.2572 61.9931 8.5607 -0.9997 0.0137 0.0209 0.4996 0.2516
13.3019 -97.6132 23.6010 0.6174 0.0077 0.7866 0.0052 0.8900
13.3019 -97.6132 23.6010 0.9068 -0.0067 0.4216 0.4275 0.8826
-12.1145 124.2852 0.1382 -0.8735 0.4868 0.0012 0.7983 0.2280
-12.1145 124.2852 0.1382 -0.6398 0.7684 -0.0142 0.7517 0.0968
-12.1145 124.2852 0.1382 -0.8878 0.4601 0.0067 0.5333 0.0026
-13.0338 -78.6601 24.3955 -0.2834 -0.0067 0.9590 0.1104 0.8142
13.5776 23.5827 -11.7166 0.9994 0.0096 0.0346 0.2863 0.3981
14.0903 -72.4537 -0.7638 1.0000 -0.0024 0.0009 0.3301 0.7820
4.9993 -120.3081 -22.5816 -0.0708 -0.6571 -0.7505 0.8365 0.0058
-1.3116 -120.2227 21.0314 -0.1475 0.0225 0.9888 0.0636 0.9804
-14.2376 -101.8331 2.1445 -1.0000 0.0055 -0.0059 0.5253 0.9065
-11.4090 -119.4098 21.3301 0.4439 -0.1620 0.8813 0.1040 0.9771
-11.4090 -119.4098 21.3301 0.1787 -0.8272 0.5328 0.7709 0.1813
-13.1552 120.9829 -22.1694 -0.6449 0.7478 -0.1578 0.8975 0.1931
-13.1552 120.9829 -22.1694 -0.9372 0.3145 -0.1509 0.6225 0.0158
14.0212 -44.2137 -4.0479 0.9997 -0.0001 0.0229 0.3169 0.6691
12.1183 9.6242 23.1528 -0.0373 0.0152 0.9992 0.0099 0.4613
-12.5325 -115.1431 -23.7501 0.0588 0.0075 -0.9982 0.1249 0.9567
-4.8548 -123.1516 -17.8834 0.0056 -0.9961 -0.0880 0.8983 0.0231
-13.2215 -118.9703 10.4744 0.2151 -0.9766 -0.0034 0.7636 0.1379
-12.0276 -123.9838 10.4210 -0.7052 -0.7082 -0.0343 0.8696 0.1362
13.2951 120.1314 -23.8165 0.9890 -0.0862 -0.1204 0.2379 0.0122
13.2951 120.1314 -23.8165 0.7815 -0.1855 -0.5957 0.2281 0.0162
-8.0949 60.9921 24.6873 -0.0133 -0.0085 0.9999 0.0907 0.2560
13.5479 84.3884 20.5911 0.9999 0.0062 0.0134 0.4154 0.1551
-6.8133 74.6174 24.7542 -0.0262 0.0046 0.9996 0.0856 0.2015
-11.4289 124.4642 -10.6041 -0.0763 0.9969 -0.0200 0.7490 0.0539
-12.8351 44.7201 -22.4093 -0.7311 0.0077 -0.6822 0.1237 0.3177
-3.4709 -118.4840 23.8395 0.0197 -0.5535 0.8326 0.8026 0.1913
-3.4709 -118.4840 23.8395 0.0085 -0.4361 0.8999 0.0722 0.9734
-14.2275 -104.6100 0.4341 -1.0000 -0.0028 -0.0091 0.5321 0.9176
-13.0289 81.1981 13.5296 -0.9991 -0.0025 0.0419 0.4798 0.1748
-13.1983 111.0958 -2.2500 -0.2885 0.9467 0.1430 0.8194 0.2163
-13.1983 111.0958 -2.2500 -0.9041 0.4162 0.0970 0.5428 0.0553
13.3817 121.9748 -15.3306 0.9793 0.2013 -0.0223 0.2718 0.0048
1.4558 -121.7863 -22.9613 0.0083 0.1213 -0.9926 0.1808 0.9833
-13.4616 -29.2364 -21.8111 -0.9870 -0.0040 -0.1604 0.6210 0.6163
-13.4616 -29.2364 -21.8111 -0.7900 0.0193 -0.6128 0.1212 0.6133
-11.4485 65.4698 -24.0003 -0.5557 -0.0014 -0.8314 0.1292 0.2347
-13.7361 -70.1764 16.4377 -0.9997 0.0099 0.0212 0.4681 0.7799
8.5327 -99.7195 23.3700 0.0811 0.0729 0.9940 0.0242 0.8984
13.4891 92.0192 11.3788 0.9998 -0.0172 -0.0067 0.3786 0.1246
-13.3910 27.5581 8.6995 -0.9997 0.0010 0.0226 0.4991 0.3893
-11.9336 -44.7803 24.5212 0.0300 -0.0017 0.9995 0.1061 0.6788
9.9671 123.1886 8.1461 0.1197 0.9928 -0.0020 0.6634 0.1288
-12.8383 41.3146 20.2727 -0.9990 0.0013 0.0453 0.4528 0.3343
12.7571 -82.2075 23.7725 -0.2777 -0.0182 0.9605 0.0074 0.8284
13.0303 4.4511 23.2767 -0.1501 -0.0195 0.9885 0.0063 0.4820
-13.6270 16.6277 -9.2064 -0.9999 0.0075 0.0094 0.5706 0.4330
-13.3553 -39.6539 -21.9217 -0.9201 0.0125 -0.3914 0.6215 0.6579
-13.3553 -39.6539 -21.9217 -0.8588 0.0143 -0.5122 0.1216 0.6549
-12.2671 87.1847 24.4231 -0.5775 -0.0165 0.8162 0.1074 0.1513
13.8134 55.4394 -20.4634 1.0000 0.0042 0.0077 0.2513 0.2708
-13.7139 -11.3808 -2.8636 -0.9999 0.0008 0.0117 0.5453 0.5449
-10.9255 -20.8966 24.4827 0.0215 0.0185 0.9996 0.1020 0.5833
-13.4504 30.7393 4.2771 -0.9999 0.0053 0.0136 0.5168 0.3765
13.3708 81.1498 23.7038 0.7606 -0.0083 0.6491 0.0049 0.1754
13.3708 81.1498 23.7038 0.9553 0.0101 0.2956 0.4279 0.1680
-13.4704 -119.0364 7.2637 0.2829 -0.9591 0.0118 0.7627 0.1251
-4.6790 -99.0084 -23.8263 -0.0497 -0.0083 -0.9987 0.1563 0.8922
14.0541 -31.0934 -19.7791 0.9987 0.0077 -0.0496 0.2540 0.6167
-13.3274 61.6600 4.2543 -0.9999 0.0039 0.0139 0.5168 0.2529
-0.0510 -40.7399 24.3424 0.0902 0.0462 0.9948 0.0586 0.6627
-13.9443 -95.2198 -10.5157 -0.9997 0.0129 -0.0192 0.5759 0.8801
13.6354 88.3531 -22.4869 0.9972 0.0019 -0.0750 0.2432 0.1392
-13.7949 -37.6660 -1.0261 -1.0000 -0.0013 -0.0021 0.5379 0.6500
12.6868 -119.4484 23.1714 0.0035 -0.5704 0.8214 0.9684 0.1872
7.8714 87.6521 24.4604 0.0503 0.0080 0.9987 0.0269 0.1494
-13.7606 -84.0784 -10.5140 -0.9999 0.0075 -0.0135 0.5759 0.8355
-13.2424 -48.2561 24.2273 -0.7830 -0.0386 0.6209 0.1113 0.6927
-12.3518 100.0653 -23.3004 -0.4299 0.0006 -0.9029 0.1256 0.0964
12.7213 -14.9044 -23.8107 0.2872 -0.0030 -0.9579 0.2259 0.5560
11.0589 84.9659 24.3501 0.0426 0.0013 0.9991 0.0141 0.1602
-12.5497 25.4725 24.2323 -0.9387 0.0259 0.3438 0.4370 0.3976
-12.5497 25.4725 24.2323 -0.6056 -0.0124 0.7956 0.1085 0.3980
11.2988 -93.3967 23.2840 -0.0068 0.0343 0.9994 0.0132 0.8731
13.1887 3.0789 23.2746 0.0994 -0.0094 0.9950 0.0056 0.4875
-6.0328 15.2293 -24.1900 -0.0635 -0.0260 -0.9976 0.1509 0.4356
-13.2833 111.3838 4.9940 -0.9928 0.1136 -0.0372 0.5139 0.0542
-11.3021 115.1917 -24.1886 -0.7640 0.0344 -0.6443 0.1298 0.0360
-11.9731 16.0560 24.5205 -0.1709 0.0267 0.9849 0.1062 0.4356
-12.6252 -72.8499 -23.1696 -0.0929 0.0551 -0.9941 0.1245 0.7876
-13.8569 -99.4508 19.7396 -0.9986 0.0043 0.0524 0.4549 0.8970
-13.6070 -69.0287 -16.6592 -0.9992 -0.0049 -0.0405 0.6004 0.7754
-12.8891 87.0322 -22.5112 -0.9851 -0.0002 -0.1719 0.6238 0.1515
-12.8891 87.0322 -22.5112 -0.8143 -0.0084 -0.5804 0.1235 0.1485
-13.5073 -90.2555 24.0487 -0.9888 0.0205 0.1477 0.4377 0.8602
-13.5073 -90.2555 24.0487 -0.5842 0.0222 0.8113 0.1123 0.8606
-8.6918 -6.8871 24.5512 0.0047 -0.0048 1.0000 0.0931 0.5273
13.4647 43.3463 -23.4327 0.7323 -0.0040 -0.6810 0.2288 0.3232
-1.0090 -119.7596 22.4797 -0.0341 -0.9741 0.2234 0.8125 0.1859
-12.8119 61.5131 19.7372 -0.9990 0.0010 0.0440 0.4550 0.2535
13.4829 16.2081 -4.2569 0.9999 0.0034 0.0169 0.3161 0.4276
13.9686 -59.9316 -22.3513 0.9876 -0.0520 -0.1483 0.2438 0.7320
13.5884 14.8581 23.0320 0.5456 0.0172 0.8378 0.0040 0.4404
12.6662 -56.9299 23.7851 -0.3468 -0.0054 0.9379 0.0077 0.7274
-12.5985 85.8536 23.9575 -0.9750 -0.0233 0.2209 0.4381 0.1562
-12.5985 85.8536 23.9575 -0.8025 -0.0190 0.5964 0.1087 0.1566
13.6574 -62.9917 -23.1060 0.8874 -0.0004 -0.4609 0.2407 0.7442
13.6574 -62.9917 -23.1060 0.7856 -0.0087 -0.6187 0.2296 0.7482
-6.6432 121.5512 24.2598 0.0034 0.4819 0.8762 0.0849 0.0139
-6.6432 121.5512 24.2598 0.0121 0.6889 0.7248 0.8819 0.2222
3.3457 -64.8855 23.9641 0.0989 0.0253 0.9948 0.0450 0.7592
-13.8466 -64.0335 8.2063 -0.9999 0.0077 0.0151 0.5010 0.7554
-11.4392 27.6843 -23.9214 -0.2689 -0.0029 -0.9632 0.1293 0.3858
13.7235 -99.2453 10.5684 0.9995 -0.0298 -0.0129 0.3754 0.8891
-12.1535 114.0483 6.4865 -0.9744 0.1628 -0.1554 0.5079 0.0435
13.4541 -101.6305 -23.0256 0.4816 -0.0182 -0.8762 0.2288 0.9027
11.7261 -10.3903 23.2592 0.0248 0.0187 0.9995 0.0115 0.5413
-14.0618 -115.8311 11.7002 -0.9995 -0.0291 0.0147 0.4871 0.9624
-13.3745 70.6061 -13.3657 -0.9999 0.0030 -0.0125 0.5873 0.2172
7.1882 22.8107 23.7516 0.0963 0.0292 0.9949 0.0296 0.4086
-13.3248 40.7414 8.6597 -0.9996 0.0067 0.0292 0.4992 0.3366
12.6067 76.7601 24.2633 0.2533 -0.0115 0.9673 0.0080 0.1930
6.5869 -36.7351 23.7136 0.1055 0.0356 0.9938 0.0320 0.6467
-4.0414 -101.0781 24.2599 0.0340 0.0002 0.9994 0.0745 0.9039
-2.2244 -119.5261 22.9170 -0.0309 -0.8101 0.5855 0.8076 0.1877
3.8618 -71.0552 -24.2722 -0.0090 -0.0037 -1.0000 0.1904 0.7805
11.0642 117.6034 24.3781 0.0591 0.0078 0.9982 0.0141 0.0297
-13.7679 -56.3815 -11.0184 -1.0000 -0.0029 -0.0088 0.5779 0.7248
-12.5393 123.4298 -12.4615 -0.9896 0.1435 0.0055 0.5837 0.0060
13.0840 81.5131 -0.1976 0.9999 -0.0115 0.0072 0.3323 0.1666
-1.9981 116.3394 -24.5969 -0.0113 0.0529 -0.9985 0.1670 0.0314
13.5708 85.1902 -16.6836 0.9993 -0.0028 0.0380 0.2664 0.1519
-1.5041 -123.2404 -8.5956 0.0233 -0.9997 -0.0033 0.9117 0.0602
-13.9455 -103.1005 -12.8726 -0.9995 0.0013 -0.0316 0.5853 0.9116
0.0631 124.2702 12.6574 0.0593 0.9982 0.0066 0.7030 0.1469
-13.3843 -80.4244 -20.9692 -0.9933 0.0029 -0.1155 0.6177 0.8209
-12.8416 -88.1246 -23.3183 -0.1411 0.0801 -0.9868 0.1237 0.8487
-13.3941 80.4541 -5.2495 -1.0000 -0.0032 -0.0000 0.5548 0.1778
-10.6822 -120.6034 -22.6789 0.0237 0.2140 -0.9766 0.1323 0.9785
-13.7851 -43.4281 -10.1507 -0.9999 -0.0167 -0.0034 0.5744 0.6730
9.8720 123.1384 -10.5651 0.1085 0.9940 0.0146 0.6638 0.0540
-13.7826 -46.8290 5.0364 -1.0000 0.0028 0.0088 0.5137 0.6866
13.7692 61.4496 -19.8860 0.9997 0.0077 0.0245 0.2536 0.2468
-11.3016 -124.7379 17.7019 -0.0372 -0.9981 -0.0481 0.8725 0.1654
-11.4176 117.7978 -23.9007 -0.7802 0.0250 -0.6250 0.1294 0.0256
13.4105 72.0341 -23.4600 0.7689 -0.0065 -0.6394 0.2286 0.2085
13.8445 -59.5032 -22.9950 0.9670 -0.0345 -0.2522 0.2412 0.7303
13.8445 -59.5032 -22.9950 0.6781 -0.0054 -0.7349 0.2303 0.7343
-11.8671 119.8361 -23.4330 -0.5465 -0.0859 -0.8330 0.1276 0.0174
4.9578 23.7147 23.9366 0.1000 0.0631 0.9930 0.0385 0.4050
12.8098 -119.6583 -0.1523 0.9975 -0.0704 0.0011 0.3325 0.9707
-1.0657 -36.9644 24.4147 0.0509 -0.0229 0.9984 0.0626 0.6476
13.7327 -97.9191 8.1515 0.9995 -0.0312 -0.0050 0.3657 0.8838
-13.8125 -92.5582 -15.4707 -0.9997 0.0143 -0.0217 0.5957 0.8694
14.0616 -16.2868 11.7086 1.0000 0.0026 -0.0025 0.3799 0.5575
-13.9786 -118.2737 11.0383 -0.9949 -0.1005 0.0109 0.4897 0.9722
13.6534 45.2911 -15.7183 0.9988 0.0025 0.0482 0.2703 0.3113
13.5247 93.7091 -11.0806 0.9986 -0.0490 0.0212 0.2888 0.1178
-13.6507 -1.6259 -19.5167 -0.9988 0.0082 -0.0475 0.6119 0.5059
-0.8806 -122.4743 -22.8722 0.0310 -0.2885 -0.9570 0.1715 0.9860
-0.8806 -122.4743 -22.8722 0.0583 -0.8660 -0.4966 0.9142 0.0032
-13.1936 109.1631 -21.9552 -0.9804 -0.0002 -0.1971 0.6216 0.0630
-13.4938 -103.9795 -20.8578 -0.9871 -0.0146 -0.1595 0.6172 0.9151
-3.4409 11.4298 24.6022 0.0382 0.0057 0.9993 0.0721 0.4541
-10.9665 89.6668 -24.4203 -0.2643 -0.0049 -0.9644 0.1312 0.1380
-12.7495 12.4197 24.1368 -0.9828 0.0082 0.1843 0.4374 0.4498
-12.7495 12.4197 24.1368 -0.6958 0.0326 0.7175 0.1093 0.4502
-11.7706 -119.4909 -23.3460 -0.2436 -0.4288 -0.8699 0.1280 0.9741
-11.7706 -119.4909 -23.3460 -0.3383 -0.7837 -0.5209 0.7694 0.0027
0.1702 -122.8593 -19.7732 0.0436 -0.9986 -0.0305 0.9184 0.0155
-7.3558 -102.3069 24.2366 0.0289 0.0083 0.9995 0.0878 0.9088
-1.3059 87.3742 24.7739 0.0094 -0.0012 1.0000 0.0636 0.1505
13.7339 -7.2202 -7.1857 0.9995 0.0315 0.0008 0.3044 0.5213
-13.3467 -58.0564 24.2464 -0.9578 0.0050 0.2873 0.4369 0.7315
-13.4083 59.0960 -0.5966 -1.0000 0.0059 0.0064 0.5362 0.2632
-11.7265 55.5180 -23.7753 -0.5360 -0.0201 -0.8440 0.1281 0.2745
-11.7265 55.5180 -23.7753 -0.9563 -0.0062 -0.2924 0.6381 0.2084
-12.4407 121.8276 10.7728 -0.6208 0.6462 -0.4438 0.8280 0.1990
13.9420 -14.3756 2.6655 0.9999 0.0121 -0.0118 0.3438 0.5499
0.0530 -46.2588 24.3376 0.0613 0.0248 0.9978 0.0581 0.6847
0.8899 121.4349 24.3379 0.0038 0.4375 0.8992 0.0548 0.0144
0.8899 121.4349 24.3379 -0.0131 0.6376 0.7702 0.8822 0.2523
-13.7668 -56.3772 -9.2710 -1.0000 0.0040 0.0031 0.5709 0.7248
13.1720 119.3773 24.2229 0.3224 0.0036 0.9466 0.0057 0.0226
4.7047 82.6313 -24.8988 0.0147 -0.0050 -0.9999 0.1938 0.1661
-5.5086 -66.4368 24.4529 0.0712 0.0403 0.9966 0.0804 0.7654
-12.4632 -115.1890 24.5226 -0.0597 -0.0333 0.9977 0.1082 0.9603
13.8870 -37.9022 10.0050 0.9997 -0.0183 0.0139 0.3731 0.6439
13.4092 29.7441 2.8739 0.9991 0.0072 -0.0406 0.3446 0.3735
13.6077 -51.3633 15.3031 0.9993 0.0274 0.0272 0.3943 0.6977
-13.4559 86.0658 -10.5954 -0.9999 -0.0114 -0.0104 0.5762 0.1554
12.8431 -50.6094 23.9316 0.3132 -0.0018 0.9497 0.0070 0.7021
-0.9273 122.3139 -23.1110 -0.0172 -0.1019 -0.9946 0.1713 0.0075
-11.4804 107.6931 -23.7959 -0.8513 0.0364 -0.5235 0.1291 0.0659
-11.4804 107.6931 -23.7959 -0.8916 0.0129 -0.4527 0.8066 0.2395
13.1393 59.3341 0.5972 0.9997 0.0073 -0.0216 0.3355 0.2552
5.8313 93.8847 24.5927 0.0424 -0.0021 0.9991 0.0350 0.1245
-2.9636 -89.5570 -23.8754 -0.0376 -0.0018 -0.9993 0.1632 0.8544
-1.3110 122.3800 23.6266 -0.0354 -0.2632 0.9641 0.0636 0.0106
-10.8660 79.8865 -24.3263 -0.1075 -0.0134 -0.9941 0.1316 0.1771
-13.5252 31.7569 -7.2351 -1.0000 0.0036 0.0024 0.5628 0.3725
12.6081 100.2095 24.3140 0.0678 -0.0009 0.9977 0.0079 0.0992
-13.3056 -97.6764 -23.2127 -0.9113 -0.0362 0.4102 0.6266 0.8899
-13.3056 -97.6764 -23.2127 -0.3546 -0.0152 -0.9349 0.1218 0.8869
4.4343 -120.9416 22.5546 -0.1307 0.8210 0.5558 0.0406 0.9833
13.4847 86.7292 14.7772 0.9999 0.0018 -0.0132 0.3922 0.1457
14.0780 18.8020 15.8159 0.9996 0.0060 -0.0263 0.3963 0.4172
13.6809 -95.3289 -6.1255 0.9993 -0.0361 0.0037 0.3086 0.8735
-12.9284 -119.6231 -20.9876 -0.3220 -0.9456 -0.0455 0.7648 0.0122
13.8343 38.6072 -20.7582 1.0000 0.0032 0.0078 0.2501 0.3381
-0.9346 -49.8072 24.3371 0.0845 0.0103 0.9964 0.0621 0.6989
13.2284 94.5756 23.9409 0.5636 -0.0027 0.8261 0.0055 0.1217
13.2284 94.5756 23.9409 0.8855 -0.0092 0.4645 0.4288 0.1143
13.9665 -81.2050 13.8528 0.9997 -0.0054 0.0219 0.3885 0.8170
-0.9400 -46.8182 -24.1053 -0.0524 0.0065 -0.9986 0.1712 0.6836
1.7369 -14.8563 -24.3172 -0.0420 -0.0029 -0.9991 0.1819 0.5558
-12.7552 21.5688 23.9261 -0.9826 0.0047 0.1855 0.4382 0.4132
-12.7552 21.5688 23.9261 -0.7917 -0.0104 0.6108 0.1093 0.4136
-13.4152 82.8450 -4.9885 -0.9997 -0.0234 -0.0033 0.5538 0.1683
-12.9811 -67.3569 -22.8884 -0.9846 -0.0326 -0.1720 0.6253 0.7687
-12.9811 -67.3569 -22.8884 -0.6807 0.0110 -0.7325 0.1231 0.7657
-13.0931 -89.9338 24.3214 -0.4136 0.0210 0.9102 0.1107 0.8593
13.1272 65.4128 -5.5990 0.9997 0.0000 0.0242 0.3107 0.2309
-12.1938 21.4121 -23.0385 -0.7720 0.0014 -0.6356 0.1263 0.4108
3.0572 -122.8979 -9.4771 0.0819 -0.9942 -0.0692 0.9299 0.0567
14.0573 -76.8324 8.0723 1.0000 -0.0067 0.0038 0.3654 0.7995
12.7423 -19.2787 -23.8308 0.2662 -0.0061 -0.9639 0.2259 0.5735
-8.0186 123.7998 -22.3727 0.0279 0.9632 -0.2674 0.7353 0.0068
-7.0142 122.1156 -22.9377 -0.0398 0.3669 -0.9294 0.1470 0.0083
13.3861 88.4105 23.6644 0.9455 0.0067 0.3255 0.4277 0.1390
3.7911 -122.8511 13.2741 0.1408 -0.9898 0.0232 0.9329 0.1477
12.7043 -106.9586 23.8221 -0.3314 -0.0548 0.9419 0.0076 0.9274
-12.7948 81.1232 -22.5613 -0.9376 0.0189 -0.3472 0.6240 0.1751
-12.7948 81.1232 -22.5613 -0.5940 0.0243 -0.8041 0.1239 0.1722
-5.3167 123.4071 24.2628 0.0077 -0.3874 0.9219 0.0796 0.0065
13.3313 78.6724 -10.2035 0.9994 -0.0000 0.0339 0.2923 0.1779
-12.7731 52.7336 -22.4418 -0.6517 -0.0029 -0.7584 0.1239 0.2856
13.3481 90.6659 23.7202 0.9787 0.0116 0.2050 0.4279 0.1300
4.7833 -96.7994 23.7657 0.0780 -0.0338 0.9964 0.0392 0.8868
-5.2320 -43.0204 24.5504 0.0249 -0.0030 0.9997 0.0793 0.6718
-4.4154 -112.3378 24.1678 -0.0255 0.0034 0.9997 0.0760 0.9489
-13.2514 -119.4943 -11.2680 -0.3313 -0.9432 0.0259 0.7635 0.0510
-13.5511 -119.0355 9.0977 -0.1134 -0.9935 -0.0076 0.7623 0.1324
-13.3903 80.3841 -6.3794 -1.0000 -0.0027 -0.0042 0.5593 0.1781
-12.4663 4.5328 24.4565 -0.5855 -0.0397 0.8097 0.1082 0.4817
13.4764 -23.7591 23.3602 0.7798 0.0011 0.6260 0.0045 0.5948
13.4764 -23.7591 23.3602 0.9268 -0.0137 0.3754 0.4265 0.5874
13.4064 -27.7435 23.3995 0.8087 -0.0131 0.5881 0.0048 0.6107
13.4064 -27.7435 23.3995 0.9343 -0.0014 0.3566 0.4266 0.6033
-14.0272 -88.3249 10.0680 -0.9998 0.0119 0.0178 0.4936 0.8525
-12.9449 74.5389 15.8427 -0.9992 0.0073 0.0393 0.4705 0.2015
3.2966 123.4616 -21.8537 0.0557 0.9879 -0.1449 0.6901 0.0089
-0.0417 123.0882 24.0778 0.0267 -0.4379 0.8986 0.0585 0.0078
-13.8491 -29.7218 -13.4836 -1.0000 -0.0013 0.0034 0.5877 0.6182
-12.4713 -10.4669 24.5659 -0.2309 0.0158 0.9729 0.1082 0.5416
-11.5811 6.7888 -23.3429 -0.6079 -0.0166 -0.7938 0.1287 0.4693
13.1747 122.7418 13.2690 0.4378 0.8991 -0.0002 0.6506 0.1493
-11.7707 56.6037 -23.7152 -0.7374 0.0052 -0.6754 0.1280 0.2702
-11.7707 56.6037 -23.7152 -0.9677 0.0004 -0.2522 0.6379 0.2041
-5.7560 -9.2140 24.4788 0.0314 -0.0004 0.9995 0.0814 0.5366
12.7206 -97.4189 23.7957 -0.1905 0.0243 0.9814 0.0075 0.8892
-12.8394 82.0582 -22.3889 -0.9597 0.0180 -0.2804 0.6233 0.1714
4.5764 -122.3026 21.9421 0.1865 -0.9678 0.1689 0.9360 0.1823
-11.6868 116.8845 -23.4680 -0.2582 0.0323 -0.9656 0.1283 0.0292
-11.6868 116.8845 -23.4680 -0.8704 0.0123 -0.4922 0.8053 0.2027
12.7676 -12.7259 -23.8030 0.2325 -0.0028 -0.9726 0.2260 0.5473
-12.8483 31.7993 20.6116 -0.9986 0.0083 0.0523 0.4515 0.3723
-13.3240 98.7641 11.2602 -0.9991 0.0301 0.0290 0.4888 0.1046
-13.7413 -67.3762 15.1986 -0.9997 0.0084 0.0210 0.4731 0.7687
7.9803 -67.9331 -24.1581 0.0873 -0.0076 -0.9962 0.2069 0.7680
-10.2789 -97.1752 24.5150 0.0261 0.0074 0.9996 0.0994 0.8883
-3.6647 14.4133 24.5930 0.0290 -0.0006 0.9996 0.0730 0.4422
-12.0807 120.2606 -23.3557 -0.4161 0.0139 -0.9092 0.1267 0.0157
13.3965 -100.8051 23.4841 0.7593 0.0257 0.6502 0.0048 0.9028
13.3965 -100.8051 23.4841 0.8985 0.0307 0.4378 0.4270 0.8954
-3.0990 -123.4344 0.9030 0.0977 -0.9952 -0.0080 0.9053 0.0982
-13.0931 -84.5382 -22.8954 -0.9855 0.0422 -0.1643 0.6254 0.8374
-13.0931 -84.5382 -22.8954 -0.4486 -0.0014 -0.8937 0.1227 0.8344
-12.8853 100.2606 23.7751 -0.9712 0.0919 0.2200 0.4388 0.0986
-12.8853 100.2606 23.7751 -0.8560 0.0748 0.5115 0.1099 0.0990
-1.1782 -119.2063 23.3223 -0.0040 -0.6175 0.7865 0.8118 0.1893
-11.1973 -30.3722 -23.2971 -0.5237 -0.0154 -0.8518 0.1302 0.6178
13.7042 31.9265 9.1536 0.9990 0.0062 -0.0444 0.3697 0.3648
13.8791 13.2948 -19.9096 1.0000 0.0016 -0.0050 0.2535 0.4392
13.0642 43.4088 23.6890 0.3351 -0.0109 0.9421 0.0061 0.3263
-12.7878 104.1346 19.6942 -0.9981 -0.0046 0.0618 0.4551 0.0831
-5.2133 -34.4411 -23.8930 -0.0614 -0.0038 -0.9981 0.1542 0.6341
10.8705 -121.9644 -8.2959 0.2451 -0.9693 0.0187 0.9612 0.0614
-13.3322 75.2797 -15.4146 -0.9998 0.0069 -0.0191 0.5955 0.1985
13.5384 81.4860 15.6978 0.9998 0.0060 -0.0195 0.3959 0.1667
-4.5908 123.8157 24.2723 0.0459 0.3266 0.9441 0.0767 0.0049
12.7941 -105.6126 -23.2300 0.2376 0.0027 -0.9714 0.2261 0.9186
13.7555 -102.2833 -16.2665 0.9987 -0.0203 0.0465 0.2681 0.9013
10.4872 103.3294 24.3987 0.0505 -0.0116 0.9987 0.0164 0.0868
13.4155 40.5001 23.5176 0.5340 -0.0059 0.8455 0.0047 0.3379
-13.1280 109.2610 14.5018 -0.9986 -0.0059 0.0524 0.4759 0.0627
-10.8229 123.8625 -22.7338 0.0044 0.8554 -0.5179 0.7465 0.0054
7.8698 -122.3103 6.6736 0.1582 -0.9874 0.0028 0.9492 0.1213
-13.8287 -52.1144 2.1032 -1.0000 0.0002 -0.0001 0.5254 0.7077
-12.9434 -39.3544 24.5422 -0.5423 0.0104 0.8401 0.1101 0.6571
-12.5987 100.3619 24.2398 -0.6808 0.0441 0.7311 0.1087 0.0986
-13.8864 -70.7786 2.4454 -1.0000 0.0026 -0.0018 0.5241 0.7823
-13.8347 -119.0196 -0.9603 -0.9627 -0.2705 0.0088 0.5377 0.9752
-13.8347 -119.0196 -0.9603 -0.7451 -0.6669 -0.0042 0.7612 0.0922
-13.5310 22.3549 -18.4779 -0.9995 0.0025 -0.0312 0.6077 0.4101
-13.4796 43.8376 -7.0898 -1.0000 0.0026 0.0052 0.5622 0.3242
-12.1352 122.2521 10.9708 -0.9990 0.0371 0.0252 0.4900 0.0107
-12.1352 122.2521 10.9708 -0.6609 0.7286 -0.1801 0.8288 0.2003
-2.6389 -123.5666 3.7584 0.0738 -0.9966 -0.0374 0.9072 0.1096
13.1339 81.2795 -2.7509 0.9996 -0.0114 0.0239 0.3221 0.1675
-13.6410 -117.7204 -13.9883 -0.9985 -0.0434 -0.0345 0.5898 0.9700
13.3716 -42.1769 -23.4778 0.6595 -0.0026 -0.7517 0.2285 0.6650
-13.8165 -77.2189 -6.2684 -0.9998 0.0074 -0.0182 0.5589 0.8081
13.0481 -84.1460 -23.3985 0.2567 -0.0131 -0.9664 0.2272 0.8328
-12.5835 97.2839 -23.1687 -0.5653 -0.0058 -0.8248 0.1247 0.1076
-13.3344 113.9170 -7.0869 -0.6153 0.5342 0.5798 0.8199 0.1970
-13.3344 113.9170 -7.0869 -0.8471 0.3245 0.4210 0.5622 0.0440
13.5247 42.7714 7.2785 0.9990 0.0071 -0.0447 0.3622 0.3214
1.8095 -122.2481 22.8991 0.1291 -0.6486 0.7501 0.9249 0.1861
1.8095 -122.2481 22.8991 0.1121 -0.4176 0.9017 0.0511 0.9885
7.5570 12.1204 23.6032 0.1142 0.0453 0.9924 0.0281 0.4514
13.5312 12.5268 -6.9260 0.9999 0.0108 0.0116 0.3054 0.4423
4.0314 -21.5650 23.8387 0.1343 0.0942 0.9865 0.0422 0.5860
14.1738 -48.7622 -18.1960 0.9990 0.0352 -0.0260 0.2604 0.6873
-6.0959 -123.0996 -19.4376 0.0402 -0.9992 0.0059 0.8933 0.0169
-11.9583 -92.4811 -23.4320 -0.1199 -0.0121 -0.9927 0.1272 0.8661
-1.4969 -31.9455 24.3585 0.0401 -0.0000 0.9992 0.0643 0.6275
-2.7927 -19.5654 24.5509 0.0842 0.0384 0.9957 0.0695 0.5780
-2.0226 124.1423 -7.9716 0.0580 0.9983 -0.0081 0.7114 0.0644
-14.2386 -107.4290 5.9999 -1.0000 0.0005 0.0062 0.5099 0.9289
-5.7459 -119.1986 23.3221 -0.0105 -0.8038 0.5947 0.7935 0.1893
2.3107 122.4856 -23.2103 -0.0389 -0.0346 -0.9986 0.1842 0.0068
6.2410 -14.4125 23.7879 0.1166 -0.0202 0.9930 0.0334 0.5574
-11.7762 91.8869 -23.3315 -0.3941 -0.0120 -0.9190 0.1279 0.1291
6.2893 -22.3946 23.6334 0.0994 0.0432 0.9941 0.0332 0.5893
-11.9556 -29.1905 -22.6999 -0.4624 0.0120 -0.8866 0.1272 0.6131
13.1872 -7.7667 23.2157 -0.0235 0.0146 0.9996 0.0056 0.5309
12.7575 116.6669 -24.0199 0.8710 -0.0176 -0.4909 0.2371 0.0260
12.7575 116.6669 -24.0199 0.4797 0.0044 -0.8774 0.2260 0.0301
-14.0737 -106.0637 -8.8207 -0.9997 0.0003 -0.0241 0.5691 0.9234
14.0624 -80.5832 -11.4225 1.0000 -0.0092 0.0037 0.2874 0.8145
13.6148 -55.3714 19.7222 0.9985 0.0282 0.0460 0.4119 0.7137
7.2556 -28.1868 23.6901 0.0781 -0.0392 0.9962 0.0293 0.6125
13.4567 -59.6111 23.2194 0.9628 0.0059 0.2702 0.4259 0.7307
-13.3581 -1.8214 -21.9734 -0.9148 0.0000 -0.4039 0.6217 0.5067
-13.3581 -1.8214 -21.9734 -0.6462 0.0011 -0.7632 0.1216 0.5037
-12.7835 4.3457 24.0736 -0.9440 -0.0083 0.3299 0.4376 0.4820
-12.7835 4.3457 24.0736 -0.7622 -0.0501 0.6454 0.1094 0.4824
-13.7725 -58.7651 -8.5469 -1.0000 0.0048 -0.0026 0.5680 0.7343
12.1348 -85.1302 23.3841 -0.3203 -0.0089 0.9473 0.0098 0.8401
12.7230 -1.0802 -23.8724 0.2831 -0.0053 -0.9591 0.2259 0.5008
-13.0697 -72.8157 24.4695 -0.0951 -0.0209 0.9953 0.1106 0.7909
4.7885 -81.6041 -24.1793 -0.0222 -0.0115 -0.9997 0.1941 0.8226
13.6284 97.4600 0.0374 0.9991 -0.0416 -0.0092 0.3333 0.1028
13.2536 75.5515 -8.2556 0.9995 -0.0047 0.0306 0.3001 0.1904
4.7807 -97.1883 -24.1095 0.0099 -0.0049 -0.9999 0.1941 0.8849
-12.8076 14.6490 23.6182 -0.9822 0.0218 0.1868 0.4394 0.4409
-10.9773 120.4439 24.5889 -0.0357 0.0875 0.9955 0.1022 0.0183
-14.0252 -99.2459 -9.9386 -0.9994 0.0116 -0.0325 0.5736 0.8961
13.8643 -11.4210 -7.8714 0.9998 0.0200 0.0041 0.3016 0.5380
-13.8218 -35.9374 -8.7744 -1.0000 0.0053 0.0032 0.5689 0.6431
12.8366 105.8892 24.2944 0.2336 -0.0020 0.9723 0.0070 0.0765
1.0315 -122.7069 22.4642 0.1111 -0.9084 0.4032 0.9218 0.1844
-12.1467 85.7305 24.4403 -0.1488 -0.0175 0.9887 0.1069 0.1571
-13.4668 47.1431 -6.1474 -1.0000 0.0015 0.0035 0.5584 0.3110
-11.3339 104.6445 -24.0870 -0.8534 0.0044 -0.5213 0.1297 0.0781
-11.3339 104.6445 -24.0870 -0.8996 -0.0130 -0.4366 0.6394 0.0120
-13.2121 28.7474 -21.8066 -0.9694 -0.0037 -0.2456 0.6210 0.3845
13.5856 96.3282 -7.7151 0.9993 -0.0365 0.0094 0.3023 0.1073
12.6357 -105.9156 23.8427 -0.3572 -0.0287 0.9336 0.0078 0.9232
-10.7708 -123.8855 1.1520 0.0562 -0.9978 -0.0342 0.8747 0.0992
13.6468 19.4682 -11.5941 0.9994 0.0100 0.0343 0.2868 0.4146
-10.8180 33.0147 24.5861 0.0266 0.0107 0.9996 0.1016 0.3678
2.1345 -97.5916 -24.0886 -0.0176 -0.0005 -0.9998 0.1835 0.8865
7.1785 119.0511 24.5730 0.0363 0.0300 0.9989 0.0297 0.0239
-11.6049 80.0049 -23.1703 -0.6528 -0.0198 -0.7573 0.1286 0.1766
-13.7416 -83.9989 -13.6940 -0.9999 0.0061 -0.0089 0.5886 0.8352
-12.9354 -19.4000 24.2855 -0.9255 0.0107 0.3787 0.4368 0.5770
12.8425 122.8590 -14.2924 0.4401 0.8979 0.0014 0.6519 0.0391
-13.1322 68.1955 10.0329 -0.9995 -0.0131 0.0299 0.4937 0.2268
-13.4810 -1.0169 -21.6910 -0.9660 0.0091 -0.2585 0.6206 0.5035
13.6784 121.6804 1.5729 0.9969 0.0755 -0.0223 0.3394 0.0060
2.4756 -62.5019 23.9295 0.0863 -0.0090 0.9962 0.0485 0.7497
-12.8891 114.8780 7.9626 -0.5967 0.4787 -0.6441 0.7894 0.2237
-12.8891 114.8780 7.9626 -0.4135 0.5512 -0.7247 0.8181 0.2571
12.6678 16.1752 -23.9426 0.2936 -0.0016 -0.9559 0.2256 0.4318
-13.2347 75.6492 5.7234 -0.9999 -0.0030 0.0166 0.5110 0.1970
13.8501 -92.3456 4.5899 0.9996 -0.0265 -0.0118 0.3515 0.8615
8.2811 -94.3834 23.2981 0.0720 0.0357 0.9968 0.0252 0.8771
-11.4705 -119.9879 -22.7171 -0.4871 -0.7652 -0.4210 0.7706 0.0052
-11.4705 -119.9879 -22.7171 -0.1407 -0.3913 -0.9094 0.7353 0.1977
-13.2428 -4.7231 -22.1147 -0.8807 -0.0213 -0.4732 0.6223 0.5183
-13.2428 -4.7231 -22.1147 -0.6079 0.0018 -0.7940 0.1221 0.5153
-13.1795 82.4074 -19.5709 -0.9984 -0.0069 -0.0567 0.6121 0.1700
-8.5058 -120.2952 20.6718 -0.1105 0.4058 0.9073 0.0923 0.9807
-13.7696 -9.4802 -14.2825 -0.9999 0.0117 -0.0049 0.5909 0.5373
14.0506 3.5354 13.8171 0.9997 -0.0087 -0.0233 0.3883 0.4783
-13.2774 -59.3332 -21.7479 -0.9867 -0.0064 -0.1626 0.6208 0.7366
-13.4105 62.7869 -5.5280 -1.0000 0.0044 0.0066 0.5559 0.2484
-8.0051 -57.9431 24.4252 -0.0142 -0.0084 0.9999 0.0903 0.7314
7.3588 4.0609 -24.5171 0.0349 -0.0114 -0.9993 0.2044 0.4802
-10.1200 6.5383 24.6035 0.0217 0.0162 0.9996 0.0988 0.4737
-12.5940 -99.8658 -23.3774 -0.3379 -0.0233 -0.9409 0.1247 0.8956
13.2451 -102.1661 23.7230 0.6783 0.0120 0.7347 0.0054 0.9082
-13.4580 49.5960 -10.2569 -1.0000 0.0016 -0.0032 0.5748 0.3012
-13.5773 11.3296 -4.0993 -0.9999 0.0032 0.0120 0.5502 0.4541
13.8436 -90.6705 -7.6068 0.9996 -0.0265 -0.0007 0.3027 0.8548
13.1483 -50.1365 23.7141 0.5630 0.0084 0.8264 0.0058 0.7002
13.1483 -50.1365 23.7141 0.9361 0.0341 0.3502 0.4279 0.6928
13.1578 122.6689 -3.0412 0.5072 0.8618 -0.0027 0.6507 0.0841
12.9563 97.8242 -23.7574 0.7615 0.0066 -0.6481 0.2268 0.1054
-3.4034 -120.1746 -22.3679 -0.0326 -0.7942 -0.6068 0.8029 0.0066
9.4339 -122.1661 -17.1254 0.1297 -0.9912 -0.0281 0.9554 0.0261
1.5158 122.3225 23.7148 -0.0366 -0.0506 0.9980 0.0523 0.0108
-13.6778 11.4618 -12.6061 -1.0000 0.0027 0.0013 0.5842 0.4536
-13.3735 73.4131 -2.0025 -0.9999 0.0036 0.0155 0.5419 0.2060
1.6241 124.0921 15.2085 0.0941 0.9955 0.0129 0.6968 0.1571
7.6497 -71.4605 23.4149 0.0260 -0.0216 0.9994 0.0278 0.7855
-2.6577 -123.0567 -16.3013 0.0764 -0.9967 -0.0258 0.9071 0.0294
-3.0052 29.7929 24.2191 -0.0216 -0.1033 0.9944 0.0704 0.3807
12.8761 102.2564 -23.8459 0.8711 0.0075 -0.4911 0.2378 0.0836
12.8761 102.2564 -23.8459 0.4737 -0.0015 -0.8807 0.2265 0.0877
-8.2549 93.8089 -24.6496 -0.0407 -0.0071 -0.9991 0.1420 0.1214
11.9056 -77.9216 23.3764 -0.2367 0.0014 0.9716 0.0108 0.8113
12.9577 -97.8377 23.7861 0.2514 0.0177 0.9677 0.0066 0.8909
-13.4126 70.2359 -4.9717 -0.9999 -0.0124 0.0042 0.5537 0.2187
5.4298 123.6217 -11.2392 0.0892 0.9960 -0.0058 0.6816 0.0513
-12.5106 121.9182 -15.7527 -0.9993 0.0384 -0.0023 0.5968 0.0121
-1.6413 -31.3439 -24.0699 -0.0469 -0.0007 -0.9989 0.1684 0.6217
-13.0319 111.9182 -4.3370 -0.5411 0.7199 0.4347 0.8187 0.2080
13.9849 -85.1351 -8.3312 0.9997 -0.0219 0.0054 0.2998 0.8327
13.7035 -98.7075 -13.3328 0.9991 -0.0209 0.0363 0.2798 0.8870
11.0067 -9.4079 -24.0269 0.1082 -0.0055 -0.9941 0.2190 0.5340
10.2616 -111.2244 23.3313 -0.0070 -0.0408 0.9991 0.0173 0.9444
4.0561 -9.6501 -24.4030 -0.0208 0.0051 -0.9998 0.1912 0.5350
-6.7163 -48.4735 24.6358 -0.0010 -0.0202 0.9998 0.0852 0.6936
13.6907 -8.6734 22.9679 0.5380 -0.0313 0.8424 0.0036 0.5345
13.6907 -8.6734 22.9679 0.9638 -0.0090 0.2666 0.4249 0.5271
-13.7298 -20.6796 -4.4489 -0.9999 0.0021 0.0102 0.5516 0.5821
-12.8637 -96.5375 -23.3644 -0.2859 0.0077 -0.9582 0.1236 0.8823
-13.4894 40.3479 -10.5609 -1.0000 0.0071 -0.0046 0.5761 0.3381
-11.2712 -90.4096 24.5727 0.0207 -0.0029 0.9998 0.1034 0.8612
-13.9575 -82.2631 10.7123 -0.9999 0.0090 0.0144 0.4910 0.8283
-11.5777 24.4101 -23.7950 -0.3668 -0.0410 -0.9294 0.1287 0.3989
12.7166 -44.5400 -23.6872 0.1605 -0.0027 -0.9870 0.2258 0.6745
-13.4295 -106.8839 -23.3076 -0.7121 0.5693 -0.4109 0.6270 0.9267
-13.4295 -106.8839 -23.3076 -0.6229 0.1884 -0.7593 0.1213 0.9237
13.1186 -41.4396 23.7635 0.6212 0.1152 0.7751 0.0059 0.6655
-13.0855 -60.2615 24.5563 -0.1920 -0.0352 0.9808 0.1107 0.7407
-12.4968 122.2564 -19.7408 -0.9974 -0.0657 -0.0287 0.6128 0.0107
13.6492 -15.4606 23.0653 0.7428 -0.0002 0.6695 0.0038 0.5616
13.6492 -15.4606 23.0653 0.9289 -0.0098 0.3702 0.4253 0.5542
-7.8627 13.5459 24.5889 -0.0325 0.0187 0.9993 0.0898 0.4457
-12.5388 -119.3149 13.0150 -0.9959 -0.0905 0.0049 0.9768 0.2316
-12.5388 -119.3149 13.0150 -0.8552 -0.5181 -0.0135 0.7664 0.1481
-1.1057 -120.7304 21.2926 -0.1073 0.6977 0.7083 0.0628 0.9824
-3.4385 110.9263 24.9184 -0.0018 0.0002 1.0000 0.0721 0.0564
-12.9420 114.2561 7.4960 -0.7940 0.4294 -0.4303 0.5039 0.0427
-12.9420 114.2561 7.4960 -0.3427 0.6476 -0.6806 0.8183 0.2553
13.2490 51.8989 -7.1857 0.9996 0.0097 0.0280 0.3044 0.2849
-12.9784 81.7768 14.8169 -0.9992 -0.0027 0.0393 0.4746 0.1725
-13.0688 -60.0101 -22.5141 -0.9352 -0.0188 -0.3536 0.6238 0.7393
13.4142 61.3236 8.0740 0.9988 0.0078 -0.0493 0.3654 0.2473
12.9579 47.0106 23.7723 0.2711 -0.0139 0.9624 0.0065 0.3119
0.2398 123.9565 23.4937 0.0846 0.9678 0.2370 0.7023 0.1902
-13.2337 -37.2287 23.5324 -0.9933 0.0152 0.1144 0.4398 0.6482
-5.5786 -52.1054 24.5695 0.0279 0.0243 0.9993 0.0806 0.7081
13.8728 -99.8610 -17.7875 0.9992 -0.0184 0.0343 0.2620 0.8916
-13.0637 121.0937 -16.1494 -0.5269 0.8497 -0.0193 0.9216 0.1935
-13.7224 -103.7138 22.2057 -0.9979 0.0039 0.0647 0.4451 0.9140
-11.3601 90.2991 -24.1040 -0.9071 0.0032 -0.4208 0.6395 0.0694
-12.8466 82.5531 17.7546 -0.9987 -0.0094 0.0499 0.4629 0.1694
-12.1611 5.3976 -22.7739 -0.5214 -0.0044 -0.8533 0.1264 0.4749
-13.3808 -45.9692 -21.6745 -0.9773 -0.0041 -0.2120 0.6205 0.6832
8.6426 123.2449 23.2981 0.0973 0.9591 0.2660 0.6687 0.1894
-12.8469 121.1873 23.4075 -0.9899 0.0935 -0.1068 0.4403 0.0150
-13.1931 -34.6442 -22.3103 -0.9258 -0.0073 -0.3780 0.6230 0.6379
-13.1931 -34.6442 -22.3103 -0.5787 0.0010 -0.8155 0.1223 0.6349
14.1093 -60.0000 -5.1025 0.9999 0.0044 0.0157 0.3127 0.7322
-13.1661 50.9721 -21.6645 -0.9833 -0.0072 -0.1818 0.6205 0.2957
-13.7147 -112.3953 23.8067 -0.9964 0.0012 0.0849 0.4387 0.9487
-13.7147 -112.3953 23.8067 -0.7784 -0.0121 0.6277 0.1132 0.9491
-11.6218 64.0868 -23.8128 -0.9559 -0.0021 -0.2937 0.6383 0.1742
-12.4455 57.8020 23.9605 -0.8975 0.0328 0.4397 0.4381 0.2684
-12.4455 57.8020 23.9605 -0.8439 0.0058 0.5364 0.1081 0.2687
13.0207 63.7266 -23.7913 0.5663 -0.0062 -0.8242 0.2271 0.2417
14.1795 -64.6452 -15.0878 1.0000 -0.0026 0.0006 0.2728 0.7508
13.7528 -93.8277 -9.0280 0.9995 -0.0323 0.0036 0.2970 0.8675
-13.1141 113.6921 7.2068 -0.8949 0.3285 -0.3022 0.5050 0.0449
-13.1141 113.6921 7.2068 -0.6813 0.5854 -0.4395 0.8190 0.2541
-11.1256 96.6398 -24.3321 -0.3735 -0.0093 -0.9276 0.1305 0.1101
0.8512 122.5135 23.7278 -0.0338 -0.3705 0.9282 0.0549 0.0101
7.7274 21.3588 -24.6096 0.0779 0.0098 -0.9969 0.2059 0.4111
-13.5025 -76.4468 23.8202 -0.9729 0.0671 0.2215 0.4386 0.8050
-13.5025 -76.4468 23.8202 -0.6547 -0.1539 0.7401 0.1123 0.8054
-5.2060 124.2638 23.8832 0.0682 0.9335 0.3520 0.7241 0.1917
-7.7250 -119.4973 21.2655 -0.1106 -0.9751 0.1921 0.7856 0.1811
-12.7082 41.4198 -22.4930 -0.6953 0.0035 -0.7187 0.1242 0.3309
-7.5652 124.2445 24.2281 0.0875 0.4653 0.8808 0.0886 0.0031
-7.5652 124.2445 24.2281 0.0720 0.7751 0.6277 0.7335 0.1931
14.0544 -65.1807 10.2989 0.9999 0.0081 0.0119 0.3743 0.7529
-13.4031 84.5822 0.4961 -0.9995 -0.0257 0.0191 0.5319 0.1613
-0.8598 47.7248 -24.5347 -0.0295 -0.0005 -0.9996 0.1716 0.3057
-13.5734 -46.3455 -19.8235 -0.9954 -0.0171 -0.0940 0.6131 0.6847
13.6505 0.3883 2.8393 0.9996 0.0054 -0.0262 0.3445 0.4908
-1.2141 -99.4688 24.0138 0.0340 -0.1118 0.9931 0.0632 0.8974
-13.5590 -12.7778 -21.5048 -0.9731 -0.0017 -0.2305 0.6198 0.5505
-10.8733 94.1051 -24.4113 -0.2469 0.0024 -0.9690 0.1315 0.1203
-9.1557 -12.5742 24.5963 -0.0341 -0.0448 0.9984 0.0949 0.5501
13.7252 -38.2643 16.4875 0.9991 -0.0253 0.0343 0.3990 0.6454
-2.6673 -71.7334 -24.0432 -0.0344 -0.0002 -0.9994 0.1643 0.7832
-12.2731 36.8601 -22.9045 -0.8897 0.0009 -0.4566 0.6347 0.2830
-12.2731 36.8601 -22.9045 -0.6600 0.0057 -0.7513 0.1259 0.3491
13.7330 113.0852 -19.2281 0.9991 0.0154 -0.0406 0.2562 0.0403
11.1790 -95.5027 -23.5884 0.1413 -0.0103 -0.9899 0.2197 0.8782
-12.2741 -121.0879 21.0839 -0.9949 -0.0506 0.0877 0.9697 0.1994
0.0327 -101.7416 23.8367 0.0513 0.0511 0.9974 0.0582 0.9065
13.7599 119.7443 23.8006 0.7289 -0.0171 0.6844 0.0033 0.0211
13.7599 119.7443 23.8006 0.9754 0.0012 0.2205 0.4282 0.0137
13.1596 90.9152 23.9996 0.7616 -0.0073 0.6480 0.0057 0.1364
-12.3971 38.0606 -22.7802 -0.6713 0.0107 -0.7411 0.1254 0.3443
-13.4555 -71.1484 24.3122 -0.9981 -0.0032 0.0611 0.4367 0.7838
-13.4555 -71.1484 24.3122 -0.6488 -0.0409 0.7598 0.1121 0.7842
-2.2941 -89.6097 24.2014 0.0763 0.0556 0.9955 0.0675 0.8580
-13.1820 37.7792 -21.7373 -0.9711 0.0141 -0.2383 0.6207 0.3484
13.9583 -23.9294 17.6726 0.9996 -0.0102 0.0251 0.4038 0.5881
14.0841 -28.0842 -9.2396 0.9999 -0.0037 0.0148 0.2962 0.6047
-13.8037 -83.3505 18.4747 -0.9996 0.0065 0.0264 0.4600 0.8326
3.4193 -100.8158 23.8095 0.0407 -0.0346 0.9986 0.0447 0.9028
2.3217 -49.9597 24.2225 0.0373 -0.0356 0.9987 0.0491 0.6995
13.2455 -119.7226 -23.1644 0.4403 -0.2531 -0.8614 0.2280 0.9750
13.2455 -119.7226 -23.1644 0.2850 -0.5005 -0.8175 0.9707 0.0020
-13.3876 31.6203 -19.8397 -0.9979 0.0106 -0.0638 0.6132 0.3730
-7.5386 79.4223 24.7018 -0.0491 0.0023 0.9988 0.0885 0.1823
13.3117 -108.3187 1.3378 0.9997 -0.0188 -0.0182 0.3385 0.9254
-13.7344 -8.4942 -18.2148 -0.9995 0.0107 -0.0295 0.6067 0.5334
12.7298 -120.4231 -9.9848 0.9883 -0.1528 -0.0030 0.2932 0.9738
13.8454 -89.6473 -1.3094 0.9996 -0.0281 -0.0025 0.3279 0.8508
0.6289 2.2014 24.0560 0.1106 0.0406 0.9930 0.0558 0.4910
-11.6077 -13.9925 -22.8326 -0.6375 0.0129 -0.7703 0.1286 0.5524
-12.0705 -31.4705 -22.7213 -0.3878 0.0234 -0.9214 0.1268 0.6222
12.5842 2.6936 -23.9241 0.2754 -0.0053 -0.9613 0.2253 0.4857
-10.5931 121.9693 23.3106 -0.3106 0.7296 0.6093 0.8781 0.2064
-10.5931 121.9693 23.3106 -0.3265 0.3640 0.8723 0.1007 0.0122
-13.8539 -74.5600 13.0452 -0.9998 0.0094 0.0192 0.4817 0.7975
-12.4549 117.4614 -2.4239 -0.9997 -0.0226 0.0035 0.5435 0.0299
13.4432 106.1892 -22.7850 0.9463 0.0018 -0.3234 0.2420 0.0679
-11.8556 124.5793 10.0523 -0.6703 0.7421 -0.0021 0.7507 0.1364
-6.9591 -10.3330 24.6720 0.0377 0.0408 0.9985 0.0862 0.5411
-12.2856 111.2495 -0.8039 -0.3966 0.9166 0.0501 0.8157 0.2221
-12.2856 111.2495 -0.8039 -0.9834 0.1774 0.0374 0.5371 0.0547
14.0599 -22.4104 -15.5747 1.0000 0.0098 -0.0001 0.2709 0.5820
-12.7202 -93.5300 -23.2960 -0.4080 0.1378 -0.9025 0.1242 0.8703
-11.4726 93.4378 -23.7076 -0.9175 -0.0241 -0.3970 0.6379 0.0568
13.6478 71.6275 17.2307 0.9995 0.0196 -0.0247 0.4020 0.2061
-12.2445 81.3991 24.2782 -0.7689 0.0088 0.6393 0.1073 0.1744
13.0549 73.2796 -0.2036 1.0000 -0.0004 0.0015 0.3323 0.1995
-6.5027 123.9063 -20.8991 0.0322 0.9971 -0.0692 0.7293 0.0127
-10.9684 -12.7227 -23.3449 -0.4153 0.0002 -0.9097 0.1312 0.5473
11.8526 -43.7273 23.6232 -0.2794 0.0396 0.9593 0.0110 0.6746
12.4043 115.9446 -24.2073 0.3324 -0.0058 -0.9431 0.2246 0.0330
-13.7438 -46.5846 -16.8496 -0.9994 -0.0136 -0.0315 0.6012 0.6856
-13.5469 -3.2456 -21.4386 -0.9928 0.0059 -0.1195 0.6195 0.5124
-14.0283 -85.4212 7.2222 -0.9999 0.0109 0.0071 0.5050 0.8409
-0.8168 -86.9351 24.1643 0.0624 -0.0042 0.9980 0.0616 0.8473
13.8475 -2.5442 22.7699 0.7846 -0.0423 0.6185 0.0030 0.5100
13.8475 -2.5442 22.7699 0.9379 -0.0096 0.3467 0.4241 0.5026
4.5980 123.6260 -15.0436 0.0782 0.9967 -0.0221 0.6849 0.0361
13.6988 -94.4385 21.3099 0.9987 -0.0012 0.0509 0.4183 0.8699
-2.1749 -67.8242 24.3765 0.0067 -0.0221 0.9997 0.0670 0.7709
-13.6193 -107.9453 -21.8059 -0.9973 -0.0428 -0.0596 0.6210 0.9309
13.8114 -57.4824 -22.9005 0.9776 0.0314 -0.2083 0.2416 0.7222
13.8114 -57.4824 -22.9005 0.7696 0.0209 -0.6382 0.2302 0.7262
14.1199 -63.5640 -4.6828 0.9999 0.0046 0.0143 0.3144 0.7465
13.1875 80.0516 -5.1986 0.9996 -0.0101 0.0255 0.3123 0.1724
-13.3877 74.8743 -2.6194 -0.9999 -0.0078 0.0106 0.5443 0.2001
-11.8853 50.6457 24.6131 -0.2174 0.0005 0.9761 0.1059 0.2974
5.7816 -122.5854 10.9416 0.1700 -0.9851 0.0271 0.9408 0.1383
13.8298 42.1266 15.0606 0.9997 0.0112 -0.0238 0.3933 0.3240
-10.8085 121.0319 -24.0949 -0.0416 0.1432 -0.9888 0.1318 0.0126
-10.8085 121.0319 -24.0949 -0.2004 0.6133 -0.7640 0.8898 0.2025
13.7214 32.4734 23.1529 0.5470 -0.0268 0.8367 0.0035 0.3700
13.7214 32.4734 23.1529 0.9160 0.0104 0.4010 0.4257 0.3626
-5.0077 -123.0365 23.2421 0.0493 -0.1163 0.9920 0.0784 0.9916
13.3382 68.6564 -23.5336 0.6762 0.0017 -0.7367 0.2283 0.2220
-12.1453 -122.5970 -17.7786 -0.9791 -0.2028 -0.0148 0.9637 0.3547
-3.5222 -123.4292 -3.9865 -0.0049 -0.9907 -0.1362 0.9036 0.0787
-13.5885 5.8210 -19.9444 -0.9985 -0.0009 -0.0550 0.6136 0.4762
13.5403 -117.1242 -23.0537 0.5951 -0.0021 -0.8036 0.2291 0.9646
-11.6867 121.9577 22.9768 -0.0819 0.9909 -0.1072 0.8768 0.2021
12.9624 -29.7840 23.6597 -0.1839 0.0135 0.9828 0.0065 0.6189
13.7987 57.8049 -20.1609 0.9999 0.0051 0.0151 0.2525 0.2613
-13.8552 -83.8509 -5.5351 -0.9998 0.0065 -0.0187 0.5560 0.8346
-11.4960 70.5782 -23.9644 -0.4497 -0.0192 -0.8930 0.1290 0.2143
-11.4960 70.5782 -23.9644 -0.9265 -0.0047 -0.3763 0.6389 0.1482
13.7740 -31.6448 -22.9545 0.8814 0.0193 -0.4720 0.2413 0.6189
13.7740 -31.6448 -22.9545 0.8465 0.0242 -0.5318 0.2301 0.6229
13.8637 -6.0987 22.5438 0.9867 -0.0206 0.1615 0.4232 0.5168
14.1035 115.7656 11.6374 0.9999 0.0107 -0.0011 0.3796 0.0296
-13.0572 116.2244 9.0010 -0.9594 0.1386 -0.2455 0.4979 0.0348
-13.0572 116.2244 9.0010 -0.7757 0.3229 -0.5423 0.7887 0.2183
-12.8806 75.6450 -22.2261 -0.9637 -0.0150 -0.2665 0.6227 0.1970
-13.2010 -25.0707 -22.2389 -0.6548 0.0014 -0.7558 0.1222 0.5967
-11.6924 49.5552 -23.8922 -0.6117 -0.0024 -0.7911 0.1283 0.2983
13.8853 -47.8968 -22.7336 0.9749 -0.0015 -0.2227 0.2422 0.6839
12.5229 65.1724 -24.0125 0.1201 -0.0128 -0.9927 0.2251 0.2359
13.8563 -10.3771 -11.1364 0.9997 0.0245 0.0079 0.2886 0.5339
13.3246 -104.8799 -2.6275 0.9996 -0.0287 -0.0026 0.3226 0.9116
-0.3558 -123.3086 0.5346 0.0846 -0.9964 -0.0090 0.9163 0.0967
-8.0842 124.6338 1.9838 0.0494 0.9984 -0.0284 0.7356 0.1042
11.9107 -33.3600 23.3710 -0.1161 -0.0130 0.9932 0.0107 0.6332
-12.6662 -116.5448 24.4497 -0.2118 -0.0576 0.9756 0.1090 0.9657
-13.7278 -48.2102 -14.1342 -0.9994 -0.0327 -0.0058 0.5903 0.6921
-13.3838 80.7521 -7.7594 -1.0000 -0.0067 -0.0055 0.5649 0.1766
-0.7182 -114.8138 -23.8149 -0.0037 -0.0404 -0.9992 0.1721 0.9554
-13.6130 -47.8358 -19.0341 -0.9976 -0.0161 -0.0678 0.6099 0.6906
-1.3636 121.8371 -23.2907 0.0017 0.7655 -0.6435 0.8930 0.2403
-13.6403 -31.4581 9.8847 -0.9996 0.0060 0.0263 0.4943 0.6252
-0.7688 123.8754 23.9289 0.0950 0.8757 0.4735 0.7064 0.1919
-13.4406 43.7644 -14.3499 -1.0000 0.0008 -0.0034 0.5912 0.3245
-12.8354 72.9084 -22.3859 -0.9478 0.0108 -0.3186 0.6233 0.2080
-12.8354 72.9084 -22.3859 -0.7602 -0.0007 -0.6497 0.1237 0.2050
13.5600 81.8935 -16.5329 0.9992 0.0017 0.0407 0.2670 0.1650
13.1603 74.8094 -4.8931 0.9996 -0.0035 0.0272 0.3135 0.1934
-12.7218 116.7459 -8.0570 -0.8296 0.2331 0.5074 0.5661 0.0327
-12.9848 80.6754 -21.8092 -0.9842 0.0087 -0.1766 0.6210 0.1769
6.4251 123.5097 -3.7049 0.1087 0.9941 -0.0001 0.6776 0.0815
13.8081 -20.6365 -22.7626 0.9676 0.0028 -0.2525 0.2421 0.5749
-13.3846 -75.0640 24.2120 -0.7032 -0.1222 0.7005 0.1119 0.7999
10.3390 -103.0674 -23.6230 0.1590 -0.0036 -0.9873 0.2163 0.9084
10.0981 -31.0694 -24.0627 0.1037 -0.0072 -0.9946 0.2154 0.6206
-14.0819 -89.7173 4.7309 -0.9999 0.0099 0.0029 0.5149 0.8581
-2.7097 -91.2901 24.3016 0.0277 0.0205 0.9994 0.0692 0.8647
-13.6537 -89.0815 -18.6283 -0.9979 0.0137 -0.0630 0.6083 0.8555
-12.5676 49.7633 -22.5835 -0.5980 0.0023 -0.8015 0.1248 0.2975
-13.2318 -71.1634 -21.6730 -0.9889 -0.0035 -0.1487 0.6205 0.7839
-11.0278 -31.3502 -23.3814 -0.3320 -0.0029 -0.9433 0.1309 0.6218
-8.4468 -61.7520 -23.7420 -0.0672 0.0014 -0.9977 0.1412 0.7433
-11.5996 95.1741 -23.5666 -0.3938 -0.0349 -0.9185 0.1286 0.1160
-11.5996 95.1741 -23.5666 -0.9044 -0.0329 -0.4253 0.6373 0.0499
-2.7070 -92.9926 24.1617 0.1203 -0.1023 0.9875 0.0692 0.8715
13.4266 -28.6099 23.3528 0.7073 0.0232 0.7065 0.0047 0.6142
13.4266 -28.6099 23.3528 0.9254 0.0092 0.3788 0.4265 0.6068
5.8670 -2.0874 23.7400 0.1198 0.0536 0.9914 0.0349 0.5081
-11.9755 -26.6830 -22.6944 -0.4635 -0.0047 -0.8861 0.1271 0.6031
-12.4789 89.4862 -23.0408 -0.5712 -0.0075 -0.8208 0.1251 0.1387
-11.4487 -117.0697 24.3456 0.0400 -0.0659 0.9970 0.1041 0.9678
-13.8352 -38.7870 -9.3727 -1.0000 0.0009 0.0023 0.5713 0.6545
13.5259 86.2306 20.6805 0.9999 0.0122 0.0110 0.4158 0.1477
-12.6491 105.2952 -23.1842 -0.6185 -0.0106 -0.7858 0.1244 0.0755
-12.6758 84.5662 23.2193 -0.9933 -0.0546 0.1017 0.4410 0.1614
-13.6832 109.9353 -8.6659 -1.0000 -0.0043 0.0057 0.5685 0.0600
-6.1841 122.5839 -22.9941 -0.0406 -0.3007 -0.9528 0.1503 0.0064
-13.4612 -48.1176 19.4016 -0.9994 0.0097 0.0319 0.4563 0.6918
-13.5489 -49.5393 16.9470 -0.9995 0.0086 0.0295 0.4661 0.6974
14.0490 -85.7609 -18.1353 0.9999 -0.0131 0.0037 0.2606 0.8352
13.1073 24.1700 23.3023 0.1603 -0.0231 0.9868 0.0060 0.4032
-0.6821 123.4050 -22.8262 0.0396 0.9160 -0.3993 0.7060 0.0050
6.5268 -89.9537 23.5988 0.0368 0.0881 0.9954 0.0323 0.8594
9.7861 -120.3754 -22.8496 -0.0505 -0.2279 -0.9724 0.2141 0.9776
-8.1699 -112.7601 24.4421 -0.0158 -0.1549 0.9878 0.0910 0.9506
3.8706 27.9261 23.9962 0.0429 -0.0652 0.9969 0.0429 0.3882
5.8536 -121.1420 22.9183 0.0179 0.2168 0.9761 0.0349 0.9841
-12.7753 57.2734 20.7726 -0.9988 0.0042 0.0497 0.4508 0.2705
14.1291 11.7259 15.5572 0.9997 0.0043 -0.0254 0.3953 0.4455
12.8922 -26.5340 23.6003 -0.2905 0.0153 0.9567 0.0068 0.6059
10.2086 122.1410 23.8859 0.0080 0.3721 0.9282 0.0175 0.0116
-6.1882 -1.1646 -23.9649 -0.0636 -0.0039 -0.9980 0.1503 0.5011
4.3545 -121.4686 22.9309 0.0022 0.0536 0.9986 0.0409 0.9854
-11.6118 74.2941 -23.2204 -0.6485 0.0335 -0.7605 0.1286 0.1995
-11.6118 74.2941 -23.2204 -0.9910 0.0180 -0.1325 0.6359 0.1334
-6.8553 -108.9247 24.1577 0.0663 0.0120 0.9977 0.0858 0.9352
-13.5127 -40.3281 -21.1484 -0.9961 -0.0066 -0.0878 0.6184 0.6606
1.1400 -123.0867 -7.1258 0.1007 -0.9949 -0.0071 0.9223 0.0661
13.4058 -56.2069 23.3732 0.8002 -0.0184 0.5994 0.0048 0.7245
13.4058 -56.2069 23.3732 0.9970 0.0183 0.0758 0.4265 0.7171
13.8475 7.9337 -22.6225 0.9830 -0.0028 -0.1834 0.2427 0.4607
-13.3779 119.8692 -10.4228 -0.9725 0.1292 0.1936 0.5755 0.0203
-14.0633 -90.0753 9.3056 -0.9998 0.0124 0.0121 0.4967 0.8595
0.9663 -123.0399 -11.7568 0.0840 -0.9964 -0.0134 0.9216 0.0476
-5.2452 123.5724 -22.8877 0.0272 0.9029 -0.4291 0.7242 0.0048
6.2082 -122.6004 -13.4420 0.0975 -0.9952 -0.0118 0.9425 0.0409
3.5956 -97.4277 23.8353 -0.0141 -0.0028 0.9999 0.0440 0.8893
-12.2277 112.4324 4.9979 -0.9456 0.2490 -0.2095 0.5139 0.0500
-12.2277 112.4324 4.9979 -0.3622 0.7763 -0.5159 0.8155 0.2453
1.9487 -47.8030 -24.2379 -0.0245 -0.0042 -0.9997 0.1828 0.6875
-12.7144 114.5561 -23.1402 -0.5984 -0.0021 -0.8012 0.1242 0.0385
13.2357 90.4390 -23.5407 0.7644 0.0082 -0.6447 0.2279 0.1349
-2.4043 -75.7536 24.3330 0.0576 0.0050 0.9983 0.0680 0.8026
-13.8681 -66.7161 1.5853 -1.0000 0.0039 -0.0085 0.5275 0.7661
-0.7396 123.2728 24.1922 0.0530 -0.3148 0.9477 0.0613 0.0070
14.0068 -29.2360 4.3593 1.0000 -0.0025 -0.0010 0.3505 0.6093
13.9190 -89.8698 12.6596 0.9999 -0.0111 0.0122 0.3837 0.8516
12.4488 122.8994 14.5455 0.1669 0.9860 -0.0051 0.6535 0.1544
-11.2382 -44.4860 -23.3898 -0.4137 0.0047 -0.9104 0.1301 0.6743
13.7865 59.4543 -19.9690 0.9996 0.0058 0.0278 0.2533 0.2547
12.7911 6.4815 -23.8879 0.3471 -0.0102 -0.9378 0.2261 0.4705
13.6145 -111.6862 21.1093 1.0000 -0.0096 -0.0022 0.4175 0.9388
-13.7876 -43.3190 4.5738 -1.0000 -0.0002 0.0077 0.5156 0.6726
-12.0701 89.7264 24.5145 -0.2438 0.0035 0.9698 0.1066 0.1411
-13.6769 -50.8352 -16.4238 -0.9994 -0.0140 -0.0309 0.5995 0.7026
-11.8321 122.4290 20.2872 -0.9952 0.0746 0.0634 0.4528 0.0100
-6.9239 -123.7438 1.4101 0.0404 -0.9988 -0.0279 0.8900 0.1002
12.4843 -96.9723 23.6739 -0.3702 0.0785 0.9256 0.0084 0.8874
-4.0679 19.9446 24.2963 0.0770 0.0203 0.9968 0.0746 0.4201
-5.7189 -89.1790 -23.7658 -0.0509 -0.0039 -0.9987 0.1521 0.8529
-0.8470 -123.2575 -9.2326 0.0321 -0.9993 -0.0165 0.9143 0.0577
13.2035 -35.7535 22.9964 0.6063 -0.2213 0.7638 0.0056 0.6427
13.2035 -35.7535 22.9964 0.8766 -0.1408 0.4602 0.4250 0.6353
-12.7996 -31.9390 24.5404 -0.6671 0.0164 0.7448 0.1095 0.6275
-1.4089 123.4209 24.2688 0.0595 -0.0089 0.9982 0.0640 0.0064
-2.8106 27.3320 24.5575 0.0899 0.0704 0.9935 0.0696 0.3905
-13.7281 -12.2254 -19.1814 -0.9987 0.0076 -0.0495 0.6105 0.5483
13.9879 -82.1064 0.0034 0.9999 -0.0132 0.0004 0.3331 0.8206
12.8445 -41.0219 23.8136 0.1045 0.2510 0.9623 0.0070 0.6638
13.3808 -44.4559 -23.4367 0.5994 -0.0159 -0.8003 0.2285 0.6741
-10.5714 -100.0956 24.3997 0.0503 -0.0215 0.9985 0.1006 0.8999
13.0245 122.7204 -6.3192 0.4022 0.9155 -0.0011 0.6512 0.0710
-13.7269 116.0227 -12.9108 -0.9996 0.0275 0.0103 0.5855 0.0356
-11.0188 87.4821 -24.3730 -0.2463 -0.0196 -0.9690 0.1310 0.1467
7.9623 46.9022 -24.5066 0.0850 -0.0022 -0.9964 0.2068 0.3089
-12.9257 95.7135 -22.6708 -0.9727 -0.0624 -0.2235 0.6245 0.1168
-12.9257 95.7135 -22.6708 -0.7934 -0.0426 -0.6073 0.1233 0.1138
-13.7916 -42.9345 -5.1076 -1.0000 -0.0025 -0.0014 0.5543 0.6710
-13.3347 -85.2307 -21.5959 -0.9895 0.0085 -0.1442 0.6202 0.8401
-12.3119 80.5494 24.2142 -0.8857 0.0084 0.4642 0.4371 0.1774
-12.3119 80.5494 24.2142 -0.6849 -0.0023 0.7286 0.1076 0.1778
-12.8157 47.0483 20.5594 -0.9989 0.0016 0.0473 0.4517 0.3113
12.3001 -121.4643 -19.7897 0.4830 -0.8756 -0.0123 0.9669 0.0155
-13.9123 -97.7399 -13.0588 -0.9998 0.0050 -0.0207 0.5860 0.8901
-13.4301 93.8874 5.3312 -0.9998 -0.0123 0.0164 0.5125 0.1241
-6.5203 -113.3897 24.1628 0.0660 -0.2041 0.9767 0.0844 0.9531
-13.6295 -67.9143 -16.4801 -0.9992 -0.0067 -0.0381 0.5997 0.7709
-13.5077 26.9557 -18.0755 -0.9997 0.0128 -0.0190 0.6061 0.3917
13.1004 67.9884 23.9801 0.6076 -0.0177 0.7940 0.0060 0.2280
13.1112 -93.2498 23.7008 0.4559 -0.0167 0.8899 0.0059 0.8726
-11.8641 -7.1289 -22.6557 -0.3620 -0.0080 -0.9321 0.1276 0.5249
-4.6197 -123.0356 -20.1471 0.0569 -0.9984 0.0077 0.8992 0.0141
-13.7356 -29.0304 -2.4630 -1.0000 -0.0041 -0.0038 0.5437 0.6155
-12.6107 -28.4469 24.6284 -0.2996 -0.0243 0.9537 0.1088 0.6135
-13.5562 18.4115 -3.4328 -0.9999 0.0072 0.0091 0.5476 0.4258
12.8582 -113.6893 23.7528 -0.2031 -0.0058 0.9791 0.0069 0.9543
2.7039 -122.4639 22.5535 0.1522 -0.8176 0.5553 0.9285 0.1847
13.8336 -82.7818 18.3949 0.9992 -0.0014 0.0398 0.4066 0.8233
-13.8248 -57.6289 -1.1778 -0.9999 0.0088 -0.0081 0.5386 0.7298
12.5970 -50.1113 23.9365 -0.2364 -0.0226 0.9714 0.0080 0.7001
-13.4555 52.0725 -4.3323 -1.0000 0.0017 0.0029 0.5512 0.2913
13.6521 98.6491 -9.1169 0.9998 -0.0208 0.0065 0.2967 0.0981
-1.4820 -96.6085 24.1605 0.0118 0.0452 0.9989 0.0643 0.8860
-11.4621 -15.1863 -22.9738 -0.6432 0.0054 -0.7656 0.1292 0.5571
-0.5427 -53.4461 24.3722 -0.0190 -0.0674 0.9975 0.0605 0.7135
-13.7796 -54.3963 8.1798 -0.9999 0.0044 0.0121 0.5012 0.7169
-12.2379 6.5325 24.5953 -0.2898 0.0253 0.9568 0.1073 0.4737
-12.2468 121.7912 16.6234 -0.6933 0.7188 0.0522 0.8514 0.1998
-13.5216 -113.5026 -22.8456 -0.9943 -0.0178 -0.1052 0.6252 0.9531
-9.4943 123.5608 -23.0520 0.0046 0.0027 -1.0000 0.1371 0.0025
-9.4943 123.5608 -23.0520 0.0581 0.8343 -0.5483 0.7412 0.0041
-11.8392 47.0213 -23.7480 -0.6623 0.0020 -0.7492 0.1277 0.3085
-13.9569 -91.6785 -7.4524 -0.9995 0.0234 -0.0192 0.5636 0.8659
-3.6546 -17.4982 24.4259 0.0624 0.0282 0.9977 0.0730 0.5698
-11.2429 102.2230 -24.2751 -0.9133 -0.0057 -0.4072 0.6401 0.0217
-11.2429 102.2230 -24.2751 -0.4071 0.0023 -0.9134 0.1301 0.0878
-11.3908 97.5438 -24.0132 -0.8622 -0.0039 -0.5065 0.1295 0.1065
-11.3908 97.5438 -24.0132 -0.8971 0.0031 -0.4417 0.6391 0.0404
11.4513 -63.0325 -23.7208 0.1115 -0.0038 -0.9938 0.2208 0.7484
-12.8610 -47.1858 24.5694 -0.0625 -0.0343 0.9975 0.1098 0.6884
-13.7239 -53.7197 -15.7254 -0.9996 -0.0217 -0.0188 0.5967 0.7142
-13.1052 64.2126 12.9978 -0.9992 0.0209 0.0330 0.4819 0.2427
10.6379 123.0904 3.4697 0.1191 0.9928 -0.0103 0.6608 0.1101
-11.7133 -124.3932 13.0451 -0.3363 -0.9404 -0.0499 0.8709 0.1467
-5.2742 123.0711 -23.1914 -0.0393 -0.1051 -0.9937 0.1539 0.0045
-13.1012 83.4088 11.9761 -0.9990 -0.0245 0.0367 0.4860 0.1660
-13.7594 -75.6471 -9.3074 -0.9999 0.0000 -0.0128 0.5711 0.8018
-6.9489 -119.7724 -23.0611 0.0169 -0.8224 -0.5687 0.7887 0.0039
-13.1866 71.0034 -19.8519 -0.9980 0.0049 -0.0631 0.6132 0.2156
13.6926 -14.0951 -23.0605 0.9109 0.0021 -0.4127 0.2409 0.5487
13.6926 -14.0951 -23.0605 0.7719 -0.0006 -0.6357 0.2297 0.5528
-13.4097 60.5373 -3.5767 -1.0000 0.0061 0.0039 0.5481 0.2574
13.3641 1.3453 23.2024 0.3061 -0.0289 0.9516 0.0049 0.4944
-13.9701 -112.1759 -10.1286 -0.9992 -0.0283 -0.0268 0.5743 0.9478
13.1398 -15.5561 23.3874 -0.0672 -0.0008 0.9977 0.0058 0.5620
12.8399 116.5519 24.2818 0.1870 0.0006 0.9824 0.0070 0.0339
-13.3704 32.8559 8.5063 -0.9997 0.0051 0.0244 0.4998 0.3681
13.4603 -30.1437 -23.3857 0.7281 -0.0046 -0.6854 0.2288 0.6169
13.2892 36.8734 -1.6600 1.0000 0.0061 0.0019 0.3265 0.3450
10.0744 -66.5357 23.3843 0.0075 0.0015 1.0000 0.0181 0.7658
-8.3076 -93.6739 24.3745 0.0518 -0.0627 0.9967 0.0916 0.8743
-13.8080 -108.2749 21.3144 -0.9974 0.0123 0.0704 0.4486 0.9322
1.7176 -39.0099 -24.2095 -0.0385 -0.0009 -0.9993 0.1819 0.6524
-1.8823 -123.4399 1.3001 0.0491 -0.9979 -0.0433 0.9102 0.0998
0.6213 -18.3786 24.2570 0.0452 -0.0451 0.9980 0.0559 0.5733
-10.9909 -87.6960 24.5846 0.0281 0.0163 0.9995 0.1023 0.8504
7.3220 -118.7337 23.5001 0.0257 -0.5377 0.8428 0.8458 0.1900
7.3220 -118.7337 23.5001 0.0558 -0.2303 0.9715 0.0291 0.9744
-12.9165 37.0519 -22.3384 -0.7476 0.0050 -0.6641 0.1234 0.3483
1.6229 121.2002 -24.0043 0.0008 0.4638 -0.8859 0.1815 0.0120
1.6229 121.2002 -24.0043 0.0036 0.7125 -0.7017 0.8902 0.2522
12.7274 -45.6150 24.0243 0.1272 -0.0052 0.9919 0.0075 0.6821
14.1258 -50.2811 -10.7626 0.9999 0.0010 0.0116 0.2901 0.6934
-13.0982 -57.7189 -22.4498 -0.9343 0.0142 -0.3562 0.6236 0.7301
-12.8002 -33.3133 -22.5619 -0.4518 0.0098 -0.8921 0.1238 0.6296
13.5723 97.0575 23.5635 0.9525 -0.0568 0.2992 0.4273 0.1044
14.0613 -40.1224 -20.5450 0.9970 0.0231 -0.0738 0.2510 0.6528
12.2862 -62.4374 23.4884 -0.3767 -0.0015 0.9263 0.0092 0.7494
-13.5651 -97.4335 -20.0804 -0.9931 0.0011 -0.1173 0.6141 0.8889
-8.0419 -123.6348 -2.4533 0.0515 -0.9983 -0.0290 0.8856 0.0848
3.3554 123.8488 18.8643 0.0854 0.9962 0.0185 0.6899 0.1717
-12.9618 -34.3942 24.4713 -0.7532 0.0186 0.6575 0.1102 0.6373
11.1318 -56.0866 23.4102 0.0003 -0.0231 0.9997 0.0138 0.7240
-12.8509 -9.9097 -22.3897 -0.4476 -0.0017 -0.8943 0.1236 0.5360
-13.1152 67.3511 -21.3662 -0.9972 0.0122 -0.0733 0.6193 0.2302
13.4337 102.0985 -22.8556 0.9453 0.0128 -0.3258 0.2417 0.0843
13.4337 102.0985 -22.8556 0.8357 0.0270 -0.5485 0.2287 0.0883
-13.2039 -98.3236 24.2868 -0.4713 0.0258 0.8816 0.1111 0.8928
4.5904 -119.5114 23.0856 0.0077 -0.6319 0.7750 0.8348 0.1883
-13.2797 -64.7690 24.3750 -0.9826 0.0067 0.1857 0.4364 0.7583
-13.2797 -64.7690 24.3750 -0.3282 -0.0290 0.9442 0.1114 0.7587
-3.5687 123.0050 -23.2289 -0.0197 -0.1083 -0.9939 0.1607 0.0047
-13.7631 -85.1897 -12.0119 -0.9999 0.0089 -0.0075 0.5819 0.8400
-12.6763 114.6038 -6.7717 -0.7721 0.3533 0.5282 0.5609 0.0413
13.9854 28.6599 16.3022 0.9996 0.0120 -0.0254 0.3983 0.3778
-12.7988 108.8237 19.5826 -0.9976 0.0020 0.0693 0.4556 0.0644
14.0224 29.6834 20.2814 0.9997 0.0169 0.0161 0.4142 0.3737
-12.6455 113.0518 22.1872 -0.9959 -0.0042 -0.0899 0.4452 0.0475
-4.0027 -123.0940 -18.4788 0.0008 -0.9955 -0.0943 0.9017 0.0207
5.3944 -51.7907 23.9552 0.0608 -0.0529 0.9967 0.0368 0.7068
3.0339 -122.7399 -16.5346 0.0715 -0.9973 -0.0170 0.9298 0.0285
1.9393 -112.6270 -23.8991 0.0021 -0.0346 -0.9994 0.1828 0.9467
14.0890 1.0912 17.5320 0.9999 -0.0084 -0.0083 0.4032 0.4880
-13.4793 35.9960 -1.1360 -0.9999 0.0063 0.0091 0.5384 0.3555
10.2311 76.1700 24.3586 0.0425 -0.0081 0.9991 0.0174 0.1953
-13.3062 49.7591 -19.8919 -0.9982 0.0002 -0.0597 0.6134 0.3005
12.8830 -47.1882 -23.6591 0.2633 -0.0094 -0.9647 0.2265 0.6851
-13.7079 -98.1553 -18.6648 -0.9971 -0.0006 -0.0760 0.6085 0.8918
-11.6947 97.7189 -23.5120 -0.5972 0.0062 -0.8020 0.1283 0.1058
-11.6947 97.7189 -23.5120 -0.8988 0.0361 -0.4369 0.6371 0.0397
-6.1226 -99.2494 24.3303 0.1114 0.0256 0.9934 0.0828 0.8965
-13.1634 59.5247 -21.4278 -0.9926 0.0118 -0.1207 0.6195 0.2615
4.1747 121.5350 24.2544 -0.0045 0.5527 0.8333 0.8819 0.2655
4.1747 121.5350 24.2544 0.0095 0.4326 0.9016 0.0417 0.0140
-13.6606 113.6119 -9.1939 -0.9981 0.0321 0.0527 0.5706 0.0453
-12.7374 -26.2808 24.6063 -0.5387 0.0009 0.8425 0.1093 0.6049
13.4776 83.1251 12.9081 0.9998 0.0054 -0.0189 0.3847 0.1601
-5.8854 122.4994 23.5473 0.0040 -0.1650 0.9863 0.0819 0.0101
12.9941 58.8640 23.9162 0.5991 -0.0049 0.8007 0.0064 0.2645
-12.8652 91.3961 21.7036 -0.9992 -0.0331 0.0243 0.4471 0.1341
11.2447 -75.5371 23.3321 -0.0064 -0.0092 0.9999 0.0134 0.8018
-11.4047 49.2108 -24.0091 -0.3045 -0.0023 -0.9525 0.1294 0.2997
13.0978 -74.0951 23.7924 0.6256 0.0082 0.7801 0.0060 0.7960
-11.7387 -26.9745 24.5814 0.0506 -0.0105 0.9987 0.1053 0.6076
-0.6814 8.3955 24.3962 0.0863 -0.0080 0.9962 0.0611 0.4662
-3.4705 -123.7511 20.3536 0.1508 -0.9886 0.0007 0.9038 0.1760
10.2047 -88.9441 23.2243 0.0235 0.0093 0.9997 0.0176 0.8554
-12.8675 -37.6028 24.5375 -0.4515 -0.0004 0.8923 0.1098 0.6501
-13.5459 112.9273 -6.9985 -0.9801 0.1288 0.1508 0.5618 0.0480
7.6303 72.3672 24.4370 0.0431 -0.0110 0.9990 0.0278 0.2105
2.9562 -122.0124 -22.9390 0.0243 -0.2061 -0.9782 0.1868 0.9842
13.7037 47.4179 -16.6585 0.9987 0.0018 0.0514 0.2665 0.3028
-12.9198 -82.3303 -23.2165 -0.9568 -0.0849 -0.2781 0.6267 0.8285
-12.9198 -82.3303 -23.2165 -0.0557 -0.0245 -0.9981 0.1234 0.8255
13.3960 -91.7871 23.4399 0.9423 -0.0013 0.3348 0.4268 0.8593
-11.5692 -124.0700 23.0503 -0.4506 -0.2135 0.8668 0.1046 0.9958
-13.7106 5.9076 -12.5500 -1.0000 0.0052 0.0035 0.5840 0.4758
13.9292 17.9271 11.3452 0.9993 0.0106 -0.0365 0.3785 0.4207
-12.2816 -91.8064 24.5334 -0.1492 -0.0035 0.9888 0.1074 0.8668
-13.6573 107.9606 -12.7887 -0.9997 -0.0159 -0.0178 0.5850 0.0679
12.9292 122.6475 -22.4656 0.3833 0.9121 -0.1456 0.6516 0.0065
12.9292 122.6475 -22.4656 0.8889 0.4239 -0.1736 0.2433 0.0021
-12.5890 -66.2726 -23.0837 -0.1939 0.0345 -0.9804 0.1247 0.7614
0.1677 -122.2729 23.1058 0.0280 0.0938 0.9952 0.0577 0.9886
0.1677 -122.2729 23.1058 0.1253 -0.5642 0.8161 0.9184 0.1870
5.4627 -122.7047 -1.3326 0.1251 -0.9920 0.0153 0.9395 0.0893
10.7762 99.4296 24.3714 0.0345 -0.0065 0.9994 0.0153 0.1023
-12.8416 109.8040 -22.9816 -0.9431 -0.0112 -0.3323 0.6257 0.0605
-12.8416 109.8040 -22.9816 -0.7514 -0.0022 -0.6598 0.1237 0.0575
13.8935 37.3868 22.2362 0.9984 0.0129 0.0543 0.4220 0.3429
-2.5203 -71.4880 24.3656 0.0595 -0.0574 0.9966 0.0684 0.7856
-13.7085 -115.0889 23.6249 -0.9806 -0.0137 0.1955 0.4394 0.9595
13.6831 -79.9483 21.2764 0.9964 0.0020 0.0853 0.4182 0.8120
-13.2581 -106.2675 -22.3665 -0.9157 0.3495 -0.1986 0.6233 0.9242
-13.6841 -80.3282 -15.0130 -0.9999 -0.0041 -0.0144 0.5939 0.8205
13.3973 93.8536 -23.2042 0.9070 -0.0002 -0.4211 0.2404 0.1172
13.3973 93.8536 -23.2042 0.7653 -0.0019 -0.6437 0.2286 0.1213
-13.0338 34.4518 16.6640 -0.9987 0.0103 0.0507 0.4672 0.3617
-13.5597 17.3929 -2.8039 -0.9999 0.0061 0.0083 0.5451 0.4299
-11.7205 -24.7074 24.5820 0.0646 -0.0088 0.9979 0.1052 0.5986
-13.6793 -85.6688 -17.2748 -0.9989 0.0087 -0.0467 0.6029 0.8419
-7.4125 124.4793 -2.7687 0.0610 0.9977 -0.0305 0.7329 0.0852
13.6447 -102.5373 10.9095 0.9997 -0.0215 -0.0113 0.3767 0.9023
13.8241 -90.6293 -3.7008 0.9995 -0.0307 0.0058 0.3183 0.8547
14.0456 -61.5968 1.1453 1.0000 0.0080 0.0028 0.3377 0.7386
-12.1648 7.6356 24.5746 -0.2625 0.0126 0.9648 0.1070 0.4693
13.6263 80.2039 -22.8641 0.9748 -0.0060 -0.2229 0.2417 0.1718
13.6263 80.2039 -22.8641 0.8591 0.0242 -0.5113 0.2295 0.1758
-13.7585 -50.8811 -13.6235 -0.9998 -0.0147 -0.0134 0.5883 0.7028
-10.8466 109.4465 -24.4918 -0.1909 -0.0034 -0.9816 0.1316 0.0589
0.5317 -112.8639 23.7244 0.0479 0.0313 0.9984 0.0562 0.9510
-6.4511 -36.4948 24.6668 0.0430 0.0306 0.9986 0.0841 0.6457
13.9965 5.7764 11.2546 0.9993 -0.0005 -0.0380 0.3781 0.4693
14.0387 -7.9923 15.0031 1.0000 0.0057 -0.0076 0.3931 0.5243
-12.8728 115.3665 23.5639 -0.9849 0.0129 0.1725 0.4397 0.0383
7.6393 8.0711 -24.5768 0.0537 -0.0179 -0.9984 0.2055 0.4642
-13.4155 64.2159 -9.0526 -1.0000 0.0001 -0.0006 0.5700 0.2427
7.3362 -122.4437 -0.7501 0.1418 -0.9898 0.0104 0.9470 0.0916
-12.9495 79.1520 14.8045 -0.9988 -0.0073 0.0476 0.4747 0.1830
2.7062 24.5938 24.1342 0.1124 0.0646 0.9916 0.0475 0.4015
-13.0435 -95.9988 -23.3013 -0.9215 0.0410 -0.3863 0.6270 0.8832
-13.0435 -95.9988 -23.3013 -0.3098 0.0151 -0.9507 0.1229 0.8802
-3.7235 122.6359 23.6599 -0.0253 -0.5563 0.8306 0.0732 0.0096
6.3841 -87.7674 23.6389 0.0021 -0.0449 0.9990 0.0328 0.8506
10.8813 67.6316 -24.2842 0.1319 -0.0112 -0.9912 0.2185 0.2261
-12.5029 117.2292 9.1390 -0.4501 0.3726 -0.8116 0.7910 0.2143
13.8860 -89.0386 15.8744 0.9998 -0.0080 0.0165 0.3966 0.8483
4.1392 -63.4860 23.7890 0.0850 -0.0007 0.9964 0.0418 0.7536
-11.9305 111.3444 -23.4385 -0.2885 0.0047 -0.9575 0.1273 0.0513
-14.0472 -94.9037 -5.4966 -0.9998 0.0173 -0.0118 0.5558 0.8788
12.2083 118.8748 -24.2688 0.2110 -0.0057 -0.9775 0.2238 0.0212
-7.5051 124.7403 14.8315 0.0555 0.9984 0.0093 0.7333 0.1556
7.2004 -93.3044 -24.0683 0.0255 -0.0032 -0.9997 0.2038 0.8694
-11.5763 65.0109 24.6042 -0.1812 0.0005 0.9834 0.1046 0.2399
-14.1525 -103.0429 11.7922 -0.9997 -0.0013 0.0228 0.4867 0.9113
-13.1046 -75.8061 24.2936 -0.8737 0.2235 0.4320 0.4367 0.8024
-13.1046 -75.8061 24.2936 -0.4302 -0.0662 0.9003 0.1107 0.8028
-11.2287 123.4956 -23.0303 -0.1393 -0.1284 -0.9819 0.1301 0.0028
-11.2287 123.4956 -23.0303 -0.0934 0.6560 -0.7490 0.7482 0.0042
13.8679 -66.2704 18.4762 0.9992 0.0074 0.0389 0.4070 0.7573
-12.2509 22.6161 -22.9551 -0.7618 -0.0081 -0.6477 0.1260 0.4060
8.5734 -70.8251 23.5811 -0.0235 -0.0329 0.9992 0.0241 0.7829
13.8489 27.5904 23.0032 0.7444 -0.0112 0.6676 0.0030 0.3895
-13.4296 -77.1031 24.2271 -0.9609 0.0608 0.2702 0.4370 0.8076
-13.4296 -77.1031 24.2271 -0.3641 0.0219 0.9311 0.1120 0.8080
-3.5306 -87.8051 24.2870 0.0600 -0.0293 0.9978 0.0725 0.8508
-0.6891 19.9624 24.2571 0.0476 -0.0546 0.9974 0.0611 0.4200
-13.8234 -19.9750 -9.7004 -0.9999 0.0001 0.0100 0.5726 0.5793
-13.5866 -28.8941 -20.9249 -0.9944 -0.0054 -0.1058 0.6175 0.6149
-13.7227 -20.0859 -1.3483 -1.0000 0.0044 0.0055 0.5392 0.5797
14.1083 23.9153 19.8543 0.9999 0.0091 0.0114 0.4125 0.3968
-12.8589 56.5395 18.6776 -0.9992 0.0039 0.0403 0.4592 0.2734
-11.3042 105.9734 -24.1543 -0.8465 -0.0028 -0.5323 0.1298 0.0728
-11.3042 105.9734 -24.1543 -0.8763 0.0038 -0.4818 0.8080 0.2463
-11.3042 105.9734 -24.1543 -0.8696 -0.0056 -0.4937 0.6397 0.0067
-6.1907 124.0089 24.2715 0.0401 0.4067 0.9127 0.0831 0.0041
13.2569 -111.7437 23.6817 0.5461 0.0162 0.8376 0.0054 0.9465
13.6386 -3.6418 -1.2172 0.9998 0.0184 -0.0021 0.3282 0.5070
13.0041 -76.5109 23.7958 0.1689 -0.0252 0.9853 0.0064 0.8056
13.7755 -94.1660 -22.8165 0.9174 -0.0091 -0.3978 0.2419 0.8688
13.7755 -94.1660 -22.8165 0.7091 -0.0025 -0.7051 0.2301 0.8729
-12.1797 41.8017 -22.9911 -0.9203 0.0167 -0.3908 0.6350 0.2632
-12.1797 41.8017 -22.9911 -0.6837 0.0108 -0.7296 0.1263 0.3293
-13.0230 60.5520 -22.0593 -0.9691 0.0106 -0.2463 0.6220 0.2574
-13.0230 60.5520 -22.0593 -0.8387 0.0115 -0.5444 0.1229 0.2544
12.7245 122.8771 -17.5926 0.4802 0.8771 -0.0129 0.6524 0.0259
13.3847 91.3150 3.7629 0.9995 -0.0247 -0.0194 0.3482 0.1274
2.4488 -94.8400 -24.0847 -0.0187 0.0077 -0.9998 0.1848 0.8755
13.2945 -106.6559 -6.1042 0.9997 -0.0215 0.0084 0.3087 0.9187
-11.2601 10.9223 -23.6104 -0.2950 -0.0251 -0.9552 0.1300 0.4528
13.2624 122.4844 -13.3034 0.6729 0.7397 -0.0054 0.6503 0.0431
13.2624 122.4844 -13.3034 0.9498 0.3121 -0.0222 0.2799 0.0028
13.8231 115.7867 23.5440 0.8407 -0.0225 0.5411 0.0031 0.0370
13.8231 115.7867 23.5440 0.9978 -0.0088 0.0660 0.4272 0.0295
6.6675 -122.5021 7.7379 0.1631 -0.9865 0.0113 0.9444 0.1255
-7.7870 -37.7572 -23.7164 -0.0895 0.0031 -0.9960 0.1439 0.6474
-13.5130 4.8087 5.8580 -0.9998 0.0083 0.0176 0.5104 0.4802
-13.7302 1.4142 -7.9402 -0.9999 0.0091 0.0069 0.5656 0.4938
-13.2084 -6.6336 -22.1556 -0.6477 0.0094 -0.7619 0.1222 0.5230
-12.5368 121.3058 24.3020 -0.8660 0.0641 0.4958 0.4367 0.0145
-12.5368 121.3058 24.3020 -0.5715 0.0232 0.8203 0.1085 0.0149
-12.5368 121.3058 24.3020 -0.4118 0.6031 0.6832 0.8821 0.1987
-13.1039 95.2816 19.1926 -0.9992 -0.0329 0.0227 0.4571 0.1185
14.0577 -22.5581 11.8398 1.0000 -0.0055 0.0052 0.3804 0.5826
13.2791 70.1689 -23.5895 0.7315 -0.0065 -0.6819 0.2281 0.2159
-13.0828 115.9459 16.2114 -0.9982 0.0096 0.0595 0.4690 0.0359
-11.8841 123.4763 23.0407 -0.5982 -0.5998 0.5315 0.1059 0.0062
-11.8841 123.4763 23.0407 -0.8689 -0.4226 0.2578 0.4417 0.0058
-13.7855 -119.0985 1.9271 -0.8819 -0.4714 -0.0041 0.5261 0.9755
-13.7855 -119.0985 1.9271 -0.1669 -0.9860 -0.0056 0.7614 0.1038
-13.2245 81.0419 4.3652 -0.9995 -0.0066 0.0325 0.5164 0.1755
-12.1225 -95.3938 -23.4503 -0.0543 0.0088 -0.9985 0.1265 0.8778
-7.1887 -120.7166 -22.3331 0.0566 0.3112 -0.9486 0.1463 0.9790
13.1267 -118.5929 9.5638 0.9966 -0.0758 -0.0320 0.3713 0.9665
-12.8843 48.4649 18.8349 -0.9991 0.0026 0.0417 0.4586 0.3057
-11.3509 37.9334 -23.9559 -0.2703 0.0058 -0.9628 0.1296 0.3448
-13.3775 78.8022 -9.3918 -1.0000 0.0013 -0.0086 0.5714 0.1844
-11.2417 -119.0247 23.6842 0.3295 -0.4225 0.8444 0.1033 0.9756
-11.2417 -119.0247 23.6842 0.1535 -0.7470 0.6469 0.7716 0.1907
-1.6040 -89.0416 -23.9285 -0.0354 -0.0051 -0.9994 0.1686 0.8524
12.9043 -54.5891 23.8960 0.1040 -0.0101 0.9945 0.0068 0.7180
-10.5914 -2.1730 -23.4903 -0.1831 -0.0174 -0.9829 0.1327 0.5051
13.2768 -0.1282 -23.5940 0.5642 -0.0032 -0.8257 0.2281 0.4969
-13.7364 -56.6660 -12.5842 -0.9999 -0.0136 -0.0050 0.5842 0.7259
5.9969 -122.6343 -7.4095 0.1163 -0.9932 0.0018 0.9417 0.0650
13.6710 84.1845 -22.7367 0.9878 0.0089 -0.1552 0.2422 0.1559
-12.8535 -31.9908 -22.5312 -0.4609 0.0055 -0.8874 0.1236 0.6243
-9.1946 -31.0208 24.5077 -0.0048 0.0021 1.0000 0.0951 0.6238
-12.5954 21.1859 -22.6608 -0.6542 0.0025 -0.7563 0.1247 0.4117
-12.4496 119.5362 -8.1962 -0.9941 0.0354 0.1025 0.5666 0.0216
-13.1003 65.8361 11.4812 -0.9994 0.0215 0.0281 0.4880 0.2362
-2.3436 2.2270 -24.2179 -0.0491 -0.0174 -0.9986 0.1656 0.4875
-12.1547 55.1998 -22.8428 -0.5507 0.0010 -0.8347 0.1264 0.2758
-13.6916 -48.9434 -17.0600 -0.9994 -0.0057 -0.0332 0.6020 0.6951
10.9113 -100.8020 23.3331 -0.0943 -0.0166 0.9954 0.0147 0.9028
0.7395 -23.7971 -24.2179 -0.0455 -0.0057 -0.9989 0.1780 0.5916
-13.7587 -10.0934 -17.6007 -0.9999 0.0111 -0.0117 0.6042 0.5398
-13.9410 -77.0973 0.8567 -0.9999 0.0080 -0.0087 0.5304 0.8076
12.6135 77.3515 -24.0791 0.3470 -0.0002 -0.9378 0.2254 0.1872
12.5282 105.3163 -24.0730 0.4294 -0.0028 -0.9031 0.2251 0.0754
13.3105 -17.9829 23.4062 0.4907 0.0035 0.8713 0.0051 0.5717
-13.5796 -66.7153 -17.7090 -0.9988 -0.0056 -0.0486 0.6046 0.7661
-12.5170 63.8982 23.7496 -0.9952 0.0103 0.0971 0.4389 0.2440
-12.5170 63.8982 23.7496 -0.8308 -0.0020 0.5566 0.1084 0.2444
0.4876 -48.5811 24.2862 0.0386 -0.0355 0.9986 0.0564 0.6940
-13.3842 37.8282 -18.9545 -0.9991 0.0031 -0.0419 0.6096 0.3482
13.2153 -61.7013 23.6282 0.4453 -0.0356 0.8947 0.0055 0.7465
-12.9500 -27.8191 24.3878 -0.7185 -0.0201 0.6952 0.1101 0.6110
-12.8155 88.7566 21.8021 -0.9994 -0.0118 0.0310 0.4467 0.1446
5.0061 122.1539 23.8507 -0.0004 0.5430 0.8397 0.8803 0.2688
5.0061 122.1539 23.8507 -0.0144 0.0723 0.9973 0.0383 0.0115
-13.3944 67.9950 -7.7401 -1.0000 0.0028 0.0072 0.5648 0.2276
-14.2046 -106.5001 8.5940 -0.9999 0.0006 0.0157 0.4995 0.9251
-13.0472 117.1481 9.4757 -0.9606 0.1327 -0.2444 0.4960 0.0311
-13.0472 117.1481 9.4757 -0.7130 0.3143 -0.6267 0.7888 0.2146
12.8503 -34.2594 23.6009 -0.0875 -0.1138 0.9896 0.0070 0.6368
-13.0494 58.6772 14.2734 -0.9988 -0.0040 0.0494 0.4768 0.2649
9.4257 95.0432 24.4031 0.0502 -0.0041 0.9987 0.0207 0.1199
-0.6421 -7.8613 24.3668 0.0021 -0.0219 0.9998 0.0609 0.5312
-1.0874 -47.5236 24.4714 0.0567 -0.0216 0.9982 0.0627 0.6898
-2.4336 -123.1978 -10.6897 0.0447 -0.9990 0.0021 0.9080 0.0519
13.9697 -73.1800 -22.0212 0.9963 -0.0057 -0.0855 0.2451 0.7849
13.5202 -21.5375 23.2393 0.7672 0.0389 0.6402 0.0043 0.5859
13.5202 -21.5375 23.2393 0.9162 0.0220 0.4001 0.4260 0.5785
13.8532 -89.7276 -3.0601 0.9996 -0.0289 0.0040 0.3209 0.8511
12.9931 -3.1477 -23.7354 0.4641 -0.0054 -0.8857 0.2269 0.5090
13.9421 -87.0790 2.6041 0.9998 -0.0087 -0.0187 0.3435 0.8405
-6.3989 124.4450 -1.5065 0.0822 0.9959 -0.0380 0.7289 0.0902
-10.3115 -14.9369 24.6276 0.0019 0.0359 0.9994 0.0996 0.5595
13.2154 8.4203 23.2994 0.0617 0.0238 0.9978 0.0055 0.4661
-12.0843 -43.6612 -22.8449 -0.4013 0.0035 -0.9159 0.1267 0.6710
9.7641 -112.0935 -23.5879 0.0943 -0.0266 -0.9952 0.2140 0.9445
8.1335 -102.5055 -23.9123 0.0918 -0.0121 -0.9957 0.2075 0.9062
-14.0987 -94.2736 10.6846 -0.9997 0.0142 0.0177 0.4911 0.8763
-13.0601 -67.0158 24.4960 -0.1149 -0.0135 0.9933 0.1106 0.7677
13.8998 -53.0167 -22.6285 0.9656 -0.0121 -0.2597 0.2427 0.7043
-11.3813 -122.9566 -22.8031 -0.1421 -0.8801 -0.4531 0.8722 0.0034
13.1650 -120.4595 -21.5089 0.9707 -0.1714 0.1685 0.2471 0.9739
13.1650 -120.4595 -21.5089 0.8564 -0.5157 0.0225 0.9703 0.0086
1.4844 -122.4317 -22.7829 0.0344 -0.4170 -0.9083 0.1809 0.9858
1.4844 -122.4317 -22.7829 0.0435 -0.8892 -0.4555 0.9236 0.0035
13.5776 64.9294 12.3009 0.9995 0.0054 -0.0302 0.3823 0.2328
9.6103 -122.0776 0.4331 0.1639 -0.9864 0.0102 0.9561 0.0963
13.6039 -98.5042 -9.7835 0.9993 -0.0308 0.0194 0.2940 0.8862
13.9358 -51.4362 -22.5168 0.9821 -0.0014 -0.1882 0.2431 0.6980
-12.4943 121.6642 -12.6265 -0.6529 0.7573 0.0168 0.9357 0.1958
-12.4943 121.6642 -12.6265 -0.9998 -0.0188 0.0019 0.5843 0.0131
-13.1227 113.7411 15.4783 -0.9984 -0.0041 0.0569 0.4720 0.0447
-6.0296 -124.1545 21.8485 0.1196 -0.9844 0.1293 0.8936 0.1819
13.1876 78.6991 4.3855 0.9988 0.0015 -0.0495 0.3506 0.1778
-0.7737 -122.8437 -21.2503 0.0370 -0.9988 -0.0329 0.9146 0.0096
-9.3358 -105.6404 24.3543 0.0392 0.0082 0.9992 0.0957 0.9221
-13.3539 -114.8936 -23.4720 -0.9456 -0.0377 -0.3233 0.6277 0.9587
-13.3539 -114.8936 -23.4720 -0.5261 0.0082 -0.8504 0.1216 0.9557
4.5161 -122.8167 8.2252 0.1349 -0.9908 0.0080 0.9358 0.1275
0.4646 -123.2094 -3.7935 0.0842 -0.9964 0.0088 0.9196 0.0794
-5.5279 -123.5828 -0.7355 0.0965 -0.9911 0.0921 0.8956 0.0916
-13.4216 -78.7560 24.1960 -0.6588 -0.0160 0.7522 0.1120 0.8146
-13.6358 14.3642 -8.8940 -0.9999 0.0065 0.0106 0.5694 0.4420
13.4788 -99.7011 -23.0607 0.6063 -0.0101 -0.7952 0.2289 0.8950
-8.3348 -87.9045 24.4886 0.0436 0.0076 0.9990 0.0917 0.8512
-12.6822 40.6118 23.5391 -0.9893 0.0026 0.1459 0.4398 0.3371
-6.9190 93.1327 24.7332 -0.0261 -0.0067 0.9996 0.0860 0.1275
-12.6712 -36.9431 24.5838 -0.1476 -0.0103 0.9890 0.1090 0.6475
1.4591 -123.0888 -2.2703 0.0911 -0.9957 -0.0147 0.9235 0.0855
-13.8012 -11.9066 -12.8256 -1.0000 0.0040 0.0008 0.5851 0.5470
13.3971 85.8079 9.5994 0.9998 -0.0039 -0.0204 0.3715 0.1494
-13.6070 22.0610 -13.7160 -1.0000 0.0019 -0.0063 0.5887 0.4112
13.9604 -85.3524 2.9271 0.9999 -0.0117 -0.0117 0.3448 0.8336
-12.6938 -46.5223 24.5837 0.0685 -0.0203 0.9974 0.1091 0.6858
3.8065 123.1308 24.0807 0.0427 0.0934 0.9947 0.0431 0.0076
-10.5769 -51.9483 24.5080 -0.0099 -0.0122 0.9999 0.1006 0.7075
-6.1753 123.5703 -22.9256 0.0149 0.8778 -0.4788 0.7280 0.0046
-11.7809 92.8143 -23.3398 -0.3935 -0.0159 -0.9192 0.1279 0.1254
-13.5950 18.7262 -8.1722 -1.0000 0.0049 0.0085 0.5665 0.4246
-12.5852 93.9553 24.2226 -0.7177 -0.0331 0.6955 0.1087 0.1242
2.1198 -120.4981 21.5061 -0.1743 0.3436 0.9228 0.0499 0.9815
13.1803 109.4551 24.2006 0.3853 -0.0011 0.9228 0.0057 0.0623
5.3684 -121.7428 -22.9416 0.0012 -0.0052 -1.0000 0.1965 0.9831
13.3867 -106.9705 3.8796 0.9996 -0.0185 -0.0229 0.3486 0.9200
-13.5282 -38.0397 -21.1276 -0.9962 -0.0066 -0.0870 0.6183 0.6515
-0.7472 -108.6740 23.9388 0.0897 -0.0032 0.9960 0.0613 0.9342
-13.3172 -50.5632 24.1247 -0.9616 0.0093 0.2742 0.4374 0.7015
12.3535 -121.2372 -4.8906 0.6770 -0.7359 0.0114 0.9671 0.0750
-2.6564 -41.3486 -24.0102 -0.0514 0.0105 -0.9986 0.1644 0.6617
-13.6212 -119.1135 1.8957 0.1236 -0.9923 0.0078 0.7620 0.1036
-14.2411 -109.4599 4.3733 -1.0000 -0.0060 -0.0023 0.5164 0.9370
-12.1074 -46.8926 -22.8550 -0.4189 0.0054 -0.9080 0.1266 0.6839
-8.5847 -89.7595 24.4264 0.0089 -0.0152 0.9998 0.0927 0.8586
12.6478 -5.3163 -23.8572 0.2625 -0.0046 -0.9649 0.2256 0.5177
-11.9377 31.4364 -23.6879 -0.8992 0.0088 -0.4374 0.6378 0.3047
-11.9377 31.4364 -23.6879 -0.5226 0.0012 -0.8526 0.1273 0.3708
-14.1285 -93.1737 1.9946 -0.9999 0.0160 -0.0059 0.5259 0.8719
10.7838 105.4137 24.4093 0.0559 -0.0075 0.9984 0.0152 0.0784
-1.4292 124.3012 2.7549 0.0587 0.9981 -0.0188 0.7090 0.1073
-13.7545 -5.3880 -14.5983 -1.0000 -0.0002 -0.0036 0.5922 0.5210
4.3461 -8.1470 23.9096 0.1292 0.0216 0.9914 0.0410 0.5324
13.3439 84.1801 7.7010 0.9995 -0.0055 -0.0322 0.3639 0.1559
-5.4154 36.4636 24.5994 0.0061 -0.0139 0.9999 0.0800 0.3540
14.0547 113.4029 4.9468 0.9999 0.0022 -0.0150 0.3529 0.0391
13.2856 122.5977 1.9802 0.6427 0.7661 -0.0053 0.6502 0.1042
13.6863 -87.7858 -22.9634 0.6892 -0.0054 -0.7245 0.2297 0.8474
-12.8167 -56.0401 24.5033 -0.1061 0.0407 0.9935 0.1096 0.7238
-4.3296 -122.3690 -23.0182 0.0131 -0.1012 -0.9948 0.1577 0.9856
-13.2202 -103.4815 -22.4375 -0.9951 -0.0852 0.0508 0.6235 0.9131
-13.5580 -88.4603 23.5480 -0.9521 -0.0337 0.3038 0.4397 0.8530
-11.6073 93.5139 -23.4411 -0.6372 -0.0451 -0.7694 0.1286 0.1226
-13.4403 40.1546 -0.5637 -0.9999 0.0071 0.0091 0.5361 0.3389
13.4697 -101.4162 -2.7278 0.9992 -0.0387 -0.0045 0.3222 0.8978
4.9477 -121.9879 -22.8891 0.0278 -0.3249 -0.9453 0.1948 0.9841
4.9477 -121.9879 -22.8891 0.0471 -0.5555 -0.8302 0.9375 0.0031
8.0115 99.9959 24.4805 0.0471 -0.0080 0.9989 0.0263 0.1001
-13.7468 -1.8993 -11.1911 -1.0000 0.0019 -0.0002 0.5786 0.5070
-13.4898 35.9087 -13.1654 -0.9999 0.0025 -0.0114 0.5865 0.3559
-3.2219 -120.6303 -22.2822 -0.0560 0.1044 -0.9930 0.1621 0.9786
13.9441 -67.8474 -22.3478 0.9842 -0.0051 -0.1770 0.2438 0.7636
-13.4776 -93.1375 24.0398 -0.8905 0.0070 0.4549 0.4378 0.8717
-13.4776 -93.1375 24.0398 -0.7090 0.0127 0.7051 0.1122 0.8721
6.8591 -122.2484 -22.0858 0.0925 -0.9902 -0.1043 0.9451 0.0063
-3.4213 45.3141 -24.4583 -0.0399 0.0014 -0.9992 0.1613 0.3153
11.4286 -120.9960 -22.8422 0.0781 -0.2872 -0.9547 0.2207 0.9801
13.0802 -48.0543 23.7952 0.8258 0.0101 0.5639 0.0061 0.6919
13.0802 -48.0543 23.7952 0.9023 0.0158 0.4308 0.4282 0.6845
14.1361 -67.3152 -5.2106 1.0000 -0.0022 0.0076 0.3123 0.7615
-3.6952 -74.3075 24.3837 0.0517 0.0245 0.9984 0.0731 0.7968
-3.3699 -5.1473 -24.1100 -0.0528 -0.0072 -0.9986 0.1615 0.5170
-13.3160 111.9329 8.9825 -0.9996 0.0261 -0.0081 0.4979 0.0520
13.6254 37.6621 -23.2712 0.9364 -0.0067 -0.3510 0.2401 0.3418
-8.4071 87.4891 -24.5668 -0.0656 -0.0009 -0.9978 0.1414 0.1467
0.1813 -99.9105 23.8192 0.0809 -0.1188 0.9896 0.0576 0.8992
-13.2920 -102.3613 -22.7992 -0.9747 0.1704 0.1447 0.6250 0.9086
13.2260 75.4774 23.9345 0.4960 0.0014 0.8683 0.0055 0.1981
13.2260 75.4774 23.9345 0.8871 -0.0089 0.4615 0.4288 0.1907
-13.5428 29.4059 -7.6652 -1.0000 0.0083 0.0038 0.5645 0.3819
-13.3915 -119.0397 -19.2559 -0.9978 -0.0584 -0.0323 0.6108 0.9753
9.2762 -121.6999 -22.7944 0.0597 -0.2645 -0.9625 0.2121 0.9829
9.2762 -121.6999 -22.7944 0.1067 -0.8009 -0.5892 0.9548 0.0035
-13.5089 38.6475 -8.7815 -1.0000 0.0050 -0.0009 0.5690 0.3449
-12.6059 54.1010 23.6506 -0.9694 0.0129 0.2451 0.4393 0.2832
13.5609 -81.5585 -23.1356 0.6972 -0.0034 -0.7169 0.2292 0.8225
6.5877 -122.4660 -18.0137 0.0887 -0.9953 -0.0400 0.9440 0.0226
14.1127 -41.9288 -14.9845 0.9999 -0.0119 0.0061 0.2732 0.6600
-3.1717 -123.6914 22.0259 0.1519 -0.9581 0.2429 0.9050 0.1826
-12.8428 120.0504 23.2691 -0.9977 0.0161 -0.0665 0.4408 0.0195
-13.2839 111.2951 -3.6052 -0.4992 0.7908 0.3541 0.8197 0.2109
-13.2839 111.2951 -3.6052 -0.9005 0.4067 0.1538 0.5483 0.0545
-0.1025 -11.9125 -24.2215 -0.0443 0.0024 -0.9990 0.1746 0.5441
-6.5895 -27.1102 24.6499 -0.0078 -0.0454 0.9989 0.0847 0.6082
11.8216 -16.5781 23.2916 -0.0113 0.0117 0.9999 0.0111 0.5661
-3.2204 -123.5978 -0.5183 0.0503 -0.9987 -0.0071 0.9048 0.0925
13.8727 118.4791 23.1516 0.9952 -0.0018 0.0982 0.4257 0.0188
-10.1185 -99.1922 24.4795 -0.1679 0.0150 0.9857 0.0988 0.8963
13.4789 14.3426 -4.0181 0.9999 0.0152 0.0074 0.3170 0.4351
-13.7948 -97.9861 -17.5114 -0.9983 0.0017 -0.0583 0.6038 0.8911
-10.4474 122.6411 23.2792 -0.3824 -0.3930 0.8363 0.1001 0.0096
4.7759 42.5236 24.1446 0.0687 -0.0228 0.9974 0.0393 0.3298
-11.5919 88.6938 -23.4606 -0.4191 -0.0080 -0.9079 0.1287 0.1419
-11.5919 88.6938 -23.4606 -0.9387 0.0069 -0.3446 0.6369 0.0758
-13.6355 -90.6979 -19.2455 -0.9972 0.0135 -0.0734 0.6108 0.8620
10.8446 123.0806 9.8102 0.1240 0.9923 -0.0047 0.6599 0.1355
11.9713 -59.0105 23.4342 -0.2544 -0.0045 0.9671 0.0105 0.7357
4.1183 -122.6720 -17.3405 0.0698 -0.9976 -0.0005 0.9342 0.0253
6.8510 -99.0330 23.4073 0.0672 0.0246 0.9974 0.0310 0.8957
13.5008 77.3835 -14.7584 0.9992 -0.0012 0.0394 0.2741 0.1831
12.9441 -42.1145 23.9209 0.3508 0.0649 0.9342 0.0066 0.6682
-13.7043 -58.7146 -13.2997 -0.9999 -0.0117 -0.0106 0.5870 0.7341
-3.8799 -123.4772 -5.0095 0.0701 -0.9973 0.0235 0.9022 0.0746
-12.4098 86.0283 -23.0336 -0.5344 -0.0261 -0.8448 0.1254 0.1525
-11.3213 111.4432 -24.2517 -0.6786 0.0034 -0.7345 0.1297 0.0510
-11.3213 111.4432 -24.2517 -0.9379 -0.0082 -0.3467 0.8084 0.2245
-13.6605 -107.1061 -22.5001 -0.9952 0.0786 -0.0582 0.6238 0.9276
3.6307 121.9488 23.9686 -0.0087 0.5451 0.8383 0.8807 0.2633
-13.7305 -54.0612 -12.9118 -1.0000 -0.0033 -0.0092 0.5855 0.7155
-9.5248 -37.5461 24.6105 -0.0319 -0.0081 0.9995 0.0964 0.6499
-13.7783 -43.9355 -7.4167 -0.9999 -0.0153 0.0041 0.5635 0.6750
-13.9598 -96.5542 -10.6090 -0.9995 0.0137 -0.0291 0.5763 0.8854
-1.2402 124.0802 22.1720 0.0602 0.9977 0.0304 0.7082 0.1849
7.1760 -119.5955 -23.3569 -0.0012 -0.6032 -0.7976 0.8452 0.0027
13.0430 -63.4309 23.7669 0.2939 0.0105 0.9558 0.0062 0.7534
13.5428 75.7350 15.5892 0.9998 0.0030 -0.0209 0.3954 0.1897
13.9537 -98.9312 -22.0806 0.9999 0.0065 0.0111 0.2448 0.8879
-11.5600 86.1098 -23.5805 -0.8390 -0.0212 -0.5438 0.1288 0.1522
-11.5600 86.1098 -23.5805 -0.9404 -0.0018 -0.3401 0.6374 0.0861
-5.0173 -41.9867 24.6167 0.0160 -0.0426 0.9990 0.0784 0.6676
13.1299 56.8352 -1.2438 0.9999 0.0092 -0.0078 0.3281 0.2652
-13.9164 -74.3678 6.4756 -1.0000 0.0066 0.0016 0.5080 0.7967
9.0683 -91.9445 23.2485 0.0899 -0.1018 0.9907 0.0221 0.8673
13.9331 -11.5121 -16.6491 0.9999 0.0086 0.0061 0.2666 0.5384
-12.9236 -25.9559 24.4390 -0.9518 -0.0035 0.3067 0.4362 0.6032
-12.9236 -25.9559 24.4390 -0.6869 -0.0195 0.7265 0.1100 0.6036
13.6838 54.7715 13.6432 0.9997 0.0077 -0.0231 0.3876 0.2734
12.9125 90.4498 24.1858 0.3809 -0.0032 0.9246 0.0067 0.1382
12.6253 -53.5850 23.8774 -0.3062 -0.0255 0.9516 0.0079 0.7140
-12.8851 -10.8096 -22.3714 -0.5785 0.0050 -0.8157 0.1235 0.5396
-5.2669 -120.3071 20.7960 0.0108 0.1666 0.9860 0.0794 0.9807
-13.7470 -34.3501 -17.8311 -0.9997 -0.0043 -0.0260 0.6051 0.6367
13.4873 -89.8391 -23.1234 0.6280 -0.0056 -0.7782 0.2289 0.8556
-12.8823 -25.1217 24.5065 -0.8858 0.0063 0.4640 0.4359 0.5998
-12.8823 -25.1217 24.5065 -0.4784 0.0353 0.8774 0.1098 0.6002
-13.6398 99.5805 -8.0480 -0.9999 -0.0126 -0.0056 0.5660 0.1014
12.1620 -113.1231 23.4507 -0.4150 0.0205 0.9096 0.0097 0.9520
-13.7446 -53.6424 -3.2512 -0.9999 0.0018 -0.0107 0.5468 0.7138
4.8451 -122.7304 1.4390 0.1163 -0.9932 0.0049 0.9371 0.1003
13.2477 -62.0244 -23.4307 0.4913 0.0066 -0.8710 0.2280 0.7444
-12.1576 79.3566 24.3470 -0.6277 -0.0134 0.7783 0.1069 0.1826
-13.3101 7.0707 -22.0190 -0.9368 -0.0111 -0.3496 0.6219 0.4712
-13.3101 7.0707 -22.0190 -0.6863 0.0066 -0.7273 0.1218 0.4682
-8.4749 124.8000 13.1998 0.0528 0.9986 0.0001 0.7372 0.1490
13.8351 -38.4566 -22.8038 0.9762 0.0044 -0.2170 0.2420 0.6461
-8.0913 -90.8325 24.4136 0.0100 0.0152 0.9998 0.0907 0.8629
-5.0068 124.3682 -0.4588 0.0542 0.9981 -0.0279 0.7233 0.0944
-13.2679 113.9480 9.8133 -0.9986 0.0371 -0.0382 0.4946 0.0439
-4.3162 -123.4888 -5.8917 0.0346 -0.9994 0.0038 0.9005 0.0710
-10.9666 86.4364 -24.3676 -0.2269 -0.0078 -0.9739 0.1312 0.1509
-5.3942 122.7501 23.7077 -0.0106 -0.6075 0.7942 0.0799 0.0091
5.1664 -122.6952 -11.8675 0.0782 -0.9969 -0.0108 0.9384 0.0472
-13.8939 -84.4156 14.9580 -0.9997 0.0070 0.0224 0.4741 0.8369
12.7889 -92.8631 23.7202 -0.2862 0.0073 0.9581 0.0072 0.8710
0.4607 -123.0686 21.8155 0.1679 -0.9605 0.2217 0.9196 0.1818
-2.6325 5.6968 24.5052 0.0268 -0.0598 0.9978 0.0689 0.4770
-12.7658 -45.4400 24.6048 -0.0101 0.0123 0.9999 0.1094 0.6814
-13.8034 -54.7854 0.2453 -0.9999 0.0036 -0.0097 0.5329 0.7184
13.8686 -89.7292 0.8913 0.9995 -0.0282 -0.0165 0.3367 0.8511
-13.5255 -108.7474 24.0136 -0.9821 0.0225 0.1872 0.4379 0.9341
-13.5255 -108.7474 24.0136 -0.5999 0.0395 0.7991 0.1124 0.9345
14.0973 -74.2752 -14.0435 1.0000 -0.0082 0.0030 0.2770 0.7893
-13.6631 -119.1015 3.5402 0.3601 -0.9327 -0.0184 0.7619 0.1102
-3.4785 -120.3925 20.8517 -0.0316 0.3162 0.9482 0.0723 0.9811
-0.4659 -123.3875 3.1856 0.0999 -0.9948 -0.0195 0.9158 0.1073
-13.4177 62.2826 -9.3676 -1.0000 0.0011 -0.0028 0.5713 0.2504
-11.8521 45.9578 -23.7588 -0.9240 0.0259 -0.3815 0.6381 0.2466
-11.8521 45.9578 -23.7588 -0.5716 0.0152 -0.8204 0.1276 0.3127
6.6119 -35.1953 -24.3167 0.0284 -0.0023 -0.9996 0.2014 0.6371
-6.7516 -89.7475 24.5212 -0.0103 0.0032 0.9999 0.0853 0.8586
9.2210 -88.7841 -23.8877 0.1262 0.0040 -0.9920 0.2119 0.8513
13.5528 -104.8927 23.1497 0.9942 0.0065 0.1077 0.4256 0.9117
13.4860 97.1745 -23.0184 0.9664 0.0143 -0.2568 0.2411 0.1039
13.4860 97.1745 -23.0184 0.8288 0.0179 -0.5593 0.2289 0.1080
13.8409 -66.9407 -22.8834 0.9335 -0.0160 -0.3582 0.2416 0.7600
13.6155 87.4360 -17.9191 0.9997 -0.0010 0.0241 0.2615 0.1429
13.5576 -37.0495 20.8850 0.9977 -0.0277 0.0619 0.4166 0.6405
-13.2954 89.0551 -18.6575 -0.9984 0.0026 -0.0558 0.6084 0.1434
-8.9509 47.0209 -24.1875 -0.0579 -0.0040 -0.9983 0.1392 0.3085
13.3738 41.8894 -23.5293 0.7499 0.0003 -0.6616 0.2285 0.3290
-12.5203 -45.8566 24.5724 0.1092 -0.0118 0.9940 0.1084 0.6831
8.1134 -120.6921 -22.6894 -0.0501 0.1414 -0.9887 0.2074 0.9789
-12.3550 5.6744 24.5504 -0.4598 -0.0077 0.8880 0.1077 0.4771
-13.4136 88.2504 -15.0868 -0.9997 -0.0056 -0.0237 0.5942 0.1466
14.1076 5.7538 22.1836 0.9984 -0.0115 0.0555 0.4218 0.4694
14.1732 -40.9734 -19.5924 0.9987 0.0205 -0.0466 0.2548 0.6562
-12.0684 -120.1865 21.6074 -0.6234 0.3193 0.7137 0.1066 0.9802
8.4051 4.3123 23.4395 0.0892 -0.0043 0.9960 0.0247 0.4826
-11.6074 58.0521 -23.8917 -0.6636 0.0041 -0.7481 0.1286 0.2644
0.9862 -123.2008 15.0348 0.1564 -0.9874 0.0223 0.9217 0.1547
13.3928 -38.3185 22.3926 0.9711 0.0025 0.2388 0.4226 0.6456
-11.9843 -122.3879 22.3912 -0.8033 0.1465 0.5773 0.1063 0.9890
-11.9843 -122.3879 22.3912 -0.9220 0.0581 0.3829 0.9645 0.1942
14.1181 -29.7265 -11.6501 1.0000 -0.0028 0.0090 0.2865 0.6112
-12.2490 -2.1357 24.4714 -0.2553 0.0066 0.9668 0.1073 0.5083
12.7290 -52.9586 -23.6441 0.1422 -0.0015 -0.9898 0.2259 0.7081
0.9417 123.8510 -16.0966 0.0558 0.9980 -0.0290 0.6995 0.0319
13.4092 32.2318 -23.5190 0.7019 0.0060 -0.7122 0.2286 0.3676
14.2393 -50.0027 -18.1054 0.9999 0.0005 -0.0123 0.2607 0.6923
-13.2216 60.8717 10.7870 -0.9995 0.0054 0.0308 0.4907 0.2561
14.0901 -74.0996 -2.6712 1.0000 -0.0059 0.0032 0.3224 0.7886
-14.1714 -96.2503 4.9815 -0.9999 0.0152 0.0039 0.5139 0.8842
13.7142 69.1890 -22.5875 0.9986 0.0120 -0.0512 0.2428 0.2158
-7.9112 -119.2723 23.1950 -0.0069 -0.8005 0.5993 0.7849 0.1888
-13.2339 114.7961 -21.8367 -0.9895 -0.0069 -0.1445 0.6211 0.0405
12.9323 121.9724 -23.3486 0.8467 0.4150 -0.3329 0.2398 0.0048
12.9323 121.9724 -23.3486 0.2467 0.1406 -0.9588 0.2267 0.0089
-1.8663 -107.1872 -23.9249 -0.0332 -0.0031 -0.9994 0.1675 0.9249
-13.3813 -72.2434 24.3689 -0.9783 -0.0280 0.2054 0.4364 0.7882
-13.3813 -72.2434 24.3689 -0.5247 0.0007 0.8513 0.1118 0.7886
2.4801 -123.0141 -3.8277 0.1183 -0.9916 -0.0517 0.9276 0.0793
5.4473 -31.0338 23.9692 0.0966 0.0334 0.9948 0.0366 0.6239
-12.3690 115.3017 -6.5512 -0.9707 0.1105 0.2134 0.5600 0.0385
11.2039 -92.5191 -23.6030 0.1418 -0.0019 -0.9899 0.2198 0.8663
1.1203 -19.9051 24.0947 0.0776 -0.0373 0.9963 0.0539 0.5794
5.3843 123.7304 3.9347 0.1052 0.9944 -0.0115 0.6818 0.1120
-12.1138 -117.8409 -23.4336 -0.2711 -0.0163 -0.9624 0.1266 0.9675
-6.3170 -104.9236 -23.7447 -0.0397 0.0022 -0.9992 0.1498 0.9159
-13.2381 -119.1903 -21.8787 -0.9664 -0.0365 -0.2546 0.6213 0.9759
-13.2381 -119.1903 -21.8787 -0.7243 -0.4662 -0.5080 0.1221 0.9729
-13.2381 -119.1903 -21.8787 -0.6500 -0.7156 -0.2559 0.7636 0.0086
13.0613 -18.0158 23.4279 -0.1024 0.0308 0.9943 0.0061 0.5718
13.7833 46.1508 22.8076 0.9932 0.0077 0.1158 0.4243 0.3079
7.5208 89.8371 24.4780 0.0531 -0.0088 0.9985 0.0283 0.1407
13.1974 -88.6567 23.6197 0.6508 0.0277 0.7587 0.0056 0.8542
13.0036 122.8673 22.9187 0.2661 0.9612 0.0729 0.6513 0.1879
-2.2662 -52.6381 24.3499 0.0295 -0.0295 0.9991 0.0674 0.7102
12.7715 -91.7434 23.7067 -0.3436 -0.0127 0.9390 0.0073 0.8665
-11.0539 121.7273 23.9975 0.1645 0.8457 0.5077 0.8809 0.2046
-13.3257 56.1457 -18.9965 -0.9991 0.0100 -0.0414 0.6098 0.2750
13.5029 26.0582 -23.4281 0.6681 0.0008 -0.7441 0.2290 0.3923
-13.3664 120.8758 -18.5364 -0.6324 0.7746 -0.0024 0.9120 0.1923
-13.3664 120.8758 -18.5364 -0.9583 0.2856 -0.0106 0.6079 0.0162
-12.1457 -42.4595 24.5230 0.0135 -0.0097 0.9999 0.1069 0.6695
-2.0905 -123.6519 9.5158 0.0998 -0.9947 -0.0235 0.9094 0.1326
13.8002 -92.4829 -22.7928 0.9592 -0.0097 -0.2826 0.2420 0.8621
13.8002 -92.4829 -22.7928 0.7162 -0.0017 -0.6979 0.2302 0.8661
14.0670 18.9021 22.3446 0.8585 -0.0026 0.5127 0.0021 0.4242
14.0670 18.9021 22.3446 0.9941 0.0015 0.1085 0.4224 0.4168
13.4940 78.8351 23.0769 0.9976 0.0010 0.0688 0.4254 0.1773
0.4865 -57.0997 24.1414 0.0418 -0.0223 0.9989 0.0564 0.7281
-13.8178 -38.8999 -10.7773 -0.9999 0.0037 -0.0096 0.5769 0.6549
-13.4977 25.6335 -18.7891 -0.9990 0.0118 -0.0427 0.6090 0.3970
-8.7643 122.1943 -22.7647 -0.0881 0.1023 -0.9908 0.1400 0.0080
-8.7643 122.1943 -22.7647 -0.1506 0.5350 -0.8313 0.8951 0.2107
-13.4257 52.9426 1.5937 -0.9999 0.0009 0.0126 0.5275 0.2878
12.6495 -80.0037 23.7593 -0.3323 0.0031 0.9432 0.0078 0.8196
12.8739 105.8893 -23.8008 0.8709 0.0064 -0.4914 0.2380 0.0691
12.8739 105.8893 -23.8008 0.6391 -0.0108 -0.7690 0.2265 0.0732
12.5214 -104.6901 23.8126 -0.4240 -0.0091 0.9056 0.0083 0.9183
13.4789 -101.3608 -0.5146 0.9992 -0.0386 -0.0068 0.3311 0.8976
-12.9944 49.4444 -22.1617 -0.9240 -0.0132 -0.3822 0.6224 0.3018
13.1200 -10.8679 -23.6839 0.4953 -0.0028 -0.8687 0.2274 0.5399
6.3109 -120.1354 -22.8316 -0.0165 -0.6851 -0.7283 0.8417 0.0048
-12.7906 -16.4836 24.4561 -0.7702 0.0135 0.6376 0.1095 0.5657
-12.7906 -16.4836 24.4561 -0.8798 0.0228 0.4748 0.7651 0.2075
2.7788 -104.5309 23.9007 0.0527 -0.1043 0.9932 0.0472 0.9177
-14.0483 -92.6229 -2.7777 -0.9997 0.0158 -0.0179 0.5450 0.8697
-13.7678 -50.1685 8.1268 -0.9999 0.0053 0.0144 0.5014 0.7000
9.7947 -122.1269 -8.9932 0.1352 -0.9905 0.0231 0.9569 0.0586
9.0517 122.8205 23.7637 0.0709 0.2292 0.9708 0.0222 0.0088
9.7864 -34.4856 23.4858 0.0641 -0.0315 0.9974 0.0192 0.6377
5.2259 -54.0543 23.7763 0.0833 -0.0094 0.9965 0.0375 0.7159
-9.5302 -41.3007 24.5507 -0.0021 -0.0047 1.0000 0.0964 0.6649
-12.0705 -55.9937 -23.0405 -0.3888 -0.0094 -0.9213 0.1268 0.7203
-4.8008 -122.6634 -22.8568 0.0663 -0.8247 -0.5617 0.8985 0.0032
13.8429 30.5407 -22.5765 0.9977 0.0056 -0.0676 0.2429 0.3703
-13.4891 111.9299 -5.4557 -0.9697 0.2014 0.1383 0.5557 0.0520
-11.7359 55.5887 24.6323 -0.2216 0.0102 0.9751 0.1053 0.2776
13.4023 -22.2876 -23.4554 0.6883 -0.0057 -0.7254 0.2286 0.5855
14.1785 -61.3861 -15.7165 1.0000 0.0003 0.0004 0.2703 0.7378
13.2743 -92.2143 -23.2372 0.4161 -0.0074 -0.9093 0.2281 0.8651
4.2355 44.9198 -24.6552 0.0054 0.0025 -1.0000 0.1919 0.3169
-11.6373 -31.4492 -22.9907 -0.5439 0.0121 -0.8391 0.1285 0.6222
13.9815 104.8395 8.3292 0.9996 -0.0251 -0.0115 0.3664 0.0733
-13.3560 52.7911 5.3568 -0.9998 0.0033 0.0175 0.5124 0.2884
-11.2396 -8.2426 -23.1894 -0.5531 -0.0093 -0.8331 0.1301 0.5294
-14.0555 -102.0179 -9.6037 -0.9994 0.0033 -0.0341 0.5722 0.9072
13.9128 -87.9205 -9.1479 0.9996 -0.0265 0.0017 0.2965 0.8438
-13.2762 78.8102 -16.8880 -0.9996 0.0049 -0.0272 0.6014 0.1844
13.7745 -13.3334 22.6453 0.9865 -0.0104 0.1632 0.4236 0.5457
7.9416 123.4274 5.1713 0.1221 0.9925 -0.0031 0.6715 0.1169
12.7657 72.3750 24.2031 0.2836 -0.0047 0.9589 0.0073 0.2105
2.1228 22.3383 24.1129 0.0706 -0.0225 0.9972 0.0499 0.4105
-13.2782 72.9452 3.3328 -0.9999 0.0059 0.0157 0.5205 0.2078
-2.2955 118.0014 24.8403 0.0068 0.0417 0.9991 0.0675 0.0281
13.7323 -90.3047 20.9297 0.9979 -0.0026 0.0649 0.4168 0.8534
-11.6157 122.1827 -22.2337 -0.2485 -0.5650 -0.7868 0.1286 0.0080
-13.4414 42.8058 -14.5907 -1.0000 0.0045 -0.0060 0.5922 0.3283
-12.1364 123.8476 22.7780 -0.9842 -0.1249 0.1256 0.4428 0.0043
13.6427 73.5815 -18.6214 0.9994 0.0089 0.0341 0.2587 0.1983
-1.9809 -92.0541 24.3090 0.0591 -0.0922 0.9940 0.0663 0.8678
13.5176 63.9742 -23.3802 0.9182 0.0002 -0.3962 0.2396 0.2367
13.5176 63.9742 -23.3802 0.6944 0.0073 -0.7196 0.2290 0.2407
-12.4100 101.3037 -23.2749 -0.4272 -0.0041 -0.9041 0.1254 0.0915
13.5815 66.0979 23.2760 0.8308 0.0069 0.5565 0.0041 0.2356
13.5815 66.0979 23.2760 0.9697 0.0073 0.2442 0.4262 0.2282
3.0120 -119.7620 -23.1783 -0.0047 -0.7449 -0.6672 0.8285 0.0034
-11.5197 -47.1149 -23.2621 -0.4746 0.0152 -0.8801 0.1290 0.6848
13.2935 77.1743 -9.4083 0.9994 -0.0037 0.0349 0.2955 0.1839
-13.5329 24.8110 -4.0696 -1.0000 0.0055 0.0059 0.5501 0.4002
9.2965 -60.2020 -24.0246 0.1214 -0.0054 -0.9926 0.2122 0.7371
-4.5192 124.4000 20.0257 0.0689 0.9964 0.0487 0.7213 0.1763
-6.7418 88.6570 -24.6678 -0.0603 -0.0014 -0.9982 0.1481 0.1420
-13.4072 83.2504 -2.2751 -0.9997 -0.0207 0.0150 0.5429 0.1666
14.1327 -72.8236 -15.1548 0.9999 -0.0150 0.0009 0.2725 0.7835
-11.0205 118.1027 -24.2589 -0.3993 0.0346 -0.9162 0.1309 0.0243
0.0150 29.3474 24.2296 0.0260 -0.0732 0.9970 0.0583 0.3825
-13.3036 -51.9762 24.0416 -0.9486 -0.0295 0.3150 0.4377 0.7072
2.6514 -7.2150 -24.3484 -0.0265 0.0047 -0.9996 0.1856 0.5253
13.3182 -95.6294 -23.1932 0.4929 -0.0040 -0.8701 0.2282 0.8787
-8.5120 -3.6169 -23.7636 -0.1095 -0.0110 -0.9939 0.1410 0.5109
-5.3316 -43.9411 24.6003 0.0281 0.0174 0.9995 0.0797 0.6755
13.8277 -67.4485 19.5692 0.9987 0.0033 0.0516 0.4113 0.7620
-13.7316 -59.4791 -12.2919 -0.9998 0.0041 -0.0186 0.5830 0.7372
-13.5558 20.3505 -4.8186 -0.9999 0.0044 0.0115 0.5531 0.4181
8.3432 -73.6934 23.3623 0.0061 0.0004 1.0000 0.0250 0.7944
-7.2680 40.6603 24.6320 -0.0142 -0.0152 0.9998 0.0874 0.3373
-13.8361 -63.9742 -1.8199 -1.0000 -0.0002 -0.0093 0.5411 0.7552
5.1609 17.7034 -24.6697 -0.0141 -0.0039 -0.9999 0.1956 0.4257
-13.6172 -119.1474 -12.7468 -0.9827 -0.1827 -0.0302 0.5848 0.9757
13.5174 76.1896 -15.4280 0.9993 -0.0069 0.0365 0.2714 0.1878
13.6201 -97.0613 -6.2847 0.9993 -0.0375 0.0050 0.3080 0.8804
13.6831 39.2864 -16.0611 0.9992 0.0056 0.0404 0.2689 0.3354
-12.4016 -20.9084 24.6180 -0.0379 0.0193 0.9991 0.1079 0.5834
13.6480 62.3486 23.0668 0.9744 0.0022 0.2248 0.4253 0.2432
-13.1071 -76.2993 -22.3530 -0.9868 0.0337 -0.1586 0.6232 0.8044
-6.3270 -123.2819 -15.4938 0.0267 -0.9995 -0.0167 0.8924 0.0327
-13.3554 102.0312 8.0459 -0.9998 0.0103 0.0195 0.5017 0.0916
-12.8267 -44.6578 -22.6444 -0.3007 0.0101 -0.9537 0.1237 0.6750
5.8841 21.6975 -24.6780 0.0127 0.0001 -0.9999 0.1985 0.4097
7.6232 53.2662 -24.5616 0.0954 -0.0037 -0.9954 0.2055 0.2835
14.1571 -47.4495 -11.3376 0.9999 0.0023 0.0132 0.2878 0.6821
13.9741 -16.9423 19.6681 0.9994 -0.0117 0.0339 0.4117 0.5601
-2.5310 -97.9119 24.0714 0.0553 -0.0124 0.9984 0.0685 0.8912
-13.6126 4.1015 -1.5283 -0.9997 0.0179 0.0166 0.5400 0.4830
-13.3448 75.0771 -0.4141 -0.9998 -0.0076 0.0201 0.5355 0.1993
-11.7224 73.2098 24.5469 -0.2778 0.0034 0.9606 0.1052 0.2072
-8.0763 -54.4738 -23.7594 -0.0715 0.0033 -0.9974 0.1427 0.7142
-13.2134 71.3558 8.6155 -0.9997 0.0010 0.0223 0.4994 0.2142
-13.3997 60.8176 -12.1507 -1.0000 0.0009 -0.0082 0.5824 0.2563
-13.3445 43.3528 -19.5405 -0.9988 0.0015 -0.0485 0.6120 0.3261
5.7241 123.4510 23.6528 0.0927 0.8933 0.4397 0.6804 0.1908
-9.3166 2.3537 24.6451 0.0035 -0.0016 1.0000 0.0956 0.4904
11.7866 -55.7962 -23.7304 0.1117 -0.0075 -0.9937 0.2221 0.7195
13.6772 -61.7593 -23.1003 0.9329 -0.0035 -0.3602 0.2408 0.7393
13.6772 -61.7593 -23.1003 0.6274 -0.0166 -0.7785 0.2297 0.7433
1.4654 -123.1338 -3.7398 0.0884 -0.9960 -0.0118 0.9236 0.0796
-13.5348 -17.3782 9.7445 -0.9994 0.0070 0.0329 0.4949 0.5689
5.9335 -104.2656 23.6910 0.1169 -0.0783 0.9901 0.0346 0.9166
-11.7415 -124.7519 21.9330 -0.3117 -0.9424 0.1216 0.8708 0.1823
-11.7415 -124.7519 21.9330 -0.8708 -0.4760 0.1233 0.9550 0.1960
-12.0069 57.9370 24.4599 -0.4362 0.0191 0.8996 0.1063 0.2682
-0.1124 -54.1684 -24.1601 -0.0462 0.0016 -0.9989 0.1746 0.7130
-12.8659 78.2737 16.5984 -0.9991 0.0059 0.0422 0.4675 0.1865
-13.7823 -59.4108 -5.8450 -0.9999 0.0105 -0.0059 0.5572 0.7369
14.0229 -61.4882 9.9508 0.9998 0.0142 0.0132 0.3729 0.7382
-13.9252 -104.5845 19.0274 -0.9985 0.0072 0.0550 0.4578 0.9175
3.2651 -122.9278 -1.5758 0.0971 -0.9952 0.0075 0.9308 0.0883
-9.0506 101.1136 -24.6372 -0.0565 0.0033 -0.9984 0.1388 0.0922
13.8871 -88.9998 -6.6405 0.9997 -0.0243 0.0030 0.3066 0.8482
13.5977 95.4251 19.4132 0.9964 -0.0850 0.0012 0.4107 0.1109
8.9249 -16.5037 23.4378 0.0881 0.0427 0.9952 0.0227 0.5658
-14.1781 -104.0596 -3.2790 -0.9999 -0.0033 -0.0152 0.5470 0.9154
1.1063 -43.1242 24.3262 0.0568 -0.0290 0.9980 0.0539 0.6722
-5.5225 -39.1264 -23.8713 -0.0532 -0.0047 -0.9986 0.1529 0.6528
13.3429 107.0254 24.0885 0.6803 -0.0169 0.7327 0.0050 0.0720
13.5333 14.2003 1.0897 0.9998 0.0137 -0.0165 0.3375 0.4356
-11.7095 20.1380 -23.6257 -0.5514 -0.0291 -0.8337 0.1282 0.4159
9.1443 -30.2852 23.4663 0.0540 0.0038 0.9985 0.0218 0.6209
-13.1399 2.1815 -22.2151 -0.6391 0.0031 -0.7691 0.1225 0.4877
-13.4286 58.0774 -6.2510 -1.0000 0.0041 0.0007 0.5588 0.2673
13.2041 85.9501 -3.1119 0.9997 -0.0205 0.0137 0.3207 0.1488
-4.6886 -119.9444 20.8272 -0.0234 -0.0553 0.9982 0.0771 0.9793
-4.6886 -119.9444 20.8272 -0.0304 -0.7459 0.6654 0.7978 0.1793
-10.4162 -119.9444 20.6647 0.4503 0.2066 0.8687 0.1000 0.9793
9.8691 -85.6690 23.4025 0.0572 0.0178 0.9982 0.0189 0.8423
-1.3484 -25.9982 24.3664 0.0697 0.0361 0.9969 0.0637 0.6037
0.9112 -88.8141 23.8811 0.0726 -0.0224 0.9971 0.0547 0.8548
-13.5291 -86.3170 23.8268 -0.9582 -0.0044 0.2861 0.4386 0.8445
5.7453 -64.2442 23.6362 0.0874 -0.0126 0.9961 0.0354 0.7566
-10.3271 123.8051 24.1423 -0.1957 -0.3223 0.9262 0.0996 0.0049
-12.6872 -114.0905 24.5038 -0.1997 -0.0143 0.9798 0.1091 0.9559
-6.7106 -13.5320 -23.8455 -0.0844 -0.0036 -0.9964 0.1482 0.5505
-13.5070 94.6286 0.6655 -0.9999 -0.0124 0.0119 0.5312 0.1212
8.3070 -91.1331 23.6009 0.1152 -0.0784 0.9902 0.0251 0.8641
-13.3686 -90.9103 -21.6887 -0.9906 0.0092 -0.1364 0.6205 0.8628
-13.6110 -73.3005 -17.2136 -0.9990 0.0032 -0.0453 0.6027 0.7924
-8.3336 -22.0314 24.5287 0.0041 0.0203 0.9998 0.0917 0.5879
9.7665 97.1725 24.3817 0.0456 -0.0023 0.9990 0.0193 0.1114
-9.8728 94.7217 -24.5830 -0.1091 0.0065 -0.9940 0.1355 0.1178
-13.4451 115.9756 -8.7265 -0.9197 0.1928 0.3420 0.5687 0.0358
-13.6038 -118.9641 18.1181 -0.9096 -0.4154 0.0138 0.4614 0.9750
-13.6038 -118.9641 18.1181 0.0136 -0.9999 -0.0039 0.7621 0.1685
13.5006 -118.5053 -23.0879 0.9025 -0.0468 -0.4282 0.2408 0.9661
13.5006 -118.5053 -23.0879 0.4268 0.0101 -0.9043 0.2290 0.9701
7.6325 123.0935 23.7636 0.0487 0.0804 0.9956 0.0278 0.0077
7.6325 123.0935 23.7636 0.1212 0.8352 0.5364 0.6728 0.1913
13.1816 -120.1234 15.9391 0.9536 -0.2969 -0.0495 0.3968 0.9726
13.1816 -120.1234 15.9391 0.8243 -0.5651 -0.0352 0.9704 0.1583
-8.2546 -124.3240 18.8044 0.0964 -0.9953 -0.0128 0.8847 0.1698
-12.7948 -51.4282 -22.9010 -0.3273 0.0739 -0.9420 0.1239 0.7020
-12.5708 -74.7915 -23.2527 0.0957 -0.0953 -0.9908 0.1248 0.7954
13.2884 -5.0870 -23.5736 0.5326 -0.0020 -0.8464 0.2281 0.5168
13.9983 -85.6888 5.5896 0.9999 -0.0088 -0.0058 0.3555 0.8349
-12.7960 34.2817 -22.4627 -0.7276 0.0107 -0.6860 0.1239 0.3594
14.0481 118.9942 13.2065 0.9995 0.0321 -0.0034 0.3859 0.0167
-10.3967 121.5960 24.0905 -0.0608 0.7690 0.6364 0.8812 0.2072
-1.0421 -120.0221 -22.7138 -0.0080 -0.8461 -0.5330 0.8123 0.0053
-12.2436 123.6343 8.8635 -0.9981 0.0587 0.0212 0.4984 0.0052
13.3639 89.8182 -8.7136 0.9997 -0.0166 0.0151 0.2983 0.1334
14.1573 8.6325 16.7330 0.9999 -0.0041 -0.0147 0.4000 0.4579
-12.2956 32.5335 24.4710 -0.6699 -0.0071 0.7424 0.1075 0.3698
-12.5618 -8.3083 24.4685 -0.3719 0.0247 0.9279 0.1086 0.5330
-7.0238 124.2060 -15.4788 0.0414 0.9985 -0.0363 0.7314 0.0344
13.4381 91.3529 23.2481 0.9946 0.0081 0.1032 0.4260 0.1272
9.8323 -57.5773 23.4455 0.0600 0.0032 0.9982 0.0190 0.7300
-13.8104 -47.2681 0.4715 -1.0000 0.0046 0.0035 0.5320 0.6884
-5.1458 -123.6896 -2.0575 0.0540 -0.9984 -0.0159 0.8971 0.0864
-12.9553 -8.1955 23.9164 -0.9973 0.0067 0.0731 0.4382 0.5322
-12.9553 -8.1955 23.9164 -0.8537 0.0266 0.5200 0.1101 0.5326
-12.9553 -8.1955 23.9164 -0.8758 0.0111 0.4826 0.7511 0.2020
4.8518 14.4934 -24.6374 -0.0137 -0.0092 -0.9999 0.1944 0.4385
-2.8596 62.6952 24.7019 0.0068 -0.0096 0.9999 0.0698 0.2492
-12.1330 -85.6912 -23.2412 -0.1966 0.0656 -0.9783 0.1265 0.8390
-5.0773 -24.2904 -23.9153 -0.0656 -0.0020 -0.9978 0.1547 0.5935
-13.5384 20.8050 -17.2566 -0.9999 -0.0016 -0.0148 0.6028 0.4163
-13.1316 -103.4643 24.3521 -0.4633 -0.0147 0.8861 0.1108 0.9134
13.5939 106.3104 -21.7735 0.9946 -0.0033 -0.1042 0.2461 0.0674
13.3915 -22.6840 23.4632 0.6683 0.0215 0.7436 0.0048 0.5905
-12.7959 -48.2692 24.5566 -0.0580 -0.0093 0.9983 0.1095 0.6928
12.6011 -71.1869 23.8006 -0.3290 0.0063 0.9443 0.0080 0.7844
-9.9011 -122.3050 -23.0714 0.0589 -0.0684 -0.9959 0.1354 0.9853
10.7677 -121.8462 5.0184 0.3028 -0.9529 0.0155 0.9608 0.1147
-10.7741 -90.1726 -23.4982 -0.0377 -0.0032 -0.9993 0.1319 0.8569
-13.7845 -52.3385 6.7343 -1.0000 0.0028 0.0090 0.5069 0.7086
-12.0684 -121.8655 -22.0930 -0.9906 0.1118 -0.0783 0.9666 0.3720
12.6276 86.4604 24.2856 0.2430 0.0022 0.9700 0.0079 0.1542
-11.9858 -118.9289 -23.5627 -0.3018 -0.1606 -0.9397 0.1271 0.9718
-10.6881 124.8983 8.5216 0.0125 0.9999 -0.0105 0.7460 0.1303
13.5379 75.4319 22.8272 0.9974 0.0053 0.0722 0.4244 0.1909
-14.1128 -92.6808 6.8525 -0.9999 0.0124 0.0037 0.5065 0.8699
13.8091 114.3541 23.5422 0.8267 0.0015 0.5627 0.0031 0.0427
13.8091 114.3541 23.5422 0.9981 -0.0057 0.0612 0.4272 0.0353
6.4742 -94.2338 23.4902 0.1079 0.0863 0.9904 0.0325 0.8765
-12.0535 -44.9637 -22.8696 -0.4130 0.0115 -0.9106 0.1268 0.6762
-12.2495 -99.9681 24.5951 -0.0981 0.0054 0.9952 0.1073 0.8994
12.8001 -86.0217 -23.4288 0.2085 -0.0142 -0.9779 0.2262 0.8403
6.3230 -108.4349 23.5186 0.0958 0.0033 0.9954 0.0331 0.9333
-0.2678 121.9308 23.8968 -0.0101 0.6404 0.7680 0.8805 0.2477
-6.6369 6.7317 24.4206 0.0085 0.0111 0.9999 0.0849 0.4729
-8.6773 -8.8063 24.6044 0.0380 0.0446 0.9983 0.0930 0.5350
-12.2974 17.4606 -22.8238 -0.6730 -0.0100 -0.7395 0.1258 0.4266
14.0717 -26.4878 -17.2928 0.9998 0.0068 -0.0199 0.2640 0.5983
-13.8370 -21.8603 -12.5937 -1.0000 -0.0039 0.0057 0.5842 0.5868
-12.5400 -14.2383 24.6245 -0.2856 0.0224 0.9581 0.1085 0.5567
-12.6161 -47.6027 24.5479 0.0744 -0.0161 0.9971 0.1088 0.6901
13.9210 -114.1214 -22.3655 0.9888 -0.0276 -0.1466 0.2437 0.9486
0.5966 122.9227 23.9747 -0.0120 -0.5156 0.8567 0.0560 0.0084
13.3141 82.7625 -10.4018 0.9996 0.0005 0.0295 0.2915 0.1616
5.9920 121.2853 24.3645 0.0038 0.4310 0.9024 0.0344 0.0150
5.9920 121.2853 24.3645 0.0149 0.5034 0.8639 0.8823 0.2727
-10.8364 -102.3166 24.5401 0.0887 0.0279 0.9957 0.1017 0.9088
-13.7559 -72.6681 -9.2393 -0.9999 0.0000 -0.0108 0.5708 0.7899
-13.1867 22.9883 -22.0697 -0.9875 0.0007 -0.1574 0.6221 0.4075
-13.1867 22.9883 -22.0697 -0.7091 -0.0150 -0.7049 0.1223 0.4045
-13.3805 -87.7609 24.1615 -0.9520 -0.0221 0.3053 0.4373 0.8502
-13.3805 -87.7609 24.1615 -0.5268 -0.0287 0.8495 0.1118 0.8506
13.7258 108.3950 23.6665 0.7707 -0.0165 0.6370 0.0035 0.0665
13.7258 108.3950 23.6665 0.9881 0.0020 0.1540 0.4277 0.0591
14.1038 15.2097 22.2538 0.9981 0.0076 0.0608 0.4221 0.4316
13.7771 -111.9432 -22.7689 0.9204 -0.0114 -0.3908 0.2421 0.9399
13.7771 -111.9432 -22.7689 0.7150 0.0067 -0.6991 0.2301 0.9439
-7.9929 124.7468 8.9651 0.0512 0.9987 -0.0075 0.7352 0.1321
-12.0654 91.2843 24.4938 -0.4266 0.0122 0.9043 0.1066 0.1349
-8.6426 100.4333 24.7465 -0.0434 -0.0060 0.9990 0.0929 0.0983
-14.0036 -82.7658 5.1189 -0.9999 0.0104 0.0013 0.5134 0.8303
-13.7557 -81.7825 -10.6189 -0.9999 0.0034 -0.0149 0.5763 0.8263
-13.5291 110.0483 -17.3145 -0.9979 -0.0086 -0.0637 0.6031 0.0595
-6.5793 -121.9818 22.4766 -0.0427 0.7398 0.6715 0.0846 0.9874
5.6177 -83.3481 -24.1756 0.0100 -0.0109 -0.9999 0.1975 0.8296
13.3831 93.3043 -2.0932 0.9988 -0.0482 -0.0004 0.3247 0.1194
-13.4460 98.8229 5.9527 -0.9998 0.0106 0.0192 0.5101 0.1044
-13.2664 65.1178 6.3378 -0.9996 0.0192 0.0212 0.5085 0.2391
13.7394 100.1144 23.2849 0.9887 -0.0251 0.1479 0.4262 0.0922
-11.4917 -3.7861 -23.0421 -0.6306 -0.0250 -0.7757 0.1291 0.5116
-13.4986 117.2984 -9.6382 -0.9715 0.1145 0.2075 0.5724 0.0305
6.9405 -121.0560 22.8258 0.1198 0.0285 0.9924 0.0306 0.9837
13.8917 2.4795 -16.5988 0.9999 0.0082 0.0145 0.2668 0.4825
13.5335 -1.7541 23.0831 0.4204 0.0051 0.9073 0.0042 0.5068
-5.1508 -27.2410 24.6546 0.0056 -0.0470 0.9989 0.0789 0.6087
13.8532 121.9192 11.2532 0.8457 0.5335 -0.0101 0.6479 0.1412
13.8532 121.9192 11.2532 0.9973 0.0724 -0.0134 0.3781 0.0050
-11.7206 122.7712 -22.6267 -0.2219 -0.5408 -0.8114 0.1282 0.0057
-13.3152 51.2650 8.3192 -0.9997 0.0003 0.0242 0.5006 0.2945
-13.0968 -38.0406 24.3252 -0.7779 0.0177 0.6281 0.1107 0.6519
-12.3441 58.7431 24.1188 -0.9086 0.0198 0.4172 0.4374 0.2646
-12.3441 58.7431 24.1188 -0.7413 0.0279 0.6706 0.1077 0.2650
-13.4245 72.4996 -10.6510 -0.9999 -0.0035 -0.0096 0.5764 0.2096
13.8982 8.4251 -19.9137 0.9999 -0.0118 0.0026 0.2535 0.4587
-13.7964 -36.9978 0.0994 -0.9999 0.0099 0.0015 0.5335 0.6473
8.9654 0.1416 23.3486 0.0825 -0.0400 0.9958 0.0225 0.4992
-12.8733 -112.9076 -23.6453 -0.2684 0.0093 -0.9633 0.1235 0.9478
13.5251 -98.1749 -23.0411 0.6892 -0.0133 -0.7245 0.2291 0.8889
13.9086 104.0236 5.0390 0.9995 -0.0264 -0.0177 0.3533 0.0766
4.7733 -121.2234 22.8881 -0.0774 0.5291 0.8450 0.0393 0.9844
-13.4186 58.5091 -10.7013 -1.0000 0.0037 -0.0067 0.5766 0.2655
-0.7307 -51.4340 -24.0925 -0.0464 0.0009 -0.9989 0.1721 0.7020
2.8635 -120.4105 -22.3991 -0.0354 -0.1822 -0.9826 0.1865 0.9778
-13.3238 72.1344 -16.3089 -0.9998 0.0045 -0.0198 0.5990 0.2111
-13.7711 -71.2386 -7.9892 -1.0000 -0.0005 -0.0098 0.5658 0.7842
-7.4353 63.7525 24.7289 -0.0099 -0.0098 0.9999 0.0881 0.2450
-11.5547 82.1353 -23.3169 -0.6591 -0.0118 -0.7520 0.1288 0.1681
-11.5547 82.1353 -23.3169 -0.9760 -0.0221 -0.2167 0.6363 0.1020
3.1901 0.8840 23.8206 0.1111 0.0244 0.9935 0.0456 0.4963
13.4026 76.3487 -12.3875 0.9993 -0.0047 0.0381 0.2836 0.1872
-9.7581 -98.7827 -23.5826 -0.0467 0.0047 -0.9989 0.1360 0.8913
-13.3674 64.3888 -2.1761 -0.9999 0.0123 0.0064 0.5425 0.2420
-13.6842 4.4366 -16.9467 -0.9997 0.0085 -0.0250 0.6016 0.4817
13.4479 15.8858 -1.5149 0.9999 0.0152 -0.0036 0.3271 0.4289
12.9534 -35.3437 23.3601 0.2878 -0.2860 0.9140 0.0066 0.6411
-9.2940 81.6645 -24.4938 -0.0738 -0.0138 -0.9972 0.1379 0.1700
8.9161 25.7689 23.6094 0.0501 -0.0378 0.9980 0.0227 0.3968
7.1480 -122.4797 -4.4822 0.1357 -0.9908 -0.0010 0.9463 0.0767
0.6896 -122.4797 22.8861 0.1234 -0.5957 0.7936 0.9205 0.1861
-12.1961 43.3532 -22.9164 -0.9271 -0.0113 -0.3747 0.6347 0.2570
-12.1961 43.3532 -22.9164 -0.6346 -0.0010 -0.7728 0.1262 0.3231
-12.9511 -81.8332 -23.2197 -0.1485 0.0192 -0.9887 0.1232 0.8236
-11.8971 80.4014 24.4804 -0.2110 -0.0004 0.9775 0.1059 0.1784
-12.5992 106.6881 24.0917 -0.9203 -0.0017 0.3912 0.4375 0.0729
-12.5992 106.6881 24.0917 -0.6334 0.0130 0.7737 0.1087 0.0733
-4.7670 30.5485 24.3261 0.1264 0.1274 0.9838 0.0774 0.3777
3.4367 -119.8697 22.6304 -0.0453 -0.9206 0.3879 0.8302 0.1865
12.6206 -75.6787 23.7741 -0.3159 -0.0142 0.9487 0.0079 0.8023
12.2900 93.9285 -24.1719 0.3178 -0.0027 -0.9482 0.2241 0.1210
-11.8756 23.3792 -23.5485 -0.6955 -0.0384 -0.7175 0.1275 0.4030
-1.9346 -123.6115 6.0428 0.0871 -0.9945 -0.0577 0.9100 0.1187
0.4811 -106.4082 23.9660 0.0702 0.0924 0.9932 0.0564 0.9252
14.0623 -25.3069 -7.5660 1.0000 0.0080 0.0051 0.3029 0.5936
13.8011 47.0712 -18.7618 0.9994 -0.0007 0.0354 0.2581 0.3042
-13.4075 61.5810 -4.6426 -1.0000 0.0055 0.0067 0.5524 0.2533
13.7881 8.0514 -16.1485 0.9996 0.0017 0.0279 0.2686 0.4602
-7.0638 -107.6061 24.2328 0.0263 0.0171 0.9995 0.0866 0.9299
14.0211 -26.5511 12.2467 0.9999 -0.0110 0.0116 0.3821 0.5985
2.6443 114.8365 24.7995 0.0283 0.0094 0.9996 0.0478 0.0408
-13.6633 -51.9787 13.6373 -0.9996 0.0055 0.0260 0.4793 0.7072
13.6459 50.7102 -15.9293 0.9984 0.0020 0.0565 0.2694 0.2897
-13.8466 -103.3780 -16.1810 -0.9993 -0.0014 -0.0370 0.5985 0.9127
-12.6405 104.0043 -23.1714 -0.6169 -0.0022 -0.7871 0.1245 0.0807
4.4583 -94.2092 23.7353 0.1106 0.0219 0.9936 0.0405 0.8764
-13.0964 117.8392 10.0446 -0.9918 0.0657 -0.1098 0.4937 0.0284
-13.8425 -94.4056 -15.3833 -0.9996 0.0119 -0.0264 0.5953 0.8768
13.5246 77.6199 14.7209 0.9998 0.0002 -0.0196 0.3920 0.1821
3.3241 121.1883 -23.9999 -0.0044 0.4850 -0.8745 0.1883 0.0120
3.3241 121.1883 -23.9999 -0.0050 0.6988 -0.7153 0.8902 0.2590
12.7603 -120.4298 -1.3958 0.9864 -0.1641 0.0015 0.3275 0.9738
-12.1631 65.1687 24.2882 -0.7983 -0.0109 0.6022 0.1070 0.2393
-11.3104 124.5837 -4.3886 -0.0509 0.9986 -0.0169 0.7485 0.0787
-10.9268 -83.3877 24.5699 0.0149 0.0038 0.9999 0.1020 0.8331
3.7723 -60.7186 23.9565 0.0714 -0.0317 0.9969 0.0433 0.7425
13.2724 121.1767 -23.3126 0.9654 0.2165 -0.1457 0.2399 0.0080
-13.7181 -31.9481 -18.7798 -0.9986 -0.0060 -0.0519 0.6089 0.6271
-12.9113 87.2752 19.1088 -0.9992 -0.0103 0.0398 0.4575 0.1505
13.3584 26.5956 0.1887 0.9998 0.0105 -0.0197 0.3339 0.3861
13.1692 28.3261 -23.7106 0.4667 0.0001 -0.8844 0.2276 0.3832
13.3287 48.5768 -8.6468 0.9992 0.0081 0.0395 0.2985 0.2982
-12.3443 -9.5726 24.5445 -0.0469 0.0363 0.9982 0.1077 0.5381
-13.9821 -106.1202 18.0814 -0.9992 0.0011 0.0393 0.4616 0.9236
-13.7107 -105.2682 22.5024 -0.9978 0.0048 0.0656 0.4439 0.9202
3.0035 -122.8840 -13.8451 0.0742 -0.9970 -0.0228 0.9297 0.0392
7.5250 -121.5732 22.2113 0.2326 -0.8217 0.5203 0.9478 0.1834
13.4524 86.4054 23.5255 0.9586 0.0076 0.2847 0.4271 0.1470
-11.2115 -64.4126 -23.4910 -0.2625 0.0050 -0.9649 0.1302 0.7539
-3.8563 -72.4013 24.2931 0.0376 -0.0114 0.9992 0.0738 0.7892
13.1986 49.2402 -3.4914 0.9999 0.0085 0.0106 0.3192 0.2956
13.7075 43.8142 -16.7379 0.9990 -0.0010 0.0453 0.2662 0.3173
7.6845 -68.7816 23.5619 0.0549 -0.0099 0.9984 0.0276 0.7748
-12.6082 76.5839 -22.6700 -0.4793 -0.0338 -0.8770 0.1246 0.1903
5.3780 -113.9029 23.5045 0.0852 0.0143 0.9963 0.0368 0.9551
-13.0541 7.6140 18.6374 -0.9991 0.0044 0.0418 0.4593 0.4690
-12.8164 77.9079 17.9560 -0.9990 0.0116 0.0426 0.4621 0.1880
-13.1719 73.3467 9.5829 -0.9996 0.0112 0.0278 0.4955 0.2062
-11.9426 -10.6046 -22.5959 -0.2870 -0.0104 -0.9579 0.1273 0.5388
-13.3777 48.4304 3.9969 -0.9998 -0.0002 0.0190 0.5179 0.3058
-13.3749 -22.1582 15.2845 -0.9992 0.0117 0.0381 0.4728 0.5880
-9.2146 -119.2628 -23.4845 0.0057 -0.1792 -0.9838 0.1382 0.9732
-9.2146 -119.2628 -23.4845 -0.0192 -0.6053 -0.7957 0.7797 0.0022
13.4066 90.8588 -10.4352 0.9995 -0.0221 0.0223 0.2914 0.1292
-12.3900 -7.6549 24.4670 -0.0943 0.0208 0.9953 0.1079 0.5304
-13.4035 96.0691 -17.5514 -0.9988 -0.0301 -0.0397 0.6040 0.1154
-13.9524 -114.7467 -7.7374 -0.9991 -0.0351 -0.0242 0.5648 0.9581
14.1283 19.0058 20.1985 0.9998 0.0059 0.0197 0.4139 0.4164
10.7790 -2.5358 23.1768 0.0367 0.0190 0.9991 0.0153 0.5099
-12.9844 111.8574 4.3998 -0.2101 0.8365 -0.5061 0.8185 0.2429
13.8765 19.6554 -18.8322 0.9998 0.0165 0.0120 0.2578 0.4138
13.6921 11.5359 23.0509 0.6766 0.0124 0.7363 0.0036 0.4537
-3.4655 124.5335 11.7852 0.0684 0.9977 0.0030 0.7171 0.1434
13.4763 114.4674 24.0267 0.7227 -0.0050 0.6912 0.0045 0.0422
-9.9005 -65.6583 -23.6367 -0.0931 0.0029 -0.9957 0.1354 0.7589
-12.2465 112.3244 -3.6245 -0.9784 0.1512 0.1409 0.5483 0.0504
-13.3929 77.7412 -5.6175 -1.0000 0.0002 0.0004 0.5563 0.1887
-12.4236 3.4956 24.4260 -0.5995 -0.0418 0.7993 0.1080 0.4858
14.0589 -46.0758 -5.6888 0.9998 -0.0022 0.0205 0.3104 0.6766
7.0630 -120.3869 22.4926 -0.0866 0.1435 0.9859 0.0301 0.9810
-13.7643 -9.8599 -6.2404 -0.9999 0.0035 0.0123 0.5588 0.5388
-12.6401 -117.9091 -23.0808 -0.8513 -0.3681 -0.3738 0.6261 0.9707
-12.6401 -117.9091 -23.0808 -0.6463 -0.0843 -0.7584 0.1245 0.9678
-11.3137 119.1350 -23.9869 -0.7513 0.0013 -0.6600 0.1298 0.0202
-13.6136 13.7405 -19.3835 -0.9993 0.0035 -0.0366 0.6113 0.4445
-13.5772 19.2784 -6.3775 -1.0000 0.0028 0.0095 0.5593 0.4224
-11.8938 29.0566 -23.6971 -0.8914 -0.0133 -0.4531 0.6378 0.3142
-11.8938 29.0566 -23.6971 -0.4569 -0.0071 -0.8895 0.1275 0.3803
-7.4016 -115.2798 24.2614 0.0297 0.0399 0.9988 0.0879 0.9606
-4.1372 -123.6617 3.6066 0.0877 -0.9957 -0.0312 0.9012 0.1090
13.4156 93.3544 1.9482 0.9987 -0.0490 -0.0132 0.3409 0.1192
12.7057 -48.4458 23.9878 -0.2814 -0.0315 0.9591 0.0076 0.6935
2.5747 14.2461 24.1162 0.1245 0.0697 0.9898 0.0481 0.4429
-11.7414 14.8098 -23.4495 -0.6120 -0.0210 -0.7906 0.1281 0.4372
-10.9872 105.9181 -24.4459 -0.1435 -0.0105 -0.9896 0.1311 0.0730
-13.1208 -26.4579 23.7939 -0.9877 0.0082 0.1564 0.4387 0.6052
13.5773 13.5126 -8.3611 0.9997 -0.0047 0.0259 0.2997 0.4384
13.4738 -95.2050 23.2815 0.9157 -0.0004 0.4019 0.4262 0.8730
-8.2305 -123.1561 -17.5082 0.0632 -0.9968 -0.0492 0.8848 0.0246
13.0758 79.8222 -0.5688 1.0000 -0.0065 0.0075 0.3308 0.1733
-13.1680 82.2602 8.1502 -0.9999 -0.0124 0.0119 0.5013 0.1706
-7.3126 -119.3675 -23.4452 -0.0057 -0.4403 -0.8978 0.1458 0.9736
-12.7143 -118.9087 -1.8466 -0.2190 -0.9752 0.0317 0.7657 0.0887
13.4127 90.3609 5.9377 0.9996 -0.0224 -0.0168 0.3568 0.1312
13.9134 -42.5263 -22.5365 0.9916 0.0132 -0.1283 0.2430 0.6624
13.0779 74.5407 1.8374 0.9997 0.0004 -0.0262 0.3405 0.1944
13.6327 82.3336 -22.9405 0.9934 -0.0173 -0.1133 0.2414 0.1633
13.6327 82.3336 -22.9405 0.8533 0.0000 -0.5214 0.2295 0.1673
4.2072 -122.3157 -22.6812 0.0708 -0.9159 -0.3952 0.9345 0.0039
-12.8585 -11.8482 -22.3928 -0.4149 0.0050 -0.9099 0.1236 0.5438
-6.8353 -123.5411 23.1994 0.0030 -0.2698 0.9629 0.0857 0.9936
-6.8353 -123.5411 23.1994 0.0429 -0.6309 0.7747 0.8904 0.1873
-7.7009 -91.8675 24.4777 0.0447 -0.0008 0.9990 0.0891 0.8670
13.3883 -12.7786 -23.4386 0.7259 -0.0035 -0.6878 0.2285 0.5475
13.6109 -104.6729 11.0817 0.9998 -0.0149 -0.0133 0.3774 0.9108
-13.3172 76.1675 1.1332 -0.9997 -0.0053 0.0256 0.5293 0.1949
13.6133 -96.8998 -22.9752 0.7185 -0.0087 -0.6954 0.2294 0.8838
-10.9090 121.5192 -23.6598 -0.2694 0.8352 -0.4794 0.8915 0.2021
3.1135 -39.0439 24.0940 0.0731 -0.0219 0.9971 0.0459 0.6559
-12.0801 65.9253 24.3955 -0.6267 -0.0087 0.7792 0.1066 0.2363
-12.9286 0.8415 -22.3350 -0.4902 -0.0125 -0.8715 0.1233 0.4931
13.2662 55.5642 -8.5487 0.9991 0.0077 0.0419 0.2989 0.2703
-13.6949 -13.6942 -1.1952 -1.0000 0.0004 0.0100 0.5386 0.5542
11.4199 12.4287 23.1619 0.0494 0.0150 0.9987 0.0127 0.4501
11.2262 -121.3629 16.4165 0.3096 -0.9504 0.0300 0.9626 0.1602
-7.2405 -123.8793 3.7777 0.0221 -0.9982 -0.0566 0.8888 0.1097
-7.0451 -123.4205 -8.2898 0.0256 -0.9989 -0.0405 0.8895 0.0615
-12.9701 -62.7144 -22.7844 -0.9542 0.0038 -0.2991 0.6249 0.7501
-12.9701 -62.7144 -22.7844 -0.4989 -0.0508 -0.8652 0.1232 0.7471
7.9968 -97.8348 -23.9641 0.0852 -0.0107 -0.9963 0.2070 0.8875
-13.6990 -74.2481 -14.4958 -0.9999 -0.0040 -0.0119 0.5918 0.7962
-4.5810 5.1161 24.4045 0.0583 0.0517 0.9970 0.0767 0.4794
-5.0950 -111.2693 24.1034 -0.0530 0.0001 0.9986 0.0787 0.9446
-11.8024 -124.2059 22.7819 -0.6448 -0.2901 0.7071 0.1055 0.9963
-11.8024 -124.2059 22.7819 -0.9120 -0.3205 0.2560 0.9572 0.1926
12.7572 122.8845 20.1495 0.2118 0.9773 0.0005 0.6523 0.1768
13.7801 -24.8860 -22.9352 0.9580 0.0056 -0.2867 0.2414 0.5919
13.7801 -24.8860 -22.9352 0.7864 0.0240 -0.6172 0.2301 0.5959
-13.7907 -65.2822 -6.7792 -1.0000 -0.0028 -0.0095 0.5609 0.7604
-12.5065 -25.4099 24.6960 -0.1440 0.0043 0.9896 0.1083 0.6014
-13.4727 32.8189 1.2370 -0.9999 0.0050 0.0097 0.5289 0.3682
-13.3798 44.8251 5.2180 -0.9999 0.0029 0.0125 0.5130 0.3202
-12.1441 116.2336 24.4794 -0.4574 0.0088 0.8892 0.1069 0.0352
-0.5305 56.7204 -24.5899 -0.0269 -0.0125 -0.9996 0.1729 0.2697
-13.4391 -32.5323 16.4571 -0.9995 0.0088 0.0319 0.4681 0.6295
-12.3962 51.8651 24.2169 -0.9050 0.0085 0.4254 0.4370 0.2921
-13.7725 -112.8136 22.7118 -0.9987 -0.0079 0.0503 0.4431 0.9504
-13.6967 5.9442 -15.5398 -1.0000 0.0009 -0.0092 0.5960 0.4757
13.7640 4.7058 6.3029 0.9991 0.0037 -0.0422 0.3583 0.4736
11.0113 123.0051 -19.9520 0.0509 0.9980 -0.0366 0.6593 0.0165
-13.2101 -86.0874 -22.3068 -0.9905 -0.0196 -0.1364 0.6230 0.8435
-13.7397 -51.8644 -12.8756 -1.0000 -0.0010 -0.0053 0.5853 0.7067
-13.5733 -91.8217 -20.1154 -0.9943 0.0056 -0.1064 0.6143 0.8665
-4.9108 123.3592 -23.1478 -0.0244 0.2917 -0.9562 0.1554 0.0033
-4.9108 123.3592 -23.1478 0.0191 0.7619 -0.6474 0.7229 0.0037
-5.5796 -122.8136 23.2390 -0.0083 0.2357 0.9718 0.0807 0.9907
-13.0098 -38.8683 -22.4424 -0.6141 0.0127 -0.7892 0.1230 0.6518
-13.3161 66.8024 0.5050 -0.9999 0.0103 0.0115 0.5318 0.2324
-13.5503 96.9621 -11.4444 -0.9997 -0.0201 -0.0157 0.5796 0.1118
-12.3405 105.8954 24.3267 -0.6738 0.0200 0.7386 0.1077 0.0765
-12.3823 82.0600 -22.8259 -0.4636 -0.0024 -0.8861 0.1255 0.1684
13.7181 36.8533 10.4044 0.9992 0.0089 -0.0399 0.3747 0.3451
13.7026 22.2258 -14.9413 0.9994 0.0087 0.0337 0.2734 0.4035
-11.0534 -124.8630 22.2874 0.0506 -0.9658 0.2542 0.8735 0.1837
-7.6666 124.4365 -4.5436 0.0598 0.9981 -0.0162 0.7339 0.0781
-13.5579 16.2632 -19.8720 -0.9977 0.0118 -0.0674 0.6133 0.4344
-12.4594 94.8934 -23.1885 -0.5989 -0.0562 -0.7989 0.1252 0.1171
13.3549 76.3074 7.8692 0.9993 -0.0001 -0.0386 0.3646 0.1874
13.0908 -31.4992 23.6765 0.3687 0.0013 0.9296 0.0060 0.6257
3.1964 -123.0003 9.6300 0.1323 -0.9911 0.0115 0.9305 0.1331
12.9972 -55.6489 23.8678 0.2785 -0.0220 0.9602 0.0064 0.7223
-13.3502 81.0396 -12.2367 -0.9999 -0.0091 -0.0113 0.5828 0.1755
-12.5082 41.7049 24.1216 -0.9253 0.0197 0.3788 0.4374 0.3327
-12.5082 41.7049 24.1216 -0.7463 0.0003 0.6656 0.1083 0.3331
-1.0707 -123.4784 5.0813 0.0968 -0.9950 -0.0228 0.9134 0.1149
1.5147 -54.4754 -24.2099 -0.0309 -0.0040 -0.9995 0.1811 0.7142
8.7112 -43.0196 23.7306 0.0814 0.0146 0.9966 0.0235 0.6718
-13.4499 -88.1084 -20.7549 -0.9932 0.0143 -0.1154 0.6168 0.8516
-12.7974 -14.2755 -22.4144 -0.3820 0.0020 -0.9241 0.1238 0.5535
12.7473 44.7530 -23.9274 0.2907 -0.0020 -0.9568 0.2260 0.3175
-13.5725 16.8085 -4.9423 -1.0000 0.0022 0.0074 0.5536 0.4322
13.7803 118.2058 23.7114 0.7709 -0.0187 0.6367 0.0033 0.0273
13.7803 118.2058 23.7114 0.9860 0.0016 0.1668 0.4279 0.0199
13.6731 56.6152 -16.8150 0.9986 0.0096 0.0526 0.2659 0.2661
8.9343 123.3047 6.6489 0.1199 0.9928 -0.0029 0.6676 0.1228
-11.0123 -11.3390 -23.3331 -0.3842 -0.0081 -0.9232 0.1310 0.5418
10.0511 -96.8830 23.2269 0.0722 0.0194 0.9972 0.0182 0.8871
0.5612 123.7442 -19.2581 0.0461 0.9974 -0.0549 0.7010 0.0193
-13.2842 -79.6531 -21.6178 -0.9837 0.0080 -0.1795 0.6203 0.8178
-1.3325 74.7764 24.7636 0.0195 -0.0032 0.9998 0.0637 0.2009
12.5725 68.7934 24.1830 0.1619 -0.0118 0.9867 0.0081 0.2248
13.1178 -100.0010 23.7701 0.5889 0.0069 0.8082 0.0059 0.8995
-1.1944 -24.3527 24.4367 0.0779 -0.0175 0.9968 0.0631 0.5972
1.7800 -120.4873 -22.3687 -0.0264 -0.0483 -0.9985 0.1821 0.9781
2.9759 -120.0285 22.0991 -0.0737 -0.9291 0.3624 0.8284 0.1844
-13.2606 98.1016 17.0034 -0.9957 0.0913 0.0174 0.4659 0.1073
-13.3153 103.6395 9.8952 -0.9996 0.0031 0.0282 0.4943 0.0851
-12.9022 99.4389 21.6621 -0.9731 0.2236 -0.0554 0.4473 0.1019
13.6371 -103.6767 20.2022 0.9999 -0.0046 0.0138 0.4139 0.9068
-7.0567 -33.9331 24.5343 0.0085 0.0108 0.9999 0.0866 0.6354
-11.6504 42.8490 -23.8955 -0.5157 -0.0105 -0.8567 0.1284 0.3252
-12.0018 34.6442 -23.4384 -0.8767 0.0046 -0.4811 0.6368 0.2919
-7.0317 -109.4954 -23.7245 -0.0338 0.0014 -0.9994 0.1469 0.9341
-10.1435 -123.2840 23.1063 0.0279 0.1542 0.9876 0.0989 0.9926
-11.5368 -45.8137 -23.2202 -0.5543 0.0156 -0.8321 0.1289 0.6796
-11.6503 65.4342 -23.7301 -0.9559 -0.0019 -0.2936 0.6380 0.1688
-2.8049 120.8973 24.6099 0.0001 0.2904 0.9569 0.0696 0.0165
-13.1585 46.6188 -21.7887 -0.9544 0.0002 -0.2986 0.6209 0.3131
1.5262 -27.2598 24.1153 0.0900 -0.0019 0.9959 0.0522 0.6088
-11.9847 67.3941 24.4621 -0.4856 0.0021 0.8742 0.1063 0.2304
-13.7493 -52.7596 -13.1074 -1.0000 -0.0002 -0.0047 0.5862 0.7103
12.9854 120.9634 -23.8111 0.2838 0.5181 -0.8069 0.2269 0.0129
-13.2872 45.5053 9.7017 -0.9996 -0.0023 0.0294 0.4951 0.3175
8.1849 -122.3389 -6.6745 0.1339 -0.9910 0.0047 0.9504 0.0679
7.9859 -35.7460 -24.2449 0.0746 -0.0061 -0.9972 0.2069 0.6393
13.3564 70.5142 23.7315 0.6711 -0.0036 0.7413 0.0050 0.2179
13.3564 70.5142 23.7315 0.9081 0.0032 0.4187 0.4280 0.2105
13.2098 18.8916 -23.6855 0.5404 -0.0005 -0.8414 0.2278 0.4209
-3.3202 31.7569 24.4589 0.0084 -0.0712 0.9974 0.0716 0.3729
-12.8667 -56.7822 24.5527 0.0597 0.0565 0.9966 0.1098 0.7268
13.5326 78.4383 -15.6552 0.9991 0.0041 0.0422 0.2705 0.1788
1.0566 -109.3087 -23.9751 -0.0113 -0.0131 -0.9999 0.1792 0.9334
7.4349 -120.1216 22.6079 0.0032 -0.5602 0.8284 0.8462 0.1864
7.4349 -120.1216 22.6079 -0.0469 -0.3494 0.9358 0.0286 0.9800
-13.2781 -88.3626 -22.3918 -0.9968 0.0733 0.0323 0.6234 0.8526
-11.0768 122.7682 23.0181 -0.4745 -0.4170 0.7752 0.1026 0.0091
-13.7229 -40.9864 -18.2079 -0.9985 -0.0067 -0.0536 0.6066 0.6633
7.5120 67.3579 24.3787 0.0425 -0.0120 0.9990 0.0283 0.2305
13.5559 -46.1046 15.3185 0.9993 -0.0172 0.0332 0.3943 0.6767
-1.3035 -123.1552 -11.4550 0.0278 -0.9993 -0.0241 0.9125 0.0488
-0.3765 -123.1552 -11.6979 0.0415 -0.9988 -0.0260 0.9162 0.0478
-11.3934 -110.9654 -23.6191 0.0114 0.0015 -0.9999 0.1295 0.9400
-13.2526 -98.5329 -22.2160 -0.9923 -0.0221 -0.1216 0.6227 0.8933
-2.1526 -60.9939 -24.0412 -0.0483 0.0012 -0.9988 0.1664 0.7403
-13.2802 30.6649 11.8357 -0.9994 0.0044 0.0337 0.4865 0.3768
-13.5482 -56.1900 -19.1917 -0.9981 -0.0050 -0.0612 0.6106 0.7240
12.3533 -89.9928 23.4786 -0.5093 -0.0238 0.8602 0.0090 0.8595
-13.5391 99.2493 1.4580 -0.9997 0.0053 0.0236 0.5280 0.1027
13.4947 32.4747 -9.9848 0.9994 0.0039 0.0334 0.2932 0.3626
-10.1545 -123.8475 -1.0402 0.0428 -0.9990 -0.0151 0.8771 0.0904
13.5776 -98.2816 -2.4954 0.9994 -0.0338 -0.0039 0.3231 0.8853
-10.9917 4.9059 24.6249 -0.0032 0.0095 0.9999 0.1023 0.4802
13.5181 -20.5941 -23.3585 0.8683 0.0001 -0.4961 0.2397 0.5747
13.5181 -20.5941 -23.3585 0.6012 -0.0057 -0.7991 0.2290 0.5788
13.7189 22.6467 23.0978 0.2920 -0.0185 0.9562 0.0035 0.4093
13.7189 22.6467 23.0978 0.8710 -0.0160 0.4911 0.4254 0.4019
-13.1843 -87.0924 -22.3826 -0.9919 0.0356 -0.1216 0.6233 0.8476
-13.2789 -94.6614 -22.8400 -0.9817 -0.0704 -0.1770 0.6251 0.8778
10.2704 -121.5178 17.3119 0.1987 -0.9787 0.0515 0.9588 0.1638
-0.6287 -120.2070 -22.4310 -0.0107 -0.4280 -0.9037 0.1725 0.9770
-0.6287 -120.2070 -22.4310 -0.0055 -0.8345 -0.5509 0.8140 0.0064
-4.6880 -123.5093 -6.7059 0.0416 -0.9991 -0.0100 0.8990 0.0678
-13.4998 39.3348 -7.1369 -1.0000 0.0072 0.0053 0.5624 0.3422
6.8188 -32.6958 23.7608 0.0619 -0.0472 0.9970 0.0311 0.6305
12.7035 -52.3107 23.9111 -0.0610 -0.0091 0.9981 0.0076 0.7089
7.1170 -47.1329 23.9310 0.0808 0.0637 0.9947 0.0299 0.6882
13.4572 13.5344 23.0960 -0.0200 -0.0005 0.9998 0.0046 0.4457
-8.2456 -70.4164 -23.7912 -0.0766 -0.0032 -0.9971 0.1420 0.7779
-11.4308 124.8417 4.9745 -0.2650 0.9642 -0.0128 0.7490 0.1161
13.4742 85.4679 -14.3554 0.9991 -0.0052 0.0416 0.2757 0.1507
7.7200 -35.6293 23.5725 0.0901 -0.0050 0.9959 0.0275 0.6422
-11.9117 -123.0539 -18.1777 -0.8978 -0.4399 -0.0218 0.9618 0.3563
-11.9117 -123.0539 -18.1777 -0.3573 -0.9331 -0.0402 0.8701 0.0219
-6.7051 23.1112 24.5177 -0.0422 -0.0464 0.9980 0.0852 0.4074
-12.8904 90.1746 -22.3639 -0.9680 0.0113 -0.2506 0.6232 0.1390
5.5408 123.7292 6.6915 0.1118 0.9937 -0.0012 0.6811 0.1230
-12.7007 -56.4030 -22.8106 -0.3182 -0.0174 -0.9479 0.1242 0.7219
-12.3942 -112.8947 24.5666 -0.0260 -0.0093 0.9996 0.1079 0.9511
13.3839 -120.0512 19.4070 0.9902 -0.1269 -0.0583 0.4107 0.9723
13.3839 -120.0512 19.4070 0.8497 -0.5248 -0.0506 0.9712 0.1722
13.3905 60.3695 23.6423 0.7204 -0.0041 0.6935 0.0048 0.2585
13.5104 -88.8166 23.0766 0.9817 -0.0027 0.1905 0.4254 0.8474
-13.0535 -83.3245 24.3355 -0.2765 -0.0076 0.9610 0.1105 0.8329
11.2514 -121.6500 -22.2956 0.2518 -0.9354 -0.2480 0.9627 0.0055
13.4898 73.3131 12.6612 0.9997 0.0082 -0.0248 0.3837 0.1993
-12.7632 115.7482 -7.6165 -0.8091 0.2926 0.5097 0.5643 0.0367
-11.9424 -87.0856 24.5844 -0.0929 0.0056 0.9957 0.1061 0.8479
3.2635 -122.9140 1.8421 0.1158 -0.9933 -0.0038 0.9308 0.1020
-11.5378 -13.3836 24.5595 0.0289 0.0212 0.9994 0.1045 0.5533
14.0324 -35.8557 -20.0591 0.9993 0.0035 -0.0366 0.2529 0.6357
-12.4501 0.0323 24.3840 -0.4845 0.0032 0.8748 0.1081 0.4997
-8.3013 97.4517 -24.6400 -0.0547 0.0013 -0.9985 0.1418 0.1069
-4.3644 -123.2406 23.1272 0.1273 -0.6896 0.7129 0.9003 0.1870
-4.3644 -123.2406 23.1272 0.0721 -0.3058 0.9494 0.0758 0.9924
-13.4387 10.5053 7.8135 -0.9997 0.0027 0.0224 0.5026 0.4574
-11.8757 59.4478 -23.0881 -0.9426 -0.0140 -0.3335 0.6354 0.1927
-12.8059 22.7349 23.6272 -0.9812 0.0101 0.1929 0.4394 0.4085
13.4535 -117.8069 23.3695 0.7129 -0.0414 0.7001 0.0046 0.9707
-12.7735 -41.4377 24.5980 -0.0869 -0.0076 0.9962 0.1094 0.6654
-12.7856 14.7726 -22.4924 -0.5452 -0.0106 -0.8382 0.1239 0.4374
14.0544 -34.9364 -4.2294 0.9997 -0.0114 0.0233 0.3162 0.6320
-13.2091 -67.6716 24.4365 -0.8662 0.0331 0.4986 0.7733 0.1970
-13.2091 -67.6716 24.4365 -0.4779 -0.0450 0.8773 0.1111 0.7703
-13.7677 -49.3278 -2.7714 -0.9999 -0.0056 -0.0145 0.5449 0.6966
-12.0885 113.0253 24.5148 -0.2712 0.0026 0.9625 0.1067 0.0480
-12.8054 -36.1018 -22.5221 -0.3720 -0.0205 -0.9280 0.1238 0.6407
-13.3726 79.0582 0.4709 -0.9997 -0.0004 0.0227 0.5320 0.1834
13.5869 98.5816 23.6919 0.8304 -0.0389 0.5557 0.0040 0.1057
13.5869 98.5816 23.6919 0.9634 -0.0316 0.2663 0.4278 0.0983
-0.3184 123.5116 24.1524 0.0794 0.2625 0.9617 0.0596 0.0061
-13.1582 -56.0108 -22.2995 -0.9676 -0.0211 -0.2517 0.6230 0.7233
13.2565 86.7005 -5.4465 0.9997 -0.0209 0.0144 0.3113 0.1458
-13.6303 -105.4965 23.6851 -0.9876 -0.0021 0.1569 0.4392 0.9211
-6.1314 124.3713 -4.6274 0.0348 0.9994 -0.0027 0.7278 0.0778
-12.0133 124.4374 22.9856 -0.9815 0.1708 0.0867 0.4420 0.0020
-12.0133 124.4374 22.9856 -0.4395 0.8791 0.1846 0.7513 0.1881
13.1861 -38.3145 22.8555 0.5924 0.0781 0.8018 0.0056 0.6530
13.1861 -38.3145 22.8555 0.9127 0.0333 0.4073 0.4245 0.6456
13.6594 75.1678 -19.5433 0.9999 0.0033 0.0140 0.2550 0.1919
-13.3940 76.3739 -7.7997 -1.0000 0.0050 -0.0028 0.5650 0.1941
12.9144 -61.2643 23.7882 0.1749 -0.0335 0.9840 0.0067 0.7447
13.1208 -116.3210 23.6055 0.0148 -0.0879 0.9960 0.0059 0.9648
13.6605 85.1302 -22.6467 0.9918 0.0188 -0.1268 0.2426 0.1521
-13.8291 -17.9971 -16.3389 -0.9999 0.0002 -0.0133 0.5992 0.5714
-2.7179 -120.4362 20.9071 -0.0630 0.3684 0.9275 0.0692 0.9812
-13.4169 87.8241 3.0668 -0.9997 -0.0130 0.0226 0.5216 0.1484
-3.7647 -29.7012 24.4409 0.0370 -0.0052 0.9993 0.0734 0.6185
-12.4203 112.0141 24.3513 -0.5743 -0.0020 0.8187 0.1080 0.0520
2.7297 -123.0110 -0.6489 0.1135 -0.9935 -0.0026 0.9286 0.0920
-12.5934 118.2337 9.5931 -0.4986 0.2877 -0.8177 0.7906 0.2103
13.7292 105.2117 -19.1589 0.9991 -0.0098 -0.0413 0.2565 0.0718
-11.8616 80.4129 -23.0346 -0.4100 -0.0151 -0.9119 0.1276 0.1750
-11.9973 49.9128 -23.0561 -0.9793 0.0180 -0.2015 0.6353 0.2308
-11.9973 49.9128 -23.0561 -0.7917 0.0568 -0.6083 0.1270 0.2969
-0.2720 -123.3183 -0.7220 0.0891 -0.9956 0.0273 0.9166 0.0917
-12.2661 13.0493 24.5602 -0.3941 0.0242 0.9187 0.1074 0.4476
7.4337 -120.0083 -22.9683 -0.0137 -0.6880 -0.7256 0.8462 0.0042
-12.8976 102.8077 -22.8466 -0.7938 0.0157 -0.6080 0.1234 0.0855
-13.7188 -29.7911 5.6244 -0.9999 0.0044 0.0159 0.5114 0.6185
-10.1964 -120.4010 20.8792 0.3240 0.6261 0.7092 0.0991 0.9811
13.5998 96.6614 23.0743 0.9940 -0.0740 0.0804 0.4253 0.1060
-12.4781 -119.4366 17.5094 -0.9957 -0.0911 0.0164 0.9763 0.2137
-12.4781 -119.4366 17.5094 -0.8617 -0.5072 0.0123 0.7666 0.1660
-12.7178 75.1989 21.1052 -0.9984 -0.0065 0.0570 0.4495 0.1988
13.4430 78.5282 -13.4484 0.9993 0.0069 0.0376 0.2793 0.1785
-10.0508 -37.0051 -23.4724 -0.1221 -0.0023 -0.9925 0.1348 0.6444
13.5544 122.1622 -2.3626 0.7973 0.6034 -0.0147 0.6491 0.0868
13.5544 122.1622 -2.3626 0.9964 0.0827 -0.0188 0.3237 0.0041
11.4040 92.4155 24.3366 0.0369 -0.0048 0.9993 0.0128 0.1304
14.1615 -54.6667 -10.2494 0.9999 0.0046 0.0126 0.2921 0.7109
-12.0717 25.8836 -23.3851 -0.8961 0.0122 -0.4436 0.6366 0.3269
12.0888 -121.4474 -7.1860 0.4487 -0.8935 0.0170 0.9660 0.0659
-13.8975 -73.0752 0.5052 -0.9999 0.0079 -0.0091 0.5318 0.7915
-11.4547 79.6173 -23.5051 -0.9792 -0.0082 -0.2028 0.6371 0.1121
-11.0593 -20.3054 -23.3444 -0.4653 0.0081 -0.8851 0.1308 0.5776
13.2087 -78.1736 23.6549 0.7064 0.0016 0.7078 0.0055 0.8123
-13.4742 31.6779 -16.9191 -0.9999 0.0030 -0.0155 0.6015 0.3728
9.9102 87.1477 24.3806 0.0414 0.0096 0.9991 0.0187 0.1514
-12.1490 82.7701 24.3828 -0.8635 -0.0684 0.4997 0.4364 0.1686
-12.1490 82.7701 24.3828 -0.5220 -0.0009 0.8530 0.1069 0.1689
-5.4843 58.2204 24.6770 -0.0036 0.0007 1.0000 0.0803 0.2671
-12.1052 112.2944 4.2667 -0.9999 0.0109 -0.0117 0.5168 0.0505
-12.1052 112.2944 4.2667 -0.7895 0.5661 -0.2373 0.8150 0.2424
-13.3430 61.3010 -16.8813 -0.9998 0.0022 -0.0182 0.6013 0.2544
13.9521 -86.6592 -10.3327 0.9997 -0.0254 0.0065 0.2918 0.8388
-13.1063 -31.1696 24.1879 -0.9843 0.0348 0.1728 0.4372 0.6240
-13.1063 -31.1696 24.1879 -0.7652 -0.0102 0.6437 0.1107 0.6244
-14.1366 -99.4844 -3.8644 -0.9998 0.0129 -0.0151 0.5493 0.8971
-8.0538 -57.8231 -23.7647 -0.0580 0.0006 -0.9983 0.1428 0.7276
5.4344 -121.3929 22.9128 0.0722 -0.2763 0.9584 0.0366 0.9851
13.6310 34.5830 23.2745 0.4623 -0.0172 0.8865 0.0039 0.3616
13.6310 34.5830 23.2745 0.8904 -0.0080 0.4551 0.4261 0.3542
12.8339 60.3193 24.0147 0.3116 -0.0122 0.9501 0.0070 0.2587
13.1394 -71.2636 23.7879 0.5166 0.0026 0.8562 0.0058 0.7847
13.3913 -50.1217 -23.4311 0.5393 0.0097 -0.8420 0.2285 0.6968
-13.2257 -63.3075 -21.8128 -0.9830 0.0027 -0.1835 0.6210 0.7525
13.4617 84.9483 12.6796 0.9998 0.0061 -0.0185 0.3838 0.1528
13.7694 -51.6090 -23.0556 0.9438 -0.0129 -0.3304 0.2409 0.6987
13.7694 -51.6090 -23.0556 0.7069 -0.0027 -0.7074 0.2300 0.7027
-12.9754 -117.5966 -22.6206 -0.9040 -0.2287 -0.3612 0.6243 0.9695
-12.9754 -117.5966 -22.6206 -0.8148 -0.0212 -0.5793 0.1231 0.9665
-12.0980 44.1074 24.4996 -0.5479 0.0044 0.8365 0.1067 0.3235
-13.7532 -35.0197 4.3746 -0.9999 0.0043 0.0095 0.5164 0.6394
-2.3097 -120.8521 21.2945 -0.0622 0.7477 0.6612 0.0676 0.9829
11.0755 122.0768 -23.6067 0.0260 0.1900 -0.9814 0.2193 0.0084
-12.5530 120.8514 22.3055 -0.9824 0.1188 -0.1439 0.4447 0.0163
14.1477 -70.5530 -15.6863 1.0000 -0.0051 -0.0032 0.2704 0.7744
-1.3254 -122.8436 -20.8395 0.0102 -0.9998 -0.0186 0.9124 0.0113
-13.7130 -119.1211 2.7503 0.1116 -0.9937 -0.0054 0.7617 0.1070
-11.8960 53.7371 -23.4212 -0.9366 0.0293 -0.3492 0.6367 0.2155
-2.4553 -31.4203 24.4258 0.1111 0.0758 0.9909 0.0682 0.6254
-12.8195 -47.7121 -22.6450 -0.3877 -0.0082 -0.9218 0.1238 0.6872
-13.2916 61.9822 6.6951 -0.9998 0.0080 0.0171 0.5071 0.2517
-12.1683 49.2552 -22.8950 -0.7214 0.0169 -0.6923 0.1264 0.2995
-12.7575 19.9282 23.8716 -0.9843 -0.0049 0.1767 0.4384 0.4198
-13.4859 29.3000 1.9064 -0.9999 0.0034 0.0096 0.5262 0.3823
-12.5534 40.5986 24.0676 -0.9696 -0.0017 0.2448 0.4376 0.3371
-12.5534 40.5986 24.0676 -0.7576 -0.0034 0.6528 0.1085 0.3375
-12.7036 107.1178 21.1561 -0.9982 0.0011 0.0593 0.4493 0.0712
13.2233 84.6390 4.4267 0.9992 -0.0179 -0.0362 0.3508 0.1541
14.1369 -58.5636 -21.0650 0.9979 0.0105 -0.0638 0.2489 0.7265
-13.2249 84.3312 8.8486 -0.9994 -0.0285 0.0210 0.4985 0.1623
13.8075 -110.1598 -22.7382 0.8742 -0.0066 -0.4855 0.2422 0.9327
13.8075 -110.1598 -22.7382 0.7100 0.0014 -0.7042 0.2302 0.9368
-13.9408 -89.3454 -5.3192 -0.9997 0.0172 -0.0200 0.5551 0.8566
-0.8025 -105.5197 -23.9653 -0.0318 -0.0065 -0.9995 0.1718 0.9182
-13.9006 -72.5286 2.8282 -1.0000 0.0084 -0.0017 0.5225 0.7893
-4.5485 -123.6136 1.1883 0.0808 -0.9960 0.0372 0.8995 0.0993
13.6460 -48.2339 12.2176 0.9994 0.0092 0.0332 0.3819 0.6852
-11.1045 121.4390 -22.2738 -0.3125 0.9427 -0.1173 0.8971 0.2013
-11.1045 121.4390 -22.2738 -0.3918 0.2660 -0.8807 0.1306 0.0110
-10.7606 -120.1791 21.0609 0.4788 0.5290 0.7007 0.1014 0.9802
-12.1814 121.8978 9.8851 -0.9979 0.0577 -0.0298 0.4943 0.0121
8.0405 15.2251 -24.5891 0.0642 -0.0047 -0.9979 0.2071 0.4356
-2.4619 -46.6011 -24.0238 -0.0517 0.0039 -0.9987 0.1652 0.6827
-12.4922 121.4858 -9.2803 -0.6822 0.7302 0.0381 0.9490 0.1958
-12.4922 121.4858 -9.2803 -0.9911 0.0356 0.1279 0.5709 0.0138
-13.5622 -71.5504 -18.1592 -0.9986 0.0025 -0.0529 0.6064 0.7854
-13.4631 48.4069 -5.9014 -1.0000 0.0011 0.0009 0.5574 0.3059
-8.3059 122.7575 23.8171 0.1004 -0.5816 0.8072 0.0916 0.0091
-12.5067 29.6114 -22.7468 -0.7412 -0.0033 -0.6713 0.1250 0.3781
-13.7752 -34.9087 -2.7734 -0.9998 0.0175 0.0048 0.5449 0.6390
13.9386 -96.9058 -19.0336 0.9999 -0.0060 0.0137 0.2570 0.8798
-13.8499 -73.1162 -2.4647 -0.9998 0.0054 -0.0167 0.5437 0.7917
-1.3470 -87.7568 24.1922 0.0700 -0.0849 0.9939 0.0637 0.8506
13.6056 68.2588 23.0276 0.9966 0.0077 0.0825 0.4252 0.2195
-8.2195 -71.4050 24.5404 0.0346 0.0258 0.9991 0.0912 0.7852
-13.5666 18.5040 -16.4891 -0.9998 0.0176 -0.0122 0.5998 0.4255
13.8338 -0.1017 22.9039 0.4910 -0.0086 0.8711 0.0030 0.5002
13.8338 -0.1017 22.9039 0.9349 0.0056 0.3547 0.4247 0.4928
-13.2954 68.0101 -18.1057 -0.9992 0.0075 -0.0387 0.6062 0.2276
-13.4026 76.4846 -4.0539 -1.0000 0.0003 -0.0036 0.5501 0.1937
14.0211 -65.9382 12.7744 0.9998 0.0076 0.0209 0.3842 0.7560
3.2435 -101.2096 -24.0548 -0.0059 -0.0099 -0.9999 0.1880 0.9010
12.8438 -75.5583 -23.5459 0.2636 -0.0081 -0.9646 0.2263 0.7985
13.6205 37.1967 23.3365 0.4207 -0.0120 0.9071 0.0039 0.3511
13.6205 37.1967 23.3365 0.8820 -0.0040 0.4712 0.4264 0.3437
-13.5311 28.2644 -13.2263 -0.9999 0.0139 -0.0079 0.5867 0.3864
13.7085 37.4200 -16.3165 0.9991 0.0096 0.0404 0.2679 0.3428
-12.7010 28.7237 23.8331 -0.9675 0.0046 0.2528 0.4386 0.3846
-13.5394 94.7775 -2.4764 -0.9999 -0.0150 0.0051 0.5437 0.1206
-12.0571 -120.2920 -18.8669 -0.9949 0.0867 -0.0519 0.9729 0.3591
7.2225 -122.4350 0.7154 0.1369 -0.9905 0.0115 0.9466 0.0974
0.6592 25.4932 -24.6249 -0.0364 0.0121 -0.9993 0.1776 0.3945
13.7722 103.8155 -15.8781 0.9999 -0.0150 -0.0015 0.2696 0.0774
-8.7852 -118.6464 -23.5888 -0.0229 -0.0749 -0.9969 0.1399 0.9707
8.3293 -42.0804 -24.1666 0.0743 -0.0158 -0.9971 0.2083 0.6646
13.9962 -55.2006 1.5088 0.9999 0.0102 0.0124 0.3391 0.7131
10.2639 -65.2800 23.3907 0.0096 -0.0148 0.9998 0.0173 0.7608
13.5900 84.5420 -17.3353 0.9995 -0.0015 0.0301 0.2638 0.1544
13.3676 50.9090 23.6123 0.4668 -0.0042 0.8844 0.0049 0.2963
13.3676 50.9090 23.6123 0.8723 0.0121 0.4888 0.4275 0.2889
2.1247 -119.5370 23.0512 -0.0057 -0.7011 0.7130 0.8250 0.1882
-12.7298 81.4554 19.8444 -0.9990 -0.0088 0.0449 0.4545 0.1738
-13.7999 -49.7273 4.7635 -1.0000 0.0032 0.0068 0.5148 0.6982
-13.1189 21.9167 -22.2060 -0.9425 -0.0117 -0.3339 0.6226 0.4118
-13.1189 21.9167 -22.2060 -0.6404 0.0380 -0.7671 0.1226 0.4088
13.1754 -97.1687 23.6937 0.4832 -0.0033 0.8755 0.0057 0.8882
-13.2668 -119.4902 -17.1437 -0.5618 -0.8269 -0.0240 0.7635 0.0275
13.2041 -65.5928 23.6730 0.6712 0.0028 0.7413 0.0056 0.7620
-13.8936 -88.3010 -6.9354 -0.9997 0.0161 -0.0175 0.5616 0.8524
-12.3171 123.9245 -1.7167 -0.9623 0.2719 0.0128 0.5407 0.0040
13.8921 5.3569 -20.6453 0.9998 0.0161 -0.0137 0.2506 0.4710
13.1971 -33.1847 23.5564 0.7774 0.0074 0.6289 0.0056 0.6325
13.7771 98.0315 8.1825 0.9992 -0.0394 -0.0112 0.3658 0.1005
-12.2907 119.3505 9.6478 -0.9146 0.0982 -0.3922 0.4953 0.0223
-12.2907 119.3505 9.6478 -0.6641 0.1302 -0.7362 0.7918 0.2058
-13.2772 71.3389 4.4591 -0.9999 0.0064 0.0158 0.5160 0.2142
-12.8882 96.4327 24.0053 -0.9211 -0.0270 0.3884 0.4379 0.1139
-12.8882 96.4327 24.0053 -0.7573 -0.0354 0.6521 0.1099 0.1143
14.0163 -47.4449 -4.0714 0.9998 0.0031 0.0192 0.3168 0.6821
-13.5215 33.1843 -10.6170 -1.0000 0.0028 -0.0017 0.5763 0.3668
-3.3994 38.3291 -24.4737 -0.0420 0.0007 -0.9991 0.1614 0.3432
12.8301 -44.4559 23.9910 0.3401 -0.0028 0.9404 0.0071 0.6775
5.5291 -68.0619 23.7736 0.0851 -0.0485 0.9952 0.0362 0.7719
12.6298 21.9584 -23.9425 0.2770 -0.0043 -0.9609 0.2255 0.4087
13.4707 -118.0395 18.0865 0.9989 -0.0358 -0.0305 0.4054 0.9642
-12.4244 122.8120 -22.2435 -0.9377 -0.2649 -0.2248 0.6228 0.0085
-12.4244 122.8120 -22.2435 -0.5845 -0.4422 -0.6803 0.1253 0.0055
-12.2847 -122.2401 6.9648 -0.9971 -0.0764 -0.0036 0.9651 0.2558
-13.7106 112.2871 -13.2498 -0.9998 -0.0081 -0.0155 0.5868 0.0506
1.5517 -123.0067 18.3257 0.1619 -0.9861 0.0379 0.9239 0.1678
5.5227 -89.2552 23.5593 0.0645 0.0081 0.9979 0.0363 0.8566
13.2617 20.7865 -23.6504 0.6031 0.0037 -0.7976 0.2280 0.4133
14.0348 116.6199 5.6645 0.9996 0.0240 -0.0161 0.3558 0.0262
-13.5443 20.2559 -18.8756 -0.9995 0.0121 -0.0296 0.6093 0.4184
13.3106 73.7663 -10.5906 0.9994 -0.0067 0.0351 0.2908 0.1975
13.0451 -66.3558 23.7835 0.3865 0.0051 0.9223 0.0062 0.7651
-13.1822 101.9605 -21.7485 -0.9961 -0.0049 -0.0882 0.6208 0.0918
13.0822 -40.2329 23.3124 0.1977 0.3732 0.9064 0.0061 0.6606
13.0822 -40.2329 23.3124 0.8793 0.2655 0.3955 0.4263 0.6532
-13.2805 -92.7534 -22.1970 -0.9813 0.0388 -0.1885 0.6226 0.8702
13.9432 -79.2791 -22.4809 0.9698 -0.0066 -0.2438 0.2432 0.8093
-11.7128 -119.1443 22.0739 -0.0063 -0.9965 0.0830 0.7697 0.1843
-8.9895 124.5121 -5.5907 0.0479 0.9987 -0.0143 0.7392 0.0739
11.3784 31.6345 23.5511 0.0535 -0.0161 0.9984 0.0129 0.3733
-12.3343 -96.2912 24.5687 -0.1629 0.0067 0.9866 0.1077 0.8847
0.2221 121.2098 -23.9991 -0.0048 0.7421 -0.6703 0.8902 0.2466
0.2221 121.2098 -23.9991 -0.0019 0.4603 -0.8878 0.1759 0.0119
-10.7983 -6.3297 -23.4180 -0.2987 -0.0072 -0.9543 0.1318 0.5217
-0.1397 25.9995 24.3599 0.1117 0.0691 0.9913 0.0589 0.3959
13.8679 -59.3284 15.9707 0.9993 0.0224 0.0300 0.3970 0.7296
-13.4268 49.4615 -15.3977 -1.0000 0.0031 -0.0043 0.5954 0.3017
-13.0342 78.4416 13.1894 -0.9988 -0.0015 0.0483 0.4811 0.1859
-3.7312 57.8240 -24.5157 -0.0371 -0.0107 -0.9993 0.1601 0.2653
-13.7745 -83.2421 -9.5114 -0.9998 0.0046 -0.0210 0.5719 0.8322
-13.7488 -27.4448 -2.0637 -1.0000 -0.0001 -0.0012 0.5421 0.6091
13.8319 -104.4299 -18.9463 0.9992 -0.0122 0.0369 0.2574 0.9098
13.1469 -114.0565 23.7514 0.1180 -0.0240 0.9927 0.0058 0.9557
11.2328 123.0069 22.5953 0.0885 0.9958 0.0241 0.6584 0.1866
1.2520 -119.8366 22.4994 -0.0456 -0.9643 0.2610 0.8215 0.1860
13.4002 61.5277 -12.5460 0.9988 0.0060 0.0492 0.2830 0.2464
14.0167 -73.2798 13.1304 0.9998 -0.0038 0.0215 0.3856 0.7853
4.5570 123.8198 12.4378 0.0994 0.9950 -0.0011 0.6851 0.1460
-12.1563 -122.8118 -12.4141 -0.9695 -0.2444 -0.0187 0.9628 0.3333
-11.7014 43.8859 -23.8776 -0.5283 -0.0103 -0.8490 0.1282 0.3210
-12.8563 -91.7736 -23.2137 -0.6296 -0.1673 -0.7587 0.1236 0.8633
-0.6490 122.2017 23.6792 -0.0158 0.6105 0.7919 0.8796 0.2462
-0.6490 122.2017 23.6792 -0.0283 0.4322 0.9013 0.0609 0.0113
13.6232 10.4763 -11.2493 0.9997 0.0066 0.0238 0.2881 0.4505
-13.1233 30.1375 -22.0928 -0.9356 -0.0129 -0.3528 0.6222 0.3789
-13.1233 30.1375 -22.0928 -0.7245 0.0033 -0.6893 0.1225 0.3760
-5.7699 -45.5759 24.5024 0.0480 -0.0219 0.9986 0.0814 0.6820
-5.8604 -81.9415 24.3843 0.0267 -0.0008 0.9996 0.0818 0.8274
-12.9850 -69.0242 24.4785 0.0399 0.0219 0.9990 0.1103 0.7757
-9.3325 -110.9409 24.4924 -0.0291 0.0175 0.9994 0.0957 0.9433
13.9995 27.2355 22.4311 0.9935 0.0108 0.1132 0.4228 0.3835
14.0483 106.8225 14.4932 0.9999 -0.0135 0.0059 0.3910 0.0654
-11.4752 123.1936 23.1562 -0.4813 -0.6323 0.6070 0.1042 0.0074
-10.7119 123.1936 23.5821 -0.3326 -0.5881 0.7373 0.1012 0.0074
13.2671 81.4997 -8.3205 0.9997 -0.0007 0.0238 0.2998 0.1666
-11.9253 -120.9409 -21.4991 -0.9873 0.1324 -0.0874 0.9703 0.3696
8.7359 -122.1856 2.7871 0.1543 -0.9879 0.0124 0.9526 0.1057
13.4837 -17.0069 23.2481 0.6825 0.0031 0.7309 0.0044 0.5678
13.1142 6.0686 23.3212 0.0939 -0.0152 0.9955 0.0059 0.4755
8.0297 -100.3422 23.4674 0.0879 -0.0709 0.9936 0.0262 0.9009
12.9982 -111.3259 23.7095 -0.0594 0.0171 0.9981 0.0064 0.9448
-9.2431 -57.3501 24.4321 0.0181 0.0133 0.9997 0.0953 0.7291
13.2915 84.0046 23.8769 0.7100 -0.0193 0.7040 0.0052 0.1640
13.2915 84.0046 23.8769 0.9068 0.0009 0.4215 0.4286 0.1566
14.1199 -36.0112 -7.6813 0.9999 -0.0018 0.0145 0.3024 0.6363
13.6568 73.3422 -22.8933 0.9885 0.0199 -0.1500 0.2416 0.1992
12.7441 53.3738 23.9149 0.1853 -0.0131 0.9826 0.0074 0.2864
13.6755 24.8067 23.1674 0.5216 -0.0111 0.8531 0.0037 0.4006
13.9816 119.5063 8.9657 0.9987 0.0493 -0.0140 0.3689 0.0147
-13.2341 104.8001 -21.2666 -0.9972 -0.0042 -0.0753 0.6189 0.0805
-9.2915 -122.5899 22.7930 0.0154 0.5287 0.8487 0.0955 0.9898
14.0059 -36.8160 -3.1954 0.9998 -0.0080 0.0163 0.3203 0.6396
-3.1877 -123.3758 -4.5509 0.0727 -0.9973 0.0141 0.9050 0.0764
-13.4178 56.5403 0.1985 -0.9999 0.0117 0.0099 0.5331 0.2734
13.7178 -100.3070 12.9718 0.9997 -0.0252 -0.0016 0.3850 0.8934
-11.7696 41.0547 -23.8079 -0.6535 -0.0041 -0.7569 0.1280 0.3323
-13.5723 26.6893 -7.9435 -0.9999 0.0079 0.0072 0.5656 0.3927
10.6249 -121.6448 12.1864 0.2355 -0.9715 0.0280 0.9602 0.1433
14.0715 -60.6570 -2.7455 0.9999 0.0050 0.0139 0.3221 0.7349
-6.6543 -122.0182 -23.0805 -0.0097 0.0753 -0.9971 0.1484 0.9842
-11.9629 85.4557 -23.1803 -0.3581 -0.0585 -0.9319 0.1272 0.1548
-2.2244 -123.2436 -9.9540 0.0283 -0.9981 -0.0554 0.9088 0.0548
6.6557 123.0146 -22.9769 0.0468 0.9454 -0.3226 0.6767 0.0044
-8.7228 31.3823 24.6312 0.0178 0.0292 0.9994 0.0932 0.3744
3.0249 -122.8041 -15.0403 0.0734 -0.9960 -0.0515 0.9298 0.0345
-12.5402 79.7678 -22.8093 -0.5106 0.0021 -0.8598 0.1249 0.1776
5.6298 -93.3652 23.5106 0.1380 -0.0224 0.9902 0.0358 0.8730
-11.4772 101.6768 -23.7490 -0.8134 0.0067 -0.5817 0.1291 0.0900
-11.4772 101.6768 -23.7490 -0.9115 0.0039 -0.4114 0.6380 0.0239
-13.5728 -51.9526 -19.1333 -0.9969 -0.0020 -0.0782 0.6103 0.7071
13.9871 -18.1813 -19.4303 0.9996 0.0065 -0.0274 0.2554 0.5651
13.6170 61.6285 -16.5495 0.9986 0.0048 0.0534 0.2670 0.2460
1.2184 -62.1164 24.0445 0.0700 0.0086 0.9975 0.0535 0.7481
-13.2682 -23.8433 -22.1730 -0.9039 -0.0124 -0.4276 0.6225 0.5947
-13.2682 -23.8433 -22.1730 -0.5906 0.0111 -0.8069 0.1220 0.5917
-13.8415 -104.7604 -16.2331 -0.9994 0.0066 -0.0354 0.5987 0.9182
13.2996 111.8167 24.1340 0.5087 -0.0032 0.8609 0.0052 0.0528
-12.7508 -104.3209 -23.3991 -0.8287 -0.2578 -0.4967 0.6274 0.9164
-12.7508 -104.3209 -23.3991 -0.4788 -0.0705 -0.8751 0.1240 0.9134
-10.8126 -119.4005 21.1205 0.1689 -0.8656 0.4713 0.7733 0.1805
9.9358 123.1352 0.8964 0.1195 0.9927 -0.0154 0.6636 0.0998
-4.7266 -104.7136 24.3057 0.0243 0.0324 0.9992 0.0772 0.9184
-12.6590 108.3904 22.2479 -0.9918 0.0015 -0.1278 0.4449 0.0661
13.1521 1.1474 -23.6805 0.4926 0.0030 -0.8703 0.2276 0.4918
-13.7574 -49.5378 -11.9012 -1.0000 0.0091 -0.0035 0.5814 0.6974
-13.0971 20.6061 -22.2691 -0.9308 0.0168 -0.3651 0.6229 0.4170
-13.0971 20.6061 -22.2691 -0.6104 -0.0006 -0.7921 0.1226 0.4141
-11.9728 124.3958 -2.6189 -0.6025 0.7981 -0.0096 0.7511 0.0858
13.5019 85.6120 15.3373 0.9998 0.0083 -0.0160 0.3944 0.1502
11.9623 -54.6678 23.4995 -0.3129 -0.0266 0.9494 0.0105 0.7183
1.5858 124.0031 19.5782 0.0858 0.9959 0.0282 0.6969 0.1745
-13.4496 54.0697 -8.8413 -1.0000 0.0050 -0.0025 0.5692 0.2833
-13.3712 39.3568 6.7138 -0.9999 0.0062 0.0116 0.5070 0.3421
-12.9693 25.1028 -22.4194 -0.7448 0.0055 -0.6673 0.1232 0.3961
-13.3281 -96.5580 -21.9212 -0.9934 0.0062 -0.1142 0.6215 0.8854
-7.7227 122.8438 -23.0022 -0.0554 -0.2852 -0.9569 0.1441 0.0054
-13.4109 82.7685 -6.4466 -0.9998 -0.0193 0.0014 0.5596 0.1686
13.7640 2.1791 23.0042 0.6496 -0.0120 0.7602 0.0033 0.4911
-13.4301 56.9737 -4.4871 -1.0000 0.0058 0.0013 0.5518 0.2717
-13.7529 -3.2340 -8.3871 -1.0000 0.0030 0.0066 0.5674 0.5123
13.5883 -106.2304 10.6941 0.9997 -0.0095 -0.0203 0.3759 0.9170
13.6125 78.1620 -22.9938 0.9953 -0.0017 -0.0966 0.2412 0.1799
13.6125 78.1620 -22.9938 0.8585 0.0284 -0.5120 0.2294 0.1840
-13.4493 54.4055 -4.7088 -1.0000 0.0060 0.0008 0.5527 0.2819
14.0826 -42.1092 -8.2318 0.9999 0.0057 0.0087 0.3002 0.6607
-13.7468 -57.9095 -10.9704 -0.9999 -0.0063 -0.0152 0.5777 0.7309
-7.6544 -0.2574 -23.8605 -0.0780 -0.0072 -0.9969 0.1444 0.4975
11.8171 -114.8926 23.3297 -0.1437 -0.0092 0.9896 0.0111 0.9591
12.6006 -5.5060 23.1816 0.0029 0.0001 1.0000 0.0080 0.5218
13.8319 -1.6852 7.2506 0.9994 0.0102 -0.0344 0.3621 0.4991
-7.0637 -56.8337 24.5959 -0.0488 -0.0504 0.9975 0.0866 0.7270
13.7845 97.6610 10.6818 0.9991 -0.0428 -0.0074 0.3758 0.1020
-13.7487 -52.7638 -9.3433 -1.0000 0.0002 0.0004 0.5712 0.7103
3.2680 -121.5242 22.9240 -0.0522 0.3778 0.9244 0.0453 0.9856
11.9913 -88.3826 23.3289 -0.2626 -0.0109 0.9649 0.0104 0.8531
-11.4158 -123.2084 -18.9992 -0.2634 -0.9638 -0.0419 0.8721 0.0186
-13.7303 -69.7047 -10.9573 -0.9998 0.0087 -0.0157 0.5776 0.7781
-13.4337 56.2163 -1.9037 -1.0000 0.0070 0.0033 0.5415 0.2747
-13.4093 52.9135 2.6994 -0.9999 0.0019 0.0166 0.5231 0.2879
5.7357 -79.0037 23.7046 0.0731 0.0331 0.9968 0.0354 0.8156
-13.5195 -119.0657 5.8087 0.2871 -0.9578 0.0107 0.7625 0.1193
-6.5360 -119.9370 20.8602 0.0313 -0.1802 0.9831 0.0845 0.9792
-12.2256 15.2901 -22.8626 -0.6713 -0.0156 -0.7410 0.1261 0.4353
13.3199 -53.7714 23.5023 0.7959 0.0153 0.6052 0.0051 0.7148
13.3199 -53.7714 23.5023 0.9935 0.0377 0.1076 0.4271 0.7073
-8.4636 -117.2884 24.2634 0.0301 -0.1427 0.9893 0.0922 0.9687
-12.8757 97.8930 24.0986 -0.9060 0.0084 0.4233 0.4375 0.1081
-12.8757 97.8930 24.0986 -0.5930 0.0059 0.8052 0.1098 0.1085
-4.2158 -95.9887 24.3296 0.0548 -0.0279 0.9981 0.0752 0.8835
-9.6062 -31.3766 -23.5468 -0.1037 -0.0008 -0.9946 0.1366 0.6219
13.7404 19.9256 22.9627 0.5016 -0.0364 0.8643 0.0034 0.4202
13.7404 19.9256 22.9627 0.8711 -0.0185 0.4908 0.4249 0.4127
-12.7432 115.5821 -23.1166 -0.5528 0.0034 -0.8333 0.1241 0.0344
-13.1613 77.4402 9.6133 -0.9997 -0.0005 0.0257 0.4954 0.1899
-2.5186 -21.3420 -24.0297 -0.0412 0.0003 -0.9992 0.1649 0.5817
7.8780 -75.7827 23.4161 0.0502 0.0144 0.9986 0.0269 0.8027
-11.8885 -111.2830 24.5547 0.0792 -0.0245 0.9966 0.1059 0.9446
-13.4043 37.9230 4.3108 -0.9999 0.0056 0.0111 0.5166 0.3478
-13.4974 -114.6707 -22.9422 -0.9976 -0.0176 -0.0663 0.6256 0.9578
13.8324 52.8657 -22.7279 0.9890 0.0036 -0.1481 0.2423 0.2811
-13.9610 -82.5644 -0.6986 -0.9998 0.0068 -0.0166 0.5366 0.8295
14.1802 -56.2186 -19.2491 0.9985 0.0197 -0.0506 0.2562 0.7171
13.6634 73.1038 19.5561 0.9999 0.0145 0.0007 0.4113 0.2002
13.9039 -106.2420 -22.4683 0.9601 0.0196 -0.2791 0.2433 0.9171
12.3960 122.8129 0.0657 0.1421 0.9896 -0.0215 0.6537 0.0965
-12.6941 68.8248 20.4501 -0.9989 0.0059 0.0458 0.4521 0.2243
-13.4981 24.6471 0.4020 -0.9999 -0.0017 0.0106 0.5322 0.4009
-11.1183 80.3071 -24.2612 -0.5582 -0.0242 -0.8293 0.1306 0.1754
13.3589 -120.3572 21.9119 0.9219 -0.3855 -0.0393 0.4207 0.9735
13.3589 -120.3572 21.9119 0.5461 -0.8177 0.1820 0.9711 0.1822
-12.1619 -119.8984 -15.9965 -0.9994 -0.0252 -0.0222 0.9744 0.3476
-12.1619 -119.8984 -15.9965 -0.7810 -0.6243 -0.0152 0.7679 0.0321
-13.2743 -61.7285 -21.5007 -0.9885 -0.0016 -0.1513 0.6198 0.7462
-12.6303 22.2102 -22.5993 -0.6716 0.0144 -0.7407 0.1245 0.4077
13.4894 78.9908 13.1407 0.9998 0.0010 -0.0218 0.3856 0.1766
12.5120 -77.8565 23.6844 -0.4376 -0.0223 0.8989 0.0083 0.8110
10.0651 89.8830 24.3596 0.0393 -0.0067 0.9992 0.0181 0.1405
13.7321 -70.2142 21.1223 0.9963 -0.0015 0.0858 0.4175 0.7731
3.2400 123.7855 -12.4269 0.0750 0.9971 -0.0134 0.6903 0.0466
-12.0070 49.0615 -23.1337 -0.9758 0.0236 -0.2174 0.6356 0.2342
-12.0070 49.0615 -23.1337 -0.8222 0.0166 -0.5690 0.1270 0.3003
-12.7679 67.5690 18.9427 -0.9988 0.0126 0.0465 0.4581 0.2293
1.4014 -93.9051 23.8627 0.0155 0.0147 0.9998 0.0527 0.8752
13.8384 -93.1838 -13.1921 0.9993 -0.0257 0.0256 0.2804 0.8649
14.0133 -27.6016 -3.2378 1.0000 -0.0030 0.0086 0.3202 0.6027
-13.1906 82.4467 6.5097 -0.9997 -0.0213 0.0147 0.5078 0.1698
3.9484 -120.3413 -22.4679 -0.0688 -0.0069 -0.9976 0.1908 0.9775
3.9484 -120.3413 -22.4679 -0.0512 -0.6349 -0.7709 0.8323 0.0062
14.0956 -37.1952 -7.9372 0.9995 -0.0251 0.0213 0.3014 0.6411
-11.3785 96.2170 -24.0517 -0.8741 -0.0010 -0.4858 0.6393 0.0457
13.3399 27.0309 -1.7308 0.9999 0.0148 0.0024 0.3262 0.3843
10.4810 -77.1188 23.3608 0.0590 -0.0021 0.9983 0.0165 0.8081
12.9311 70.5010 24.1054 0.4916 -0.0113 0.8707 0.0067 0.2180
-2.3922 122.2880 23.5831 -0.0066 0.6222 0.7828 0.8792 0.2392
-2.3922 122.2880 23.5831 -0.0264 -0.1050 0.9941 0.0679 0.0110
7.5765 -106.3081 23.4550 0.0259 0.1480 0.9887 0.0281 0.9248
-12.1177 -119.3301 21.6381 -0.4611 -0.8127 0.3562 0.7681 0.1825
-12.1177 -119.3301 21.6381 0.3903 -0.0749 0.9176 0.1068 0.9768
13.8932 -62.9035 16.8515 0.9994 0.0125 0.0335 0.4005 0.7438
13.2960 88.6485 -5.6036 0.9997 -0.0200 0.0132 0.3107 0.1380
13.8433 47.9246 -20.3287 0.9998 -0.0002 0.0178 0.2518 0.3008
-9.6775 122.7275 23.6297 -0.2707 -0.3937 0.8785 0.0970 0.0092
12.9080 -38.3270 -23.7327 0.2928 -0.0085 -0.9561 0.2266 0.6496
12.4923 121.1287 24.2826 0.1102 0.1912 0.9754 0.0084 0.0156
-7.7907 -120.4894 -22.3586 0.1170 -0.1157 -0.9864 0.1439 0.9781
-12.4404 123.6258 -7.6645 -0.9804 0.1967 0.0093 0.5645 0.0052
-12.5745 80.5295 23.3597 -0.9914 -0.0000 0.1308 0.4405 0.1775
-0.6231 -5.0013 24.4142 0.0301 -0.0202 0.9993 0.0608 0.5198
-12.7968 83.9900 19.4878 -0.9978 -0.0478 0.0451 0.4559 0.1637
13.9269 -86.7770 -5.5473 0.9998 -0.0214 0.0053 0.3109 0.8393
-1.4961 42.0215 24.5911 0.0468 -0.0196 0.9987 0.0643 0.3318
-1.2186 123.6533 -21.8234 0.0388 0.9902 -0.1340 0.7082 0.0090
-11.2485 -123.1028 -22.3137 -0.1248 -0.9810 -0.1483 0.8727 0.0054
-11.1255 -123.8496 -1.9812 -0.0162 -0.9995 -0.0270 0.8732 0.0867
-13.4437 44.3162 -13.1858 -1.0000 0.0047 -0.0077 0.5866 0.3223
9.6663 -103.2702 -23.7325 0.1322 -0.0113 -0.9912 0.2136 0.9092
-13.5609 -98.9118 24.0568 -0.9880 -0.0081 0.1541 0.4377 0.8948
-13.5609 -98.9118 24.0568 -0.5674 0.0079 0.8234 0.1126 0.8952
-8.2947 121.1253 24.5005 -0.0187 0.5682 0.8227 0.8829 0.2156
-8.2947 121.1253 24.5005 -0.0069 0.3234 0.9462 0.0915 0.0156
-13.7834 -89.5660 -14.1293 -0.9998 0.0148 -0.0123 0.5903 0.8575
13.2197 7.3880 23.3137 0.1537 0.0011 0.9881 0.0055 0.4703
-5.2947 40.4055 24.6601 0.0054 -0.0165 0.9998 0.0795 0.3383
-13.6448 8.4374 -17.9775 -0.9998 0.0014 -0.0195 0.6057 0.4657
-12.5289 -6.4458 24.4303 -0.3668 0.0141 0.9302 0.1084 0.5256
-11.5906 105.3259 -23.5946 -0.3472 0.0085 -0.9377 0.1287 0.0754
-11.5906 105.3259 -23.5946 -0.8980 -0.0206 -0.4395 0.6374 0.0093
-13.1894 66.8830 7.9296 -0.9996 0.0096 0.0266 0.5021 0.2321
-1.3162 -123.3088 -2.7389 0.0702 -0.9971 -0.0279 0.9124 0.0836
7.8186 -13.9091 -24.3684 0.0877 0.0001 -0.9961 0.2063 0.5520
-3.3056 -123.2427 -10.1859 0.0608 -0.9979 -0.0230 0.9045 0.0539
-3.6734 -120.6602 21.0591 -0.0269 0.6504 0.7591 0.0730 0.9821
7.0305 123.5404 6.8923 0.1244 0.9922 -0.0004 0.6752 0.1238
13.9771 -82.6816 12.5824 0.9998 -0.0082 0.0154 0.3834 0.8229
-1.7884 -123.5891 13.1700 0.0892 -0.9960 0.0007 0.9106 0.1472
13.0425 -103.4955 23.8605 0.4404 0.0031 0.8978 0.0062 0.9135
13.5392 -112.6440 23.3680 0.8064 -0.0060 0.5913 0.0042 0.9501
13.5392 -112.6440 23.3680 0.9060 0.0036 0.4233 0.4265 0.9427
11.9396 -106.7785 23.4366 -0.2731 -0.0274 0.9616 0.0106 0.9266
12.7361 -78.2572 23.7782 -0.2375 -0.0013 0.9714 0.0074 0.8126
-3.1526 -80.4262 24.3502 0.0398 -0.0065 0.9992 0.0710 0.8213
13.9883 9.6598 11.4792 0.9993 0.0015 -0.0384 0.3790 0.4538
-13.0363 69.5668 -21.9370 -0.9598 0.0158 -0.2801 0.6215 0.2213
-13.0373 -41.0966 24.4396 -0.8689 0.0011 0.4949 0.4362 0.6637
-13.0373 -41.0966 24.4396 -0.8382 0.0029 0.5454 0.1105 0.6641
5.3367 -122.2431 -22.6488 0.0715 -0.8336 -0.5478 0.9390 0.0041
12.5348 98.1872 -24.0734 0.3884 0.0026 -0.9215 0.2251 0.1039
-10.8476 -1.5453 24.5597 -0.0283 0.0052 0.9996 0.1017 0.5060
13.1121 -54.9366 23.8031 0.6732 -0.0041 0.7394 0.0059 0.7194
-4.2601 -121.7568 -22.9862 0.0020 0.3408 -0.9401 0.1580 0.9831
-13.2183 -91.9247 24.2620 -0.4718 -0.0041 0.8817 0.1112 0.8673
13.6143 -53.1470 17.6249 0.9990 0.0332 0.0297 0.4036 0.7048
13.8731 -1.3079 22.8448 0.6756 -0.0180 0.7370 0.0029 0.5050
13.8731 -1.3079 22.8448 0.9797 -0.0274 0.1986 0.4244 0.4976
-11.2099 121.9850 22.9883 -0.6446 0.3718 0.6681 0.1032 0.0122
-11.2099 121.9850 22.9883 -0.1483 0.8930 0.4248 0.8768 0.2040
13.8156 38.0794 22.9764 0.9594 0.0133 0.2818 0.4250 0.3402
-13.4793 110.3394 -1.6320 -0.9812 0.1893 0.0363 0.5404 0.0583
12.9650 94.9124 -23.7639 0.7132 -0.0117 -0.7009 0.2268 0.1170
-13.1187 51.8685 13.2194 -0.9989 0.0058 0.0464 0.4810 0.2921
13.8187 99.7494 21.1630 0.9989 -0.0331 0.0340 0.4177 0.0937
-10.8594 -122.9354 23.0598 -0.0235 0.3547 0.9347 0.1018 0.9912
7.4099 -96.1441 23.5666 0.0945 0.0284 0.9951 0.0287 0.8841
2.5743 4.7158 -24.4532 -0.0279 -0.0190 -0.9994 0.1853 0.4776
-13.2451 28.3088 13.1233 -0.9992 0.0020 0.0401 0.4814 0.3863
-12.6498 -17.7825 24.5751 -0.5971 -0.0027 0.8021 0.1089 0.5709
-7.8865 -2.2832 24.7697 -0.0596 0.0007 0.9982 0.0899 0.5089
-3.8086 124.1357 23.9269 0.0659 0.8596 0.5066 0.7185 0.1919
-2.3545 -123.3281 -4.7653 0.0611 -0.9981 -0.0110 0.9083 0.0755
13.6979 -6.0836 -5.5277 0.9998 0.0209 0.0057 0.3110 0.5167
14.1635 -49.1010 -13.0010 0.9993 -0.0259 0.0282 0.2811 0.6887
-12.3673 103.7816 24.3779 -0.6693 -0.0173 0.7428 0.1078 0.0849
13.3085 86.1002 5.9084 0.9993 -0.0207 -0.0319 0.3567 0.1482
13.7302 122.1910 23.3471 0.7329 0.2653 0.6265 0.0035 0.0114
13.7302 122.1910 23.3471 0.7458 0.6393 0.1875 0.6484 0.1896
13.7302 122.1910 23.3471 0.9588 0.2711 0.0847 0.4264 0.0039
13.7839 -96.2469 8.3598 0.9996 -0.0258 -0.0087 0.3665 0.8771
-12.5222 -29.5308 24.6178 0.0587 -0.0022 0.9983 0.1084 0.6179
-4.6394 -77.4636 -23.9237 -0.0437 -0.0103 -0.9990 0.1565 0.8061
-2.1205 -11.7568 24.3317 0.0832 0.0310 0.9960 0.0668 0.5468
-0.8757 -91.8808 24.2554 0.0938 -0.0866 0.9918 0.0618 0.8671
6.1045 122.6189 -23.4294 -0.0345 0.0749 -0.9966 0.1994 0.0063
-13.6063 13.4953 -6.7594 -0.9999 0.0039 0.0149 0.5609 0.4455
13.2876 -114.8372 23.7045 0.4742 -0.0328 0.8798 0.0052 0.9589
12.2802 -121.0761 9.9127 0.4807 -0.8767 0.0168 0.9668 0.1342
-12.9639 72.1372 15.4604 -0.9990 -0.0079 0.0449 0.4720 0.2111
-12.8116 112.1601 23.8404 -0.9859 0.0003 0.1672 0.4385 0.0511
-12.8116 112.1601 23.8404 -0.8238 -0.0139 0.5667 0.1096 0.0515
-13.2606 34.1068 11.6184 -0.9993 0.0070 0.0370 0.4874 0.3631
-13.7325 -53.4425 -5.7102 -1.0000 0.0019 -0.0002 0.5567 0.7131
1.0392 57.0581 24.5634 0.0416 -0.0061 0.9991 0.0542 0.2717
-13.0498 -118.8863 8.9264 -0.1048 -0.9945 -0.0029 0.7643 0.1317
-13.1499 55.9313 12.3326 -0.9990 0.0021 0.0445 0.4845 0.2758
-7.1170 -120.5898 20.9636 -0.0267 0.4672 0.8838 0.0868 0.9819
13.8357 17.2784 -22.7393 0.9757 0.0037 -0.2190 0.2422 0.4233
-11.0075 -36.0153 -23.3753 -0.1913 -0.0150 -0.9814 0.1310 0.6404
-10.1672 22.3056 24.5335 0.0208 0.0102 0.9997 0.0990 0.4106
-13.7082 -65.6634 -13.8669 -0.9998 -0.0030 -0.0211 0.5893 0.7619
-13.5222 32.8508 -6.7077 -1.0000 0.0015 0.0037 0.5607 0.3681
12.7650 -61.4027 -23.6096 0.2262 -0.0006 -0.9741 0.2260 0.7419
-1.1043 51.2674 24.6341 0.0352 -0.0026 0.9994 0.0628 0.2949
-7.3027 -35.3840 24.6688 0.0389 0.0379 0.9985 0.0875 0.6412
1.8519 -122.9663 -9.9695 0.0923 -0.9952 -0.0331 0.9251 0.0547
-13.2851 -14.2156 -22.0948 -0.8806 -0.0154 -0.4737 0.6222 0.5562
-13.2851 -14.2156 -22.0948 -0.5531 0.0029 -0.8331 0.1219 0.5533
-3.3035 -54.5595 -23.9680 -0.0508 0.0063 -0.9987 0.1618 0.7145
13.9119 -37.9788 5.8797 0.9999 -0.0131 0.0080 0.3566 0.6442
12.8400 91.4881 24.2186 0.4218 -0.0086 0.9067 0.0070 0.1341
-12.6538 37.6634 23.7975 -0.9549 0.0047 0.2969 0.4387 0.3489
14.0174 22.2431 14.7313 0.9994 0.0094 -0.0333 0.3920 0.4035
-10.0256 121.1764 -23.9942 -0.0091 0.6440 -0.7650 0.8902 0.2056
13.6431 -6.7300 23.0398 0.7652 0.0087 0.6437 0.0038 0.5267
13.5863 -28.3699 -23.2788 0.8847 -0.0032 -0.4662 0.2401 0.6058
13.5863 -28.3699 -23.2788 0.7105 -0.0071 -0.7036 0.2293 0.6098
-13.2795 -78.6359 -21.6006 -0.9844 0.0117 -0.1756 0.6202 0.8138
-7.3101 -41.0969 -23.7561 -0.0744 0.0015 -0.9972 0.1458 0.6607
-12.3556 24.7996 -22.9038 -0.8744 -0.0128 -0.4850 0.6347 0.3312
-12.3556 24.7996 -22.9038 -0.6186 0.0033 -0.7857 0.1256 0.3973
-13.4629 51.2369 -6.1409 -1.0000 0.0024 0.0006 0.5584 0.2946
-7.1383 -123.7440 2.7939 0.0318 -0.9974 -0.0651 0.8892 0.1058
13.3530 26.3928 23.3279 0.3386 -0.0202 0.9407 0.0050 0.3943
10.0710 82.5900 24.3836 0.0427 -0.0032 0.9991 0.0181 0.1697
-13.5934 11.5162 -19.9265 -0.9985 0.0046 -0.0549 0.6135 0.4534
14.0383 -57.8597 -0.8898 0.9999 0.0050 0.0112 0.3296 0.7237
-3.5268 -50.6376 24.5675 0.0183 -0.0501 0.9986 0.0724 0.7022
-12.9487 -14.0812 24.1024 -0.9676 0.0242 0.2513 0.4375 0.5557
-12.9487 -14.0812 24.1024 -0.8364 -0.0142 0.5480 0.1101 0.5561
13.7886 104.6572 -6.6817 0.9997 -0.0232 -0.0033 0.3064 0.0740
-13.8939 -70.0806 8.4924 -0.9999 0.0081 0.0110 0.4999 0.7796
-0.5646 121.8880 -23.2329 -0.0018 0.6844 -0.7291 0.8933 0.2435
-13.6622 9.2058 -10.4408 -0.9998 0.0087 0.0161 0.5756 0.4626
1.4735 64.6562 24.6044 0.0372 -0.0082 0.9993 0.0525 0.2413
12.4540 -120.9941 7.2898 0.8717 -0.4900 -0.0016 0.7807 0.2213
12.4540 -120.9941 7.2898 0.6582 -0.7528 0.0003 0.9675 0.1237
-11.9697 68.2805 -23.0964 -0.8961 0.0195 -0.4435 0.6354 0.1574
-11.9697 68.2805 -23.0964 -0.5720 0.0066 -0.8202 0.1272 0.2235
-11.5939 68.1233 24.5997 -0.1860 0.0014 0.9825 0.1047 0.2275
-13.3960 81.6632 -3.3853 -0.9999 -0.0111 0.0087 0.5474 0.1730
-10.3235 -123.4251 -13.1376 0.0277 -0.9993 -0.0270 0.8764 0.0421
13.3980 22.6810 -0.5716 0.9999 0.0115 -0.0024 0.3308 0.4017
14.0865 -48.7727 -7.8011 0.9999 0.0012 0.0151 0.3019 0.6874
13.4744 -5.2761 23.1893 0.4322 0.0138 0.9017 0.0045 0.5209
-13.6384 -107.8592 23.3705 -0.9939 -0.0192 0.1086 0.4404 0.9306
-13.2648 53.8510 9.6741 -0.9995 0.0039 0.0324 0.4952 0.2842
-13.5807 7.6483 -3.0766 -0.9999 0.0097 0.0136 0.5461 0.4688
8.6640 -105.4668 23.2589 0.0314 0.0433 0.9986 0.0237 0.9214
2.4795 -20.6237 23.9717 0.0892 0.0137 0.9959 0.0484 0.5822
3.7770 116.5633 -24.6240 0.0052 0.0557 -0.9984 0.1901 0.0305
-11.8590 -4.7763 -22.7077 -0.4771 -0.0182 -0.8786 0.1276 0.5155
13.8162 24.8002 -22.8146 0.9805 -0.0041 -0.1966 0.2419 0.3933
13.3357 -82.1085 23.5289 0.6061 0.0001 0.7954 0.0050 0.8280
13.3357 -82.1085 23.5289 0.9100 0.0102 0.4146 0.4272 0.8206
-12.5222 10.9003 24.4263 -0.6308 -0.0103 0.7759 0.1084 0.4562
-5.3089 -120.8074 -22.3283 0.0132 0.5330 -0.8460 0.1538 0.9794
-12.6030 70.7217 22.2202 -0.9984 -0.0009 0.0567 0.4450 0.2167
0.9484 124.1868 11.1464 0.0997 0.9950 0.0036 0.6995 0.1408
6.6847 -122.4448 10.3472 0.1657 -0.9860 0.0211 0.9444 0.1360
-13.3112 -64.7140 -21.0895 -0.9949 0.0000 -0.1013 0.6182 0.7581
-13.4244 46.8807 -0.0109 -1.0000 -0.0027 0.0082 0.5339 0.3120
-13.3064 49.3646 8.3634 -0.9998 0.0011 0.0208 0.5004 0.3021
10.7029 107.4230 24.4179 0.0610 0.0031 0.9981 0.0156 0.0704
10.3277 -77.4735 -23.8388 0.1188 -0.0055 -0.9929 0.2163 0.8061
12.9163 -51.6915 23.9088 0.3154 0.0042 0.9490 0.0067 0.7064
-11.5531 73.2661 -23.8736 -0.7870 0.0298 -0.6162 0.1288 0.2036
-11.5531 73.2661 -23.8736 -0.9692 0.0318 -0.2442 0.6385 0.1375
12.0223 -60.2569 23.4315 -0.3158 -0.0165 0.9487 0.0103 0.7407
12.3797 -121.1070 1.2067 0.8713 -0.4908 -0.0015 0.7803 0.1970
12.3797 -121.1070 1.2067 0.6770 -0.7358 0.0174 0.9672 0.0994
-13.3602 -117.3845 24.0521 -0.6646 -0.0038 0.7472 0.1118 0.9690
1.7944 -106.5055 23.8529 0.0728 0.0511 0.9960 0.0512 0.9255
-13.1052 -74.8777 -22.3665 -0.9813 -0.0350 -0.1891 0.6233 0.7987
-2.2374 -123.6234 7.8210 0.1010 -0.9948 0.0107 0.9088 0.1259
-7.1940 -100.6593 -23.6974 -0.0447 -0.0035 -0.9990 0.1462 0.8988
-1.4735 124.2997 6.4899 0.0706 0.9975 -0.0025 0.7092 0.1222
6.4598 122.1567 23.8497 0.0120 0.2031 0.9791 0.0325 0.0115
6.4598 122.1567 23.8497 0.0121 0.5083 0.8611 0.8803 0.2746
-6.0886 -120.6868 -22.2702 0.0343 0.3000 -0.9533 0.1507 0.9789
-12.6602 116.3766 22.2033 -0.9960 0.0028 -0.0897 0.4451 0.0342
4.4536 -122.8298 -8.8743 0.0929 -0.9956 -0.0128 0.9355 0.0591
13.4398 78.2415 23.5825 0.7877 0.0056 0.6161 0.0046 0.1870
13.4398 78.2415 23.5825 0.9890 0.0080 0.1474 0.4274 0.1796
13.4112 83.8978 9.9233 0.9997 0.0031 -0.0263 0.3728 0.1570
-13.4091 -64.0166 23.8836 -0.9813 -0.0254 0.1910 0.4384 0.7553
13.4860 -102.1452 -9.6470 0.9992 -0.0313 0.0260 0.2945 0.9007
4.8821 -68.8856 -24.2641 0.0230 -0.0027 -0.9997 0.1945 0.7718
-13.0514 112.6623 5.7378 -0.9461 0.2810 -0.1610 0.5109 0.0491
-13.0514 112.6623 5.7378 -0.3124 0.7568 -0.5742 0.8188 0.2482
-11.8376 -119.6756 21.4907 -0.6607 -0.6753 0.3277 0.7692 0.1820
-11.8376 -119.6756 21.4907 0.0999 0.2540 0.9620 0.1057 0.9782
13.2927 30.3301 -23.6366 0.6126 0.0007 -0.7904 0.2281 0.3752
-12.9897 4.6663 20.5196 -0.9991 0.0045 0.0425 0.4518 0.4808
11.0264 -98.1530 23.3958 -0.1389 0.0207 0.9901 0.0143 0.8922
-11.9641 70.8973 -23.0240 -0.6890 0.0041 -0.7247 0.1272 0.2130
5.5690 -118.9867 -23.5611 0.0182 -0.1406 -0.9899 0.1973 0.9721
-13.4345 -93.6635 -21.4017 -0.9946 0.0151 -0.1029 0.6194 0.8738
13.2238 -120.2121 22.4776 0.3560 -0.7676 0.5329 0.9706 0.1844
-7.1322 -120.1267 -22.4991 0.0538 -0.7065 -0.7056 0.7880 0.0061
12.8784 -120.1267 -23.0054 0.0635 -0.3993 -0.9146 0.2265 0.9766
-11.6311 114.7937 -23.5311 -0.6294 -0.0027 -0.7771 0.1285 0.0376
13.4384 121.4528 24.0009 0.4893 0.2410 0.8381 0.0046 0.0143
2.4428 1.1028 -24.4102 -0.0334 -0.0030 -0.9994 0.1848 0.4920
-9.0539 84.3730 -24.5453 -0.0695 -0.0038 -0.9976 0.1388 0.1592
5.8748 -39.7258 23.8529 0.1007 -0.0197 0.9947 0.0349 0.6586
-12.1905 114.8212 7.4690 -0.9831 0.1154 -0.1418 0.5040 0.0404
-12.1905 114.8212 7.4690 -0.6284 0.4688 -0.6208 0.7922 0.2239
-12.7292 -59.2812 -22.8837 -0.1869 0.0088 -0.9823 0.1241 0.7334
-12.3507 65.8599 -22.7536 -0.6225 -0.0150 -0.7825 0.1256 0.2332
-12.6989 32.4890 23.7137 -0.9984 0.0027 0.0563 0.4391 0.3695
-0.8509 -123.4015 -1.6212 0.0904 -0.9946 -0.0513 0.9143 0.0881
-1.6744 124.0821 23.3703 0.0691 0.9913 0.1123 0.7100 0.1897
-8.2761 -119.6790 -23.2057 0.0002 -0.7005 -0.7137 0.7834 0.0033
-13.3697 28.4724 -20.3896 -0.9957 0.0031 -0.0921 0.6154 0.3856
-11.5129 78.9287 -23.2474 -0.6337 0.0007 -0.7736 0.1290 0.1809
-11.5129 78.9287 -23.2474 -0.9766 0.0165 -0.2146 0.6360 0.1148
14.1812 10.7254 20.2293 1.0000 -0.0005 0.0090 0.4140 0.4495
-7.0000 -122.8959 -22.7016 -0.0122 -0.8713 -0.4906 0.8897 0.0038
3.2654 -120.3988 21.7352 -0.3399 0.1483 0.9287 0.0453 0.9811
-13.5387 23.0139 -2.5782 -1.0000 -0.0005 0.0089 0.5442 0.4074
-13.5505 18.7868 -18.1307 -0.9999 0.0124 0.0030 0.6063 0.4243
-12.8861 -0.1267 23.7613 -0.9812 0.0095 0.1927 0.4389 0.4999
8.4723 -30.8759 -24.2477 0.0686 -0.0013 -0.9976 0.2089 0.6199
-10.8805 96.2246 -24.3895 -0.1836 0.0172 -0.9828 0.1315 0.1118
-4.1550 -122.8491 -22.5857 0.0022 -0.7190 -0.6950 0.9011 0.0043
13.1618 34.4702 23.5140 0.4000 -0.0138 0.9164 0.0057 0.3620
8.5994 26.8747 -24.5161 0.1145 0.0022 -0.9934 0.2094 0.3890
-13.2436 77.9404 3.7554 -0.9996 0.0080 0.0262 0.5188 0.1879
-5.7778 -58.3545 24.4439 -0.0157 -0.0622 0.9979 0.0814 0.7331
13.9261 -90.4736 8.0141 0.9997 -0.0230 -0.0057 0.3651 0.8541
-14.0864 -99.2487 -7.9143 -0.9997 0.0115 -0.0203 0.5655 0.8962
-13.4833 30.9649 0.5628 -1.0000 0.0051 0.0053 0.5316 0.3756
9.9463 -121.9894 3.3661 0.1434 -0.9896 0.0063 0.9575 0.1080
-5.7793 -123.6736 2.3533 0.0315 -0.9974 -0.0647 0.8946 0.1040
-13.4188 59.7751 -5.0881 -1.0000 0.0044 0.0028 0.5542 0.2605
14.0566 -79.0366 -5.2599 0.9999 -0.0105 0.0048 0.3121 0.8083
1.2935 -37.8865 -24.1994 -0.0395 -0.0044 -0.9992 0.1802 0.6479
-13.5117 107.5904 -0.6437 -0.9992 0.0221 0.0323 0.5364 0.0693
-10.1275 -80.5305 24.4742 0.0038 0.0017 1.0000 0.0988 0.8217
9.0226 -98.2775 23.4668 0.0985 -0.0623 0.9932 0.0223 0.8927
10.8734 -100.5971 -23.5565 0.1561 -0.0105 -0.9877 0.2185 0.8986
2.4889 123.4443 24.0307 0.0726 0.5747 0.8151 0.6933 0.1923
-12.7924 -119.0060 -3.1244 0.3544 -0.9338 0.0486 0.7654 0.0836
-13.3891 11.7453 -21.6869 -0.9581 0.0182 -0.2858 0.6205 0.4525
-13.1838 80.3943 7.2466 -1.0000 0.0036 0.0078 0.5049 0.1780
-10.3975 16.1494 24.5234 0.0038 -0.0097 0.9999 0.0999 0.4352
14.1957 -53.9081 -12.6624 0.9999 0.0109 0.0112 0.2825 0.7079
13.4218 116.4663 -22.6771 0.9411 0.0089 -0.3381 0.2425 0.0268
-12.8966 112.6391 23.3125 -0.9994 -0.0052 -0.0348 0.4407 0.0492
-13.3907 74.5431 -3.7683 -1.0000 -0.0007 0.0051 0.5489 0.2014
-13.5143 -57.0989 -19.5870 -0.9957 -0.0079 -0.0926 0.6121 0.7277
13.1479 -119.7644 13.1382 0.9811 -0.1894 -0.0391 0.3856 0.9711
-8.4029 -72.4538 -23.7620 -0.0805 -0.0087 -0.9967 0.1414 0.7861
-14.0053 -93.6283 14.2912 -0.9995 0.0122 0.0276 0.4767 0.8737
-13.7986 -11.1119 -14.0214 -0.9999 0.0104 -0.0027 0.5899 0.5438
13.0688 65.4409 -1.6733 1.0000 0.0041 0.0000 0.3264 0.2308
-4.2667 3.2276 24.6872 0.0821 0.0593 0.9949 0.0754 0.4869
-11.5027 50.2366 -23.9714 -0.4104 -0.0105 -0.9118 0.1290 0.2956
13.6300 4.6433 2.8228 0.9995 0.0073 -0.0297 0.3444 0.4738
9.2255 123.1915 -1.3296 0.1195 0.9928 -0.0078 0.6664 0.0909
0.1903 -47.5751 -24.1711 -0.0454 -0.0003 -0.9990 0.1758 0.6866
13.4806 -106.6686 -23.0171 0.5522 0.0134 -0.8336 0.2289 0.9228
-10.2755 122.3863 -22.6056 -0.1720 -0.2834 -0.9435 0.1339 0.0072
-13.4352 35.5446 2.8074 -0.9999 0.0063 0.0121 0.5226 0.3573
-13.1384 -109.1850 24.3526 -0.4642 0.0499 0.8843 0.1109 0.9363
13.6678 4.6778 23.0984 0.5638 -0.0051 0.8259 0.0037 0.4811
-11.7073 -29.9053 24.5754 0.0249 -0.0045 0.9997 0.1051 0.6193
13.4861 19.6465 2.6354 0.9990 0.0146 -0.0421 0.3436 0.4139
13.4124 70.0962 9.1457 0.9990 0.0087 -0.0428 0.3697 0.2122
14.2246 -55.1955 -16.9709 0.9998 0.0167 -0.0109 0.2653 0.7130
-11.6873 118.3179 -23.4295 -0.5682 0.0073 -0.8229 0.1283 0.0235
-11.6873 118.3179 -23.4295 -0.8672 0.0131 -0.4977 0.8051 0.1970
14.1581 -65.2220 -18.6223 0.9997 -0.0031 -0.0223 0.2587 0.7531
14.0346 -24.5958 -3.1853 0.9999 0.0010 0.0105 0.3204 0.5907
-3.7176 51.1640 -24.4457 -0.0365 -0.0055 -0.9993 0.1601 0.2919
13.8639 -9.2729 22.2952 0.9889 0.0005 0.1486 0.4222 0.5295
-10.3157 -55.0561 24.4762 0.0065 -0.0094 0.9999 0.0996 0.7199
13.8451 -23.1923 20.6383 0.9974 -0.0122 0.0707 0.4156 0.5851
7.6943 -86.4539 23.5930 0.0693 0.0463 0.9965 0.0276 0.8454
-13.7903 -37.3736 -5.1510 -1.0000 -0.0004 0.0053 0.5544 0.6488
10.7755 -121.1220 21.8383 0.1867 -0.9453 0.2674 0.9608 0.1819
12.4757 -48.0358 23.9341 -0.3376 -0.0259 0.9409 0.0085 0.6918
-7.4302 34.8412 24.5544 -0.0177 -0.0294 0.9994 0.0880 0.3605
2.3382 -101.4409 23.7341 0.0103 0.0145 0.9998 0.0490 0.9053
-12.7560 -29.1087 24.5159 -0.6581 0.0224 0.7526 0.1093 0.6162
12.6679 -95.1359 23.6934 -0.3309 0.0146 0.9436 0.0077 0.8801
-12.1080 123.9383 19.8945 -0.9997 -0.0198 0.0174 0.4543 0.0040
-9.1538 122.2541 23.6852 -0.0765 0.6587 0.7485 0.8796 0.2122
-9.1538 122.2541 23.6852 -0.1515 -0.0924 0.9841 0.0949 0.0111
-11.8750 73.4759 -23.0321 -0.6344 0.0432 -0.7718 0.1275 0.2027
-13.5780 -9.0863 -21.3096 -0.9878 0.0023 -0.1560 0.6190 0.5357
13.8270 27.4573 11.2976 0.9989 0.0086 -0.0458 0.3783 0.3826
11.8996 -47.5486 23.7103 -0.3976 -0.0150 0.9174 0.0108 0.6899
0.4352 122.2816 23.6812 -0.0316 0.0194 0.9993 0.0566 0.0110
13.2679 -69.6209 23.6589 0.6511 0.0235 0.7586 0.0053 0.7781
14.0266 -81.0762 -4.2100 0.9999 -0.0143 0.0061 0.3163 0.8165
13.4541 -119.6438 23.0018 0.4172 -0.3409 0.8424 0.0046 0.9781
13.4541 -119.6438 23.0018 0.3928 -0.6421 0.6583 0.9715 0.1865
-13.1349 -73.9390 -22.7734 -0.9918 -0.0256 -0.1251 0.6249 0.7950
-13.3256 20.5312 11.1793 -0.9994 0.0019 0.0350 0.4892 0.4173
14.1398 -40.4500 -15.1477 0.9978 -0.0611 0.0271 0.2726 0.6541
-14.2018 -97.8588 3.1772 -0.9999 0.0137 -0.0007 0.5211 0.8906
10.8055 -120.9078 22.2483 0.1702 -0.7863 0.5939 0.9609 0.1835
-13.6245 -104.1633 23.7451 -0.9949 0.0092 0.1006 0.4389 0.9158
-13.6245 -104.1633 23.7451 -0.7910 0.0049 0.6118 0.1128 0.9162
-13.8724 -91.0757 17.8402 -0.9995 0.0071 0.0316 0.4625 0.8635
-13.1134 -116.2677 -23.6067 -0.8613 -0.3313 -0.3852 0.6282 0.9642
-13.1134 -116.2677 -23.6067 -0.2253 -0.2086 -0.9517 0.1226 0.9612
13.2102 81.3563 -5.7420 0.9997 -0.0054 0.0221 0.3102 0.1672
13.7911 54.1658 -22.8684 0.9400 0.0037 -0.3412 0.2417 0.2759
7.4490 -120.5267 -22.6309 -0.0517 -0.0345 -0.9981 0.2048 0.9782
13.6658 55.4049 22.8737 0.9916 -0.0000 0.1295 0.4245 0.2709
12.8270 118.2016 -23.9716 0.9215 -0.0515 -0.3850 0.2373 0.0199
12.8270 118.2016 -23.9716 0.4410 -0.0088 -0.8975 0.2263 0.0239
12.2448 -116.6334 23.3847 -0.1846 -0.0315 0.9823 0.0094 0.9660
-13.6696 -119.2545 -8.4067 -0.9631 -0.2692 -0.0020 0.5675 0.9761
-13.6696 -119.2545 -8.4067 -0.3879 -0.9216 -0.0156 0.7619 0.0624
-2.1615 -123.3504 -6.6153 0.0961 -0.9951 -0.0235 0.9091 0.0681
-11.1664 120.7648 -24.1105 -0.4055 0.0969 -0.9090 0.1304 0.0137
-11.1664 120.7648 -24.1105 -0.3640 0.5322 -0.7644 0.8897 0.2011
-0.1942 -58.5480 -24.1415 -0.0448 0.0013 -0.9990 0.1742 0.7305
12.6379 122.5151 -23.3426 0.8244 0.4510 -0.3420 0.2398 0.0027
12.6379 122.5151 -23.3426 0.1158 0.9185 -0.3780 0.6528 0.0030
12.6379 122.5151 -23.3426 0.2105 0.1905 -0.9589 0.2255 0.0067
13.0931 74.8117 -2.6020 0.9997 -0.0010 0.0225 0.3227 0.1933
-11.7631 62.5894 -23.4666 -0.9406 0.0262 -0.3386 0.6369 0.1801
-11.5048 121.2704 -23.2703 -0.3819 0.9018 -0.2021 0.8931 0.1997
-11.8338 36.3948 -23.7472 -0.8880 -0.0035 -0.4599 0.6380 0.2849
-11.8338 36.3948 -23.7472 -0.4456 0.0097 -0.8952 0.1277 0.3510
-12.7980 66.4955 18.8607 -0.9986 0.0221 0.0484 0.4585 0.2336
7.2676 -40.5771 23.6787 0.0495 0.0272 0.9984 0.0293 0.6620
13.9742 34.7177 19.4599 0.9998 0.0083 0.0158 0.4109 0.3536
-9.8785 103.3473 -24.5642 -0.0849 0.0026 -0.9964 0.1355 0.0833
-11.6306 -124.1281 7.9536 -0.2389 -0.9704 -0.0361 0.8712 0.1264
-13.1678 -83.1545 -22.2400 -0.9810 0.0172 -0.1930 0.6227 0.8318
-12.6260 -118.9631 0.0976 -0.5917 -0.8062 -0.0064 0.7660 0.0964
-13.4157 73.8703 -9.9831 -0.9999 0.0098 -0.0035 0.5738 0.2041
-13.1718 36.2396 -21.8547 -0.9684 0.0076 -0.2491 0.6212 0.3546
-13.7248 -26.5896 3.2545 -1.0000 0.0063 0.0060 0.5208 0.6057
-13.4225 -119.0017 14.6027 0.0172 -0.9998 -0.0048 0.7628 0.1544
8.8173 109.2866 24.5218 0.0611 0.0058 0.9981 0.0231 0.0629
2.7265 -51.4993 24.1409 0.0456 -0.0747 0.9962 0.0474 0.7057
-11.3207 -6.8226 -23.1314 -0.6305 -0.0032 -0.7762 0.1297 0.5237
-13.1435 50.5084 12.9021 -0.9989 0.0053 0.0468 0.4823 0.2975
13.8623 50.8560 -22.5796 0.9920 0.0044 -0.1261 0.2428 0.2891
3.5158 123.9156 15.1137 0.0940 0.9956 0.0026 0.6892 0.1567
0.0164 -119.3013 -23.4958 -0.0025 -0.3558 -0.9346 0.1751 0.9733
0.0164 -119.3013 -23.4958 -0.0004 -0.5687 -0.8225 0.8166 0.0021
2.5721 -122.6697 -20.2000 0.0796 -0.9966 -0.0197 0.9280 0.0138
-11.6685 13.6587 -23.4893 -0.6113 -0.0013 -0.7914 0.1284 0.4418
13.0792 62.4572 -1.8361 1.0000 0.0045 -0.0035 0.3258 0.2427
7.8055 79.4311 24.4769 0.0516 -0.0060 0.9986 0.0271 0.1823
-12.5530 121.4923 -10.4942 -0.6866 0.7259 0.0414 0.9442 0.1955
-13.1783 74.6212 8.7029 -0.9997 0.0041 0.0247 0.4991 0.2011
-12.8583 56.0352 -22.3498 -0.8980 -0.0004 -0.4400 0.6232 0.2754
-12.8583 56.0352 -22.3498 -0.6784 0.0049 -0.7347 0.1236 0.2724
-12.1812 117.8359 8.6173 -0.9997 -0.0183 0.0179 0.4994 0.0284
14.0026 -21.0282 2.7815 1.0000 0.0043 -0.0064 0.3442 0.5765
-5.5541 52.4705 24.7124 -0.0063 0.0049 1.0000 0.0806 0.2901
-8.0818 -25.0193 -23.6898 -0.0860 0.0022 -0.9963 0.1427 0.5964
3.7692 30.9882 -24.6743 0.0021 -0.0121 -0.9999 0.1901 0.3726
-12.2539 -107.0763 24.6294 -0.1086 -0.0050 0.9941 0.1073 0.9278
-13.1154 101.1189 14.6665 -0.9983 0.0102 0.0568 0.4752 0.0952
-4.1827 23.8652 24.5897 0.0214 -0.0204 0.9996 0.0751 0.4044
13.7376 -98.2086 18.0416 0.9998 -0.0182 0.0087 0.4052 0.8850
-12.7554 63.2986 -22.4527 -0.6833 -0.0034 -0.7301 0.1240 0.2434
-4.4549 -120.3786 20.8122 -0.0288 0.3014 0.9531 0.0762 0.9810
13.4431 -119.9198 -22.2309 0.9534 -0.2397 0.1831 0.2442 0.9718
13.3364 90.7918 1.7209 0.9995 -0.0263 -0.0148 0.3400 0.1295
5.5214 -37.3245 23.9069 0.1205 0.0183 0.9925 0.0363 0.6490
-13.5704 17.6930 -17.5170 -0.9997 0.0209 -0.0097 0.6039 0.4287
-13.2321 -93.8488 -23.1102 -0.9407 0.0932 -0.3262 0.6262 0.8746
-13.2321 -93.8488 -23.1102 -0.4437 0.1699 -0.8799 0.1221 0.8716
-12.2465 -89.9753 24.5434 -0.1777 -0.0012 0.9841 0.1073 0.8595
-13.0665 -39.2830 -22.3685 -0.7900 -0.0036 -0.6132 0.1228 0.6535
-8.7867 -123.9882 6.6104 0.0333 -0.9983 -0.0474 0.8826 0.1210
-13.7844 -46.8785 -9.7469 -0.9999 -0.0164 0.0044 0.5728 0.6868
-2.3970 -100.1065 24.0941 0.1191 -0.0316 0.9924 0.0679 0.9000
0.4203 -123.2993 4.6149 0.1126 -0.9935 -0.0141 0.9194 0.1130
0.0682 -62.5276 24.1504 0.1048 0.0526 0.9931 0.0581 0.7498
-13.3230 -93.8604 -22.8515 -0.9714 0.0716 -0.2264 0.6252 0.8746
12.0119 -86.7497 23.3509 -0.2150 -0.0042 0.9766 0.0103 0.8466
-10.8319 75.0592 -24.3003 -0.1634 -0.0047 -0.9865 0.1317 0.1964
13.2422 72.4116 -8.5623 0.9996 -0.0020 0.0292 0.2989 0.2029
12.8946 -96.7497 23.7807 0.0575 0.0413 0.9975 0.0068 0.8866
-5.4445 -14.5675 24.5888 -0.0024 -0.0398 0.9992 0.0801 0.5580
-11.6322 52.0895 -23.9153 -0.4451 0.0038 -0.8955 0.1285 0.2882
-11.2248 109.3025 -24.3647 -0.3374 0.0030 -0.9414 0.1301 0.0595
-11.2248 109.3025 -24.3647 -0.9138 -0.0151 -0.4059 0.8089 0.2330
13.8308 9.9109 22.9240 0.7500 0.0171 0.6612 0.0031 0.4602
-12.5975 9.1311 24.3351 -0.9159 0.0377 0.3995 0.4366 0.4629
-12.5975 9.1311 24.3351 -0.4360 -0.0017 0.9000 0.1087 0.4633
-13.3365 -88.8647 -23.0620 -0.9979 0.0649 0.0031 0.6260 0.8546
-13.3365 -88.8647 -23.0620 -0.7338 0.0826 -0.6743 0.1217 0.8517
13.2704 -42.8451 23.5462 0.9664 -0.0151 0.2565 0.4272 0.6637
-6.6345 124.3903 -3.4522 0.0555 0.9983 -0.0192 0.7298 0.0825
-13.0032 70.6118 -21.9641 -0.9579 0.0062 -0.2871 0.6216 0.2172
2.3277 -123.0272 14.2155 0.1381 -0.9902 0.0191 0.9270 0.1514
13.3669 -90.1084 23.5252 0.6109 0.0130 0.7916 0.0049 0.8600
13.3669 -90.1084 23.5252 0.9514 0.0005 0.3080 0.4271 0.8526
13.1592 10.5025 -23.7042 0.5778 0.0027 -0.8162 0.2276 0.4545
-12.7184 -49.3515 24.5407 0.0566 -0.0065 0.9984 0.1092 0.6971
-0.9851 123.6705 24.1491 0.0787 0.3601 0.9296 0.0623 0.0054
-0.9851 123.6705 24.1491 0.0701 0.5749 0.8152 0.7072 0.1928
-12.9473 116.5994 9.0671 -0.5909 0.3725 -0.7156 0.7892 0.2168
-13.4612 35.7022 -15.5349 -0.9999 0.0035 -0.0112 0.5959 0.3567
14.0228 -23.0639 -4.1242 0.9999 0.0130 0.0031 0.3166 0.5846
13.6018 -2.8392 23.0562 0.5876 -0.0050 0.8091 0.0040 0.5112
-13.7931 -14.4520 -8.1644 -0.9999 0.0012 0.0104 0.5665 0.5572
-12.8787 -60.9498 -22.8728 -0.8999 0.0010 -0.4361 0.6253 0.7431
-12.8787 -60.9498 -22.8728 -0.3034 0.0155 -0.9527 0.1235 0.7401
13.4483 58.8304 23.5530 0.6243 -0.0265 0.7808 0.0046 0.2646
13.4483 58.8304 23.5530 0.9129 0.0050 0.4082 0.4273 0.2572
13.5526 18.8930 3.6362 0.9984 0.0148 -0.0538 0.3476 0.4169
13.5349 -99.7727 -0.0951 0.9994 -0.0355 -0.0053 0.3327 0.8912
0.9884 -44.6306 24.2168 0.0647 -0.0104 0.9979 0.0544 0.6782
-12.7358 -2.3599 24.2039 -0.9300 0.0232 0.3668 0.4371 0.5089
-12.7358 -2.3599 24.2039 -0.6123 0.0086 0.7906 0.1093 0.5092
-13.3624 -48.5885 -21.7340 -0.9791 -0.0161 -0.2025 0.6207 0.6936
13.7116 101.6790 -8.0884 0.9997 -0.0231 0.0011 0.3008 0.0859
-13.7969 -59.1267 -3.7026 -0.9999 0.0070 -0.0117 0.5486 0.7358
3.2532 123.7911 -9.6533 0.0744 0.9972 -0.0010 0.6903 0.0577
-13.5555 16.3121 -1.7522 -0.9999 0.0014 0.0123 0.5409 0.4342
-4.9973 -69.1139 -23.9605 -0.0333 0.0077 -0.9994 0.1550 0.7727
13.0233 57.7247 23.9063 0.4729 0.0003 0.8811 0.0063 0.2691
-12.4546 27.0477 24.3240 -0.9232 -0.0033 0.3842 0.4366 0.3913
-12.4546 27.0477 24.3240 -0.6355 -0.0152 0.7719 0.1081 0.3917
12.7578 -42.7809 23.9914 -0.0217 0.0340 0.9992 0.0073 0.6708
-3.0303 123.8379 24.2068 0.0210 0.3129 0.9496 0.0705 0.0048
-3.0303 123.8379 24.2068 0.0663 0.7256 0.6849 0.7154 0.1930
-12.3845 -119.4644 20.8236 -0.9954 -0.0530 0.0801 0.9762 0.2004
-12.3845 -119.4644 20.8236 -0.6292 0.4285 0.6485 0.1079 0.9774
-12.3845 -119.4644 20.8236 -0.7414 -0.6447 0.1861 0.7670 0.1793
13.4306 94.4453 22.1883 0.9979 -0.0501 0.0421 0.4218 0.1149
-13.2226 -5.6738 -22.1327 -0.8698 0.0139 -0.4932 0.6223 0.5221
-13.2226 -5.6738 -22.1327 -0.5316 -0.0016 -0.8470 0.1221 0.5191
13.1911 75.3156 4.4082 0.9987 -0.0013 -0.0510 0.3507 0.1913
5.4651 -122.3735 -22.1470 0.0962 -0.9919 -0.0833 0.9396 0.0061
12.9991 -78.6739 23.7970 0.2681 0.0007 0.9634 0.0064 0.8143
-13.6416 -56.2475 15.1800 -0.9997 0.0060 0.0241 0.4732 0.7243
11.1932 -90.3912 -23.6001 0.1398 -0.0001 -0.9902 0.2197 0.8578
-12.6638 -27.3651 24.6482 -0.3743 -0.0212 0.9271 0.1090 0.6092
-13.4034 66.0176 -7.2289 -0.9999 0.0068 0.0087 0.5627 0.2355
8.1994 -122.2143 9.4108 0.1741 -0.9843 0.0278 0.9505 0.1322
14.0944 15.4443 15.5629 0.9996 0.0093 -0.0260 0.3953 0.4307
12.0755 -75.2500 23.4620 -0.4092 -0.0095 0.9124 0.0101 0.8006
-12.4741 119.8901 -23.2559 -0.3662 -0.0011 -0.9306 0.1251 0.0172
13.6965 11.3562 -13.0086 0.9991 -0.0113 0.0399 0.2811 0.4470
13.5765 -114.5908 22.0201 0.9994 -0.0035 -0.0348 0.4211 0.9505
-4.2976 -122.9727 -19.2554 0.0227 -0.9983 -0.0542 0.9005 0.0176
-13.0281 19.2472 -22.3358 -0.5697 0.0112 -0.8217 0.1229 0.4195
14.0642 21.9670 22.4648 0.9645 -0.0050 0.2642 0.4229 0.4046
-13.5323 -69.1149 22.6974 -0.9984 0.0106 0.0547 0.4431 0.7757
13.8476 47.6769 -20.8359 1.0000 -0.0020 0.0078 0.2498 0.3018
13.2599 -8.9003 23.2346 0.2772 0.0089 0.9608 0.0053 0.5354
13.7623 -7.9170 -9.1467 0.9997 0.0170 0.0152 0.2965 0.5240
14.0576 -44.4926 -5.7008 0.9998 0.0011 0.0184 0.3103 0.6702
-12.6543 119.0656 22.2259 -0.9947 0.0302 -0.0983 0.4450 0.0235
-6.8622 111.1425 -24.6884 -0.0287 0.0187 -0.9994 0.1476 0.0522
13.2330 -60.8174 23.6483 0.4412 -0.0268 0.8970 0.0055 0.7429
13.2330 -60.8174 23.6483 0.9099 -0.0076 0.4148 0.4276 0.7355
13.1381 66.8992 23.9251 0.6558 -0.0209 0.7547 0.0058 0.2324
11.2204 -21.2467 -23.9753 0.1015 -0.0079 -0.9948 0.2199 0.5814
8.8457 -122.2177 -1.1428 0.1502 -0.9884 0.0204 0.9531 0.0900
-8.9626 -122.5911 -22.9945 0.0412 -0.0748 -0.9963 0.1392 0.9865
-8.9626 -122.5911 -22.9945 0.0395 -0.6276 -0.7776 0.8819 0.0027
-13.4654 -102.5173 -20.9799 -0.9891 0.0090 -0.1472 0.6177 0.9092
-12.6508 -71.8530 -23.1445 -0.1559 0.0072 -0.9878 0.1244 0.7837
-13.6137 18.2197 -11.1207 -0.9999 0.0116 0.0015 0.5783 0.4266
13.1677 53.2358 -0.7655 0.9999 0.0082 -0.0068 0.3300 0.2796
-13.2824 -29.6866 -22.0825 -0.7858 0.0263 -0.6180 0.1219 0.6151
13.2256 108.1750 -23.1601 0.8793 0.0098 -0.4763 0.2405 0.0600
6.3778 -64.3023 -24.2358 0.0369 -0.0055 -0.9993 0.2005 0.7535
13.6639 63.1391 15.4061 0.9998 0.0051 -0.0195 0.3947 0.2400
-7.4861 -46.0109 24.6625 0.0094 0.0044 0.9999 0.0883 0.6837
14.0857 -77.7170 -19.1886 0.9997 -0.0018 -0.0234 0.2564 0.8031
13.4919 88.2136 14.9993 0.9999 -0.0031 -0.0097 0.3931 0.1398
-13.8015 -32.0514 -9.7132 -0.9999 0.0030 0.0097 0.5727 0.6275
13.3435 -40.3876 22.8354 0.7691 0.0341 0.6382 0.0050 0.6612
13.3435 -40.3876 22.8354 0.9797 0.0699 0.1880 0.4244 0.6538
8.3101 -71.1042 -24.0888 0.1150 -0.0017 -0.9934 0.2082 0.7807
-13.7934 -74.4528 -6.3433 -0.9999 0.0045 -0.0151 0.5592 0.7970
-3.5960 17.9008 24.5731 0.1168 0.0911 0.9890 0.0727 0.4282
3.3256 32.0109 24.0749 0.0636 -0.0121 0.9979 0.0451 0.3718
-11.9839 78.8627 24.4484 -0.4424 -0.0012 0.8968 0.1063 0.1846
-13.2438 117.1754 -8.9745 -0.8517 0.2184 0.4764 0.5697 0.0310
10.8304 -121.9456 -4.3872 0.2421 -0.9702 0.0022 0.9610 0.0771
-11.1176 -119.8219 21.0953 0.5161 0.1465 0.8439 0.1028 0.9788
-3.2600 -121.5061 22.1630 -0.0683 0.8087 0.5842 0.0714 0.9855
6.0338 -63.2839 23.7135 0.0618 -0.0624 0.9961 0.0342 0.7528
-13.6396 115.5573 -16.3391 -0.9991 -0.0031 -0.0418 0.5992 0.0375
-3.8522 124.2933 -2.4176 0.0537 0.9984 -0.0150 0.7187 0.0866
-12.9680 -52.9421 24.5224 -0.2479 0.0104 0.9687 0.1102 0.7114
7.9104 -106.8192 23.5186 0.0044 -0.0232 0.9997 0.0267 0.9268
11.9991 -81.5158 23.4145 -0.2322 -0.0115 0.9726 0.0104 0.8257
13.5690 122.2357 0.4188 0.9079 0.4189 -0.0158 0.3348 0.0038
13.5690 122.2357 0.4188 0.7685 0.6397 -0.0110 0.6490 0.0979
-13.1316 37.3601 14.1775 -0.9989 0.0053 0.0469 0.4772 0.3501
-12.7127 103.4336 23.9362 -0.9495 0.0077 0.3137 0.4382 0.0860
-12.7127 103.4336 23.9362 -0.7811 -0.0247 0.6240 0.1092 0.0863
0.0736 -92.9645 23.8976 0.0889 -0.0767 0.9931 0.0581 0.8714
-5.4730 -123.9564 11.3021 0.0512 -0.9986 -0.0102 0.8958 0.1398
13.8491 7.0370 -18.9264 0.9999 -0.0019 0.0145 0.2575 0.4643
7.3694 -122.3113 11.1876 0.1706 -0.9847 0.0348 0.9472 0.1393
-9.4243 -119.3163 23.1122 -0.0184 -0.9193 0.3931 0.7788 0.1884
-5.5215 -121.8327 -23.0297 0.0147 0.2908 -0.9567 0.1529 0.9835
-13.4668 -35.6330 -21.6207 -0.9499 0.0057 -0.3126 0.6203 0.6419
6.4190 -122.1791 -22.6024 0.0776 -0.8509 -0.5196 0.9434 0.0042
11.4250 -64.3501 23.3660 -0.0026 -0.0041 1.0000 0.0127 0.7570
7.4341 -103.8942 -23.9520 0.0695 -0.0199 -0.9974 0.2047 0.9117
13.9739 121.0923 16.2901 0.9980 0.0632 0.0013 0.3982 0.0083
-9.6221 97.7615 -24.5599 -0.0975 -0.0146 -0.9951 0.1365 0.1056
9.1606 -122.2100 -5.8900 0.1276 -0.9918 -0.0060 0.9543 0.0710
13.1337 53.8656 -23.6966 0.5318 -0.0012 -0.8469 0.2275 0.2811
-13.0203 40.5882 -22.1869 -0.9294 -0.0047 -0.3691 0.6225 0.3372
-13.0203 40.5882 -22.1869 -0.7127 0.0059 -0.7015 0.1230 0.3342
-11.6082 -14.6323 24.5861 0.0113 0.0129 0.9999 0.1047 0.5583
-12.5989 76.7904 23.1553 -0.9909 -0.0089 0.1342 0.4413 0.1925
-12.6064 -12.1154 24.5508 -0.4430 0.0110 0.8965 0.1087 0.5482
-13.3976 55.4852 2.7298 -0.9999 0.0064 0.0156 0.5229 0.2776
-13.8667 -90.8432 -10.0513 -0.9996 0.0197 -0.0225 0.5740 0.8626
13.5184 93.5817 9.2937 0.9988 -0.0487 -0.0043 0.3703 0.1183
-13.4564 52.7201 -8.6231 -1.0000 0.0037 -0.0016 0.5683 0.2887
13.9487 37.8434 19.2170 0.9999 0.0109 -0.0021 0.4099 0.3411
-6.0661 124.5345 19.3911 0.0694 0.9968 0.0405 0.7275 0.1738
-7.7433 -39.2134 24.6526 -0.0142 -0.0147 0.9998 0.0893 0.6566
7.2810 -28.3868 -24.2797 0.0379 -0.0135 -0.9992 0.2041 0.6099
-6.6813 -110.7979 24.3215 0.1339 0.0530 0.9896 0.0851 0.9427
-2.1535 -123.3611 -2.3902 0.0617 -0.9978 -0.0235 0.9091 0.0850
-13.7703 -29.3956 -17.8808 -0.9994 -0.0047 -0.0352 0.6053 0.6169
13.3844 -104.8470 1.4498 0.9994 -0.0247 -0.0226 0.3389 0.9115
13.8375 -116.1385 -22.3490 0.9967 -0.0589 0.0553 0.2438 0.9566
13.4817 83.1702 -14.7089 0.9989 -0.0054 0.0471 0.2743 0.1599
-13.2998 38.1603 10.0212 -0.9994 0.0075 0.0346 0.4938 0.3469
13.9650 -99.8055 -22.4233 0.7955 0.0059 -0.6060 0.2308 0.8954
13.9650 -99.8055 -22.4233 0.9998 -0.0030 -0.0204 0.2435 0.8914
-7.7763 105.0208 -24.6576 -0.0439 -0.0029 -0.9990 0.1439 0.0766
3.7452 -91.6393 23.7968 0.0375 0.0032 0.9993 0.0434 0.8661
-12.5162 28.7569 -22.7331 -0.7166 -0.0031 -0.6975 0.1250 0.3815
-3.5598 -123.1358 -15.6045 0.0420 -0.9982 -0.0424 0.9035 0.0322
-13.0468 69.6843 12.9169 -0.9988 -0.0175 0.0457 0.4822 0.2209
-13.8100 -24.9365 -10.8642 -1.0000 -0.0048 0.0068 0.5773 0.5991
-14.2200 -100.1717 1.5874 -0.9999 0.0112 -0.0096 0.5275 0.8998
1.6554 -122.8010 -18.0470 0.0629 -0.9972 -0.0399 0.9243 0.0224
-12.9460 -64.7228 -22.8022 -0.9287 0.0425 -0.3684 0.6250 0.7581
-12.9460 -64.7228 -22.8022 -0.4319 0.0610 -0.8999 0.1233 0.7552
-13.2291 -95.9899 -22.9370 -0.9616 0.0677 -0.2661 0.6255 0.8831
2.0598 3.4486 24.0546 0.0822 -0.0386 0.9959 0.0501 0.4860
13.3413 45.0575 -8.2510 0.9995 0.0087 0.0319 0.3001 0.3123
-12.3016 53.6495 24.3538 -0.9109 0.0227 0.4120 0.4365 0.2850
-12.3016 53.6495 24.3538 -0.5694 0.0107 0.8220 0.1075 0.2853
-12.7955 106.7402 23.1101 -0.9959 -0.0034 -0.0901 0.4415 0.0727
9.8285 78.3959 24.3781 0.0373 -0.0022 0.9993 0.0191 0.1864
2.4668 -76.9177 23.9727 0.0979 0.0073 0.9952 0.0485 0.8073
-13.8283 -57.9122 1.0697 -1.0000 0.0086 -0.0039 0.5296 0.7309
-12.5186 -105.1307 24.5602 -0.3208 -0.0006 0.9471 0.1084 0.9201
-7.4777 -123.9521 7.1026 0.0290 -0.9993 -0.0228 0.8878 0.1230
13.6931 95.6460 12.8358 0.9972 -0.0748 -0.0012 0.3844 0.1101
-13.9674 -107.1222 18.4694 -0.9990 0.0004 0.0438 0.4600 0.9276
-7.5843 -123.4079 -12.5928 -0.0001 -0.9973 -0.0734 0.8874 0.0443
14.0400 -14.8734 17.7840 0.9998 -0.0104 0.0159 0.4042 0.5518
-13.2611 5.7513 -22.0799 -0.9253 -0.0173 -0.3788 0.6221 0.4764
-13.2611 5.7513 -22.0799 -0.6379 -0.0011 -0.7701 0.1220 0.4734
-11.8873 41.3441 24.6114 -0.1642 -0.0082 0.9864 0.1059 0.3345
14.0033 -23.1825 0.6343 1.0000 -0.0008 -0.0041 0.3356 0.5851
-13.4020 -116.2239 -21.9723 -0.9946 -0.0949 0.0416 0.6217 0.9640
-13.0570 120.7348 -22.8425 -0.9499 0.0925 -0.2985 0.6252 0.0168
-13.0570 120.7348 -22.8425 -0.5530 0.1845 -0.8125 0.1228 0.0138
-13.0570 120.7348 -22.8425 -0.6575 0.6705 -0.3438 0.8948 0.1935
13.9965 -30.2011 10.0915 0.9999 -0.0122 0.0071 0.3734 0.6131
7.2996 102.3722 24.5380 0.0476 -0.0118 0.9988 0.0292 0.0906
-13.5809 24.3911 -14.8759 -0.9999 0.0085 -0.0090 0.5933 0.4019
13.8150 104.4959 -1.3384 0.9996 -0.0255 -0.0108 0.3278 0.0747
-13.3534 83.3081 1.0241 -0.9996 -0.0173 0.0219 0.5298 0.1664
-13.7410 -63.1708 -11.8962 -0.9999 -0.0006 -0.0133 0.5814 0.7519
4.2774 -120.3116 21.9520 -0.1207 -0.7626 0.6356 0.8336 0.1838
4.2774 -120.3116 21.9520 -0.0148 0.0897 0.9959 0.0412 0.9807
7.6785 -121.5370 -22.9253 0.0500 0.0089 -0.9987 0.2057 0.9823
-7.7921 8.9519 24.5923 -0.0498 -0.0433 0.9978 0.0895 0.4640
9.3614 -121.1829 -22.8551 -0.0260 0.0399 -0.9989 0.2124 0.9809
14.1708 -62.7313 -17.8552 0.9999 0.0009 -0.0145 0.2617 0.7432
5.1950 -87.7788 23.6314 0.0542 -0.0347 0.9979 0.0376 0.8507
-12.6457 67.3649 21.8872 -0.9989 0.0135 0.0438 0.4464 0.2301
-13.7537 -45.7304 -6.1728 -1.0000 -0.0085 -0.0014 0.5585 0.6822
-5.3667 55.0509 24.6944 -0.0070 0.0057 1.0000 0.0798 0.2797
13.8896 -107.3866 -22.5608 0.7557 0.0209 -0.6546 0.2305 0.9257
13.8896 -107.3866 -22.5608 0.9778 0.0044 -0.2096 0.2429 0.9217
-9.5504 -99.4630 24.5759 -0.0496 -0.0380 0.9980 0.0965 0.8974
9.5591 -105.7217 -23.6996 0.1040 -0.0177 -0.9944 0.2132 0.9190
-6.4694 -124.1504 18.3276 0.1090 -0.9940 -0.0039 0.8918 0.1679
13.5604 -103.1392 -12.7812 0.9985 -0.0245 0.0485 0.2820 0.9047
-12.3053 111.6683 -2.9907 -0.9860 0.1533 0.0649 0.5458 0.0530
-12.3053 111.6683 -2.9907 -0.5281 0.7958 0.2964 0.8158 0.2134
-13.4760 41.9918 -6.4664 -1.0000 0.0033 0.0081 0.5597 0.3316
13.3891 -106.3947 -10.6698 0.9992 -0.0272 0.0296 0.2905 0.9177
1.9110 -119.4167 -23.4432 0.0005 -0.4010 -0.9161 0.1826 0.9738
1.9110 -119.4167 -23.4432 -0.0139 -0.5874 -0.8092 0.8241 0.0023
-13.2654 56.2657 9.3423 -0.9995 0.0035 0.0303 0.4965 0.2745
13.2648 -49.1878 23.3102 0.9827 0.0118 0.1847 0.4263 0.6890
-13.0857 -79.4391 -22.4761 -0.9822 0.0165 -0.1872 0.6237 0.8170
-13.0857 -79.4391 -22.4761 -0.7689 -0.0647 -0.6361 0.1227 0.8140
-13.4405 -8.3383 -21.8803 -0.9636 -0.0088 -0.2673 0.6213 0.5328
-13.4405 -8.3383 -21.8803 -0.7589 -0.0018 -0.6513 0.1213 0.5298
-4.0914 -123.8783 14.8502 0.1250 -0.9921 0.0083 0.9014 0.1540
-13.3293 -118.0128 -21.0782 -0.9977 -0.0211 -0.0652 0.6181 0.9712
1.1456 121.9211 -23.2374 -0.0370 0.2431 -0.9693 0.1796 0.0091
1.1456 121.9211 -23.2374 -0.0251 0.6269 -0.7787 0.8932 0.2503
-2.0403 122.0065 23.8100 -0.0027 0.6592 0.7520 0.8801 0.2406
14.1618 -65.6754 -12.6762 1.0000 -0.0025 0.0045 0.2824 0.7549
12.9804 -22.5263 -23.7503 0.3793 0.0098 -0.9252 0.2269 0.5865
13.4099 -102.8864 -0.7003 0.9992 -0.0399 -0.0086 0.3303 0.9037
13.1775 -16.6012 -23.6493 0.5241 -0.0000 -0.8517 0.2277 0.5628
-11.7758 63.4644 -23.3483 -0.9274 0.0101 -0.3739 0.6364 0.1766
-11.7758 63.4644 -23.3483 -0.8612 0.0151 -0.5081 0.1279 0.2427
-11.8834 66.2891 -23.1171 -0.9254 -0.0329 -0.3775 0.6355 0.1654
-11.8834 66.2891 -23.1171 -0.6248 -0.0225 -0.7805 0.1275 0.2315
-13.4222 59.3492 -9.5765 -1.0000 0.0024 -0.0028 0.5721 0.2622
-12.8278 121.1434 23.8149 -0.9744 0.0544 0.2182 0.4387 0.0152
-12.8278 121.1434 23.8149 -0.8582 -0.0022 0.5133 0.1096 0.0155
-12.6508 116.0908 24.0934 -0.9171 0.0227 0.3979 0.4375 0.0354
-12.6508 116.0908 24.0934 -0.7258 0.0062 0.6878 0.1089 0.0357
-13.6356 -5.9236 2.6464 -0.9998 0.0046 0.0168 0.5233 0.5231
-12.2500 121.5636 8.4620 -0.9990 -0.0064 0.0446 0.5000 0.0135
-11.2691 110.2914 -24.3039 -0.7281 0.0089 -0.6854 0.1300 0.0556
-11.2691 110.2914 -24.3039 -0.9246 -0.0131 -0.3808 0.8086 0.2291
-9.8802 95.7362 -24.5527 -0.1111 0.0223 -0.9936 0.1355 0.1137
-7.0608 -18.2833 -23.7944 -0.0863 -0.0027 -0.9963 0.1468 0.5695
-12.9868 111.1241 17.0745 -0.9976 -0.0064 0.0683 0.4656 0.0552
13.8089 -30.4467 -22.8402 0.9886 -0.0068 -0.1501 0.2418 0.6141
13.8089 -30.4467 -22.8402 0.8448 0.0090 -0.5350 0.2302 0.6181
-13.3025 58.3416 7.2712 -0.9999 0.0030 0.0162 0.5048 0.2662
13.4327 -59.0071 -23.3729 0.5263 -0.0052 -0.8503 0.2287 0.7323
-3.7180 -123.8156 16.9039 0.1190 -0.9927 0.0191 0.9028 0.1622
-11.5189 51.1393 -23.9750 -0.3606 0.0018 -0.9327 0.1290 0.2920
-13.3447 -37.6881 -21.8573 -0.8763 -0.0092 -0.4817 0.6212 0.6501
-13.3447 -37.6881 -21.8573 -0.8603 -0.0382 -0.5083 0.1217 0.6471
-12.0685 124.2122 -16.4833 -0.4940 0.8694 -0.0119 0.7515 0.0304
-12.3854 19.3417 24.3676 -0.6363 -0.0118 0.7713 0.1079 0.4225
13.8465 27.7434 -22.7109 0.9866 -0.0009 -0.1629 0.2423 0.3815
-13.1799 26.6035 -21.9710 -0.9566 0.0158 -0.2908 0.6217 0.3931
7.9290 -122.3924 -9.4109 0.1367 -0.9904 0.0198 0.9494 0.0570
-13.5224 -40.3674 15.4805 -0.9995 0.0067 0.0304 0.4720 0.6608
-7.7945 -6.0390 -23.7989 -0.0959 -0.0158 -0.9953 0.1438 0.5206
-13.1646 10.1418 15.8110 -0.9992 0.0035 0.0395 0.4706 0.4589
13.4520 62.3413 -23.4581 0.6919 -0.0051 -0.7220 0.2288 0.2472
-3.6527 70.5203 24.7793 0.0049 -0.0041 1.0000 0.0729 0.2179
14.1382 4.5062 20.2807 0.9999 -0.0114 0.0096 0.4142 0.4744
-12.9756 -65.4988 -22.8448 -0.9506 0.0231 -0.3096 0.6252 0.7612
-12.9756 -65.4988 -22.8448 -0.4778 0.0770 -0.8751 0.1231 0.7583
-3.3237 -104.7221 24.1933 0.0973 -0.0653 0.9931 0.0716 0.9184
-11.3435 73.9690 -24.1074 -0.7129 -0.0033 -0.7012 0.1297 0.2008
-1.6558 -123.1040 22.7285 0.1896 -0.8297 0.5251 0.9111 0.1854
5.4603 123.6130 -2.4438 0.1005 0.9949 -0.0094 0.6815 0.0865
1.7184 -123.1233 13.3282 0.1388 -0.9902 0.0157 0.9246 0.1479
12.9779 50.0492 23.8004 0.4312 0.0018 0.9022 0.0065 0.2997
-8.0124 -124.2633 22.4533 0.0631 -0.8931 0.4455 0.8857 0.1843
13.5552 22.2818 -10.0800 0.9995 0.0154 0.0271 0.2928 0.4033
10.9087 -99.3989 23.3389 -0.1177 -0.0039 0.9930 0.0147 0.8971
13.3920 65.7454 8.1801 0.9985 0.0048 -0.0549 0.3658 0.2296
-2.2918 124.0332 -14.7090 0.0451 0.9986 -0.0271 0.7124 0.0375
0.1540 54.7356 -24.5831 -0.0286 -0.0073 -0.9996 0.1756 0.2776
3 1891 463 678
3 1958 4809 8589
3 5489 1663 2757
3 2729 5716 136
3 4876 5888 7824
3 9262 5851 3742
3 4749 9275 4572
3 1818 7356 4933
3 3996 5396 7720
3 153 136 2562
3 5450 9115 3304
3 1891 8781 2028
3 9784 3900 4617
3 4358 4337 4749
3 8535 1319 1295
3 8264 4982 4548
3 9403 6343 305
3 7676 591 5732
3 4410 7268 9196
3 8391 5738 3017
3 3509 7864 3688
3 4757 7855 4454
3 7575 2234 6118
3 6990 7575 6857
3 5822 6503 2725
3 2062 7774 1085
3 8780 3025 8388
3 6256 9220 9015
3 7050 5082 2922
3 2863 8946 8854
3 2714 36 5844
3 6683 8387 3012
3 698 5955 4074
3 923 2558 331
3 4692 3090 6987
3 7290 7269 4411
3 1663 9388 4137
3 1319 6387 1704
3 2028 8781 1824
3 2496 5607 803
3 6857 3111 6990
3 2028 1824 865
3 6904 8590 3508
3 5596 9559 3807
3 6317 9610 6730
3 5388 6756 3805
3 891 9196 7268
3 1068 5610 6791
3 3634 4589 8946
3 8071 2464 2557
3 9024 9902 3162
3 2889 4190 4593
3 678 8779 1891
3 6599 9610 8780
3 2889 4593 9559
3 4328 5164 622
3 5043 3433 8773
3 4161 4937 2789
3 8496 6857 7575
3 2889 9559 4938
3 9516 4623 5055
3 9088 6118 2234
3 3636 5467 4847
3 3733 954 4941
3 766 8444 257
3 4937 5305 4879
3 4358 2788 1515
3 3634 8946 2863
3 5716 2729 7480
3 8774 6721 9242
3 8608 7639 6834
3 6852 3757 9580
3 986 6474 471
3 3237 4345 3639
3 5822 3784 2056
3 9185 5489 5329
3 9276 4338 7356
3 1594 4769 1356
3 291 7068 986
3 6583 8821 5499
3 6762 8209 6205
3 5822 8363 8124
3 4047 2752 2829
3 3873 3212 1208
3 4548 4982 1628
3 8243 1635 3067
3 7212 169 6299
3 3210 5414 9325
3 7449 6299 2811
3 7751 1993 6462
3 152 1246 1332
3 7183 1503 4337
3 9083 3999 870
3 8848 6842 6689
3 2922 7581 7050
3 9078 8238 2962
3 7157 4419 8498
3 3817 2755 7994
3 6143 4521 8946
3 1327 9138 6461
3 5104 4983 7676
3 8292 3004 1363
3 995 2788 2799
3 986 8354 6474
3 9138 1818 7750
3 3241 3902 4080
3 6404 7685 3291
3 6347 4046 6994
3 3895 9451 5404
3 8649 1650 2354
3 4936 9085 6496
3 1300 8332 296
3 8634 9717 2062
3 7132 1700 1257
3 8779 3042 1891
3 37 2332 6041
3 7641 9054 6124
3 7023 9893 7161
3 2496 8779 678
3 7285 8043 3316
3 4407 463 1891
3 331 483 6375
3 8821 2281 766
3 3805 3567 3205
3 1700 2132 5553
3 3105 7581 6347
3 6118 9220 6256
3 6387 1180 6554
3 7581 2922 2132
3 2281 226 766
3 7708 9738 9054
3 8388 3996 6599
3 8058 8535 1295
3 891 3567 9042
3 4337 1463 7183
3 1038 699 4075
3 6461 1332 1327
3 1124 7068 7304
3 8354 986 7068
3 8604 478 6905
3 5482 3567 891
3 152 7753 1246
3 4454 7855 9054
3 4407 2100 6730
3 2141 7685 8767
3 6461 9138 7750
3 4749 4337 9275
3 9906 2815 7452
3 6474 8354 8608
3 7185 9598 6031
3 5194 2116 8186
3 3162 9902 2701
3 398 9873 8865
3 2891 8325 6389
3 7452 2815 2116
3 8542 3996 8388
3 136 6852 2729
3 9116 6584 4879
3 1824 2133 2009
3 4720 5805 9088
3 1359 923 5503
3 6584 2701 9024
3 5325 3651 6503
3 6994 3105 6347
3 2962 671 753
3 169 9717 2811
3 6367 3900 9784
3 500 834 7383
3 3780 6762 1436
3 3300 5751 9761
3 3867 7961 9875
3 169 2811 6299
3 5503 5553 1359
3 680 6322 9263
3 5927 9185 9262
3 7132 7685 2132
3 7268 2009 2133
3 2557 9197 8071
3 2589 7763 9446
3 9185 6992 9262
3 7379 7158 4042
3 5194 6816 4678
3 891 7268 5482
3 2496 678 463
3 2877 1124 7712
3 6937 6331 8779
3 6987 2496 803
3 2141 6347 7685
3 3111 1660 5251
3 1661 4849 5252
3 2496 463 7257
3 3237 5034 701
3 8767 6404 3519
3 2701 9902 9024
3 190 919 201
3 2701 6584 9116
3 2062 9717 7774
3 9024 4189 2888
3 7685 6404 8767
3 2539 6584 9024
3 7575 6990 8845
3 8821 2019 4883
3 9141 9085 6404
3 3059 8892 8350
3 3580 4316 4343
3 6994 4046 5399
3 8780 542 794
3 6842 2547 8237
3 3316 542 2425
3 9592 5861 9209
3 3757 4697 9580
3 6503 5822 5453
3 4876 4305 7068
3 2922 483 331
3 3300 70 5751
3 3212 7574 2415
3 8419 2946 9580
3 7480 1578 2562
3 6376 70 3300
3 5252 3013 6991
3 4075 1660 9105
3 6027 7497 8450
3 6503 5453 5325
3 2390 4572 1116
3 7711 6264 2876
3 2039 5596 3807
3 4572 9137 1116
3 291 986 2390
3 6474 4572 471
3 3887 6143 8811
3 8419 2573 6852
3 8865 9759 2573
3 5082 7050 9209
3 8608 6834 6474
3 7628 6960 8750
3 136 6462 1993
3 1303 7154 1328
3 4617 4480 2582
3 6731 9701 5345
3 5448 3807 9559
3 9449 3988 9323
3 6757 8534 2464
3 5607 2496 3996
3 9119 3434 7151
3 4879 2539 2888
3 7257 9610 6599
3 5485 9672 8946
3 9116 5305 5485
3 2354 1650 4454
3 1704 4411 2557
3 8779 2496 6987
3 2133 1824 8781
3 6857 8496 1660
3 5103 2228 1628
3 7835 292 5041
3 5631 2876 6264
3 7304 3089 1124
3 1423 5482 6331
3 2583 2464 6869
3 8071 9043 2993
3 3828 8743 8590
3 2562 136 5716
3 4305 3089 7304
3 6331 7958 2711
3 2390 471 4572
3 8151 1937 1185
3 4876 7068 1671
3 4558 1116 9137
3 1423 3205 3567
3 4692 6987 4100
3 1332 7825 4559
3 1671 5888 4876
3 9471 9873 8450
3 3042 8779 6331
3 3900 4480 4617
3 6161 8990 7985
3 8821 6583 2281
3 8542 8388 2019
3 6554 7290 6387
3 4208 1826 2032
3 5325 8865 1370
3 9892 3548 1026
3 9761 6433 3300
3 5194 462 4571
3 2099 3659 8122
3 6367 4480 3900
3 1185 393 8151
3 7475 3212 246
3 9471 8450 7497
3 6824 4866 2675
3 4832 179 7771
3 1900 149 1586
3 5404 3545 3895
3 5941 7906 3254
3 6160 9706 6217
3 3929 92 296
3 9580 2946 6852
3 3518 9386 7023
3 2116 9721 1058
3 1696 1725 5922
3 3567 5482 1423
3 9276 7356 4573
3 1656 3757 7751
3 1026 3865 3300
3 6433 1026 3300
3 3212 1026 7595
3 3996 2496 7257
3 7885 6094 8678
3 6583 5499 6370
3 2386 1158 1846
3 2234 7575 5328
3 2697 762 7018
3 135 152 1332
3 5888 1671 1116
3 7685 7132 1257
3 1635 3693 8742
3 6869 6034 2583
3 7676 5732 4790
3 7639 4358 4749
3 6757 5365 8534
3 9042 9196 891
3 8608 8911 3537
3 4572 6474 6834
3 4906 9307 7031
3 6869 1295 6034
3 1319 6034 1295
3 1671 291 2390
3 1124 2877 4599
3 1116 1671 2390
3 2268 6993 2386
3 6322 3098 4721
3 1116 4558 7824
3 1332 6461 135
3 5518 1578 3406
3 4837 1486 7461
3 4978 4849 1661
3 7863 7151 5103
3 1660 3111 6857
3 3906 4602 2747
3 8551 1287 5928
3 3755 7065 3352
3 4559 9138 1327
3 4847 8186 5448
3 2141 8767 4046
3 4603 9325 5414
3 9717 169 8180
3 2729 9759 7480
3 1993 6852 136
3 8419 4617 2582
3 332 6376 8353
3 1339 4081 5863
3 8122 7076 324
3 3109 8972 7275
3 2056 8450 7412
3 4879 5305 9116
3 2539 4879 6584
3 4599 8608 1124
3 4389 6143 4868
3 607 1969 3653
3 9873 398 8450
3 7412 398 1852
3 5467 3636 3544
3 4480 4746 3651
3 2199 6994 5399
3 2948 5789 9699
3 3162 6645 2750
3 3992 6568 7452
3 2582 8865 2573
3 9557 6375 5082
3 5467 6816 5194
3 517 155 1733
3 5082 9209 9557
3 5751 70 6376
3 4473 1937 6871
3 1625 4821 7641
3 5399 4046 795
3 2557 2464 2583
3 2287 2992 3567
3 2464 2288 6757
3 9197 9043 8071
3 9042 3567 2992
3 5482 7268 2133
3 7049 3213 5365
3 993 7198 1508
3 950 6212 4845
3 4847 5448 3636
3 6331 6937 7958
3 2711 1423 6331
3 2557 4411 9197
3 8043 9875 7961
3 3090 7835 6829
3 3805 6829 7835
3 2711 6829 3205
3 9307 9485 3579
3 2819 5607 7720
3 6124 4757 226
3 2926 5566 9515
3 7834 9659 8854
3 5596 9660 2790
3 3807 5448 1058
3 6421 8282 3636
3 5034 3639 3500
3 2234 5328 9088
3 3162 2750 9024
3 7685 6347 7581
3 9496 6316 7813
3 3519 9085 8705
3 6124 226 2281
3 152 9239 7753
3 2725 6503 3189
3 3405 365 655
3 8450 398 7412
3 106 766 8195
3 1824 3109 865
3 9062 5631 6264
3 8865 5325 398
3 8635 7847 7146
3 3537 8911 4599
3 2876 3536 4598
3 2922 2558 923
3 2100 7275 5816
3 471 2390 986
3 3089 4305 7712
3 1124 8608 8354
3 6762 3780 3406
3 1116 7824 5888
3 8388 6599 8780
3 1245 7824 1331
3 7824 6513 4876
3 655 7543 5519
3 1578 7480 9471
3 2052 9032 4001
3 4081 2473 6707
3 8450 2056 6027
3 9759 8865 9873
3 1319 1704 2557
3 2010 4532 9747
3 1625 9307 4906
3 3519 4333 795
3 8195 226 1650
3 5399 2043 2199
3 2722 5862 2854
3 1085 4277 6201
3 3300 3865 6376
3 3105 9592 9209
3 2854 5862 6911
3 8599 1988 9250
3 2751 4593 9025
3 221 7284 3500
3 4201 9503 7212
3 768 4137 2051
3 7135 2605 7960
3 3090 6829 2711
3 4100 2203 4421
3 1646 7353 7049
3 3567 3805 2287
3 3090 7958 6937
3 3212 7900 2821
3 1400 1039 1793
3 2188 7049 5622
3 9152 9799 2784
3 9485 9307 1625
3 7068 1124 8354
3 7269 7290 6554
3 6404 792 3519
3 2583 6034 1319
3 2835 4126 3536
3 5182 3285 2690
3 1245 6513 7824
3 6842 3067 1736
3 1932 1068 4201
3 6513 7628 4876
3 2176 1262 3653
3 9239 2563 6514
3 7753 9239 6514
3 1578 5518 2562
3 7480 9759 9471
3 861 7774 9717
3 8124 3388 6067
3 7497 1578 9471
3 2425 12 9610
3 5822 8124 3784
3 6762 3193 7709
3 6376 3548 9892
3 5399 8606 2043
3 517 2854 6911
3 7960 2216 2866
3 6370 5616 6583
3 9908 922 9078
3 9019 3292 8276
3 3175 992 9852
3 3579 2019 3025
3 8388 3025 2019
3 5489 9185 5927
3 2280 6433 8391
3 6937 6987 3090
3 9717 8180 7185
3 9893 645 8571
3 762 5806 3098
3 6496 1932 4936
3 1943 6945 6745
3 5399 795 4333
3 3316 2099 794
3 7774 4277 1085
3 2557 2583 1319
3 8705 4333 3519
3 4081 684 606
3 292 7835 3090
3 8004 5388 7835
3 9893 3157 7161
3 7689 1295 6869
3 769 5388 2187
3 2464 8071 2993
3 3969 3579 3025
3 5041 8004 7835
3 4987 7201 4628
3 8606 4333 3008
3 9053 5672 1443
3 803 4100 6987
3 6031 9598 9503
3 6937 8779 6987
3 5396 3996 8542
3 2729 6852 9759
3 7031 8141 4906
3 6568 861 7185
3 3849 3992 7452
3 2690 173 5182
3 6347 2141 4046
3 5396 766 257
3 5746 1473 8999
3 7154 6762 1328
3 169 9503 9598
3 8130 9852 992
3 7323 8069 654
3 4678 6816 5467
3 3733 6264 7711
3 7543 7629 2563
3 9592 9701 6731
3 9761 5751 2722
3 6375 2922 5082
3 6375 483 2922
3 2722 5751 5862
3 7628 4305 4876
3 3757 1993 7751
3 4314 5474 5918
3 517 2272 3475
3 6322 2687 207
3 8781 6331 5482
3 3992 861 6568
3 4933 7750 1818
3 9078 3945 3929
3 645 9893 7023
3 3639 4345 6645
3 9083 870 7464
3 2871 306 190
3 701 5034 3500
3 865 7275 4407
3 1818 9138 4573
3 6264 6689 1736
3 3536 7151 2835
3 7716 719 799
3 2133 8781 5482
3 9014 8444 766
3 834 6712 7383
3 9054 9738 4454
3 6260 1754 5732
3 8742 8195 1650
3 2009 7268 6553
3 4085 7692 5122
3 4941 954 8848
3 2835 7151 7863
3 5554 7180 3241
3 2026 7323 4661
3 4305 8750 3734
3 7068 291 1671
3 6756 2287 3805
3 6849 7628 8102
3 5400 8004 8622
3 1977 9340 2942
3 4305 7628 8750
3 6960 7628 6849
3 6027 2056 1303
3 6331 8781 3042
3 1328 6762 3406
3 6143 4389 4521
3 6829 3805 3205
3 7023 5054 5173
3 5519 7543 2563
3 6761 4673 1437
3 7845 4430 3433
3 4454 8538 9119
3 3544 9579 9771
3 3817 672 2280
3 5041 292 4692
3 8745 7272 778
3 1742 524 5145
3 9054 7855 4757
3 5467 5194 8186
3 2993 2288 2464
3 7174 92 1291
3 7709 3784 8124
3 3189 6503 7174
3 8635 2043 7847
3 9800 6283 2269
3 9209 7050 3105
3 5861 5750 9557
3 1650 8649 8742
3 9672 4161 2789
3 4592 2750 6645
3 4879 2888 4937
3 2039 1058 9721
3 1300 296 2280
3 4513 9497 7565
3 7453 1294 6645
3 2863 3335 3634
3 7523 622 6538
3 8854 9659 2863
3 8534 6869 2464
3 769 6756 5388
3 7689 6869 8534
3 6926 2762 9713
3 3213 7689 5365
3 842 8933 6538
3 4571 3992 3849
3 1703 9253 9449
3 5929 5414 3210
3 4868 3887 9340
3 3205 1423 2711
3 2711 7958 3090
3 817 4685 7453
3 2762 1248 5851
3 8899 6945 1943
3 817 5485 4521
3 4593 4190 9025
3 7274 1760 221
3 9388 5927 4137
3 9712 8492 1898
3 5190 4965 1786
3 3522 317 3434
3 7111 915 6283
3 5805 761 6649
3 2187 5388 7094
3 3639 5034 3237
3 7865 9579 3544
3 2866 8353 2415
3 5729 5215 1401
3 6421 6646 3238
3 6646 6421 4593
3 3500 3639 7274
3 4315 1504 2014
3 6852 2946 8419
3 609 5252 4849
3 1656 5918 5474
3 7246 1401 5215
3 5918 7751 4934
3 1787 1463 4549
3 3651 1370 4480
3 1812 8804 8159
3 9759 6852 2573
3 3241 6053 5554
3 2627 7635 4661
3 462 404 861
3 8848 954 5879
3 922 8238 9078
3 6513 1245 7752
3 7323 5781 2627
3 6689 6264 3733
3 9758 8552 5929
3 8102 8069 6849
3 1898 1590 2672
3 4559 1327 1332
3 9105 1038 4075
3 4599 8911 8608
3 8649 2354 6264
3 4883 2019 6370
3 324 6041 2732
3 3545 5404 2725
3 5631 7151 3536
3 5880 955 2026
3 9471 9759 9873
3 1303 2056 7154
3 3405 655 5519
3 3895 8581 9451
3 1328 7497 6027
3 9250 1988 9701
3 4333 8705 7146
3 8975 2203 6745
3 6335 8599 8635
3 2854 3017 9761
3 5738 9761 3017
3 7581 2132 7685
3 1661 4074 4978
3 2043 8606 3833
3 8353 9892 2415
3 9141 3291 784
3 158 7444 8916
3 5861 9557 9209
3 3865 3548 6376
3 6375 9557 5750
3 3105 2199 9250
3 3067 8237 8243
3 1264 516 2191
3 4454 9119 2354
3 2099 8122 794
3 1733 3017 517
3 2744 7212 6299
3 6689 4941 8848
3 766 226 8195
3 8195 3693 106
3 3008 4333 7146
3 6042 7272 371
3 800 5164 7353
3 1634 1646 7049
3 8599 9250 2199
3 3213 7049 5164
3 1262 3451 9221
3 8534 5365 7689
3 9085 792 6404
3 3734 8750 6960
3 6960 6849 8069
3 5672 2473 6649
3 9088 5328 4720
3 2169 778 7272
3 5922 2755 673
3 9024 2888 2539
3 6514 2563 7629
3 8069 2026 6960
3 2562 5716 7480
3 3090 4692 292
3 7307 4678 1069
3 4419 8279 411
3 3475 2272 6911
3 8102 7628 654
3 7460 365 3405
3 7709 8124 8209
3 5781 8152 2627
3 1760 7274 7453
3 7304 7068 4305
3 3742 5851 5523
3 2199 3105 6994
3 654 5781 7323
3 1935 842 1646
3 2056 7412 5712
3 106 3693 9014
3 6433 2280 1026
3 1937 1577 4685
3 6646 4346 3238
3 6496 9085 1510
3 5457 7198 993
3 993 8280 5457
3 3545 2725 5234
3 8483 9893 8571
3 7720 5607 3996
3 6645 1294 3639
3 6421 3238 702
3 6053 3700 8444
3 4454 1650 4757
3 4100 5041 4692
3 7275 865 3109
3 8622 1 5400
3 842 800 1646
3 7095 1646 1634
3 5164 800 622
3 5622 6757 770
3 1937 4685 3845
3 9892 8353 6376
3 7545 8933 1844
3 607 3653 1262
3 5393 9010 9306
3 1922 7128 5955
3 2391 2169 7272
3 2407 5744 7158
3 4001 7198 2205
3 6421 5448 4593
3 3162 2701 817
3 7544 3994 5702
3 7446 8535 8058
3 8634 7449 2811
3 2169 404 778
3 7371 3972 2296
3 4678 7307 462
3 1704 7290 4411
3 463 4407 6730
3 3833 8606 3008
3 8590 8743 3508
3 4222 4420 1400
3 5708 7015 6797
3 9116 817 2701
3 7759 5277 3528
3 9581 7759 7018
3 5400 5388 8004
3 1891 3042 8781
3 865 4407 2028
3 3536 2876 5631
3 2116 5194 3849
3 3734 7712 4305
3 1328 6027 1303
3 3193 6762 7154
3 5029 2777 5880
3 7629 7543 655
3 2854 9761 2722
3 7082 6675 2547
3 6487 4789 4421
3 8742 8649 1635
3 5234 1233 3545
3 8606 5399 4333
3 9217 746 653
3 3828 9747 1180
3 3105 7050 7581
3 1437 3044 3779
3 3784 7709 3193
3 4481 6888 2525
3 4504 6080 8953
3 7412 1852 5453
3 3833 7847 2043
3 794 3025 8780
3 155 3475 7087
3 1817 8391 3017
3 6012 2504 3332
3 795 4046 8767
3 8946 9672 7834
3 7146 6201 28
3 3189 1291 5234
3 5485 5305 4161
3 2790 4938 5596
3 7180 834 8755
3 1635 4844 3693
3 9009 701 7284
3 702 8282 6421
3 7712 1124 3089
3 8848 3781 7082
3 5014 6395 5645
3 701 6522 7284
3 6769 2934 571
3 8069 8102 654
3 655 6393 5782
3 6433 1740 8391
3 246 2415 9892
3 2206 4845 7300
3 4328 1295 7689
3 9060 9631 1932
3 764 2051 2624
3 7460 6393 655
3 655 365 7460
3 5041 4421 8622
3 1646 7095 1935
3 7497 1328 1578
3 5782 3044 8153
3 5712 7412 5453
3 2934 5407 6109
3 2473 4081 6649
3 5365 6757 5622
3 246 9892 7475
3 9258 1448 7640
3 2819 4080 8899
3 7453 3162 817
3 2132 1700 7132
3 9579 1956 9771
3 92 3929 3945
3 6931 6455 1264
3 5674 1597 560
3 6335 5428 7199
3 1206 7083 2777
3 6911 2272 517
3 3733 4941 6689
3 6928 8412 2113
3 5345 6910 6731
3 28 6201 8383
3 7146 28 8635
3 462 861 3992
3 7449 1085 9796
3 4936 2744 9085
3 7475 1026 3212
3 9250 9592 3105
3 1852 398 5325
3 6299 8705 2744
3 6731 6910 5861
3 8975 6945 5346
3 8151 393 4590
3 3500 7274 221
3 5244 6887 5621
3 3500 6522 701
3 2871 221 4685
3 3544 8282 6113
3 3636 5448 6421
3 201 919 9009
3 4868 6143 3887
3 6992 8032 9262
3 2812 7076 4
3 702 2193 6113
3 1158 3986 2353
3 622 800 6538
3 1763 2305 9027
3 9027 1448 1188
3 5927 9388 5489
3 5622 7049 5365
3 1634 7049 2188
3 6745 4100 5607
3 6745 2203 4100
3 5164 7049 7353
3 5607 2819 1943
3 9185 5329 8846
3 3942 4137 5927
3 5317 9130 3749
3 7095 1634 2188
3 2026 955 6960
3 6425 8178 4673
3 1948 5853 3137
3 880 6067 2242
3 7323 2026 8069
3 7154 2056 3784
3 3405 3779 7460
3 6206 3874 6425
3 5946 3429 321
3 8209 6762 7709
3 6297 8581 6363
3 8391 1740 5738
3 6067 3388 9451
3 6731 5861 9592
3 6297 2242 8581
3 8899 1943 2819
3 8542 8821 5396
3 7199 3332 4614
3 2697 7018 3474
3 5345 2504 6910
3 2563 9239 152
3 8763 8391 1817
3 2504 4614 3332
3 3757 6852 1993
3 12 2425 542
3 1085 7449 8634
3 2547 8848 7082
3 5522 688 3424
3 6201 7146 9796
3 2188 5622 770
3 4127 3509 7639
3 5190 8975 8684
3 3322 1468 5452
3 3620 7591 1444
3 9014 766 106
3 2811 9717 8634
3 2801 1448 9256
3 554 2682 9202
3 7568 3544 9771
3 7356 1818 4573
3 622 8058 4328
3 6053 9014 3693
3 515 8917 2842
3 1629 4983 5104
3 2411 7569 733
3 6732 3860 7795
3 7323 2627 4661
3 1085 6201 9796
3 4420 7158 1400
3 1180 4532 2010
3 7184 2014 1504
3 5782 6393 7460
3 3406 1578 1328
3 8599 2043 8635
3 1503 7928 4337
3 3639 1294 7453
3 1703 4104 5670
3 1463 4337 1515
3 2193 9010 5393
3 1937 4473 1185
3 8829 5789 2948
3 6113 8282 702
3 3592 1291 3945
3 1411 385 2369
3 6335 28 5428
3 7568 4678 5467
3 5388 3805 7835
3 5043 9893 2942
3 5325 5453 1852
3 7012 9814 5140
3 834 7180 8243
3 5485 4161 9672
3 7834 2789 9659
3 6503 3651 7174
3 9738 3522 3434
3 2205 1456 4001
3 2039 3872 8385
3 6144 3625 192
3 6433 9761 5738
3 4161 5305 4937
3 2425 6317 7285
3 1180 9321 3828
3 6387 1319 8535
3 2028 4407 1891
3 2009 3179 2734
3 2734 1824 2009
3 1763 9027 7461
3 3508 3625 6144
3 4521 3845 817
3 9771 1238 7568
3 1934 7094 5400
3 8709 9369 1961
3 9012 4277 584
3 2305 8640 5235
3 5164 4328 3213
3 4156 6420 3936
3 3241 3700 6053
3 201 221 190
3 3544 3636 8282
3 8635 28 6335
3 8449 8107 2268
3 861 1991 7774
3 4844 1635 8243
3 8243 8237 6712
3 6299 8625 8705
3 8497 605 7070
3 1988 8599 6335
3 331 2558 2922
3 4844 7180 5554
3 1736 8649 6264
3 7640 1934 5400
3 7720 257 8444
3 1988 6335 7199
3 9166 7208 3902
3 4906 8141 8327
3 8153 3044 1437
3 1 4421 4789
3 6067 6205 8209
3 3475 2505 7087
3 4001 9032 1508
3 1711 2206 8380
3 2242 7189 880
3 9258 4837 1448
3 6769 3874 5407
3 955 3734 6960
3 1437 4673 1809
3 7635 5880 2026
3 5029 5880 7635
3 1026 2280 7595
3 8124 5404 9451
3 9451 3388 8124
3 4661 7635 2026
3 6455 8763 155
3 5822 2056 5712
3 3749 6803 8152
3 1809 8153 1437
3 4407 7275 2100
3 5499 4883 6370
3 7847 3833 7146
3 2051 8387 6683
3 7222 2598 7251
3 6067 9451 3506
3 4453 1486 7761
3 5173 2004 8397
3 7640 1 9258
3 3211 8283 3141
3 5054 7523 6538
3 8932 1934 1843
3 9256 6450 2801
3 8933 7545 8200
3 8380 1509 1711
3 8588 9732 5054
3 7094 5388 5400
3 1 7640 5400
3 4968 5084 5190
3 9010 2193 702
3 9598 8180 169
3 7284 201 9009
3 5041 4100 4421
3 7284 6522 3500
3 9010 4606 9306
3 9485 1625 5616
3 7865 9306 4606
3 6707 5672 172
3 4685 1577 2871
3 4609 423 7764
3 5735 8285 9083
3 3520 1212 5735
3 7196 9359 1479
3 8163 9130 4799
3 5607 1943 6745
3 2725 5404 5822
3 6803 5029 8152
3 4421 1 8622
3 4673 6761 6425
3 6803 1719 5029
3 5811 6602 6685
3 8009 7589 3414
3 4799 4228 476
3 8163 5029 1719
3 3044 5782 7460
3 4883 5499 8821
3 6074 3262 9087
3 9581 3816 384
3 7774 6827 1078
3 2132 923 1359
3 2280 672 7900
3 3833 3008 7146
3 1370 2582 4480
3 3592 6363 1233
3 799 298 5054
3 1 4789 4837
3 9610 463 6730
3 7810 1299 371
3 4837 9258 1
3 9784 2740 6217
3 9263 6322 5053
3 9699 9201 8298
3 2942 9381 5043
3 1656 4697 3757
3 3700 3241 4080
3 1656 2740 9580
3 9635 4796 4255
3 8678 5474 7885
3 9015 1038 9105
3 3291 9141 6404
3 8773 3157 9893
3 8678 6094 2740
3 7966 1061 3420
3 7928 5918 7355
3 9732 8200 5054
3 385 9256 2369
3 9350 3419 271
3 4837 4789 1486
3 1515 4337 4358
3 6450 718 2801
3 1635 8649 1736
3 8200 9732 8933
3 1980 2052 3451
3 7453 7274 3639
3 221 201 7284
3 4267 4606 9010
3 3499 6563 8944
3 7082 3781 5879
3 9116 5485 817
3 2014 1464 9636
3 7639 3509 3688
3 5346 6945 822
3 9387 8364 3902
3 3109 1824 2734
3 4100 803 5607
3 6539 3952 5074
3 5771 2400 2832
3 1179 2009 6553
3 7198 5457 1400
3 992 3175 8278
3 1529 5014 2691
3 822 6945 1061
3 6260 4549 2799
3 5929 3210 9758
3 2788 995 1515
3 8917 9765 385
3 9235 5346 822
3 9027 2369 1448
3 1719 6803 3749
3 192 3625 3508
3 5029 7635 8152
3 3749 8177 5317
3 2777 5029 8163
3 5407 2934 6769
3 8153 1809 3750
3 880 2981 6858
3 3779 3044 7460
3 3874 8178 6425
3 6067 653 917
3 8209 8124 6067
3 7446 8345 6767
3 1188 7461 9027
3 766 5396 8821
3 8124 8363 5404
3 9796 7146 8625
3 6583 5616 1625
3 6416 7450 7029
3 3872 2039 3580
3 4284 1560 7764
3 2799 7904 6260
3 4749 6834 7639
3 4270 6988 3841
3 257 7720 5396
3 4127 8608 3537
3 892 4181 1518
3 2835 7863 4126
3 6911 2505 3475
3 6455 5009 3854
3 517 3475 155
3 7087 8239 155
3 155 8763 1733
3 9119 8538 3434
3 1932 2744 4936
3 1448 1934 7640
3 5616 3579 9485
3 7453 6645 3162
3 5238 9235 7966
3 488 6006 1695
3 7461 1486 5003
3 7761 5084 4453
3 4968 9203 3101
3 799 8200 7716
3 7307 404 462
3 8917 515 6014
3 1486 4789 6487
3 1843 1448 2801
3 1508 7198 4001
3 8200 7545 7716
3 1061 9235 822
3 7021 5621 2257
3 684 6707 172
3 842 1935 8933
3 6538 8933 8588
3 2132 2922 923
3 5393 7865 6113
3 4965 5190 8684
3 7894 6416 4775
3 5448 9559 4593
3 5190 7761 2203
3 8899 4080 7491
3 1448 1843 1934
3 3902 7208 9387
3 5258 9904 6371
3 221 1760 4685
3 28 8383 5428
3 5003 1763 7461
3 9473 190 306
3 3749 8163 1719
3 2052 1980 2666
3 3433 4031 8773
3 5238 9492 8684
3 4606 3051 7865
3 4806 6416 7894
3 4938 9559 5596
3 1988 4614 5345
3 3361 8383 9012
3 8262 3304 2387
3 9217 5740 746
3 7834 9672 2789
3 1236 4228 4799
3 5458 2645 7584
3 917 6205 6067
3 8178 1809 4673
3 5407 3874 6206
3 5675 9898 320
3 462 5194 4678
3 3693 8195 8742
3 4658 3266 1039
3 4080 3902 7491
3 2215 5503 2865
3 4452 5854 876
3 7724 6721 5204
3 3544 6113 7865
3 3519 795 8767
3 7583 9898 5675
3 9701 1988 5345
3 5428 8383 3361
3 2388 9005 4513
3 4844 8243 7180
3 5586 6675 7082
3 8927 5741 6859
3 7635 2627 8152
3 6675 8237 2547
3 3266 4658 3451
3 1895 296 8332
3 9765 297 6450
3 7761 6487 2203
3 5003 1486 7450
3 5084 7761 5190
3 7450 1486 4453
3 7029 4453 4173
3 5084 4968 4173
3 6487 4421 2203
3 3693 4844 5554
3 8444 9014 6053
3 2819 7720 8444
3 6031 6568 7185
3 8917 7240 9335
3 7545 1844 7716
3 534 297 6014
3 8684 8975 5346
3 1843 2801 718
3 718 7715 1843
3 5453 5822 5712
3 2203 8975 5190
3 278 6351 9475
3 4617 8419 9580
3 385 1079 8917
3 1257 3291 7685
3 3420 1061 9821
3 4617 9580 9784
3 8946 4521 5485
3 5336 4202 1516
3 8975 6745 6945
3 4398 9046 64
3 1510 9085 784
3 3992 4571 462
3 7751 5918 1656
3 6424 6762 6205
3 4799 9130 1236
3 7082 2626 5586
3 5879 3781 8848
3 6256 8496 7575
3 8237 3067 6842
3 2185 9307 2332
3 1516 4202 2913
3 7083 5880 2777
3 3749 1808 8177
3 3193 7154 3784
3 3506 9451 8581
3 6110 6205 917
3 3506 8581 2242
3 6110 746 5740
3 5741 571 6109
3 2199 2043 8599
3 9217 6858 5740
3 3499 9473 306
3 4614 2504 5345
3 680 9581 762
3 3499 8944 9473
3 5729 2986 5215
3 8186 4847 5467
3 5918 4934 7355
3 4757 1650 226
3 5522 4796 9635
3 1504 4315 7929
3 9009 9473 4266
3 980 9818 1667
3 7356 4338 7930
3 5732 9448 5919
3 8164 5522 9871
3 4790 7639 7676
3 1862 9448 5732
3 5428 3361 7199
3 8239 6455 155
3 2505 6455 8239
3 4270 3740 3332
3 1665 9886 4493
3 1965 5009 6455
3 4080 8444 3700
3 3420 2244 293
3 4806 5003 6416
3 1786 4968 5190
3 8344 8699 537
3 1577 9731 234
3 104 4968 1786
3 7491 6945 8899
3 3434 317 8264
3 2747 5928 1287
3 7405 7565 9497
3 9306 7865 5393
3 1019 7918 4164
3 6048 8414 5268
3 5631 9062 7151
3 1712 2052 2666
3 306 2871 3499
3 5235 1411 2369
3 8640 6048 8917
3 8427 2926 6158
3 2071 8893 7972
3 8364 7491 3902
3 5452 9475 3322
3 4196 2436 3101
3 5621 7021 5244
3 5054 6538 8588
3 4775 6416 7029
3 9387 9821 8364
3 293 7966 3420
3 1448 4837 1188
3 7257 463 9610
3 2369 9027 5235
3 4284 5432 4609
3 475 7082 1205
3 4799 1206 8163
3 5318 3874 6769
3 8163 3749 9130
3 2205 7198 1400
3 2761 2244 9821
3 6768 1713 5317
3 7185 861 9717
3 4196 5268 6627
3 3241 7180 6085
3 5601 5048 7240
3 2942 3887 9381
3 404 2391 7178
3 1713 1236 5317
3 1969 3285 5182
3 6859 5583 9463
3 1233 8581 3895
3 2022 2761 9387
3 2242 6297 4099
3 8846 6992 9185
3 9220 4659 1038
3 324 794 8122
3 1625 6124 2281
3 1163 9606 9832
3 7146 8705 8625
3 7568 8745 1069
3 476 1206 4799
3 4160 6378 5632
3 1635 1736 3067
3 5055 2815 9906
3 5055 5530 9516
3 3109 6602 8972
3 1300 2280 8391
3 3527 7447 7478
3 637 2121 4316
3 1712 1508 2052
3 2666 7231 1712
3 3361 9012 1082
3 2136 8972 6602
3 9821 9387 2761
3 9166 7233 7127
3 5074 8650 6539
3 9387 9166 7127
3 8243 6712 834
3 9868 6638 2481
3 3451 1262 1980
3 2748 5414 5929
3 1233 5234 3592
3 7383 6675 5586
3 653 880 9217
3 6067 880 653
3 3592 5274 2616
3 2242 6067 3506
3 2547 6842 8848
3 8573 6769 571
3 6206 6109 5407
3 9463 5583 892
3 5023 2626 7082
3 6585 7415 578
3 7972 8755 2071
3 8878 2525 6888
3 1206 2777 8163
3 2009 4809 3179
3 9747 4532 1180
3 3653 1969 4959
3 7290 1704 6387
3 8572 9462 7365
3 4717 1887 8637
3 3828 192 8743
3 5318 8178 3874
3 9130 5317 1236
3 6859 9463 8927
3 4001 1456 3160
3 1508 9032 2052
3 6450 9256 9765
3 3867 9875 7811
3 4173 4775 7029
3 606 9220 6118
3 2136 6602 5811
3 3109 2734 3179
3 6842 1736 6689
3 6538 800 842
3 7231 2666 1980
3 2584 9522 9908
3 554 9202 7676
3 9492 5238 5452
3 9381 3433 5043
3 5150 5148 296
3 1862 591 2016
3 3212 2821 1208
3 6014 9765 8917
3 1262 2176 1980
3 8364 9821 7491
3 2732 3579 324
3 4229 8094 6390
3 4850 8822 1078
3 2406 4845 7769
3 1208 2821 3286
3 671 2433 6323
3 1082 7199 3361
3 5738 1740 6433
3 3286 2821 4320
3 7449 9796 8625
3 9054 7641 7708
3 7199 4614 1988
3 6379 983 2456
3 7994 414 4320
3 8383 6201 4277
3 8130 992 1509
3 9009 919 190
3 4267 8945 4606
3 1061 7966 9235
3 4685 817 3845
3 1530 739 3039
3 8141 984 8327
3 8944 6563 1056
3 3521 5142 7774
3 6370 2019 3579
3 2369 9256 1448
3 9340 4389 4868
3 9085 9141 784
3 1763 5003 2305
3 5235 9027 2305
3 8811 9381 3887
3 3436 4270 1082
3 4105 9324 4602
3 8763 6455 6931
3 2604 6943 8262
3 7894 6627 8414
3 2505 8239 7087
3 3841 5107 4073
3 8763 1817 1733
3 5656 2714 5844
3 3051 7812 1956
3 7810 1956 836
3 7571 6563 561
3 3845 6871 1937
3 8399 9601 5507
3 5048 8641 8399
3 2929 2332 9307
3 4649 4915 3518
3 6935 6390 8802
3 5054 8200 799
3 8367 9731 6935
3 8946 4589 5204
3 1956 9579 7865
3 1711 9563 3039
3 8625 6299 7449
3 6912 4744 1019
3 1486 6487 7761
3 8660 7127 8893
3 8917 6048 7240
3 1207 1681 7999
3 9009 190 9473
3 1411 1079 385
3 8684 9235 5238
3 1510 3242 5125
3 5003 7450 6416
3 5235 8640 8917
3 9335 2842 8917
3 7174 1291 3189
3 6627 5268 8414
3 4173 9077 4775
3 7405 6032 3759
3 7450 4453 7029
3 8483 7021 3563
3 6143 8774 8811
3 9606 1583 9832
3 6118 9088 5863
3 4228 1236 1713
3 4099 2981 880
3 880 6858 9217
3 6357 3132 599
3 746 6110 653
3 8572 1713 6768
3 3807 1058 2039
3 6480 4181 5946
3 3895 3545 1233
3 9166 3902 6085
3 7660 6480 5946
3 2740 1656 8678
3 2819 8444 4080
3 714 3322 208
3 8893 2388 8660
3 4099 6297 6363
3 6363 2616 4099
3 8678 1656 5474
3 2832 4496 4796
3 9387 7208 9166
3 3160 2205 3266
3 1061 6945 7491
3 5023 475 7222
3 4746 4480 6367
3 9497 1203 1024
3 6430 4202 5336
3 7615 1444 5586
3 4073 8326 3841
3 5732 4549 6260
3 673 3817 5148
3 3017 2854 517
3 3854 5860 1264
3 52 8880 4513
3 1713 3875 8744
3 3185 8880 2761
3 6931 7710 8763
3 9475 293 278
3 5330 571 8927
3 3875 1713 8572
3 6313 571 5330
3 726 7769 8650
3 9135 6377 2913
3 5670 6843 1703
3 653 6110 917
3 9166 6085 7603
3 9644 7764 423
3 4796 4496 4255
3 7134 9518 8667
3 7639 8608 4127
3 4549 1463 995
3 9871 5522 9635
3 2747 4602 5415
3 5553 1731 1700
3 887 3932 1787
3 6113 2193 5393
3 3898 7293 1089
3 9078 8727 9908
3 5104 7676 7864
3 8339 8755 500
3 1964 8123 3332
3 673 6483 5922
3 7853 118 1405
3 5542 4914 4258
3 8414 6048 8640
3 8186 2116 1058
3 8822 584 4277
3 298 5173 5054
3 9765 6014 297
3 7383 6712 6675
3 798 718 6450
3 2436 4173 3101
3 7082 475 5023
3 104 9203 4968
3 4649 8397 2004
3 4081 606 5863
3 5023 7251 7615
3 9350 5427 1583
3 3969 324 3579
3 2305 4806 7894
3 67 4074 5955
3 3841 6988 5107
3 5586 2626 5023
3 4717 8637 3482
3 5755 714 5507
3 3875 8905 6377
3 476 4228 8744
3 5252 2939 3013
3 8492 9712 2939
3 2436 4196 9077
3 7966 2686 5238
3 2942 9340 3887
3 5452 1786 9492
3 9135 2913 4202
3 5336 3875 7365
3 8622 8004 5041
3 8684 5346 9235
3 5747 4252 126
3 7571 1056 6563
3 6563 219 6912
3 9463 6313 5330
3 5741 8927 571
3 126 4252 5336
3 4775 9077 7894
3 4173 4453 5084
3 2616 6323 9630
3 6455 6013 1965
3 2191 516 4344
3 592 5974 7673
3 104 1786 1468
3 3969 3025 794
3 8934 2257 1163
3 1965 1666 6669
3 584 8822 563
3 7809 4160 8859
3 9765 9256 385
3 2912 9788 5930
3 9732 8588 8933
3 2761 8880 2244
3 9100 2948 9699
3 3051 562 1020
3 3051 4606 8945
3 1678 5087 5851
3 3051 1057 7572
3 5513 9370 3704
3 8755 834 500
3 6181 7837 9881
3 2762 5087 1678
3 2773 8646 9460
3 6969 9799 9152
3 8755 7603 6085
3 9152 6602 3109
3 7894 8414 2305
3 1069 8745 778
3 6969 3109 3179
3 3179 9799 6969
3 778 7307 1069
3 8352 923 331
3 3101 1869 4196
3 1188 4837 7461
3 7419 983 8140
3 8280 4222 5457
3 9635 5474 4314
3 5522 5771 4796
3 5853 1948 3816
3 2637 3620 2598
3 3548 3865 1026
3 8905 1516 2913
3 6627 7894 4196
3 609 4849 1059
3 2598 7615 7251
3 8744 4228 1713
3 9892 1026 7475
3 3759 537 8396
3 7223 476 8744
3 1786 4965 9492
3 2599 7223 2638
3 2617 7178 2391
3 9135 6430 1887
3 6377 8744 3875
3 3579 2732 9307
3 8905 2913 6377
3 6858 2981 3428
3 571 2934 6109
3 6313 8573 571
3 9701 9592 9250
3 2244 8880 293
3 7966 9475 2686
3 2616 6363 3592
3 2605 2216 7960
3 3592 5234 1291
3 2499 1965 6669
3 3740 4270 3841
3 7018 8410 3474
3 3059 1731 8262
3 1320 1464 1788
3 8262 8892 3059
3 5632 6378 8659
3 9636 4315 2014
3 2014 7184 1464
3 7540 1013 9839
3 9129 8099 4769
3 67 4978 4074
3 1788 2472 8165
3 2744 8705 9085
3 5474 9635 7885
3 8327 984 7844
3 7574 7960 2866
3 2472 1788 3933
3 6260 7904 1754
3 995 1463 1515
3 2016 9202 5464
3 1754 2799 2788
3 2004 5173 535
3 9404 6014 515
3 4085 4727 5779
3 9404 5532 1496
3 2113 1748 2257
3 7161 8058 622
3 8650 7769 4845
3 7023 5244 645
3 8397 7023 5173
3 3519 792 9085
3 7464 4687 3520
3 800 7353 1646
3 2034 8703 4915
3 8990 2336 5763
3 4744 3681 3704
3 8640 2305 8414
3 6649 1339 5805
3 3242 6318 2360
3 3051 8945 1057
3 9370 7646 101
3 3598 5068 2617
3 2305 5003 4806
3 8944 4266 9473
3 9821 1061 7491
3 296 5148 2280
3 2391 404 2169
3 5507 9601 5755
3 3030 8007 6585
3 52 8699 8880
3 1577 9069 2871
3 4043 5957 7380
3 5125 1932 6496
3 6370 3579 5616
3 208 8344 714
3 5554 6053 3693
3 3101 4173 4968
3 7603 7233 9166
3 197 5729 266
3 1287 1445 7246
3 5142 9240 1062
3 7774 1991 404
3 9492 4965 8684
3 2071 5613 9584
3 7603 7972 8893
3 8637 1887 6430
3 2332 2929 6041
3 7365 9462 5336
3 404 1991 861
3 9463 8573 6313
3 8893 3935 2388
3 104 4551 3101
3 324 7076 6041
3 9598 7185 8180
3 6085 3902 3241
3 3428 2981 5100
3 3332 3884 1665
3 6256 9105 8496
3 1400 7379 700
3 3322 104 1468
3 5675 6608 7583
3 4479 37 7076
3 3521 7774 404
3 8327 4821 1625
3 7674 3263 988
3 753 6323 2616
3 6528 8140 7030
3 7127 2022 9387
3 8666 1682 8276
3 793 4355 9474
3 8741 8577 3313
3 3059 8350 3242
3 508 5402 6478
3 1085 8634 2062
3 8276 99 9019
3 1074 5763 397
3 500 7383 8339
3 1082 9012 584
3 7251 5023 7222
3 1886 4716 2637
3 6599 3996 7257
3 3436 1082 584
3 3740 3841 8326
3 9475 7966 293
3 8880 8699 278
3 2499 6669 2612
3 3292 8498 8276
3 8326 9886 1665
3 8637 4252 3482
3 8339 2071 8755
3 6377 9135 7223
3 5505 5213 9442
3 6430 9135 4202
3 7212 2744 1932
3 4389 6871 3845
3 6390 8094 4505
3 9370 4744 3704
3 1100 3061 7109
3 9069 234 5513
3 8917 1079 5235
3 1977 3563 8934
3 4222 1400 5457
3 6912 219 3681
3 5601 4196 1869
3 7240 5268 5601
3 535 4649 2004
3 9830 400 5532
3 8793 8703 6887
3 7811 9875 5816
3 1869 3101 4551
3 836 9699 7926
3 9077 4173 2436
3 3518 8397 4649
3 2617 5068 2073
3 5507 714 9041
3 3581 2350 1614
3 1510 1257 1731
3 2391 7272 6042
3 9852 8130 2712
3 3266 2205 1793
3 1238 9771 1956
3 9814 1225 5140
3 4132 3175 9852
3 9119 6264 2354
3 8905 3875 5336
3 3482 4252 5747
3 7583 6323 2632
3 1887 2638 9135
3 9881 9634 2401
3 2616 9630 2981
3 7492 2584 8332
3 404 7307 778
3 1516 8905 5336
3 2638 7223 9135
3 8081 926 5954
3 6539 7292 3899
3 5586 5023 7615
3 8746 2947 5830
3 5150 7174 5148
3 2244 3420 9821
3 9035 4755 9255
3 1666 4494 8257
3 3759 9041 8344
3 1405 3598 9539
3 9012 8383 4277
3 2022 2388 3185
3 9337 1959 5283
3 4809 1958 2784
3 3828 9321 192
3 6080 8665 8953
3 5107 6988 4270
3 8962 8222 4882
3 6455 2505 6013
3 6041 2929 2732
3 2009 9746 3827
3 9496 6602 2784
3 5258 9389 3126
3 8589 4809 3827
3 6012 8123 1964
3 499 5860 4377
3 9307 2185 7031
3 8699 208 6351
3 342 9335 374
3 6031 7452 6568
3 9404 2842 4980
3 5268 4196 5601
3 9231 9830 9215
3 4551 5601 1869
3 1744 2658 8793
3 1468 1786 5452
3 9041 3759 6032
3 2206 7300 8380
3 8399 8641 9601
3 8396 7405 3759
3 2252 2361 5550
3 5755 7376 714
3 5048 5601 9601
3 297 798 6450
3 8880 278 293
3 1079 1411 5235
3 8699 8344 208
3 2022 8660 2388
3 104 3322 7376
3 9788 2912 374
3 4284 4167 7278
3 637 6781 3580
3 2864 8385 1473
3 4196 7894 9077
3 3251 2023 4031
3 2423 5148 7174
3 498 4986 7646
3 9515 2073 4940
3 6712 8237 6675
3 5204 8774 6143
3 9709 381 8799
3 516 6766 9608
3 4511 1679 8451
3 7127 7233 8893
3 8225 9864 4024
3 1665 1964 3332
3 4377 620 4355
3 3332 8123 6012
3 2077 3419 2447
3 9171 1759 5627
3 6912 1019 561
3 1287 6942 2747
3 7223 8744 6377
3 4716 7591 3620
3 8637 6430 4252
3 4181 3429 5946
3 6912 3681 4744
3 3473 8411 3638
3 9463 5330 8927
3 1817 3017 1733
3 9462 126 5336
3 1518 4181 6480
3 9005 2388 3935
3 1517 126 9462
3 7376 5755 104
3 320 5100 9630
3 7574 3873 7960
3 9475 5452 2686
3 2833 4857 6156
3 5458 6882 9414
3 1583 9606 6984
3 8007 2495 2506
3 7918 9370 4164
3 2612 3854 2499
3 101 4164 9370
3 3304 9115 2387
3 9439 8624 4377
3 2686 5452 5238
3 4355 793 499
3 9840 8140 6528
3 836 1479 7810
3 2016 7676 9202
3 3332 7199 4270
3 4270 7199 1082
3 2071 5533 5613
3 9840 7419 8140
3 5542 4258 6014
3 8793 3518 1744
3 9386 5244 7023
3 1530 3039 9563
3 534 6014 4258
3 3580 4343 3872
3 537 3759 8344
3 2388 4513 3185
3 4258 4914 534
3 4513 8880 3185
3 1284 983 6379
3 4821 8327 7844
3 4821 7708 7641
3 3638 5067 5935
3 9738 3434 8538
3 1153 1185 4473
3 545 9115 5450
3 7641 6124 1625
3 8391 7710 1300
3 5532 400 1496
3 5656 5038 7539
3 8660 2022 7127
3 6528 7030 2184
3 673 5148 2423
3 3535 2184 2331
3 4685 1760 7453
3 1980 2176 7231
3 7539 6528 2184
3 3101 9203 104
3 2177 8399 9041
3 638 4272 3103
3 9644 3456 5967
3 9041 8399 5507
3 7076 2812 4479
3 1679 7844 7306
3 6379 2456 9840
3 9359 4495 7853
3 1444 4609 5432
3 1444 7615 3620
3 6881 9442 5213
3 8081 6132 926
3 6228 4272 8937
3 9307 2732 2929
3 7036 4507 3038
3 4 9435 2812
3 7660 3716 6480
3 9537 2595 5747
3 5678 6881 5213
3 7568 5467 3544
3 5513 234 8582
3 5107 563 573
3 5583 3429 4181
3 9904 2770 7004
3 1467 5672 1118
3 6480 3716 1518
3 320 6298 5675
3 9630 6298 320
3 320 3428 5100
3 4153 6827 1062
3 2331 36 2714
3 101 9117 4164
3 6930 9442 6881
3 2320 8747 5006
3 7926 2763 836
3 3999 9160 2805
3 880 7189 4099
3 2632 2453 7036
3 4709 9436 3298
3 8745 7568 371
3 3038 4507 3915
3 3528 7018 7759
3 3740 3884 3332
3 5258 6371 3637
3 298 535 5173
3 8257 6669 1666
3 3638 5935 3473
3 4940 9661 9515
3 1078 8822 7774
3 4850 9904 7004
3 8893 7233 7603
3 3322 9475 6351
3 7004 2770 8746
3 3484 1496 400
3 4915 4649 535
3 400 5593 7998
3 6351 278 8699
3 5587 4940 3598
3 3185 2761 2022
3 3521 2617 5142
3 743 3630 7120
3 2637 4716 3620
3 1956 7865 3051
3 5587 2742 4142
3 5336 4252 6430
3 1517 5747 126
3 5573 9449 9253
3 179 4832 9146
3 7365 3875 8572
3 7659 5678 9537
3 5946 5679 7660
3 714 7376 3322
3 9898 7583 2644
3 4496 7885 4255
3 5945 320 9898
3 9083 8285 8719
3 6323 6608 5675
3 2827 617 7927
3 6217 2740 6160
3 9335 342 4980
3 563 3436 584
3 371 7568 7810
3 4549 995 2799
3 1628 2228 4548
3 6912 561 6563
3 8556 5562 2394
3 1089 2691 4777
3 4777 5014 5645
3 2788 4358 4790
3 5732 5919 887
3 7639 3688 7676
3 8165 2472 3334
3 5139 7654 2721
3 101 1992 9117
3 3935 8893 1203
3 7254 2656 3334
3 7452 6031 9906
3 9100 3051 1020
3 5995 4552 8828
3 1862 5732 591
3 6371 1078 4153
3 7972 7603 8755
3 1794 1040 3265
3 2655 7077 3333
3 2099 3316 8043
3 6085 7180 8755
3 1977 1583 5427
3 4950 6904 3508
3 9464 6790 4734
3 1299 1405 371
3 1958 6903 6208
3 5816 9875 6317
3 8257 4494 9439
3 2834 6357 8290
3 8654 1799 2422
3 3872 4343 1473
3 6766 9474 5385
3 7800 7764 9292
3 1525 7961 2174
3 7998 1680 400
3 7161 622 7023
3 3518 4915 1744
3 2205 1400 1793
3 5930 9788 6484
3 6014 9404 5542
3 5308 5593 400
3 1496 4914 5542
3 3955 1632 5060
3 2033 3484 4694
3 9497 9005 3935
3 370 374 2912
3 2842 9404 515
3 8699 52 8396
3 7759 9581 660
3 7565 7405 8396
3 9601 4551 104
3 1024 2634 9497
3 8385 9660 5596
3 3718 5930 548
3 548 5930 7369
3 8396 52 7565
3 370 2912 1806
3 9215 5532 9404
3 2714 5656 3535
3 2039 9721 3580
3 8339 5432 4284
3 5244 8571 645
3 4479 9435 37
3 2948 9100 1020
3 7240 6048 5268
3 5601 4551 9601
3 6649 4081 1339
3 3039 1088 6539
3 7278 8339 4284
3 5533 2071 7278
3 8298 2190 4249
3 1203 8893 9584
3 2948 4165 8829
3 9644 4716 7610
3 9601 8641 5048
3 7646 9370 498
3 836 7812 3051
3 562 3051 7572
3 4165 2948 1020
3 7810 1238 1956
3 7918 4744 9370
3 1058 5448 8186
3 9350 271 9340
3 7851 2041 859
3 3620 7615 2598
3 2915 4717 3482
3 9463 892 1518
3 4477 5555 9439
3 3456 4899 7610
3 563 5107 3436
3 1518 3716 7660
3 6042 371 9539
3 3845 4521 4389
3 5946 6882 5679
3 8385 3872 1473
3 9340 5427 9350
3 2616 5274 753
3 510 6422 6690
3 7375 5185 4125
3 1264 6455 3854
3 2962 4902 1835
3 8037 4623 2121
3 3564 1142 4398
3 2077 1184 8377
3 3854 5009 1965
3 9017 568 3564
3 8332 3788 7492
3 9886 4476 4493
3 2612 5860 3854
3 6891 7004 1200
3 7774 1062 6827
3 6766 516 793
3 8327 1625 4906
3 4652 3808 5650
3 1024 1203 9584
3 7501 626 4402
3 9119 9062 6264
3 52 4513 7565
3 537 8699 8396
3 5553 2132 1359
3 397 2336 7667
3 2971 2634 578
3 1207 8703 8616
3 7023 8397 3518
3 9584 8558 578
3 5906 4167 8569
3 8558 9584 5613
3 4915 2658 1744
3 4609 1560 4284
3 5343 6426 4300
3 3535 5656 2184
3 8391 8763 7710
3 2658 8703 8793
3 8984 4758 1090
3 400 1680 3484
3 8569 5533 5906
3 2184 5656 7539
3 5513 3704 219
3 7651 2294 1783
3 5757 8471 1973
3 5177 2395 5563
3 6728 548 7369
3 3304 6943 2604
3 1992 7646 8828
3 590 498 1100
3 1019 4744 7918
3 7178 3521 404
3 1665 3884 3740
3 4 7076 8122
3 7540 5037 1013
3 1759 8892 545
3 1069 4678 7568
3 3637 4153 9240
3 9359 1405 1299
3 620 6357 599
3 5586 5432 7383
3 9886 8326 4073
3 6371 9904 4850
3 9537 5213 2595
3 3637 9240 5258
3 4717 2915 3457
3 9537 1517 7659
3 2632 6663 7583
3 2595 3482 5747
3 8659 6378 9839
3 2604 5503 2215
3 4893 2420 6729
3 9414 6882 5946
3 3718 7757 6729
3 9240 4153 1062
3 371 7272 8745
3 9413 5945 9898
3 4181 892 5583
3 5048 6484 7240
3 3428 5582 6858
3 784 3291 1257
3 452 1184 1821
3 5553 5503 2604
3 8326 1665 3740
3 2073 9389 8623
3 296 1895 1346
3 531 5297 3677
3 208 3322 6351
3 4270 3436 5107
3 1681 1207 8616
3 6928 6887 5177
3 8616 4695 3485
3 279 9577 6729
3 6729 9577 9231
3 9788 9335 6484
3 926 6132 6415
3 36 9436 8653
3 219 6563 3499
3 461 723 8025
3 5995 4986 498
3 9069 3499 2871
3 36 8653 3263
3 4980 342 370
3 8829 4553 9699
3 219 3499 9069
3 531 2181 3885
3 9386 7909 5244
3 988 8653 9436
3 1987 4652 113
3 1299 5199 9359
3 9231 9577 5308
3 578 1024 9584
3 2174 5811 6685
3 9277 548 6728
3 1917 2384 5969
3 1731 3059 3242
3 2595 5505 2915
3 9442 3457 5505
3 1583 1977 9832
3 2595 5213 5505
3 7165 1268 5803
3 9335 7240 6484
3 8935 1013 5037
3 3198 7478 7447
3 5432 8339 7383
3 102 6484 8399
3 9442 6930 9385
3 7961 3659 2099
3 7610 4899 9644
3 8471 7654 3415
3 8257 9439 2612
3 75 3314 2320
3 4099 7189 2242
3 149 6464 6031
3 2763 8651 5757
3 1987 102 4839
3 8400 4078 4272
3 5587 118 7853
3 3348 8007 3030
3 6387 192 1180
3 9005 9497 4513
3 8122 3527 1833
3 4468 8937 4890
3 1950 5107 573
3 7419 9840 2456
3 3160 1456 2205
3 173 9583 8686
3 9041 714 8344
3 6094 7885 4496
3 9584 8893 2071
3 3903 9344 1563
3 3906 8285 4602
3 1835 5435 6641
3 620 8624 9439
3 5308 9830 9231
3 9240 5142 9389
3 9404 4980 370
3 4695 8703 2034
3 1681 8616 3485
3 8122 1833 4
3 9608 8332 4344
3 1806 9231 370
3 400 9830 5308
3 9404 370 9215
3 5918 7928 4314
3 573 563 8822
3 9253 4059 7173
3 4496 6160 6094
3 9389 5566 3126
3 6484 102 7369
3 1586 9503 7546
3 2191 6931 1264
3 8623 2617 2073
3 5550 8543 4947
3 6135 2712 8130
3 8822 4850 6891
3 3598 4940 5068
3 1207 7999 5177
3 6928 5177 5563
3 5074 4179 928
3 9893 5043 8773
3 8328 1748 2113
3 4549 887 1787
3 9706 6160 2832
3 6360 9690 8007
3 7546 1900 1586
3 9152 3109 6969
3 2071 8339 7278
3 192 9321 1180
3 6929 6882 5458
3 5747 1517 9537
3 1262 9221 607
3 2947 4073 1950
3 7254 9519 2656
3 2634 1024 578
3 4839 8399 2177
3 9292 4013 509
3 1754 7904 2799
3 9385 5968 9442
3 8828 4164 9117
3 3849 5194 4571
3 1038 9015 9220
3 5675 6298 9630
3 67 4849 4978
3 6649 2696 5672
3 7764 1560 4609
3 5103 7151 4548
3 6282 9384 166
3 671 4979 1835
3 1203 9497 3935
3 5432 5586 1444
3 9699 8651 7926
3 4548 7151 8264
3 8546 7667 5036
3 7830 7844 1679
3 7379 1400 7158
3 2052 4001 3160
3 1950 7004 5830
3 983 7419 2456
3 6137 7890 9336
3 4477 4858 5555
3 4462 2121 8858
3 6357 2834 6157
3 5533 1859 8558
3 8558 5613 5533
3 9862 5985 6282
3 9399 1563 4857
3 7306 1283 4160
3 8290 6357 620
3 1444 7591 4716
3 9898 2644 9413
3 4167 7764 4468
3 5650 2506 4652
3 548 7986 3718
3 6767 7347 6888
3 6585 578 3030
3 3509 4127 7864
3 2691 1089 1529
3 374 9335 9788
3 5477 8937 4468
3 6032 7405 2634
3 8385 5596 2039
3 3030 8558 1859
3 7364 8345 8604
3 1125 8604 209
3 1157 220 6099
3 2177 9041 6032
3 3451 2052 3160
3 7767 1241 2542
3 4468 8569 4167
3 5280 2538 1028
3 1859 5533 8569
3 6728 102 9277
3 4167 5906 7278
3 9515 5566 2073
3 7646 1992 101
3 6489 8840 76
3 2019 8821 8542
3 8828 9117 1992
3 3451 3160 3266
3 9046 8238 8115
3 1867 5261 9200
3 6144 6387 8535
3 6484 5048 8399
3 578 8558 3030
3 1400 700 1039
3 8659 9839 1013
3 8469 4765 4156
3 3704 3681 219
3 9601 104 5755
3 423 4609 1444
3 7161 3352 7186
3 4095 1430 501
3 3457 2915 5505
3 9644 4899 3456
3 2864 9660 8385
3 1956 7812 836
3 113 8543 9277
3 8946 7834 8854
3 5213 9537 5678
3 7178 2617 3521
3 4343 5091 8999
3 8328 1163 2257
3 3854 1965 2499
3 5427 9340 1977
3 2658 4915 8703
3 8654 4587 4434
3 8571 7021 8483
3 6032 2634 2971
3 3181 8172 7454
3 6032 2971 2177
3 5830 2947 1950
3 2770 4587 8654
3 1324 6237 501
3 8601 9750 666
3 3623 8847 987
3 6118 6256 7575
3 545 2387 9115
3 4320 7135 3286
3 5940 3564 9608
3 4590 1577 8151
3 1985 8935 1155
3 7986 548 9277
3 7369 102 6728
3 501 4893 4095
3 7196 2763 6500
3 9277 8543 2361
3 1510 784 1257
3 374 370 342
3 7909 6887 5244
3 312 8557 7474
3 4980 2842 9335
3 9277 102 1987
3 4914 1496 2033
3 2634 7405 9497
3 2033 1496 3484
3 2257 1748 8328
3 1443 3666 9053
3 7415 5650 2971
3 179 6102 4924
3 2947 1799 5730
3 4986 5995 8828
3 4160 1283 6378
3 8741 3313 2119
3 1496 5542 9404
3 4986 8828 7646
3 7764 9644 9292
3 6790 5757 8530
3 5550 8966 6997
3 7415 3961 2506
3 5513 219 9069
3 2981 4099 2616
3 6282 1851 2880
3 4652 1987 4259
3 2453 4507 7036
3 7583 6608 6323
3 2284 807 1337
3 1078 6827 4153
3 4131 1835 5241
3 75 5277 7133
3 6363 8581 1233
3 7568 1238 7810
3 1563 9344 6156
3 8822 4277 7774
3 1200 7004 1950
3 1444 4716 9644
3 1062 7774 5142
3 2469 4223 8896
3 3419 9260 1153
3 2714 3535 2331
3 2155 4467 6210
3 7611 4717 3457
3 5650 3808 2971
3 9359 5199 1479
3 7108 4703 1028
3 446 6156 3903
3 5986 6422 9385
3 9784 6217 6367
3 4377 8624 620
3 3929 296 1346
3 2177 2971 3808
3 6664 5458 7584
3 7108 1859 8569
3 2915 3482 2595
3 3451 4658 9221
3 2506 2495 210
3 7361 5979 4587
3 6422 5968 9385
3 5185 5737 4918
3 5555 8290 620
3 1987 2177 4259
3 606 6118 5863
3 2831 8741 2506
3 5478 1114 6436
3 7108 8569 4468
3 3718 2912 5930
3 2280 7900 7595
3 4602 6525 4105
3 5280 1028 5022
3 5906 5533 7278
3 4572 6834 4749
3 3298 9436 3199
3 3199 3150 3298
3 5280 3348 3030
3 3174 2461 9603
3 5729 197 9744
3 1806 2912 3718
3 2506 5650 7415
3 4468 4703 7108
3 5967 4013 9292
3 3670 2384 9292
3 2831 210 3572
3 8503 8529 3635
3 6664 9384 6929
3 5968 3457 9442
3 7764 7800 1917
3 166 9384 6664
3 7021 8571 5244
3 64 3788 9608
3 6887 7909 8793
3 5308 2394 7998
3 509 4013 5967
3 9414 2645 5458
3 4507 6323 3915
3 5844 5038 5656
3 2402 1390 944
3 2152 593 5351
3 5038 5844 3263
3 4709 988 9436
3 7574 2866 2415
3 1583 2447 9350
3 5566 8579 3126
3 4891 9733 8451
3 9830 5532 9215
3 460 4727 7795
3 1200 1950 8822
3 4495 9692 5139
3 2336 720 7667
3 8012 4781 3043
3 1430 3561 501
3 9904 5258 7090
3 2073 5068 4940
3 1479 2763 7196
3 7844 7830 4821
3 3598 2391 6042
3 3424 6975 5522
3 7922 6015 3307
3 7844 984 7306
3 8451 9733 8546
3 3739 4427 1776
3 9389 5142 8623
3 2420 6237 279
3 7651 2429 234
3 9692 9359 7196
3 9878 220 227
3 8165 9872 1788
3 1913 3424 688
3 7134 1913 7077
3 688 7077 1913
3 279 6729 2420
3 9399 9886 4073
3 8920 7399 9744
3 9690 7388 210
3 7045 9108 2646
3 9699 4553 9201
3 9908 8727 3929
3 7809 7306 4160
3 2176 1712 7231
3 4857 1563 6156
3 9636 1464 1320
3 5730 1563 2947
3 9057 599 3132
3 5055 9906 5530
3 4805 681 9456
3 1222 1542 7988
3 3634 3335 8355
3 1287 8551 1401
3 271 4389 9340
3 2880 9862 6282
3 5986 9863 6690
3 1398 4805 9863
3 5458 6664 6929
3 5402 1184 2077
3 4473 6871 271
3 5242 4110 3306
3 7247 5241 8248
3 5368 6663 2632
3 4623 8037 5055
3 2675 4866 8128
3 8552 198 265
3 9430 8128 1691
3 5563 8557 6928
3 2394 6004 8556
3 7676 3688 7864
3 9215 370 9231
3 6887 8703 1207
3 8703 4695 8616
3 7757 2361 2252
3 2942 8483 3563
3 5297 4894 3677
3 5920 3334 3933
3 1863 3334 5920
3 6500 1973 9692
3 3334 2472 3933
3 9002 8549 9655
3 2361 7986 9277
3 554 7676 4983
3 5328 7575 8845
3 2617 2391 3598
3 2926 8427 5566
3 2425 7285 3316
3 3945 1291 92
3 6403 9845 3940
3 4264 9518 2682
3 578 7415 2971
3 9690 2495 8007
3 836 3051 9100
3 5075 4272 6228
3 7151 9062 9119
3 4983 1178 554
3 3961 8007 2506
3 2189 8297 5898
3 4468 6003 5477
3 2681 2674 8127
3 7478 9435 1833
3 5182 6415 4777
3 5995 1867 9200
3 6158 6938 5827
3 4 1833 9435
3 76 1867 6489
3 1174 1013 1985
3 6360 3348 5280
3 7004 8746 5830
3 4167 4284 7764
3 5816 7275 8972
3 7654 9291 2721
3 3263 5844 36
3 1405 9539 371
3 4850 1078 6371
3 3151 592 7673
3 6649 761 2696
3 37 6041 7076
3 3527 8207 3414
3 2174 3867 5811
3 8025 9271 670
3 9610 6317 2425
3 8901 5220 2481
3 4259 2177 3808
3 9474 6051 4953
3 6903 1958 8589
3 4073 5107 1950
3 7004 6891 4850
3 4356 7956 3844
3 2176 1507 1712
3 113 4652 8741
3 1479 836 2763
3 1987 113 9277
3 9004 6003 4468
3 5075 6302 2614
3 3961 6585 8007
3 3030 2538 5280
3 9799 3179 4809
3 3030 1859 7108
3 5968 6422 510
3 2784 1958 9496
3 6137 5883 7890
3 1529 9564 1507
3 2480 5883 9867
3 6716 7139 3739
3 4947 113 2119
3 1479 1299 7810
3 1507 5014 1529
3 8037 637 9721
3 7092 8655 6036
3 1905 329 3463
3 8297 9200 5261
3 8390 8379 3308
3 681 3848 9613
3 1088 7292 6539
3 7926 8651 2763
3 1563 9399 2947
3 9456 6690 9863
3 4179 5074 3952
3 7827 6210 2013
3 2462 4811 1889
3 1479 5199 1299
3 3873 3286 7135
3 7135 7960 3873
3 6663 5368 1850
3 523 2605 7135
3 5369 5242 5243
3 6663 1850 165
3 5208 9280 3539
3 498 5513 8582
3 3061 4825 7139
3 1500 6004 2394
3 7961 2099 8043
3 1835 3038 671
3 2257 8934 7021
3 4893 7757 2252
3 1088 739 1530
3 7139 6716 7109
3 3929 8727 9078
3 271 1153 4473
3 6395 1507 4959
3 1950 573 8822
3 4293 3581 6434
3 8259 9845 3043
3 6942 1287 7246
3 8686 6597 926
3 8811 8774 7845
3 2415 246 3212
3 171 2887 7311
3 6237 9577 279
3 2420 4893 6237
3 12 8780 9610
3 4590 9731 1577
3 3056 1941 6410
3 6984 2447 1583
3 1430 8012 2827
3 3039 739 1088
3 499 793 5860
3 9845 844 9342
3 2612 6669 8257
3 8934 9832 1977
3 4476 9886 9399
3 501 7089 1324
3 8683 3888 3281
3 2298 9342 2827
3 923 8352 2865
3 862 5759 6059
3 4838 7273 1563
3 3637 6371 4153
3 3043 4781 4095
3 6891 1200 8822
3 7388 7892 4024
3 3004 3522 7708
3 4057 5112 5790
3 6237 1324 5308
3 5571 1526 1241
3 1013 8935 1985
3 383 4890 8937
3 4757 6124 9054
3 5816 6317 2100
3 2538 3030 7108
3 1620 9572 3281
3 289 2013 5477
3 1670 4590 1185
3 3572 8577 2831
3 1642 5969 3670
3 5503 923 2865
3 1917 9004 7764
3 1107 5491 9602
3 3682 59 1248
3 2941 590 7109
3 9004 4468 7764
3 1851 8789 2880
3 7174 3651 6802
3 5985 9384 6282
3 4468 4890 1028
3 1851 6282 166
3 1620 1068 6791
3 4259 3808 4652
3 3718 7986 7757
3 7415 6585 3961
3 2533 7059 6099
3 4507 2453 6323
3 7314 1999 59
3 1028 2538 7108
3 3038 3915 2433
3 6323 753 671
3 1346 1895 2584
3 8380 7300 6135
3 2770 9904 7361
3 9721 2116 8037
3 2097 8840 1113
3 5261 76 7092
3 2584 9908 1346
3 312 6928 8557
3 9513 3943 50
3 1241 1526 2542
3 1799 2947 2422
3 1500 6434 632
3 2834 8290 5555
3 9506 6158 6105
3 3598 1405 118
3 5177 6887 1207
3 7998 5593 5308
3 7546 9503 4201
3 4495 5139 7853
3 1987 4839 2177
3 3598 6042 9539
3 5860 2612 4377
3 8259 6997 3940
3 4953 6051 4355
3 2584 1895 8332
3 8645 3292 9019
3 9554 6080 4504
3 2281 6583 1625
3 1553 5036 3004
3 3598 118 5587
3 4142 2926 9661
3 5329 5489 6322
3 102 8399 4839
3 1231 8427 2702
3 9439 4377 2612
3 2941 6716 3739
3 9699 5789 8829
3 7473 8556 1500
3 234 9069 1577
3 5621 6928 2113
3 4293 1697 7653
3 1509 8380 6135
3 8367 1147 2294
3 617 9342 3793
3 7089 3561 1697
3 4781 1430 4095
3 8600 3572 7388
3 9231 1806 6729
3 7059 5186 4947
3 844 3793 9342
3 5308 9577 6237
3 1013 1648 8659
3 3572 2542 8577
3 1554 4293 1500
3 8577 8741 2831
3 7927 2015 616
3 4947 5571 329
3 6160 2740 6094
3 3150 5351 593
3 5351 3199 7448
3 9692 7196 6500
3 4201 7212 1932
3 2384 1917 7800
3 7305 983 1284
3 5142 2617 8623
3 8546 4511 8451
3 4495 9359 9692
3 1398 9863 2881
3 637 3580 9721
3 3932 887 5919
3 2433 3915 6323
3 8936 3263 7674
3 3313 4947 2119
3 753 3945 9078
3 8377 8094 9272
3 7306 4273 1679
3 9713 1678 473
3 2763 5757 1973
3 8148 8680 7090
3 2506 210 2831
3 7811 8972 2136
3 5435 4902 2962
3 5762 6198 2887
3 4621 6142 3605
3 1626 9263 5053
3 4890 383 5022
3 8115 9522 7492
3 99 8276 1682
3 6797 99 1682
3 6420 1114 5478
3 7369 5930 6484
3 4857 4476 9399
3 7674 988 4709
3 8953 410 8278
3 2702 8427 5827
3 7374 4172 1653
3 9554 8665 6080
3 594 1654 9454
3 4947 8966 5550
3 1678 8032 3014
3 4511 7708 7830
3 7830 1679 4511
3 4078 5280 5022
3 8666 411 8954
3 3424 2400 6975
3 2832 6160 4496
3 5979 8680 4587
3 3508 4481 2525
3 8999 5091 5746
3 7478 1833 3527
3 2400 5771 6975
3 4255 7885 9635
3 9439 4494 4477
3 5246 4610 6231
3 2116 3849 7452
3 1759 7882 2462
3 7676 2016 591
3 9202 2682 5464
3 324 3969 794
3 8966 5186 7059
3 5550 2361 8543
3 6996 220 1157
3 9292 2384 7800
3 1397 6695 3847
3 2880 5369 9860
3 2880 8789 7472
3 1525 2174 6685
3 9456 9863 4805
3 510 6690 9456
3 9860 9573 6695
3 5369 7472 1851
3 9861 1398 2881
3 4891 4273 7809
3 8225 8566 9864
3 423 1444 9644
3 5969 289 1917
3 1554 1324 1697
3 617 2015 7927
3 6981 5868 2917
3 3527 8122 8207
3 9060 6318 8575
3 5022 383 4078
3 9864 8431 4024
3 3508 8743 192
3 5621 6887 6928
3 6707 2473 5672
3 8412 6928 312
3 1913 7134 8366
3 6434 1500 4293
3 2119 113 8741
3 9292 9644 5967
3 6422 5986 6690
3 2252 5550 8259
3 1614 8134 3581
3 5732 1754 4790
3 3153 312 633
3 3634 9709 5204
3 2097 670 8655
3 7472 8789 1851
3 1528 6198 5762
3 1037 6327 2351
3 7472 5369 2880
3 1547 7164 6996
3 9200 4552 5995
3 4805 1398 3848
3 5898 8297 5261
3 4893 6729 7757
3 8342 9242 2681
3 2632 6323 2453
3 9770 9173 9161
3 3175 4504 8953
3 8953 8278 3175
3 288 6614 1374
3 7614 8859 1957
3 2433 671 3038
3 8655 670 1800
3 8498 8666 8276
3 8530 5757 8651
3 8134 3152 6434
3 4584 3038 4131
3 4248 2189 4689
3 9386 8793 7909
3 2788 4790 1754
3 5449 7888 9291
3 4264 2682 9694
3 3150 4709 3298
3 2121 637 8037
3 1163 6984 9606
3 5701 4894 3342
3 7535 4668 5632
3 2089 4445 4049
3 5566 8427 8579
3 3783 6580 7888
3 8575 6318 8159
3 3189 5234 2725
3 2252 8259 3043
3 6036 8655 4248
3 6360 5280 3282
3 6984 1163 6478
3 5550 6997 8259
3 9057 3132 6157
3 4790 4358 7639
3 9381 8811 3433
3 4947 5186 8966
3 7417 8042 1096
3 9260 6390 1670
3 5555 4858 2834
3 5885 4320 414
3 1264 793 516
3 3929 1346 9908
3 2814 5185 7375
3 2294 7651 8367
3 1028 4703 4468
3 7135 5885 5451
3 9399 4073 2947
3 8482 3497 2989
3 190 221 2871
3 9309 2015 3793
3 2395 5177 7999
3 1500 632 7473
3 9105 1660 8496
3 7361 9904 5979
3 4845 2406 2917
3 2742 6105 6158
3 1014 914 8328
3 501 6237 4893
3 8328 2113 8412
3 6729 1806 3718
3 2189 7092 4689
3 7092 76 2097
3 3054 1482 7310
3 51 6790 2858
3 1973 6500 2763
3 8012 2298 2827
3 8600 9482 7767
3 9690 6360 7388
3 6996 7164 1063
3 346 1063 9187
3 7710 8332 1300
3 57 4047 2829
3 498 590 5995
3 1430 4781 8012
3 210 2495 9690
3 836 9100 9699
3 1553 4511 8546
3 5368 3038 4584
3 4355 499 4377
3 5369 5243 9573
3 501 3561 7089
3 7710 6931 2191
3 510 3562 9613
3 2533 8966 7059
3 2533 6403 3940
3 5368 2632 7036
3 4344 8332 2191
3 793 9474 6766
3 620 9439 5555
3 5553 2604 8262
3 796 5974 7104
3 7059 4947 329
3 1370 8865 2582
3 8007 3348 6360
3 4585 5242 5369
3 5241 4584 4131
3 4272 3345 5733
3 7090 5979 9904
3 6157 3132 6357
3 6156 9344 3903
3 7767 1063 7164
3 4947 8543 113
3 3610 7763 4286
3 7128 1059 67
3 1526 3313 8577
3 2814 7375 8801
3 7090 8680 5979
3 9750 9036 3974
3 6996 1157 1547
3 6802 2423 7174
3 1074 397 7614
3 6031 9503 149
3 5258 9240 9389
3 5744 4042 7158
3 5974 1155 8935
3 3670 9292 1642
3 6228 2013 8289
3 8741 4652 2506
3 9292 509 1642
3 3284 1968 606
3 9456 3562 510
3 4024 8431 9482
3 3685 6719 9864
3 7374 7448 1600
3 5477 6003 9004
3 7164 1547 7767
3 5243 5242 3306
3 1374 3283 5492
3 8967 2166 2509
3 2422 8746 2770
3 7939 1642 4233
3 7388 3572 210
3 8248 5241 1835
3 4273 8451 1679
3 1621 1435 6609
3 2400 6965 3630
3 288 3203 1071
3 4095 4893 3043
3 2298 3043 9845
3 312 7474 633
3 5680 9845 227
3 7614 1957 1074
3 3158 3392 6471
3 9580 4697 1656
3 7757 7986 2361
3 9464 5757 6790
3 6182 3795 717
3 76 5261 1867
3 461 2097 1113
3 7092 2189 5898
3 5680 6686 9767
3 2742 2926 4142
3 2673 7386 205
3 8655 7092 2097
3 3897 6161 4668
3 1155 4156 1174
3 1174 1985 1155
3 3226 6436 1114
3 8936 5038 3263
3 9436 7479 3199
3 1118 1596 5673
3 3263 8653 988
3 5401 5587 5139
3 6634 7927 1697
3 8651 9699 8298
3 7674 4709 3150
3 7673 5974 8935
3 2116 2815 5055
3 4587 2770 7361
3 7614 9733 4891
3 3940 6997 8966
3 220 2533 6099
3 4355 6051 9474
3 508 6478 2927
3 441 8986 9870
3 9435 4479 2812
3 3463 1157 1905
3 2113 2257 5621
3 6721 7724 8799
3 8556 6004 1500
3 4953 4918 7482
3 9797 5206 8729
3 2923 4734 9894
3 9049 8801 7375
3 2407 7158 3293
3 8577 2542 1526
3 1163 1758 2927
3 8654 4838 5730
3 2814 9648 6955
3 6871 4389 271
3 2540 9036 1475
3 2447 3419 9350
3 599 4355 620
3 1526 5571 3313
3 8355 3335 2863
3 1654 594 2153
3 9057 447 6569
3 312 1433 1014
3 1697 4293 1554
3 616 2015 1519
3 2394 5308 1500
3 1500 1324 1554
3 5198 5297 531
3 346 5231 1063
3 6703 7701 9074
3 6240 1873 4505
3 3203 288 5492
3 680 8823 1911
3 6107 3123 8784
3 1241 1547 5571
3 6415 9490 8686
3 793 1264 5860
3 7111 7820 2749
3 681 9613 9456
3 9613 3562 9456
3 6696 6614 4234
3 3061 1100 8582
3 7827 5969 7939
3 6056 2543 2282
3 6634 2827 7927
3 7758 8275 8341
3 4825 1783 2294
3 590 2941 1867
3 8676 4489 786
3 5492 6541 3203
3 7253 1862 5464
3 6210 7939 5092
3 498 9370 5513
3 234 9731 7651
3 4234 510 9613
3 4234 3848 6696
3 4549 5732 887
3 7247 6641 7165
3 6614 288 1071
3 6508 8655 9637
3 6036 4248 4689
3 8582 234 2429
3 5215 7683 7246
3 8799 7724 9709
3 6508 4248 8655
3 5771 2832 4796
3 2422 2947 8746
3 2548 5401 2721
3 2097 76 8840
3 2655 9518 7134
3 8366 2400 1913
3 6613 8869 1373
3 498 8582 1100
3 9187 1063 2523
3 5274 3592 3945
3 272 6870 5846
3 8600 2542 3572
3 2401 9634 7593
3 9845 8259 3940
3 7853 1405 9359
3 1585 4682 3903
3 3156 3032 7075
3 7077 8164 3333
3 2923 2700 205
3 6403 9878 9845
3 4142 9661 5587
3 4470 6365 6686
3 4272 638 8566
3 6569 6410 1941
3 7059 329 1905
3 2073 5566 9389
3 9368 5403 2274
3 8566 5602 3685
3 1231 8579 8427
3 8332 7710 2191
3 5827 2738 2702
3 2624 2424 764
3 8471 9464 4734
3 8148 1231 171
3 7767 2542 8600
3 7347 3844 6888
3 6472 6428 4017
3 9797 3152 8134
3 1924 4471 2035
3 9864 8566 3685
3 9832 8934 1163
3 3581 8134 6434
3 312 8328 8412
3 7566 1014 1433
3 8756 6428 8970
3 1329 6867 1614
3 5477 9004 1917
3 1500 5308 1324
3 8400 8225 3282
3 5602 638 3103
3 1577 1937 8151
3 1614 6867 8134
3 7593 7837 6862
3 2614 9076 897
3 7811 2136 3867
3 7653 1697 7927
3 9573 9860 5369
3 6695 1397 9860
3 3306 8869 6613
3 4110 580 3306
3 753 5274 3945
3 5675 9630 6323
3 9630 5100 2981
3 7092 5898 5261
3 6106 8585 644
3 9167 3448 4058
3 8471 5757 9464
3 1113 7014 461
3 2857 1800 9513
3 6767 4481 8535
3 9108 3448 9513
3 7964 4179 3899
3 7965 6132 8081
3 4950 5283 6209
3 3940 8966 2533
3 6135 8130 1509
3 1153 271 3419
3 5702 4373 9212
3 8689 5768 6464
3 9393 2156 9845
3 3561 6634 1697
3 1731 1257 1700
3 5571 1547 3463
3 5401 2742 5587
3 7089 1697 1324
3 9522 2584 7492
3 6634 3561 1430
3 7888 6580 8732
3 3043 4893 2252
3 1932 2360 9060
3 9648 2814 3056
3 3056 3403 1941
3 9272 9260 3419
3 8801 9049 9057
3 6099 7059 1905
3 4852 9313 3950
3 2533 9878 6403
3 9608 6766 5940
3 6426 9083 8719
3 5139 9692 7654
3 2827 6634 1430
3 1932 9631 1068
3 5922 2829 1696
3 9168 9187 2523
3 8262 1731 5553
3 4024 9482 7388
3 6099 1905 1157
3 4634 6719 3685
3 5489 2757 2687
3 6686 227 220
3 3873 7574 3212
3 2523 7767 9482
3 3304 2604 522
3 3685 5602 2494
3 8134 5206 9797
3 8328 312 1014
3 8134 1329 8729
3 5627 1759 5450
3 7900 672 3817
3 3282 5280 8400
3 7107 4706 4810
3 7613 9572 6791
3 2927 6478 1163
3 1642 509 4233
3 7939 6210 7827
3 6984 5402 2077
3 4590 393 1185
3 1108 7940 4234
3 7109 3061 7139
3 6541 1071 3203
3 4234 9613 3848
3 3848 681 4805
3 1642 7939 5969
3 1147 8367 6703
3 5492 4234 6541
3 1835 4979 2962
3 7375 5471 9049
3 6415 8686 926
3 1835 4902 5435
3 4110 5242 7248
3 7654 9692 3415
3 2429 7651 1783
3 862 4200 4002
3 7595 7900 3212
3 4470 6996 6365
3 1737 5886 1221
3 5368 7036 3038
3 4180 7965 4882
3 5672 9053 1118
3 8238 4398 4380
3 4373 5746 5091
3 4131 3038 1835
3 1835 6641 8248
3 7694 9730 896
3 2548 2721 9291
3 8579 1231 8148
3 9089 4612 6529
3 3126 8579 7090
3 9179 2417 5987
3 2466 316 6186
3 3684 1648 1013
3 5733 2494 3103
3 9906 6031 5530
3 1658 7494 9179
3 8148 7090 8579
3 3242 1510 1731
3 8530 8651 8298
3 8892 8381 6318
3 4786 7299 7119
3 3894 9271 8025
3 2047 3652 5179
3 1465 3643 7889
3 2608 497 7933
3 64 9608 4398
3 3308 1261 3032
3 8801 9057 6569
3 2427 8390 619
3 3463 329 5571
3 5571 4947 3313
3 2206 1711 3039
3 2548 6105 2742
3 6938 4368 5827
3 1433 312 9798
3 9661 4940 5587
3 2927 7566 508
3 311 3152 9797
3 6158 9506 6938
3 4249 6509 8298
3 9271 3490 1800
3 2015 617 3793
3 9637 1800 2857
3 50 2857 9513
3 3152 632 6434
3 7273 4838 4434
3 4236 2312 9409
3 2887 171 2738
3 2429 3061 8582
3 9709 7724 5204
3 6478 5402 6984
3 7845 3433 8811
3 9093 4587 8680
3 161 3252 6519
3 9845 8554 9393
3 8680 5875 9093
3 6464 1903 1742
3 1941 8801 6569
3 2274 8992 7354
3 7736 4016 621
3 7388 6360 7892
3 3242 8350 6318
3 9845 9878 227
3 7014 723 461
3 9173 589 346
3 2156 9309 3793
3 8335 1520 8554
3 5185 7531 4057
3 9049 4355 599
3 8025 670 2097
3 5231 9188 9767
3 6228 5477 2013
3 6613 6695 3306
3 7988 3174 1025
3 6614 1071 6541
3 447 9057 6157
3 8566 8225 8400
3 8937 4078 383
3 227 6686 5680
3 5385 2427 6766
3 1221 1373 580
3 1222 1025 1374
3 4434 4838 8654
3 7360 680 1911
3 7683 5215 6426
3 6641 5435 1268
3 580 4110 7248
3 5969 2384 3670
3 4024 7892 8225
3 8431 4301 9168
3 6870 272 3533
3 4890 5022 1028
3 4777 2691 5014
3 5626 211 611
3 4234 5492 1108
3 1588 4889 4326
3 4548 2228 5103
3 8729 5206 8134
3 7653 7717 1924
3 6000 5222 8303
3 5282 1821 508
3 1758 1163 914
3 6540 5460 3425
3 8134 6867 1329
3 2466 6270 5460
3 6888 1043 8878
3 7311 5875 8680
3 5182 4777 5645
3 982 3005 4056
3 3522 9738 7708
3 1783 3061 2429
3 4825 3061 1783
3 7613 5610 6642
3 6703 8367 8802
3 7109 590 1100
3 2294 7895 4825
3 171 1231 2702
3 1519 7970 7717
3 8538 4454 9738
3 3415 1973 8471
3 4434 8559 7273
3 7021 8934 3563
3 1107 9602 5092
3 3392 1482 3054
3 8707 2646 7014
3 4056 4368 982
3 9566 8366 5246
3 9733 397 8546
3 1862 2016 5464
3 4489 8676 4332
3 7014 3894 8025
3 2858 6790 6509
3 8686 5182 173
3 2857 6508 9637
3 1670 6390 6935
3 9513 3448 9167
3 5243 6695 9573
3 2460 5092 9602
3 220 4470 6686
3 1063 7767 2523
3 7988 1025 1222
3 9894 4734 6790
3 3306 6695 5243
3 5492 288 1374
3 5803 2962 6181
3 3043 2298 8012
3 8554 9409 2312
3 6641 7247 8248
3 9046 4398 8238
3 6410 6569 447
3 576 5403 9770
3 6996 5231 6365
3 6668 3351 9040
3 2156 3793 844
3 5067 5765 1659
3 1063 9123 6996
3 4891 8859 7614
3 8559 7666 1585
3 4587 9695 666
3 272 3295 9574
3 4891 7809 8859
3 1973 3415 9692
3 2152 7448 7374
3 8335 8554 5680
3 8987 5355 4918
3 4838 1563 5730
3 9652 3227 4794
3 4171 1599 9652
3 6420 4156 1155
3 5231 9123 1063
3 8400 5280 4078
3 5919 9448 1862
3 3199 5351 3150
3 8469 2235 4765
3 5124 5075 4467
3 1157 3463 1547
3 1547 1241 7767
3 1653 2152 7374
3 8657 63 8765
3 592 9453 7104
3 6996 9123 5231
3 6316 389 9427
3 3903 4682 6771
3 5140 1225 317
3 1016 5360 3129
3 1225 4982 8264
3 317 1225 8264
3 9767 1777 5680
3 8225 7892 3282
3 9188 5231 8305
3 2962 1268 5435
3 7166 1737 7248
3 2983 8226 5877
3 8081 8962 7965
3 2002 4882 8222
3 1025 3174 5492
3 5477 1917 289
3 5075 6228 8289
3 2962 4979 671
3 220 6996 4470
3 6772 9648 3056
3 8289 4467 5075
3 9168 2523 8431
3 1941 3403 2814
3 8431 9864 6719
3 1025 3283 1374
3 6541 4234 6614
3 944 1588 1541
3 3666 5935 5067
3 8246 5570 5653
3 580 1737 1221
3 2461 3174 3391
3 2494 4634 3685
3 2480 1255 5883
3 6158 2926 2742
3 7890 389 9496
3 7892 6360 3282
3 5940 6766 2008
3 8043 7285 9875
3 3563 1977 2942
3 6638 9337 4950
3 6415 6132 7965
3 9797 8729 1329
3 8654 2422 2770
3 3425 5460 7970
3 5632 3684 7535
3 2653 3382 6186
3 666 8559 4434
3 7653 3581 4293
3 7653 7927 616
3 4065 1011 7656
3 4434 4587 666
3 3867 2136 5811
3 1433 1631 5282
3 6395 5014 1507
3 7566 914 1014
3 8244 3468 148
3 9496 389 6316
3 3392 3054 6471
3 542 8780 12
3 4229 9260 9272
3 3004 8292 5473
3 5987 2417 4669
3 6390 9260 4229
3 8410 8747 249
3 8680 8148 7311
3 2738 5762 2887
3 8707 8840 3054
3 3468 1602 148
3 9188 1520 8335
3 2742 5401 2548
3 6790 3575 3468
3 1800 670 9271
3 9637 8655 1800
3 2097 461 8025
3 9172 6396 7883
3 8262 6943 3304
3 1797 6247 7882
3 9271 3894 9108
3 5863 9088 1339
3 2646 3435 871
3 7074 7768 4058
3 1185 1153 9260
3 9731 4590 6935
3 3304 522 5450
3 9449 4104 1703
3 6935 4590 1670
3 7153 5094 8215
3 5221 5752 9611
3 5645 6395 5182
3 7074 3448 9108
3 2646 9108 3894
3 1018 7768 7074
3 8732 6105 2548
3 9291 7654 5449
3 6509 6790 8530
3 9894 7818 2923
3 1800 3490 212
3 930 7417 4881
3 9060 7344 9631
3 3575 6790 3944
3 717 4565 2064
3 7888 2548 9291
3 9636 1320 9872
3 4060 8683 3281
3 2360 6318 9060
3 1597 4830 4032
3 901 1696 3956
3 3399 2797 3658
3 2941 6471 6489
3 3096 9762 3645
3 3174 7226 5626
3 8937 5477 6228
3 8963 4124 2402
3 4699 4955 5165
3 914 7566 1758
3 2035 908 1614
3 1821 1184 5402
3 8963 944 1541
3 4524 4236 9409
3 5886 1737 4124
3 4783 3921 4192
3 2035 6472 908
3 5492 3283 1025
3 345 6933 6939
3 6596 4655 1467
3 1924 7717 4471
3 1068 9631 5610
3 5352 6836 1126
3 6369 6670 576
3 688 8164 7077
3 2312 9591 2156
3 6312 3382 9745
3 4301 6719 4634
3 316 2466 6540
3 9260 1670 1185
3 9017 5940 2008
3 8566 8400 4272
3 6365 5231 9767
3 9566 6231 1492
3 7311 2887 5875
3 638 5602 8566
3 9878 2533 220
3 8482 8379 6517
3 5472 6870 7011
3 7948 63 8657
3 5730 1799 8654
3 4179 4576 928
3 241 7167 7297
3 26 2194 5791
3 171 7311 8148
3 2721 5401 5139
3 1520 9188 1767
3 6410 3904 6772
3 1492 6231 7262
3 6410 6772 3056
3 4910 5636 5848
3 8272 7985 1957
3 7262 6179 1137
3 7090 5258 3126
3 621 5231 346
3 576 7394 5403
3 4272 4078 8937
3 1449 6670 1813
3 9603 5492 3174
3 9482 8600 7388
3 6210 5092 2155
3 1163 8328 914
3 6021 2023 971
3 9767 6686 6365
3 7546 3281 679
3 8689 1900 679
3 3528 5277 8410
3 859 3818 5932
3 5347 5092 2460
3 1330 1433 9798
3 9518 7253 5464
3 1813 5774 1449
3 5060 2341 150
3 8252 5654 3
3 8264 7151 3434
3 1373 8869 3306
3 3518 8793 9386
3 9694 7262 4264
3 2155 5092 5347
3 9815 6179 1178
3 5809 2170 3595
3 8858 8175 5702
3 7262 9694 6179
3 5347 5625 7469
3 8041 6995 3221
3 5036 6002 1363
3 5140 317 3004
3 9161 4634 576
3 3756 9408 4801
3 3425 7970 1519
3 8987 8482 6517
3 860 5520 5375
3 1491 3638 8411
3 4301 9187 9168
3 7165 6641 1268
3 1821 5282 8955
3 7747 4612 3123
3 533 9093 1528
3 26 5869 7666
3 3666 1443 5935
3 2898 8717 7851
3 1519 7653 616
3 1777 9767 9188
3 8482 2989 3308
3 5587 7853 5139
3 8601 533 1528
3 8973 4375 3839
3 6198 9093 2887
3 6182 6366 8561
3 9503 169 7212
3 6290 3303 6582
3 1113 8840 8707
3 8025 723 7014
3 7701 8591 5509
3 5827 8427 6158
3 9684 6187 4761
3 5182 9490 6415
3 212 9271 9108
3 3894 7014 2646
3 9587 7232 7017
3 1585 7273 8559
3 6771 4682 1585
3 6489 1867 2941
3 3903 6409 446
3 2923 7818 148
3 5961 9341 7232
3 9167 3943 9513
3 9750 8559 666
3 5870 9648 6772
3 7261 6674 3958
3 4668 6161 7985
3 1867 5995 590
3 6703 8591 7701
3 6036 4689 7092
3 1630 1329 1614
3 871 3435 6366
3 9655 9302 9002
3 1433 5282 508
3 5520 1825 5375
3 621 4016 8305
3 9564 1712 1507
3 871 7074 7045
3 8393 3652 2047
3 3581 7653 1924
3 8689 6464 149
3 7888 5449 3783
3 8244 9894 6790
3 9272 8094 4229
3 4058 7768 1018
3 908 6472 4017
3 5092 7939 1107
3 5383 3756 821
3 7827 2013 289
3 2312 2156 9393
3 3888 679 3281
3 7043 6939 6933
3 2077 2447 6984
3 4467 1672 5124
3 2155 1672 4467
3 5123 1426 261
3 2176 3653 4959
3 2122 2494 3345
3 5625 8311 1936
3 9881 9505 7593
3 1737 580 7248
3 2917 5868 950
3 3938 1265 3442
3 5803 2401 4123
3 4328 7689 3213
3 7609 4076 8348
3 9482 8431 2523
3 9 3893 6529
3 4123 7165 5803
3 2002 926 6597
3 8332 9608 3788
3 7166 4124 1737
3 1528 8548 8601
3 8548 1475 9036
3 6529 3893 8784
3 2674 2681 9242
3 4430 9599 4031
3 4038 6186 316
3 9840 6528 7539
3 5886 1541 1221
3 6597 9583 173
3 5762 8548 1528
3 2791 8643 4801
3 6719 4301 8431
3 5355 8390 7482
3 617 2827 9342
3 720 5036 7667
3 8732 6580 3783
3 5966 7017 4032
3 8342 2681 2849
3 685 2690 3285
3 4959 1969 6395
3 5768 9684 524
3 8305 4801 1767
3 8725 773 5443
3 1599 7590 9652
3 6668 8903 6633
3 6283 7820 7111
3 7666 6163 26
3 3414 7589 1598
3 4634 9161 9173
3 922 9908 9522
3 5746 4373 8500
3 9093 5875 2887
3 1873 6703 7409
3 3580 6781 4316
3 666 9695 8601
3 5870 1840 530
3 531 8610 5198
3 9173 9187 4301
3 7469 5625 1936
3 9188 8335 1777
3 7232 9341 7017
3 3988 9449 5573
3 9368 7736 589
3 6420 7104 9453
3 4801 8305 821
3 8802 6390 4505
3 7394 5774 5403
3 621 346 589
3 4193 3252 8472
3 2927 1758 7566
3 5702 8175 2808
3 1630 4017 3106
3 9652 4794 4171
3 1598 3527 3414
3 1614 2350 1924
3 289 5969 7827
3 3994 2121 4462
3 9804 4859 9623
3 2156 844 9845
3 4623 8858 2121
3 3390 5625 5347
3 5204 6143 8946
3 8823 680 9263
3 248 5455 6418
3 6302 3378 2614
3 7373 1599 4171
3 1115 9454 4794
3 7448 2152 5351
3 2494 1605 6369
3 7590 8010 9652
3 7891 7390 3497
3 4745 1142 3036
3 9017 2008 2427
3 6302 7821 5340
3 5123 1826 4208
3 4918 711 8987
3 9342 2298 9845
3 4950 6209 6904
3 9242 6721 8799
3 8801 1941 2814
3 9591 3425 9309
3 3345 2494 5733
3 5733 3103 4272
3 1373 3306 580
3 5680 8554 9845
3 438 7226 1542
3 6598 7226 438
3 3174 7988 1542
3 6967 408 3889
3 8732 2548 7888
3 7593 4327 1391
3 5803 1268 2962
3 9229 4326 2983
3 5377 3638 1491
3 9229 8906 4326
3 5283 1959 6209
3 5277 5006 8747
3 1522 9427 389
3 5680 1777 8335
3 944 1390 4889
3 8676 7310 3392
3 3031 7579 5867
3 9337 5283 4950
3 148 7818 9894
3 7593 9634 9881
3 9513 1800 212
3 2784 9799 4809
3 6317 6730 2100
3 533 9695 9093
3 7666 8559 3974
3 4016 821 8305
3 9515 9661 2926
3 3817 7994 2821
3 1726 3843 7422
3 3916 15 2662
3 2797 6587 7613
3 9530 8377 488
3 896 6015 7922
3 8222 8962 5954
3 5404 8363 5822
3 2387 8892 8262
3 4058 9002 9167
3 7651 9731 8367
3 205 5449 2923
3 7232 4882 7056
3 9608 4344 516
3 9730 4332 6015
3 6791 9572 1620
3 7261 5333 7153
3 3944 6790 51
3 7045 2646 871
3 212 3490 9271
3 9587 5966 4211
3 2064 4565 6667
3 6366 1018 871
3 9655 6667 4565
3 508 7566 1433
3 908 1630 1614
3 2220 8057 6428
3 5610 9631 6642
3 5455 4955 4699
3 7226 3174 1542
3 2401 5803 9881
3 6181 9881 5803
3 1767 9188 8305
3 9272 3419 2077
3 7736 621 589
3 4016 7736 2274
3 9049 599 9057
3 1068 1620 4201
3 2809 1190 4627
3 8289 6210 4467
3 9580 2740 9784
3 7110 9781 4993
3 5239 7494 9506
3 925 1297 3802
3 545 5450 1759
3 1563 1585 3903
3 9036 9750 8548
3 397 5763 2336
3 1136 9574 1493
3 5472 8291 3663
3 2194 26 6163
3 4471 6472 2035
3 7118 3084 1096
3 5662 8519 9104
3 5635 8983 2969
3 3425 2015 9309
3 5067 1659 8915
3 1585 7666 6771
3 9076 1605 897
3 4701 2731 7430
3 1363 6002 3662
3 5626 3391 3174
3 7624 211 6598
3 610 8311 5625
3 9161 576 9770
3 8367 6935 8802
3 2194 9036 2540
3 1585 1563 7273
3 3319 9319 982
3 6163 9036 2194
3 7686 530 2809
3 8667 5246 8366
3 7139 4825 7895
3 2494 2122 1605
3 9600 5648 721
3 8226 1033 5877
3 7354 5774 17
3 266 5729 1401
3 8667 8366 7134
3 5321 7819 8724
3 4264 7262 9518
3 9173 4301 4634
3 2764 3074 8586
3 8992 2274 5403
3 2494 5602 3103
3 576 2494 6369
3 5961 7056 9190
3 4179 3952 3899
3 7138 7262 6231
3 5124 7469 7821
3 5217 7821 564
3 1178 1226 9815
3 1178 4983 1226
3 346 9187 9173
3 1261 5386 7075
3 3663 2238 5472
3 206 1813 6670
3 3663 6001 3221
3 2155 5347 7469
3 3158 6471 3739
3 4316 2121 7544
3 1589 8967 7624
3 1541 1588 437
3 8238 9522 8115
3 589 9770 9368
3 6670 1605 9076
3 2673 2417 3783
3 5340 3378 6302
3 8967 1589 8907
3 897 1605 2122
3 2047 7587 9523
3 2979 7747 8227
3 7624 6598 1589
3 5385 9474 4953
3 4326 2978 2983
3 1391 2401 7593
3 2166 3445 611
3 5886 4124 8963
3 7570 9567 1493
3 2417 9179 3783
3 7747 7593 6862
3 7014 1113 8707
3 6181 4612 7837
3 7593 9505 7837
3 7837 1015 6862
3 5449 7654 8471
3 3630 743 9706
3 1614 1924 2035
3 1631 1433 1330
3 3802 5455 925
3 538 8818 4860
3 1018 8549 9002
3 9811 452 4699
3 1137 9815 3532
3 9591 9309 2156
3 1520 9409 8554
3 6991 3112 5252
3 7074 9108 7045
3 4038 2312 4236
3 1519 2015 3425
3 8355 381 9709
3 2255 5386 1261
3 7809 4273 7306
3 7717 7653 1519
3 4918 4953 5471
3 6179 2682 1178
3 8127 2749 2849
3 2923 148 2700
3 3662 8292 1363
3 6975 5771 5522
3 6815 3426 5971
3 8774 5204 6721
3 3004 317 3522
3 2312 6540 9591
3 8451 4273 4891
3 4801 821 3756
3 6240 5373 9133
3 8921 262 6653
3 2942 9893 8483
3 5901 1166 6637
3 8037 2116 5055
3 6955 9648 5870
3 5746 6824 1473
3 2809 1840 1190
3 2814 3403 3056
3 6198 1528 9093
3 1339 9088 5805
3 9859 7069 7255
3 5762 2738 4056
3 7409 6703 8802
3 2855 4505 1873
3 531 8009 8610
3 7701 9611 9074
3 3739 7139 8343
3 8601 9695 533
3 3004 7708 1553
3 3107 8955 5282
3 6824 2675 8800
3 3032 3156 619
3 8377 9272 2077
3 8955 4699 452
3 9035 7002 4755
3 7469 5124 2155
3 6302 5075 5124
3 7717 6270 4778
3 1813 206 2231
3 5701 1525 6142
3 2791 5434 8643
3 9695 4587 9093
3 9162 4348 752
3 9393 8554 2312
3 4125 5471 7375
3 3739 6471 2941
3 2614 897 3345
3 4524 8796 4236
3 1590 1059 7128
3 9129 2213 1898
3 6210 8289 2013
3 3054 8840 6489
3 438 1589 6598
3 345 3921 4783
3 2294 1147 9074
3 3392 1776 8676
3 172 5672 4655
3 4755 3053 3084
3 3264 9058 1016
3 9795 8574 2063
3 3468 1607 7587
3 7593 2979 4327
3 211 7226 6598
3 9125 6107 8784
3 7354 5685 9408
3 8906 1588 4326
3 8967 2509 361
3 5694 7145 4217
3 158 882 7444
3 4326 4889 1390
3 7837 9505 9881
3 6862 1015 4612
3 6596 1467 559
3 8305 5231 621
3 8659 1648 5632
3 9409 1520 8643
3 3378 2231 206
3 6420 1155 796
3 1070 5004 6490
3 4794 1654 4171
3 3684 1013 1174
3 7118 8042 8990
3 9108 9513 212
3 796 7104 6420
3 6437 7901 347
3 7104 5974 592
3 794 542 3316
3 9178 1427 9391
3 4794 3227 1115
3 6667 8549 1618
3 3944 9003 3575
3 2923 8471 4734
3 8530 8298 6509
3 9770 589 9173
3 8610 3659 5198
3 3974 8559 9750
3 9496 1958 9336
3 4950 3508 8901
3 530 1840 2809
3 7409 8802 2855
3 6471 3054 6489
3 6716 2941 7109
3 5217 5340 7821
3 3307 6015 4427
3 1018 7074 871
3 8707 3054 7310
3 2174 7961 3867
3 8676 1776 4427
3 3414 8207 3659
3 1598 7447 3527
3 5460 6540 2466
3 2700 148 1664
3 3659 8207 8122
3 6366 1618 1018
3 9303 3468 9003
3 7556 1607 3468
3 9391 3114 1606
3 9002 3943 9167
3 2274 7736 9368
3 6464 5530 6031
3 7717 7970 6270
3 8466 7588 2075
3 2791 9408 5685
3 6428 8756 247
3 7417 1096 4881
3 2122 3345 897
3 8348 4076 6499
3 5124 1672 2155
3 524 1903 5768
3 576 4634 2494
3 5472 2238 4880
3 4889 1588 944
3 5626 7226 211
3 679 1900 7546
3 5348 2461 3391
3 6791 5610 7613
3 361 611 7624
3 3425 9591 6540
3 1631 3107 5282
3 1520 1767 4801
3 4882 6654 4180
3 944 8963 2402
3 2979 7593 7747
3 247 4017 6428
3 247 3106 4017
3 8643 1520 4801
3 2821 7900 3817
3 6815 5685 3426
3 5922 6483 57
3 3596 4076 7609
3 538 11 9314
3 5385 8390 2427
3 8379 8390 6517
3 2989 1574 2255
3 5471 4125 4918
3 5182 6395 1969
3 4758 5636 4910
3 3426 170 5971
3 9369 8709 1494
3 9506 6105 8732
3 7482 5385 4953
3 7613 5027 2797
3 2238 3663 929
3 9132 1751 802
3 1590 609 1059
3 3956 1798 901
3 2855 1873 7409
3 7708 4821 7830
3 4778 6472 7717
3 2672 7128 1922
3 7895 8343 7139
3 3345 4272 5075
3 5509 8591 1873
3 1840 5870 1190
3 5402 508 1821
3 929 7458 3221
3 5763 1074 8990
3 5509 1873 9133
3 8377 1184 488
3 2477 2794 3796
3 5077 3610 4286
3 1553 8546 5036
3 1906 1652 9073
3 8041 3221 6001
3 5685 5382 5434
3 5179 7587 2047
3 3221 6995 929
3 9600 8041 5648
3 5451 5885 5628
3 5449 8471 2923
3 5383 821 2274
3 5885 6396 9172
3 974 2407 3293
3 3684 2235 1001
3 1541 5886 8963
3 7110 752 5484
3 7354 3756 5383
3 9105 6256 9015
3 5956 700 7379
3 1596 1118 7443
3 7882 4811 2462
3 7821 6302 5124
3 3382 6270 2466
3 8643 4524 9409
3 4038 316 6540
3 2808 1986 5702
3 524 1742 1903
3 720 6002 5036
3 5673 559 1467
3 8488 2925 146
3 3444 8791 610
3 2166 8967 2984
3 8859 4160 1957
3 1033 8585 4542
3 2614 3345 5075
3 6862 4612 7747
3 530 6955 5870
3 8784 3123 9089
3 8967 8907 9230
3 3638 5377 5765
3 4612 1015 7837
3 9089 3123 4612
3 821 4016 2274
3 611 211 7624
3 4143 8796 2653
3 7295 7354 1641
3 2351 726 1037
3 9457 345 6676
3 9745 810 6973
3 3783 7386 2673
3 8971 4771 5455
3 8652 6366 6182
3 4058 3448 7074
3 8549 1018 1618
3 9655 902 7555
3 7505 5377 3
3 9002 4058 1018
3 5185 2814 6955
3 5185 7686 4404
3 1695 6006 10
3 9358 4770 8057
3 4368 6938 9506
3 3041 5639 7978
3 6667 9655 8549
3 5403 5774 8992
3 6458 4373 1986
3 4505 8094 9530
3 684 3284 606
3 405 17 5774
3 5869 6771 7666
3 4627 4404 2809
3 7531 4404 3041
3 4778 6270 3382
3 3459 7494 1658
3 2540 341 4812
3 5340 4076 2231
3 1189 5869 26
3 5165 4955 5455
3 925 5455 4771
3 4017 1630 908
3 8955 452 1821
3 8955 3107 248
3 5165 9811 4699
3 4770 8970 8057
3 248 6418 8955
3 8093 4037 4913
3 1695 9530 488
3 9530 6240 4505
3 7043 6933 2220
3 3029 129 2342
3 4348 9207 9511
3 6366 8652 2064
3 717 1427 9178
3 3468 9303 7556
3 1944 9655 4565
3 148 7889 1664
3 3739 8343 7922
3 205 7386 5449
3 9408 3756 7354
3 2820 752 2158
3 6815 773 5382
3 8591 6703 1873
3 6369 1605 6670
3 2360 5125 3242
3 7225 8575 8918
3 4156 9604 441
3 5403 9368 9770
3 6955 530 5185
3 9179 5239 3783
3 6617 5690 392
3 3684 1174 4156
3 3936 5478 9604
3 2738 5827 4368
3 5509 4990 4588
3 9074 7895 2294
3 4241 2817 9703
3 5509 4588 7701
3 9264 1813 3596
3 8791 1936 610
3 3074 7025 8586
3 8348 9264 7609
3 2984 8967 9230
3 9074 9611 5752
3 6437 347 8903
3 5297 3659 3342
3 6436 441 5478
3 6637 8858 9516
3 2738 171 2702
3 7901 9652 347
3 9408 2791 4801
3 3974 6163 7666
3 2400 3424 1913
3 595 6499 8401
3 4794 9454 1654
3 206 6670 9076
3 9036 6163 3974
3 9518 4610 8667
3 3292 7157 8498
3 7570 1493 8701
3 1936 8311 610
3 8791 3096 6617
3 1659 5765 7505
3 7531 5965 4057
3 4368 7494 3459
3 2509 2166 611
3 3351 3886 2183
3 1633 341 1012
3 5464 2682 9518
3 3334 1863 7254
3 3227 9652 7901
3 3633 3239 3646
3 2682 554 1178
3 7300 4845 6212
3 9566 2411 2400
3 8381 1812 8159
3 6632 531 3885
3 5987 6155 9179
3 5791 1189 26
3 7531 7340 5965
3 1776 3158 3739
3 6418 4699 8955
3 9811 1184 452
3 488 1184 9811
3 1611 9358 345
3 1137 1492 7262
3 7708 4511 1553
3 1118 3666 7443
3 9035 1001 5914
3 4372 8472 2851
3 7295 1641 6033
3 2274 7354 5383
3 9894 8244 148
3 6540 2312 4038
3 8796 4524 2653
3 3468 3575 9003
3 3378 9076 2614
3 6154 5391 7075
3 2608 6155 5987
3 5434 5382 8725
3 902 1606 7555
3 7427 9523 7587
3 2962 753 9078
3 7354 4604 3426
3 1261 2551 2255
3 5340 5217 8401
3 8800 382 8356
3 7820 6283 9800
3 7025 3074 3097
3 7922 3307 3739
3 2032 5123 2515
3 361 7624 8967
3 3122 6106 644
3 7747 3123 8227
3 3783 5239 8732
3 2324 9140 2852
3 9125 3893 1880
3 2662 1189 5791
3 5632 1648 3684
3 5546 3889 408
3 4701 9264 8348
3 8773 4031 7161
3 7161 3157 8773
3 7145 5254 4217
3 1525 6685 1522
3 7890 9496 9336
3 2540 4812 3916
3 3508 6144 4481
3 8103 3526 6111
3 5737 8482 8987
3 7465 8959 8139
3 206 9076 3378
3 5752 8343 7895
3 6685 6602 7813
3 6602 9152 2784
3 7978 5639 8021
3 4404 7531 5185
3 3041 2663 16
3 9153 7531 3041
3 2110 3379 4582
3 405 3853 6419
3 6499 4076 8401
3 17 1641 7354
3 6111 5971 8103
3 1449 576 6670
3 4809 2009 3827
3 5816 8972 7811
3 2399 9051 6162
3 4064 7024 333
3 7012 5140 5473
3 7354 3426 5685
3 7985 1074 1957
3 3444 3096 8791
3 2869 3399 7564
3 9600 721 8989
3 2064 1618 6366
3 6472 4471 7717
3 3252 2851 8472
3 3806 8247 2646
3 3445 2166 7025
3 3221 7458 3663
3 1618 2064 6667
3 1606 902 9391
3 1812 8381 8892
3 5125 6496 1510
3 2064 8652 717
3 1889 1759 2462
3 9391 4660 7326
3 7555 9302 9655
3 4881 2237 930
3 392 7514 9585
3 5377 1491 2899
3 4953 4355 9049
3 6270 7970 5460
3 2002 1597 9341
3 8401 4076 5340
3 4102 6459 8690
3 2165 2983 5877
3 6959 2320 1825
3 5520 6959 1825
3 7427 1607 4751
3 4222 8280 4420
3 3513 2613 7612
3 2509 611 361
3 2969 1790 5635
3 5027 7613 6642
3 8498 4419 411
3 8226 2983 2978
3 8983 3295 2969
3 9506 8732 5239
3 1361 7784 3791
3 7937 3269 3632
3 8918 8159 8804
3 2639 5847 4881
3 5643 2730 8709
3 9107 1755 5793
3 8784 3893 9125
3 5846 6870 4880
3 2161 5839 7981
3 8892 2387 545
3 4542 5877 1033
3 9133 1873 6240
3 6107 3166 3270
3 3459 1658 6155
3 6007 5455 3802
3 4038 4236 8796
3 3658 2797 8359
3 8359 431 7225
3 9522 8238 922
3 9046 7492 64
3 1695 7362 5373
3 729 8548 3005
3 6062 4066 724
3 3806 8707 7310
3 2855 8802 4505
3 3840 2613 3513
3 6597 560 2002
3 5027 6642 7344
3 6659 1094 4990
3 7430 3853 405
3 1836 1199 4811
3 4627 3041 4404
3 9816 7011 6870
3 3916 5791 2540
3 8343 5752 7922
3 7015 6775 6797
3 5768 1903 6464
3 4524 8643 5434
3 5971 773 6815
3 1981 99 6775
3 5484 6973 810
3 6186 3382 2466
3 9255 7118 6161
3 4699 6418 5455
3 6933 345 2220
3 5455 6007 6006
3 5455 8757 8971
3 8498 411 8666
3 9530 8094 8377
3 5971 1429 8103
3 3799 5708 9555
3 6797 1682 9555
3 5954 8962 8081
3 172 4655 6596
3 5366 7295 9841
3 17 405 1641
3 1695 6240 9530
3 4761 524 9684
3 8057 8970 6428
3 9745 7873 4007
3 7354 8992 5774
3 5891 6467 2131
3 9148 456 5002
3 8401 8001 595
3 10 282 7362
3 488 9811 5165
3 3596 1813 2231
3 6512 525 8724
3 3097 3074 2764
3 2792 2757 9807
3 9264 405 5774
3 139 4303 8562
3 3645 5690 3096
3 9162 5443 6111
3 4332 8676 4427
3 1776 3392 3158
3 3806 2264 2063
3 138 3315 1752
3 5046 4756 7001
3 392 4027 429
3 4612 6181 2962
3 8717 250 7851
3 2899 1491 8718
3 3281 6587 4060
3 7310 1482 3392
3 3278 8133 7430
3 4565 717 1944
3 5768 8689 679
3 1556 7106 1427
3 902 9655 9391
3 583 9523 7427
3 3122 1033 8226
3 2608 4149 497
3 3097 3445 7025
3 3754 6582 9576
3 4543 7025 5878
3 1556 3709 1095
3 8041 9600 8989
3 9 6529 4612
3 8410 7018 3528
3 2081 6964 3377
3 7441 3219 4957
3 5737 5185 4057
3 1725 1696 5885
3 3084 7439 1096
3 8115 7492 9046
3 7505 5765 5377
3 4774 9521 9654
3 2962 8238 4612
3 8041 6001 5648
3 1363 3004 5036
3 929 6995 8041
3 5648 6001 721
3 5762 4056 3005
3 5471 4953 9049
3 8718 8411 251
3 249 8747 2042
3 3783 5449 7386
3 7667 8546 397
3 397 9733 7614
3 5901 8175 1166
3 688 5522 8164
3 4304 344 2898
3 5639 177 8021
3 4211 5966 4830
3 5391 7102 4745
3 4368 9506 7494
3 6267 7205 7424
3 3408 4624 5694
3 5791 2194 2540
3 3041 4627 2663
3 9516 5530 1742
3 4404 7686 2809
3 2211 9176 7657
3 9872 1320 1788
3 3640 4774 9605
3 7933 497 3319
3 497 9319 3319
3 2989 2551 3308
3 9518 7262 7138
3 7394 576 1449
3 6491 177 4932
3 7985 8272 4668
3 9518 7138 4610
3 7077 2655 7134
3 7569 1159 733
3 149 9503 1586
3 9694 2682 6179
3 3972 198 8552
3 7569 2411 9566
3 8984 5636 4758
3 272 2969 3295
3 158 3066 4855
3 6126 230 2003
3 5635 1790 5846
3 8561 3946 6182
3 7256 9457 6676
3 2902 963 9165
3 7821 7469 1936
3 3473 5672 2696
3 2417 2673 1664
3 9358 1611 4770
3 4736 1948 9623
3 2764 8586 7938
3 1297 4771 1612
3 4543 8586 7025
3 5366 4604 7354
3 5878 7025 2166
3 2851 282 10
3 9576 6582 1073
3 9813 9208 4504
3 950 5868 4132
3 813 4624 4856
3 6106 3269 7937
3 3166 1880 7971
3 8465 3791 74
3 9 4380 7971
3 8784 9089 6529
3 9264 4701 405
3 3897 4668 7535
3 8901 2481 6638
3 2525 8878 3508
3 4894 5297 3342
3 3351 6668 3886
3 9214 9507 9150
3 6966 1357 7465
3 5366 170 3426
3 9730 2483 4332
3 6316 9427 7813
3 717 8652 6182
3 5653 8251 5609
3 1571 8146 862
3 7494 5239 9179
3 9885 6440 6536
3 2718 2047 9523
3 388 6174 9702
3 6685 7813 9427
3 8548 729 1012
3 6420 9453 1114
3 347 9652 8010
3 242 2304 2183
3 3468 8244 6790
3 405 6033 1641
3 7978 9153 3041
3 6436 2521 441
3 3526 8103 1429
3 7285 6317 9875
3 8010 6633 347
3 987 7694 3623
3 3382 810 9745
3 3659 7961 3342
3 244 1881 8109
3 2182 7167 241
3 7895 9074 5752
3 3605 6142 8959
3 4683 479 59
3 5484 9781 7110
3 8021 8463 8085
3 8610 8009 3414
3 4765 2235 3684
3 8726 1043 2481
3 7933 4368 3459
3 4143 4038 8796
3 5883 389 7890
3 5971 170 1429
3 3156 568 9017
3 8858 1166 8175
3 405 6419 6033
3 254 6743 6793
3 564 1936 8791
3 2662 5791 3916
3 172 2689 684
3 4959 1507 2176
3 7873 7256 1613
3 5373 6240 1695
3 3802 8472 4372
3 3802 4372 6007
3 5455 248 8757
3 6006 5165 5455
3 488 5165 6006
3 7043 4778 6939
3 1613 6676 4007
3 9322 1864 905
3 7110 3382 2653
3 9133 4990 5509
3 1924 2350 3581
3 4316 6781 637
3 773 8725 5382
3 9837 2261 8460
3 3382 7110 4993
3 5500 2159 7433
3 7482 4918 5355
3 6973 9338 2457
3 9264 3596 7609
3 8725 4524 5434
3 5685 5434 2791
3 4430 2269 9599
3 5204 4589 3634
3 2646 8247 6366
3 8500 326 8299
3 7111 2749 8127
3 6111 9207 9162
3 8799 2674 9242
3 1556 5479 3709
3 6033 6419 9841
3 8356 1473 6824
3 4056 2738 4368
3 6402 786 7840
3 9346 1301 4066
3 392 2528 6617
3 1429 6419 8836
3 7845 8774 8342
3 7938 7487 2764
3 6062 724 1275
3 9125 3166 6107
3 1944 717 9178
3 6415 3898 1089
3 1427 717 1556
3 644 1033 3122
3 5179 1602 3468
3 4777 6415 1089
3 4402 2824 3165
3 6081 7596 5606
3 1725 7994 5922
3 9702 582 7426
3 9074 1147 6703
3 8021 177 8463
3 8847 9611 1247
3 1012 2540 1475
3 4750 9391 9702
3 9653 8109 2607
3 2808 8612 1031
3 9133 5373 7362
3 7362 2851 3252
3 9319 3005 982
3 2063 8247 3806
3 9224 876 4871
3 2444 1705 6823
3 1155 5974 796
3 5774 7394 1449
3 8548 9750 8601
3 5221 896 7922
3 9153 8021 7340
3 16 5639 3041
3 6633 8903 347
3 7340 7531 9153
3 5885 9172 5628
3 2047 5990 8393
3 6111 773 5971
3 6419 3853 7430
3 4594 6398 5925
3 7362 282 2851
3 1429 8836 2110
3 6549 7873 2457
3 5145 524 8751
3 3629 6161 3897
3 1881 5141 1041
3 9781 810 4993
3 619 9017 2427
3 2457 9745 6973
3 2110 204 7819
3 9212 4373 5091
3 5144 7772 1353
3 4466 7144 1465
3 5382 5685 6815
3 405 4701 7430
3 5885 1696 901
3 2231 4076 3596
3 2824 626 7501
3 8390 5385 7482
3 3994 7544 2121
3 903 4824 1450
3 7821 1936 564
3 3646 9763 2764
3 2849 2681 8127
3 4750 9361 9391
3 7633 4824 903
3 6437 3227 7901
3 1012 5915 8183
3 8401 5217 564
3 7133 5277 7759
3 7987 4852 7657
3 8791 6617 564
3 4218 6833 7232
3 9587 3409 7232
3 3896 2477 2676
3 8001 4027 5994
3 9709 3634 8355
3 3646 2764 7487
3 9611 8847 3623
3 1606 3114 9361
3 8127 358 7111
3 9523 583 4957
3 8751 5854 6637
3 7153 7840 4489
3 8585 1033 644
3 7502 3239 2825
3 982 4368 7933
3 2764 9763 3097
3 1244 6674 7261
3 9800 4430 7820
3 3352 7161 3755
3 4332 2483 4489
3 4398 1142 5589
3 5606 8183 6081
3 9702 7326 1427
3 2269 4430 9800
3 22 3806 7310
3 7492 3788 64
3 6637 1166 8858
3 6971 5004 1070
3 1780 885 6400
3 5632 8272 4160
3 7891 4057 7390
3 7344 6642 9631
3 7344 9060 431
3 1304 9052 4207
3 7933 6155 2608
3 6236 7596 6081
3 4515 336 7913
3 7786 9071 1639
3 8452 4624 977
3 1953 7596 6236
3 2653 4524 8725
3 5915 1012 729
3 4811 7882 1836
3 1109 4374 9507
3 2455 5040 3129
3 6318 8350 8892
3 9051 4909 1318
3 4207 3642 6917
3 5473 5140 3004
3 3533 9816 6870
3 8347 9510 4758
3 4909 2639 1318
3 9605 608 5294
3 8553 1304 6917
3 1318 7439 6162
3 1664 4669 2417
3 8901 6638 4950
3 3084 2500 2399
3 2797 7344 8359
3 4032 4830 5966
3 2130 4841 8183
3 1522 389 3204
3 1706 5640 5638
3 8183 4841 2324
3 389 5883 3204
3 2220 4778 7043
3 10 6006 6007
3 6519 4066 161
3 8057 345 9358
3 4372 10 6007
3 4881 7439 2639
3 8574 1772 5776
3 1168 5931 2514
3 6659 724 1301
3 1247 4588 4990
3 1475 8548 1012
3 3623 5221 9611
3 4007 6939 6312
3 7354 7295 5366
3 3646 7487 3633
3 8901 3508 8878
3 4402 626 2824
3 1244 3116 6674
3 4860 6549 9338
3 538 7772 5144
3 7487 7938 3633
3 7612 8843 9780
3 9361 3114 9391
3 3239 3633 2825
3 6033 9841 7295
3 1072 8785 1698
3 7232 7056 5961
3 7106 1544 388
3 6419 1429 9841
3 7587 5179 3468
3 2653 8725 5443
3 7813 6602 9496
3 4380 5589 3754
3 5525 5891 9653
3 6638 9868 6138
3 4206 2783 3641
3 7016 9697 7814
3 2500 4205 2399
3 6366 8247 2063
3 8849 3262 6074
3 466 2011 6812
3 4993 810 3382
3 8369 7424 2900
3 3754 5589 6290
3 5479 7633 903
3 6114 9035 5914
3 7340 8021 8085
3 1932 5125 2360
3 9450 4976 4852
3 6186 4143 2653
3 1401 1445 1287
3 810 9781 5484
3 2231 3378 5340
3 7765 6971 1161
3 5005 5498 177
3 6917 1304 4207
3 8021 9153 7978
3 4007 7873 1613
3 345 9457 9013
3 9314 11 1978
3 3604 6457 4622
3 3252 1275 7362
3 7727 7314 59
3 1275 3252 161
3 8057 2220 345
3 6939 4778 3382
3 7110 2653 5443
3 2255 2551 2989
3 3663 7458 929
3 855 868 7002
3 3795 6182 7633
3 2158 9511 1353
3 3426 4604 5366
3 3526 7819 4615
3 6366 3435 2646
3 3379 8836 8133
3 4765 3684 4156
3 7362 1695 10
3 4588 1247 9611
3 6685 9427 1522
3 2110 3526 1429
3 6754 1527 3978
3 8401 2528 392
3 9391 9655 1944
3 5694 4624 4068
3 7225 8918 2275
3 5181 9703 7162
3 9391 7326 9702
3 4701 8348 6499
3 388 9702 7106
3 8804 3840 8918
3 1465 7889 4466
3 752 2820 7772
3 1606 9361 4750
3 6174 388 6165
3 6595 1657 3811
3 6312 6939 3382
3 987 9730 7694
3 4880 6870 5472
3 3219 6743 254
3 9587 158 5572
3 7106 9702 1427
3 5994 595 8001
3 429 8401 392
3 5690 6617 3096
3 8393 4926 9808
3 7510 7502 7784
3 5356 2431 3276
3 3303 6290 8671
3 7535 3684 3897
3 2977 556 4297
3 1957 4160 8272
3 3632 3269 2824
3 7971 4380 3754
3 7959 2011 466
3 2867 1171 8432
3 375 6255 8423
3 3005 9319 2817
3 1048 9504 232
3 4489 7840 786
3 5774 1813 9264
3 9255 3084 7118
3 5246 8667 4610
3 6490 4931 1070
3 7162 4149 5181
3 5294 608 4774
3 4910 2403 8347
3 4627 1190 2663
3 3791 8465 1361
3 8701 213 9360
3 7766 6592 8697
3 9431 845 2271
3 1297 925 4771
3 10 4372 2851
3 8472 3802 1297
3 3970 2642 618
3 733 9397 7120
3 2158 4348 9511
3 7417 930 8042
3 5847 2639 4909
3 379 9013 9673
3 3443 3590 6549
3 345 6939 6676
3 1537 9013 7256
3 6231 4610 7138
3 9566 5246 6231
3 9052 2403 4910
3 1790 2969 272
3 1208 3286 3873
3 1759 9171 7882
3 2731 4701 2131
3 392 5690 3645
3 9052 1304 2403
3 2875 1619 5833
3 7745 5900 4817
3 4758 4910 8347
3 5891 5994 6126
3 7286 615 7746
3 9207 6111 4615
3 5451 523 7135
3 9346 4066 4595
3 6499 595 4701
3 6126 9653 5891
3 8553 2403 1304
3 6802 3651 4746
3 5776 7633 6182
3 949 4027 392
3 1340 7422 2477
3 5884 900 7882
3 2399 7439 3084
3 9051 1318 6162
3 2607 2731 6467
3 9611 7701 4588
3 773 6111 5443
3 3645 7514 392
3 1836 7882 107
3 2824 3269 3165
3 7118 8990 6161
3 9702 6174 582
3 3795 1556 717
3 6016 2134 733
3 8303 3336 2846
3 9585 949 392
3 5793 189 8144
3 4612 8238 4380
3 3166 7971 9576
3 8144 8422 873
3 1889 4811 8892
3 7694 896 3623
3 4580 1072 8086
3 177 16 3917
3 4149 9319 497
3 8697 4012 7766
3 7439 1318 2639
3 4881 1096 7439
3 7922 5752 5221
3 4060 6587 2797
3 9841 170 5366
3 2195 213 878
3 5394 1160 7570
3 9348 7190 5818
3 2817 729 3005
3 2731 3278 7430
3 5181 2608 7349
3 9815 1137 6179
3 9703 2817 9319
3 8575 431 9060
3 3355 9574 4892
3 1790 272 5846
3 8804 1812 1199
3 6015 896 9730
3 786 6402 22
3 22 7310 8676
3 8843 7121 355
3 3295 8983 9574
3 2646 8707 3806
3 189 5342 6687
3 7707 881 5214
3 4956 582 6174
3 5793 1168 7770
3 4466 148 3652
3 1168 2514 3034
3 6186 4038 4143
3 5776 1772 7633
3 2718 8340 3219
3 3922 3252 4193
3 4064 124 2806
3 6428 6472 2220
3 4106 9884 3676
3 9743 198 8921
3 3921 9013 379
3 8472 1297 4784
3 2063 2264 9795
3 8183 5915 6236
3 6812 7681 3640
3 9479 5818 2337
3 45 8603 7959
3 1953 5915 4241
3 4840 9674 7072
3 6659 4990 9133
3 3281 7546 1620
3 2220 6472 4778
3 1247 4990 1094
3 2483 9730 7261
3 204 2110 196
3 9745 4007 6312
3 2315 9673 9013
3 1663 3498 768
3 9045 3110 7190
3 6549 3590 1537
3 987 8847 5647
3 8469 3671 868
3 149 1900 8689
3 7510 3239 7502
3 595 5994 5891
3 8133 6419 7430
3 5639 16 177
3 1698 9575 1072
3 4935 4636 3812
3 3399 9556 7564
3 4398 5589 4380
3 8312 5498 4012
3 7102 20 5964
3 3888 6187 679
3 364 568 3156
3 9140 2324 2130
3 7546 4201 1620
3 2528 8401 564
3 5954 2002 8222
3 4031 3433 4430
3 5181 1953 9703
3 1725 5885 414
3 6155 1658 9179
3 3791 7784 7502
3 1199 1812 4811
3 8858 4623 9516
3 6021 7161 4031
3 7162 9319 4149
3 4812 341 2852
3 1864 3862 905
3 5185 530 7686
3 7344 431 8359
3 5498 4514 2054
3 5498 5005 6972
3 5386 2591 6154
3 1443 3473 5935
3 5776 2063 8574
3 178 6383 3394
3 161 6062 1275
3 7072 3998 4840
3 8686 9490 5182
3 4180 6654 5255
3 4193 8472 4784
3 2700 2673 205
3 2528 564 6617
3 8001 8401 429
3 5525 9653 2607
3 1275 9133 7362
3 244 9653 2003
3 9391 1944 9178
3 5443 752 7110
3 1353 9511 8724
3 9511 9207 4615
3 4156 9870 8469
3 9313 2989 3497
3 9013 3921 345
3 6353 224 6572
3 595 2131 4701
3 8986 441 2521
3 5525 6467 5891
3 6437 8903 6668
3 7891 8482 5737
3 720 2336 8990
3 4615 6111 3526
3 1619 8930 6126
3 7426 4750 9702
3 7357 9461 949
3 3646 3239 7510
3 3034 1544 6687
3 8836 6419 8133
3 2514 5931 4730
3 5342 7770 1168
3 9585 7514 3645
3 8847 1247 1094
3 7102 6290 5589
3 7819 204 6512
3 4402 9575 7501
3 1880 3893 9
3 7440 4956 4730
3 2054 8463 5498
3 4057 7891 5737
3 2002 5961 9190
3 3623 896 5221
3 4783 1296 1611
3 1340 3896 8085
3 729 2817 4241
3 8670 965 61
3 3166 9125 1880
3 4156 3936 9604
3 3307 4427 3739
3 5768 6187 9684
3 4582 7190 9348
3 752 4348 2158
3 9338 6973 5484
3 7587 1607 7427
3 5915 729 4241
3 2110 8836 3379
3 6467 5525 2607
3 3329 2241 3188
3 885 7541 2130
3 8175 5901 8612
3 9703 9319 7162
3 3631 3866 290
3 9674 4840 6519
3 2457 9338 6549
3 9207 4348 9162
3 9673 6518 379
3 2522 9040 3351
3 752 5443 9162
3 8724 9479 8969
3 1333 3252 3922
3 3844 3136 3991
3 7772 4860 9338
3 3342 7961 5701
3 7256 9013 9457
3 9126 6572 224
3 3414 3659 8610
3 1533 2 3233
3 2676 2477 5112
3 5647 8847 1301
3 6659 9133 1275
3 177 5498 8463
3 8500 8299 1691
3 22 6402 3806
3 8342 8774 9242
3 1664 2673 2700
3 1522 3204 9705
3 1772 8574 4824
3 7326 4660 1427
3 254 2718 3219
3 341 2540 1012
3 2263 6523 2517
3 8281 6523 5793
3 3116 9730 987
3 4882 7965 8962
3 1301 9346 5647
3 466 6812 3643
3 4957 8340 9523
3 3340 7691 5843
3 3811 6674 6595
3 3116 6595 6674
3 8018 8489 7235
3 2522 3351 2304
3 4316 7544 5702
3 9865 7465 8139
3 8422 81 873
3 7820 8342 2749
3 6632 8009 531
3 1429 170 9841
3 2998 358 9429
3 9744 7399 8096
3 3379 8133 3278
3 7261 3958 5333
3 7596 7349 5606
3 3204 5883 1255
3 5294 6400 5319
3 2481 5220 8726
3 8548 5762 3005
3 4430 7845 7820
3 7433 5391 2793
3 5094 7153 3163
3 1072 4580 8785
3 5406 8428 3078
3 7522 1619 5994
3 3564 568 1142
3 4398 9608 3564
3 7537 2577 2069
3 7501 1698 73
3 364 7075 5391
3 196 2110 4582
3 4582 3278 1881
3 673 6802 6483
3 6483 6802 8594
3 2023 6021 4031
3 364 3036 568
3 5736 8302 6444
3 8921 198 3972
3 4932 177 3917
3 7882 900 1797
3 4935 4581 5073
3 1353 2820 2158
3 6512 8724 7819
3 3936 6420 5478
3 6459 8896 7981
3 6161 6665 9255
3 6572 9126 3131
3 5912 4636 9095
3 7819 3526 2110
3 7390 4057 5790
3 2131 6467 2731
3 1537 7256 6549
3 5818 6512 9348
3 4342 3324 4873
3 1698 8785 73
3 6582 6566 1073
3 9576 4403 3166
3 4027 949 5994
3 3319 982 7933
3 1096 8042 7118
3 9507 5748 5008
3 2181 531 3677
3 3645 1360 9585
3 7937 8585 6106
3 5702 9212 4316
3 4581 4935 3812
3 2003 9653 6126
3 5198 3659 5297
3 2522 2304 242
3 2386 6993 3986
3 2366 538 7053
3 4582 1881 9045
3 6142 4894 5701
3 2852 341 2324
3 5901 876 9224
3 4860 1730 6549
3 62 3303 8671
3 9314 2045 6229
3 6114 868 855
3 9338 5484 7772
3 3950 9313 3497
3 8085 4514 1340
3 4514 5498 8312
3 4023 5413 262
3 8235 4469 355
3 1234 2501 3083
3 1664 3643 4669
3 2514 6165 1544
3 3747 960 5147
3 5776 3946 8561
3 4812 1070 3916
3 5793 1755 1168
3 6770 8144 1728
3 7440 9107 6742
3 2514 4956 6174
3 2852 1070 4812
3 9255 6665 9035
3 1095 2741 6185
3 3643 1465 466
3 2718 254 9525
3 2047 9525 5990
3 1248 1999 5851
3 1356 4769 8099
3 6155 7933 3459
3 3806 6402 2264
3 2324 4841 2130
3 4811 5897 8892
3 2939 5252 609
3 609 1590 1898
3 1465 7144 466
3 898 4595 4066
3 9039 2521 6436
3 4066 1301 724
3 3302 5422 9279
3 1070 2852 907
3 7255 8312 9859
3 2762 9465 1927
3 3997 3578 8870
3 8701 9574 3355
3 2054 4514 8085
3 8847 1094 1301
3 2852 5149 907
3 882 4211 4830
3 5255 6654 4882
3 8312 7255 1726
3 1235 3053 4755
3 5005 177 6491
3 7256 7873 6549
3 4892 9574 8983
3 5701 7961 1525
3 2483 7153 4489
3 8724 8969 7053
3 1730 9314 6229
3 538 4860 7772
3 3116 5647 6595
3 3163 1735 5259
3 7772 5484 752
3 8340 4957 3219
3 9216 9467 4594
3 6071 9795 7528
3 6071 7528 6680
3 9360 7570 8701
3 7633 5479 3795
3 9510 4005 1090
3 3058 4817 614
3 1544 7106 189
3 6687 1544 189
3 3252 1333 6519
3 6659 1275 724
3 5342 3034 6687
3 4956 2514 4730
3 45 7515 8603
3 6174 6165 2514
3 3084 3053 1235
3 3950 7390 9450
3 9346 1657 6595
3 1091 4892 8983
3 8737 3058 741
3 148 1602 5179
3 9510 8553 336
3 6451 5222 963
3 8500 1691 6824
3 1439 4669 3643
3 2501 1234 1693
3 1693 1234 9884
3 9140 5149 2852
3 5833 4317 9011
3 9703 1953 4241
3 1439 5987 4669
3 5112 4057 5965
3 4012 6972 7766
3 5321 4615 7819
3 2783 4802 6
3 5294 682 9605
3 7286 3880 615
3 412 7297 3678
3 1473 8356 2864
3 588 3261 1171
3 5072 4580 8086
3 8109 9653 244
3 2608 5181 4149
3 2399 6162 7439
3 6582 3754 6290
3 4106 4756 5046
3 9786 4873 2349
3 1953 5181 7596
3 8183 1633 1012
3 6368 2081 8985
3 7820 7845 8342
3 2676 5112 5965
3 3278 2731 2607
3 4373 5702 1986
3 1778 4533 3302
3 1361 3646 7784
3 5141 3560 9011
3 74 3791 7502
3 3399 3658 7225
3 7128 67 5955
3 6595 5647 9346
3 1742 5530 6464
3 6536 6440 2908
3 8519 2641 9104
3 7053 8969 2366
3 9511 4615 5321
3 1720 4111 7442
3 3811 1720 3958
3 4918 4125 5185
3 1691 8128 6824
3 3021 1841 5707
3 7168 5294 2608
3 4783 1611 345
3 5091 4343 9212
3 6519 1333 380
3 9705 6142 1525
3 9341 5961 2002
3 6676 1613 7256
3 7889 148 4466
3 833 2315 1537
3 3931 3131 9126
3 6458 326 8500
3 6680 7528 2976
3 3839 3862 1864
3 8724 9511 5321
3 7873 9745 2457
3 5818 8129 2337
3 2342 129 3954
3 6468 8776 2631
3 7770 5342 189
3 2710 9150 7758
3 6242 6770 4071
3 4730 5931 1168
3 3318 1379 3661
3 9107 7996 2263
3 2607 8109 3278
3 4582 3379 3278
3 7528 3325 2976
3 6792 8489 8018
3 5745 5957 4043
3 8603 7515 3086
3 3219 7441 6743
3 1812 5897 4811
3 1059 4849 67
3 5833 4340 7723
3 8785 4580 73
3 8595 6957 1552
3 2797 2869 4060
3 9019 7604 6056
3 3402 4725 3631
3 3631 290 3402
3 3564 5940 9017
3 2949 187 813
3 5572 978 3409
3 1633 2324 341
3 4676 7022 1912
3 1167 3910 2374
3 1288 1926 7343
3 2236 3302 575
3 1730 3443 6549
3 3394 2045 178
3 3812 8465 4581
3 6154 1971 6783
3 413 965 5963
3 7772 2820 1353
3 4027 8001 429
3 3281 9572 6587
3 9262 8032 5851
3 7119 6733 2991
3 7784 3646 7510
3 8670 5963 965
3 6126 8930 2404
3 8465 74 4581
3 7501 9575 1698
3 1340 4514 1726
3 575 7069 9859
3 4976 3796 2794
3 2797 5027 7344
3 8870 3578 2315
3 6182 3946 5776
3 1301 1094 6659
3 7207 6384 9885
3 7071 9673 2315
3 3958 6674 3811
3 8139 1255 9865
3 1353 7053 5144
3 2741 8422 6185
3 9867 5883 6137
3 9865 3990 3135
3 1255 2480 3990
3 5833 5151 2875
3 9705 1525 1522
3 5867 3889 5546
3 6138 9337 6638
3 2027 5256 8790
3 5776 8561 2063
3 5818 9479 8724
3 8139 8959 9705
3 7956 3136 3844
3 5294 7168 682
3 1168 3034 5342
3 7996 5793 6523
3 4730 9107 7440
3 6383 4405 715
3 9107 5793 7996
3 3658 8359 7225
3 2032 6720 4208
3 6512 204 196
3 3652 148 5179
3 5046 7001 9157
3 3443 6229 1537
3 4582 9348 196
3 8690 7981 6865
3 107 7882 6247
3 6676 6939 4007
3 3640 9605 6812
3 1836 6865 5839
3 3251 971 2023
3 4976 8121 1466
3 9516 5145 6637
3 4636 8465 3812
3 5141 1881 244
3 8087 6566 6582
3 1073 6566 8087
3 9212 4343 4316
3 2404 8930 5151
3 5171 2841 4996
3 662 8721 2709
3 9011 3110 1041
3 1360 4635 5911
3 7357 9887 2389
3 949 9461 7522
3 5073 8994 4935
3 6187 3888 2991
3 9023 7612 4870
3 3352 691 8283
3 3839 1864 8973
3 2054 8085 8463
3 862 8146 4268
3 7633 1772 4824
3 8092 1098 5952
3 3617 5889 5461
3 9885 3668 7207
3 5145 9516 1742
3 6853 3208 9547
3 9346 1564 2908
3 9795 2264 6402
3 2235 8469 5914
3 3954 7322 2342
3 5253 3329 3188
3 9795 6402 7840
3 786 22 8676
3 2315 3578 7071
3 380 1333 3922
3 3998 3668 898
3 7071 3578 3997
3 435 898 3668
3 6523 2263 7996
3 189 7106 1556
3 4595 1564 9346
3 5910 6523 6242
3 1978 11 538
3 2517 6523 5910
3 9523 8340 2718
3 8019 3273 254
3 6400 885 7349
3 8049 4365 5708
3 5417 6983 8896
3 8892 1759 1889
3 5073 966 9786
3 8381 8159 6318
3 6229 3443 1730
3 2404 5151 3560
3 3110 9045 1041
3 4466 3652 9808
3 9313 4852 7987
3 8671 6290 7102
3 5589 1142 4745
3 1361 8465 4636
3 4668 8272 5632
3 7765 1161 907
3 7190 4582 9045
3 6126 5994 1619
3 6561 39 2337
3 1041 9045 1881
3 3649 3840 3513
3 230 2404 5141
3 1316 907 5149
3 5319 2608 5294
3 449 9819 3931
3 8312 4012 8697
3 1342 255 4261
3 4012 5498 6972
3 3308 8379 8482
3 2396 5620 6452
3 7612 9780 3513
3 949 5911 7357
3 9654 8598 1780
3 7255 7069 575
3 8432 4219 5903
3 9313 7987 1574
3 2749 8342 2849
3 5547 7216 3859
3 7357 5911 9094
3 2389 9461 7357
3 8885 1972 857
3 6097 2389 9887
3 5141 244 230
3 4122 3987 1217
3 1537 6229 833
3 8128 4866 6824
3 481 6806 6552
3 6517 5355 8987
3 2315 9013 1537
3 1426 7111 2998
3 1881 3278 8109
3 4066 6062 161
3 178 2045 1978
3 4364 4486 3476
3 5756 8715 8510
3 7053 1353 8724
3 9348 6512 196
3 3110 8129 7190
3 898 435 4595
3 6071 8574 9795
3 232 2976 1048
3 9011 3560 5833
3 3678 7297 2182
3 2875 5151 8930
3 3116 987 5647
3 7261 9730 1244
3 5544 4072 4111
3 8918 8575 8159
3 8129 5818 7190
3 6853 3296 6946
3 230 244 2003
3 3034 2514 1544
3 2435 1619 7522
3 7225 5662 3399
3 2063 8561 6366
3 8657 8502 7948
3 1556 6185 189
3 7516 8598 1217
3 2991 3866 6187
3 9786 9095 8994
3 1755 4730 1168
3 5072 8086 61
3 9094 2348 7357
3 4597 3395 5889
3 6523 6710 6770
3 9576 7971 3754
3 2474 4591 8595
3 3497 7390 3950
3 7102 5964 8671
3 9884 1234 3676
3 4384 3585 751
3 5963 6139 413
3 6866 495 8617
3 414 7994 1725
3 1493 9574 8701
3 7632 3585 4384
3 907 1161 1070
3 6623 8617 495
3 6247 1797 8690
3 7168 2608 5987
3 7286 7746 7914
3 618 4364 3476
3 4852 1466 7657
3 664 5024 5413
3 2783 4206 2501
3 5222 6451 8303
3 2427 2008 6766
3 9574 1136 3533
3 4006 3355 1091
3 3308 619 8390
3 8990 1074 7985
3 9279 7422 3302
3 7296 8469 8986
3 1070 4931 3916
3 9574 3533 272
3 3208 6853 6946
3 9314 8818 538
3 9040 6437 6668
3 6161 3629 6665
3 716 2897 6384
3 9547 3208 178
3 8986 2521 240
3 9870 4156 441
3 5910 6242 4071
3 2263 6742 9107
3 1728 5309 2753
3 4855 3255 2950
3 3487 8489 1277
3 2304 3351 2183
3 4989 156 2753
3 1277 5910 3487
3 4926 4466 9808
3 5910 1277 2517
3 1657 1720 3811
3 5714 1229 7744
3 4504 3798 9554
3 7017 5966 9587
3 9808 3652 8393
3 9907 5083 6951
3 1720 5333 3958
3 435 453 4044
3 4066 4840 898
3 419 8809 826
3 2908 1564 4044
3 9730 3116 1244
3 6457 1842 7743
3 6142 9705 8959
3 7743 4622 6457
3 9887 2348 3323
3 3003 618 2642
3 9035 6665 3629
3 3889 1358 6967
3 7528 9795 3325
3 4536 1450 9257
3 7499 6823 3154
3 8058 1158 7446
3 3677 4894 4621
3 7297 7167 2182
3 4622 412 3678
3 6797 9555 5708
3 1682 8666 9555
3 2875 8930 1619
3 436 7216 575
3 2324 1633 8183
3 8312 8697 6592
3 3886 6668 6633
3 8562 4303 5426
3 8085 3896 2676
3 8139 3204 1255
3 3340 2467 5707
3 6823 7499 4251
3 8443 6176 2900
3 2435 7522 9461
3 6707 684 4081
3 1043 6888 3844
3 7465 1357 8959
3 9705 3204 8139
3 9865 1255 3990
3 8724 525 5818
3 7465 9865 6966
3 9461 2389 2435
3 224 6353 8360
3 7357 2348 9887
3 2424 5597 9807
3 3402 8751 4725
3 1041 5141 9011
3 5911 949 1360
3 5854 4452 6637
3 9786 8994 5073
3 4935 8994 9095
3 682 1439 6812
3 8087 6582 3303
3 7433 4591 5500
3 6139 8924 4341
3 6139 4341 413
3 2404 230 6126
3 2236 9710 6774
3 893 4923 5425
3 4380 9 4612
3 9163 3324 4342
3 2159 7102 5391
3 4591 20 7102
3 5141 2404 3560
3 7723 4340 2435
3 9859 8827 3859
3 2844 5642 703
3 903 1098 8092
3 7279 1912 3305
3 1556 3795 5479
3 1036 9103 9251
3 207 5053 6322
3 3954 129 3029
3 4761 3130 4725
3 8751 524 4761
3 3954 4498 7322
3 3251 9599 2269
3 4855 3066 3108
3 2945 4108 9418
3 4730 1755 9107
3 156 1734 3487
3 5987 682 7168
3 254 6793 8019
3 2005 1728 156
3 6792 6742 2263
3 336 4515 9165
3 3273 8019 7236
3 9525 4384 751
3 8603 6326 7959
3 9510 8303 4005
3 7744 9813 5868
3 9510 8347 8553
3 4205 9051 2399
3 6342 7286 7914
3 3998 898 4840
3 9885 4044 453
3 3642 7913 6917
3 4106 3676 4756
3 7723 8302 5736
3 5044 1031 9224
3 833 6229 3394
3 2355 7617 255
3 2908 4044 6536
3 4755 3084 9255
3 4111 1720 1657
3 8751 3402 5854
3 3584 6735 750
3 6119 3760 7130
3 39 8969 2337
3 3233 4637 3907
3 466 7144 4466
3 5662 7225 2275
3 8360 6561 224
3 2157 5056 6268
3 4462 5702 3994
3 4860 8818 9314
3 8275 7758 4954
3 6383 8968 8870
3 5375 1825 2320
3 9261 5229 1779
3 3130 8045 3631
3 6353 1688 8360
3 8356 6824 8800
3 5333 3163 7153
3 6652 7946 7368
3 9504 1048 5756
3 75 2320 5006
3 4452 876 5901
3 8215 7840 7153
3 5818 525 6512
3 5736 9819 449
3 3931 8063 3131
3 2530 3324 9163
3 2529 6097 9887
3 3649 2275 3840
3 9190 4882 2002
3 2712 4132 9852
3 261 1426 9429
3 4591 2474 5964
3 8299 9430 1691
3 966 4873 9786
3 6637 5145 8751
3 1552 6140 5964
3 2793 8595 7433
3 5391 4745 364
3 1552 2474 8595
3 4945 1347 9001
3 2683 3182 4034
3 3325 7840 8215
3 3604 1358 3889
3 4745 3036 364
3 3303 62 8087
3 4341 4872 965
3 1984 7213 7916
3 8127 9429 358
3 4745 7102 5589
3 2793 8428 8595
3 3156 9017 619
3 2797 3399 2869
3 3907 326 3233
3 1592 1497 1676
3 4824 8574 6071
3 4594 3003 9216
3 39 1662 2642
3 7294 6615 5736
3 1439 682 5987
3 5123 915 7111
3 5932 9120 9311
3 7851 250 2041
3 1657 9346 2908
3 6097 2529 225
3 3667 3997 8870
3 2337 8129 6561
3 6457 3604 6723
3 5707 7296 3021
3 2802 5723 8063
3 1544 6165 388
3 6242 6523 6770
3 5544 4111 1657
3 9314 1730 4860
3 6440 2265 7078
3 5833 1619 2435
3 2787 7346 8639
3 8302 2435 2389
3 5994 949 7522
3 2435 4340 5833
3 4317 449 9011
3 8959 1357 3605
3 336 6917 7913
3 8710 1626 6243
3 9095 9786 2349
3 4746 6367 9706
3 7133 3209 1191
3 6100 174 41
3 8747 8410 5277
3 8281 5793 8144
3 2755 3817 673
3 2005 5910 4071
3 3487 2005 156
3 6504 8752 6735
3 218 7028 375
3 1277 6792 2517
3 3497 8482 7891
3 107 6247 8690
3 5333 1720 7442
3 5964 20 4591
3 8595 1984 7916
3 513 9698 9156
3 4802 4064 2806
3 1048 8715 5756
3 364 3156 7075
3 8677 4336 6783
3 8870 2315 833
3 7541 8513 2115
3 9817 7177 9356
3 2976 3325 8215
3 5147 8842 8499
3 5520 2042 6959
3 5673 1467 1118
3 6802 3254 8594
3 4219 6724 7119
3 1693 2783 2501
3 7971 1880 9
3 6587 9572 7613
3 6971 1070 1161
3 1491 8411 8718
3 6194 6593 8253
3 8969 39 3970
3 7299 4786 7564
3 1316 7765 907
3 4725 8751 4761
3 3130 4761 6187
3 2477 3896 1340
3 3308 2551 1261
3 8885 8432 1171
3 1167 857 3910
3 5053 207 1626
3 9870 8986 8469
3 2899 8252 3
3 9678 7505 2587
3 9859 6592 1343
3 1342 5149 255
3 6592 7766 1343
3 9257 1098 4536
3 2908 9493 1657
3 8909 95 163
3 4595 435 1564
3 5259 9826 3163
3 6128 2995 6879
3 1001 9035 3629
3 6460 4103 4047
3 1662 9216 2642
3 310 3649 3513
3 1527 3173 6073
3 6710 8144 6770
3 6630 7235 8489
3 5309 1728 6128
3 4989 1734 156
3 8489 1734 6630
3 5672 3473 1443
3 1118 9053 3666
3 3487 5910 2005
3 453 435 3668
3 8986 240 7296
3 9035 6114 855
3 8129 3110 9126
3 3407 7237 7235
3 8432 8885 857
3 441 9604 5478
3 3560 5151 5833
3 421 7691 1841
3 4023 5040 2455
3 9095 4636 4935
3 2629 868 3671
3 859 2041 5521
3 424 8467 9535
3 4621 4894 6142
3 1347 9716 9001
3 869 2069 7001
3 8985 3040 6368
3 9866 3136 7956
3 2792 9807 6609
3 9102 8809 9103
3 5790 3796 7390
3 9780 8843 310
3 3991 2481 1043
3 965 413 4341
3 6888 4481 6767
3 4304 874 6880
3 6532 5797 6545
3 7955 6966 9865
3 4047 4103 2752
3 1726 4514 8312
3 7349 7596 5181
3 965 5072 61
3 8790 5256 1983
3 7040 618 3296
3 1615 7916 9223
3 3078 4336 1521
3 1001 3897 3684
3 6236 5915 1953
3 8183 5606 2130
3 1551 8924 6139
3 72 4948 19
3 4591 7102 5500
3 8595 8428 5406
3 2366 7040 538
3 3036 1142 568
3 8302 2389 6444
3 4325 9157 7001
3 849 5143 9884
3 3640 9812 4774
3 575 7216 2236
3 3399 5662 9104
3 9556 2867 5903
3 5606 7349 885
3 9157 4325 849
3 4655 5672 1467
3 1735 4072 193
3 7120 2411 733
3 8827 8329 5547
3 2470 6460 4047
3 44 7219 482
3 7422 1340 1726
3 1090 4758 9510
3 1662 39 8360
3 9826 5094 3163
3 5885 7135 4320
3 3211 3352 8283
3 9795 7840 3325
3 9735 8435 5983
3 4317 7723 5736
3 3843 1726 7255
3 3139 2844 703
3 2151 7001 2577
3 1540 8868 2325
3 7078 9493 2908
3 4066 6519 4840
3 7881 6656 7742
3 9493 193 4072
3 8787 859 5932
3 716 8909 2265
3 6865 7981 5839
3 9360 5394 7570
3 3355 4892 1091
3 7883 6396 5885
3 6000 9510 336
3 1735 3163 7442
3 855 7002 9035
3 4332 4427 6015
3 971 9371 7070
3 8870 8968 7206
3 7730 8669 8764
3 3817 2280 5148
3 5756 2241 9504
3 4103 8691 3956
3 7177 8603 1676
3 8612 5901 9224
3 7236 3725 3273
3 8236 2444 1099
3 2775 9826 8510
3 4989 3384 6630
3 4071 1728 2005
3 4989 4972 3384
3 4737 4251 1676
3 2096 5343 8155
3 5309 7655 2753
3 1427 4660 9391
3 45 4466 4926
3 6352 7312 2443
3 2311 1875 5688
3 2741 1095 7322
3 5903 7564 9556
3 903 8092 3709
3 3336 8303 6451
3 4226 6451 963
3 8612 2808 8175
3 6879 2995 7332
3 2366 8969 3970
3 5891 2131 595
3 3277 6983 7062
3 8347 2403 8553
3 5136 2196 3138
3 7959 6326 2011
3 167 4515 7745
3 9585 1360 949
3 9819 5736 8063
3 9156 6501 4313
3 1158 2353 7446
3 2642 3970 39
3 8360 9467 1662
3 7541 8253 6593
3 6400 7349 5319
3 9367 9163 4342
3 8915 1659 9678
3 8058 1295 4328
3 8892 5897 1812
3 1615 6957 7916
3 9126 224 6561
3 9163 6957 1615
3 1387 1855 1270
3 8686 9583 6597
3 9279 5422 747
3 3108 3066 158
3 9252 4768 5766
3 9859 1343 4262
3 5903 7299 7564
3 1343 7766 1317
3 4616 3987 359
3 9654 5294 4774
3 9363 7773 2709
3 335 4763 2355
3 1217 3987 2597
3 9605 682 6812
3 575 3843 7255
3 436 575 9859
3 9859 3859 436
3 1045 325 1354
3 3340 4731 2629
3 3840 8804 2613
3 6735 3584 7631
3 3029 2342 5952
3 7236 7238 3725
3 1911 8823 4085
3 3725 7238 4384
3 4498 81 8422
3 2995 3318 6535
3 254 3273 9525
3 2247 6840 4047
3 5794 4970 1834
3 7981 8896 6983
3 4251 4737 3086
3 1728 4071 6770
3 980 1667 478
3 6523 8281 6710
3 7743 1842 3022
3 7442 4072 1735
3 618 3003 4364
3 6536 4044 9885
3 4044 1564 435
3 4072 7442 4111
3 827 5843 421
3 8375 7730 5925
3 835 1820 2144
3 2265 163 193
3 2241 3329 232
3 225 7294 6444
3 6680 2976 232
3 8715 8215 2775
3 2337 8969 9479
3 1537 3590 3443
3 2144 6574 4726
3 7294 225 9059
3 2435 8302 7723
3 1048 2976 8215
3 5045 6916 2901
3 5511 2698 4994
3 3324 2349 4873
3 2117 8519 6722
3 7022 4637 3305
3 255 7617 4261
3 8827 9859 4262
3 7657 2434 7987
3 9367 6957 9163
3 3358 4594 5925
3 9156 9030 9223
3 6956 9366 1551
3 9556 9104 2641
3 7945 4000 6249
3 2900 2211 8121
3 3032 619 3308
3 7516 8253 8598
3 3931 9819 8063
3 7107 4810 4576
3 326 3907 352
3 849 4106 5046
3 2355 2736 8826
3 8062 8093 2340
3 6283 915 5123
3 5795 8070 1688
3 4774 9812 4948
3 2032 1826 5123
3 3233 2 3305
3 8349 8888 9534
3 5965 7340 2676
3 7691 3340 1841
3 3931 3110 9011
3 412 7743 3022
3 5914 1001 2235
3 5914 8469 6114
3 4064 4802 849
3 1945 656 942
3 4917 8545 1906
3 5255 4882 7232
3 9366 4341 1551
3 8525 2530 9163
3 5159 8598 8253
3 8512 3078 1521
3 3078 6300 5406
3 4336 8428 2793
3 3676 1234 4756
3 1521 634 8512
3 8360 39 6561
3 5011 4364 9670
3 6561 8129 9126
3 7657 9176 2434
3 5737 711 4918
3 8063 6615 2802
3 6444 7294 5736
3 1820 835 3949
3 9068 2251 6623
3 3131 4244 6572
3 225 6444 6097
3 2477 7424 8369
3 613 6787 4927
3 9887 3323 2529
3 9126 3110 3931
3 9223 8525 1615
3 1974 5119 236
3 6923 9891 6946
3 6593 8513 7541
3 5303 7620 4324
3 9885 6384 2897
3 7206 8968 6383
3 2265 6440 2897
3 1428 2577 7537
3 4209 715 7346
3 3394 6229 2045
3 8403 4084 1627
3 1978 2045 9314
3 4261 7617 2355
3 2325 624 7395
3 4763 335 4400
3 3859 7216 436
3 6723 1842 6457
3 8510 8715 2775
3 1199 4870 7612
3 2405 5882 5056
3 6812 2011 7681
3 4357 5546 408
3 4622 7743 412
3 2275 3649 5662
3 560 1597 2002
3 1535 4356 7347
3 192 6387 6144
3 9449 9323 4104
3 420 1842 6723
3 3889 6723 3604
3 7153 2483 7261
3 7225 431 8575
3 4357 6967 7957
3 8510 3182 5756
3 6185 8422 189
3 355 9023 2161
3 301 81 4157
3 8422 2741 4498
3 408 6967 4357
3 4824 6071 6680
3 1043 3844 3991
3 9680 3108 158
3 45 4926 5990
3 8014 4901 1098
3 6792 2263 2517
3 6185 1556 1095
3 1734 8489 3487
3 3407 7235 6630
3 8236 8250 9727
3 81 4498 2668
3 8918 3840 2275
3 5159 885 1780
3 1836 107 6865
3 9817 2293 2011
3 9521 4774 1747
3 4830 1597 882
3 2117 2641 8519
3 9104 9556 3399
3 225 6023 5033
3 5150 92 7174
3 5159 7541 885
3 9493 5544 1657
3 72 1743 4948
3 5259 4034 8510
3 2829 2752 3956
3 2130 5606 885
3 8617 1312 849
3 3649 8519 5662
3 8691 1798 3956
3 2086 1165 1453
3 14 2683 8403
3 3831 2570 4313
3 2086 9618 5019
3 2775 8215 9826
3 2365 9491 4120
3 9155 6023 9029
3 296 92 5150
3 8870 833 3394
3 2075 9058 8466
3 8360 1688 9467
3 1581 4901 2830
3 7984 7213 6300
3 335 2115 4400
3 4341 8924 1551
3 9467 9216 1662
3 6300 7213 5406
3 7984 9223 7213
3 1984 8595 5406
3 3643 1664 7889
3 2737 8329 8827
3 7871 8232 2636
3 7237 3407 3523
3 3384 264 7631
3 7874 5925 7730
3 4384 9525 3273
3 6735 8752 6875
3 225 8524 6023
3 6300 513 7984
3 4624 3408 977
3 7655 4972 4989
3 6865 107 8690
3 4948 1743 9234
3 3523 7631 7237
3 8398 3047 4525
3 232 9504 2241
3 1688 6398 9467
3 9257 858 8014
3 6680 232 3329
3 4786 4060 2869
3 5795 1688 6353
3 9710 2236 2552
3 2552 7216 9857
3 4870 1199 1836
3 7773 9363 9877
3 495 6866 960
3 9859 8312 6592
3 2269 9371 3251
3 8497 2032 43
3 310 3513 9780
3 5795 6353 4244
3 213 3355 2847
3 2933 5136 3715
3 6262 5408 3064
3 877 2846 3336
3 3296 3476 6946
3 3859 8827 5547
3 1743 4122 9234
3 5894 4114 9710
3 2444 3086 5990
3 184 1044 5815
3 7907 4691 3588
3 4972 7655 5309
3 2753 156 1728
3 3384 7580 6504
3 8489 6792 1277
3 3029 1098 4901
3 2950 3255 6166
3 193 3354 1735
3 8510 9826 5259
3 4829 780 7155
3 9402 781 95
3 3771 1428 7537
3 7564 4786 2869
3 4817 2850 2902
3 781 9639 163
3 5819 3057 5110
3 2850 4817 3058
3 453 3668 9885
3 7206 3667 8870
3 9884 4106 849
3 9190 7056 4882
3 8715 1048 8215
3 325 1045 7547
3 3755 7161 6021
3 8403 2683 7391
3 2577 8842 2151
3 2241 4220 14
3 7422 3843 3302
3 2374 2018 1167
3 6187 5768 679
3 2 1533 2808
3 7279 2012 174
3 4317 5833 7723
3 1450 4824 6680
3 1098 3029 5952
3 5253 858 9257
3 4726 835 2144
3 5852 3954 3029
3 1997 7324 4157
3 7322 1095 5952
3 4913 290 5565
3 2991 8683 7119
3 7916 6957 8595
3 2582 2573 8419
3 9030 8525 9223
3 7349 2608 5319
3 6918 6501 513
3 3358 4364 3003
3 5406 7213 1984
3 3553 5033 9155
3 8677 9597 9192
3 2597 7516 1217
3 4962 4919 4672
3 2474 1552 5964
3 3358 3003 4594
3 5901 6637 4452
3 2808 1533 1986
3 335 2355 255
3 6128 5296 4371
3 4774 608 9605
3 2709 3339 5502
3 1270 7058 4400
3 2995 1728 1379
3 6875 9037 1765
3 3523 3407 6630
3 2802 6615 8486
3 8916 9680 158
3 6630 3384 3523
3 335 5149 9140
3 751 1099 2444
3 5707 8469 7296
3 3108 9680 9246
3 5502 3339 9857
3 2998 9429 1426
3 971 3755 6021
3 3273 3725 4384
3 5707 1841 3340
3 4032 7017 9341
3 2011 6326 8603
3 8375 1688 8669
3 2628 3771 4350
3 8987 711 5737
3 8093 8062 9431
3 2265 193 9493
3 715 4405 7346
3 7346 2787 4829
3 3354 193 163
3 4209 7346 7155
3 3163 5333 7442
3 7742 7391 7881
3 1647 3182 2683
3 6398 1688 8375
3 978 5572 158
3 4032 9341 1597
3 538 5144 7053
3 7232 6833 5255
3 7959 466 45
3 4244 5723 9716
3 2802 9001 5723
3 1473 4343 8999
3 7294 9059 8486
3 9121 6807 785
3 6552 6806 4967
3 9371 971 3251
3 5723 9001 9716
3 9223 7916 7213
3 3048 3188 1581
3 5044 4871 2271
3 9438 9679 8246
3 4536 903 1450
3 4244 3131 8063
3 7022 3907 4637
3 5736 449 4317
3 8677 1521 4336
3 4208 9371 6283
3 3553 5232 2365
3 2042 8747 6959
3 6187 8045 3130
3 3402 290 4913
3 8595 4591 7433
3 225 2529 8524
3 5925 6398 8375
3 513 9156 7984
3 5202 9597 8677
3 4948 9812 3640
3 1214 9268 6084
3 7404 6394 183
3 8045 3866 3631
3 8842 1428 8499
3 3033 3954 5852
3 189 5793 7770
3 7580 5411 6091
3 8349 6711 7963
3 3671 5707 2467
3 7324 1997 9396
3 8719 7683 6426
3 5296 8321 7600
3 751 1766 4231
3 6504 264 3384
3 9903 1177 5375
3 6959 8747 2320
3 926 2002 5954
3 4962 4691 7907
3 3661 301 4157
3 2477 7422 747
3 7433 2159 5391
3 5500 7102 2159
3 1688 8070 8669
3 5932 3818 5376
3 2340 1210 3766
3 6517 8390 5355
3 9305 3031 8288
3 5265 6084 7099
3 6723 3889 7579
3 301 873 81
3 3661 1379 301
3 6946 9891 3208
3 1212 5671 6525
3 3022 7297 412
3 7224 8210 3650
3 8150 2240 9251
3 7962 826 9102
3 9857 7216 5547
3 6084 5265 9535
3 1855 1387 4616
3 9305 7579 3031
3 9305 420 7579
3 9857 8329 662
3 5539 8809 2622
3 3931 9011 449
3 3031 5867 5546
3 1594 2213 9129
3 3014 8032 6992
3 7078 2908 6440
3 3182 8510 4034
3 6383 8870 3394
3 9534 4731 3340
3 1898 6925 9712
3 3505 5416 725
3 2265 2897 716
3 3629 3897 1001
3 8469 868 6114
3 4767 6916 5045
3 2577 1428 8842
3 2325 8868 2029
3 3264 1016 1067
3 4384 7238 7632
3 4325 8842 5147
3 4972 5309 1962
3 7655 4989 2753
3 9716 5795 4244
3 1962 3384 4972
3 764 9807 768
3 6875 8752 6504
3 9525 2047 2718
3 8525 9163 1615
3 2830 4901 8014
3 4672 7907 8203
3 6961 8889 1251
3 8812 1077 4690
3 8524 9029 6023
3 7981 8690 6459
3 3176 1279 6547
3 2365 6524 319
3 3660 2120 2593
3 8677 9192 634
3 3908 362 710
3 8749 5019 9059
3 3296 6853 9547
3 9356 2293 9817
3 2467 2629 3671
3 710 6249 3908
3 5033 263 225
3 1199 7612 2613
3 8721 3170 2709
3 575 3302 3843
3 9547 178 1978
3 6129 2900 8142
3 4244 6353 6572
3 3796 5790 5112
3 4350 7537 869
3 538 7040 1978
3 7119 4060 4786
3 7070 8931 971
3 3671 8469 5707
3 8603 3086 4737
3 7001 2151 4325
3 1855 8863 2555
3 2356 8721 2737
3 9654 6400 5294
3 2117 2867 2641
3 9140 2130 2115
3 6212 2712 6135
3 4887 9876 4763
3 7541 5159 8253
3 6400 9654 1780
3 7773 123 6970
3 4211 158 9587
3 1316 5149 1342
3 820 7046 8054
3 8764 9670 7874
3 245 5815 8206
3 8931 3755 971
3 6398 4594 9467
3 7070 9371 4208
3 3476 3296 618
3 5511 4994 6838
3 3039 6539 8650
3 7872 340 7677
3 9468 9618 9001
3 8669 7730 8375
3 2029 4486 5011
3 1165 2086 8668
3 9402 716 4210
3 4360 1627 6872
3 8931 605 691
3 4364 3358 5925
3 6823 3086 2444
3 4309 7538 4943
3 1453 4204 2698
3 5852 3029 4901
3 9891 8639 3208
3 8144 6710 8281
3 3354 5259 1735
3 9638 1441 6655
3 9826 8215 5094
3 4870 5839 2161
3 4313 6501 3831
3 9156 9223 7984
3 4220 2241 5756
3 4220 2683 14
3 4324 4114 5894
3 6501 9698 513
3 2591 945 7987
3 3188 3048 5253
3 8144 189 8422
3 2628 3505 725
3 8274 1997 7780
3 352 9430 8299
3 3003 2642 9216
3 1379 3318 2995
3 3211 7186 3352
3 6783 4336 5391
3 618 2366 3970
3 2161 9023 4870
3 326 352 8299
3 3987 1387 6194
3 9429 7054 261
3 8329 2737 662
3 6983 5417 7062
3 8183 6236 6081
3 305 2672 7968
3 6630 1734 4989
3 2055 5976 6875
3 1765 6735 6875
3 1099 751 4231
3 3243 352 3907
3 3987 1743 359
3 1031 7279 2
3 4232 881 7707
3 8826 4261 2355
3 8392 3920 3554
3 4122 1217 9234
3 8598 9654 9521
3 6578 9638 780
3 2293 9356 2977
3 19 2977 72
3 2897 6440 9885
3 9493 7078 2265
3 7156 9402 4210
3 9001 9618 4945
3 9001 8486 9468
3 9484 2828 2105
3 9059 263 8749
3 9874 267 1128
3 4768 24 8798
3 4400 4887 4763
3 8749 8668 5019
3 2236 7216 2552
3 8864 2245 4502
3 2365 2569 4815
3 163 95 781
3 7656 1281 1907
3 5044 174 2012
3 8909 716 9402
3 3302 2236 6774
3 588 2117 6722
3 41 174 5044
3 7874 9670 5925
3 1647 4220 5756
3 7234 1344 8242
3 5019 9468 9059
3 1065 5564 6133
3 4945 9618 2086
3 3831 6918 8512
3 8512 6300 3078
3 95 8909 9402
3 6918 513 8512
3 9192 8873 3831
3 1574 2989 9313
3 9156 9698 6501
3 1217 8598 9521
3 5756 3182 1647
3 8764 8669 820
3 9234 9521 1747
3 1978 3296 9547
3 6615 8063 5736
3 9616 7942 3862
3 3086 7515 5990
3 7763 9460 4286
3 6735 7631 264
3 7040 2366 618
3 3186 1338 7249
3 3709 5479 903
3 3987 6194 8253
3 8092 5952 3709
3 9158 6374 7195
3 6535 3318 7324
3 3942 2051 4137
3 2240 425 9536
3 8371 9073 7977
3 9305 8467 7532
3 9102 826 8809
3 873 301 1379
3 2055 6091 2657
3 1765 9037 838
3 5867 7579 3889
3 6855 3222 5873
3 4371 1962 5309
3 6879 8429 6128
3 2069 869 7537
3 7586 4423 7773
3 2995 6535 7332
3 8888 2629 9534
3 2467 3340 2629
3 7580 3384 1962
3 2709 5502 662
3 2991 3888 8683
3 466 4466 45
3 8236 3154 6823
3 6525 8285 5735
3 7631 3523 3384
3 8645 8685 4287
3 4360 6872 9316
3 367 7437 5210
3 4371 5411 7580
3 838 5976 1765
3 8011 8580 5976
3 2437 5416 3505
3 9251 9103 8150
3 8868 6946 3476
3 5843 6711 8349
3 1347 2698 7046
3 5539 2240 8150
3 5925 9670 4364
3 6123 4154 5390
3 7963 6711 5843
3 420 6723 7579
3 7532 2239 2623
3 3442 4832 3104
3 9440 1558 27
3 3631 4725 3130
3 1627 4360 8403
3 8639 9440 6578
3 2991 6733 4375
3 5253 1450 3329
3 8764 7874 7730
3 5019 9618 9468
3 9891 2059 8639
3 8467 8288 1536
3 5723 4244 8063
3 2519 1302 2973
3 4994 2698 4204
3 319 9372 8749
3 1043 8726 8878
3 3402 4913 4037
3 5843 7691 421
3 9491 151 4120
3 270 1386 9774
3 6981 2917 489
3 9251 9536 1237
3 974 5744 2407
3 213 8701 3355
3 3715 2103 704
3 4802 2783 1693
3 9857 662 5502
3 6970 229 6336
3 4486 4364 5011
3 4006 8304 2847
3 9165 963 6000
3 7744 3315 5714
3 7205 2440 267
3 9059 9468 8486
3 6524 9372 319
3 1535 7347 2027
3 336 8553 6917
3 9165 4515 167
3 3033 5852 1326
3 6453 991 5775
3 2597 8253 7516
3 5147 960 6866
3 878 5394 2195
3 1098 903 4536
3 9884 4802 1693
3 4312 3553 9155
3 4400 7058 4887
3 1752 3315 5497
3 7217 3880 7286
3 3033 1326 1746
3 1354 2806 1045
3 6342 7217 7286
3 4157 2668 1997
3 634 1521 8677
3 2657 8011 2055
3 694 9726 415
3 7580 1962 4371
3 1095 3709 5952
3 8720 2355 4763
3 2668 4498 3954
3 6504 7580 6091
3 816 787 3504
3 2130 7541 2115
3 8253 2597 3987
3 5977 4231 1766
3 1450 6680 3329
3 3318 3661 7324
3 9396 2443 7312
3 4231 7698 1099
3 2916 8256 6447
3 4336 2793 5391
3 3489 8738 5775
3 7681 4948 3640
3 5461 8474 333
3 1592 832 7177
3 1533 326 6458
3 1426 5123 7111
3 7075 3032 1261
3 4887 7058 1270
3 1676 4251 1592
3 6336 3339 7773
3 4492 7620 5303
3 2641 2867 9556
3 1747 4774 4948
3 3216 9018 1474
3 5416 4672 1428
3 4469 4747 6492
3 945 2255 7987
3 57 8594 2592
3 6812 1439 3643
3 9670 624 5011
3 352 3243 9430
3 3907 7022 6319
3 8070 5795 9716
3 7395 624 820
3 4469 3277 4182
3 6722 8519 310
3 3243 2651 1050
3 4219 8432 6724
3 820 8669 8070
3 5112 2477 3796
3 598 5313 7977
3 8070 9716 7046
3 8631 7219 44
3 4504 3175 9813
3 454 5278 6722
3 2676 7340 8085
3 8155 4300 5215
3 2628 4350 869
3 7515 45 5990
3 7054 5123 261
3 7881 3354 163
3 1676 8603 4737
3 5894 9857 4492
3 4948 9234 1747
3 6394 6838 4994
3 8349 1250 8888
3 6091 4371 7600
3 8485 1470 4539
3 4223 2469 339
3 7024 1312 6623
3 163 2265 8909
3 4371 5309 6128
3 2657 6091 7600
3 7155 7346 4829
3 780 4829 6578
3 4948 7681 19
3 9371 2269 6283
3 7881 163 9639
3 3505 946 2437
3 838 9037 6875
3 2378 8011 2657
3 7410 2745 146
3 9001 2802 8486
3 8580 366 7697
3 3866 8045 6187
3 7697 366 277
3 4616 2038 1855
3 310 8843 2826
3 7443 3666 5067
3 1506 8887 9643
3 319 3553 2365
3 8889 946 3505
3 5841 9372 6524
3 513 6300 8512
3 7945 710 5202
3 9332 6838 1774
3 725 5416 3771
3 556 9121 2719
3 2030 6072 8202
3 7245 6249 1065
3 7346 4405 6383
3 5481 8250 8236
3 6154 7075 5386
3 2569 2365 5232
3 6944 9128 4159
3 3660 8873 9192
3 5202 8677 1971
3 5721 1383 6520
3 5804 4000 7945
3 5839 4870 1836
3 495 9068 6623
3 7657 1466 8121
3 1780 8598 5159
3 7620 9470 4324
3 4132 2712 950
3 9857 5547 8329
3 2709 3170 9363
3 7346 6383 178
3 4887 5096 9876
3 8603 9817 2011
3 9329 5852 4901
3 2977 19 7681
3 2437 4154 4962
3 8720 4763 9876
3 1466 4852 4976
3 4323 7112 191
3 5990 4926 8393
3 4157 81 2668
3 9396 3603 5527
3 7145 4179 5254
3 6875 6504 2055
3 7744 1229 9208
3 6735 264 6504
3 1285 2074 1030
3 6727 4600 8321
3 6504 6091 2055
3 747 7422 9279
3 5296 8429 6449
3 2055 8011 5976
3 2668 3954 3033
3 8274 7780 3603
3 6747 3696 785
3 8095 1337 5360
3 8973 3866 4375
3 8443 1471 3909
3 2977 7681 2293
3 4400 2115 8513
3 4400 8513 1270
3 1099 7698 5481
3 4218 7232 3409
3 1229 4504 9208
3 6128 1728 2995
3 7599 960 3747
3 2900 7424 8142
3 7537 4350 3771
3 1387 1270 6593
3 623 3277 7062
3 820 624 8764
3 7177 832 6452
3 2629 4731 9534
3 7742 6656 8242
3 2115 335 9140
3 1217 9521 9234
3 3202 4383 1302
3 4994 4204 2904
3 8486 6615 7294
3 4072 5544 9493
3 1453 1347 4945
3 5486 1165 8668
3 6039 2519 3858
3 5569 2587 5654
3 882 158 4211
3 3208 8639 7346
3 9356 6807 556
3 5033 319 263
3 9372 5486 8668
3 5232 4312 2569
3 4084 8403 6055
3 2826 3582 5302
3 9597 2593 2120
3 3831 8873 3660
3 3821 270 9774
3 7577 9273 5841
3 2030 4816 3660
3 9257 1450 5253
3 2325 7395 4339
3 6406 5947 7400
3 3831 8512 9192
3 6578 2787 8639
3 3908 6249 4718
3 9192 2120 3660
3 3078 8428 4336
3 4360 14 8403
3 1971 8677 6783
3 2255 945 5386
3 1581 9316 3186
3 4031 9599 3251
3 3075 3476 4486
3 6055 1344 4084
3 255 5149 335
3 1581 9329 4901
3 8683 4060 7119
3 4852 3950 9450
3 3188 14 4360
3 2830 858 5253
3 4422 5096 302
3 3476 3075 8868
3 1855 2038 8863
3 2109 1743 4386
3 9114 2405 2109
3 7279 1031 2012
3 8809 419 2622
3 4037 876 5854
3 3866 2991 4375
3 2719 8874 9114
3 4356 3844 7347
3 5546 8288 3031
3 7424 7205 604
3 2622 419 9304
3 1036 8441 6736
3 2012 1031 5044
3 2029 5011 624
3 5854 3402 4037
3 3505 2628 8889
3 4269 9102 9103
3 2344 7749 5017
3 2059 9891 6923
3 827 7963 5843
3 3088 9394 3411
3 9534 3340 5843
3 6578 4829 2787
3 4871 876 4037
3 7852 4107 3190
3 3140 402 4399
3 9431 4037 8093
3 8349 7963 1250
3 8915 7443 5067
3 2719 9114 4386
3 9876 9362 8720
3 8254 2245 8864
3 41 4676 6100
3 5019 8668 2086
3 1453 4945 2086
3 8467 424 7532
3 9103 1036 4269
3 7444 882 1597
3 7046 9716 1347
3 9103 8809 8150
3 4269 7962 9102
3 8721 662 2737
3 2631 175 8792
3 6212 6135 7300
3 9251 6544 8441
3 6091 5411 4371
3 4204 1453 2904
3 6444 2389 6097
3 1627 9297 6872
3 1581 2830 3048
3 837 4885 9252
3 9884 5143 4802
3 2552 9857 5894
3 4034 3354 7391
3 3691 182 124
3 4526 1773 5083
3 9727 9642 3154
3 5615 6886 4818
3 1030 366 1285
3 8580 2378 366
3 6875 5976 838
3 8844 5456 4625
3 2031 1774 6039
3 2904 1165 5486
3 5523 8682 3942
3 5743 229 6970
3 1387 3987 4616
3 4220 1647 2683
3 9727 9064 2964
3 8500 4373 6458
3 5702 4462 8858
3 9362 3169 8720
3 744 7404 183
3 4569 2261 1727
3 5033 6023 9155
3 3831 6501 6918
3 6127 9810 4988
3 2520 7086 5981
3 9192 8512 634
3 8863 2038 7792
3 3339 229 4492
3 710 362 9597
3 2 2808 1031
3 6319 5713 3412
3 4498 2741 7322
3 6 2806 1354
3 8054 7046 5511
3 9665 1149 6691
3 3037 5807 5501
3 7670 5775 8068
3 8242 1344 6055
3 4817 5900 614
3 2847 5287 213
3 1022 565 1749
3 9639 6656 7881
3 9165 167 4817
3 8403 7391 8825
3 4034 5259 3354
3 2779 1399 147
3 6923 6946 8868
3 6872 2520 9316
3 9316 2520 5981
3 8973 9322 8093
3 1344 7234 8661
3 2405 5056 2157
3 2083 851 5146
3 5281 1810 1148
3 3409 9587 5572
3 8868 2223 6923
3 1441 9638 6578
3 6374 8062 3766
3 9548 3879 2157
3 6267 4533 1778
3 7424 747 5422
3 8815 1981 2224
3 6593 6194 1387
3 2082 8704 3176
3 7404 6838 6394
3 5486 9372 5720
3 7404 2126 3820
3 3012 2051 3942
3 5306 7536 8307
3 820 8070 7046
3 3075 4486 2029
3 4120 151 4815
3 225 263 9059
3 1746 4943 5017
3 1348 5272 2967
3 6389 8325 3682
3 229 7620 4492
3 2698 1347 1453
3 1997 2668 7780
3 2120 9192 9597
3 5232 3553 4312
3 2704 4120 1213
3 9697 3389 56
3 1270 2555 4887
3 7324 6352 6535
3 1348 3856 5564
3 5713 7638 6333
3 2424 9787 1621
3 2829 3956 1696
3 1933 5096 4422
3 4718 2593 362
3 6783 5391 6154
3 2489 7022 4676
3 7945 6154 5804
3 6319 7022 5713
3 6154 7945 1971
3 2032 8497 6720
3 5044 2271 7832
3 2405 359 2109
3 3154 1413 7499
3 6965 7120 3630
3 3001 6564 7801
3 9876 5096 1933
3 451 6822 2396
3 5976 8580 7697
3 5480 7697 277
3 5743 5320 229
3 3787 3821 391
3 4768 2253 7434
3 3956 2752 4103
3 9158 7195 6618
3 1011 1281 7656
3 443 737 8515
3 5147 6866 4325
3 6040 5119 1974
3 4386 4297 2719
3 5541 2396 8982
3 4637 3233 3305
3 733 1159 5395
3 27 1441 6578
3 8825 7391 7742
3 2245 4084 1344
3 2197 5300 5829
3 7070 6720 8497
3 7391 3354 7881
3 9360 213 2195
3 3188 2241 14
3 8661 2245 1344
3 9397 2134 4112
3 4625 8321 8844
3 1030 8890 277
3 7698 4231 5977
3 9063 7704 2963
3 7218 877 6451
3 8511 7086 3432
3 8068 740 615
3 6100 1912 174
3 4943 7538 9633
3 3603 9396 8274
3 1326 5852 4943
3 3755 8931 7065
3 6352 3140 6876
3 1379 8144 873
3 7332 6535 6352
3 7600 4371 5296
3 5296 6128 8429
3 878 5287 2847
3 704 5641 3715
3 7606 5300 2197
3 99 6797 6775
3 6872 9297 1582
3 9642 47 1077
3 7121 7612 9023
3 267 2900 6129
3 6176 3909 8769
3 3202 7852 4383
3 747 7424 2477
3 9332 2031 7395
3 3660 2593 2030
3 6458 1986 1533
3 4619 744 5720
3 6983 2161 7981
3 2698 5511 7046
3 2570 3831 3660
3 1982 8919 7951
3 9121 8874 2719
3 7670 7217 458
3 8973 5565 3866
3 123 4423 303
3 8049 5715 4365
3 4365 5715 8562
3 4297 556 2719
3 1270 8513 6593
3 1393 6170 7792
3 4423 123 7773
3 6394 4994 2904
3 2900 8121 8369
3 1270 1855 2555
3 2806 6 4802
3 1249 7962 4269
3 4182 3277 623
3 1743 72 4297
3 2622 2240 5539
3 318 8694 8867
3 6292 9535 5265
3 5486 5720 2904
3 6352 6876 7332
3 8321 2378 7600
3 6727 5296 6449
3 6876 2104 7332
3 6767 8345 5256
3 3481 2223 7952
3 1676 1497 7177
3 2657 7600 2378
3 6807 5620 6747
3 6352 7324 7312
3 1030 694 8890
3 277 366 1030
3 2018 2374 3839
3 7499 1592 4251
3 9535 8467 6084
3 750 6735 1765
3 191 4600 4323
3 4304 8787 9311
3 4386 9114 2109
3 4976 9450 3796
3 2904 1453 1165
3 6222 6774 9710
3 781 9402 7156
3 183 6394 5720
3 6691 8864 3919
3 905 2340 9322
3 4297 4386 1743
3 2437 946 8889
3 6055 8825 7742
3 9316 3188 4360
3 5720 6394 2904
3 6166 188 2950
3 9680 9437 9246
3 7337 8661 7234
3 229 3339 6336
3 6970 6336 7773
3 9394 4339 2031
3 7877 9643 8748
3 9305 8288 8467
3 9268 7099 6084
3 6249 7245 3232
3 6544 1237 5531
3 4816 2570 3660
3 3 5377 2899
3 6737 6961 1251
3 7994 4320 2821
3 3202 2126 7852
3 6322 680 3098
3 598 5564 1065
3 362 3908 4718
3 8202 4816 2030
3 2161 3277 8235
3 2437 6961 6040
3 8441 6544 5531
3 2497 1534 8392
3 8647 5278 454
3 2613 8804 1199
3 2687 2757 4766
3 9114 9238 5882
3 9380 2126 3202
3 7317 5778 4999
3 3820 6838 7404
3 2109 359 1743
3 9023 355 7121
3 3255 3108 2208
3 4654 7147 7358
3 813 187 2944
3 8014 858 2830
3 7322 5952 2342
3 2173 7704 6631
3 8250 8891 416
3 1285 366 2378
3 3113 8308 7995
3 8236 1099 5481
3 9063 694 1325
3 7316 8964 448
3 8891 8250 5481
3 7987 2255 1574
3 6449 6879 7332
3 8863 5096 2555
3 6623 2251 7024
3 6879 6449 8429
3 2444 9525 751
3 391 3821 8228
3 6280 4706 4068
3 2845 1974 4379
3 1743 3987 4122
3 2512 9357 4632
3 6524 2704 1213
3 2386 1846 5958
3 8868 3075 2029
3 9174 3920 1135
3 8395 3088 3411
3 2444 5990 9525
3 8922 9226 2512
3 820 8054 9332
3 3339 2709 7773
3 303 4885 123
3 9157 849 5046
3 1312 7024 849
3 3141 9226 8922
3 3296 1978 7040
3 9332 7395 820
3 2708 8395 3797
3 2592 9308 7872
3 158 8453 978
3 7186 1023 5958
3 5765 5067 3638
3 7505 9678 1659
3 319 5033 3553
3 8242 6055 7742
3 3360 6334 82
3 454 6722 5302
3 7234 8242 6656
3 6039 3858 2031
3 2519 6039 3202
3 8058 7161 1158
3 4816 8202 4121
3 7360 5853 680
3 4988 6072 1388
3 9332 8054 6838
3 2683 4034 7391
3 2520 3438 7086
3 3438 6872 1582
3 362 2593 9597
3 3261 588 6722
3 7346 178 3208
3 710 9597 5202
3 9297 4084 2245
3 7677 340 2470
3 27 1558 1441
3 8578 2317 3019
3 5386 945 2591
3 1581 3188 9316
3 6838 8054 5511
3 7585 9876 1933
3 3696 9704 3554
3 1135 8137 6268
3 8204 7792 6170
3 2592 6840 2247
3 8145 7265 5688
3 1540 2325 4339
3 9710 4114 6222
3 4726 7974 835
3 7548 3985 8769
3 6267 5422 4533
3 9869 2708 651
3 832 2396 6452
3 1774 2031 9332
3 4800 5817 3927
3 188 6166 2144
3 1419 8993 1237
3 7532 2623 9305
3 7099 4570 503
3 9273 7577 3735
3 3202 6039 9380
3 5119 6961 6737
3 8730 2901 268
3 6227 7148 745
3 9174 3554 3920
3 5569 9678 2587
3 2587 3 5654
3 1213 7577 5841
3 8749 263 319
3 5841 4619 9372
3 1442 7337 7234
3 2157 2038 2405
3 5882 9238 6268
3 8661 7337 1559
3 8864 4502 3919
3 9491 2365 4815
3 5899 8210 3507
3 5281 3618 9469
3 3154 9642 1077
3 5831 1311 4843
3 4718 3232 6072
3 7368 7941 4242
3 4339 9394 1540
3 7121 8843 7612
3 6072 4988 8202
3 6072 3232 1388
3 9534 5843 8349
3 5873 8362 6920
3 8371 5313 598
3 6860 6040 1974
3 6970 123 5743
3 5804 6154 2434
3 1906 962 1005
3 4422 7585 1933
3 3233 326 1533
3 7780 5017 4999
3 9633 7749 2344
3 4297 72 2977
3 3603 4999 5778
3 7312 7324 9396
3 7780 4999 3603
3 5778 6468 402
3 7324 3661 4157
3 6452 5620 9356
3 9224 1031 8612
3 2443 5527 3140
3 1325 2078 6631
3 9047 2699 7787
3 4690 2621 5088
3 368 9642 9727
3 9675 5210 8160
3 789 367 5210
3 5893 60 3557
3 3730 3949 835
3 9727 8250 416
3 4208 6283 5123
3 6824 5746 8500
3 3554 2140 8392
3 9633 2344 4943
3 2555 5096 4887
3 2670 4885 6804
3 8890 5480 277
3 2074 694 1030
3 1187 3449 8271
3 4885 5320 5743
3 402 8792 4399
3 2232 8760 60
3 2074 1285 2796
3 2149 2243 5908
3 6820 7055 3243
3 1441 1558 7336
3 4375 6724 3839
3 415 8890 694
3 7692 9481 9369
3 1728 8144 1379
3 5565 8093 4913
3 4399 8792 450
3 9297 2245 1582
3 1582 2245 8254
3 4108 3948 3729
3 1371 9540 9529
3 3503 9675 494
3 7298 3995 8673
3 9817 8603 7177
3 7787 2699 9675
3 2963 7704 7437
3 8631 44 3569
3 6374 8950 845
3 6631 7704 1325
3 5643 8709 1961
3 7437 7704 8160
3 2104 3937 6449
3 4943 1746 1326
3 3048 2830 5253
3 6789 448 8900
3 5044 7832 41
3 8475 7227 482
3 9430 3243 7055
3 3088 1540 9394
3 8160 7704 2173
3 3862 2374 9616
3 191 7112 8844
3 2149 6713 2059
3 5981 1338 3186
3 7218 5641 877
3 7249 4309 9329
3 8014 1098 9257
3 9329 4309 4943
3 7013 3696 243
3 7780 3033 1746
3 1338 5981 7086
3 4967 6806 481
3 2933 3715 7642
3 9113 6820 8631
3 9372 8668 8749
3 2515 7054 6819
3 857 6724 8432
3 4375 6733 7119
3 9418 3495 2945
3 1421 1961 5742
3 1911 4085 7360
3 7914 3641 6342
3 963 5222 6000
3 5559 5035 8776
3 2223 8868 1540
3 6072 2030 4718
3 167 7745 4817
3 5202 1971 7945
3 3019 8731 1336
3 2038 4616 359
3 9247 9438 7009
3 2944 187 1819
3 359 2405 2038
3 1065 6133 7245
3 6268 5056 5882
3 9114 8874 9121
3 3232 4718 6249
3 2038 6281 7792
3 624 9670 8764
3 4324 6873 5303
3 2157 120 2038
3 4226 3715 5641
3 3820 1774 6838
3 2670 6171 286
3 5841 9273 4619
3 7205 3225 2440
3 6129 604 7205
3 2966 1213 9809
3 6249 710 7945
3 4101 8620 4033
3 5894 6873 4324
3 6039 3820 9380
3 8068 615 7217
3 5766 8798 7620
3 877 3336 6451
3 2847 3355 4006
3 5780 6502 5459
3 6342 2783 6
3 7773 9877 7586
3 5766 837 9252
3 270 3794 6222
3 845 7832 2271
3 4679 5155 3512
3 6086 3330 2359
3 4650 8245 3401
3 6342 3641 2783
3 4329 636 7822
3 3098 5806 4721
3 1354 6342 6
3 9804 5742 3173
3 5794 9261 7547
3 2293 7681 2011
3 7217 6342 1354
3 785 3696 6066
3 6823 1705 8236
3 9047 5210 2699
3 9502 7385 7992
3 3858 2973 9394
3 6631 2078 2137
3 1548 2167 2163
3 7787 1845 9047
3 5545 8474 4526
3 7749 4999 5017
3 9064 9727 695
3 7780 2668 3033
3 9396 1997 8274
3 5422 3302 4533
3 5826 3146 3480
3 859 8787 4304
3 8769 4791 6176
3 3140 5527 402
3 849 7024 4064
3 82 8648 6526
3 191 8844 4600
3 6727 6449 8271
3 2378 8580 8011
3 605 8497 1947
3 1111 1810 5281
3 6713 1111 5281
3 1724 911 2890
3 7234 6656 1442
3 3190 4107 1336
3 1559 3619 4502
3 8052 3595 5779
3 355 2161 8235
3 157 8334 4648
3 7244 2142 8626
3 3766 8062 2340
3 1627 4084 9297
3 9316 5981 3186
3 556 2977 9356
3 2396 6822 951
3 4223 5417 8896
3 4223 2060 7062
3 852 6618 9724
3 7022 3305 1912
3 5044 9224 4871
3 1248 1927 3682
3 4449 9068 8748
3 6524 2365 2704
3 4988 9810 8202
3 7552 5441 7370
3 3856 7462 5564
3 9356 7177 6452
3 7795 4727 8823
3 3690 6609 3102
3 7638 2489 6333
3 6170 302 8204
3 2029 624 2325
3 6093 1418 7335
3 1388 3232 6133
3 6989 951 6822
3 7852 7404 1336
3 3013 2939 472
3 3190 8731 3019
3 691 3352 7065
3 3007 7013 243
3 7062 5417 4223
3 7404 744 1336
3 9548 8137 4650
3 2920 1383 5721
3 3855 9020 3599
3 3186 9329 1581
3 2416 9390 9044
3 140 2497 9320
3 6249 4000 5804
3 8121 2211 7657
3 2515 5123 7054
3 4650 8137 3920
3 120 3879 9548
3 3141 8283 9226
3 9776 6958 2256
3 9073 8371 4791
3 6819 9112 2515
3 245 960 7599
3 8535 7446 6767
3 7062 2060 623
3 8842 4325 2151
3 9710 2552 5894
3 8142 604 6129
3 6774 1778 3302
3 5842 7991 5557
3 9114 9121 6066
3 6807 9356 5620
3 951 3007 2396
3 8533 4150 4800
3 5893 3180 494
3 9727 2964 368
3 8812 1413 3154
3 790 9642 368
3 3086 6823 4251
3 8901 8878 8726
3 5893 9540 3503
3 8160 5210 7437
3 60 5893 7549
3 5527 3603 5778
3 2157 3879 120
3 6268 6066 1135
3 450 3937 2104
3 7111 358 2998
3 2145 9426 2088
3 1285 2378 4625
3 7086 3438 1582
3 851 2083 454
3 6386 6227 6095
3 8499 3747 5147
3 2867 2117 588
3 8578 3735 2317
3 744 183 5720
3 3088 1940 7952
3 4815 151 9491
3 3277 2161 6983
3 7852 2126 7404
3 1336 4107 7852
3 8499 1428 4672
3 270 2105 3723
3 305 1898 2672
3 3972 7371 8921
3 8201 9809 1213
3 1213 1202 7577
3 6127 4988 1388
3 1388 6133 6127
3 1413 832 7499
3 1558 9440 6713
3 7952 1540 3088
3 4286 9460 8646
3 9810 6127 2967
3 725 3771 2628
3 3942 8682 6886
3 6802 673 2423
3 2708 1940 3088
3 7552 5831 745
3 4449 2251 9068
3 3401 9548 4650
3 2670 6804 6171
3 8473 1149 2057
3 3919 3619 9665
3 1536 9268 1214
3 4357 8288 5546
3 1416 2114 6732
3 6039 1774 3820
3 6281 2038 120
3 623 2202 4182
3 9586 5718 1580
3 4378 1975 237
3 5527 2443 9396
3 2105 4531 3723
3 3202 1302 2519
3 5722 1741 636
3 9252 4885 2670
3 302 5096 8204
3 8470 4392 9249
3 8371 2434 9176
3 7119 7299 5903
3 7488 627 4061
3 4885 5743 123
3 1214 8467 1536
3 7795 8823 3148
3 1419 1237 4620
3 2240 7533 425
3 391 7778 9484
3 8809 5539 8150
3 8369 2794 2477
3 355 6492 8843
3 1302 4383 6364
3 6780 2553 1187
3 3735 1336 9273
3 2271 4871 4037
3 4502 2245 8661
3 4050 2145 2088
3 5281 9469 6713
3 1149 8480 2057
3 2704 2365 4120
3 6449 3937 8271
3 1202 1213 2359
3 7759 5812 7133
3 8844 8321 4600
3 5456 2796 4625
3 6747 785 6807
3 8403 8825 6055
3 2232 5456 4485
3 5302 6492 4747
3 4625 2378 8321
3 2374 3862 3839
3 1213 5841 6524
3 7334 7370 3330
3 6066 9238 9114
3 6133 7462 6127
3 6736 1249 1036
3 6133 5564 7462
3 5531 1237 5079
3 904 7700 7680
3 2576 7000 2068
3 6133 3232 7245
3 367 2963 7437
3 5441 1202 2359
3 9450 7390 3796
3 6052 7538 8511
3 1470 6407 4539
3 8137 9548 6268
3 2137 2173 6631
3 2137 2078 1325
3 8889 6961 2437
3 6040 6961 5119
3 1338 7086 8511
3 7538 4309 7249
3 5804 1065 6249
3 2727 4654 7358
3 8812 3154 1077
3 7977 5313 8371
3 6965 2400 2411
3 5302 3582 6492
3 9394 2031 3858
3 4375 7119 6724
3 9548 3401 120
3 8121 2794 8369
3 7249 9329 3186
3 878 2844 5829
3 5302 4747 454
3 9727 3154 8236
3 4885 303 6804
3 2197 9379 7606
3 8245 1383 8688
3 8303 9510 6000
3 6000 336 9165
3 7642 3715 4226
3 7792 5096 8863
3 2591 2434 6154
3 6724 857 1167
3 5541 6527 451
3 5069 1383 4650
3 3058 6907 2850
3 458 5775 7670
3 5278 8470 3261
3 1171 2867 588
3 2149 3728 6713
3 615 3880 7217
3 7745 4515 7913
3 5426 1909 1849
3 3919 4502 3619
3 1558 6713 9469
3 5035 4733 6272
3 8837 6727 8271
3 6527 5541 8982
3 2631 8792 6468
3 2443 3140 6352
3 7395 2031 4339
3 1845 5210 9047
3 8792 175 4578
3 6324 2733 8188
3 790 8118 4690
3 4323 4600 8837
3 60 1928 3557
3 9394 3797 3411
3 3481 2059 6923
3 2633 3753 8839
3 2796 5456 2232
3 9063 1325 7704
3 1325 694 2074
3 494 3180 3503
3 8235 3277 4469
3 8236 1705 2444
3 3503 9540 1371
3 2574 3159 3753
3 7397 2163 2167
3 3369 1315 3271
3 8395 3411 3797
3 7991 5842 1778
3 1077 47 4690
3 1128 5982 9204
3 5982 267 2440
3 1191 3209 8460
3 4223 339 2636
3 8896 6459 2469
3 2973 1302 3797
3 2708 3088 8395
3 2636 3774 2072
3 4324 9470 9774
3 6066 6268 9238
3 6873 5894 4492
3 823 5889 3617
3 4802 5143 849
3 495 8748 9068
3 5069 7594 1383
3 2359 1213 6086
3 8245 1393 7792
3 3920 8137 1135
3 1706 1996 2916
3 5395 5828 6016
3 6052 7498 9633
3 745 788 1883
3 6492 355 4469
3 2432 24 5787
3 2030 2593 4718
3 2317 1202 3019
3 8204 5096 7792
3 7318 2465 3062
3 737 443 774
3 3330 3470 7334
3 9398 8545 4917
3 5564 6432 2667
3 112 6989 1164
3 7792 6281 8245
3 2667 1348 5564
3 4120 8201 1213
3 9514 9327 3551
3 7538 7249 1338
3 4619 5720 9372
3 7015 2224 1981
3 2260 6895 1622
3 2385 5097 9398
3 6747 5620 3007
3 1534 8258 7313
3 7313 1775 5069
3 1065 5804 598
3 7749 3381 3477
3 2826 6722 310
3 7186 3211 1023
3 6492 3582 2826
3 4502 8661 1559
3 2358 4970 5794
3 5281 1148 9664
3 5872 6272 8448
3 402 5527 5778
3 6876 3140 4399
3 2104 6449 7332
3 8786 1408 6258
3 8321 5296 6727
3 9643 8206 1506
3 8844 7112 5456
3 9642 790 47
3 789 1845 7787
3 3753 2633 3557
3 2796 1285 4625
3 963 2902 7642
3 1540 7952 2223
3 9617 4485 7112
3 2699 5210 9675
3 9675 8160 2173
3 5210 1845 789
3 7112 2553 9617
3 4226 7218 6451
3 963 7642 4226
3 2173 7549 494
3 740 5775 8738
3 5903 2867 8432
3 7217 1779 458
3 4485 5456 7112
3 8023 7877 245
3 1778 3225 6267
3 1582 82 3432
3 3432 6052 8511
3 9766 432 8515
3 8473 4028 7244
3 3477 7317 7749
3 4219 7119 5903
3 3794 6774 6222
3 5303 6873 4492
3 7217 1354 325
3 1386 4114 4324
3 1534 7313 3876
3 1135 6066 9174
3 9121 556 6807
3 6982 9423 4530
3 3401 6281 120
3 1005 962 3176
3 598 2434 8371
3 5565 290 3866
3 451 5049 6822
3 3087 6520 7594
3 2357 6488 4230
3 598 1906 5937
3 1336 4619 9273
3 6301 9252 2670
3 7434 2253 6301
3 4715 140 9320
3 1621 6609 2424
3 5766 5320 837
3 6176 4791 9890
3 4492 9857 3339
3 9174 3696 3554
3 1336 8578 3019
3 2434 2591 7987
3 7577 1202 2317
3 1336 744 4619
3 6127 7462 3856
3 3797 9394 2973
3 5780 3941 7953
3 8499 8533 879
3 6278 8771 1834
3 6840 2592 7677
3 5049 1129 112
3 832 1413 8812
3 124 8474 3691
3 651 195 3312
3 7408 6134 217
3 2973 3858 2519
3 82 6334 9274
3 1187 8271 3937
3 905 8687 2340
3 1149 9274 3360
3 3618 1558 9469
3 6095 6364 6386
3 3820 2126 9380
3 8271 3449 8837
3 6876 4399 450
3 5051 4182 2308
3 9274 6334 3360
3 8837 4600 6727
3 2916 9907 6951
3 9774 9470 3821
3 1864 9322 8973
3 4159 4626 7880
3 9617 9578 4485
3 8567 4735 8413
3 3675 1667 9818
3 5049 9021 1060
3 1336 8731 3190
3 4323 3449 2553
3 8080 8425 5938
3 3350 6045 7099
3 60 1325 2232
3 5271 6086 1213
3 7148 3019 1202
3 1348 8704 8430
3 5097 962 8545
3 7301 5722 7705
3 7177 1497 1592
3 2792 3690 8710
3 1279 6432 5937
3 5937 6432 598
3 4740 4285 7599
3 6804 303 6171
3 7907 4919 4962
3 1266 8706 6908
3 24 9020 8798
3 8062 845 9431
3 2633 683 5893
3 768 2051 764
3 5275 6520 8040
3 2173 2137 7549
3 6147 789 3977
3 5893 3557 2633
3 790 4690 47
3 7173 6102 3988
3 9529 683 1764
3 327 7343 1926
3 3102 1435 9280
3 1237 8993 5079
3 3381 7749 9633
3 7098 8790 5021
3 5490 3732 8441
3 4448 1477 6527
3 832 1592 7499
3 6544 9251 1237
3 7331 2621 9846
3 3007 9044 7013
3 1919 7476 9856
3 4715 9494 2414
3 5079 8993 1419
3 215 7485 2845
3 2920 285 1383
3 112 1164 5049
3 3732 4378 237
3 629 6123 5390
3 4676 9158 6618
3 4676 41 9158
3 7022 7638 5713
3 1677 3013 472
3 5390 6860 2845
3 5490 8441 1624
3 4962 5416 2437
3 8950 7832 845
3 4028 1702 4199
3 3438 2520 6872
3 8254 6691 3360
3 3360 6691 1149
3 6386 3190 3019
3 6305 7052 6414
3 5495 853 8108
3 3926 3686 5568
3 3481 2243 2149
3 845 8062 6374
3 8792 4578 450
3 7060 6571 4310
3 6720 7070 4208
3 9617 2553 6780
3 482 7219 8475
3 7638 7022 2489
3 1912 6100 4676
3 267 5982 1128
3 8142 7424 604
3 6953 8475 7219
3 1325 2074 2796
3 3568 43 2032
3 6760 1531 35
3 6502 195 651
3 1815 7381 5831
3 3305 2 7279
3 2651 8631 1050
3 7952 1940 2708
3 1325 2796 2232
3 7788 5015 4715
3 5097 5138 3176
3 5889 4526 5461
3 1279 8704 2667
3 3782 1129 9044
3 3977 3503 1371
3 5882 2405 9114
3 2082 3471 8704
3 7787 5335 789
3 5889 1773 4526
3 6432 5564 598
3 6093 2385 6932
3 9529 3977 1371
3 7787 9675 3503
3 1764 6147 8675
3 3977 8675 6147
3 8371 2211 9890
3 9846 1549 3905
3 4650 3920 5069
3 8545 962 1906
3 9073 1652 7977
3 3941 5459 651
3 4943 5852 9329
3 4791 8371 9890
3 785 6066 9121
3 2344 5017 4943
3 2925 8904 3558
3 9633 5758 3381
3 1164 6822 5049
3 1393 8688 6170
3 3007 5620 2396
3 3696 6747 243
3 2826 8843 6492
3 6301 2253 4768
3 9249 4392 1972
3 7677 2470 6840
3 9758 3210 1571
3 7688 7131 5237
3 4182 5146 4469
3 4199 432 4028
3 6691 8254 8864
3 3360 82 1582
3 9249 8885 8470
3 3077 4198 8479
3 3624 9869 3481
3 7331 6038 9075
3 2105 3787 391
3 2223 3481 6923
3 8550 6272 8143
3 5568 3686 175
3 8437 8776 5035
3 2134 5080 4112
3 1187 4578 3686
3 1302 7953 3797
3 7677 2592 7872
3 9044 3007 951
3 4747 5146 851
3 4323 8837 3449
3 1187 3686 6780
3 1972 3398 857
3 8688 1393 8245
3 7822 636 1741
3 9664 3618 5281
3 1229 8048 3798
3 8648 82 9274
3 7538 1338 8511
3 245 7877 960
3 5922 7994 2755
3 213 5287 878
3 3164 9412 7181
3 8838 3164 8188
3 6147 1764 7735
3 5088 8812 4690
3 6093 4363 3176
3 2163 9193 1548
3 9412 2163 7397
3 5814 184 600
3 9044 1129 2416
3 2902 7760 2933
3 6502 9169 3380
3 3798 4504 1229
3 3190 6364 7852
3 7799 8189 5071
3 1022 1749 3488
3 4970 6447 1834
3 8733 1751 7241
3 7381 9682 5831
3 7181 9412 7397
3 5272 8430 3471
3 6953 4583 8475
3 3772 6095 1883
3 1348 8430 5272
3 6170 8688 1383
3 4363 3471 2082
3 3742 5927 9262
3 5851 8032 1678
3 7424 5422 6267
3 1477 4448 9075
3 2396 832 8812
3 2670 286 5538
3 6066 3696 9174
3 4768 9252 6301
3 2667 6432 1279
3 8091 5495 3772
3 1489 7179 6527
3 2396 5541 451
3 243 6747 3007
3 6367 6217 9706
3 5557 1470 1128
3 5089 5534 6927
3 1778 5842 3225
3 6222 1386 270
3 3723 7991 1778
3 6095 9169 7953
3 9470 7620 8798
3 3087 7594 1775
3 9044 9390 8662
3 5069 3876 7313
3 819 3692 2381
3 8283 691 9226
3 2247 4047 57
3 6801 2592 8594
3 3554 8662 9390
3 8093 5565 8973
3 8662 9704 3696
3 951 6989 112
3 7822 6799 24
3 4265 5015 7788
3 9548 2157 6268
3 6095 3772 8108
3 3772 1883 8091
3 57 2592 2247
3 2317 3735 7577
3 1883 6095 6227
3 1692 140 4715
3 3330 6086 5271
3 9849 6611 9538
3 598 7977 1906
3 2967 3856 1348
3 6082 8024 5758
3 6547 1279 5937
3 8533 8499 8203
3 2082 3176 4363
3 6932 4162 7726
3 6052 3432 6526
3 3826 9377 9820
3 7335 4363 6093
3 9578 9452 1315
3 7549 5893 494
3 2900 2836 8443
3 27 6578 9440
3 450 2104 6876
3 1187 3937 4578
3 2340 8687 1210
3 5926 2685 3766
3 3271 4782 4577
3 9073 4917 1906
3 518 2685 7039
3 5088 2621 1489
3 9529 9540 683
3 4976 2794 8121
3 7549 2137 60
3 3977 7787 3503
3 3312 1266 9869
3 1846 7186 5958
3 1764 683 7735
3 8015 4089 1960
3 8675 3977 9529
3 6902 8107 8449
3 4509 6944 7880
3 2168 9846 7398
3 2603 4908 8031
3 9193 9298 5933
3 1912 7279 174
3 7181 7397 6147
3 7798 5556 8476
3 8776 5778 7317
3 9874 1471 267
3 7523 5054 7023
3 286 2921 7301
3 2917 4662 489
3 3410 7798 683
3 3728 3077 8479
3 9665 6691 3919
3 8479 4198 1701
3 6272 8437 5035
3 3432 82 6526
3 6799 7822 1741
3 7705 636 4329
3 9813 3175 4132
3 3410 5881 7798
3 1764 8675 9529
3 789 6147 543
3 543 8117 789
3 5724 3726 1227
3 9846 544 7398
3 3977 5335 7787
3 6555 7093 646
3 9846 2621 4690
3 5469 38 9006
3 8950 9158 41
3 1853 7488 7931
3 5088 2396 8812
3 5256 2027 7347
3 2027 9269 1535
3 5227 5899 7833
3 879 4740 8499
3 707 2574 8760
3 60 2137 1325
3 6374 9158 8950
3 1489 8982 5088
3 6095 1302 6364
3 1128 1470 8485
3 3624 3481 7952
3 1249 4269 1036
3 7468 9128 7563
3 1383 285 6170
3 1489 2621 9301
3 4583 2664 2503
3 3876 5069 3920
3 7099 503 3350
3 4620 9536 3446
3 6093 5138 5097
3 1213 2966 5271
3 7370 5831 7552
3 2967 6127 3856
3 8704 1279 3176
3 9398 4162 6932
3 8704 1348 2667
3 598 5804 2434
3 1624 627 5490
3 6364 3190 6386
3 7013 9044 8662
3 337 6291 3985
3 5722 2692 1741
3 9169 8108 853
3 874 4304 9311
3 6932 2385 9398
3 3450 1419 3507
3 7485 6589 629
3 2845 6860 1974
3 8245 6281 3401
3 9112 3568 2032
3 7070 605 8931
3 1037 726 713
3 6552 4967 8497
3 3412 2651 3243
3 448 6213 7316
3 6880 2081 6368
3 2816 1580 4732
3 8473 6526 8648
3 8473 1702 4028
3 837 5320 4885
3 5722 7301 2921
3 1148 1810 1111
3 3077 2882 9375
3 3209 5812 3726
3 5658 3558 6203
3 1218 8900 5568
3 24 7434 7822
3 4329 7434 6301
3 8479 1111 3728
3 9440 8639 2059
3 7991 4531 5887
3 6147 7735 3164
3 9617 8702 9452
3 2574 3753 3557
3 7041 8216 8240
3 1527 6754 384
3 3624 2708 9869
3 9301 7179 1489
3 789 5335 3977
3 6324 7093 6555
3 4690 8118 544
3 4578 175 3686
3 145 9298 9193
3 9846 2168 1549
3 8862 9764 8024
3 2398 2465 7318
3 2884 934 433
3 8246 5653 5609
3 6880 6368 3040
3 768 3498 4137
3 7317 4999 7749
3 3057 5136 7182
3 2142 6526 8626
3 7498 6052 6082
3 5442 445 5612
3 8922 1882 3141
3 9006 7490 8416
3 7195 6374 2685
3 1060 2416 1129
3 9616 2374 3910
3 6364 4383 7852
3 8108 9169 6095
3 7552 7148 5441
3 7009 9438 9735
3 8031 4908 68
3 2587 7505 3
3 4690 544 9846
3 6093 9683 7382
3 741 3058 614
3 3057 2671 5136
3 2497 8258 1534
3 5797 6532 2535
3 4855 8453 158
3 5430 3775 5108
3 7244 5397 4289
3 8108 3772 5495
3 2385 6093 5097
3 5006 5277 75
3 7317 5559 8776
3 7335 3471 4363
3 6706 5742 3995
3 3225 7205 6267
3 3176 5138 6093
3 874 2081 6880
3 3377 8913 2081
3 7780 1746 5017
3 4917 4162 9398
3 8473 8648 9274
3 2142 6082 6052
3 209 3442 1117
3 6526 2142 6052
3 9494 2575 1366
3 8473 2057 3421
3 951 112 3782
3 7880 6944 4159
3 9849 1311 9682
3 6333 2489 4583
3 8541 1288 8674
3 8448 7052 5872
3 1702 3421 8480
3 2636 623 4223
3 5275 8031 8951
3 7112 4323 2553
3 2172 448 6789
3 9643 7877 8023
3 2470 4047 6840
3 6982 6063 5646
3 2437 6860 4154
3 1383 8245 4650
3 5049 451 1477
3 3554 9704 8662
3 1158 7161 7186
3 2140 3554 9390
3 9204 3225 5842
3 9517 9211 1110
3 5692 1414 5420
3 4178 7547 9261
3 2093 2397 6413
3 1050 8631 6820
3 1315 8702 6571
3 8392 2140 7788
3 3412 3243 6319
3 4715 5392 1692
3 853 7385 6726
3 8424 1313 7060
3 4624 8452 4856
3 6520 1383 7594
3 4485 9578 2232
3 2574 60 8760
3 7148 1202 5441
3 3176 962 5097
3 8336 9590 4917
3 3271 707 3369
3 4162 8336 4276
3 3330 5271 3470
3 6932 4804 9683
3 3176 6547 1005
3 835 6788 3730
3 3503 3180 5893
3 2805 6516 870
3 7977 1652 1906
3 5595 9376 432
3 3985 6291 4276
3 622 7523 7023
3 8515 6427 9766
3 8626 6526 8473
3 1420 5892 3616
3 3159 2574 4577
3 5538 6301 2670
3 9075 9248 9006
3 3360 1582 8254
3 6979 7839 7875
3 9169 6502 5780
3 2208 3108 9246
3 3862 8687 905
3 1775 7313 8258
3 180 7367 1920
3 140 1692 8258
3 7397 543 6147
3 9412 8838 2733
3 7976 8754 145
3 9193 2163 145
3 6468 5778 8776
3 9633 7538 6052
3 3002 8233 2285
3 613 3331 3729
3 7594 5069 1775
3 3346 3331 613
3 7974 985 557
3 5392 4715 9517
3 9227 3267 6254
3 448 8964 8900
3 2208 9246 9067
3 7953 3941 3797
3 6294 6271 315
3 3923 2643 8442
3 3346 7636 7601
3 182 829 1045
3 2553 3449 1187
3 613 6810 3346
3 2144 1820 188
3 9706 743 4746
3 1050 6820 3243
3 43 6552 8497
3 6822 1164 6989
3 6521 2692 5722
3 2772 8723 2579
3 849 6866 8617
3 5286 9879 6510
3 8662 3696 7013
3 8040 3087 2603
3 5722 636 7705
3 9423 6104 3959
3 7301 5538 286
3 3855 8228 8798
3 4654 2727 3447
3 1778 6774 3794
3 1769 1060 2911
3 8416 2338 9075
3 3898 6415 7965
3 3139 5829 2844
3 5120 1773 3395
3 1336 3735 8578
3 6093 7382 1816
3 788 8091 1883
3 8798 5766 4768
3 8695 1177 176
3 7370 5441 3330
3 333 7024 3617
3 4917 9590 4162
3 8923 2575 9494
3 5766 229 5320
3 3471 8430 8704
3 4738 2602 2150
3 6431 4896 7954
3 823 4449 3062
3 3446 1419 4620
3 5219 7188 5560
3 5097 8545 9398
3 4791 8769 3985
3 8730 4706 6280
3 9617 6780 8702
3 1506 8206 3769
3 7799 8642 3804
3 2574 707 3271
3 8664 6446 9656
3 8470 8885 1171
3 1237 9536 4620
3 4221 5908 9869
3 2260 6076 1384
3 4108 2945 3948
3 8862 6082 6835
3 3271 1315 1313
3 2882 180 1920
3 4221 1345 3728
3 8674 9616 3398
3 9764 8515 4684
3 490 8300 295
3 1280 8156 3951
3 5831 9682 1311
3 1129 3782 112
3 3876 3920 1534
3 1210 8687 7039
3 344 8251 2898
3 8474 5461 4526
3 5196 5392 2603
3 8470 5278 8647
3 1148 1111 8479
3 3477 3381 5758
3 6736 3732 237
3 8839 4903 2633
3 6427 9764 8862
3 6438 9159 8188
3 5531 5079 3534
3 8664 6502 3380
3 933 1263 432
3 9538 4541 7702
3 5787 4230 2432
3 7498 6082 5758
3 7485 7489 1854
3 4964 7052 6305
3 55 2449 3744
3 4061 856 1890
3 8441 1036 9251
3 1949 4370 231
3 3732 627 4378
3 4869 7608 7454
3 7434 24 4768
3 1741 2692 6521
3 3477 5758 8024
3 6555 7976 6324
3 2733 8838 8188
3 7099 6045 6292
3 5933 9298 7664
3 2951 3656 9707
3 2163 9412 2733
3 859 4304 7851
3 3139 703 5137
3 8040 8031 5275
3 1424 2671 3057
3 6773 646 6060
3 8188 3164 6438
3 7664 3115 3745
3 916 9296 8594
3 2844 878 5642
3 1775 8258 5196
3 3040 9438 6880
3 8737 6907 3058
3 1741 69 8948
3 2631 8776 8437
3 8982 2396 5088
3 7525 7992 1938
3 5136 2103 3715
3 9465 3682 1927
3 5441 2359 3330
3 3178 7321 5501
3 2197 5829 3139
3 5196 8258 5392
3 384 3816 4859
3 3489 991 6453
3 5780 7953 9169
3 9128 1060 9373
3 1534 3920 8392
3 5775 991 3489
3 9044 951 3782
3 4265 7788 9390
3 851 454 4747
3 8887 1506 3062
3 6389 2762 1595
3 6343 5939 2872
3 1778 3794 3723
3 1366 8923 2786
3 1218 8550 2307
3 6414 6361 3477
3 3432 7086 1582
3 9766 5397 7244
3 4028 9766 7244
3 4289 8862 6835
3 9578 1315 3369
3 3918 7052 8384
3 6438 3164 7735
3 8492 2939 609
3 9299 5991 8099
3 2757 1663 768
3 2574 1928 60
3 1710 853 6726
3 3985 8336 4791
3 2416 1769 4265
3 8013 1882 6902
3 8336 9073 4791
3 1005 5937 1906
3 9623 3137 4613
3 4011 2072 3774
3 9320 8392 4715
3 8519 3649 310
3 6498 8470 8647
3 9683 4804 7954
3 9254 1922 2225
3 2762 6926 1595
3 6527 7179 4448
3 3164 7181 6147
3 4766 2757 2792
3 2733 145 2163
3 2778 7093 6324
3 829 182 5794
3 7358 327 1926
3 5934 3905 9194
3 3656 3115 6773
3 1023 3211 3141
3 8894 8002 9707
3 3905 7331 9846
3 9874 1945 1471
3 3447 3398 1972
3 6243 207 4766
3 1815 5831 1417
3 6932 9683 6093
3 6199 7016 7814
3 6344 5808 6618
3 5196 3087 1775
3 182 2806 124
3 69 7562 6076
3 8748 495 7877
3 3839 6724 2018
3 9249 1972 8885
3 3747 4740 7599
3 5594 4198 3077
3 4289 5397 9766
3 9766 6427 4289
3 7244 6835 2142
3 4085 5853 7360
3 6835 6082 2142
3 3236 2233 8728
3 4151 4740 879
3 5545 2358 3691
3 6722 2826 5302
3 651 2708 3941
3 5459 3941 5780
3 6361 5559 3477
3 6227 3019 7148
3 40 3380 1710
3 8533 4151 879
3 1938 7385 853
3 4578 3937 450
3 1288 8541 1926
3 9581 7018 762
3 7316 5568 8900
3 5658 7147 4654
3 8760 2232 707
3 4506 754 9663
3 3753 3159 8839
3 6386 3019 6227
3 7726 4276 4804
3 4843 1311 9849
3 5517 6611 7496
3 111 4010 2180
3 4268 7949 8503
3 6683 3012 5615
3 9075 9301 7331
3 1741 5276 8952
3 4276 7726 4162
3 7195 2685 9724
3 305 9299 9753
3 3699 2581 8476
3 1366 2575 8923
3 5015 4265 8923
3 4329 6301 5538
3 4030 6269 3804
3 7976 2733 6324
3 6333 4583 6953
3 5937 1005 6547
3 2730 3137 5853
3 1741 6521 5276
3 3115 9298 8754
3 6953 7219 8631
3 5556 5644 3699
3 8948 69 1622
3 7976 646 8754
3 2489 5808 2664
3 145 2733 7976
3 3293 8646 974
3 4162 9590 8336
3 9890 2211 6176
3 6038 3905 5934
3 6895 6799 8948
3 8031 8040 2603
3 2589 1923 2773
3 2088 7968 9254
3 5557 7991 5887
3 3942 3742 5523
3 1406 4683 3682
3 7333 6024 6136
3 4119 3960 7201
3 9623 1948 3137
3 9774 1386 4324
3 2260 1622 69
3 8475 2503 1092
3 9018 3216 3546
3 38 7490 9006
3 7508 1571 3989
3 9320 2497 8392
3 6623 1312 8617
3 4626 4159 9021
3 3777 7490 38
3 391 9484 2105
3 1092 1410 5726
3 1060 9128 1122
3 927 9869 1266
3 4766 207 2687
3 7244 8626 8473
3 9375 5594 3077
3 6835 7244 4289
3 7907 3588 3197
3 6213 7141 8702
3 1478 9405 7124
3 9199 6941 9607
3 4843 788 5831
3 1313 6571 7060
3 9772 6123 8362
3 3422 2058 8481
3 4028 432 9766
3 3588 2368 2758
3 5853 9581 680
3 3369 2232 9578
3 1232 4691 4962
3 707 2232 3369
3 3728 5908 4221
3 6414 7052 8448
3 8682 5523 1999
3 270 3787 2105
3 7141 6531 8702
3 4903 5838 7519
3 1494 8709 2730
3 493 2164 883
3 1110 9211 521
3 175 1218 5568
3 6780 3686 3926
3 7875 7839 6854
3 1149 8473 9274
3 6713 9440 2059
3 8754 9298 145
3 8476 6864 1280
3 6136 2932 9227
3 8974 274 2381
3 2007 889 6515
3 5853 1494 2730
3 3115 646 6773
3 5157 8894 2767
3 745 7148 7552
3 7954 4804 6431
3 5868 9813 4132
3 9019 692 25
3 9538 4843 9849
3 8509 7171 2258
3 4221 2816 4732
3 4804 4276 6431
3 856 3534 7224
3 7799 6612 119
3 5392 8258 1692
3 627 1624 4061
3 9459 5873 6920
3 3534 1624 5531
3 3816 9581 5853
3 7898 5560 4719
3 1637 493 2767
3 8723 2772 4653
3 1593 3626 3431
3 9677 2222 4869
3 4059 7116 7771
3 3534 4061 1624
3 8371 9176 2211
3 57 2829 5922
3 4733 6414 8448
3 4736 3816 1948
3 8258 2497 140
3 2900 267 2836
3 9494 5015 8923
3 8448 6272 4733
3 7788 2140 9390
3 8362 3222 9772
3 9021 4159 9373
3 8792 402 6468
3 660 3702 2885
3 2836 267 1471
3 768 9807 2757
3 3777 4385 6936
3 4793 3777 4509
3 6589 6123 629
3 5871 819 1462
3 1128 8485 9874
3 6520 3087 8040
3 8952 69 1741
3 7599 4285 600
3 521 2603 5392
3 2285 7400 3002
3 8900 8964 7316
3 8900 2307 6789
3 6801 7400 2285
3 8203 7907 8656
3 2685 518 852
3 5817 8656 3927
3 2353 980 478
3 7418 6407 1470
3 4199 5595 432
3 1753 894 139
3 9764 6427 8515
3 7798 6438 683
3 8315 934 2884
3 774 3477 8024
3 8515 1263 933
3 3557 1928 2574
3 3728 2149 5908
3 4859 1892 384
3 1702 8473 3421
3 7952 2708 3624
3 9412 3164 8838
3 6438 3951 9159
3 4154 6860 5390
3 8188 9159 6324
3 7498 5758 9633
3 889 2007 527
3 3115 8754 646
3 6040 6860 2437
3 6060 7093 3951
3 3446 3365 7833
3 5523 5851 1999
3 9388 1663 5489
3 7093 2778 3951
3 5035 5559 6361
3 3656 2951 3745
3 4719 5560 5095
3 2285 9308 6801
3 7410 7801 6564
3 41 7832 8950
3 9708 7333 5699
3 6084 8467 1214
3 6038 5934 7665
3 7887 4319 4253
3 4265 9390 2416
3 9021 5049 1477
3 8664 2859 7051
3 6308 6890 4530
3 5436 502 1084
3 3569 9113 8631
3 4506 9663 7169
3 5126 3453 6832
3 7620 229 5766
3 1083 503 5270
3 2602 3599 2150
3 6044 3349 3365
3 1454 4203 6296
3 4385 6944 6936
3 9517 1110 5392
3 649 7675 6096
3 4546 4908 3161
3 3855 2602 8228
3 4546 68 4908
3 24 3599 9020
3 6612 7954 4896
3 7954 9850 9683
3 1883 6227 745
3 7799 6431 4276
3 6980 7319 8082
3 2218 5598 4846
3 660 334 3702
3 9517 4715 2414
3 5070 4472 6611
3 4804 6932 7726
3 119 6431 7799
3 6176 2211 2900
3 2892 4541 1814
3 4917 9073 8336
3 6498 3447 1972
3 9357 2512 1947
3 2603 3161 4908
3 6726 7385 9502
3 9075 2338 1477
3 9517 2414 1366
3 9251 2240 9536
3 691 7065 8931
3 9075 6038 9248
3 1060 1122 2911
3 1417 5831 7334
3 9538 6611 5517
3 8404 2357 4639
3 6510 3868 9349
3 482 7227 5726
3 1418 6093 1816
3 5156 550 8061
3 3380 9169 853
3 7496 1814 4541
3 4684 774 9764
3 9315 689 164
3 175 2631 8437
3 2172 2426 4253
3 4119 2512 3960
3 2307 8143 304
3 6621 2426 2172
3 4964 3477 774
3 8862 4289 6427
3 1920 7367 2759
3 6295 164 689
3 3450 5079 1419
3 4654 6498 8647
3 3507 1419 5899
3 6305 3477 4964
3 1624 8441 5531
3 4869 9317 1854
3 1752 567 4921
3 6775 7015 1981
3 6527 8982 1489
3 3910 3398 9616
3 9181 9805 315
3 1313 1315 6571
3 3261 6722 5278
3 8293 7041 9722
3 2932 6136 999
3 2952 5699 3746
3 8156 527 2007
3 6515 6060 3951
3 3746 6038 7665
3 6779 8894 455
3 7664 9298 3115
3 8080 7778 570
3 8421 2397 2093
3 146 7536 8488
3 5658 5146 5051
3 4112 743 9397
3 2271 4037 9431
3 9869 5908 3481
3 6271 7343 4260
3 6907 1749 2850
3 2902 9165 4817
3 4392 8470 6498
3 8923 2050 5316
3 4715 5015 9494
3 3868 6510 9879
3 4178 1779 7217
3 7496 4472 5070
3 4896 6431 119
3 4276 8642 7799
3 7563 9128 6944
3 6269 2449 3626
3 5071 3525 9354
3 3803 3216 3829
3 8562 2224 5708
3 8049 5708 3799
3 8769 3909 1945
3 651 5459 6502
3 119 6612 4896
3 8091 1938 853
3 7476 9520 9828
3 942 7548 1945
3 2708 3797 3941
3 276 3441 8687
3 6799 1741 8948
3 2603 3087 5196
3 3161 8974 2318
3 7953 1302 6095
3 7754 5634 8361
3 5108 5892 1420
3 4276 8336 3985
3 1938 8091 788
3 3398 3910 857
3 2050 8923 7468
3 8706 3312 7051
3 550 5156 1420
3 6612 7799 5071
3 5943 6117 1814
3 9354 3525 8693
3 4310 6571 6531
3 7525 1938 788
3 852 9724 2685
3 921 2085 2449
3 7370 7334 5831
3 7529 7548 4382
3 5794 182 3691
3 9211 1462 931
3 6362 9874 6941
3 3271 4577 2574
3 6324 9159 2778
3 5538 7301 4329
3 8798 9020 3855
3 9707 455 8894
3 8174 2609 2549
3 5018 1252 697
3 6779 6060 889
3 8424 7060 6760
3 5286 6510 4897
3 646 7976 6555
3 999 1141 2932
3 7333 6136 6038
3 1132 7259 9720
3 9301 2621 7331
3 2357 1132 1750
3 5838 4903 8839
3 7702 7525 9538
3 5887 7418 1470
3 5556 5881 2207
3 5748 9507 9214
3 1710 3380 853
3 2828 5739 7418
3 8562 5715 139
3 30 6913 4607
3 6866 849 4325
3 333 8474 4064
3 4539 9607 8485
3 1462 819 931
3 5300 7606 216
3 4254 128 4025
3 2416 1060 1769
3 9211 9517 1462
3 931 8974 9211
3 3062 1506 9739
3 2933 7642 2902
3 6215 6025 445
3 8206 1044 1282
3 7760 2850 1749
3 6454 3870 3488
3 2850 7760 2902
3 623 2060 4223
3 4715 8392 7788
3 1749 565 7807
3 829 5794 7547
3 2308 5658 5051
3 3986 1158 2386
3 8515 9315 164
3 2059 3481 2149
3 1110 521 5392
3 5146 4747 4469
3 1477 2338 4626
3 6272 175 8437
3 1315 9452 8702
3 432 1263 8515
3 9315 8515 933
3 7822 7434 4329
3 1622 6895 8948
3 7983 6581 2818
3 443 4964 774
3 8900 1218 2307
3 7599 600 5815
3 1171 3261 8470
3 4800 4150 8203
3 7547 4178 325
3 3675 3099 1667
3 1738 443 164
3 6801 8594 9296
3 1921 9315 4146
3 3477 5559 7317
3 4877 7839 2765
3 1738 2446 4964
3 7052 4964 2446
3 6839 2772 689
3 8024 6082 8862
3 774 4684 737
3 8372 9096 4089
3 5216 7476 8330
3 1896 300 3143
3 6611 4472 7496
3 4200 9101 1446
3 8765 63 7948
3 6177 2559 2759
3 3018 8408 4732
3 195 6502 8664
3 9769 79 7039
3 3691 8474 5545
3 853 5495 8091
3 3723 3794 270
3 2685 6374 3766
3 3312 195 7051
3 2782 7276 8425
3 7525 7702 5108
3 9452 9578 9617
3 337 7548 4030
3 4276 6291 337
3 6060 646 7093
3 4782 3271 1313
3 1462 9517 1366
3 455 9707 3656
3 527 9415 2561
3 2164 493 1637
3 9707 8002 5157
3 9415 7793 2561
3 7529 4382 7739
3 7100 1139 9048
3 8894 1637 2767
3 494 9675 2173
3 8255 1384 8404
3 3985 7548 337
3 7548 8769 1945
3 1410 482 5726
3 2449 6269 3744
3 3161 2603 521
3 2786 3692 819
3 8974 931 274
3 9211 8974 3161
3 2018 6724 1167
3 4564 3703 4752
3 2615 2180 5326
3 9520 1499 2381
3 9159 3951 2778
3 5192 4041 7428
3 1215 6618 852
3 6936 6944 4509
3 40 6446 8664
3 267 6129 7205
3 2357 5787 4639
3 6307 1029 5508
3 128 4254 1293
3 8255 5787 6799
3 4546 7561 68
3 6245 9855 5020
3 7561 3161 2318
3 3738 6076 7562
3 2651 5713 6333
3 2105 2828 7418
3 6222 4114 1386
3 3951 8156 6515
3 527 1637 6779
3 527 6779 889
3 5698 2951 9707
3 6515 8156 2007
3 5845 5230 4523
3 7887 4253 2426
3 5157 2767 8174
3 6024 999 6136
3 6429 839 1298
3 889 6060 6515
3 455 6060 6779
3 5102 6760 7060
3 1280 3951 7798
3 7490 4793 8416
3 5838 8839 4506
3 3905 1549 9194
3 7331 3905 6038
3 7169 35 8015
3 5120 2398 6951
3 9373 1060 9021
3 8061 550 6726
3 683 9540 5893
3 5881 7815 2207
3 1242 3777 38
3 2135 3410 683
3 7702 4541 5430
3 79 3187 4510
3 5926 7039 2685
3 4654 2083 5658
3 1706 2916 2398
3 2397 2664 6413
3 8664 3380 40
3 8647 454 2083
3 8693 3525 5071
3 5517 4541 9538
3 4030 7548 7529
3 7942 8687 3862
3 2450 4601 4681
3 1366 5871 1462
3 6269 4030 7529
3 8693 8189 7799
3 2678 3367 6279
3 4275 8421 4510
3 4541 5517 7496
3 3243 3907 6319
3 1366 2414 9494
3 9112 2032 2515
3 8206 9643 8023
3 7039 5926 1210
3 931 819 274
3 4800 4151 8533
3 46 3927 8656
3 8475 4583 2503
3 2651 3412 5713
3 180 3077 1345
3 1947 8497 4967
3 1410 1092 6257
3 8187 9357 1947
3 5156 7992 5108
3 1947 9226 605
3 4672 4919 7907
3 3045 6855 8172
3 3077 3728 1345
3 884 8408 3018
3 2882 3077 180
3 7509 1409 4632
3 4684 8515 737
3 933 8314 9315
3 1738 4964 443
3 6272 1218 175
3 4997 3675 9818
3 68 8951 8031
3 5982 2440 3225
3 7321 1276 5819
3 3161 7561 4546
3 6305 6414 3477
3 2260 69 6076
3 7509 481 1409
3 5394 9360 2195
3 180 1345 4705
3 2524 3052 1896
3 6839 2560 4653
3 2883 4146 8314
3 774 8024 9764
3 7778 8080 5938
3 3665 8405 4566
3 2933 7760 7807
3 6292 5265 7099
3 5436 3365 502
3 3365 3349 502
3 2767 493 8174
3 2911 1122 7468
3 2222 7608 4869
3 4523 5230 6704
3 1141 6024 5292
3 9315 8314 4146
3 6361 4733 5035
3 4733 6361 6414
3 3534 3450 3507
3 5908 2243 3481
3 7098 2027 8790
3 3534 5079 3450
3 6589 7485 9459
3 2818 6581 304
3 237 5118 6736
3 7807 1022 2412
3 2786 5871 1366
3 5501 5110 3037
3 1322 3178 6454
3 823 2251 4449
3 1218 6272 8550
3 3558 5825 9018
3 1749 6907 8737
3 4182 2202 2308
3 6213 6780 3926
3 2727 8541 3447
3 600 4285 4740
3 754 4782 8424
3 4626 9021 1477
3 656 55 3744
3 819 5871 2786
3 7241 1751 9132
3 5469 9086 38
3 8928 2449 55
3 9669 9228 1996
3 7529 7739 6269
3 7536 1172 8488
3 921 5290 1593
3 9211 3161 521
3 8762 8693 734
3 6936 4509 3777
3 2636 2308 623
3 3395 1773 5889
3 1972 4392 6498
3 4997 9818 8107
3 6407 7276 967
3 3835 8234 127
3 2261 1191 8460
3 7872 9308 2285
3 2328 5663 7862
3 550 40 6726
3 1253 3738 7562
3 823 3617 2251
3 8255 6895 1384
3 455 3656 6060
3 5982 3225 9204
3 7428 4041 2001
3 4764 8156 1280
3 883 2735 493
3 5777 3832 8491
3 1384 6895 2260
3 3656 6773 6060
3 8894 6779 1637
3 5158 2550 6024
3 9061 2609 8174
3 1637 527 2561
3 5725 9737 34
3 9850 7954 6612
3 2318 7091 7136
3 3738 1384 6076
3 6726 40 1710
3 2381 1499 4566
3 5802 7243 9725
3 788 745 5831
3 2318 8974 2381
3 2836 1471 8443
3 4541 2892 5430
3 4329 7301 7705
3 3804 8642 4276
3 124 4064 8474
3 2338 8416 4626
3 6951 5083 5120
3 3616 9656 550
3 9061 2383 2537
3 8174 2549 5157
3 5157 8002 8894
3 8373 6429 2306
3 3775 4280 4864
3 2771 8184 2559
3 8111 8234 3835
3 3191 5430 2892
3 788 4843 7525
3 2579 5872 3918
3 2883 432 9376
3 8726 5220 8901
3 2579 7875 5872
3 2446 1738 164
3 8687 3441 7039
3 6854 2818 304
3 4897 6510 9349
3 1645 9532 529
3 9869 651 3312
3 5156 8061 9502
3 7496 5070 1814
3 8405 7136 4566
3 2381 4566 7091
3 3804 734 8693
3 1593 6279 2878
3 8702 6780 6213
3 4030 3804 337
3 3744 6269 7739
3 3692 2786 8330
3 348 8674 6294
3 4700 5378 7925
3 4253 5102 4310
3 8179 1531 5102
3 4310 6531 7141
3 2381 274 819
3 1919 1198 7476
3 4577 754 3159
3 5938 5739 2828
3 1266 3312 8706
3 7815 5881 2135
3 3909 6176 8443
3 9204 5842 5557
3 2164 1637 7793
3 7793 697 2164
3 9415 4764 697
3 5872 7052 3918
3 2368 3279 2758
3 4962 4154 1232
3 3062 2465 823
3 5556 7798 5881
3 3926 5568 7316
3 6213 3926 7316
3 1470 5557 5887
3 5887 4531 7418
3 8228 9470 8798
3 8404 4639 8255
3 665 2303 8413
3 7923 2006 3317
3 4566 1499 3665
3 7468 8923 2911
3 1477 451 6527
3 7136 1254 2318
3 6758 6660 843
3 6344 1215 2093
3 6880 5609 4304
3 344 4304 5609
3 9879 5286 1384
3 9879 7137 8406
3 1769 2911 4265
3 8693 7799 3804
3 734 6269 8762
3 2083 4654 8647
3 4864 886 3963
3 9828 3692 7476
3 8345 6050 1983
3 7563 1723 2050
3 3599 24 6096
3 7485 4869 9459
3 2903 3479 2292
3 4897 8404 5286
3 3483 3235 9067
3 8246 9679 5570
3 1945 8928 656
3 8061 6726 9502
3 5216 2786 5316
3 1593 2085 921
3 1543 5932 6619
3 550 6446 40
3 2560 6028 4653
3 164 443 8515
3 696 9149 3483
3 6574 6166 3255
3 2446 164 6295
3 2760 6839 689
3 2861 6607 6964
3 656 4382 942
3 318 422 8694
3 2760 689 1921
3 7052 2446 8384
3 2772 2579 3918
3 6044 3446 6293
3 7224 3507 8210
3 5071 8189 8693
3 7039 3441 9769
3 7991 3723 4531
3 6117 6232 3366
3 9656 4700 2859
3 2207 7815 8322
3 269 4854 8464
3 1890 1853 7931
3 683 2633 2135
3 6438 7735 683
3 3650 2148 2798
3 4448 7179 9301
3 2081 2861 6964
3 9415 527 8156
3 4061 3534 856
3 7807 7760 1749
3 3951 6438 7798
3 5158 6024 9708
3 8199 9349 2094
3 6276 4928 557
3 2735 883 5018
3 4886 9542 2138
3 5291 2609 9033
3 2609 5291 2549
3 9033 2537 4886
3 6024 2550 5292
3 304 8143 6854
3 627 3732 5490
3 8706 7051 2859
3 6789 6621 2172
3 8923 4265 2911
3 2386 5958 2268
3 4967 8187 1947
3 8514 555 9789
3 1947 2512 9226
3 7186 1846 1158
3 6332 3775 3963
3 5726 7227 8475
3 1409 7201 4632
3 7224 3534 3507
3 9681 1092 2503
3 8323 8372 7229
3 7992 7385 1938
3 7887 9351 9773
3 1580 927 6908
3 7120 9397 743
3 2400 8366 9566
3 9725 5686 2367
3 6545 6964 968
3 6908 927 1266
3 9663 754 8424
3 4178 7217 325
3 7647 1779 5229
3 356 6507 7215
3 3326 1562 4433
3 1133 9856 7476
3 7995 1399 2779
3 8408 8644 4705
3 8956 8560 1004
3 3255 4855 3108
3 8119 6221 1723
3 8322 4010 111
3 5644 2207 8322
3 6068 3187 9769
3 7411 5947 6406
3 3191 3366 2677
3 6177 7367 180
3 9354 8693 8762
3 570 2150 4203
3 2340 8093 9322
3 4706 7107 5694
3 9739 3769 6025
3 245 8206 8023
3 1814 6117 2892
3 2878 3626 1593
3 927 2816 4221
3 3804 4276 337
3 55 656 8928
3 4626 8416 4793
3 6898 3294 7328
3 1945 3909 1471
3 2310 4735 649
3 807 2284 2143
3 6799 6895 8255
3 3986 6993 2268
3 7200 8000 8015
3 4067 5944 8762
3 942 4382 7548
3 9075 4448 9301
3 2581 8619 9737
3 1689 2432 6488
3 9038 9181 315
3 1280 6864 4764
3 2559 8184 8193
3 8440 34 9737
3 3440 811 7983
3 6813 8485 9607
3 883 1252 5018
3 697 1252 883
3 2383 4886 2537
3 1210 5926 3766
3 883 2164 697
3 2735 8174 493
3 2735 403 8174
3 999 6024 1141
3 6789 2307 304
3 2138 9542 6265
3 9520 2381 9828
3 5947 6565 3002
3 7137 3738 1253
3 4253 4302 2172
3 2561 7793 1637
3 6789 6581 6621
3 2070 9723 1362
3 4319 5102 4253
3 6136 8373 6038
3 6531 6571 8702
3 8228 2602 4738
3 2602 3855 3599
3 5938 9484 7778
3 1254 7561 2318
3 9434 5160 6777
3 7096 3665 3835
3 7915 9248 6038
3 9008 4640 2024
3 3868 9879 2094
3 7468 1122 9128
3 7241 4291 5362
3 1133 5216 5316
3 6096 24 2432
3 1384 3738 9879
3 8631 2651 6953
3 3447 6498 4654
3 6280 4624 813
3 3745 3115 3656
3 7425 5250 9374
3 6760 5102 1531
3 5845 697 4764
3 4903 2135 2633
3 7200 5326 8000
3 3267 6266 33
3 111 2180 3648
3 4782 1313 8424
3 4764 6864 5725
3 9033 1140 5291
3 403 2383 9061
3 7169 9663 35
3 7559 7100 2803
3 2291 6704 5230
3 7333 9708 6024
3 8330 2786 5216
3 5120 5083 1773
3 2618 5445 7867
3 5316 2050 1133
3 4299 8912 5718
3 4793 7880 4626
3 1834 8771 5794
3 2759 7367 6177
3 5083 2358 5545
3 3495 9418 6077
3 3431 3626 2449
3 5944 4067 2878
3 1814 5070 9353
3 970 2930 4503
3 2085 3431 2449
3 9656 2859 8664
3 2560 6839 2760
3 4175 1406 2891
3 4304 2898 7851
3 1593 3431 2085
3 4705 4739 6177
3 689 9315 1921
3 8435 9735 8985
3 9438 5609 6880
3 689 8384 6295
3 3626 8762 6269
3 7476 3692 8330
3 2677 1131 3191
3 7739 4382 656
3 6413 6344 2093
3 3963 886 6332
3 5290 3035 1593
3 6362 1945 9874
3 6621 6581 7983
3 884 3236 8644
3 8913 8985 2081
3 2727 7358 1926
3 2560 8194 6028
3 7091 2318 2381
3 6944 1723 7563
3 1044 8206 5815
3 373 186 4177
3 2172 4302 448
3 2398 2916 6951
3 2150 7675 457
3 6344 2664 5808
3 5872 6854 8143
3 8404 1384 5286
3 5083 5545 4526
3 3738 7137 9879
3 4653 6028 8723
3 9853 3057 5819
3 3617 7024 2251
3 9837 9880 1350
3 7321 5819 5110
3 7096 8405 3665
3 4288 4865 9856
3 1920 4145 2882
3 4506 3159 754
3 2306 9086 5469
3 1425 9379 2197
3 2196 5136 1424
3 6016 9072 2545
3 5136 2671 1424
3 5726 8475 1092
3 3495 6077 2619
3 2910 8922 2512
3 6257 9681 8914
3 8194 8723 6028
3 9520 1198 5349
3 6618 1215 6344
3 1111 6713 3728
3 3775 8 8897
3 7201 2910 4119
3 3775 6332 8
3 4987 1882 2910
3 2307 8550 8143
3 6233 5944 2878
3 8169 994 200
3 9226 691 605
3 2762 6389 9465
3 650 6388 1594
3 2910 2512 4119
3 5943 1814 9353
3 734 3804 6269
3 927 1580 2816
3 1242 3121 4385
3 1898 8492 609
3 6233 2878 3367
3 697 7793 9415
3 1593 3035 6279
3 3035 5290 2292
3 7775 5845 9022
3 2138 1140 9033
3 909 5692 4280
3 760 5980 3479
3 4916 5263 6112
3 6679 3550 360
3 7141 448 4302
3 3550 1499 9520
3 1298 4831 6429
3 5983 3248 7009
3 2449 2292 921
3 5638 1029 1706
3 1345 8408 4705
3 6362 5086 8928
3 403 5018 2383
3 2102 9227 6254
3 3832 5230 117
3 3550 6557 3665
3 3591 9349 8199
3 6125 8593 5168
3 8406 8199 2094
3 8416 9075 9006
3 5349 8960 3602
3 2932 1141 2139
3 2135 5881 3410
3 8687 7942 276
3 4506 7169 5838
3 9061 8174 403
3 8184 2771 8679
3 4764 5725 9756
3 8748 9643 4449
3 6241 8167 6188
3 8636 7917 6412
3 4705 3236 4739
3 9033 2609 9061
3 33 6254 3267
3 6673 6241 6188
3 1083 5270 9855
3 9542 4886 2383
3 6196 4792 8947
3 8839 3159 4506
3 4221 9869 927
3 7428 4700 5192
3 3365 3446 6044
3 2798 1204 3650
3 8322 7815 4010
3 824 490 3648
3 7489 215 4379
3 1536 8288 4357
3 884 2233 3236
3 7898 4719 2713
3 8203 8499 4672
3 1419 7833 5899
3 9483 581 2665
3 3446 9536 6293
3 3279 8656 3197
3 5020 4570 7099
3 7931 4061 1890
3 2581 6864 8476
3 8620 5352 1126
3 215 2845 4379
3 6061 1403 7455
3 1204 7280 1890
3 9689 529 7729
3 3918 8384 2772
3 4445 7763 3610
3 9828 2381 3692
3 6581 6789 304
3 8723 253 6979
3 6920 8362 6123
3 8723 8194 7831
3 8679 528 77
3 5932 5376 6619
3 7051 195 8664
3 2885 5812 660
3 5442 801 4601
3 6941 231 6362
3 2925 2072 4011
3 6694 1949 4884
3 448 7141 6213
3 8783 2426 6621
3 9071 5300 216
3 5299 6016 5828
3 9006 9248 5469
3 3558 5658 2308
3 4826 2933 7807
3 3037 7182 5807
3 4435 8564 4292
3 8887 3062 4449
3 811 1896 8169
3 4069 5304 7259
3 5214 6652 7368
3 3121 2516 7005
3 5146 4182 5051
3 8425 7276 5739
3 7807 2412 4826
3 3835 3665 8111
3 9349 3591 7754
3 7807 565 1022
3 7525 4843 9538
3 4041 5192 7923
3 1131 2677 4280
3 1293 8199 6234
3 4213 3178 1322
3 2292 2279 5086
3 4539 967 9199
3 9355 6758 8567
3 7592 1396 9144
3 1779 7647 5775
3 7754 3591 6049
3 8435 8985 8913
3 5135 6320 87
3 8232 3774 2636
3 2308 2202 623
3 8365 2070 3602
3 7041 8293 8216
3 8119 1723 4347
3 6234 8199 8406
3 4015 5980 760
3 6232 6117 5943
3 8695 176 353
3 3744 7739 656
3 7703 1655 2707
3 4509 7880 4793
3 5718 9586 4299
3 9663 8424 35
3 5326 4010 9589
3 9586 7925 2001
3 2765 7839 253
3 7875 6854 5872
3 4739 3236 8679
3 8440 7903 7100
3 5838 7169 8000
3 253 7729 2765
3 8940 7699 309
3 2771 2559 6177
3 9689 8723 7831
3 1608 5230 7775
3 9308 2592 6801
3 111 5644 8322
3 4764 9756 5845
3 9086 7203 356
3 587 6332 1272
3 7400 6801 6406
3 5469 9248 7915
3 6266 3267 2139
3 8947 9542 6196
3 4523 5018 5845
3 5461 333 3617
3 6073 4992 2654
3 6125 866 4792
3 5108 8897 5892
3 422 6619 5376
3 1298 9086 4831
3 5646 801 5442
3 4970 2358 9907
3 8384 2446 6295
3 3143 7843 372
3 1923 5956 5744
3 2859 4700 8706
3 8013 1023 1882
3 8143 6272 5872
3 7215 6507 1562
3 5958 1023 8013
3 6279 3367 2878
3 1131 5430 3191
3 7983 2818 3440
3 351 7699 1874
3 4067 8762 3626
3 5693 910 5840
3 6279 3035 5840
3 2878 4067 3626
3 457 6296 4203
3 3035 5980 4015
3 353 9903 1690
3 2449 2279 2292
3 1369 6204 3938
3 7737 7358 5658
3 2268 5958 8013
3 6096 2432 1689
3 8017 5062 6679
3 9460 2589 2773
3 9282 8341 8849
3 3616 7923 9656
3 2786 8923 5316
3 2773 974 8646
3 3777 4793 7490
3 8017 6443 2070
3 7418 4531 2105
3 2050 6221 4055
3 5026 2872 4135
3 7141 4253 4310
3 8365 3602 8960
3 8449 2268 8013
3 3959 6104 3927
3 4567 4640 6818
3 754 4577 4782
3 3717 6049 1293
3 5605 9752 1472
3 2144 6166 6574
3 5556 2207 5644
3 4903 7519 7815
3 4010 7815 9589
3 99 692 9019
3 2944 1819 3947
3 2067 2837 8851
3 8476 1280 7798
3 7519 9589 7815
3 550 1420 3616
3 9502 7992 5156
3 9254 7968 4900
3 3963 3775 4864
3 2476 9080 7728
3 8674 348 7942
3 2093 4510 8421
3 649 8567 843
3 276 348 315
3 4280 2677 909
3 90 1750 9434
3 6488 2432 4230
3 2383 5018 4523
3 7120 6965 2411
3 6810 1381 9195
3 835 7974 6788
3 2138 9033 4886
3 6096 1689 649
3 1272 6332 886
3 1415 3035 9144
3 9693 100 8593
3 9418 4108 3346
3 8851 9206 3923
3 6704 5777 4714
3 2537 9033 9061
3 8593 7934 5168
3 866 3654 6265
3 3968 8334 8564
3 4101 4033 1557
3 7942 9616 8674
3 5430 5108 7702
3 1131 4280 3775
3 704 2103 5136
3 3191 2892 3366
3 4254 3717 1293
3 2292 5290 921
3 5693 5840 3035
3 6304 8956 1004
3 4288 4055 6221
3 2430 2343 3679
3 4639 5787 8255
3 5840 910 2678
3 6488 2310 1689
3 852 518 1215
3 5086 2279 2449
3 8928 1945 6362
3 9227 2102 839
3 5129 9145 5224
3 7330 492 2665
3 6123 9459 6920
3 9607 6941 6813
3 5718 7607 3018
3 2772 8384 689
3 9689 8003 529
3 5560 7898 5219
3 1419 3446 7833
3 3551 9532 1645
3 3551 7729 9532
3 529 9532 7729
3 1896 811 2524
3 4566 7136 7091
3 4302 4253 7141
3 4151 4800 600
3 8406 7097 6234
3 7563 2050 7468
3 1890 7224 3650
3 9656 6446 550
3 8644 8408 884
3 2094 9879 8406
3 4310 5102 7060
3 4967 4632 8187
3 2489 4676 6618
3 8111 6557 3550
3 3550 6679 8111
3 3834 128 7097
3 480 2333 7947
3 762 3098 680
3 2664 4583 2489
3 7815 2135 4903
3 8000 5326 7519
3 8015 35 4089
3 9737 7903 8440
3 4474 1608 7775
3 9773 8323 8179
3 3187 6068 9805
3 5777 6704 2291
3 1230 5715 8049
3 2291 5230 3832
3 1215 518 7039
3 5018 403 2735
3 1204 2798 7700
3 9756 5725 9022
3 1034 7923 3616
3 7454 9459 4869
3 5812 3309 3955
3 2482 9693 3714
3 2383 6196 9542
3 8260 2516 924
3 4632 3960 2512
3 7831 78 9689
3 4792 866 8947
3 32 866 7838
3 3267 9227 2932
3 2579 8723 7875
3 2383 4523 6704
3 9357 8187 4632
3 4019 5859 7797
3 3440 2818 7839
3 9327 7729 3551
3 2910 7201 4987
3 7831 8194 8185
3 6265 3654 32
3 7862 8107 6902
3 8544 7791 8914
3 6908 7925 9586
3 7413 9225 100
3 2606 3829 2739
3 7333 3746 5699
3 4691 1232 9772
3 7729 9327 4877
3 7915 6038 8373
3 4987 6902 1882
3 8260 1723 7005
3 9354 8762 5944
3 1272 6180 587
3 3236 2147 8679
3 4390 7176 7636
3 3366 2892 6117
3 5086 2903 2292
3 6362 3427 2903
3 1415 5693 3035
3 327 9377 3826
3 6941 9199 231
3 7778 391 4738
3 7626 7271 4884
3 8233 7872 2285
3 4503 3144 1483
3 6941 9874 6813
3 3747 8499 4740
3 6362 4370 3427
3 7191 2328 7862
3 7428 5378 4700
3 3317 9789 2580
3 696 9246 7010
3 2006 9789 3317
3 5646 5442 5612
3 6025 3062 9739
3 9199 9607 4539
3 7778 4738 2150
3 9818 980 3986
3 8514 2006 7923
3 1133 2050 4055
3 1472 3235 4097
3 916 6406 9296
3 7754 8361 4897
3 9349 3868 2094
3 1293 3591 8199
3 3665 1499 3550
3 3717 373 5337
3 3775 5430 1131
3 4503 1483 970
3 1060 1129 5049
3 9728 2856 5304
3 1428 3771 5416
3 2050 1723 6221
3 9514 4877 9327
3 4019 7699 8940
3 309 3551 1645
3 78 8003 9689
3 4653 2772 6839
3 994 2373 6494
3 253 8723 7729
3 4319 8179 5102
3 6979 7875 8723
3 1896 994 8169
3 1874 7797 5859
3 7797 7699 4019
3 4705 6177 180
3 5873 8172 6855
3 6574 2313 985
3 9856 1133 4055
3 1919 8365 8960
3 9769 3441 276
3 600 3927 6104
3 1960 1219 7200
3 2932 2139 3267
3 4068 4624 6280
3 600 6104 5814
3 1282 3769 8206
3 4707 2935 7486
3 4726 6574 985
3 807 2143 9820
3 2072 3558 2636
3 5815 600 184
3 376 5066 5130
3 4764 9415 8156
3 34 4474 5725
3 348 276 7942
3 4714 2383 6704
3 3821 9470 8228
3 8961 6220 4743
3 4510 2093 79
3 9520 7476 1198
3 5812 2885 3309
3 8376 2025 314
3 7775 9022 4474
3 6189 7403 9541
3 9706 2832 2400
3 9243 9855 1194
3 5219 7898 5227
3 3224 5408 1186
3 4898 6216 727
3 4710 1416 8710
3 7413 9693 2482
3 32 7838 1568
3 4826 7182 5136
3 4714 5777 8491
3 8947 866 6265
3 32 3654 866
3 3493 4648 1579
3 2214 6985 3217
3 9542 8947 6265
3 760 6092 4015
3 7133 5812 3209
3 8674 3398 8541
3 3699 5644 111
3 5807 7182 2412
3 3479 2903 760
3 740 8068 5775
3 5794 3691 2358
3 1232 4154 6123
3 2903 5086 6362
3 7476 5216 1133
3 3062 6215 5640
3 2828 9484 5938
3 3602 6443 8017
3 6429 4831 2306
3 8361 2357 4897
3 6736 8441 3732
3 6618 7195 9724
3 8914 4977 9310
3 2715 1242 38
3 8323 200 4833
3 3601 6345 9723
3 1154 2367 2578
3 5787 24 6799
3 5892 8897 1034
3 4864 4280 886
3 4159 9128 9373
3 6332 555 6616
3 1414 6408 5420
3 5108 7992 7525
3 4845 2206 8650
3 7592 9144 3035
3 5086 2449 8928
3 7229 8179 8323
3 3665 6557 8111
3 6038 3746 7333
3 6125 4527 866
3 9693 8593 3714
3 2180 4010 5326
3 7601 7176 8442
3 8219 9392 3680
3 5326 9589 7519
3 9742 3085 3789
3 1890 856 7224
3 3650 8210 2713
3 9686 3597 1321
3 7488 4061 7931
3 2798 2148 4719
3 1219 5326 7200
3 6718 3577 8098
3 8476 5556 3699
3 3181 3045 8172
3 7229 1531 8179
3 5008 5748 6315
3 8679 77 8184
3 4952 4459 4361
3 1896 3052 300
3 1874 7843 3143
3 4739 2771 6177
3 8613 2545 7785
3 960 7877 495
3 555 6332 587
3 6890 5999 8275
3 872 7203 9086
3 4275 9310 4977
3 1121 6846 7243
3 9072 6016 5299
3 587 6180 9777
3 4984 1256 7243
3 555 8514 1034
3 5687 2021 7924
3 2678 6279 5840
3 3524 7241 6278
3 3628 25 5226
3 5420 4280 5692
3 7923 1034 8514
3 1395 1306 519
3 3427 4370 760
3 4026 8017 3375
3 1723 6944 4385
3 6407 7418 5739
3 3035 2292 3479
3 6257 4629 7202
3 4846 4628 2218
3 4015 6092 7634
3 8815 8786 5226
3 2807 7034 3417
3 1191 75 7133
3 214 6225 434
3 2489 6618 5808
3 5349 360 9520
3 1882 1023 3141
3 7599 5815 245
3 5817 8203 8656
3 2343 8090 1282
3 6908 8706 4700
3 816 6573 2219
3 519 1306 1273
3 2397 9681 2503
3 5557 1128 9204
3 4048 5677 4819
3 186 4254 5618
3 8361 5634 1132
3 4025 1685 6841
3 3550 9520 360
3 2715 38 9086
3 8960 5349 1198
3 1412 2037 3768
3 35 8424 6760
3 1293 6234 128
3 6407 5739 7276
3 9199 967 2413
3 1362 3375 2070
3 1882 8922 2910
3 9586 1580 6908
3 78 7831 8185
3 300 3052 9514
3 7729 8723 9689
3 7839 2818 6854
3 529 8003 78
3 8166 6485 7560
3 1750 5608 2310
3 3787 270 3821
3 2524 811 3440
3 8398 1989 6197
3 9508 457 7675
3 8912 4299 440
3 315 6271 9038
3 3315 7744 5868
3 7436 283 4556
3 5267 3655 5111
3 4288 8119 4347
3 5018 697 5845
3 3144 3601 8221
3 7733 399 6900
3 6435 1055 9742
3 8111 6679 5062
3 6294 8674 1288
3 6049 5337 4069
3 4997 7283 3099
3 5777 2291 3832
3 8491 2482 3714
3 4792 2383 4714
3 1034 6616 555
3 1420 5156 5108
3 7413 1081 1501
3 2102 6254 33
3 9769 3187 79
3 2353 3986 980
3 7124 3260 2518
3 6068 9769 2958
3 4792 2322 6125
3 3217 3341 7607
3 6234 7097 128
3 9022 5845 9756
3 8373 6136 9227
3 1273 7034 519
3 4015 1396 7592
3 6092 760 4370
3 7923 5192 9656
3 8897 5108 3775
3 4884 8333 1789
3 3800 2248 5059
3 489 5497 6981
3 4288 6221 8119
3 3121 7005 4385
3 1242 7215 3121
3 23 6008 3776
3 2958 9805 6068
3 2665 492 3144
3 1272 4280 5420
3 2087 7634 7325
3 5687 8621 9777
3 8679 2771 4739
3 528 8679 2147
3 2765 7729 4877
3 351 3551 309
3 2373 6600 372
3 1874 3143 351
3 3052 2524 3440
3 9773 8179 7887
3 253 7839 6979
3 7843 8059 372
3 9789 555 1121
3 5192 4700 9656
3 6246 8790 7170
3 9805 2958 315
3 6215 3062 6025
3 3699 111 3648
3 9737 6864 2581
3 2713 8210 7898
3 9855 5270 5020
3 399 4645 6900
3 7898 8210 5227
3 2664 6344 6413
3 7325 7634 6694
3 1219 2615 5326
3 1323 7647 5229
3 5807 2412 1022
3 7509 4967 481
3 7182 3037 5110
3 3317 2580 4041
3 5420 6408 519
3 4865 970 1483
3 5725 6864 9737
3 117 5230 1608
3 4895 5849 3045
3 9754 5248 7466
3 1414 9143 519
3 3479 5980 3035
3 5769 9718 7035
3 3769 8090 5612
3 4738 391 8228
3 5089 6183 3070
3 5110 5501 7321
3 8365 1483 8221
3 5270 503 5020
3 481 6552 43
3 4527 7838 866
3 4547 6435 9241
3 9853 5819 1638
3 5136 2933 4826
3 231 4370 6362
3 5641 7218 4226
3 4288 970 4865
3 8408 1345 4221
3 9855 9243 1083
3 6196 2383 4792
3 7325 7982 3228
3 2322 4714 8491
3 2306 5469 7915
3 127 8234 8111
3 3427 760 2903
3 8491 3832 117
3 4026 1362 2091
3 3480 8733 5826
3 839 2102 5581
3 117 7836 7413
3 4085 8823 4727
3 1568 7838 4527
3 7411 6406 916
3 8179 4319 7887
3 4347 8260 970
3 1960 7200 8015
3 9227 6429 8373
3 4385 3777 1242
3 3488 3870 1022
3 6679 3602 8017
3 5868 6981 3315
3 4735 8759 8413
3 8783 7983 811
3 8883 904 5704
3 360 5349 6679
3 5501 5807 1022
3 503 4570 5020
3 5829 5394 878
3 4283 4177 9008
3 7403 7481 1603
3 4089 35 8372
3 713 5074 928
3 9022 5725 4474
3 2076 7740 8286
3 4474 34 2044
3 3223 4874 8958
3 1483 8365 1919
3 490 2581 3648
3 490 824 8300
3 7925 6908 4700
3 3648 2581 3699
3 7802 8233 3002
3 2516 8260 7005
3 8191 3612 8621
3 7915 8373 2306
3 7243 4905 9725
3 7907 3197 8656
3 2452 1276 7321
3 1403 6530 7455
3 2044 34 8440
3 4792 4714 2322
3 886 4280 1272
3 8593 2322 3714
3 7557 3614 5826
3 9686 9289 5962
3 1762 399 7868
3 7289 7843 8555
3 3524 8256 6029
3 9514 7839 4877
3 9686 8929 6359
3 3440 7839 9514
3 7005 1723 4385
3 4018 6681 1565
3 5581 6749 7868
3 7455 6681 4018
3 7737 9667 327
3 5658 2083 5146
3 4203 2150 457
3 5938 8425 5739
3 872 9086 1298
3 7924 519 7034
3 8940 309 1645
3 2150 570 7778
3 2516 7215 1562
3 8942 8398 6660
3 3927 600 4800
3 7754 6049 4069
3 2310 665 4735
3 519 6408 1414
3 399 839 7868
3 2707 9259 4963
3 477 8621 5687
3 5849 6855 3045
3 1789 8333 7530
3 5769 5850 2087
3 9434 6777 7115
3 7634 4370 1949
3 4216 9568 665
3 9723 2965 1289
3 4237 7790 7982
3 2413 6901 7626
3 5062 4026 127
3 7032 6653 5024
3 4729 2377 3694
3 2357 8404 4897
3 5337 6049 3717
3 970 4288 4347
3 4177 4283 5337
3 35 1531 7229
3 8485 6813 9874
3 4026 5062 8017
3 1919 4865 1483
3 2070 6443 3602
3 1002 9374 1219
3 2268 8107 3986
3 6902 8449 8013
3 3052 3440 9514
3 6621 7983 8783
3 1219 1960 1002
3 351 309 7699
3 2958 276 315
3 9351 2426 8783
3 2343 1044 3679
3 7662 1130 6202
3 3706 5528 2049
3 3018 3341 2233
3 824 2076 8300
3 1219 824 2615
3 9351 7887 2426
3 8286 9374 2694
3 2615 824 2180
3 7917 7407 1761
3 4530 6890 6063
3 3891 5614 4088
3 9143 1395 519
3 8 1034 8897
3 6752 6104 9423
3 1274 1396 5850
3 805 295 9142
3 6061 2147 3236
3 2917 2351 5749
3 7372 9142 6620
3 7917 1761 6412
3 2482 8491 117
3 1608 6412 117
3 2743 3118 4547
3 6616 1034 8
3 5769 2087 7325
3 4897 9349 7754
3 4260 7343 327
3 6074 9087 3328
3 5962 9289 8306
3 6125 2322 8593
3 4069 5634 7754
3 5962 3085 4939
3 9686 7934 2323
3 4370 7634 6092
3 7592 3035 4015
3 7204 457 9508
3 1044 184 3679
3 5612 8090 5646
3 6429 9227 839
3 7413 9742 1081
3 8650 2206 3039
3 5580 2101 8929
3 6448 4275 4510
3 6694 7634 1949
3 8942 6089 8817
3 1290 6296 4525
3 231 9199 7626
3 100 9225 9289
3 5694 7107 7145
3 3616 5892 1034
3 5676 5057 6897
3 7925 5378 2001
3 5575 4501 7902
3 2227 2413 5488
3 6927 7191 7862
3 3986 8107 9818
3 9789 2006 8514
3 2091 1686 4026
3 8067 7425 9722
3 7191 6927 3070
3 1389 2468 3529
3 8221 2070 8365
3 5618 4254 4025
3 373 3717 186
3 7276 2782 967
3 5045 779 9806
3 9434 9720 7259
3 824 3648 2180
3 8203 4150 8533
3 186 3717 4254
3 1644 528 2147
3 7843 1874 5859
3 2944 3494 6280
3 4732 8408 4221
3 2129 8908 3196
3 3860 460 7795
3 5859 1566 7843
3 6600 3287 1896
3 372 8059 2373
3 5817 4800 8203
3 4613 3137 5643
3 9514 351 300
3 7843 1566 2894
3 4865 1919 9856
3 3236 4705 8644
3 2578 2001 4041
3 8107 5663 4997
3 924 1998 8260
3 5907 8191 2471
3 3679 184 5814
3 1298 839 4152
3 8286 2694 6893
3 3260 4530 9423
3 1219 8286 7740
3 3679 6752 2430
3 79 1215 7039
3 356 2715 9086
3 570 4203 8080
3 2518 3927 46
3 4535 3504 787
3 8619 7903 9737
3 1505 841 3467
3 9080 2001 2578
3 3364 2717 460
3 3148 8823 1626
3 2044 8636 4474
3 5248 1451 477
3 7204 9508 843
3 1396 4015 5850
3 5230 5845 7775
3 4015 7634 2087
3 3217 1967 3341
3 4347 1723 8260
3 2779 147 6303
3 7733 239 7203
3 6359 5168 7934
3 2101 1568 5168
3 8306 9289 1501
3 7675 2150 3599
3 9629 7339 238
3 1045 2806 182
3 4995 1321 9400
3 477 5176 2807
3 1337 3968 2284
3 9122 8162 1951
3 1626 8710 1416
3 2001 5378 7428
3 3595 8052 5809
3 4433 2959 4144
3 6193 484 4708
3 1081 8306 1501
3 4527 5168 1568
3 8560 8995 491
3 4535 9101 4200
3 4939 9686 5962
3 5488 2413 9345
3 33 1569 2102
3 2476 4299 9080
3 2930 970 1998
3 5535 9776 2256
3 8960 1198 1919
3 4859 4736 9623
3 5580 8929 4995
3 1242 2715 356
3 4831 9086 2306
3 1655 8020 9259
3 3601 2070 8221
3 5062 127 8111
3 491 5686 3724
3 4632 4967 7509
3 8052 8478 5809
3 9096 1960 4089
3 967 4539 6407
3 8000 7169 8015
3 6049 3591 1293
3 5189 9180 2531
3 7833 3365 5436
3 8080 4203 1454
3 2776 961 7645
3 2001 9080 9586
3 5227 7833 5219
3 6025 3769 445
3 2367 1154 9725
3 1112 4916 6112
3 3063 3763 9740
3 7407 8636 4322
3 351 9514 3551
3 1644 2147 8939
3 811 9351 8783
3 8376 314 1761
3 9225 1501 9289
3 7934 8593 100
3 5208 8835 2114
3 8887 4449 9643
3 9686 2323 9289
3 3542 5470 3597
3 9351 811 9773
3 7519 5838 8000
3 1455 6893 7456
3 1626 8823 9263
3 7413 2482 117
3 824 7740 2076
3 9180 5189 7389
3 3727 1762 2493
3 9401 1718 3727
3 7740 824 1219
3 2076 8286 6893
3 805 490 295
3 5357 5917 6784
3 5028 2468 1389
3 9142 295 3644
3 144 4069 5337
3 3254 7906 147
3 2856 9728 5160
3 1601 7330 3214
3 3650 2713 2148
3 3144 4503 2930
3 9777 4984 587
3 5609 8251 344
3 3375 8017 2070
3 904 648 6750
3 7280 1853 1890
3 9735 3040 8985
3 6348 9343 6607
3 7034 5176 7924
3 519 2021 5420
3 2021 519 7924
3 7035 5850 5769
3 3418 2975 5249
3 5850 4015 2087
3 7728 2367 846
3 4041 7923 3317
3 3040 9735 9438
3 3418 9718 5769
3 1273 1306 1395
3 1183 1130 1451
3 9438 8246 5609
3 587 2118 555
3 6818 6841 4567
3 9411 4052 9008
3 5939 8110 2872
3 6008 5209 6506
3 384 334 660
3 6754 334 384
3 3651 5325 1370
3 4640 9008 6818
3 6660 8988 843
3 7530 8333 4237
3 3602 6679 5349
3 4884 1949 231
3 5584 3472 5127
3 9856 4055 4288
3 4554 5030 7350
3 924 2516 1562
3 2134 9397 733
3 5819 1276 6216
3 5099 8841 8658
3 5618 6841 186
3 5775 458 1779
3 9379 9071 216
3 2465 5120 4597
3 4177 186 6841
3 8835 5208 1951
3 2114 1684 6732
3 9725 1154 6311
3 1946 8849 5999
3 4895 3279 5849
3 1632 9749 2341
3 4069 144 5304
3 5110 3057 7182
3 2568 581 3719
3 2762 1678 9713
3 8560 4949 8995
3 1272 5420 5687
3 6606 3364 1684
3 1022 3870 6454
3 6660 6296 8988
3 6683 9787 2624
3 3488 1749 8737
3 6616 8 6332
3 7670 8068 7217
3 372 6600 1896
3 9261 5794 8771
3 3143 372 1896
3 1565 6681 7455
3 7289 8555 4021
3 2586 7289 9294
3 4833 200 2020
3 5061 6507 9283
3 9681 6257 1092
3 9713 473 2940
3 8541 3398 3447
3 146 2745 8307
3 3960 4632 7201
3 1898 2213 1594
3 1762 6749 5581
3 7647 1323 5775
3 4112 1570 7906
3 9066 9723 1289
3 614 5900 7745
3 4152 872 1298
3 5927 3742 3942
3 600 4740 4151
3 4230 5787 2357
3 445 2450 6215
3 5718 4732 1580
3 2758 3197 3588
3 2516 3121 7215
3 5687 6180 1272
3 6913 7869 2527
3 1399 916 3254
3 440 6304 2214
3 2503 2664 2397
3 4137 3498 1663
3 90 5608 1750
3 3493 6448 9805
3 8594 57 6483
3 7982 7790 5249
3 846 2476 7728
3 2672 1590 7128
3 1403 4951 3200
3 492 7330 1601
3 9777 3612 4984
3 8333 7271 7626
3 7325 4884 1789
3 7325 6694 4884
3 3558 2308 2636
3 5089 5598 2954
3 4987 4628 4846
3 1399 7995 7411
3 1121 7243 5802
3 7982 7530 4237
3 1998 970 8260
3 4884 7271 8333
3 3703 7790 4237
3 924 1562 3326
3 7626 4884 231
3 1067 8921 7371
3 629 2845 7485
3 8636 7407 7917
3 9142 7372 805
3 4560 6061 1967
3 4859 3816 4736
3 314 5772 1761
3 6435 7413 7836
3 2795 7688 4136
3 3085 9742 7044
3 6359 7934 9686
3 8929 2101 6359
3 6927 5534 3070
3 3085 5962 8306
3 2101 5168 6359
3 386 46 3279
3 9722 1002 9096
3 1608 4474 6412
3 3467 841 3819
3 3851 474 6896
3 2581 490 8619
3 2636 339 7871
3 9289 2323 100
3 5873 9459 8172
3 6473 3547 1714
3 8293 2020 8872
3 9773 8169 200
3 9400 2492 4995
3 1822 1103 1239
3 6841 5618 4025
3 8420 7879 4966
3 5384 8803 8098
3 581 2568 7330
3 8080 1454 9365
3 2091 9066 6625
3 5772 6412 1761
3 5304 144 9728
3 7527 4166 8218
3 3012 8387 2051
3 2367 4949 846
3 7868 6749 1762
3 5061 2959 1562
3 7283 5663 2328
3 1121 5802 6311
3 1121 555 2118
3 6278 8256 3524
3 1369 3442 209
3 8710 6243 4766
3 2580 9789 1121
3 2367 7728 2578
3 1290 1454 6296
3 6296 457 7204
3 3789 8306 1081
3 217 2283 2635
3 6473 3240 3194
3 6447 4970 9907
3 1718 4645 399
3 801 5646 4631
3 5658 6203 7737
3 7637 5543 9527
3 8300 2076 6893
3 2450 4681 5508
3 2430 8090 2343
3 1874 7699 7797
3 2088 9254 2225
3 8426 1314 4819
3 4018 8939 2147
3 2586 1377 7289
3 6241 6673 4971
3 6494 2373 1365
3 7289 6494 1365
3 6886 5615 3012
3 6843 7656 1907
3 4050 3593 3934
3 2020 994 6494
3 7289 1377 8872
3 7115 2310 90
3 8191 5614 3612
3 295 8300 3462
3 5176 477 7924
3 7035 9718 3418
3 1896 3287 994
3 8872 1377 2586
3 5249 2975 3228
3 4951 4483 4458
3 2021 5687 5420
3 9066 2108 675
3 6818 9008 4177
3 6841 1685 2092
3 3228 7982 5249
3 581 7330 2665
3 2258 7171 4971
3 5508 4681 625
3 9889 6922 4560
3 5061 4912 2959
3 3326 3357 924
3 5219 7833 5436
3 7530 7325 1789
3 8210 5899 5227
3 9091 9243 1194
3 6901 2413 3703
3 3714 2322 8491
3 1081 9742 3789
3 7868 839 5581
3 9400 1321 3597
3 3222 4691 9772
3 5168 4527 6125
3 3542 7044 4670
3 1946 485 9405
3 6894 2127 5997
3 4547 9205 3229
3 1854 9317 7485
3 3129 1067 1016
3 9677 5705 2222
3 2845 629 5390
3 492 1601 3144
3 9244 5436 1084
3 4177 5337 373
3 9283 5575 5061
3 5095 7242 6479
3 2091 1362 9066
3 5160 9434 2856
3 9008 4052 4283
3 9180 474 1455
3 8961 6134 6220
3 4459 8293 4361
3 3287 6600 2373
3 7489 7485 215
3 7289 8872 6494
3 7680 2798 7242
3 7843 2894 8555
3 4379 628 7489
3 994 3287 2373
3 200 8323 9773
3 4459 5476 8293
3 2224 7015 5708
3 3644 9627 9142
3 5412 105 1446
3 7607 5718 2214
3 7372 6620 7100
3 3724 9725 7350
3 9769 276 2958
3 2792 8710 4766
3 6412 4474 8636
3 1501 9225 7413
3 1321 4995 9686
3 1951 5836 9318
3 100 9693 7413
3 4995 8929 9686
3 3583 3694 4216
3 2025 9241 7836
3 4547 3229 9189
3 3819 8376 7407
3 1505 1112 5823
3 2323 7934 100
3 239 9283 7203
3 6953 2651 6333
3 2297 2090 9400
3 4413 8284 3240
3 2377 98 3694
3 4939 3597 9686
3 1623 375 8423
3 7607 2214 3217
3 5772 117 6412
3 9400 2090 1717
3 6150 5331 7725
3 7733 872 4152
3 4166 6828 8218
3 9374 1002 7425
3 5802 9725 6311
3 2214 5718 8912
3 5215 2986 8155
3 4433 4144 7703
3 3228 2975 5769
3 3228 5769 7325
3 9527 8560 491
3 5426 4303 894
3 23 4708 2886
3 2856 9434 7259
3 1601 3601 3144
3 6901 4237 7626
3 4984 2118 587
3 2413 967 9345
3 7737 3546 9667
3 5488 9345 8919
3 2782 9365 7951
3 3057 9853 1424
3 1046 6626 676
3 1080 3982 2108
3 4922 894 1753
3 7728 9080 2578
3 675 6625 9066
3 9310 8544 8914
3 5775 1323 6453
3 1130 6349 6202
3 1834 6447 6278
3 2024 2302 9008
3 2310 6488 1750
3 2428 9066 1289
3 7703 3326 4433
3 1130 7662 8076
3 5687 7924 477
3 7035 1274 5850
3 6406 6801 9296
3 2580 1154 4041
3 3601 3214 6345
3 4018 1565 5858
3 3200 6530 1403
3 1365 7843 7289
3 7843 1365 2373
3 9507 5008 1109
3 9483 3357 581
3 9722 8372 8323
3 6530 4020 7455
3 3462 6893 474
3 5426 283 6748
3 5426 4922 5784
3 7204 8988 6296
3 8560 8956 4949
3 1182 2333 480
3 9882 1130 1183
3 8300 6893 3462
3 3002 7400 5947
3 5941 743 4112
3 4556 2230 7436
3 6345 3214 3478
3 4260 3826 9820
3 511 4742 3976
3 7100 8636 2044
3 1139 6863 5263
3 6063 6982 4530
3 2578 4041 1154
3 9048 4322 8636
3 7791 4629 6257
3 2377 3664 7500
3 1282 1044 2343
3 3724 5686 9725
3 1752 5497 567
3 8882 4629 7791
3 4303 139 894
3 8376 1761 7407
3 9241 2025 4547
3 8376 5540 2025
3 9205 5540 8376
3 3727 1718 1762
3 491 3724 9527
3 5772 314 2025
3 9629 6537 4670
3 489 4662 7560
3 6626 1046 4640
3 5769 2975 3418
3 0 3703 4564
3 8333 7626 4237
3 4237 6901 3703
3 7626 9199 2413
3 8389 8505 5637
3 4564 8879 5381
3 4283 144 5337
3 2227 3703 2413
3 3529 5160 9411
3 1782 4166 8022
3 3597 4939 3085
3 2297 6473 5431
3 6145 9400 5470
3 6145 577 3547
3 7645 2965 3478
3 6626 4567 6841
3 5431 6473 3194
3 1046 676 8135
3 5536 4501 5575
3 7425 1002 9722
3 2297 5431 1717
3 3727 2493 9401
3 2118 4984 7243
3 7243 6846 2118
3 4433 1562 2959
3 7903 8619 7372
3 7372 8619 805
3 9627 2803 6620
3 1715 2803 5950
3 4977 8421 4275
3 6896 9476 5950
3 8728 2233 3341
3 4018 2147 6061
3 9294 4021 3201
3 6435 4547 3118
3 8169 9773 811
3 2586 4361 8872
3 2585 9293 3200
3 6435 7836 9241
3 8436 9526 5113
3 3472 5584 1989
3 2906 732 1476
3 843 7675 649
3 238 7339 4670
3 9568 6089 2303
3 8544 9310 787
3 8728 6061 3236
3 3542 6145 5470
3 3597 3085 3542
3 3770 3060 9326
3 3547 577 4670
3 6304 440 8956
3 3959 4540 9423
3 7604 4281 2543
3 478 8604 2353
3 8560 7063 4136
3 5907 4263 8191
3 2118 6846 1121
3 4984 3612 1256
3 2450 445 5442
3 5381 7467 4564
3 3347 1495 3356
3 2965 961 2428
3 6507 356 7203
3 7982 7325 7530
3 1256 4905 7243
3 6202 1197 203
3 6008 6035 5209
3 6539 3899 3952
3 3478 3719 7645
3 4144 1655 7703
3 315 348 6294
3 5614 1256 3612
3 3891 1256 5614
3 1562 6507 5061
3 4088 4263 5907
3 8919 9345 967
3 3712 214 7129
3 4177 6841 6818
3 6825 2471 2785
3 1290 5288 9365
3 7645 3719 2776
3 4640 4567 6626
3 5279 8415 9668
3 9723 2070 3601
3 2694 9374 5250
3 9233 1830 4053
3 478 1667 3099
3 6825 2596 5907
3 203 4958 5211
3 4640 1046 8135
3 3891 4554 4905
3 7364 6050 8345
3 7330 2568 3214
3 4035 5357 6784
3 3547 6473 2297
3 7733 4152 839
3 2518 46 386
3 9283 6507 7203
3 3547 2297 6145
3 2492 5580 4995
3 5470 9400 3597
3 4977 8914 2397
3 1857 6153 4235
3 269 5575 7682
3 7042 8768 2096
3 8619 490 805
3 7100 7559 1139
3 3547 4670 1714
3 2917 950 4845
3 3549 5237 5524
3 7550 7906 9561
3 8477 1572 4836
3 1055 3118 3386
3 238 7044 9742
3 7203 872 7733
3 2025 7836 5772
3 3467 4322 6556
3 7215 1242 356
3 5907 4155 4088
3 8567 8413 9355
3 7675 3599 6096
3 3549 8605 6963
3 5030 7637 7350
3 8817 6089 9568
3 9777 6180 5687
3 8567 6758 843
3 5633 5932 1543
3 5633 8539 2861
3 2373 8059 7843
3 4020 2893 7455
3 2665 2930 1998
3 2233 884 3018
3 5211 2785 203
3 4522 7527 8218
3 7098 9269 2027
3 5849 3279 2368
3 7796 2171 7406
3 5983 7009 9735
3 7466 121 9754
3 2758 3279 3197
3 4949 8956 2476
3 7188 5219 9244
3 5021 8790 6246
3 1194 6245 8509
3 9541 1603 7188
3 5536 6900 2726
3 9650 4772 8883
3 4097 3235 7486
3 9149 3247 3483
3 9676 7280 1204
3 3389 6220 56
3 1183 1451 9754
3 2534 5832 3235
3 0 7790 3703
3 4640 775 2024
3 1002 1960 9096
3 4564 7467 0
3 5248 477 3417
3 2227 5488 6506
3 3588 4691 2368
3 961 2965 7645
3 5209 8879 4752
3 5237 6985 1575
3 3464 8521 9425
3 3357 9483 1998
3 6506 4752 2227
3 5237 3549 6985
3 1362 4026 3375
3 5649 9593 7406
3 4086 4416 5050
3 7457 5240 1822
3 5122 1494 4085
3 9343 8190 3911
3 7010 9149 696
3 5488 8919 3776
3 9369 9481 1961
3 209 8604 6905
3 5717 7737 6203
3 6855 5849 3222
3 5697 9195 1381
3 7032 5024 1557
3 5853 4085 1494
3 4525 5288 1290
3 5433 4522 5512
3 5663 7283 4997
3 4299 2476 8956
3 8135 5225 5801
3 1421 9804 4613
3 9066 1362 9723
3 8614 7786 1639
3 6574 9067 2313
3 2214 8912 440
3 2025 5540 9205
3 9294 7289 4021
3 8555 2894 4021
3 8293 8872 4361
3 9627 6620 9142
3 399 7733 839
3 8881 2218 4628
3 3644 5950 2803
3 3200 4020 6530
3 6494 8872 2020
3 7358 7147 5658
3 5362 1498 6262
3 157 3493 9181
3 3467 3819 7407
3 2219 6573 2955
3 1575 6985 2214
3 7027 5438 1381
3 3819 841 5973
3 5113 3871 4534
3 6486 6537 496
3 3542 3085 7044
3 4670 7339 9629
3 2297 9400 6145
3 8284 3194 3240
3 1717 2090 2297
3 4898 3705 1487
3 6257 8914 7791
3 6787 7973 4927
3 8120 8633 9000
3 9259 8020 8420
3 5819 6216 1638
3 7182 4826 2412
3 2367 5686 4949
3 1029 9669 1996
3 6985 6963 9889
3 5255 6833 4218
3 6454 3178 5501
3 5431 3194 1717
3 1154 2580 6311
3 1476 732 4798
3 6660 6758 8942
3 6167 514 269
3 649 1689 2310
3 6035 23 2886
3 6277 6810 4927
3 6311 2580 1121
3 3214 3601 1601
3 4564 4752 8879
3 1998 924 3357
3 7467 7790 0
3 7636 7176 7601
3 4752 3703 2227
3 1130 9882 2660
3 8065 8216 2479
3 2024 7303 6417
3 4299 9586 9080
3 2024 6417 4677
3 3137 2730 5643
3 7396 1640 4054
3 3719 3478 2568
3 7862 6902 6927
3 6059 8466 9758
3 8621 2471 8191
3 9374 8286 1219
3 5681 2024 8135
3 8221 1483 3144
3 5288 4525 3047
3 8067 3698 7425
3 5612 445 3769
3 8308 2746 7411
3 2531 9180 5250
3 7259 1132 5634
3 474 6893 1455
3 2953 5800 4960
3 5176 7034 2807
3 9543 2707 4963
3 9228 3614 7557
3 6922 6963 7644
3 4833 9722 8323
3 8293 4833 2020
3 4951 2585 3200
3 5284 7688 5237
3 2476 846 4949
3 5030 4155 3356
3 4263 5614 8191
3 477 1451 2471
3 2925 7801 146
3 8464 4912 5575
3 8621 3612 9777
3 5030 4554 4155
3 2554 2795 4136
3 9318 9122 1951
3 1197 6202 5902
3 3254 916 8594
3 4144 2959 8464
3 7703 2707 9543
3 9754 1451 5248
3 1782 8022 6200
3 6651 2479 4484
3 200 994 2020
3 5249 7790 7467
3 7241 8771 6278
3 5433 7527 4522
3 2554 7063 9527
3 7733 5536 239
3 3357 3326 7703
3 1000 7650 2837
3 3346 6810 7636
3 5907 2471 6825
3 9754 121 1183
3 7350 9725 4905
3 2358 5083 9907
3 7684 8358 8788
3 1750 6488 2357
3 6280 813 2944
3 4554 7350 4905
3 5634 4069 7259
3 9883 122 5381
3 4963 9259 7420
3 4912 5061 5575
3 7836 117 5772
3 7947 6653 4033
3 3085 8306 3789
3 957 4035 1267
3 7100 7903 7372
3 3769 9739 1506
3 144 4283 4052
3 2972 6225 1495
3 1729 1269 1805
3 9742 7413 6435
3 1908 3857 5682
3 577 3542 4670
3 7558 4463 4798
3 1762 5581 2493
3 4413 5682 6753
3 4294 7558 732
3 1762 1718 399
3 1080 2428 4960
3 5973 8376 3819
3 8022 8064 6200
3 9048 8636 7100
3 4428 8346 2726
3 8135 775 4640
3 7713 4397 3712
3 9189 2743 4547
3 3455 238 9742
3 7456 9180 1455
3 4052 5160 9728
3 6145 3542 577
3 4417 2098 551
3 4696 579 959
3 1714 3240 6473
3 4413 6486 1908
3 3679 5814 6752
3 3829 3216 5630
3 2743 4391 5174
3 6863 6800 7866
3 6556 4322 9048
3 6294 7343 6271
3 1604 7067 2128
3 1403 4483 4951
3 3143 300 351
3 5575 239 5536
3 5575 9283 239
3 4963 7420 581
3 3478 2965 6345
3 8293 5476 8216
3 6089 8942 9355
3 665 8759 4735
3 726 2351 7769
3 157 4648 3493
3 9096 8372 9722
3 9728 144 4052
3 2856 7259 5304
3 8372 35 7229
3 2893 1565 7455
3 6104 6752 5814
3 8464 2959 4912
3 4672 5416 4962
3 5630 3216 1474
3 6304 4396 2214
3 5189 3698 9524
3 9018 3546 5717
3 4958 3347 2596
3 1926 8541 2727
3 8076 7662 2785
3 6035 9622 8740
3 5209 5381 8879
3 5209 8740 2661
3 9882 5380 2660
3 2661 5381 5209
3 8477 7131 2179
3 967 2782 7951
3 6008 5488 3776
3 3851 5950 3644
3 7806 1452 1805
3 2428 1080 9066
3 8425 9365 2782
3 3825 8540 6190
3 3260 4540 3959
3 9423 4540 3260
3 1655 4166 7527
3 5801 1756 5681
3 2972 3347 4958
3 3144 2930 2665
3 5543 4397 9527
3 7100 2044 8440
3 6626 6841 2092
3 5172 1756 5801
3 7688 5284 1004
3 203 8810 2451
3 4772 9650 9676
3 4686 6202 6349
3 4088 4155 3891
3 4958 2596 5211
3 5907 3347 4155
3 7467 5381 122
3 6671 4130 1823
3 6035 6008 23
3 6506 5488 6008
3 477 2807 3417
3 8790 1983 7170
3 749 4416 4086
3 8026 4708 1982
3 2660 7047 1130
3 1087 9038 4292
3 7527 6289 8020
3 7420 3719 581
3 2471 8621 477
3 2310 7115 3583
3 9483 2665 1998
3 9244 9541 7188
3 7700 904 8883
3 1204 1890 3650
3 8518 7481 5389
3 9459 6123 6589
3 6825 5211 2596
3 2428 961 4960
3 3708 9624 7129
3 2780 1243 5444
3 8078 5504 8368
3 7455 4018 6061
3 3501 712 8067
3 5376 3818 859
3 2479 4459 4484
3 6245 1194 9855
3 4704 7906 890
3 5267 3664 7115
3 6061 8728 1967
3 6922 7644 7643
3 3472 7627 8658
3 2134 6016 2545
3 7643 6894 6922
3 1169 1557 664
3 8090 2430 6982
3 4597 5889 823
3 146 7801 7410
3 5677 6183 5089
3 8956 440 4299
3 7202 1410 6257
3 1004 5284 4396
3 3546 7737 5717
3 5681 5172 2024
3 7902 5536 2726
3 3386 8436 1055
3 5598 6628 6927
3 9742 1055 3455
3 3644 295 3462
3 4670 7044 238
3 1714 6537 4413
3 238 3455 9629
3 3810 8855 9647
3 1350 4408 7841
3 5682 3857 6753
3 3195 8855 4645
3 3493 1579 4275
3 2954 5677 5089
3 1714 4670 6537
3 9899 6214 8214
3 6877 6481 9097
3 9031 8775 6998
3 2081 9311 9120
3 4854 6200 8464
3 6200 8064 8464
3 3504 4268 350
3 3810 4428 8855
3 485 7124 9405
3 9205 8376 5973
3 7995 2123 3113
3 3964 7175 2532
3 8464 5575 269
3 4166 8064 8022
3 2965 9723 6345
3 5895 8540 3825
3 2154 5676 9495
3 2108 9066 1080
3 7902 4501 5536
3 8064 4144 8464
3 2107 5225 8135
3 4463 7558 4294
3 3222 5849 2368
3 4510 3187 6448
3 6151 4308 3810
3 6620 2803 7100
3 7063 8560 9527
3 8155 2986 7042
3 8240 3501 7041
3 3501 8240 8065
3 5997 5856 6650
3 3501 9722 7041
3 4459 2479 8216
3 8216 8065 8240
3 5250 7456 2694
3 2554 4397 7713
3 1403 6061 6922
3 2478 3229 5973
3 6651 5857 1604
3 4547 2025 9205
3 4136 7063 2554
3 6426 9087 5649
3 1478 7124 7406
3 9410 7351 6204
3 5873 3222 8362
3 581 3357 9543
3 1655 8064 4166
3 3622 5823 9801
3 8218 6828 2380
3 3644 3462 474
3 6448 3187 9805
3 8540 2393 7342
3 496 3589 6486
3 9184 8820 5440
3 1908 6486 3589
3 5160 3655 5267
3 8820 9184 6591
3 7725 2987 6150
3 3810 7850 6151
3 8604 7446 2353
3 2803 1715 7559
3 4645 1718 3195
3 6545 8435 8913
3 6900 5536 7733
3 8284 4413 6753
3 214 7637 6225
3 4397 2554 9527
3 4677 6417 3529
3 2108 3982 5800
3 6385 1009 8213
3 4011 7801 2925
3 2953 4960 961
3 2726 8346 732
3 8170 9831 7713
3 2313 3235 1472
3 4155 4554 3891
3 514 4854 269
3 2107 8135 676
3 491 8995 5686
3 4406 8461 4091
3 5614 4263 4088
3 478 3099 6905
3 1451 2785 2471
3 3776 8919 1982
3 2785 1451 8076
3 5114 2451 8810
3 8389 5126 6193
3 8740 5209 6035
3 5218 6315 7707
3 3478 3214 2568
3 4960 5800 1080
3 1106 3065 3362
3 6349 758 6671
3 4854 9477 6828
3 4698 6035 2886
3 1750 9720 9434
3 4898 727 6263
3 5209 4752 6506
3 2618 7867 3494
3 484 4698 2886
3 5446 6826 280
3 1289 2965 2428
3 7951 8919 967
3 4863 2049 8614
3 6701 6263 727
3 581 9543 4963
3 6454 5501 1022
3 7829 7170 1983
3 2518 386 7124
3 7420 9259 8420
3 7129 434 3023
3 2209 8817 4118
3 7500 3664 5350
3 2518 3959 3927
3 1603 5095 7188
3 8338 8420 4054
3 6350 6035 4698
3 2357 8361 1132
3 6828 1782 6200
3 5637 363 5126
3 1130 7047 6349
3 3583 4216 2310
3 1750 1132 9720
3 2643 6826 5446
3 1655 4144 8064
3 9365 1454 1290
3 8096 7399 4295
3 7627 8942 8817
3 7675 843 9508
3 4971 6673 9091
3 2661 9622 6350
3 1495 3347 2972
3 2795 2179 7688
3 2393 5111 7342
3 3347 5907 2596
3 6035 6350 9622
3 1183 121 9882
3 5219 5436 9244
3 4361 2586 4952
3 5997 6650 6894
3 8516 8065 7755
3 6980 8008 7319
3 8490 9649 3501
3 5895 2393 8540
3 5211 6825 2785
3 9772 1232 6123
3 1823 4130 4686
3 8516 7755 8490
3 7678 5301 9801
3 6877 4446 6481
3 5973 841 1505
3 3644 474 3851
3 7407 4322 3467
3 6121 6794 3785
3 3467 6556 4916
3 4416 749 4508
3 9889 3217 6985
3 7485 9317 4869
3 2148 2713 4719
3 4534 3871 7648
3 7700 4772 1204
3 4772 7700 8883
3 5941 3254 4746
3 459 2017 308
3 4413 6537 6486
3 1727 8044 4569
3 9629 9184 496
3 1009 7725 6753
3 9184 7842 551
3 5681 1756 5172
3 6753 9646 8284
3 6591 3589 8820
3 2024 775 8135
3 8996 5240 9783
3 2532 7175 2705
3 2776 4053 1830
3 8995 4949 5686
3 8507 5172 2541
3 2726 6900 4645
3 2688 2906 1476
3 6167 269 7682
3 7902 6167 7682
3 2450 5638 5640
3 6652 4232 8920
3 3529 9411 4677
3 4108 3331 3346
3 3698 2531 5250
3 9647 7850 3810
3 1878 3708 1791
3 4905 1256 3891
3 5250 9180 7456
3 2508 1707 9740
3 4560 6922 6061
3 1604 2479 6651
3 1305 1604 2128
3 1967 3217 9889
3 8216 5476 4459
3 1604 5857 5998
3 940 110 1502
3 8490 3501 8516
3 7637 5030 8301
3 7350 7637 3724
3 8020 1655 7527
3 7456 6893 2694
3 2972 434 6225
3 6963 6985 3549
3 5120 3395 4597
3 6896 474 9476
3 2779 2123 7995
3 181 9326 1546
3 4463 5212 2931
3 9189 3229 2478
3 3113 1485 5307
3 1639 9071 1425
3 4966 7396 8420
3 7129 3023 3708
3 2093 1215 79
3 8294 2267 9421
3 7866 6800 2705
3 4391 7678 1341
3 5263 6556 1139
3 2095 3050 3785
3 6225 7637 8301
3 1029 6307 9669
3 7241 3524 8733
3 8436 1003 9629
3 9801 9189 3622
3 1003 8436 5113
3 8445 4534 1811
3 7536 4183 1172
3 363 5637 8083
3 6153 1857 9184
3 732 2906 4696
3 2179 1572 8477
3 9184 1857 6591
3 9543 3357 7703
3 3857 1908 8287
3 6925 1898 1594
3 6562 9632 5410
3 6167 748 4696
3 6832 6672 3689
3 9646 3194 8284
3 7725 5331 9646
3 1009 8287 8213
3 9646 6753 7725
3 6289 7879 8020
3 5611 3480 3146
3 4975 8965 8083
3 2987 7725 2980
3 6927 6902 4987
3 6202 203 7662
3 9331 5195 4898
3 3810 8346 4428
3 4054 8938 8338
3 7197 7477 1870
3 8673 2311 1422
3 3558 2072 2925
3 5598 4987 4846
3 7396 4966 1640
3 6190 8540 5160
3 5998 7067 1604
3 1572 2554 7713
3 5837 8295 5800
3 7303 2024 5172
3 8296 7936 2345
3 8135 5801 5681
3 4677 9411 2302
3 8824 7197 5433
3 1103 5273 961
3 5028 4455 3913
3 2953 1138 5837
3 3719 7420 8938
3 2465 2398 5120
3 2890 650 1356
3 6307 1795 7416
3 2484 8055 8563
3 3574 9154 9182
3 8217 6794 7288
3 7129 8170 3712
3 7637 3712 5543
3 3070 5534 5089
3 1572 2795 2554
3 8771 7241 9261
3 409 3689 484
3 5973 1505 5823
3 3070 2328 7191
3 8073 1265 3938
3 6481 8120 9000
3 327 3826 4260
3 3229 9205 5973
3 8938 4053 2776
3 8712 116 2928
3 6029 2916 1996
3 3546 3216 9377
3 2726 4645 4428
3 3356 4155 3347
3 4118 98 2209
3 1495 8301 3356
3 4966 943 1870
3 5433 7197 943
3 732 7902 2726
3 1870 7477 4966
3 8382 7197 8824
3 8810 1197 5114
3 5350 260 7500
3 8231 8782 2931
3 1791 7602 1878
3 8420 8020 7879
3 8820 3589 5440
3 6591 1857 8287
3 5440 3589 496
3 7842 8445 4417
3 9622 2661 8740
3 7602 7989 4888
3 496 6537 9629
3 5682 4413 1908
3 4428 4645 8855
3 1527 1892 3173
3 9647 5332 6151
3 3517 6562 5773
3 6999 5798 2546
3 5126 6832 409
3 9632 5387 3914
3 3694 4118 4216
3 9476 474 9180
3 8213 8287 1857
3 484 2886 4708
3 4463 2688 4798
3 6905 3099 9588
3 484 5126 409
3 5288 1982 9365
3 7682 5575 7902
3 2688 1476 4798
3 23 3776 1982
3 4708 23 1982
3 5801 8097 5172
3 2468 5028 5454
3 6828 4166 1782
3 1389 6417 3913
3 660 9581 384
3 1982 7951 9365
3 4613 5643 1421
3 2345 8192 8097
3 9072 7785 2545
3 7755 2479 1604
3 1228 2128 2201
3 3063 1228 2201
3 9722 4833 8293
3 4648 4535 1579
3 2508 4712 1707
3 8065 2479 7755
3 6963 6922 9889
3 3018 4732 5718
3 7607 3341 3018
3 9365 8425 8080
3 7421 4238 8039
3 7321 3178 2452
3 2813 4874 3223
3 2143 2284 3968
3 5263 6863 6112
3 3400 6148 806
3 1228 8490 1305
3 6657 8996 6285
3 8436 3386 5174
3 5174 4391 2198
3 8436 3455 1055
3 5113 9526 5174
3 6164 334 6754
3 8287 1908 3589
3 7288 7741 8495
3 4003 7693 6562
3 8182 7073 2098
3 6753 3857 1009
3 3240 1714 4413
3 3070 9410 8089
3 9184 5440 496
3 9441 6629 154
3 3309 3702 1632
3 9632 5574 4139
3 4414 2987 2980
3 2478 5973 3622
3 6214 8138 5629
3 4944 8294 4679
3 8938 7420 8338
3 8398 8942 7627
3 1604 1305 8490
3 3501 8065 8516
3 2127 6894 5504
3 8078 2200 2127
3 665 9568 2303
3 5950 3851 6896
3 5950 9476 1954
3 2803 9627 3644
3 9328 5111 1916
3 2507 5504 3244
3 3400 712 9649
3 2079 1955 6784
3 8632 547 3472
3 7283 2328 3070
3 850 96 1307
3 1004 4136 7688
3 4696 748 7902
3 4396 5284 1575
3 2351 2917 2406
3 4560 1967 9889
3 9377 9667 3546
3 2451 4958 203
3 8768 2986 7758
3 4456 2724 4814
3 973 7493 4130
3 4053 4054 1640
3 3356 8301 5030
3 3264 2296 9118
3 9154 3574 4888
3 5114 1197 1538
3 2776 3719 8938
3 386 4895 601
3 4130 6202 4686
3 8076 1451 1130
3 759 4698 3689
3 5512 6579 5433
3 6671 1823 6349
3 6350 7048 2661
3 5960 3453 5126
3 7142 4045 1546
3 6225 8301 1495
3 1227 5812 3955
3 8026 8505 8389
3 8788 8505 7684
3 363 8965 5126
3 1623 4835 2352
3 5543 3712 4397
3 4136 1004 8560
3 9339 6018 4387
3 5311 131 1995
3 5837 1138 1709
3 6657 1822 8996
3 2972 4958 2451
3 4557 5512 2084
3 5950 1954 5917
3 7131 9028 6169
3 1505 4916 1112
3 7559 1715 2532
3 4321 2066 7481
3 712 806 8067
3 9189 2478 3622
3 7242 2798 6479
3 5095 5560 7188
3 2705 3695 96
3 1267 2106 957
3 1139 6556 9048
3 6651 4484 1404
3 2679 9740 1707
3 3400 9649 1228
3 8067 9722 3501
3 5504 6894 7643
3 6863 1139 7559
3 6151 7850 9647
3 1954 9476 7389
3 943 4966 6289
3 2988 8681 2546
3 2589 9460 7763
3 1822 6657 1103
3 2296 3972 9118
3 7902 748 6167
3 7377 6828 9477
3 386 3279 4895
3 4456 3155 9662
3 3060 959 579
3 5801 5225 2107
3 973 6671 6831
3 9527 3724 7637
3 5267 6777 5160
3 1239 1103 2776
3 1575 2214 4396
3 9124 579 4696
3 1709 6610 6285
3 5705 7454 2222
3 6622 7989 1791
3 8518 5095 1603
3 7242 904 7680
3 6479 4719 5095
3 7513 7622 9330
3 4247 1481 8402
3 961 2776 1103
3 8402 1481 8457
3 6479 2798 4719
3 843 8988 7204
3 4053 8039 9233
3 5080 2545 8613
3 9568 4118 8817
3 3655 5160 8540
3 6203 3558 5717
3 7741 7288 6121
3 6701 2452 4213
3 4212 1323 5229
3 1389 4455 5028
3 1640 4966 7477
3 305 7968 9426
3 9477 3770 4429
3 8810 203 1197
3 959 3060 3770
3 2302 9411 9008
3 1009 3857 8287
3 6073 3995 4992
3 434 2972 5114
3 8965 4091 5126
3 667 3517 7073
3 6671 7463 4130
3 8287 3589 6591
3 9533 6385 8213
3 5959 9666 3452
3 8735 9154 7884
3 6706 3173 5742
3 8097 8192 2541
3 6570 3209 3726
3 4091 5311 1995
3 89 6392 323
3 2980 7725 6385
3 759 6350 4698
3 7684 8505 8026
3 9905 4240 5106
3 2994 3983 9880
3 6562 7693 7250
3 6193 4708 8026
3 1364 1053 7282
3 1709 1138 2953
3 6999 6329 4463
3 2075 105 5412
3 8855 3195 9647
3 2988 4308 6151
3 9326 4429 3770
3 8265 7857 1126
3 8331 3984 3741
3 7115 2065 3583
3 4836 7288 8477
3 7536 146 8307
3 3504 350 816
3 3964 1715 693
3 4916 6556 5263
3 5504 5409 3863
3 8218 2380 4522
3 2128 7067 5998
3 8490 7755 1604
3 2724 4456 6579
3 2128 1228 1305
3 5512 4557 6579
3 9831 8170 9624
3 7616 4374 625
3 1538 3023 5114
3 3364 460 1684
3 1822 1830 9233
3 1243 9687 5444
3 3993 6112 7866
3 7791 8544 8882
3 8461 4439 4271
3 6577 3673 5013
3 2313 9067 3235
3 4294 4308 4463
3 4819 1314 4048
3 6927 6628 5089
3 9588 3099 9410
3 9524 2079 9111
3 9801 2743 9189
3 2925 8488 3289
3 5114 2972 2451
3 8308 3113 5307
3 4130 5902 6202
3 6159 4942 5418
3 8098 8803 6718
3 5189 2531 3698
3 2351 2406 7769
3 1004 4396 6304
3 3023 434 5114
3 3708 1878 9624
3 3712 7637 214
3 9829 2198 4728
3 973 7463 6671
3 1823 4686 6349
3 6088 3882 2938
3 3825 6190 5454
3 973 9666 7493
3 3452 9666 973
3 484 6193 5126
3 579 7142 9326
3 959 9477 514
3 3517 667 4003
3 8389 6193 8026
3 5637 8505 8083
3 8420 8338 7420
3 5237 1575 5284
3 952 1572 7713
3 3773 1402 8182
3 6828 6200 4854
3 7416 9228 9669
3 1931 6385 9533
3 4457 4387 9831
3 1097 8358 3047
3 3047 7684 1982
3 551 2098 6153
3 3655 8540 7342
3 5028 2299 3825
3 2170 3215 8981
3 5057 4183 1484
3 3913 6417 7303
3 5574 7414 9031
3 2980 6385 1931
3 5387 9632 7250
3 8770 3573 4334
3 4308 4294 3810
3 9842 2498 541
3 3913 8507 3741
3 3914 7414 9632
3 5801 8296 8097
3 4696 4946 9124
3 2541 8192 2345
3 5288 3047 1982
3 9900 801 4631
3 6447 9907 2916
3 1709 6285 8295
3 8996 281 6285
3 961 5874 2953
3 2688 4463 2931
3 181 1546 5201
3 8382 8824 3861
3 9259 2707 1655
3 4888 4387 4457
3 7129 214 434
3 3466 7989 3128
3 4292 8334 1087
3 5703 7551 1538
3 7605 5703 7493
3 4966 7879 6289
3 2179 2795 1572
3 7605 7551 5703
3 3452 973 6831
3 3758 5360 1847
3 5676 2154 4183
3 2906 9612 4946
3 5126 4091 5960
3 6672 759 3689
3 1830 1239 2776
3 8478 2717 3364
3 5902 5703 1197
3 6285 281 8295
3 4054 4053 8938
3 409 6832 3689
3 5779 7692 4085
3 4271 5311 8461
3 4429 7377 9477
3 2377 2209 98
3 1579 9310 4275
3 8026 1982 7684
3 8083 8965 363
3 9038 6271 4292
3 1003 7842 9629
3 3530 8324 3790
3 4916 1505 3467
3 9629 3455 8436
3 9056 9829 4728
3 9355 8942 6758
3 9820 1827 807
3 2098 7073 4235
3 9118 8466 9058
3 4657 8098 1707
3 4674 1567 4441
3 3890 4412 1452
3 693 5950 5917
3 6570 3726 5724
3 1228 3063 2679
3 9740 2679 3063
3 6148 3577 806
3 5078 3863 1310
3 3762 8368 5504
3 1228 2679 3400
3 1811 690 1042
3 5917 1954 6784
3 2468 6190 5160
3 1335 4727 460
3 6784 1954 7389
3 9477 4854 514
3 1211 4065 7656
3 1042 9785 3697
3 4395 4638 439
3 4065 8320 4688
3 5668 7263 7393
3 8213 1857 5773
3 3517 5773 4235
3 5773 1857 4235
3 2546 4308 2988
3 3314 75 1191
3 7725 1009 6385
3 9524 8067 3577
3 7131 6169 5524
3 2717 1335 460
3 5250 7425 3698
3 6579 4557 2724
3 6148 3400 1707
3 9154 3466 7884
3 5851 5087 2762
3 3914 5039 5734
3 5116 2221 4638
3 9369 1494 5122
3 1524 2095 9802
3 8097 2541 5172
3 4139 5574 4414
3 418 2804 3246
3 1967 8728 3341
3 2345 8097 8296
3 7616 625 9900
3 3220 771 8196
3 9476 9180 7389
3 2368 4691 3222
3 125 9671 260
3 3763 3063 2201
3 3260 3959 2518
3 2953 5874 1709
3 5370 5111 9328
3 9649 8490 1228
3 2705 6800 2532
3 142 7175 3964
3 9524 3698 8067
3 4656 4711 3244
3 6894 1403 6922
3 2397 8914 9681
3 9524 3577 6718
3 142 3695 7175
3 1307 4618 194
3 975 3023 1538
3 8172 9459 7454
3 5245 3050 3516
3 6248 9793 1368
3 8495 8318 6169
3 975 3708 3023
3 7551 975 1538
3 1053 4491 7457
3 943 6289 5433
3 7551 7605 6622
3 6610 1709 961
3 4569 1191 2261
3 2316 6814 7756
3 648 2392 657
3 7481 8518 1603
3 3574 4387 4888
3 4954 4331 4029
3 1811 4534 7648
3 1402 2647 8182
3 9676 1204 4772
3 9831 952 7713
3 1003 5113 4534
3 551 6153 9184
3 1791 975 7551
3 6622 1791 7551
3 2987 4414 6998
3 9312 3707 9487
3 3128 4920 7690
3 5837 5800 2953
3 4235 6153 2098
3 7124 485 4530
3 6999 8681 2988
3 9091 8509 2258
3 2980 1931 4414
3 7250 6629 5106
3 6574 3255 2208
3 9326 181 4429
3 8083 8788 8358
3 667 7073 2647
3 2545 5080 2134
3 4414 1931 4139
3 9533 5773 6562
3 4463 4308 2546
3 2546 8681 6999
3 7493 5902 4130
3 7605 7493 9666
3 9311 2081 874
3 5126 8389 5637
3 4294 8346 3810
3 3913 7303 8507
3 2601 2488 782
3 1097 6845 4975
3 2084 7377 2724
3 2392 5389 657
3 4869 1854 9677
3 1194 8509 9091
3 4814 2724 181
3 514 6167 4696
3 4086 4401 749
3 4508 8456 4416
3 1853 7280 9676
3 8295 281 7935
3 2874 2080 7026
3 727 2452 6701
3 4045 4520 2924
3 4696 959 514
3 2345 1990 8331
3 3145 9097 6481
3 4946 4696 2906
3 1610 6607 8539
3 5376 1176 422
3 4292 6271 4435
3 912 1267 4412
3 579 9124 7103
3 816 2219 8544
3 4574 5409 5504
3 2200 8078 8368
3 2127 5504 8078
3 2507 3762 5504
3 7163 2960 3863
3 1707 4712 4657
3 1955 3149 1729
3 6348 9614 9343
3 8735 8794 9182
3 8095 5360 9058
3 3577 8067 806
3 1524 9802 7734
3 4728 2198 5264
3 4023 2455 3758
3 1067 2296 3264
3 2688 2931 9612
3 5322 4605 5201
3 2534 3247 5796
3 3377 6545 8913
3 2320 6309 5375
3 4920 2316 7756
3 1839 3055 4946
3 3863 5409 1310
3 8231 4463 3082
3 4387 6018 9831
3 6894 6650 1403
3 181 7377 4429
3 899 9757 1382
3 6927 4987 5598
3 1791 3708 975
3 9149 7010 3247
3 5174 9829 7899
3 4888 1878 7602
3 3871 5113 9056
3 8877 952 9831
3 4534 8445 7842
3 8507 7303 5172
3 950 2712 6212
3 7741 2780 8318
3 203 2785 7662
3 2600 233 1708
3 5201 4605 4814
3 787 1579 4535
3 5783 4921 6485
3 8563 8370 8700
3 3689 4698 484
3 5786 5438 1587
3 4406 3423 6845
3 7101 459 1243
3 7421 7457 5285
3 5773 9533 8213
3 5322 4456 4814
3 7644 8605 4574
3 8965 4975 3423
3 1011 4065 4688
3 2647 3024 667
3 8158 5948 7038
3 5703 5902 7493
3 706 2111 4395
3 4235 7073 3517
3 5784 4556 283
3 3099 3675 4997
3 3729 6787 613
3 1709 5874 961
3 3124 7789 3607
3 9903 2754 1690
3 8083 8505 8788
3 7338 7117 9175
3 7250 9632 6562
3 6725 8138 979
3 2861 2081 9120
3 8358 7684 3047
3 9632 1931 5410
3 4139 1931 9632
3 7990 9905 755
3 6748 1909 5426
3 4395 8775 9031
3 6998 8775 6328
3 5800 3982 1080
3 3558 8904 3289
3 2643 6077 7601
3 5574 9632 7414
3 8331 1990 8370
3 8039 1447 9433
3 4618 4412 194
3 6169 8318 5524
3 2781 8197 8217
3 5528 5081 2049
3 5240 4491 9783
3 6216 4862 1638
3 8614 1639 4863
3 2643 3923 280
3 6262 1498 947
3 4213 6263 6701
3 8334 1446 4648
3 5362 4212 5229
3 6289 7527 5433
3 3012 3942 6886
3 2084 2380 7377
3 8495 6169 9028
3 1042 1402 3773
3 2084 2724 4557
3 8310 9662 3155
3 3244 3863 4656
3 8098 1102 5384
3 3573 3024 2647
3 2647 7378 3573
3 9624 1878 4888
3 6784 7389 9111
3 1884 5433 4456
3 266 1401 8551
3 5734 7414 3914
3 6998 4414 5574
3 7393 7263 439
3 7713 3712 8170
3 9395 6087 1440
3 8120 7678 1112
3 4463 4307 7264
3 2931 1839 9612
3 3914 5387 4240
3 526 4022 4240
3 6308 4530 2246
3 9031 6998 5574
3 2961 940 4657
3 4183 5057 5676
3 7338 5279 9339
3 6808 547 8632
3 7345 7363 7943
3 4130 7463 973
3 5703 1538 1197
3 4631 6063 18
3 9326 3060 579
3 4516 6149 6079
3 5512 4522 2380
3 5950 693 1715
3 912 2106 1267
3 3289 7503 2739
3 8876 6868 9098
3 6079 6149 2648
3 9139 9498 8819
3 3047 6586 1097
3 2106 912 142
3 4091 8965 3423
3 6303 1485 2779
3 2229 8166 1858
3 8295 5837 1709
3 6845 4439 8461
3 1097 4439 6845
3 3529 6417 1389
3 3984 7504 8273
3 6610 5273 1103
3 4773 5895 2840
3 3070 8089 7283
3 9253 7173 5573
3 4810 1460 5493
3 9783 4491 6909
3 9150 2710 9214
3 2485 6884 281
3 8996 8176 281
3 9782 3177 8055
3 4975 8083 8358
3 7187 2703 7695
3 7103 7878 4520
3 890 7906 1570
3 5289 1172 4183
3 6885 1990 2345
3 1286 5191 2204
3 4053 1640 7477
3 5864 418 9783
3 5081 8614 2049
3 3863 6666 7163
3 6718 8803 5384
3 806 712 3400
3 1707 3400 2679
3 3262 9405 1478
3 7406 7124 601
3 3501 9649 712
3 6718 3149 1955
3 6284 4418 6746
3 8039 4053 7477
3 3149 5384 1502
3 3630 9706 2400
3 5731 9124 3055
3 5 5191 4318
3 6191 7944 5421
3 1447 3861 507
3 1870 943 7197
3 2724 7377 181
3 8368 3762 2200
3 5106 6629 9441
3 8775 7263 4306
3 6784 9111 2079
3 4798 732 7558
3 115 3081 6759
3 2546 5798 4463
3 6981 5497 3315
3 6800 7559 2532
3 6863 7559 6800
3 8120 6481 7678
3 2036 6149 130
3 2648 4243 9498
3 9154 7989 3466
3 9831 9624 4457
3 6050 7829 1983
3 5823 3622 5973
3 4481 6144 8535
3 5028 3913 9688
3 9091 2258 4971
3 7989 6622 7605
3 4971 7171 6241
3 657 5389 5719
3 2780 4748 8318
3 5719 4321 5552
3 1584 8998 1341
3 5999 6890 6308
3 961 5273 6610
3 7878 7103 9124
3 5 9170 6022
3 4457 9624 4888
3 4534 7842 1003
3 1243 5245 7101
3 3386 3118 2743
3 9056 7899 9829
3 9666 5959 4090
3 130 6149 4516
3 8656 3279 46
3 9118 8552 9758
3 551 7842 4417
3 2079 9524 6718
3 7829 6050 8520
3 4091 3423 4406
3 6278 6447 8256
3 3984 8331 5359
3 7105 5359 8055
3 667 3024 4003
3 9441 9905 5106
3 3741 2541 8331
3 5042 8217 1101
3 8509 6245 7171
3 3055 6022 5731
3 3770 9477 959
3 7481 5719 5389
3 4391 2743 5301
3 1402 9136 7378
3 904 7242 2392
3 1112 3993 8120
3 2098 4417 8445
3 5669 4463 7264
3 6381 8871 1929
3 6759 5483 115
3 6328 8775 4306
3 5834 2536 1440
3 1042 3773 1811
3 6629 7693 4003
3 3024 154 4003
3 5410 1931 9533
3 3024 3573 154
3 7389 5189 9111
3 3863 5078 6666
3 8098 6148 1707
3 5444 8605 4748
3 5410 9533 6562
3 5734 5039 4395
3 8098 3577 6148
3 4711 2507 3244
3 7700 2798 7680
3 9612 2906 2688
3 6718 1955 2079
3 850 2705 96
3 3695 4618 1307
3 6022 8782 5
3 3695 2705 7175
3 6018 8197 8877
3 7288 8495 9028
3 7173 3988 5573
3 4574 7643 7644
3 9719 4183 7536
3 7734 3167 1524
3 8488 1172 5289
3 8318 3549 5524
3 5076 7679 5905
3 7690 3466 3128
3 7605 3128 7989
3 4814 4605 5322
3 6079 5223 4516
3 2397 8421 4977
3 665 2310 4216
3 5454 5028 3825
3 7129 9624 8170
3 3741 8507 2541
3 5433 6579 4456
3 9507 9900 4029
3 281 8176 9783
3 2266 7105 1771
3 8370 1990 6885
3 2380 2084 5512
3 7602 1791 7989
3 2316 4920 3128
3 732 8346 4294
3 9657 7451 4517
3 8824 5433 1884
3 8884 2036 3607
3 1412 3790 8850
3 5646 8090 6982
3 3047 6197 6586
3 4975 8358 1097
3 3774 8232 4011
3 469 5295 9512
3 507 1699 1447
3 5446 2619 2643
3 9339 7172 7338
3 3768 5311 1412
3 7115 6777 5267
3 1757 9778 233
3 4544 2938 3882
3 9328 5835 5350
3 6604 4787 1027
3 6586 6197 3530
3 280 3454 7471
3 5160 4052 9411
3 649 4735 8567
3 7878 4544 4520
3 4054 8420 7396
3 2955 6573 816
3 4535 4200 3504
3 2302 2024 4677
3 9783 2485 281
3 2339 8039 2895
3 2380 6828 7377
3 9688 3741 3984
3 6565 5947 7411
3 6666 5078 109
3 54 7470 4807
3 9688 8273 8230
3 8370 5359 8331
3 7935 281 6884
3 6688 7258 5323
3 4657 1102 8098
3 7438 3230 3149
3 9111 5189 9524
3 9740 3763 2508
3 5384 3149 6718
3 6657 6610 1103
3 157 9038 1087
3 7250 4240 5387
3 2532 1715 3964
3 2536 2848 4762
3 7457 5338 1053
3 6329 4307 4463
3 6401 5483 6759
3 4463 5798 6999
3 5344 3082 89
3 2040 1269 1729
3 4638 4395 2111
3 9031 5734 4395
3 6968 4820 2955
3 9858 1708 7597
3 8782 323 3338
3 8318 4748 3549
3 5444 4748 2780
3 7741 1243 2780
3 2310 5608 90
3 4118 3694 98
3 3635 350 4268
3 179 9146 8657
3 3861 8039 8382
3 147 7906 7550
3 2805 3181 7454
3 8877 8197 2781
3 3785 9802 2095
3 601 4895 3045
3 5360 1016 9058
3 3055 9124 4946
3 3882 1757 2924
3 5524 5237 7131
3 3861 8824 5767
3 7648 9056 690
3 1572 952 4836
3 7842 9184 9629
3 9028 7131 8477
3 9146 4832 1265
3 9842 5421 2498
3 228 427 9312
3 5262 4630 7228
3 3573 7378 4334
3 4003 6562 3517
3 6629 4003 154
3 7250 7693 6629
3 5106 4240 7250
3 9233 5285 1822
3 7454 6516 2805
3 4369 6786 2720
3 9783 8176 8996
3 5028 6423 5855
3 5855 5895 3825
3 1546 9326 7142
3 5201 4814 181
3 4520 4045 7103
3 8850 8324 3976
3 2924 5322 6954
3 3218 8168 4279
3 49 601 9160
3 8461 4406 6845
3 4439 1097 6586
3 9658 4518 2053
3 3850 8104 4394
3 3128 5223 9139
3 9233 4238 5285
3 5767 8824 1884
3 5322 5201 6954
3 7878 9124 5731
3 8413 6089 9355
3 4631 18 9900
3 8417 5233 8627
3 6954 4045 2924
3 1239 1830 1822
3 6294 1288 7343
3 5584 8324 6197
3 8413 8759 665
3 9666 4516 7605
3 9182 9154 8735
3 6845 3423 4975
3 1502 7438 3149
3 2017 4574 308
3 8605 3549 4748
3 1502 953 7438
3 7438 953 2040
3 109 2960 7163
3 3863 3244 5504
3 7597 5379 631
3 9831 6018 8877
3 1310 5323 1258
3 6786 7756 6814
3 5357 957 5917
3 308 9687 459
3 9182 9339 3574
3 3861 1447 8039
3 4832 3442 1265
3 8819 6786 6814
3 7690 7884 3466
3 3128 7605 4516
3 8633 850 1307
3 8120 3993 8633
3 5223 9498 9139
3 3993 7866 8633
3 957 693 5917
3 4035 957 5357
3 3964 2106 142
3 8730 6280 7867
3 1267 4035 4412
3 1955 4035 6784
3 1281 585 1907
3 8168 4369 4279
3 1481 4247 3587
3 9120 5932 2861
3 142 912 4618
3 8819 6108 730
3 2534 3483 3247
3 8318 8495 7741
3 3695 142 4618
3 957 3964 693
3 3118 1055 6435
3 5174 7899 5113
3 9056 5113 7899
3 1983 5256 8345
3 9748 1970 9232
3 541 9838 2895
3 3070 5677 4048
3 7481 2066 5719
3 4271 4439 3530
3 4516 9666 4090
3 5719 2066 4321
3 2840 783 4773
3 9541 9244 6189
3 3587 4247 9489
3 9688 3913 3741
3 5311 4271 6765
3 9658 116 8712
3 3790 5311 6765
3 3790 8324 8850
3 9588 9410 1369
3 9170 8698 6022
3 8850 3125 1412
3 4134 5528 3814
3 4862 6216 1487
3 6189 4321 7403
3 8504 4334 7378
3 8770 4334 9487
3 541 5904 6588
3 1150 9905 9441
3 7990 526 4240
3 526 2848 5834
3 2392 7242 8518
3 1276 727 6216
3 802 4575 6470
3 1150 9441 154
3 3914 4022 706
3 5651 5904 2853
3 5705 4247 8402
3 572 2192 7345
3 7288 4836 8217
3 507 3850 4394
3 1779 4178 9261
3 4298 7359 8309
3 8099 9129 9299
3 7103 7142 579
3 114 1434 736
3 2716 7990 755
3 4638 9285 6759
3 708 5890 401
3 1546 4045 6954
3 8331 2541 2345
3 8055 1771 7105
3 2484 8563 8700
3 4394 8104 9858
3 6495 7504 3984
3 5174 9526 8436
3 6380 7221 4246
3 49 7406 601
3 5552 4321 6189
3 154 3573 8770
3 2728 8309 3259
3 4946 9612 1839
3 4443 9905 1150
3 115 6401 3751
3 5826 8733 3524
3 9175 8374 1894
3 8782 3338 5191
3 4035 1729 4412
3 7359 7221 4362
3 5384 1102 4657
3 7263 8775 439
3 1029 5638 2450
3 5734 9031 7414
3 1805 1269 2040
3 2960 109 939
3 2111 4362 5116
3 8609 228 9136
3 1042 690 9785
3 9131 7696 7122
3 8158 4083 1532
3 2720 2217 4279
3 2600 3155 2924
3 2398 7318 1706
3 7974 4726 985
3 8168 8794 7756
3 726 5074 713
3 2316 3128 9139
3 3694 3583 4729
3 4985 9500 8841
3 7079 9715 2458
3 3055 8782 6022
3 6463 5314 5579
3 1996 9228 6029
3 1708 9858 2600
3 4704 9561 7906
3 4456 9662 1884
3 557 985 9752
3 9662 8310 1884
3 1639 1425 9854
3 9071 9379 1425
3 8672 6019 5260
3 4112 5080 5529
3 4311 4851 4135
3 3009 7150 4803
3 9433 2895 8039
3 5195 1106 3813
3 1994 130 4516
3 7477 7197 8382
3 8104 1884 8310
3 2891 9472 3682
3 9802 8217 7734
3 6909 4491 1053
3 7690 4920 8735
3 2924 3155 5322
3 2924 4520 4544
3 4836 952 8877
3 2890 911 3502
3 5767 8104 3850
3 6796 6640 3836
3 9139 8819 2316
3 6786 4369 3939
3 4656 3863 2960
3 3785 6794 9802
3 4135 1724 5026
3 7806 953 6662
3 9778 8075 7524
3 9488 2442 5207
3 4279 7979 7117
3 850 7866 2705
3 9561 7328 7550
3 3472 547 5127
3 4238 7421 5285
3 5359 6495 3984
3 8197 6018 9339
3 2779 1485 3113
3 7288 6794 6121
3 5989 2266 7281
3 3216 3803 1827
3 507 3861 5767
3 4742 3125 3976
3 3113 2123 2779
3 4238 9233 8039
3 1989 7627 3472
3 9170 6088 8698
3 8039 2339 7421
3 2067 4390 1000
3 5890 9488 6226
3 6037 1066 8229
3 1729 4035 1955
3 109 7163 6666
3 7588 105 2075
3 1805 2040 953
3 690 9056 4728
3 110 953 1502
3 5444 9687 4574
3 2672 1922 4900
3 8099 5178 1724
3 1811 7648 690
3 154 8770 1150
3 8182 8445 3773
3 8182 2098 8445
3 2860 9145 2970
3 1021 1512 6239
3 3773 8445 1811
3 2278 755 1804
3 3707 5664 9487
3 9700 2362 4827
3 8075 1757 1561
3 706 2728 3259
3 5322 3155 4456
3 89 3082 3752
3 2221 9285 4638
3 5315 2909 6380
3 9028 8477 7288
3 2221 6401 6759
3 2319 4354 4828
3 6121 3050 5245
3 4240 9905 7990
3 5767 1884 8104
3 5640 1706 7318
3 4920 8794 8735
3 5160 3529 2468
3 7411 916 1399
3 4318 5191 1286
3 4696 7902 732
3 7131 7688 2179
3 8633 7866 850
3 5279 8197 9339
3 5223 3128 4516
3 9498 5223 6079
3 1708 233 9778
3 730 2217 2720
3 3913 4455 1389
3 5338 7457 2339
3 511 5584 5127
3 103 3610 4667
3 5792 2625 7789
3 2339 7457 7421
3 5311 3790 1412
3 899 5372 1076
3 2408 7387 5792
3 990 1918 8468
3 3790 6765 3530
3 8324 3530 6197
3 3530 4439 6586
3 2218 2954 5598
3 328 9146 3288
3 8230 5028 9688
3 3246 9213 418
3 4888 7989 9154
3 9802 6794 8217
3 9509 6288 9833
3 3218 9182 8168
3 3825 2299 5855
3 5379 7524 6284
3 6303 6898 1485
3 5111 5370 5267
3 8700 6885 2484
3 6525 5735 1212
3 546 7619 5207
3 4049 4445 103
3 2217 8161 7979
3 168 5864 6909
3 2810 9222 9407
3 3647 1066 6037
3 4394 6191 507
3 1894 5279 7338
3 6954 5201 1546
3 7228 4630 427
3 601 3181 9160
3 7115 90 9434
3 5663 8107 7862
3 3493 9805 9181
3 8090 3769 1282
3 6755 7738 4376
3 9667 9377 327
3 8650 5074 726
3 511 9455 4742
3 870 3999 2805
3 7995 8308 7411
3 9595 5077 4286
3 8310 3155 2600
3 6108 7387 941
3 3939 7756 6786
3 7756 8794 4920
3 9838 7282 2339
3 4279 7117 3218
3 7172 9182 3218
3 5323 1310 2017
3 8089 9410 3099
3 2931 5212 8231
3 2804 3971 3246
3 7342 5111 3655
3 7805 6661 9432
3 8698 4544 7878
3 953 110 6662
3 4287 8685 9594
3 1532 2048 8158
3 5454 6190 2468
3 8735 7884 7690
3 981 9232 3609
3 6195 4651 2048
3 2089 9446 4445
3 1804 5065 2278
3 5311 3768 131
3 2040 3230 7438
3 4842 9328 1916
3 706 4395 3914
3 2872 5026 6343
3 5116 4638 2111
3 8415 1649 9668
3 526 7990 2716
3 116 9658 6120
3 4243 8884 3607
3 3976 8324 511
3 3767 2036 130
3 1117 3442 3104
3 3259 8309 7359
3 4742 2053 3125
3 4045 7142 7103
3 6759 9285 2221
3 1994 4516 4090
3 4667 4049 103
3 7968 2088 9426
3 2225 2588 2088
3 7359 4298 9288
3 706 4022 2728
3 5864 3615 6909
3 2728 4022 526
3 4362 2909 2221
3 6401 2221 2909
3 3081 5668 7393
3 5379 1708 4187
3 9658 2053 9455
3 7281 828 3878
3 783 7345 7943
3 8370 8563 8055
3 6765 4271 3530
3 8398 4525 6660
3 7932 88 641
3 401 757 6423
3 6392 9287 5153
3 4412 4618 912
3 8055 5359 8370
3 5207 2442 7105
3 5266 2095 5162
3 8030 4412 3890
3 4446 9290 7678
3 9778 1757 8075
3 2924 4544 3882
3 2781 4836 8877
3 8413 2303 6089
3 6285 6610 6657
3 5749 9145 5129
3 5379 6284 631
3 7828 8167 6241
3 6191 1699 507
3 9487 4443 1150
3 1243 7741 5245
3 5504 7643 4574
3 3914 4240 4022
3 2716 2848 526
3 4395 5039 3914
3 4298 8309 2728
3 9098 6405 8876
3 9829 5174 2198
3 2221 5116 4362
3 6759 7393 4638
3 3751 6401 641
3 7399 7707 5748
3 5362 5229 7241
3 2382 6542 9110
3 5344 89 323
3 115 5483 6401
3 1899 8438 4579
3 9432 6661 2502
3 940 5384 4657
3 9339 4387 3574
3 1649 1524 9668
3 520 5367 6746
3 7648 3871 9056
3 947 5408 6262
3 4530 3260 7124
3 7073 8182 2647
3 7526 797 5367
3 9182 8794 8168
3 1894 3836 8722
3 8231 5212 4463
3 3964 957 2106
3 5050 657 5552
3 8158 3707 4083
3 8066 5050 4416
3 7378 2647 1402
3 9312 8504 228
3 6750 5704 904
3 8698 7878 5731
3 216 7606 9379
3 3939 4369 8168
3 4247 6751 9489
3 1310 2502 5078
3 6121 3785 3050
3 8345 7446 8604
3 2720 6786 730
3 7932 1407 6391
3 6119 3146 3614
3 7644 6963 8605
3 6188 9091 6673
3 7387 2408 6647
3 3437 2937 730
3 5670 7656 6843
3 9405 3262 1946
3 9842 2895 9433
3 4644 2937 3437
3 5240 8996 1822
3 6575 4393 3621
3 7944 2498 5421
3 5370 3664 5267
3 8698 6088 2938
3 4091 8461 5311
3 742 6551 2703
3 8884 6149 2036
3 708 7504 5890
3 4184 9222 6647
3 3125 8850 3976
3 2266 9509 7281
3 2452 3178 4213
3 2408 7789 3124
3 8005 7828 3464
3 9568 4216 4118
3 4525 6296 6660
3 2938 4544 8698
3 8217 4836 2781
3 9081 1053 1364
3 7318 3062 5640
3 4247 5705 6751
3 5649 3999 9083
3 6226 401 5890
3 8273 7504 708
3 3760 7416 1795
3 507 5767 3850
3 168 3971 2804
3 6909 1053 9081
3 7795 3148 6732
3 1101 8197 5279
3 899 1382 5203
3 1364 6588 168
3 1053 5338 7282
3 4597 823 2465
3 2693 7672 6192
3 9801 5823 1112
3 972 4651 6195
3 8998 3608 2276
3 7513 3608 825
3 2278 4762 2716
3 5948 2048 9109
3 5262 6497 4596
3 7038 5664 8158
3 7524 4187 9778
3 426 4665 8409
3 5629 8044 1350
3 233 2600 2924
3 9785 690 4728
3 1150 8770 9487
3 9109 1804 755
3 7944 6191 7597
3 2895 9838 2339
3 631 3912 7597
3 5834 2728 526
3 439 8775 4395
3 4638 7393 439
3 2909 4362 7221
3 2111 7359 4362
3 9487 5664 4443
3 4408 5154 7841
3 787 816 8544
3 5315 4246 2162
3 233 2924 1757
3 2111 706 3259
3 5866 5315 2162
3 9170 5 4318
3 4246 9288 5665
3 5350 3664 5370
3 125 5099 2209
3 8096 2986 5729
3 7557 6029 9228
3 3803 3829 1847
3 3082 4463 5669
3 5825 1474 9018
3 6426 5215 4300
3 2754 3314 1191
3 7979 4279 2217
3 327 7358 7737
3 4644 2810 4442
3 7117 7979 9175
3 6796 3836 9822
3 459 9687 1243
3 4442 2810 1123
3 3939 8168 7756
3 9498 6079 2648
3 1729 3230 2040
3 8570 4349 8523
3 8230 8273 708
3 8819 6814 2316
3 2648 6149 4243
3 3070 6183 5677
3 5677 2954 4819
3 3167 5042 9668
3 1314 8426 3288
3 4243 6149 8884
3 2625 7387 6108
3 116 547 2928
3 2300 3320 9265
3 8658 2862 8632
3 9668 5042 5279
3 3124 3607 2036
3 9455 511 5127
3 6909 3615 9783
3 7936 6885 2345
3 7457 4491 5240
3 6088 9170 6505
3 1145 9486 1739
3 5584 6197 1989
3 9783 3615 5864
3 8370 6885 8700
3 8104 8310 9858
3 1771 3177 9782
3 5629 1350 7841
3 4083 3707 427
3 4488 4239 3683
3 5834 2848 2536
3 9741 9245 1352
3 8039 7477 8382
3 2430 6752 9423
3 3294 6898 6303
3 1032 5418 4942
3 1369 9410 6204
3 235 4842 1916
3 6962 5665 6087
3 9286 5623 5152
3 2319 8030 3890
3 1502 5384 940
3 6542 5866 2162
3 812 771 4246
3 3081 7393 6759
3 4275 6448 3493
3 2502 1258 9432
3 6588 5651 3971
3 641 6401 2909
3 9110 3220 2382
3 7687 3245 9696
3 2544 4961 2839
3 1539 3609 2914
3 2703 1829 742
3 6197 3047 8398
3 2840 6423 757
3 159 9696 9050
3 1452 4412 1805
3 4188 4257 7630
3 3540 487 294
3 2743 9801 5301
3 791 9785 1899
3 8273 9688 3984
3 5375 6309 9903
3 1729 3149 3230
3 9330 4925 9748
3 6495 5890 7504
3 4579 8438 9330
3 2320 3314 9903
3 5323 9700 1258
3 9785 4728 1899
3 1894 1649 8415
3 4391 1341 7554
3 7734 5042 3167
3 9160 3181 2805
3 7107 4576 7145
3 4728 5264 1899
3 9136 228 8504
3 9312 427 3707
3 1310 5409 4574
3 8615 132 7526
3 1822 5285 7457
3 5421 9842 6191
3 9858 8310 2600
3 1524 3167 9668
3 8030 8876 6405
3 7789 2625 3607
3 2053 4518 3125
3 1757 6088 1561
3 1894 8378 1649
3 5245 7741 6121
3 9339 9182 7172
3 2625 4243 3607
3 6108 9498 2625
3 308 4574 9687
3 5788 5127 6120
3 3430 2862 3606
3 4742 9455 2053
3 9455 5788 9658
3 3492 5633 8739
3 8739 5633 1543
3 3430 6808 8632
3 1446 3968 5412
3 6640 6796 3600
3 2861 5932 5633
3 1543 3576 8739
3 5659 3957 9833
3 8220 4680 6287
3 6284 7524 8075
3 7627 1989 8398
3 6647 2408 7451
3 730 6786 8819
3 7486 2534 643
3 3516 3050 2095
3 941 3437 730
3 5279 1894 8415
3 8564 2143 3968
3 105 2996 1446
3 5972 5200 9736
3 3248 5983 5797
3 9820 2143 4435
3 899 2192 9757
3 8075 3830 6284
3 1310 4574 2017
3 6964 6607 9343
3 8435 6545 5797
3 9833 6288 2266
3 4268 3504 862
3 4832 7771 3104
3 6734 5909 3962
3 8055 3177 1771
3 9290 1915 1341
3 1112 6112 3993
3 6442 6697 895
3 7672 5262 7228
3 9487 4334 9312
3 5948 755 7038
3 755 4443 7038
3 5664 3707 8158
3 7406 49 7796
3 9245 9741 6962
3 2278 2716 755
3 5834 4298 2728
3 3259 7359 2111
3 6087 4298 1440
3 1258 7805 9432
3 7101 6463 5579
3 1805 953 7806
3 8268 1201 4115
3 5266 3516 2095
3 7101 3516 6463
3 8217 5042 7734
3 4246 7221 9288
3 641 728 5866
3 2909 7221 6380
3 8782 3055 1839
3 1144 7486 6577
3 5306 1484 9719
3 2175 9218 8852
3 487 7341 294
3 641 5866 6542
3 8782 1839 2931
3 9177 4008 2277
3 7464 3520 9083
3 9425 8521 586
3 8528 8502 5810
3 1101 8217 8197
3 313 6603 6250
3 5153 323 6392
3 3830 8075 1561
3 631 2498 7944
3 5247 8161 2937
3 1708 9778 4187
3 6108 8819 9498
3 5649 7406 2171
3 1144 2289 8434
3 6647 941 7387
3 1561 6505 3830
3 730 6108 941
3 7282 5338 2339
3 1757 3882 6088
3 733 5395 6016
3 1699 9433 1447
3 5389 2392 8518
3 2669 3606 2459
3 4242 7856 2160
3 2452 727 1276
3 3979 6709 4442
3 2204 159 6915
3 5247 3049 8374
3 6262 4212 5362
3 4517 7451 2408
3 4611 6477 5604
3 116 6120 547
3 7789 2408 5792
3 4279 4369 2720
3 2853 9213 3246
3 1561 6088 6505
3 8055 2484 9782
3 9213 9834 418
3 8324 5584 511
3 3957 828 7281
3 5890 2442 9488
3 3184 5988 6811
3 260 5350 5835
3 9838 4051 1364
3 5364 2266 1771
3 1109 5008 6315
3 4374 1109 6315
3 1771 417 5364
3 3971 168 6588
3 4985 3344 3184
3 5904 541 1803
3 9136 1402 1042
3 8609 9136 1042
3 8158 2048 5948
3 4818 1999 7314
3 9312 4334 8504
3 3148 1626 6732
3 9748 791 4579
3 6315 5218 7130
3 2048 4651 9109
3 6795 1240 141
3 981 3697 4009
3 1804 4651 972
3 5264 2198 2276
3 7378 9136 8504
3 9067 9246 696
3 6087 5665 9288
3 2716 4762 2848
3 5065 8409 4722
3 4574 8605 5444
3 1440 2536 9395
3 1573 9700 4827
3 5475 3928 6677
3 3890 1452 4354
3 640 1170 6168
3 9495 1064 6482
3 5315 6380 4246
3 7806 4354 1452
3 5058 1485 6898
3 9177 9562 5117
3 728 2909 5315
3 4412 1729 1805
3 3540 294 4550
3 1407 7932 9333
3 802 1186 947
3 9333 5623 3280
3 7512 4451 2364
3 3081 115 3751
3 6542 2162 9110
3 5624 4441 1567
3 9842 1699 6191
3 1258 9700 1573
3 59 1999 1248
3 430 1435 2283
3 235 7975 7187
3 8733 6172 3687
3 757 401 572
3 5611 6321 5214
3 59 479 7727
3 4394 7597 6191
3 4227 1076 9007
3 2219 8882 8544
3 6322 4721 5329
3 1894 7338 9175
3 5359 7105 2442
3 3437 941 6647
3 1803 2853 5904
3 2840 7345 783
3 3070 4048 1314
3 4374 1795 625
3 8089 3099 7283
3 6321 5218 5214
3 1364 168 9081
3 2037 1412 3125
3 1961 9481 1875
3 2625 5792 7387
3 2625 9498 4243
3 2810 4644 9222
3 2409 3125 4518
3 2669 4426 4586
3 9658 5788 6120
3 6683 5615 7016
3 3310 3147 8949
3 5099 125 8841
3 4087 2739 3611
3 6505 9170 1286
3 418 5864 2804
3 9671 2209 2377
3 1770 9783 418
3 8841 125 260
3 260 5835 4985
3 7619 7281 9265
3 1421 5742 9804
3 9807 5597 6609
3 7130 6321 6119
3 7619 546 7281
3 6112 6863 7866
3 1341 8998 7554
3 1117 3104 1125
3 3294 6303 7550
3 6243 1626 207
3 541 2895 9842
3 997 2490 8454
3 5748 7707 6315
3 8294 5155 4679
3 5640 6215 2450
3 5603 7258 5314
3 1258 2502 1310
3 4353 6635 1258
3 2687 6322 5489
3 3117 6218 1584
3 2246 4530 1946
3 7806 6636 4354
3 8030 6405 194
3 1258 6635 7805
3 18 6063 6890
3 80 5579 6688
3 1286 9170 4318
3 6688 2017 459
3 4296 9696 3245
3 80 6688 459
3 8438 3608 9330
3 8564 8334 4292
3 2459 3606 2862
3 4729 2065 7115
3 4631 5646 6063
3 3404 1075 731
3 736 4878 114
3 6192 228 8609
3 4442 6709 4644
3 4630 4083 427
3 5370 9328 5350
3 4246 736 1434
3 283 5426 5784
3 972 4665 426
3 5361 4665 6195
3 6308 2246 5999
3 2914 4191 4981
3 2382 3220 7731
3 771 2162 4246
3 641 2909 728
3 9110 2162 3220
3 5623 9333 6381
3 8815 407 5426
3 5475 5603 7534
3 7932 641 6542
3 323 8782 8231
3 7679 8378 4907
3 3147 1123 9407
3 194 9000 1307
3 6423 5028 8230
3 8161 8374 9175
3 8162 1684 2114
3 9181 9038 157
3 6495 5359 2442
3 137 1382 9757
3 1849 1909 6748
3 2171 7796 3999
3 9433 1699 9842
3 4184 8711 3310
3 7722 9347 3979
3 3246 3971 5651
3 3472 8658 8632
3 6120 5127 547
3 4555 6485 8166
3 5426 407 2224
3 6248 9896 9793
3 8958 4874 4133
3 4051 6588 1364
3 8733 3480 4242
3 6738 442 5372
3 5042 1101 5279
3 3957 9509 9833
3 7796 9160 3999
3 7117 7172 3218
3 5426 2224 8562
3 947 9132 802
3 2442 5890 6495
3 4555 5783 6485
3 7281 546 5989
3 3836 6640 8722
3 9787 6199 7408
3 3320 3878 8027
3 1364 7282 9838
3 3583 2065 4729
3 9330 3608 7513
3 9000 8633 1307
3 5174 3386 2743
3 5301 7678 4391
3 3608 8438 2276
3 427 228 7228
3 9531 4665 7518
3 6192 8609 981
3 755 9905 4443
3 4191 2914 7738
3 6485 4921 567
3 2536 4762 5065
3 8609 3697 981
3 7781 4039 8860
3 9288 7221 7359
3 1532 5262 5361
3 9395 4722 4702
3 7758 8341 8768
3 9286 1407 3280
3 88 3751 641
3 2210 3383 1434
3 6405 9098 194
3 3220 2162 771
3 2619 6077 2643
3 5799 2382 7731
3 323 8231 5344
3 9288 4298 6087
3 4991 1687 8508
3 489 567 5497
3 9748 4579 9330
3 7258 6688 5579
3 1307 96 3695
3 487 7512 8269
3 8876 2319 4828
3 9160 7796 49
3 4867 4116 6078
3 6022 8698 5731
3 8402 6516 5705
3 9425 8005 3464
3 7459 6874 8417
3 7481 7403 4321
3 7242 5095 8518
3 8066 648 657
3 6098 84 1011
3 9489 6751 647
3 1408 8979 8267
3 9669 6307 7416
3 9719 7536 5306
3 5289 7503 3289
3 7597 4394 9858
3 6482 2154 9495
3 7578 4563 2491
3 6915 1286 2204
3 3829 5630 2739
3 2804 5864 168
3 8028 401 6226
3 80 459 7101
3 2527 7869 4662
3 6661 109 5078
3 3830 6505 1286
3 1474 5825 5630
3 5207 7619 9488
3 1649 8378 1524
3 137 8028 9265
3 8528 5661 8426
3 2840 5895 6423
3 350 3635 8529
3 2680 3957 8977
3 7722 4442 7997
3 3310 2375 7209
3 2266 5364 9833
3 4438 4426 2669
3 2928 547 6808
3 2937 2217 730
3 3250 7470 8730
3 3878 3320 2300
3 5660 2853 8517
3 7560 6485 489
3 168 6909 9081
3 4184 7451 9657
3 1123 2810 9407
3 5127 5788 9455
3 2928 6808 6248
3 1827 9377 3216
3 8532 6146 2680
3 5742 1961 6325
3 8673 6325 1961
3 4425 5327 4675
3 8876 8030 2319
3 3540 6868 4451
3 5813 5905 4907
3 2986 4295 2710
3 7338 7172 7117
3 4693 7511 2362
3 1027 1963 9383
3 7124 386 601
3 4828 2364 8876
3 3836 1894 9822
3 3611 1169 4087
3 5577 7517 3928
3 6709 5247 2937
3 5362 9132 947
3 3516 7101 5245
3 7678 6481 4446
3 9290 9097 1915
3 1915 9097 2774
3 9198 8394 4376
3 7470 2901 8730
3 7762 6693 1976
3 6189 9244 9092
3 2276 2198 4391
3 4579 791 1899
3 4435 2143 8564
3 3999 5649 2171
3 3117 1915 2774
3 1212 3520 4687
3 8374 8161 5247
3 84 6098 9424
3 2693 1539 756
3 4009 9748 9232
3 1042 3697 8609
3 3234 7782 4643
3 1930 5624 6382
3 1557 1169 4101
3 323 3245 7687
3 7731 8196 9177
3 6542 2382 5799
3 7672 7228 6192
3 3280 5623 9286
3 5256 7347 6767
3 6391 88 7932
3 9082 5799 7731
3 5866 728 5315
3 5361 6195 2048
3 6952 8852 9499
3 9531 4596 486
3 4630 5262 1532
3 9333 7932 5799
3 7038 4443 5664
3 3664 2377 4729
3 5191 5 8782
3 5065 4762 2278
3 4722 2295 4702
3 2295 8409 5970
3 4722 2536 5065
3 2204 5191 7687
3 6962 736 5665
3 5895 5855 6423
3 3147 9407 9222
3 7656 5670 1211
3 6188 8167 8005
3 5705 9677 9651
3 657 5719 5552
3 5704 9650 8883
3 2652 1966 3541
3 5578 3586 8066
3 4611 5691 5760
3 3801 3683 8508
3 640 3552 4004
3 7679 3786 5266
3 9896 6248 5996
3 1369 209 9588
3 4051 541 6588
3 8817 2209 5099
3 8711 4184 9657
3 8712 2928 1368
3 6982 2430 9423
3 3310 8711 1367
3 3310 8949 4184
3 3878 828 3957
3 8053 1032 7003
3 260 9671 2377
3 428 2491 4109
3 4079 9290 4446
3 9700 6817 5170
3 4693 6739 7511
3 194 4412 8030
3 4079 4446 6877
3 4424 2527 4662
3 4040 7776 6310
3 3510 5666 4776
3 3338 7687 5191
3 1539 4981 756
3 1567 4296 5624
3 2048 1532 5361
3 8229 8084 8205
3 791 4009 9785
3 1407 9286 6391
3 9333 8871 6381
3 1930 5865 4441
3 4353 1258 1573
3 9232 981 4009
3 9214 4295 7399
3 1381 6810 6277
3 3389 9697 479
3 7228 228 6192
3 6962 6087 9395
3 756 4981 6497
3 2326 5228 5447
3 4298 5834 1440
3 8658 7627 5099
3 5799 7932 6542
3 5323 2017 6688
3 1829 7943 742
3 465 6463 3516
3 8378 8722 4907
3 3254 6802 4746
3 7423 2112 6889
3 7727 9697 4818
3 9395 9245 6962
3 5060 1632 2341
3 5314 9378 7534
3 7687 9696 2204
3 7625 4611 5604
3 5379 7597 1708
3 5855 2299 5028
3 4530 485 1946
3 4818 7314 7727
3 7187 4842 235
3 5195 3705 4898
3 3437 6647 4644
3 8099 5991 5178
3 5247 9347 3049
3 6647 7451 4184
3 7604 9019 3837
3 4875 4113 4134
3 9465 6389 3682
3 6235 4418 6915
3 7947 4033 480
3 4898 6263 9331
3 1017 6874 7080
3 9265 6226 7619
3 6796 9822 3049
3 3955 3309 1632
3 1186 5408 947
3 5362 4291 9132
3 9175 7979 8161
3 5989 7105 2266
3 5089 6628 5598
3 797 1803 541
3 1337 807 5360
3 2669 2459 4724
3 3309 2885 3702
3 642 5526 9779
3 377 9615 935
3 1286 4418 3830
3 4586 4426 7210
3 4675 7209 4425
3 4683 8046 479
3 3430 8632 2862
3 7858 3430 3606
3 1368 2928 6248
3 2209 9671 125
3 9792 3310 1367
3 2853 3246 5651
3 8027 4109 3962
3 8161 2217 2937
3 1894 8374 9822
3 9186 3600 964
3 5418 6101 8856
3 5262 7672 2693
3 3245 323 5153
3 8231 3082 5344
3 1804 9109 4651
3 426 1804 972
3 9082 9333 5799
3 8895 5269 3376
3 7731 3220 8196
3 4441 5865 3373
3 7921 160 825
3 5665 736 4246
3 6195 4665 972
3 4188 8351 7622
3 7026 2080 5916
3 6974 9082 5117
3 9880 1939 5487
3 5579 80 7101
3 4643 7804 3234
3 2905 4998 6005
3 9333 6974 8895
3 3469 9528 9550
3 1434 6550 4246
3 3510 5000 5666
3 4441 5624 1930
3 4002 2996 5759
3 6962 9741 4878
3 6550 1434 3383
3 1939 5724 4759
3 4713 3404 8980
3 705 4925 4257
3 3609 2693 981
3 8073 3938 7351
3 5334 5130 9851
3 6070 7969 6250
3 4374 3760 1795
3 7512 487 4451
3 4451 1591 3540
3 7351 9410 3070
3 2283 1435 1621
3 3540 194 9098
3 4550 9000 194
3 3726 5812 1227
3 4116 4867 487
3 713 928 2352
3 9700 5323 6817
3 9253 1907 7364
3 895 294 6078
3 9880 6207 1350
3 3890 4354 2319
3 5170 6817 6677
3 9753 1898 305
3 541 631 5367
3 4907 8722 5813
3 5352 8620 4101
3 6739 8268 7511
3 1381 5786 5697
3 8378 5162 1524
3 209 1117 1125
3 4769 1594 9129
3 7678 9801 1112
3 1265 8073 9146
3 3289 8904 2925
3 2838 5764 5691
3 3100 847 5510
3 465 3701 9378
3 3496 8714 4349
3 4834 7125 3321
3 5111 2393 5936
3 3979 4442 7722
3 4675 3147 3310
3 7081 888 6590
3 4648 1446 4535
3 2096 1192 6074
3 7345 4227 7363
3 7328 3294 7550
3 4681 4601 801
3 401 8028 8713
3 5923 7327 284
3 9834 5363 418
3 2996 4002 4200
3 4227 2061 7363
3 4023 3758 2606
3 9757 8028 137
3 5996 3430 7858
3 6709 2937 4644
3 3430 5996 6248
3 5327 4437 5760
3 396 5372 3142
3 7619 6226 9488
3 4586 9896 5996
3 8517 8531 5660
3 7597 3912 7944
3 9895 2375 3310
3 5099 7627 8817
3 7115 3664 4729
3 5508 1029 2450
3 53 9186 964
3 6886 1999 4818
3 9186 1260 6640
3 2774 9097 1145
3 3290 6218 3117
3 9097 9290 4079
3 7679 5076 3786
3 6609 3690 2792
3 9729 5813 8570
3 825 3608 8998
3 7554 2276 4391
3 7554 8998 2276
3 8460 3209 6570
3 4009 791 9748
3 3262 8849 1946
3 4257 4925 7630
3 3609 9232 1970
3 6705 3925 1223
3 5117 7731 9177
3 8028 9757 2192
3 3257 2611 3120
3 3372 1929 8871
3 6915 4418 1286
3 9018 5717 3558
3 7758 4331 4954
3 5904 5651 6588
3 4083 4630 1532
3 8316 6624 8409
3 9109 755 5948
3 541 2498 631
3 3373 5865 1930
3 5558 3372 8871
3 6259 4647 1576
3 4296 1567 4674
3 3280 1407 9333
3 3245 5153 5624
3 6868 8876 4451
3 6397 6677 3928
3 7912 6078 4116
3 2445 512 6785
3 9098 6868 3540
3 5170 4693 9700
3 4702 1352 9245
3 217 6134 3231
3 1123 7997 4442
3 7037 7258 5603
3 4550 194 3540
3 4450 8875 2363
3 5970 5398 1352
3 6624 8316 2326
3 7291 3701 465
3 114 4878 1687
3 1687 4991 114
3 8949 3147 9222
3 5760 4437 1431
3 2262 4488 8638
3 6146 8532 998
3 3801 8508 5398
3 9896 4586 7210
3 2049 4863 3706
3 1431 4611 5760
3 6248 6808 3430
3 4991 8508 3683
3 8638 1170 4004
3 2502 6661 5078
3 6059 9758 1571
3 8455 7578 998
3 428 5506 2491
3 3556 7079 3011
3 4096 9177 6678
3 1803 1394 642
3 5314 6463 9378
3 6883 1888 8493
3 854 1570 5093
3 1106 5195 9331
3 5117 9082 7731
3 1573 4827 4353
3 5175 5475 6677
3 6078 3192 895
3 487 8269 4116
3 8456 4508 6098
3 4942 6159 2620
3 2095 1524 5162
3 7431 7781 8860
3 9422 2756 7057
3 6189 8006 4401
3 7403 1603 9541
3 8006 9424 749
3 3586 648 8066
3 6739 1201 8268
3 7258 5579 5314
3 3376 8871 9333
3 7266 9582 3965
3 2277 4776 9177
3 4296 3245 5624
3 160 7513 825
3 3374 9545 809
3 8871 3376 5558
3 5667 7064 9545
3 3586 5578 1480
3 9087 9593 5649
3 7636 6810 9195
3 4418 7969 6070
3 6098 4508 749
3 8696 3565 6469
3 4441 2175 4674
3 5813 8997 5076
3 7363 742 7943
3 4665 5361 7518
3 6338 2454 8316
3 4135 5684 1724
3 8110 3934 3593
3 426 5065 1804
3 9395 2536 4722
3 4722 8409 2295
3 6550 2112 7423
3 2693 6192 981
3 9245 9395 4702
3 6732 1684 3860
3 6497 5262 756
3 6497 4981 4191
3 2262 6889 4488
3 1827 3803 661
3 4033 7032 1557
3 8618 3275 141
3 4550 6481 9000
3 2286 663 4646
3 284 7327 9560
3 572 401 8713
3 4907 5905 7679
3 6315 7130 4374
3 3310 7209 4675
3 6604 9383 1459
3 7345 2840 7908
3 8722 8378 1894
3 642 1394 3093
3 7210 2376 9896
3 5327 4425 4437
3 5760 5691 5327
3 8523 4381 7762
3 3310 9792 9895
3 5129 5224 6372
3 8949 9222 4184
3 5813 8722 1260
3 9561 4704 3711
3 4011 8232 7801
3 5996 7858 4586
3 9834 9213 2853
3 5327 1123 3147
3 4924 6102 7173
3 3606 2669 4586
3 1260 8722 6640
3 1337 5412 3968
3 3049 9347 6796
3 5161 2459 2862
3 6697 6481 4550
3 1341 7678 9290
3 9486 6442 895
3 9097 3145 1145
3 1970 9748 4925
3 9330 7622 8351
3 4009 3697 9785
3 1899 5264 8438
3 4376 7738 705
3 3731 6469 160
3 9820 9377 1827
3 5269 5666 5558
3 5551 2610 9550
3 1539 2914 4981
3 686 7319 349
3 9050 9696 4674
3 323 7687 3338
3 5000 3510 709
3 808 4158 3373
3 4674 9696 4296
3 4665 9531 6338
3 2175 4441 4158
3 9347 3600 6796
3 1807 4512 5257
3 6078 294 4867
3 3383 2210 4239
3 4488 6889 4239
3 3383 2112 6550
3 9531 486 7506
3 8895 5117 3299
3 4116 7618 7912
3 2210 4991 3683
3 6550 812 4246
3 2112 3383 4239
3 1378 343 4215
3 5759 862 4002
3 4693 2362 9700
3 5175 5603 5475
3 9378 612 3268
3 9347 6709 3979
3 5266 5162 7679
3 7037 5323 7258
3 9378 6463 465
3 5988 3184 6046
3 9820 4435 4260
3 5895 4773 5936
3 3049 9822 8374
3 157 1087 8334
3 1432 6273 9715
3 6974 9333 9082
3 3289 8488 5289
3 273 5180 7526
3 4681 801 9900
3 5207 7105 5989
3 9265 8028 6226
3 546 5207 5989
3 5604 5764 2838
3 4187 7524 5379
3 6029 8256 2916
3 2266 6288 9509
3 4563 6847 2491
3 4051 9838 541
3 6590 3496 9186
3 6235 9050 6952
3 5764 1123 5691
3 4644 6647 9222
3 8835 8208 2114
3 4586 7858 3606
3 5161 2862 8658
3 4724 4438 2669
3 2352 928 8082
3 9834 2853 5660
3 5660 8531 8976
3 2249 3701 7291
3 8926 4713 8980
3 913 9447 8116
3 3069 3362 4133
3 3705 5195 3813
3 2491 5293 6809
3 8517 2853 1803
3 3145 6481 6697
3 3635 4268 8503
3 1739 9486 895
3 8860 3275 6159
3 8084 8056 7781
3 8438 5264 2276
3 328 8528 5810
3 7781 3079 8084
3 782 5236 2601
3 4029 9900 8275
3 3814 5528 3706
3 1487 6216 4898
3 114 4991 2210
3 5398 3541 343
3 639 7423 6889
3 1352 4702 5970
3 2693 3609 1539
3 756 5262 2693
3 5558 3376 5269
3 3376 9333 8895
3 7518 5361 5262
3 4867 7341 487
3 7064 5551 9545
3 3373 4158 4441
3 8275 18 6890
3 3860 1684 460
3 5809 8145 3215
3 8806 2907 4186
3 2175 9050 4674
3 6739 5170 4436
3 4528 7911 7483
3 4436 2956 4115
3 7500 260 2377
3 3928 5257 6397
3 1446 9101 4535
3 6952 9050 2175
3 159 2204 9696
3 7517 5577 8212
3 2192 8713 8028
3 5978 4998 2565
3 8991 5764 2445
3 3073 9836 3320
3 5372 442 8805
3 9050 6915 159
3 7969 6235 9499
3 757 572 7908
3 7722 7997 5764
3 6250 7969 313
3 9347 53 964
3 5429 7718 1609
3 9347 5247 6709
3 6915 9050 6235
3 5604 512 2445
3 6590 7722 7081
3 5367 797 541
3 4724 2459 6273
3 2329 2918 8386
3 8604 1125 7364
3 4437 4723 1431
3 964 3600 9347
3 3011 7079 2458
3 8841 1461 5161
3 8841 9500 1461
3 9486 3145 6442
3 9097 4079 6877
3 3731 6037 8229
3 8925 3930 6684
3 8005 8167 7828
3 8457 4687 7464
3 4925 9330 8351
3 4401 4086 5552
3 3020 8570 1260
3 1145 3145 9486
3 3565 6069 5236
3 5535 7576 9318
3 1240 1392 6218
3 53 9347 6590
3 8460 6570 9837
3 601 3045 3181
3 6074 1192 8849
3 8860 9621 7854
3 3672 2448 1623
3 3328 2096 6074
3 8266 2813 9571
3 8265 9569 7857
3 9553 4795 918
3 1341 1915 3117
3 2601 2212 2488
3 6426 3328 9087
3 3609 1970 705
3 705 1970 4925
3 7944 3912 631
3 8570 5813 1260
3 8052 2717 8478
3 1006 4185 4388
3 5269 3299 9562
3 8275 4954 4029
3 3020 9186 3496
3 6640 3600 9186
3 709 3510 8807
3 9544 3372 5666
3 9560 1064 2957
3 895 4550 294
3 2620 6159 895
3 7919 4528 7483
3 7912 7618 7484
3 9218 2175 808
3 9562 3299 5117
3 7484 7618 4116
3 6005 3076 9550
3 8832 6445 8708
3 2175 4158 808
3 809 9445 9219
3 1963 4440 8708
3 9265 7281 2300
3 4440 5978 2565
3 8805 8267 3142
3 6548 7553 7239
3 2488 1457 782
3 9420 3258 6477
3 2756 299 2703
3 1382 9836 3073
3 4596 7518 5262
3 8409 5065 426
3 465 3516 5266
3 7997 1123 5764
3 5970 4702 2295
3 3878 2300 7281
3 4512 4436 5170
3 7328 5924 6898
3 7503 6482 464
3 6116 3095 7079
3 2096 8768 1192
3 7582 5007 2418
3 4576 4810 6980
3 2459 5161 6273
3 659 8357 5109
3 6327 1037 4214
3 4773 4432 5936
3 8981 3215 8145
3 7130 3760 4374
3 1687 4878 9741
3 4878 736 6962
3 6477 3258 5604
3 5714 3315 138
3 3337 8537 6575
3 3552 7886 6064
3 2822 8531 8517
3 4563 936 7520
3 4109 8027 3878
3 7291 465 3786
3 6746 6070 7140
3 5999 2246 1946
3 8095 2075 5412
3 5214 4232 6652
3 5825 3289 2739
3 9729 8523 7762
3 1446 2996 4200
3 4128 1145 1739
3 6739 4693 5170
3 1066 3647 8056
3 4115 1201 4436
3 6310 3846 4040
3 4436 1201 6739
3 7920 3192 4529
3 294 7341 4867
3 7483 2956 4436
3 4242 6172 8733
3 3288 7351 1314
3 3540 1591 487
3 825 8998 7921
3 7622 7513 160
3 2249 8181 3701
3 888 3496 6590
3 8082 686 4538
3 7432 6534 3268
3 3504 4200 862
3 7291 8980 2249
3 8739 3576 318
3 4925 8351 7630
3 8125 3016 2327
3 486 8125 7506
3 3938 3442 1369
3 9531 7518 4596
3 7547 1045 829
3 3363 5408 3224
3 1716 8997 9729
3 1847 5360 661
3 4985 2868 3713
3 6338 7506 848
3 4191 7495 8125
3 4776 9562 9177
3 771 812 6678
3 2739 5630 5825
3 8991 888 5764
3 8316 2454 4647
3 5551 5001 2610
3 6168 3683 3801
3 3786 465 5266
3 809 9545 9445
3 5708 4365 8562
3 5561 9546 6115
3 8468 1918 8834
3 5691 1123 5327
3 2905 8708 4998
3 2329 6115 3555
3 5604 2838 7625
3 1432 4724 6273
3 318 7573 8739
3 2905 1047 8832
3 396 3778 2061
3 3011 8462 3556
3 2424 9807 764
3 797 5180 273
3 8459 5978 4440
3 6070 6746 4418
3 9417 1831 6252
3 8658 8841 5161
3 5226 99 1981
3 3011 2458 5161
3 3092 5984 7718
3 6705 3133 1897
3 5526 377 2490
3 428 6146 7578
3 5688 9481 8981
3 8853 9219 5978
3 6952 2175 8852
3 9779 8517 1803
3 5175 6817 7037
3 1119 7919 7483
3 3701 8181 612
3 487 1591 4451
3 5257 2321 532
3 6011 6560 5358
3 1392 4039 8056
3 3911 1514 9343
3 3786 5076 7291
3 268 6916 4767
3 3524 6029 7557
3 895 6697 4550
3 9210 2590 3953
3 6218 3290 1240
3 5667 5001 7064
3 1341 3117 1584
3 8125 7495 3016
3 2445 5764 5604
3 4646 663 7695
3 3674 6532 5047
3 643 3673 6577
3 8316 4647 6259
3 3076 9445 5551
3 3829 2606 3758
3 8696 3559 8205
3 7351 3288 8073
3 5978 9219 4998
3 4647 2454 6338
3 7762 4381 4349
3 8394 6755 4376
3 1457 9198 782
3 6798 5228 2326
3 3016 7495 9625
3 8125 6497 4191
3 9219 9445 6005
3 8394 9625 7495
3 1170 8638 4488
3 6844 343 1378
3 7423 812 6550
3 9219 6005 4998
3 8447 8991 2445
3 2610 3256 2695
3 888 8991 8447
3 6889 2112 4239
3 4004 4096 8638
3 6678 7423 639
3 4096 4008 9177
3 1829 2703 7187
3 7363 2061 742
3 1803 797 1394
3 9499 8852 8458
3 5936 2393 5895
3 7679 5162 8378
3 7239 6658 6548
3 5327 3147 4675
3 9804 9623 4613
3 7616 9507 4374
3 9546 6914 6115
3 512 9420 8386
3 8537 7066 9079
3 520 6746 7140
3 2838 5691 7625
3 6861 3011 4077
3 7722 5764 7081
3 9734 4447 2419
3 4611 6914 6477
3 6699 4611 1431
3 3556 8462 6861
3 3705 4862 1487
3 3065 9331 6263
3 313 7969 9499
3 5012 3674 5047
3 2839 956 6861
3 6098 749 9424
3 904 2392 648
3 6056 8645 9019
3 9481 7692 8981
3 378 936 4563
3 4418 6284 3830
3 6250 132 8615
3 8841 260 4985
3 9328 2868 4985
3 3073 3320 8027
3 8856 91 6159
3 9186 53 6590
3 998 8532 2823
3 8977 3957 5659
3 133 8079 6741
3 6734 4281 6738
3 1739 8618 4128
3 3073 3962 5203
3 2822 2490 997
3 2774 1145 4128
3 935 9615 8033
3 6010 5257 5090
3 9067 696 3483
3 6843 1907 1703
3 5603 5175 7037
3 6010 7483 1807
3 8053 7003 1120
3 5170 6677 6397
3 6321 7130 5218
3 1192 9282 8849
3 3262 1478 9087
3 6037 7921 3647
3 3559 3731 8205
3 9729 8997 5813
3 7921 1584 3647
3 1260 9186 3020
3 7738 6755 4191
3 2327 3016 9625
3 6590 9347 7722
3 567 489 6485
3 5367 631 6284
3 4424 2917 5749
3 520 8615 7526
3 6734 6809 4281
3 8316 8409 6338
3 4985 5835 9328
3 8980 7291 8926
3 3957 2680 3878
3 1432 9715 6700
3 2445 6785 1511
3 3496 888 8447
3 612 8181 3404
3 7869 2229 1858
3 1858 8166 4662
3 3611 2739 7503
3 4183 9719 1484
3 6477 6914 9546
3 8713 2192 572
3 2458 6273 5161
3 5353 3711 890
3 6699 3094 4611
3 4787 4440 1963
3 1550 6439 8493
3 890 1570 5353
3 6116 7079 3556
3 9715 6273 2458
3 9546 9420 6477
3 8459 4440 4787
3 1837 6493 6238
3 3930 8925 9417
3 7246 1445 1401
3 6423 8230 708
3 9827 1871 7649
3 8459 8853 5978
3 816 350 6968
3 7993 4713 8926
3 2490 8517 9779
3 4093 3093 273
3 8493 199 6883
3 4856 2949 813
3 428 2680 6146
3 2680 8977 8532
3 5076 8926 7291
3 8426 4819 8528
3 7483 6010 1119
3 2620 7003 1032
3 4562 8454 377
3 895 3192 7003
3 875 8214 738
3 5117 8895 6974
3 6746 5367 6284
3 6103 2510 9443
3 8082 928 6980
3 4706 5694 4068
3 9562 4776 5269
3 1555 2488 3368
3 8597 9419 6798
3 5447 5228 6798
3 8529 4820 350
3 5970 2326 5447
3 7116 4059 9253
3 4376 705 4257
3 3928 5475 5577
3 7503 5289 6482
3 4188 9198 4257
3 1385 2327 7113
3 3938 6204 7351
3 674 8394 1555
3 6469 3559 8696
3 1716 9210 7993
3 2372 731 5052
3 5128 8077 4215
3 6817 5323 7037
3 464 1064 4101
3 8508 1687 1352
3 6011 5358 1032
3 612 9378 3701
3 4642 7783 4008
3 1037 4835 1623
3 8980 3404 2249
3 1392 3647 6218
3 7003 7920 1120
3 2774 4128 3290
3 2229 4555 8166
3 3311 4664 6601
3 3404 4713 1075
3 1032 4942 2620
3 141 4128 8618
3 8657 9146 3822
3 6078 7912 4529
3 6442 3145 6697
3 1716 8926 8997
3 3235 3483 2534
3 141 3290 4128
3 1120 6011 8053
3 5002 6748 7436
3 7946 1271 7368
3 3647 1584 6218
3 8657 6102 179
3 480 4033 8620
3 7921 8998 1584
3 5666 5269 4776
3 5666 3372 5558
3 6005 9445 3076
3 5551 7064 5001
3 3713 3344 4985
3 7526 5180 797
3 9495 284 2957
3 4842 3713 9328
3 814 4250 6594
3 5493 5657 8008
3 3930 3924 6684
3 6693 7762 8714
3 5354 7967 7315
3 83 8263 9752
3 7625 5691 4611
3 6426 5343 2096
3 7079 3095 6700
3 4611 3094 6914
3 2329 5561 6115
3 783 1829 4773
3 9420 9546 5561
3 6358 8386 2918
3 4961 956 2839
3 4985 3184 2982
3 6575 1438 1976
3 6235 6952 9499
3 6604 1027 9383
3 313 9499 6603
3 6861 8462 3011
3 6700 9715 7079
3 7949 4268 8146
3 3020 4349 8570
3 6861 3071 3556
3 1461 2839 4077
3 4985 2982 1461
3 1716 9729 7302
3 6252 6604 1459
3 7969 4418 6235
3 9779 1803 642
3 7140 6070 6250
3 6740 7526 132
3 5293 2491 6847
3 468 937 5429
3 5591 6103 5293
3 6643 5591 7649
3 5293 7520 5591
3 9282 1192 8768
3 7762 1438 9729
3 2822 8517 2490
3 7870 3337 5437
3 4349 4381 8523
3 396 8979 3778
3 9417 8925 8079
3 5437 3337 6693
3 7345 7908 572
3 401 6423 708
3 4834 8447 1511
3 8768 8341 9282
3 7943 1829 783
3 4767 1460 268
3 888 7081 5764
3 6785 512 8386
3 6914 3094 6115
3 4077 3011 1461
3 7126 574 3301
3 6861 956 2330
3 2839 6861 4077
3 2330 3071 6861
3 3011 5161 1461
3 1916 4432 235
3 6307 5508 625
3 7526 5367 520
3 8615 520 7140
3 273 6740 4093
3 273 1394 797
3 3072 134 5515
3 6738 3837 8805
3 8663 2438 3393
3 1076 7345 2192
3 6164 3702 334
3 9528 6005 9550
3 9265 9836 137
3 8520 6050 585
3 6241 7171 7828
3 705 7738 2914
3 3520 5735 9083
3 5398 8508 1352
3 4488 3683 6168
3 8708 4440 2565
3 1240 3290 141
3 3290 3117 2774
3 4115 2956 7483
3 4787 1963 1027
3 6337 6830 6883
3 7495 4191 8394
3 2914 3609 705
3 1075 7993 3953
3 1385 7506 2327
3 4274 3134 932
3 5526 2490 9779
3 6795 8860 4039
3 8849 8341 8275
3 7578 6146 998
3 3093 8033 642
3 814 6594 8116
3 8455 4563 7578
3 9734 5975 2974
3 4596 6497 486
3 848 7506 3973
3 8205 8084 3079
3 6310 7776 8696
3 2652 8597 1576
3 6798 2326 8316
3 9383 6639 3930
3 9803 4969 3531
3 639 6889 2262
3 5257 6010 1807
3 1703 1907 9253
3 7671 8136 4335
3 932 3824 2990
3 8597 6259 1576
3 3311 505 5101
3 3268 612 7432
3 4349 3020 3496
3 532 5090 5257
3 7003 3192 7920
3 5748 9214 7399
3 1781 4004 4330
3 7534 5603 5314
3 4188 7622 3565
3 7364 7116 9253
3 664 2606 1169
3 280 6826 2643
3 6678 9177 771
3 4401 5552 6189
3 3464 7828 8521
3 8084 1066 8056
3 635 8447 4834
3 512 3258 9420
3 7113 3368 4197
3 895 7003 2620
3 7506 8125 2327
3 6338 9531 7506
3 4217 3408 5694
3 6077 9418 7601
3 8229 8205 3731
3 6090 6560 1802
3 818 3842 875
3 9550 3076 5551
3 9445 9545 5551
3 7302 3621 7
3 5236 4188 3565
3 8447 635 4785
3 9334 9383 1963
3 558 4500 1381
3 6397 4512 5170
3 8409 4665 6338
3 5374 553 2270
3 6921 2486 7084
3 7454 7608 2222
3 8856 3981 6090
3 6916 268 2901
3 5090 4278 6559
3 6211 322 6851
3 3541 5398 5447
3 1461 9500 4985
3 5970 8409 6624
3 4215 3006 1378
3 7526 6740 273
3 7140 6250 8615
3 5447 5398 5970
3 4004 3552 4330
3 3556 3071 2330
3 777 2695 8630
3 2601 6069 4040
3 162 6358 6977
3 3250 7867 5445
3 162 9847 9364
3 7464 8402 8457
3 8805 3142 5372
3 5604 3258 512
3 3321 6648 6533
3 4094 6741 569
3 6493 6978 6238
3 9420 5561 2329
3 2957 284 9560
3 6358 162 8386
3 2330 956 2919
3 3878 2680 428
3 6373 199 8493
3 1916 5111 4432
3 7384 9343 5047
3 4779 6358 2918
3 5372 396 9007
3 108 8313 4930
3 1514 9191 1143
3 5820 9447 7520
3 2543 4281 9443
3 7649 913 8116
3 9615 5526 8033
3 6603 9499 4788
3 8454 2490 377
3 9836 1382 137
3 937 8034 5429
3 6348 9281 8223
3 7578 5506 428
3 428 4109 3878
3 2606 664 4023
3 468 5821 7521
3 133 1831 8079
3 8249 6065 5163
3 6251 1458 9416
3 5360 3758 3129
3 7 2418 9210
3 8926 5076 8997
3 5214 5218 7707
3 1576 4647 3973
3 2326 5970 6624
3 8394 4191 6755
3 3268 7534 9378
3 4475 7239 948
3 7239 4475 6658
3 4040 4760 2723
3 1032 8053 6011
3 6693 8714 4785
3 6159 8618 1739
3 5405 1904 1651
3 3731 7921 6037
3 1802 8527 1052
3 3928 7517 223
3 4096 94 4008
3 6548 6658 7432
3 4096 639 8638
3 6798 9419 5447
3 4330 1151 1781
3 4185 1006 8663
3 1687 9741 1352
3 4512 1807 4436
3 3120 5000 709
3 9528 2905 6005
3 1223 1047 777
3 7588 8466 5759
3 3930 9417 9383
3 7125 3458 3321
3 7125 9364 8772
3 6373 9334 199
3 6795 1392 1240
3 8714 3496 4785
3 8523 9729 8570
3 4014 1550 2800
3 160 7921 3731
3 9300 2487 8113
3 1446 8334 3968
3 3930 6439 3924
3 5923 284 9495
3 569 6741 8079
3 2154 6482 5289
3 4780 2919 956
3 8587 1694 6219
3 2544 1837 6238
3 5052 8536 2372
3 5197 4282 7663
3 5984 4094 569
3 8079 1831 9417
3 7 3621 7582
3 8708 2565 4998
3 6534 5577 5475
3 1837 3343 9848
3 1888 2800 1550
3 5599 9596 2985
3 2463 6533 7870
3 8386 9420 2329
3 6238 4780 4961
3 913 7649 5591
3 1807 7483 4436
3 569 8079 8925
3 4788 9499 8458
3 6445 1523 932
3 9615 377 5526
3 7908 2840 757
3 9383 9334 6373
3 199 9334 8708
3 659 8173 108
3 3092 7718 5429
3 8033 5526 642
3 7630 8351 4188
3 7113 9625 674
3 1209 9752 5605
3 8925 5984 569
3 7520 6847 4563
3 1609 468 5429
3 1832 132 6250
3 9334 1963 8708
3 1996 1706 1029
3 8038 9106 9711
3 731 612 3404
3 3566 3721 338
3 6090 5419 8856
3 3079 7781 7431
3 8423 5356 1623
3 4101 1169 3611
3 6559 3967 8439
3 6159 1739 895
3 5076 5905 5813
3 1052 7211 9621
3 6658 8212 6534
3 4601 2450 5442
3 677 8814 8813
3 1075 4713 7993
3 5236 9198 4188
3 3192 6078 4529
3 2652 3541 9419
3 1576 4129 5405
3 8077 1904 5405
3 612 4663 7432
3 2463 7870 5437
3 8056 3647 1392
3 6795 3275 8860
3 3321 2843 635
3 4746 743 5941
3 4239 2210 3683
3 8926 1716 7993
3 1170 4488 6168
3 5475 7534 3268
3 94 1781 4642
3 6678 812 7423
3 7125 8772 3458
3 2905 9528 1047
3 4780 956 4961
3 4141 9582 5761
3 4834 1511 1868
3 8807 8663 3393
3 3469 9550 2610
3 2649 8547 7652
3 6978 4780 6238
3 3120 2611 5000
3 5208 3690 3102
3 3257 3393 2438
3 9582 6692 5761
3 8630 6714 1146
3 5761 5465 394
3 6238 4961 2544
3 8587 7849 395
3 2286 7315 8494
3 5105 4274 5025
3 7122 2178 6682
3 3713 2868 9328
3 5984 3092 4094
3 6692 3458 8772
3 3028 9127 8708
3 3565 8696 7776
3 4760 7260 2723
3 2703 299 5548
3 3385 6020 4140
3 2488 2212 7826
3 5710 3713 663
3 9127 199 8708
3 1868 7125 4834
3 9848 6978 6493
3 6639 9383 6373
3 5465 8772 9847
3 7277 3657 5984
3 1385 7113 6047
3 4129 9897 9151
3 1490 6543 9888
3 1054 3823 5590
3 6883 6830 1888
3 6830 6337 9691
3 6439 9480 202
3 6141 3613 4447
3 4519 9480 6439
3 3385 1490 6020
3 7696 5197 1355
3 5324 9016 3171
3 9897 4129 1576
3 5405 1105 5953
3 8181 2249 3404
3 3613 5975 2419
3 6343 5026 9299
3 3657 4138 5984
3 6776 5468 7721
3 5310 5007 7582
3 5260 6019 5187
3 2210 1434 114
3 920 640 6168
3 6057 6844 1378
3 6338 848 4647
3 5939 9426 2145
3 7366 7066 8537
3 6977 6358 4779
3 6798 8316 6259
3 6798 6259 8597
3 5007 5310 6223
3 2089 2589 9446
3 395 5466 1694
3 4092 7849 6811
3 6355 3510 2277
3 256 8833 5585
3 1923 2589 2226
3 2982 2544 2839
3 6310 8696 3079
3 5090 6559 6010
3 8856 6101 3981
3 8856 5419 1052
3 5358 5418 1032
3 7652 8547 1877
3 1006 5167 8565
3 1076 2192 899
3 287 990 8468
3 7695 4842 7187
3 4281 6809 6173
3 4432 4773 7975
3 7975 4773 1829
3 7870 6533 6986
3 4349 8714 7762
3 5810 3822 328
3 532 3967 6559
3 6693 3337 1976
3 328 5661 8528
3 7949 8146 8766
3 5105 7220 4274
3 3614 9228 7416
3 209 6905 9588
3 3962 6809 6734
3 2061 9007 396
3 7776 6069 3565
3 4113 5528 4134
3 4039 1392 6795
3 5236 6069 2601
3 8394 9198 1555
3 7520 936 467
3 3093 1394 273
3 6101 5418 5358
3 6785 8386 162
3 3146 6119 5611
3 7113 2327 9625
3 4138 4335 7402
3 9364 9847 8772
3 3800 5913 3119
3 7854 7431 8860
3 8526 8439 1925
3 6559 4278 532
3 3275 8618 6159
3 2996 105 7588
3 7553 2372 505
3 8212 5183 7517
3 1075 2590 5101
3 948 9501 9553
3 9331 3065 1106
3 6559 8526 1801
3 4335 4138 5166
3 7781 8056 4039
3 7886 640 920
3 1169 2606 4087
3 7718 5984 4138
3 920 6057 3006
3 8958 4133 3362
3 3813 3069 4133
3 5951 7260 9835
3 782 9198 5236
3 8229 1066 8084
3 3614 7416 6119
3 1976 1438 7762
3 4197 3368 7826
3 486 6497 8125
3 6466 468 1609
3 3353 8154 8736
3 8719 6942 7246
3 7329 3892 4214
3 7893 6141 9711
3 731 2372 612
3 5324 9106 4519
3 6439 1550 4519
3 639 2262 8638
3 635 2463 4785
3 4008 6355 2277
3 6119 7416 3760
3 1694 5466 3343
3 9132 4291 7241
3 3690 5208 4710
3 9625 8394 674
3 8484 3184 3301
3 6677 6817 5175
3 3276 7329 3672
3 8663 1006 2438
3 2096 3328 6426
3 1868 1511 6785
3 2695 3469 2610
3 7113 4197 21
3 5652 444 7252
3 5356 8423 2431
3 3120 3393 3257
3 2370 4447 6684
3 7008 9790 6255
3 6715 1877 2649
3 9416 1458 9382
3 5975 3613 8583
3 3486 8587 6219
3 7714 8761 3046
3 3761 9270 1134
3 1837 6219 1694
3 1694 3343 1837
3 3249 6776 1156
3 2370 3924 8038
3 658 5462 2282
3 5312 6258 8267
3 4447 9711 6141
3 1125 3104 7364
3 6141 8583 3613
3 6821 4497 5700
3 8173 659 2511
3 162 6977 9847
3 8116 6465 814
3 468 6466 5821
3 134 5516 71
3 9888 1643 8319
3 6594 4250 9827
3 831 6466 8857
3 1162 5064 8136
3 5132 7267 6046
3 5942 3778 4741
3 6684 3924 2370
3 539 4141 7848
3 8116 9447 5820
3 6575 8537 4393
3 1951 8162 8208
3 9127 3028 6337
3 6020 1490 9888
3 918 722 5063
3 6439 6639 8493
3 7980 6441 9428
3 3028 2990 6919
3 6717 5010 1488
3 202 3924 6439
3 6785 7125 1868
3 6883 199 6337
3 540 4092 5988
3 3321 635 4834
3 7287 4014 2800
3 9364 6785 162
3 9848 6493 1837
3 8587 6811 7849
3 2974 5984 8925
3 2800 6830 7287
3 3486 1837 2982
3 2982 2839 1461
3 9106 8038 202
3 5429 8034 3092
3 4667 7401 3594
3 2544 2982 1837
3 7126 5710 6821
3 8154 2146 8736
3 1545 4140 8797
3 350 4820 6968
3 3930 6639 6439
3 6851 6986 6533
3 7695 663 906
3 4538 7028 218
3 3142 8267 8979
3 3731 3559 6469
3 7345 1076 4227
3 7668 505 6906
3 1925 8101 8526
3 7776 4040 6069
3 9198 4376 4257
3 6560 6101 5358
3 5203 5909 899
3 4242 5611 5214
3 5298 8147 9835
3 3337 6575 1976
3 2212 2601 2723
3 8439 532 1925
3 8439 3967 532
3 1555 9198 1457
3 5101 2590 3311
3 6559 8439 8526
3 7302 9729 1438
3 2695 6714 8630
3 5257 4512 6397
3 8815 5426 1849
3 4444 9582 7714
3 4785 5437 6693
3 1478 9593 9087
3 141 3275 6795
3 6047 6950 5600
3 91 8860 6159
3 3758 1847 3829
3 5269 8895 3299
3 3458 4561 4444
3 5649 9083 6426
3 1866 2907 8806
3 5128 343 3541
3 1651 1904 8077
3 6469 7622 160
3 3973 1385 6047
3 1576 5405 2652
3 3541 5447 9419
3 5591 7520 9447
3 5398 343 6844
3 4008 7783 6355
3 3120 709 3393
3 6168 3801 6057
3 8832 1047 1223
3 1523 3925 5025
3 8807 4185 8663
3 6168 6057 920
3 30 7869 6913
3 4008 94 4642
3 2695 1876 6714
3 4785 3496 8447
3 6847 7520 5293
3 8402 7464 6516
3 3981 6101 6560
3 8526 5689 6475
3 5052 731 1075
3 722 29 6921
3 6476 4063 1052
3 1075 8536 5052
3 1651 1966 5405
3 6658 4475 8212
3 8166 7560 4662
3 6057 3801 6844
3 8066 657 5050
3 532 4278 5090
3 2046 3531 3091
3 1925 532 6782
3 5552 4086 5050
3 2455 3129 3758
3 8493 6639 6373
3 8696 8205 3079
3 3543 6030 5496
3 2590 1075 3953
3 9195 4390 7636
3 3565 7622 6469
3 1888 6830 2800
3 199 9127 6337
3 9070 7260 4760
3 1576 3973 9897
3 4197 2943 21
3 1488 5010 7950
3 6020 9888 8319
3 7432 2372 6548
3 1151 669 4642
3 4608 9148 4117
3 6648 6851 6533
3 7125 6785 9364
3 9848 3343 5466
3 505 7621 6906
3 3965 4141 539
3 3301 3184 5710
3 7849 4092 540
3 574 6046 8484
3 2974 8925 6684
3 7267 3966 540
3 1876 2695 3256
3 7777 3680 9392
3 2438 1877 3257
3 1643 7277 8319
3 7266 4464 7714
3 202 4519 9106
3 5975 9760 4140
3 2630 840 8592
3 7893 2556 6141
3 7652 1877 2438
3 4186 2907 1866
3 6551 742 5942
3 4810 4706 268
3 3628 6258 25
3 3778 8979 4741
3 4561 6692 9582
3 2754 1191 4569
3 2982 6811 3486
3 663 8494 5710
3 6848 3133 6705
3 4185 1865 4388
3 1609 8857 6466
3 9079 4393 8537
3 5085 8867 3127
3 818 1146 6714
3 777 9528 2695
3 7471 5446 280
3 8708 2905 8832
3 3469 2695 9528
3 7241 5229 9261
3 2756 6551 5942
3 9079 1292 4393
3 6173 6809 6103
3 6648 2968 6211
3 3621 1438 6575
3 6594 9827 8116
3 2491 5506 7578
3 4662 2917 4424
3 4227 9007 2061
3 322 1134 7808
3 2463 635 2843
3 6809 3962 4109
3 3046 3458 4444
3 2843 6533 2463
3 1162 8136 8114
3 9447 913 5591
3 30 976 7869
3 5166 4138 3657
3 6919 2990 9751
3 661 3803 1847
3 7230 8716 1156
3 3010 252 6339
3 1727 1350 8044
3 6337 6919 9691
3 640 7886 3552
3 7287 7950 5010
3 1802 1052 6090
3 9711 2370 8038
3 6844 3801 5398
3 6692 4561 3458
3 9900 625 4681
3 8857 7718 4138
3 3613 2419 4447
3 1587 6698 5786
3 5761 394 7848
3 1064 9495 2957
3 8753 5537 93
3 1827 661 807
3 9711 4447 2370
3 3046 8761 7623
3 395 1694 8587
3 8734 7714 4464
3 5988 4092 6811
3 6219 1837 3486
3 2431 7329 3276
3 7975 235 4432
3 2277 3510 4776
3 9177 8196 771
3 9752 1209 83
3 7432 4663 2372
3 8171 7061 8611
3 5183 223 7517
3 1292 3621 4393
3 1309 9466 2371
3 8806 3511 6354
3 4225 97 9824
3 6986 3337 7870
3 8527 6476 1052
3 722 6921 6026
3 2421 8815 1849
3 7435 976 30
3 2475 7085 9300
3 8592 840 9084
3 2650 818 6714
3 9621 91 1052
3 4388 5167 1006
3 6782 2321 5257
3 7658 6546 8943
3 2186 6848 5652
3 5770 4424 5129
3 976 2229 7869
3 7309 6546 3491
3 86 1866 9823
3 5984 2974 7277
3 9903 6309 2320
3 674 3368 7113
3 9897 3973 6047
3 4359 1105 4129
3 9151 6047 5600
3 1173 1545 8797
3 7 1716 7302
3 9419 8597 2652
3 8319 7277 6020
3 8317 369 6175
3 6543 4335 5166
3 5040 1067 3129
3 4435 6271 4260
3 3973 7506 1385
3 7281 9509 3957
3 6601 4664 3901
3 5025 1897 5105
3 7567 9406 9751
3 8077 5128 1651
3 2943 7826 5549
3 2990 3028 932
3 6919 6337 3028
3 7402 1162 831
3 8772 5465 6692
3 4256 9791 4478
3 5759 2996 7588
3 1052 4063 7211
3 1052 5419 6090
3 91 9621 8860
3 5063 223 918
3 54 3680 7777
3 5588 918 5711
3 3541 1966 1651
3 6090 3981 6560
3 3006 7886 920
3 7714 6330 8761
3 422 1176 8694
3 6558 9270 3761
3 3721 1134 9270
3 464 6482 1064
3 7848 4141 5761
3 6748 283 7436
3 7366 8537 6851
3 6692 5465 5761
3 8978 1675 6223
3 9824 97 4366
3 2372 4663 612
3 9183 8565 1334
3 9183 1375 6546
3 9065 8736 5567
3 9311 8787 5932
3 6811 2982 3184
3 2250 5169 3416
3 1877 8547 2649
3 5111 5936 4432
3 1543 422 3576
3 932 1523 4274
3 7668 1914 7239
3 2352 4835 1037
3 9691 6919 9751
3 2756 8576 299
3 7621 505 6601
3 9406 7950 9691
3 7861 7893 9016
3 5770 7152 6913
3 2371 7194 1086
3 5183 8212 4475
3 3368 674 1555
3 444 5652 6705
3 1674 3027 9090
3 9016 7893 3171
3 18 8275 9900
3 2000 8861 8198
3 4487 1952 566
3 2212 5549 7826
3 5549 5951 9835
3 338 3721 652
3 9016 1910 7861
3 8583 5516 3072
3 5515 4282 6441
3 7980 9428 1490
3 7826 2943 4197
3 1047 9528 777
3 3657 7277 5166
3 5600 3570 9151
3 8857 1609 7718
3 6445 8832 1523
3 9697 7016 4818
3 7604 7817 4281
3 969 2441 8047
3 4647 848 3973
3 1651 5128 3541
3 8583 2556 5516
3 4335 1490 6244
3 8797 9760 1173
3 5007 3311 9210
3 5293 6103 6809
3 1438 3621 7302
3 8313 3397 4930
3 9827 4250 8241
3 3397 8313 8910
3 8786 4409 1408
3 7277 2974 6020
3 6644 8910 8173
3 9594 8685 8645
3 9507 4331 9150
3 7582 3621 1292
3 6643 7649 1871
3 4214 1037 7329
3 505 8536 5101
3 7402 5064 1162
3 1861 8132 3461
3 5820 6465 8116
3 5576 8035 7846
3 1511 8447 2445
3 5132 6046 574
3 831 8857 4138
3 8241 5590 3823
3 9295 2985 8692
3 3923 5295 469
3 8910 8313 8173
3 369 5016 735
3 9146 8073 3288
3 6230 3864 8861
3 7861 8198 5339
3 1173 9760 5975
3 1173 5975 8583
3 7950 6830 9691
3 4014 4519 1550
3 2556 7893 5516
3 8038 3924 202
3 202 9480 4519
3 6805 8113 5494
3 6782 5257 3928
3 6159 5418 8856
3 8112 2486 6921
3 7085 2487 9300
3 8526 8101 5689
3 5063 5689 1925
3 6372 143 5770
3 5700 7126 6821
3 7854 2475 9300
3 5588 2124 1216
3 9070 1220 7260
3 2488 1555 1457
3 2475 7854 9621
3 3353 1979 7623
3 7714 9582 7266
3 21 2943 7160
3 8761 6330 8830
3 6950 21 7160
3 357 8816 4351
3 1571 3210 9325
3 5131 3206 8734
3 1037 1623 2448
3 6811 8587 3486
3 7267 540 5988
3 4842 7695 906
3 9210 1716 7
3 7671 8211 2301
3 3491 1375 4487
3 252 1885 4215
3 7582 1292 338
3 3311 5007 6223
3 7252 444 1146
3 6986 8537 3337
3 2986 8768 7042
3 7808 1134 3566
3 1897 5025 6705
3 4140 2974 5975
3 3869 7668 6906
3 830 1838 7088
3 6705 1223 777
3 3823 330 4929
3 5619 8046 2347
3 3514 1308 8778
3 5167 2250 1334
3 505 2372 8536
3 1512 1021 1901
3 7649 8116 9827
3 4803 2347 8046
3 108 1636 659
3 1866 3234 2630
3 5169 2250 7194
3 3234 7804 2630
3 4366 1086 5167
3 1143 5012 5047
3 5797 5983 8435
3 7194 2250 5167
3 3393 709 8807
3 1865 85 5167
3 5437 4785 2463
3 2096 8155 7042
3 1035 7748 9768
3 7567 7950 9406
3 2250 867 3253
3 9495 5676 5923
3 2534 3673 643
3 5047 5921 7384
3 3492 536 5188
3 5166 1643 6543
3 3006 6057 1378
3 8190 9614 8433
3 6892 1866 2630
3 3235 5832 7486
3 1570 4874 5093
3 5093 2813 8266
3 2813 3223 9571
3 7557 5826 3524
3 4029 4331 9507
3 1570 4112 4874
3 8830 6330 7714
3 4646 2703 2286
3 8734 8830 7714
3 5567 6184 3026
3 7486 5832 2534
3 4141 3965 9582
3 574 8484 3301
3 9620 1008 7542
3 574 7126 5700
3 5689 8101 1925
3 4282 13 9428
3 4062 6475 5689
3 6130 1216 2124
3 4140 1545 3385
3 3006 1885 7886
3 2475 7211 4063
3 6921 6130 8112
3 223 9553 918
3 3234 8806 7782
3 7906 5941 4112
3 87 597 9084
3 7431 6310 3079
3 1308 8592 8778
3 9823 6892 4224
3 7194 2371 5169
3 85 9824 4366
3 7652 7658 8943
3 9823 1866 6892
3 4224 8592 1308
3 1925 6782 5063
3 2572 4163 8611
3 3570 969 4797
3 3669 5953 1105
3 549 7623 7876
3 7950 7567 1488
3 3134 3824 932
3 7066 7808 3566
3 5953 185 6339
3 9210 3311 2590
3 2283 1621 2635
3 3901 3327 1675
3 25 692 99
3 3813 1106 3069
3 6534 5475 3268
3 3925 6705 5025
3 947 1498 5362
3 6738 5372 899
3 1126 1182 480
3 3743 1010 6346
3 777 1146 444
3 1512 1054 8074
3 6470 9570 3224
3 1871 9558 3396
3 3064 5408 3363
3 9558 1871 8241
3 4250 9825 5590
3 5324 4519 4014
3 8902 8418 5339
3 1872 4195 6644
3 8501 7668 3869
3 3396 4194 1871
3 3387 3823 1512
3 108 8173 8313
3 4447 9734 6684
3 4460 1278 2567
3 5590 8241 4250
3 8029 1010 9501
3 6470 2526 1186
3 549 4290 3458
3 4568 3722 1372
3 8830 8808 3792
3 2418 7 7582
3 91 8856 1052
3 9300 5709 9070
3 7085 2475 4063
3 9621 7211 2475
3 4911 4973 1104
3 7668 8029 1914
3 252 5953 6339
3 7668 7553 505
3 3458 3046 549
3 4464 5131 8734
3 5567 5032 6184
3 7016 5615 4818
3 8830 8734 3370
3 574 5700 5754
3 2640 2860 3815
3 5754 3207 5132
3 9065 9444 8736
3 2114 4710 5208
3 8456 5578 4416
3 4465 7267 5132
3 3370 8734 3206
3 7771 4924 4059
3 6678 639 4096
3 663 3713 906
3 4140 9760 8797
3 2301 1722 3852
3 8029 2766 6567
3 3953 7993 9210
3 2346 3809 4478
3 6017 763 390
3 4416 5578 8066
3 4643 668 7804
3 9406 9691 9751
3 3514 3883 5695
3 1152 387 3416
3 7007 5115 6314
3 5169 2371 3413
3 8761 2146 8154
3 5059 3015 8277
3 3320 9836 9265
3 8136 5064 7402
3 7309 1196 6546
3 3416 3413 8072
3 4366 97 1086
3 5203 3962 5909
3 1195 7308 7732
3 7315 6821 8494
3 9424 585 84
3 6851 6648 6211
3 652 9768 7748
3 1981 8815 5226
3 6648 4290 549
3 7392 4848 5913
3 9835 8147 7706
3 1146 875 7252
3 2659 9776 5535
3 2601 4040 2723
3 2441 5371 2335
3 9489 647 3587
3 2943 9835 5514
3 5298 9835 7260
3 4014 4367 5324
3 5295 9609 2046
3 7368 2334 7856
3 8506 3068 6356
3 5975 9734 2419
3 6950 7160 2335
3 2248 3119 9422
3 2843 3321 6533
3 1910 9016 2000
3 6516 7454 5705
3 2556 8583 6141
3 2659 5205 9318
3 5496 6030 8047
3 8522 5374 5514
3 3570 5600 5371
3 932 3028 6445
3 6047 7113 6950
3 1897 6065 58
3 8978 652 8317
3 5405 1966 2652
3 5779 4727 1335
3 58 9645 1942
3 9843 9594 2282
3 1351 4861 1901
3 5310 7582 338
3 6606 1684 8162
3 7368 4242 5214
3 1860 9825 4250
3 1376 8114 9685
3 5711 5193 1017
3 8113 6805 9300
3 6805 5709 9300
3 6683 7016 6199
3 9070 5709 6805
3 532 2321 6782
3 8212 5577 6534
3 6130 29 722
3 7803 6708 602
3 5405 4129 1105
3 6310 7854 3846
3 8730 7867 3250
3 252 4215 8077
3 9501 1914 8029
3 56 7814 9697
3 7826 3368 2488
3 2723 7260 5951
3 2125 1879 5494
3 9501 4795 9553
3 1513 2441 2335
3 6698 4330 3552
3 223 5183 4475
3 3687 6172 2160
3 9026 7804 7270
3 5439 7026 5916
3 3413 2371 9466
3 8088 9549 6601
3 4004 1170 640
3 3571 387 5031
3 1866 8806 3234
3 8537 6986 6851
3 4224 6892 2630
3 9466 8072 3413
3 2566 3359 2513
3 2371 97 4225
3 387 3571 3416
3 802 6470 1186
3 8565 9183 7652
3 222 5535 2256
3 1151 4330 669
3 1721 6339 185
3 7652 2438 1006
3 5617 7352 7732
3 1616 8214 6043
3 7721 5468 5187
3 4096 4004 94
3 8077 5953 252
3 1885 252 3010
3 5916 840 7270
3 8050 8753 6717
3 8050 1488 5655
3 9034 338 652
3 6073 6706 3995
3 6230 5010 6850
3 8275 5999 8849
3 4070 7905 776
3 1134 3721 3566
3 1488 8050 6717
3 6046 3184 8484
3 6017 5010 6717
3 2170 7692 3595
3 8786 2421 4409
3 3046 4444 7714
3 6046 7267 5988
3 5700 9641 4170
3 7066 7366 7808
3 7126 3301 5710
3 7598 48 3196
3 3184 3344 3713
3 4859 9804 3173
3 5324 4367 6230
3 2439 8132 831
3 3761 322 6211
3 5652 7252 738
3 738 8214 1616
3 1223 3925 8832
3 7817 3837 6738
3 4944 6164 2267
3 71 4168 2273
3 4861 330 3823
3 2974 6684 9734
3 5463 659 5109
3 3713 5710 3184
3 6543 1643 9888
3 2267 6164 6754
3 4282 9428 6441
3 9352 13 5197
3 4335 6244 7671
3 6558 7143 1224
3 2267 6754 3978
3 7623 2968 7876
3 4245 1488 7567
3 5166 7277 1643
3 8758 8596 4992
3 8173 2511 6644
3 3173 6706 6073
3 6644 3397 8910
3 3512 804 4679
3 7950 7287 6830
3 4851 6239 7846
3 2311 8673 1875
3 9825 1259 8074
3 3823 9558 8241
3 8446 5567 8736
3 815 6466 831
3 1732 5684 7033
3 8132 1376 9755
3 2870 7220 4176
3 7298 2314 3995
3 4461 2985 7159
3 1550 8493 1888
3 5515 7980 3072
3 9753 9129 1898
3 3901 1675 8978
3 5689 722 6026
3 3824 3134 7567
3 6708 2564 3068
3 8198 1910 2000
3 1216 6130 722
3 5951 5549 2212
3 8719 3906 6942
3 9299 1724 5178
3 3682 8325 2891
3 6805 5494 9070
3 2997 6411 5516
3 9150 4331 7758
3 9122 6606 8162
3 1356 650 1594
3 5729 9744 8096
3 597 6320 958
3 9210 2418 5007
3 958 3883 597
3 8072 6314 1152
3 1927 1248 2762
3 1086 97 2371
3 3491 6546 1375
3 5424 9444 6511
3 8943 2649 7652
3 2448 7329 1037
3 875 1146 818
3 5684 1732 911
3 777 8630 1146
3 1848 4408 3983
3 1675 4664 6223
3 223 5063 3928
3 9055 2186 1616
3 5310 338 9034
3 7066 338 9079
3 7808 7366 322
3 1668 3877 9640
3 1220 5298 7260
3 2379 8506 6356
3 6886 8682 1999
3 21 6950 7113
3 7366 6851 322
3 4710 8710 3690
3 4129 3570 4359
3 5754 6341 3371
3 6346 6567 5423
3 3877 3792 9640
3 25 5312 3837
3 8114 6778 1162
3 5700 1669 9641
3 9640 6340 4169
3 8830 3370 6340
3 3669 4797 8602
3 9151 9897 6047
3 990 5077 9595
3 5226 8786 3628
3 6732 1626 1416
3 6445 3028 8708
3 6968 2955 816
3 1901 4861 3387
3 7402 4335 8136
3 6103 5591 2510
3 9755 2985 9295
3 1623 2352 218
3 7230 6224 3010
3 4929 330 4861
3 7315 7967 4848
3 4274 7220 3134
3 354 1636 6947
3 1871 9827 8241
3 4930 7006 108
3 4176 5537 2870
3 6411 8060 8407
3 1545 1173 3072
3 5105 58 1942
3 8576 4848 5354
3 8501 8029 7668
3 8426 5661 328
3 7968 2672 4900
3 5424 6178 8149
3 8576 2756 9422
3 2766 603 6567
3 3460 5576 8105
3 6244 8211 7671
3 4409 1849 5059
3 7854 6310 7431
3 5588 7080 4813
3 722 5689 5063
3 6601 8261 6456
3 9501 5711 918
3 7173 4059 4924
3 5689 6026 7084
3 1010 5711 9501
3 776 7905 8317
3 6020 2974 4140
3 7402 831 4138
3 7542 1008 406
3 8114 1376 6778
3 4760 4040 3846
3 9835 6976 5514
3 4445 9446 7763
3 3792 3877 5032
3 906 3713 4842
3 1745 7143 6558
3 7706 6976 9835
3 8154 7623 8761
3 9640 8808 8830
3 2145 4050 3934
3 8830 6340 9640
3 8145 3439 7265
3 3792 8808 9640
3 3370 3206 5753
3 2943 5549 9835
3 2259 9749 6164
3 2341 4082 1051
3 2841 5171 5493
3 2286 2703 5548
3 2986 8096 4295
3 5700 4170 5754
3 3824 9751 2990
3 7160 2943 5514
3 5913 456 7392
3 1513 7160 5514
3 7368 1271 2334
3 5599 1372 4460
3 6856 9626 390
3 2773 1923 5744
3 5600 6950 2335
3 3570 5371 969
3 4797 3669 4359
3 390 9626 2571
3 669 4330 5438
3 5909 6734 899
3 5260 4390 8672
3 948 9553 4475
3 5372 9007 1076
3 7152 8100 6913
3 3015 2248 767
3 5339 8198 8861
3 5324 2000 9016
3 7623 549 3046
3 8806 6354 7782
3 840 5916 7114
3 9058 2075 8095
3 9270 1224 3721
3 1856 1093 2431
3 8902 8861 1349
3 7732 7352 8214
3 3288 8426 328
3 5167 4388 1865
3 7114 5916 2080
3 6606 222 8478
3 3515 9466 1309
3 3072 1173 8583
3 2371 4225 1309
3 3396 9558 4929
3 1512 1901 3387
3 5098 9549 8088
3 5605 4097 5706
3 3297 3610 5077
3 6644 4195 3397
3 3883 3514 597
3 2684 9237 3000
3 5724 1227 4759
3 7122 596 9131
3 1375 9183 2250
3 3253 1375 2250
3 989 652 7748
3 8584 7732 7308
3 8317 3901 8978
3 8317 652 989
3 4281 7817 6738
3 7623 8154 3353
3 7658 9183 6546
3 5599 9685 8114
3 6043 5163 9055
3 8132 815 831
3 2439 831 1162
3 9549 2896 8261
3 4810 268 1460
3 8249 9901 9645
3 1376 9685 2985
3 3461 8106 1861
3 4444 4561 9582
3 338 1292 9079
3 6778 2439 1162
3 2571 8861 3864
3 5121 1469 7663
3 3687 4575 8733
3 6850 5010 6017
3 8766 1571 7508
3 4215 343 5128
3 6224 1127 6698
3 8861 2000 6230
3 9300 3846 7854
3 6470 3687 2160
3 3846 9070 4760
3 2212 2723 5951
3 8198 7861 1910
3 6658 6534 7432
3 4911 1104 2410
3 652 8978 9034
3 2379 8522 6899
3 2379 6356 9803
3 7658 7652 9183
3 6601 3869 7621
3 2566 5696 863
3 1838 5706 5135
3 8072 1152 3416
3 840 7114 1209
3 8778 8592 597
3 5115 7007 8898
3 2566 9466 3515
3 5611 6119 6321
3 4036 566 3127
3 1195 3842 818
3 5514 6976 7706
3 1224 1035 9768
3 150 3955 5060
3 1314 7351 3070
3 8629 9134 4537
3 890 3711 4704
3 8211 5896 2301
3 9775 3720 9099
3 1721 1156 8716
3 4290 3321 3458
3 5371 5600 2335
3 150 2341 1051
3 4215 1885 3006
3 147 7550 6303
3 4101 1064 7019
3 1105 4359 3669
3 8805 442 6738
3 3669 1721 185
3 5923 5676 6897
3 147 1399 3254
3 7542 406 7315
3 3962 3073 8027
3 6244 3748 5896
3 222 6606 5535
3 1848 5154 4408
3 4274 1523 5025
3 6558 3761 1745
3 1523 8832 3925
3 8611 7061 1035
3 5032 3877 6184
3 7567 9751 3824
3 6648 3321 4290
3 8522 7706 6899
3 4176 7220 9645
3 2756 5942 7057
3 4170 6341 5754
3 3792 5032 2146
3 4741 8979 1408
3 7692 5779 3595
3 8145 6958 9458
3 5754 5132 574
3 8736 2146 8446
3 4497 1669 5700
3 2999 8568 8777
3 9236 4929 4861
3 5101 8536 1075
3 406 1008 1674
3 6821 7315 4497
3 3761 6211 2968
3 9628 9619 5992
3 4743 6220 3389
3 5109 9844 5463
3 1745 3761 2968
3 2860 2640 8607
3 7220 4245 3134
3 9352 3748 7214
3 4537 9134 6605
3 1942 7220 5105
3 3385 1545 7980
3 7671 4537 6605
3 4245 7220 2870
3 5655 1488 4245
3 4245 7567 3134
3 742 2061 5942
3 8131 1860 4250
3 9825 1054 5590
3 7008 3627 6576
3 9501 948 1914
3 5289 4183 2154
3 7019 1064 3710
3 9837 6570 1939
3 1939 4759 5487
3 9803 8487 4969
3 1879 9070 5494
3 7910 6346 5423
3 7084 4062 5689
3 1914 948 7239
3 9551 7459 8628
3 4245 8753 5655
3 4537 3852 8629
3 5809 6958 8145
3 5535 5205 2659
3 1186 2526 3224
3 390 6850 6017
3 6054 8157 3722
3 776 7748 4070
3 3566 338 7066
3 5759 8466 6059
3 5353 1570 854
3 6570 5724 1939
3 6026 6921 7084
3 6054 6605 9134
3 5098 3901 8317
3 1372 8114 4568
3 3362 3223 8958
3 1781 94 4004
3 1151 4642 1781
3 840 2630 9026
3 3669 8602 1721
3 6548 2372 7553
3 8778 597 3514
3 6339 8716 7230
3 7159 2985 9596
3 3571 2250 3416
3 8943 6546 1196
3 6372 5224 143
3 9553 223 4475
3 5063 6782 3928
3 4179 7145 4576
3 6064 6698 3552
3 7867 6280 3494
3 7876 2968 6648
3 8565 7652 1006
3 85 4366 5167
3 1838 5135 87
3 8898 7007 2254
3 6314 5031 387
3 1334 8565 5167
3 8418 8060 6411
3 9711 9106 3171
3 5972 3492 5200
3 2146 8761 3792
3 3439 8145 2129
3 9070 6708 3068
3 875 3842 1195
3 1979 8611 7143
3 8407 6744 8270
3 5121 4168 1469
3 1220 9070 8506
3 9099 5468 9775
3 9711 3171 7893
3 3072 5516 134
3 3027 4497 9090
3 1875 8673 1961
3 3792 8761 8830
3 2335 7160 1513
3 8446 5032 5567
3 444 6705 777
3 3027 1669 4497
3 9055 6065 1897
3 6043 8214 6214
3 5494 8113 6131
3 8494 663 2286
3 5374 2441 1513
3 6511 9164 7794
3 4482 5423 603
3 5203 1382 3073
3 5424 3353 8736
3 2999 9236 8568
3 6947 1636 108
3 8568 9236 1351
3 2273 4168 5121
3 8060 9458 9278
3 7006 4930 9237
3 2282 9443 2510
3 3069 1106 3362
3 7856 2334 1181
3 6065 8249 58
3 3892 2970 4214
3 8851 8442 7176
3 1897 3133 6848
3 3512 9284 804
3 9843 2282 5462
3 9901 4176 9645
3 4683 3009 4803
3 9901 8249 5824
3 1490 4335 6543
3 8446 2146 5032
3 3460 8035 5576
3 2985 9755 1376
3 2890 1356 8099
3 1351 9236 4861
3 7601 9418 3346
3 1259 5576 8074
3 6102 8765 7507
3 4851 1796 6239
3 6258 3628 8786
3 1745 2968 7623
3 4250 814 8131
3 504 5896 3183
3 1355 2178 7696
3 6230 2000 5324
3 2301 5896 1722
3 6878 5233 4904
3 8629 1617 4415
3 8224 48 7598
3 2997 5516 7861
3 9267 7803 3737
3 4973 4911 6763
3 4813 7080 4490
3 2936 5728 2254
3 5031 6314 5115
3 2936 2254 863
3 4664 3327 3901
3 1007 9065 1673
3 7896 7192 765
3 3253 867 4487
3 2985 4461 8692
3 979 8138 4633
3 8943 1196 2649
3 6178 4431 7823
3 8088 6601 3901
3 1195 818 2650
3 6184 1668 3026
3 5360 807 661
3 5031 996 3538
3 5567 3026 1673
3 2901 7470 54
3 9736 8957 3172
3 9619 9628 1007
3 863 3359 2566
3 4487 1375 3253
3 7859 3491 4487
3 7239 7553 7668
3 1674 9090 406
3 3465 6576 9549
3 6122 7661 8602
3 6223 5310 8978
3 7707 7399 4232
3 9443 4281 6173
3 5953 8077 5405
3 4129 9151 3570
3 268 4706 8730
3 4848 7967 5354
3 3720 7661 6122
3 2309 7348 9478
3 2282 8645 6056
3 3593 8833 256
3 6019 6776 7721
3 5585 6924 2872
3 5657 5493 6940
3 7230 3010 6339
3 1156 6776 7230
3 7187 7975 1829
3 8029 6346 1010
3 1942 9645 7220
3 7719 8171 6399
3 1636 8357 659
3 5786 6698 5697
3 1901 1021 1351
3 8074 1054 9825
3 4109 2491 6809
3 6356 2564 9803
3 6702 4974 6764
3 9645 58 8249
3 6511 9628 8831
3 8628 8886 9551
3 8753 8050 5655
3 5423 6940 7910
3 1683 5836 6682
3 3975 7669 504
3 5167 1086 7194
3 9736 1610 5972
3 5200 5188 1952
3 2067 8851 4390
3 5494 6131 2125
3 5374 1513 5514
3 9266 4490 4973
3 7803 1879 3737
3 9806 5493 4767
3 602 9070 1879
3 2410 1104 2768
3 71 6411 8270
3 3736 2124 9266
3 870 6516 7464
3 969 5371 2441
3 6942 3906 2747
3 5896 3748 3183
3 3183 9352 504
3 2270 5496 8047
3 93 6017 8753
3 6856 763 6017
3 4415 9134 8629
3 2837 4098 9206
3 2314 4992 3995
3 7816 8157 6054
3 1278 3722 8157
3 749 4401 8006
3 9134 7816 6054
3 3809 7816 4415
3 3171 9106 5324
3 7669 8814 3881
3 4568 8136 3722
3 9295 8132 9755
3 1675 3327 4664
3 9776 2659 8051
3 6411 2997 8418
3 5515 134 71
3 6050 7364 1907
3 8786 8815 2421
3 6601 505 3311
3 7861 5339 2997
3 1035 7061 8171
3 5516 7893 7861
3 1469 4168 6744
3 1472 4097 5605
3 2566 3515 5696
3 8171 8611 6399
3 8592 4224 2630
3 9768 3721 1224
3 6320 597 87
3 3359 863 2254
3 387 1152 6314
3 1334 2250 9183
3 7856 9570 2160
3 7732 8214 875
3 1067 7371 2296
3 1051 804 9284
3 406 4497 7315
3 9628 9065 1007
3 8214 7352 5617
3 7896 9794 938
3 6184 3877 1668
3 9065 5567 1673
3 9768 652 3721
3 8831 938 1828
3 9549 5098 3465
3 5824 5155 275
3 7252 875 738
3 5617 8584 7860
3 6327 2970 5749
3 2511 5592 6644
3 6947 42 9237
3 5749 2351 6327
3 108 42 6947
3 4848 7429 4853
3 256 5585 2872
3 990 9595 5109
3 8961 8046 7159
3 5537 8753 2870
3 2703 4646 7695
3 9512 3091 1785
3 4929 9558 3823
3 42 108 7006
3 3010 6224 6064
3 2870 8753 4245
3 9422 7057 4741
3 7876 6648 549
3 6239 1796 1021
3 6856 6017 93
3 4741 7057 5942
3 5599 4460 9596
3 5354 5548 299
3 7149 1768 1732
3 7364 3104 7116
3 3387 4861 3823
3 9295 8692 3461
3 6175 5098 8317
3 3311 6223 4664
3 4808 3454 1785
3 553 2379 3543
3 3611 7503 464
3 8736 9444 5424
3 5537 5824 275
3 4797 4359 3570
3 1224 9270 6558
3 7650 9099 2837
3 2572 3353 5424
3 4545 9609 4098
3 4671 2654 8596
3 6821 5710 8494
3 8831 9628 5992
3 1828 938 9794
3 8044 2754 4569
3 7542 7315 5683
3 5010 4014 7287
3 9278 8051 8060
3 4904 5233 1017
3 2706 4822 65
3 185 5953 3669
3 8224 9626 8758
3 2571 3864 6850
3 6698 9195 5697
3 6698 6064 6224
3 7598 3196 8908
3 668 5439 7270
3 7663 4282 5121
3 5785 6948 4607
3 5438 4330 1587
3 7804 9026 2630
3 958 6320 5695
3 979 353 6725
3 9903 3314 2754
3 9422 767 2248
3 7696 8813 8814
3 7980 1545 3072
3 6064 7886 1885
3 6456 8501 3869
3 8072 9466 2566
3 1952 867 3538
3 5896 8211 6244
3 6134 7408 6199
3 7319 686 8082
3 989 7748 776
3 5706 1838 830
3 2513 6314 8072
3 1143 9191 2290
3 2535 6532 3674
3 2566 2513 8072
3 3183 3748 9352
3 3538 867 5031
3 7732 875 1195
3 8138 6725 5629
3 8576 9422 3119
3 602 1879 7803
3 2410 6763 4911
3 6708 9070 602
3 1979 3353 2572
3 2046 3091 5295
3 7143 1745 1979
3 6921 29 6130
3 6605 6054 3722
3 58 5105 1897
3 2186 9055 6848
3 6848 6705 5652
3 9596 4460 3168
3 4969 8487 2564
3 3846 9300 9070
3 1220 6899 7706
3 7486 643 6577
3 6545 968 6532
3 8833 2999 6083
3 3838 2879 4311
3 4545 3543 9609
3 7706 5298 1220
3 4633 5617 4147
3 8114 8136 4568
3 354 2684 8834
3 42 7006 9237
3 9090 4497 406
3 1021 2879 6924
3 3274 2999 8777
3 9596 3168 7159
3 6778 1376 8132
3 8114 1372 5599
3 2896 603 2766
3 6702 6708 9267
3 1216 918 5588
3 6764 552 4969
3 5193 5711 1010
3 8294 9421 4671
3 918 4795 9501
3 6230 6850 3864
3 2768 1104 7459
3 8978 5310 9034
3 2379 9609 3543
3 7573 8867 5085
3 176 9903 353
3 8941 3465 735
3 8270 6744 4168
3 71 5516 6411
3 2766 8029 1175
3 7315 2286 5354
3 5184 357 4431
3 222 5809 8478
3 8407 8270 6411
3 5184 8816 357
3 5683 7897 5993
3 7214 3748 9428
3 9164 1828 9794
3 6009 4070 7748
3 8831 5992 938
3 3869 6906 7621
3 5683 7315 4853
3 7794 9164 5184
3 4499 2080 2874
3 4848 7392 7193
3 1838 87 7088
3 307 8223 506
3 3416 5169 3413
3 2710 4295 9214
3 4070 6009 3272
3 7123 2860 3892
3 6306 4431 6058
3 5031 7445 8957
3 7445 8898 8957
3 5493 5171 4810
3 1134 322 3761
3 6848 9055 1897
3 6214 9899 4633
3 5085 8739 7573
3 3146 5826 3614
3 3687 6470 4575
3 1616 2186 738
3 8522 2379 5374
3 6030 4797 969
3 9775 5468 3249
3 1721 9775 3249
3 8146 1571 8766
3 6019 7721 5187
3 8716 6339 1721
3 1127 6019 8672
3 1381 5438 5786
3 3080 6030 4545
3 2543 6056 7604
3 4853 7315 4848
3 6043 6214 1848
3 9131 8813 7696
3 8834 2684 3000
3 1732 1768 911
3 1490 3385 7980
3 2309 1035 8171
3 5197 7696 3975
3 6258 5312 25
3 9428 3748 6244
3 5109 1918 990
3 1617 8629 3852
3 9901 5824 5537
3 5537 4176 9901
3 1617 1722 7669
3 1724 2890 8099
3 3838 2872 2879
3 7671 3852 4537
3 4415 7816 9134
3 1512 3823 1054
3 5002 3800 5059
3 3852 1722 1617
3 4415 3881 3809
3 3168 9791 4256
3 3091 4680 8220
3 8036 3461 2347
3 1259 9825 1860
3 7816 3809 2346
3 9444 9628 6511
3 8645 2282 9594
3 1372 3722 1278
3 2567 2346 9791
3 93 5537 275
3 2571 6850 390
3 1860 8105 1259
3 911 1724 5684
3 772 5341 765
3 5993 9620 5683
3 8074 5576 6239
3 1209 7088 840
3 7270 7804 668
3 6009 2309 9478
3 4996 6980 4810
3 840 9026 7270
3 6261 8941 6934
3 7905 4070 3272
3 5695 3883 958
3 1127 6224 7230
3 3249 1156 1721
3 7088 1209 830
3 6314 3359 7007
3 5706 7486 2935
3 830 1209 5605
3 8046 4461 7159
3 5706 830 5605
3 3172 9281 6348
3 87 9084 7088
3 5617 9899 8214
3 566 1952 5188
3 3127 5188 5085
3 1349 4641 8902
3 8584 7308 7860
3 8051 9278 9776
3 7320 2080 4499
3 5224 8607 2640
3 5683 9620 7542
3 1828 6511 8831
3 6230 4367 5010
3 1979 1745 7623
3 7192 5133 772
3 7429 4848 7193
3 4351 3764 6253
3 862 6059 1571
3 6682 2178 1683
3 6899 8506 2379
3 3822 5810 8502
3 1879 2125 3737
3 2564 8487 9803
3 4490 7080 3980
3 9266 2124 4813
3 7661 3720 9775
3 7080 5588 5711
3 143 7152 5770
3 3272 6934 5016
3 3975 7696 8814
3 4741 767 9422
3 3822 8502 8657
3 2309 6009 1035
3 6763 2410 2768
3 5412 1337 8095
3 6017 6717 8753
3 2769 9552 4969
3 7771 7116 3104
3 6030 969 8047
3 3778 5942 2061
3 1126 7857 1182
3 7459 3980 6874
3 3710 1064 9560
3 6456 3869 6601
3 5093 4874 2813
3 5093 8795 854
3 6576 3465 7008
3 6856 8758 9626
3 7869 1858 4662
3 1408 8277 4741
3 1951 5208 2594
3 8611 1979 2572
3 4282 5197 13
3 9131 8016 8813
3 1490 9428 6244
3 6441 7980 5515
3 3168 4460 9791
3 13 7214 9428
3 4851 7033 5684
3 8157 7816 1278
3 4415 1617 7669
3 677 8813 2283
3 9444 9065 9628
3 3838 4135 2872
3 2684 6947 9237
3 217 2635 7408
3 354 5109 1636
3 6924 3274 1021
3 5077 287 3297
3 2543 9443 2282
3 4087 2606 2739
3 9736 996 8957
3 8223 307 9614
3 8539 5972 1610
3 8417 779 7459
3 6708 7803 9267
3 2564 6764 4969
3 7706 8147 5298
3 3068 8506 9070
3 1216 722 918
3 5514 7706 8522
3 2270 2441 5374
3 8602 4797 6030
3 4390 9195 8672
3 8285 3906 8719
3 9058 3264 9118
3 1017 5233 6874
3 353 1902 8866
3 4082 630 804
3 7309 3491 7859
3 1848 3983 5163
3 7088 9084 840
3 470 677 217
3 7329 2448 3672
3 8434 5727 2935
3 1722 5896 504
3 9084 597 8592
3 2935 4707 8434
3 6607 1610 3172
3 5334 9851 1051
3 2860 2970 3892
3 1035 1224 8611
3 2250 5031 867
3 3722 8136 6605
3 2567 1278 2346
3 4367 4014 5010
3 7020 3711 5353
3 2985 9685 5599
3 6346 8029 6567
3 5548 5354 2286
3 2635 9787 7408
3 1051 4082 804
3 8267 8805 5312
3 2703 6551 2756
3 1422 48 7298
3 4352 5134 4754
3 5059 1849 5002
3 1849 6748 5002
3 9458 8908 2129
3 8149 2572 5424
3 3102 6609 1435
3 4163 2572 6306
3 2273 5515 71
3 1751 8733 4575
3 2160 9570 6470
3 6511 1828 9164
3 8902 5339 8861
3 8468 3594 287
3 7329 2431 3892
3 4311 2879 1796
3 305 9426 9403
3 3224 2526 6470
3 5109 354 1918
3 1175 2896 2766
3 8051 2659 1683
3 5002 31 4117
3 9164 9794 765
3 1893 376 5334
3 8029 6456 1175
3 7663 1469 1683
3 4351 4753 3764
3 7193 7392 5134
3 3502 7149 4174
3 1732 258 7149
3 8270 4168 71
3 7669 1722 504
3 5468 7650 5187
3 1732 8035 258
3 5026 1724 9299
3 6064 1885 3010
3 3881 4415 7669
3 299 8576 5354
3 3465 6175 735
3 5098 6175 3465
3 735 6175 369
3 6261 9790 3465
3 8317 989 776
3 9551 2768 7459
3 2970 6327 4214
3 1209 2080 83
3 6009 7748 1035
3 1721 8602 7661
3 6776 1127 7230
3 6702 9267 4974
3 5374 2379 553
3 5040 262 8921
3 2254 7007 3359
3 5578 8456 1480
3 8628 7777 8886
3 3531 2046 9803
3 1610 9736 3172
3 2431 8423 1856
3 8219 9551 8886
3 1017 5193 3743
3 4490 9266 4813
3 9281 8957 8898
3 566 7859 4487
3 867 1952 4487
3 5972 8539 5633
3 1952 996 5200
3 4688 8320 1211
3 3272 6009 9478
3 7823 6306 8149
3 1104 4973 4490
3 1211 8320 4065
3 9146 328 3822
3 8816 772 4351
3 4813 2124 5588
3 1349 8861 2571
3 2186 5652 738
3 7758 2986 2710
3 3231 470 217
3 8223 9281 8898
3 765 9794 7896
3 4848 8576 5913
3 4431 7794 5184
3 2654 4992 8596
3 6314 2513 3359
3 3765 7392 4823
3 553 5496 2270
3 772 765 7192
3 3978 1527 6073
3 4633 1902 353
3 2248 3015 5059
3 7429 7897 5683
3 5510 847 7348
3 8277 4409 5059
3 1571 9325 3989
3 7159 3168 4256
3 6738 899 6734
3 9791 2346 4478
3 787 9310 1579
3 5163 1893 8249
3 7406 9593 1478
3 8261 6601 9549
3 2640 6058 5224
3 6306 5876 4163
3 3080 4545 4098
3 5163 6065 9055
3 5876 2640 3815
3 854 8795 5353
3 8908 4641 7598
3 2160 6172 4242
3 5510 7348 687
3 8029 8501 6456
3 5770 6913 2527
3 7683 8719 7246
3 6343 9403 5939
3 6947 2684 354
3 8833 6083 5585
3 1918 354 8834
3 1021 8568 1351
3 8126 2706 65
3 6837 5353 8795
3 8418 2997 5339
3 6837 5093 8266
3 8171 687 2309
3 5121 4282 2273
3 7507 3988 6102
3 1372 1278 4460
3 4282 5515 2273
3 9299 305 6343
3 6134 6199 6220
3 8149 6306 2572
3 2879 1021 1796
3 8016 9131 9280
3 603 2896 6576
3 1543 6619 422
3 5728 8433 506
3 864 5695 5135
3 3680 4807 1784
3 4996 4810 5171
3 8100 5785 4607
3 8506 6899 1220
3 5133 4351 772
3 4754 5134 7392
3 6274 5785 65
3 31 5002 7436
3 938 5992 7896
3 3980 1104 4490
3 2564 6708 6702
3 6744 8407 8051
3 456 4823 7392
3 3765 4754 7392
3 5785 1049 8126
3 5683 4853 7429
3 143 5224 6075
3 9284 1893 5334
3 5002 4117 9148
3 9284 5334 1051
3 1951 2594 9565
3 8060 8418 4641
3 1104 3980 7459
3 9458 4641 8908
3 7348 2309 687
3 8611 1224 7143
3 1349 2571 8224
3 6346 4904 6152
3 7159 470 3231
3 4478 3809 3881
3 4641 8418 8902
3 5949 6934 1856
3 5197 3975 9352
3 3852 7671 2301
3 6567 603 5423
3 8132 2439 6778
3 7910 6940 6878
3 5445 7470 3250
3 6356 3068 2564
3 7794 4431 5424
3 8657 8765 6102
3 369 8317 7905
3 3743 5193 1010
3 4098 9609 5295
3 3543 5496 553
3 9791 4460 2567
3 3080 8602 6030
3 8261 1175 6456
3 6030 3543 4545
3 9164 5341 5184
3 9775 1721 7661
3 9790 5949 6255
3 3594 7401 3297
3 6964 6545 3377
3 3837 7817 7604
3 2282 2510 658
3 5187 7650 1000
3 5468 6776 3249
3 7027 1381 2873
3 5916 7270 5439
3 8263 83 7320
3 5487 4759 9851
3 5109 8357 1636
3 6698 1127 8672
3 1021 3274 8777
3 5585 3274 6924
3 8433 2290 8190
3 5200 996 9736
3 9614 307 8433
3 2994 5066 3983
3 8423 6255 1856
3 7320 4499 8263
3 506 8223 5728
3 8957 996 5031
3 4803 8046 4683
3 6698 8672 9195
3 5617 7732 8584
3 9899 5617 4633
3 7573 318 8867
3 1350 1727 9837
3 5130 5334 376
3 5824 8249 1893
3 6239 1512 8074
3 5684 4135 4851
3 1907 585 6050
3 6682 5836 9565
3 9278 6958 9776
3 9458 8060 4641
3 8596 8758 4671
3 8337 3100 7123
3 7779 7265 3439
3 5779 1335 2717
3 4679 2259 4944
3 8673 1422 7298
3 9421 3978 4671
3 3196 48 7779
3 2341 630 4082
3 5155 1893 3512
3 1683 1469 6744
3 2624 2051 6683
3 5016 369 7905
3 7159 6134 8961
3 3627 4538 686
3 3272 5016 7905
3 5295 3923 9206
3 1000 4390 5260
3 6261 6934 5949
3 1587 4330 6698
3 1406 4175 3009
3 479 8046 4743
3 6058 6075 5224
3 664 5413 4023
3 4300 8155 5343
3 349 4482 6576
3 4759 150 9851
3 5611 4242 3480
3 3815 3100 5510
3 56 6220 6199
3 2046 9609 9803
3 1785 3454 469
3 7771 179 4924
3 9551 8219 6286
3 5045 7777 8628
3 2431 847 8337
3 8008 2841 5493
3 4904 7910 6878
3 5493 1460 4767
3 8941 735 5016
3 4147 5617 7860
3 5085 5188 8739
3 6525 4602 8285
3 8277 767 4741
3 1623 218 375
3 1011 4688 6098
3 1381 4500 2873
3 99 5226 25
3 1355 7663 2178
3 4707 1144 8434
3 4969 9552 6287
3 353 1690 6725
3 1727 2261 9837
3 4431 6306 7823
3 5115 7445 5031
3 5728 8898 2254
3 9343 9614 8190
3 5031 2250 3571
3 968 7384 6532
3 3576 422 318
3 566 4036 7859
3 8835 1951 8208
3 2769 552 6764
3 4147 1902 4633
3 6178 5424 4431
3 6255 3627 7008
3 1281 1011 84
3 9118 9758 8466
3 84 585 1281
3 6874 3980 7080
3 9565 5836 1951
3 6152 3743 6346
3 287 3594 3297
3 4135 3838 4311
3 4175 7150 3009
3 8265 1126 6836
3 7856 7941 7368
3 9280 430 8016
3 1848 5163 6043
3 5671 4105 6525
3 6214 7841 5154
3 275 6856 93
3 7719 5510 8171
3 4163 7719 6399
3 4688 8456 6098
3 6207 3983 4408
3 5341 772 8816
3 1796 4851 4311
3 3594 8468 8834
3 9851 150 1051
3 1049 9714 357
3 6058 5876 6306
3 8100 1049 5785
3 2896 1175 8261
3 6605 8136 7671
3 6122 8602 3080
3 3682 9472 1406
3 259 2347 7150
3 3461 8132 9295
3 9099 3720 6122
3 2659 5836 1683
3 7033 4851 7846
3 4174 2890 3502
3 6122 3080 4098
3 4803 7150 2347
3 8607 9145 2860
3 1683 6744 8051
3 5224 9145 8607
3 9714 7152 143
3 1408 8267 6258
3 9352 7214 13
3 630 2259 4679
3 6253 357 4351
3 3975 504 9352
3 4679 804 630
3 630 9749 2259
3 7846 8035 1732
3 677 3881 8814
3 677 2283 217
3 5423 4482 5657
3 2654 4671 3978
3 5657 4482 349
3 677 470 3881
3 1557 5024 664
3 6764 2564 6702
3 2314 7298 8758
3 1856 6934 1093
3 9478 6934 3272
3 1127 6776 6019
3 8692 4461 3461
3 7159 3231 6134
3 4461 8046 5619
3 349 7319 8008
3 4033 6653 7032
3 4101 3611 464
3 2334 1271 7946
3 1017 3743 6152
3 8627 9806 8417
3 3100 8337 847
3 8627 5493 9806
3 390 763 6856
3 3492 5972 5633
3 6287 4680 3091
3 5135 5695 6320
3 8758 7298 48
3 2837 9099 6122
3 218 2352 8082
3 7598 4641 1349
3 8886 7777 1193
3 8739 536 3492
3 2935 5135 5706
3 5688 8981 8145
3 8851 7176 4390
3 9318 5205 5535
3 8433 307 506
3 3672 1623 5356
3 7486 1144 4707
3 8051 8407 8060
3 469 3454 280
3 8190 2290 3911
3 7841 6214 5629
3 8795 5093 6837
3 4666 3593 4050
3 5016 6934 8941
3 9790 7008 3465
3 7445 5115 8898
3 376 5163 5066
3 6958 9278 9458
3 5657 6940 5423
3 8478 3364 6606
3 2837 6122 4098
3 1893 5163 376
3 4147 8866 1902
3 4232 7399 8920
3 8138 6214 4633
3 6609 5597 2424
3 7028 3627 6255
3 9478 7348 847
3 5208 3102 9280
3 5585 6083 3274
3 847 2431 9478
3 3815 7719 4163
3 8921 1067 5040
3 7846 6239 5576
3 7846 1732 7033
3 6576 2896 9549
3 603 6576 4482
3 7028 4538 3627
3 779 8628 7459
3 469 9512 1785
3 7080 5711 1017
3 9609 2379 9803
3 6287 3531 4969
3 1037 713 2352
3 1093 9478 2431
3 1000 5260 5187
3 4023 262 5040
3 5493 8627 6878
3 4575 802 1751
3 4969 552 2769
3 6878 6940 5493
3 5178 5991 9299
3 5657 349 8008
3 4499 557 8263
3 7650 5468 9099
3 1380 6276 557
3 6856 275 5155
3 4671 6856 5155
3 8866 1792 353
3 5188 536 8739
3 384 1892 1527
3 143 4431 9714
3 6073 2654 3978
3 7823 8149 6178
3 8758 6856 4671
3 2259 6164 4944
3 4992 2314 8758
3 6607 3172 6348
3 9343 7384 968
3 2290 9191 1514
3 8224 2571 9626
3 262 5413 5024
3 3127 4148 4036
3 5749 2970 9145
3 9131 596 3539
3 8105 5576 1259
3 2431 8337 7123
3 3172 8957 9281
3 3815 4163 5876
3 8814 7669 3975
3 1875 9481 5688
3 9131 3539 9280
3 2346 1278 7816
3 3127 8867 4148
3 8044 5629 1690
3 3196 7779 3439
3 8777 8568 1021
3 9787 6683 6199
3 4900 1922 9254
3 5487 5130 2994
3 287 5077 990
3 480 8620 1126
3 5341 8816 5184
3 3215 2170 5809
3 9595 9844 5109
3 6083 2999 3274
3 3119 2248 3800
3 1049 7152 9714
3 3892 2431 7123
3 6275 66 456
3 3593 256 2872
3 3593 2872 8110
3 2935 864 5135
3 6253 3764 4822
3 1049 6253 2706
3 5913 8576 3119
3 6949 9148 4608
3 4667 3610 3297
3 9443 6173 6103
3 9403 9426 5939
3 2224 407 8815
3 7193 7897 7429
3 5629 6725 1690
3 3983 6207 9880
3 4608 4117 31
3 5130 5487 9851
3 1893 5155 5824
3 6075 4431 143
3 4759 1227 150
3 6388 650 2890
3 9284 3512 1893
3 4256 4478 470
3 6399 8611 4163
3 911 1768 7149
3 3009 4683 1406
3 7123 3815 2860
3 2178 7663 1683
3 5619 3461 4461
3 2256 5809 222
3 2594 596 9565
3 1355 5197 7663
3 7696 2178 7122
3 4242 7941 7856
3 2872 6924 2879
3 1143 5047 1514
3 7384 5921 6532
3 996 1952 3538
3 3091 3531 6287
3 4101 7019 5352
3 1193 9392 8219
3 8628 779 5045
3 1784 8219 3680
3 8220 1785 3091
3 7777 5045 2901
3 7910 4904 6346
3 3923 8442 8851
3 9806 779 8417
3 8442 2643 7601
3 8047 2441 2270
3 8851 2837 9206
3 6152 4904 1017
3 9806 4767 5045
3 218 8082 4538
3 6980 928 4576
3 3276 3672 5356
3 103 4445 3610
3 3454 4808 7471
3 3091 9512 5295
3 3465 8941 6261
3 8126 1049 2706
3 5770 5129 6372
3 6255 5949 1856
3 8627 5233 6878
3 8100 7152 1049
3 8008 4996 2841
3 7794 5424 6511
3 2837 2067 1000
3 9164 765 5341
3 66 4823 456
3 5785 6274 6948
3 2341 9749 630
3 9749 3702 6164
3 6275 456 9148
3 4928 7974 557
3 5949 9790 6261
3 6653 262 5024
3 6574 2208 9067
3 4927 6810 613
3 1209 7114 2080
3 7435 2229 976
3 4607 6913 8100
3 9421 2267 3978
3 625 1795 6307
3 8223 8898 5728
3 4743 8046 8961
3 59 3682 4683
3 5002 5913 3800
3 1422 2311 7779
3 2290 1514 3911
3 5312 8805 3837
3 3127 566 5188
3 4633 353 979
3 48 8224 8758
3 3439 2129 3196
3 3815 7123 3100
3 9614 6348 8223
3 4148 7859 4036
3 7598 1349 8224
3 9318 5836 2659
3 176 1177 9903
3 2114 8208 8162
3 1690 2754 8044
3 3995 5742 6325
3 8417 6874 5233
3 2129 8145 9458
3 2256 6958 5809
3 9318 7576 6606
3 9900 9507 7616
3 5744 974 2773
3 5779 2717 8052
3 6606 7576 5535
3 9055 1616 6043
3 3934 5939 2145
3 8110 5939 3934
3 3297 7401 4667
3 3972 8552 9118
3 9280 1435 430
3 2594 5208 3539
3 5510 687 8171
3 8088 3901 5098
3 9299 9129 9753
3 375 7028 6255
3 2640 5876 6058
3 5066 5163 3983
3 7159 4256 470
3 1227 3955 150
3 1621 9787 2635
3 7719 3815 5510
3 3502 911 7149
3 7122 6682 596
3 9880 9837 1939
3 9714 4431 357
3 470 4478 3881
3 479 9697 7727
3 5619 2347 3461
3 5129 4424 5749
3 259 8036 2347
3 456 5913 5002
3 65 5785 8126
3 2706 6253 4822
3 2527 4424 5770
3 357 6253 1049
3 8277 1408 4409
3 9147 6948 6274
3 6075 6058 4431
3 8886 1193 8219
3 3015 767 8277
3 2624 9787 2424
3 2421 1849 4409
3 4996 8008 6980
3 1193 7777 9392
3 8979 396 3142
3 9206 4098 5295
3 5487 2994 9880
3 479 4743 3389
3 280 3923 469
3 6199 7814 56
3 6606 9122 9318
3 3539 596 2594
3 3680 54 4807
3 430 2283 8813
3 6682 9565 596
3 2114 1416 4710
3 430 8813 8016
3 353 1792 8695
3 5188 5200 3492
3 1632 3702 9749
3 5130 5066 2994
3 8695 1792 8866
3 8263 557 9752
3 7779 48 1422
3 2901 54 7777
3 2080 7320 83
3 3173 1892 4859
3 1514 5047 9343
3 968 6964 9343
3 1406 9472 2891
3 4671 5155 8294
3 9208 9813 7744
3 985 2313 1472
3 2267 8294 4944
3 5825 3558 3289
3 660 5812 7759
3 6607 2861 8539
3 985 1472 9752
3 3331 4108 3729
3 1421 5643 1961
3 2311 7265 7779
3 9369 5122 7692
3 5688 7265 2311
3 6577 5013 1144
3 3837 9019 25
3 6576 3627 349
3 5214 881 4232
3 8981 7692 2170
3 5706 4097 7486
3 6532 5921 5047
3 6934 9478 1093
3 349 3627 686
3 6207 4408 1350
3 8673 3995 6325
3 5154 1848 6214
